node_id,node_type,label,provenance,source,source_type,field_name,source_row,characteristic,value,package_context,canonical_configuration_id,record_type,generation_method
PRODUCT_731,Product,731,OBSERVED_731,data/raw/x731_allgemein_Rev24.xlsx,real_configurator_workbook,,,,,,,,
CHAR_5d9f8e2c04366b2e,Characteristic,OrgUnitAreaOfDocument,OBSERVED_731,data/raw/x731_allgemein_Rev24.xlsx,,OrgUnitAreaOfDocument,,,,,,,
CHAR_b28ac3180e553cdc,Characteristic,marke,OBSERVED_731,data/raw/x731_allgemein_Rev24.xlsx,,marke,,,,,,,
CHAR_db666c1930b176b3,Characteristic,packageFixed_dev,OBSERVED_731,data/raw/x731_allgemein_Rev24.xlsx,,packageFixed_dev,,,,,,,
CHAR_69bf39fdd46ac055,Characteristic,installationsart,OBSERVED_731,data/raw/x731_allgemein_Rev24.xlsx,,installationsart,,,,,,,
CHAR_c8e821d556640fb6,Characteristic,devCategory,OBSERVED_731,data/raw/x731_allgemein_Rev24.xlsx,,devCategory,,,,,,,
CHAR_1303c06b0b014d0c,Characteristic,type,OBSERVED_731,data/raw/x731_allgemein_Rev24.xlsx,,type,,,,,,,
CHAR_bd70eb35e7aa71d7,Characteristic,characteristic,OBSERVED_731,data/raw/x731_allgemein_Rev24.xlsx,,characteristic,,,,,,,
CHAR_d005d6c459a8a9f4,Characteristic,housing,OBSERVED_731,data/raw/x731_allgemein_Rev24.xlsx,,housing,,,,,,,
CHAR_e4cb0e4dd68ac771,Characteristic,powerSupply,OBSERVED_731,data/raw/x731_allgemein_Rev24.xlsx,,powerSupply,,,,,,,
CHAR_5fd9ac5fadf173ba,Characteristic,numberOfChannels,OBSERVED_731,data/raw/x731_allgemein_Rev24.xlsx,,numberOfChannels,,,,,,,
CHAR_263cc0d5c59b9181,Characteristic,explosionApproval,OBSERVED_731,data/raw/x731_allgemein_Rev24.xlsx,,explosionApproval,,,,,,,
CHAR_c935032ed38f486c,Characteristic,protectionArea,OBSERVED_731,data/raw/x731_allgemein_Rev24.xlsx,,protectionArea,,,,,,,
CHAR_a41260c5e0184eb5,Characteristic,intrinsicSafety,OBSERVED_731,data/raw/x731_allgemein_Rev24.xlsx,,intrinsicSafety,,,,,,,
CHAR_b00a6c108553e242,Characteristic,certification,OBSERVED_731,data/raw/x731_allgemein_Rev24.xlsx,,certification,,,,,,,
CHAR_2743acf9f9f31d85,Characteristic,dataInterface,OBSERVED_731,data/raw/x731_allgemein_Rev24.xlsx,,dataInterface,,,,,,,
CHAR_e6b825a8f00631c9,Characteristic,stromSchaltbar,OBSERVED_731,data/raw/x731_allgemein_Rev24.xlsx,,stromSchaltbar,,,,,,,
CHAR_ea20af37a43b49c2,Characteristic,stromEingaenge,OBSERVED_731,data/raw/x731_allgemein_Rev24.xlsx,,stromEingaenge,,,,,,,
CHAR_1c2479fe5d4ca3d1,Characteristic,temperaturEingaenge,OBSERVED_731,data/raw/x731_allgemein_Rev24.xlsx,,temperaturEingaenge,,,,,,,
CHAR_1b5c416bdf600de3,Characteristic,steamApplication,OBSERVED_731,data/raw/x731_allgemein_Rev24.xlsx,,steamApplication,,,,,,,
CHAR_f7177e64d56e3ad7,Characteristic,waveInjector,OBSERVED_731,data/raw/x731_allgemein_Rev24.xlsx,,waveInjector,,,,,,,
CHAR_765948744ee85ab2,Characteristic,tagPlate,OBSERVED_731,data/raw/x731_allgemein_Rev24.xlsx,,tagPlate,,,,,,,
CHAR_1beded9c4b2bca21,Characteristic,inclusiveManual,OBSERVED_731,data/raw/x731_allgemein_Rev24.xlsx,,inclusiveManual,,,,,,,
CHAR_ead020de570cb29d,Characteristic,powerCable,OBSERVED_731,data/raw/x731_allgemein_Rev24.xlsx,,powerCable,,,,,,,
CHAR_d043830d01d04691,Characteristic,carryingCase,OBSERVED_731,data/raw/x731_allgemein_Rev24.xlsx,,carryingCase,,,,,,,
CHAR_26cb247bb6ef82ba,Characteristic,measuringTape,OBSERVED_731,data/raw/x731_allgemein_Rev24.xlsx,,measuringTape,,,,,,,
CHAR_1c3d2204797e2794,Characteristic,dev_advMeterVerification,OBSERVED_731,data/raw/x731_allgemein_Rev24.xlsx,,dev_advMeterVerification,,,,,,,
CHAR_caf36d64dfa3538d,Characteristic,dynamicGasMaster,OBSERVED_731,data/raw/x731_allgemein_Rev24.xlsx,,dynamicGasMaster,,,,,,,
CHAR_707b2674c83fa741,Characteristic,customUserFluid,OBSERVED_731,data/raw/x731_allgemein_Rev24.xlsx,,customUserFluid,,,,,,,
RULE_e201f0f8a3908b89,RuleRow,731 rule row 1,OBSERVED_731,data/raw/x731_allgemein_Rev24.xlsx,,,1.0,,,,,,
VAL_e960a3e12805b44f,CharacteristicValue,"in {0, 1, 2, 3}",OBSERVED_731,data/raw/x731_allgemein_Rev24.xlsx,,,,OrgUnitAreaOfDocument,"in {0, 1, 2, 3}",,,,
VAL_3c1402392fdf9063,CharacteristicValue,'flexim',OBSERVED_731,data/raw/x731_allgemein_Rev24.xlsx,,,,marke,'flexim',,,,
VAL_72d9bd3f30e49bd0,CharacteristicValue,"in {NOVALUE, 'x731'}",OBSERVED_731,data/raw/x731_allgemein_Rev24.xlsx,,,,packageFixed_dev,"in {NOVALUE, 'x731'}",,,,
FAMILY_8177acd68c91a9c4,ConfigurationFamily,"in {NOVALUE, 'x731'}",OBSERVED_731,data/raw/x731_allgemein_Rev24.xlsx,,,,,,"in {NOVALUE, 'x731'}",,,
VAL_d9a9ed7deb43abb4,CharacteristicValue,'stationaer',OBSERVED_731,data/raw/x731_allgemein_Rev24.xlsx,,,,installationsart,'stationaer',,,,
VAL_a18211ef12f115d6,CharacteristicValue,'F',OBSERVED_731,data/raw/x731_allgemein_Rev24.xlsx,,,,devCategory,'F',,,,
VAL_d63a7323926a1147,CharacteristicValue,'731',OBSERVED_731,data/raw/x731_allgemein_Rev24.xlsx,,,,type,'731',,,,
VAL_d00a50e0a7516c7a,CharacteristicValue,'GP',OBSERVED_731,data/raw/x731_allgemein_Rev24.xlsx,,,,characteristic,'GP',,,,
VAL_faa9d8774782e75a,CharacteristicValue,"in {'ST', 'AL'}",OBSERVED_731,data/raw/x731_allgemein_Rev24.xlsx,,,,housing,"in {'ST', 'AL'}",,,,
VAL_6852a7db852ad36a,CharacteristicValue,"in {'1', '4'}",OBSERVED_731,data/raw/x731_allgemein_Rev24.xlsx,,,,powerSupply,"in {'1', '4'}",,,,
VAL_18f7bcd5389f8b4d,CharacteristicValue,"in {1, 2}",OBSERVED_731,data/raw/x731_allgemein_Rev24.xlsx,,,,numberOfChannels,"in {1, 2}",,,,
VAL_43d4ee4dc051670b,CharacteristicValue,'N',OBSERVED_731,data/raw/x731_allgemein_Rev24.xlsx,,,,explosionApproval,'N',,,,
VAL_479efaebf64c1e73,CharacteristicValue,'N',OBSERVED_731,data/raw/x731_allgemein_Rev24.xlsx,,,,protectionArea,'N',,,,
VAL_4aa6177c23e4da3c,CharacteristicValue,'N',OBSERVED_731,data/raw/x731_allgemein_Rev24.xlsx,,,,intrinsicSafety,'N',,,,
VAL_14b7a2fc061f4506,CharacteristicValue,"in {'NN', 'WN', 'FN'}",OBSERVED_731,data/raw/x731_allgemein_Rev24.xlsx,,,,certification,"in {'NN', 'WN', 'FN'}",,,,
VAL_bbb8d08f2c39b7d8,CharacteristicValue,"in {'NN', 'MT', 'BT'}",OBSERVED_731,data/raw/x731_allgemein_Rev24.xlsx,,,,dataInterface,"in {'NN', 'MT', 'BT'}",,,,
VAL_d7c92cb205b8cac0,CharacteristicValue,"in {NOVALUE, 'CS1', 'CS2', 'CS3', 'CS4'}",OBSERVED_731,data/raw/x731_allgemein_Rev24.xlsx,,,,stromSchaltbar,"in {NOVALUE, 'CS1', 'CS2', 'CS3', 'CS4'}",,,,
VAL_b5806f5cd68764d8,CharacteristicValue,NOVALUE,OBSERVED_731,data/raw/x731_allgemein_Rev24.xlsx,,,,stromEingaenge,NOVALUE,,,,
VAL_ae2d2fb4c6b7dfd1,CharacteristicValue,"in {NOVALUE, 'TT1', 'TT2'}",OBSERVED_731,data/raw/x731_allgemein_Rev24.xlsx,,,,temperaturEingaenge,"in {NOVALUE, 'TT1', 'TT2'}",,,,
VAL_50b6289cde98dc49,CharacteristicValue,NOVALUE,OBSERVED_731,data/raw/x731_allgemein_Rev24.xlsx,,,,steamApplication,NOVALUE,,,,
VAL_c5ff5c75f35a3e2d,CharacteristicValue,"in {'FWI', 'FWY', NOVALUE}",OBSERVED_731,data/raw/x731_allgemein_Rev24.xlsx,,,,waveInjector,"in {'FWI', 'FWY', NOVALUE}",,,,
VAL_2676bd8840266aad,CharacteristicValue,"in {NOVALUE, 1}",OBSERVED_731,data/raw/x731_allgemein_Rev24.xlsx,,,,tagPlate,"in {NOVALUE, 1}",,,,
VAL_386cbad7dcf5b735,CharacteristicValue,'QI',OBSERVED_731,data/raw/x731_allgemein_Rev24.xlsx,,,,inclusiveManual,'QI',,,,
VAL_d723eea6e08b5602,CharacteristicValue,NOVALUE,OBSERVED_731,data/raw/x731_allgemein_Rev24.xlsx,,,,powerCable,NOVALUE,,,,
VAL_7af1c2f312e7c10e,CharacteristicValue,NOVALUE,OBSERVED_731,data/raw/x731_allgemein_Rev24.xlsx,,,,carryingCase,NOVALUE,,,,
VAL_aa1b68c72a179664,CharacteristicValue,NOVALUE,OBSERVED_731,data/raw/x731_allgemein_Rev24.xlsx,,,,measuringTape,NOVALUE,,,,
VAL_b47009407cab993d,CharacteristicValue,"in {NOVALUE, 1}",OBSERVED_731,data/raw/x731_allgemein_Rev24.xlsx,,,,dev_advMeterVerification,"in {NOVALUE, 1}",,,,
VAL_5713f5cb5b195172,CharacteristicValue,NOVALUE,OBSERVED_731,data/raw/x731_allgemein_Rev24.xlsx,,,,dynamicGasMaster,NOVALUE,,,,
VAL_a86d399e188281bb,CharacteristicValue,"in {NOVALUE, 1}",OBSERVED_731,data/raw/x731_allgemein_Rev24.xlsx,,,,customUserFluid,"in {NOVALUE, 1}",,,,
RULE_07f5fa1362dd29c3,RuleRow,731 rule row 2,OBSERVED_731,data/raw/x731_allgemein_Rev24.xlsx,,,2.0,,,,,,
VAL_7cbd0f7feb9a6b1a,CharacteristicValue,"in {NOVALUE, 'CS1', 'CS2', 'CS3'}",OBSERVED_731,data/raw/x731_allgemein_Rev24.xlsx,,,,stromSchaltbar,"in {NOVALUE, 'CS1', 'CS2', 'CS3'}",,,,
VAL_84a1499ae74bed81,CharacteristicValue,"in {NOVALUE, 'TT1', 'TT2', 'TT3', 'TT4'}",OBSERVED_731,data/raw/x731_allgemein_Rev24.xlsx,,,,temperaturEingaenge,"in {NOVALUE, 'TT1', 'TT2', 'TT3', 'TT4'}",,,,
RULE_f6eb96a8b815dede,RuleRow,731 rule row 3,OBSERVED_731,data/raw/x731_allgemein_Rev24.xlsx,,,3.0,,,,,,
VAL_f2e29e78c68067ad,CharacteristicValue,"in {NOVALUE, 'IS1'}",OBSERVED_731,data/raw/x731_allgemein_Rev24.xlsx,,,,stromEingaenge,"in {NOVALUE, 'IS1'}",,,,
VAL_bfeb933687d59d6f,CharacteristicValue,"in {NOVALUE, 'TT1', 'TT2', 'TT3'}",OBSERVED_731,data/raw/x731_allgemein_Rev24.xlsx,,,,temperaturEingaenge,"in {NOVALUE, 'TT1', 'TT2', 'TT3'}",,,,
RULE_adb4b563c02dcec9,RuleRow,731 rule row 4,OBSERVED_731,data/raw/x731_allgemein_Rev24.xlsx,,,4.0,,,,,,
VAL_8e34b89acb28f532,CharacteristicValue,"in {NOVALUE, 'CS1', 'CS2'}",OBSERVED_731,data/raw/x731_allgemein_Rev24.xlsx,,,,stromSchaltbar,"in {NOVALUE, 'CS1', 'CS2'}",,,,
VAL_e43ccf44c461a1a4,CharacteristicValue,"in {NOVALUE, 'IS1', 'IS2'}",OBSERVED_731,data/raw/x731_allgemein_Rev24.xlsx,,,,stromEingaenge,"in {NOVALUE, 'IS1', 'IS2'}",,,,
RULE_36a25f42ec9ee42a,RuleRow,731 rule row 5,OBSERVED_731,data/raw/x731_allgemein_Rev24.xlsx,,,5.0,,,,,,
VAL_a5808fe3111f526a,CharacteristicValue,"in {NOVALUE, 'CS1'}",OBSERVED_731,data/raw/x731_allgemein_Rev24.xlsx,,,,stromSchaltbar,"in {NOVALUE, 'CS1'}",,,,
VAL_981b361e794a7637,CharacteristicValue,"in {NOVALUE, 'IS1', 'IS2', 'IS3'}",OBSERVED_731,data/raw/x731_allgemein_Rev24.xlsx,,,,stromEingaenge,"in {NOVALUE, 'IS1', 'IS2', 'IS3'}",,,,
VAL_83326cd4486d951a,CharacteristicValue,"in {NOVALUE, 'TT1'}",OBSERVED_731,data/raw/x731_allgemein_Rev24.xlsx,,,,temperaturEingaenge,"in {NOVALUE, 'TT1'}",,,,
RULE_0bbcd4db09e8622d,RuleRow,731 rule row 6,OBSERVED_731,data/raw/x731_allgemein_Rev24.xlsx,,,6.0,,,,,,
VAL_59ec0d71241669aa,CharacteristicValue,NOVALUE,OBSERVED_731,data/raw/x731_allgemein_Rev24.xlsx,,,,stromSchaltbar,NOVALUE,,,,
VAL_4edbffe8fbad56b5,CharacteristicValue,"in {NOVALUE, 'IS1', 'IS2', 'IS3', 'IS4'}",OBSERVED_731,data/raw/x731_allgemein_Rev24.xlsx,,,,stromEingaenge,"in {NOVALUE, 'IS1', 'IS2', 'IS3', 'IS4'}",,,,
VAL_290929ba491e0acc,CharacteristicValue,NOVALUE,OBSERVED_731,data/raw/x731_allgemein_Rev24.xlsx,,,,temperaturEingaenge,NOVALUE,,,,
RULE_7686b49edb867620,RuleRow,731 rule row 7,OBSERVED_731,data/raw/x731_allgemein_Rev24.xlsx,,,7.0,,,,,,
VAL_d4c12ae9b0ad8000,CharacteristicValue,"in {'NN', 'PA', 'MR', 'FF', 'DB', 'BM'}",OBSERVED_731,data/raw/x731_allgemein_Rev24.xlsx,,,,dataInterface,"in {'NN', 'PA', 'MR', 'FF', 'DB', 'BM'}",,,,
RULE_3c5aa8fbd1807cf7,RuleRow,731 rule row 8,OBSERVED_731,data/raw/x731_allgemein_Rev24.xlsx,,,8.0,,,,,,
RULE_4283fe0057719e2a,RuleRow,731 rule row 9,OBSERVED_731,data/raw/x731_allgemein_Rev24.xlsx,,,9.0,,,,,,
RULE_f79de2c7640989cc,RuleRow,731 rule row 10,OBSERVED_731,data/raw/x731_allgemein_Rev24.xlsx,,,10.0,,,,,,
RULE_8fbb0aee7a2cc147,RuleRow,731 rule row 11,OBSERVED_731,data/raw/x731_allgemein_Rev24.xlsx,,,11.0,,,,,,
RULE_d525f9723d10455d,RuleRow,731 rule row 12,OBSERVED_731,data/raw/x731_allgemein_Rev24.xlsx,,,12.0,,,,,,
RULE_470667fae8cad109,RuleRow,731 rule row 13,OBSERVED_731,data/raw/x731_allgemein_Rev24.xlsx,,,13.0,,,,,,
RULE_bf37e08b9501243c,RuleRow,731 rule row 14,OBSERVED_731,data/raw/x731_allgemein_Rev24.xlsx,,,14.0,,,,,,
RULE_bd35f8604f4599ed,RuleRow,731 rule row 15,OBSERVED_731,data/raw/x731_allgemein_Rev24.xlsx,,,15.0,,,,,,
VAL_250b1cd84d80059e,CharacteristicValue,'HS',OBSERVED_731,data/raw/x731_allgemein_Rev24.xlsx,,,,dataInterface,'HS',,,,
RULE_c427c23ea5bb2399,RuleRow,731 rule row 16,OBSERVED_731,data/raw/x731_allgemein_Rev24.xlsx,,,16.0,,,,,,
RULE_bac5c9742eaf4fec,RuleRow,731 rule row 17,OBSERVED_731,data/raw/x731_allgemein_Rev24.xlsx,,,17.0,,,,,,
RULE_6fb46c80a03359b2,RuleRow,731 rule row 18,OBSERVED_731,data/raw/x731_allgemein_Rev24.xlsx,,,18.0,,,,,,
RULE_e697d90208e12f92,RuleRow,731 rule row 19,OBSERVED_731,data/raw/x731_allgemein_Rev24.xlsx,,,19.0,,,,,,
RULE_5723bd708e410aa2,RuleRow,731 rule row 20,OBSERVED_731,data/raw/x731_allgemein_Rev24.xlsx,,,20.0,,,,,,
RULE_254b68bbc5001e1e,RuleRow,731 rule row 21,OBSERVED_731,data/raw/x731_allgemein_Rev24.xlsx,,,21.0,,,,,,
RULE_8d4cc8f164c609d6,RuleRow,731 rule row 22,OBSERVED_731,data/raw/x731_allgemein_Rev24.xlsx,,,22.0,,,,,,
RULE_521920bf32f9435d,RuleRow,731 rule row 23,OBSERVED_731,data/raw/x731_allgemein_Rev24.xlsx,,,23.0,,,,,,
RULE_a1fc137837300103,RuleRow,731 rule row 24,OBSERVED_731,data/raw/x731_allgemein_Rev24.xlsx,,,24.0,,,,,,
RULE_2052dd7fd18822e5,RuleRow,731 rule row 25,OBSERVED_731,data/raw/x731_allgemein_Rev24.xlsx,,,25.0,,,,,,
RULE_a77d4f57222e9eb2,RuleRow,731 rule row 26,OBSERVED_731,data/raw/x731_allgemein_Rev24.xlsx,,,26.0,,,,,,
RULE_f95775e4bcbc7b61,RuleRow,731 rule row 27,OBSERVED_731,data/raw/x731_allgemein_Rev24.xlsx,,,27.0,,,,,,
RULE_3ddf5c3ca3cac505,RuleRow,731 rule row 28,OBSERVED_731,data/raw/x731_allgemein_Rev24.xlsx,,,28.0,,,,,,
RULE_36540157d48d66b7,RuleRow,731 rule row 29,OBSERVED_731,data/raw/x731_allgemein_Rev24.xlsx,,,29.0,,,,,,
RULE_56a81b85c97fe9fb,RuleRow,731 rule row 30,OBSERVED_731,data/raw/x731_allgemein_Rev24.xlsx,,,30.0,,,,,,
RULE_167ae251b5f512cc,RuleRow,731 rule row 31,OBSERVED_731,data/raw/x731_allgemein_Rev24.xlsx,,,31.0,,,,,,
RULE_825d260ebf0e2980,RuleRow,731 rule row 32,OBSERVED_731,data/raw/x731_allgemein_Rev24.xlsx,,,32.0,,,,,,
RULE_ac346cde06c8efcd,RuleRow,731 rule row 33,OBSERVED_731,data/raw/x731_allgemein_Rev24.xlsx,,,33.0,,,,,,
RULE_bb6b00d84c43b86b,RuleRow,731 rule row 34,OBSERVED_731,data/raw/x731_allgemein_Rev24.xlsx,,,34.0,,,,,,
RULE_ec80c0f86f25f8a4,RuleRow,731 rule row 35,OBSERVED_731,data/raw/x731_allgemein_Rev24.xlsx,,,35.0,,,,,,
RULE_ae036d6582ef0d14,RuleRow,731 rule row 36,OBSERVED_731,data/raw/x731_allgemein_Rev24.xlsx,,,36.0,,,,,,
RULE_da3ffce813965ca4,RuleRow,731 rule row 37,OBSERVED_731,data/raw/x731_allgemein_Rev24.xlsx,,,37.0,,,,,,
RULE_c204e720d9f08f99,RuleRow,731 rule row 38,OBSERVED_731,data/raw/x731_allgemein_Rev24.xlsx,,,38.0,,,,,,
RULE_36e2a7a3905eada4,RuleRow,731 rule row 39,OBSERVED_731,data/raw/x731_allgemein_Rev24.xlsx,,,39.0,,,,,,
VAL_824e6046fcf5d08f,CharacteristicValue,"in {'A', 'E', 'P', 'J', 'S'}",OBSERVED_731,data/raw/x731_allgemein_Rev24.xlsx,,,,explosionApproval,"in {'A', 'E', 'P', 'J', 'S'}",,,,
VAL_a77089f4d4c4272e,CharacteristicValue,'2',OBSERVED_731,data/raw/x731_allgemein_Rev24.xlsx,,,,protectionArea,'2',,,,
VAL_5d2d6bdbab7fe78d,CharacteristicValue,"in {'NN', 'WN'}",OBSERVED_731,data/raw/x731_allgemein_Rev24.xlsx,,,,certification,"in {'NN', 'WN'}",,,,
VAL_f577e7dc71dc4bf9,CharacteristicValue,'NN',OBSERVED_731,data/raw/x731_allgemein_Rev24.xlsx,,,,dataInterface,'NN',,,,
RULE_f15053dbe6564ef3,RuleRow,731 rule row 40,OBSERVED_731,data/raw/x731_allgemein_Rev24.xlsx,,,40.0,,,,,,
RULE_dc3fbc0e112277b0,RuleRow,731 rule row 41,OBSERVED_731,data/raw/x731_allgemein_Rev24.xlsx,,,41.0,,,,,,
RULE_c305d30b461050e8,RuleRow,731 rule row 42,OBSERVED_731,data/raw/x731_allgemein_Rev24.xlsx,,,42.0,,,,,,
RULE_644f1f276f2e3949,RuleRow,731 rule row 43,OBSERVED_731,data/raw/x731_allgemein_Rev24.xlsx,,,43.0,,,,,,
RULE_5eb5383a2cd8fc11,RuleRow,731 rule row 44,OBSERVED_731,data/raw/x731_allgemein_Rev24.xlsx,,,44.0,,,,,,
RULE_a8c118659ebcad7e,RuleRow,731 rule row 45,OBSERVED_731,data/raw/x731_allgemein_Rev24.xlsx,,,45.0,,,,,,
VAL_a425803f41f4bb7e,CharacteristicValue,"in {'NN', 'PA', 'MR', 'FF', 'BM'}",OBSERVED_731,data/raw/x731_allgemein_Rev24.xlsx,,,,dataInterface,"in {'NN', 'PA', 'MR', 'FF', 'BM'}",,,,
RULE_108e7909a9e1a8bf,RuleRow,731 rule row 46,OBSERVED_731,data/raw/x731_allgemein_Rev24.xlsx,,,46.0,,,,,,
RULE_66e35798a8de975b,RuleRow,731 rule row 47,OBSERVED_731,data/raw/x731_allgemein_Rev24.xlsx,,,47.0,,,,,,
RULE_8f083a4cbf09c9e7,RuleRow,731 rule row 48,OBSERVED_731,data/raw/x731_allgemein_Rev24.xlsx,,,48.0,,,,,,
RULE_98c1d4204cdb8144,RuleRow,731 rule row 49,OBSERVED_731,data/raw/x731_allgemein_Rev24.xlsx,,,49.0,,,,,,
RULE_90ad20823b949609,RuleRow,731 rule row 50,OBSERVED_731,data/raw/x731_allgemein_Rev24.xlsx,,,50.0,,,,,,
RULE_4699a946dc8cb9c4,RuleRow,731 rule row 51,OBSERVED_731,data/raw/x731_allgemein_Rev24.xlsx,,,51.0,,,,,,
RULE_33cdffe1ac3b812b,RuleRow,731 rule row 52,OBSERVED_731,data/raw/x731_allgemein_Rev24.xlsx,,,52.0,,,,,,
RULE_72792e5f4f0a9b90,RuleRow,731 rule row 53,OBSERVED_731,data/raw/x731_allgemein_Rev24.xlsx,,,53.0,,,,,,
RULE_27765f8221e863ac,RuleRow,731 rule row 54,OBSERVED_731,data/raw/x731_allgemein_Rev24.xlsx,,,54.0,,,,,,
RULE_04ee00a11135b496,RuleRow,731 rule row 55,OBSERVED_731,data/raw/x731_allgemein_Rev24.xlsx,,,55.0,,,,,,
RULE_474fbdd4d7e4eec3,RuleRow,731 rule row 56,OBSERVED_731,data/raw/x731_allgemein_Rev24.xlsx,,,56.0,,,,,,
RULE_cd9e1980cba42055,RuleRow,731 rule row 57,OBSERVED_731,data/raw/x731_allgemein_Rev24.xlsx,,,57.0,,,,,,
RULE_46b1aa6a8b24661d,RuleRow,731 rule row 58,OBSERVED_731,data/raw/x731_allgemein_Rev24.xlsx,,,58.0,,,,,,
RULE_884610c75beab46e,RuleRow,731 rule row 59,OBSERVED_731,data/raw/x731_allgemein_Rev24.xlsx,,,59.0,,,,,,
RULE_e45a9236d834a29f,RuleRow,731 rule row 60,OBSERVED_731,data/raw/x731_allgemein_Rev24.xlsx,,,60.0,,,,,,
RULE_b4e100599dbd9c2f,RuleRow,731 rule row 61,OBSERVED_731,data/raw/x731_allgemein_Rev24.xlsx,,,61.0,,,,,,
RULE_d239fdd46b1cec9e,RuleRow,731 rule row 62,OBSERVED_731,data/raw/x731_allgemein_Rev24.xlsx,,,62.0,,,,,,
RULE_4daec1eba7dc61fc,RuleRow,731 rule row 63,OBSERVED_731,data/raw/x731_allgemein_Rev24.xlsx,,,63.0,,,,,,
RULE_3bd1a13ebb6b0b94,RuleRow,731 rule row 64,OBSERVED_731,data/raw/x731_allgemein_Rev24.xlsx,,,64.0,,,,,,
RULE_7d5f83547f547b82,RuleRow,731 rule row 65,OBSERVED_731,data/raw/x731_allgemein_Rev24.xlsx,,,65.0,,,,,,
RULE_ddbafc0a0f52a27e,RuleRow,731 rule row 66,OBSERVED_731,data/raw/x731_allgemein_Rev24.xlsx,,,66.0,,,,,,
RULE_a2b210b0362a6712,RuleRow,731 rule row 67,OBSERVED_731,data/raw/x731_allgemein_Rev24.xlsx,,,67.0,,,,,,
RULE_485995109faf9ea4,RuleRow,731 rule row 68,OBSERVED_731,data/raw/x731_allgemein_Rev24.xlsx,,,68.0,,,,,,
RULE_76a02a6e112fbeab,RuleRow,731 rule row 69,OBSERVED_731,data/raw/x731_allgemein_Rev24.xlsx,,,69.0,,,,,,
RULE_eeebf9225d4532e5,RuleRow,731 rule row 70,OBSERVED_731,data/raw/x731_allgemein_Rev24.xlsx,,,70.0,,,,,,
RULE_a742b926bb9ed478,RuleRow,731 rule row 71,OBSERVED_731,data/raw/x731_allgemein_Rev24.xlsx,,,71.0,,,,,,
RULE_94c1f53a875c31e9,RuleRow,731 rule row 72,OBSERVED_731,data/raw/x731_allgemein_Rev24.xlsx,,,72.0,,,,,,
RULE_0e13270ba885d937,RuleRow,731 rule row 73,OBSERVED_731,data/raw/x731_allgemein_Rev24.xlsx,,,73.0,,,,,,
RULE_5a3081cdc7c08106,RuleRow,731 rule row 74,OBSERVED_731,data/raw/x731_allgemein_Rev24.xlsx,,,74.0,,,,,,
RULE_e685db2d53beae06,RuleRow,731 rule row 75,OBSERVED_731,data/raw/x731_allgemein_Rev24.xlsx,,,75.0,,,,,,
RULE_f70fe2c82d06d1c6,RuleRow,731 rule row 76,OBSERVED_731,data/raw/x731_allgemein_Rev24.xlsx,,,76.0,,,,,,
RULE_233905f4c80b7572,RuleRow,731 rule row 77,OBSERVED_731,data/raw/x731_allgemein_Rev24.xlsx,,,77.0,,,,,,
VAL_e1e60f15d0cfbbac,CharacteristicValue,'G',OBSERVED_731,data/raw/x731_allgemein_Rev24.xlsx,,,,devCategory,'G',,,,
VAL_f8d0fe49c60cefc3,CharacteristicValue,"in {NOVALUE, 1}",OBSERVED_731,data/raw/x731_allgemein_Rev24.xlsx,,,,dynamicGasMaster,"in {NOVALUE, 1}",,,,
RULE_2b741af7ad54ce4b,RuleRow,731 rule row 78,OBSERVED_731,data/raw/x731_allgemein_Rev24.xlsx,,,78.0,,,,,,
RULE_6aab48d6ece5b6e3,RuleRow,731 rule row 79,OBSERVED_731,data/raw/x731_allgemein_Rev24.xlsx,,,79.0,,,,,,
RULE_19e0f748920de8ac,RuleRow,731 rule row 80,OBSERVED_731,data/raw/x731_allgemein_Rev24.xlsx,,,80.0,,,,,,
RULE_03f60f06af7936dc,RuleRow,731 rule row 81,OBSERVED_731,data/raw/x731_allgemein_Rev24.xlsx,,,81.0,,,,,,
RULE_ad4bb008dd41e41a,RuleRow,731 rule row 82,OBSERVED_731,data/raw/x731_allgemein_Rev24.xlsx,,,82.0,,,,,,
RULE_f4b535b15e373303,RuleRow,731 rule row 83,OBSERVED_731,data/raw/x731_allgemein_Rev24.xlsx,,,83.0,,,,,,
RULE_bed635a5a7bf2609,RuleRow,731 rule row 84,OBSERVED_731,data/raw/x731_allgemein_Rev24.xlsx,,,84.0,,,,,,
RULE_fbeb6ada6b95f7d4,RuleRow,731 rule row 85,OBSERVED_731,data/raw/x731_allgemein_Rev24.xlsx,,,85.0,,,,,,
RULE_9b10ebe2a1bf1f8f,RuleRow,731 rule row 86,OBSERVED_731,data/raw/x731_allgemein_Rev24.xlsx,,,86.0,,,,,,
RULE_2885d4f2f2799127,RuleRow,731 rule row 87,OBSERVED_731,data/raw/x731_allgemein_Rev24.xlsx,,,87.0,,,,,,
RULE_10e6ee38919d79a1,RuleRow,731 rule row 88,OBSERVED_731,data/raw/x731_allgemein_Rev24.xlsx,,,88.0,,,,,,
RULE_447a2bc84ca89314,RuleRow,731 rule row 89,OBSERVED_731,data/raw/x731_allgemein_Rev24.xlsx,,,89.0,,,,,,
RULE_dc4efe7309776e4b,RuleRow,731 rule row 90,OBSERVED_731,data/raw/x731_allgemein_Rev24.xlsx,,,90.0,,,,,,
RULE_b01e51dfb0ed2982,RuleRow,731 rule row 91,OBSERVED_731,data/raw/x731_allgemein_Rev24.xlsx,,,91.0,,,,,,
RULE_69de3d2160073382,RuleRow,731 rule row 92,OBSERVED_731,data/raw/x731_allgemein_Rev24.xlsx,,,92.0,,,,,,
RULE_b090a22f485ce710,RuleRow,731 rule row 93,OBSERVED_731,data/raw/x731_allgemein_Rev24.xlsx,,,93.0,,,,,,
RULE_80e6605fe3814cfd,RuleRow,731 rule row 94,OBSERVED_731,data/raw/x731_allgemein_Rev24.xlsx,,,94.0,,,,,,
RULE_b578f700fd71ef2f,RuleRow,731 rule row 95,OBSERVED_731,data/raw/x731_allgemein_Rev24.xlsx,,,95.0,,,,,,
RULE_15f1fc83660bb369,RuleRow,731 rule row 96,OBSERVED_731,data/raw/x731_allgemein_Rev24.xlsx,,,96.0,,,,,,
RULE_1f1daf76f34ac001,RuleRow,731 rule row 97,OBSERVED_731,data/raw/x731_allgemein_Rev24.xlsx,,,97.0,,,,,,
RULE_27cf7abbc4eb0da9,RuleRow,731 rule row 98,OBSERVED_731,data/raw/x731_allgemein_Rev24.xlsx,,,98.0,,,,,,
RULE_897836c9a2bfad9a,RuleRow,731 rule row 99,OBSERVED_731,data/raw/x731_allgemein_Rev24.xlsx,,,99.0,,,,,,
RULE_6195f1bff23759ea,RuleRow,731 rule row 100,OBSERVED_731,data/raw/x731_allgemein_Rev24.xlsx,,,100.0,,,,,,
RULE_1eccfe617d8e66a6,RuleRow,731 rule row 101,OBSERVED_731,data/raw/x731_allgemein_Rev24.xlsx,,,101.0,,,,,,
RULE_ed823123aecddf13,RuleRow,731 rule row 102,OBSERVED_731,data/raw/x731_allgemein_Rev24.xlsx,,,102.0,,,,,,
RULE_45179449ae892bea,RuleRow,731 rule row 103,OBSERVED_731,data/raw/x731_allgemein_Rev24.xlsx,,,103.0,,,,,,
RULE_4aa1ff842dfcc3b1,RuleRow,731 rule row 104,OBSERVED_731,data/raw/x731_allgemein_Rev24.xlsx,,,104.0,,,,,,
RULE_67e910d1b3a1baa7,RuleRow,731 rule row 105,OBSERVED_731,data/raw/x731_allgemein_Rev24.xlsx,,,105.0,,,,,,
RULE_7c955db9e95afb40,RuleRow,731 rule row 106,OBSERVED_731,data/raw/x731_allgemein_Rev24.xlsx,,,106.0,,,,,,
RULE_5515fbefccfdc75b,RuleRow,731 rule row 107,OBSERVED_731,data/raw/x731_allgemein_Rev24.xlsx,,,107.0,,,,,,
RULE_2d09bed60667783f,RuleRow,731 rule row 108,OBSERVED_731,data/raw/x731_allgemein_Rev24.xlsx,,,108.0,,,,,,
RULE_fba8929e12dac097,RuleRow,731 rule row 109,OBSERVED_731,data/raw/x731_allgemein_Rev24.xlsx,,,109.0,,,,,,
RULE_e444d0e65d70c7c8,RuleRow,731 rule row 110,OBSERVED_731,data/raw/x731_allgemein_Rev24.xlsx,,,110.0,,,,,,
RULE_d5205a5c865d8609,RuleRow,731 rule row 111,OBSERVED_731,data/raw/x731_allgemein_Rev24.xlsx,,,111.0,,,,,,
RULE_462dce660b488d4f,RuleRow,731 rule row 112,OBSERVED_731,data/raw/x731_allgemein_Rev24.xlsx,,,112.0,,,,,,
RULE_680023567a5665b7,RuleRow,731 rule row 113,OBSERVED_731,data/raw/x731_allgemein_Rev24.xlsx,,,113.0,,,,,,
RULE_aa7826f2c17be94b,RuleRow,731 rule row 114,OBSERVED_731,data/raw/x731_allgemein_Rev24.xlsx,,,114.0,,,,,,
RULE_357534278ee8a7c8,RuleRow,731 rule row 115,OBSERVED_731,data/raw/x731_allgemein_Rev24.xlsx,,,115.0,,,,,,
RULE_33ceec42e9484bd9,RuleRow,731 rule row 116,OBSERVED_731,data/raw/x731_allgemein_Rev24.xlsx,,,116.0,,,,,,
RULE_a3c17fb542329024,RuleRow,731 rule row 117,OBSERVED_731,data/raw/x731_allgemein_Rev24.xlsx,,,117.0,,,,,,
RULE_0065af4bf84048cf,RuleRow,731 rule row 118,OBSERVED_731,data/raw/x731_allgemein_Rev24.xlsx,,,118.0,,,,,,
RULE_40104ba4b7824401,RuleRow,731 rule row 119,OBSERVED_731,data/raw/x731_allgemein_Rev24.xlsx,,,119.0,,,,,,
RULE_03226cc4cb5f275f,RuleRow,731 rule row 120,OBSERVED_731,data/raw/x731_allgemein_Rev24.xlsx,,,120.0,,,,,,
RULE_dc7b6313911bf0fe,RuleRow,731 rule row 121,OBSERVED_731,data/raw/x731_allgemein_Rev24.xlsx,,,121.0,,,,,,
RULE_f518655580ad9297,RuleRow,731 rule row 122,OBSERVED_731,data/raw/x731_allgemein_Rev24.xlsx,,,122.0,,,,,,
RULE_59985c630812ca7f,RuleRow,731 rule row 123,OBSERVED_731,data/raw/x731_allgemein_Rev24.xlsx,,,123.0,,,,,,
RULE_c016d16d22b126d6,RuleRow,731 rule row 124,OBSERVED_731,data/raw/x731_allgemein_Rev24.xlsx,,,124.0,,,,,,
RULE_7e02efcb82bb394f,RuleRow,731 rule row 125,OBSERVED_731,data/raw/x731_allgemein_Rev24.xlsx,,,125.0,,,,,,
RULE_6243921723a1fccb,RuleRow,731 rule row 126,OBSERVED_731,data/raw/x731_allgemein_Rev24.xlsx,,,126.0,,,,,,
RULE_68ab11d8a4e71edd,RuleRow,731 rule row 127,OBSERVED_731,data/raw/x731_allgemein_Rev24.xlsx,,,127.0,,,,,,
RULE_3ab73462fc6fd530,RuleRow,731 rule row 128,OBSERVED_731,data/raw/x731_allgemein_Rev24.xlsx,,,128.0,,,,,,
RULE_e7d6a0ed895438ec,RuleRow,731 rule row 129,OBSERVED_731,data/raw/x731_allgemein_Rev24.xlsx,,,129.0,,,,,,
RULE_c8a3af2838d43d1a,RuleRow,731 rule row 130,OBSERVED_731,data/raw/x731_allgemein_Rev24.xlsx,,,130.0,,,,,,
RULE_23213d232f47da2c,RuleRow,731 rule row 131,OBSERVED_731,data/raw/x731_allgemein_Rev24.xlsx,,,131.0,,,,,,
RULE_1a417d77869ef149,RuleRow,731 rule row 132,OBSERVED_731,data/raw/x731_allgemein_Rev24.xlsx,,,132.0,,,,,,
RULE_b3b550b88e27ee69,RuleRow,731 rule row 133,OBSERVED_731,data/raw/x731_allgemein_Rev24.xlsx,,,133.0,,,,,,
RULE_9dc86a996b0dc577,RuleRow,731 rule row 134,OBSERVED_731,data/raw/x731_allgemein_Rev24.xlsx,,,134.0,,,,,,
RULE_85bb7d86bcdff5ba,RuleRow,731 rule row 135,OBSERVED_731,data/raw/x731_allgemein_Rev24.xlsx,,,135.0,,,,,,
RULE_278c23757760dd4f,RuleRow,731 rule row 136,OBSERVED_731,data/raw/x731_allgemein_Rev24.xlsx,,,136.0,,,,,,
RULE_aa5c7d9b1e4c436e,RuleRow,731 rule row 137,OBSERVED_731,data/raw/x731_allgemein_Rev24.xlsx,,,137.0,,,,,,
RULE_e5c3d625f556c37d,RuleRow,731 rule row 138,OBSERVED_731,data/raw/x731_allgemein_Rev24.xlsx,,,138.0,,,,,,
RULE_a56eb667de83803a,RuleRow,731 rule row 139,OBSERVED_731,data/raw/x731_allgemein_Rev24.xlsx,,,139.0,,,,,,
RULE_68d006c98ec3d029,RuleRow,731 rule row 140,OBSERVED_731,data/raw/x731_allgemein_Rev24.xlsx,,,140.0,,,,,,
RULE_cb677afcb67c8b0c,RuleRow,731 rule row 141,OBSERVED_731,data/raw/x731_allgemein_Rev24.xlsx,,,141.0,,,,,,
RULE_571d50c0b27904b9,RuleRow,731 rule row 142,OBSERVED_731,data/raw/x731_allgemein_Rev24.xlsx,,,142.0,,,,,,
RULE_d5c8df91e34630fa,RuleRow,731 rule row 143,OBSERVED_731,data/raw/x731_allgemein_Rev24.xlsx,,,143.0,,,,,,
RULE_43f931a0a90d970c,RuleRow,731 rule row 144,OBSERVED_731,data/raw/x731_allgemein_Rev24.xlsx,,,144.0,,,,,,
RULE_ba9b08fe915f90cb,RuleRow,731 rule row 145,OBSERVED_731,data/raw/x731_allgemein_Rev24.xlsx,,,145.0,,,,,,
RULE_772ead90fd9bbf0c,RuleRow,731 rule row 146,OBSERVED_731,data/raw/x731_allgemein_Rev24.xlsx,,,146.0,,,,,,
RULE_82358128369bb7b5,RuleRow,731 rule row 147,OBSERVED_731,data/raw/x731_allgemein_Rev24.xlsx,,,147.0,,,,,,
RULE_aea34dd902eaa716,RuleRow,731 rule row 148,OBSERVED_731,data/raw/x731_allgemein_Rev24.xlsx,,,148.0,,,,,,
RULE_ace2a9b9f50beb2f,RuleRow,731 rule row 149,OBSERVED_731,data/raw/x731_allgemein_Rev24.xlsx,,,149.0,,,,,,
RULE_84b2cdd7738c577a,RuleRow,731 rule row 150,OBSERVED_731,data/raw/x731_allgemein_Rev24.xlsx,,,150.0,,,,,,
RULE_fd6c1416749c1517,RuleRow,731 rule row 151,OBSERVED_731,data/raw/x731_allgemein_Rev24.xlsx,,,151.0,,,,,,
RULE_6b890c951d8f533b,RuleRow,731 rule row 152,OBSERVED_731,data/raw/x731_allgemein_Rev24.xlsx,,,152.0,,,,,,
RULE_a9811d26eba8874f,RuleRow,731 rule row 153,OBSERVED_731,data/raw/x731_allgemein_Rev24.xlsx,,,153.0,,,,,,
VAL_f545a3262cdcd697,CharacteristicValue,'H',OBSERVED_731,data/raw/x731_allgemein_Rev24.xlsx,,,,devCategory,'H',,,,
VAL_262fccf19389b92e,CharacteristicValue,"in {'NN', 'FN'}",OBSERVED_731,data/raw/x731_allgemein_Rev24.xlsx,,,,certification,"in {'NN', 'FN'}",,,,
VAL_284ce5341c8155ee,CharacteristicValue,"in {'NN', 'MT'}",OBSERVED_731,data/raw/x731_allgemein_Rev24.xlsx,,,,dataInterface,"in {'NN', 'MT'}",,,,
VAL_a93ede42b20b2cbe,CharacteristicValue,'IS1',OBSERVED_731,data/raw/x731_allgemein_Rev24.xlsx,,,,stromEingaenge,'IS1',,,,
VAL_1f29edb69c8aec54,CharacteristicValue,"in {'TT1', 'TT2', 'TT3'}",OBSERVED_731,data/raw/x731_allgemein_Rev24.xlsx,,,,temperaturEingaenge,"in {'TT1', 'TT2', 'TT3'}",,,,
VAL_1192cb051897d7c6,CharacteristicValue,NOVALUE,OBSERVED_731,data/raw/x731_allgemein_Rev24.xlsx,,,,dev_advMeterVerification,NOVALUE,,,,
VAL_17761a351a5b42ae,CharacteristicValue,NOVALUE,OBSERVED_731,data/raw/x731_allgemein_Rev24.xlsx,,,,customUserFluid,NOVALUE,,,,
RULE_76893aae402f16e1,RuleRow,731 rule row 154,OBSERVED_731,data/raw/x731_allgemein_Rev24.xlsx,,,154.0,,,,,,
VAL_25757b701740f611,CharacteristicValue,"in {'IS1', 'IS2'}",OBSERVED_731,data/raw/x731_allgemein_Rev24.xlsx,,,,stromEingaenge,"in {'IS1', 'IS2'}",,,,
VAL_4ec443888c86bf7a,CharacteristicValue,"in {'TT1', 'TT2'}",OBSERVED_731,data/raw/x731_allgemein_Rev24.xlsx,,,,temperaturEingaenge,"in {'TT1', 'TT2'}",,,,
RULE_aa061b39399189aa,RuleRow,731 rule row 155,OBSERVED_731,data/raw/x731_allgemein_Rev24.xlsx,,,155.0,,,,,,
VAL_7ff6d895ed365440,CharacteristicValue,"in {'IS1', 'IS2', 'IS3'}",OBSERVED_731,data/raw/x731_allgemein_Rev24.xlsx,,,,stromEingaenge,"in {'IS1', 'IS2', 'IS3'}",,,,
VAL_479e1c187be033e0,CharacteristicValue,'TT1',OBSERVED_731,data/raw/x731_allgemein_Rev24.xlsx,,,,temperaturEingaenge,'TT1',,,,
RULE_42532457ad5f310c,RuleRow,731 rule row 156,OBSERVED_731,data/raw/x731_allgemein_Rev24.xlsx,,,156.0,,,,,,
VAL_3a064d29ca920401,CharacteristicValue,"in {'NN', 'PA', 'MR', 'FF'}",OBSERVED_731,data/raw/x731_allgemein_Rev24.xlsx,,,,dataInterface,"in {'NN', 'PA', 'MR', 'FF'}",,,,
RULE_d7ee65eb1707607d,RuleRow,731 rule row 157,OBSERVED_731,data/raw/x731_allgemein_Rev24.xlsx,,,157.0,,,,,,
RULE_b6bf401c74067292,RuleRow,731 rule row 158,OBSERVED_731,data/raw/x731_allgemein_Rev24.xlsx,,,158.0,,,,,,
RULE_278a508febe0271d,RuleRow,731 rule row 159,OBSERVED_731,data/raw/x731_allgemein_Rev24.xlsx,,,159.0,,,,,,
RULE_ac1dd626145e6120,RuleRow,731 rule row 160,OBSERVED_731,data/raw/x731_allgemein_Rev24.xlsx,,,160.0,,,,,,
RULE_aefa2599750e1329,RuleRow,731 rule row 161,OBSERVED_731,data/raw/x731_allgemein_Rev24.xlsx,,,161.0,,,,,,
RULE_aacae4bab555b65f,RuleRow,731 rule row 162,OBSERVED_731,data/raw/x731_allgemein_Rev24.xlsx,,,162.0,,,,,,
RULE_b2e646990c86abba,RuleRow,731 rule row 163,OBSERVED_731,data/raw/x731_allgemein_Rev24.xlsx,,,163.0,,,,,,
RULE_54dd23a54789b2c2,RuleRow,731 rule row 164,OBSERVED_731,data/raw/x731_allgemein_Rev24.xlsx,,,164.0,,,,,,
RULE_5aef8d24109c3e77,RuleRow,731 rule row 165,OBSERVED_731,data/raw/x731_allgemein_Rev24.xlsx,,,165.0,,,,,,
RULE_30b550e9fc69ed3a,RuleRow,731 rule row 166,OBSERVED_731,data/raw/x731_allgemein_Rev24.xlsx,,,166.0,,,,,,
RULE_a19d1f48c9743bea,RuleRow,731 rule row 167,OBSERVED_731,data/raw/x731_allgemein_Rev24.xlsx,,,167.0,,,,,,
RULE_d21cff27d4bc033a,RuleRow,731 rule row 168,OBSERVED_731,data/raw/x731_allgemein_Rev24.xlsx,,,168.0,,,,,,
RULE_3ebe6ab4d4f995ce,RuleRow,731 rule row 169,OBSERVED_731,data/raw/x731_allgemein_Rev24.xlsx,,,169.0,,,,,,
RULE_3de42e9b3203b996,RuleRow,731 rule row 170,OBSERVED_731,data/raw/x731_allgemein_Rev24.xlsx,,,170.0,,,,,,
RULE_c752ec0b998aa062,RuleRow,731 rule row 171,OBSERVED_731,data/raw/x731_allgemein_Rev24.xlsx,,,171.0,,,,,,
RULE_3ce01df7df3f58be,RuleRow,731 rule row 172,OBSERVED_731,data/raw/x731_allgemein_Rev24.xlsx,,,172.0,,,,,,
RULE_1f2f0380197c92b7,RuleRow,731 rule row 173,OBSERVED_731,data/raw/x731_allgemein_Rev24.xlsx,,,173.0,,,,,,
VAL_89a69e83f7264eb1,CharacteristicValue,'NN',OBSERVED_731,data/raw/x731_allgemein_Rev24.xlsx,,,,certification,'NN',,,,
RULE_acf8e6d83328bf5a,RuleRow,731 rule row 174,OBSERVED_731,data/raw/x731_allgemein_Rev24.xlsx,,,174.0,,,,,,
RULE_3ab80cdcee4a3416,RuleRow,731 rule row 175,OBSERVED_731,data/raw/x731_allgemein_Rev24.xlsx,,,175.0,,,,,,
RULE_ce00c888e51fbc34,RuleRow,731 rule row 176,OBSERVED_731,data/raw/x731_allgemein_Rev24.xlsx,,,176.0,,,,,,
RULE_085fa2f7de6971ba,RuleRow,731 rule row 177,OBSERVED_731,data/raw/x731_allgemein_Rev24.xlsx,,,177.0,,,,,,
RULE_c011de72f7d4cf5d,RuleRow,731 rule row 178,OBSERVED_731,data/raw/x731_allgemein_Rev24.xlsx,,,178.0,,,,,,
RULE_2891438a483f5a63,RuleRow,731 rule row 179,OBSERVED_731,data/raw/x731_allgemein_Rev24.xlsx,,,179.0,,,,,,
RULE_a69ed42c5228a122,RuleRow,731 rule row 180,OBSERVED_731,data/raw/x731_allgemein_Rev24.xlsx,,,180.0,,,,,,
RULE_dfee12f21c9db9b9,RuleRow,731 rule row 181,OBSERVED_731,data/raw/x731_allgemein_Rev24.xlsx,,,181.0,,,,,,
RULE_366ec524dfc76401,RuleRow,731 rule row 182,OBSERVED_731,data/raw/x731_allgemein_Rev24.xlsx,,,182.0,,,,,,
RULE_3af9de583727ce9f,RuleRow,731 rule row 183,OBSERVED_731,data/raw/x731_allgemein_Rev24.xlsx,,,183.0,,,,,,
RULE_f5cf0de3d7821c10,RuleRow,731 rule row 184,OBSERVED_731,data/raw/x731_allgemein_Rev24.xlsx,,,184.0,,,,,,
RULE_1fd4efff9de736f4,RuleRow,731 rule row 185,OBSERVED_731,data/raw/x731_allgemein_Rev24.xlsx,,,185.0,,,,,,
RULE_6f1ec9c35df63397,RuleRow,731 rule row 186,OBSERVED_731,data/raw/x731_allgemein_Rev24.xlsx,,,186.0,,,,,,
RULE_11e359fdee75a04d,RuleRow,731 rule row 187,OBSERVED_731,data/raw/x731_allgemein_Rev24.xlsx,,,187.0,,,,,,
RULE_d4f4fbecd346f140,RuleRow,731 rule row 188,OBSERVED_731,data/raw/x731_allgemein_Rev24.xlsx,,,188.0,,,,,,
RULE_77d5aa4633b08e2b,RuleRow,731 rule row 189,OBSERVED_731,data/raw/x731_allgemein_Rev24.xlsx,,,189.0,,,,,,
RULE_c868218333718860,RuleRow,731 rule row 190,OBSERVED_731,data/raw/x731_allgemein_Rev24.xlsx,,,190.0,,,,,,
RULE_2bac62684396102a,RuleRow,731 rule row 191,OBSERVED_731,data/raw/x731_allgemein_Rev24.xlsx,,,191.0,,,,,,
RULE_4163d19d2444390c,RuleRow,731 rule row 192,OBSERVED_731,data/raw/x731_allgemein_Rev24.xlsx,,,192.0,,,,,,
RULE_6469d6d6e0f11211,RuleRow,731 rule row 193,OBSERVED_731,data/raw/x731_allgemein_Rev24.xlsx,,,193.0,,,,,,
VAL_09957ab3d35b2981,CharacteristicValue,"in {NOVALUE, 'F731WD_SingleChannel'}",OBSERVED_731,data/raw/x731_allgemein_Rev24.xlsx,,,,packageFixed_dev,"in {NOVALUE, 'F731WD_SingleChannel'}",,,,
FAMILY_9e410fd6f0a68f62,ConfigurationFamily,"in {NOVALUE, 'F731WD_SingleChannel'}",OBSERVED_731,data/raw/x731_allgemein_Rev24.xlsx,,,,,,"in {NOVALUE, 'F731WD_SingleChannel'}",,,
VAL_0c89e1a8ddd5bbbb,CharacteristicValue,'WD',OBSERVED_731,data/raw/x731_allgemein_Rev24.xlsx,,,,characteristic,'WD',,,,
VAL_581bda64542308e7,CharacteristicValue,1,OBSERVED_731,data/raw/x731_allgemein_Rev24.xlsx,,,,numberOfChannels,1,,,,
VAL_a04ecaaac9a5e4bb,CharacteristicValue,"in {'NN', 'PA', 'MT', 'MR', 'FF', 'DB', 'BM', 'BT'}",OBSERVED_731,data/raw/x731_allgemein_Rev24.xlsx,,,,dataInterface,"in {'NN', 'PA', 'MT', 'MR', 'FF', 'DB', 'BM', 'BT'}",,,,
VAL_442267495ef53e85,CharacteristicValue,'CS2',OBSERVED_731,data/raw/x731_allgemein_Rev24.xlsx,,,,stromSchaltbar,'CS2',,,,
VAL_ca4e31d9331d2af9,CharacteristicValue,NOVALUE,OBSERVED_731,data/raw/x731_allgemein_Rev24.xlsx,,,,waveInjector,NOVALUE,,,,
RULE_258bd1db95ca319b,RuleRow,731 rule row 194,OBSERVED_731,data/raw/x731_allgemein_Rev24.xlsx,,,194.0,,,,,,
VAL_b0151f7427d6e640,CharacteristicValue,"in {'PA', 'MT', 'MR', 'FF', 'DB', 'BM', 'BT'}",OBSERVED_731,data/raw/x731_allgemein_Rev24.xlsx,,,,dataInterface,"in {'PA', 'MT', 'MR', 'FF', 'DB', 'BM', 'BT'}",,,,
RULE_c8381bf8b2b9c72e,RuleRow,731 rule row 195,OBSERVED_731,data/raw/x731_allgemein_Rev24.xlsx,,,195.0,,,,,,
RULE_8d59fdb7e18415d2,RuleRow,731 rule row 196,OBSERVED_731,data/raw/x731_allgemein_Rev24.xlsx,,,196.0,,,,,,
RULE_a900d07d55dc5ed4,RuleRow,731 rule row 197,OBSERVED_731,data/raw/x731_allgemein_Rev24.xlsx,,,197.0,,,,,,
VAL_8d061b72d2e98e39,CharacteristicValue,"in {NOVALUE, 'F731WD_DualChannel'}",OBSERVED_731,data/raw/x731_allgemein_Rev24.xlsx,,,,packageFixed_dev,"in {NOVALUE, 'F731WD_DualChannel'}",,,,
FAMILY_9558f605933008fa,ConfigurationFamily,"in {NOVALUE, 'F731WD_DualChannel'}",OBSERVED_731,data/raw/x731_allgemein_Rev24.xlsx,,,,,,"in {NOVALUE, 'F731WD_DualChannel'}",,,
VAL_56b13bcb250bbd67,CharacteristicValue,2,OBSERVED_731,data/raw/x731_allgemein_Rev24.xlsx,,,,numberOfChannels,2,,,,
VAL_9bed442abdaa82af,CharacteristicValue,"in {'CS2', 'CS4'}",OBSERVED_731,data/raw/x731_allgemein_Rev24.xlsx,,,,stromSchaltbar,"in {'CS2', 'CS4'}",,,,
RULE_f50879a3273cc3d3,RuleRow,731 rule row 198,OBSERVED_731,data/raw/x731_allgemein_Rev24.xlsx,,,198.0,,,,,,
VAL_50b02192ed92c0f0,CharacteristicValue,"in {'CS2', 'CS3'}",OBSERVED_731,data/raw/x731_allgemein_Rev24.xlsx,,,,stromSchaltbar,"in {'CS2', 'CS3'}",,,,
RULE_b2e32dbc04eb3fde,RuleRow,731 rule row 199,OBSERVED_731,data/raw/x731_allgemein_Rev24.xlsx,,,199.0,,,,,,
RULE_f424561a9fc6043d,RuleRow,731 rule row 200,OBSERVED_731,data/raw/x731_allgemein_Rev24.xlsx,,,200.0,,,,,,
RULE_c24e4bbaeb37dfba,RuleRow,731 rule row 201,OBSERVED_731,data/raw/x731_allgemein_Rev24.xlsx,,,201.0,,,,,,
RULE_573e5c330e6bc826,RuleRow,731 rule row 202,OBSERVED_731,data/raw/x731_allgemein_Rev24.xlsx,,,202.0,,,,,,
RULE_8ab7adfbf73b1538,RuleRow,731 rule row 203,OBSERVED_731,data/raw/x731_allgemein_Rev24.xlsx,,,203.0,,,,,,
VAL_c4be579704d0568a,CharacteristicValue,"in {NOVALUE, 'F731TE'}",OBSERVED_731,data/raw/x731_allgemein_Rev24.xlsx,,,,packageFixed_dev,"in {NOVALUE, 'F731TE'}",,,,
FAMILY_050d22c9a933982f,ConfigurationFamily,"in {NOVALUE, 'F731TE'}",OBSERVED_731,data/raw/x731_allgemein_Rev24.xlsx,,,,,,"in {NOVALUE, 'F731TE'}",,,
VAL_8f13cb15422b8965,CharacteristicValue,'TE',OBSERVED_731,data/raw/x731_allgemein_Rev24.xlsx,,,,characteristic,'TE',,,,
VAL_3c7f596ab3559526,CharacteristicValue,'TT2',OBSERVED_731,data/raw/x731_allgemein_Rev24.xlsx,,,,temperaturEingaenge,'TT2',,,,
RULE_c8ac0934fb7de395,RuleRow,731 rule row 204,OBSERVED_731,data/raw/x731_allgemein_Rev24.xlsx,,,204.0,,,,,,
VAL_e2caec0e2aee5ae0,CharacteristicValue,"in {'MT', 'BT'}",OBSERVED_731,data/raw/x731_allgemein_Rev24.xlsx,,,,dataInterface,"in {'MT', 'BT'}",,,,
RULE_5fc735c8a9b4e6f9,RuleRow,731 rule row 205,OBSERVED_731,data/raw/x731_allgemein_Rev24.xlsx,,,205.0,,,,,,
VAL_411225ea76ba2d25,CharacteristicValue,"in {'NN', 'PA', 'MR', 'FF', 'DB', 'BM', 'HS'}",OBSERVED_731,data/raw/x731_allgemein_Rev24.xlsx,,,,dataInterface,"in {'NN', 'PA', 'MR', 'FF', 'DB', 'BM', 'HS'}",,,,
RULE_143e0267bddcd7c8,RuleRow,731 rule row 206,OBSERVED_731,data/raw/x731_allgemein_Rev24.xlsx,,,206.0,,,,,,
VAL_6d6e339b7bf75866,CharacteristicValue,"in {'PA', 'MR', 'FF', 'DB', 'BM', 'HS'}",OBSERVED_731,data/raw/x731_allgemein_Rev24.xlsx,,,,dataInterface,"in {'PA', 'MR', 'FF', 'DB', 'BM', 'HS'}",,,,
RULE_59796ff7aedcb8d1,RuleRow,731 rule row 207,OBSERVED_731,data/raw/x731_allgemein_Rev24.xlsx,,,207.0,,,,,,
VAL_6986048f32f98e0f,CharacteristicValue,"in {'TT2', 'TT4'}",OBSERVED_731,data/raw/x731_allgemein_Rev24.xlsx,,,,temperaturEingaenge,"in {'TT2', 'TT4'}",,,,
RULE_c2addc8d0a4eda38,RuleRow,731 rule row 208,OBSERVED_731,data/raw/x731_allgemein_Rev24.xlsx,,,208.0,,,,,,
RULE_700ad11e7f2abffb,RuleRow,731 rule row 209,OBSERVED_731,data/raw/x731_allgemein_Rev24.xlsx,,,209.0,,,,,,
RULE_678cf8cb9f1b18c1,RuleRow,731 rule row 210,OBSERVED_731,data/raw/x731_allgemein_Rev24.xlsx,,,210.0,,,,,,
RULE_688b005919ef55de,RuleRow,731 rule row 211,OBSERVED_731,data/raw/x731_allgemein_Rev24.xlsx,,,211.0,,,,,,
RULE_821ad388a44209b5,RuleRow,731 rule row 212,OBSERVED_731,data/raw/x731_allgemein_Rev24.xlsx,,,212.0,,,,,,
VAL_f7fd183830c72642,CharacteristicValue,"in {'NN', 'PA', 'MR', 'FF', 'BM', 'HS'}",OBSERVED_731,data/raw/x731_allgemein_Rev24.xlsx,,,,dataInterface,"in {'NN', 'PA', 'MR', 'FF', 'BM', 'HS'}",,,,
RULE_beb54f9a598b1a61,RuleRow,731 rule row 213,OBSERVED_731,data/raw/x731_allgemein_Rev24.xlsx,,,213.0,,,,,,
VAL_f776749c4656850c,CharacteristicValue,"in {'PA', 'MR', 'FF', 'BM', 'HS'}",OBSERVED_731,data/raw/x731_allgemein_Rev24.xlsx,,,,dataInterface,"in {'PA', 'MR', 'FF', 'BM', 'HS'}",,,,
RULE_bca87eb0c7b24b35,RuleRow,731 rule row 214,OBSERVED_731,data/raw/x731_allgemein_Rev24.xlsx,,,214.0,,,,,,
RULE_1eb830128ddb8eac,RuleRow,731 rule row 215,OBSERVED_731,data/raw/x731_allgemein_Rev24.xlsx,,,215.0,,,,,,
RULE_52b8bd717e47019c,RuleRow,731 rule row 216,OBSERVED_731,data/raw/x731_allgemein_Rev24.xlsx,,,216.0,,,,,,
RULE_19c11ce9f93136b1,RuleRow,731 rule row 217,OBSERVED_731,data/raw/x731_allgemein_Rev24.xlsx,,,217.0,,,,,,
VAL_1d4e845cf9ff54da,CharacteristicValue,"in {NOVALUE, 'G731CA'}",OBSERVED_731,data/raw/x731_allgemein_Rev24.xlsx,,,,packageFixed_dev,"in {NOVALUE, 'G731CA'}",,,,
FAMILY_e2f43905c1ad86a1,ConfigurationFamily,"in {NOVALUE, 'G731CA'}",OBSERVED_731,data/raw/x731_allgemein_Rev24.xlsx,,,,,,"in {NOVALUE, 'G731CA'}",,,
VAL_fa66f77f39b36b7f,CharacteristicValue,'CA',OBSERVED_731,data/raw/x731_allgemein_Rev24.xlsx,,,,characteristic,'CA',,,,
VAL_546d471a86b6cbe6,CharacteristicValue,"in {'NN', 'MT', 'BT', 'PA', 'MR', 'FF', 'DB', 'BM'}",OBSERVED_731,data/raw/x731_allgemein_Rev24.xlsx,,,,dataInterface,"in {'NN', 'MT', 'BT', 'PA', 'MR', 'FF', 'DB', 'BM'}",,,,
RULE_a54220f146870491,RuleRow,731 rule row 218,OBSERVED_731,data/raw/x731_allgemein_Rev24.xlsx,,,218.0,,,,,,
VAL_5aae908afce66fd7,CharacteristicValue,"in {'MT', 'BT', 'PA', 'MR', 'FF', 'DB', 'BM', 'HS'}",OBSERVED_731,data/raw/x731_allgemein_Rev24.xlsx,,,,dataInterface,"in {'MT', 'BT', 'PA', 'MR', 'FF', 'DB', 'BM', 'HS'}",,,,
RULE_88c80739fb1ce07e,RuleRow,731 rule row 219,OBSERVED_731,data/raw/x731_allgemein_Rev24.xlsx,,,219.0,,,,,,
RULE_041e9f885e0288da,RuleRow,731 rule row 220,OBSERVED_731,data/raw/x731_allgemein_Rev24.xlsx,,,220.0,,,,,,
RULE_67cae06395a96784,RuleRow,731 rule row 221,OBSERVED_731,data/raw/x731_allgemein_Rev24.xlsx,,,221.0,,,,,,
RULE_f5358bc84367c347,RuleRow,731 rule row 222,OBSERVED_731,data/raw/x731_allgemein_Rev24.xlsx,,,222.0,,,,,,
RULE_96aeb6dee8786230,RuleRow,731 rule row 223,OBSERVED_731,data/raw/x731_allgemein_Rev24.xlsx,,,223.0,,,,,,
RULE_f3dfe682c8d84ee5,RuleRow,731 rule row 224,OBSERVED_731,data/raw/x731_allgemein_Rev24.xlsx,,,224.0,,,,,,
RULE_77108750ff84e838,RuleRow,731 rule row 225,OBSERVED_731,data/raw/x731_allgemein_Rev24.xlsx,,,225.0,,,,,,
RULE_03a671c213a56c05,RuleRow,731 rule row 226,OBSERVED_731,data/raw/x731_allgemein_Rev24.xlsx,,,226.0,,,,,,
RULE_bd3e7f1519771963,RuleRow,731 rule row 227,OBSERVED_731,data/raw/x731_allgemein_Rev24.xlsx,,,227.0,,,,,,
RULE_d2271d6d88eacf8e,RuleRow,731 rule row 228,OBSERVED_731,data/raw/x731_allgemein_Rev24.xlsx,,,228.0,,,,,,
RULE_a668c1d26a5a673d,RuleRow,731 rule row 229,OBSERVED_731,data/raw/x731_allgemein_Rev24.xlsx,,,229.0,,,,,,
VAL_fac5ab556dcdcb41,CharacteristicValue,"in {NOVALUE, 'G731ST-LT'}",OBSERVED_731,data/raw/x731_allgemein_Rev24.xlsx,,,,packageFixed_dev,"in {NOVALUE, 'G731ST-LT'}",,,,
FAMILY_3163a8aa25d0c414,ConfigurationFamily,"in {NOVALUE, 'G731ST-LT'}",OBSERVED_731,data/raw/x731_allgemein_Rev24.xlsx,,,,,,"in {NOVALUE, 'G731ST-LT'}",,,
VAL_647a61597cc39852,CharacteristicValue,'ST',OBSERVED_731,data/raw/x731_allgemein_Rev24.xlsx,,,,characteristic,'ST',,,,
VAL_20cdd979a12a9f8f,CharacteristicValue,'N',OBSERVED_731,data/raw/x731_allgemein_Rev24.xlsx,,,,steamApplication,'N',,,,
RULE_946802ffdcdf899a,RuleRow,731 rule row 230,OBSERVED_731,data/raw/x731_allgemein_Rev24.xlsx,,,230.0,,,,,,
RULE_1a211f89316c4686,RuleRow,731 rule row 231,OBSERVED_731,data/raw/x731_allgemein_Rev24.xlsx,,,231.0,,,,,,
RULE_b05ce5e598098465,RuleRow,731 rule row 232,OBSERVED_731,data/raw/x731_allgemein_Rev24.xlsx,,,232.0,,,,,,
RULE_a29cb2b210b1b029,RuleRow,731 rule row 233,OBSERVED_731,data/raw/x731_allgemein_Rev24.xlsx,,,233.0,,,,,,
RULE_e1a0150c5967bee7,RuleRow,731 rule row 234,OBSERVED_731,data/raw/x731_allgemein_Rev24.xlsx,,,234.0,,,,,,
RULE_4c0f13b4b07bf732,RuleRow,731 rule row 235,OBSERVED_731,data/raw/x731_allgemein_Rev24.xlsx,,,235.0,,,,,,
RULE_4d3c38011650a81e,RuleRow,731 rule row 236,OBSERVED_731,data/raw/x731_allgemein_Rev24.xlsx,,,236.0,,,,,,
RULE_4b0ff30734777e7a,RuleRow,731 rule row 237,OBSERVED_731,data/raw/x731_allgemein_Rev24.xlsx,,,237.0,,,,,,
RULE_f95e2e677a6c2e7c,RuleRow,731 rule row 238,OBSERVED_731,data/raw/x731_allgemein_Rev24.xlsx,,,238.0,,,,,,
RULE_b664ea08faca9392,RuleRow,731 rule row 239,OBSERVED_731,data/raw/x731_allgemein_Rev24.xlsx,,,239.0,,,,,,
RULE_de8ee16dc8b46b0e,RuleRow,731 rule row 240,OBSERVED_731,data/raw/x731_allgemein_Rev24.xlsx,,,240.0,,,,,,
RULE_3afcb731c306f136,RuleRow,731 rule row 241,OBSERVED_731,data/raw/x731_allgemein_Rev24.xlsx,,,241.0,,,,,,
RULE_a0e64ab7eaf4d159,RuleRow,731 rule row 242,OBSERVED_731,data/raw/x731_allgemein_Rev24.xlsx,,,242.0,,,,,,
RULE_a33c69a8f33767b3,RuleRow,731 rule row 243,OBSERVED_731,data/raw/x731_allgemein_Rev24.xlsx,,,243.0,,,,,,
RULE_ec08676e062186e3,RuleRow,731 rule row 244,OBSERVED_731,data/raw/x731_allgemein_Rev24.xlsx,,,244.0,,,,,,
RULE_be711793aa18777f,RuleRow,731 rule row 245,OBSERVED_731,data/raw/x731_allgemein_Rev24.xlsx,,,245.0,,,,,,
RULE_91f2f6a5d8180a18,RuleRow,731 rule row 246,OBSERVED_731,data/raw/x731_allgemein_Rev24.xlsx,,,246.0,,,,,,
RULE_b9138b10e0538bc6,RuleRow,731 rule row 247,OBSERVED_731,data/raw/x731_allgemein_Rev24.xlsx,,,247.0,,,,,,
RULE_b30fcc3998c25c24,RuleRow,731 rule row 248,OBSERVED_731,data/raw/x731_allgemein_Rev24.xlsx,,,248.0,,,,,,
RULE_fdd72902e2d93bde,RuleRow,731 rule row 249,OBSERVED_731,data/raw/x731_allgemein_Rev24.xlsx,,,249.0,,,,,,
RULE_28a95396a6321822,RuleRow,731 rule row 250,OBSERVED_731,data/raw/x731_allgemein_Rev24.xlsx,,,250.0,,,,,,
RULE_6262c46ca297337c,RuleRow,731 rule row 251,OBSERVED_731,data/raw/x731_allgemein_Rev24.xlsx,,,251.0,,,,,,
RULE_ab9d198907b3553d,RuleRow,731 rule row 252,OBSERVED_731,data/raw/x731_allgemein_Rev24.xlsx,,,252.0,,,,,,
RULE_18a86a04bd0e5ded,RuleRow,731 rule row 253,OBSERVED_731,data/raw/x731_allgemein_Rev24.xlsx,,,253.0,,,,,,
RULE_4fa93d3818eb7d43,RuleRow,731 rule row 254,OBSERVED_731,data/raw/x731_allgemein_Rev24.xlsx,,,254.0,,,,,,
RULE_1f3dec6ce7fc9a5d,RuleRow,731 rule row 255,OBSERVED_731,data/raw/x731_allgemein_Rev24.xlsx,,,255.0,,,,,,
RULE_27ae6fd1342b68fa,RuleRow,731 rule row 256,OBSERVED_731,data/raw/x731_allgemein_Rev24.xlsx,,,256.0,,,,,,
RULE_8dd300c457f47d4c,RuleRow,731 rule row 257,OBSERVED_731,data/raw/x731_allgemein_Rev24.xlsx,,,257.0,,,,,,
RULE_8ad5beeb724ca115,RuleRow,731 rule row 258,OBSERVED_731,data/raw/x731_allgemein_Rev24.xlsx,,,258.0,,,,,,
RULE_c34fd16c06745fc8,RuleRow,731 rule row 259,OBSERVED_731,data/raw/x731_allgemein_Rev24.xlsx,,,259.0,,,,,,
RULE_ed8e7e1eea335098,RuleRow,731 rule row 260,OBSERVED_731,data/raw/x731_allgemein_Rev24.xlsx,,,260.0,,,,,,
RULE_3c1902120c77566f,RuleRow,731 rule row 261,OBSERVED_731,data/raw/x731_allgemein_Rev24.xlsx,,,261.0,,,,,,
RULE_4407c116e4585e6c,RuleRow,731 rule row 262,OBSERVED_731,data/raw/x731_allgemein_Rev24.xlsx,,,262.0,,,,,,
RULE_09327e71171dbebf,RuleRow,731 rule row 263,OBSERVED_731,data/raw/x731_allgemein_Rev24.xlsx,,,263.0,,,,,,
RULE_32bf0ac9f70aa6a4,RuleRow,731 rule row 264,OBSERVED_731,data/raw/x731_allgemein_Rev24.xlsx,,,264.0,,,,,,
RULE_4f8432fff92d52c6,RuleRow,731 rule row 265,OBSERVED_731,data/raw/x731_allgemein_Rev24.xlsx,,,265.0,,,,,,
RULE_1aa5764e86940035,RuleRow,731 rule row 266,OBSERVED_731,data/raw/x731_allgemein_Rev24.xlsx,,,266.0,,,,,,
RULE_7d91d7c4f77fcc77,RuleRow,731 rule row 267,OBSERVED_731,data/raw/x731_allgemein_Rev24.xlsx,,,267.0,,,,,,
RULE_31c6776dd4b583ba,RuleRow,731 rule row 268,OBSERVED_731,data/raw/x731_allgemein_Rev24.xlsx,,,268.0,,,,,,
RULE_71e772b4ad008a1f,RuleRow,731 rule row 269,OBSERVED_731,data/raw/x731_allgemein_Rev24.xlsx,,,269.0,,,,,,
RULE_f1e23f9e8c4a409d,RuleRow,731 rule row 270,OBSERVED_731,data/raw/x731_allgemein_Rev24.xlsx,,,270.0,,,,,,
RULE_253df44223fd2028,RuleRow,731 rule row 271,OBSERVED_731,data/raw/x731_allgemein_Rev24.xlsx,,,271.0,,,,,,
RULE_43ccca50ff56e1bb,RuleRow,731 rule row 272,OBSERVED_731,data/raw/x731_allgemein_Rev24.xlsx,,,272.0,,,,,,
RULE_86b1ba5703fa8b2a,RuleRow,731 rule row 273,OBSERVED_731,data/raw/x731_allgemein_Rev24.xlsx,,,273.0,,,,,,
RULE_e85f3c98076f0ce4,RuleRow,731 rule row 274,OBSERVED_731,data/raw/x731_allgemein_Rev24.xlsx,,,274.0,,,,,,
RULE_15ee7aeda53a649f,RuleRow,731 rule row 275,OBSERVED_731,data/raw/x731_allgemein_Rev24.xlsx,,,275.0,,,,,,
RULE_d3ab87e798b22f8d,RuleRow,731 rule row 276,OBSERVED_731,data/raw/x731_allgemein_Rev24.xlsx,,,276.0,,,,,,
RULE_d2b9bb0daf93c90e,RuleRow,731 rule row 277,OBSERVED_731,data/raw/x731_allgemein_Rev24.xlsx,,,277.0,,,,,,
RULE_71412799fc3efd99,RuleRow,731 rule row 278,OBSERVED_731,data/raw/x731_allgemein_Rev24.xlsx,,,278.0,,,,,,
RULE_8e058f1e4b8d585b,RuleRow,731 rule row 279,OBSERVED_731,data/raw/x731_allgemein_Rev24.xlsx,,,279.0,,,,,,
RULE_686b0a912a1a67a9,RuleRow,731 rule row 280,OBSERVED_731,data/raw/x731_allgemein_Rev24.xlsx,,,280.0,,,,,,
RULE_59c840804f1af769,RuleRow,731 rule row 281,OBSERVED_731,data/raw/x731_allgemein_Rev24.xlsx,,,281.0,,,,,,
RULE_e37d098182d2505e,RuleRow,731 rule row 282,OBSERVED_731,data/raw/x731_allgemein_Rev24.xlsx,,,282.0,,,,,,
RULE_0cd50b53ae412161,RuleRow,731 rule row 283,OBSERVED_731,data/raw/x731_allgemein_Rev24.xlsx,,,283.0,,,,,,
RULE_ebac6cc327bfb3f4,RuleRow,731 rule row 284,OBSERVED_731,data/raw/x731_allgemein_Rev24.xlsx,,,284.0,,,,,,
RULE_72b4c4e48705ea12,RuleRow,731 rule row 285,OBSERVED_731,data/raw/x731_allgemein_Rev24.xlsx,,,285.0,,,,,,
RULE_f339b337cd0bda9b,RuleRow,731 rule row 286,OBSERVED_731,data/raw/x731_allgemein_Rev24.xlsx,,,286.0,,,,,,
RULE_3ecf3980362acd46,RuleRow,731 rule row 287,OBSERVED_731,data/raw/x731_allgemein_Rev24.xlsx,,,287.0,,,,,,
RULE_e30f741c5830359f,RuleRow,731 rule row 288,OBSERVED_731,data/raw/x731_allgemein_Rev24.xlsx,,,288.0,,,,,,
RULE_1abeb49e64ccbb49,RuleRow,731 rule row 289,OBSERVED_731,data/raw/x731_allgemein_Rev24.xlsx,,,289.0,,,,,,
RULE_23479780de19b62a,RuleRow,731 rule row 290,OBSERVED_731,data/raw/x731_allgemein_Rev24.xlsx,,,290.0,,,,,,
RULE_5a15ca094bebd4b4,RuleRow,731 rule row 291,OBSERVED_731,data/raw/x731_allgemein_Rev24.xlsx,,,291.0,,,,,,
RULE_950cab24d97acc0f,RuleRow,731 rule row 292,OBSERVED_731,data/raw/x731_allgemein_Rev24.xlsx,,,292.0,,,,,,
RULE_700f1a7dbe334263,RuleRow,731 rule row 293,OBSERVED_731,data/raw/x731_allgemein_Rev24.xlsx,,,293.0,,,,,,
RULE_34368d19a085b364,RuleRow,731 rule row 294,OBSERVED_731,data/raw/x731_allgemein_Rev24.xlsx,,,294.0,,,,,,
RULE_cf181f4948a79d83,RuleRow,731 rule row 295,OBSERVED_731,data/raw/x731_allgemein_Rev24.xlsx,,,295.0,,,,,,
RULE_718689f10ccb1b5f,RuleRow,731 rule row 296,OBSERVED_731,data/raw/x731_allgemein_Rev24.xlsx,,,296.0,,,,,,
RULE_3a914ee409d1e9dc,RuleRow,731 rule row 297,OBSERVED_731,data/raw/x731_allgemein_Rev24.xlsx,,,297.0,,,,,,
RULE_9f52bae8009c7781,RuleRow,731 rule row 298,OBSERVED_731,data/raw/x731_allgemein_Rev24.xlsx,,,298.0,,,,,,
RULE_87107eeaa4963816,RuleRow,731 rule row 299,OBSERVED_731,data/raw/x731_allgemein_Rev24.xlsx,,,299.0,,,,,,
RULE_271a969d2b071c9e,RuleRow,731 rule row 300,OBSERVED_731,data/raw/x731_allgemein_Rev24.xlsx,,,300.0,,,,,,
RULE_7e479c885d15b63c,RuleRow,731 rule row 301,OBSERVED_731,data/raw/x731_allgemein_Rev24.xlsx,,,301.0,,,,,,
RULE_5917460f857dc4c0,RuleRow,731 rule row 302,OBSERVED_731,data/raw/x731_allgemein_Rev24.xlsx,,,302.0,,,,,,
RULE_54bd993e40e6b619,RuleRow,731 rule row 303,OBSERVED_731,data/raw/x731_allgemein_Rev24.xlsx,,,303.0,,,,,,
RULE_5a3c13e9cdf34b05,RuleRow,731 rule row 304,OBSERVED_731,data/raw/x731_allgemein_Rev24.xlsx,,,304.0,,,,,,
RULE_d93b788ffcb4a429,RuleRow,731 rule row 305,OBSERVED_731,data/raw/x731_allgemein_Rev24.xlsx,,,305.0,,,,,,
VAL_41cb6eecf4577006,CharacteristicValue,"in {NOVALUE, 'G731ST-HT'}",OBSERVED_731,data/raw/x731_allgemein_Rev24.xlsx,,,,packageFixed_dev,"in {NOVALUE, 'G731ST-HT'}",,,,
FAMILY_9494f3dc9c272af7,ConfigurationFamily,"in {NOVALUE, 'G731ST-HT'}",OBSERVED_731,data/raw/x731_allgemein_Rev24.xlsx,,,,,,"in {NOVALUE, 'G731ST-HT'}",,,
VAL_e4e0471c4f2b92ed,CharacteristicValue,'H',OBSERVED_731,data/raw/x731_allgemein_Rev24.xlsx,,,,steamApplication,'H',,,,
VAL_fc31f77331759470,CharacteristicValue,"in {'FWI', NOVALUE}",OBSERVED_731,data/raw/x731_allgemein_Rev24.xlsx,,,,waveInjector,"in {'FWI', NOVALUE}",,,,
RULE_2423f6f7cca23b83,RuleRow,731 rule row 306,OBSERVED_731,data/raw/x731_allgemein_Rev24.xlsx,,,306.0,,,,,,
RULE_16666adee9a2c891,RuleRow,731 rule row 307,OBSERVED_731,data/raw/x731_allgemein_Rev24.xlsx,,,307.0,,,,,,
RULE_f118c18f55f21ece,RuleRow,731 rule row 308,OBSERVED_731,data/raw/x731_allgemein_Rev24.xlsx,,,308.0,,,,,,
RULE_89babdb87bbe7498,RuleRow,731 rule row 309,OBSERVED_731,data/raw/x731_allgemein_Rev24.xlsx,,,309.0,,,,,,
RULE_c490a8ffaaad4747,RuleRow,731 rule row 310,OBSERVED_731,data/raw/x731_allgemein_Rev24.xlsx,,,310.0,,,,,,
RULE_b6ea4679521aa5e2,RuleRow,731 rule row 311,OBSERVED_731,data/raw/x731_allgemein_Rev24.xlsx,,,311.0,,,,,,
RULE_9dec1d6a56845eeb,RuleRow,731 rule row 312,OBSERVED_731,data/raw/x731_allgemein_Rev24.xlsx,,,312.0,,,,,,
RULE_2c52a310e7d7705d,RuleRow,731 rule row 313,OBSERVED_731,data/raw/x731_allgemein_Rev24.xlsx,,,313.0,,,,,,
RULE_3e31351392bbb493,RuleRow,731 rule row 314,OBSERVED_731,data/raw/x731_allgemein_Rev24.xlsx,,,314.0,,,,,,
RULE_8b1dc53237bbe651,RuleRow,731 rule row 315,OBSERVED_731,data/raw/x731_allgemein_Rev24.xlsx,,,315.0,,,,,,
RULE_7d075fe356bd75b3,RuleRow,731 rule row 316,OBSERVED_731,data/raw/x731_allgemein_Rev24.xlsx,,,316.0,,,,,,
RULE_9f7442d4d4c86095,RuleRow,731 rule row 317,OBSERVED_731,data/raw/x731_allgemein_Rev24.xlsx,,,317.0,,,,,,
RULE_a9c1e489b5459aef,RuleRow,731 rule row 318,OBSERVED_731,data/raw/x731_allgemein_Rev24.xlsx,,,318.0,,,,,,
RULE_3b1c3b7dfef9c4d3,RuleRow,731 rule row 319,OBSERVED_731,data/raw/x731_allgemein_Rev24.xlsx,,,319.0,,,,,,
RULE_4c1e3f05b3cfa464,RuleRow,731 rule row 320,OBSERVED_731,data/raw/x731_allgemein_Rev24.xlsx,,,320.0,,,,,,
RULE_8c2262000924c9ea,RuleRow,731 rule row 321,OBSERVED_731,data/raw/x731_allgemein_Rev24.xlsx,,,321.0,,,,,,
RULE_03b818a36c2e6d90,RuleRow,731 rule row 322,OBSERVED_731,data/raw/x731_allgemein_Rev24.xlsx,,,322.0,,,,,,
RULE_4fb525806a6eef05,RuleRow,731 rule row 323,OBSERVED_731,data/raw/x731_allgemein_Rev24.xlsx,,,323.0,,,,,,
RULE_b4980ae9c3da4a1c,RuleRow,731 rule row 324,OBSERVED_731,data/raw/x731_allgemein_Rev24.xlsx,,,324.0,,,,,,
RULE_17cec48b87c4d4e7,RuleRow,731 rule row 325,OBSERVED_731,data/raw/x731_allgemein_Rev24.xlsx,,,325.0,,,,,,
RULE_1542c9ab55ecd819,RuleRow,731 rule row 326,OBSERVED_731,data/raw/x731_allgemein_Rev24.xlsx,,,326.0,,,,,,
RULE_77767405fc8a0d6e,RuleRow,731 rule row 327,OBSERVED_731,data/raw/x731_allgemein_Rev24.xlsx,,,327.0,,,,,,
RULE_4d11a99e35fce787,RuleRow,731 rule row 328,OBSERVED_731,data/raw/x731_allgemein_Rev24.xlsx,,,328.0,,,,,,
RULE_c0695c40aaba9a4b,RuleRow,731 rule row 329,OBSERVED_731,data/raw/x731_allgemein_Rev24.xlsx,,,329.0,,,,,,
RULE_485cabc7326d1856,RuleRow,731 rule row 330,OBSERVED_731,data/raw/x731_allgemein_Rev24.xlsx,,,330.0,,,,,,
RULE_86344d3dc8d5a3ff,RuleRow,731 rule row 331,OBSERVED_731,data/raw/x731_allgemein_Rev24.xlsx,,,331.0,,,,,,
RULE_89630ac5ead7b55e,RuleRow,731 rule row 332,OBSERVED_731,data/raw/x731_allgemein_Rev24.xlsx,,,332.0,,,,,,
RULE_985c92c926c0db18,RuleRow,731 rule row 333,OBSERVED_731,data/raw/x731_allgemein_Rev24.xlsx,,,333.0,,,,,,
RULE_113b3791cd19d871,RuleRow,731 rule row 334,OBSERVED_731,data/raw/x731_allgemein_Rev24.xlsx,,,334.0,,,,,,
RULE_3a55b8a30ed5237d,RuleRow,731 rule row 335,OBSERVED_731,data/raw/x731_allgemein_Rev24.xlsx,,,335.0,,,,,,
RULE_c80896fd3a00ab6d,RuleRow,731 rule row 336,OBSERVED_731,data/raw/x731_allgemein_Rev24.xlsx,,,336.0,,,,,,
RULE_61667710f589aa1a,RuleRow,731 rule row 337,OBSERVED_731,data/raw/x731_allgemein_Rev24.xlsx,,,337.0,,,,,,
RULE_61402852cf9cf490,RuleRow,731 rule row 338,OBSERVED_731,data/raw/x731_allgemein_Rev24.xlsx,,,338.0,,,,,,
RULE_a6da752ac78014bd,RuleRow,731 rule row 339,OBSERVED_731,data/raw/x731_allgemein_Rev24.xlsx,,,339.0,,,,,,
RULE_825bfbc4220e2a99,RuleRow,731 rule row 340,OBSERVED_731,data/raw/x731_allgemein_Rev24.xlsx,,,340.0,,,,,,
RULE_36dde120681c6e97,RuleRow,731 rule row 341,OBSERVED_731,data/raw/x731_allgemein_Rev24.xlsx,,,341.0,,,,,,
RULE_45dd92cb62f1e65b,RuleRow,731 rule row 342,OBSERVED_731,data/raw/x731_allgemein_Rev24.xlsx,,,342.0,,,,,,
RULE_d59f56cc8483dd08,RuleRow,731 rule row 343,OBSERVED_731,data/raw/x731_allgemein_Rev24.xlsx,,,343.0,,,,,,
RULE_53d9d6843955bfe0,RuleRow,731 rule row 344,OBSERVED_731,data/raw/x731_allgemein_Rev24.xlsx,,,344.0,,,,,,
RULE_85a1b605ee950f70,RuleRow,731 rule row 345,OBSERVED_731,data/raw/x731_allgemein_Rev24.xlsx,,,345.0,,,,,,
RULE_0ce73a17fc29b7ad,RuleRow,731 rule row 346,OBSERVED_731,data/raw/x731_allgemein_Rev24.xlsx,,,346.0,,,,,,
RULE_48ce2f5a0c45d6b6,RuleRow,731 rule row 347,OBSERVED_731,data/raw/x731_allgemein_Rev24.xlsx,,,347.0,,,,,,
RULE_f5fdaef68b28f25f,RuleRow,731 rule row 348,OBSERVED_731,data/raw/x731_allgemein_Rev24.xlsx,,,348.0,,,,,,
RULE_4c23eeaf92a4f405,RuleRow,731 rule row 349,OBSERVED_731,data/raw/x731_allgemein_Rev24.xlsx,,,349.0,,,,,,
RULE_3b35100c58a04d01,RuleRow,731 rule row 350,OBSERVED_731,data/raw/x731_allgemein_Rev24.xlsx,,,350.0,,,,,,
RULE_6e9ba674ce8d1fa6,RuleRow,731 rule row 351,OBSERVED_731,data/raw/x731_allgemein_Rev24.xlsx,,,351.0,,,,,,
RULE_294fcfd368535d22,RuleRow,731 rule row 352,OBSERVED_731,data/raw/x731_allgemein_Rev24.xlsx,,,352.0,,,,,,
RULE_98583d510b44e59d,RuleRow,731 rule row 353,OBSERVED_731,data/raw/x731_allgemein_Rev24.xlsx,,,353.0,,,,,,
RULE_1f107845e27740a6,RuleRow,731 rule row 354,OBSERVED_731,data/raw/x731_allgemein_Rev24.xlsx,,,354.0,,,,,,
RULE_68631fae6f867bd0,RuleRow,731 rule row 355,OBSERVED_731,data/raw/x731_allgemein_Rev24.xlsx,,,355.0,,,,,,
RULE_439d63e9222f60ef,RuleRow,731 rule row 356,OBSERVED_731,data/raw/x731_allgemein_Rev24.xlsx,,,356.0,,,,,,
RULE_a18c43a444dc27b4,RuleRow,731 rule row 357,OBSERVED_731,data/raw/x731_allgemein_Rev24.xlsx,,,357.0,,,,,,
RULE_3c22153b93c94757,RuleRow,731 rule row 358,OBSERVED_731,data/raw/x731_allgemein_Rev24.xlsx,,,358.0,,,,,,
RULE_129dfadfab5b2b4d,RuleRow,731 rule row 359,OBSERVED_731,data/raw/x731_allgemein_Rev24.xlsx,,,359.0,,,,,,
RULE_968e3b59ee53794d,RuleRow,731 rule row 360,OBSERVED_731,data/raw/x731_allgemein_Rev24.xlsx,,,360.0,,,,,,
RULE_4b486f27ae497093,RuleRow,731 rule row 361,OBSERVED_731,data/raw/x731_allgemein_Rev24.xlsx,,,361.0,,,,,,
RULE_a9654a6c28798a11,RuleRow,731 rule row 362,OBSERVED_731,data/raw/x731_allgemein_Rev24.xlsx,,,362.0,,,,,,
RULE_e77b9870510c3321,RuleRow,731 rule row 363,OBSERVED_731,data/raw/x731_allgemein_Rev24.xlsx,,,363.0,,,,,,
RULE_798fa22f7252e558,RuleRow,731 rule row 364,OBSERVED_731,data/raw/x731_allgemein_Rev24.xlsx,,,364.0,,,,,,
RULE_eb2e1b42e1856a83,RuleRow,731 rule row 365,OBSERVED_731,data/raw/x731_allgemein_Rev24.xlsx,,,365.0,,,,,,
RULE_371e03cebeb52a08,RuleRow,731 rule row 366,OBSERVED_731,data/raw/x731_allgemein_Rev24.xlsx,,,366.0,,,,,,
RULE_05dfc2f837af9682,RuleRow,731 rule row 367,OBSERVED_731,data/raw/x731_allgemein_Rev24.xlsx,,,367.0,,,,,,
RULE_2acc63e630bd213b,RuleRow,731 rule row 368,OBSERVED_731,data/raw/x731_allgemein_Rev24.xlsx,,,368.0,,,,,,
RULE_81039cfd92c9a2f4,RuleRow,731 rule row 369,OBSERVED_731,data/raw/x731_allgemein_Rev24.xlsx,,,369.0,,,,,,
RULE_2a78b2e5143fecdb,RuleRow,731 rule row 370,OBSERVED_731,data/raw/x731_allgemein_Rev24.xlsx,,,370.0,,,,,,
RULE_66baa0dcdc50de79,RuleRow,731 rule row 371,OBSERVED_731,data/raw/x731_allgemein_Rev24.xlsx,,,371.0,,,,,,
RULE_1a6f811ba1e64c40,RuleRow,731 rule row 372,OBSERVED_731,data/raw/x731_allgemein_Rev24.xlsx,,,372.0,,,,,,
RULE_7027a1e49a2b8f40,RuleRow,731 rule row 373,OBSERVED_731,data/raw/x731_allgemein_Rev24.xlsx,,,373.0,,,,,,
RULE_58409fbd337e05ee,RuleRow,731 rule row 374,OBSERVED_731,data/raw/x731_allgemein_Rev24.xlsx,,,374.0,,,,,,
RULE_1da5654aacc72e19,RuleRow,731 rule row 375,OBSERVED_731,data/raw/x731_allgemein_Rev24.xlsx,,,375.0,,,,,,
RULE_fbf9b48c1d28a6b5,RuleRow,731 rule row 376,OBSERVED_731,data/raw/x731_allgemein_Rev24.xlsx,,,376.0,,,,,,
RULE_8fc3c3f6835d6535,RuleRow,731 rule row 377,OBSERVED_731,data/raw/x731_allgemein_Rev24.xlsx,,,377.0,,,,,,
RULE_1f8a21991bffe711,RuleRow,731 rule row 378,OBSERVED_731,data/raw/x731_allgemein_Rev24.xlsx,,,378.0,,,,,,
RULE_cd41b1842f568dbb,RuleRow,731 rule row 379,OBSERVED_731,data/raw/x731_allgemein_Rev24.xlsx,,,379.0,,,,,,
RULE_da27201da82a8d42,RuleRow,731 rule row 380,OBSERVED_731,data/raw/x731_allgemein_Rev24.xlsx,,,380.0,,,,,,
RULE_7e0fec567eab8dd6,RuleRow,731 rule row 381,OBSERVED_731,data/raw/x731_allgemein_Rev24.xlsx,,,381.0,,,,,,
VAL_a2e6f0d9786b1018,CharacteristicValue,'S',OBSERVED_731,data/raw/x731_allgemein_Rev24.xlsx,,,,devCategory,'S',,,,
RULE_c474744e6e2055c8,RuleRow,731 rule row 382,OBSERVED_731,data/raw/x731_allgemein_Rev24.xlsx,,,382.0,,,,,,
RULE_ea1f7baab1f390be,RuleRow,731 rule row 383,OBSERVED_731,data/raw/x731_allgemein_Rev24.xlsx,,,383.0,,,,,,
RULE_7dfcec9fad5788c1,RuleRow,731 rule row 384,OBSERVED_731,data/raw/x731_allgemein_Rev24.xlsx,,,384.0,,,,,,
RULE_46f38c6dcd553165,RuleRow,731 rule row 385,OBSERVED_731,data/raw/x731_allgemein_Rev24.xlsx,,,385.0,,,,,,
RULE_298dc33e5329ae58,RuleRow,731 rule row 386,OBSERVED_731,data/raw/x731_allgemein_Rev24.xlsx,,,386.0,,,,,,
RULE_52f85557a6a5f4a6,RuleRow,731 rule row 387,OBSERVED_731,data/raw/x731_allgemein_Rev24.xlsx,,,387.0,,,,,,
RULE_72e364d216636983,RuleRow,731 rule row 388,OBSERVED_731,data/raw/x731_allgemein_Rev24.xlsx,,,388.0,,,,,,
RULE_fbdea4d64ef42c76,RuleRow,731 rule row 389,OBSERVED_731,data/raw/x731_allgemein_Rev24.xlsx,,,389.0,,,,,,
RULE_9ace43b80b47e9b5,RuleRow,731 rule row 390,OBSERVED_731,data/raw/x731_allgemein_Rev24.xlsx,,,390.0,,,,,,
RULE_97217aeab7c294aa,RuleRow,731 rule row 391,OBSERVED_731,data/raw/x731_allgemein_Rev24.xlsx,,,391.0,,,,,,
RULE_bc3acaa3651da166,RuleRow,731 rule row 392,OBSERVED_731,data/raw/x731_allgemein_Rev24.xlsx,,,392.0,,,,,,
RULE_50ad428f6a2967cc,RuleRow,731 rule row 393,OBSERVED_731,data/raw/x731_allgemein_Rev24.xlsx,,,393.0,,,,,,
RULE_bd5d607509ef2e15,RuleRow,731 rule row 394,OBSERVED_731,data/raw/x731_allgemein_Rev24.xlsx,,,394.0,,,,,,
RULE_d43f48b01274602d,RuleRow,731 rule row 395,OBSERVED_731,data/raw/x731_allgemein_Rev24.xlsx,,,395.0,,,,,,
RULE_0f0aec718d340cb5,RuleRow,731 rule row 396,OBSERVED_731,data/raw/x731_allgemein_Rev24.xlsx,,,396.0,,,,,,
RULE_1fc891475edc651a,RuleRow,731 rule row 397,OBSERVED_731,data/raw/x731_allgemein_Rev24.xlsx,,,397.0,,,,,,
RULE_c410dd0545afc89b,RuleRow,731 rule row 398,OBSERVED_731,data/raw/x731_allgemein_Rev24.xlsx,,,398.0,,,,,,
RULE_df470d16223633d7,RuleRow,731 rule row 399,OBSERVED_731,data/raw/x731_allgemein_Rev24.xlsx,,,399.0,,,,,,
RULE_6ce569ece65a2b88,RuleRow,731 rule row 400,OBSERVED_731,data/raw/x731_allgemein_Rev24.xlsx,,,400.0,,,,,,
RULE_2b1253655db88799,RuleRow,731 rule row 401,OBSERVED_731,data/raw/x731_allgemein_Rev24.xlsx,,,401.0,,,,,,
RULE_64d19012e86cec1a,RuleRow,731 rule row 402,OBSERVED_731,data/raw/x731_allgemein_Rev24.xlsx,,,402.0,,,,,,
RULE_551f058c253a8a29,RuleRow,731 rule row 403,OBSERVED_731,data/raw/x731_allgemein_Rev24.xlsx,,,403.0,,,,,,
RULE_2f9cf15261273d11,RuleRow,731 rule row 404,OBSERVED_731,data/raw/x731_allgemein_Rev24.xlsx,,,404.0,,,,,,
RULE_e4b15f32d3231dbb,RuleRow,731 rule row 405,OBSERVED_731,data/raw/x731_allgemein_Rev24.xlsx,,,405.0,,,,,,
RULE_34d7ff23a6067f54,RuleRow,731 rule row 406,OBSERVED_731,data/raw/x731_allgemein_Rev24.xlsx,,,406.0,,,,,,
RULE_caa0a96da59d2f58,RuleRow,731 rule row 407,OBSERVED_731,data/raw/x731_allgemein_Rev24.xlsx,,,407.0,,,,,,
RULE_e1c84858dd28d0bf,RuleRow,731 rule row 408,OBSERVED_731,data/raw/x731_allgemein_Rev24.xlsx,,,408.0,,,,,,
RULE_5ad982036bdffe96,RuleRow,731 rule row 409,OBSERVED_731,data/raw/x731_allgemein_Rev24.xlsx,,,409.0,,,,,,
RULE_4645ae8605d97557,RuleRow,731 rule row 410,OBSERVED_731,data/raw/x731_allgemein_Rev24.xlsx,,,410.0,,,,,,
RULE_fd21293e78610417,RuleRow,731 rule row 411,OBSERVED_731,data/raw/x731_allgemein_Rev24.xlsx,,,411.0,,,,,,
RULE_9e41172cfe44bc9a,RuleRow,731 rule row 412,OBSERVED_731,data/raw/x731_allgemein_Rev24.xlsx,,,412.0,,,,,,
RULE_fae4e38f372ed46f,RuleRow,731 rule row 413,OBSERVED_731,data/raw/x731_allgemein_Rev24.xlsx,,,413.0,,,,,,
RULE_992b3b4e4a5c4c12,RuleRow,731 rule row 414,OBSERVED_731,data/raw/x731_allgemein_Rev24.xlsx,,,414.0,,,,,,
RULE_3ec8c30eab4d5993,RuleRow,731 rule row 415,OBSERVED_731,data/raw/x731_allgemein_Rev24.xlsx,,,415.0,,,,,,
RULE_2109bcb67c504615,RuleRow,731 rule row 416,OBSERVED_731,data/raw/x731_allgemein_Rev24.xlsx,,,416.0,,,,,,
RULE_8b5f44910b3b23c2,RuleRow,731 rule row 417,OBSERVED_731,data/raw/x731_allgemein_Rev24.xlsx,,,417.0,,,,,,
RULE_ccd2ec0509f26a80,RuleRow,731 rule row 418,OBSERVED_731,data/raw/x731_allgemein_Rev24.xlsx,,,418.0,,,,,,
RULE_f4d3ed1f3e969771,RuleRow,731 rule row 419,OBSERVED_731,data/raw/x731_allgemein_Rev24.xlsx,,,419.0,,,,,,
RULE_d5d751f02d6ba5ca,RuleRow,731 rule row 420,OBSERVED_731,data/raw/x731_allgemein_Rev24.xlsx,,,420.0,,,,,,
RULE_079745801134e5cf,RuleRow,731 rule row 421,OBSERVED_731,data/raw/x731_allgemein_Rev24.xlsx,,,421.0,,,,,,
VAL_87ec3d703b40c33c,CharacteristicValue,'F',OBSERVED_731,data/raw/x731_allgemein_Rev24.xlsx,,,,explosionApproval,'F',,,,
RULE_72b45d4cd02d99ec,RuleRow,731 rule row 422,OBSERVED_731,data/raw/x731_allgemein_Rev24.xlsx,,,422.0,,,,,,
RULE_06f1420d43f8a0da,RuleRow,731 rule row 423,OBSERVED_731,data/raw/x731_allgemein_Rev24.xlsx,,,423.0,,,,,,
RULE_00ddf19bfd7e03e2,RuleRow,731 rule row 424,OBSERVED_731,data/raw/x731_allgemein_Rev24.xlsx,,,424.0,,,,,,
RULE_67c674b718ec2129,RuleRow,731 rule row 425,OBSERVED_731,data/raw/x731_allgemein_Rev24.xlsx,,,425.0,,,,,,
RULE_a1e07168748224fd,RuleRow,731 rule row 426,OBSERVED_731,data/raw/x731_allgemein_Rev24.xlsx,,,426.0,,,,,,
RULE_3b0405d2f1d4fe10,RuleRow,731 rule row 427,OBSERVED_731,data/raw/x731_allgemein_Rev24.xlsx,,,427.0,,,,,,
VAL_9774740335b74dc5,CharacteristicValue,"in {'NN', 'MT', 'BT', 'PA', 'MR', 'FF', 'BM'}",OBSERVED_731,data/raw/x731_allgemein_Rev24.xlsx,,,,dataInterface,"in {'NN', 'MT', 'BT', 'PA', 'MR', 'FF', 'BM'}",,,,
RULE_dfb08116415a45bb,RuleRow,731 rule row 428,OBSERVED_731,data/raw/x731_allgemein_Rev24.xlsx,,,428.0,,,,,,
VAL_8ed0133393c91745,CharacteristicValue,"in {'MT', 'BT', 'PA', 'MR', 'FF', 'BM', 'HS'}",OBSERVED_731,data/raw/x731_allgemein_Rev24.xlsx,,,,dataInterface,"in {'MT', 'BT', 'PA', 'MR', 'FF', 'BM', 'HS'}",,,,
RULE_2c2e60ae23edbcf9,RuleRow,731 rule row 429,OBSERVED_731,data/raw/x731_allgemein_Rev24.xlsx,,,429.0,,,,,,
RULE_62147b8f39a1faff,RuleRow,731 rule row 430,OBSERVED_731,data/raw/x731_allgemein_Rev24.xlsx,,,430.0,,,,,,
RULE_fc8e5e5980d19a44,RuleRow,731 rule row 431,OBSERVED_731,data/raw/x731_allgemein_Rev24.xlsx,,,431.0,,,,,,
RULE_4ad7c162b153c992,RuleRow,731 rule row 432,OBSERVED_731,data/raw/x731_allgemein_Rev24.xlsx,,,432.0,,,,,,
RULE_f9027c55108c2d8d,RuleRow,731 rule row 433,OBSERVED_731,data/raw/x731_allgemein_Rev24.xlsx,,,433.0,,,,,,
RULE_21eb6a4078e49bc6,RuleRow,731 rule row 434,OBSERVED_731,data/raw/x731_allgemein_Rev24.xlsx,,,434.0,,,,,,
RULE_f6ab7616f4066dfc,RuleRow,731 rule row 435,OBSERVED_731,data/raw/x731_allgemein_Rev24.xlsx,,,435.0,,,,,,
RULE_66adab6f8639d6bd,RuleRow,731 rule row 436,OBSERVED_731,data/raw/x731_allgemein_Rev24.xlsx,,,436.0,,,,,,
RULE_63bc2a361a4c2a8c,RuleRow,731 rule row 437,OBSERVED_731,data/raw/x731_allgemein_Rev24.xlsx,,,437.0,,,,,,
RULE_30a23e2aa3b1a419,RuleRow,731 rule row 438,OBSERVED_731,data/raw/x731_allgemein_Rev24.xlsx,,,438.0,,,,,,
RULE_ec2b9a077732ffc9,RuleRow,731 rule row 439,OBSERVED_731,data/raw/x731_allgemein_Rev24.xlsx,,,439.0,,,,,,
RULE_441feebfa626abab,RuleRow,731 rule row 440,OBSERVED_731,data/raw/x731_allgemein_Rev24.xlsx,,,440.0,,,,,,
RULE_d9478bf3a6ad64a2,RuleRow,731 rule row 441,OBSERVED_731,data/raw/x731_allgemein_Rev24.xlsx,,,441.0,,,,,,
RULE_b3ae64af694f4087,RuleRow,731 rule row 442,OBSERVED_731,data/raw/x731_allgemein_Rev24.xlsx,,,442.0,,,,,,
RULE_6fafb15d56c15b64,RuleRow,731 rule row 443,OBSERVED_731,data/raw/x731_allgemein_Rev24.xlsx,,,443.0,,,,,,
RULE_0aead87bdbb6ea0e,RuleRow,731 rule row 444,OBSERVED_731,data/raw/x731_allgemein_Rev24.xlsx,,,444.0,,,,,,
RULE_2acb9ad26d551900,RuleRow,731 rule row 445,OBSERVED_731,data/raw/x731_allgemein_Rev24.xlsx,,,445.0,,,,,,
RULE_14bb5455315ae80a,RuleRow,731 rule row 446,OBSERVED_731,data/raw/x731_allgemein_Rev24.xlsx,,,446.0,,,,,,
RULE_5376ca5edfca49b2,RuleRow,731 rule row 447,OBSERVED_731,data/raw/x731_allgemein_Rev24.xlsx,,,447.0,,,,,,
RULE_d4d3d81e1e4d88c9,RuleRow,731 rule row 448,OBSERVED_731,data/raw/x731_allgemein_Rev24.xlsx,,,448.0,,,,,,
RULE_b6eb003e58e408e3,RuleRow,731 rule row 449,OBSERVED_731,data/raw/x731_allgemein_Rev24.xlsx,,,449.0,,,,,,
RULE_c421814a8aafa0f1,RuleRow,731 rule row 450,OBSERVED_731,data/raw/x731_allgemein_Rev24.xlsx,,,450.0,,,,,,
RULE_a5ccd114c0da0b7f,RuleRow,731 rule row 451,OBSERVED_731,data/raw/x731_allgemein_Rev24.xlsx,,,451.0,,,,,,
RULE_f6e00ad31ed2c456,RuleRow,731 rule row 452,OBSERVED_731,data/raw/x731_allgemein_Rev24.xlsx,,,452.0,,,,,,
RULE_a9f7bfd647b310b4,RuleRow,731 rule row 453,OBSERVED_731,data/raw/x731_allgemein_Rev24.xlsx,,,453.0,,,,,,
RULE_a13468510628c9c5,RuleRow,731 rule row 454,OBSERVED_731,data/raw/x731_allgemein_Rev24.xlsx,,,454.0,,,,,,
RULE_19b381bb27d335b0,RuleRow,731 rule row 455,OBSERVED_731,data/raw/x731_allgemein_Rev24.xlsx,,,455.0,,,,,,
RULE_dc571c4d31ca74f9,RuleRow,731 rule row 456,OBSERVED_731,data/raw/x731_allgemein_Rev24.xlsx,,,456.0,,,,,,
RULE_08746aefc7818663,RuleRow,731 rule row 457,OBSERVED_731,data/raw/x731_allgemein_Rev24.xlsx,,,457.0,,,,,,
RULE_439b5efe39684a9a,RuleRow,731 rule row 458,OBSERVED_731,data/raw/x731_allgemein_Rev24.xlsx,,,458.0,,,,,,
RULE_2fa837003cf677d9,RuleRow,731 rule row 459,OBSERVED_731,data/raw/x731_allgemein_Rev24.xlsx,,,459.0,,,,,,
RULE_5c33406bfae9d6aa,RuleRow,731 rule row 460,OBSERVED_731,data/raw/x731_allgemein_Rev24.xlsx,,,460.0,,,,,,
RULE_c90a9d2629edee84,RuleRow,731 rule row 461,OBSERVED_731,data/raw/x731_allgemein_Rev24.xlsx,,,461.0,,,,,,
RULE_d2bdaeff6a9b2f5b,RuleRow,731 rule row 462,OBSERVED_731,data/raw/x731_allgemein_Rev24.xlsx,,,462.0,,,,,,
RULE_e86ae9475560fdcf,RuleRow,731 rule row 463,OBSERVED_731,data/raw/x731_allgemein_Rev24.xlsx,,,463.0,,,,,,
RULE_77e4953bc924cb73,RuleRow,731 rule row 464,OBSERVED_731,data/raw/x731_allgemein_Rev24.xlsx,,,464.0,,,,,,
RULE_053549df2db89808,RuleRow,731 rule row 465,OBSERVED_731,data/raw/x731_allgemein_Rev24.xlsx,,,465.0,,,,,,
RULE_0a7c980a3a0da1ac,RuleRow,731 rule row 466,OBSERVED_731,data/raw/x731_allgemein_Rev24.xlsx,,,466.0,,,,,,
RULE_952169c712a2e9d2,RuleRow,731 rule row 467,OBSERVED_731,data/raw/x731_allgemein_Rev24.xlsx,,,467.0,,,,,,
RULE_cd032f4d633414a5,RuleRow,731 rule row 468,OBSERVED_731,data/raw/x731_allgemein_Rev24.xlsx,,,468.0,,,,,,
RULE_613253814a09956c,RuleRow,731 rule row 469,OBSERVED_731,data/raw/x731_allgemein_Rev24.xlsx,,,469.0,,,,,,
RULE_6f0e61d1661e1780,RuleRow,731 rule row 470,OBSERVED_731,data/raw/x731_allgemein_Rev24.xlsx,,,470.0,,,,,,
RULE_7b3dfd26a0e5df80,RuleRow,731 rule row 471,OBSERVED_731,data/raw/x731_allgemein_Rev24.xlsx,,,471.0,,,,,,
RULE_a332cb63cd241117,RuleRow,731 rule row 472,OBSERVED_731,data/raw/x731_allgemein_Rev24.xlsx,,,472.0,,,,,,
RULE_6227ab044e95ca79,RuleRow,731 rule row 473,OBSERVED_731,data/raw/x731_allgemein_Rev24.xlsx,,,473.0,,,,,,
RULE_33b9aa2f7bfe8869,RuleRow,731 rule row 474,OBSERVED_731,data/raw/x731_allgemein_Rev24.xlsx,,,474.0,,,,,,
RULE_d50ac5d2e7cfe059,RuleRow,731 rule row 475,OBSERVED_731,data/raw/x731_allgemein_Rev24.xlsx,,,475.0,,,,,,
RULE_b30787f80b96df74,RuleRow,731 rule row 476,OBSERVED_731,data/raw/x731_allgemein_Rev24.xlsx,,,476.0,,,,,,
RULE_aa866de7022b8314,RuleRow,731 rule row 477,OBSERVED_731,data/raw/x731_allgemein_Rev24.xlsx,,,477.0,,,,,,
RULE_55c1c72977675a13,RuleRow,731 rule row 478,OBSERVED_731,data/raw/x731_allgemein_Rev24.xlsx,,,478.0,,,,,,
RULE_964629dfc402f5a4,RuleRow,731 rule row 479,OBSERVED_731,data/raw/x731_allgemein_Rev24.xlsx,,,479.0,,,,,,
RULE_e6a5f3e48076b974,RuleRow,731 rule row 480,OBSERVED_731,data/raw/x731_allgemein_Rev24.xlsx,,,480.0,,,,,,
RULE_f9b01f9cd6ccd5f8,RuleRow,731 rule row 481,OBSERVED_731,data/raw/x731_allgemein_Rev24.xlsx,,,481.0,,,,,,
RULE_8fb67c144cf3ecc6,RuleRow,731 rule row 482,OBSERVED_731,data/raw/x731_allgemein_Rev24.xlsx,,,482.0,,,,,,
RULE_92a111694df50ae2,RuleRow,731 rule row 483,OBSERVED_731,data/raw/x731_allgemein_Rev24.xlsx,,,483.0,,,,,,
RULE_67c036e21614268b,RuleRow,731 rule row 484,OBSERVED_731,data/raw/x731_allgemein_Rev24.xlsx,,,484.0,,,,,,
RULE_a46d78586c75f15d,RuleRow,731 rule row 485,OBSERVED_731,data/raw/x731_allgemein_Rev24.xlsx,,,485.0,,,,,,
RULE_3e75ee465f719041,RuleRow,731 rule row 486,OBSERVED_731,data/raw/x731_allgemein_Rev24.xlsx,,,486.0,,,,,,
RULE_3b7f3bea76cc02e3,RuleRow,731 rule row 487,OBSERVED_731,data/raw/x731_allgemein_Rev24.xlsx,,,487.0,,,,,,
RULE_5c3fcc1f8e7e36f7,RuleRow,731 rule row 488,OBSERVED_731,data/raw/x731_allgemein_Rev24.xlsx,,,488.0,,,,,,
RULE_6d0ab3a25ff7c43b,RuleRow,731 rule row 489,OBSERVED_731,data/raw/x731_allgemein_Rev24.xlsx,,,489.0,,,,,,
RULE_009bd33eb3c7492b,RuleRow,731 rule row 490,OBSERVED_731,data/raw/x731_allgemein_Rev24.xlsx,,,490.0,,,,,,
RULE_3930f29d2b861bc6,RuleRow,731 rule row 491,OBSERVED_731,data/raw/x731_allgemein_Rev24.xlsx,,,491.0,,,,,,
RULE_845779c283f0c8f1,RuleRow,731 rule row 492,OBSERVED_731,data/raw/x731_allgemein_Rev24.xlsx,,,492.0,,,,,,
RULE_28ef98d1b1abbc18,RuleRow,731 rule row 493,OBSERVED_731,data/raw/x731_allgemein_Rev24.xlsx,,,493.0,,,,,,
RULE_3813b8f53cb22a2a,RuleRow,731 rule row 494,OBSERVED_731,data/raw/x731_allgemein_Rev24.xlsx,,,494.0,,,,,,
RULE_b2031378da0fd9ef,RuleRow,731 rule row 495,OBSERVED_731,data/raw/x731_allgemein_Rev24.xlsx,,,495.0,,,,,,
RULE_58606719c703f71e,RuleRow,731 rule row 496,OBSERVED_731,data/raw/x731_allgemein_Rev24.xlsx,,,496.0,,,,,,
RULE_ae71ffd74ad9b346,RuleRow,731 rule row 497,OBSERVED_731,data/raw/x731_allgemein_Rev24.xlsx,,,497.0,,,,,,
RULE_413024ff81f1f6f1,RuleRow,731 rule row 498,OBSERVED_731,data/raw/x731_allgemein_Rev24.xlsx,,,498.0,,,,,,
RULE_6c4f4c4464bccf8b,RuleRow,731 rule row 499,OBSERVED_731,data/raw/x731_allgemein_Rev24.xlsx,,,499.0,,,,,,
RULE_a14f96dc920f0005,RuleRow,731 rule row 500,OBSERVED_731,data/raw/x731_allgemein_Rev24.xlsx,,,500.0,,,,,,
RULE_19c592cae9284e52,RuleRow,731 rule row 501,OBSERVED_731,data/raw/x731_allgemein_Rev24.xlsx,,,501.0,,,,,,
RULE_f017549c847162a9,RuleRow,731 rule row 502,OBSERVED_731,data/raw/x731_allgemein_Rev24.xlsx,,,502.0,,,,,,
RULE_0d5685739eb32e54,RuleRow,731 rule row 503,OBSERVED_731,data/raw/x731_allgemein_Rev24.xlsx,,,503.0,,,,,,
RULE_a45da94c6da6ee94,RuleRow,731 rule row 504,OBSERVED_731,data/raw/x731_allgemein_Rev24.xlsx,,,504.0,,,,,,
RULE_70bde1ec2f7cfaa9,RuleRow,731 rule row 505,OBSERVED_731,data/raw/x731_allgemein_Rev24.xlsx,,,505.0,,,,,,
RULE_b4fb0675b76d1f95,RuleRow,731 rule row 506,OBSERVED_731,data/raw/x731_allgemein_Rev24.xlsx,,,506.0,,,,,,
RULE_08240bb326bd7518,RuleRow,731 rule row 507,OBSERVED_731,data/raw/x731_allgemein_Rev24.xlsx,,,507.0,,,,,,
RULE_c81b855117384459,RuleRow,731 rule row 508,OBSERVED_731,data/raw/x731_allgemein_Rev24.xlsx,,,508.0,,,,,,
RULE_df46f0f5b5d3a282,RuleRow,731 rule row 509,OBSERVED_731,data/raw/x731_allgemein_Rev24.xlsx,,,509.0,,,,,,
RULE_64e27572c3380701,RuleRow,731 rule row 510,OBSERVED_731,data/raw/x731_allgemein_Rev24.xlsx,,,510.0,,,,,,
RULE_5ea81e1248b08a59,RuleRow,731 rule row 511,OBSERVED_731,data/raw/x731_allgemein_Rev24.xlsx,,,511.0,,,,,,
RULE_f85ae2e7f4b98f0a,RuleRow,731 rule row 512,OBSERVED_731,data/raw/x731_allgemein_Rev24.xlsx,,,512.0,,,,,,
RULE_00430b754aef197f,RuleRow,731 rule row 513,OBSERVED_731,data/raw/x731_allgemein_Rev24.xlsx,,,513.0,,,,,,
RULE_61143cef06733370,RuleRow,731 rule row 514,OBSERVED_731,data/raw/x731_allgemein_Rev24.xlsx,,,514.0,,,,,,
RULE_788da71ae38a52b5,RuleRow,731 rule row 515,OBSERVED_731,data/raw/x731_allgemein_Rev24.xlsx,,,515.0,,,,,,
RULE_fc6371eb0b6c78a4,RuleRow,731 rule row 516,OBSERVED_731,data/raw/x731_allgemein_Rev24.xlsx,,,516.0,,,,,,
RULE_32423fe90a8dc04f,RuleRow,731 rule row 517,OBSERVED_731,data/raw/x731_allgemein_Rev24.xlsx,,,517.0,,,,,,
RULE_40f45bccd1a4bb96,RuleRow,731 rule row 518,OBSERVED_731,data/raw/x731_allgemein_Rev24.xlsx,,,518.0,,,,,,
RULE_5f371fe1dd9c2ba2,RuleRow,731 rule row 519,OBSERVED_731,data/raw/x731_allgemein_Rev24.xlsx,,,519.0,,,,,,
RULE_9a4cdcab2f71b03f,RuleRow,731 rule row 520,OBSERVED_731,data/raw/x731_allgemein_Rev24.xlsx,,,520.0,,,,,,
RULE_8e8029fd9403f0cd,RuleRow,731 rule row 521,OBSERVED_731,data/raw/x731_allgemein_Rev24.xlsx,,,521.0,,,,,,
RULE_b13fede0103bbb07,RuleRow,731 rule row 522,OBSERVED_731,data/raw/x731_allgemein_Rev24.xlsx,,,522.0,,,,,,
RULE_ac96d172e7730f8a,RuleRow,731 rule row 523,OBSERVED_731,data/raw/x731_allgemein_Rev24.xlsx,,,523.0,,,,,,
RULE_0a07cf2ecece841e,RuleRow,731 rule row 524,OBSERVED_731,data/raw/x731_allgemein_Rev24.xlsx,,,524.0,,,,,,
RULE_a60c06defb3dc14d,RuleRow,731 rule row 525,OBSERVED_731,data/raw/x731_allgemein_Rev24.xlsx,,,525.0,,,,,,
RULE_7e5d35f2c5937a9d,RuleRow,731 rule row 526,OBSERVED_731,data/raw/x731_allgemein_Rev24.xlsx,,,526.0,,,,,,
RULE_2c68d7b1022ba309,RuleRow,731 rule row 527,OBSERVED_731,data/raw/x731_allgemein_Rev24.xlsx,,,527.0,,,,,,
RULE_5f405862ccdb7d8f,RuleRow,731 rule row 528,OBSERVED_731,data/raw/x731_allgemein_Rev24.xlsx,,,528.0,,,,,,
RULE_d7f3db0d36829804,RuleRow,731 rule row 529,OBSERVED_731,data/raw/x731_allgemein_Rev24.xlsx,,,529.0,,,,,,
VAL_e4c551758d8531c7,CharacteristicValue,3,OBSERVED_731,data/raw/x731_allgemein_Rev24.xlsx,,,,OrgUnitAreaOfDocument,3,,,,
VAL_92d510454ced4869,CharacteristicValue,"in {NOVALUE, 'G731VG'}",OBSERVED_731,data/raw/x731_allgemein_Rev24.xlsx,,,,packageFixed_dev,"in {NOVALUE, 'G731VG'}",,,,
FAMILY_e503a838e030f8e8,ConfigurationFamily,"in {NOVALUE, 'G731VG'}",OBSERVED_731,data/raw/x731_allgemein_Rev24.xlsx,,,,,,"in {NOVALUE, 'G731VG'}",,,
VAL_4c000f35a478c2ee,CharacteristicValue,'VG',OBSERVED_731,data/raw/x731_allgemein_Rev24.xlsx,,,,characteristic,'VG',,,,
VAL_2cc700baf79b5773,CharacteristicValue,"in {'NN', 'MT', 'MR'}",OBSERVED_731,data/raw/x731_allgemein_Rev24.xlsx,,,,dataInterface,"in {'NN', 'MT', 'MR'}",,,,
VAL_b14530d4dfc45c34,CharacteristicValue,1,OBSERVED_731,data/raw/x731_allgemein_Rev24.xlsx,,,,dev_advMeterVerification,1,,,,
VAL_f5228ee0479fbc32,CharacteristicValue,1,OBSERVED_731,data/raw/x731_allgemein_Rev24.xlsx,,,,dynamicGasMaster,1,,,,
RULE_6c2572b863a823b5,RuleRow,731 rule row 530,OBSERVED_731,data/raw/x731_allgemein_Rev24.xlsx,,,530.0,,,,,,
VAL_7f42bee9f80841c5,CharacteristicValue,'IS2',OBSERVED_731,data/raw/x731_allgemein_Rev24.xlsx,,,,stromEingaenge,'IS2',,,,
RULE_a671424f4d03af3b,RuleRow,731 rule row 531,OBSERVED_731,data/raw/x731_allgemein_Rev24.xlsx,,,531.0,,,,,,
RULE_ea7b27c35052e9ed,RuleRow,731 rule row 532,OBSERVED_731,data/raw/x731_allgemein_Rev24.xlsx,,,532.0,,,,,,
VAL_741bb14729542e79,CharacteristicValue,'CS1',OBSERVED_731,data/raw/x731_allgemein_Rev24.xlsx,,,,stromSchaltbar,'CS1',,,,
RULE_dad59bae6ba62ac7,RuleRow,731 rule row 533,OBSERVED_731,data/raw/x731_allgemein_Rev24.xlsx,,,533.0,,,,,,
VAL_c32dd71c380ac1e6,CharacteristicValue,"in {NOVALUE, 'F731PW'}",OBSERVED_731,data/raw/x731_allgemein_Rev24.xlsx,,,,packageFixed_dev,"in {NOVALUE, 'F731PW'}",,,,
FAMILY_d00fbce81ee19a5f,ConfigurationFamily,"in {NOVALUE, 'F731PW'}",OBSERVED_731,data/raw/x731_allgemein_Rev24.xlsx,,,,,,"in {NOVALUE, 'F731PW'}",,,
VAL_4faaa10b702ff653,CharacteristicValue,'PW',OBSERVED_731,data/raw/x731_allgemein_Rev24.xlsx,,,,characteristic,'PW',,,,
VAL_841cf2e5f0eef406,CharacteristicValue,"in {'NN', 'MR', 'BM', 'FF', 'PA'}",OBSERVED_731,data/raw/x731_allgemein_Rev24.xlsx,,,,dataInterface,"in {'NN', 'MR', 'BM', 'FF', 'PA'}",,,,
VAL_ecb6337cf30dd5b8,CharacteristicValue,"in {'CS1', 'CS2', 'CS4'}",OBSERVED_731,data/raw/x731_allgemein_Rev24.xlsx,,,,stromSchaltbar,"in {'CS1', 'CS2', 'CS4'}",,,,
RULE_98478fcd594ddba6,RuleRow,731 rule row 534,OBSERVED_731,data/raw/x731_allgemein_Rev24.xlsx,,,534.0,,,,,,
VAL_254e57ee0fef2a32,CharacteristicValue,"in {'NN', 'MR', 'BM', 'FF', 'PA', 'HS'}",OBSERVED_731,data/raw/x731_allgemein_Rev24.xlsx,,,,dataInterface,"in {'NN', 'MR', 'BM', 'FF', 'PA', 'HS'}",,,,
VAL_934f645c3adeefc1,CharacteristicValue,"in {'CS1', 'CS2'}",OBSERVED_731,data/raw/x731_allgemein_Rev24.xlsx,,,,stromSchaltbar,"in {'CS1', 'CS2'}",,,,
RULE_1455b97b07998db1,RuleRow,731 rule row 535,OBSERVED_731,data/raw/x731_allgemein_Rev24.xlsx,,,535.0,,,,,,
VAL_aacedeb7520e5ade,CharacteristicValue,"in {'MR', 'BM', 'FF', 'PA'}",OBSERVED_731,data/raw/x731_allgemein_Rev24.xlsx,,,,dataInterface,"in {'MR', 'BM', 'FF', 'PA'}",,,,
VAL_60773048e72b44a3,CharacteristicValue,"in {NOVALUE, 'CS1', 'CS2', 'CS4'}",OBSERVED_731,data/raw/x731_allgemein_Rev24.xlsx,,,,stromSchaltbar,"in {NOVALUE, 'CS1', 'CS2', 'CS4'}",,,,
RULE_03ff3d5a4b9dea84,RuleRow,731 rule row 536,OBSERVED_731,data/raw/x731_allgemein_Rev24.xlsx,,,536.0,,,,,,
VAL_2bd92f4ca047b653,CharacteristicValue,"in {'MR', 'BM', 'FF', 'PA', 'HS'}",OBSERVED_731,data/raw/x731_allgemein_Rev24.xlsx,,,,dataInterface,"in {'MR', 'BM', 'FF', 'PA', 'HS'}",,,,
RULE_c72a612c54618880,RuleRow,731 rule row 537,OBSERVED_731,data/raw/x731_allgemein_Rev24.xlsx,,,537.0,,,,,,
RULE_d8dd81820fc06580,RuleRow,731 rule row 538,OBSERVED_731,data/raw/x731_allgemein_Rev24.xlsx,,,538.0,,,,,,
RULE_3cb942fee67c99c6,RuleRow,731 rule row 539,OBSERVED_731,data/raw/x731_allgemein_Rev24.xlsx,,,539.0,,,,,,
RULE_13a21ddbe7ddf887,RuleRow,731 rule row 540,OBSERVED_731,data/raw/x731_allgemein_Rev24.xlsx,,,540.0,,,,,,
RULE_8992cb8215ec6170,RuleRow,731 rule row 541,OBSERVED_731,data/raw/x731_allgemein_Rev24.xlsx,,,541.0,,,,,,
VAL_3ce5bc0fecd7ec85,CharacteristicValue,"in {'NN', 'MT', 'MR', 'BM', 'BT', 'FF', 'PA'}",OBSERVED_731,data/raw/x731_allgemein_Rev24.xlsx,,,,dataInterface,"in {'NN', 'MT', 'MR', 'BM', 'BT', 'FF', 'PA'}",,,,
RULE_67c05ce20925af8e,RuleRow,731 rule row 542,OBSERVED_731,data/raw/x731_allgemein_Rev24.xlsx,,,542.0,,,,,,
VAL_fc0b31b20cc1b243,CharacteristicValue,"in {'NN', 'MT', 'MR', 'BM', 'BT', 'FF', 'PA', 'HS'}",OBSERVED_731,data/raw/x731_allgemein_Rev24.xlsx,,,,dataInterface,"in {'NN', 'MT', 'MR', 'BM', 'BT', 'FF', 'PA', 'HS'}",,,,
RULE_69f97c92256e2320,RuleRow,731 rule row 543,OBSERVED_731,data/raw/x731_allgemein_Rev24.xlsx,,,543.0,,,,,,
VAL_9bdb5a85e9790977,CharacteristicValue,"in {'MT', 'MR', 'BM', 'BT', 'FF', 'PA'}",OBSERVED_731,data/raw/x731_allgemein_Rev24.xlsx,,,,dataInterface,"in {'MT', 'MR', 'BM', 'BT', 'FF', 'PA'}",,,,
RULE_a16b3e1d0a7d4f71,RuleRow,731 rule row 544,OBSERVED_731,data/raw/x731_allgemein_Rev24.xlsx,,,544.0,,,,,,
VAL_bf9b64ba5cd078a1,CharacteristicValue,"in {'MT', 'MR', 'BM', 'BT', 'FF', 'PA', 'HS'}",OBSERVED_731,data/raw/x731_allgemein_Rev24.xlsx,,,,dataInterface,"in {'MT', 'MR', 'BM', 'BT', 'FF', 'PA', 'HS'}",,,,
RULE_979bb579eca0e7fc,RuleRow,731 rule row 545,OBSERVED_731,data/raw/x731_allgemein_Rev24.xlsx,,,545.0,,,,,,
VAL_f1aac39c0c7e80b0,CharacteristicValue,'ST',OBSERVED_731,data/raw/x731_allgemein_Rev24.xlsx,,,,housing,'ST',,,,
VAL_c80c6e22b0355105,CharacteristicValue,'4',OBSERVED_731,data/raw/x731_allgemein_Rev24.xlsx,,,,powerSupply,'4',,,,
VAL_b6c58ebfd13048e6,CharacteristicValue,'MN',OBSERVED_731,data/raw/x731_allgemein_Rev24.xlsx,,,,certification,'MN',,,,
RULE_d8cd2cc028ff6707,RuleRow,731 rule row 546,OBSERVED_731,data/raw/x731_allgemein_Rev24.xlsx,,,546.0,,,,,,
RULE_140638890f28310b,RuleRow,731 rule row 547,OBSERVED_731,data/raw/x731_allgemein_Rev24.xlsx,,,547.0,,,,,,
RULE_2b2d52d70b398afa,RuleRow,731 rule row 548,OBSERVED_731,data/raw/x731_allgemein_Rev24.xlsx,,,548.0,,,,,,
RULE_79ffdd0b82d74293,RuleRow,731 rule row 549,OBSERVED_731,data/raw/x731_allgemein_Rev24.xlsx,,,549.0,,,,,,
RULE_f0ecd223d2579ccf,RuleRow,731 rule row 550,OBSERVED_731,data/raw/x731_allgemein_Rev24.xlsx,,,550.0,,,,,,
RULE_1dfff2e30353e595,RuleRow,731 rule row 551,OBSERVED_731,data/raw/x731_allgemein_Rev24.xlsx,,,551.0,,,,,,
RULE_c639378f7401d5a2,RuleRow,731 rule row 552,OBSERVED_731,data/raw/x731_allgemein_Rev24.xlsx,,,552.0,,,,,,
RULE_02484595eeaa57db,RuleRow,731 rule row 553,OBSERVED_731,data/raw/x731_allgemein_Rev24.xlsx,,,553.0,,,,,,
RULE_e190863c8d60b385,RuleRow,731 rule row 554,OBSERVED_731,data/raw/x731_allgemein_Rev24.xlsx,,,554.0,,,,,,
RULE_150049a8abd9bd63,RuleRow,731 rule row 555,OBSERVED_731,data/raw/x731_allgemein_Rev24.xlsx,,,555.0,,,,,,
RULE_4c676e9fa10d6da2,RuleRow,731 rule row 556,OBSERVED_731,data/raw/x731_allgemein_Rev24.xlsx,,,556.0,,,,,,
RULE_da6b0fd71ff71244,RuleRow,731 rule row 557,OBSERVED_731,data/raw/x731_allgemein_Rev24.xlsx,,,557.0,,,,,,
RULE_e9529f5bf2bfe3fe,RuleRow,731 rule row 558,OBSERVED_731,data/raw/x731_allgemein_Rev24.xlsx,,,558.0,,,,,,
RULE_d5402b95cb699e6a,RuleRow,731 rule row 559,OBSERVED_731,data/raw/x731_allgemein_Rev24.xlsx,,,559.0,,,,,,
RULE_ff3a2ac0aa13e40b,RuleRow,731 rule row 560,OBSERVED_731,data/raw/x731_allgemein_Rev24.xlsx,,,560.0,,,,,,
RULE_1ae0b339127e97bd,RuleRow,731 rule row 561,OBSERVED_731,data/raw/x731_allgemein_Rev24.xlsx,,,561.0,,,,,,
RULE_491455fce426d029,RuleRow,731 rule row 562,OBSERVED_731,data/raw/x731_allgemein_Rev24.xlsx,,,562.0,,,,,,
RULE_c5599a4ea79aa367,RuleRow,731 rule row 563,OBSERVED_731,data/raw/x731_allgemein_Rev24.xlsx,,,563.0,,,,,,
RULE_6dcf1b0e529696e0,RuleRow,731 rule row 564,OBSERVED_731,data/raw/x731_allgemein_Rev24.xlsx,,,564.0,,,,,,
RULE_d5a40932f65bc046,RuleRow,731 rule row 565,OBSERVED_731,data/raw/x731_allgemein_Rev24.xlsx,,,565.0,,,,,,
RULE_313bdf0abe45e493,RuleRow,731 rule row 566,OBSERVED_731,data/raw/x731_allgemein_Rev24.xlsx,,,566.0,,,,,,
RULE_8d1542cf9d76a65d,RuleRow,731 rule row 567,OBSERVED_731,data/raw/x731_allgemein_Rev24.xlsx,,,567.0,,,,,,
RULE_d2a15ea333f01e01,RuleRow,731 rule row 568,OBSERVED_731,data/raw/x731_allgemein_Rev24.xlsx,,,568.0,,,,,,
RULE_8a44849e2c580906,RuleRow,731 rule row 569,OBSERVED_731,data/raw/x731_allgemein_Rev24.xlsx,,,569.0,,,,,,
RULE_9511ef15aa9f71ba,RuleRow,731 rule row 570,OBSERVED_731,data/raw/x731_allgemein_Rev24.xlsx,,,570.0,,,,,,
RULE_b8018b497cdef37a,RuleRow,731 rule row 571,OBSERVED_731,data/raw/x731_allgemein_Rev24.xlsx,,,571.0,,,,,,
RULE_905de4f9cf37d6eb,RuleRow,731 rule row 572,OBSERVED_731,data/raw/x731_allgemein_Rev24.xlsx,,,572.0,,,,,,
RULE_289da00aa52acd65,RuleRow,731 rule row 573,OBSERVED_731,data/raw/x731_allgemein_Rev24.xlsx,,,573.0,,,,,,
RULE_1531a06d1d1561ff,RuleRow,731 rule row 574,OBSERVED_731,data/raw/x731_allgemein_Rev24.xlsx,,,574.0,,,,,,
RULE_5df6c68c1598b06f,RuleRow,731 rule row 575,OBSERVED_731,data/raw/x731_allgemein_Rev24.xlsx,,,575.0,,,,,,
RULE_991b59e2656c4a96,RuleRow,731 rule row 576,OBSERVED_731,data/raw/x731_allgemein_Rev24.xlsx,,,576.0,,,,,,
RULE_2128f1ae40ddaae8,RuleRow,731 rule row 577,OBSERVED_731,data/raw/x731_allgemein_Rev24.xlsx,,,577.0,,,,,,
RULE_cec21a5d681d2652,RuleRow,731 rule row 578,OBSERVED_731,data/raw/x731_allgemein_Rev24.xlsx,,,578.0,,,,,,
RULE_8df44d8f472b3b73,RuleRow,731 rule row 579,OBSERVED_731,data/raw/x731_allgemein_Rev24.xlsx,,,579.0,,,,,,
RULE_cc8b576fbc0bddf6,RuleRow,731 rule row 580,OBSERVED_731,data/raw/x731_allgemein_Rev24.xlsx,,,580.0,,,,,,
RULE_36e5fc7d426cdeee,RuleRow,731 rule row 581,OBSERVED_731,data/raw/x731_allgemein_Rev24.xlsx,,,581.0,,,,,,
RULE_8bf1278be418980c,RuleRow,731 rule row 582,OBSERVED_731,data/raw/x731_allgemein_Rev24.xlsx,,,582.0,,,,,,
RULE_1e4a82d04427282a,RuleRow,731 rule row 583,OBSERVED_731,data/raw/x731_allgemein_Rev24.xlsx,,,583.0,,,,,,
VAL_a7445004ed948359,CharacteristicValue,'A',OBSERVED_731,data/raw/x731_allgemein_Rev24.xlsx,,,,explosionApproval,'A',,,,
RULE_9d720d2b1d383220,RuleRow,731 rule row 584,OBSERVED_731,data/raw/x731_allgemein_Rev24.xlsx,,,584.0,,,,,,
RULE_71d06be318403fc3,RuleRow,731 rule row 585,OBSERVED_731,data/raw/x731_allgemein_Rev24.xlsx,,,585.0,,,,,,
RULE_640c87d1c19956ac,RuleRow,731 rule row 586,OBSERVED_731,data/raw/x731_allgemein_Rev24.xlsx,,,586.0,,,,,,
RULE_12cca96f089d2026,RuleRow,731 rule row 587,OBSERVED_731,data/raw/x731_allgemein_Rev24.xlsx,,,587.0,,,,,,
RULE_435ed9b08a8bc22c,RuleRow,731 rule row 588,OBSERVED_731,data/raw/x731_allgemein_Rev24.xlsx,,,588.0,,,,,,
RULE_895a3baa1526836c,RuleRow,731 rule row 589,OBSERVED_731,data/raw/x731_allgemein_Rev24.xlsx,,,589.0,,,,,,
RULE_16af1f8ae2fdafa9,RuleRow,731 rule row 590,OBSERVED_731,data/raw/x731_allgemein_Rev24.xlsx,,,590.0,,,,,,
RULE_4b35590e8d8e280f,RuleRow,731 rule row 591,OBSERVED_731,data/raw/x731_allgemein_Rev24.xlsx,,,591.0,,,,,,
RULE_fed8e8591a973497,RuleRow,731 rule row 592,OBSERVED_731,data/raw/x731_allgemein_Rev24.xlsx,,,592.0,,,,,,
RULE_ae594b3c4132a242,RuleRow,731 rule row 593,OBSERVED_731,data/raw/x731_allgemein_Rev24.xlsx,,,593.0,,,,,,
RULE_5dfc9b4f11b1c5d0,RuleRow,731 rule row 594,OBSERVED_731,data/raw/x731_allgemein_Rev24.xlsx,,,594.0,,,,,,
RULE_4595639ffe88ebac,RuleRow,731 rule row 595,OBSERVED_731,data/raw/x731_allgemein_Rev24.xlsx,,,595.0,,,,,,
RULE_fc051eca13e6c3ff,RuleRow,731 rule row 596,OBSERVED_731,data/raw/x731_allgemein_Rev24.xlsx,,,596.0,,,,,,
RULE_ec089b993b5dec26,RuleRow,731 rule row 597,OBSERVED_731,data/raw/x731_allgemein_Rev24.xlsx,,,597.0,,,,,,
RULE_935fdf0c6198a128,RuleRow,731 rule row 598,OBSERVED_731,data/raw/x731_allgemein_Rev24.xlsx,,,598.0,,,,,,
RULE_a6d4e833e9007018,RuleRow,731 rule row 599,OBSERVED_731,data/raw/x731_allgemein_Rev24.xlsx,,,599.0,,,,,,
RULE_26a46ef111dd86e6,RuleRow,731 rule row 600,OBSERVED_731,data/raw/x731_allgemein_Rev24.xlsx,,,600.0,,,,,,
RULE_73d748634e1d9a20,RuleRow,731 rule row 601,OBSERVED_731,data/raw/x731_allgemein_Rev24.xlsx,,,601.0,,,,,,
RULE_519b33751f6e282c,RuleRow,731 rule row 602,OBSERVED_731,data/raw/x731_allgemein_Rev24.xlsx,,,602.0,,,,,,
RULE_fdef48c223fa3f66,RuleRow,731 rule row 603,OBSERVED_731,data/raw/x731_allgemein_Rev24.xlsx,,,603.0,,,,,,
RULE_c868fe0279a86605,RuleRow,731 rule row 604,OBSERVED_731,data/raw/x731_allgemein_Rev24.xlsx,,,604.0,,,,,,
RULE_5c824be4c7edffff,RuleRow,731 rule row 605,OBSERVED_731,data/raw/x731_allgemein_Rev24.xlsx,,,605.0,,,,,,
RULE_dab51a6f2c42d1cd,RuleRow,731 rule row 606,OBSERVED_731,data/raw/x731_allgemein_Rev24.xlsx,,,606.0,,,,,,
RULE_03eca7b158041382,RuleRow,731 rule row 607,OBSERVED_731,data/raw/x731_allgemein_Rev24.xlsx,,,607.0,,,,,,
RULE_7a9c023b97a7e068,RuleRow,731 rule row 608,OBSERVED_731,data/raw/x731_allgemein_Rev24.xlsx,,,608.0,,,,,,
RULE_014bae9c44e8336b,RuleRow,731 rule row 609,OBSERVED_731,data/raw/x731_allgemein_Rev24.xlsx,,,609.0,,,,,,
RULE_4502a3e82abb7e3a,RuleRow,731 rule row 610,OBSERVED_731,data/raw/x731_allgemein_Rev24.xlsx,,,610.0,,,,,,
RULE_94b7ba8e429c0ef3,RuleRow,731 rule row 611,OBSERVED_731,data/raw/x731_allgemein_Rev24.xlsx,,,611.0,,,,,,
RULE_38be7fc5b8535713,RuleRow,731 rule row 612,OBSERVED_731,data/raw/x731_allgemein_Rev24.xlsx,,,612.0,,,,,,
RULE_bfdb10b19f325d9f,RuleRow,731 rule row 613,OBSERVED_731,data/raw/x731_allgemein_Rev24.xlsx,,,613.0,,,,,,
RULE_fb5ef4435003bdb1,RuleRow,731 rule row 614,OBSERVED_731,data/raw/x731_allgemein_Rev24.xlsx,,,614.0,,,,,,
RULE_1568391bccec2c03,RuleRow,731 rule row 615,OBSERVED_731,data/raw/x731_allgemein_Rev24.xlsx,,,615.0,,,,,,
RULE_3f0d1415a0912838,RuleRow,731 rule row 616,OBSERVED_731,data/raw/x731_allgemein_Rev24.xlsx,,,616.0,,,,,,
RULE_ebe9acc3364ba068,RuleRow,731 rule row 617,OBSERVED_731,data/raw/x731_allgemein_Rev24.xlsx,,,617.0,,,,,,
RULE_ea4f964287d02109,RuleRow,731 rule row 618,OBSERVED_731,data/raw/x731_allgemein_Rev24.xlsx,,,618.0,,,,,,
RULE_f009795d5536f070,RuleRow,731 rule row 619,OBSERVED_731,data/raw/x731_allgemein_Rev24.xlsx,,,619.0,,,,,,
RULE_fc87dc3fd050496e,RuleRow,731 rule row 620,OBSERVED_731,data/raw/x731_allgemein_Rev24.xlsx,,,620.0,,,,,,
RULE_52c0551003bb12bb,RuleRow,731 rule row 621,OBSERVED_731,data/raw/x731_allgemein_Rev24.xlsx,,,621.0,,,,,,
RULE_1baec666b6751568,RuleRow,731 rule row 622,OBSERVED_731,data/raw/x731_allgemein_Rev24.xlsx,,,622.0,,,,,,
RULE_ed83067293fb1bc9,RuleRow,731 rule row 623,OBSERVED_731,data/raw/x731_allgemein_Rev24.xlsx,,,623.0,,,,,,
RULE_9089d59ddd98e6ad,RuleRow,731 rule row 624,OBSERVED_731,data/raw/x731_allgemein_Rev24.xlsx,,,624.0,,,,,,
RULE_b78aef1a2438e256,RuleRow,731 rule row 625,OBSERVED_731,data/raw/x731_allgemein_Rev24.xlsx,,,625.0,,,,,,
RULE_daa937ef4f9b23a3,RuleRow,731 rule row 626,OBSERVED_731,data/raw/x731_allgemein_Rev24.xlsx,,,626.0,,,,,,
RULE_020a3a0df81086da,RuleRow,731 rule row 627,OBSERVED_731,data/raw/x731_allgemein_Rev24.xlsx,,,627.0,,,,,,
RULE_377f63e44a5f0d30,RuleRow,731 rule row 628,OBSERVED_731,data/raw/x731_allgemein_Rev24.xlsx,,,628.0,,,,,,
RULE_d22669f18e8b9936,RuleRow,731 rule row 629,OBSERVED_731,data/raw/x731_allgemein_Rev24.xlsx,,,629.0,,,,,,
RULE_dd7400a8a160c70d,RuleRow,731 rule row 630,OBSERVED_731,data/raw/x731_allgemein_Rev24.xlsx,,,630.0,,,,,,
RULE_300e54b2e797541b,RuleRow,731 rule row 631,OBSERVED_731,data/raw/x731_allgemein_Rev24.xlsx,,,631.0,,,,,,
RULE_9c60dc32ddf40b89,RuleRow,731 rule row 632,OBSERVED_731,data/raw/x731_allgemein_Rev24.xlsx,,,632.0,,,,,,
RULE_6a663462a57558a8,RuleRow,731 rule row 633,OBSERVED_731,data/raw/x731_allgemein_Rev24.xlsx,,,633.0,,,,,,
RULE_765cee784643b7ba,RuleRow,731 rule row 634,OBSERVED_731,data/raw/x731_allgemein_Rev24.xlsx,,,634.0,,,,,,
RULE_a56ba279aac0189b,RuleRow,731 rule row 635,OBSERVED_731,data/raw/x731_allgemein_Rev24.xlsx,,,635.0,,,,,,
RULE_8017bac50e9467e0,RuleRow,731 rule row 636,OBSERVED_731,data/raw/x731_allgemein_Rev24.xlsx,,,636.0,,,,,,
RULE_5787ac049c567512,RuleRow,731 rule row 637,OBSERVED_731,data/raw/x731_allgemein_Rev24.xlsx,,,637.0,,,,,,
RULE_3a7ec3275b8aad35,RuleRow,731 rule row 638,OBSERVED_731,data/raw/x731_allgemein_Rev24.xlsx,,,638.0,,,,,,
RULE_39bfdd25056d51f1,RuleRow,731 rule row 639,OBSERVED_731,data/raw/x731_allgemein_Rev24.xlsx,,,639.0,,,,,,
RULE_8ea0ffbbeb915b2d,RuleRow,731 rule row 640,OBSERVED_731,data/raw/x731_allgemein_Rev24.xlsx,,,640.0,,,,,,
RULE_40f78ada0ca22369,RuleRow,731 rule row 641,OBSERVED_731,data/raw/x731_allgemein_Rev24.xlsx,,,641.0,,,,,,
RULE_9e31fd8fd219ecdc,RuleRow,731 rule row 642,OBSERVED_731,data/raw/x731_allgemein_Rev24.xlsx,,,642.0,,,,,,
RULE_db5e361a48ff249a,RuleRow,731 rule row 643,OBSERVED_731,data/raw/x731_allgemein_Rev24.xlsx,,,643.0,,,,,,
RULE_e63145829ada1d5b,RuleRow,731 rule row 644,OBSERVED_731,data/raw/x731_allgemein_Rev24.xlsx,,,644.0,,,,,,
RULE_25b4b83ff45a8132,RuleRow,731 rule row 645,OBSERVED_731,data/raw/x731_allgemein_Rev24.xlsx,,,645.0,,,,,,
RULE_fdd02e4eb5ed4712,RuleRow,731 rule row 646,OBSERVED_731,data/raw/x731_allgemein_Rev24.xlsx,,,646.0,,,,,,
RULE_25a43a6758267ddb,RuleRow,731 rule row 647,OBSERVED_731,data/raw/x731_allgemein_Rev24.xlsx,,,647.0,,,,,,
RULE_51e5e92b23c1b385,RuleRow,731 rule row 648,OBSERVED_731,data/raw/x731_allgemein_Rev24.xlsx,,,648.0,,,,,,
RULE_911d9999d8490e57,RuleRow,731 rule row 649,OBSERVED_731,data/raw/x731_allgemein_Rev24.xlsx,,,649.0,,,,,,
RULE_d47b44692030dc50,RuleRow,731 rule row 650,OBSERVED_731,data/raw/x731_allgemein_Rev24.xlsx,,,650.0,,,,,,
RULE_00c694f5e9b2188d,RuleRow,731 rule row 651,OBSERVED_731,data/raw/x731_allgemein_Rev24.xlsx,,,651.0,,,,,,
RULE_46be1eda48eb8a02,RuleRow,731 rule row 652,OBSERVED_731,data/raw/x731_allgemein_Rev24.xlsx,,,652.0,,,,,,
RULE_223efe9dbe997936,RuleRow,731 rule row 653,OBSERVED_731,data/raw/x731_allgemein_Rev24.xlsx,,,653.0,,,,,,
RULE_8ecf2d914510985a,RuleRow,731 rule row 654,OBSERVED_731,data/raw/x731_allgemein_Rev24.xlsx,,,654.0,,,,,,
RULE_9cadd46cfd9788c6,RuleRow,731 rule row 655,OBSERVED_731,data/raw/x731_allgemein_Rev24.xlsx,,,655.0,,,,,,
RULE_bf7238d73194f310,RuleRow,731 rule row 656,OBSERVED_731,data/raw/x731_allgemein_Rev24.xlsx,,,656.0,,,,,,
RULE_a0505985164c2527,RuleRow,731 rule row 657,OBSERVED_731,data/raw/x731_allgemein_Rev24.xlsx,,,657.0,,,,,,
RULE_527094d2a0ccaffb,RuleRow,731 rule row 658,OBSERVED_731,data/raw/x731_allgemein_Rev24.xlsx,,,658.0,,,,,,
RULE_0677aa303406f71f,RuleRow,731 rule row 659,OBSERVED_731,data/raw/x731_allgemein_Rev24.xlsx,,,659.0,,,,,,
RULE_6d62eb7e8a840fc8,RuleRow,731 rule row 660,OBSERVED_731,data/raw/x731_allgemein_Rev24.xlsx,,,660.0,,,,,,
RULE_91591478a2043546,RuleRow,731 rule row 661,OBSERVED_731,data/raw/x731_allgemein_Rev24.xlsx,,,661.0,,,,,,
RULE_2bcb699b903c3b26,RuleRow,731 rule row 662,OBSERVED_731,data/raw/x731_allgemein_Rev24.xlsx,,,662.0,,,,,,
RULE_da3ccb7de01d81a5,RuleRow,731 rule row 663,OBSERVED_731,data/raw/x731_allgemein_Rev24.xlsx,,,663.0,,,,,,
RULE_c4575c4217ec8ac8,RuleRow,731 rule row 664,OBSERVED_731,data/raw/x731_allgemein_Rev24.xlsx,,,664.0,,,,,,
RULE_4158f20b2700decf,RuleRow,731 rule row 665,OBSERVED_731,data/raw/x731_allgemein_Rev24.xlsx,,,665.0,,,,,,
RULE_db1fb09db35f65fc,RuleRow,731 rule row 666,OBSERVED_731,data/raw/x731_allgemein_Rev24.xlsx,,,666.0,,,,,,
RULE_642262bf856cae28,RuleRow,731 rule row 667,OBSERVED_731,data/raw/x731_allgemein_Rev24.xlsx,,,667.0,,,,,,
RULE_eaf3abf7c8314f6b,RuleRow,731 rule row 668,OBSERVED_731,data/raw/x731_allgemein_Rev24.xlsx,,,668.0,,,,,,
RULE_e2447bd4c1d38200,RuleRow,731 rule row 669,OBSERVED_731,data/raw/x731_allgemein_Rev24.xlsx,,,669.0,,,,,,
RULE_83c105cb3488f859,RuleRow,731 rule row 670,OBSERVED_731,data/raw/x731_allgemein_Rev24.xlsx,,,670.0,,,,,,
RULE_ccec7bb40612f34f,RuleRow,731 rule row 671,OBSERVED_731,data/raw/x731_allgemein_Rev24.xlsx,,,671.0,,,,,,
RULE_f82b193c4fcc38fc,RuleRow,731 rule row 672,OBSERVED_731,data/raw/x731_allgemein_Rev24.xlsx,,,672.0,,,,,,
RULE_a5dbbdd448878606,RuleRow,731 rule row 673,OBSERVED_731,data/raw/x731_allgemein_Rev24.xlsx,,,673.0,,,,,,
RULE_1a8f1963acdd1851,RuleRow,731 rule row 674,OBSERVED_731,data/raw/x731_allgemein_Rev24.xlsx,,,674.0,,,,,,
RULE_04de9dc94e7f0c62,RuleRow,731 rule row 675,OBSERVED_731,data/raw/x731_allgemein_Rev24.xlsx,,,675.0,,,,,,
RULE_0a5a6bfb2046a64e,RuleRow,731 rule row 676,OBSERVED_731,data/raw/x731_allgemein_Rev24.xlsx,,,676.0,,,,,,
RULE_a6b68eff9189ecf2,RuleRow,731 rule row 677,OBSERVED_731,data/raw/x731_allgemein_Rev24.xlsx,,,677.0,,,,,,
RULE_9591e531ca0c3456,RuleRow,731 rule row 678,OBSERVED_731,data/raw/x731_allgemein_Rev24.xlsx,,,678.0,,,,,,
RULE_50c5923d76c913ec,RuleRow,731 rule row 679,OBSERVED_731,data/raw/x731_allgemein_Rev24.xlsx,,,679.0,,,,,,
RULE_d4e3a2d77e738cd8,RuleRow,731 rule row 680,OBSERVED_731,data/raw/x731_allgemein_Rev24.xlsx,,,680.0,,,,,,
RULE_70b20f3a14a5d6ba,RuleRow,731 rule row 681,OBSERVED_731,data/raw/x731_allgemein_Rev24.xlsx,,,681.0,,,,,,
RULE_9d423fa63817fc9f,RuleRow,731 rule row 682,OBSERVED_731,data/raw/x731_allgemein_Rev24.xlsx,,,682.0,,,,,,
RULE_65fc8aef4e500057,RuleRow,731 rule row 683,OBSERVED_731,data/raw/x731_allgemein_Rev24.xlsx,,,683.0,,,,,,
RULE_4f469d7911397ef3,RuleRow,731 rule row 684,OBSERVED_731,data/raw/x731_allgemein_Rev24.xlsx,,,684.0,,,,,,
RULE_435af12a54c7fde9,RuleRow,731 rule row 685,OBSERVED_731,data/raw/x731_allgemein_Rev24.xlsx,,,685.0,,,,,,
RULE_9c96361f9f989853,RuleRow,731 rule row 686,OBSERVED_731,data/raw/x731_allgemein_Rev24.xlsx,,,686.0,,,,,,
RULE_5f859caa0a4e4388,RuleRow,731 rule row 687,OBSERVED_731,data/raw/x731_allgemein_Rev24.xlsx,,,687.0,,,,,,
RULE_e7c65fbcbd9e62f9,RuleRow,731 rule row 688,OBSERVED_731,data/raw/x731_allgemein_Rev24.xlsx,,,688.0,,,,,,
RULE_90810ddd0482a5db,RuleRow,731 rule row 689,OBSERVED_731,data/raw/x731_allgemein_Rev24.xlsx,,,689.0,,,,,,
RULE_b7d13248bda91d40,RuleRow,731 rule row 690,OBSERVED_731,data/raw/x731_allgemein_Rev24.xlsx,,,690.0,,,,,,
RULE_d9f5e2ea0605bec5,RuleRow,731 rule row 691,OBSERVED_731,data/raw/x731_allgemein_Rev24.xlsx,,,691.0,,,,,,
RULE_515345a6b9470fac,RuleRow,731 rule row 692,OBSERVED_731,data/raw/x731_allgemein_Rev24.xlsx,,,692.0,,,,,,
RULE_df3de0346f1e7d87,RuleRow,731 rule row 693,OBSERVED_731,data/raw/x731_allgemein_Rev24.xlsx,,,693.0,,,,,,
RULE_df961e3b7bd0be51,RuleRow,731 rule row 694,OBSERVED_731,data/raw/x731_allgemein_Rev24.xlsx,,,694.0,,,,,,
RULE_dac545aadc3978e9,RuleRow,731 rule row 695,OBSERVED_731,data/raw/x731_allgemein_Rev24.xlsx,,,695.0,,,,,,
RULE_62d955807b5eb8b7,RuleRow,731 rule row 696,OBSERVED_731,data/raw/x731_allgemein_Rev24.xlsx,,,696.0,,,,,,
RULE_8903f54abfdb0d29,RuleRow,731 rule row 697,OBSERVED_731,data/raw/x731_allgemein_Rev24.xlsx,,,697.0,,,,,,
RULE_28261384c2a9f6af,RuleRow,731 rule row 698,OBSERVED_731,data/raw/x731_allgemein_Rev24.xlsx,,,698.0,,,,,,
RULE_b6296c64b4626426,RuleRow,731 rule row 699,OBSERVED_731,data/raw/x731_allgemein_Rev24.xlsx,,,699.0,,,,,,
RULE_b64d95553903603a,RuleRow,731 rule row 700,OBSERVED_731,data/raw/x731_allgemein_Rev24.xlsx,,,700.0,,,,,,
RULE_ed276549ca91e2d0,RuleRow,731 rule row 701,OBSERVED_731,data/raw/x731_allgemein_Rev24.xlsx,,,701.0,,,,,,
RULE_37bc098ceffc235a,RuleRow,731 rule row 702,OBSERVED_731,data/raw/x731_allgemein_Rev24.xlsx,,,702.0,,,,,,
RULE_3c0fc867d78e2a41,RuleRow,731 rule row 703,OBSERVED_731,data/raw/x731_allgemein_Rev24.xlsx,,,703.0,,,,,,
RULE_a53dad7cce53ff59,RuleRow,731 rule row 704,OBSERVED_731,data/raw/x731_allgemein_Rev24.xlsx,,,704.0,,,,,,
RULE_faf61d3c046b58a0,RuleRow,731 rule row 705,OBSERVED_731,data/raw/x731_allgemein_Rev24.xlsx,,,705.0,,,,,,
RULE_039ece512cf69d6d,RuleRow,731 rule row 706,OBSERVED_731,data/raw/x731_allgemein_Rev24.xlsx,,,706.0,,,,,,
RULE_51861efc1266bcf9,RuleRow,731 rule row 707,OBSERVED_731,data/raw/x731_allgemein_Rev24.xlsx,,,707.0,,,,,,
RULE_b9aa665d0e1ad040,RuleRow,731 rule row 708,OBSERVED_731,data/raw/x731_allgemein_Rev24.xlsx,,,708.0,,,,,,
RULE_d8a4b4e3935f772c,RuleRow,731 rule row 709,OBSERVED_731,data/raw/x731_allgemein_Rev24.xlsx,,,709.0,,,,,,
RULE_55d970712cc02de7,RuleRow,731 rule row 710,OBSERVED_731,data/raw/x731_allgemein_Rev24.xlsx,,,710.0,,,,,,
RULE_5143b207a32af5ea,RuleRow,731 rule row 711,OBSERVED_731,data/raw/x731_allgemein_Rev24.xlsx,,,711.0,,,,,,
RULE_75a82ad6bd7fad06,RuleRow,731 rule row 712,OBSERVED_731,data/raw/x731_allgemein_Rev24.xlsx,,,712.0,,,,,,
RULE_49e9bfb4887c34c6,RuleRow,731 rule row 713,OBSERVED_731,data/raw/x731_allgemein_Rev24.xlsx,,,713.0,,,,,,
RULE_00fb8c6f69b60535,RuleRow,731 rule row 714,OBSERVED_731,data/raw/x731_allgemein_Rev24.xlsx,,,714.0,,,,,,
RULE_1dd77cc637920cad,RuleRow,731 rule row 715,OBSERVED_731,data/raw/x731_allgemein_Rev24.xlsx,,,715.0,,,,,,
RULE_3fb35d35a120cf68,RuleRow,731 rule row 716,OBSERVED_731,data/raw/x731_allgemein_Rev24.xlsx,,,716.0,,,,,,
RULE_0dd0ff140dcda5fb,RuleRow,731 rule row 717,OBSERVED_731,data/raw/x731_allgemein_Rev24.xlsx,,,717.0,,,,,,
RULE_e91316d1934c76bf,RuleRow,731 rule row 718,OBSERVED_731,data/raw/x731_allgemein_Rev24.xlsx,,,718.0,,,,,,
RULE_b1d810a2d4805c89,RuleRow,731 rule row 719,OBSERVED_731,data/raw/x731_allgemein_Rev24.xlsx,,,719.0,,,,,,
RULE_fc7f67df31034d11,RuleRow,731 rule row 720,OBSERVED_731,data/raw/x731_allgemein_Rev24.xlsx,,,720.0,,,,,,
RULE_7dec76597feacd5d,RuleRow,731 rule row 721,OBSERVED_731,data/raw/x731_allgemein_Rev24.xlsx,,,721.0,,,,,,
RULE_f4b0388a1e6d6985,RuleRow,731 rule row 722,OBSERVED_731,data/raw/x731_allgemein_Rev24.xlsx,,,722.0,,,,,,
RULE_3b8d4cebd11a93c7,RuleRow,731 rule row 723,OBSERVED_731,data/raw/x731_allgemein_Rev24.xlsx,,,723.0,,,,,,
RULE_fac8bac8469c1357,RuleRow,731 rule row 724,OBSERVED_731,data/raw/x731_allgemein_Rev24.xlsx,,,724.0,,,,,,
RULE_36a0dc04a0fef8bc,RuleRow,731 rule row 725,OBSERVED_731,data/raw/x731_allgemein_Rev24.xlsx,,,725.0,,,,,,
RULE_16e97c9e7ec3c01e,RuleRow,731 rule row 726,OBSERVED_731,data/raw/x731_allgemein_Rev24.xlsx,,,726.0,,,,,,
RULE_3057447b62b74b05,RuleRow,731 rule row 727,OBSERVED_731,data/raw/x731_allgemein_Rev24.xlsx,,,727.0,,,,,,
RULE_1edd3222f6a83818,RuleRow,731 rule row 728,OBSERVED_731,data/raw/x731_allgemein_Rev24.xlsx,,,728.0,,,,,,
RULE_04fd486bcba8d362,RuleRow,731 rule row 729,OBSERVED_731,data/raw/x731_allgemein_Rev24.xlsx,,,729.0,,,,,,
RULE_0bd843ac0dcdc338,RuleRow,731 rule row 730,OBSERVED_731,data/raw/x731_allgemein_Rev24.xlsx,,,730.0,,,,,,
RULE_0e137a37fb0f98de,RuleRow,731 rule row 731,OBSERVED_731,data/raw/x731_allgemein_Rev24.xlsx,,,731.0,,,,,,
RULE_f0d1ed559bfbc12f,RuleRow,731 rule row 732,OBSERVED_731,data/raw/x731_allgemein_Rev24.xlsx,,,732.0,,,,,,
RULE_46f07fd6e77f33ba,RuleRow,731 rule row 733,OBSERVED_731,data/raw/x731_allgemein_Rev24.xlsx,,,733.0,,,,,,
RULE_2d8fbe8cf9816e3c,RuleRow,731 rule row 734,OBSERVED_731,data/raw/x731_allgemein_Rev24.xlsx,,,734.0,,,,,,
RULE_d8c1ffffb5b4cc3d,RuleRow,731 rule row 735,OBSERVED_731,data/raw/x731_allgemein_Rev24.xlsx,,,735.0,,,,,,
RULE_723585ae80be8038,RuleRow,731 rule row 736,OBSERVED_731,data/raw/x731_allgemein_Rev24.xlsx,,,736.0,,,,,,
RULE_6014fa434ac9a9f4,RuleRow,731 rule row 737,OBSERVED_731,data/raw/x731_allgemein_Rev24.xlsx,,,737.0,,,,,,
RULE_bd8212f813151958,RuleRow,731 rule row 738,OBSERVED_731,data/raw/x731_allgemein_Rev24.xlsx,,,738.0,,,,,,
RULE_90f1df5d25590e3c,RuleRow,731 rule row 739,OBSERVED_731,data/raw/x731_allgemein_Rev24.xlsx,,,739.0,,,,,,
RULE_965f2cc6fc3ea37d,RuleRow,731 rule row 740,OBSERVED_731,data/raw/x731_allgemein_Rev24.xlsx,,,740.0,,,,,,
RULE_41b285399bc3f1a5,RuleRow,731 rule row 741,OBSERVED_731,data/raw/x731_allgemein_Rev24.xlsx,,,741.0,,,,,,
RULE_86622ea6d160e9bf,RuleRow,731 rule row 742,OBSERVED_731,data/raw/x731_allgemein_Rev24.xlsx,,,742.0,,,,,,
RULE_85c7fa2d606e48d5,RuleRow,731 rule row 743,OBSERVED_731,data/raw/x731_allgemein_Rev24.xlsx,,,743.0,,,,,,
RULE_4b1b40f4e37a236c,RuleRow,731 rule row 744,OBSERVED_731,data/raw/x731_allgemein_Rev24.xlsx,,,744.0,,,,,,
RULE_2fdd07629da3d4f4,RuleRow,731 rule row 745,OBSERVED_731,data/raw/x731_allgemein_Rev24.xlsx,,,745.0,,,,,,
RULE_196576a52da505e0,RuleRow,731 rule row 746,OBSERVED_731,data/raw/x731_allgemein_Rev24.xlsx,,,746.0,,,,,,
RULE_077c210f2d032a93,RuleRow,731 rule row 747,OBSERVED_731,data/raw/x731_allgemein_Rev24.xlsx,,,747.0,,,,,,
RULE_3cf3d311e2eb5800,RuleRow,731 rule row 748,OBSERVED_731,data/raw/x731_allgemein_Rev24.xlsx,,,748.0,,,,,,
RULE_a07e1d2a8af96194,RuleRow,731 rule row 749,OBSERVED_731,data/raw/x731_allgemein_Rev24.xlsx,,,749.0,,,,,,
RULE_5ca70622a7cd8808,RuleRow,731 rule row 750,OBSERVED_731,data/raw/x731_allgemein_Rev24.xlsx,,,750.0,,,,,,
RULE_02022dfe9a5b1c85,RuleRow,731 rule row 751,OBSERVED_731,data/raw/x731_allgemein_Rev24.xlsx,,,751.0,,,,,,
RULE_b2c33265bf35e5aa,RuleRow,731 rule row 752,OBSERVED_731,data/raw/x731_allgemein_Rev24.xlsx,,,752.0,,,,,,
RULE_cdbace15e9bfc5bb,RuleRow,731 rule row 753,OBSERVED_731,data/raw/x731_allgemein_Rev24.xlsx,,,753.0,,,,,,
RULE_a25e15a5ea11fc7c,RuleRow,731 rule row 754,OBSERVED_731,data/raw/x731_allgemein_Rev24.xlsx,,,754.0,,,,,,
RULE_0968fecd94d83c9f,RuleRow,731 rule row 755,OBSERVED_731,data/raw/x731_allgemein_Rev24.xlsx,,,755.0,,,,,,
RULE_2e4328c87c0e63d5,RuleRow,731 rule row 756,OBSERVED_731,data/raw/x731_allgemein_Rev24.xlsx,,,756.0,,,,,,
RULE_7b55e8c71e8ba4ef,RuleRow,731 rule row 757,OBSERVED_731,data/raw/x731_allgemein_Rev24.xlsx,,,757.0,,,,,,
RULE_325ccc337342dc67,RuleRow,731 rule row 758,OBSERVED_731,data/raw/x731_allgemein_Rev24.xlsx,,,758.0,,,,,,
RULE_a0480c2aac9563ec,RuleRow,731 rule row 759,OBSERVED_731,data/raw/x731_allgemein_Rev24.xlsx,,,759.0,,,,,,
RULE_10f52c71c7cd25f0,RuleRow,731 rule row 760,OBSERVED_731,data/raw/x731_allgemein_Rev24.xlsx,,,760.0,,,,,,
RULE_8439871b94a53e66,RuleRow,731 rule row 761,OBSERVED_731,data/raw/x731_allgemein_Rev24.xlsx,,,761.0,,,,,,
RULE_07b69185687174f3,RuleRow,731 rule row 762,OBSERVED_731,data/raw/x731_allgemein_Rev24.xlsx,,,762.0,,,,,,
RULE_4d6333c9f921aa83,RuleRow,731 rule row 763,OBSERVED_731,data/raw/x731_allgemein_Rev24.xlsx,,,763.0,,,,,,
RULE_19db7324fc282325,RuleRow,731 rule row 764,OBSERVED_731,data/raw/x731_allgemein_Rev24.xlsx,,,764.0,,,,,,
RULE_0c3f5e312af409dd,RuleRow,731 rule row 765,OBSERVED_731,data/raw/x731_allgemein_Rev24.xlsx,,,765.0,,,,,,
RULE_39ea84c626a0d293,RuleRow,731 rule row 766,OBSERVED_731,data/raw/x731_allgemein_Rev24.xlsx,,,766.0,,,,,,
RULE_57113954152087a8,RuleRow,731 rule row 767,OBSERVED_731,data/raw/x731_allgemein_Rev24.xlsx,,,767.0,,,,,,
RULE_e119a02a173a62cf,RuleRow,731 rule row 768,OBSERVED_731,data/raw/x731_allgemein_Rev24.xlsx,,,768.0,,,,,,
RULE_091c83b7feb7f07b,RuleRow,731 rule row 769,OBSERVED_731,data/raw/x731_allgemein_Rev24.xlsx,,,769.0,,,,,,
RULE_db9c891014017770,RuleRow,731 rule row 770,OBSERVED_731,data/raw/x731_allgemein_Rev24.xlsx,,,770.0,,,,,,
RULE_2513da107be02588,RuleRow,731 rule row 771,OBSERVED_731,data/raw/x731_allgemein_Rev24.xlsx,,,771.0,,,,,,
RULE_11004dcf84b4b9a7,RuleRow,731 rule row 772,OBSERVED_731,data/raw/x731_allgemein_Rev24.xlsx,,,772.0,,,,,,
RULE_d84d778cb8d0fbd5,RuleRow,731 rule row 773,OBSERVED_731,data/raw/x731_allgemein_Rev24.xlsx,,,773.0,,,,,,
RULE_9a04c71e26f6e013,RuleRow,731 rule row 774,OBSERVED_731,data/raw/x731_allgemein_Rev24.xlsx,,,774.0,,,,,,
RULE_09062f10f4322800,RuleRow,731 rule row 775,OBSERVED_731,data/raw/x731_allgemein_Rev24.xlsx,,,775.0,,,,,,
RULE_1551e45318416180,RuleRow,731 rule row 776,OBSERVED_731,data/raw/x731_allgemein_Rev24.xlsx,,,776.0,,,,,,
RULE_d38109126703b3e2,RuleRow,731 rule row 777,OBSERVED_731,data/raw/x731_allgemein_Rev24.xlsx,,,777.0,,,,,,
RULE_dbffec44c2e50afd,RuleRow,731 rule row 778,OBSERVED_731,data/raw/x731_allgemein_Rev24.xlsx,,,778.0,,,,,,
RULE_68ada1d4608cc8f2,RuleRow,731 rule row 779,OBSERVED_731,data/raw/x731_allgemein_Rev24.xlsx,,,779.0,,,,,,
RULE_5bfd2b86b194ef05,RuleRow,731 rule row 780,OBSERVED_731,data/raw/x731_allgemein_Rev24.xlsx,,,780.0,,,,,,
RULE_67bc8caf40ff2b53,RuleRow,731 rule row 781,OBSERVED_731,data/raw/x731_allgemein_Rev24.xlsx,,,781.0,,,,,,
RULE_305b95a6f2f452e3,RuleRow,731 rule row 782,OBSERVED_731,data/raw/x731_allgemein_Rev24.xlsx,,,782.0,,,,,,
RULE_eab4e61cd42c5d41,RuleRow,731 rule row 783,OBSERVED_731,data/raw/x731_allgemein_Rev24.xlsx,,,783.0,,,,,,
RULE_53f300f23d428654,RuleRow,731 rule row 784,OBSERVED_731,data/raw/x731_allgemein_Rev24.xlsx,,,784.0,,,,,,
RULE_94d330cc049aa3c0,RuleRow,731 rule row 785,OBSERVED_731,data/raw/x731_allgemein_Rev24.xlsx,,,785.0,,,,,,
RULE_101968e9dba1dc50,RuleRow,731 rule row 786,OBSERVED_731,data/raw/x731_allgemein_Rev24.xlsx,,,786.0,,,,,,
RULE_5df868125268b785,RuleRow,731 rule row 787,OBSERVED_731,data/raw/x731_allgemein_Rev24.xlsx,,,787.0,,,,,,
RULE_1319ab4dfa48fa36,RuleRow,731 rule row 788,OBSERVED_731,data/raw/x731_allgemein_Rev24.xlsx,,,788.0,,,,,,
RULE_5de2b07f5bc5a8bf,RuleRow,731 rule row 789,OBSERVED_731,data/raw/x731_allgemein_Rev24.xlsx,,,789.0,,,,,,
RULE_7800fca0ca943b8a,RuleRow,731 rule row 790,OBSERVED_731,data/raw/x731_allgemein_Rev24.xlsx,,,790.0,,,,,,
RULE_0cfab4012500f7b0,RuleRow,731 rule row 791,OBSERVED_731,data/raw/x731_allgemein_Rev24.xlsx,,,791.0,,,,,,
RULE_322749c3ca5fc1c3,RuleRow,731 rule row 792,OBSERVED_731,data/raw/x731_allgemein_Rev24.xlsx,,,792.0,,,,,,
RULE_d438a3b05827ee2d,RuleRow,731 rule row 793,OBSERVED_731,data/raw/x731_allgemein_Rev24.xlsx,,,793.0,,,,,,
RULE_b35901273075f374,RuleRow,731 rule row 794,OBSERVED_731,data/raw/x731_allgemein_Rev24.xlsx,,,794.0,,,,,,
RULE_c3420c82e94cb2fd,RuleRow,731 rule row 795,OBSERVED_731,data/raw/x731_allgemein_Rev24.xlsx,,,795.0,,,,,,
RULE_51ea8e39cec37836,RuleRow,731 rule row 796,OBSERVED_731,data/raw/x731_allgemein_Rev24.xlsx,,,796.0,,,,,,
RULE_f2c3b9489eb78a0a,RuleRow,731 rule row 797,OBSERVED_731,data/raw/x731_allgemein_Rev24.xlsx,,,797.0,,,,,,
RULE_fc35ead8a228d516,RuleRow,731 rule row 798,OBSERVED_731,data/raw/x731_allgemein_Rev24.xlsx,,,798.0,,,,,,
RULE_dca91e6131490393,RuleRow,731 rule row 799,OBSERVED_731,data/raw/x731_allgemein_Rev24.xlsx,,,799.0,,,,,,
RULE_57e7da38016ad994,RuleRow,731 rule row 800,OBSERVED_731,data/raw/x731_allgemein_Rev24.xlsx,,,800.0,,,,,,
RULE_6f3930e65e8da8b4,RuleRow,731 rule row 801,OBSERVED_731,data/raw/x731_allgemein_Rev24.xlsx,,,801.0,,,,,,
RULE_01cf4bc69bdb5678,RuleRow,731 rule row 802,OBSERVED_731,data/raw/x731_allgemein_Rev24.xlsx,,,802.0,,,,,,
RULE_4adfbd6bb28134fd,RuleRow,731 rule row 803,OBSERVED_731,data/raw/x731_allgemein_Rev24.xlsx,,,803.0,,,,,,
RULE_d5fe285c9104661e,RuleRow,731 rule row 804,OBSERVED_731,data/raw/x731_allgemein_Rev24.xlsx,,,804.0,,,,,,
RULE_1d5b2521c17e4aff,RuleRow,731 rule row 805,OBSERVED_731,data/raw/x731_allgemein_Rev24.xlsx,,,805.0,,,,,,
RULE_05368695f3b4c753,RuleRow,731 rule row 806,OBSERVED_731,data/raw/x731_allgemein_Rev24.xlsx,,,806.0,,,,,,
RULE_9db3ed35bed5abc7,RuleRow,731 rule row 807,OBSERVED_731,data/raw/x731_allgemein_Rev24.xlsx,,,807.0,,,,,,
RULE_7f15d37a96a5baf0,RuleRow,731 rule row 808,OBSERVED_731,data/raw/x731_allgemein_Rev24.xlsx,,,808.0,,,,,,
RULE_10cae1991f6d4f7b,RuleRow,731 rule row 809,OBSERVED_731,data/raw/x731_allgemein_Rev24.xlsx,,,809.0,,,,,,
RULE_8aee07d5c5e240af,RuleRow,731 rule row 810,OBSERVED_731,data/raw/x731_allgemein_Rev24.xlsx,,,810.0,,,,,,
RULE_fa8d4796f14af638,RuleRow,731 rule row 811,OBSERVED_731,data/raw/x731_allgemein_Rev24.xlsx,,,811.0,,,,,,
RULE_4fdc2dc4e9432644,RuleRow,731 rule row 812,OBSERVED_731,data/raw/x731_allgemein_Rev24.xlsx,,,812.0,,,,,,
RULE_2ec79d6ebadc277d,RuleRow,731 rule row 813,OBSERVED_731,data/raw/x731_allgemein_Rev24.xlsx,,,813.0,,,,,,
RULE_ed1c26dc3ec27904,RuleRow,731 rule row 814,OBSERVED_731,data/raw/x731_allgemein_Rev24.xlsx,,,814.0,,,,,,
RULE_343c0f1f5659c832,RuleRow,731 rule row 815,OBSERVED_731,data/raw/x731_allgemein_Rev24.xlsx,,,815.0,,,,,,
RULE_225181e614bbbefd,RuleRow,731 rule row 816,OBSERVED_731,data/raw/x731_allgemein_Rev24.xlsx,,,816.0,,,,,,
RULE_0024090f62be81a6,RuleRow,731 rule row 817,OBSERVED_731,data/raw/x731_allgemein_Rev24.xlsx,,,817.0,,,,,,
RULE_6f6527b20c905799,RuleRow,731 rule row 818,OBSERVED_731,data/raw/x731_allgemein_Rev24.xlsx,,,818.0,,,,,,
RULE_f44d3e0134380064,RuleRow,731 rule row 819,OBSERVED_731,data/raw/x731_allgemein_Rev24.xlsx,,,819.0,,,,,,
RULE_70e7ed7ffcbcd4a7,RuleRow,731 rule row 820,OBSERVED_731,data/raw/x731_allgemein_Rev24.xlsx,,,820.0,,,,,,
RULE_0622a61b6b03302c,RuleRow,731 rule row 821,OBSERVED_731,data/raw/x731_allgemein_Rev24.xlsx,,,821.0,,,,,,
RULE_bdfa035298bbe605,RuleRow,731 rule row 822,OBSERVED_731,data/raw/x731_allgemein_Rev24.xlsx,,,822.0,,,,,,
RULE_d15eeffcb7486ff0,RuleRow,731 rule row 823,OBSERVED_731,data/raw/x731_allgemein_Rev24.xlsx,,,823.0,,,,,,
RULE_e8031244374de6ef,RuleRow,731 rule row 824,OBSERVED_731,data/raw/x731_allgemein_Rev24.xlsx,,,824.0,,,,,,
RULE_cf5112bb94d7d501,RuleRow,731 rule row 825,OBSERVED_731,data/raw/x731_allgemein_Rev24.xlsx,,,825.0,,,,,,
RULE_6995569c3b527074,RuleRow,731 rule row 826,OBSERVED_731,data/raw/x731_allgemein_Rev24.xlsx,,,826.0,,,,,,
RULE_a2aabeeb5b7d9e4f,RuleRow,731 rule row 827,OBSERVED_731,data/raw/x731_allgemein_Rev24.xlsx,,,827.0,,,,,,
RULE_288bf8b8f98c6859,RuleRow,731 rule row 828,OBSERVED_731,data/raw/x731_allgemein_Rev24.xlsx,,,828.0,,,,,,
RULE_c650bf98b0fa8384,RuleRow,731 rule row 829,OBSERVED_731,data/raw/x731_allgemein_Rev24.xlsx,,,829.0,,,,,,
RULE_dc6e24bc20cccbd3,RuleRow,731 rule row 830,OBSERVED_731,data/raw/x731_allgemein_Rev24.xlsx,,,830.0,,,,,,
RULE_d9e25deb61b72d9a,RuleRow,731 rule row 831,OBSERVED_731,data/raw/x731_allgemein_Rev24.xlsx,,,831.0,,,,,,
RULE_8f407c1e8fc34ed7,RuleRow,731 rule row 832,OBSERVED_731,data/raw/x731_allgemein_Rev24.xlsx,,,832.0,,,,,,
RULE_b7d02b8ac73e17dc,RuleRow,731 rule row 833,OBSERVED_731,data/raw/x731_allgemein_Rev24.xlsx,,,833.0,,,,,,
RULE_b39cf7154de1afed,RuleRow,731 rule row 834,OBSERVED_731,data/raw/x731_allgemein_Rev24.xlsx,,,834.0,,,,,,
RULE_2fe21e907187ba04,RuleRow,731 rule row 835,OBSERVED_731,data/raw/x731_allgemein_Rev24.xlsx,,,835.0,,,,,,
VAL_f18dc6de3d27f9bd,CharacteristicValue,'1',OBSERVED_731,data/raw/x731_allgemein_Rev24.xlsx,,,,powerSupply,'1',,,,
VAL_e49c251ba72794fe,CharacteristicValue,'CN',OBSERVED_731,data/raw/x731_allgemein_Rev24.xlsx,,,,certification,'CN',,,,
RULE_b0aa2a9c53a02676,RuleRow,731 rule row 836,OBSERVED_731,data/raw/x731_allgemein_Rev24.xlsx,,,836.0,,,,,,
RULE_a2fa9ecb2a9aa84d,RuleRow,731 rule row 837,OBSERVED_731,data/raw/x731_allgemein_Rev24.xlsx,,,837.0,,,,,,
RULE_cf7841da846af248,RuleRow,731 rule row 838,OBSERVED_731,data/raw/x731_allgemein_Rev24.xlsx,,,838.0,,,,,,
RULE_07dd50124f84536c,RuleRow,731 rule row 839,OBSERVED_731,data/raw/x731_allgemein_Rev24.xlsx,,,839.0,,,,,,
RULE_b097b79d64ca11cb,RuleRow,731 rule row 840,OBSERVED_731,data/raw/x731_allgemein_Rev24.xlsx,,,840.0,,,,,,
RULE_b231fbb560cd3b0e,RuleRow,731 rule row 841,OBSERVED_731,data/raw/x731_allgemein_Rev24.xlsx,,,841.0,,,,,,
RULE_d39ecc56dc9673f9,RuleRow,731 rule row 842,OBSERVED_731,data/raw/x731_allgemein_Rev24.xlsx,,,842.0,,,,,,
RULE_2fcfd350390b3344,RuleRow,731 rule row 843,OBSERVED_731,data/raw/x731_allgemein_Rev24.xlsx,,,843.0,,,,,,
RULE_f29130b5520bb858,RuleRow,731 rule row 844,OBSERVED_731,data/raw/x731_allgemein_Rev24.xlsx,,,844.0,,,,,,
RULE_3b1261b61816ee43,RuleRow,731 rule row 845,OBSERVED_731,data/raw/x731_allgemein_Rev24.xlsx,,,845.0,,,,,,
VAL_d2dbd800e78d5f5a,CharacteristicValue,'K',OBSERVED_731,data/raw/x731_allgemein_Rev24.xlsx,,,,explosionApproval,'K',,,,
RULE_32520fa986059ac5,RuleRow,731 rule row 846,OBSERVED_731,data/raw/x731_allgemein_Rev24.xlsx,,,846.0,,,,,,
RULE_b4b5ab17c0102318,RuleRow,731 rule row 847,OBSERVED_731,data/raw/x731_allgemein_Rev24.xlsx,,,847.0,,,,,,
RULE_99aec52541659a16,RuleRow,731 rule row 848,OBSERVED_731,data/raw/x731_allgemein_Rev24.xlsx,,,848.0,,,,,,
RULE_bf5c78224f5bd6d9,RuleRow,731 rule row 849,OBSERVED_731,data/raw/x731_allgemein_Rev24.xlsx,,,849.0,,,,,,
RULE_c55f0072e553b9e8,RuleRow,731 rule row 850,OBSERVED_731,data/raw/x731_allgemein_Rev24.xlsx,,,850.0,,,,,,
RULE_da68c728501eda65,RuleRow,731 rule row 851,OBSERVED_731,data/raw/x731_allgemein_Rev24.xlsx,,,851.0,,,,,,
RULE_d3d85cc9cf5cff35,RuleRow,731 rule row 852,OBSERVED_731,data/raw/x731_allgemein_Rev24.xlsx,,,852.0,,,,,,
RULE_b97635b345a2c7cf,RuleRow,731 rule row 853,OBSERVED_731,data/raw/x731_allgemein_Rev24.xlsx,,,853.0,,,,,,
RULE_3d2aa71870a0c612,RuleRow,731 rule row 854,OBSERVED_731,data/raw/x731_allgemein_Rev24.xlsx,,,854.0,,,,,,
RULE_0581f5ff85fbd0c1,RuleRow,731 rule row 855,OBSERVED_731,data/raw/x731_allgemein_Rev24.xlsx,,,855.0,,,,,,
RULE_29089b179a37157d,RuleRow,731 rule row 856,OBSERVED_731,data/raw/x731_allgemein_Rev24.xlsx,,,856.0,,,,,,
RULE_7ec2abab88813e3e,RuleRow,731 rule row 857,OBSERVED_731,data/raw/x731_allgemein_Rev24.xlsx,,,857.0,,,,,,
RULE_16b60b901dece864,RuleRow,731 rule row 858,OBSERVED_731,data/raw/x731_allgemein_Rev24.xlsx,,,858.0,,,,,,
RULE_f55de8759bd845b6,RuleRow,731 rule row 859,OBSERVED_731,data/raw/x731_allgemein_Rev24.xlsx,,,859.0,,,,,,
RULE_e7d4366e9cf69c3c,RuleRow,731 rule row 860,OBSERVED_731,data/raw/x731_allgemein_Rev24.xlsx,,,860.0,,,,,,
RULE_881fc1aae0719d38,RuleRow,731 rule row 861,OBSERVED_731,data/raw/x731_allgemein_Rev24.xlsx,,,861.0,,,,,,
RULE_340014d0dce83e49,RuleRow,731 rule row 862,OBSERVED_731,data/raw/x731_allgemein_Rev24.xlsx,,,862.0,,,,,,
RULE_67d60a7ed7768702,RuleRow,731 rule row 863,OBSERVED_731,data/raw/x731_allgemein_Rev24.xlsx,,,863.0,,,,,,
RULE_aa5bdd1d1eecf980,RuleRow,731 rule row 864,OBSERVED_731,data/raw/x731_allgemein_Rev24.xlsx,,,864.0,,,,,,
RULE_5cf4eb0248e93933,RuleRow,731 rule row 865,OBSERVED_731,data/raw/x731_allgemein_Rev24.xlsx,,,865.0,,,,,,
RULE_2cd0e42c3909cfbc,RuleRow,731 rule row 866,OBSERVED_731,data/raw/x731_allgemein_Rev24.xlsx,,,866.0,,,,,,
RULE_a4358bb147406565,RuleRow,731 rule row 867,OBSERVED_731,data/raw/x731_allgemein_Rev24.xlsx,,,867.0,,,,,,
RULE_d5fd4416642666e6,RuleRow,731 rule row 868,OBSERVED_731,data/raw/x731_allgemein_Rev24.xlsx,,,868.0,,,,,,
RULE_d45cacfdb62b1188,RuleRow,731 rule row 869,OBSERVED_731,data/raw/x731_allgemein_Rev24.xlsx,,,869.0,,,,,,
RULE_1b1eb3aace176d89,RuleRow,731 rule row 870,OBSERVED_731,data/raw/x731_allgemein_Rev24.xlsx,,,870.0,,,,,,
RULE_f382ba08f41b2120,RuleRow,731 rule row 871,OBSERVED_731,data/raw/x731_allgemein_Rev24.xlsx,,,871.0,,,,,,
RULE_9d027494946f3329,RuleRow,731 rule row 872,OBSERVED_731,data/raw/x731_allgemein_Rev24.xlsx,,,872.0,,,,,,
RULE_93d9f9d3dc359a0c,RuleRow,731 rule row 873,OBSERVED_731,data/raw/x731_allgemein_Rev24.xlsx,,,873.0,,,,,,
RULE_a7559b4e7b4f431c,RuleRow,731 rule row 874,OBSERVED_731,data/raw/x731_allgemein_Rev24.xlsx,,,874.0,,,,,,
RULE_ecf0d56456a39a34,RuleRow,731 rule row 875,OBSERVED_731,data/raw/x731_allgemein_Rev24.xlsx,,,875.0,,,,,,
RULE_4cb8d84124d06b95,RuleRow,731 rule row 876,OBSERVED_731,data/raw/x731_allgemein_Rev24.xlsx,,,876.0,,,,,,
RULE_786bf0b026e329ef,RuleRow,731 rule row 877,OBSERVED_731,data/raw/x731_allgemein_Rev24.xlsx,,,877.0,,,,,,
RULE_2d4b97f14738e5bf,RuleRow,731 rule row 878,OBSERVED_731,data/raw/x731_allgemein_Rev24.xlsx,,,878.0,,,,,,
RULE_c708ca715bf07677,RuleRow,731 rule row 879,OBSERVED_731,data/raw/x731_allgemein_Rev24.xlsx,,,879.0,,,,,,
RULE_ac7e2cce41f75a51,RuleRow,731 rule row 880,OBSERVED_731,data/raw/x731_allgemein_Rev24.xlsx,,,880.0,,,,,,
RULE_fce4684d117ffde9,RuleRow,731 rule row 881,OBSERVED_731,data/raw/x731_allgemein_Rev24.xlsx,,,881.0,,,,,,
RULE_61e9f5f52141db78,RuleRow,731 rule row 882,OBSERVED_731,data/raw/x731_allgemein_Rev24.xlsx,,,882.0,,,,,,
RULE_fc5bde3c5cb819b7,RuleRow,731 rule row 883,OBSERVED_731,data/raw/x731_allgemein_Rev24.xlsx,,,883.0,,,,,,
RULE_2fd20681dd2fdb36,RuleRow,731 rule row 884,OBSERVED_731,data/raw/x731_allgemein_Rev24.xlsx,,,884.0,,,,,,
RULE_bc1d1f810cc39cbd,RuleRow,731 rule row 885,OBSERVED_731,data/raw/x731_allgemein_Rev24.xlsx,,,885.0,,,,,,
RULE_83af1e31be63fc3e,RuleRow,731 rule row 886,OBSERVED_731,data/raw/x731_allgemein_Rev24.xlsx,,,886.0,,,,,,
RULE_5185b983f5a8fab6,RuleRow,731 rule row 887,OBSERVED_731,data/raw/x731_allgemein_Rev24.xlsx,,,887.0,,,,,,
RULE_5c7fc696a6742f30,RuleRow,731 rule row 888,OBSERVED_731,data/raw/x731_allgemein_Rev24.xlsx,,,888.0,,,,,,
RULE_b2ff0e0270cf0d80,RuleRow,731 rule row 889,OBSERVED_731,data/raw/x731_allgemein_Rev24.xlsx,,,889.0,,,,,,
RULE_7b70b46ce30491b5,RuleRow,731 rule row 890,OBSERVED_731,data/raw/x731_allgemein_Rev24.xlsx,,,890.0,,,,,,
RULE_811881788b0c15d3,RuleRow,731 rule row 891,OBSERVED_731,data/raw/x731_allgemein_Rev24.xlsx,,,891.0,,,,,,
RULE_f91ed11451787e65,RuleRow,731 rule row 892,OBSERVED_731,data/raw/x731_allgemein_Rev24.xlsx,,,892.0,,,,,,
RULE_8e6adc111eb088ee,RuleRow,731 rule row 893,OBSERVED_731,data/raw/x731_allgemein_Rev24.xlsx,,,893.0,,,,,,
RULE_d669fcedd41dad7f,RuleRow,731 rule row 894,OBSERVED_731,data/raw/x731_allgemein_Rev24.xlsx,,,894.0,,,,,,
RULE_d21c623d71579634,RuleRow,731 rule row 895,OBSERVED_731,data/raw/x731_allgemein_Rev24.xlsx,,,895.0,,,,,,
RULE_ddcaaeb4b5cbbbc9,RuleRow,731 rule row 896,OBSERVED_731,data/raw/x731_allgemein_Rev24.xlsx,,,896.0,,,,,,
RULE_1c3c4f31f25e7daa,RuleRow,731 rule row 897,OBSERVED_731,data/raw/x731_allgemein_Rev24.xlsx,,,897.0,,,,,,
RULE_5453eed2bb4b761a,RuleRow,731 rule row 898,OBSERVED_731,data/raw/x731_allgemein_Rev24.xlsx,,,898.0,,,,,,
RULE_92a3cc5380790d04,RuleRow,731 rule row 899,OBSERVED_731,data/raw/x731_allgemein_Rev24.xlsx,,,899.0,,,,,,
RULE_ebe026fe497ca97c,RuleRow,731 rule row 900,OBSERVED_731,data/raw/x731_allgemein_Rev24.xlsx,,,900.0,,,,,,
RULE_9e51b69a5e4ad7e2,RuleRow,731 rule row 901,OBSERVED_731,data/raw/x731_allgemein_Rev24.xlsx,,,901.0,,,,,,
RULE_dd723d4b4241eabe,RuleRow,731 rule row 902,OBSERVED_731,data/raw/x731_allgemein_Rev24.xlsx,,,902.0,,,,,,
RULE_cefb986f8377bbca,RuleRow,731 rule row 903,OBSERVED_731,data/raw/x731_allgemein_Rev24.xlsx,,,903.0,,,,,,
RULE_3227f70bc3a05e23,RuleRow,731 rule row 904,OBSERVED_731,data/raw/x731_allgemein_Rev24.xlsx,,,904.0,,,,,,
RULE_b55e1faba59d2eeb,RuleRow,731 rule row 905,OBSERVED_731,data/raw/x731_allgemein_Rev24.xlsx,,,905.0,,,,,,
RULE_b062877e83ca4cf9,RuleRow,731 rule row 906,OBSERVED_731,data/raw/x731_allgemein_Rev24.xlsx,,,906.0,,,,,,
RULE_2d2d43b9a30a4e8e,RuleRow,731 rule row 907,OBSERVED_731,data/raw/x731_allgemein_Rev24.xlsx,,,907.0,,,,,,
RULE_bdf706204e05d158,RuleRow,731 rule row 908,OBSERVED_731,data/raw/x731_allgemein_Rev24.xlsx,,,908.0,,,,,,
RULE_0ddecb1b4a97b324,RuleRow,731 rule row 909,OBSERVED_731,data/raw/x731_allgemein_Rev24.xlsx,,,909.0,,,,,,
RULE_866eba42adb562c7,RuleRow,731 rule row 910,OBSERVED_731,data/raw/x731_allgemein_Rev24.xlsx,,,910.0,,,,,,
RULE_b80a450046a17768,RuleRow,731 rule row 911,OBSERVED_731,data/raw/x731_allgemein_Rev24.xlsx,,,911.0,,,,,,
RULE_f0e541510f1e3a04,RuleRow,731 rule row 912,OBSERVED_731,data/raw/x731_allgemein_Rev24.xlsx,,,912.0,,,,,,
RULE_d0612e59fdb604c5,RuleRow,731 rule row 913,OBSERVED_731,data/raw/x731_allgemein_Rev24.xlsx,,,913.0,,,,,,
RULE_3b707511ee340828,RuleRow,731 rule row 914,OBSERVED_731,data/raw/x731_allgemein_Rev24.xlsx,,,914.0,,,,,,
RULE_b511931db943fcc6,RuleRow,731 rule row 915,OBSERVED_731,data/raw/x731_allgemein_Rev24.xlsx,,,915.0,,,,,,
RULE_d917b3e9ed2ce82a,RuleRow,731 rule row 916,OBSERVED_731,data/raw/x731_allgemein_Rev24.xlsx,,,916.0,,,,,,
RULE_7a0580c1cb630e82,RuleRow,731 rule row 917,OBSERVED_731,data/raw/x731_allgemein_Rev24.xlsx,,,917.0,,,,,,
RULE_4430859f64cb6286,RuleRow,731 rule row 918,OBSERVED_731,data/raw/x731_allgemein_Rev24.xlsx,,,918.0,,,,,,
RULE_9d13950c6bfe0374,RuleRow,731 rule row 919,OBSERVED_731,data/raw/x731_allgemein_Rev24.xlsx,,,919.0,,,,,,
RULE_afaf3eb5611c146e,RuleRow,731 rule row 920,OBSERVED_731,data/raw/x731_allgemein_Rev24.xlsx,,,920.0,,,,,,
RULE_72d9b7d12abc3a84,RuleRow,731 rule row 921,OBSERVED_731,data/raw/x731_allgemein_Rev24.xlsx,,,921.0,,,,,,
RULE_8234a03fa62f027d,RuleRow,731 rule row 922,OBSERVED_731,data/raw/x731_allgemein_Rev24.xlsx,,,922.0,,,,,,
RULE_08557580e727126f,RuleRow,731 rule row 923,OBSERVED_731,data/raw/x731_allgemein_Rev24.xlsx,,,923.0,,,,,,
RULE_11fb7d85c02352c2,RuleRow,731 rule row 924,OBSERVED_731,data/raw/x731_allgemein_Rev24.xlsx,,,924.0,,,,,,
RULE_e854e60eb3de13b7,RuleRow,731 rule row 925,OBSERVED_731,data/raw/x731_allgemein_Rev24.xlsx,,,925.0,,,,,,
RULE_eadac296dfa4c5c9,RuleRow,731 rule row 926,OBSERVED_731,data/raw/x731_allgemein_Rev24.xlsx,,,926.0,,,,,,
RULE_e91f6f790c77f452,RuleRow,731 rule row 927,OBSERVED_731,data/raw/x731_allgemein_Rev24.xlsx,,,927.0,,,,,,
RULE_906b043c8ccba604,RuleRow,731 rule row 928,OBSERVED_731,data/raw/x731_allgemein_Rev24.xlsx,,,928.0,,,,,,
RULE_738619ed7d18352d,RuleRow,731 rule row 929,OBSERVED_731,data/raw/x731_allgemein_Rev24.xlsx,,,929.0,,,,,,
RULE_b25c5f3fd8cae3d3,RuleRow,731 rule row 930,OBSERVED_731,data/raw/x731_allgemein_Rev24.xlsx,,,930.0,,,,,,
RULE_d912c40e8841ad15,RuleRow,731 rule row 931,OBSERVED_731,data/raw/x731_allgemein_Rev24.xlsx,,,931.0,,,,,,
RULE_242b5a38a54f1133,RuleRow,731 rule row 932,OBSERVED_731,data/raw/x731_allgemein_Rev24.xlsx,,,932.0,,,,,,
RULE_a277be90291dca75,RuleRow,731 rule row 933,OBSERVED_731,data/raw/x731_allgemein_Rev24.xlsx,,,933.0,,,,,,
RULE_e4ff1c45cbeed0c6,RuleRow,731 rule row 934,OBSERVED_731,data/raw/x731_allgemein_Rev24.xlsx,,,934.0,,,,,,
RULE_628ed65c35a35e47,RuleRow,731 rule row 935,OBSERVED_731,data/raw/x731_allgemein_Rev24.xlsx,,,935.0,,,,,,
RULE_3c6c04aeacfdf537,RuleRow,731 rule row 936,OBSERVED_731,data/raw/x731_allgemein_Rev24.xlsx,,,936.0,,,,,,
RULE_65fc861151ad8cf6,RuleRow,731 rule row 937,OBSERVED_731,data/raw/x731_allgemein_Rev24.xlsx,,,937.0,,,,,,
RULE_dba9ab7dd8e06b73,RuleRow,731 rule row 938,OBSERVED_731,data/raw/x731_allgemein_Rev24.xlsx,,,938.0,,,,,,
RULE_b6f776261ef9387d,RuleRow,731 rule row 939,OBSERVED_731,data/raw/x731_allgemein_Rev24.xlsx,,,939.0,,,,,,
RULE_f763752e833b5e65,RuleRow,731 rule row 940,OBSERVED_731,data/raw/x731_allgemein_Rev24.xlsx,,,940.0,,,,,,
RULE_ff112577ade87bdf,RuleRow,731 rule row 941,OBSERVED_731,data/raw/x731_allgemein_Rev24.xlsx,,,941.0,,,,,,
RULE_affc71b403354904,RuleRow,731 rule row 942,OBSERVED_731,data/raw/x731_allgemein_Rev24.xlsx,,,942.0,,,,,,
RULE_3426b23c34e9d77f,RuleRow,731 rule row 943,OBSERVED_731,data/raw/x731_allgemein_Rev24.xlsx,,,943.0,,,,,,
RULE_15be7ace6940976e,RuleRow,731 rule row 944,OBSERVED_731,data/raw/x731_allgemein_Rev24.xlsx,,,944.0,,,,,,
RULE_de58314d7a80ecc6,RuleRow,731 rule row 945,OBSERVED_731,data/raw/x731_allgemein_Rev24.xlsx,,,945.0,,,,,,
RULE_e05551699cc92fbb,RuleRow,731 rule row 946,OBSERVED_731,data/raw/x731_allgemein_Rev24.xlsx,,,946.0,,,,,,
RULE_5e96c5a4b6e8725d,RuleRow,731 rule row 947,OBSERVED_731,data/raw/x731_allgemein_Rev24.xlsx,,,947.0,,,,,,
RULE_d886bbb238798e74,RuleRow,731 rule row 948,OBSERVED_731,data/raw/x731_allgemein_Rev24.xlsx,,,948.0,,,,,,
RULE_e6dd71eed236a8bf,RuleRow,731 rule row 949,OBSERVED_731,data/raw/x731_allgemein_Rev24.xlsx,,,949.0,,,,,,
RULE_f321c08b6301099e,RuleRow,731 rule row 950,OBSERVED_731,data/raw/x731_allgemein_Rev24.xlsx,,,950.0,,,,,,
RULE_84d456184a8255d1,RuleRow,731 rule row 951,OBSERVED_731,data/raw/x731_allgemein_Rev24.xlsx,,,951.0,,,,,,
RULE_56f5f9b3267723f2,RuleRow,731 rule row 952,OBSERVED_731,data/raw/x731_allgemein_Rev24.xlsx,,,952.0,,,,,,
RULE_b8ea5d59206ca106,RuleRow,731 rule row 953,OBSERVED_731,data/raw/x731_allgemein_Rev24.xlsx,,,953.0,,,,,,
RULE_883bc79551938895,RuleRow,731 rule row 954,OBSERVED_731,data/raw/x731_allgemein_Rev24.xlsx,,,954.0,,,,,,
RULE_9e223fbaf8597671,RuleRow,731 rule row 955,OBSERVED_731,data/raw/x731_allgemein_Rev24.xlsx,,,955.0,,,,,,
RULE_47a581b354571727,RuleRow,731 rule row 956,OBSERVED_731,data/raw/x731_allgemein_Rev24.xlsx,,,956.0,,,,,,
RULE_eb121b6d317afa70,RuleRow,731 rule row 957,OBSERVED_731,data/raw/x731_allgemein_Rev24.xlsx,,,957.0,,,,,,
RULE_4d1af57cb6067133,RuleRow,731 rule row 958,OBSERVED_731,data/raw/x731_allgemein_Rev24.xlsx,,,958.0,,,,,,
RULE_2ba97164580f507b,RuleRow,731 rule row 959,OBSERVED_731,data/raw/x731_allgemein_Rev24.xlsx,,,959.0,,,,,,
RULE_4bb502778fd9bc58,RuleRow,731 rule row 960,OBSERVED_731,data/raw/x731_allgemein_Rev24.xlsx,,,960.0,,,,,,
RULE_a926921a6b4bfb82,RuleRow,731 rule row 961,OBSERVED_731,data/raw/x731_allgemein_Rev24.xlsx,,,961.0,,,,,,
RULE_550051b3f3419bbd,RuleRow,731 rule row 962,OBSERVED_731,data/raw/x731_allgemein_Rev24.xlsx,,,962.0,,,,,,
RULE_363856278ec8d5f5,RuleRow,731 rule row 963,OBSERVED_731,data/raw/x731_allgemein_Rev24.xlsx,,,963.0,,,,,,
RULE_0b094edccf261cba,RuleRow,731 rule row 964,OBSERVED_731,data/raw/x731_allgemein_Rev24.xlsx,,,964.0,,,,,,
RULE_e3f8bc6e3bdb2cf2,RuleRow,731 rule row 965,OBSERVED_731,data/raw/x731_allgemein_Rev24.xlsx,,,965.0,,,,,,
RULE_ff3ff773b042672d,RuleRow,731 rule row 966,OBSERVED_731,data/raw/x731_allgemein_Rev24.xlsx,,,966.0,,,,,,
RULE_369fec64e6823535,RuleRow,731 rule row 967,OBSERVED_731,data/raw/x731_allgemein_Rev24.xlsx,,,967.0,,,,,,
RULE_67561bd16fe8321d,RuleRow,731 rule row 968,OBSERVED_731,data/raw/x731_allgemein_Rev24.xlsx,,,968.0,,,,,,
RULE_570ebcf34cc07f2f,RuleRow,731 rule row 969,OBSERVED_731,data/raw/x731_allgemein_Rev24.xlsx,,,969.0,,,,,,
RULE_3bbc670b7f77a9eb,RuleRow,731 rule row 970,OBSERVED_731,data/raw/x731_allgemein_Rev24.xlsx,,,970.0,,,,,,
RULE_915dda1b1a98585e,RuleRow,731 rule row 971,OBSERVED_731,data/raw/x731_allgemein_Rev24.xlsx,,,971.0,,,,,,
RULE_cb8ff8ddad491cbb,RuleRow,731 rule row 972,OBSERVED_731,data/raw/x731_allgemein_Rev24.xlsx,,,972.0,,,,,,
RULE_3c6e40d195393bb1,RuleRow,731 rule row 973,OBSERVED_731,data/raw/x731_allgemein_Rev24.xlsx,,,973.0,,,,,,
RULE_6c0d36c9b5ed6146,RuleRow,731 rule row 974,OBSERVED_731,data/raw/x731_allgemein_Rev24.xlsx,,,974.0,,,,,,
RULE_fb1f4e933cba7b49,RuleRow,731 rule row 975,OBSERVED_731,data/raw/x731_allgemein_Rev24.xlsx,,,975.0,,,,,,
RULE_31f880d3cec3668a,RuleRow,731 rule row 976,OBSERVED_731,data/raw/x731_allgemein_Rev24.xlsx,,,976.0,,,,,,
RULE_c67e7047eff8ab32,RuleRow,731 rule row 977,OBSERVED_731,data/raw/x731_allgemein_Rev24.xlsx,,,977.0,,,,,,
RULE_9e7c9cc9d65ebaa1,RuleRow,731 rule row 978,OBSERVED_731,data/raw/x731_allgemein_Rev24.xlsx,,,978.0,,,,,,
RULE_e537d33401482aeb,RuleRow,731 rule row 979,OBSERVED_731,data/raw/x731_allgemein_Rev24.xlsx,,,979.0,,,,,,
RULE_16e22d1c67f4a537,RuleRow,731 rule row 980,OBSERVED_731,data/raw/x731_allgemein_Rev24.xlsx,,,980.0,,,,,,
RULE_df568daaa55c871b,RuleRow,731 rule row 981,OBSERVED_731,data/raw/x731_allgemein_Rev24.xlsx,,,981.0,,,,,,
RULE_da4d9f0375561bea,RuleRow,731 rule row 982,OBSERVED_731,data/raw/x731_allgemein_Rev24.xlsx,,,982.0,,,,,,
RULE_2ad1a2ba087a3b84,RuleRow,731 rule row 983,OBSERVED_731,data/raw/x731_allgemein_Rev24.xlsx,,,983.0,,,,,,
RULE_f82181b85a8a763f,RuleRow,731 rule row 984,OBSERVED_731,data/raw/x731_allgemein_Rev24.xlsx,,,984.0,,,,,,
RULE_7288c798abe3f0b1,RuleRow,731 rule row 985,OBSERVED_731,data/raw/x731_allgemein_Rev24.xlsx,,,985.0,,,,,,
RULE_a59875dfe0917118,RuleRow,731 rule row 986,OBSERVED_731,data/raw/x731_allgemein_Rev24.xlsx,,,986.0,,,,,,
RULE_c42a6e8bacca1619,RuleRow,731 rule row 987,OBSERVED_731,data/raw/x731_allgemein_Rev24.xlsx,,,987.0,,,,,,
RULE_f95cbc0cda5d8ef7,RuleRow,731 rule row 988,OBSERVED_731,data/raw/x731_allgemein_Rev24.xlsx,,,988.0,,,,,,
RULE_c48f2eced45b14af,RuleRow,731 rule row 989,OBSERVED_731,data/raw/x731_allgemein_Rev24.xlsx,,,989.0,,,,,,
RULE_57dee7109ed94b6b,RuleRow,731 rule row 990,OBSERVED_731,data/raw/x731_allgemein_Rev24.xlsx,,,990.0,,,,,,
RULE_5c82ce385be1bdfb,RuleRow,731 rule row 991,OBSERVED_731,data/raw/x731_allgemein_Rev24.xlsx,,,991.0,,,,,,
RULE_0a4e86407e44b3af,RuleRow,731 rule row 992,OBSERVED_731,data/raw/x731_allgemein_Rev24.xlsx,,,992.0,,,,,,
RULE_ff7561b6104180c2,RuleRow,731 rule row 993,OBSERVED_731,data/raw/x731_allgemein_Rev24.xlsx,,,993.0,,,,,,
RULE_d349b08ba6962f17,RuleRow,731 rule row 994,OBSERVED_731,data/raw/x731_allgemein_Rev24.xlsx,,,994.0,,,,,,
RULE_908b3927576a2e56,RuleRow,731 rule row 995,OBSERVED_731,data/raw/x731_allgemein_Rev24.xlsx,,,995.0,,,,,,
RULE_46d1f72cfcd2c526,RuleRow,731 rule row 996,OBSERVED_731,data/raw/x731_allgemein_Rev24.xlsx,,,996.0,,,,,,
RULE_a00746b20ace7437,RuleRow,731 rule row 997,OBSERVED_731,data/raw/x731_allgemein_Rev24.xlsx,,,997.0,,,,,,
RULE_4dc7321b1e285497,RuleRow,731 rule row 998,OBSERVED_731,data/raw/x731_allgemein_Rev24.xlsx,,,998.0,,,,,,
RULE_49fc546ec64a941e,RuleRow,731 rule row 999,OBSERVED_731,data/raw/x731_allgemein_Rev24.xlsx,,,999.0,,,,,,
RULE_fe24bac3933ae5e2,RuleRow,731 rule row 1000,OBSERVED_731,data/raw/x731_allgemein_Rev24.xlsx,,,1000.0,,,,,,
RULE_c80e106cbc6deaf2,RuleRow,731 rule row 1001,OBSERVED_731,data/raw/x731_allgemein_Rev24.xlsx,,,1001.0,,,,,,
RULE_febb5de880455611,RuleRow,731 rule row 1002,OBSERVED_731,data/raw/x731_allgemein_Rev24.xlsx,,,1002.0,,,,,,
RULE_f0d4329d8d74f4d8,RuleRow,731 rule row 1003,OBSERVED_731,data/raw/x731_allgemein_Rev24.xlsx,,,1003.0,,,,,,
RULE_e7e081779085c2fe,RuleRow,731 rule row 1004,OBSERVED_731,data/raw/x731_allgemein_Rev24.xlsx,,,1004.0,,,,,,
RULE_3db52b883fe661a8,RuleRow,731 rule row 1005,OBSERVED_731,data/raw/x731_allgemein_Rev24.xlsx,,,1005.0,,,,,,
RULE_ea29a427df46516e,RuleRow,731 rule row 1006,OBSERVED_731,data/raw/x731_allgemein_Rev24.xlsx,,,1006.0,,,,,,
RULE_1256f0a91217c44a,RuleRow,731 rule row 1007,OBSERVED_731,data/raw/x731_allgemein_Rev24.xlsx,,,1007.0,,,,,,
RULE_18b175da714bf5ad,RuleRow,731 rule row 1008,OBSERVED_731,data/raw/x731_allgemein_Rev24.xlsx,,,1008.0,,,,,,
RULE_59ebf1111d693a98,RuleRow,731 rule row 1009,OBSERVED_731,data/raw/x731_allgemein_Rev24.xlsx,,,1009.0,,,,,,
RULE_77b7e7d7f66043d6,RuleRow,731 rule row 1010,OBSERVED_731,data/raw/x731_allgemein_Rev24.xlsx,,,1010.0,,,,,,
RULE_12d4b50c5210f4ae,RuleRow,731 rule row 1011,OBSERVED_731,data/raw/x731_allgemein_Rev24.xlsx,,,1011.0,,,,,,
RULE_cc4c7515af57a9ac,RuleRow,731 rule row 1012,OBSERVED_731,data/raw/x731_allgemein_Rev24.xlsx,,,1012.0,,,,,,
RULE_3560706db9abac06,RuleRow,731 rule row 1013,OBSERVED_731,data/raw/x731_allgemein_Rev24.xlsx,,,1013.0,,,,,,
RULE_27b46918b87938a6,RuleRow,731 rule row 1014,OBSERVED_731,data/raw/x731_allgemein_Rev24.xlsx,,,1014.0,,,,,,
RULE_aff5e0f6c255fdbc,RuleRow,731 rule row 1015,OBSERVED_731,data/raw/x731_allgemein_Rev24.xlsx,,,1015.0,,,,,,
RULE_ef8e7e3cdaaf2625,RuleRow,731 rule row 1016,OBSERVED_731,data/raw/x731_allgemein_Rev24.xlsx,,,1016.0,,,,,,
RULE_706a6f5f752ba6d6,RuleRow,731 rule row 1017,OBSERVED_731,data/raw/x731_allgemein_Rev24.xlsx,,,1017.0,,,,,,
RULE_cdcfa039d870b68f,RuleRow,731 rule row 1018,OBSERVED_731,data/raw/x731_allgemein_Rev24.xlsx,,,1018.0,,,,,,
RULE_8f3556223a22c6cf,RuleRow,731 rule row 1019,OBSERVED_731,data/raw/x731_allgemein_Rev24.xlsx,,,1019.0,,,,,,
RULE_154b16f707df58cf,RuleRow,731 rule row 1020,OBSERVED_731,data/raw/x731_allgemein_Rev24.xlsx,,,1020.0,,,,,,
RULE_bd7b0aa8d8ce1520,RuleRow,731 rule row 1021,OBSERVED_731,data/raw/x731_allgemein_Rev24.xlsx,,,1021.0,,,,,,
RULE_91a0d2c0106b9dd4,RuleRow,731 rule row 1022,OBSERVED_731,data/raw/x731_allgemein_Rev24.xlsx,,,1022.0,,,,,,
RULE_4c465de1702c46d2,RuleRow,731 rule row 1023,OBSERVED_731,data/raw/x731_allgemein_Rev24.xlsx,,,1023.0,,,,,,
RULE_068fab68e365b501,RuleRow,731 rule row 1024,OBSERVED_731,data/raw/x731_allgemein_Rev24.xlsx,,,1024.0,,,,,,
RULE_8ab043210c747a61,RuleRow,731 rule row 1025,OBSERVED_731,data/raw/x731_allgemein_Rev24.xlsx,,,1025.0,,,,,,
RULE_d4c9b21cf6235897,RuleRow,731 rule row 1026,OBSERVED_731,data/raw/x731_allgemein_Rev24.xlsx,,,1026.0,,,,,,
RULE_018ec2ba64ea4136,RuleRow,731 rule row 1027,OBSERVED_731,data/raw/x731_allgemein_Rev24.xlsx,,,1027.0,,,,,,
RULE_610460d17afca0e5,RuleRow,731 rule row 1028,OBSERVED_731,data/raw/x731_allgemein_Rev24.xlsx,,,1028.0,,,,,,
RULE_1c0d7a7d23dc2c02,RuleRow,731 rule row 1029,OBSERVED_731,data/raw/x731_allgemein_Rev24.xlsx,,,1029.0,,,,,,
RULE_0766e7ae1d43905b,RuleRow,731 rule row 1030,OBSERVED_731,data/raw/x731_allgemein_Rev24.xlsx,,,1030.0,,,,,,
RULE_93c0000c7bcb7616,RuleRow,731 rule row 1031,OBSERVED_731,data/raw/x731_allgemein_Rev24.xlsx,,,1031.0,,,,,,
RULE_59238209418b4f35,RuleRow,731 rule row 1032,OBSERVED_731,data/raw/x731_allgemein_Rev24.xlsx,,,1032.0,,,,,,
RULE_55e6bdffd72f77af,RuleRow,731 rule row 1033,OBSERVED_731,data/raw/x731_allgemein_Rev24.xlsx,,,1033.0,,,,,,
RULE_3b6d27ee7ca48f5e,RuleRow,731 rule row 1034,OBSERVED_731,data/raw/x731_allgemein_Rev24.xlsx,,,1034.0,,,,,,
RULE_1f0bb4459cfd779b,RuleRow,731 rule row 1035,OBSERVED_731,data/raw/x731_allgemein_Rev24.xlsx,,,1035.0,,,,,,
RULE_2d23df8c7ecc938c,RuleRow,731 rule row 1036,OBSERVED_731,data/raw/x731_allgemein_Rev24.xlsx,,,1036.0,,,,,,
RULE_b13319d433341a72,RuleRow,731 rule row 1037,OBSERVED_731,data/raw/x731_allgemein_Rev24.xlsx,,,1037.0,,,,,,
RULE_c79752231f4ede9c,RuleRow,731 rule row 1038,OBSERVED_731,data/raw/x731_allgemein_Rev24.xlsx,,,1038.0,,,,,,
RULE_130fe3691dfdc201,RuleRow,731 rule row 1039,OBSERVED_731,data/raw/x731_allgemein_Rev24.xlsx,,,1039.0,,,,,,
RULE_9ac6edfbeb970e17,RuleRow,731 rule row 1040,OBSERVED_731,data/raw/x731_allgemein_Rev24.xlsx,,,1040.0,,,,,,
RULE_5fe47c38208a6533,RuleRow,731 rule row 1041,OBSERVED_731,data/raw/x731_allgemein_Rev24.xlsx,,,1041.0,,,,,,
RULE_2674a2f068679173,RuleRow,731 rule row 1042,OBSERVED_731,data/raw/x731_allgemein_Rev24.xlsx,,,1042.0,,,,,,
RULE_f3b67a58d4ed0913,RuleRow,731 rule row 1043,OBSERVED_731,data/raw/x731_allgemein_Rev24.xlsx,,,1043.0,,,,,,
RULE_8df9ebc7ff190ac5,RuleRow,731 rule row 1044,OBSERVED_731,data/raw/x731_allgemein_Rev24.xlsx,,,1044.0,,,,,,
RULE_da7d5cde6e234bca,RuleRow,731 rule row 1045,OBSERVED_731,data/raw/x731_allgemein_Rev24.xlsx,,,1045.0,,,,,,
RULE_6a4ff11ffc4abc04,RuleRow,731 rule row 1046,OBSERVED_731,data/raw/x731_allgemein_Rev24.xlsx,,,1046.0,,,,,,
RULE_32978410b2a98d47,RuleRow,731 rule row 1047,OBSERVED_731,data/raw/x731_allgemein_Rev24.xlsx,,,1047.0,,,,,,
RULE_179ae0bc475469ce,RuleRow,731 rule row 1048,OBSERVED_731,data/raw/x731_allgemein_Rev24.xlsx,,,1048.0,,,,,,
RULE_079b0da545c3d6a1,RuleRow,731 rule row 1049,OBSERVED_731,data/raw/x731_allgemein_Rev24.xlsx,,,1049.0,,,,,,
RULE_5fa3e5ca11e2b6b1,RuleRow,731 rule row 1050,OBSERVED_731,data/raw/x731_allgemein_Rev24.xlsx,,,1050.0,,,,,,
RULE_c1f48595f42d8b28,RuleRow,731 rule row 1051,OBSERVED_731,data/raw/x731_allgemein_Rev24.xlsx,,,1051.0,,,,,,
RULE_cd3c1ea3a4d69a67,RuleRow,731 rule row 1052,OBSERVED_731,data/raw/x731_allgemein_Rev24.xlsx,,,1052.0,,,,,,
RULE_6375b092d3d42b50,RuleRow,731 rule row 1053,OBSERVED_731,data/raw/x731_allgemein_Rev24.xlsx,,,1053.0,,,,,,
RULE_ba44f42226df9ec1,RuleRow,731 rule row 1054,OBSERVED_731,data/raw/x731_allgemein_Rev24.xlsx,,,1054.0,,,,,,
RULE_27ca8c8740d9a640,RuleRow,731 rule row 1055,OBSERVED_731,data/raw/x731_allgemein_Rev24.xlsx,,,1055.0,,,,,,
RULE_e6c09e913c19b01a,RuleRow,731 rule row 1056,OBSERVED_731,data/raw/x731_allgemein_Rev24.xlsx,,,1056.0,,,,,,
CHAR_0deab1d5c27e4dee,Characteristic,binaerDigitalOpenColl_MN,DERIVED,data/synthetic/configurations/731_synthetic_configurations_v5.csv,,binaerDigitalOpenColl_MN,,,,,,,
CHAR_467c891b8316edb7,Characteristic,binaerOpenColl_MP,DERIVED,data/synthetic/configurations/731_synthetic_configurations_v5.csv,,binaerOpenColl_MP,,,,,,,
CONFIG_b50f5346cd12a532,Configuration,CFG731_4aa7d46b9cfa7d7b,SYNTHETIC,data/synthetic/configurations/731_synthetic_configurations_v5.csv,,,1.0,,,,CFG731_4aa7d46b9cfa7d7b,OBSERVED,REAL_OBSERVED
FAMILY_c941a2c858199e40,ConfigurationFamily,G731ST-HT,SYNTHETIC,data/synthetic/configurations/731_synthetic_configurations_v5.csv,,,,,,G731ST-HT,,,
VAL_d90e90385042e7af,CharacteristicValue,G,SYNTHETIC,data/synthetic/configurations/731_synthetic_configurations_v5.csv,,,,devCategory,G,,,,
VAL_0ba8395c18be7f72,CharacteristicValue,ST,SYNTHETIC,data/synthetic/configurations/731_synthetic_configurations_v5.csv,,,,characteristic,ST,,,,
VAL_edacc655af89c731,CharacteristicValue,ST,SYNTHETIC,data/synthetic/configurations/731_synthetic_configurations_v5.csv,,,,housing,ST,,,,
VAL_705886087354710d,CharacteristicValue,1,SYNTHETIC,data/synthetic/configurations/731_synthetic_configurations_v5.csv,,,,powerSupply,1,,,,
VAL_60d2df8d5f5724ae,CharacteristicValue,2,SYNTHETIC,data/synthetic/configurations/731_synthetic_configurations_v5.csv,,,,numberOfChannels,2,,,,
VAL_faca90b18cfef46a,CharacteristicValue,F,SYNTHETIC,data/synthetic/configurations/731_synthetic_configurations_v5.csv,,,,explosionApproval,F,,,,
VAL_665755e9014680c0,CharacteristicValue,2,SYNTHETIC,data/synthetic/configurations/731_synthetic_configurations_v5.csv,,,,protectionArea,2,,,,
VAL_5fe4c997103a7f05,CharacteristicValue,NN,SYNTHETIC,data/synthetic/configurations/731_synthetic_configurations_v5.csv,,,,certification,NN,,,,
VAL_88345d6ade2e02fa,CharacteristicValue,NN,SYNTHETIC,data/synthetic/configurations/731_synthetic_configurations_v5.csv,,,,dataInterface,NN,,,,
VAL_4f02bf012897844a,CharacteristicValue,CS1,SYNTHETIC,data/synthetic/configurations/731_synthetic_configurations_v5.csv,,,,stromSchaltbar,CS1,,,,
VAL_1a76ec2b0d2e1447,CharacteristicValue,IS1,SYNTHETIC,data/synthetic/configurations/731_synthetic_configurations_v5.csv,,,,stromEingaenge,IS1,,,,
VAL_f5880b617000137c,CharacteristicValue,TT1,SYNTHETIC,data/synthetic/configurations/731_synthetic_configurations_v5.csv,,,,temperaturEingaenge,TT1,,,,
VAL_c2354d2970f561c5,CharacteristicValue,MN1,SYNTHETIC,data/synthetic/configurations/731_synthetic_configurations_v5.csv,,,,binaerDigitalOpenColl_MN,MN1,,,,
VAL_8935b79affb96da8,CharacteristicValue,NOVALUE,SYNTHETIC,data/synthetic/configurations/731_synthetic_configurations_v5.csv,,,,binaerOpenColl_MP,NOVALUE,,,,
VAL_a5af5375bb7ff1cb,CharacteristicValue,FWI,SYNTHETIC,data/synthetic/configurations/731_synthetic_configurations_v5.csv,,,,waveInjector,FWI,,,,
VAL_37c3298e7c539536,CharacteristicValue,NOVALUE,SYNTHETIC,data/synthetic/configurations/731_synthetic_configurations_v5.csv,,,,dev_advMeterVerification,NOVALUE,,,,
VAL_8f3756c29d53054e,CharacteristicValue,NOVALUE,SYNTHETIC,data/synthetic/configurations/731_synthetic_configurations_v5.csv,,,,dynamicGasMaster,NOVALUE,,,,
VAL_1d5897da6c1c7717,CharacteristicValue,1,SYNTHETIC,data/synthetic/configurations/731_synthetic_configurations_v5.csv,,,,customUserFluid,1,,,,
VAL_9129876728341557,CharacteristicValue,H,SYNTHETIC,data/synthetic/configurations/731_synthetic_configurations_v5.csv,,,,steamApplication,H,,,,
CONFIG_f410be602bd62749,Configuration,CFG731_747411fe70ba8e8d,SYNTHETIC,data/synthetic/configurations/731_synthetic_configurations_v5.csv,,,2.0,,,,CFG731_747411fe70ba8e8d,DERIVED,TWO_CHARACTERISTIC
FAMILY_a810393462a0e701,ConfigurationFamily,x731,SYNTHETIC,data/synthetic/configurations/731_synthetic_configurations_v5.csv,,,,,,x731,,,
VAL_3cb090dbc8ec6c5b,CharacteristicValue,GP,SYNTHETIC,data/synthetic/configurations/731_synthetic_configurations_v5.csv,,,,characteristic,GP,,,,
VAL_fb5e474fe03cc742,CharacteristicValue,1,SYNTHETIC,data/synthetic/configurations/731_synthetic_configurations_v5.csv,,,,numberOfChannels,1,,,,
VAL_77eb1c2f6f831f05,CharacteristicValue,N,SYNTHETIC,data/synthetic/configurations/731_synthetic_configurations_v5.csv,,,,explosionApproval,N,,,,
VAL_d6225bab92c4dc3d,CharacteristicValue,N,SYNTHETIC,data/synthetic/configurations/731_synthetic_configurations_v5.csv,,,,protectionArea,N,,,,
VAL_9924133fae2354ee,CharacteristicValue,NOVALUE,SYNTHETIC,data/synthetic/configurations/731_synthetic_configurations_v5.csv,,,,binaerDigitalOpenColl_MN,NOVALUE,,,,
VAL_d3d99453d1be51ef,CharacteristicValue,MP1,SYNTHETIC,data/synthetic/configurations/731_synthetic_configurations_v5.csv,,,,binaerOpenColl_MP,MP1,,,,
VAL_d17977533917ecfd,CharacteristicValue,NOVALUE,SYNTHETIC,data/synthetic/configurations/731_synthetic_configurations_v5.csv,,,,steamApplication,NOVALUE,,,,
CONFIG_fa3f3a557b4c391e,Configuration,CFG731_620cb319c2b7c332,SYNTHETIC,data/synthetic/configurations/731_synthetic_configurations_v5.csv,,,3.0,,,,CFG731_620cb319c2b7c332,DERIVED,ONE_CHARACTERISTIC
VAL_a8a679d7c68409ae,CharacteristicValue,A,SYNTHETIC,data/synthetic/configurations/731_synthetic_configurations_v5.csv,,,,explosionApproval,A,,,,
VAL_e31d8082927406ac,CharacteristicValue,NOVALUE,SYNTHETIC,data/synthetic/configurations/731_synthetic_configurations_v5.csv,,,,stromEingaenge,NOVALUE,,,,
VAL_277a381686364ca9,CharacteristicValue,1,SYNTHETIC,data/synthetic/configurations/731_synthetic_configurations_v5.csv,,,,dev_advMeterVerification,1,,,,
CONFIG_5245750e174432eb,Configuration,CFG731_72df885ca96d73fd,SYNTHETIC,data/synthetic/configurations/731_synthetic_configurations_v5.csv,,,4.0,,,,CFG731_72df885ca96d73fd,DERIVED,TWO_CHARACTERISTIC
VAL_470eb0a278a062f4,CharacteristicValue,K,SYNTHETIC,data/synthetic/configurations/731_synthetic_configurations_v5.csv,,,,explosionApproval,K,,,,
VAL_7537a3819945ccd5,CharacteristicValue,NOVALUE,SYNTHETIC,data/synthetic/configurations/731_synthetic_configurations_v5.csv,,,,stromSchaltbar,NOVALUE,,,,
VAL_b539ed33a610092e,CharacteristicValue,NOVALUE,SYNTHETIC,data/synthetic/configurations/731_synthetic_configurations_v5.csv,,,,temperaturEingaenge,NOVALUE,,,,
VAL_76f633f71a5c2ec0,CharacteristicValue,1,SYNTHETIC,data/synthetic/configurations/731_synthetic_configurations_v5.csv,,,,dynamicGasMaster,1,,,,
CONFIG_81f6d78c6184d350,Configuration,CFG731_bbffb73f3dff6787,SYNTHETIC,data/synthetic/configurations/731_synthetic_configurations_v5.csv,,,5.0,,,,CFG731_bbffb73f3dff6787,OBSERVED,REAL_OBSERVED
CONFIG_93e6fc2b935f8253,Configuration,CFG731_df5f598a914fb1cc,SYNTHETIC,data/synthetic/configurations/731_synthetic_configurations_v5.csv,,,6.0,,,,CFG731_df5f598a914fb1cc,DERIVED,DEPENDENCY_TWO_CHARACTERISTIC
VAL_1608f9b1def6e6c4,CharacteristicValue,4,SYNTHETIC,data/synthetic/configurations/731_synthetic_configurations_v5.csv,,,,powerSupply,4,,,,
VAL_008bd932c478d2e0,CharacteristicValue,MN,SYNTHETIC,data/synthetic/configurations/731_synthetic_configurations_v5.csv,,,,certification,MN,,,,
CONFIG_aeeebd44d87c8b06,Configuration,CFG731_11c93eca01984a14,SYNTHETIC,data/synthetic/configurations/731_synthetic_configurations_v5.csv,,,7.0,,,,CFG731_11c93eca01984a14,DERIVED,ONE_CHARACTERISTIC
FAMILY_521096a26b501268,ConfigurationFamily,F731WD_SingleChannel,SYNTHETIC,data/synthetic/configurations/731_synthetic_configurations_v5.csv,,,,,,F731WD_SingleChannel,,,
VAL_4f37c9751712cd8b,CharacteristicValue,F,SYNTHETIC,data/synthetic/configurations/731_synthetic_configurations_v5.csv,,,,devCategory,F,,,,
VAL_84c6fa9e7197b97a,CharacteristicValue,WD,SYNTHETIC,data/synthetic/configurations/731_synthetic_configurations_v5.csv,,,,characteristic,WD,,,,
VAL_b637f601a544880c,CharacteristicValue,PA,SYNTHETIC,data/synthetic/configurations/731_synthetic_configurations_v5.csv,,,,dataInterface,PA,,,,
VAL_9f9edc9fe7e9748b,CharacteristicValue,CS2,SYNTHETIC,data/synthetic/configurations/731_synthetic_configurations_v5.csv,,,,stromSchaltbar,CS2,,,,
VAL_03fc5f54783b3083,CharacteristicValue,MP4,SYNTHETIC,data/synthetic/configurations/731_synthetic_configurations_v5.csv,,,,binaerOpenColl_MP,MP4,,,,
VAL_eda4df1a7ead44b5,CharacteristicValue,NOVALUE,SYNTHETIC,data/synthetic/configurations/731_synthetic_configurations_v5.csv,,,,waveInjector,NOVALUE,,,,
VAL_21af0b0ad93a722e,CharacteristicValue,NOVALUE,SYNTHETIC,data/synthetic/configurations/731_synthetic_configurations_v5.csv,,,,customUserFluid,NOVALUE,,,,
CONFIG_fed5227015a51252,Configuration,CFG731_f0cf22354800092d,SYNTHETIC,data/synthetic/configurations/731_synthetic_configurations_v5.csv,,,8.0,,,,CFG731_f0cf22354800092d,DERIVED,TWO_CHARACTERISTIC
CONFIG_91da85278e9b9279,Configuration,CFG731_5bfe9492c76587ec,SYNTHETIC,data/synthetic/configurations/731_synthetic_configurations_v5.csv,,,9.0,,,,CFG731_5bfe9492c76587ec,DERIVED,ONE_CHARACTERISTIC
FAMILY_b818592566a7c671,ConfigurationFamily,G731CA,SYNTHETIC,data/synthetic/configurations/731_synthetic_configurations_v5.csv,,,,,,G731CA,,,
VAL_5cb3112a37920b69,CharacteristicValue,CA,SYNTHETIC,data/synthetic/configurations/731_synthetic_configurations_v5.csv,,,,characteristic,CA,,,,
VAL_a4bf6d2fd65d01f4,CharacteristicValue,MN4,SYNTHETIC,data/synthetic/configurations/731_synthetic_configurations_v5.csv,,,,binaerDigitalOpenColl_MN,MN4,,,,
CONFIG_20c756296fbc4d1f,Configuration,CFG731_91e51485b56960b2,SYNTHETIC,data/synthetic/configurations/731_synthetic_configurations_v5.csv,,,10.0,,,,CFG731_91e51485b56960b2,OBSERVED,REAL_OBSERVED
CONFIG_9eb4ebc87f95d48e,Configuration,CFG731_07fb816f7dc25bc8,SYNTHETIC,data/synthetic/configurations/731_synthetic_configurations_v5.csv,,,11.0,,,,CFG731_07fb816f7dc25bc8,OBSERVED,REAL_OBSERVED
FAMILY_2573738b7a3a09f4,ConfigurationFamily,F731TE,SYNTHETIC,data/synthetic/configurations/731_synthetic_configurations_v5.csv,,,,,,F731TE,,,
VAL_bd25d4296f3f6716,CharacteristicValue,TE,SYNTHETIC,data/synthetic/configurations/731_synthetic_configurations_v5.csv,,,,characteristic,TE,,,,
VAL_8c7a885f9807d976,CharacteristicValue,TT2,SYNTHETIC,data/synthetic/configurations/731_synthetic_configurations_v5.csv,,,,temperaturEingaenge,TT2,,,,
CONFIG_ac92865587e73492,Configuration,CFG731_b43582909c828d95,SYNTHETIC,data/synthetic/configurations/731_synthetic_configurations_v5.csv,,,12.0,,,,CFG731_b43582909c828d95,DERIVED,DEPENDENCY_TWO_CHARACTERISTIC
VAL_90e7e0d74f5270be,CharacteristicValue,HS,SYNTHETIC,data/synthetic/configurations/731_synthetic_configurations_v5.csv,,,,dataInterface,HS,,,,
CONFIG_7bd2d5e7f66bafc5,Configuration,CFG731_49cd4cbef1081333,SYNTHETIC,data/synthetic/configurations/731_synthetic_configurations_v5.csv,,,13.0,,,,CFG731_49cd4cbef1081333,DERIVED,DEPENDENCY_TWO_CHARACTERISTIC
FAMILY_86358ab272e8da7e,ConfigurationFamily,G731ST-LT,SYNTHETIC,data/synthetic/configurations/731_synthetic_configurations_v5.csv,,,,,,G731ST-LT,,,
VAL_b86db6b151a0d7c7,CharacteristicValue,N,SYNTHETIC,data/synthetic/configurations/731_synthetic_configurations_v5.csv,,,,steamApplication,N,,,,
CONFIG_73867b9c8f6d0e27,Configuration,CFG731_a9f22ebc14287e5d,SYNTHETIC,data/synthetic/configurations/731_synthetic_configurations_v5.csv,,,14.0,,,,CFG731_a9f22ebc14287e5d,OBSERVED,REAL_OBSERVED
FAMILY_1d85c939480af8b2,ConfigurationFamily,F731PW,SYNTHETIC,data/synthetic/configurations/731_synthetic_configurations_v5.csv,,,,,,F731PW,,,
VAL_e7f06c6f57c11176,CharacteristicValue,PW,SYNTHETIC,data/synthetic/configurations/731_synthetic_configurations_v5.csv,,,,characteristic,PW,,,,
VAL_461a16f2f7e91fb6,CharacteristicValue,MN2,SYNTHETIC,data/synthetic/configurations/731_synthetic_configurations_v5.csv,,,,binaerDigitalOpenColl_MN,MN2,,,,
CONFIG_d18c481c3a41ea76,Configuration,CFG731_6f7a5cd92e9a022d,SYNTHETIC,data/synthetic/configurations/731_synthetic_configurations_v5.csv,,,15.0,,,,CFG731_6f7a5cd92e9a022d,DERIVED,TWO_CHARACTERISTIC
CONFIG_73ac6e166028184a,Configuration,CFG731_32b4b1ec4513af66,SYNTHETIC,data/synthetic/configurations/731_synthetic_configurations_v5.csv,,,16.0,,,,CFG731_32b4b1ec4513af66,OBSERVED,REAL_OBSERVED
CONFIG_7de192aa6b0fd424,Configuration,CFG731_4666e845a9f787f7,SYNTHETIC,data/synthetic/configurations/731_synthetic_configurations_v5.csv,,,17.0,,,,CFG731_4666e845a9f787f7,DERIVED,TWO_CHARACTERISTIC
CONFIG_3120dc52f2b633ed,Configuration,CFG731_c7ca2f069d01e42d,SYNTHETIC,data/synthetic/configurations/731_synthetic_configurations_v5.csv,,,18.0,,,,CFG731_c7ca2f069d01e42d,OBSERVED,REAL_OBSERVED
CONFIG_f051a6df20fe91c0,Configuration,CFG731_2497a004dc6e1657,SYNTHETIC,data/synthetic/configurations/731_synthetic_configurations_v5.csv,,,19.0,,,,CFG731_2497a004dc6e1657,DERIVED,ONE_CHARACTERISTIC
CONFIG_23b0515450b01258,Configuration,CFG731_040069031f4f021c,SYNTHETIC,data/synthetic/configurations/731_synthetic_configurations_v5.csv,,,20.0,,,,CFG731_040069031f4f021c,DERIVED,ONE_CHARACTERISTIC
CONFIG_fc27a62408c426b0,Configuration,CFG731_b3ed2928d6d65710,SYNTHETIC,data/synthetic/configurations/731_synthetic_configurations_v5.csv,,,21.0,,,,CFG731_b3ed2928d6d65710,DERIVED,ONE_CHARACTERISTIC
CONFIG_e475e527c9359cbe,Configuration,CFG731_f631a6c90eb75354,SYNTHETIC,data/synthetic/configurations/731_synthetic_configurations_v5.csv,,,22.0,,,,CFG731_f631a6c90eb75354,DERIVED,ONE_CHARACTERISTIC
CONFIG_37b9e85f108366ec,Configuration,CFG731_700e5b0584a9b0fc,SYNTHETIC,data/synthetic/configurations/731_synthetic_configurations_v5.csv,,,23.0,,,,CFG731_700e5b0584a9b0fc,DERIVED,DEPENDENCY_TWO_CHARACTERISTIC
CONFIG_e5458e28c0f42147,Configuration,CFG731_226e375c4e7aa2a0,SYNTHETIC,data/synthetic/configurations/731_synthetic_configurations_v5.csv,,,24.0,,,,CFG731_226e375c4e7aa2a0,DERIVED,TWO_CHARACTERISTIC
CONFIG_dc07405cc68f8104,Configuration,CFG731_92efd7a3c43da152,SYNTHETIC,data/synthetic/configurations/731_synthetic_configurations_v5.csv,,,25.0,,,,CFG731_92efd7a3c43da152,OBSERVED,REAL_OBSERVED
VAL_d49498ddca6c038f,CharacteristicValue,MR,SYNTHETIC,data/synthetic/configurations/731_synthetic_configurations_v5.csv,,,,dataInterface,MR,,,,
VAL_6dcea4c9a55587c1,CharacteristicValue,MP2,SYNTHETIC,data/synthetic/configurations/731_synthetic_configurations_v5.csv,,,,binaerOpenColl_MP,MP2,,,,
CONFIG_616465dcf293db9a,Configuration,CFG731_dc2dca106a6c63c6,SYNTHETIC,data/synthetic/configurations/731_synthetic_configurations_v5.csv,,,26.0,,,,CFG731_dc2dca106a6c63c6,DERIVED,TWO_CHARACTERISTIC
CONFIG_eaed10975c8f0704,Configuration,CFG731_1d623542e1ada7d8,SYNTHETIC,data/synthetic/configurations/731_synthetic_configurations_v5.csv,,,27.0,,,,CFG731_1d623542e1ada7d8,DERIVED,TWO_CHARACTERISTIC
CONFIG_fc19da2199da637f,Configuration,CFG731_1642db5c21ada469,SYNTHETIC,data/synthetic/configurations/731_synthetic_configurations_v5.csv,,,28.0,,,,CFG731_1642db5c21ada469,DERIVED,TWO_CHARACTERISTIC
CONFIG_0bffce32c2423149,Configuration,CFG731_736d7f6d47393e47,SYNTHETIC,data/synthetic/configurations/731_synthetic_configurations_v5.csv,,,29.0,,,,CFG731_736d7f6d47393e47,DERIVED,ONE_CHARACTERISTIC
CONFIG_ce02c94d9c71d9d7,Configuration,CFG731_4e59e6fc4174afa3,SYNTHETIC,data/synthetic/configurations/731_synthetic_configurations_v5.csv,,,30.0,,,,CFG731_4e59e6fc4174afa3,DERIVED,ONE_CHARACTERISTIC
VAL_41fc7051f6c0316f,CharacteristicValue,H,SYNTHETIC,data/synthetic/configurations/731_synthetic_configurations_v5.csv,,,,devCategory,H,,,,
CONFIG_0cde349c1535a666,Configuration,CFG731_574aa7a29f75cd60,SYNTHETIC,data/synthetic/configurations/731_synthetic_configurations_v5.csv,,,32.0,,,,CFG731_574aa7a29f75cd60,OBSERVED,REAL_OBSERVED
CONFIG_b445d4591486a480,Configuration,CFG731_736953a253ffd341,SYNTHETIC,data/synthetic/configurations/731_synthetic_configurations_v5.csv,,,33.0,,,,CFG731_736953a253ffd341,DERIVED,TWO_CHARACTERISTIC
CONFIG_0413818dd227a845,Configuration,CFG731_97c654bf006e698e,SYNTHETIC,data/synthetic/configurations/731_synthetic_configurations_v5.csv,,,34.0,,,,CFG731_97c654bf006e698e,DERIVED,TWO_CHARACTERISTIC
CONFIG_27135decc89c9271,Configuration,CFG731_9681c4eec01b7fad,SYNTHETIC,data/synthetic/configurations/731_synthetic_configurations_v5.csv,,,35.0,,,,CFG731_9681c4eec01b7fad,OBSERVED,REAL_OBSERVED
CONFIG_d9510f484eab2ccb,Configuration,CFG731_5c624ef6fa2b6510,SYNTHETIC,data/synthetic/configurations/731_synthetic_configurations_v5.csv,,,36.0,,,,CFG731_5c624ef6fa2b6510,DERIVED,ONE_CHARACTERISTIC
CONFIG_dda55d4ba145400f,Configuration,CFG731_e8e7b7513a5c9544,SYNTHETIC,data/synthetic/configurations/731_synthetic_configurations_v5.csv,,,37.0,,,,CFG731_e8e7b7513a5c9544,DERIVED,TWO_CHARACTERISTIC
CONFIG_cd2e8d2e798ece13,Configuration,CFG731_12089d5d54f581ac,SYNTHETIC,data/synthetic/configurations/731_synthetic_configurations_v5.csv,,,38.0,,,,CFG731_12089d5d54f581ac,DERIVED,ONE_CHARACTERISTIC
CONFIG_bc27af9dab7c82dd,Configuration,CFG731_ae1f3e9a90950fc3,SYNTHETIC,data/synthetic/configurations/731_synthetic_configurations_v5.csv,,,39.0,,,,CFG731_ae1f3e9a90950fc3,DERIVED,TWO_CHARACTERISTIC
CONFIG_f663e73cc39d4bf7,Configuration,CFG731_c37386a371e13fa8,SYNTHETIC,data/synthetic/configurations/731_synthetic_configurations_v5.csv,,,40.0,,,,CFG731_c37386a371e13fa8,DERIVED,ONE_CHARACTERISTIC
FAMILY_10d435f67f5e9c9e,ConfigurationFamily,F731WD_DualChannel,SYNTHETIC,data/synthetic/configurations/731_synthetic_configurations_v5.csv,,,,,,F731WD_DualChannel,,,
CONFIG_330ca744f26a4b12,Configuration,CFG731_3b2a32abbf148ca1,SYNTHETIC,data/synthetic/configurations/731_synthetic_configurations_v5.csv,,,41.0,,,,CFG731_3b2a32abbf148ca1,OBSERVED,REAL_OBSERVED
CONFIG_8b167bbd1201293b,Configuration,CFG731_7b1edd53e8bbad40,SYNTHETIC,data/synthetic/configurations/731_synthetic_configurations_v5.csv,,,42.0,,,,CFG731_7b1edd53e8bbad40,OBSERVED,REAL_OBSERVED
CONFIG_7358c78bc32fa830,Configuration,CFG731_515a31451814aae9,SYNTHETIC,data/synthetic/configurations/731_synthetic_configurations_v5.csv,,,43.0,,,,CFG731_515a31451814aae9,DERIVED,DEPENDENCY_TWO_CHARACTERISTIC
CONFIG_1abfc4112da83fcd,Configuration,CFG731_800f2acd9158b556,SYNTHETIC,data/synthetic/configurations/731_synthetic_configurations_v5.csv,,,44.0,,,,CFG731_800f2acd9158b556,DERIVED,ONE_CHARACTERISTIC
CONFIG_3a17229b78c90d5e,Configuration,CFG731_6cc2f5d089c01baf,SYNTHETIC,data/synthetic/configurations/731_synthetic_configurations_v5.csv,,,45.0,,,,CFG731_6cc2f5d089c01baf,OBSERVED,REAL_OBSERVED
CONFIG_bab3f4011253be70,Configuration,CFG731_27b6b45b43224be7,SYNTHETIC,data/synthetic/configurations/731_synthetic_configurations_v5.csv,,,46.0,,,,CFG731_27b6b45b43224be7,DERIVED,ONE_CHARACTERISTIC
CONFIG_23e5dc60f68eff55,Configuration,CFG731_f1355b6f00fd7f67,SYNTHETIC,data/synthetic/configurations/731_synthetic_configurations_v5.csv,,,47.0,,,,CFG731_f1355b6f00fd7f67,DERIVED,TWO_CHARACTERISTIC
CONFIG_fc28cfd0a38b9ef4,Configuration,CFG731_219ac3d01befd6d1,SYNTHETIC,data/synthetic/configurations/731_synthetic_configurations_v5.csv,,,48.0,,,,CFG731_219ac3d01befd6d1,OBSERVED,REAL_OBSERVED
CONFIG_e07335ee3f37b638,Configuration,CFG731_04a53b6cc81d57d6,SYNTHETIC,data/synthetic/configurations/731_synthetic_configurations_v5.csv,,,49.0,,,,CFG731_04a53b6cc81d57d6,OBSERVED,REAL_OBSERVED
CONFIG_83fb9e975048b01b,Configuration,CFG731_fe9a409c6b2ba9cc,SYNTHETIC,data/synthetic/configurations/731_synthetic_configurations_v5.csv,,,50.0,,,,CFG731_fe9a409c6b2ba9cc,DERIVED,DEPENDENCY_TWO_CHARACTERISTIC
CONFIG_7a2cffe1e926ed54,Configuration,CFG731_e03b41992c837b34,SYNTHETIC,data/synthetic/configurations/731_synthetic_configurations_v5.csv,,,51.0,,,,CFG731_e03b41992c837b34,DERIVED,DEPENDENCY_TWO_CHARACTERISTIC
CONFIG_16792c3638aa29da,Configuration,CFG731_19bcffd0eb2806b8,SYNTHETIC,data/synthetic/configurations/731_synthetic_configurations_v5.csv,,,52.0,,,,CFG731_19bcffd0eb2806b8,DERIVED,TWO_CHARACTERISTIC
CONFIG_a20875e51d860f5c,Configuration,CFG731_eb70dc35972dc4b7,SYNTHETIC,data/synthetic/configurations/731_synthetic_configurations_v5.csv,,,53.0,,,,CFG731_eb70dc35972dc4b7,OBSERVED,REAL_OBSERVED
CONFIG_8316daa068137731,Configuration,CFG731_40b6e1db6c80bcc1,SYNTHETIC,data/synthetic/configurations/731_synthetic_configurations_v5.csv,,,54.0,,,,CFG731_40b6e1db6c80bcc1,OBSERVED,REAL_OBSERVED
FAMILY_27c9788ad2f67502,ConfigurationFamily,G731VG,SYNTHETIC,data/synthetic/configurations/731_synthetic_configurations_v5.csv,,,,,,G731VG,,,
VAL_43b8365b801e1dd6,CharacteristicValue,VG,SYNTHETIC,data/synthetic/configurations/731_synthetic_configurations_v5.csv,,,,characteristic,VG,,,,
CONFIG_1afb80196d2f6528,Configuration,CFG731_aa4779c40e6c2de0,SYNTHETIC,data/synthetic/configurations/731_synthetic_configurations_v5.csv,,,55.0,,,,CFG731_aa4779c40e6c2de0,DERIVED,ONE_CHARACTERISTIC
CONFIG_288c936bd3bacbc9,Configuration,CFG731_be171d4bbfab2b66,SYNTHETIC,data/synthetic/configurations/731_synthetic_configurations_v5.csv,,,56.0,,,,CFG731_be171d4bbfab2b66,DERIVED,TWO_CHARACTERISTIC
CONFIG_5aa0fbf6aa52df4e,Configuration,CFG731_0029021d98da4557,SYNTHETIC,data/synthetic/configurations/731_synthetic_configurations_v5.csv,,,57.0,,,,CFG731_0029021d98da4557,OBSERVED,REAL_OBSERVED
CONFIG_496459e13cea200d,Configuration,CFG731_b97ce0f180acf155,SYNTHETIC,data/synthetic/configurations/731_synthetic_configurations_v5.csv,,,58.0,,,,CFG731_b97ce0f180acf155,OBSERVED,REAL_OBSERVED
CONFIG_aa6ab682179a220d,Configuration,CFG731_e2d64e127f97296d,SYNTHETIC,data/synthetic/configurations/731_synthetic_configurations_v5.csv,,,59.0,,,,CFG731_e2d64e127f97296d,OBSERVED,REAL_OBSERVED
CONFIG_a768bb2b53b26382,Configuration,CFG731_7c78a4beb9b12eb2,SYNTHETIC,data/synthetic/configurations/731_synthetic_configurations_v5.csv,,,60.0,,,,CFG731_7c78a4beb9b12eb2,DERIVED,ONE_CHARACTERISTIC
CONFIG_f31276f39fc01fdc,Configuration,CFG731_37f66c3948c00e57,SYNTHETIC,data/synthetic/configurations/731_synthetic_configurations_v5.csv,,,61.0,,,,CFG731_37f66c3948c00e57,DERIVED,ONE_CHARACTERISTIC
CONFIG_8c275bfcb6e38f0b,Configuration,CFG731_6886c948a9d1ec0c,SYNTHETIC,data/synthetic/configurations/731_synthetic_configurations_v5.csv,,,62.0,,,,CFG731_6886c948a9d1ec0c,OBSERVED,REAL_OBSERVED
CONFIG_85c4139652e10b24,Configuration,CFG731_cc03e3852895ae99,SYNTHETIC,data/synthetic/configurations/731_synthetic_configurations_v5.csv,,,63.0,,,,CFG731_cc03e3852895ae99,DERIVED,DEPENDENCY_TWO_CHARACTERISTIC
CONFIG_c212befa32ce9322,Configuration,CFG731_691a8f2ff165671d,SYNTHETIC,data/synthetic/configurations/731_synthetic_configurations_v5.csv,,,64.0,,,,CFG731_691a8f2ff165671d,OBSERVED,REAL_OBSERVED
VAL_49b7eebe2301821c,CharacteristicValue,MT,SYNTHETIC,data/synthetic/configurations/731_synthetic_configurations_v5.csv,,,,dataInterface,MT,,,,
CONFIG_112d2033f93cd784,Configuration,CFG731_9eed4a2d2e84d134,SYNTHETIC,data/synthetic/configurations/731_synthetic_configurations_v5.csv,,,65.0,,,,CFG731_9eed4a2d2e84d134,DERIVED,TWO_CHARACTERISTIC
CONFIG_4a98be0ff4e999c8,Configuration,CFG731_c32627af59ba1526,SYNTHETIC,data/synthetic/configurations/731_synthetic_configurations_v5.csv,,,66.0,,,,CFG731_c32627af59ba1526,OBSERVED,REAL_OBSERVED
CONFIG_7a2e2054e1a4813a,Configuration,CFG731_e5a85c19cf4647dd,SYNTHETIC,data/synthetic/configurations/731_synthetic_configurations_v5.csv,,,67.0,,,,CFG731_e5a85c19cf4647dd,DERIVED,TWO_CHARACTERISTIC
CONFIG_54248fabb254d0a3,Configuration,CFG731_2a8793475d827bb6,SYNTHETIC,data/synthetic/configurations/731_synthetic_configurations_v5.csv,,,68.0,,,,CFG731_2a8793475d827bb6,OBSERVED,REAL_OBSERVED
CONFIG_a2675c9e6af5a20f,Configuration,CFG731_4e7f75dd9496e7b1,SYNTHETIC,data/synthetic/configurations/731_synthetic_configurations_v5.csv,,,69.0,,,,CFG731_4e7f75dd9496e7b1,DERIVED,ONE_CHARACTERISTIC
CONFIG_e067eaa940273daa,Configuration,CFG731_fa063863b8688588,SYNTHETIC,data/synthetic/configurations/731_synthetic_configurations_v5.csv,,,70.0,,,,CFG731_fa063863b8688588,DERIVED,ONE_CHARACTERISTIC
CONFIG_71733fe112f3ba17,Configuration,CFG731_8048d4394d2fbde3,SYNTHETIC,data/synthetic/configurations/731_synthetic_configurations_v5.csv,,,71.0,,,,CFG731_8048d4394d2fbde3,DERIVED,TWO_CHARACTERISTIC
CONFIG_d4e12e6fb4d8a422,Configuration,CFG731_579057193c092394,SYNTHETIC,data/synthetic/configurations/731_synthetic_configurations_v5.csv,,,72.0,,,,CFG731_579057193c092394,DERIVED,ONE_CHARACTERISTIC
CONFIG_ad600f18b0ce3ba2,Configuration,CFG731_9fa436b39059149d,SYNTHETIC,data/synthetic/configurations/731_synthetic_configurations_v5.csv,,,73.0,,,,CFG731_9fa436b39059149d,DERIVED,ONE_CHARACTERISTIC
CONFIG_79977db5ecc207ba,Configuration,CFG731_7c70763d4cf79560,SYNTHETIC,data/synthetic/configurations/731_synthetic_configurations_v5.csv,,,75.0,,,,CFG731_7c70763d4cf79560,DERIVED,TWO_CHARACTERISTIC
CONFIG_8a97faf26a242afc,Configuration,CFG731_274085596a46ecf6,SYNTHETIC,data/synthetic/configurations/731_synthetic_configurations_v5.csv,,,76.0,,,,CFG731_274085596a46ecf6,DERIVED,TWO_CHARACTERISTIC
CONFIG_060384f7e74d0919,Configuration,CFG731_6357400dd5c2804a,SYNTHETIC,data/synthetic/configurations/731_synthetic_configurations_v5.csv,,,77.0,,,,CFG731_6357400dd5c2804a,OBSERVED,REAL_OBSERVED
VAL_cc1ec03b51286f81,CharacteristicValue,CN,SYNTHETIC,data/synthetic/configurations/731_synthetic_configurations_v5.csv,,,,certification,CN,,,,
CONFIG_58b76f4e9f6ae226,Configuration,CFG731_c050936f4a70e2a0,SYNTHETIC,data/synthetic/configurations/731_synthetic_configurations_v5.csv,,,78.0,,,,CFG731_c050936f4a70e2a0,DERIVED,TWO_CHARACTERISTIC
CONFIG_b1428da24ea06b23,Configuration,CFG731_32adda6269b4f5ce,SYNTHETIC,data/synthetic/configurations/731_synthetic_configurations_v5.csv,,,79.0,,,,CFG731_32adda6269b4f5ce,DERIVED,ONE_CHARACTERISTIC
CONFIG_9c73aebd79ef7cb1,Configuration,CFG731_50797efe795778c6,SYNTHETIC,data/synthetic/configurations/731_synthetic_configurations_v5.csv,,,80.0,,,,CFG731_50797efe795778c6,DERIVED,TWO_CHARACTERISTIC
CONFIG_0f9fec1b991b819e,Configuration,CFG731_757fbd3e8915b462,SYNTHETIC,data/synthetic/configurations/731_synthetic_configurations_v5.csv,,,81.0,,,,CFG731_757fbd3e8915b462,OBSERVED,REAL_OBSERVED
CONFIG_436bc31a07812f48,Configuration,CFG731_f030e97d69c5c359,SYNTHETIC,data/synthetic/configurations/731_synthetic_configurations_v5.csv,,,82.0,,,,CFG731_f030e97d69c5c359,DERIVED,ONE_CHARACTERISTIC
CONFIG_eb1cbe524080c935,Configuration,CFG731_c0eb036469c0bf44,SYNTHETIC,data/synthetic/configurations/731_synthetic_configurations_v5.csv,,,83.0,,,,CFG731_c0eb036469c0bf44,DERIVED,DEPENDENCY_TWO_CHARACTERISTIC
CONFIG_384cb9d9947aa690,Configuration,CFG731_47bb86ed234fd5e6,SYNTHETIC,data/synthetic/configurations/731_synthetic_configurations_v5.csv,,,84.0,,,,CFG731_47bb86ed234fd5e6,DERIVED,TWO_CHARACTERISTIC
CONFIG_391d16725a8ead32,Configuration,CFG731_6b2b46dd281009ce,SYNTHETIC,data/synthetic/configurations/731_synthetic_configurations_v5.csv,,,85.0,,,,CFG731_6b2b46dd281009ce,DERIVED,ONE_CHARACTERISTIC
CONFIG_aa408289f546f65b,Configuration,CFG731_ef044db10b586894,SYNTHETIC,data/synthetic/configurations/731_synthetic_configurations_v5.csv,,,86.0,,,,CFG731_ef044db10b586894,DERIVED,TWO_CHARACTERISTIC
CONFIG_3f8cd2f31bd03aee,Configuration,CFG731_3ebdd541d6efe614,SYNTHETIC,data/synthetic/configurations/731_synthetic_configurations_v5.csv,,,87.0,,,,CFG731_3ebdd541d6efe614,OBSERVED,REAL_OBSERVED
CONFIG_bed724492cb6730f,Configuration,CFG731_2eea910b2403bc4c,SYNTHETIC,data/synthetic/configurations/731_synthetic_configurations_v5.csv,,,88.0,,,,CFG731_2eea910b2403bc4c,DERIVED,TWO_CHARACTERISTIC
CONFIG_345cc4ae192bf876,Configuration,CFG731_cb3a6f924677049e,SYNTHETIC,data/synthetic/configurations/731_synthetic_configurations_v5.csv,,,89.0,,,,CFG731_cb3a6f924677049e,DERIVED,TWO_CHARACTERISTIC
CONFIG_a0a6d4ce0a024f3e,Configuration,CFG731_baab4a7f51aced1f,SYNTHETIC,data/synthetic/configurations/731_synthetic_configurations_v5.csv,,,90.0,,,,CFG731_baab4a7f51aced1f,DERIVED,DEPENDENCY_TWO_CHARACTERISTIC
CONFIG_5384bffa35a356aa,Configuration,CFG731_6f8c15548921e4c2,SYNTHETIC,data/synthetic/configurations/731_synthetic_configurations_v5.csv,,,91.0,,,,CFG731_6f8c15548921e4c2,OBSERVED,REAL_OBSERVED
CONFIG_4d3a0dbc9ab525d9,Configuration,CFG731_663e1e93ec389f08,SYNTHETIC,data/synthetic/configurations/731_synthetic_configurations_v5.csv,,,92.0,,,,CFG731_663e1e93ec389f08,DERIVED,ONE_CHARACTERISTIC
CONFIG_f8de9e17a61e356b,Configuration,CFG731_6526112621a9ee97,SYNTHETIC,data/synthetic/configurations/731_synthetic_configurations_v5.csv,,,93.0,,,,CFG731_6526112621a9ee97,DERIVED,TWO_CHARACTERISTIC
CONFIG_611ea60894f1ccda,Configuration,CFG731_e705c6e8d4b9cc85,SYNTHETIC,data/synthetic/configurations/731_synthetic_configurations_v5.csv,,,94.0,,,,CFG731_e705c6e8d4b9cc85,DERIVED,TWO_CHARACTERISTIC
VAL_1b9760f98f8e1429,CharacteristicValue,S,SYNTHETIC,data/synthetic/configurations/731_synthetic_configurations_v5.csv,,,,devCategory,S,,,,
CONFIG_b16a7a213cf52f23,Configuration,CFG731_d8c69b7395beabbb,SYNTHETIC,data/synthetic/configurations/731_synthetic_configurations_v5.csv,,,95.0,,,,CFG731_d8c69b7395beabbb,DERIVED,ONE_CHARACTERISTIC
CONFIG_a7222963a6357c9e,Configuration,CFG731_ae2e4cfccaff4f50,SYNTHETIC,data/synthetic/configurations/731_synthetic_configurations_v5.csv,,,96.0,,,,CFG731_ae2e4cfccaff4f50,DERIVED,DEPENDENCY_TWO_CHARACTERISTIC
CONFIG_2f34b33cb81f20e8,Configuration,CFG731_9d7b1c7fdce88cb4,SYNTHETIC,data/synthetic/configurations/731_synthetic_configurations_v5.csv,,,97.0,,,,CFG731_9d7b1c7fdce88cb4,DERIVED,TWO_CHARACTERISTIC
CONFIG_6bcf603e9bbdc44d,Configuration,CFG731_87d8ba5b87cf0a3f,SYNTHETIC,data/synthetic/configurations/731_synthetic_configurations_v5.csv,,,98.0,,,,CFG731_87d8ba5b87cf0a3f,DERIVED,DEPENDENCY_TWO_CHARACTERISTIC
CONFIG_31aabac62c6d8647,Configuration,CFG731_1f0c09edcd967945,SYNTHETIC,data/synthetic/configurations/731_synthetic_configurations_v5.csv,,,99.0,,,,CFG731_1f0c09edcd967945,DERIVED,ONE_CHARACTERISTIC
CONFIG_87e4ab0c5749cde8,Configuration,CFG731_c11c5ee5deff9a1e,SYNTHETIC,data/synthetic/configurations/731_synthetic_configurations_v5.csv,,,100.0,,,,CFG731_c11c5ee5deff9a1e,DERIVED,ONE_CHARACTERISTIC
CONFIG_b18af8f7cea5e0f5,Configuration,CFG731_7fea22051dcc86b6,SYNTHETIC,data/synthetic/configurations/731_synthetic_configurations_v5.csv,,,101.0,,,,CFG731_7fea22051dcc86b6,OBSERVED,REAL_OBSERVED
CONFIG_49de18c0fa9eec6d,Configuration,CFG731_ce4c7976fe8fc47b,SYNTHETIC,data/synthetic/configurations/731_synthetic_configurations_v5.csv,,,102.0,,,,CFG731_ce4c7976fe8fc47b,DERIVED,TWO_CHARACTERISTIC
CONFIG_c3c00bcd87c6ff27,Configuration,CFG731_2322a268d0a898f9,SYNTHETIC,data/synthetic/configurations/731_synthetic_configurations_v5.csv,,,103.0,,,,CFG731_2322a268d0a898f9,DERIVED,TWO_CHARACTERISTIC
CONFIG_c8a8a5a6229a66f8,Configuration,CFG731_3f42c988dc83cb23,SYNTHETIC,data/synthetic/configurations/731_synthetic_configurations_v5.csv,,,104.0,,,,CFG731_3f42c988dc83cb23,DERIVED,TWO_CHARACTERISTIC
CONFIG_c7f6e5151c1a8484,Configuration,CFG731_e1c54b5b080fabb2,SYNTHETIC,data/synthetic/configurations/731_synthetic_configurations_v5.csv,,,105.0,,,,CFG731_e1c54b5b080fabb2,DERIVED,TWO_CHARACTERISTIC
CONFIG_3badde87434aae39,Configuration,CFG731_928eb2092e8c7074,SYNTHETIC,data/synthetic/configurations/731_synthetic_configurations_v5.csv,,,106.0,,,,CFG731_928eb2092e8c7074,DERIVED,TWO_CHARACTERISTIC
CONFIG_caf6a402c5ae6640,Configuration,CFG731_4346df46838fd57e,SYNTHETIC,data/synthetic/configurations/731_synthetic_configurations_v5.csv,,,107.0,,,,CFG731_4346df46838fd57e,DERIVED,ONE_CHARACTERISTIC
CONFIG_afe13793f2ed7147,Configuration,CFG731_6e53621a73b55f2c,SYNTHETIC,data/synthetic/configurations/731_synthetic_configurations_v5.csv,,,108.0,,,,CFG731_6e53621a73b55f2c,DERIVED,DEPENDENCY_TWO_CHARACTERISTIC
CONFIG_2a6a33237d79c222,Configuration,CFG731_8d07e19298d09d34,SYNTHETIC,data/synthetic/configurations/731_synthetic_configurations_v5.csv,,,109.0,,,,CFG731_8d07e19298d09d34,OBSERVED,REAL_OBSERVED
CONFIG_de92c9eabf845d21,Configuration,CFG731_3727d181b2806370,SYNTHETIC,data/synthetic/configurations/731_synthetic_configurations_v5.csv,,,110.0,,,,CFG731_3727d181b2806370,DERIVED,ONE_CHARACTERISTIC
CONFIG_017b3c255c8a638c,Configuration,CFG731_9def6f7d289bea90,SYNTHETIC,data/synthetic/configurations/731_synthetic_configurations_v5.csv,,,111.0,,,,CFG731_9def6f7d289bea90,DERIVED,TWO_CHARACTERISTIC
CONFIG_2c3af43ffdd2bbf6,Configuration,CFG731_d2a75fda6f761c1b,SYNTHETIC,data/synthetic/configurations/731_synthetic_configurations_v5.csv,,,112.0,,,,CFG731_d2a75fda6f761c1b,DERIVED,ONE_CHARACTERISTIC
CONFIG_0f3bfbe83217ec3e,Configuration,CFG731_a3b03637ed22317c,SYNTHETIC,data/synthetic/configurations/731_synthetic_configurations_v5.csv,,,113.0,,,,CFG731_a3b03637ed22317c,OBSERVED,REAL_OBSERVED
CONFIG_3a91534d69fbd4cd,Configuration,CFG731_9548d55d92816998,SYNTHETIC,data/synthetic/configurations/731_synthetic_configurations_v5.csv,,,114.0,,,,CFG731_9548d55d92816998,OBSERVED,REAL_OBSERVED
CONFIG_0848dee22ee1a37f,Configuration,CFG731_9fcbeaf9d5010d3a,SYNTHETIC,data/synthetic/configurations/731_synthetic_configurations_v5.csv,,,115.0,,,,CFG731_9fcbeaf9d5010d3a,DERIVED,DEPENDENCY_TWO_CHARACTERISTIC
CONFIG_f60dea43df5f71c6,Configuration,CFG731_6bdadac99b2f7b39,SYNTHETIC,data/synthetic/configurations/731_synthetic_configurations_v5.csv,,,116.0,,,,CFG731_6bdadac99b2f7b39,DERIVED,TWO_CHARACTERISTIC
CONFIG_ccaebb58be02546f,Configuration,CFG731_b3506a753aafcfa3,SYNTHETIC,data/synthetic/configurations/731_synthetic_configurations_v5.csv,,,117.0,,,,CFG731_b3506a753aafcfa3,DERIVED,ONE_CHARACTERISTIC
CONFIG_36920a761db74af9,Configuration,CFG731_a5c5e0f40e3e1125,SYNTHETIC,data/synthetic/configurations/731_synthetic_configurations_v5.csv,,,118.0,,,,CFG731_a5c5e0f40e3e1125,DERIVED,TWO_CHARACTERISTIC
CONFIG_bc9b93c35dad9b25,Configuration,CFG731_2b5aa7df11e558a1,SYNTHETIC,data/synthetic/configurations/731_synthetic_configurations_v5.csv,,,119.0,,,,CFG731_2b5aa7df11e558a1,DERIVED,TWO_CHARACTERISTIC
CONFIG_4445736ee9241778,Configuration,CFG731_d432b6fd40e9e78c,SYNTHETIC,data/synthetic/configurations/731_synthetic_configurations_v5.csv,,,120.0,,,,CFG731_d432b6fd40e9e78c,OBSERVED,REAL_OBSERVED
CONFIG_1912c1eebaed2424,Configuration,CFG731_618cb6c1c21feda4,SYNTHETIC,data/synthetic/configurations/731_synthetic_configurations_v5.csv,,,121.0,,,,CFG731_618cb6c1c21feda4,DERIVED,ONE_CHARACTERISTIC
CONFIG_b7165835b3a8c785,Configuration,CFG731_f4856d563cc31f77,SYNTHETIC,data/synthetic/configurations/731_synthetic_configurations_v5.csv,,,122.0,,,,CFG731_f4856d563cc31f77,DERIVED,TWO_CHARACTERISTIC
CONFIG_886da8044ca1515c,Configuration,CFG731_762cef09e31dba4c,SYNTHETIC,data/synthetic/configurations/731_synthetic_configurations_v5.csv,,,123.0,,,,CFG731_762cef09e31dba4c,DERIVED,TWO_CHARACTERISTIC
CONFIG_b5393ba8d977d29d,Configuration,CFG731_7c35d25e0c12df82,SYNTHETIC,data/synthetic/configurations/731_synthetic_configurations_v5.csv,,,124.0,,,,CFG731_7c35d25e0c12df82,DERIVED,TWO_CHARACTERISTIC
CONFIG_6a6c1f0c0c7f0849,Configuration,CFG731_c87cb45e3d711af0,SYNTHETIC,data/synthetic/configurations/731_synthetic_configurations_v5.csv,,,125.0,,,,CFG731_c87cb45e3d711af0,DERIVED,TWO_CHARACTERISTIC
CONFIG_dd5454e4d47005b4,Configuration,CFG731_d3db38843cf9fb81,SYNTHETIC,data/synthetic/configurations/731_synthetic_configurations_v5.csv,,,126.0,,,,CFG731_d3db38843cf9fb81,OBSERVED,REAL_OBSERVED
CONFIG_4d2c0fdad79c67ed,Configuration,CFG731_c759934398f2381a,SYNTHETIC,data/synthetic/configurations/731_synthetic_configurations_v5.csv,,,127.0,,,,CFG731_c759934398f2381a,DERIVED,ONE_CHARACTERISTIC
CONFIG_171b92b925a5e16d,Configuration,CFG731_5b4a5fddf8aa5e11,SYNTHETIC,data/synthetic/configurations/731_synthetic_configurations_v5.csv,,,128.0,,,,CFG731_5b4a5fddf8aa5e11,DERIVED,TWO_CHARACTERISTIC
CONFIG_8a562ed023ec4427,Configuration,CFG731_fe5ec1b0bcdbd396,SYNTHETIC,data/synthetic/configurations/731_synthetic_configurations_v5.csv,,,129.0,,,,CFG731_fe5ec1b0bcdbd396,DERIVED,TWO_CHARACTERISTIC
CONFIG_a3874fb2fc4ee695,Configuration,CFG731_f9fd6a4462ec051a,SYNTHETIC,data/synthetic/configurations/731_synthetic_configurations_v5.csv,,,130.0,,,,CFG731_f9fd6a4462ec051a,OBSERVED,REAL_OBSERVED
CONFIG_4e6bc300f4f55cdb,Configuration,CFG731_fde1ab2a4808b544,SYNTHETIC,data/synthetic/configurations/731_synthetic_configurations_v5.csv,,,131.0,,,,CFG731_fde1ab2a4808b544,OBSERVED,REAL_OBSERVED
CONFIG_0ca25fad141d3bf0,Configuration,CFG731_ec9510e138997c9f,SYNTHETIC,data/synthetic/configurations/731_synthetic_configurations_v5.csv,,,132.0,,,,CFG731_ec9510e138997c9f,DERIVED,TWO_CHARACTERISTIC
CONFIG_12c53ae0ece718db,Configuration,CFG731_28d91a700ee0ddc0,SYNTHETIC,data/synthetic/configurations/731_synthetic_configurations_v5.csv,,,133.0,,,,CFG731_28d91a700ee0ddc0,DERIVED,TWO_CHARACTERISTIC
CONFIG_338925c3a3b572d4,Configuration,CFG731_0dd81a588b2a1411,SYNTHETIC,data/synthetic/configurations/731_synthetic_configurations_v5.csv,,,134.0,,,,CFG731_0dd81a588b2a1411,DERIVED,TWO_CHARACTERISTIC
CONFIG_a781624eb665fedf,Configuration,CFG731_b265e25b7baf721d,SYNTHETIC,data/synthetic/configurations/731_synthetic_configurations_v5.csv,,,135.0,,,,CFG731_b265e25b7baf721d,DERIVED,TWO_CHARACTERISTIC
CONFIG_f120e29add2906ff,Configuration,CFG731_337790e6bbcf15f4,SYNTHETIC,data/synthetic/configurations/731_synthetic_configurations_v5.csv,,,136.0,,,,CFG731_337790e6bbcf15f4,OBSERVED,REAL_OBSERVED
CONFIG_9d01bc59b6c720c1,Configuration,CFG731_ef8d7fa6d580061e,SYNTHETIC,data/synthetic/configurations/731_synthetic_configurations_v5.csv,,,137.0,,,,CFG731_ef8d7fa6d580061e,DERIVED,TWO_CHARACTERISTIC
CONFIG_2a5bf8cb443ea699,Configuration,CFG731_0fdf5c36c9c41e69,SYNTHETIC,data/synthetic/configurations/731_synthetic_configurations_v5.csv,,,138.0,,,,CFG731_0fdf5c36c9c41e69,OBSERVED,REAL_OBSERVED
CONFIG_b5f0e376479f64d4,Configuration,CFG731_296392aa95929245,SYNTHETIC,data/synthetic/configurations/731_synthetic_configurations_v5.csv,,,139.0,,,,CFG731_296392aa95929245,OBSERVED,REAL_OBSERVED
CONFIG_d7245dd93c240c1a,Configuration,CFG731_77a90bfd81b5c2c1,SYNTHETIC,data/synthetic/configurations/731_synthetic_configurations_v5.csv,,,140.0,,,,CFG731_77a90bfd81b5c2c1,DERIVED,ONE_CHARACTERISTIC
CONFIG_a1279864773a7f02,Configuration,CFG731_14299a2a74e42d7f,SYNTHETIC,data/synthetic/configurations/731_synthetic_configurations_v5.csv,,,141.0,,,,CFG731_14299a2a74e42d7f,OBSERVED,REAL_OBSERVED
CONFIG_9b35988a1eb3f7f8,Configuration,CFG731_81fb6648eb2086c4,SYNTHETIC,data/synthetic/configurations/731_synthetic_configurations_v5.csv,,,142.0,,,,CFG731_81fb6648eb2086c4,DERIVED,TWO_CHARACTERISTIC
CONFIG_e2d838ffd7efdb4c,Configuration,CFG731_750dd83a06ba43cb,SYNTHETIC,data/synthetic/configurations/731_synthetic_configurations_v5.csv,,,143.0,,,,CFG731_750dd83a06ba43cb,DERIVED,DEPENDENCY_TWO_CHARACTERISTIC
CONFIG_2ee9ba6765c36e02,Configuration,CFG731_646d8903da63e1f0,SYNTHETIC,data/synthetic/configurations/731_synthetic_configurations_v5.csv,,,144.0,,,,CFG731_646d8903da63e1f0,OBSERVED,REAL_OBSERVED
CONFIG_c15187e7a434ecbe,Configuration,CFG731_3a6a87d7cf07cb7c,SYNTHETIC,data/synthetic/configurations/731_synthetic_configurations_v5.csv,,,145.0,,,,CFG731_3a6a87d7cf07cb7c,OBSERVED,REAL_OBSERVED
CONFIG_b0d5c0ae0f78812d,Configuration,CFG731_4a3529e56644911e,SYNTHETIC,data/synthetic/configurations/731_synthetic_configurations_v5.csv,,,146.0,,,,CFG731_4a3529e56644911e,DERIVED,TWO_CHARACTERISTIC
CONFIG_9a1643ab82adb496,Configuration,CFG731_ebb861c404a79d91,SYNTHETIC,data/synthetic/configurations/731_synthetic_configurations_v5.csv,,,147.0,,,,CFG731_ebb861c404a79d91,DERIVED,TWO_CHARACTERISTIC
CONFIG_77cb0df163f423ec,Configuration,CFG731_da5f98932a1c6afd,SYNTHETIC,data/synthetic/configurations/731_synthetic_configurations_v5.csv,,,148.0,,,,CFG731_da5f98932a1c6afd,DERIVED,ONE_CHARACTERISTIC
CONFIG_342c27d996dd95af,Configuration,CFG731_7f0b42d2b9f7fcc2,SYNTHETIC,data/synthetic/configurations/731_synthetic_configurations_v5.csv,,,149.0,,,,CFG731_7f0b42d2b9f7fcc2,OBSERVED,REAL_OBSERVED
CONFIG_070f8956e6431760,Configuration,CFG731_70b38ab75d3ca724,SYNTHETIC,data/synthetic/configurations/731_synthetic_configurations_v5.csv,,,150.0,,,,CFG731_70b38ab75d3ca724,OBSERVED,REAL_OBSERVED
CONFIG_b4a6ca148f628d72,Configuration,CFG731_140a9819128d92da,SYNTHETIC,data/synthetic/configurations/731_synthetic_configurations_v5.csv,,,151.0,,,,CFG731_140a9819128d92da,DERIVED,ONE_CHARACTERISTIC
CONFIG_eed771fca5d134b0,Configuration,CFG731_c0f829ddab491342,SYNTHETIC,data/synthetic/configurations/731_synthetic_configurations_v5.csv,,,152.0,,,,CFG731_c0f829ddab491342,DERIVED,ONE_CHARACTERISTIC
CONFIG_2bba782847a88d77,Configuration,CFG731_a9ec8cda9130252f,SYNTHETIC,data/synthetic/configurations/731_synthetic_configurations_v5.csv,,,153.0,,,,CFG731_a9ec8cda9130252f,DERIVED,TWO_CHARACTERISTIC
CONFIG_c044247d770099bc,Configuration,CFG731_d881bdfa42976572,SYNTHETIC,data/synthetic/configurations/731_synthetic_configurations_v5.csv,,,154.0,,,,CFG731_d881bdfa42976572,DERIVED,TWO_CHARACTERISTIC
CONFIG_640eb10f399f9c95,Configuration,CFG731_241d60e6ef5278be,SYNTHETIC,data/synthetic/configurations/731_synthetic_configurations_v5.csv,,,155.0,,,,CFG731_241d60e6ef5278be,OBSERVED,REAL_OBSERVED
CONFIG_b9149eb7a341bde9,Configuration,CFG731_eff2b6eef0bebb97,SYNTHETIC,data/synthetic/configurations/731_synthetic_configurations_v5.csv,,,157.0,,,,CFG731_eff2b6eef0bebb97,DERIVED,TWO_CHARACTERISTIC
CONFIG_3ec6662618a44c5c,Configuration,CFG731_d97c333965654bd3,SYNTHETIC,data/synthetic/configurations/731_synthetic_configurations_v5.csv,,,159.0,,,,CFG731_d97c333965654bd3,OBSERVED,REAL_OBSERVED
CONFIG_6c07ec3d61e335e8,Configuration,CFG731_cc9ac35e4d9a1854,SYNTHETIC,data/synthetic/configurations/731_synthetic_configurations_v5.csv,,,160.0,,,,CFG731_cc9ac35e4d9a1854,OBSERVED,REAL_OBSERVED
CONFIG_9c0d271949a923ed,Configuration,CFG731_80e3b04d167bbba8,SYNTHETIC,data/synthetic/configurations/731_synthetic_configurations_v5.csv,,,161.0,,,,CFG731_80e3b04d167bbba8,DERIVED,TWO_CHARACTERISTIC
CONFIG_241db5e58c389513,Configuration,CFG731_ee15b881a6032908,SYNTHETIC,data/synthetic/configurations/731_synthetic_configurations_v5.csv,,,162.0,,,,CFG731_ee15b881a6032908,DERIVED,ONE_CHARACTERISTIC
CONFIG_5de532042013a9a7,Configuration,CFG731_927f189839c665ae,SYNTHETIC,data/synthetic/configurations/731_synthetic_configurations_v5.csv,,,163.0,,,,CFG731_927f189839c665ae,DERIVED,TWO_CHARACTERISTIC
CONFIG_5bde91ed05cd0253,Configuration,CFG731_4189e4dbecbffadb,SYNTHETIC,data/synthetic/configurations/731_synthetic_configurations_v5.csv,,,164.0,,,,CFG731_4189e4dbecbffadb,DERIVED,ONE_CHARACTERISTIC
CONFIG_b8321fbaf129d8f9,Configuration,CFG731_582d2e914f2f625b,SYNTHETIC,data/synthetic/configurations/731_synthetic_configurations_v5.csv,,,165.0,,,,CFG731_582d2e914f2f625b,DERIVED,TWO_CHARACTERISTIC
CONFIG_a430897126feee71,Configuration,CFG731_3611bb1fba248e38,SYNTHETIC,data/synthetic/configurations/731_synthetic_configurations_v5.csv,,,166.0,,,,CFG731_3611bb1fba248e38,OBSERVED,REAL_OBSERVED
CONFIG_5784ffa657b5ad6b,Configuration,CFG731_ae877a3b18b65d0a,SYNTHETIC,data/synthetic/configurations/731_synthetic_configurations_v5.csv,,,167.0,,,,CFG731_ae877a3b18b65d0a,OBSERVED,REAL_OBSERVED
CONFIG_58eebc1b4eece7f8,Configuration,CFG731_633572f6d3593691,SYNTHETIC,data/synthetic/configurations/731_synthetic_configurations_v5.csv,,,168.0,,,,CFG731_633572f6d3593691,DERIVED,TWO_CHARACTERISTIC
CONFIG_abff27a27a7cf0a7,Configuration,CFG731_648b3a822a947c68,SYNTHETIC,data/synthetic/configurations/731_synthetic_configurations_v5.csv,,,169.0,,,,CFG731_648b3a822a947c68,DERIVED,ONE_CHARACTERISTIC
CONFIG_1d9e63a7751917c5,Configuration,CFG731_9fcbfc87f6f15988,SYNTHETIC,data/synthetic/configurations/731_synthetic_configurations_v5.csv,,,170.0,,,,CFG731_9fcbfc87f6f15988,DERIVED,TWO_CHARACTERISTIC
CONFIG_137643e8c98a3c90,Configuration,CFG731_288e4c99b4e02895,SYNTHETIC,data/synthetic/configurations/731_synthetic_configurations_v5.csv,,,172.0,,,,CFG731_288e4c99b4e02895,OBSERVED,REAL_OBSERVED
CONFIG_da076971ce87e12b,Configuration,CFG731_3c119308d8305ad4,SYNTHETIC,data/synthetic/configurations/731_synthetic_configurations_v5.csv,,,173.0,,,,CFG731_3c119308d8305ad4,OBSERVED,REAL_OBSERVED
CONFIG_233ef9b6c5c6a46c,Configuration,CFG731_ab9e33e0db28df11,SYNTHETIC,data/synthetic/configurations/731_synthetic_configurations_v5.csv,,,174.0,,,,CFG731_ab9e33e0db28df11,DERIVED,TWO_CHARACTERISTIC
CONFIG_631746200dd71f13,Configuration,CFG731_186348c5f967a6f7,SYNTHETIC,data/synthetic/configurations/731_synthetic_configurations_v5.csv,,,175.0,,,,CFG731_186348c5f967a6f7,OBSERVED,REAL_OBSERVED
CONFIG_cdb05cd9279c2a7c,Configuration,CFG731_4772bedc40328ae2,SYNTHETIC,data/synthetic/configurations/731_synthetic_configurations_v5.csv,,,176.0,,,,CFG731_4772bedc40328ae2,DERIVED,DEPENDENCY_TWO_CHARACTERISTIC
CONFIG_b5a60e240f110b8b,Configuration,CFG731_0781a0fecc8f46d5,SYNTHETIC,data/synthetic/configurations/731_synthetic_configurations_v5.csv,,,177.0,,,,CFG731_0781a0fecc8f46d5,OBSERVED,REAL_OBSERVED
CONFIG_cb9021c9bab90301,Configuration,CFG731_fd7b09f495a568bc,SYNTHETIC,data/synthetic/configurations/731_synthetic_configurations_v5.csv,,,178.0,,,,CFG731_fd7b09f495a568bc,OBSERVED,REAL_OBSERVED
CONFIG_a8be2ac6cabe5c73,Configuration,CFG731_0b2f7a45dffefd5b,SYNTHETIC,data/synthetic/configurations/731_synthetic_configurations_v5.csv,,,180.0,,,,CFG731_0b2f7a45dffefd5b,OBSERVED,REAL_OBSERVED
CONFIG_1a1b3752d7f5221c,Configuration,CFG731_f0e6b17b1bb2d5ab,SYNTHETIC,data/synthetic/configurations/731_synthetic_configurations_v5.csv,,,181.0,,,,CFG731_f0e6b17b1bb2d5ab,DERIVED,TWO_CHARACTERISTIC
CONFIG_5e69972b49996176,Configuration,CFG731_36d7686aca1200ae,SYNTHETIC,data/synthetic/configurations/731_synthetic_configurations_v5.csv,,,182.0,,,,CFG731_36d7686aca1200ae,DERIVED,DEPENDENCY_TWO_CHARACTERISTIC
CONFIG_069f89bf6bfe635f,Configuration,CFG731_8e5ce09a779d2284,SYNTHETIC,data/synthetic/configurations/731_synthetic_configurations_v5.csv,,,183.0,,,,CFG731_8e5ce09a779d2284,DERIVED,DEPENDENCY_TWO_CHARACTERISTIC
CONFIG_73e4d6b832e74e47,Configuration,CFG731_e6c0885eb14e429c,SYNTHETIC,data/synthetic/configurations/731_synthetic_configurations_v5.csv,,,184.0,,,,CFG731_e6c0885eb14e429c,DERIVED,DEPENDENCY_TWO_CHARACTERISTIC
CONFIG_e0a589aa87973b44,Configuration,CFG731_4b26dfbafad76131,SYNTHETIC,data/synthetic/configurations/731_synthetic_configurations_v5.csv,,,185.0,,,,CFG731_4b26dfbafad76131,DERIVED,TWO_CHARACTERISTIC
CONFIG_741192ed39e9f14d,Configuration,CFG731_75466cb810218a66,SYNTHETIC,data/synthetic/configurations/731_synthetic_configurations_v5.csv,,,186.0,,,,CFG731_75466cb810218a66,OBSERVED,REAL_OBSERVED
CONFIG_cf7538e7bc908d7d,Configuration,CFG731_d3e51804db148a52,SYNTHETIC,data/synthetic/configurations/731_synthetic_configurations_v5.csv,,,187.0,,,,CFG731_d3e51804db148a52,OBSERVED,REAL_OBSERVED
CONFIG_3a6494ebdc1bd68b,Configuration,CFG731_5a8170a3daa0efb9,SYNTHETIC,data/synthetic/configurations/731_synthetic_configurations_v5.csv,,,188.0,,,,CFG731_5a8170a3daa0efb9,OBSERVED,REAL_OBSERVED
CONFIG_f79770a2a3a7608e,Configuration,CFG731_2e6a2f2496db9434,SYNTHETIC,data/synthetic/configurations/731_synthetic_configurations_v5.csv,,,189.0,,,,CFG731_2e6a2f2496db9434,DERIVED,TWO_CHARACTERISTIC
CONFIG_93ae193222eef341,Configuration,CFG731_2e5bd0d53757f625,SYNTHETIC,data/synthetic/configurations/731_synthetic_configurations_v5.csv,,,190.0,,,,CFG731_2e5bd0d53757f625,DERIVED,TWO_CHARACTERISTIC
CONFIG_de9fd5302699943a,Configuration,CFG731_09176beb25719d23,SYNTHETIC,data/synthetic/configurations/731_synthetic_configurations_v5.csv,,,191.0,,,,CFG731_09176beb25719d23,DERIVED,TWO_CHARACTERISTIC
CONFIG_0f02354181d9ae4a,Configuration,CFG731_956456fc074ebc5a,SYNTHETIC,data/synthetic/configurations/731_synthetic_configurations_v5.csv,,,192.0,,,,CFG731_956456fc074ebc5a,OBSERVED,REAL_OBSERVED
CONFIG_096464d49839885e,Configuration,CFG731_455da2f832a6b66d,SYNTHETIC,data/synthetic/configurations/731_synthetic_configurations_v5.csv,,,193.0,,,,CFG731_455da2f832a6b66d,OBSERVED,REAL_OBSERVED
CONFIG_744962a4a968ad6d,Configuration,CFG731_917c1c364980ae35,SYNTHETIC,data/synthetic/configurations/731_synthetic_configurations_v5.csv,,,194.0,,,,CFG731_917c1c364980ae35,DERIVED,TWO_CHARACTERISTIC
CONFIG_ffc783f1feffb8da,Configuration,CFG731_ac57adca497d644f,SYNTHETIC,data/synthetic/configurations/731_synthetic_configurations_v5.csv,,,195.0,,,,CFG731_ac57adca497d644f,DERIVED,ONE_CHARACTERISTIC
CONFIG_604813d83a1bd19a,Configuration,CFG731_fa2849b259355775,SYNTHETIC,data/synthetic/configurations/731_synthetic_configurations_v5.csv,,,196.0,,,,CFG731_fa2849b259355775,OBSERVED,REAL_OBSERVED
CONFIG_2aa563bf284544a1,Configuration,CFG731_6b36d25fda044bf5,SYNTHETIC,data/synthetic/configurations/731_synthetic_configurations_v5.csv,,,197.0,,,,CFG731_6b36d25fda044bf5,OBSERVED,REAL_OBSERVED
CONFIG_c96aae86495766f8,Configuration,CFG731_57b3b3a6958ee330,SYNTHETIC,data/synthetic/configurations/731_synthetic_configurations_v5.csv,,,198.0,,,,CFG731_57b3b3a6958ee330,DERIVED,ONE_CHARACTERISTIC
CONFIG_a17d33a656d24c1b,Configuration,CFG731_7c92b041243082c6,SYNTHETIC,data/synthetic/configurations/731_synthetic_configurations_v5.csv,,,199.0,,,,CFG731_7c92b041243082c6,OBSERVED,REAL_OBSERVED
CONFIG_040dc69556b4bfc8,Configuration,CFG731_5be9d749d8317fd3,SYNTHETIC,data/synthetic/configurations/731_synthetic_configurations_v5.csv,,,200.0,,,,CFG731_5be9d749d8317fd3,OBSERVED,REAL_OBSERVED
CONFIG_decb321bc33790b0,Configuration,CFG731_1147f9711c4bff84,SYNTHETIC,data/synthetic/configurations/731_synthetic_configurations_v5.csv,,,202.0,,,,CFG731_1147f9711c4bff84,OBSERVED,REAL_OBSERVED
CONFIG_dd0d940b26699ba2,Configuration,CFG731_2610e273bed6705c,SYNTHETIC,data/synthetic/configurations/731_synthetic_configurations_v5.csv,,,203.0,,,,CFG731_2610e273bed6705c,DERIVED,TWO_CHARACTERISTIC
CONFIG_9fa021fabe7e375e,Configuration,CFG731_e7ac403b81e86f8f,SYNTHETIC,data/synthetic/configurations/731_synthetic_configurations_v5.csv,,,204.0,,,,CFG731_e7ac403b81e86f8f,DERIVED,TWO_CHARACTERISTIC
CONFIG_b391e7c407b89b8c,Configuration,CFG731_ddfa4ab00c1bcdd0,SYNTHETIC,data/synthetic/configurations/731_synthetic_configurations_v5.csv,,,205.0,,,,CFG731_ddfa4ab00c1bcdd0,OBSERVED,REAL_OBSERVED
CONFIG_07ba1d4fc9775a54,Configuration,CFG731_b30ceef5c5f902ca,SYNTHETIC,data/synthetic/configurations/731_synthetic_configurations_v5.csv,,,207.0,,,,CFG731_b30ceef5c5f902ca,DERIVED,DEPENDENCY_TWO_CHARACTERISTIC
CONFIG_aed59ef7a02b0a49,Configuration,CFG731_8cf35251fcd54982,SYNTHETIC,data/synthetic/configurations/731_synthetic_configurations_v5.csv,,,208.0,,,,CFG731_8cf35251fcd54982,DERIVED,ONE_CHARACTERISTIC
CONFIG_20e72c278f64d39c,Configuration,CFG731_89772de94df83ba5,SYNTHETIC,data/synthetic/configurations/731_synthetic_configurations_v5.csv,,,209.0,,,,CFG731_89772de94df83ba5,OBSERVED,REAL_OBSERVED
CONFIG_478f54185a05e556,Configuration,CFG731_1a1206cc52132df1,SYNTHETIC,data/synthetic/configurations/731_synthetic_configurations_v5.csv,,,210.0,,,,CFG731_1a1206cc52132df1,DERIVED,TWO_CHARACTERISTIC
CONFIG_425428178c65ebd1,Configuration,CFG731_ab67f4ca670c9841,SYNTHETIC,data/synthetic/configurations/731_synthetic_configurations_v5.csv,,,211.0,,,,CFG731_ab67f4ca670c9841,DERIVED,ONE_CHARACTERISTIC
CONFIG_58ee8e059e1c7cbe,Configuration,CFG731_0ee5d1627cfddbbd,SYNTHETIC,data/synthetic/configurations/731_synthetic_configurations_v5.csv,,,212.0,,,,CFG731_0ee5d1627cfddbbd,DERIVED,TWO_CHARACTERISTIC
CONFIG_e4d5bae131111489,Configuration,CFG731_759c265a697372ea,SYNTHETIC,data/synthetic/configurations/731_synthetic_configurations_v5.csv,,,213.0,,,,CFG731_759c265a697372ea,DERIVED,ONE_CHARACTERISTIC
CONFIG_d01581f50e00ed22,Configuration,CFG731_7f63e10e4938ed7a,SYNTHETIC,data/synthetic/configurations/731_synthetic_configurations_v5.csv,,,214.0,,,,CFG731_7f63e10e4938ed7a,OBSERVED,REAL_OBSERVED
VAL_32b82d0d15609feb,CharacteristicValue,IS2,SYNTHETIC,data/synthetic/configurations/731_synthetic_configurations_v5.csv,,,,stromEingaenge,IS2,,,,
CONFIG_65fea76d9a737600,Configuration,CFG731_e24b476e4eb9ee5d,SYNTHETIC,data/synthetic/configurations/731_synthetic_configurations_v5.csv,,,215.0,,,,CFG731_e24b476e4eb9ee5d,OBSERVED,REAL_OBSERVED
CONFIG_79303c9727a5b8d8,Configuration,CFG731_4ca309199387f8d5,SYNTHETIC,data/synthetic/configurations/731_synthetic_configurations_v5.csv,,,217.0,,,,CFG731_4ca309199387f8d5,OBSERVED,REAL_OBSERVED
CONFIG_5026b5a7f8b518ab,Configuration,CFG731_fcc72e9951376cf3,SYNTHETIC,data/synthetic/configurations/731_synthetic_configurations_v5.csv,,,218.0,,,,CFG731_fcc72e9951376cf3,OBSERVED,REAL_OBSERVED
CONFIG_2bcc1fd4f1d6eb2a,Configuration,CFG731_b27467571d893d92,SYNTHETIC,data/synthetic/configurations/731_synthetic_configurations_v5.csv,,,219.0,,,,CFG731_b27467571d893d92,OBSERVED,REAL_OBSERVED
CONFIG_e624af2b149554b9,Configuration,CFG731_a69c8345e2cbb480,SYNTHETIC,data/synthetic/configurations/731_synthetic_configurations_v5.csv,,,220.0,,,,CFG731_a69c8345e2cbb480,DERIVED,TWO_CHARACTERISTIC
CONFIG_25f59a42499a9c1e,Configuration,CFG731_31d150421c4341a3,SYNTHETIC,data/synthetic/configurations/731_synthetic_configurations_v5.csv,,,221.0,,,,CFG731_31d150421c4341a3,OBSERVED,REAL_OBSERVED
CONFIG_d03a4c6f55a65107,Configuration,CFG731_5aad423ad5989441,SYNTHETIC,data/synthetic/configurations/731_synthetic_configurations_v5.csv,,,222.0,,,,CFG731_5aad423ad5989441,DERIVED,DEPENDENCY_TWO_CHARACTERISTIC
CONFIG_3ab08f2a346c3443,Configuration,CFG731_9e4fccece4d272d3,SYNTHETIC,data/synthetic/configurations/731_synthetic_configurations_v5.csv,,,223.0,,,,CFG731_9e4fccece4d272d3,DERIVED,TWO_CHARACTERISTIC
CONFIG_c73dd9ee20ebe8bc,Configuration,CFG731_19ec976991ce75a9,SYNTHETIC,data/synthetic/configurations/731_synthetic_configurations_v5.csv,,,224.0,,,,CFG731_19ec976991ce75a9,OBSERVED,REAL_OBSERVED
CONFIG_d637dfa466f10225,Configuration,CFG731_cd1c2b236ffda331,SYNTHETIC,data/synthetic/configurations/731_synthetic_configurations_v5.csv,,,225.0,,,,CFG731_cd1c2b236ffda331,OBSERVED,REAL_OBSERVED
CONFIG_2012b2a2453fd204,Configuration,CFG731_7c5284fb5f15d1d6,SYNTHETIC,data/synthetic/configurations/731_synthetic_configurations_v5.csv,,,226.0,,,,CFG731_7c5284fb5f15d1d6,OBSERVED,REAL_OBSERVED
CONFIG_a89ba6c4c5acee58,Configuration,CFG731_5e50b9bcbfa0b051,SYNTHETIC,data/synthetic/configurations/731_synthetic_configurations_v5.csv,,,227.0,,,,CFG731_5e50b9bcbfa0b051,DERIVED,DEPENDENCY_TWO_CHARACTERISTIC
CONFIG_30e0f1bfc4a29a3f,Configuration,CFG731_b46f92852addf866,SYNTHETIC,data/synthetic/configurations/731_synthetic_configurations_v5.csv,,,228.0,,,,CFG731_b46f92852addf866,DERIVED,TWO_CHARACTERISTIC
CONFIG_3a99bb353f95e39d,Configuration,CFG731_ef8d68b6d278bfec,SYNTHETIC,data/synthetic/configurations/731_synthetic_configurations_v5.csv,,,229.0,,,,CFG731_ef8d68b6d278bfec,DERIVED,DEPENDENCY_TWO_CHARACTERISTIC
CONFIG_fe5c81052d6955d6,Configuration,CFG731_77fac91021549398,SYNTHETIC,data/synthetic/configurations/731_synthetic_configurations_v5.csv,,,230.0,,,,CFG731_77fac91021549398,DERIVED,ONE_CHARACTERISTIC
CONFIG_1160ab5ab4d5bc04,Configuration,CFG731_bba93a1b44b6ab73,SYNTHETIC,data/synthetic/configurations/731_synthetic_configurations_v5.csv,,,231.0,,,,CFG731_bba93a1b44b6ab73,DERIVED,TWO_CHARACTERISTIC
CONFIG_0768879f67f061c1,Configuration,CFG731_98ec9650b5463fd0,SYNTHETIC,data/synthetic/configurations/731_synthetic_configurations_v5.csv,,,233.0,,,,CFG731_98ec9650b5463fd0,OBSERVED,REAL_OBSERVED
CONFIG_8532b6fe2ba8c362,Configuration,CFG731_a59cc7e57b856164,SYNTHETIC,data/synthetic/configurations/731_synthetic_configurations_v5.csv,,,234.0,,,,CFG731_a59cc7e57b856164,DERIVED,DEPENDENCY_TWO_CHARACTERISTIC
CONFIG_d677f16414065594,Configuration,CFG731_260c36430f7c2d03,SYNTHETIC,data/synthetic/configurations/731_synthetic_configurations_v5.csv,,,236.0,,,,CFG731_260c36430f7c2d03,OBSERVED,REAL_OBSERVED
CONFIG_20762857f5450ae6,Configuration,CFG731_348f97ec6945fbf8,SYNTHETIC,data/synthetic/configurations/731_synthetic_configurations_v5.csv,,,237.0,,,,CFG731_348f97ec6945fbf8,DERIVED,DEPENDENCY_TWO_CHARACTERISTIC
CONFIG_eaebb699e97dc8b2,Configuration,CFG731_28454766bbc80cb9,SYNTHETIC,data/synthetic/configurations/731_synthetic_configurations_v5.csv,,,238.0,,,,CFG731_28454766bbc80cb9,DERIVED,TWO_CHARACTERISTIC
CONFIG_7e3826df1285fd5b,Configuration,CFG731_9a0f0b26c7f24725,SYNTHETIC,data/synthetic/configurations/731_synthetic_configurations_v5.csv,,,239.0,,,,CFG731_9a0f0b26c7f24725,OBSERVED,REAL_OBSERVED
CONFIG_45e6e601f90118a2,Configuration,CFG731_a57ffd88d58eb498,SYNTHETIC,data/synthetic/configurations/731_synthetic_configurations_v5.csv,,,240.0,,,,CFG731_a57ffd88d58eb498,OBSERVED,REAL_OBSERVED
CONFIG_aeb2809d04b41c47,Configuration,CFG731_7630270d2245c283,SYNTHETIC,data/synthetic/configurations/731_synthetic_configurations_v5.csv,,,241.0,,,,CFG731_7630270d2245c283,DERIVED,TWO_CHARACTERISTIC
CONFIG_509d0c116e971d15,Configuration,CFG731_f287b32480efae51,SYNTHETIC,data/synthetic/configurations/731_synthetic_configurations_v5.csv,,,242.0,,,,CFG731_f287b32480efae51,DERIVED,TWO_CHARACTERISTIC
CONFIG_de24ebdf4b6890e7,Configuration,CFG731_cf0392d0aaac28b1,SYNTHETIC,data/synthetic/configurations/731_synthetic_configurations_v5.csv,,,243.0,,,,CFG731_cf0392d0aaac28b1,DERIVED,TWO_CHARACTERISTIC
CONFIG_54042c79a324a095,Configuration,CFG731_ed85647cd384c17a,SYNTHETIC,data/synthetic/configurations/731_synthetic_configurations_v5.csv,,,245.0,,,,CFG731_ed85647cd384c17a,OBSERVED,REAL_OBSERVED
CONFIG_92903ccdb520932c,Configuration,CFG731_c3481d11b658e1e9,SYNTHETIC,data/synthetic/configurations/731_synthetic_configurations_v5.csv,,,246.0,,,,CFG731_c3481d11b658e1e9,DERIVED,TWO_CHARACTERISTIC
CONFIG_d7d4ad22bb5399df,Configuration,CFG731_13c87640928bf666,SYNTHETIC,data/synthetic/configurations/731_synthetic_configurations_v5.csv,,,247.0,,,,CFG731_13c87640928bf666,DERIVED,DEPENDENCY_TWO_CHARACTERISTIC
CONFIG_d94002587b04e20f,Configuration,CFG731_de1b4a889540ef0e,SYNTHETIC,data/synthetic/configurations/731_synthetic_configurations_v5.csv,,,248.0,,,,CFG731_de1b4a889540ef0e,DERIVED,TWO_CHARACTERISTIC
CONFIG_f833c2713852c153,Configuration,CFG731_8b18ac1c34209d63,SYNTHETIC,data/synthetic/configurations/731_synthetic_configurations_v5.csv,,,249.0,,,,CFG731_8b18ac1c34209d63,OBSERVED,REAL_OBSERVED
CONFIG_3abfc6155dcb383e,Configuration,CFG731_ea6185e3fef75557,SYNTHETIC,data/synthetic/configurations/731_synthetic_configurations_v5.csv,,,250.0,,,,CFG731_ea6185e3fef75557,DERIVED,TWO_CHARACTERISTIC
CONFIG_b709746ae2c872f1,Configuration,CFG731_353333bad447dbef,SYNTHETIC,data/synthetic/configurations/731_synthetic_configurations_v5.csv,,,251.0,,,,CFG731_353333bad447dbef,OBSERVED,REAL_OBSERVED
CONFIG_64da4aa589b477ff,Configuration,CFG731_2aca30183aab25a9,SYNTHETIC,data/synthetic/configurations/731_synthetic_configurations_v5.csv,,,253.0,,,,CFG731_2aca30183aab25a9,OBSERVED,REAL_OBSERVED
CONFIG_be55064e95b02a3a,Configuration,CFG731_30d0a49acd35b928,SYNTHETIC,data/synthetic/configurations/731_synthetic_configurations_v5.csv,,,254.0,,,,CFG731_30d0a49acd35b928,DERIVED,ONE_CHARACTERISTIC
CONFIG_70ad3e5e9d199d5b,Configuration,CFG731_bf7f206c47d2ca18,SYNTHETIC,data/synthetic/configurations/731_synthetic_configurations_v5.csv,,,255.0,,,,CFG731_bf7f206c47d2ca18,DERIVED,TWO_CHARACTERISTIC
CONFIG_f07a82f95928af8b,Configuration,CFG731_5076f1c2c0488d0e,SYNTHETIC,data/synthetic/configurations/731_synthetic_configurations_v5.csv,,,256.0,,,,CFG731_5076f1c2c0488d0e,OBSERVED,REAL_OBSERVED
CONFIG_778c7b038099f443,Configuration,CFG731_33fed5318b1a4f2f,SYNTHETIC,data/synthetic/configurations/731_synthetic_configurations_v5.csv,,,257.0,,,,CFG731_33fed5318b1a4f2f,OBSERVED,REAL_OBSERVED
CONFIG_1207af921a952137,Configuration,CFG731_c670511258ae4a49,SYNTHETIC,data/synthetic/configurations/731_synthetic_configurations_v5.csv,,,259.0,,,,CFG731_c670511258ae4a49,DERIVED,TWO_CHARACTERISTIC
CONFIG_d4788ac16876e881,Configuration,CFG731_83f956404d04e6cd,SYNTHETIC,data/synthetic/configurations/731_synthetic_configurations_v5.csv,,,260.0,,,,CFG731_83f956404d04e6cd,OBSERVED,REAL_OBSERVED
CONFIG_33d6d9e0c59ee609,Configuration,CFG731_0e3baae8e946721c,SYNTHETIC,data/synthetic/configurations/731_synthetic_configurations_v5.csv,,,261.0,,,,CFG731_0e3baae8e946721c,DERIVED,TWO_CHARACTERISTIC
CONFIG_cbdb01f15ae7ab40,Configuration,CFG731_7785b2914ebb6eaf,SYNTHETIC,data/synthetic/configurations/731_synthetic_configurations_v5.csv,,,262.0,,,,CFG731_7785b2914ebb6eaf,OBSERVED,REAL_OBSERVED
CONFIG_2899bf4936b33e7a,Configuration,CFG731_e5051ee84b25c9bb,SYNTHETIC,data/synthetic/configurations/731_synthetic_configurations_v5.csv,,,264.0,,,,CFG731_e5051ee84b25c9bb,DERIVED,TWO_CHARACTERISTIC
CONFIG_673bfe1a6bf29b42,Configuration,CFG731_4d0235c9d5cc61be,SYNTHETIC,data/synthetic/configurations/731_synthetic_configurations_v5.csv,,,265.0,,,,CFG731_4d0235c9d5cc61be,OBSERVED,REAL_OBSERVED
CONFIG_bce51ca6ad77c1ad,Configuration,CFG731_ec83ad3bde5df955,SYNTHETIC,data/synthetic/configurations/731_synthetic_configurations_v5.csv,,,266.0,,,,CFG731_ec83ad3bde5df955,DERIVED,TWO_CHARACTERISTIC
CONFIG_500a76f669465b65,Configuration,CFG731_fdb901ceaee1caed,SYNTHETIC,data/synthetic/configurations/731_synthetic_configurations_v5.csv,,,267.0,,,,CFG731_fdb901ceaee1caed,OBSERVED,REAL_OBSERVED
CONFIG_56580580b890ee30,Configuration,CFG731_0ed9dfc7367bb0a0,SYNTHETIC,data/synthetic/configurations/731_synthetic_configurations_v5.csv,,,269.0,,,,CFG731_0ed9dfc7367bb0a0,DERIVED,DEPENDENCY_TWO_CHARACTERISTIC
CONFIG_f35bdaa9a1c17026,Configuration,CFG731_dbb33a574e3ad4d8,SYNTHETIC,data/synthetic/configurations/731_synthetic_configurations_v5.csv,,,272.0,,,,CFG731_dbb33a574e3ad4d8,OBSERVED,REAL_OBSERVED
CONFIG_59abe0b5a35d5eb6,Configuration,CFG731_cfb2b92dd8f09f39,SYNTHETIC,data/synthetic/configurations/731_synthetic_configurations_v5.csv,,,273.0,,,,CFG731_cfb2b92dd8f09f39,OBSERVED,REAL_OBSERVED
CONFIG_8b5182f83076c542,Configuration,CFG731_2a738780f0517f67,SYNTHETIC,data/synthetic/configurations/731_synthetic_configurations_v5.csv,,,274.0,,,,CFG731_2a738780f0517f67,DERIVED,TWO_CHARACTERISTIC
CONFIG_3493a08b49b51e65,Configuration,CFG731_33f869b0c10dd59d,SYNTHETIC,data/synthetic/configurations/731_synthetic_configurations_v5.csv,,,275.0,,,,CFG731_33f869b0c10dd59d,DERIVED,TWO_CHARACTERISTIC
CONFIG_9a70ddb04693d0cb,Configuration,CFG731_c0f6f70a47ed04ba,SYNTHETIC,data/synthetic/configurations/731_synthetic_configurations_v5.csv,,,276.0,,,,CFG731_c0f6f70a47ed04ba,DERIVED,ONE_CHARACTERISTIC
CONFIG_12d8b9618776dfa2,Configuration,CFG731_7187559e0dc892c4,SYNTHETIC,data/synthetic/configurations/731_synthetic_configurations_v5.csv,,,277.0,,,,CFG731_7187559e0dc892c4,DERIVED,ONE_CHARACTERISTIC
CONFIG_a0210b8622322d01,Configuration,CFG731_e513d349f418c5df,SYNTHETIC,data/synthetic/configurations/731_synthetic_configurations_v5.csv,,,278.0,,,,CFG731_e513d349f418c5df,DERIVED,TWO_CHARACTERISTIC
CONFIG_f450b348f5296091,Configuration,CFG731_cb9d6c11077bd307,SYNTHETIC,data/synthetic/configurations/731_synthetic_configurations_v5.csv,,,279.0,,,,CFG731_cb9d6c11077bd307,DERIVED,TWO_CHARACTERISTIC
CONFIG_9756529d074c0777,Configuration,CFG731_6ad3ec8ed100118e,SYNTHETIC,data/synthetic/configurations/731_synthetic_configurations_v5.csv,,,280.0,,,,CFG731_6ad3ec8ed100118e,DERIVED,DEPENDENCY_TWO_CHARACTERISTIC
CONFIG_ebe52a23c680384b,Configuration,CFG731_21fc5cd75945ca37,SYNTHETIC,data/synthetic/configurations/731_synthetic_configurations_v5.csv,,,281.0,,,,CFG731_21fc5cd75945ca37,DERIVED,TWO_CHARACTERISTIC
CONFIG_14503931b9a34e07,Configuration,CFG731_67704f1a817ad4cd,SYNTHETIC,data/synthetic/configurations/731_synthetic_configurations_v5.csv,,,283.0,,,,CFG731_67704f1a817ad4cd,DERIVED,ONE_CHARACTERISTIC
CONFIG_ab00b9a8723be89c,Configuration,CFG731_357a7724550c556f,SYNTHETIC,data/synthetic/configurations/731_synthetic_configurations_v5.csv,,,285.0,,,,CFG731_357a7724550c556f,DERIVED,DEPENDENCY_TWO_CHARACTERISTIC
CONFIG_746023ecee323cb3,Configuration,CFG731_b7e47b5e3ac0c072,SYNTHETIC,data/synthetic/configurations/731_synthetic_configurations_v5.csv,,,286.0,,,,CFG731_b7e47b5e3ac0c072,DERIVED,TWO_CHARACTERISTIC
CONFIG_e76a99fd2d086392,Configuration,CFG731_986bac7252cc57eb,SYNTHETIC,data/synthetic/configurations/731_synthetic_configurations_v5.csv,,,287.0,,,,CFG731_986bac7252cc57eb,DERIVED,TWO_CHARACTERISTIC
CONFIG_9c421a081187a924,Configuration,CFG731_4de012f7232f644d,SYNTHETIC,data/synthetic/configurations/731_synthetic_configurations_v5.csv,,,288.0,,,,CFG731_4de012f7232f644d,OBSERVED,REAL_OBSERVED
CONFIG_e127c8b8825d6cdb,Configuration,CFG731_7157b3d45716ad8f,SYNTHETIC,data/synthetic/configurations/731_synthetic_configurations_v5.csv,,,289.0,,,,CFG731_7157b3d45716ad8f,DERIVED,ONE_CHARACTERISTIC
CONFIG_d7d8a779534055ee,Configuration,CFG731_ea7fe428c0bf0fcb,SYNTHETIC,data/synthetic/configurations/731_synthetic_configurations_v5.csv,,,290.0,,,,CFG731_ea7fe428c0bf0fcb,OBSERVED,REAL_OBSERVED
CONFIG_bbf67149a54cfde6,Configuration,CFG731_8c36814d277b2fda,SYNTHETIC,data/synthetic/configurations/731_synthetic_configurations_v5.csv,,,292.0,,,,CFG731_8c36814d277b2fda,DERIVED,TWO_CHARACTERISTIC
CONFIG_521074ad766d26dc,Configuration,CFG731_ae226e31119be9bd,SYNTHETIC,data/synthetic/configurations/731_synthetic_configurations_v5.csv,,,294.0,,,,CFG731_ae226e31119be9bd,OBSERVED,REAL_OBSERVED
CONFIG_a2381d14771fbb3b,Configuration,CFG731_24648603ca730481,SYNTHETIC,data/synthetic/configurations/731_synthetic_configurations_v5.csv,,,295.0,,,,CFG731_24648603ca730481,DERIVED,TWO_CHARACTERISTIC
CONFIG_9b90c0bfa044106a,Configuration,CFG731_1b365e0951e7dea4,SYNTHETIC,data/synthetic/configurations/731_synthetic_configurations_v5.csv,,,296.0,,,,CFG731_1b365e0951e7dea4,DERIVED,DEPENDENCY_TWO_CHARACTERISTIC
CONFIG_00408436779e0f17,Configuration,CFG731_631dadb7c0c7adf5,SYNTHETIC,data/synthetic/configurations/731_synthetic_configurations_v5.csv,,,297.0,,,,CFG731_631dadb7c0c7adf5,DERIVED,ONE_CHARACTERISTIC
CONFIG_0cfca593665a7c32,Configuration,CFG731_135ddf5639321fb6,SYNTHETIC,data/synthetic/configurations/731_synthetic_configurations_v5.csv,,,298.0,,,,CFG731_135ddf5639321fb6,DERIVED,ONE_CHARACTERISTIC
CONFIG_45ce3908a38a4e72,Configuration,CFG731_403f51b2e914043b,SYNTHETIC,data/synthetic/configurations/731_synthetic_configurations_v5.csv,,,299.0,,,,CFG731_403f51b2e914043b,DERIVED,DEPENDENCY_TWO_CHARACTERISTIC
CONFIG_a16701ad7d889094,Configuration,CFG731_ad6f77e09c551945,SYNTHETIC,data/synthetic/configurations/731_synthetic_configurations_v5.csv,,,300.0,,,,CFG731_ad6f77e09c551945,DERIVED,ONE_CHARACTERISTIC
CONFIG_4fdbf92c97e8eb4c,Configuration,CFG731_b078d97fa9fdd1d9,SYNTHETIC,data/synthetic/configurations/731_synthetic_configurations_v5.csv,,,301.0,,,,CFG731_b078d97fa9fdd1d9,DERIVED,TWO_CHARACTERISTIC
CONFIG_16a51a2764af781e,Configuration,CFG731_a7d2a5a9ae465701,SYNTHETIC,data/synthetic/configurations/731_synthetic_configurations_v5.csv,,,302.0,,,,CFG731_a7d2a5a9ae465701,OBSERVED,REAL_OBSERVED
CONFIG_b466824eec97317f,Configuration,CFG731_ad85e442c9239be7,SYNTHETIC,data/synthetic/configurations/731_synthetic_configurations_v5.csv,,,303.0,,,,CFG731_ad85e442c9239be7,DERIVED,ONE_CHARACTERISTIC
CONFIG_e71a868cceb968ee,Configuration,CFG731_782675d8823078bc,SYNTHETIC,data/synthetic/configurations/731_synthetic_configurations_v5.csv,,,304.0,,,,CFG731_782675d8823078bc,DERIVED,TWO_CHARACTERISTIC
CONFIG_7ecd5a61386cd60a,Configuration,CFG731_dbb266760a8c89df,SYNTHETIC,data/synthetic/configurations/731_synthetic_configurations_v5.csv,,,305.0,,,,CFG731_dbb266760a8c89df,DERIVED,TWO_CHARACTERISTIC
CONFIG_b66de7dd172eb3a7,Configuration,CFG731_3cfe26a4a6491587,SYNTHETIC,data/synthetic/configurations/731_synthetic_configurations_v5.csv,,,306.0,,,,CFG731_3cfe26a4a6491587,DERIVED,TWO_CHARACTERISTIC
CONFIG_f79cd7da3844e9f8,Configuration,CFG731_7765429ffa27b59a,SYNTHETIC,data/synthetic/configurations/731_synthetic_configurations_v5.csv,,,307.0,,,,CFG731_7765429ffa27b59a,OBSERVED,REAL_OBSERVED
CONFIG_f8f5dcda3e50e1e9,Configuration,CFG731_37fcb5ee957aede4,SYNTHETIC,data/synthetic/configurations/731_synthetic_configurations_v5.csv,,,310.0,,,,CFG731_37fcb5ee957aede4,DERIVED,TWO_CHARACTERISTIC
CONFIG_9d8520d5c184cfcc,Configuration,CFG731_2ae6ccd85f4fafbe,SYNTHETIC,data/synthetic/configurations/731_synthetic_configurations_v5.csv,,,311.0,,,,CFG731_2ae6ccd85f4fafbe,DERIVED,TWO_CHARACTERISTIC
CONFIG_148ead07c57da9ab,Configuration,CFG731_086adbe1d654b214,SYNTHETIC,data/synthetic/configurations/731_synthetic_configurations_v5.csv,,,312.0,,,,CFG731_086adbe1d654b214,DERIVED,TWO_CHARACTERISTIC
CONFIG_9fc0de1bb763dce2,Configuration,CFG731_2a989bd6dba74d9f,SYNTHETIC,data/synthetic/configurations/731_synthetic_configurations_v5.csv,,,313.0,,,,CFG731_2a989bd6dba74d9f,OBSERVED,REAL_OBSERVED
CONFIG_c50e7f8db15a3294,Configuration,CFG731_c5aac471a2e214bc,SYNTHETIC,data/synthetic/configurations/731_synthetic_configurations_v5.csv,,,315.0,,,,CFG731_c5aac471a2e214bc,DERIVED,TWO_CHARACTERISTIC
CONFIG_4ae41ed51771b5ee,Configuration,CFG731_ac352f2a7f2cc7ab,SYNTHETIC,data/synthetic/configurations/731_synthetic_configurations_v5.csv,,,316.0,,,,CFG731_ac352f2a7f2cc7ab,DERIVED,TWO_CHARACTERISTIC
CONFIG_5292679775311b6a,Configuration,CFG731_c209599718b42485,SYNTHETIC,data/synthetic/configurations/731_synthetic_configurations_v5.csv,,,317.0,,,,CFG731_c209599718b42485,DERIVED,DEPENDENCY_TWO_CHARACTERISTIC
CONFIG_9a865477efe88d1c,Configuration,CFG731_819cb4e76943eca6,SYNTHETIC,data/synthetic/configurations/731_synthetic_configurations_v5.csv,,,318.0,,,,CFG731_819cb4e76943eca6,OBSERVED,REAL_OBSERVED
CONFIG_74363c992b8e3ed5,Configuration,CFG731_26a55fc6510692e1,SYNTHETIC,data/synthetic/configurations/731_synthetic_configurations_v5.csv,,,320.0,,,,CFG731_26a55fc6510692e1,DERIVED,ONE_CHARACTERISTIC
CONFIG_3b1cd28ad3bc8de2,Configuration,CFG731_63eea9420833169a,SYNTHETIC,data/synthetic/configurations/731_synthetic_configurations_v5.csv,,,321.0,,,,CFG731_63eea9420833169a,DERIVED,ONE_CHARACTERISTIC
CONFIG_3f7b439f0f3a9607,Configuration,CFG731_94be99d48ade0efb,SYNTHETIC,data/synthetic/configurations/731_synthetic_configurations_v5.csv,,,322.0,,,,CFG731_94be99d48ade0efb,DERIVED,TWO_CHARACTERISTIC
CONFIG_6642594c8a7a5e63,Configuration,CFG731_947b0b2717816adb,SYNTHETIC,data/synthetic/configurations/731_synthetic_configurations_v5.csv,,,323.0,,,,CFG731_947b0b2717816adb,OBSERVED,REAL_OBSERVED
CONFIG_5c93692d8c6f4f5e,Configuration,CFG731_8153d67c519453a2,SYNTHETIC,data/synthetic/configurations/731_synthetic_configurations_v5.csv,,,325.0,,,,CFG731_8153d67c519453a2,DERIVED,TWO_CHARACTERISTIC
CONFIG_9c2bc22166256add,Configuration,CFG731_175641fe8d1c7f37,SYNTHETIC,data/synthetic/configurations/731_synthetic_configurations_v5.csv,,,326.0,,,,CFG731_175641fe8d1c7f37,OBSERVED,REAL_OBSERVED
CONFIG_fcc11c8a733ea053,Configuration,CFG731_f190b8445f1cafae,SYNTHETIC,data/synthetic/configurations/731_synthetic_configurations_v5.csv,,,327.0,,,,CFG731_f190b8445f1cafae,DERIVED,TWO_CHARACTERISTIC
CONFIG_128009dbc13a840a,Configuration,CFG731_672458a8e716cdf8,SYNTHETIC,data/synthetic/configurations/731_synthetic_configurations_v5.csv,,,328.0,,,,CFG731_672458a8e716cdf8,OBSERVED,REAL_OBSERVED
CONFIG_d6c3b2d783147cd5,Configuration,CFG731_8b6ed3cfa9ed1e59,SYNTHETIC,data/synthetic/configurations/731_synthetic_configurations_v5.csv,,,329.0,,,,CFG731_8b6ed3cfa9ed1e59,DERIVED,DEPENDENCY_TWO_CHARACTERISTIC
CONFIG_db01003744896d76,Configuration,CFG731_23aa00a5306a83b2,SYNTHETIC,data/synthetic/configurations/731_synthetic_configurations_v5.csv,,,331.0,,,,CFG731_23aa00a5306a83b2,OBSERVED,REAL_OBSERVED
CONFIG_2e50ad3680884c09,Configuration,CFG731_491a198d9cd06e17,SYNTHETIC,data/synthetic/configurations/731_synthetic_configurations_v5.csv,,,332.0,,,,CFG731_491a198d9cd06e17,DERIVED,ONE_CHARACTERISTIC
CONFIG_2f47071b312e155e,Configuration,CFG731_34e092c266a308aa,SYNTHETIC,data/synthetic/configurations/731_synthetic_configurations_v5.csv,,,334.0,,,,CFG731_34e092c266a308aa,DERIVED,TWO_CHARACTERISTIC
CONFIG_51443566cb3b7623,Configuration,CFG731_f560db8c82450ee1,SYNTHETIC,data/synthetic/configurations/731_synthetic_configurations_v5.csv,,,335.0,,,,CFG731_f560db8c82450ee1,DERIVED,TWO_CHARACTERISTIC
CONFIG_4ba5224347c63bbf,Configuration,CFG731_af8fc23bebdac123,SYNTHETIC,data/synthetic/configurations/731_synthetic_configurations_v5.csv,,,337.0,,,,CFG731_af8fc23bebdac123,DERIVED,DEPENDENCY_TWO_CHARACTERISTIC
CONFIG_d76ad3b9de5ac5f7,Configuration,CFG731_452fb8d2c450816e,SYNTHETIC,data/synthetic/configurations/731_synthetic_configurations_v5.csv,,,338.0,,,,CFG731_452fb8d2c450816e,OBSERVED,REAL_OBSERVED
CONFIG_91cc871bf4098577,Configuration,CFG731_8c8856d21252930e,SYNTHETIC,data/synthetic/configurations/731_synthetic_configurations_v5.csv,,,339.0,,,,CFG731_8c8856d21252930e,OBSERVED,REAL_OBSERVED
CONFIG_d05eb9bd9edd21a7,Configuration,CFG731_ba4b6f259b7b32c4,SYNTHETIC,data/synthetic/configurations/731_synthetic_configurations_v5.csv,,,340.0,,,,CFG731_ba4b6f259b7b32c4,DERIVED,TWO_CHARACTERISTIC
CONFIG_bf757760c9d66f91,Configuration,CFG731_1b33a9ed446bc0fd,SYNTHETIC,data/synthetic/configurations/731_synthetic_configurations_v5.csv,,,341.0,,,,CFG731_1b33a9ed446bc0fd,DERIVED,TWO_CHARACTERISTIC
CONFIG_5376a9eaf9e7d69a,Configuration,CFG731_9f9bc93c4b0253cf,SYNTHETIC,data/synthetic/configurations/731_synthetic_configurations_v5.csv,,,342.0,,,,CFG731_9f9bc93c4b0253cf,OBSERVED,REAL_OBSERVED
CONFIG_7d51b9b0fdcc1c52,Configuration,CFG731_52d6df1869142d7d,SYNTHETIC,data/synthetic/configurations/731_synthetic_configurations_v5.csv,,,344.0,,,,CFG731_52d6df1869142d7d,DERIVED,TWO_CHARACTERISTIC
CONFIG_fcc72cb61812ca9d,Configuration,CFG731_9a761e6bfde35917,SYNTHETIC,data/synthetic/configurations/731_synthetic_configurations_v5.csv,,,345.0,,,,CFG731_9a761e6bfde35917,DERIVED,DEPENDENCY_TWO_CHARACTERISTIC
CONFIG_444edade5242f8e3,Configuration,CFG731_3399b9d467bfc71a,SYNTHETIC,data/synthetic/configurations/731_synthetic_configurations_v5.csv,,,346.0,,,,CFG731_3399b9d467bfc71a,DERIVED,TWO_CHARACTERISTIC
CONFIG_ca951ae59c2e9fa2,Configuration,CFG731_78d3b084a795c836,SYNTHETIC,data/synthetic/configurations/731_synthetic_configurations_v5.csv,,,349.0,,,,CFG731_78d3b084a795c836,DERIVED,TWO_CHARACTERISTIC
CONFIG_880092ab2227ed0a,Configuration,CFG731_98bdc6937e342d40,SYNTHETIC,data/synthetic/configurations/731_synthetic_configurations_v5.csv,,,350.0,,,,CFG731_98bdc6937e342d40,OBSERVED,REAL_OBSERVED
CONFIG_f7f17a81ebc6d7b3,Configuration,CFG731_70b6eaf9262ca4d0,SYNTHETIC,data/synthetic/configurations/731_synthetic_configurations_v5.csv,,,351.0,,,,CFG731_70b6eaf9262ca4d0,OBSERVED,REAL_OBSERVED
CONFIG_3ccb0b3f1460483d,Configuration,CFG731_0e146b48e4ed8b98,SYNTHETIC,data/synthetic/configurations/731_synthetic_configurations_v5.csv,,,352.0,,,,CFG731_0e146b48e4ed8b98,OBSERVED,REAL_OBSERVED
CONFIG_40c806ff68becc07,Configuration,CFG731_4514730a70640409,SYNTHETIC,data/synthetic/configurations/731_synthetic_configurations_v5.csv,,,353.0,,,,CFG731_4514730a70640409,DERIVED,TWO_CHARACTERISTIC
CONFIG_3fde4c934c33a39f,Configuration,CFG731_6870d8bf5b059680,SYNTHETIC,data/synthetic/configurations/731_synthetic_configurations_v5.csv,,,354.0,,,,CFG731_6870d8bf5b059680,DERIVED,TWO_CHARACTERISTIC
CONFIG_c5e68b3c44f8a003,Configuration,CFG731_166343048c227f3c,SYNTHETIC,data/synthetic/configurations/731_synthetic_configurations_v5.csv,,,355.0,,,,CFG731_166343048c227f3c,OBSERVED,REAL_OBSERVED
CONFIG_0ae34cc3df588715,Configuration,CFG731_a70e307c2ffca857,SYNTHETIC,data/synthetic/configurations/731_synthetic_configurations_v5.csv,,,356.0,,,,CFG731_a70e307c2ffca857,OBSERVED,REAL_OBSERVED
CONFIG_9399db8c5922ece1,Configuration,CFG731_faa6b560b4d99a0a,SYNTHETIC,data/synthetic/configurations/731_synthetic_configurations_v5.csv,,,357.0,,,,CFG731_faa6b560b4d99a0a,DERIVED,ONE_CHARACTERISTIC
CONFIG_4287b13849600b5d,Configuration,CFG731_e67173c88f9460f6,SYNTHETIC,data/synthetic/configurations/731_synthetic_configurations_v5.csv,,,359.0,,,,CFG731_e67173c88f9460f6,DERIVED,ONE_CHARACTERISTIC
CONFIG_0b579de519c9d9f3,Configuration,CFG731_eea573acdafa9ee3,SYNTHETIC,data/synthetic/configurations/731_synthetic_configurations_v5.csv,,,360.0,,,,CFG731_eea573acdafa9ee3,DERIVED,TWO_CHARACTERISTIC
CONFIG_5ad11072725bda92,Configuration,CFG731_399690ce112d8d2a,SYNTHETIC,data/synthetic/configurations/731_synthetic_configurations_v5.csv,,,361.0,,,,CFG731_399690ce112d8d2a,DERIVED,TWO_CHARACTERISTIC
CONFIG_b088b7213ae950c0,Configuration,CFG731_bd51fba2aacb1a3c,SYNTHETIC,data/synthetic/configurations/731_synthetic_configurations_v5.csv,,,362.0,,,,CFG731_bd51fba2aacb1a3c,DERIVED,TWO_CHARACTERISTIC
CONFIG_dac89769be1205f1,Configuration,CFG731_5869cd9805e6c1ca,SYNTHETIC,data/synthetic/configurations/731_synthetic_configurations_v5.csv,,,364.0,,,,CFG731_5869cd9805e6c1ca,DERIVED,TWO_CHARACTERISTIC
CONFIG_d3bf30f55ca70586,Configuration,CFG731_9b931b5025055c84,SYNTHETIC,data/synthetic/configurations/731_synthetic_configurations_v5.csv,,,365.0,,,,CFG731_9b931b5025055c84,OBSERVED,REAL_OBSERVED
CONFIG_0f7fa03ff8a7924b,Configuration,CFG731_37f37296c515d083,SYNTHETIC,data/synthetic/configurations/731_synthetic_configurations_v5.csv,,,366.0,,,,CFG731_37f37296c515d083,DERIVED,DEPENDENCY_TWO_CHARACTERISTIC
CONFIG_512f59db7c5da449,Configuration,CFG731_2daad6eb4c93b72e,SYNTHETIC,data/synthetic/configurations/731_synthetic_configurations_v5.csv,,,367.0,,,,CFG731_2daad6eb4c93b72e,DERIVED,TWO_CHARACTERISTIC
CONFIG_2bd264bab55ce39e,Configuration,CFG731_1509c3729def0e7e,SYNTHETIC,data/synthetic/configurations/731_synthetic_configurations_v5.csv,,,369.0,,,,CFG731_1509c3729def0e7e,DERIVED,TWO_CHARACTERISTIC
CONFIG_56de18d44ef71d1c,Configuration,CFG731_c976e33226ef748e,SYNTHETIC,data/synthetic/configurations/731_synthetic_configurations_v5.csv,,,370.0,,,,CFG731_c976e33226ef748e,DERIVED,DEPENDENCY_TWO_CHARACTERISTIC
CONFIG_982af126a445e0f5,Configuration,CFG731_48e71c5ae6615397,SYNTHETIC,data/synthetic/configurations/731_synthetic_configurations_v5.csv,,,371.0,,,,CFG731_48e71c5ae6615397,DERIVED,TWO_CHARACTERISTIC
CONFIG_eaa033beec19f3eb,Configuration,CFG731_cb6654d77e7e4d72,SYNTHETIC,data/synthetic/configurations/731_synthetic_configurations_v5.csv,,,373.0,,,,CFG731_cb6654d77e7e4d72,DERIVED,TWO_CHARACTERISTIC
CONFIG_add54815db19b594,Configuration,CFG731_4d6c56202edf3f41,SYNTHETIC,data/synthetic/configurations/731_synthetic_configurations_v5.csv,,,374.0,,,,CFG731_4d6c56202edf3f41,DERIVED,ONE_CHARACTERISTIC
CONFIG_59827e693093a073,Configuration,CFG731_e1516ef53069d5e2,SYNTHETIC,data/synthetic/configurations/731_synthetic_configurations_v5.csv,,,375.0,,,,CFG731_e1516ef53069d5e2,DERIVED,ONE_CHARACTERISTIC
CONFIG_a6300438826523be,Configuration,CFG731_10085782ed0991cf,SYNTHETIC,data/synthetic/configurations/731_synthetic_configurations_v5.csv,,,376.0,,,,CFG731_10085782ed0991cf,OBSERVED,REAL_OBSERVED
CONFIG_9f1898c3c6b61215,Configuration,CFG731_996314000fcfec4b,SYNTHETIC,data/synthetic/configurations/731_synthetic_configurations_v5.csv,,,377.0,,,,CFG731_996314000fcfec4b,OBSERVED,REAL_OBSERVED
CONFIG_b6239068b3d392eb,Configuration,CFG731_5fb1bce2eb72cec6,SYNTHETIC,data/synthetic/configurations/731_synthetic_configurations_v5.csv,,,378.0,,,,CFG731_5fb1bce2eb72cec6,DERIVED,ONE_CHARACTERISTIC
CONFIG_5c6f541a293562c4,Configuration,CFG731_6204dd6ea742eb13,SYNTHETIC,data/synthetic/configurations/731_synthetic_configurations_v5.csv,,,379.0,,,,CFG731_6204dd6ea742eb13,DERIVED,TWO_CHARACTERISTIC
CONFIG_4ce604933ae32ccc,Configuration,CFG731_54559f782190a122,SYNTHETIC,data/synthetic/configurations/731_synthetic_configurations_v5.csv,,,380.0,,,,CFG731_54559f782190a122,OBSERVED,REAL_OBSERVED
CONFIG_06a75578cc946e82,Configuration,CFG731_0be7d6198235486b,SYNTHETIC,data/synthetic/configurations/731_synthetic_configurations_v5.csv,,,381.0,,,,CFG731_0be7d6198235486b,OBSERVED,REAL_OBSERVED
CONFIG_b60c7806bbeb4c22,Configuration,CFG731_e9e5f6255573b434,SYNTHETIC,data/synthetic/configurations/731_synthetic_configurations_v5.csv,,,383.0,,,,CFG731_e9e5f6255573b434,DERIVED,ONE_CHARACTERISTIC
CONFIG_1977738e9fdda681,Configuration,CFG731_0ef26d136a7182e8,SYNTHETIC,data/synthetic/configurations/731_synthetic_configurations_v5.csv,,,385.0,,,,CFG731_0ef26d136a7182e8,DERIVED,DEPENDENCY_TWO_CHARACTERISTIC
CONFIG_729a163ebc3975f6,Configuration,CFG731_c7c53fc5541f1dc1,SYNTHETIC,data/synthetic/configurations/731_synthetic_configurations_v5.csv,,,387.0,,,,CFG731_c7c53fc5541f1dc1,OBSERVED,REAL_OBSERVED
CONFIG_0a00dfdc5405ebcc,Configuration,CFG731_62d0f0f6bab9bdcb,SYNTHETIC,data/synthetic/configurations/731_synthetic_configurations_v5.csv,,,389.0,,,,CFG731_62d0f0f6bab9bdcb,OBSERVED,REAL_OBSERVED
CONFIG_1c61f4b4af3fc1f6,Configuration,CFG731_243419c6708378b3,SYNTHETIC,data/synthetic/configurations/731_synthetic_configurations_v5.csv,,,392.0,,,,CFG731_243419c6708378b3,DERIVED,ONE_CHARACTERISTIC
CONFIG_886bd10a36c87390,Configuration,CFG731_828e0eccc54da7ae,SYNTHETIC,data/synthetic/configurations/731_synthetic_configurations_v5.csv,,,393.0,,,,CFG731_828e0eccc54da7ae,DERIVED,ONE_CHARACTERISTIC
CONFIG_f2047cd9471f54ff,Configuration,CFG731_ef2682d19eb0622f,SYNTHETIC,data/synthetic/configurations/731_synthetic_configurations_v5.csv,,,394.0,,,,CFG731_ef2682d19eb0622f,DERIVED,TWO_CHARACTERISTIC
CONFIG_923bb9031c37b260,Configuration,CFG731_938851275519b7cb,SYNTHETIC,data/synthetic/configurations/731_synthetic_configurations_v5.csv,,,395.0,,,,CFG731_938851275519b7cb,DERIVED,DEPENDENCY_TWO_CHARACTERISTIC
CONFIG_8140a8b0f9d7aeaa,Configuration,CFG731_0738cd529389f266,SYNTHETIC,data/synthetic/configurations/731_synthetic_configurations_v5.csv,,,396.0,,,,CFG731_0738cd529389f266,OBSERVED,REAL_OBSERVED
CONFIG_27fc351d13fc7f90,Configuration,CFG731_5dd35c89836ec88e,SYNTHETIC,data/synthetic/configurations/731_synthetic_configurations_v5.csv,,,397.0,,,,CFG731_5dd35c89836ec88e,OBSERVED,REAL_OBSERVED
CONFIG_9979383c34cdd434,Configuration,CFG731_5cfa203ca7029f1c,SYNTHETIC,data/synthetic/configurations/731_synthetic_configurations_v5.csv,,,398.0,,,,CFG731_5cfa203ca7029f1c,DERIVED,TWO_CHARACTERISTIC
CONFIG_5eb316257129cb9c,Configuration,CFG731_09bbc633ce004ff0,SYNTHETIC,data/synthetic/configurations/731_synthetic_configurations_v5.csv,,,399.0,,,,CFG731_09bbc633ce004ff0,DERIVED,TWO_CHARACTERISTIC
CONFIG_e42a78d3badbc294,Configuration,CFG731_f2b81de0fc70d489,SYNTHETIC,data/synthetic/configurations/731_synthetic_configurations_v5.csv,,,400.0,,,,CFG731_f2b81de0fc70d489,DERIVED,ONE_CHARACTERISTIC
CONFIG_59cc157b2e751883,Configuration,CFG731_05cddc1cd5eab9c6,SYNTHETIC,data/synthetic/configurations/731_synthetic_configurations_v5.csv,,,402.0,,,,CFG731_05cddc1cd5eab9c6,DERIVED,TWO_CHARACTERISTIC
CONFIG_47a59e7eb6301ec8,Configuration,CFG731_b7c5e5eddd92ed3a,SYNTHETIC,data/synthetic/configurations/731_synthetic_configurations_v5.csv,,,403.0,,,,CFG731_b7c5e5eddd92ed3a,DERIVED,TWO_CHARACTERISTIC
CONFIG_bf78a66c71b4653e,Configuration,CFG731_53cffcda6b4f1ffb,SYNTHETIC,data/synthetic/configurations/731_synthetic_configurations_v5.csv,,,404.0,,,,CFG731_53cffcda6b4f1ffb,DERIVED,TWO_CHARACTERISTIC
CONFIG_194e9b3cf3bb5c89,Configuration,CFG731_bae6e4f47f3132d8,SYNTHETIC,data/synthetic/configurations/731_synthetic_configurations_v5.csv,,,405.0,,,,CFG731_bae6e4f47f3132d8,DERIVED,ONE_CHARACTERISTIC
CONFIG_6909e155b1aa43d8,Configuration,CFG731_70a71b60723e910d,SYNTHETIC,data/synthetic/configurations/731_synthetic_configurations_v5.csv,,,406.0,,,,CFG731_70a71b60723e910d,DERIVED,TWO_CHARACTERISTIC
CONFIG_d5f1a81165659fd3,Configuration,CFG731_f879c0aaba152069,SYNTHETIC,data/synthetic/configurations/731_synthetic_configurations_v5.csv,,,407.0,,,,CFG731_f879c0aaba152069,DERIVED,TWO_CHARACTERISTIC
CONFIG_14bfcf9760ca048d,Configuration,CFG731_31715eb409a1602f,SYNTHETIC,data/synthetic/configurations/731_synthetic_configurations_v5.csv,,,409.0,,,,CFG731_31715eb409a1602f,OBSERVED,REAL_OBSERVED
CONFIG_8392712b5d12a70c,Configuration,CFG731_960e69befde5f9f6,SYNTHETIC,data/synthetic/configurations/731_synthetic_configurations_v5.csv,,,410.0,,,,CFG731_960e69befde5f9f6,DERIVED,TWO_CHARACTERISTIC
CONFIG_c8b81c5fb1b61048,Configuration,CFG731_40e06ca56bd88fa1,SYNTHETIC,data/synthetic/configurations/731_synthetic_configurations_v5.csv,,,412.0,,,,CFG731_40e06ca56bd88fa1,DERIVED,TWO_CHARACTERISTIC
CONFIG_8e20db9e971b0629,Configuration,CFG731_d19d1ea3b97eb177,SYNTHETIC,data/synthetic/configurations/731_synthetic_configurations_v5.csv,,,413.0,,,,CFG731_d19d1ea3b97eb177,DERIVED,TWO_CHARACTERISTIC
CONFIG_77359a19b1579f83,Configuration,CFG731_3d8c1bbc0ef4249a,SYNTHETIC,data/synthetic/configurations/731_synthetic_configurations_v5.csv,,,414.0,,,,CFG731_3d8c1bbc0ef4249a,DERIVED,ONE_CHARACTERISTIC
CONFIG_de0517cbe00a4068,Configuration,CFG731_9228cc48e333917c,SYNTHETIC,data/synthetic/configurations/731_synthetic_configurations_v5.csv,,,416.0,,,,CFG731_9228cc48e333917c,DERIVED,ONE_CHARACTERISTIC
CONFIG_f7292882f114b52b,Configuration,CFG731_59cf92483eaddfcb,SYNTHETIC,data/synthetic/configurations/731_synthetic_configurations_v5.csv,,,417.0,,,,CFG731_59cf92483eaddfcb,DERIVED,ONE_CHARACTERISTIC
CONFIG_bacf7bd9299515b6,Configuration,CFG731_7733a6e26ede07b9,SYNTHETIC,data/synthetic/configurations/731_synthetic_configurations_v5.csv,,,418.0,,,,CFG731_7733a6e26ede07b9,OBSERVED,REAL_OBSERVED
CONFIG_f7583851b4e0e389,Configuration,CFG731_5ea309f998205da7,SYNTHETIC,data/synthetic/configurations/731_synthetic_configurations_v5.csv,,,419.0,,,,CFG731_5ea309f998205da7,DERIVED,TWO_CHARACTERISTIC
CONFIG_e8499572d36fff48,Configuration,CFG731_920bf82480de0a61,SYNTHETIC,data/synthetic/configurations/731_synthetic_configurations_v5.csv,,,420.0,,,,CFG731_920bf82480de0a61,OBSERVED,REAL_OBSERVED
CONFIG_14c2cec142275b32,Configuration,CFG731_9c21848fed1f6e04,SYNTHETIC,data/synthetic/configurations/731_synthetic_configurations_v5.csv,,,421.0,,,,CFG731_9c21848fed1f6e04,DERIVED,TWO_CHARACTERISTIC
CONFIG_623fd51af6932016,Configuration,CFG731_671960d0fb04b698,SYNTHETIC,data/synthetic/configurations/731_synthetic_configurations_v5.csv,,,422.0,,,,CFG731_671960d0fb04b698,DERIVED,ONE_CHARACTERISTIC
CONFIG_36ea6dc3b339a4f5,Configuration,CFG731_9c182e1af1606c9d,SYNTHETIC,data/synthetic/configurations/731_synthetic_configurations_v5.csv,,,423.0,,,,CFG731_9c182e1af1606c9d,DERIVED,TWO_CHARACTERISTIC
CONFIG_d935d56c21ef536e,Configuration,CFG731_edd62f5541be2bb0,SYNTHETIC,data/synthetic/configurations/731_synthetic_configurations_v5.csv,,,424.0,,,,CFG731_edd62f5541be2bb0,DERIVED,TWO_CHARACTERISTIC
CONFIG_95804cff1bd07bdc,Configuration,CFG731_15ced4cc8d86bb53,SYNTHETIC,data/synthetic/configurations/731_synthetic_configurations_v5.csv,,,425.0,,,,CFG731_15ced4cc8d86bb53,DERIVED,DEPENDENCY_TWO_CHARACTERISTIC
CONFIG_4e1936032fdaa439,Configuration,CFG731_5a14e01af9745dda,SYNTHETIC,data/synthetic/configurations/731_synthetic_configurations_v5.csv,,,428.0,,,,CFG731_5a14e01af9745dda,DERIVED,ONE_CHARACTERISTIC
CONFIG_c2c4ad3a3ecd1292,Configuration,CFG731_edf13ed38a4b54de,SYNTHETIC,data/synthetic/configurations/731_synthetic_configurations_v5.csv,,,430.0,,,,CFG731_edf13ed38a4b54de,OBSERVED,REAL_OBSERVED
CONFIG_922b93f8874507b1,Configuration,CFG731_73ac195ef2754292,SYNTHETIC,data/synthetic/configurations/731_synthetic_configurations_v5.csv,,,431.0,,,,CFG731_73ac195ef2754292,DERIVED,TWO_CHARACTERISTIC
CONFIG_93dd20728f83eba7,Configuration,CFG731_d647249920724d90,SYNTHETIC,data/synthetic/configurations/731_synthetic_configurations_v5.csv,,,432.0,,,,CFG731_d647249920724d90,DERIVED,TWO_CHARACTERISTIC
CONFIG_81ce0758cda5c5dc,Configuration,CFG731_a4416ae9d698efa6,SYNTHETIC,data/synthetic/configurations/731_synthetic_configurations_v5.csv,,,434.0,,,,CFG731_a4416ae9d698efa6,DERIVED,ONE_CHARACTERISTIC
CONFIG_f40eb8d6312e8cde,Configuration,CFG731_8d78781f8753b72a,SYNTHETIC,data/synthetic/configurations/731_synthetic_configurations_v5.csv,,,437.0,,,,CFG731_8d78781f8753b72a,OBSERVED,REAL_OBSERVED
CONFIG_94f327b1a6707dd4,Configuration,CFG731_2590cdb37d481b9a,SYNTHETIC,data/synthetic/configurations/731_synthetic_configurations_v5.csv,,,438.0,,,,CFG731_2590cdb37d481b9a,DERIVED,ONE_CHARACTERISTIC
CONFIG_83ff81ce80ca23eb,Configuration,CFG731_acd18bc8a73cfdde,SYNTHETIC,data/synthetic/configurations/731_synthetic_configurations_v5.csv,,,439.0,,,,CFG731_acd18bc8a73cfdde,DERIVED,DEPENDENCY_TWO_CHARACTERISTIC
CONFIG_2a906a6c2e3c210d,Configuration,CFG731_5f9d5671c315ce06,SYNTHETIC,data/synthetic/configurations/731_synthetic_configurations_v5.csv,,,440.0,,,,CFG731_5f9d5671c315ce06,DERIVED,ONE_CHARACTERISTIC
CONFIG_078979dc5b1bd16c,Configuration,CFG731_8281908b452128f3,SYNTHETIC,data/synthetic/configurations/731_synthetic_configurations_v5.csv,,,441.0,,,,CFG731_8281908b452128f3,OBSERVED,REAL_OBSERVED
CONFIG_c2d2105944db621c,Configuration,CFG731_f03dd6d0a112bc66,SYNTHETIC,data/synthetic/configurations/731_synthetic_configurations_v5.csv,,,442.0,,,,CFG731_f03dd6d0a112bc66,DERIVED,TWO_CHARACTERISTIC
CONFIG_3b4ce6f1db2c421f,Configuration,CFG731_fa6ab94f1cf566b3,SYNTHETIC,data/synthetic/configurations/731_synthetic_configurations_v5.csv,,,443.0,,,,CFG731_fa6ab94f1cf566b3,DERIVED,ONE_CHARACTERISTIC
CONFIG_e3bd527d42f617aa,Configuration,CFG731_31aa13473958d7d3,SYNTHETIC,data/synthetic/configurations/731_synthetic_configurations_v5.csv,,,444.0,,,,CFG731_31aa13473958d7d3,OBSERVED,REAL_OBSERVED
CONFIG_57dd4256ee5a00bb,Configuration,CFG731_70b78512b89df53d,SYNTHETIC,data/synthetic/configurations/731_synthetic_configurations_v5.csv,,,445.0,,,,CFG731_70b78512b89df53d,DERIVED,DEPENDENCY_TWO_CHARACTERISTIC
CONFIG_e0902cc2ff29e1a8,Configuration,CFG731_9db378257f9cf6a7,SYNTHETIC,data/synthetic/configurations/731_synthetic_configurations_v5.csv,,,446.0,,,,CFG731_9db378257f9cf6a7,DERIVED,TWO_CHARACTERISTIC
CONFIG_06b826e1f19637c3,Configuration,CFG731_8fd0ed37b442c386,SYNTHETIC,data/synthetic/configurations/731_synthetic_configurations_v5.csv,,,447.0,,,,CFG731_8fd0ed37b442c386,DERIVED,TWO_CHARACTERISTIC
CONFIG_64094cea52cf0f50,Configuration,CFG731_3b56310e368fd60f,SYNTHETIC,data/synthetic/configurations/731_synthetic_configurations_v5.csv,,,448.0,,,,CFG731_3b56310e368fd60f,DERIVED,ONE_CHARACTERISTIC
CONFIG_3beac372b35d2cde,Configuration,CFG731_8e6f935bd5bd53ff,SYNTHETIC,data/synthetic/configurations/731_synthetic_configurations_v5.csv,,,449.0,,,,CFG731_8e6f935bd5bd53ff,DERIVED,TWO_CHARACTERISTIC
CONFIG_3b0ad3606a071f30,Configuration,CFG731_b1196e0942d6104e,SYNTHETIC,data/synthetic/configurations/731_synthetic_configurations_v5.csv,,,450.0,,,,CFG731_b1196e0942d6104e,DERIVED,ONE_CHARACTERISTIC
CONFIG_5082782125759985,Configuration,CFG731_f57ccd8e79618aa1,SYNTHETIC,data/synthetic/configurations/731_synthetic_configurations_v5.csv,,,451.0,,,,CFG731_f57ccd8e79618aa1,DERIVED,ONE_CHARACTERISTIC
CONFIG_4beb83c9096eb29e,Configuration,CFG731_c585b182e5ecfc9a,SYNTHETIC,data/synthetic/configurations/731_synthetic_configurations_v5.csv,,,452.0,,,,CFG731_c585b182e5ecfc9a,DERIVED,TWO_CHARACTERISTIC
CONFIG_67c06d0f6754f315,Configuration,CFG731_0bc9c3b6375d4380,SYNTHETIC,data/synthetic/configurations/731_synthetic_configurations_v5.csv,,,454.0,,,,CFG731_0bc9c3b6375d4380,DERIVED,TWO_CHARACTERISTIC
CONFIG_a9c3cc091dd44815,Configuration,CFG731_258498329a834b05,SYNTHETIC,data/synthetic/configurations/731_synthetic_configurations_v5.csv,,,455.0,,,,CFG731_258498329a834b05,OBSERVED,REAL_OBSERVED
CONFIG_bec2032966180fb6,Configuration,CFG731_5cae68c0a1d5db32,SYNTHETIC,data/synthetic/configurations/731_synthetic_configurations_v5.csv,,,456.0,,,,CFG731_5cae68c0a1d5db32,OBSERVED,REAL_OBSERVED
CONFIG_efb4484e09ed5853,Configuration,CFG731_e98d2be876599c40,SYNTHETIC,data/synthetic/configurations/731_synthetic_configurations_v5.csv,,,457.0,,,,CFG731_e98d2be876599c40,OBSERVED,REAL_OBSERVED
CONFIG_a6ced018b8530a79,Configuration,CFG731_d5af433b36265df1,SYNTHETIC,data/synthetic/configurations/731_synthetic_configurations_v5.csv,,,461.0,,,,CFG731_d5af433b36265df1,OBSERVED,REAL_OBSERVED
CONFIG_9b0f438fa99c7f1a,Configuration,CFG731_6ba028da3bba9c41,SYNTHETIC,data/synthetic/configurations/731_synthetic_configurations_v5.csv,,,462.0,,,,CFG731_6ba028da3bba9c41,DERIVED,TWO_CHARACTERISTIC
CONFIG_fdb4796776d843b4,Configuration,CFG731_166dd118cf42e953,SYNTHETIC,data/synthetic/configurations/731_synthetic_configurations_v5.csv,,,464.0,,,,CFG731_166dd118cf42e953,DERIVED,ONE_CHARACTERISTIC
CONFIG_52048c7212a464ed,Configuration,CFG731_26554ff79bcf8a3f,SYNTHETIC,data/synthetic/configurations/731_synthetic_configurations_v5.csv,,,466.0,,,,CFG731_26554ff79bcf8a3f,DERIVED,ONE_CHARACTERISTIC
CONFIG_dbb855a143bf5aac,Configuration,CFG731_7942d32924313c96,SYNTHETIC,data/synthetic/configurations/731_synthetic_configurations_v5.csv,,,467.0,,,,CFG731_7942d32924313c96,DERIVED,ONE_CHARACTERISTIC
CONFIG_871357f28ccef041,Configuration,CFG731_55e37d2b9d20276c,SYNTHETIC,data/synthetic/configurations/731_synthetic_configurations_v5.csv,,,470.0,,,,CFG731_55e37d2b9d20276c,OBSERVED,REAL_OBSERVED
CONFIG_9378fb89022a97ad,Configuration,CFG731_6fad12f65e947aed,SYNTHETIC,data/synthetic/configurations/731_synthetic_configurations_v5.csv,,,471.0,,,,CFG731_6fad12f65e947aed,DERIVED,TWO_CHARACTERISTIC
CONFIG_e4f9918ab1570b3e,Configuration,CFG731_dbfcde407c4d2524,SYNTHETIC,data/synthetic/configurations/731_synthetic_configurations_v5.csv,,,473.0,,,,CFG731_dbfcde407c4d2524,DERIVED,TWO_CHARACTERISTIC
CONFIG_7ddc06541bdd2ad2,Configuration,CFG731_865428fe1b12d8a2,SYNTHETIC,data/synthetic/configurations/731_synthetic_configurations_v5.csv,,,474.0,,,,CFG731_865428fe1b12d8a2,DERIVED,TWO_CHARACTERISTIC
CONFIG_0a687e36523c3285,Configuration,CFG731_92d4ed621aef46c2,SYNTHETIC,data/synthetic/configurations/731_synthetic_configurations_v5.csv,,,476.0,,,,CFG731_92d4ed621aef46c2,DERIVED,TWO_CHARACTERISTIC
CONFIG_d8266fdf2a6c25b3,Configuration,CFG731_7b9680fed3d10056,SYNTHETIC,data/synthetic/configurations/731_synthetic_configurations_v5.csv,,,478.0,,,,CFG731_7b9680fed3d10056,DERIVED,TWO_CHARACTERISTIC
CONFIG_a87a27836bab1541,Configuration,CFG731_2defd08a3d98d7b7,SYNTHETIC,data/synthetic/configurations/731_synthetic_configurations_v5.csv,,,479.0,,,,CFG731_2defd08a3d98d7b7,DERIVED,TWO_CHARACTERISTIC
CONFIG_6ae80a02d6bb78ca,Configuration,CFG731_541ce2492ce71d94,SYNTHETIC,data/synthetic/configurations/731_synthetic_configurations_v5.csv,,,480.0,,,,CFG731_541ce2492ce71d94,DERIVED,ONE_CHARACTERISTIC
CONFIG_04159a3ad342a3d6,Configuration,CFG731_e8f6cbe0006a0957,SYNTHETIC,data/synthetic/configurations/731_synthetic_configurations_v5.csv,,,481.0,,,,CFG731_e8f6cbe0006a0957,DERIVED,TWO_CHARACTERISTIC
CONFIG_2c846e566581dd8c,Configuration,CFG731_8216f56c8f1b8479,SYNTHETIC,data/synthetic/configurations/731_synthetic_configurations_v5.csv,,,482.0,,,,CFG731_8216f56c8f1b8479,DERIVED,ONE_CHARACTERISTIC
CONFIG_49c76392a74aa105,Configuration,CFG731_d9c736acc178c66d,SYNTHETIC,data/synthetic/configurations/731_synthetic_configurations_v5.csv,,,484.0,,,,CFG731_d9c736acc178c66d,DERIVED,TWO_CHARACTERISTIC
CONFIG_4802d65f947113a8,Configuration,CFG731_066736b465be9fda,SYNTHETIC,data/synthetic/configurations/731_synthetic_configurations_v5.csv,,,485.0,,,,CFG731_066736b465be9fda,DERIVED,TWO_CHARACTERISTIC
CONFIG_44e9fb3e10e79554,Configuration,CFG731_6dd8bbea67c3b549,SYNTHETIC,data/synthetic/configurations/731_synthetic_configurations_v5.csv,,,487.0,,,,CFG731_6dd8bbea67c3b549,DERIVED,TWO_CHARACTERISTIC
CONFIG_a622d1c88e9c415c,Configuration,CFG731_8ce087647633b913,SYNTHETIC,data/synthetic/configurations/731_synthetic_configurations_v5.csv,,,489.0,,,,CFG731_8ce087647633b913,DERIVED,DEPENDENCY_TWO_CHARACTERISTIC
CONFIG_96b110a391531d99,Configuration,CFG731_adfd119b20585b0b,SYNTHETIC,data/synthetic/configurations/731_synthetic_configurations_v5.csv,,,492.0,,,,CFG731_adfd119b20585b0b,DERIVED,TWO_CHARACTERISTIC
CONFIG_406d1ca2f3a05b3a,Configuration,CFG731_8395a62573a4b827,SYNTHETIC,data/synthetic/configurations/731_synthetic_configurations_v5.csv,,,494.0,,,,CFG731_8395a62573a4b827,DERIVED,TWO_CHARACTERISTIC
CONFIG_7527c854d2a54b37,Configuration,CFG731_65c8e8738cafe259,SYNTHETIC,data/synthetic/configurations/731_synthetic_configurations_v5.csv,,,495.0,,,,CFG731_65c8e8738cafe259,DERIVED,TWO_CHARACTERISTIC
CONFIG_b7546793aeea6a19,Configuration,CFG731_9eda95fb1b62fb8d,SYNTHETIC,data/synthetic/configurations/731_synthetic_configurations_v5.csv,,,497.0,,,,CFG731_9eda95fb1b62fb8d,DERIVED,TWO_CHARACTERISTIC
CONFIG_55a912925ef932ca,Configuration,CFG731_e8d4d37dfb814e2d,SYNTHETIC,data/synthetic/configurations/731_synthetic_configurations_v5.csv,,,498.0,,,,CFG731_e8d4d37dfb814e2d,DERIVED,ONE_CHARACTERISTIC
CONFIG_634e4ed18d963f4f,Configuration,CFG731_467e11f2e0bc0666,SYNTHETIC,data/synthetic/configurations/731_synthetic_configurations_v5.csv,,,500.0,,,,CFG731_467e11f2e0bc0666,DERIVED,TWO_CHARACTERISTIC
CONFIG_506b399d0ceffbe4,Configuration,CFG731_1c1fb7a32bf0146b,SYNTHETIC,data/synthetic/configurations/731_synthetic_configurations_v5.csv,,,501.0,,,,CFG731_1c1fb7a32bf0146b,DERIVED,DEPENDENCY_TWO_CHARACTERISTIC
CONFIG_e52920b6b8121bd6,Configuration,CFG731_c3a136a8630f644d,SYNTHETIC,data/synthetic/configurations/731_synthetic_configurations_v5.csv,,,503.0,,,,CFG731_c3a136a8630f644d,OBSERVED,REAL_OBSERVED
CONFIG_454959e6280b7e0f,Configuration,CFG731_efc7192ec7619402,SYNTHETIC,data/synthetic/configurations/731_synthetic_configurations_v5.csv,,,506.0,,,,CFG731_efc7192ec7619402,DERIVED,TWO_CHARACTERISTIC
CONFIG_931dc7c05b276e93,Configuration,CFG731_0d8116f4900c6919,SYNTHETIC,data/synthetic/configurations/731_synthetic_configurations_v5.csv,,,507.0,,,,CFG731_0d8116f4900c6919,OBSERVED,REAL_OBSERVED
CONFIG_3c0814ad7c1ae270,Configuration,CFG731_fd6959ad3c5fd9ed,SYNTHETIC,data/synthetic/configurations/731_synthetic_configurations_v5.csv,,,508.0,,,,CFG731_fd6959ad3c5fd9ed,OBSERVED,REAL_OBSERVED
CONFIG_c490ced913896b12,Configuration,CFG731_a8031a74f6d1710d,SYNTHETIC,data/synthetic/configurations/731_synthetic_configurations_v5.csv,,,509.0,,,,CFG731_a8031a74f6d1710d,DERIVED,ONE_CHARACTERISTIC
CONFIG_3779cfef5e025d6d,Configuration,CFG731_7986bd8f29a06f04,SYNTHETIC,data/synthetic/configurations/731_synthetic_configurations_v5.csv,,,511.0,,,,CFG731_7986bd8f29a06f04,DERIVED,ONE_CHARACTERISTIC
CONFIG_1d4b356987e0e594,Configuration,CFG731_6b5f6983490bc595,SYNTHETIC,data/synthetic/configurations/731_synthetic_configurations_v5.csv,,,512.0,,,,CFG731_6b5f6983490bc595,DERIVED,ONE_CHARACTERISTIC
CONFIG_9ed7f611585cc929,Configuration,CFG731_8f09aec272635dca,SYNTHETIC,data/synthetic/configurations/731_synthetic_configurations_v5.csv,,,513.0,,,,CFG731_8f09aec272635dca,DERIVED,TWO_CHARACTERISTIC
CONFIG_e472a9768d1e3d1c,Configuration,CFG731_b827079551368856,SYNTHETIC,data/synthetic/configurations/731_synthetic_configurations_v5.csv,,,514.0,,,,CFG731_b827079551368856,DERIVED,DEPENDENCY_TWO_CHARACTERISTIC
CONFIG_efd442352063d16a,Configuration,CFG731_073f991a6c9a4683,SYNTHETIC,data/synthetic/configurations/731_synthetic_configurations_v5.csv,,,516.0,,,,CFG731_073f991a6c9a4683,DERIVED,TWO_CHARACTERISTIC
CONFIG_e82ed6fbcb7fa188,Configuration,CFG731_98bb5036a27a91a8,SYNTHETIC,data/synthetic/configurations/731_synthetic_configurations_v5.csv,,,517.0,,,,CFG731_98bb5036a27a91a8,OBSERVED,REAL_OBSERVED
CONFIG_1ed50300ee69b321,Configuration,CFG731_4bd32ba44f2fdd5b,SYNTHETIC,data/synthetic/configurations/731_synthetic_configurations_v5.csv,,,518.0,,,,CFG731_4bd32ba44f2fdd5b,DERIVED,TWO_CHARACTERISTIC
CONFIG_504a51de98f55a25,Configuration,CFG731_52771565b4b04f3a,SYNTHETIC,data/synthetic/configurations/731_synthetic_configurations_v5.csv,,,519.0,,,,CFG731_52771565b4b04f3a,DERIVED,TWO_CHARACTERISTIC
CONFIG_c70f9e3dfd36491b,Configuration,CFG731_f2009d42f55088a9,SYNTHETIC,data/synthetic/configurations/731_synthetic_configurations_v5.csv,,,522.0,,,,CFG731_f2009d42f55088a9,OBSERVED,REAL_OBSERVED
CONFIG_a37b23b6b1adafaf,Configuration,CFG731_c41fd04f9eea78e7,SYNTHETIC,data/synthetic/configurations/731_synthetic_configurations_v5.csv,,,523.0,,,,CFG731_c41fd04f9eea78e7,DERIVED,ONE_CHARACTERISTIC
CONFIG_07b2e093b4035599,Configuration,CFG731_035be486053fdb66,SYNTHETIC,data/synthetic/configurations/731_synthetic_configurations_v5.csv,,,524.0,,,,CFG731_035be486053fdb66,OBSERVED,REAL_OBSERVED
CONFIG_bbd7d621c466acf3,Configuration,CFG731_4eb28f7e77f7ba51,SYNTHETIC,data/synthetic/configurations/731_synthetic_configurations_v5.csv,,,525.0,,,,CFG731_4eb28f7e77f7ba51,DERIVED,TWO_CHARACTERISTIC
CONFIG_193063f30cde623a,Configuration,CFG731_214b093bf98ca9ef,SYNTHETIC,data/synthetic/configurations/731_synthetic_configurations_v5.csv,,,527.0,,,,CFG731_214b093bf98ca9ef,DERIVED,ONE_CHARACTERISTIC
CONFIG_b26fccefa6494d13,Configuration,CFG731_57a2b410fc32b41a,SYNTHETIC,data/synthetic/configurations/731_synthetic_configurations_v5.csv,,,528.0,,,,CFG731_57a2b410fc32b41a,DERIVED,DEPENDENCY_TWO_CHARACTERISTIC
CONFIG_b27838aa75ab9247,Configuration,CFG731_d67b44eae58dfe59,SYNTHETIC,data/synthetic/configurations/731_synthetic_configurations_v5.csv,,,530.0,,,,CFG731_d67b44eae58dfe59,DERIVED,ONE_CHARACTERISTIC
CONFIG_f7967637942ad745,Configuration,CFG731_f4e7010207bfdfc0,SYNTHETIC,data/synthetic/configurations/731_synthetic_configurations_v5.csv,,,531.0,,,,CFG731_f4e7010207bfdfc0,DERIVED,ONE_CHARACTERISTIC
CONFIG_3ed64ba5a0659386,Configuration,CFG731_cc0572630b0848e7,SYNTHETIC,data/synthetic/configurations/731_synthetic_configurations_v5.csv,,,532.0,,,,CFG731_cc0572630b0848e7,DERIVED,ONE_CHARACTERISTIC
CONFIG_854b99ab7546d883,Configuration,CFG731_cf543b1c3927ab71,SYNTHETIC,data/synthetic/configurations/731_synthetic_configurations_v5.csv,,,533.0,,,,CFG731_cf543b1c3927ab71,OBSERVED,REAL_OBSERVED
CONFIG_eefc95f209fdb720,Configuration,CFG731_817824ee3a762453,SYNTHETIC,data/synthetic/configurations/731_synthetic_configurations_v5.csv,,,534.0,,,,CFG731_817824ee3a762453,OBSERVED,REAL_OBSERVED
CONFIG_bc428b589f3a2e3e,Configuration,CFG731_ccc4a8fc2e252268,SYNTHETIC,data/synthetic/configurations/731_synthetic_configurations_v5.csv,,,535.0,,,,CFG731_ccc4a8fc2e252268,DERIVED,TWO_CHARACTERISTIC
CONFIG_66251fcf43aefab4,Configuration,CFG731_1f31b1bf8dc9e962,SYNTHETIC,data/synthetic/configurations/731_synthetic_configurations_v5.csv,,,536.0,,,,CFG731_1f31b1bf8dc9e962,DERIVED,TWO_CHARACTERISTIC
CONFIG_ca42200cb306f251,Configuration,CFG731_a1bf91a6c5841fc0,SYNTHETIC,data/synthetic/configurations/731_synthetic_configurations_v5.csv,,,537.0,,,,CFG731_a1bf91a6c5841fc0,DERIVED,TWO_CHARACTERISTIC
CONFIG_4c552f4f12578bf0,Configuration,CFG731_482678d927834b42,SYNTHETIC,data/synthetic/configurations/731_synthetic_configurations_v5.csv,,,539.0,,,,CFG731_482678d927834b42,DERIVED,TWO_CHARACTERISTIC
CONFIG_404cf6eb7505eb20,Configuration,CFG731_4374ad7ccac15076,SYNTHETIC,data/synthetic/configurations/731_synthetic_configurations_v5.csv,,,540.0,,,,CFG731_4374ad7ccac15076,DERIVED,TWO_CHARACTERISTIC
CONFIG_788f544e1020cb73,Configuration,CFG731_6bfa8b2b74b9bf6a,SYNTHETIC,data/synthetic/configurations/731_synthetic_configurations_v5.csv,,,541.0,,,,CFG731_6bfa8b2b74b9bf6a,DERIVED,TWO_CHARACTERISTIC
CONFIG_98cbc4128eda623e,Configuration,CFG731_516629085c122a4e,SYNTHETIC,data/synthetic/configurations/731_synthetic_configurations_v5.csv,,,543.0,,,,CFG731_516629085c122a4e,OBSERVED,REAL_OBSERVED
CONFIG_a30469b183b3ad15,Configuration,CFG731_35e14b6b3e26be25,SYNTHETIC,data/synthetic/configurations/731_synthetic_configurations_v5.csv,,,544.0,,,,CFG731_35e14b6b3e26be25,DERIVED,TWO_CHARACTERISTIC
CONFIG_954e8ba9a889e90b,Configuration,CFG731_5995fa9fd5d1242f,SYNTHETIC,data/synthetic/configurations/731_synthetic_configurations_v5.csv,,,545.0,,,,CFG731_5995fa9fd5d1242f,OBSERVED,REAL_OBSERVED
CONFIG_fce214c3a98d0fed,Configuration,CFG731_7b17e78739264251,SYNTHETIC,data/synthetic/configurations/731_synthetic_configurations_v5.csv,,,546.0,,,,CFG731_7b17e78739264251,DERIVED,DEPENDENCY_TWO_CHARACTERISTIC
CONFIG_932cab6ef6332973,Configuration,CFG731_9ceb267c59e4f006,SYNTHETIC,data/synthetic/configurations/731_synthetic_configurations_v5.csv,,,548.0,,,,CFG731_9ceb267c59e4f006,DERIVED,TWO_CHARACTERISTIC
CONFIG_f0c91993f7a41dd4,Configuration,CFG731_27caf5a2443603ad,SYNTHETIC,data/synthetic/configurations/731_synthetic_configurations_v5.csv,,,549.0,,,,CFG731_27caf5a2443603ad,DERIVED,TWO_CHARACTERISTIC
CONFIG_a0ccea27f80dbac9,Configuration,CFG731_ee29f2335bd7638f,SYNTHETIC,data/synthetic/configurations/731_synthetic_configurations_v5.csv,,,551.0,,,,CFG731_ee29f2335bd7638f,DERIVED,TWO_CHARACTERISTIC
CONFIG_bbbf22a2dac87ab2,Configuration,CFG731_f2f3c932d1048d8d,SYNTHETIC,data/synthetic/configurations/731_synthetic_configurations_v5.csv,,,553.0,,,,CFG731_f2f3c932d1048d8d,DERIVED,TWO_CHARACTERISTIC
CONFIG_75e01cb7c00412cd,Configuration,CFG731_bd771effc0c19f23,SYNTHETIC,data/synthetic/configurations/731_synthetic_configurations_v5.csv,,,555.0,,,,CFG731_bd771effc0c19f23,DERIVED,TWO_CHARACTERISTIC
CONFIG_d752526ba10cd607,Configuration,CFG731_5be5a82ac0b29989,SYNTHETIC,data/synthetic/configurations/731_synthetic_configurations_v5.csv,,,557.0,,,,CFG731_5be5a82ac0b29989,DERIVED,TWO_CHARACTERISTIC
CONFIG_0ddcbee343e56942,Configuration,CFG731_20e62aeb01c953da,SYNTHETIC,data/synthetic/configurations/731_synthetic_configurations_v5.csv,,,558.0,,,,CFG731_20e62aeb01c953da,OBSERVED,REAL_OBSERVED
CONFIG_80b0bd18d1d8573c,Configuration,CFG731_4d7e108ea05eeb07,SYNTHETIC,data/synthetic/configurations/731_synthetic_configurations_v5.csv,,,559.0,,,,CFG731_4d7e108ea05eeb07,OBSERVED,REAL_OBSERVED
CONFIG_3e104ece1125ac00,Configuration,CFG731_557eff71f11cfc98,SYNTHETIC,data/synthetic/configurations/731_synthetic_configurations_v5.csv,,,562.0,,,,CFG731_557eff71f11cfc98,OBSERVED,REAL_OBSERVED
CONFIG_1ba37259bac78d21,Configuration,CFG731_143205a81a2e7efc,SYNTHETIC,data/synthetic/configurations/731_synthetic_configurations_v5.csv,,,563.0,,,,CFG731_143205a81a2e7efc,DERIVED,DEPENDENCY_TWO_CHARACTERISTIC
CONFIG_d73595c27e90df8a,Configuration,CFG731_d124ccffa669c3a2,SYNTHETIC,data/synthetic/configurations/731_synthetic_configurations_v5.csv,,,564.0,,,,CFG731_d124ccffa669c3a2,OBSERVED,REAL_OBSERVED
CONFIG_412c42c48fb0162b,Configuration,CFG731_5ae746dac49a854b,SYNTHETIC,data/synthetic/configurations/731_synthetic_configurations_v5.csv,,,566.0,,,,CFG731_5ae746dac49a854b,DERIVED,TWO_CHARACTERISTIC
CONFIG_2b7107829f113991,Configuration,CFG731_4af82641f975d9aa,SYNTHETIC,data/synthetic/configurations/731_synthetic_configurations_v5.csv,,,567.0,,,,CFG731_4af82641f975d9aa,DERIVED,TWO_CHARACTERISTIC
CONFIG_e127f2674d47aa5d,Configuration,CFG731_c8308576aedaf2a4,SYNTHETIC,data/synthetic/configurations/731_synthetic_configurations_v5.csv,,,568.0,,,,CFG731_c8308576aedaf2a4,DERIVED,TWO_CHARACTERISTIC
CONFIG_5ac456ffc829a87c,Configuration,CFG731_411773d48068b1c0,SYNTHETIC,data/synthetic/configurations/731_synthetic_configurations_v5.csv,,,570.0,,,,CFG731_411773d48068b1c0,DERIVED,TWO_CHARACTERISTIC
CONFIG_3917ff25acd7d08e,Configuration,CFG731_3794187f0a0c3133,SYNTHETIC,data/synthetic/configurations/731_synthetic_configurations_v5.csv,,,571.0,,,,CFG731_3794187f0a0c3133,DERIVED,TWO_CHARACTERISTIC
CONFIG_21aec88d7b89e36c,Configuration,CFG731_68d95a26943b3650,SYNTHETIC,data/synthetic/configurations/731_synthetic_configurations_v5.csv,,,572.0,,,,CFG731_68d95a26943b3650,DERIVED,ONE_CHARACTERISTIC
CONFIG_9ad7a94a9506831c,Configuration,CFG731_3d652e6a54b1c68b,SYNTHETIC,data/synthetic/configurations/731_synthetic_configurations_v5.csv,,,573.0,,,,CFG731_3d652e6a54b1c68b,DERIVED,TWO_CHARACTERISTIC
CONFIG_22c9c2d5ea5899a0,Configuration,CFG731_d8349d5b75ec130f,SYNTHETIC,data/synthetic/configurations/731_synthetic_configurations_v5.csv,,,578.0,,,,CFG731_d8349d5b75ec130f,DERIVED,TWO_CHARACTERISTIC
CONFIG_a643009398caa619,Configuration,CFG731_c9f7a6e9a165e99d,SYNTHETIC,data/synthetic/configurations/731_synthetic_configurations_v5.csv,,,579.0,,,,CFG731_c9f7a6e9a165e99d,DERIVED,TWO_CHARACTERISTIC
CONFIG_d1b8311b6dc23bd5,Configuration,CFG731_deb3d65220135a9e,SYNTHETIC,data/synthetic/configurations/731_synthetic_configurations_v5.csv,,,580.0,,,,CFG731_deb3d65220135a9e,OBSERVED,REAL_OBSERVED
CONFIG_df21c197368e0270,Configuration,CFG731_a40ab19ad6671fbe,SYNTHETIC,data/synthetic/configurations/731_synthetic_configurations_v5.csv,,,581.0,,,,CFG731_a40ab19ad6671fbe,OBSERVED,REAL_OBSERVED
CONFIG_a613fbaba7549913,Configuration,CFG731_3df9fddf845f3508,SYNTHETIC,data/synthetic/configurations/731_synthetic_configurations_v5.csv,,,585.0,,,,CFG731_3df9fddf845f3508,DERIVED,DEPENDENCY_TWO_CHARACTERISTIC
CONFIG_ef3f8052abb61715,Configuration,CFG731_68193b179adae994,SYNTHETIC,data/synthetic/configurations/731_synthetic_configurations_v5.csv,,,586.0,,,,CFG731_68193b179adae994,OBSERVED,REAL_OBSERVED
CONFIG_1743ba30786c296b,Configuration,CFG731_fd3397424975992e,SYNTHETIC,data/synthetic/configurations/731_synthetic_configurations_v5.csv,,,588.0,,,,CFG731_fd3397424975992e,DERIVED,ONE_CHARACTERISTIC
CONFIG_0697e0a2029d1e32,Configuration,CFG731_23d75dfa953165d2,SYNTHETIC,data/synthetic/configurations/731_synthetic_configurations_v5.csv,,,589.0,,,,CFG731_23d75dfa953165d2,DERIVED,ONE_CHARACTERISTIC
CONFIG_bc393cd5ee929b97,Configuration,CFG731_398f0644f18e0acf,SYNTHETIC,data/synthetic/configurations/731_synthetic_configurations_v5.csv,,,591.0,,,,CFG731_398f0644f18e0acf,DERIVED,ONE_CHARACTERISTIC
CONFIG_03bc9400a5f9ddc0,Configuration,CFG731_7cbccce939e500bd,SYNTHETIC,data/synthetic/configurations/731_synthetic_configurations_v5.csv,,,593.0,,,,CFG731_7cbccce939e500bd,DERIVED,TWO_CHARACTERISTIC
CONFIG_64d9c03021c7d5e3,Configuration,CFG731_0e0f01b5586b92da,SYNTHETIC,data/synthetic/configurations/731_synthetic_configurations_v5.csv,,,594.0,,,,CFG731_0e0f01b5586b92da,DERIVED,ONE_CHARACTERISTIC
CONFIG_7387c9c7052a61c7,Configuration,CFG731_312da2fbbd3df3eb,SYNTHETIC,data/synthetic/configurations/731_synthetic_configurations_v5.csv,,,600.0,,,,CFG731_312da2fbbd3df3eb,DERIVED,ONE_CHARACTERISTIC
CONFIG_875cb478ca1ee302,Configuration,CFG731_0a7ae0b09d2ef809,SYNTHETIC,data/synthetic/configurations/731_synthetic_configurations_v5.csv,,,601.0,,,,CFG731_0a7ae0b09d2ef809,DERIVED,TWO_CHARACTERISTIC
CONFIG_5ddbe7e65fd16fec,Configuration,CFG731_b121cee26f3c8168,SYNTHETIC,data/synthetic/configurations/731_synthetic_configurations_v5.csv,,,602.0,,,,CFG731_b121cee26f3c8168,DERIVED,TWO_CHARACTERISTIC
CONFIG_10fb3952a28584eb,Configuration,CFG731_7ffc09802c7b60bf,SYNTHETIC,data/synthetic/configurations/731_synthetic_configurations_v5.csv,,,603.0,,,,CFG731_7ffc09802c7b60bf,DERIVED,DEPENDENCY_TWO_CHARACTERISTIC
CONFIG_115e3b918ce7e08e,Configuration,CFG731_4b2c0e571415f5cc,SYNTHETIC,data/synthetic/configurations/731_synthetic_configurations_v5.csv,,,604.0,,,,CFG731_4b2c0e571415f5cc,DERIVED,TWO_CHARACTERISTIC
CONFIG_2f4ffa018493f472,Configuration,CFG731_45106eaed87837a4,SYNTHETIC,data/synthetic/configurations/731_synthetic_configurations_v5.csv,,,606.0,,,,CFG731_45106eaed87837a4,DERIVED,ONE_CHARACTERISTIC
CONFIG_e06262039e11959c,Configuration,CFG731_88cb619bd3d90e89,SYNTHETIC,data/synthetic/configurations/731_synthetic_configurations_v5.csv,,,607.0,,,,CFG731_88cb619bd3d90e89,DERIVED,TWO_CHARACTERISTIC
CONFIG_f6d031bc07ad2974,Configuration,CFG731_1434e7eedafa69d1,SYNTHETIC,data/synthetic/configurations/731_synthetic_configurations_v5.csv,,,608.0,,,,CFG731_1434e7eedafa69d1,DERIVED,TWO_CHARACTERISTIC
CONFIG_6480c9f2698f818c,Configuration,CFG731_7cc9f85131c775cb,SYNTHETIC,data/synthetic/configurations/731_synthetic_configurations_v5.csv,,,611.0,,,,CFG731_7cc9f85131c775cb,DERIVED,TWO_CHARACTERISTIC
CONFIG_b1b6b01946de0482,Configuration,CFG731_fb16e30f5bbb87f2,SYNTHETIC,data/synthetic/configurations/731_synthetic_configurations_v5.csv,,,613.0,,,,CFG731_fb16e30f5bbb87f2,OBSERVED,REAL_OBSERVED
CONFIG_ce861430c51e797e,Configuration,CFG731_ec26805bdf93259f,SYNTHETIC,data/synthetic/configurations/731_synthetic_configurations_v5.csv,,,615.0,,,,CFG731_ec26805bdf93259f,OBSERVED,REAL_OBSERVED
CONFIG_0e6b464919c7544a,Configuration,CFG731_5858277a5a994569,SYNTHETIC,data/synthetic/configurations/731_synthetic_configurations_v5.csv,,,616.0,,,,CFG731_5858277a5a994569,DERIVED,TWO_CHARACTERISTIC
CONFIG_dc13f24bfc5e59b0,Configuration,CFG731_21cf39d47f0d98ac,SYNTHETIC,data/synthetic/configurations/731_synthetic_configurations_v5.csv,,,617.0,,,,CFG731_21cf39d47f0d98ac,DERIVED,TWO_CHARACTERISTIC
CONFIG_a544143f1e1814d0,Configuration,CFG731_a288340143e53b7f,SYNTHETIC,data/synthetic/configurations/731_synthetic_configurations_v5.csv,,,620.0,,,,CFG731_a288340143e53b7f,OBSERVED,REAL_OBSERVED
CONFIG_6498c50109a94ce8,Configuration,CFG731_c6a3ff6155563d17,SYNTHETIC,data/synthetic/configurations/731_synthetic_configurations_v5.csv,,,621.0,,,,CFG731_c6a3ff6155563d17,DERIVED,DEPENDENCY_TWO_CHARACTERISTIC
CONFIG_2b2707ed5eb6c9c2,Configuration,CFG731_496bd7a964d6cd85,SYNTHETIC,data/synthetic/configurations/731_synthetic_configurations_v5.csv,,,622.0,,,,CFG731_496bd7a964d6cd85,OBSERVED,REAL_OBSERVED
CONFIG_40ee52033b04cd5a,Configuration,CFG731_d03860c1f327a8d1,SYNTHETIC,data/synthetic/configurations/731_synthetic_configurations_v5.csv,,,623.0,,,,CFG731_d03860c1f327a8d1,OBSERVED,REAL_OBSERVED
CONFIG_41cb9d7fb23690d0,Configuration,CFG731_555c215c4639435a,SYNTHETIC,data/synthetic/configurations/731_synthetic_configurations_v5.csv,,,624.0,,,,CFG731_555c215c4639435a,DERIVED,ONE_CHARACTERISTIC
CONFIG_66993481a3a63915,Configuration,CFG731_c09a2b39ab3ecba0,SYNTHETIC,data/synthetic/configurations/731_synthetic_configurations_v5.csv,,,625.0,,,,CFG731_c09a2b39ab3ecba0,DERIVED,TWO_CHARACTERISTIC
CONFIG_0b53f4a40497bd2a,Configuration,CFG731_bd855923d3e893b6,SYNTHETIC,data/synthetic/configurations/731_synthetic_configurations_v5.csv,,,626.0,,,,CFG731_bd855923d3e893b6,DERIVED,TWO_CHARACTERISTIC
CONFIG_7ee7c6cb2d63280d,Configuration,CFG731_134ecd7b8190bed1,SYNTHETIC,data/synthetic/configurations/731_synthetic_configurations_v5.csv,,,628.0,,,,CFG731_134ecd7b8190bed1,DERIVED,DEPENDENCY_TWO_CHARACTERISTIC
CONFIG_e903d4c179da4d7a,Configuration,CFG731_a633b8dd2d541170,SYNTHETIC,data/synthetic/configurations/731_synthetic_configurations_v5.csv,,,631.0,,,,CFG731_a633b8dd2d541170,DERIVED,TWO_CHARACTERISTIC
CONFIG_f5a5b3256b0ceeca,Configuration,CFG731_b3ebba592f51e280,SYNTHETIC,data/synthetic/configurations/731_synthetic_configurations_v5.csv,,,632.0,,,,CFG731_b3ebba592f51e280,DERIVED,TWO_CHARACTERISTIC
CONFIG_8dab1fae273417c3,Configuration,CFG731_cf4bb519cec0df2f,SYNTHETIC,data/synthetic/configurations/731_synthetic_configurations_v5.csv,,,633.0,,,,CFG731_cf4bb519cec0df2f,OBSERVED,REAL_OBSERVED
CONFIG_98d16d4a972c1847,Configuration,CFG731_42c4381af5ae3412,SYNTHETIC,data/synthetic/configurations/731_synthetic_configurations_v5.csv,,,634.0,,,,CFG731_42c4381af5ae3412,DERIVED,TWO_CHARACTERISTIC
CONFIG_cecaf237b0b93ead,Configuration,CFG731_558c0cc81a7cd52b,SYNTHETIC,data/synthetic/configurations/731_synthetic_configurations_v5.csv,,,636.0,,,,CFG731_558c0cc81a7cd52b,DERIVED,TWO_CHARACTERISTIC
CONFIG_5ca06e65f21e1b12,Configuration,CFG731_dc8a3bad7d99b8ea,SYNTHETIC,data/synthetic/configurations/731_synthetic_configurations_v5.csv,,,637.0,,,,CFG731_dc8a3bad7d99b8ea,OBSERVED,REAL_OBSERVED
CONFIG_3f04419ee71eaa00,Configuration,CFG731_d4be02ad7e56a796,SYNTHETIC,data/synthetic/configurations/731_synthetic_configurations_v5.csv,,,638.0,,,,CFG731_d4be02ad7e56a796,DERIVED,ONE_CHARACTERISTIC
CONFIG_bea6acee86f60461,Configuration,CFG731_b3d0283738532d82,SYNTHETIC,data/synthetic/configurations/731_synthetic_configurations_v5.csv,,,640.0,,,,CFG731_b3d0283738532d82,DERIVED,ONE_CHARACTERISTIC
CONFIG_5765a1cf61fa66e9,Configuration,CFG731_962b6fcde3072947,SYNTHETIC,data/synthetic/configurations/731_synthetic_configurations_v5.csv,,,641.0,,,,CFG731_962b6fcde3072947,DERIVED,TWO_CHARACTERISTIC
CONFIG_5f18e6067cf81397,Configuration,CFG731_a7422430db553ad5,SYNTHETIC,data/synthetic/configurations/731_synthetic_configurations_v5.csv,,,642.0,,,,CFG731_a7422430db553ad5,DERIVED,TWO_CHARACTERISTIC
CONFIG_7be46e42c98f1ed3,Configuration,CFG731_c8eae76935f62f46,SYNTHETIC,data/synthetic/configurations/731_synthetic_configurations_v5.csv,,,644.0,,,,CFG731_c8eae76935f62f46,DERIVED,ONE_CHARACTERISTIC
CONFIG_cf6b587907707bef,Configuration,CFG731_5164655533c6a8d0,SYNTHETIC,data/synthetic/configurations/731_synthetic_configurations_v5.csv,,,645.0,,,,CFG731_5164655533c6a8d0,OBSERVED,REAL_OBSERVED
CONFIG_678c0b2b4b7bd5ec,Configuration,CFG731_4c78b52d0d6ffd12,SYNTHETIC,data/synthetic/configurations/731_synthetic_configurations_v5.csv,,,647.0,,,,CFG731_4c78b52d0d6ffd12,DERIVED,TWO_CHARACTERISTIC
CONFIG_08f0945d5eabd594,Configuration,CFG731_67de76f701c9cfad,SYNTHETIC,data/synthetic/configurations/731_synthetic_configurations_v5.csv,,,648.0,,,,CFG731_67de76f701c9cfad,DERIVED,TWO_CHARACTERISTIC
CONFIG_e1bd464958125d1a,Configuration,CFG731_c9498cf6f4410d44,SYNTHETIC,data/synthetic/configurations/731_synthetic_configurations_v5.csv,,,649.0,,,,CFG731_c9498cf6f4410d44,OBSERVED,REAL_OBSERVED
CONFIG_55d6ee33264abecb,Configuration,CFG731_2e57977cf2dd500a,SYNTHETIC,data/synthetic/configurations/731_synthetic_configurations_v5.csv,,,650.0,,,,CFG731_2e57977cf2dd500a,DERIVED,TWO_CHARACTERISTIC
CONFIG_6671c91d925f6948,Configuration,CFG731_38ae91744109d504,SYNTHETIC,data/synthetic/configurations/731_synthetic_configurations_v5.csv,,,651.0,,,,CFG731_38ae91744109d504,DERIVED,TWO_CHARACTERISTIC
CONFIG_62de345e1d43e2cb,Configuration,CFG731_ede0b25f5f83644d,SYNTHETIC,data/synthetic/configurations/731_synthetic_configurations_v5.csv,,,652.0,,,,CFG731_ede0b25f5f83644d,DERIVED,TWO_CHARACTERISTIC
CONFIG_1a8cdfe5d5facd93,Configuration,CFG731_7b2f69a7ca55041b,SYNTHETIC,data/synthetic/configurations/731_synthetic_configurations_v5.csv,,,653.0,,,,CFG731_7b2f69a7ca55041b,OBSERVED,REAL_OBSERVED
CONFIG_a16e38d4fe0b23f7,Configuration,CFG731_c39096767a7ae083,SYNTHETIC,data/synthetic/configurations/731_synthetic_configurations_v5.csv,,,654.0,,,,CFG731_c39096767a7ae083,OBSERVED,REAL_OBSERVED
CONFIG_3617181a3d484ea2,Configuration,CFG731_3c2aedfb429dc226,SYNTHETIC,data/synthetic/configurations/731_synthetic_configurations_v5.csv,,,656.0,,,,CFG731_3c2aedfb429dc226,OBSERVED,REAL_OBSERVED
CONFIG_2060c930272d6f56,Configuration,CFG731_dc94cc026338b073,SYNTHETIC,data/synthetic/configurations/731_synthetic_configurations_v5.csv,,,657.0,,,,CFG731_dc94cc026338b073,DERIVED,TWO_CHARACTERISTIC
CONFIG_23c26f1a1abf0775,Configuration,CFG731_04bb9195f752ca8c,SYNTHETIC,data/synthetic/configurations/731_synthetic_configurations_v5.csv,,,658.0,,,,CFG731_04bb9195f752ca8c,DERIVED,ONE_CHARACTERISTIC
CONFIG_0d197204a9ef2ded,Configuration,CFG731_c35b817e9679c657,SYNTHETIC,data/synthetic/configurations/731_synthetic_configurations_v5.csv,,,660.0,,,,CFG731_c35b817e9679c657,DERIVED,TWO_CHARACTERISTIC
CONFIG_97c7e23db1e1de06,Configuration,CFG731_b196505f1b584939,SYNTHETIC,data/synthetic/configurations/731_synthetic_configurations_v5.csv,,,661.0,,,,CFG731_b196505f1b584939,DERIVED,TWO_CHARACTERISTIC
CONFIG_99510099e178189c,Configuration,CFG731_af5b0ebc51685059,SYNTHETIC,data/synthetic/configurations/731_synthetic_configurations_v5.csv,,,664.0,,,,CFG731_af5b0ebc51685059,OBSERVED,REAL_OBSERVED
CONFIG_91101a10d282449f,Configuration,CFG731_2e49817fa45fc350,SYNTHETIC,data/synthetic/configurations/731_synthetic_configurations_v5.csv,,,666.0,,,,CFG731_2e49817fa45fc350,DERIVED,ONE_CHARACTERISTIC
CONFIG_245522eb9acf4d45,Configuration,CFG731_78c1722b0ab7e1a1,SYNTHETIC,data/synthetic/configurations/731_synthetic_configurations_v5.csv,,,667.0,,,,CFG731_78c1722b0ab7e1a1,DERIVED,TWO_CHARACTERISTIC
CONFIG_7b8f38927ce689f0,Configuration,CFG731_f6ea64d2965a329a,SYNTHETIC,data/synthetic/configurations/731_synthetic_configurations_v5.csv,,,668.0,,,,CFG731_f6ea64d2965a329a,DERIVED,TWO_CHARACTERISTIC
CONFIG_beee40f14f2e8a34,Configuration,CFG731_7882c72c21497015,SYNTHETIC,data/synthetic/configurations/731_synthetic_configurations_v5.csv,,,669.0,,,,CFG731_7882c72c21497015,OBSERVED,REAL_OBSERVED
CONFIG_b6e758772c1fca89,Configuration,CFG731_63eca10a00ae1f5d,SYNTHETIC,data/synthetic/configurations/731_synthetic_configurations_v5.csv,,,670.0,,,,CFG731_63eca10a00ae1f5d,OBSERVED,REAL_OBSERVED
CONFIG_409655244cf3b68b,Configuration,CFG731_312bca0f41122f55,SYNTHETIC,data/synthetic/configurations/731_synthetic_configurations_v5.csv,,,672.0,,,,CFG731_312bca0f41122f55,DERIVED,TWO_CHARACTERISTIC
CONFIG_0ad3ad8b192e8d0c,Configuration,CFG731_dc7c891c14ea05d8,SYNTHETIC,data/synthetic/configurations/731_synthetic_configurations_v5.csv,,,673.0,,,,CFG731_dc7c891c14ea05d8,DERIVED,ONE_CHARACTERISTIC
CONFIG_a78595b52f8d465c,Configuration,CFG731_d44e54f35ee15977,SYNTHETIC,data/synthetic/configurations/731_synthetic_configurations_v5.csv,,,674.0,,,,CFG731_d44e54f35ee15977,OBSERVED,REAL_OBSERVED
CONFIG_0ccefe80aaa60f78,Configuration,CFG731_1123bef3c890d293,SYNTHETIC,data/synthetic/configurations/731_synthetic_configurations_v5.csv,,,675.0,,,,CFG731_1123bef3c890d293,DERIVED,TWO_CHARACTERISTIC
CONFIG_ce5e4a61c24e6325,Configuration,CFG731_f53899c7a09e0138,SYNTHETIC,data/synthetic/configurations/731_synthetic_configurations_v5.csv,,,677.0,,,,CFG731_f53899c7a09e0138,DERIVED,TWO_CHARACTERISTIC
CONFIG_8eab53db17ab646f,Configuration,CFG731_b83ac25dbd4e47ee,SYNTHETIC,data/synthetic/configurations/731_synthetic_configurations_v5.csv,,,678.0,,,,CFG731_b83ac25dbd4e47ee,OBSERVED,REAL_OBSERVED
CONFIG_5358401a89ea6636,Configuration,CFG731_59f11353d30c03ee,SYNTHETIC,data/synthetic/configurations/731_synthetic_configurations_v5.csv,,,681.0,,,,CFG731_59f11353d30c03ee,OBSERVED,REAL_OBSERVED
CONFIG_b5a0c913abc392f0,Configuration,CFG731_8b8ba7e2341f1295,SYNTHETIC,data/synthetic/configurations/731_synthetic_configurations_v5.csv,,,682.0,,,,CFG731_8b8ba7e2341f1295,DERIVED,ONE_CHARACTERISTIC
CONFIG_200d1362915d4533,Configuration,CFG731_10ddc0a4eaffecd3,SYNTHETIC,data/synthetic/configurations/731_synthetic_configurations_v5.csv,,,684.0,,,,CFG731_10ddc0a4eaffecd3,DERIVED,TWO_CHARACTERISTIC
CONFIG_4650fb4ced23ae1c,Configuration,CFG731_12b0a7f4abb14e7e,SYNTHETIC,data/synthetic/configurations/731_synthetic_configurations_v5.csv,,,686.0,,,,CFG731_12b0a7f4abb14e7e,DERIVED,TWO_CHARACTERISTIC
CONFIG_9e30fc360f6c1a44,Configuration,CFG731_22fecf5bb26e1132,SYNTHETIC,data/synthetic/configurations/731_synthetic_configurations_v5.csv,,,687.0,,,,CFG731_22fecf5bb26e1132,DERIVED,ONE_CHARACTERISTIC
CONFIG_d89a883f801ef18e,Configuration,CFG731_6d44172bc82c7ed7,SYNTHETIC,data/synthetic/configurations/731_synthetic_configurations_v5.csv,,,689.0,,,,CFG731_6d44172bc82c7ed7,DERIVED,TWO_CHARACTERISTIC
CONFIG_694788ee7c7b2c05,Configuration,CFG731_011ca4ba794bd4d6,SYNTHETIC,data/synthetic/configurations/731_synthetic_configurations_v5.csv,,,690.0,,,,CFG731_011ca4ba794bd4d6,OBSERVED,REAL_OBSERVED
CONFIG_bbafbcc79f857568,Configuration,CFG731_cf0d36d335e0ac93,SYNTHETIC,data/synthetic/configurations/731_synthetic_configurations_v5.csv,,,692.0,,,,CFG731_cf0d36d335e0ac93,DERIVED,ONE_CHARACTERISTIC
CONFIG_c3b3880e9d9f61bc,Configuration,CFG731_84352197821d09de,SYNTHETIC,data/synthetic/configurations/731_synthetic_configurations_v5.csv,,,694.0,,,,CFG731_84352197821d09de,DERIVED,ONE_CHARACTERISTIC
CONFIG_2fbaccac6a044a4d,Configuration,CFG731_60e89591320e894c,SYNTHETIC,data/synthetic/configurations/731_synthetic_configurations_v5.csv,,,697.0,,,,CFG731_60e89591320e894c,DERIVED,TWO_CHARACTERISTIC
CONFIG_2a1573a78dbf1c4f,Configuration,CFG731_03a0acb5799247e8,SYNTHETIC,data/synthetic/configurations/731_synthetic_configurations_v5.csv,,,699.0,,,,CFG731_03a0acb5799247e8,DERIVED,TWO_CHARACTERISTIC
CONFIG_50c61b0b2263a06a,Configuration,CFG731_ac0f372c930c2e22,SYNTHETIC,data/synthetic/configurations/731_synthetic_configurations_v5.csv,,,701.0,,,,CFG731_ac0f372c930c2e22,OBSERVED,REAL_OBSERVED
CONFIG_a49b77c6b4c643df,Configuration,CFG731_169a8482d2028dff,SYNTHETIC,data/synthetic/configurations/731_synthetic_configurations_v5.csv,,,703.0,,,,CFG731_169a8482d2028dff,DERIVED,TWO_CHARACTERISTIC
CONFIG_9ceebfdf3ae427ec,Configuration,CFG731_56dbee462245ee56,SYNTHETIC,data/synthetic/configurations/731_synthetic_configurations_v5.csv,,,705.0,,,,CFG731_56dbee462245ee56,DERIVED,TWO_CHARACTERISTIC
CONFIG_953922d975df2e4a,Configuration,CFG731_5247c83d5f005ead,SYNTHETIC,data/synthetic/configurations/731_synthetic_configurations_v5.csv,,,706.0,,,,CFG731_5247c83d5f005ead,DERIVED,TWO_CHARACTERISTIC
CONFIG_91a7f14b774ab908,Configuration,CFG731_8c429238b2628537,SYNTHETIC,data/synthetic/configurations/731_synthetic_configurations_v5.csv,,,707.0,,,,CFG731_8c429238b2628537,DERIVED,DEPENDENCY_TWO_CHARACTERISTIC
CONFIG_7a9e092ca878b490,Configuration,CFG731_af755e9c46cfadd4,SYNTHETIC,data/synthetic/configurations/731_synthetic_configurations_v5.csv,,,708.0,,,,CFG731_af755e9c46cfadd4,OBSERVED,REAL_OBSERVED
CONFIG_19f411ecc1cec5a3,Configuration,CFG731_6d0d64ab66a91d89,SYNTHETIC,data/synthetic/configurations/731_synthetic_configurations_v5.csv,,,713.0,,,,CFG731_6d0d64ab66a91d89,DERIVED,TWO_CHARACTERISTIC
CONFIG_a23eef6c3cce097d,Configuration,CFG731_1f978c234895178c,SYNTHETIC,data/synthetic/configurations/731_synthetic_configurations_v5.csv,,,715.0,,,,CFG731_1f978c234895178c,OBSERVED,REAL_OBSERVED
CONFIG_36ddeabffc750abd,Configuration,CFG731_56e4b0def3749424,SYNTHETIC,data/synthetic/configurations/731_synthetic_configurations_v5.csv,,,717.0,,,,CFG731_56e4b0def3749424,DERIVED,TWO_CHARACTERISTIC
CONFIG_d8af0486f011edf6,Configuration,CFG731_9fd2ebe15271fc33,SYNTHETIC,data/synthetic/configurations/731_synthetic_configurations_v5.csv,,,718.0,,,,CFG731_9fd2ebe15271fc33,DERIVED,ONE_CHARACTERISTIC
CONFIG_9a89d4df8e425ca4,Configuration,CFG731_4db630d9810b0f27,SYNTHETIC,data/synthetic/configurations/731_synthetic_configurations_v5.csv,,,719.0,,,,CFG731_4db630d9810b0f27,DERIVED,TWO_CHARACTERISTIC
CONFIG_6f91b06d3d4ae9b4,Configuration,CFG731_52ce549ff41a9332,SYNTHETIC,data/synthetic/configurations/731_synthetic_configurations_v5.csv,,,721.0,,,,CFG731_52ce549ff41a9332,DERIVED,TWO_CHARACTERISTIC
CONFIG_adfe28576b58a92d,Configuration,CFG731_3f43e18524472dbe,SYNTHETIC,data/synthetic/configurations/731_synthetic_configurations_v5.csv,,,724.0,,,,CFG731_3f43e18524472dbe,DERIVED,TWO_CHARACTERISTIC
CONFIG_9ef455c1070b8aef,Configuration,CFG731_8a7a801f91254eeb,SYNTHETIC,data/synthetic/configurations/731_synthetic_configurations_v5.csv,,,725.0,,,,CFG731_8a7a801f91254eeb,OBSERVED,REAL_OBSERVED
CONFIG_078f2bf3b8cf4215,Configuration,CFG731_388928540067c900,SYNTHETIC,data/synthetic/configurations/731_synthetic_configurations_v5.csv,,,727.0,,,,CFG731_388928540067c900,DERIVED,TWO_CHARACTERISTIC
CONFIG_2bb03c841333aaef,Configuration,CFG731_0c4fdcb4a6049841,SYNTHETIC,data/synthetic/configurations/731_synthetic_configurations_v5.csv,,,728.0,,,,CFG731_0c4fdcb4a6049841,DERIVED,TWO_CHARACTERISTIC
CONFIG_22123b5ad03b57e7,Configuration,CFG731_9eee2266c8068ada,SYNTHETIC,data/synthetic/configurations/731_synthetic_configurations_v5.csv,,,731.0,,,,CFG731_9eee2266c8068ada,DERIVED,TWO_CHARACTERISTIC
CONFIG_1f960503ea7c6770,Configuration,CFG731_6cf8dfe53732fc0a,SYNTHETIC,data/synthetic/configurations/731_synthetic_configurations_v5.csv,,,734.0,,,,CFG731_6cf8dfe53732fc0a,DERIVED,ONE_CHARACTERISTIC
CONFIG_ac4852f52b5e65f6,Configuration,CFG731_6f04889a74b0dabc,SYNTHETIC,data/synthetic/configurations/731_synthetic_configurations_v5.csv,,,735.0,,,,CFG731_6f04889a74b0dabc,OBSERVED,REAL_OBSERVED
CONFIG_8033e2e333d3f7d7,Configuration,CFG731_cc50cacf788bd84a,SYNTHETIC,data/synthetic/configurations/731_synthetic_configurations_v5.csv,,,736.0,,,,CFG731_cc50cacf788bd84a,DERIVED,TWO_CHARACTERISTIC
CONFIG_07d6911c6961ba51,Configuration,CFG731_07364aa0260e0bc7,SYNTHETIC,data/synthetic/configurations/731_synthetic_configurations_v5.csv,,,737.0,,,,CFG731_07364aa0260e0bc7,OBSERVED,REAL_OBSERVED
CONFIG_d64ff639c7a59c9a,Configuration,CFG731_0be1e83a71642630,SYNTHETIC,data/synthetic/configurations/731_synthetic_configurations_v5.csv,,,739.0,,,,CFG731_0be1e83a71642630,DERIVED,TWO_CHARACTERISTIC
CONFIG_cc944b4b0c1961cf,Configuration,CFG731_e201a8a6e4588b00,SYNTHETIC,data/synthetic/configurations/731_synthetic_configurations_v5.csv,,,740.0,,,,CFG731_e201a8a6e4588b00,DERIVED,TWO_CHARACTERISTIC
CONFIG_3db48a2fb309fa3b,Configuration,CFG731_8f7aae9f36234f0e,SYNTHETIC,data/synthetic/configurations/731_synthetic_configurations_v5.csv,,,741.0,,,,CFG731_8f7aae9f36234f0e,DERIVED,TWO_CHARACTERISTIC
CONFIG_571ca68a4c8a2054,Configuration,CFG731_ed19d16aecf53db8,SYNTHETIC,data/synthetic/configurations/731_synthetic_configurations_v5.csv,,,743.0,,,,CFG731_ed19d16aecf53db8,DERIVED,TWO_CHARACTERISTIC
CONFIG_cbf3fddf908a4cbf,Configuration,CFG731_e0b367441bde560f,SYNTHETIC,data/synthetic/configurations/731_synthetic_configurations_v5.csv,,,744.0,,,,CFG731_e0b367441bde560f,DERIVED,TWO_CHARACTERISTIC
CONFIG_80ae3cf0cb3b891f,Configuration,CFG731_e116a79dd463fd7e,SYNTHETIC,data/synthetic/configurations/731_synthetic_configurations_v5.csv,,,745.0,,,,CFG731_e116a79dd463fd7e,DERIVED,TWO_CHARACTERISTIC
CONFIG_b80c4e32dc43801c,Configuration,CFG731_02ec1e408c44cf5d,SYNTHETIC,data/synthetic/configurations/731_synthetic_configurations_v5.csv,,,746.0,,,,CFG731_02ec1e408c44cf5d,DERIVED,TWO_CHARACTERISTIC
CONFIG_f097f3d9718d4052,Configuration,CFG731_3dd4cfcf6ee98460,SYNTHETIC,data/synthetic/configurations/731_synthetic_configurations_v5.csv,,,747.0,,,,CFG731_3dd4cfcf6ee98460,DERIVED,TWO_CHARACTERISTIC
CONFIG_b94b7e69263901bc,Configuration,CFG731_2e0e24cbfe1ca19b,SYNTHETIC,data/synthetic/configurations/731_synthetic_configurations_v5.csv,,,748.0,,,,CFG731_2e0e24cbfe1ca19b,DERIVED,DEPENDENCY_TWO_CHARACTERISTIC
CONFIG_568a216990a019f7,Configuration,CFG731_97fec9a076550ea5,SYNTHETIC,data/synthetic/configurations/731_synthetic_configurations_v5.csv,,,750.0,,,,CFG731_97fec9a076550ea5,DERIVED,TWO_CHARACTERISTIC
CONFIG_069a3ae07d98bd89,Configuration,CFG731_508d465d4c518290,SYNTHETIC,data/synthetic/configurations/731_synthetic_configurations_v5.csv,,,751.0,,,,CFG731_508d465d4c518290,OBSERVED,REAL_OBSERVED
CONFIG_bd504077a7228f7d,Configuration,CFG731_8a1a8cb1f6a30d3a,SYNTHETIC,data/synthetic/configurations/731_synthetic_configurations_v5.csv,,,752.0,,,,CFG731_8a1a8cb1f6a30d3a,DERIVED,TWO_CHARACTERISTIC
CONFIG_23964768e208f5ab,Configuration,CFG731_b479671c7b7638f0,SYNTHETIC,data/synthetic/configurations/731_synthetic_configurations_v5.csv,,,756.0,,,,CFG731_b479671c7b7638f0,DERIVED,TWO_CHARACTERISTIC
CONFIG_578a00df5e69cd20,Configuration,CFG731_d3d0547b464f691d,SYNTHETIC,data/synthetic/configurations/731_synthetic_configurations_v5.csv,,,759.0,,,,CFG731_d3d0547b464f691d,OBSERVED,REAL_OBSERVED
CONFIG_831c93029810856a,Configuration,CFG731_7243fbc5a97c88cb,SYNTHETIC,data/synthetic/configurations/731_synthetic_configurations_v5.csv,,,760.0,,,,CFG731_7243fbc5a97c88cb,DERIVED,TWO_CHARACTERISTIC
CONFIG_b1f764e8deac488f,Configuration,CFG731_bd2172ffd6b9273a,SYNTHETIC,data/synthetic/configurations/731_synthetic_configurations_v5.csv,,,761.0,,,,CFG731_bd2172ffd6b9273a,DERIVED,TWO_CHARACTERISTIC
CONFIG_b50701f149edc453,Configuration,CFG731_3ab6d9037260e8b1,SYNTHETIC,data/synthetic/configurations/731_synthetic_configurations_v5.csv,,,763.0,,,,CFG731_3ab6d9037260e8b1,DERIVED,TWO_CHARACTERISTIC
CONFIG_80fdea37dbe79a9a,Configuration,CFG731_5e57a3f6d3b745b8,SYNTHETIC,data/synthetic/configurations/731_synthetic_configurations_v5.csv,,,764.0,,,,CFG731_5e57a3f6d3b745b8,OBSERVED,REAL_OBSERVED
CONFIG_4305a60a36462de7,Configuration,CFG731_dbd5a2176d0b595a,SYNTHETIC,data/synthetic/configurations/731_synthetic_configurations_v5.csv,,,767.0,,,,CFG731_dbd5a2176d0b595a,DERIVED,TWO_CHARACTERISTIC
CONFIG_13422c75dedbc2d4,Configuration,CFG731_a56f1437a0b4ca31,SYNTHETIC,data/synthetic/configurations/731_synthetic_configurations_v5.csv,,,768.0,,,,CFG731_a56f1437a0b4ca31,OBSERVED,REAL_OBSERVED
CONFIG_504b8af092647283,Configuration,CFG731_aa31c7019e5fef74,SYNTHETIC,data/synthetic/configurations/731_synthetic_configurations_v5.csv,,,773.0,,,,CFG731_aa31c7019e5fef74,DERIVED,TWO_CHARACTERISTIC
CONFIG_0349e406317a4265,Configuration,CFG731_58b9913d8024b015,SYNTHETIC,data/synthetic/configurations/731_synthetic_configurations_v5.csv,,,774.0,,,,CFG731_58b9913d8024b015,DERIVED,TWO_CHARACTERISTIC
CONFIG_6fa51bdaba238a89,Configuration,CFG731_f3a077220d123b51,SYNTHETIC,data/synthetic/configurations/731_synthetic_configurations_v5.csv,,,776.0,,,,CFG731_f3a077220d123b51,DERIVED,TWO_CHARACTERISTIC
CONFIG_5fdfb7e042a925a0,Configuration,CFG731_92fbdd06b7923fc1,SYNTHETIC,data/synthetic/configurations/731_synthetic_configurations_v5.csv,,,777.0,,,,CFG731_92fbdd06b7923fc1,DERIVED,ONE_CHARACTERISTIC
CONFIG_f4176533971aae2a,Configuration,CFG731_241c1be2434fc3a5,SYNTHETIC,data/synthetic/configurations/731_synthetic_configurations_v5.csv,,,779.0,,,,CFG731_241c1be2434fc3a5,DERIVED,TWO_CHARACTERISTIC
CONFIG_df66f62954e627f5,Configuration,CFG731_3fe2202b70f330b1,SYNTHETIC,data/synthetic/configurations/731_synthetic_configurations_v5.csv,,,780.0,,,,CFG731_3fe2202b70f330b1,DERIVED,TWO_CHARACTERISTIC
CONFIG_bf623bdf9eb4934e,Configuration,CFG731_2683cf7e09782f5e,SYNTHETIC,data/synthetic/configurations/731_synthetic_configurations_v5.csv,,,782.0,,,,CFG731_2683cf7e09782f5e,OBSERVED,REAL_OBSERVED
CONFIG_81e5221496f64605,Configuration,CFG731_b7c1a02b25610507,SYNTHETIC,data/synthetic/configurations/731_synthetic_configurations_v5.csv,,,783.0,,,,CFG731_b7c1a02b25610507,OBSERVED,REAL_OBSERVED
CONFIG_23a0bf47f75dc8f7,Configuration,CFG731_c517a14f9cf12c39,SYNTHETIC,data/synthetic/configurations/731_synthetic_configurations_v5.csv,,,784.0,,,,CFG731_c517a14f9cf12c39,DERIVED,DEPENDENCY_TWO_CHARACTERISTIC
CONFIG_1f1c4f7026217b5e,Configuration,CFG731_70aa05e83d20d403,SYNTHETIC,data/synthetic/configurations/731_synthetic_configurations_v5.csv,,,785.0,,,,CFG731_70aa05e83d20d403,DERIVED,TWO_CHARACTERISTIC
CONFIG_79d1c89582a8d036,Configuration,CFG731_fa50e8a725c751e0,SYNTHETIC,data/synthetic/configurations/731_synthetic_configurations_v5.csv,,,786.0,,,,CFG731_fa50e8a725c751e0,DERIVED,TWO_CHARACTERISTIC
CONFIG_5ae06353cb126353,Configuration,CFG731_77dd17c48f15826c,SYNTHETIC,data/synthetic/configurations/731_synthetic_configurations_v5.csv,,,787.0,,,,CFG731_77dd17c48f15826c,OBSERVED,REAL_OBSERVED
CONFIG_edcfabff55dbb78d,Configuration,CFG731_4ed713e2b6c74ca8,SYNTHETIC,data/synthetic/configurations/731_synthetic_configurations_v5.csv,,,788.0,,,,CFG731_4ed713e2b6c74ca8,DERIVED,TWO_CHARACTERISTIC
CONFIG_9754c2f3f4fb1571,Configuration,CFG731_7f60255816247683,SYNTHETIC,data/synthetic/configurations/731_synthetic_configurations_v5.csv,,,789.0,,,,CFG731_7f60255816247683,OBSERVED,REAL_OBSERVED
CONFIG_55ad170f3ff2c561,Configuration,CFG731_e049618b920d59b6,SYNTHETIC,data/synthetic/configurations/731_synthetic_configurations_v5.csv,,,791.0,,,,CFG731_e049618b920d59b6,DERIVED,TWO_CHARACTERISTIC
CONFIG_2bb905df61a9c6e4,Configuration,CFG731_67751271582e3c57,SYNTHETIC,data/synthetic/configurations/731_synthetic_configurations_v5.csv,,,794.0,,,,CFG731_67751271582e3c57,DERIVED,ONE_CHARACTERISTIC
CONFIG_81d867664e2e7a35,Configuration,CFG731_48d7cdb31a45af93,SYNTHETIC,data/synthetic/configurations/731_synthetic_configurations_v5.csv,,,795.0,,,,CFG731_48d7cdb31a45af93,OBSERVED,REAL_OBSERVED
CONFIG_df3afe7fc1d80ade,Configuration,CFG731_6878009af5d30faf,SYNTHETIC,data/synthetic/configurations/731_synthetic_configurations_v5.csv,,,797.0,,,,CFG731_6878009af5d30faf,DERIVED,TWO_CHARACTERISTIC
CONFIG_2a0f4356632d6fbb,Configuration,CFG731_4da2b3fd83325505,SYNTHETIC,data/synthetic/configurations/731_synthetic_configurations_v5.csv,,,798.0,,,,CFG731_4da2b3fd83325505,DERIVED,ONE_CHARACTERISTIC
CONFIG_e3f363c60f0127c1,Configuration,CFG731_69502d87794881ea,SYNTHETIC,data/synthetic/configurations/731_synthetic_configurations_v5.csv,,,802.0,,,,CFG731_69502d87794881ea,DERIVED,TWO_CHARACTERISTIC
CONFIG_3c75210230242e5f,Configuration,CFG731_8b9239fd1c516750,SYNTHETIC,data/synthetic/configurations/731_synthetic_configurations_v5.csv,,,804.0,,,,CFG731_8b9239fd1c516750,DERIVED,TWO_CHARACTERISTIC
CONFIG_30d74f1df25f3b23,Configuration,CFG731_35ed22cad11f9a11,SYNTHETIC,data/synthetic/configurations/731_synthetic_configurations_v5.csv,,,806.0,,,,CFG731_35ed22cad11f9a11,OBSERVED,REAL_OBSERVED
CONFIG_4d614d16df0bae84,Configuration,CFG731_214b769209164299,SYNTHETIC,data/synthetic/configurations/731_synthetic_configurations_v5.csv,,,808.0,,,,CFG731_214b769209164299,DERIVED,TWO_CHARACTERISTIC
CONFIG_2b5a97a12ee41538,Configuration,CFG731_715a3d3226cbaffd,SYNTHETIC,data/synthetic/configurations/731_synthetic_configurations_v5.csv,,,809.0,,,,CFG731_715a3d3226cbaffd,OBSERVED,REAL_OBSERVED
CONFIG_7d8b353b462e60f8,Configuration,CFG731_f0dab232b993fcfd,SYNTHETIC,data/synthetic/configurations/731_synthetic_configurations_v5.csv,,,810.0,,,,CFG731_f0dab232b993fcfd,DERIVED,TWO_CHARACTERISTIC
CONFIG_8dae68ec9d1fc3d2,Configuration,CFG731_a1f89a445799de07,SYNTHETIC,data/synthetic/configurations/731_synthetic_configurations_v5.csv,,,811.0,,,,CFG731_a1f89a445799de07,OBSERVED,REAL_OBSERVED
CONFIG_bfa46089690ddd5d,Configuration,CFG731_d71a39e1fcf17083,SYNTHETIC,data/synthetic/configurations/731_synthetic_configurations_v5.csv,,,813.0,,,,CFG731_d71a39e1fcf17083,DERIVED,TWO_CHARACTERISTIC
CONFIG_1fd7fc80ba4d5e30,Configuration,CFG731_41b81999e34ef823,SYNTHETIC,data/synthetic/configurations/731_synthetic_configurations_v5.csv,,,814.0,,,,CFG731_41b81999e34ef823,DERIVED,TWO_CHARACTERISTIC
CONFIG_0a1f5adc8e4a4082,Configuration,CFG731_3a61ea1e83015043,SYNTHETIC,data/synthetic/configurations/731_synthetic_configurations_v5.csv,,,815.0,,,,CFG731_3a61ea1e83015043,DERIVED,TWO_CHARACTERISTIC
CONFIG_57f00e8c534927b9,Configuration,CFG731_a41a2d2cef1a675f,SYNTHETIC,data/synthetic/configurations/731_synthetic_configurations_v5.csv,,,816.0,,,,CFG731_a41a2d2cef1a675f,OBSERVED,REAL_OBSERVED
CONFIG_93c13813fc6459a0,Configuration,CFG731_02c05dd3bc721c1b,SYNTHETIC,data/synthetic/configurations/731_synthetic_configurations_v5.csv,,,817.0,,,,CFG731_02c05dd3bc721c1b,DERIVED,TWO_CHARACTERISTIC
CONFIG_bc9cd67077631fb8,Configuration,CFG731_2f5fc847ee056f67,SYNTHETIC,data/synthetic/configurations/731_synthetic_configurations_v5.csv,,,818.0,,,,CFG731_2f5fc847ee056f67,DERIVED,TWO_CHARACTERISTIC
CONFIG_8cea33acd4b1c895,Configuration,CFG731_ddbc59cfdb50b468,SYNTHETIC,data/synthetic/configurations/731_synthetic_configurations_v5.csv,,,820.0,,,,CFG731_ddbc59cfdb50b468,DERIVED,TWO_CHARACTERISTIC
CONFIG_425e4a0f72d3f1b0,Configuration,CFG731_686ef2eb3721e466,SYNTHETIC,data/synthetic/configurations/731_synthetic_configurations_v5.csv,,,821.0,,,,CFG731_686ef2eb3721e466,DERIVED,TWO_CHARACTERISTIC
CONFIG_dab46ae2eb86981c,Configuration,CFG731_ad8bb9ff6170362b,SYNTHETIC,data/synthetic/configurations/731_synthetic_configurations_v5.csv,,,823.0,,,,CFG731_ad8bb9ff6170362b,DERIVED,TWO_CHARACTERISTIC
CONFIG_aaf7902ec089d1a8,Configuration,CFG731_a8ddc520c2e666f7,SYNTHETIC,data/synthetic/configurations/731_synthetic_configurations_v5.csv,,,824.0,,,,CFG731_a8ddc520c2e666f7,DERIVED,ONE_CHARACTERISTIC
CONFIG_7cf7f535dbcac2c0,Configuration,CFG731_af66bb7c63b30137,SYNTHETIC,data/synthetic/configurations/731_synthetic_configurations_v5.csv,,,825.0,,,,CFG731_af66bb7c63b30137,DERIVED,DEPENDENCY_TWO_CHARACTERISTIC
CONFIG_b8092e3cc3ba6af0,Configuration,CFG731_3fe779486d988e69,SYNTHETIC,data/synthetic/configurations/731_synthetic_configurations_v5.csv,,,827.0,,,,CFG731_3fe779486d988e69,OBSERVED,REAL_OBSERVED
CONFIG_64ee07a009201e69,Configuration,CFG731_33d5b52db510e046,SYNTHETIC,data/synthetic/configurations/731_synthetic_configurations_v5.csv,,,828.0,,,,CFG731_33d5b52db510e046,DERIVED,ONE_CHARACTERISTIC
CONFIG_a009c90e3e737b78,Configuration,CFG731_54b63f2628adfc32,SYNTHETIC,data/synthetic/configurations/731_synthetic_configurations_v5.csv,,,829.0,,,,CFG731_54b63f2628adfc32,DERIVED,TWO_CHARACTERISTIC
CONFIG_b0e7486690245076,Configuration,CFG731_8189439864af87ea,SYNTHETIC,data/synthetic/configurations/731_synthetic_configurations_v5.csv,,,831.0,,,,CFG731_8189439864af87ea,OBSERVED,REAL_OBSERVED
CONFIG_868ee6913357b158,Configuration,CFG731_784eb334d1d77ae7,SYNTHETIC,data/synthetic/configurations/731_synthetic_configurations_v5.csv,,,832.0,,,,CFG731_784eb334d1d77ae7,OBSERVED,REAL_OBSERVED
CONFIG_e35e208c7dc2b47a,Configuration,CFG731_27f3f9fc0b2e1643,SYNTHETIC,data/synthetic/configurations/731_synthetic_configurations_v5.csv,,,834.0,,,,CFG731_27f3f9fc0b2e1643,DERIVED,TWO_CHARACTERISTIC
CONFIG_b25dba8658931384,Configuration,CFG731_a7a446c7f3b3183f,SYNTHETIC,data/synthetic/configurations/731_synthetic_configurations_v5.csv,,,835.0,,,,CFG731_a7a446c7f3b3183f,OBSERVED,REAL_OBSERVED
CONFIG_0f0d4046e7f384c6,Configuration,CFG731_0fbee36816b7af98,SYNTHETIC,data/synthetic/configurations/731_synthetic_configurations_v5.csv,,,836.0,,,,CFG731_0fbee36816b7af98,OBSERVED,REAL_OBSERVED
CONFIG_d259f7587f1c77be,Configuration,CFG731_5690130201345e77,SYNTHETIC,data/synthetic/configurations/731_synthetic_configurations_v5.csv,,,838.0,,,,CFG731_5690130201345e77,DERIVED,TWO_CHARACTERISTIC
CONFIG_1ea322de577ec0b6,Configuration,CFG731_038da5d3a7dc468b,SYNTHETIC,data/synthetic/configurations/731_synthetic_configurations_v5.csv,,,841.0,,,,CFG731_038da5d3a7dc468b,DERIVED,TWO_CHARACTERISTIC
CONFIG_b62f47cca1c667e9,Configuration,CFG731_8e97bb2bec352a2c,SYNTHETIC,data/synthetic/configurations/731_synthetic_configurations_v5.csv,,,842.0,,,,CFG731_8e97bb2bec352a2c,OBSERVED,REAL_OBSERVED
CONFIG_e06103c8f38fd1bc,Configuration,CFG731_a012df089e5e5862,SYNTHETIC,data/synthetic/configurations/731_synthetic_configurations_v5.csv,,,844.0,,,,CFG731_a012df089e5e5862,OBSERVED,REAL_OBSERVED
CONFIG_44aa47acc82b643b,Configuration,CFG731_4a74cf409767dc05,SYNTHETIC,data/synthetic/configurations/731_synthetic_configurations_v5.csv,,,845.0,,,,CFG731_4a74cf409767dc05,DERIVED,TWO_CHARACTERISTIC
CONFIG_40b621a4e855945b,Configuration,CFG731_874928f24c55285e,SYNTHETIC,data/synthetic/configurations/731_synthetic_configurations_v5.csv,,,849.0,,,,CFG731_874928f24c55285e,DERIVED,TWO_CHARACTERISTIC
CONFIG_d422ce410817c478,Configuration,CFG731_22da0d6030817265,SYNTHETIC,data/synthetic/configurations/731_synthetic_configurations_v5.csv,,,851.0,,,,CFG731_22da0d6030817265,DERIVED,DEPENDENCY_TWO_CHARACTERISTIC
CONFIG_07da3abb45c41edb,Configuration,CFG731_5d345c0f49f6f272,SYNTHETIC,data/synthetic/configurations/731_synthetic_configurations_v5.csv,,,852.0,,,,CFG731_5d345c0f49f6f272,OBSERVED,REAL_OBSERVED
CONFIG_995031ad6941cb49,Configuration,CFG731_164e84569c2cee64,SYNTHETIC,data/synthetic/configurations/731_synthetic_configurations_v5.csv,,,856.0,,,,CFG731_164e84569c2cee64,DERIVED,TWO_CHARACTERISTIC
CONFIG_72d70fa7d106c4d1,Configuration,CFG731_8f88a3599177d2e5,SYNTHETIC,data/synthetic/configurations/731_synthetic_configurations_v5.csv,,,857.0,,,,CFG731_8f88a3599177d2e5,DERIVED,TWO_CHARACTERISTIC
CONFIG_613e405473060684,Configuration,CFG731_1060da033d1aaed1,SYNTHETIC,data/synthetic/configurations/731_synthetic_configurations_v5.csv,,,858.0,,,,CFG731_1060da033d1aaed1,DERIVED,DEPENDENCY_TWO_CHARACTERISTIC
CONFIG_943095376f84be2a,Configuration,CFG731_2692d4e8945eb6ee,SYNTHETIC,data/synthetic/configurations/731_synthetic_configurations_v5.csv,,,861.0,,,,CFG731_2692d4e8945eb6ee,DERIVED,ONE_CHARACTERISTIC
CONFIG_d0257956db8a2e0e,Configuration,CFG731_509cb555eca833a1,SYNTHETIC,data/synthetic/configurations/731_synthetic_configurations_v5.csv,,,863.0,,,,CFG731_509cb555eca833a1,OBSERVED,REAL_OBSERVED
CONFIG_1371aaadf2962992,Configuration,CFG731_9cc92f888af32c8a,SYNTHETIC,data/synthetic/configurations/731_synthetic_configurations_v5.csv,,,864.0,,,,CFG731_9cc92f888af32c8a,DERIVED,ONE_CHARACTERISTIC
CONFIG_5f0fc3551ee65ef6,Configuration,CFG731_624f3002b3cf1e19,SYNTHETIC,data/synthetic/configurations/731_synthetic_configurations_v5.csv,,,865.0,,,,CFG731_624f3002b3cf1e19,DERIVED,TWO_CHARACTERISTIC
CONFIG_db0d8c8920f146cf,Configuration,CFG731_9be0c5ce20280448,SYNTHETIC,data/synthetic/configurations/731_synthetic_configurations_v5.csv,,,867.0,,,,CFG731_9be0c5ce20280448,DERIVED,ONE_CHARACTERISTIC
CONFIG_18ebeed23fdfc0de,Configuration,CFG731_5be384035f37d372,SYNTHETIC,data/synthetic/configurations/731_synthetic_configurations_v5.csv,,,869.0,,,,CFG731_5be384035f37d372,DERIVED,TWO_CHARACTERISTIC
CONFIG_cb59427f24315a6d,Configuration,CFG731_941753987cdaff4b,SYNTHETIC,data/synthetic/configurations/731_synthetic_configurations_v5.csv,,,871.0,,,,CFG731_941753987cdaff4b,DERIVED,TWO_CHARACTERISTIC
CONFIG_4aa69aeb352dd343,Configuration,CFG731_faff6da73df00950,SYNTHETIC,data/synthetic/configurations/731_synthetic_configurations_v5.csv,,,873.0,,,,CFG731_faff6da73df00950,DERIVED,ONE_CHARACTERISTIC
CONFIG_1d9fc324e71a19e8,Configuration,CFG731_2508e54db960a3b8,SYNTHETIC,data/synthetic/configurations/731_synthetic_configurations_v5.csv,,,875.0,,,,CFG731_2508e54db960a3b8,DERIVED,TWO_CHARACTERISTIC
CONFIG_6f426a5e2fab610a,Configuration,CFG731_9d1c08e274eec8a3,SYNTHETIC,data/synthetic/configurations/731_synthetic_configurations_v5.csv,,,877.0,,,,CFG731_9d1c08e274eec8a3,DERIVED,TWO_CHARACTERISTIC
CONFIG_8eb597fb378be56a,Configuration,CFG731_30afbdc3788648cc,SYNTHETIC,data/synthetic/configurations/731_synthetic_configurations_v5.csv,,,878.0,,,,CFG731_30afbdc3788648cc,DERIVED,TWO_CHARACTERISTIC
CONFIG_b044ea54389dc738,Configuration,CFG731_077cd264a0313a47,SYNTHETIC,data/synthetic/configurations/731_synthetic_configurations_v5.csv,,,879.0,,,,CFG731_077cd264a0313a47,DERIVED,TWO_CHARACTERISTIC
CONFIG_ff336c31c612ba48,Configuration,CFG731_18e687233239e907,SYNTHETIC,data/synthetic/configurations/731_synthetic_configurations_v5.csv,,,880.0,,,,CFG731_18e687233239e907,DERIVED,DEPENDENCY_TWO_CHARACTERISTIC
CONFIG_78d726eede88d2ad,Configuration,CFG731_3c070a82e4102784,SYNTHETIC,data/synthetic/configurations/731_synthetic_configurations_v5.csv,,,881.0,,,,CFG731_3c070a82e4102784,OBSERVED,REAL_OBSERVED
CONFIG_d8841aeaa6f216f5,Configuration,CFG731_ed3701dcbeea7cf9,SYNTHETIC,data/synthetic/configurations/731_synthetic_configurations_v5.csv,,,882.0,,,,CFG731_ed3701dcbeea7cf9,DERIVED,TWO_CHARACTERISTIC
CONFIG_43d3e6f2bdccd4b9,Configuration,CFG731_13c137be155b0bd9,SYNTHETIC,data/synthetic/configurations/731_synthetic_configurations_v5.csv,,,883.0,,,,CFG731_13c137be155b0bd9,DERIVED,ONE_CHARACTERISTIC
CONFIG_a7b92a1b78d553ad,Configuration,CFG731_3a824c7e49bfd8f4,SYNTHETIC,data/synthetic/configurations/731_synthetic_configurations_v5.csv,,,884.0,,,,CFG731_3a824c7e49bfd8f4,DERIVED,ONE_CHARACTERISTIC
CONFIG_553b7cf213a282ec,Configuration,CFG731_782638eae748ba9a,SYNTHETIC,data/synthetic/configurations/731_synthetic_configurations_v5.csv,,,885.0,,,,CFG731_782638eae748ba9a,DERIVED,TWO_CHARACTERISTIC
CONFIG_c5207f9618b8760e,Configuration,CFG731_29087c573d8c896f,SYNTHETIC,data/synthetic/configurations/731_synthetic_configurations_v5.csv,,,888.0,,,,CFG731_29087c573d8c896f,DERIVED,TWO_CHARACTERISTIC
CONFIG_b53426c30b56fad2,Configuration,CFG731_56ccaebbaa08bd29,SYNTHETIC,data/synthetic/configurations/731_synthetic_configurations_v5.csv,,,889.0,,,,CFG731_56ccaebbaa08bd29,OBSERVED,REAL_OBSERVED
CONFIG_a2b5f4b83ec48ec6,Configuration,CFG731_81bffae40f4c3a60,SYNTHETIC,data/synthetic/configurations/731_synthetic_configurations_v5.csv,,,890.0,,,,CFG731_81bffae40f4c3a60,DERIVED,ONE_CHARACTERISTIC
CONFIG_da0f60891f6e74c5,Configuration,CFG731_7dce730729047505,SYNTHETIC,data/synthetic/configurations/731_synthetic_configurations_v5.csv,,,892.0,,,,CFG731_7dce730729047505,DERIVED,TWO_CHARACTERISTIC
CONFIG_48b271119b4c4c94,Configuration,CFG731_b7f57838c36b4a79,SYNTHETIC,data/synthetic/configurations/731_synthetic_configurations_v5.csv,,,893.0,,,,CFG731_b7f57838c36b4a79,DERIVED,TWO_CHARACTERISTIC
CONFIG_b05151dc65c50ccd,Configuration,CFG731_5bf68569c7ddfc7c,SYNTHETIC,data/synthetic/configurations/731_synthetic_configurations_v5.csv,,,895.0,,,,CFG731_5bf68569c7ddfc7c,DERIVED,TWO_CHARACTERISTIC
CONFIG_8b25bdbea47cf319,Configuration,CFG731_20e0d69972310e9f,SYNTHETIC,data/synthetic/configurations/731_synthetic_configurations_v5.csv,,,896.0,,,,CFG731_20e0d69972310e9f,DERIVED,TWO_CHARACTERISTIC
CONFIG_41bd0c3618fbc3ef,Configuration,CFG731_338a3238e967f681,SYNTHETIC,data/synthetic/configurations/731_synthetic_configurations_v5.csv,,,898.0,,,,CFG731_338a3238e967f681,DERIVED,ONE_CHARACTERISTIC
CONFIG_cd0df208cd22bad5,Configuration,CFG731_f8b0b03f1ea66d75,SYNTHETIC,data/synthetic/configurations/731_synthetic_configurations_v5.csv,,,899.0,,,,CFG731_f8b0b03f1ea66d75,DERIVED,TWO_CHARACTERISTIC
CONFIG_fe76c4c324b82a29,Configuration,CFG731_b9b5d9aed8259a39,SYNTHETIC,data/synthetic/configurations/731_synthetic_configurations_v5.csv,,,905.0,,,,CFG731_b9b5d9aed8259a39,DERIVED,TWO_CHARACTERISTIC
CONFIG_030394bc3b4853de,Configuration,CFG731_ac3a4ff61341aa72,SYNTHETIC,data/synthetic/configurations/731_synthetic_configurations_v5.csv,,,906.0,,,,CFG731_ac3a4ff61341aa72,OBSERVED,REAL_OBSERVED
CONFIG_36349c15b4226c26,Configuration,CFG731_4d39aa53959ccce3,SYNTHETIC,data/synthetic/configurations/731_synthetic_configurations_v5.csv,,,908.0,,,,CFG731_4d39aa53959ccce3,DERIVED,TWO_CHARACTERISTIC
CONFIG_b65b35cc44cebaef,Configuration,CFG731_7308ee8503151ef3,SYNTHETIC,data/synthetic/configurations/731_synthetic_configurations_v5.csv,,,909.0,,,,CFG731_7308ee8503151ef3,OBSERVED,REAL_OBSERVED
CONFIG_0be9910614b056f3,Configuration,CFG731_4fe142d593643ab8,SYNTHETIC,data/synthetic/configurations/731_synthetic_configurations_v5.csv,,,915.0,,,,CFG731_4fe142d593643ab8,DERIVED,ONE_CHARACTERISTIC
CONFIG_aa0dc06e26e2cc9a,Configuration,CFG731_0b076e2e26216ca2,SYNTHETIC,data/synthetic/configurations/731_synthetic_configurations_v5.csv,,,916.0,,,,CFG731_0b076e2e26216ca2,DERIVED,TWO_CHARACTERISTIC
CONFIG_7b07dcd40bfcbd32,Configuration,CFG731_e85a7fcdd0521e90,SYNTHETIC,data/synthetic/configurations/731_synthetic_configurations_v5.csv,,,917.0,,,,CFG731_e85a7fcdd0521e90,DERIVED,ONE_CHARACTERISTIC
CONFIG_16f95187af2ed720,Configuration,CFG731_506e2373a4fc4c97,SYNTHETIC,data/synthetic/configurations/731_synthetic_configurations_v5.csv,,,919.0,,,,CFG731_506e2373a4fc4c97,DERIVED,TWO_CHARACTERISTIC
CONFIG_ac4abb422845ac4d,Configuration,CFG731_f7533d37b29ce240,SYNTHETIC,data/synthetic/configurations/731_synthetic_configurations_v5.csv,,,920.0,,,,CFG731_f7533d37b29ce240,DERIVED,TWO_CHARACTERISTIC
CONFIG_2e0169e7b08bf310,Configuration,CFG731_02dc397796156de1,SYNTHETIC,data/synthetic/configurations/731_synthetic_configurations_v5.csv,,,921.0,,,,CFG731_02dc397796156de1,DERIVED,TWO_CHARACTERISTIC
CONFIG_59c2d060a98aafd9,Configuration,CFG731_0c3b33750ffab3ac,SYNTHETIC,data/synthetic/configurations/731_synthetic_configurations_v5.csv,,,923.0,,,,CFG731_0c3b33750ffab3ac,OBSERVED,REAL_OBSERVED
CONFIG_9fa4ecd572df451c,Configuration,CFG731_84b16be5aab3bf9b,SYNTHETIC,data/synthetic/configurations/731_synthetic_configurations_v5.csv,,,924.0,,,,CFG731_84b16be5aab3bf9b,OBSERVED,REAL_OBSERVED
CONFIG_35761a4bd8684342,Configuration,CFG731_5ed193735e1217cd,SYNTHETIC,data/synthetic/configurations/731_synthetic_configurations_v5.csv,,,925.0,,,,CFG731_5ed193735e1217cd,DERIVED,TWO_CHARACTERISTIC
CONFIG_16c188d57c8ad15c,Configuration,CFG731_bddb4195ad08d693,SYNTHETIC,data/synthetic/configurations/731_synthetic_configurations_v5.csv,,,928.0,,,,CFG731_bddb4195ad08d693,DERIVED,TWO_CHARACTERISTIC
CONFIG_2c0be21a454f52ae,Configuration,CFG731_783ba1dc5751818d,SYNTHETIC,data/synthetic/configurations/731_synthetic_configurations_v5.csv,,,929.0,,,,CFG731_783ba1dc5751818d,DERIVED,DEPENDENCY_TWO_CHARACTERISTIC
CONFIG_8aba4fd1b02a9a0e,Configuration,CFG731_efc9d6b915117e15,SYNTHETIC,data/synthetic/configurations/731_synthetic_configurations_v5.csv,,,931.0,,,,CFG731_efc9d6b915117e15,OBSERVED,REAL_OBSERVED
CONFIG_a3703db6c1090171,Configuration,CFG731_37e3938c6089bb2d,SYNTHETIC,data/synthetic/configurations/731_synthetic_configurations_v5.csv,,,932.0,,,,CFG731_37e3938c6089bb2d,OBSERVED,REAL_OBSERVED
CONFIG_c735030ee4485724,Configuration,CFG731_7922105a619de8c4,SYNTHETIC,data/synthetic/configurations/731_synthetic_configurations_v5.csv,,,933.0,,,,CFG731_7922105a619de8c4,DERIVED,TWO_CHARACTERISTIC
CONFIG_1e4a066e83017a66,Configuration,CFG731_0c11243388e65244,SYNTHETIC,data/synthetic/configurations/731_synthetic_configurations_v5.csv,,,934.0,,,,CFG731_0c11243388e65244,OBSERVED,REAL_OBSERVED
CONFIG_ac816c2d51b3330c,Configuration,CFG731_7b80fca32fdc0db0,SYNTHETIC,data/synthetic/configurations/731_synthetic_configurations_v5.csv,,,937.0,,,,CFG731_7b80fca32fdc0db0,OBSERVED,REAL_OBSERVED
CONFIG_74b8911a228bde1b,Configuration,CFG731_cec9a2038983964a,SYNTHETIC,data/synthetic/configurations/731_synthetic_configurations_v5.csv,,,938.0,,,,CFG731_cec9a2038983964a,DERIVED,TWO_CHARACTERISTIC
CONFIG_43e943d4ca0dfe96,Configuration,CFG731_ce181ac28a613deb,SYNTHETIC,data/synthetic/configurations/731_synthetic_configurations_v5.csv,,,940.0,,,,CFG731_ce181ac28a613deb,DERIVED,TWO_CHARACTERISTIC
CONFIG_dd9ea5bea12a8c21,Configuration,CFG731_edb24692d2d3d7ca,SYNTHETIC,data/synthetic/configurations/731_synthetic_configurations_v5.csv,,,941.0,,,,CFG731_edb24692d2d3d7ca,DERIVED,TWO_CHARACTERISTIC
CONFIG_9679ff959c5a6423,Configuration,CFG731_00e033bb831be6d5,SYNTHETIC,data/synthetic/configurations/731_synthetic_configurations_v5.csv,,,943.0,,,,CFG731_00e033bb831be6d5,DERIVED,TWO_CHARACTERISTIC
CONFIG_df68aec4104dfda5,Configuration,CFG731_40d405b73b679480,SYNTHETIC,data/synthetic/configurations/731_synthetic_configurations_v5.csv,,,944.0,,,,CFG731_40d405b73b679480,DERIVED,TWO_CHARACTERISTIC
CONFIG_578f23fec9a6b8d8,Configuration,CFG731_f235f4dd7693c885,SYNTHETIC,data/synthetic/configurations/731_synthetic_configurations_v5.csv,,,946.0,,,,CFG731_f235f4dd7693c885,DERIVED,ONE_CHARACTERISTIC
CONFIG_2fb9e7099cdad181,Configuration,CFG731_d4a9fe62acefba0d,SYNTHETIC,data/synthetic/configurations/731_synthetic_configurations_v5.csv,,,950.0,,,,CFG731_d4a9fe62acefba0d,DERIVED,TWO_CHARACTERISTIC
CONFIG_7931ad19bc35e714,Configuration,CFG731_bdfa7cd2dbcb13f7,SYNTHETIC,data/synthetic/configurations/731_synthetic_configurations_v5.csv,,,954.0,,,,CFG731_bdfa7cd2dbcb13f7,DERIVED,ONE_CHARACTERISTIC
CONFIG_0e5b1d7f5038bb45,Configuration,CFG731_f9cbe189d57c95a1,SYNTHETIC,data/synthetic/configurations/731_synthetic_configurations_v5.csv,,,955.0,,,,CFG731_f9cbe189d57c95a1,DERIVED,ONE_CHARACTERISTIC
CONFIG_760f79d0b836204f,Configuration,CFG731_a93ee7be2372dea3,SYNTHETIC,data/synthetic/configurations/731_synthetic_configurations_v5.csv,,,958.0,,,,CFG731_a93ee7be2372dea3,OBSERVED,REAL_OBSERVED
CONFIG_baa2962e66fb7ee7,Configuration,CFG731_7822370b42865359,SYNTHETIC,data/synthetic/configurations/731_synthetic_configurations_v5.csv,,,962.0,,,,CFG731_7822370b42865359,OBSERVED,REAL_OBSERVED
CONFIG_430eb6909aadb68b,Configuration,CFG731_ad49f2ad57627f46,SYNTHETIC,data/synthetic/configurations/731_synthetic_configurations_v5.csv,,,963.0,,,,CFG731_ad49f2ad57627f46,DERIVED,TWO_CHARACTERISTIC
CONFIG_f685446e6b7ff072,Configuration,CFG731_b187fb9ad3627171,SYNTHETIC,data/synthetic/configurations/731_synthetic_configurations_v5.csv,,,965.0,,,,CFG731_b187fb9ad3627171,DERIVED,ONE_CHARACTERISTIC
CONFIG_8683c06bb1a7e379,Configuration,CFG731_c65188f44544a3f1,SYNTHETIC,data/synthetic/configurations/731_synthetic_configurations_v5.csv,,,966.0,,,,CFG731_c65188f44544a3f1,DERIVED,TWO_CHARACTERISTIC
CONFIG_7aa9ec5422b131dd,Configuration,CFG731_eb61aaa216c2435b,SYNTHETIC,data/synthetic/configurations/731_synthetic_configurations_v5.csv,,,967.0,,,,CFG731_eb61aaa216c2435b,DERIVED,TWO_CHARACTERISTIC
CONFIG_e7a6671ce6f0b949,Configuration,CFG731_45cf7219dd66904b,SYNTHETIC,data/synthetic/configurations/731_synthetic_configurations_v5.csv,,,969.0,,,,CFG731_45cf7219dd66904b,DERIVED,TWO_CHARACTERISTIC
CONFIG_027028bb74c94f5e,Configuration,CFG731_5331dc313830f4cb,SYNTHETIC,data/synthetic/configurations/731_synthetic_configurations_v5.csv,,,970.0,,,,CFG731_5331dc313830f4cb,DERIVED,TWO_CHARACTERISTIC
CONFIG_6db09e1971de9eca,Configuration,CFG731_b7ded675dbfd5f0b,SYNTHETIC,data/synthetic/configurations/731_synthetic_configurations_v5.csv,,,971.0,,,,CFG731_b7ded675dbfd5f0b,DERIVED,TWO_CHARACTERISTIC
CONFIG_71beb7913f335d6f,Configuration,CFG731_f97e51d1da57d99f,SYNTHETIC,data/synthetic/configurations/731_synthetic_configurations_v5.csv,,,972.0,,,,CFG731_f97e51d1da57d99f,OBSERVED,REAL_OBSERVED
CONFIG_de874bfd4f0b55a0,Configuration,CFG731_cb2e63f823697ceb,SYNTHETIC,data/synthetic/configurations/731_synthetic_configurations_v5.csv,,,974.0,,,,CFG731_cb2e63f823697ceb,DERIVED,TWO_CHARACTERISTIC
CONFIG_fefa6deb021981d0,Configuration,CFG731_4ac0ef69f4678c8b,SYNTHETIC,data/synthetic/configurations/731_synthetic_configurations_v5.csv,,,977.0,,,,CFG731_4ac0ef69f4678c8b,DERIVED,TWO_CHARACTERISTIC
CONFIG_e5a9d0f532b12ce4,Configuration,CFG731_a4610f5f38e7d946,SYNTHETIC,data/synthetic/configurations/731_synthetic_configurations_v5.csv,,,978.0,,,,CFG731_a4610f5f38e7d946,OBSERVED,REAL_OBSERVED
CONFIG_ccc4c60666138106,Configuration,CFG731_d2034bb5aa313dac,SYNTHETIC,data/synthetic/configurations/731_synthetic_configurations_v5.csv,,,981.0,,,,CFG731_d2034bb5aa313dac,OBSERVED,REAL_OBSERVED
CONFIG_3d82aab839e92967,Configuration,CFG731_6e088ee30195b6c4,SYNTHETIC,data/synthetic/configurations/731_synthetic_configurations_v5.csv,,,984.0,,,,CFG731_6e088ee30195b6c4,DERIVED,ONE_CHARACTERISTIC
CONFIG_e879edc89487b979,Configuration,CFG731_86d150d0b0b7ed71,SYNTHETIC,data/synthetic/configurations/731_synthetic_configurations_v5.csv,,,988.0,,,,CFG731_86d150d0b0b7ed71,DERIVED,TWO_CHARACTERISTIC
CONFIG_cbf3d7b1b2192ef4,Configuration,CFG731_a432887204e8d090,SYNTHETIC,data/synthetic/configurations/731_synthetic_configurations_v5.csv,,,989.0,,,,CFG731_a432887204e8d090,OBSERVED,REAL_OBSERVED
CONFIG_864020333cabf768,Configuration,CFG731_4340f11ba9a46e42,SYNTHETIC,data/synthetic/configurations/731_synthetic_configurations_v5.csv,,,991.0,,,,CFG731_4340f11ba9a46e42,OBSERVED,REAL_OBSERVED
CONFIG_a802a2ca434fa73e,Configuration,CFG731_28ac43a93658ad6b,SYNTHETIC,data/synthetic/configurations/731_synthetic_configurations_v5.csv,,,993.0,,,,CFG731_28ac43a93658ad6b,OBSERVED,REAL_OBSERVED
CONFIG_267392680e1162c4,Configuration,CFG731_8c4d7fb3ded028ab,SYNTHETIC,data/synthetic/configurations/731_synthetic_configurations_v5.csv,,,994.0,,,,CFG731_8c4d7fb3ded028ab,OBSERVED,REAL_OBSERVED
CONFIG_b6354760d26dc28c,Configuration,CFG731_7eb5b2d6a16dd3a3,SYNTHETIC,data/synthetic/configurations/731_synthetic_configurations_v5.csv,,,996.0,,,,CFG731_7eb5b2d6a16dd3a3,DERIVED,DEPENDENCY_TWO_CHARACTERISTIC
CONFIG_ebdfe1e67bd7c1f7,Configuration,CFG731_22ee4ff4a2fef4e6,SYNTHETIC,data/synthetic/configurations/731_synthetic_configurations_v5.csv,,,997.0,,,,CFG731_22ee4ff4a2fef4e6,DERIVED,TWO_CHARACTERISTIC
CONFIG_0bfd9e2550160530,Configuration,CFG731_e06c4679b932057f,SYNTHETIC,data/synthetic/configurations/731_synthetic_configurations_v5.csv,,,999.0,,,,CFG731_e06c4679b932057f,DERIVED,TWO_CHARACTERISTIC
CONFIG_3697b8973b8bc082,Configuration,CFG731_3d7932e380d35bca,SYNTHETIC,data/synthetic/configurations/731_synthetic_configurations_v5.csv,,,1003.0,,,,CFG731_3d7932e380d35bca,DERIVED,TWO_CHARACTERISTIC
CONFIG_9d3adccd9d29bebc,Configuration,CFG731_33c8c685d7c8530a,SYNTHETIC,data/synthetic/configurations/731_synthetic_configurations_v5.csv,,,1004.0,,,,CFG731_33c8c685d7c8530a,DERIVED,DEPENDENCY_TWO_CHARACTERISTIC
CONFIG_d4d6ffe1f1105540,Configuration,CFG731_2009b1ab4cbc0ffb,SYNTHETIC,data/synthetic/configurations/731_synthetic_configurations_v5.csv,,,1005.0,,,,CFG731_2009b1ab4cbc0ffb,DERIVED,ONE_CHARACTERISTIC
CONFIG_28d0f2dc82d66fe8,Configuration,CFG731_c1d02f1d1235ec05,SYNTHETIC,data/synthetic/configurations/731_synthetic_configurations_v5.csv,,,1006.0,,,,CFG731_c1d02f1d1235ec05,DERIVED,TWO_CHARACTERISTIC
CONFIG_6a1207ee14cd9f0f,Configuration,CFG731_a2313bdd95c38f2d,SYNTHETIC,data/synthetic/configurations/731_synthetic_configurations_v5.csv,,,1009.0,,,,CFG731_a2313bdd95c38f2d,DERIVED,TWO_CHARACTERISTIC
CONFIG_df817baabc1595a1,Configuration,CFG731_9a659fd01cd1d239,SYNTHETIC,data/synthetic/configurations/731_synthetic_configurations_v5.csv,,,1013.0,,,,CFG731_9a659fd01cd1d239,DERIVED,TWO_CHARACTERISTIC
CONFIG_a79c804b44a2614e,Configuration,CFG731_2a1c7295f72ff6ac,SYNTHETIC,data/synthetic/configurations/731_synthetic_configurations_v5.csv,,,1014.0,,,,CFG731_2a1c7295f72ff6ac,DERIVED,TWO_CHARACTERISTIC
CONFIG_80e670238660cff1,Configuration,CFG731_c725c1a52aab3a73,SYNTHETIC,data/synthetic/configurations/731_synthetic_configurations_v5.csv,,,1016.0,,,,CFG731_c725c1a52aab3a73,DERIVED,TWO_CHARACTERISTIC
CONFIG_2b4be11c8e0124b9,Configuration,CFG731_344778a042931752,SYNTHETIC,data/synthetic/configurations/731_synthetic_configurations_v5.csv,,,1017.0,,,,CFG731_344778a042931752,OBSERVED,REAL_OBSERVED
CONFIG_ec6cbe4247544a3c,Configuration,CFG731_1ff2c28c953275c5,SYNTHETIC,data/synthetic/configurations/731_synthetic_configurations_v5.csv,,,1019.0,,,,CFG731_1ff2c28c953275c5,DERIVED,TWO_CHARACTERISTIC
CONFIG_6e3bd5de297501d4,Configuration,CFG731_bf8f7d1a25ad0a6e,SYNTHETIC,data/synthetic/configurations/731_synthetic_configurations_v5.csv,,,1022.0,,,,CFG731_bf8f7d1a25ad0a6e,DERIVED,ONE_CHARACTERISTIC
CONFIG_d96feff1b2ab758d,Configuration,CFG731_47d923b0ef4cb37c,SYNTHETIC,data/synthetic/configurations/731_synthetic_configurations_v5.csv,,,1023.0,,,,CFG731_47d923b0ef4cb37c,DERIVED,TWO_CHARACTERISTIC
CONFIG_2d9e3efdcc21a093,Configuration,CFG731_935bc110c01e9e85,SYNTHETIC,data/synthetic/configurations/731_synthetic_configurations_v5.csv,,,1024.0,,,,CFG731_935bc110c01e9e85,OBSERVED,REAL_OBSERVED
CONFIG_a52af36c1006da9a,Configuration,CFG731_e8331b2a91577f04,SYNTHETIC,data/synthetic/configurations/731_synthetic_configurations_v5.csv,,,1025.0,,,,CFG731_e8331b2a91577f04,OBSERVED,REAL_OBSERVED
CONFIG_64dc548de34a27a9,Configuration,CFG731_8f470181ad32eeae,SYNTHETIC,data/synthetic/configurations/731_synthetic_configurations_v5.csv,,,1027.0,,,,CFG731_8f470181ad32eeae,OBSERVED,REAL_OBSERVED
CONFIG_c758caac8b6383d9,Configuration,CFG731_ad672c682712eda8,SYNTHETIC,data/synthetic/configurations/731_synthetic_configurations_v5.csv,,,1029.0,,,,CFG731_ad672c682712eda8,DERIVED,DEPENDENCY_TWO_CHARACTERISTIC
CONFIG_1c7151f3613a4f1c,Configuration,CFG731_f2a296f2bedae0e8,SYNTHETIC,data/synthetic/configurations/731_synthetic_configurations_v5.csv,,,1030.0,,,,CFG731_f2a296f2bedae0e8,OBSERVED,REAL_OBSERVED
CONFIG_59ae8f1775061955,Configuration,CFG731_f2afd0b311942daf,SYNTHETIC,data/synthetic/configurations/731_synthetic_configurations_v5.csv,,,1036.0,,,,CFG731_f2afd0b311942daf,DERIVED,TWO_CHARACTERISTIC
CONFIG_53a0a1d73de01dde,Configuration,CFG731_b60961340903daf0,SYNTHETIC,data/synthetic/configurations/731_synthetic_configurations_v5.csv,,,1037.0,,,,CFG731_b60961340903daf0,DERIVED,ONE_CHARACTERISTIC
CONFIG_b7935e42ddb98e77,Configuration,CFG731_1b5b895b5e259903,SYNTHETIC,data/synthetic/configurations/731_synthetic_configurations_v5.csv,,,1038.0,,,,CFG731_1b5b895b5e259903,OBSERVED,REAL_OBSERVED
CONFIG_e5671dd57727f558,Configuration,CFG731_5c80dfb541787e3e,SYNTHETIC,data/synthetic/configurations/731_synthetic_configurations_v5.csv,,,1039.0,,,,CFG731_5c80dfb541787e3e,DERIVED,TWO_CHARACTERISTIC
CONFIG_2a3dddfa5715e0e7,Configuration,CFG731_554bd51cbf8da9ba,SYNTHETIC,data/synthetic/configurations/731_synthetic_configurations_v5.csv,,,1041.0,,,,CFG731_554bd51cbf8da9ba,DERIVED,TWO_CHARACTERISTIC
CONFIG_d7d5ec6dbc126837,Configuration,CFG731_8ef93a1702c0f879,SYNTHETIC,data/synthetic/configurations/731_synthetic_configurations_v5.csv,,,1042.0,,,,CFG731_8ef93a1702c0f879,DERIVED,TWO_CHARACTERISTIC
CONFIG_bdff527afb447451,Configuration,CFG731_117f19eb2913314e,SYNTHETIC,data/synthetic/configurations/731_synthetic_configurations_v5.csv,,,1043.0,,,,CFG731_117f19eb2913314e,DERIVED,ONE_CHARACTERISTIC
CONFIG_34a64d1e88a45a07,Configuration,CFG731_ff5d8da56ff22796,SYNTHETIC,data/synthetic/configurations/731_synthetic_configurations_v5.csv,,,1044.0,,,,CFG731_ff5d8da56ff22796,DERIVED,TWO_CHARACTERISTIC
CONFIG_d041637fa6be1c19,Configuration,CFG731_ef02695e374fc418,SYNTHETIC,data/synthetic/configurations/731_synthetic_configurations_v5.csv,,,1046.0,,,,CFG731_ef02695e374fc418,DERIVED,ONE_CHARACTERISTIC
CONFIG_2e6e036459eec758,Configuration,CFG731_baea6ba4f05ba964,SYNTHETIC,data/synthetic/configurations/731_synthetic_configurations_v5.csv,,,1047.0,,,,CFG731_baea6ba4f05ba964,DERIVED,TWO_CHARACTERISTIC
CONFIG_990e5c4f783bd351,Configuration,CFG731_329b582435fea539,SYNTHETIC,data/synthetic/configurations/731_synthetic_configurations_v5.csv,,,1051.0,,,,CFG731_329b582435fea539,OBSERVED,REAL_OBSERVED
CONFIG_3597216a5e822141,Configuration,CFG731_4f69dda45b9029b5,SYNTHETIC,data/synthetic/configurations/731_synthetic_configurations_v5.csv,,,1052.0,,,,CFG731_4f69dda45b9029b5,DERIVED,TWO_CHARACTERISTIC
CONFIG_93223069ef4b1223,Configuration,CFG731_007c0829be0a9482,SYNTHETIC,data/synthetic/configurations/731_synthetic_configurations_v5.csv,,,1056.0,,,,CFG731_007c0829be0a9482,DERIVED,ONE_CHARACTERISTIC
CONFIG_db052b6888a5b3a5,Configuration,CFG731_e5e722b510c96bb7,SYNTHETIC,data/synthetic/configurations/731_synthetic_configurations_v5.csv,,,1057.0,,,,CFG731_e5e722b510c96bb7,DERIVED,TWO_CHARACTERISTIC
CONFIG_a9d9ad92022aa1ca,Configuration,CFG731_a61306c90e862e5e,SYNTHETIC,data/synthetic/configurations/731_synthetic_configurations_v5.csv,,,1058.0,,,,CFG731_a61306c90e862e5e,DERIVED,ONE_CHARACTERISTIC
CONFIG_82e5119af06d19eb,Configuration,CFG731_39a1207c373ce8a2,SYNTHETIC,data/synthetic/configurations/731_synthetic_configurations_v5.csv,,,1061.0,,,,CFG731_39a1207c373ce8a2,DERIVED,TWO_CHARACTERISTIC
CONFIG_1f1112fd5d155066,Configuration,CFG731_cac456bc08ad959e,SYNTHETIC,data/synthetic/configurations/731_synthetic_configurations_v5.csv,,,1064.0,,,,CFG731_cac456bc08ad959e,DERIVED,TWO_CHARACTERISTIC
CONFIG_c180378af99ed1b6,Configuration,CFG731_05cf1a0209b4f9a8,SYNTHETIC,data/synthetic/configurations/731_synthetic_configurations_v5.csv,,,1065.0,,,,CFG731_05cf1a0209b4f9a8,DERIVED,DEPENDENCY_TWO_CHARACTERISTIC
CONFIG_8a8ada2cb8b4fe59,Configuration,CFG731_083e855a8bbcd2a3,SYNTHETIC,data/synthetic/configurations/731_synthetic_configurations_v5.csv,,,1067.0,,,,CFG731_083e855a8bbcd2a3,DERIVED,TWO_CHARACTERISTIC
CONFIG_3af8dd4785f03e41,Configuration,CFG731_31c4aded40f9387f,SYNTHETIC,data/synthetic/configurations/731_synthetic_configurations_v5.csv,,,1068.0,,,,CFG731_31c4aded40f9387f,DERIVED,TWO_CHARACTERISTIC
CONFIG_2b18ee647cbf0079,Configuration,CFG731_831a7150258499af,SYNTHETIC,data/synthetic/configurations/731_synthetic_configurations_v5.csv,,,1070.0,,,,CFG731_831a7150258499af,OBSERVED,REAL_OBSERVED
CONFIG_168dc8d7006f988b,Configuration,CFG731_17dba025c91c278d,SYNTHETIC,data/synthetic/configurations/731_synthetic_configurations_v5.csv,,,1071.0,,,,CFG731_17dba025c91c278d,DERIVED,TWO_CHARACTERISTIC
CONFIG_00b2a899526557f4,Configuration,CFG731_331927b265de3c55,SYNTHETIC,data/synthetic/configurations/731_synthetic_configurations_v5.csv,,,1072.0,,,,CFG731_331927b265de3c55,OBSERVED,REAL_OBSERVED
CONFIG_81d8abf02e04489d,Configuration,CFG731_351a67f1e43df44b,SYNTHETIC,data/synthetic/configurations/731_synthetic_configurations_v5.csv,,,1073.0,,,,CFG731_351a67f1e43df44b,DERIVED,TWO_CHARACTERISTIC
CONFIG_f1cf9738f00d6038,Configuration,CFG731_875f5d7eec61db7e,SYNTHETIC,data/synthetic/configurations/731_synthetic_configurations_v5.csv,,,1075.0,,,,CFG731_875f5d7eec61db7e,DERIVED,TWO_CHARACTERISTIC
CONFIG_8787005ec22a3bfe,Configuration,CFG731_d47fa87df22e968e,SYNTHETIC,data/synthetic/configurations/731_synthetic_configurations_v5.csv,,,1076.0,,,,CFG731_d47fa87df22e968e,DERIVED,DEPENDENCY_TWO_CHARACTERISTIC
CONFIG_b7e9083a07f08eba,Configuration,CFG731_aa7f1abab518f995,SYNTHETIC,data/synthetic/configurations/731_synthetic_configurations_v5.csv,,,1081.0,,,,CFG731_aa7f1abab518f995,DERIVED,TWO_CHARACTERISTIC
CONFIG_ac310324195f2909,Configuration,CFG731_e268c539b23ee9e5,SYNTHETIC,data/synthetic/configurations/731_synthetic_configurations_v5.csv,,,1083.0,,,,CFG731_e268c539b23ee9e5,DERIVED,ONE_CHARACTERISTIC
CONFIG_4baa64c0041f2b04,Configuration,CFG731_50a4a25852666336,SYNTHETIC,data/synthetic/configurations/731_synthetic_configurations_v5.csv,,,1085.0,,,,CFG731_50a4a25852666336,DERIVED,TWO_CHARACTERISTIC
CONFIG_c92b509c76ba1295,Configuration,CFG731_4dd88391f253d6d5,SYNTHETIC,data/synthetic/configurations/731_synthetic_configurations_v5.csv,,,1086.0,,,,CFG731_4dd88391f253d6d5,DERIVED,TWO_CHARACTERISTIC
CONFIG_13a530abed161dc3,Configuration,CFG731_2fec34c8938ed8c5,SYNTHETIC,data/synthetic/configurations/731_synthetic_configurations_v5.csv,,,1087.0,,,,CFG731_2fec34c8938ed8c5,DERIVED,TWO_CHARACTERISTIC
CONFIG_90c49830423a7e69,Configuration,CFG731_14235f3888d71408,SYNTHETIC,data/synthetic/configurations/731_synthetic_configurations_v5.csv,,,1089.0,,,,CFG731_14235f3888d71408,OBSERVED,REAL_OBSERVED
CONFIG_6cfb2e12c3ad134e,Configuration,CFG731_31d0a0df66872bf7,SYNTHETIC,data/synthetic/configurations/731_synthetic_configurations_v5.csv,,,1090.0,,,,CFG731_31d0a0df66872bf7,DERIVED,DEPENDENCY_TWO_CHARACTERISTIC
CONFIG_213e850ce75ce0e8,Configuration,CFG731_bb61f56875b25c60,SYNTHETIC,data/synthetic/configurations/731_synthetic_configurations_v5.csv,,,1092.0,,,,CFG731_bb61f56875b25c60,DERIVED,TWO_CHARACTERISTIC
CONFIG_c140009625517479,Configuration,CFG731_c368d3c9941ce0d3,SYNTHETIC,data/synthetic/configurations/731_synthetic_configurations_v5.csv,,,1093.0,,,,CFG731_c368d3c9941ce0d3,DERIVED,ONE_CHARACTERISTIC
CONFIG_e80cc92b90cd7fb1,Configuration,CFG731_8c50542218db5cb0,SYNTHETIC,data/synthetic/configurations/731_synthetic_configurations_v5.csv,,,1094.0,,,,CFG731_8c50542218db5cb0,OBSERVED,REAL_OBSERVED
CONFIG_ec4ca80043112fd2,Configuration,CFG731_563ef0dc6253e3f7,SYNTHETIC,data/synthetic/configurations/731_synthetic_configurations_v5.csv,,,1095.0,,,,CFG731_563ef0dc6253e3f7,DERIVED,TWO_CHARACTERISTIC
CONFIG_f4adcf3cacddd530,Configuration,CFG731_7282d6f5ee4e2e9b,SYNTHETIC,data/synthetic/configurations/731_synthetic_configurations_v5.csv,,,1096.0,,,,CFG731_7282d6f5ee4e2e9b,DERIVED,TWO_CHARACTERISTIC
CONFIG_25d8df01aa4f945d,Configuration,CFG731_a33c667d1d10050f,SYNTHETIC,data/synthetic/configurations/731_synthetic_configurations_v5.csv,,,1097.0,,,,CFG731_a33c667d1d10050f,DERIVED,TWO_CHARACTERISTIC
CONFIG_55acff8f7577935a,Configuration,CFG731_c821f5044ae6d2ab,SYNTHETIC,data/synthetic/configurations/731_synthetic_configurations_v5.csv,,,1098.0,,,,CFG731_c821f5044ae6d2ab,OBSERVED,REAL_OBSERVED
CONFIG_600ab0130108d1e5,Configuration,CFG731_8e4b27324ee77112,SYNTHETIC,data/synthetic/configurations/731_synthetic_configurations_v5.csv,,,1101.0,,,,CFG731_8e4b27324ee77112,DERIVED,ONE_CHARACTERISTIC
CONFIG_ab0d3e689db71d9a,Configuration,CFG731_f7f0034a8b15f329,SYNTHETIC,data/synthetic/configurations/731_synthetic_configurations_v5.csv,,,1102.0,,,,CFG731_f7f0034a8b15f329,OBSERVED,REAL_OBSERVED
CONFIG_a7edc00114223c19,Configuration,CFG731_b16b5f82b033935f,SYNTHETIC,data/synthetic/configurations/731_synthetic_configurations_v5.csv,,,1103.0,,,,CFG731_b16b5f82b033935f,DERIVED,TWO_CHARACTERISTIC
CONFIG_18972def3f2b6a54,Configuration,CFG731_844c64c49c2e5514,SYNTHETIC,data/synthetic/configurations/731_synthetic_configurations_v5.csv,,,1104.0,,,,CFG731_844c64c49c2e5514,DERIVED,TWO_CHARACTERISTIC
CONFIG_06150d304d11ff7d,Configuration,CFG731_10e74d757a2fa2a6,SYNTHETIC,data/synthetic/configurations/731_synthetic_configurations_v5.csv,,,1105.0,,,,CFG731_10e74d757a2fa2a6,DERIVED,TWO_CHARACTERISTIC
CONFIG_35e57869e515c251,Configuration,CFG731_241261e6f2e0673c,SYNTHETIC,data/synthetic/configurations/731_synthetic_configurations_v5.csv,,,1107.0,,,,CFG731_241261e6f2e0673c,DERIVED,TWO_CHARACTERISTIC
CONFIG_484cb6061b3b1c6d,Configuration,CFG731_bcf12907155d8b64,SYNTHETIC,data/synthetic/configurations/731_synthetic_configurations_v5.csv,,,1113.0,,,,CFG731_bcf12907155d8b64,DERIVED,TWO_CHARACTERISTIC
CONFIG_e09e4376251d37b6,Configuration,CFG731_0893c2d75c71d33c,SYNTHETIC,data/synthetic/configurations/731_synthetic_configurations_v5.csv,,,1114.0,,,,CFG731_0893c2d75c71d33c,DERIVED,TWO_CHARACTERISTIC
CONFIG_c4a01f5911e213a6,Configuration,CFG731_d982a98f914f0a87,SYNTHETIC,data/synthetic/configurations/731_synthetic_configurations_v5.csv,,,1115.0,,,,CFG731_d982a98f914f0a87,DERIVED,TWO_CHARACTERISTIC
CONFIG_b21f12a329161e93,Configuration,CFG731_b2ad61cdb45a54fb,SYNTHETIC,data/synthetic/configurations/731_synthetic_configurations_v5.csv,,,1117.0,,,,CFG731_b2ad61cdb45a54fb,DERIVED,TWO_CHARACTERISTIC
CONFIG_e3fda4d7a4aa9aa9,Configuration,CFG731_cdff804db4995f6d,SYNTHETIC,data/synthetic/configurations/731_synthetic_configurations_v5.csv,,,1119.0,,,,CFG731_cdff804db4995f6d,DERIVED,TWO_CHARACTERISTIC
CONFIG_e78710b7b13c550d,Configuration,CFG731_f84558a188ec14c0,SYNTHETIC,data/synthetic/configurations/731_synthetic_configurations_v5.csv,,,1120.0,,,,CFG731_f84558a188ec14c0,DERIVED,ONE_CHARACTERISTIC
CONFIG_848b1683213f6f2b,Configuration,CFG731_2d0a81ff4ec49480,SYNTHETIC,data/synthetic/configurations/731_synthetic_configurations_v5.csv,,,1123.0,,,,CFG731_2d0a81ff4ec49480,DERIVED,TWO_CHARACTERISTIC
CONFIG_d93fa42d65425b05,Configuration,CFG731_07117d5ad3fad789,SYNTHETIC,data/synthetic/configurations/731_synthetic_configurations_v5.csv,,,1124.0,,,,CFG731_07117d5ad3fad789,DERIVED,TWO_CHARACTERISTIC
CONFIG_13ceaa034420e46a,Configuration,CFG731_c26c90b4ef53f0a8,SYNTHETIC,data/synthetic/configurations/731_synthetic_configurations_v5.csv,,,1127.0,,,,CFG731_c26c90b4ef53f0a8,DERIVED,TWO_CHARACTERISTIC
CONFIG_cd31cd21e9468772,Configuration,CFG731_e3b7a52ea0694eb1,SYNTHETIC,data/synthetic/configurations/731_synthetic_configurations_v5.csv,,,1128.0,,,,CFG731_e3b7a52ea0694eb1,DERIVED,TWO_CHARACTERISTIC
CONFIG_a4836fe4384778e6,Configuration,CFG731_ef980c35ed5ff3e4,SYNTHETIC,data/synthetic/configurations/731_synthetic_configurations_v5.csv,,,1130.0,,,,CFG731_ef980c35ed5ff3e4,DERIVED,TWO_CHARACTERISTIC
CONFIG_f160d85b13ec8864,Configuration,CFG731_869a9209459ecf4d,SYNTHETIC,data/synthetic/configurations/731_synthetic_configurations_v5.csv,,,1134.0,,,,CFG731_869a9209459ecf4d,DERIVED,TWO_CHARACTERISTIC
CONFIG_d106f4a0c1dedeac,Configuration,CFG731_7962ce0b7d875608,SYNTHETIC,data/synthetic/configurations/731_synthetic_configurations_v5.csv,,,1135.0,,,,CFG731_7962ce0b7d875608,DERIVED,ONE_CHARACTERISTIC
CONFIG_4d0756c0de59f35a,Configuration,CFG731_33f263ef54ef97d1,SYNTHETIC,data/synthetic/configurations/731_synthetic_configurations_v5.csv,,,1136.0,,,,CFG731_33f263ef54ef97d1,DERIVED,TWO_CHARACTERISTIC
CONFIG_8a691e559a820e4e,Configuration,CFG731_5e61ce3b60d15e11,SYNTHETIC,data/synthetic/configurations/731_synthetic_configurations_v5.csv,,,1137.0,,,,CFG731_5e61ce3b60d15e11,OBSERVED,REAL_OBSERVED
CONFIG_63f8f8c0ee24a122,Configuration,CFG731_e6347d1013395849,SYNTHETIC,data/synthetic/configurations/731_synthetic_configurations_v5.csv,,,1140.0,,,,CFG731_e6347d1013395849,DERIVED,TWO_CHARACTERISTIC
CONFIG_6fb71f82149b74fe,Configuration,CFG731_cc64ce3eaedacb17,SYNTHETIC,data/synthetic/configurations/731_synthetic_configurations_v5.csv,,,1143.0,,,,CFG731_cc64ce3eaedacb17,OBSERVED,REAL_OBSERVED
CONFIG_ff65de0b0df81f40,Configuration,CFG731_624c46bfa7e46ad0,SYNTHETIC,data/synthetic/configurations/731_synthetic_configurations_v5.csv,,,1144.0,,,,CFG731_624c46bfa7e46ad0,OBSERVED,REAL_OBSERVED
CONFIG_72ffba33c4d4d841,Configuration,CFG731_fbf314dca8e31212,SYNTHETIC,data/synthetic/configurations/731_synthetic_configurations_v5.csv,,,1146.0,,,,CFG731_fbf314dca8e31212,DERIVED,TWO_CHARACTERISTIC
CONFIG_7deaad6f28406ae4,Configuration,CFG731_999fe1a8f2314c11,SYNTHETIC,data/synthetic/configurations/731_synthetic_configurations_v5.csv,,,1149.0,,,,CFG731_999fe1a8f2314c11,DERIVED,TWO_CHARACTERISTIC
CONFIG_2db7e32022233ddd,Configuration,CFG731_6649a4899673b05e,SYNTHETIC,data/synthetic/configurations/731_synthetic_configurations_v5.csv,,,1152.0,,,,CFG731_6649a4899673b05e,DERIVED,ONE_CHARACTERISTIC
CONFIG_fc12ac60a26bf80b,Configuration,CFG731_03f5618878f919e9,SYNTHETIC,data/synthetic/configurations/731_synthetic_configurations_v5.csv,,,1158.0,,,,CFG731_03f5618878f919e9,DERIVED,TWO_CHARACTERISTIC
CONFIG_da1daa1c34ee1871,Configuration,CFG731_b418359232bf5862,SYNTHETIC,data/synthetic/configurations/731_synthetic_configurations_v5.csv,,,1160.0,,,,CFG731_b418359232bf5862,DERIVED,TWO_CHARACTERISTIC
CONFIG_fc6656b40c7e381f,Configuration,CFG731_16ccf49622e2676d,SYNTHETIC,data/synthetic/configurations/731_synthetic_configurations_v5.csv,,,1161.0,,,,CFG731_16ccf49622e2676d,DERIVED,TWO_CHARACTERISTIC
CONFIG_272cffe173263e94,Configuration,CFG731_461b65559193c662,SYNTHETIC,data/synthetic/configurations/731_synthetic_configurations_v5.csv,,,1162.0,,,,CFG731_461b65559193c662,DERIVED,TWO_CHARACTERISTIC
CONFIG_bd8a79a325c1b7a9,Configuration,CFG731_85186d46695354e6,SYNTHETIC,data/synthetic/configurations/731_synthetic_configurations_v5.csv,,,1168.0,,,,CFG731_85186d46695354e6,DERIVED,TWO_CHARACTERISTIC
CONFIG_5589ad9d547c1081,Configuration,CFG731_0a1a1c7c495ec1de,SYNTHETIC,data/synthetic/configurations/731_synthetic_configurations_v5.csv,,,1170.0,,,,CFG731_0a1a1c7c495ec1de,OBSERVED,REAL_OBSERVED
CONFIG_568825bd351f31a2,Configuration,CFG731_e3b3f34ed339f106,SYNTHETIC,data/synthetic/configurations/731_synthetic_configurations_v5.csv,,,1171.0,,,,CFG731_e3b3f34ed339f106,DERIVED,TWO_CHARACTERISTIC
CONFIG_57114f08ac0061fe,Configuration,CFG731_f79503cf8f87ea49,SYNTHETIC,data/synthetic/configurations/731_synthetic_configurations_v5.csv,,,1172.0,,,,CFG731_f79503cf8f87ea49,OBSERVED,REAL_OBSERVED
CONFIG_1d4c08ec0ffa8542,Configuration,CFG731_87274fb3dc8d442a,SYNTHETIC,data/synthetic/configurations/731_synthetic_configurations_v5.csv,,,1173.0,,,,CFG731_87274fb3dc8d442a,DERIVED,TWO_CHARACTERISTIC
CONFIG_01a536a356fde91b,Configuration,CFG731_9c6b16fef6d02aaf,SYNTHETIC,data/synthetic/configurations/731_synthetic_configurations_v5.csv,,,1174.0,,,,CFG731_9c6b16fef6d02aaf,DERIVED,TWO_CHARACTERISTIC
CONFIG_b95b0b201251a2df,Configuration,CFG731_400b0d973c930668,SYNTHETIC,data/synthetic/configurations/731_synthetic_configurations_v5.csv,,,1176.0,,,,CFG731_400b0d973c930668,OBSERVED,REAL_OBSERVED
CONFIG_72a8945704e5102e,Configuration,CFG731_f9254a8bb3738033,SYNTHETIC,data/synthetic/configurations/731_synthetic_configurations_v5.csv,,,1177.0,,,,CFG731_f9254a8bb3738033,DERIVED,TWO_CHARACTERISTIC
CONFIG_a9806b3625545ce2,Configuration,CFG731_a92ad5294d9187e9,SYNTHETIC,data/synthetic/configurations/731_synthetic_configurations_v5.csv,,,1178.0,,,,CFG731_a92ad5294d9187e9,OBSERVED,REAL_OBSERVED
CONFIG_290bf080db64f1c1,Configuration,CFG731_e7ba364250faf3af,SYNTHETIC,data/synthetic/configurations/731_synthetic_configurations_v5.csv,,,1180.0,,,,CFG731_e7ba364250faf3af,DERIVED,TWO_CHARACTERISTIC
CONFIG_cde2dfc60de238da,Configuration,CFG731_953bd8ceccaac210,SYNTHETIC,data/synthetic/configurations/731_synthetic_configurations_v5.csv,,,1184.0,,,,CFG731_953bd8ceccaac210,DERIVED,TWO_CHARACTERISTIC
CONFIG_f866960dad33d23d,Configuration,CFG731_a4e34b496fb393e8,SYNTHETIC,data/synthetic/configurations/731_synthetic_configurations_v5.csv,,,1186.0,,,,CFG731_a4e34b496fb393e8,DERIVED,TWO_CHARACTERISTIC
CONFIG_b830059c94a71ae1,Configuration,CFG731_c353dea77be13566,SYNTHETIC,data/synthetic/configurations/731_synthetic_configurations_v5.csv,,,1189.0,,,,CFG731_c353dea77be13566,DERIVED,TWO_CHARACTERISTIC
CONFIG_e67540dde5dfcb58,Configuration,CFG731_28ed390fb80cb66f,SYNTHETIC,data/synthetic/configurations/731_synthetic_configurations_v5.csv,,,1191.0,,,,CFG731_28ed390fb80cb66f,DERIVED,TWO_CHARACTERISTIC
CONFIG_9a1275fefbad67df,Configuration,CFG731_f7e6eb169c92689f,SYNTHETIC,data/synthetic/configurations/731_synthetic_configurations_v5.csv,,,1192.0,,,,CFG731_f7e6eb169c92689f,DERIVED,DEPENDENCY_TWO_CHARACTERISTIC
CONFIG_25c28b1f65debf97,Configuration,CFG731_3ada8d565667279d,SYNTHETIC,data/synthetic/configurations/731_synthetic_configurations_v5.csv,,,1194.0,,,,CFG731_3ada8d565667279d,DERIVED,TWO_CHARACTERISTIC
CONFIG_cb667ab663a66f87,Configuration,CFG731_62b88f35eaf74362,SYNTHETIC,data/synthetic/configurations/731_synthetic_configurations_v5.csv,,,1196.0,,,,CFG731_62b88f35eaf74362,DERIVED,TWO_CHARACTERISTIC
CONFIG_24d73afe3adfebc8,Configuration,CFG731_7afa5501026394f9,SYNTHETIC,data/synthetic/configurations/731_synthetic_configurations_v5.csv,,,1198.0,,,,CFG731_7afa5501026394f9,OBSERVED,REAL_OBSERVED
CONFIG_bc14fbb838d17e74,Configuration,CFG731_b44b2e6818291871,SYNTHETIC,data/synthetic/configurations/731_synthetic_configurations_v5.csv,,,1199.0,,,,CFG731_b44b2e6818291871,DERIVED,TWO_CHARACTERISTIC
CONFIG_7f218191f04426aa,Configuration,CFG731_daff07a8bdec497b,SYNTHETIC,data/synthetic/configurations/731_synthetic_configurations_v5.csv,,,1200.0,,,,CFG731_daff07a8bdec497b,DERIVED,ONE_CHARACTERISTIC
CONFIG_8103ba3104599dd3,Configuration,CFG731_ca1b68e071bd46ba,SYNTHETIC,data/synthetic/configurations/731_synthetic_configurations_v5.csv,,,1201.0,,,,CFG731_ca1b68e071bd46ba,DERIVED,TWO_CHARACTERISTIC
CONFIG_9e2de91d7b96e1f7,Configuration,CFG731_6be2d8f04f4b5682,SYNTHETIC,data/synthetic/configurations/731_synthetic_configurations_v5.csv,,,1203.0,,,,CFG731_6be2d8f04f4b5682,DERIVED,DEPENDENCY_TWO_CHARACTERISTIC
CONFIG_251c5877b43fcc53,Configuration,CFG731_1d89d7fdc7355744,SYNTHETIC,data/synthetic/configurations/731_synthetic_configurations_v5.csv,,,1205.0,,,,CFG731_1d89d7fdc7355744,OBSERVED,REAL_OBSERVED
CONFIG_4f5a23086680b0ad,Configuration,CFG731_d3ce57e5727e1d4a,SYNTHETIC,data/synthetic/configurations/731_synthetic_configurations_v5.csv,,,1206.0,,,,CFG731_d3ce57e5727e1d4a,DERIVED,TWO_CHARACTERISTIC
CONFIG_f9ba9c287cfd9b65,Configuration,CFG731_00f08838a21d3799,SYNTHETIC,data/synthetic/configurations/731_synthetic_configurations_v5.csv,,,1207.0,,,,CFG731_00f08838a21d3799,DERIVED,TWO_CHARACTERISTIC
CONFIG_bca51175eeefa168,Configuration,CFG731_9a88481e80177d0c,SYNTHETIC,data/synthetic/configurations/731_synthetic_configurations_v5.csv,,,1208.0,,,,CFG731_9a88481e80177d0c,OBSERVED,REAL_OBSERVED
CONFIG_9850f7a18b4eb194,Configuration,CFG731_b1cb604b4f0bb460,SYNTHETIC,data/synthetic/configurations/731_synthetic_configurations_v5.csv,,,1210.0,,,,CFG731_b1cb604b4f0bb460,DERIVED,ONE_CHARACTERISTIC
CONFIG_14e289931ef8ea79,Configuration,CFG731_08c95a0668b05c52,SYNTHETIC,data/synthetic/configurations/731_synthetic_configurations_v5.csv,,,1211.0,,,,CFG731_08c95a0668b05c52,DERIVED,TWO_CHARACTERISTIC
CONFIG_306e31cf8549b3c1,Configuration,CFG731_9a5bfa9148a9b604,SYNTHETIC,data/synthetic/configurations/731_synthetic_configurations_v5.csv,,,1212.0,,,,CFG731_9a5bfa9148a9b604,OBSERVED,REAL_OBSERVED
CONFIG_4a839a617f4f23cf,Configuration,CFG731_ae4ea28b1eaeb3df,SYNTHETIC,data/synthetic/configurations/731_synthetic_configurations_v5.csv,,,1214.0,,,,CFG731_ae4ea28b1eaeb3df,DERIVED,TWO_CHARACTERISTIC
CONFIG_dc7b51e7bcf19467,Configuration,CFG731_8d2d91c46ccfb471,SYNTHETIC,data/synthetic/configurations/731_synthetic_configurations_v5.csv,,,1216.0,,,,CFG731_8d2d91c46ccfb471,OBSERVED,REAL_OBSERVED
CONFIG_61c97a26c43b0cdf,Configuration,CFG731_cccd499c66b31e99,SYNTHETIC,data/synthetic/configurations/731_synthetic_configurations_v5.csv,,,1217.0,,,,CFG731_cccd499c66b31e99,DERIVED,TWO_CHARACTERISTIC
CONFIG_9a9f3d6ac9ee853b,Configuration,CFG731_a48cbb33873bda1b,SYNTHETIC,data/synthetic/configurations/731_synthetic_configurations_v5.csv,,,1219.0,,,,CFG731_a48cbb33873bda1b,DERIVED,DEPENDENCY_TWO_CHARACTERISTIC
CONFIG_8d77cf4ee4ebd184,Configuration,CFG731_0494d5ae6eecf400,SYNTHETIC,data/synthetic/configurations/731_synthetic_configurations_v5.csv,,,1225.0,,,,CFG731_0494d5ae6eecf400,DERIVED,TWO_CHARACTERISTIC
CONFIG_8ebd515d80ea4e52,Configuration,CFG731_917fc613cc9bf56a,SYNTHETIC,data/synthetic/configurations/731_synthetic_configurations_v5.csv,,,1226.0,,,,CFG731_917fc613cc9bf56a,DERIVED,ONE_CHARACTERISTIC
CONFIG_e249f5255b2bbb84,Configuration,CFG731_38414c1018b8f89e,SYNTHETIC,data/synthetic/configurations/731_synthetic_configurations_v5.csv,,,1229.0,,,,CFG731_38414c1018b8f89e,DERIVED,TWO_CHARACTERISTIC
CONFIG_e0df73049afc508d,Configuration,CFG731_2469d1b04bd775f6,SYNTHETIC,data/synthetic/configurations/731_synthetic_configurations_v5.csv,,,1230.0,,,,CFG731_2469d1b04bd775f6,DERIVED,DEPENDENCY_TWO_CHARACTERISTIC
CONFIG_0450f86b79abbbd1,Configuration,CFG731_63b6f6fcf28b1885,SYNTHETIC,data/synthetic/configurations/731_synthetic_configurations_v5.csv,,,1231.0,,,,CFG731_63b6f6fcf28b1885,DERIVED,TWO_CHARACTERISTIC
CONFIG_bcf7a858e7f786e5,Configuration,CFG731_4b39f0eff8e95d24,SYNTHETIC,data/synthetic/configurations/731_synthetic_configurations_v5.csv,,,1233.0,,,,CFG731_4b39f0eff8e95d24,DERIVED,TWO_CHARACTERISTIC
CONFIG_fb67614df255718a,Configuration,CFG731_bd3c08ff576a8cab,SYNTHETIC,data/synthetic/configurations/731_synthetic_configurations_v5.csv,,,1234.0,,,,CFG731_bd3c08ff576a8cab,OBSERVED,REAL_OBSERVED
CONFIG_6313a5c5453e313b,Configuration,CFG731_48a4e554ffcf39e6,SYNTHETIC,data/synthetic/configurations/731_synthetic_configurations_v5.csv,,,1235.0,,,,CFG731_48a4e554ffcf39e6,DERIVED,ONE_CHARACTERISTIC
CONFIG_b4e99e1e6feadc88,Configuration,CFG731_ad0a2fd7350b6cca,SYNTHETIC,data/synthetic/configurations/731_synthetic_configurations_v5.csv,,,1237.0,,,,CFG731_ad0a2fd7350b6cca,OBSERVED,REAL_OBSERVED
CONFIG_901ec637abc14a80,Configuration,CFG731_9e44a82e6c1db982,SYNTHETIC,data/synthetic/configurations/731_synthetic_configurations_v5.csv,,,1238.0,,,,CFG731_9e44a82e6c1db982,DERIVED,DEPENDENCY_TWO_CHARACTERISTIC
CONFIG_52233f2634c3382a,Configuration,CFG731_20fe81ae7d0a406e,SYNTHETIC,data/synthetic/configurations/731_synthetic_configurations_v5.csv,,,1239.0,,,,CFG731_20fe81ae7d0a406e,DERIVED,TWO_CHARACTERISTIC
CONFIG_1cf72e5a9bce32dd,Configuration,CFG731_8956c16bd3b9a345,SYNTHETIC,data/synthetic/configurations/731_synthetic_configurations_v5.csv,,,1240.0,,,,CFG731_8956c16bd3b9a345,DERIVED,TWO_CHARACTERISTIC
CONFIG_2478f6a174b30d14,Configuration,CFG731_d3944f427f0609b6,SYNTHETIC,data/synthetic/configurations/731_synthetic_configurations_v5.csv,,,1241.0,,,,CFG731_d3944f427f0609b6,OBSERVED,REAL_OBSERVED
CONFIG_37bc47d5aafcb618,Configuration,CFG731_70eca1c499fc63ad,SYNTHETIC,data/synthetic/configurations/731_synthetic_configurations_v5.csv,,,1244.0,,,,CFG731_70eca1c499fc63ad,DERIVED,TWO_CHARACTERISTIC
CONFIG_3b8c07254ce9389c,Configuration,CFG731_a72f99e8160efda6,SYNTHETIC,data/synthetic/configurations/731_synthetic_configurations_v5.csv,,,1248.0,,,,CFG731_a72f99e8160efda6,DERIVED,ONE_CHARACTERISTIC
CONFIG_59b5232dc2929a2c,Configuration,CFG731_6472ab3bf7316498,SYNTHETIC,data/synthetic/configurations/731_synthetic_configurations_v5.csv,,,1249.0,,,,CFG731_6472ab3bf7316498,DERIVED,ONE_CHARACTERISTIC
CONFIG_41cc730426f1c779,Configuration,CFG731_6e791fbe7ba5db5e,SYNTHETIC,data/synthetic/configurations/731_synthetic_configurations_v5.csv,,,1250.0,,,,CFG731_6e791fbe7ba5db5e,OBSERVED,REAL_OBSERVED
CONFIG_5a18d1802ffacbd1,Configuration,CFG731_82556c55b0de9a67,SYNTHETIC,data/synthetic/configurations/731_synthetic_configurations_v5.csv,,,1256.0,,,,CFG731_82556c55b0de9a67,DERIVED,TWO_CHARACTERISTIC
CONFIG_9eef9f7315316145,Configuration,CFG731_ab3b0ae98d7b2345,SYNTHETIC,data/synthetic/configurations/731_synthetic_configurations_v5.csv,,,1257.0,,,,CFG731_ab3b0ae98d7b2345,DERIVED,DEPENDENCY_TWO_CHARACTERISTIC
CONFIG_607233b1c6335a13,Configuration,CFG731_31b475abe3d16a99,SYNTHETIC,data/synthetic/configurations/731_synthetic_configurations_v5.csv,,,1262.0,,,,CFG731_31b475abe3d16a99,DERIVED,TWO_CHARACTERISTIC
CONFIG_f00a245e7f63524f,Configuration,CFG731_5191b7dfd5137ba1,SYNTHETIC,data/synthetic/configurations/731_synthetic_configurations_v5.csv,,,1263.0,,,,CFG731_5191b7dfd5137ba1,DERIVED,TWO_CHARACTERISTIC
CONFIG_99a0f7f129ab03b1,Configuration,CFG731_35443b2ee17ecca9,SYNTHETIC,data/synthetic/configurations/731_synthetic_configurations_v5.csv,,,1264.0,,,,CFG731_35443b2ee17ecca9,DERIVED,TWO_CHARACTERISTIC
CONFIG_9cc8f06e28fde674,Configuration,CFG731_b7a7770d19b6f648,SYNTHETIC,data/synthetic/configurations/731_synthetic_configurations_v5.csv,,,1266.0,,,,CFG731_b7a7770d19b6f648,DERIVED,ONE_CHARACTERISTIC
CONFIG_429559ba89d4805e,Configuration,CFG731_da03b61dd1a0eef7,SYNTHETIC,data/synthetic/configurations/731_synthetic_configurations_v5.csv,,,1268.0,,,,CFG731_da03b61dd1a0eef7,DERIVED,TWO_CHARACTERISTIC
CONFIG_31fe6a37594e0a4e,Configuration,CFG731_d80fde42f7354305,SYNTHETIC,data/synthetic/configurations/731_synthetic_configurations_v5.csv,,,1271.0,,,,CFG731_d80fde42f7354305,DERIVED,TWO_CHARACTERISTIC
CONFIG_ee90a3321413e21d,Configuration,CFG731_d687214b96c6966a,SYNTHETIC,data/synthetic/configurations/731_synthetic_configurations_v5.csv,,,1273.0,,,,CFG731_d687214b96c6966a,DERIVED,TWO_CHARACTERISTIC
CONFIG_9ffa66b9a996f99f,Configuration,CFG731_a7aba912cacdcceb,SYNTHETIC,data/synthetic/configurations/731_synthetic_configurations_v5.csv,,,1275.0,,,,CFG731_a7aba912cacdcceb,DERIVED,TWO_CHARACTERISTIC
CONFIG_db116eeb760bce51,Configuration,CFG731_d52ffc95af0989a6,SYNTHETIC,data/synthetic/configurations/731_synthetic_configurations_v5.csv,,,1277.0,,,,CFG731_d52ffc95af0989a6,DERIVED,TWO_CHARACTERISTIC
CONFIG_212199ee7c4b1cfe,Configuration,CFG731_deb6c547366eb132,SYNTHETIC,data/synthetic/configurations/731_synthetic_configurations_v5.csv,,,1279.0,,,,CFG731_deb6c547366eb132,DERIVED,TWO_CHARACTERISTIC
CONFIG_493dbfe9d699a188,Configuration,CFG731_7203705eed387b0a,SYNTHETIC,data/synthetic/configurations/731_synthetic_configurations_v5.csv,,,1282.0,,,,CFG731_7203705eed387b0a,OBSERVED,REAL_OBSERVED
CONFIG_1d06db13c190c820,Configuration,CFG731_abcee67081353f16,SYNTHETIC,data/synthetic/configurations/731_synthetic_configurations_v5.csv,,,1285.0,,,,CFG731_abcee67081353f16,OBSERVED,REAL_OBSERVED
CONFIG_1e77dafd4190d317,Configuration,CFG731_981d84ac2d25a7ea,SYNTHETIC,data/synthetic/configurations/731_synthetic_configurations_v5.csv,,,1286.0,,,,CFG731_981d84ac2d25a7ea,DERIVED,TWO_CHARACTERISTIC
CONFIG_cd4844a05a7e071a,Configuration,CFG731_c557f7942427db50,SYNTHETIC,data/synthetic/configurations/731_synthetic_configurations_v5.csv,,,1287.0,,,,CFG731_c557f7942427db50,DERIVED,TWO_CHARACTERISTIC
CONFIG_d79bdc0a0ba7e575,Configuration,CFG731_8ff92e2888b6b13f,SYNTHETIC,data/synthetic/configurations/731_synthetic_configurations_v5.csv,,,1288.0,,,,CFG731_8ff92e2888b6b13f,DERIVED,TWO_CHARACTERISTIC
CONFIG_22dd2fe279aee528,Configuration,CFG731_cd4f211fbf872f2e,SYNTHETIC,data/synthetic/configurations/731_synthetic_configurations_v5.csv,,,1290.0,,,,CFG731_cd4f211fbf872f2e,DERIVED,TWO_CHARACTERISTIC
CONFIG_45636f49252b993e,Configuration,CFG731_a20b10157efccecb,SYNTHETIC,data/synthetic/configurations/731_synthetic_configurations_v5.csv,,,1292.0,,,,CFG731_a20b10157efccecb,DERIVED,TWO_CHARACTERISTIC
CONFIG_89262e948e6d7c38,Configuration,CFG731_52c239afbc97db38,SYNTHETIC,data/synthetic/configurations/731_synthetic_configurations_v5.csv,,,1294.0,,,,CFG731_52c239afbc97db38,DERIVED,TWO_CHARACTERISTIC
CONFIG_d4365bff33748dc7,Configuration,CFG731_714af24c177b1743,SYNTHETIC,data/synthetic/configurations/731_synthetic_configurations_v5.csv,,,1295.0,,,,CFG731_714af24c177b1743,DERIVED,TWO_CHARACTERISTIC
CONFIG_3112ad9a2e00fff3,Configuration,CFG731_8e992ea7120efb71,SYNTHETIC,data/synthetic/configurations/731_synthetic_configurations_v5.csv,,,1298.0,,,,CFG731_8e992ea7120efb71,DERIVED,TWO_CHARACTERISTIC
CONFIG_961e05036b002e75,Configuration,CFG731_48aa9a27f24794bc,SYNTHETIC,data/synthetic/configurations/731_synthetic_configurations_v5.csv,,,1300.0,,,,CFG731_48aa9a27f24794bc,DERIVED,DEPENDENCY_TWO_CHARACTERISTIC
CONFIG_8b72f1f92dcf5c90,Configuration,CFG731_1490cd30a236283e,SYNTHETIC,data/synthetic/configurations/731_synthetic_configurations_v5.csv,,,1303.0,,,,CFG731_1490cd30a236283e,DERIVED,TWO_CHARACTERISTIC
CONFIG_25351af6ba1d2043,Configuration,CFG731_7f5bfa7b21e81359,SYNTHETIC,data/synthetic/configurations/731_synthetic_configurations_v5.csv,,,1309.0,,,,CFG731_7f5bfa7b21e81359,OBSERVED,REAL_OBSERVED
CONFIG_a00eb223e990d2eb,Configuration,CFG731_ef2da8cd513b19be,SYNTHETIC,data/synthetic/configurations/731_synthetic_configurations_v5.csv,,,1317.0,,,,CFG731_ef2da8cd513b19be,DERIVED,ONE_CHARACTERISTIC
CONFIG_b2c272f7cffe8223,Configuration,CFG731_26c190a4dc461550,SYNTHETIC,data/synthetic/configurations/731_synthetic_configurations_v5.csv,,,1318.0,,,,CFG731_26c190a4dc461550,DERIVED,TWO_CHARACTERISTIC
CONFIG_258d5239287f58ae,Configuration,CFG731_da02526d254e2e35,SYNTHETIC,data/synthetic/configurations/731_synthetic_configurations_v5.csv,,,1320.0,,,,CFG731_da02526d254e2e35,OBSERVED,REAL_OBSERVED
CONFIG_1797391bdac0d1be,Configuration,CFG731_22298b0cae6ec270,SYNTHETIC,data/synthetic/configurations/731_synthetic_configurations_v5.csv,,,1322.0,,,,CFG731_22298b0cae6ec270,DERIVED,TWO_CHARACTERISTIC
CONFIG_80120e90e18b8a04,Configuration,CFG731_4c72f78c1186e8f7,SYNTHETIC,data/synthetic/configurations/731_synthetic_configurations_v5.csv,,,1323.0,,,,CFG731_4c72f78c1186e8f7,DERIVED,ONE_CHARACTERISTIC
CONFIG_805145a15b9d9a8c,Configuration,CFG731_316522b7cc87d9a1,SYNTHETIC,data/synthetic/configurations/731_synthetic_configurations_v5.csv,,,1327.0,,,,CFG731_316522b7cc87d9a1,DERIVED,TWO_CHARACTERISTIC
CONFIG_67d1774dbed3f5a6,Configuration,CFG731_8b6eb20d56ad0a7c,SYNTHETIC,data/synthetic/configurations/731_synthetic_configurations_v5.csv,,,1329.0,,,,CFG731_8b6eb20d56ad0a7c,DERIVED,TWO_CHARACTERISTIC
CONFIG_6b713dafca7ada73,Configuration,CFG731_48772fd385d8dcd5,SYNTHETIC,data/synthetic/configurations/731_synthetic_configurations_v5.csv,,,1330.0,,,,CFG731_48772fd385d8dcd5,DERIVED,TWO_CHARACTERISTIC
CONFIG_819efd226a478bee,Configuration,CFG731_28ff10770eb1b643,SYNTHETIC,data/synthetic/configurations/731_synthetic_configurations_v5.csv,,,1331.0,,,,CFG731_28ff10770eb1b643,DERIVED,TWO_CHARACTERISTIC
CONFIG_8470e74f70daac32,Configuration,CFG731_352cbd30ecacb8ee,SYNTHETIC,data/synthetic/configurations/731_synthetic_configurations_v5.csv,,,1332.0,,,,CFG731_352cbd30ecacb8ee,DERIVED,DEPENDENCY_TWO_CHARACTERISTIC
CONFIG_73140e3ea4400bf5,Configuration,CFG731_327bfa077bbbd45e,SYNTHETIC,data/synthetic/configurations/731_synthetic_configurations_v5.csv,,,1335.0,,,,CFG731_327bfa077bbbd45e,DERIVED,DEPENDENCY_TWO_CHARACTERISTIC
CONFIG_f92588e086a637e2,Configuration,CFG731_82d9cee5883aea0f,SYNTHETIC,data/synthetic/configurations/731_synthetic_configurations_v5.csv,,,1338.0,,,,CFG731_82d9cee5883aea0f,DERIVED,TWO_CHARACTERISTIC
CONFIG_df655406758d4565,Configuration,CFG731_b4f65e97f91c3587,SYNTHETIC,data/synthetic/configurations/731_synthetic_configurations_v5.csv,,,1340.0,,,,CFG731_b4f65e97f91c3587,DERIVED,TWO_CHARACTERISTIC
CONFIG_1315019e27b3f285,Configuration,CFG731_75db38d1df65a8f3,SYNTHETIC,data/synthetic/configurations/731_synthetic_configurations_v5.csv,,,1344.0,,,,CFG731_75db38d1df65a8f3,DERIVED,ONE_CHARACTERISTIC
CONFIG_64d0d35384f044fe,Configuration,CFG731_6a47b38d62a9fed3,SYNTHETIC,data/synthetic/configurations/731_synthetic_configurations_v5.csv,,,1345.0,,,,CFG731_6a47b38d62a9fed3,OBSERVED,REAL_OBSERVED
CONFIG_9a4915586c57930a,Configuration,CFG731_79a3938f47d28a2e,SYNTHETIC,data/synthetic/configurations/731_synthetic_configurations_v5.csv,,,1346.0,,,,CFG731_79a3938f47d28a2e,DERIVED,ONE_CHARACTERISTIC
CONFIG_401af05c6c40b30c,Configuration,CFG731_0bb185f546403346,SYNTHETIC,data/synthetic/configurations/731_synthetic_configurations_v5.csv,,,1352.0,,,,CFG731_0bb185f546403346,DERIVED,TWO_CHARACTERISTIC
CONFIG_1d3e5de79a7a7826,Configuration,CFG731_813afad06fd4a0a8,SYNTHETIC,data/synthetic/configurations/731_synthetic_configurations_v5.csv,,,1356.0,,,,CFG731_813afad06fd4a0a8,DERIVED,TWO_CHARACTERISTIC
CONFIG_941e1c913d9a9692,Configuration,CFG731_a4038243bb1e609e,SYNTHETIC,data/synthetic/configurations/731_synthetic_configurations_v5.csv,,,1361.0,,,,CFG731_a4038243bb1e609e,DERIVED,ONE_CHARACTERISTIC
CONFIG_40b671138dcce631,Configuration,CFG731_6fae22c89116fc5e,SYNTHETIC,data/synthetic/configurations/731_synthetic_configurations_v5.csv,,,1362.0,,,,CFG731_6fae22c89116fc5e,DERIVED,TWO_CHARACTERISTIC
CONFIG_533db44906efb2b4,Configuration,CFG731_973d201e6585b77f,SYNTHETIC,data/synthetic/configurations/731_synthetic_configurations_v5.csv,,,1363.0,,,,CFG731_973d201e6585b77f,DERIVED,TWO_CHARACTERISTIC
CONFIG_fa738c726e25c715,Configuration,CFG731_c0ba29a2dea3027d,SYNTHETIC,data/synthetic/configurations/731_synthetic_configurations_v5.csv,,,1366.0,,,,CFG731_c0ba29a2dea3027d,DERIVED,TWO_CHARACTERISTIC
CONFIG_394ff5f4f65accce,Configuration,CFG731_14269a1a57ac4cbc,SYNTHETIC,data/synthetic/configurations/731_synthetic_configurations_v5.csv,,,1368.0,,,,CFG731_14269a1a57ac4cbc,DERIVED,TWO_CHARACTERISTIC
CONFIG_624e22a3732ea2fa,Configuration,CFG731_ef4cf0e053e2d332,SYNTHETIC,data/synthetic/configurations/731_synthetic_configurations_v5.csv,,,1369.0,,,,CFG731_ef4cf0e053e2d332,OBSERVED,REAL_OBSERVED
CONFIG_454535449fbbfb4e,Configuration,CFG731_bac2c72e10051b21,SYNTHETIC,data/synthetic/configurations/731_synthetic_configurations_v5.csv,,,1370.0,,,,CFG731_bac2c72e10051b21,DERIVED,TWO_CHARACTERISTIC
CONFIG_a80cd30542316ab8,Configuration,CFG731_5dd42015f6f61801,SYNTHETIC,data/synthetic/configurations/731_synthetic_configurations_v5.csv,,,1371.0,,,,CFG731_5dd42015f6f61801,OBSERVED,REAL_OBSERVED
CONFIG_577696f092748728,Configuration,CFG731_f1291711f7901d90,SYNTHETIC,data/synthetic/configurations/731_synthetic_configurations_v5.csv,,,1373.0,,,,CFG731_f1291711f7901d90,DERIVED,TWO_CHARACTERISTIC
CONFIG_ca936f329918b339,Configuration,CFG731_48cf6bd4ca59e583,SYNTHETIC,data/synthetic/configurations/731_synthetic_configurations_v5.csv,,,1374.0,,,,CFG731_48cf6bd4ca59e583,DERIVED,ONE_CHARACTERISTIC
CONFIG_94779b9ba4e5213d,Configuration,CFG731_567b2aa90592cf41,SYNTHETIC,data/synthetic/configurations/731_synthetic_configurations_v5.csv,,,1378.0,,,,CFG731_567b2aa90592cf41,DERIVED,TWO_CHARACTERISTIC
CONFIG_a84e18b7d0149516,Configuration,CFG731_d79264c74c1cd4e8,SYNTHETIC,data/synthetic/configurations/731_synthetic_configurations_v5.csv,,,1380.0,,,,CFG731_d79264c74c1cd4e8,DERIVED,TWO_CHARACTERISTIC
CONFIG_d0219608f66a02ce,Configuration,CFG731_3e782f59368b40db,SYNTHETIC,data/synthetic/configurations/731_synthetic_configurations_v5.csv,,,1382.0,,,,CFG731_3e782f59368b40db,DERIVED,TWO_CHARACTERISTIC
CONFIG_24a2fd42d9fb8a2a,Configuration,CFG731_7994662aa688a3b5,SYNTHETIC,data/synthetic/configurations/731_synthetic_configurations_v5.csv,,,1383.0,,,,CFG731_7994662aa688a3b5,DERIVED,TWO_CHARACTERISTIC
CONFIG_b953cb95c2d2c879,Configuration,CFG731_5d255cf6dd296018,SYNTHETIC,data/synthetic/configurations/731_synthetic_configurations_v5.csv,,,1384.0,,,,CFG731_5d255cf6dd296018,OBSERVED,REAL_OBSERVED
CONFIG_aac6a05ef7134285,Configuration,CFG731_4eb63c13498ac15e,SYNTHETIC,data/synthetic/configurations/731_synthetic_configurations_v5.csv,,,1385.0,,,,CFG731_4eb63c13498ac15e,DERIVED,TWO_CHARACTERISTIC
CONFIG_0682b39700c7a382,Configuration,CFG731_152dc9cd63e126ba,SYNTHETIC,data/synthetic/configurations/731_synthetic_configurations_v5.csv,,,1386.0,,,,CFG731_152dc9cd63e126ba,DERIVED,TWO_CHARACTERISTIC
CONFIG_68286d1ff7720568,Configuration,CFG731_b74fb5418dad3b38,SYNTHETIC,data/synthetic/configurations/731_synthetic_configurations_v5.csv,,,1387.0,,,,CFG731_b74fb5418dad3b38,OBSERVED,REAL_OBSERVED
CONFIG_d0224f8a0c166182,Configuration,CFG731_2eae9204301f61ab,SYNTHETIC,data/synthetic/configurations/731_synthetic_configurations_v5.csv,,,1389.0,,,,CFG731_2eae9204301f61ab,DERIVED,TWO_CHARACTERISTIC
CONFIG_8894d5acf3bc30ba,Configuration,CFG731_cb0dc20db2bc1ae3,SYNTHETIC,data/synthetic/configurations/731_synthetic_configurations_v5.csv,,,1391.0,,,,CFG731_cb0dc20db2bc1ae3,DERIVED,TWO_CHARACTERISTIC
CONFIG_cefde1d529bfb5cd,Configuration,CFG731_138c3af793fa9c6a,SYNTHETIC,data/synthetic/configurations/731_synthetic_configurations_v5.csv,,,1395.0,,,,CFG731_138c3af793fa9c6a,DERIVED,TWO_CHARACTERISTIC
CONFIG_3f36528ec84f4c9c,Configuration,CFG731_f2765a45b3166d3a,SYNTHETIC,data/synthetic/configurations/731_synthetic_configurations_v5.csv,,,1397.0,,,,CFG731_f2765a45b3166d3a,DERIVED,TWO_CHARACTERISTIC
CONFIG_b629812d72709db2,Configuration,CFG731_04ce01976de342c1,SYNTHETIC,data/synthetic/configurations/731_synthetic_configurations_v5.csv,,,1398.0,,,,CFG731_04ce01976de342c1,OBSERVED,REAL_OBSERVED
CONFIG_8a55b1cf25f9e3e0,Configuration,CFG731_acbf4c45af55caad,SYNTHETIC,data/synthetic/configurations/731_synthetic_configurations_v5.csv,,,1401.0,,,,CFG731_acbf4c45af55caad,OBSERVED,REAL_OBSERVED
CONFIG_2ba6adb7309a9bf4,Configuration,CFG731_10dc89dcc8388903,SYNTHETIC,data/synthetic/configurations/731_synthetic_configurations_v5.csv,,,1402.0,,,,CFG731_10dc89dcc8388903,DERIVED,TWO_CHARACTERISTIC
CONFIG_d3bd6c2a8d883bc6,Configuration,CFG731_6d5d368a9b4b9e2f,SYNTHETIC,data/synthetic/configurations/731_synthetic_configurations_v5.csv,,,1405.0,,,,CFG731_6d5d368a9b4b9e2f,DERIVED,TWO_CHARACTERISTIC
CONFIG_9ab51314e847535d,Configuration,CFG731_3bddc8e8c36f22b2,SYNTHETIC,data/synthetic/configurations/731_synthetic_configurations_v5.csv,,,1406.0,,,,CFG731_3bddc8e8c36f22b2,DERIVED,TWO_CHARACTERISTIC
CONFIG_0ba56f754c488b47,Configuration,CFG731_9676c8784fca6c61,SYNTHETIC,data/synthetic/configurations/731_synthetic_configurations_v5.csv,,,1408.0,,,,CFG731_9676c8784fca6c61,DERIVED,TWO_CHARACTERISTIC
CONFIG_41b39dab5314a54b,Configuration,CFG731_30d0cd81d8628124,SYNTHETIC,data/synthetic/configurations/731_synthetic_configurations_v5.csv,,,1410.0,,,,CFG731_30d0cd81d8628124,DERIVED,TWO_CHARACTERISTIC
CONFIG_c45a64c9705d2fc2,Configuration,CFG731_511f0780429774e2,SYNTHETIC,data/synthetic/configurations/731_synthetic_configurations_v5.csv,,,1411.0,,,,CFG731_511f0780429774e2,OBSERVED,REAL_OBSERVED
CONFIG_6be1c7aedc2d275a,Configuration,CFG731_440f9c9b032b7d0a,SYNTHETIC,data/synthetic/configurations/731_synthetic_configurations_v5.csv,,,1412.0,,,,CFG731_440f9c9b032b7d0a,DERIVED,DEPENDENCY_TWO_CHARACTERISTIC
CONFIG_11966dda39f86cb1,Configuration,CFG731_368b8952b102cb0e,SYNTHETIC,data/synthetic/configurations/731_synthetic_configurations_v5.csv,,,1415.0,,,,CFG731_368b8952b102cb0e,DERIVED,TWO_CHARACTERISTIC
CONFIG_c4eefd759ceff7e0,Configuration,CFG731_32a4bb12438a37ab,SYNTHETIC,data/synthetic/configurations/731_synthetic_configurations_v5.csv,,,1416.0,,,,CFG731_32a4bb12438a37ab,OBSERVED,REAL_OBSERVED
CONFIG_007c16a89cd4e02f,Configuration,CFG731_139763631a5cfb1c,SYNTHETIC,data/synthetic/configurations/731_synthetic_configurations_v5.csv,,,1418.0,,,,CFG731_139763631a5cfb1c,DERIVED,TWO_CHARACTERISTIC
CONFIG_07932fadc08e611e,Configuration,CFG731_f4dfffb8a9fa30f7,SYNTHETIC,data/synthetic/configurations/731_synthetic_configurations_v5.csv,,,1420.0,,,,CFG731_f4dfffb8a9fa30f7,DERIVED,TWO_CHARACTERISTIC
CONFIG_dbe6886332a7271e,Configuration,CFG731_da4c25a66741a917,SYNTHETIC,data/synthetic/configurations/731_synthetic_configurations_v5.csv,,,1423.0,,,,CFG731_da4c25a66741a917,DERIVED,TWO_CHARACTERISTIC
CONFIG_bcd81b4dc7a282db,Configuration,CFG731_c5da2661a169f82b,SYNTHETIC,data/synthetic/configurations/731_synthetic_configurations_v5.csv,,,1425.0,,,,CFG731_c5da2661a169f82b,OBSERVED,REAL_OBSERVED
CONFIG_d8b842abfe644728,Configuration,CFG731_d8c9e5b1edc3b4b3,SYNTHETIC,data/synthetic/configurations/731_synthetic_configurations_v5.csv,,,1426.0,,,,CFG731_d8c9e5b1edc3b4b3,DERIVED,TWO_CHARACTERISTIC
CONFIG_9a6850cbc1f68dc0,Configuration,CFG731_ef211cb97feaddc8,SYNTHETIC,data/synthetic/configurations/731_synthetic_configurations_v5.csv,,,1429.0,,,,CFG731_ef211cb97feaddc8,OBSERVED,REAL_OBSERVED
CONFIG_a9aa1c606364a7e0,Configuration,CFG731_a41486ba2b9da31d,SYNTHETIC,data/synthetic/configurations/731_synthetic_configurations_v5.csv,,,1430.0,,,,CFG731_a41486ba2b9da31d,DERIVED,TWO_CHARACTERISTIC
CONFIG_9ae5339aa106aa9f,Configuration,CFG731_d61788aab0d61e0f,SYNTHETIC,data/synthetic/configurations/731_synthetic_configurations_v5.csv,,,1434.0,,,,CFG731_d61788aab0d61e0f,DERIVED,TWO_CHARACTERISTIC
CONFIG_630df5d25cd07d0f,Configuration,CFG731_c4fc682b1dc7daea,SYNTHETIC,data/synthetic/configurations/731_synthetic_configurations_v5.csv,,,1436.0,,,,CFG731_c4fc682b1dc7daea,DERIVED,TWO_CHARACTERISTIC
CONFIG_002c8dfdb837fd45,Configuration,CFG731_7521d5a6673c8628,SYNTHETIC,data/synthetic/configurations/731_synthetic_configurations_v5.csv,,,1437.0,,,,CFG731_7521d5a6673c8628,DERIVED,TWO_CHARACTERISTIC
CONFIG_b8c7a5a1a7cd2394,Configuration,CFG731_bb4f0886ba308d63,SYNTHETIC,data/synthetic/configurations/731_synthetic_configurations_v5.csv,,,1438.0,,,,CFG731_bb4f0886ba308d63,DERIVED,TWO_CHARACTERISTIC
CONFIG_8b7648ad33c1f00e,Configuration,CFG731_e9b10f07ada7d5e2,SYNTHETIC,data/synthetic/configurations/731_synthetic_configurations_v5.csv,,,1440.0,,,,CFG731_e9b10f07ada7d5e2,DERIVED,TWO_CHARACTERISTIC
CONFIG_00b6ff51e9efb6ec,Configuration,CFG731_168475c8045761e7,SYNTHETIC,data/synthetic/configurations/731_synthetic_configurations_v5.csv,,,1441.0,,,,CFG731_168475c8045761e7,DERIVED,TWO_CHARACTERISTIC
CONFIG_d1fa25f90a815277,Configuration,CFG731_31b82ee906484bbd,SYNTHETIC,data/synthetic/configurations/731_synthetic_configurations_v5.csv,,,1442.0,,,,CFG731_31b82ee906484bbd,DERIVED,ONE_CHARACTERISTIC
CONFIG_bcefa7da8d153cfd,Configuration,CFG731_ef7dc9987c0ff289,SYNTHETIC,data/synthetic/configurations/731_synthetic_configurations_v5.csv,,,1443.0,,,,CFG731_ef7dc9987c0ff289,DERIVED,TWO_CHARACTERISTIC
CONFIG_72cd684dbe497c37,Configuration,CFG731_5789f006b670582c,SYNTHETIC,data/synthetic/configurations/731_synthetic_configurations_v5.csv,,,1445.0,,,,CFG731_5789f006b670582c,DERIVED,TWO_CHARACTERISTIC
CONFIG_89ed3989a5ecece5,Configuration,CFG731_878ea582472d4216,SYNTHETIC,data/synthetic/configurations/731_synthetic_configurations_v5.csv,,,1446.0,,,,CFG731_878ea582472d4216,DERIVED,TWO_CHARACTERISTIC
CONFIG_41f08d36293689d8,Configuration,CFG731_2205a8cc5d1ff08b,SYNTHETIC,data/synthetic/configurations/731_synthetic_configurations_v5.csv,,,1448.0,,,,CFG731_2205a8cc5d1ff08b,DERIVED,TWO_CHARACTERISTIC
CONFIG_f11f0ea6d86aebdd,Configuration,CFG731_5d88e63d941ec6fd,SYNTHETIC,data/synthetic/configurations/731_synthetic_configurations_v5.csv,,,1451.0,,,,CFG731_5d88e63d941ec6fd,DERIVED,ONE_CHARACTERISTIC
CONFIG_e5f4395dd16dbc83,Configuration,CFG731_0d3b04d12b4208a2,SYNTHETIC,data/synthetic/configurations/731_synthetic_configurations_v5.csv,,,1452.0,,,,CFG731_0d3b04d12b4208a2,DERIVED,DEPENDENCY_TWO_CHARACTERISTIC
CONFIG_97d7db029c2a04aa,Configuration,CFG731_16700b9d004fb9de,SYNTHETIC,data/synthetic/configurations/731_synthetic_configurations_v5.csv,,,1453.0,,,,CFG731_16700b9d004fb9de,DERIVED,DEPENDENCY_TWO_CHARACTERISTIC
CONFIG_42cd139ed44690ba,Configuration,CFG731_7ea8c51038ca5bfd,SYNTHETIC,data/synthetic/configurations/731_synthetic_configurations_v5.csv,,,1455.0,,,,CFG731_7ea8c51038ca5bfd,DERIVED,TWO_CHARACTERISTIC
CONFIG_c68eb96ff616a016,Configuration,CFG731_f4e451f0b68379ff,SYNTHETIC,data/synthetic/configurations/731_synthetic_configurations_v5.csv,,,1456.0,,,,CFG731_f4e451f0b68379ff,DERIVED,TWO_CHARACTERISTIC
CONFIG_913dd729993eaf6c,Configuration,CFG731_a830048fa7dec1eb,SYNTHETIC,data/synthetic/configurations/731_synthetic_configurations_v5.csv,,,1457.0,,,,CFG731_a830048fa7dec1eb,DERIVED,TWO_CHARACTERISTIC
CONFIG_c68d7c3bce2c96c5,Configuration,CFG731_6436acf7faa1f61d,SYNTHETIC,data/synthetic/configurations/731_synthetic_configurations_v5.csv,,,1459.0,,,,CFG731_6436acf7faa1f61d,OBSERVED,REAL_OBSERVED
CONFIG_e9e47d5867cba41b,Configuration,CFG731_90035585549005ff,SYNTHETIC,data/synthetic/configurations/731_synthetic_configurations_v5.csv,,,1460.0,,,,CFG731_90035585549005ff,DERIVED,TWO_CHARACTERISTIC
CONFIG_62b836103dfee973,Configuration,CFG731_031d8f2fe50bf3d1,SYNTHETIC,data/synthetic/configurations/731_synthetic_configurations_v5.csv,,,1461.0,,,,CFG731_031d8f2fe50bf3d1,DERIVED,ONE_CHARACTERISTIC
CONFIG_9038e78cf33107d5,Configuration,CFG731_93ba38caebb455ef,SYNTHETIC,data/synthetic/configurations/731_synthetic_configurations_v5.csv,,,1462.0,,,,CFG731_93ba38caebb455ef,DERIVED,TWO_CHARACTERISTIC
CONFIG_df8930d8efdcfe16,Configuration,CFG731_ebca481dc92d4982,SYNTHETIC,data/synthetic/configurations/731_synthetic_configurations_v5.csv,,,1468.0,,,,CFG731_ebca481dc92d4982,DERIVED,TWO_CHARACTERISTIC
CONFIG_158dc08006c26a2f,Configuration,CFG731_3b06d9bface617d0,SYNTHETIC,data/synthetic/configurations/731_synthetic_configurations_v5.csv,,,1470.0,,,,CFG731_3b06d9bface617d0,DERIVED,TWO_CHARACTERISTIC
CONFIG_ead6fd7cd7c966ba,Configuration,CFG731_32b1041fd68aac23,SYNTHETIC,data/synthetic/configurations/731_synthetic_configurations_v5.csv,,,1473.0,,,,CFG731_32b1041fd68aac23,OBSERVED,REAL_OBSERVED
CONFIG_e0dfb699f51c2d01,Configuration,CFG731_2ba3554cf8bf75c3,SYNTHETIC,data/synthetic/configurations/731_synthetic_configurations_v5.csv,,,1474.0,,,,CFG731_2ba3554cf8bf75c3,DERIVED,TWO_CHARACTERISTIC
CONFIG_3e65195788c39c23,Configuration,CFG731_187fd198d163ef5a,SYNTHETIC,data/synthetic/configurations/731_synthetic_configurations_v5.csv,,,1475.0,,,,CFG731_187fd198d163ef5a,DERIVED,TWO_CHARACTERISTIC
CONFIG_7df10486f8e0a4f2,Configuration,CFG731_a4339f07d181d686,SYNTHETIC,data/synthetic/configurations/731_synthetic_configurations_v5.csv,,,1478.0,,,,CFG731_a4339f07d181d686,DERIVED,TWO_CHARACTERISTIC
CONFIG_ad30259e0c31b8fc,Configuration,CFG731_b7e96d5717c40fd6,SYNTHETIC,data/synthetic/configurations/731_synthetic_configurations_v5.csv,,,1481.0,,,,CFG731_b7e96d5717c40fd6,OBSERVED,REAL_OBSERVED
CONFIG_9e4923194f543b6c,Configuration,CFG731_a2a709ad804cc5a2,SYNTHETIC,data/synthetic/configurations/731_synthetic_configurations_v5.csv,,,1486.0,,,,CFG731_a2a709ad804cc5a2,OBSERVED,REAL_OBSERVED
CONFIG_4834dd6e4119debe,Configuration,CFG731_b4987f1c95e91d0d,SYNTHETIC,data/synthetic/configurations/731_synthetic_configurations_v5.csv,,,1487.0,,,,CFG731_b4987f1c95e91d0d,OBSERVED,REAL_OBSERVED
CONFIG_4629f8c0f2fc6b19,Configuration,CFG731_f2984ef18273dd81,SYNTHETIC,data/synthetic/configurations/731_synthetic_configurations_v5.csv,,,1489.0,,,,CFG731_f2984ef18273dd81,DERIVED,TWO_CHARACTERISTIC
CONFIG_75930d28b14b26c7,Configuration,CFG731_f0b756a84ac83cc9,SYNTHETIC,data/synthetic/configurations/731_synthetic_configurations_v5.csv,,,1490.0,,,,CFG731_f0b756a84ac83cc9,DERIVED,TWO_CHARACTERISTIC
CONFIG_6db5f0916065cb31,Configuration,CFG731_565e3731063ff5c5,SYNTHETIC,data/synthetic/configurations/731_synthetic_configurations_v5.csv,,,1492.0,,,,CFG731_565e3731063ff5c5,OBSERVED,REAL_OBSERVED
CONFIG_a58641269e50f686,Configuration,CFG731_710090cc99f7a772,SYNTHETIC,data/synthetic/configurations/731_synthetic_configurations_v5.csv,,,1493.0,,,,CFG731_710090cc99f7a772,OBSERVED,REAL_OBSERVED
CONFIG_9a9410d7a20a50c2,Configuration,CFG731_8f5c90133a157a3c,SYNTHETIC,data/synthetic/configurations/731_synthetic_configurations_v5.csv,,,1496.0,,,,CFG731_8f5c90133a157a3c,DERIVED,TWO_CHARACTERISTIC
CONFIG_3d1d6cd9047c04d0,Configuration,CFG731_6b809c836e3ca8a1,SYNTHETIC,data/synthetic/configurations/731_synthetic_configurations_v5.csv,,,1498.0,,,,CFG731_6b809c836e3ca8a1,DERIVED,TWO_CHARACTERISTIC
CONFIG_d1f3e020830d2318,Configuration,CFG731_845802fc60449063,SYNTHETIC,data/synthetic/configurations/731_synthetic_configurations_v5.csv,,,1500.0,,,,CFG731_845802fc60449063,DERIVED,DEPENDENCY_TWO_CHARACTERISTIC
CONFIG_140f7f8d6e0e227f,Configuration,CFG731_c8d4383220ad607a,SYNTHETIC,data/synthetic/configurations/731_synthetic_configurations_v5.csv,,,1502.0,,,,CFG731_c8d4383220ad607a,DERIVED,ONE_CHARACTERISTIC
CONFIG_d88d8b6c3d106279,Configuration,CFG731_a1cadf8c4a6793ba,SYNTHETIC,data/synthetic/configurations/731_synthetic_configurations_v5.csv,,,1505.0,,,,CFG731_a1cadf8c4a6793ba,DERIVED,TWO_CHARACTERISTIC
CONFIG_9221e6793f073df4,Configuration,CFG731_768ac37f143197ac,SYNTHETIC,data/synthetic/configurations/731_synthetic_configurations_v5.csv,,,1507.0,,,,CFG731_768ac37f143197ac,DERIVED,TWO_CHARACTERISTIC
CONFIG_9007734cbb98c797,Configuration,CFG731_6513d2f5c85df9e4,SYNTHETIC,data/synthetic/configurations/731_synthetic_configurations_v5.csv,,,1509.0,,,,CFG731_6513d2f5c85df9e4,DERIVED,TWO_CHARACTERISTIC
CONFIG_4e99ba7b37e25abe,Configuration,CFG731_c3b5b1049b2ed7bb,SYNTHETIC,data/synthetic/configurations/731_synthetic_configurations_v5.csv,,,1510.0,,,,CFG731_c3b5b1049b2ed7bb,DERIVED,TWO_CHARACTERISTIC
CONFIG_30998495f2352253,Configuration,CFG731_0e66481554d1173f,SYNTHETIC,data/synthetic/configurations/731_synthetic_configurations_v5.csv,,,1512.0,,,,CFG731_0e66481554d1173f,DERIVED,TWO_CHARACTERISTIC
CONFIG_8495c13e17a62f9b,Configuration,CFG731_ee8e327bbb737abf,SYNTHETIC,data/synthetic/configurations/731_synthetic_configurations_v5.csv,,,1514.0,,,,CFG731_ee8e327bbb737abf,OBSERVED,REAL_OBSERVED
CONFIG_30d7334ba828f324,Configuration,CFG731_c980bcf5a94396b5,SYNTHETIC,data/synthetic/configurations/731_synthetic_configurations_v5.csv,,,1515.0,,,,CFG731_c980bcf5a94396b5,DERIVED,TWO_CHARACTERISTIC
CONFIG_fab08563110233cb,Configuration,CFG731_24a273924830834b,SYNTHETIC,data/synthetic/configurations/731_synthetic_configurations_v5.csv,,,1516.0,,,,CFG731_24a273924830834b,DERIVED,TWO_CHARACTERISTIC
CONFIG_b89a5276fe776785,Configuration,CFG731_5052a216a260faff,SYNTHETIC,data/synthetic/configurations/731_synthetic_configurations_v5.csv,,,1517.0,,,,CFG731_5052a216a260faff,DERIVED,DEPENDENCY_TWO_CHARACTERISTIC
CONFIG_a34041d08ffdbd3c,Configuration,CFG731_f87794e7a98d0b11,SYNTHETIC,data/synthetic/configurations/731_synthetic_configurations_v5.csv,,,1519.0,,,,CFG731_f87794e7a98d0b11,OBSERVED,REAL_OBSERVED
CONFIG_458f1bea6caa9780,Configuration,CFG731_696639c1a9f714c1,SYNTHETIC,data/synthetic/configurations/731_synthetic_configurations_v5.csv,,,1520.0,,,,CFG731_696639c1a9f714c1,DERIVED,TWO_CHARACTERISTIC
CONFIG_53319dff3da4799e,Configuration,CFG731_708466e4f37148f0,SYNTHETIC,data/synthetic/configurations/731_synthetic_configurations_v5.csv,,,1525.0,,,,CFG731_708466e4f37148f0,DERIVED,DEPENDENCY_TWO_CHARACTERISTIC
CONFIG_3396f0d533b87e1a,Configuration,CFG731_60f3aae8ede70fe0,SYNTHETIC,data/synthetic/configurations/731_synthetic_configurations_v5.csv,,,1526.0,,,,CFG731_60f3aae8ede70fe0,OBSERVED,REAL_OBSERVED
CONFIG_258d418f0ddacfb8,Configuration,CFG731_1cb3c1a9a0d94a34,SYNTHETIC,data/synthetic/configurations/731_synthetic_configurations_v5.csv,,,1527.0,,,,CFG731_1cb3c1a9a0d94a34,DERIVED,TWO_CHARACTERISTIC
CONFIG_33625f9946849708,Configuration,CFG731_70aa5a64b0803277,SYNTHETIC,data/synthetic/configurations/731_synthetic_configurations_v5.csv,,,1528.0,,,,CFG731_70aa5a64b0803277,OBSERVED,REAL_OBSERVED
CONFIG_0cadff7ec4c1347e,Configuration,CFG731_d135404efcd6265d,SYNTHETIC,data/synthetic/configurations/731_synthetic_configurations_v5.csv,,,1530.0,,,,CFG731_d135404efcd6265d,DERIVED,TWO_CHARACTERISTIC
CONFIG_29e92964cb052c5c,Configuration,CFG731_8366eceddaf01e58,SYNTHETIC,data/synthetic/configurations/731_synthetic_configurations_v5.csv,,,1531.0,,,,CFG731_8366eceddaf01e58,DERIVED,TWO_CHARACTERISTIC
CONFIG_bb3fc9ab29d1770c,Configuration,CFG731_2cb814ee06486282,SYNTHETIC,data/synthetic/configurations/731_synthetic_configurations_v5.csv,,,1532.0,,,,CFG731_2cb814ee06486282,DERIVED,ONE_CHARACTERISTIC
CONFIG_5c5874d3d1407336,Configuration,CFG731_5183e80259db3dc7,SYNTHETIC,data/synthetic/configurations/731_synthetic_configurations_v5.csv,,,1533.0,,,,CFG731_5183e80259db3dc7,DERIVED,TWO_CHARACTERISTIC
CONFIG_c41aca4f122cd139,Configuration,CFG731_da5e0ce2f4e5780a,SYNTHETIC,data/synthetic/configurations/731_synthetic_configurations_v5.csv,,,1534.0,,,,CFG731_da5e0ce2f4e5780a,DERIVED,TWO_CHARACTERISTIC
CONFIG_a6cf6af93bf9b633,Configuration,CFG731_393275fee9e35746,SYNTHETIC,data/synthetic/configurations/731_synthetic_configurations_v5.csv,,,1537.0,,,,CFG731_393275fee9e35746,DERIVED,TWO_CHARACTERISTIC
CONFIG_882aa1ec97b18801,Configuration,CFG731_e0009be417f51ccd,SYNTHETIC,data/synthetic/configurations/731_synthetic_configurations_v5.csv,,,1538.0,,,,CFG731_e0009be417f51ccd,OBSERVED,REAL_OBSERVED
CONFIG_52e4c7f00fd69110,Configuration,CFG731_776fc7d42eb46e40,SYNTHETIC,data/synthetic/configurations/731_synthetic_configurations_v5.csv,,,1540.0,,,,CFG731_776fc7d42eb46e40,DERIVED,TWO_CHARACTERISTIC
CONFIG_9cf699ab76559110,Configuration,CFG731_f430d8ebe4134533,SYNTHETIC,data/synthetic/configurations/731_synthetic_configurations_v5.csv,,,1542.0,,,,CFG731_f430d8ebe4134533,DERIVED,TWO_CHARACTERISTIC
CONFIG_5d1c50bb94919b5b,Configuration,CFG731_d08d05393d04fb8a,SYNTHETIC,data/synthetic/configurations/731_synthetic_configurations_v5.csv,,,1544.0,,,,CFG731_d08d05393d04fb8a,DERIVED,TWO_CHARACTERISTIC
CONFIG_a1fdf8a06feb757f,Configuration,CFG731_aa82c10f35e81f8d,SYNTHETIC,data/synthetic/configurations/731_synthetic_configurations_v5.csv,,,1546.0,,,,CFG731_aa82c10f35e81f8d,DERIVED,ONE_CHARACTERISTIC
CONFIG_b7940dce13fe3a73,Configuration,CFG731_c1474b769ba134e4,SYNTHETIC,data/synthetic/configurations/731_synthetic_configurations_v5.csv,,,1547.0,,,,CFG731_c1474b769ba134e4,DERIVED,TWO_CHARACTERISTIC
CONFIG_b4058226b60fe1c8,Configuration,CFG731_6920f76e20b3b3ac,SYNTHETIC,data/synthetic/configurations/731_synthetic_configurations_v5.csv,,,1548.0,,,,CFG731_6920f76e20b3b3ac,DERIVED,TWO_CHARACTERISTIC
CONFIG_ed553fb7a6968bed,Configuration,CFG731_d4c4d2d88d653c5d,SYNTHETIC,data/synthetic/configurations/731_synthetic_configurations_v5.csv,,,1549.0,,,,CFG731_d4c4d2d88d653c5d,DERIVED,TWO_CHARACTERISTIC
CONFIG_8754d14b503a3d38,Configuration,CFG731_3662a471d9ce3167,SYNTHETIC,data/synthetic/configurations/731_synthetic_configurations_v5.csv,,,1551.0,,,,CFG731_3662a471d9ce3167,DERIVED,TWO_CHARACTERISTIC
CONFIG_5a99718acd31d8c9,Configuration,CFG731_efa8c18fb6c75fe9,SYNTHETIC,data/synthetic/configurations/731_synthetic_configurations_v5.csv,,,1553.0,,,,CFG731_efa8c18fb6c75fe9,DERIVED,TWO_CHARACTERISTIC
CONFIG_97cfb037cf838dbf,Configuration,CFG731_0bb38b2038fb1e69,SYNTHETIC,data/synthetic/configurations/731_synthetic_configurations_v5.csv,,,1554.0,,,,CFG731_0bb38b2038fb1e69,DERIVED,TWO_CHARACTERISTIC
CONFIG_e2e1823f9313e02a,Configuration,CFG731_9e051f7b4daa8c5e,SYNTHETIC,data/synthetic/configurations/731_synthetic_configurations_v5.csv,,,1555.0,,,,CFG731_9e051f7b4daa8c5e,DERIVED,TWO_CHARACTERISTIC
CONFIG_0ffdff5deff1bd3e,Configuration,CFG731_97796c9ac2811c94,SYNTHETIC,data/synthetic/configurations/731_synthetic_configurations_v5.csv,,,1557.0,,,,CFG731_97796c9ac2811c94,OBSERVED,REAL_OBSERVED
CONFIG_8ac948f9fdc1fc28,Configuration,CFG731_0c05dd0ad4f3894a,SYNTHETIC,data/synthetic/configurations/731_synthetic_configurations_v5.csv,,,1558.0,,,,CFG731_0c05dd0ad4f3894a,DERIVED,TWO_CHARACTERISTIC
CONFIG_3905649a8398ed48,Configuration,CFG731_d584b35cfce34cc7,SYNTHETIC,data/synthetic/configurations/731_synthetic_configurations_v5.csv,,,1560.0,,,,CFG731_d584b35cfce34cc7,DERIVED,TWO_CHARACTERISTIC
CONFIG_e710e77fc93e4fa6,Configuration,CFG731_395f3e5588a2c3c0,SYNTHETIC,data/synthetic/configurations/731_synthetic_configurations_v5.csv,,,1565.0,,,,CFG731_395f3e5588a2c3c0,OBSERVED,REAL_OBSERVED
CONFIG_d5dc7af39e5fefdf,Configuration,CFG731_66704b9e741527e4,SYNTHETIC,data/synthetic/configurations/731_synthetic_configurations_v5.csv,,,1566.0,,,,CFG731_66704b9e741527e4,DERIVED,TWO_CHARACTERISTIC
CONFIG_25bc4f6715c5087a,Configuration,CFG731_0b33555ff08fcd28,SYNTHETIC,data/synthetic/configurations/731_synthetic_configurations_v5.csv,,,1569.0,,,,CFG731_0b33555ff08fcd28,DERIVED,TWO_CHARACTERISTIC
CONFIG_13bf4493f6eed3ad,Configuration,CFG731_fe424f85d85e1c0c,SYNTHETIC,data/synthetic/configurations/731_synthetic_configurations_v5.csv,,,1573.0,,,,CFG731_fe424f85d85e1c0c,DERIVED,TWO_CHARACTERISTIC
CONFIG_53ed8e9e9e478c17,Configuration,CFG731_6f79ea186fcb433f,SYNTHETIC,data/synthetic/configurations/731_synthetic_configurations_v5.csv,,,1574.0,,,,CFG731_6f79ea186fcb433f,DERIVED,TWO_CHARACTERISTIC
CONFIG_ccc60370408f69c0,Configuration,CFG731_0cf73cced42104be,SYNTHETIC,data/synthetic/configurations/731_synthetic_configurations_v5.csv,,,1575.0,,,,CFG731_0cf73cced42104be,DERIVED,TWO_CHARACTERISTIC
CONFIG_5233457160c7e583,Configuration,CFG731_450eff458b4fe00f,SYNTHETIC,data/synthetic/configurations/731_synthetic_configurations_v5.csv,,,1576.0,,,,CFG731_450eff458b4fe00f,DERIVED,ONE_CHARACTERISTIC
CONFIG_65735d9c09c152c9,Configuration,CFG731_b228aa35c0b027ac,SYNTHETIC,data/synthetic/configurations/731_synthetic_configurations_v5.csv,,,1577.0,,,,CFG731_b228aa35c0b027ac,DERIVED,TWO_CHARACTERISTIC
CONFIG_1bdb2b23d5f1fa10,Configuration,CFG731_5bcbd41401fcf7c5,SYNTHETIC,data/synthetic/configurations/731_synthetic_configurations_v5.csv,,,1579.0,,,,CFG731_5bcbd41401fcf7c5,DERIVED,TWO_CHARACTERISTIC
CONFIG_cc5b557be2393c82,Configuration,CFG731_02cc92e24847d6c0,SYNTHETIC,data/synthetic/configurations/731_synthetic_configurations_v5.csv,,,1580.0,,,,CFG731_02cc92e24847d6c0,DERIVED,TWO_CHARACTERISTIC
CONFIG_70e841772d6c9cd4,Configuration,CFG731_ccfa4fc470f78c5b,SYNTHETIC,data/synthetic/configurations/731_synthetic_configurations_v5.csv,,,1584.0,,,,CFG731_ccfa4fc470f78c5b,DERIVED,TWO_CHARACTERISTIC
CONFIG_33140700b6b3b83b,Configuration,CFG731_698d5a2452cfb0ae,SYNTHETIC,data/synthetic/configurations/731_synthetic_configurations_v5.csv,,,1591.0,,,,CFG731_698d5a2452cfb0ae,DERIVED,TWO_CHARACTERISTIC
CONFIG_d02acd1166b212c2,Configuration,CFG731_164591062a2b3589,SYNTHETIC,data/synthetic/configurations/731_synthetic_configurations_v5.csv,,,1593.0,,,,CFG731_164591062a2b3589,OBSERVED,REAL_OBSERVED
CONFIG_8392bae5416ac9a6,Configuration,CFG731_076cad91966d4c34,SYNTHETIC,data/synthetic/configurations/731_synthetic_configurations_v5.csv,,,1596.0,,,,CFG731_076cad91966d4c34,OBSERVED,REAL_OBSERVED
CONFIG_4af5febfe6beeed2,Configuration,CFG731_aa8c30a4f1baca2e,SYNTHETIC,data/synthetic/configurations/731_synthetic_configurations_v5.csv,,,1597.0,,,,CFG731_aa8c30a4f1baca2e,DERIVED,DEPENDENCY_TWO_CHARACTERISTIC
CONFIG_4e9584366cc09779,Configuration,CFG731_e41b982d6fc688b8,SYNTHETIC,data/synthetic/configurations/731_synthetic_configurations_v5.csv,,,1598.0,,,,CFG731_e41b982d6fc688b8,DERIVED,ONE_CHARACTERISTIC
CONFIG_cb221eb1e4a68e47,Configuration,CFG731_f2b305fda5b7c1ed,SYNTHETIC,data/synthetic/configurations/731_synthetic_configurations_v5.csv,,,1600.0,,,,CFG731_f2b305fda5b7c1ed,DERIVED,TWO_CHARACTERISTIC
CONFIG_9e5f336b7501109a,Configuration,CFG731_fb9edbaa4769eb64,SYNTHETIC,data/synthetic/configurations/731_synthetic_configurations_v5.csv,,,1601.0,,,,CFG731_fb9edbaa4769eb64,DERIVED,TWO_CHARACTERISTIC
CONFIG_199fcc8ba7200970,Configuration,CFG731_6c87238a454f6526,SYNTHETIC,data/synthetic/configurations/731_synthetic_configurations_v5.csv,,,1605.0,,,,CFG731_6c87238a454f6526,DERIVED,TWO_CHARACTERISTIC
CONFIG_ce9ad65f277fc463,Configuration,CFG731_9421d0dfc4fe58b8,SYNTHETIC,data/synthetic/configurations/731_synthetic_configurations_v5.csv,,,1615.0,,,,CFG731_9421d0dfc4fe58b8,DERIVED,ONE_CHARACTERISTIC
CONFIG_a00254f8337c31c3,Configuration,CFG731_c7f03c03f3d87576,SYNTHETIC,data/synthetic/configurations/731_synthetic_configurations_v5.csv,,,1620.0,,,,CFG731_c7f03c03f3d87576,DERIVED,TWO_CHARACTERISTIC
CONFIG_96b9b8b8718d7af3,Configuration,CFG731_1c1e38b9d9215e16,SYNTHETIC,data/synthetic/configurations/731_synthetic_configurations_v5.csv,,,1624.0,,,,CFG731_1c1e38b9d9215e16,DERIVED,TWO_CHARACTERISTIC
CONFIG_c5467cb8eb37544b,Configuration,CFG731_1f7c154d7e34e86e,SYNTHETIC,data/synthetic/configurations/731_synthetic_configurations_v5.csv,,,1626.0,,,,CFG731_1f7c154d7e34e86e,DERIVED,ONE_CHARACTERISTIC
CONFIG_ce770623d99d6e73,Configuration,CFG731_3352d611bcf09d74,SYNTHETIC,data/synthetic/configurations/731_synthetic_configurations_v5.csv,,,1629.0,,,,CFG731_3352d611bcf09d74,DERIVED,ONE_CHARACTERISTIC
CONFIG_28247c33a3c8364e,Configuration,CFG731_61e03f690afcaa1a,SYNTHETIC,data/synthetic/configurations/731_synthetic_configurations_v5.csv,,,1630.0,,,,CFG731_61e03f690afcaa1a,DERIVED,TWO_CHARACTERISTIC
CONFIG_38216f0c21004007,Configuration,CFG731_65da22cd215fbcf6,SYNTHETIC,data/synthetic/configurations/731_synthetic_configurations_v5.csv,,,1631.0,,,,CFG731_65da22cd215fbcf6,DERIVED,DEPENDENCY_TWO_CHARACTERISTIC
CONFIG_c664537da425d0e9,Configuration,CFG731_ba992c997be2c116,SYNTHETIC,data/synthetic/configurations/731_synthetic_configurations_v5.csv,,,1632.0,,,,CFG731_ba992c997be2c116,DERIVED,DEPENDENCY_TWO_CHARACTERISTIC
CONFIG_bd88d0335c524ced,Configuration,CFG731_1d294b2de760852b,SYNTHETIC,data/synthetic/configurations/731_synthetic_configurations_v5.csv,,,1634.0,,,,CFG731_1d294b2de760852b,DERIVED,ONE_CHARACTERISTIC
CONFIG_8c8f9653a424a1aa,Configuration,CFG731_b525e5caba3146b8,SYNTHETIC,data/synthetic/configurations/731_synthetic_configurations_v5.csv,,,1639.0,,,,CFG731_b525e5caba3146b8,DERIVED,TWO_CHARACTERISTIC
CONFIG_2ea242832fcc87c3,Configuration,CFG731_7bb5689e4b06bfe5,SYNTHETIC,data/synthetic/configurations/731_synthetic_configurations_v5.csv,,,1643.0,,,,CFG731_7bb5689e4b06bfe5,DERIVED,TWO_CHARACTERISTIC
CONFIG_10d78b9e0a4f0fb7,Configuration,CFG731_d61fcc328619f135,SYNTHETIC,data/synthetic/configurations/731_synthetic_configurations_v5.csv,,,1645.0,,,,CFG731_d61fcc328619f135,DERIVED,TWO_CHARACTERISTIC
CONFIG_fe5eeec39f65176d,Configuration,CFG731_693e4f56d8944ca7,SYNTHETIC,data/synthetic/configurations/731_synthetic_configurations_v5.csv,,,1647.0,,,,CFG731_693e4f56d8944ca7,DERIVED,TWO_CHARACTERISTIC
CONFIG_1e0e0b017a11ef92,Configuration,CFG731_db395082b1a3b8ac,SYNTHETIC,data/synthetic/configurations/731_synthetic_configurations_v5.csv,,,1649.0,,,,CFG731_db395082b1a3b8ac,OBSERVED,REAL_OBSERVED
CONFIG_4dce1d5df08791af,Configuration,CFG731_d417765b001ea99c,SYNTHETIC,data/synthetic/configurations/731_synthetic_configurations_v5.csv,,,1650.0,,,,CFG731_d417765b001ea99c,DERIVED,TWO_CHARACTERISTIC
CONFIG_69bd2f374955e9e6,Configuration,CFG731_2cc93d20b679415d,SYNTHETIC,data/synthetic/configurations/731_synthetic_configurations_v5.csv,,,1651.0,,,,CFG731_2cc93d20b679415d,DERIVED,ONE_CHARACTERISTIC
CONFIG_380c9c0d7ff71b36,Configuration,CFG731_b848918cab1cb35d,SYNTHETIC,data/synthetic/configurations/731_synthetic_configurations_v5.csv,,,1652.0,,,,CFG731_b848918cab1cb35d,DERIVED,ONE_CHARACTERISTIC
CONFIG_155438114511b236,Configuration,CFG731_c82a485ead8848a8,SYNTHETIC,data/synthetic/configurations/731_synthetic_configurations_v5.csv,,,1653.0,,,,CFG731_c82a485ead8848a8,DERIVED,TWO_CHARACTERISTIC
CONFIG_ed5b9e86b8cf7c41,Configuration,CFG731_256f254632c47939,SYNTHETIC,data/synthetic/configurations/731_synthetic_configurations_v5.csv,,,1659.0,,,,CFG731_256f254632c47939,DERIVED,TWO_CHARACTERISTIC
CONFIG_ab16c131c78d8e4f,Configuration,CFG731_ae1c24f394311970,SYNTHETIC,data/synthetic/configurations/731_synthetic_configurations_v5.csv,,,1663.0,,,,CFG731_ae1c24f394311970,DERIVED,TWO_CHARACTERISTIC
CONFIG_225a60cf42204b3b,Configuration,CFG731_9e13de19970e4646,SYNTHETIC,data/synthetic/configurations/731_synthetic_configurations_v5.csv,,,1664.0,,,,CFG731_9e13de19970e4646,DERIVED,TWO_CHARACTERISTIC
CONFIG_d35991f257e2174e,Configuration,CFG731_96c2ea74f0083869,SYNTHETIC,data/synthetic/configurations/731_synthetic_configurations_v5.csv,,,1665.0,,,,CFG731_96c2ea74f0083869,OBSERVED,REAL_OBSERVED
CONFIG_333f0fc7c7518bdb,Configuration,CFG731_9e4e2d60f553c3c1,SYNTHETIC,data/synthetic/configurations/731_synthetic_configurations_v5.csv,,,1668.0,,,,CFG731_9e4e2d60f553c3c1,DERIVED,TWO_CHARACTERISTIC
CONFIG_6c6cefeff63fdefc,Configuration,CFG731_80409e6aafce9221,SYNTHETIC,data/synthetic/configurations/731_synthetic_configurations_v5.csv,,,1672.0,,,,CFG731_80409e6aafce9221,OBSERVED,REAL_OBSERVED
CONFIG_7e50a226b7dd2de6,Configuration,CFG731_f1614000023c2800,SYNTHETIC,data/synthetic/configurations/731_synthetic_configurations_v5.csv,,,1675.0,,,,CFG731_f1614000023c2800,OBSERVED,REAL_OBSERVED
CONFIG_e1a5267d87d267f4,Configuration,CFG731_b1531976c0d80b4a,SYNTHETIC,data/synthetic/configurations/731_synthetic_configurations_v5.csv,,,1676.0,,,,CFG731_b1531976c0d80b4a,DERIVED,ONE_CHARACTERISTIC
CONFIG_52192a005ef11658,Configuration,CFG731_eb5b34784d068b66,SYNTHETIC,data/synthetic/configurations/731_synthetic_configurations_v5.csv,,,1680.0,,,,CFG731_eb5b34784d068b66,OBSERVED,REAL_OBSERVED
CONFIG_dc3208df40117762,Configuration,CFG731_97e2f3cb3a53a1eb,SYNTHETIC,data/synthetic/configurations/731_synthetic_configurations_v5.csv,,,1683.0,,,,CFG731_97e2f3cb3a53a1eb,DERIVED,TWO_CHARACTERISTIC
CONFIG_c0de3a319a29a5d3,Configuration,CFG731_869fa66ce454e3e2,SYNTHETIC,data/synthetic/configurations/731_synthetic_configurations_v5.csv,,,1684.0,,,,CFG731_869fa66ce454e3e2,DERIVED,TWO_CHARACTERISTIC
CONFIG_e54270c99cd017cf,Configuration,CFG731_665dac4d746cec5c,SYNTHETIC,data/synthetic/configurations/731_synthetic_configurations_v5.csv,,,1686.0,,,,CFG731_665dac4d746cec5c,DERIVED,TWO_CHARACTERISTIC
CONFIG_9994e36c1a3c616d,Configuration,CFG731_1d59f25068204b01,SYNTHETIC,data/synthetic/configurations/731_synthetic_configurations_v5.csv,,,1689.0,,,,CFG731_1d59f25068204b01,DERIVED,TWO_CHARACTERISTIC
CONFIG_c8437dc0b1bc8f54,Configuration,CFG731_a7dc06adf945eba3,SYNTHETIC,data/synthetic/configurations/731_synthetic_configurations_v5.csv,,,1691.0,,,,CFG731_a7dc06adf945eba3,DERIVED,TWO_CHARACTERISTIC
CONFIG_4766386f4af22fce,Configuration,CFG731_0dc23d4863b02213,SYNTHETIC,data/synthetic/configurations/731_synthetic_configurations_v5.csv,,,1692.0,,,,CFG731_0dc23d4863b02213,DERIVED,TWO_CHARACTERISTIC
CONFIG_a18afd52f2aa4ab3,Configuration,CFG731_15f034f7c265528f,SYNTHETIC,data/synthetic/configurations/731_synthetic_configurations_v5.csv,,,1695.0,,,,CFG731_15f034f7c265528f,DERIVED,DEPENDENCY_TWO_CHARACTERISTIC
CONFIG_7a9fec0ffd1956af,Configuration,CFG731_495876b6233d3864,SYNTHETIC,data/synthetic/configurations/731_synthetic_configurations_v5.csv,,,1698.0,,,,CFG731_495876b6233d3864,DERIVED,ONE_CHARACTERISTIC
CONFIG_d12e3a434078681b,Configuration,CFG731_7bcb1438c1b3f9f2,SYNTHETIC,data/synthetic/configurations/731_synthetic_configurations_v5.csv,,,1699.0,,,,CFG731_7bcb1438c1b3f9f2,DERIVED,TWO_CHARACTERISTIC
CONFIG_e141f481ac5fdb86,Configuration,CFG731_29d0984f488e9adc,SYNTHETIC,data/synthetic/configurations/731_synthetic_configurations_v5.csv,,,1707.0,,,,CFG731_29d0984f488e9adc,DERIVED,TWO_CHARACTERISTIC
CONFIG_7d5a95b9cbebb674,Configuration,CFG731_afa90db347a19822,SYNTHETIC,data/synthetic/configurations/731_synthetic_configurations_v5.csv,,,1713.0,,,,CFG731_afa90db347a19822,DERIVED,TWO_CHARACTERISTIC
CONFIG_7019a88c07af43a5,Configuration,CFG731_c1a1465a132a9c1f,SYNTHETIC,data/synthetic/configurations/731_synthetic_configurations_v5.csv,,,1714.0,,,,CFG731_c1a1465a132a9c1f,DERIVED,TWO_CHARACTERISTIC
CONFIG_b1bca1f0fdb45d33,Configuration,CFG731_39890affe81b5eb5,SYNTHETIC,data/synthetic/configurations/731_synthetic_configurations_v5.csv,,,1719.0,,,,CFG731_39890affe81b5eb5,DERIVED,ONE_CHARACTERISTIC
CONFIG_dbd997425f4e16b6,Configuration,CFG731_bce3dde932972950,SYNTHETIC,data/synthetic/configurations/731_synthetic_configurations_v5.csv,,,1720.0,,,,CFG731_bce3dde932972950,OBSERVED,REAL_OBSERVED
CONFIG_e2f32ca23cc2da6c,Configuration,CFG731_9755a9db60d7534d,SYNTHETIC,data/synthetic/configurations/731_synthetic_configurations_v5.csv,,,1722.0,,,,CFG731_9755a9db60d7534d,OBSERVED,REAL_OBSERVED
CONFIG_c151842fabb799e2,Configuration,CFG731_54946322ece48230,SYNTHETIC,data/synthetic/configurations/731_synthetic_configurations_v5.csv,,,1725.0,,,,CFG731_54946322ece48230,DERIVED,TWO_CHARACTERISTIC
CONFIG_317cb4a41c1e1be1,Configuration,CFG731_c52f7eb3e0603707,SYNTHETIC,data/synthetic/configurations/731_synthetic_configurations_v5.csv,,,1731.0,,,,CFG731_c52f7eb3e0603707,DERIVED,TWO_CHARACTERISTIC
CONFIG_35e54511cb66f228,Configuration,CFG731_e4ddd81afd5c20d9,SYNTHETIC,data/synthetic/configurations/731_synthetic_configurations_v5.csv,,,1733.0,,,,CFG731_e4ddd81afd5c20d9,DERIVED,TWO_CHARACTERISTIC
CONFIG_e9dbd66e5b498d47,Configuration,CFG731_413818e8f670b01d,SYNTHETIC,data/synthetic/configurations/731_synthetic_configurations_v5.csv,,,1735.0,,,,CFG731_413818e8f670b01d,DERIVED,ONE_CHARACTERISTIC
CONFIG_542a32ca6a2b3e5d,Configuration,CFG731_36e9436664c2e1e3,SYNTHETIC,data/synthetic/configurations/731_synthetic_configurations_v5.csv,,,1736.0,,,,CFG731_36e9436664c2e1e3,OBSERVED,REAL_OBSERVED
CONFIG_f8b46229db792899,Configuration,CFG731_4d84757c3603b51c,SYNTHETIC,data/synthetic/configurations/731_synthetic_configurations_v5.csv,,,1737.0,,,,CFG731_4d84757c3603b51c,DERIVED,TWO_CHARACTERISTIC
CONFIG_4fc87cb8285b8027,Configuration,CFG731_86a2340212c01d2a,SYNTHETIC,data/synthetic/configurations/731_synthetic_configurations_v5.csv,,,1740.0,,,,CFG731_86a2340212c01d2a,DERIVED,ONE_CHARACTERISTIC
CONFIG_1d6d85d7a00b5149,Configuration,CFG731_775c3458f44938c0,SYNTHETIC,data/synthetic/configurations/731_synthetic_configurations_v5.csv,,,1744.0,,,,CFG731_775c3458f44938c0,OBSERVED,REAL_OBSERVED
CONFIG_418a4475f934fca8,Configuration,CFG731_ebf26b0112810ef9,SYNTHETIC,data/synthetic/configurations/731_synthetic_configurations_v5.csv,,,1755.0,,,,CFG731_ebf26b0112810ef9,OBSERVED,REAL_OBSERVED
CONFIG_ff357f823917ebee,Configuration,CFG731_91db1daa00b95603,SYNTHETIC,data/synthetic/configurations/731_synthetic_configurations_v5.csv,,,1761.0,,,,CFG731_91db1daa00b95603,DERIVED,TWO_CHARACTERISTIC
CONFIG_1dcf3598061e3bd4,Configuration,CFG731_e2e04c46506a7f9d,SYNTHETIC,data/synthetic/configurations/731_synthetic_configurations_v5.csv,,,1768.0,,,,CFG731_e2e04c46506a7f9d,DERIVED,TWO_CHARACTERISTIC
CONFIG_cd8175612ede292a,Configuration,CFG731_91159cdc457d0a9a,SYNTHETIC,data/synthetic/configurations/731_synthetic_configurations_v5.csv,,,1769.0,,,,CFG731_91159cdc457d0a9a,DERIVED,TWO_CHARACTERISTIC
CONFIG_8ea9374d6c213108,Configuration,CFG731_dca3d8725270dd93,SYNTHETIC,data/synthetic/configurations/731_synthetic_configurations_v5.csv,,,1775.0,,,,CFG731_dca3d8725270dd93,DERIVED,DEPENDENCY_TWO_CHARACTERISTIC
CONFIG_8a51982c4ab486ae,Configuration,CFG731_9267914435603df0,SYNTHETIC,data/synthetic/configurations/731_synthetic_configurations_v5.csv,,,1776.0,,,,CFG731_9267914435603df0,DERIVED,TWO_CHARACTERISTIC
CONFIG_a896e5c53db1f584,Configuration,CFG731_8216171cc39f78aa,SYNTHETIC,data/synthetic/configurations/731_synthetic_configurations_v5.csv,,,1777.0,,,,CFG731_8216171cc39f78aa,DERIVED,DEPENDENCY_TWO_CHARACTERISTIC
CONFIG_b172eaff733bd00d,Configuration,CFG731_dde2f7fe043f7ade,SYNTHETIC,data/synthetic/configurations/731_synthetic_configurations_v5.csv,,,1780.0,,,,CFG731_dde2f7fe043f7ade,OBSERVED,REAL_OBSERVED
CONFIG_aa9f4876165183df,Configuration,CFG731_83b7e9be7ecdb93b,SYNTHETIC,data/synthetic/configurations/731_synthetic_configurations_v5.csv,,,1782.0,,,,CFG731_83b7e9be7ecdb93b,DERIVED,TWO_CHARACTERISTIC
CONFIG_8a1d6f6ab9b417f1,Configuration,CFG731_bf623a3fc4d39d84,SYNTHETIC,data/synthetic/configurations/731_synthetic_configurations_v5.csv,,,1783.0,,,,CFG731_bf623a3fc4d39d84,DERIVED,TWO_CHARACTERISTIC
CONFIG_38172c4e54e172fb,Configuration,CFG731_3fb3f9d3dea4a198,SYNTHETIC,data/synthetic/configurations/731_synthetic_configurations_v5.csv,,,1784.0,,,,CFG731_3fb3f9d3dea4a198,DERIVED,TWO_CHARACTERISTIC
CONFIG_d980201274e46316,Configuration,CFG731_2688c6c5fd11ba8e,SYNTHETIC,data/synthetic/configurations/731_synthetic_configurations_v5.csv,,,1791.0,,,,CFG731_2688c6c5fd11ba8e,OBSERVED,REAL_OBSERVED
CONFIG_d74c893b6b69f3e5,Configuration,CFG731_f840cb2b069bdaac,SYNTHETIC,data/synthetic/configurations/731_synthetic_configurations_v5.csv,,,1792.0,,,,CFG731_f840cb2b069bdaac,DERIVED,TWO_CHARACTERISTIC
CONFIG_0956bef19cb0c2bf,Configuration,CFG731_95a64c12c70f922a,SYNTHETIC,data/synthetic/configurations/731_synthetic_configurations_v5.csv,,,1796.0,,,,CFG731_95a64c12c70f922a,OBSERVED,REAL_OBSERVED
CONFIG_03a74be713c70a2f,Configuration,CFG731_2686ab8bb7012e53,SYNTHETIC,data/synthetic/configurations/731_synthetic_configurations_v5.csv,,,1797.0,,,,CFG731_2686ab8bb7012e53,DERIVED,TWO_CHARACTERISTIC
CONFIG_b502d003e3bdd29f,Configuration,CFG731_6e096e946540ab4e,SYNTHETIC,data/synthetic/configurations/731_synthetic_configurations_v5.csv,,,1801.0,,,,CFG731_6e096e946540ab4e,OBSERVED,REAL_OBSERVED
CONFIG_60391c69f3664bd3,Configuration,CFG731_d0ecb3eeefd1c920,SYNTHETIC,data/synthetic/configurations/731_synthetic_configurations_v5.csv,,,1807.0,,,,CFG731_d0ecb3eeefd1c920,DERIVED,TWO_CHARACTERISTIC
CONFIG_a8e200b86fd28b5e,Configuration,CFG731_72c610ffb054f7c4,SYNTHETIC,data/synthetic/configurations/731_synthetic_configurations_v5.csv,,,1814.0,,,,CFG731_72c610ffb054f7c4,DERIVED,TWO_CHARACTERISTIC
CONFIG_8c41b917ae3b75b7,Configuration,CFG731_95fab1635f0a594b,SYNTHETIC,data/synthetic/configurations/731_synthetic_configurations_v5.csv,,,1816.0,,,,CFG731_95fab1635f0a594b,DERIVED,TWO_CHARACTERISTIC
CONFIG_56cb0ae230afabfd,Configuration,CFG731_172c288e777d2259,SYNTHETIC,data/synthetic/configurations/731_synthetic_configurations_v5.csv,,,1818.0,,,,CFG731_172c288e777d2259,DERIVED,TWO_CHARACTERISTIC
CONFIG_c2d8520e4bac6243,Configuration,CFG731_45d35cf8bc922687,SYNTHETIC,data/synthetic/configurations/731_synthetic_configurations_v5.csv,,,1820.0,,,,CFG731_45d35cf8bc922687,DERIVED,TWO_CHARACTERISTIC
CONFIG_5539fb667e66edc3,Configuration,CFG731_cc47430fac8438be,SYNTHETIC,data/synthetic/configurations/731_synthetic_configurations_v5.csv,,,1821.0,,,,CFG731_cc47430fac8438be,DERIVED,DEPENDENCY_TWO_CHARACTERISTIC
CONFIG_d2d1b21acb9212a4,Configuration,CFG731_9defb51135f6ef11,SYNTHETIC,data/synthetic/configurations/731_synthetic_configurations_v5.csv,,,1825.0,,,,CFG731_9defb51135f6ef11,DERIVED,TWO_CHARACTERISTIC
CONFIG_72754d4b933b1d51,Configuration,CFG731_791a0e440e2e9e12,SYNTHETIC,data/synthetic/configurations/731_synthetic_configurations_v5.csv,,,1826.0,,,,CFG731_791a0e440e2e9e12,DERIVED,TWO_CHARACTERISTIC
CONFIG_63fa6c775e59213f,Configuration,CFG731_bf1a00f34a3fe1c0,SYNTHETIC,data/synthetic/configurations/731_synthetic_configurations_v5.csv,,,1832.0,,,,CFG731_bf1a00f34a3fe1c0,DERIVED,TWO_CHARACTERISTIC
CONFIG_737635affba98a2e,Configuration,CFG731_24b3128196e55c23,SYNTHETIC,data/synthetic/configurations/731_synthetic_configurations_v5.csv,,,1834.0,,,,CFG731_24b3128196e55c23,DERIVED,ONE_CHARACTERISTIC
CONFIG_923723e3051f6030,Configuration,CFG731_8d9f29ebcd8f04bd,SYNTHETIC,data/synthetic/configurations/731_synthetic_configurations_v5.csv,,,1837.0,,,,CFG731_8d9f29ebcd8f04bd,DERIVED,DEPENDENCY_TWO_CHARACTERISTIC
CONFIG_1b19db99d99ab5c2,Configuration,CFG731_c2cd0c320ef0d703,SYNTHETIC,data/synthetic/configurations/731_synthetic_configurations_v5.csv,,,1838.0,,,,CFG731_c2cd0c320ef0d703,DERIVED,TWO_CHARACTERISTIC
CONFIG_61f62279b4eb90f9,Configuration,CFG731_b339d839e10eb209,SYNTHETIC,data/synthetic/configurations/731_synthetic_configurations_v5.csv,,,1841.0,,,,CFG731_b339d839e10eb209,DERIVED,TWO_CHARACTERISTIC
CONFIG_035ef1c9e4db8ea4,Configuration,CFG731_6b23b6b4c6e37300,SYNTHETIC,data/synthetic/configurations/731_synthetic_configurations_v5.csv,,,1843.0,,,,CFG731_6b23b6b4c6e37300,DERIVED,TWO_CHARACTERISTIC
CONFIG_0d87496ac5006743,Configuration,CFG731_c5f6df347f335327,SYNTHETIC,data/synthetic/configurations/731_synthetic_configurations_v5.csv,,,1844.0,,,,CFG731_c5f6df347f335327,DERIVED,TWO_CHARACTERISTIC
CONFIG_325c266357c5e82b,Configuration,CFG731_00533f723f7496de,SYNTHETIC,data/synthetic/configurations/731_synthetic_configurations_v5.csv,,,1846.0,,,,CFG731_00533f723f7496de,DERIVED,ONE_CHARACTERISTIC
CONFIG_bb0caeb6a4b1dc09,Configuration,CFG731_25171d8a9fc94ccc,SYNTHETIC,data/synthetic/configurations/731_synthetic_configurations_v5.csv,,,1847.0,,,,CFG731_25171d8a9fc94ccc,DERIVED,TWO_CHARACTERISTIC
CONFIG_4e04d17635f8511f,Configuration,CFG731_03ef652e52353f2f,SYNTHETIC,data/synthetic/configurations/731_synthetic_configurations_v5.csv,,,1849.0,,,,CFG731_03ef652e52353f2f,DERIVED,TWO_CHARACTERISTIC
CONFIG_bab15e8f32de4e3d,Configuration,CFG731_adfa7e5b1355ce87,SYNTHETIC,data/synthetic/configurations/731_synthetic_configurations_v5.csv,,,1850.0,,,,CFG731_adfa7e5b1355ce87,DERIVED,TWO_CHARACTERISTIC
CONFIG_e54c449ce521fd05,Configuration,CFG731_bd00839e452c6958,SYNTHETIC,data/synthetic/configurations/731_synthetic_configurations_v5.csv,,,1851.0,,,,CFG731_bd00839e452c6958,DERIVED,TWO_CHARACTERISTIC
CONFIG_f8321c40a9ccc4b3,Configuration,CFG731_1e3e39ce65cdb22f,SYNTHETIC,data/synthetic/configurations/731_synthetic_configurations_v5.csv,,,1852.0,,,,CFG731_1e3e39ce65cdb22f,DERIVED,TWO_CHARACTERISTIC
CONFIG_640a034fee3c0c2a,Configuration,CFG731_20d5aa6969b4ff70,SYNTHETIC,data/synthetic/configurations/731_synthetic_configurations_v5.csv,,,1853.0,,,,CFG731_20d5aa6969b4ff70,DERIVED,TWO_CHARACTERISTIC
CONFIG_538b06e884c53417,Configuration,CFG731_23a1ed9427c6dc1f,SYNTHETIC,data/synthetic/configurations/731_synthetic_configurations_v5.csv,,,1856.0,,,,CFG731_23a1ed9427c6dc1f,DERIVED,TWO_CHARACTERISTIC
CONFIG_fe9e8389ed4fa5f3,Configuration,CFG731_fc0b29ae617f0a6b,SYNTHETIC,data/synthetic/configurations/731_synthetic_configurations_v5.csv,,,1860.0,,,,CFG731_fc0b29ae617f0a6b,OBSERVED,REAL_OBSERVED
CONFIG_8bd6cddd1153a5b1,Configuration,CFG731_dabfe16503f243e3,SYNTHETIC,data/synthetic/configurations/731_synthetic_configurations_v5.csv,,,1866.0,,,,CFG731_dabfe16503f243e3,OBSERVED,REAL_OBSERVED
CONFIG_ff6327b6df295401,Configuration,CFG731_e639b12fcf678c13,SYNTHETIC,data/synthetic/configurations/731_synthetic_configurations_v5.csv,,,1868.0,,,,CFG731_e639b12fcf678c13,DERIVED,TWO_CHARACTERISTIC
CONFIG_c9340d53c80fb884,Configuration,CFG731_ef80bc09b85a457a,SYNTHETIC,data/synthetic/configurations/731_synthetic_configurations_v5.csv,,,1870.0,,,,CFG731_ef80bc09b85a457a,DERIVED,TWO_CHARACTERISTIC
CONFIG_1676791c4fb72f95,Configuration,CFG731_48cdab7e27c13199,SYNTHETIC,data/synthetic/configurations/731_synthetic_configurations_v5.csv,,,1872.0,,,,CFG731_48cdab7e27c13199,DERIVED,TWO_CHARACTERISTIC
CONFIG_ba17913a50f251d0,Configuration,CFG731_adf77af8b73e9cdc,SYNTHETIC,data/synthetic/configurations/731_synthetic_configurations_v5.csv,,,1874.0,,,,CFG731_adf77af8b73e9cdc,DERIVED,ONE_CHARACTERISTIC
CONFIG_31aadfa3f4d8171b,Configuration,CFG731_d32eee68715fee63,SYNTHETIC,data/synthetic/configurations/731_synthetic_configurations_v5.csv,,,1877.0,,,,CFG731_d32eee68715fee63,DERIVED,TWO_CHARACTERISTIC
CONFIG_b3f3bd17a22caa8f,Configuration,CFG731_e66ce98c9fc7fa3b,SYNTHETIC,data/synthetic/configurations/731_synthetic_configurations_v5.csv,,,1879.0,,,,CFG731_e66ce98c9fc7fa3b,DERIVED,TWO_CHARACTERISTIC
CONFIG_5a391cb39ef6de80,Configuration,CFG731_f57aa7e1d23d1414,SYNTHETIC,data/synthetic/configurations/731_synthetic_configurations_v5.csv,,,1880.0,,,,CFG731_f57aa7e1d23d1414,DERIVED,TWO_CHARACTERISTIC
CONFIG_4613edf8c60de0b2,Configuration,CFG731_ab173f5d7f545d2e,SYNTHETIC,data/synthetic/configurations/731_synthetic_configurations_v5.csv,,,1881.0,,,,CFG731_ab173f5d7f545d2e,DERIVED,TWO_CHARACTERISTIC
CONFIG_047709efa922391f,Configuration,CFG731_a89154111c50850c,SYNTHETIC,data/synthetic/configurations/731_synthetic_configurations_v5.csv,,,1884.0,,,,CFG731_a89154111c50850c,DERIVED,TWO_CHARACTERISTIC
CONFIG_8af4e2edfc0fa520,Configuration,CFG731_868fc79316fb0836,SYNTHETIC,data/synthetic/configurations/731_synthetic_configurations_v5.csv,,,1886.0,,,,CFG731_868fc79316fb0836,DERIVED,TWO_CHARACTERISTIC
CONFIG_e4451e6ce075b29f,Configuration,CFG731_adb08ca5dce20691,SYNTHETIC,data/synthetic/configurations/731_synthetic_configurations_v5.csv,,,1887.0,,,,CFG731_adb08ca5dce20691,OBSERVED,REAL_OBSERVED
CONFIG_2c54ca19215ba5fa,Configuration,CFG731_c563d973b2fc136b,SYNTHETIC,data/synthetic/configurations/731_synthetic_configurations_v5.csv,,,1888.0,,,,CFG731_c563d973b2fc136b,DERIVED,TWO_CHARACTERISTIC
CONFIG_54f591a8d7540eea,Configuration,CFG731_8ade52b2e74d0235,SYNTHETIC,data/synthetic/configurations/731_synthetic_configurations_v5.csv,,,1897.0,,,,CFG731_8ade52b2e74d0235,DERIVED,ONE_CHARACTERISTIC
CONFIG_1295851093035be7,Configuration,CFG731_d22e45d35b3b7f29,SYNTHETIC,data/synthetic/configurations/731_synthetic_configurations_v5.csv,,,1903.0,,,,CFG731_d22e45d35b3b7f29,DERIVED,TWO_CHARACTERISTIC
CONFIG_649d024d17ceaf7d,Configuration,CFG731_0064bc7bf2ed5868,SYNTHETIC,data/synthetic/configurations/731_synthetic_configurations_v5.csv,,,1904.0,,,,CFG731_0064bc7bf2ed5868,DERIVED,TWO_CHARACTERISTIC
CONFIG_60b72c25c1dc78d4,Configuration,CFG731_d9ddb62ada93458f,SYNTHETIC,data/synthetic/configurations/731_synthetic_configurations_v5.csv,,,1911.0,,,,CFG731_d9ddb62ada93458f,OBSERVED,REAL_OBSERVED
CONFIG_7a9ce56911b8504b,Configuration,CFG731_db27f1c998b6e675,SYNTHETIC,data/synthetic/configurations/731_synthetic_configurations_v5.csv,,,1913.0,,,,CFG731_db27f1c998b6e675,DERIVED,TWO_CHARACTERISTIC
CONFIG_22413d1b044634c2,Configuration,CFG731_b86bbf24b1c3a419,SYNTHETIC,data/synthetic/configurations/731_synthetic_configurations_v5.csv,,,1914.0,,,,CFG731_b86bbf24b1c3a419,OBSERVED,REAL_OBSERVED
CONFIG_7070ab6e29daa698,Configuration,CFG731_6077133dce604e06,SYNTHETIC,data/synthetic/configurations/731_synthetic_configurations_v5.csv,,,1917.0,,,,CFG731_6077133dce604e06,DERIVED,TWO_CHARACTERISTIC
CONFIG_7d40598024affcde,Configuration,CFG731_1962af6277da6f54,SYNTHETIC,data/synthetic/configurations/731_synthetic_configurations_v5.csv,,,1918.0,,,,CFG731_1962af6277da6f54,OBSERVED,REAL_OBSERVED
CONFIG_8240a84343e814a7,Configuration,CFG731_a21a59f437ae7e67,SYNTHETIC,data/synthetic/configurations/731_synthetic_configurations_v5.csv,,,1920.0,,,,CFG731_a21a59f437ae7e67,DERIVED,TWO_CHARACTERISTIC
CONFIG_4e7b190fc547ea19,Configuration,CFG731_d258fff6b39ba941,SYNTHETIC,data/synthetic/configurations/731_synthetic_configurations_v5.csv,,,1921.0,,,,CFG731_d258fff6b39ba941,DERIVED,TWO_CHARACTERISTIC
CONFIG_69ea271800ae2109,Configuration,CFG731_8bb159f1711e5f6c,SYNTHETIC,data/synthetic/configurations/731_synthetic_configurations_v5.csv,,,1922.0,,,,CFG731_8bb159f1711e5f6c,DERIVED,TWO_CHARACTERISTIC
CONFIG_9e7905ee4648529a,Configuration,CFG731_be2582bdf5536cbf,SYNTHETIC,data/synthetic/configurations/731_synthetic_configurations_v5.csv,,,1924.0,,,,CFG731_be2582bdf5536cbf,DERIVED,TWO_CHARACTERISTIC
CONFIG_4914a4d60546d06c,Configuration,CFG731_5882bd12beb09203,SYNTHETIC,data/synthetic/configurations/731_synthetic_configurations_v5.csv,,,1925.0,,,,CFG731_5882bd12beb09203,DERIVED,TWO_CHARACTERISTIC
CONFIG_1fcb5de0d18e4d2e,Configuration,CFG731_9d5f3b4b7b2dfa7b,SYNTHETIC,data/synthetic/configurations/731_synthetic_configurations_v5.csv,,,1926.0,,,,CFG731_9d5f3b4b7b2dfa7b,DERIVED,TWO_CHARACTERISTIC
CONFIG_55d1e9ed9b2070dd,Configuration,CFG731_4e6d408e3835a78c,SYNTHETIC,data/synthetic/configurations/731_synthetic_configurations_v5.csv,,,1930.0,,,,CFG731_4e6d408e3835a78c,DERIVED,TWO_CHARACTERISTIC
CONFIG_55be0eee00368da4,Configuration,CFG731_d8a10cfbf11bf067,SYNTHETIC,data/synthetic/configurations/731_synthetic_configurations_v5.csv,,,1931.0,,,,CFG731_d8a10cfbf11bf067,DERIVED,TWO_CHARACTERISTIC
CONFIG_ccfc042af8a33eee,Configuration,CFG731_f6855584dc97aa61,SYNTHETIC,data/synthetic/configurations/731_synthetic_configurations_v5.csv,,,1932.0,,,,CFG731_f6855584dc97aa61,DERIVED,TWO_CHARACTERISTIC
CONFIG_824b717b0d0ca9e1,Configuration,CFG731_31ef54b8ab17d3bb,SYNTHETIC,data/synthetic/configurations/731_synthetic_configurations_v5.csv,,,1933.0,,,,CFG731_31ef54b8ab17d3bb,DERIVED,TWO_CHARACTERISTIC
CONFIG_0315d3b612ee5157,Configuration,CFG731_7ea9692d4e5b6d1c,SYNTHETIC,data/synthetic/configurations/731_synthetic_configurations_v5.csv,,,1935.0,,,,CFG731_7ea9692d4e5b6d1c,DERIVED,TWO_CHARACTERISTIC
CONFIG_2e7bdc19a926596c,Configuration,CFG731_27ea251c0fb03f20,SYNTHETIC,data/synthetic/configurations/731_synthetic_configurations_v5.csv,,,1937.0,,,,CFG731_27ea251c0fb03f20,DERIVED,TWO_CHARACTERISTIC
CONFIG_5380be62a5170776,Configuration,CFG731_25765da4bfc4a3b0,SYNTHETIC,data/synthetic/configurations/731_synthetic_configurations_v5.csv,,,1938.0,,,,CFG731_25765da4bfc4a3b0,DERIVED,TWO_CHARACTERISTIC
CONFIG_94fcbae02a310880,Configuration,CFG731_1d3bf6638fef70ae,SYNTHETIC,data/synthetic/configurations/731_synthetic_configurations_v5.csv,,,1947.0,,,,CFG731_1d3bf6638fef70ae,DERIVED,TWO_CHARACTERISTIC
CONFIG_e008e96f4a073354,Configuration,CFG731_ee2238f976bbbb50,SYNTHETIC,data/synthetic/configurations/731_synthetic_configurations_v5.csv,,,1948.0,,,,CFG731_ee2238f976bbbb50,DERIVED,TWO_CHARACTERISTIC
CONFIG_d70082452a02df12,Configuration,CFG731_695e540255cc94da,SYNTHETIC,data/synthetic/configurations/731_synthetic_configurations_v5.csv,,,1950.0,,,,CFG731_695e540255cc94da,DERIVED,TWO_CHARACTERISTIC
CONFIG_b78b3ccfbf4e762e,Configuration,CFG731_20991e8bae2729c8,SYNTHETIC,data/synthetic/configurations/731_synthetic_configurations_v5.csv,,,1952.0,,,,CFG731_20991e8bae2729c8,DERIVED,TWO_CHARACTERISTIC
CONFIG_6318e1595f3752f0,Configuration,CFG731_613ed23f00a94a96,SYNTHETIC,data/synthetic/configurations/731_synthetic_configurations_v5.csv,,,1953.0,,,,CFG731_613ed23f00a94a96,OBSERVED,REAL_OBSERVED
CONFIG_ee40476be2fce26a,Configuration,CFG731_5feb84333ab424ba,SYNTHETIC,data/synthetic/configurations/731_synthetic_configurations_v5.csv,,,1959.0,,,,CFG731_5feb84333ab424ba,OBSERVED,REAL_OBSERVED
CONFIG_a30619297cffd742,Configuration,CFG731_901acdfc4a61ad77,SYNTHETIC,data/synthetic/configurations/731_synthetic_configurations_v5.csv,,,1960.0,,,,CFG731_901acdfc4a61ad77,OBSERVED,REAL_OBSERVED
CONFIG_df76ab1b54df0637,Configuration,CFG731_8ad503c0be7c64be,SYNTHETIC,data/synthetic/configurations/731_synthetic_configurations_v5.csv,,,1963.0,,,,CFG731_8ad503c0be7c64be,DERIVED,TWO_CHARACTERISTIC
CONFIG_5062aab698a407de,Configuration,CFG731_f18a3ccbf3550dd1,SYNTHETIC,data/synthetic/configurations/731_synthetic_configurations_v5.csv,,,1965.0,,,,CFG731_f18a3ccbf3550dd1,DERIVED,TWO_CHARACTERISTIC
CONFIG_032edfd0ddd7897a,Configuration,CFG731_e65df8b5affd7b05,SYNTHETIC,data/synthetic/configurations/731_synthetic_configurations_v5.csv,,,1967.0,,,,CFG731_e65df8b5affd7b05,DERIVED,TWO_CHARACTERISTIC
CONFIG_3af75997e8fe3f08,Configuration,CFG731_c63da0cdbb0b3444,SYNTHETIC,data/synthetic/configurations/731_synthetic_configurations_v5.csv,,,1968.0,,,,CFG731_c63da0cdbb0b3444,DERIVED,DEPENDENCY_TWO_CHARACTERISTIC
CONFIG_fc46e7ca13404eab,Configuration,CFG731_c4d0e2da53e6a22c,SYNTHETIC,data/synthetic/configurations/731_synthetic_configurations_v5.csv,,,1970.0,,,,CFG731_c4d0e2da53e6a22c,DERIVED,TWO_CHARACTERISTIC
CONFIG_6a4487593107bf18,Configuration,CFG731_7a885e8a3e0ce8ad,SYNTHETIC,data/synthetic/configurations/731_synthetic_configurations_v5.csv,,,1974.0,,,,CFG731_7a885e8a3e0ce8ad,DERIVED,TWO_CHARACTERISTIC
CONFIG_31ae3aee87ac3dac,Configuration,CFG731_a54fd8962307be18,SYNTHETIC,data/synthetic/configurations/731_synthetic_configurations_v5.csv,,,1976.0,,,,CFG731_a54fd8962307be18,DERIVED,TWO_CHARACTERISTIC
CONFIG_852896fd50729101,Configuration,CFG731_b757671ab14f2876,SYNTHETIC,data/synthetic/configurations/731_synthetic_configurations_v5.csv,,,1981.0,,,,CFG731_b757671ab14f2876,DERIVED,ONE_CHARACTERISTIC
CONFIG_29fb3ed26401c505,Configuration,CFG731_4cb65cc21b5b9f68,SYNTHETIC,data/synthetic/configurations/731_synthetic_configurations_v5.csv,,,1988.0,,,,CFG731_4cb65cc21b5b9f68,DERIVED,TWO_CHARACTERISTIC
CONFIG_8a10f08934faa318,Configuration,CFG731_2c93609b74717303,SYNTHETIC,data/synthetic/configurations/731_synthetic_configurations_v5.csv,,,1989.0,,,,CFG731_2c93609b74717303,DERIVED,ONE_CHARACTERISTIC
CONFIG_536289eb0d3e2d10,Configuration,CFG731_66d08fe5ae299557,SYNTHETIC,data/synthetic/configurations/731_synthetic_configurations_v5.csv,,,1995.0,,,,CFG731_66d08fe5ae299557,DERIVED,TWO_CHARACTERISTIC
CONFIG_408040f2ac3024ec,Configuration,CFG731_b1993800646f7cb3,SYNTHETIC,data/synthetic/configurations/731_synthetic_configurations_v5.csv,,,1996.0,,,,CFG731_b1993800646f7cb3,DERIVED,TWO_CHARACTERISTIC
CONFIG_d0985b89a19d61e9,Configuration,CFG731_fc05c65994b9f9f2,SYNTHETIC,data/synthetic/configurations/731_synthetic_configurations_v5.csv,,,1997.0,,,,CFG731_fc05c65994b9f9f2,DERIVED,TWO_CHARACTERISTIC
CONFIG_de789bd041bc1112,Configuration,CFG731_2db6c530f35d47b9,SYNTHETIC,data/synthetic/configurations/731_synthetic_configurations_v5.csv,,,2000.0,,,,CFG731_2db6c530f35d47b9,OBSERVED,REAL_OBSERVED
CONFIG_476394dd342f2eff,Configuration,CFG731_755046fae493cb9e,SYNTHETIC,data/synthetic/configurations/731_synthetic_configurations_v5.csv,,,2001.0,,,,CFG731_755046fae493cb9e,DERIVED,TWO_CHARACTERISTIC
CONFIG_d1eb678b301afd23,Configuration,CFG731_b48a547ba9b64245,SYNTHETIC,data/synthetic/configurations/731_synthetic_configurations_v5.csv,,,2003.0,,,,CFG731_b48a547ba9b64245,DERIVED,TWO_CHARACTERISTIC
CONFIG_be2db1953e2c91e8,Configuration,CFG731_9b48d8977da96686,SYNTHETIC,data/synthetic/configurations/731_synthetic_configurations_v5.csv,,,2005.0,,,,CFG731_9b48d8977da96686,DERIVED,TWO_CHARACTERISTIC
CONFIG_320341771400ec80,Configuration,CFG731_3bcde7f8df32303c,SYNTHETIC,data/synthetic/configurations/731_synthetic_configurations_v5.csv,,,2007.0,,,,CFG731_3bcde7f8df32303c,OBSERVED,REAL_OBSERVED
CONFIG_9831971c74dcaf3c,Configuration,CFG731_c37552e153d601ab,SYNTHETIC,data/synthetic/configurations/731_synthetic_configurations_v5.csv,,,2008.0,,,,CFG731_c37552e153d601ab,DERIVED,TWO_CHARACTERISTIC
CONFIG_d397141223733edf,Configuration,CFG731_63bbe1210f9fb0c1,SYNTHETIC,data/synthetic/configurations/731_synthetic_configurations_v5.csv,,,2009.0,,,,CFG731_63bbe1210f9fb0c1,DERIVED,TWO_CHARACTERISTIC
CONFIG_53d52f6362160007,Configuration,CFG731_90dc5a2ccc9e8c22,SYNTHETIC,data/synthetic/configurations/731_synthetic_configurations_v5.csv,,,2012.0,,,,CFG731_90dc5a2ccc9e8c22,DERIVED,TWO_CHARACTERISTIC
CONFIG_2d61ab57c03afdfa,Configuration,CFG731_49bb1327a04ca706,SYNTHETIC,data/synthetic/configurations/731_synthetic_configurations_v5.csv,,,2013.0,,,,CFG731_49bb1327a04ca706,DERIVED,DEPENDENCY_TWO_CHARACTERISTIC
CONFIG_4a9520a83778a4f8,Configuration,CFG731_de32c30417f0baf1,SYNTHETIC,data/synthetic/configurations/731_synthetic_configurations_v5.csv,,,2014.0,,,,CFG731_de32c30417f0baf1,DERIVED,ONE_CHARACTERISTIC
CONFIG_55ef6fe1ef99a7c4,Configuration,CFG731_77ac60f5637770e9,SYNTHETIC,data/synthetic/configurations/731_synthetic_configurations_v5.csv,,,2020.0,,,,CFG731_77ac60f5637770e9,DERIVED,TWO_CHARACTERISTIC
CONFIG_b867a52dc2365e72,Configuration,CFG731_8cfe8eddc16faf74,SYNTHETIC,data/synthetic/configurations/731_synthetic_configurations_v5.csv,,,2024.0,,,,CFG731_8cfe8eddc16faf74,DERIVED,TWO_CHARACTERISTIC
CONFIG_0d7430e71fcc155d,Configuration,CFG731_2381ca2b7b235e06,SYNTHETIC,data/synthetic/configurations/731_synthetic_configurations_v5.csv,,,2025.0,,,,CFG731_2381ca2b7b235e06,DERIVED,TWO_CHARACTERISTIC
CONFIG_76d2e5bcde404113,Configuration,CFG731_098da517f03c0deb,SYNTHETIC,data/synthetic/configurations/731_synthetic_configurations_v5.csv,,,2027.0,,,,CFG731_098da517f03c0deb,DERIVED,TWO_CHARACTERISTIC
CONFIG_9856834ffd7f823b,Configuration,CFG731_4158c57c64fd4dcc,SYNTHETIC,data/synthetic/configurations/731_synthetic_configurations_v5.csv,,,2030.0,,,,CFG731_4158c57c64fd4dcc,DERIVED,TWO_CHARACTERISTIC
CONFIG_92e7de8b3dcd064c,Configuration,CFG731_617247356a7014fb,SYNTHETIC,data/synthetic/configurations/731_synthetic_configurations_v5.csv,,,2032.0,,,,CFG731_617247356a7014fb,OBSERVED,REAL_OBSERVED
CONFIG_f98604c05ff4baa8,Configuration,CFG731_29521f988dd233e6,SYNTHETIC,data/synthetic/configurations/731_synthetic_configurations_v5.csv,,,2033.0,,,,CFG731_29521f988dd233e6,DERIVED,TWO_CHARACTERISTIC
CONFIG_c369e7e9378a3979,Configuration,CFG731_66527c2cd3f93f64,SYNTHETIC,data/synthetic/configurations/731_synthetic_configurations_v5.csv,,,2034.0,,,,CFG731_66527c2cd3f93f64,DERIVED,TWO_CHARACTERISTIC
CONFIG_3d0ed817c93feeb6,Configuration,CFG731_090330aa38b8e80b,SYNTHETIC,data/synthetic/configurations/731_synthetic_configurations_v5.csv,,,2036.0,,,,CFG731_090330aa38b8e80b,DERIVED,TWO_CHARACTERISTIC
CONFIG_3290dafb76489b84,Configuration,CFG731_ff3460f478ef969b,SYNTHETIC,data/synthetic/configurations/731_synthetic_configurations_v5.csv,,,2039.0,,,,CFG731_ff3460f478ef969b,DERIVED,DEPENDENCY_TWO_CHARACTERISTIC
CONFIG_d0aa509a301d7d94,Configuration,CFG731_a41fe4e67e82e94f,SYNTHETIC,data/synthetic/configurations/731_synthetic_configurations_v5.csv,,,2041.0,,,,CFG731_a41fe4e67e82e94f,DERIVED,TWO_CHARACTERISTIC
CONFIG_745a54722cce141f,Configuration,CFG731_59f86789e43d86f1,SYNTHETIC,data/synthetic/configurations/731_synthetic_configurations_v5.csv,,,2042.0,,,,CFG731_59f86789e43d86f1,DERIVED,ONE_CHARACTERISTIC
CONFIG_0c3d71f4688a69b5,Configuration,CFG731_7d6fec687910546d,SYNTHETIC,data/synthetic/configurations/731_synthetic_configurations_v5.csv,,,2046.0,,,,CFG731_7d6fec687910546d,DERIVED,TWO_CHARACTERISTIC
CONFIG_c507a527759faf0f,Configuration,CFG731_6ede5dc2097b5bcf,SYNTHETIC,data/synthetic/configurations/731_synthetic_configurations_v5.csv,,,2047.0,,,,CFG731_6ede5dc2097b5bcf,DERIVED,TWO_CHARACTERISTIC
CONFIG_0abc0ab97c7a6a4c,Configuration,CFG731_11da8cc369b71f5a,SYNTHETIC,data/synthetic/configurations/731_synthetic_configurations_v5.csv,,,2051.0,,,,CFG731_11da8cc369b71f5a,OBSERVED,REAL_OBSERVED
CONFIG_0c0f7c3479dc5215,Configuration,CFG731_b10c597ca89c3f56,SYNTHETIC,data/synthetic/configurations/731_synthetic_configurations_v5.csv,,,2056.0,,,,CFG731_b10c597ca89c3f56,OBSERVED,REAL_OBSERVED
CONFIG_f2ed864724efe7b3,Configuration,CFG731_af36a6c70f11950b,SYNTHETIC,data/synthetic/configurations/731_synthetic_configurations_v5.csv,,,2059.0,,,,CFG731_af36a6c70f11950b,DERIVED,TWO_CHARACTERISTIC
CONFIG_dd2bbb1438cdd7a7,Configuration,CFG731_ab4075c601d1397c,SYNTHETIC,data/synthetic/configurations/731_synthetic_configurations_v5.csv,,,2060.0,,,,CFG731_ab4075c601d1397c,OBSERVED,REAL_OBSERVED
CONFIG_0977634f1a9c706e,Configuration,CFG731_e80085d86d0bbfa9,SYNTHETIC,data/synthetic/configurations/731_synthetic_configurations_v5.csv,,,2061.0,,,,CFG731_e80085d86d0bbfa9,OBSERVED,REAL_OBSERVED
CONFIG_bd26ac774b651034,Configuration,CFG731_9e1cb28372f6bf0e,SYNTHETIC,data/synthetic/configurations/731_synthetic_configurations_v5.csv,,,2064.0,,,,CFG731_9e1cb28372f6bf0e,DERIVED,DEPENDENCY_TWO_CHARACTERISTIC
CONFIG_38fdcc489180ce2f,Configuration,CFG731_cc1ffa8901b19c27,SYNTHETIC,data/synthetic/configurations/731_synthetic_configurations_v5.csv,,,2065.0,,,,CFG731_cc1ffa8901b19c27,DERIVED,TWO_CHARACTERISTIC
CONFIG_2693fd7b386d706b,Configuration,CFG731_60ab3311c49ebbc6,SYNTHETIC,data/synthetic/configurations/731_synthetic_configurations_v5.csv,,,2067.0,,,,CFG731_60ab3311c49ebbc6,DERIVED,TWO_CHARACTERISTIC
CONFIG_546ba9115e55b4c3,Configuration,CFG731_6abef6894a44fcd0,SYNTHETIC,data/synthetic/configurations/731_synthetic_configurations_v5.csv,,,2068.0,,,,CFG731_6abef6894a44fcd0,DERIVED,TWO_CHARACTERISTIC
CONFIG_aba59df5df7b125f,Configuration,CFG731_5de6ca53a86b09c9,SYNTHETIC,data/synthetic/configurations/731_synthetic_configurations_v5.csv,,,2069.0,,,,CFG731_5de6ca53a86b09c9,DERIVED,TWO_CHARACTERISTIC
CONFIG_582311bc76f22919,Configuration,CFG731_5f2fdad66cde083e,SYNTHETIC,data/synthetic/configurations/731_synthetic_configurations_v5.csv,,,2070.0,,,,CFG731_5f2fdad66cde083e,DERIVED,ONE_CHARACTERISTIC
CONFIG_08177fbf713e4ec4,Configuration,CFG731_85b1e9bcb8b0b8be,SYNTHETIC,data/synthetic/configurations/731_synthetic_configurations_v5.csv,,,2072.0,,,,CFG731_85b1e9bcb8b0b8be,DERIVED,ONE_CHARACTERISTIC
CONFIG_c015d8000c11e425,Configuration,CFG731_27a6a5d76bec9515,SYNTHETIC,data/synthetic/configurations/731_synthetic_configurations_v5.csv,,,2073.0,,,,CFG731_27a6a5d76bec9515,DERIVED,TWO_CHARACTERISTIC
CONFIG_2292e57504c84a12,Configuration,CFG731_4ba013fed31fb45f,SYNTHETIC,data/synthetic/configurations/731_synthetic_configurations_v5.csv,,,2074.0,,,,CFG731_4ba013fed31fb45f,OBSERVED,REAL_OBSERVED
CONFIG_372fe96d97196c59,Configuration,CFG731_7e8127b22098c853,SYNTHETIC,data/synthetic/configurations/731_synthetic_configurations_v5.csv,,,2076.0,,,,CFG731_7e8127b22098c853,DERIVED,TWO_CHARACTERISTIC
CONFIG_d4b8a6a648c161a3,Configuration,CFG731_647ba867c6617269,SYNTHETIC,data/synthetic/configurations/731_synthetic_configurations_v5.csv,,,2078.0,,,,CFG731_647ba867c6617269,DERIVED,TWO_CHARACTERISTIC
CONFIG_ccf0ec92ff956a89,Configuration,CFG731_37c55138c4eebb90,SYNTHETIC,data/synthetic/configurations/731_synthetic_configurations_v5.csv,,,2082.0,,,,CFG731_37c55138c4eebb90,DERIVED,TWO_CHARACTERISTIC
CONFIG_8facbbdfd5a774c9,Configuration,CFG731_8e67aa9e7165e68f,SYNTHETIC,data/synthetic/configurations/731_synthetic_configurations_v5.csv,,,2084.0,,,,CFG731_8e67aa9e7165e68f,DERIVED,TWO_CHARACTERISTIC
CONFIG_578dc149db5e3894,Configuration,CFG731_608c0251ef380592,SYNTHETIC,data/synthetic/configurations/731_synthetic_configurations_v5.csv,,,2085.0,,,,CFG731_608c0251ef380592,OBSERVED,REAL_OBSERVED
CONFIG_563906de7188c92f,Configuration,CFG731_2e9ef53f42218763,SYNTHETIC,data/synthetic/configurations/731_synthetic_configurations_v5.csv,,,2087.0,,,,CFG731_2e9ef53f42218763,DERIVED,TWO_CHARACTERISTIC
CONFIG_1f7de4a5c465f8d7,Configuration,CFG731_63b50b6b631946e6,SYNTHETIC,data/synthetic/configurations/731_synthetic_configurations_v5.csv,,,2092.0,,,,CFG731_63b50b6b631946e6,DERIVED,TWO_CHARACTERISTIC
CONFIG_08ac3702810cd12b,Configuration,CFG731_b9f64e4d38245efe,SYNTHETIC,data/synthetic/configurations/731_synthetic_configurations_v5.csv,,,2093.0,,,,CFG731_b9f64e4d38245efe,DERIVED,TWO_CHARACTERISTIC
CONFIG_5990bcb70ce7e9aa,Configuration,CFG731_910ee0b4b8287063,SYNTHETIC,data/synthetic/configurations/731_synthetic_configurations_v5.csv,,,2095.0,,,,CFG731_910ee0b4b8287063,DERIVED,TWO_CHARACTERISTIC
CONFIG_3afc65d015df66af,Configuration,CFG731_27481a3518f630c6,SYNTHETIC,data/synthetic/configurations/731_synthetic_configurations_v5.csv,,,2100.0,,,,CFG731_27481a3518f630c6,DERIVED,TWO_CHARACTERISTIC
CONFIG_63c85fdb04ddf5f4,Configuration,CFG731_88a813121973f952,SYNTHETIC,data/synthetic/configurations/731_synthetic_configurations_v5.csv,,,2104.0,,,,CFG731_88a813121973f952,OBSERVED,REAL_OBSERVED
CONFIG_2ce422e103f40e0e,Configuration,CFG731_d05c8278d6301e9d,SYNTHETIC,data/synthetic/configurations/731_synthetic_configurations_v5.csv,,,2107.0,,,,CFG731_d05c8278d6301e9d,DERIVED,TWO_CHARACTERISTIC
CONFIG_d6a8c2f11b57926c,Configuration,CFG731_16cd4692a5f070ba,SYNTHETIC,data/synthetic/configurations/731_synthetic_configurations_v5.csv,,,2110.0,,,,CFG731_16cd4692a5f070ba,DERIVED,TWO_CHARACTERISTIC
CONFIG_8bbfc62e0daef2ce,Configuration,CFG731_cbbe948e572a42e8,SYNTHETIC,data/synthetic/configurations/731_synthetic_configurations_v5.csv,,,2113.0,,,,CFG731_cbbe948e572a42e8,DERIVED,ONE_CHARACTERISTIC
CONFIG_82ba05e271e5d5bf,Configuration,CFG731_5e196c3042b50ed0,SYNTHETIC,data/synthetic/configurations/731_synthetic_configurations_v5.csv,,,2119.0,,,,CFG731_5e196c3042b50ed0,DERIVED,TWO_CHARACTERISTIC
CONFIG_e0e41e5e21dcd892,Configuration,CFG731_f4b47bdd7a112596,SYNTHETIC,data/synthetic/configurations/731_synthetic_configurations_v5.csv,,,2121.0,,,,CFG731_f4b47bdd7a112596,DERIVED,TWO_CHARACTERISTIC
CONFIG_2382318825f3ebae,Configuration,CFG731_f9b0b8723f7e8c60,SYNTHETIC,data/synthetic/configurations/731_synthetic_configurations_v5.csv,,,2125.0,,,,CFG731_f9b0b8723f7e8c60,DERIVED,TWO_CHARACTERISTIC
CONFIG_eadef4e39e650209,Configuration,CFG731_d9234c84a58b99ae,SYNTHETIC,data/synthetic/configurations/731_synthetic_configurations_v5.csv,,,2126.0,,,,CFG731_d9234c84a58b99ae,DERIVED,ONE_CHARACTERISTIC
CONFIG_66f0578aadd06bd7,Configuration,CFG731_e1de683ed3edd33f,SYNTHETIC,data/synthetic/configurations/731_synthetic_configurations_v5.csv,,,2127.0,,,,CFG731_e1de683ed3edd33f,DERIVED,ONE_CHARACTERISTIC
CONFIG_053d141720ea94d4,Configuration,CFG731_3450383be0000281,SYNTHETIC,data/synthetic/configurations/731_synthetic_configurations_v5.csv,,,2129.0,,,,CFG731_3450383be0000281,DERIVED,TWO_CHARACTERISTIC
CONFIG_516edebb567b6ce4,Configuration,CFG731_141d6b58a722961b,SYNTHETIC,data/synthetic/configurations/731_synthetic_configurations_v5.csv,,,2131.0,,,,CFG731_141d6b58a722961b,OBSERVED,REAL_OBSERVED
CONFIG_2a7d4c0a1c2383a5,Configuration,CFG731_bc9146cb8459e9c2,SYNTHETIC,data/synthetic/configurations/731_synthetic_configurations_v5.csv,,,2135.0,,,,CFG731_bc9146cb8459e9c2,DERIVED,DEPENDENCY_TWO_CHARACTERISTIC
CONFIG_450c02672ae51a99,Configuration,CFG731_72e5000522fb6a51,SYNTHETIC,data/synthetic/configurations/731_synthetic_configurations_v5.csv,,,2137.0,,,,CFG731_72e5000522fb6a51,OBSERVED,REAL_OBSERVED
CONFIG_57d88f508d20baf4,Configuration,CFG731_d5d49996cad115b3,SYNTHETIC,data/synthetic/configurations/731_synthetic_configurations_v5.csv,,,2138.0,,,,CFG731_d5d49996cad115b3,DERIVED,ONE_CHARACTERISTIC
CONFIG_81f423dc93503a99,Configuration,CFG731_8c2005b3a4cbdd8a,SYNTHETIC,data/synthetic/configurations/731_synthetic_configurations_v5.csv,,,2144.0,,,,CFG731_8c2005b3a4cbdd8a,DERIVED,TWO_CHARACTERISTIC
CONFIG_4dbe8b4632770318,Configuration,CFG731_b2cfdbf46904c03f,SYNTHETIC,data/synthetic/configurations/731_synthetic_configurations_v5.csv,,,2146.0,,,,CFG731_b2cfdbf46904c03f,DERIVED,TWO_CHARACTERISTIC
CONFIG_43469d9a64679cfc,Configuration,CFG731_d7c031e2b589d088,SYNTHETIC,data/synthetic/configurations/731_synthetic_configurations_v5.csv,,,2147.0,,,,CFG731_d7c031e2b589d088,DERIVED,TWO_CHARACTERISTIC
CONFIG_18b0007710303b3e,Configuration,CFG731_c415544e9f0e8bb1,SYNTHETIC,data/synthetic/configurations/731_synthetic_configurations_v5.csv,,,2148.0,,,,CFG731_c415544e9f0e8bb1,DERIVED,TWO_CHARACTERISTIC
CONFIG_3e5978e32d639e6e,Configuration,CFG731_c4b74e40f4a24125,SYNTHETIC,data/synthetic/configurations/731_synthetic_configurations_v5.csv,,,2151.0,,,,CFG731_c4b74e40f4a24125,DERIVED,TWO_CHARACTERISTIC
CONFIG_c1573f2a3d4c188f,Configuration,CFG731_2c30adc3f721a104,SYNTHETIC,data/synthetic/configurations/731_synthetic_configurations_v5.csv,,,2155.0,,,,CFG731_2c30adc3f721a104,OBSERVED,REAL_OBSERVED
CONFIG_93cb1826707af9a8,Configuration,CFG731_55d3237d65c8a47c,SYNTHETIC,data/synthetic/configurations/731_synthetic_configurations_v5.csv,,,2158.0,,,,CFG731_55d3237d65c8a47c,DERIVED,TWO_CHARACTERISTIC
CONFIG_4ab528ec3eb6dbb6,Configuration,CFG731_c7103e34e50d624a,SYNTHETIC,data/synthetic/configurations/731_synthetic_configurations_v5.csv,,,2159.0,,,,CFG731_c7103e34e50d624a,DERIVED,TWO_CHARACTERISTIC
CONFIG_22285b585429ecf4,Configuration,CFG731_e565a13ef4701c2d,SYNTHETIC,data/synthetic/configurations/731_synthetic_configurations_v5.csv,,,2160.0,,,,CFG731_e565a13ef4701c2d,OBSERVED,REAL_OBSERVED
CONFIG_b5fd3a3467e8ee13,Configuration,CFG731_d2236ffbce524a06,SYNTHETIC,data/synthetic/configurations/731_synthetic_configurations_v5.csv,,,2165.0,,,,CFG731_d2236ffbce524a06,DERIVED,TWO_CHARACTERISTIC
CONFIG_f77048f424091f1e,Configuration,CFG731_04d60387371e1885,SYNTHETIC,data/synthetic/configurations/731_synthetic_configurations_v5.csv,,,2166.0,,,,CFG731_04d60387371e1885,DERIVED,TWO_CHARACTERISTIC
CONFIG_bf2f233687cd410f,Configuration,CFG731_f6025c8da02be6ce,SYNTHETIC,data/synthetic/configurations/731_synthetic_configurations_v5.csv,,,2170.0,,,,CFG731_f6025c8da02be6ce,DERIVED,TWO_CHARACTERISTIC
CONFIG_cbd6f02aab82ff5e,Configuration,CFG731_6ceb4e8172836111,SYNTHETIC,data/synthetic/configurations/731_synthetic_configurations_v5.csv,,,2172.0,,,,CFG731_6ceb4e8172836111,DERIVED,ONE_CHARACTERISTIC
CONFIG_ae3c09a3383715a4,Configuration,CFG731_122577678a9fbaa5,SYNTHETIC,data/synthetic/configurations/731_synthetic_configurations_v5.csv,,,2173.0,,,,CFG731_122577678a9fbaa5,DERIVED,TWO_CHARACTERISTIC
CONFIG_3925780de5031934,Configuration,CFG731_967a77b57dcbfcb0,SYNTHETIC,data/synthetic/configurations/731_synthetic_configurations_v5.csv,,,2174.0,,,,CFG731_967a77b57dcbfcb0,DERIVED,TWO_CHARACTERISTIC
CONFIG_1ac8b9f73f4d0103,Configuration,CFG731_5b19041707affaab,SYNTHETIC,data/synthetic/configurations/731_synthetic_configurations_v5.csv,,,2178.0,,,,CFG731_5b19041707affaab,DERIVED,TWO_CHARACTERISTIC
CONFIG_b7833502067d297f,Configuration,CFG731_214106ade9f79641,SYNTHETIC,data/synthetic/configurations/731_synthetic_configurations_v5.csv,,,2179.0,,,,CFG731_214106ade9f79641,DERIVED,TWO_CHARACTERISTIC
CONFIG_03274cf75d87c496,Configuration,CFG731_da6b811731deb07d,SYNTHETIC,data/synthetic/configurations/731_synthetic_configurations_v5.csv,,,2180.0,,,,CFG731_da6b811731deb07d,DERIVED,ONE_CHARACTERISTIC
CONFIG_6c615b56f09a8cf6,Configuration,CFG731_cf4d8202c634a1d4,SYNTHETIC,data/synthetic/configurations/731_synthetic_configurations_v5.csv,,,2186.0,,,,CFG731_cf4d8202c634a1d4,DERIVED,TWO_CHARACTERISTIC
CONFIG_d53fb22458e32a7d,Configuration,CFG731_a8d894aee1986066,SYNTHETIC,data/synthetic/configurations/731_synthetic_configurations_v5.csv,,,2188.0,,,,CFG731_a8d894aee1986066,DERIVED,TWO_CHARACTERISTIC
CONFIG_952e3896d227336f,Configuration,CFG731_fbf2539ea471ea5b,SYNTHETIC,data/synthetic/configurations/731_synthetic_configurations_v5.csv,,,2192.0,,,,CFG731_fbf2539ea471ea5b,DERIVED,TWO_CHARACTERISTIC
CONFIG_87c926e3d8c60d8e,Configuration,CFG731_8a33ad6b36ecf204,SYNTHETIC,data/synthetic/configurations/731_synthetic_configurations_v5.csv,,,2193.0,,,,CFG731_8a33ad6b36ecf204,DERIVED,TWO_CHARACTERISTIC
CONFIG_2c6fc57e784c4089,Configuration,CFG731_f2f16ec6756d8443,SYNTHETIC,data/synthetic/configurations/731_synthetic_configurations_v5.csv,,,2196.0,,,,CFG731_f2f16ec6756d8443,DERIVED,TWO_CHARACTERISTIC
CONFIG_02cf373e7daecbd6,Configuration,CFG731_81b14123b4e0fc34,SYNTHETIC,data/synthetic/configurations/731_synthetic_configurations_v5.csv,,,2201.0,,,,CFG731_81b14123b4e0fc34,DERIVED,TWO_CHARACTERISTIC
CONFIG_9ac82dab21aa34bc,Configuration,CFG731_8aefa69bf25cc5a6,SYNTHETIC,data/synthetic/configurations/731_synthetic_configurations_v5.csv,,,2203.0,,,,CFG731_8aefa69bf25cc5a6,DERIVED,TWO_CHARACTERISTIC
CONFIG_8d3438a423fa7a7f,Configuration,CFG731_17becc4d045fdd6e,SYNTHETIC,data/synthetic/configurations/731_synthetic_configurations_v5.csv,,,2206.0,,,,CFG731_17becc4d045fdd6e,OBSERVED,REAL_OBSERVED
CONFIG_3cf53f7cd27d6eda,Configuration,CFG731_8634a8a0a780401d,SYNTHETIC,data/synthetic/configurations/731_synthetic_configurations_v5.csv,,,2209.0,,,,CFG731_8634a8a0a780401d,DERIVED,TWO_CHARACTERISTIC
CONFIG_53445df6e18594fc,Configuration,CFG731_fcac286b50f37c22,SYNTHETIC,data/synthetic/configurations/731_synthetic_configurations_v5.csv,,,2210.0,,,,CFG731_fcac286b50f37c22,DERIVED,TWO_CHARACTERISTIC
CONFIG_ef50bec9e821a7dd,Configuration,CFG731_0acb7cb21878d0cf,SYNTHETIC,data/synthetic/configurations/731_synthetic_configurations_v5.csv,,,2211.0,,,,CFG731_0acb7cb21878d0cf,DERIVED,TWO_CHARACTERISTIC
CONFIG_518f77d888cd1972,Configuration,CFG731_0de2f6a333d94863,SYNTHETIC,data/synthetic/configurations/731_synthetic_configurations_v5.csv,,,2216.0,,,,CFG731_0de2f6a333d94863,DERIVED,TWO_CHARACTERISTIC
CONFIG_7b73fa930370279c,Configuration,CFG731_c8b190cd8da9a6dd,SYNTHETIC,data/synthetic/configurations/731_synthetic_configurations_v5.csv,,,2217.0,,,,CFG731_c8b190cd8da9a6dd,DERIVED,TWO_CHARACTERISTIC
CONFIG_6fc92b92a9d42957,Configuration,CFG731_64e162d496afc031,SYNTHETIC,data/synthetic/configurations/731_synthetic_configurations_v5.csv,,,2219.0,,,,CFG731_64e162d496afc031,DERIVED,ONE_CHARACTERISTIC
CONFIG_154942ef566e17f9,Configuration,CFG731_f70a752f030fca6e,SYNTHETIC,data/synthetic/configurations/731_synthetic_configurations_v5.csv,,,2221.0,,,,CFG731_f70a752f030fca6e,DERIVED,TWO_CHARACTERISTIC
CONFIG_173b7ee314af9f76,Configuration,CFG731_7d4c803343a40a05,SYNTHETIC,data/synthetic/configurations/731_synthetic_configurations_v5.csv,,,2222.0,,,,CFG731_7d4c803343a40a05,DERIVED,TWO_CHARACTERISTIC
CONFIG_e03aaf008ec5fc98,Configuration,CFG731_04e7216b1ba7f935,SYNTHETIC,data/synthetic/configurations/731_synthetic_configurations_v5.csv,,,2223.0,,,,CFG731_04e7216b1ba7f935,DERIVED,DEPENDENCY_TWO_CHARACTERISTIC
CONFIG_63d5160d63743e24,Configuration,CFG731_ef6e203c92a71c88,SYNTHETIC,data/synthetic/configurations/731_synthetic_configurations_v5.csv,,,2224.0,,,,CFG731_ef6e203c92a71c88,DERIVED,ONE_CHARACTERISTIC
CONFIG_9e8224af7973bfee,Configuration,CFG731_3c4babe78beeb112,SYNTHETIC,data/synthetic/configurations/731_synthetic_configurations_v5.csv,,,2225.0,,,,CFG731_3c4babe78beeb112,OBSERVED,REAL_OBSERVED
CONFIG_55f5e37b1785b95f,Configuration,CFG731_6a919c664c763f98,SYNTHETIC,data/synthetic/configurations/731_synthetic_configurations_v5.csv,,,2226.0,,,,CFG731_6a919c664c763f98,DERIVED,TWO_CHARACTERISTIC
CONFIG_24e1475a5c37c75d,Configuration,CFG731_bdd144687fe20504,SYNTHETIC,data/synthetic/configurations/731_synthetic_configurations_v5.csv,,,2230.0,,,,CFG731_bdd144687fe20504,DERIVED,TWO_CHARACTERISTIC
CONFIG_a511e211b1362692,Configuration,CFG731_6732a45f1271ab43,SYNTHETIC,data/synthetic/configurations/731_synthetic_configurations_v5.csv,,,2234.0,,,,CFG731_6732a45f1271ab43,DERIVED,TWO_CHARACTERISTIC
CONFIG_f3ffb24cca665a4f,Configuration,CFG731_d99c5302ecc2907e,SYNTHETIC,data/synthetic/configurations/731_synthetic_configurations_v5.csv,,,2236.0,,,,CFG731_d99c5302ecc2907e,DERIVED,TWO_CHARACTERISTIC
CONFIG_7b0b128f644f6955,Configuration,CFG731_03b7c52daf37d7c6,SYNTHETIC,data/synthetic/configurations/731_synthetic_configurations_v5.csv,,,2237.0,,,,CFG731_03b7c52daf37d7c6,DERIVED,TWO_CHARACTERISTIC
CONFIG_e65444f051e57a88,Configuration,CFG731_903051672b581bab,SYNTHETIC,data/synthetic/configurations/731_synthetic_configurations_v5.csv,,,2241.0,,,,CFG731_903051672b581bab,DERIVED,TWO_CHARACTERISTIC
CONFIG_6784724ff016f3b2,Configuration,CFG731_fa91f60062985c6d,SYNTHETIC,data/synthetic/configurations/731_synthetic_configurations_v5.csv,,,2250.0,,,,CFG731_fa91f60062985c6d,OBSERVED,REAL_OBSERVED
CONFIG_a3553126cbb00495,Configuration,CFG731_b8db8783f5774853,SYNTHETIC,data/synthetic/configurations/731_synthetic_configurations_v5.csv,,,2253.0,,,,CFG731_b8db8783f5774853,DERIVED,TWO_CHARACTERISTIC
CONFIG_5f52ecd27a74004a,Configuration,CFG731_5bb390da70b6fee3,SYNTHETIC,data/synthetic/configurations/731_synthetic_configurations_v5.csv,,,2260.0,,,,CFG731_5bb390da70b6fee3,OBSERVED,REAL_OBSERVED
CONFIG_14901e543d72c1ec,Configuration,CFG731_0c5cd97f5c20149b,SYNTHETIC,data/synthetic/configurations/731_synthetic_configurations_v5.csv,,,2266.0,,,,CFG731_0c5cd97f5c20149b,DERIVED,TWO_CHARACTERISTIC
CONFIG_b1575f058edafd01,Configuration,CFG731_467283c67651467d,SYNTHETIC,data/synthetic/configurations/731_synthetic_configurations_v5.csv,,,2268.0,,,,CFG731_467283c67651467d,DERIVED,TWO_CHARACTERISTIC
CONFIG_e3ca9bec69dd798a,Configuration,CFG731_7756caaf4e5e2963,SYNTHETIC,data/synthetic/configurations/731_synthetic_configurations_v5.csv,,,2269.0,,,,CFG731_7756caaf4e5e2963,DERIVED,ONE_CHARACTERISTIC
CONFIG_1f5b4ea04c55b7f1,Configuration,CFG731_dc326dfb039445c4,SYNTHETIC,data/synthetic/configurations/731_synthetic_configurations_v5.csv,,,2270.0,,,,CFG731_dc326dfb039445c4,DERIVED,TWO_CHARACTERISTIC
CONFIG_6e3433f7e4b037ac,Configuration,CFG731_5e037d5a44e366b4,SYNTHETIC,data/synthetic/configurations/731_synthetic_configurations_v5.csv,,,2271.0,,,,CFG731_5e037d5a44e366b4,DERIVED,TWO_CHARACTERISTIC
CONFIG_09777e1c70952f84,Configuration,CFG731_cd227defeca312c8,SYNTHETIC,data/synthetic/configurations/731_synthetic_configurations_v5.csv,,,2272.0,,,,CFG731_cd227defeca312c8,DERIVED,TWO_CHARACTERISTIC
CONFIG_f20766be6cd438c0,Configuration,CFG731_f23946dbf617272b,SYNTHETIC,data/synthetic/configurations/731_synthetic_configurations_v5.csv,,,2275.0,,,,CFG731_f23946dbf617272b,OBSERVED,REAL_OBSERVED
CONFIG_2f1cace91035eb2c,Configuration,CFG731_b2229c50a5d9ad96,SYNTHETIC,data/synthetic/configurations/731_synthetic_configurations_v5.csv,,,2277.0,,,,CFG731_b2229c50a5d9ad96,DERIVED,TWO_CHARACTERISTIC
CONFIG_bf19f4b71b274459,Configuration,CFG731_bbd32ea73f3dabf1,SYNTHETIC,data/synthetic/configurations/731_synthetic_configurations_v5.csv,,,2282.0,,,,CFG731_bbd32ea73f3dabf1,DERIVED,TWO_CHARACTERISTIC
CONFIG_84f3599f13eaf57a,Configuration,CFG731_d8843ca5e91f93ae,SYNTHETIC,data/synthetic/configurations/731_synthetic_configurations_v5.csv,,,2285.0,,,,CFG731_d8843ca5e91f93ae,DERIVED,ONE_CHARACTERISTIC
CONFIG_29a6d44db2600da2,Configuration,CFG731_ba17ab216ae91e1a,SYNTHETIC,data/synthetic/configurations/731_synthetic_configurations_v5.csv,,,2287.0,,,,CFG731_ba17ab216ae91e1a,DERIVED,TWO_CHARACTERISTIC
CONFIG_068da0640c11f58e,Configuration,CFG731_80619ff0be976225,SYNTHETIC,data/synthetic/configurations/731_synthetic_configurations_v5.csv,,,2289.0,,,,CFG731_80619ff0be976225,OBSERVED,REAL_OBSERVED
CONFIG_ad3f5c01e0aebfe9,Configuration,CFG731_265337e27ab1207c,SYNTHETIC,data/synthetic/configurations/731_synthetic_configurations_v5.csv,,,2291.0,,,,CFG731_265337e27ab1207c,OBSERVED,REAL_OBSERVED
CONFIG_4e52665669a95c3e,Configuration,CFG731_ad54a3e31832f7d2,SYNTHETIC,data/synthetic/configurations/731_synthetic_configurations_v5.csv,,,2292.0,,,,CFG731_ad54a3e31832f7d2,OBSERVED,REAL_OBSERVED
CONFIG_d4e208cb87d4c183,Configuration,CFG731_4873af75a59b7524,SYNTHETIC,data/synthetic/configurations/731_synthetic_configurations_v5.csv,,,2297.0,,,,CFG731_4873af75a59b7524,DERIVED,TWO_CHARACTERISTIC
CONFIG_5cf823285a53dd49,Configuration,CFG731_e9d0b2e8adb3aa6d,SYNTHETIC,data/synthetic/configurations/731_synthetic_configurations_v5.csv,,,2298.0,,,,CFG731_e9d0b2e8adb3aa6d,DERIVED,TWO_CHARACTERISTIC
CONFIG_58bcf7fe6f974264,Configuration,CFG731_30ccf87da13edf1e,SYNTHETIC,data/synthetic/configurations/731_synthetic_configurations_v5.csv,,,2299.0,,,,CFG731_30ccf87da13edf1e,DERIVED,TWO_CHARACTERISTIC
CONFIG_aabeda044b0fe76c,Configuration,CFG731_9f9a8730b26472c2,SYNTHETIC,data/synthetic/configurations/731_synthetic_configurations_v5.csv,,,2301.0,,,,CFG731_9f9a8730b26472c2,OBSERVED,REAL_OBSERVED
CONFIG_dbf2a544f1e036de,Configuration,CFG731_dac27b97cd6b7ff8,SYNTHETIC,data/synthetic/configurations/731_synthetic_configurations_v5.csv,,,2302.0,,,,CFG731_dac27b97cd6b7ff8,DERIVED,TWO_CHARACTERISTIC
CONFIG_e24d411c0ce3524c,Configuration,CFG731_04a704e692f8fd05,SYNTHETIC,data/synthetic/configurations/731_synthetic_configurations_v5.csv,,,2305.0,,,,CFG731_04a704e692f8fd05,OBSERVED,REAL_OBSERVED
CONFIG_79a6dd27ec4072f4,Configuration,CFG731_178cf1499676fe1d,SYNTHETIC,data/synthetic/configurations/731_synthetic_configurations_v5.csv,,,2307.0,,,,CFG731_178cf1499676fe1d,DERIVED,TWO_CHARACTERISTIC
CONFIG_862e8419b1bff980,Configuration,CFG731_c4cc21845d696c93,SYNTHETIC,data/synthetic/configurations/731_synthetic_configurations_v5.csv,,,2308.0,,,,CFG731_c4cc21845d696c93,OBSERVED,REAL_OBSERVED
CONFIG_32517e98d70f3eb9,Configuration,CFG731_a04cb2bbaa13d22b,SYNTHETIC,data/synthetic/configurations/731_synthetic_configurations_v5.csv,,,2309.0,,,,CFG731_a04cb2bbaa13d22b,DERIVED,TWO_CHARACTERISTIC
CONFIG_9edb395d51ff461a,Configuration,CFG731_e1a359096a360a7b,SYNTHETIC,data/synthetic/configurations/731_synthetic_configurations_v5.csv,,,2318.0,,,,CFG731_e1a359096a360a7b,DERIVED,ONE_CHARACTERISTIC
CONFIG_3e42786452c5ab61,Configuration,CFG731_923f6cb4226dc2a4,SYNTHETIC,data/synthetic/configurations/731_synthetic_configurations_v5.csv,,,2319.0,,,,CFG731_923f6cb4226dc2a4,DERIVED,TWO_CHARACTERISTIC
CONFIG_ebe449fcc41363f0,Configuration,CFG731_f9097d199501f9dc,SYNTHETIC,data/synthetic/configurations/731_synthetic_configurations_v5.csv,,,2320.0,,,,CFG731_f9097d199501f9dc,DERIVED,TWO_CHARACTERISTIC
CONFIG_42700a089b4cd434,Configuration,CFG731_7d1aac31230162fc,SYNTHETIC,data/synthetic/configurations/731_synthetic_configurations_v5.csv,,,2324.0,,,,CFG731_7d1aac31230162fc,OBSERVED,REAL_OBSERVED
CONFIG_66197469b1e743c9,Configuration,CFG731_3823a7587dcc8acd,SYNTHETIC,data/synthetic/configurations/731_synthetic_configurations_v5.csv,,,2329.0,,,,CFG731_3823a7587dcc8acd,DERIVED,TWO_CHARACTERISTIC
CONFIG_4f3007f5771583dc,Configuration,CFG731_bcc5933e6fc2a98c,SYNTHETIC,data/synthetic/configurations/731_synthetic_configurations_v5.csv,,,2334.0,,,,CFG731_bcc5933e6fc2a98c,DERIVED,TWO_CHARACTERISTIC
CONFIG_56387ebc3a1f0968,Configuration,CFG731_fb3a51904298e616,SYNTHETIC,data/synthetic/configurations/731_synthetic_configurations_v5.csv,,,2341.0,,,,CFG731_fb3a51904298e616,OBSERVED,REAL_OBSERVED
CONFIG_5491b98004568f2c,Configuration,CFG731_ba522ec0a7a74924,SYNTHETIC,data/synthetic/configurations/731_synthetic_configurations_v5.csv,,,2342.0,,,,CFG731_ba522ec0a7a74924,DERIVED,TWO_CHARACTERISTIC
CONFIG_210bd60026f827fe,Configuration,CFG731_b80e7ed679169677,SYNTHETIC,data/synthetic/configurations/731_synthetic_configurations_v5.csv,,,2344.0,,,,CFG731_b80e7ed679169677,DERIVED,TWO_CHARACTERISTIC
CONFIG_ff102e9ab2a70ea6,Configuration,CFG731_c36cf51e843fda21,SYNTHETIC,data/synthetic/configurations/731_synthetic_configurations_v5.csv,,,2346.0,,,,CFG731_c36cf51e843fda21,DERIVED,TWO_CHARACTERISTIC
CONFIG_fd970235a6417eca,Configuration,CFG731_33a5773cf6a65e2e,SYNTHETIC,data/synthetic/configurations/731_synthetic_configurations_v5.csv,,,2349.0,,,,CFG731_33a5773cf6a65e2e,DERIVED,TWO_CHARACTERISTIC
CONFIG_8769d22dd47a59d4,Configuration,CFG731_e489ae1a5426e276,SYNTHETIC,data/synthetic/configurations/731_synthetic_configurations_v5.csv,,,2357.0,,,,CFG731_e489ae1a5426e276,OBSERVED,REAL_OBSERVED
CONFIG_e9fc1d02e9972719,Configuration,CFG731_0aa987e1ae960c88,SYNTHETIC,data/synthetic/configurations/731_synthetic_configurations_v5.csv,,,2358.0,,,,CFG731_0aa987e1ae960c88,OBSERVED,REAL_OBSERVED
CONFIG_66a08778fd9c3a71,Configuration,CFG731_41435e12137a7344,SYNTHETIC,data/synthetic/configurations/731_synthetic_configurations_v5.csv,,,2359.0,,,,CFG731_41435e12137a7344,DERIVED,TWO_CHARACTERISTIC
CONFIG_8d846a7c1d2a9583,Configuration,CFG731_5e0166a160f3ed77,SYNTHETIC,data/synthetic/configurations/731_synthetic_configurations_v5.csv,,,2360.0,,,,CFG731_5e0166a160f3ed77,DERIVED,TWO_CHARACTERISTIC
CONFIG_3fbeeaf66096dfcd,Configuration,CFG731_1f2a166cde9ede02,SYNTHETIC,data/synthetic/configurations/731_synthetic_configurations_v5.csv,,,2362.0,,,,CFG731_1f2a166cde9ede02,OBSERVED,REAL_OBSERVED
CONFIG_961ba9209f6bfb3a,Configuration,CFG731_3d3b1ab589678df9,SYNTHETIC,data/synthetic/configurations/731_synthetic_configurations_v5.csv,,,2364.0,,,,CFG731_3d3b1ab589678df9,DERIVED,ONE_CHARACTERISTIC
CONFIG_38915e260ee1116b,Configuration,CFG731_ddd1ce28a3456ff6,SYNTHETIC,data/synthetic/configurations/731_synthetic_configurations_v5.csv,,,2374.0,,,,CFG731_ddd1ce28a3456ff6,OBSERVED,REAL_OBSERVED
CONFIG_3576a4cffa10b7b6,Configuration,CFG731_aa9e47c85fcdb938,SYNTHETIC,data/synthetic/configurations/731_synthetic_configurations_v5.csv,,,2375.0,,,,CFG731_aa9e47c85fcdb938,DERIVED,TWO_CHARACTERISTIC
CONFIG_98369b6da34b59ec,Configuration,CFG731_761c71e98da39553,SYNTHETIC,data/synthetic/configurations/731_synthetic_configurations_v5.csv,,,2377.0,,,,CFG731_761c71e98da39553,DERIVED,TWO_CHARACTERISTIC
CONFIG_ad03c41ba51235fa,Configuration,CFG731_7c93880f0c6b22c5,SYNTHETIC,data/synthetic/configurations/731_synthetic_configurations_v5.csv,,,2382.0,,,,CFG731_7c93880f0c6b22c5,OBSERVED,REAL_OBSERVED
CONFIG_f204818d437025ad,Configuration,CFG731_1cbb464ec15ba84f,SYNTHETIC,data/synthetic/configurations/731_synthetic_configurations_v5.csv,,,2383.0,,,,CFG731_1cbb464ec15ba84f,DERIVED,TWO_CHARACTERISTIC
CONFIG_611a483c4a22d6d4,Configuration,CFG731_9cb3c996fff3863c,SYNTHETIC,data/synthetic/configurations/731_synthetic_configurations_v5.csv,,,2385.0,,,,CFG731_9cb3c996fff3863c,DERIVED,TWO_CHARACTERISTIC
CONFIG_dd405f457b030be5,Configuration,CFG731_b192ab056df1d8f7,SYNTHETIC,data/synthetic/configurations/731_synthetic_configurations_v5.csv,,,2389.0,,,,CFG731_b192ab056df1d8f7,DERIVED,TWO_CHARACTERISTIC
CONFIG_23e6cb8f75d8bdc5,Configuration,CFG731_aa082226d44cd876,SYNTHETIC,data/synthetic/configurations/731_synthetic_configurations_v5.csv,,,2398.0,,,,CFG731_aa082226d44cd876,DERIVED,TWO_CHARACTERISTIC
CONFIG_b044e90c85de241f,Configuration,CFG731_228013cfd0470f7a,SYNTHETIC,data/synthetic/configurations/731_synthetic_configurations_v5.csv,,,2399.0,,,,CFG731_228013cfd0470f7a,DERIVED,TWO_CHARACTERISTIC
CONFIG_6317abdb1490d439,Configuration,CFG731_932b427eaa87c8fa,SYNTHETIC,data/synthetic/configurations/731_synthetic_configurations_v5.csv,,,2400.0,,,,CFG731_932b427eaa87c8fa,DERIVED,TWO_CHARACTERISTIC
CONFIG_491a94baebc1443e,Configuration,CFG731_ceb13e5602925e38,SYNTHETIC,data/synthetic/configurations/731_synthetic_configurations_v5.csv,,,2404.0,,,,CFG731_ceb13e5602925e38,DERIVED,TWO_CHARACTERISTIC
CONFIG_cba4f67fd4e8788a,Configuration,CFG731_d3c5e4dea7afc531,SYNTHETIC,data/synthetic/configurations/731_synthetic_configurations_v5.csv,,,2414.0,,,,CFG731_d3c5e4dea7afc531,DERIVED,TWO_CHARACTERISTIC
CONFIG_de3de5130dc94510,Configuration,CFG731_52a32c0fb4bd3f9a,SYNTHETIC,data/synthetic/configurations/731_synthetic_configurations_v5.csv,,,2415.0,,,,CFG731_52a32c0fb4bd3f9a,DERIVED,TWO_CHARACTERISTIC
CONFIG_1a7d54e5e466d6cb,Configuration,CFG731_7393da73e12c3f06,SYNTHETIC,data/synthetic/configurations/731_synthetic_configurations_v5.csv,,,2420.0,,,,CFG731_7393da73e12c3f06,DERIVED,TWO_CHARACTERISTIC
CONFIG_553f614afd33b7da,Configuration,CFG731_adf05162c2c9fc8d,SYNTHETIC,data/synthetic/configurations/731_synthetic_configurations_v5.csv,,,2421.0,,,,CFG731_adf05162c2c9fc8d,DERIVED,TWO_CHARACTERISTIC
CONFIG_59ddaa8b23a1f87c,Configuration,CFG731_bcb75237dcbc3975,SYNTHETIC,data/synthetic/configurations/731_synthetic_configurations_v5.csv,,,2423.0,,,,CFG731_bcb75237dcbc3975,DERIVED,TWO_CHARACTERISTIC
CONFIG_0b35890a70c355b1,Configuration,CFG731_d0927fe178fd9279,SYNTHETIC,data/synthetic/configurations/731_synthetic_configurations_v5.csv,,,2426.0,,,,CFG731_d0927fe178fd9279,DERIVED,TWO_CHARACTERISTIC
CONFIG_316c075d377dd571,Configuration,CFG731_066f7ea81f7d110c,SYNTHETIC,data/synthetic/configurations/731_synthetic_configurations_v5.csv,,,2427.0,,,,CFG731_066f7ea81f7d110c,DERIVED,TWO_CHARACTERISTIC
CONFIG_ecc24749fa6f958a,Configuration,CFG731_5afc698ebd8d5284,SYNTHETIC,data/synthetic/configurations/731_synthetic_configurations_v5.csv,,,2428.0,,,,CFG731_5afc698ebd8d5284,DERIVED,TWO_CHARACTERISTIC
CONFIG_942d15c335e3feae,Configuration,CFG731_74d881f8ffd9c565,SYNTHETIC,data/synthetic/configurations/731_synthetic_configurations_v5.csv,,,2431.0,,,,CFG731_74d881f8ffd9c565,DERIVED,TWO_CHARACTERISTIC
CONFIG_1a9d6360b72d764c,Configuration,CFG731_c640b5e8e10ff5e6,SYNTHETIC,data/synthetic/configurations/731_synthetic_configurations_v5.csv,,,2433.0,,,,CFG731_c640b5e8e10ff5e6,DERIVED,TWO_CHARACTERISTIC
CONFIG_a8bb8f9234cb7a54,Configuration,CFG731_ec5204cc79b506a7,SYNTHETIC,data/synthetic/configurations/731_synthetic_configurations_v5.csv,,,2437.0,,,,CFG731_ec5204cc79b506a7,DERIVED,DEPENDENCY_TWO_CHARACTERISTIC
CONFIG_97f71b0737eccdc0,Configuration,CFG731_bcec8ceac2dbcc79,SYNTHETIC,data/synthetic/configurations/731_synthetic_configurations_v5.csv,,,2438.0,,,,CFG731_bcec8ceac2dbcc79,OBSERVED,REAL_OBSERVED
CONFIG_04282aa6db2d519c,Configuration,CFG731_aaecd8f48f0639a0,SYNTHETIC,data/synthetic/configurations/731_synthetic_configurations_v5.csv,,,2443.0,,,,CFG731_aaecd8f48f0639a0,DERIVED,ONE_CHARACTERISTIC
CONFIG_dc048b2aeafc5e49,Configuration,CFG731_c32e1d5ad1662baf,SYNTHETIC,data/synthetic/configurations/731_synthetic_configurations_v5.csv,,,2448.0,,,,CFG731_c32e1d5ad1662baf,DERIVED,TWO_CHARACTERISTIC
CONFIG_6b233abf7dc3342d,Configuration,CFG731_e4f7fe15e8ccf2c9,SYNTHETIC,data/synthetic/configurations/731_synthetic_configurations_v5.csv,,,2452.0,,,,CFG731_e4f7fe15e8ccf2c9,DERIVED,TWO_CHARACTERISTIC
CONFIG_965e664962040f08,Configuration,CFG731_2be17a56b0589fd1,SYNTHETIC,data/synthetic/configurations/731_synthetic_configurations_v5.csv,,,2456.0,,,,CFG731_2be17a56b0589fd1,OBSERVED,REAL_OBSERVED
CONFIG_0c5cbf96d1456022,Configuration,CFG731_a385518a9f31baa0,SYNTHETIC,data/synthetic/configurations/731_synthetic_configurations_v5.csv,,,2458.0,,,,CFG731_a385518a9f31baa0,DERIVED,TWO_CHARACTERISTIC
CONFIG_7ad770d7712d814b,Configuration,CFG731_809af1b5bbfb38fb,SYNTHETIC,data/synthetic/configurations/731_synthetic_configurations_v5.csv,,,2464.0,,,,CFG731_809af1b5bbfb38fb,OBSERVED,REAL_OBSERVED
CONFIG_15f95bc9a6ee4158,Configuration,CFG731_f5876a81d70adf82,SYNTHETIC,data/synthetic/configurations/731_synthetic_configurations_v5.csv,,,2469.0,,,,CFG731_f5876a81d70adf82,DERIVED,TWO_CHARACTERISTIC
CONFIG_2e2a98f15c63450e,Configuration,CFG731_7db8273b62ec69af,SYNTHETIC,data/synthetic/configurations/731_synthetic_configurations_v5.csv,,,2470.0,,,,CFG731_7db8273b62ec69af,DERIVED,TWO_CHARACTERISTIC
CONFIG_14d301378bae2662,Configuration,CFG731_7e4e2943182c4add,SYNTHETIC,data/synthetic/configurations/731_synthetic_configurations_v5.csv,,,2478.0,,,,CFG731_7e4e2943182c4add,DERIVED,TWO_CHARACTERISTIC
CONFIG_03c835215b304236,Configuration,CFG731_9ead457891029323,SYNTHETIC,data/synthetic/configurations/731_synthetic_configurations_v5.csv,,,2480.0,,,,CFG731_9ead457891029323,DERIVED,TWO_CHARACTERISTIC
CONFIG_44376d0631bc6ace,Configuration,CFG731_d59b14d4b0b9324d,SYNTHETIC,data/synthetic/configurations/731_synthetic_configurations_v5.csv,,,2481.0,,,,CFG731_d59b14d4b0b9324d,DERIVED,ONE_CHARACTERISTIC
CONFIG_3c1934d18196087a,Configuration,CFG731_8d5e2de17be427cc,SYNTHETIC,data/synthetic/configurations/731_synthetic_configurations_v5.csv,,,2482.0,,,,CFG731_8d5e2de17be427cc,DERIVED,TWO_CHARACTERISTIC
CONFIG_a8fa376b9c62d764,Configuration,CFG731_19f7d73d8e42e7bd,SYNTHETIC,data/synthetic/configurations/731_synthetic_configurations_v5.csv,,,2483.0,,,,CFG731_19f7d73d8e42e7bd,DERIVED,DEPENDENCY_TWO_CHARACTERISTIC
CONFIG_79b7e1a0919b74bf,Configuration,CFG731_25c733523f45b8a2,SYNTHETIC,data/synthetic/configurations/731_synthetic_configurations_v5.csv,,,2486.0,,,,CFG731_25c733523f45b8a2,DERIVED,TWO_CHARACTERISTIC
CONFIG_23e41f3cbe2b53ce,Configuration,CFG731_f693af423cd0a85a,SYNTHETIC,data/synthetic/configurations/731_synthetic_configurations_v5.csv,,,2487.0,,,,CFG731_f693af423cd0a85a,DERIVED,TWO_CHARACTERISTIC
CONFIG_ff3e625034a17f48,Configuration,CFG731_27279ceeaa7fc1fe,SYNTHETIC,data/synthetic/configurations/731_synthetic_configurations_v5.csv,,,2490.0,,,,CFG731_27279ceeaa7fc1fe,DERIVED,TWO_CHARACTERISTIC
CONFIG_2062246ff1692c1f,Configuration,CFG731_071845862a7aed14,SYNTHETIC,data/synthetic/configurations/731_synthetic_configurations_v5.csv,,,2493.0,,,,CFG731_071845862a7aed14,DERIVED,ONE_CHARACTERISTIC
CONFIG_47e68aab2cb36b7d,Configuration,CFG731_1dfb5999b1debe3a,SYNTHETIC,data/synthetic/configurations/731_synthetic_configurations_v5.csv,,,2496.0,,,,CFG731_1dfb5999b1debe3a,DERIVED,TWO_CHARACTERISTIC
CONFIG_de0fae16ad89c1e3,Configuration,CFG731_d057ad35aef0eea2,SYNTHETIC,data/synthetic/configurations/731_synthetic_configurations_v5.csv,,,2498.0,,,,CFG731_d057ad35aef0eea2,DERIVED,TWO_CHARACTERISTIC
CONFIG_959bdf06a7b8df56,Configuration,CFG731_a6d4830ed3aa2681,SYNTHETIC,data/synthetic/configurations/731_synthetic_configurations_v5.csv,,,2500.0,,,,CFG731_a6d4830ed3aa2681,OBSERVED,REAL_OBSERVED
CONFIG_446bda068152e837,Configuration,CFG731_39b102df312b9763,SYNTHETIC,data/synthetic/configurations/731_synthetic_configurations_v5.csv,,,2501.0,,,,CFG731_39b102df312b9763,DERIVED,TWO_CHARACTERISTIC
CONFIG_410d603572314dd9,Configuration,CFG731_08efe1333b2d7967,SYNTHETIC,data/synthetic/configurations/731_synthetic_configurations_v5.csv,,,2502.0,,,,CFG731_08efe1333b2d7967,DERIVED,TWO_CHARACTERISTIC
CONFIG_146ae24e1814e8d6,Configuration,CFG731_9a6bb2143f8f76ed,SYNTHETIC,data/synthetic/configurations/731_synthetic_configurations_v5.csv,,,2504.0,,,,CFG731_9a6bb2143f8f76ed,DERIVED,TWO_CHARACTERISTIC
CONFIG_2f374bf635ef8679,Configuration,CFG731_5718ef9495972b30,SYNTHETIC,data/synthetic/configurations/731_synthetic_configurations_v5.csv,,,2505.0,,,,CFG731_5718ef9495972b30,DERIVED,DEPENDENCY_TWO_CHARACTERISTIC
CONFIG_d3e7c19ee426a0b5,Configuration,CFG731_815c45454a3f88bd,SYNTHETIC,data/synthetic/configurations/731_synthetic_configurations_v5.csv,,,2510.0,,,,CFG731_815c45454a3f88bd,DERIVED,TWO_CHARACTERISTIC
CONFIG_94677d4d8d6a5868,Configuration,CFG731_4144999ac09e5fdc,SYNTHETIC,data/synthetic/configurations/731_synthetic_configurations_v5.csv,,,2524.0,,,,CFG731_4144999ac09e5fdc,DERIVED,TWO_CHARACTERISTIC
CONFIG_14d479c76a591c32,Configuration,CFG731_867e73503f493aa1,SYNTHETIC,data/synthetic/configurations/731_synthetic_configurations_v5.csv,,,2528.0,,,,CFG731_867e73503f493aa1,DERIVED,TWO_CHARACTERISTIC
CONFIG_b5bac49151abad0d,Configuration,CFG731_b5710e5f11e2cbc2,SYNTHETIC,data/synthetic/configurations/731_synthetic_configurations_v5.csv,,,2530.0,,,,CFG731_b5710e5f11e2cbc2,DERIVED,DEPENDENCY_TWO_CHARACTERISTIC
CONFIG_178a63619365bad7,Configuration,CFG731_1d7625425d9a9146,SYNTHETIC,data/synthetic/configurations/731_synthetic_configurations_v5.csv,,,2531.0,,,,CFG731_1d7625425d9a9146,OBSERVED,REAL_OBSERVED
CONFIG_5af5020f3e612f20,Configuration,CFG731_40f5d9ccf1b30166,SYNTHETIC,data/synthetic/configurations/731_synthetic_configurations_v5.csv,,,2533.0,,,,CFG731_40f5d9ccf1b30166,DERIVED,TWO_CHARACTERISTIC
CONFIG_28d463a769fd7a59,Configuration,CFG731_eaca39956a83b99d,SYNTHETIC,data/synthetic/configurations/731_synthetic_configurations_v5.csv,,,2535.0,,,,CFG731_eaca39956a83b99d,DERIVED,TWO_CHARACTERISTIC
CONFIG_27cea08039cc0af7,Configuration,CFG731_66e3d8f19772c311,SYNTHETIC,data/synthetic/configurations/731_synthetic_configurations_v5.csv,,,2542.0,,,,CFG731_66e3d8f19772c311,DERIVED,TWO_CHARACTERISTIC
CONFIG_6e03cddf58845234,Configuration,CFG731_1af3f9470bd904d5,SYNTHETIC,data/synthetic/configurations/731_synthetic_configurations_v5.csv,,,2544.0,,,,CFG731_1af3f9470bd904d5,DERIVED,TWO_CHARACTERISTIC
CONFIG_abbedae179dae9a0,Configuration,CFG731_dd35920267346811,SYNTHETIC,data/synthetic/configurations/731_synthetic_configurations_v5.csv,,,2553.0,,,,CFG731_dd35920267346811,DERIVED,ONE_CHARACTERISTIC
CONFIG_ac9149d7725dc057,Configuration,CFG731_091f946b84ae26df,SYNTHETIC,data/synthetic/configurations/731_synthetic_configurations_v5.csv,,,2554.0,,,,CFG731_091f946b84ae26df,DERIVED,TWO_CHARACTERISTIC
CONFIG_68b5f6fe69c8efcb,Configuration,CFG731_a5e5e12c08e4e838,SYNTHETIC,data/synthetic/configurations/731_synthetic_configurations_v5.csv,,,2555.0,,,,CFG731_a5e5e12c08e4e838,DERIVED,ONE_CHARACTERISTIC
CONFIG_8ef53550f7a68467,Configuration,CFG731_76101c3f14778541,SYNTHETIC,data/synthetic/configurations/731_synthetic_configurations_v5.csv,,,2556.0,,,,CFG731_76101c3f14778541,DERIVED,TWO_CHARACTERISTIC
CONFIG_d07c9b669ea2aa2d,Configuration,CFG731_192157d53112de14,SYNTHETIC,data/synthetic/configurations/731_synthetic_configurations_v5.csv,,,2561.0,,,,CFG731_192157d53112de14,DERIVED,ONE_CHARACTERISTIC
CONFIG_1943ba7a73ffd722,Configuration,CFG731_1e692ee109597ef2,SYNTHETIC,data/synthetic/configurations/731_synthetic_configurations_v5.csv,,,2564.0,,,,CFG731_1e692ee109597ef2,DERIVED,ONE_CHARACTERISTIC
CONFIG_2ecd8f1aeb131be9,Configuration,CFG731_a9a3aec4d12a20b6,SYNTHETIC,data/synthetic/configurations/731_synthetic_configurations_v5.csv,,,2566.0,,,,CFG731_a9a3aec4d12a20b6,DERIVED,TWO_CHARACTERISTIC
CONFIG_f72062bd2502e6da,Configuration,CFG731_b86fda83f997f894,SYNTHETIC,data/synthetic/configurations/731_synthetic_configurations_v5.csv,,,2569.0,,,,CFG731_b86fda83f997f894,OBSERVED,REAL_OBSERVED
CONFIG_8a3bf217b07586fd,Configuration,CFG731_8d69fd868569cb56,SYNTHETIC,data/synthetic/configurations/731_synthetic_configurations_v5.csv,,,2571.0,,,,CFG731_8d69fd868569cb56,DERIVED,TWO_CHARACTERISTIC
CONFIG_db1ba3e1240ba02b,Configuration,CFG731_d40b624cb7b84a81,SYNTHETIC,data/synthetic/configurations/731_synthetic_configurations_v5.csv,,,2573.0,,,,CFG731_d40b624cb7b84a81,OBSERVED,REAL_OBSERVED
CONFIG_21f89a584e5de04f,Configuration,CFG731_abc11b72fc871228,SYNTHETIC,data/synthetic/configurations/731_synthetic_configurations_v5.csv,,,2575.0,,,,CFG731_abc11b72fc871228,DERIVED,TWO_CHARACTERISTIC
CONFIG_d9991c68681ee00c,Configuration,CFG731_cb9e502c506da6fb,SYNTHETIC,data/synthetic/configurations/731_synthetic_configurations_v5.csv,,,2578.0,,,,CFG731_cb9e502c506da6fb,DERIVED,TWO_CHARACTERISTIC
CONFIG_66ee51826fd3efb3,Configuration,CFG731_12d9cb8d41e8f486,SYNTHETIC,data/synthetic/configurations/731_synthetic_configurations_v5.csv,,,2586.0,,,,CFG731_12d9cb8d41e8f486,OBSERVED,REAL_OBSERVED
CONFIG_ed11bc37155e63b9,Configuration,CFG731_70576b93aef3bc09,SYNTHETIC,data/synthetic/configurations/731_synthetic_configurations_v5.csv,,,2587.0,,,,CFG731_70576b93aef3bc09,DERIVED,TWO_CHARACTERISTIC
CONFIG_d81ccc628d5fa193,Configuration,CFG731_fe2a2a8faea232df,SYNTHETIC,data/synthetic/configurations/731_synthetic_configurations_v5.csv,,,2588.0,,,,CFG731_fe2a2a8faea232df,DERIVED,TWO_CHARACTERISTIC
CONFIG_6044d1acc2fe3a2a,Configuration,CFG731_c2add1f921eaf8c0,SYNTHETIC,data/synthetic/configurations/731_synthetic_configurations_v5.csv,,,2591.0,,,,CFG731_c2add1f921eaf8c0,DERIVED,TWO_CHARACTERISTIC
CONFIG_0e227a793693dba7,Configuration,CFG731_4804eb7da7298ac9,SYNTHETIC,data/synthetic/configurations/731_synthetic_configurations_v5.csv,,,2596.0,,,,CFG731_4804eb7da7298ac9,DERIVED,TWO_CHARACTERISTIC
CONFIG_e50a54cc1b91af84,Configuration,CFG731_d88bbd7a9dc2c859,SYNTHETIC,data/synthetic/configurations/731_synthetic_configurations_v5.csv,,,2597.0,,,,CFG731_d88bbd7a9dc2c859,DERIVED,TWO_CHARACTERISTIC
CONFIG_a91a51e218cdfc89,Configuration,CFG731_1feda2f4109d616a,SYNTHETIC,data/synthetic/configurations/731_synthetic_configurations_v5.csv,,,2605.0,,,,CFG731_1feda2f4109d616a,DERIVED,TWO_CHARACTERISTIC
CONFIG_16ea0f23fe9eacbe,Configuration,CFG731_9960254fcbb72292,SYNTHETIC,data/synthetic/configurations/731_synthetic_configurations_v5.csv,,,2606.0,,,,CFG731_9960254fcbb72292,DERIVED,TWO_CHARACTERISTIC
CONFIG_b0b34840243fa186,Configuration,CFG731_14b9d068df675bfb,SYNTHETIC,data/synthetic/configurations/731_synthetic_configurations_v5.csv,,,2610.0,,,,CFG731_14b9d068df675bfb,DERIVED,TWO_CHARACTERISTIC
CONFIG_337ef912076ae997,Configuration,CFG731_f8cc7d4d2ef53582,SYNTHETIC,data/synthetic/configurations/731_synthetic_configurations_v5.csv,,,2617.0,,,,CFG731_f8cc7d4d2ef53582,DERIVED,TWO_CHARACTERISTIC
CONFIG_67f76a6442463ba9,Configuration,CFG731_175dfbf580a50b51,SYNTHETIC,data/synthetic/configurations/731_synthetic_configurations_v5.csv,,,2619.0,,,,CFG731_175dfbf580a50b51,DERIVED,TWO_CHARACTERISTIC
CONFIG_05ab948e92937de9,Configuration,CFG731_8ba9be21909ddf85,SYNTHETIC,data/synthetic/configurations/731_synthetic_configurations_v5.csv,,,2625.0,,,,CFG731_8ba9be21909ddf85,DERIVED,TWO_CHARACTERISTIC
CONFIG_50458e6ba0072ad7,Configuration,CFG731_b628b65d59261136,SYNTHETIC,data/synthetic/configurations/731_synthetic_configurations_v5.csv,,,2626.0,,,,CFG731_b628b65d59261136,DERIVED,TWO_CHARACTERISTIC
CONFIG_e40468dc76979cb4,Configuration,CFG731_7b5593541cafaec0,SYNTHETIC,data/synthetic/configurations/731_synthetic_configurations_v5.csv,,,2629.0,,,,CFG731_7b5593541cafaec0,DERIVED,TWO_CHARACTERISTIC
CONFIG_76cf440aa7cd02c7,Configuration,CFG731_e4891d6f45902e22,SYNTHETIC,data/synthetic/configurations/731_synthetic_configurations_v5.csv,,,2630.0,,,,CFG731_e4891d6f45902e22,OBSERVED,REAL_OBSERVED
CONFIG_1402c6f065b511df,Configuration,CFG731_bd19068996653f41,SYNTHETIC,data/synthetic/configurations/731_synthetic_configurations_v5.csv,,,2631.0,,,,CFG731_bd19068996653f41,DERIVED,TWO_CHARACTERISTIC
CONFIG_a620c0290ccc84be,Configuration,CFG731_5619990314e85743,SYNTHETIC,data/synthetic/configurations/731_synthetic_configurations_v5.csv,,,2635.0,,,,CFG731_5619990314e85743,DERIVED,TWO_CHARACTERISTIC
CONFIG_db110a0661f681ac,Configuration,CFG731_b1693ef6b18686ac,SYNTHETIC,data/synthetic/configurations/731_synthetic_configurations_v5.csv,,,2640.0,,,,CFG731_b1693ef6b18686ac,DERIVED,ONE_CHARACTERISTIC
CONFIG_e99072a1d7ae8e88,Configuration,CFG731_8da1da530d6ae54d,SYNTHETIC,data/synthetic/configurations/731_synthetic_configurations_v5.csv,,,2649.0,,,,CFG731_8da1da530d6ae54d,OBSERVED,REAL_OBSERVED
CONFIG_ca43d4af67886b5f,Configuration,CFG731_7f5dac513f6d37a9,SYNTHETIC,data/synthetic/configurations/731_synthetic_configurations_v5.csv,,,2650.0,,,,CFG731_7f5dac513f6d37a9,DERIVED,TWO_CHARACTERISTIC
CONFIG_2b22de4cdaf054de,Configuration,CFG731_b92916814fce7b8e,SYNTHETIC,data/synthetic/configurations/731_synthetic_configurations_v5.csv,,,2651.0,,,,CFG731_b92916814fce7b8e,DERIVED,ONE_CHARACTERISTIC
CONFIG_904f98c8de84a8da,Configuration,CFG731_344e071da5be9e04,SYNTHETIC,data/synthetic/configurations/731_synthetic_configurations_v5.csv,,,2652.0,,,,CFG731_344e071da5be9e04,DERIVED,TWO_CHARACTERISTIC
CONFIG_67b82d85139b20e1,Configuration,CFG731_5295cce3f56da3fa,SYNTHETIC,data/synthetic/configurations/731_synthetic_configurations_v5.csv,,,2653.0,,,,CFG731_5295cce3f56da3fa,DERIVED,TWO_CHARACTERISTIC
CONFIG_efcf84b9a91e5ee9,Configuration,CFG731_198fe6b7784b4656,SYNTHETIC,data/synthetic/configurations/731_synthetic_configurations_v5.csv,,,2660.0,,,,CFG731_198fe6b7784b4656,DERIVED,TWO_CHARACTERISTIC
CONFIG_1f71145c73adc9a4,Configuration,CFG731_09db81b4dee54f57,SYNTHETIC,data/synthetic/configurations/731_synthetic_configurations_v5.csv,,,2663.0,,,,CFG731_09db81b4dee54f57,DERIVED,ONE_CHARACTERISTIC
CONFIG_644732fe440b000d,Configuration,CFG731_ecb8a8742e9204c7,SYNTHETIC,data/synthetic/configurations/731_synthetic_configurations_v5.csv,,,2665.0,,,,CFG731_ecb8a8742e9204c7,DERIVED,TWO_CHARACTERISTIC
CONFIG_693879cbc4729f34,Configuration,CFG731_181ea7d5a9c21b8c,SYNTHETIC,data/synthetic/configurations/731_synthetic_configurations_v5.csv,,,2667.0,,,,CFG731_181ea7d5a9c21b8c,OBSERVED,REAL_OBSERVED
CONFIG_0e081c56dc49dfc7,Configuration,CFG731_f3fed379f1eb01f9,SYNTHETIC,data/synthetic/configurations/731_synthetic_configurations_v5.csv,,,2671.0,,,,CFG731_f3fed379f1eb01f9,OBSERVED,REAL_OBSERVED
CONFIG_ac73718a89236fc5,Configuration,CFG731_c775e192f3d489e9,SYNTHETIC,data/synthetic/configurations/731_synthetic_configurations_v5.csv,,,2673.0,,,,CFG731_c775e192f3d489e9,OBSERVED,REAL_OBSERVED
CONFIG_5f438966fcb309b7,Configuration,CFG731_36c553adc9f5ebf3,SYNTHETIC,data/synthetic/configurations/731_synthetic_configurations_v5.csv,,,2678.0,,,,CFG731_36c553adc9f5ebf3,OBSERVED,REAL_OBSERVED
CONFIG_b170308da69180ae,Configuration,CFG731_b65f8c1aefa2a95b,SYNTHETIC,data/synthetic/configurations/731_synthetic_configurations_v5.csv,,,2679.0,,,,CFG731_b65f8c1aefa2a95b,DERIVED,ONE_CHARACTERISTIC
CONFIG_b056918ddddac66b,Configuration,CFG731_99b0e8b3e87f779a,SYNTHETIC,data/synthetic/configurations/731_synthetic_configurations_v5.csv,,,2688.0,,,,CFG731_99b0e8b3e87f779a,DERIVED,TWO_CHARACTERISTIC
CONFIG_ad05cb9ae2459c9f,Configuration,CFG731_5cded878b0996b37,SYNTHETIC,data/synthetic/configurations/731_synthetic_configurations_v5.csv,,,2689.0,,,,CFG731_5cded878b0996b37,DERIVED,TWO_CHARACTERISTIC
CONFIG_61901480f60682ac,Configuration,CFG731_d22124ab181ae0a4,SYNTHETIC,data/synthetic/configurations/731_synthetic_configurations_v5.csv,,,2690.0,,,,CFG731_d22124ab181ae0a4,DERIVED,TWO_CHARACTERISTIC
CONFIG_598d7f60101377ef,Configuration,CFG731_0bc69513c30c3b9d,SYNTHETIC,data/synthetic/configurations/731_synthetic_configurations_v5.csv,,,2692.0,,,,CFG731_0bc69513c30c3b9d,OBSERVED,REAL_OBSERVED
CONFIG_84a35ee2e4001a8e,Configuration,CFG731_a4275023636f03e8,SYNTHETIC,data/synthetic/configurations/731_synthetic_configurations_v5.csv,,,2693.0,,,,CFG731_a4275023636f03e8,DERIVED,TWO_CHARACTERISTIC
CONFIG_1b95815b365394ac,Configuration,CFG731_033fe1120fda8fbc,SYNTHETIC,data/synthetic/configurations/731_synthetic_configurations_v5.csv,,,2694.0,,,,CFG731_033fe1120fda8fbc,DERIVED,TWO_CHARACTERISTIC
CONFIG_b61b6f1484dbedc4,Configuration,CFG731_48332037deb06db4,SYNTHETIC,data/synthetic/configurations/731_synthetic_configurations_v5.csv,,,2695.0,,,,CFG731_48332037deb06db4,DERIVED,ONE_CHARACTERISTIC
CONFIG_7bc42ebba629f535,Configuration,CFG731_30c5366e624499a8,SYNTHETIC,data/synthetic/configurations/731_synthetic_configurations_v5.csv,,,2697.0,,,,CFG731_30c5366e624499a8,DERIVED,DEPENDENCY_TWO_CHARACTERISTIC
CONFIG_b4a14c7d960e77fd,Configuration,CFG731_0988a349490181d9,SYNTHETIC,data/synthetic/configurations/731_synthetic_configurations_v5.csv,,,2700.0,,,,CFG731_0988a349490181d9,DERIVED,TWO_CHARACTERISTIC
CONFIG_e97926c2be716bb2,Configuration,CFG731_b36f487da5008df2,SYNTHETIC,data/synthetic/configurations/731_synthetic_configurations_v5.csv,,,2703.0,,,,CFG731_b36f487da5008df2,DERIVED,TWO_CHARACTERISTIC
CONFIG_7fabdf555f18d31d,Configuration,CFG731_de503c5e46490150,SYNTHETIC,data/synthetic/configurations/731_synthetic_configurations_v5.csv,,,2705.0,,,,CFG731_de503c5e46490150,DERIVED,DEPENDENCY_TWO_CHARACTERISTIC
CONFIG_9d485e5543d6f4d5,Configuration,CFG731_804fd97f3e73ed8a,SYNTHETIC,data/synthetic/configurations/731_synthetic_configurations_v5.csv,,,2708.0,,,,CFG731_804fd97f3e73ed8a,DERIVED,TWO_CHARACTERISTIC
CONFIG_4e5748c0ee402083,Configuration,CFG731_46b923412e26d23a,SYNTHETIC,data/synthetic/configurations/731_synthetic_configurations_v5.csv,,,2710.0,,,,CFG731_46b923412e26d23a,DERIVED,TWO_CHARACTERISTIC
CONFIG_26736f57b250d2f8,Configuration,CFG731_f61d3bc030352da6,SYNTHETIC,data/synthetic/configurations/731_synthetic_configurations_v5.csv,,,2719.0,,,,CFG731_f61d3bc030352da6,DERIVED,ONE_CHARACTERISTIC
CONFIG_4f0d988a0a25cfb5,Configuration,CFG731_e93c1b11eaa21163,SYNTHETIC,data/synthetic/configurations/731_synthetic_configurations_v5.csv,,,2723.0,,,,CFG731_e93c1b11eaa21163,DERIVED,TWO_CHARACTERISTIC
CONFIG_ed256f848ddcaa66,Configuration,CFG731_c0de9fcc26bbc71b,SYNTHETIC,data/synthetic/configurations/731_synthetic_configurations_v5.csv,,,2726.0,,,,CFG731_c0de9fcc26bbc71b,DERIVED,TWO_CHARACTERISTIC
CONFIG_454cf28d8fab371a,Configuration,CFG731_14ec1773441318c2,SYNTHETIC,data/synthetic/configurations/731_synthetic_configurations_v5.csv,,,2732.0,,,,CFG731_14ec1773441318c2,DERIVED,TWO_CHARACTERISTIC
CONFIG_59b5826cf3d22bda,Configuration,CFG731_d3c5560c94fdc01f,SYNTHETIC,data/synthetic/configurations/731_synthetic_configurations_v5.csv,,,2733.0,,,,CFG731_d3c5560c94fdc01f,DERIVED,TWO_CHARACTERISTIC
CONFIG_38f0ecf083921981,Configuration,CFG731_0db950a4979d2c52,SYNTHETIC,data/synthetic/configurations/731_synthetic_configurations_v5.csv,,,2736.0,,,,CFG731_0db950a4979d2c52,OBSERVED,REAL_OBSERVED
CONFIG_18ffc007e4732853,Configuration,CFG731_27ec8892eacc701d,SYNTHETIC,data/synthetic/configurations/731_synthetic_configurations_v5.csv,,,2739.0,,,,CFG731_27ec8892eacc701d,DERIVED,TWO_CHARACTERISTIC
CONFIG_3737afc3c45092c4,Configuration,CFG731_447ecefb64ae83c3,SYNTHETIC,data/synthetic/configurations/731_synthetic_configurations_v5.csv,,,2740.0,,,,CFG731_447ecefb64ae83c3,DERIVED,TWO_CHARACTERISTIC
CONFIG_f6537f1f400df537,Configuration,CFG731_b761b914f76d159e,SYNTHETIC,data/synthetic/configurations/731_synthetic_configurations_v5.csv,,,2751.0,,,,CFG731_b761b914f76d159e,DERIVED,TWO_CHARACTERISTIC
CONFIG_a5c92e175e39d769,Configuration,CFG731_184ec550d64fe37e,SYNTHETIC,data/synthetic/configurations/731_synthetic_configurations_v5.csv,,,2758.0,,,,CFG731_184ec550d64fe37e,DERIVED,TWO_CHARACTERISTIC
CONFIG_3b351d9949514255,Configuration,CFG731_a38141e3f47b5259,SYNTHETIC,data/synthetic/configurations/731_synthetic_configurations_v5.csv,,,2761.0,,,,CFG731_a38141e3f47b5259,DERIVED,TWO_CHARACTERISTIC
CONFIG_6b03a7f972e2a4eb,Configuration,CFG731_e876419a6af1f4b8,SYNTHETIC,data/synthetic/configurations/731_synthetic_configurations_v5.csv,,,2766.0,,,,CFG731_e876419a6af1f4b8,DERIVED,TWO_CHARACTERISTIC
CONFIG_872d12541f523612,Configuration,CFG731_bbcb665ced67f8c3,SYNTHETIC,data/synthetic/configurations/731_synthetic_configurations_v5.csv,,,2767.0,,,,CFG731_bbcb665ced67f8c3,OBSERVED,REAL_OBSERVED
CONFIG_fd667b6048da0143,Configuration,CFG731_09c0748365bb17e2,SYNTHETIC,data/synthetic/configurations/731_synthetic_configurations_v5.csv,,,2768.0,,,,CFG731_09c0748365bb17e2,DERIVED,TWO_CHARACTERISTIC
CONFIG_09257ed56f2f9c08,Configuration,CFG731_2e60fd0380ec7150,SYNTHETIC,data/synthetic/configurations/731_synthetic_configurations_v5.csv,,,2771.0,,,,CFG731_2e60fd0380ec7150,DERIVED,TWO_CHARACTERISTIC
CONFIG_e9425411b9d974c4,Configuration,CFG731_a9a1b4f80067a4f8,SYNTHETIC,data/synthetic/configurations/731_synthetic_configurations_v5.csv,,,2776.0,,,,CFG731_a9a1b4f80067a4f8,DERIVED,TWO_CHARACTERISTIC
CONFIG_b46e38ffb3093e72,Configuration,CFG731_fcf6a3b44d96735f,SYNTHETIC,data/synthetic/configurations/731_synthetic_configurations_v5.csv,,,2778.0,,,,CFG731_fcf6a3b44d96735f,DERIVED,TWO_CHARACTERISTIC
CONFIG_fab201dec28004a6,Configuration,CFG731_f18f698820229a80,SYNTHETIC,data/synthetic/configurations/731_synthetic_configurations_v5.csv,,,2779.0,,,,CFG731_f18f698820229a80,DERIVED,TWO_CHARACTERISTIC
CONFIG_e74f520e97607ae6,Configuration,CFG731_7c358bf1aa4ea94e,SYNTHETIC,data/synthetic/configurations/731_synthetic_configurations_v5.csv,,,2781.0,,,,CFG731_7c358bf1aa4ea94e,DERIVED,ONE_CHARACTERISTIC
CONFIG_275c23afbeaf88c3,Configuration,CFG731_56f0dbd067fcbe02,SYNTHETIC,data/synthetic/configurations/731_synthetic_configurations_v5.csv,,,2785.0,,,,CFG731_56f0dbd067fcbe02,DERIVED,TWO_CHARACTERISTIC
CONFIG_072d11bc219d45a4,Configuration,CFG731_75b377161674dea1,SYNTHETIC,data/synthetic/configurations/731_synthetic_configurations_v5.csv,,,2786.0,,,,CFG731_75b377161674dea1,DERIVED,TWO_CHARACTERISTIC
CONFIG_311710f25f42aea5,Configuration,CFG731_4458dc2930ba5c51,SYNTHETIC,data/synthetic/configurations/731_synthetic_configurations_v5.csv,,,2795.0,,,,CFG731_4458dc2930ba5c51,DERIVED,TWO_CHARACTERISTIC
CONFIG_589d8b5f5ec69e5f,Configuration,CFG731_adf1bbb0fbae3d43,SYNTHETIC,data/synthetic/configurations/731_synthetic_configurations_v5.csv,,,2798.0,,,,CFG731_adf1bbb0fbae3d43,DERIVED,TWO_CHARACTERISTIC
CONFIG_7e05191cfe349c2c,Configuration,CFG731_ab7c99e095bc84f9,SYNTHETIC,data/synthetic/configurations/731_synthetic_configurations_v5.csv,,,2799.0,,,,CFG731_ab7c99e095bc84f9,DERIVED,TWO_CHARACTERISTIC
CONFIG_15028574b9e72bcc,Configuration,CFG731_ff04d32ca467d2a5,SYNTHETIC,data/synthetic/configurations/731_synthetic_configurations_v5.csv,,,2800.0,,,,CFG731_ff04d32ca467d2a5,DERIVED,TWO_CHARACTERISTIC
CONFIG_264d3a6c060c9b52,Configuration,CFG731_fd10dd35c97df399,SYNTHETIC,data/synthetic/configurations/731_synthetic_configurations_v5.csv,,,2805.0,,,,CFG731_fd10dd35c97df399,DERIVED,TWO_CHARACTERISTIC
CONFIG_99d46c3b65e189d1,Configuration,CFG731_098817d766a37bc2,SYNTHETIC,data/synthetic/configurations/731_synthetic_configurations_v5.csv,,,2811.0,,,,CFG731_098817d766a37bc2,OBSERVED,REAL_OBSERVED
CONFIG_cfa7be179f0a808a,Configuration,CFG731_7e2eb98eda74b038,SYNTHETIC,data/synthetic/configurations/731_synthetic_configurations_v5.csv,,,2812.0,,,,CFG731_7e2eb98eda74b038,DERIVED,TWO_CHARACTERISTIC
CONFIG_f1ff97137bb89497,Configuration,CFG731_0836695982aaa38c,SYNTHETIC,data/synthetic/configurations/731_synthetic_configurations_v5.csv,,,2817.0,,,,CFG731_0836695982aaa38c,DERIVED,TWO_CHARACTERISTIC
CONFIG_827f12d5ed93048e,Configuration,CFG731_64a8c9f7b7ef3a2d,SYNTHETIC,data/synthetic/configurations/731_synthetic_configurations_v5.csv,,,2821.0,,,,CFG731_64a8c9f7b7ef3a2d,DERIVED,TWO_CHARACTERISTIC
CONFIG_3ca9b3793528b7fc,Configuration,CFG731_945ec45cf3b7cf9b,SYNTHETIC,data/synthetic/configurations/731_synthetic_configurations_v5.csv,,,2822.0,,,,CFG731_945ec45cf3b7cf9b,DERIVED,TWO_CHARACTERISTIC
CONFIG_e90e1f4e78e0a373,Configuration,CFG731_332fb57dab8e30c6,SYNTHETIC,data/synthetic/configurations/731_synthetic_configurations_v5.csv,,,2834.0,,,,CFG731_332fb57dab8e30c6,DERIVED,TWO_CHARACTERISTIC
CONFIG_e55aa9caefa69fc2,Configuration,CFG731_7f6c0412b6d497fb,SYNTHETIC,data/synthetic/configurations/731_synthetic_configurations_v5.csv,,,2843.0,,,,CFG731_7f6c0412b6d497fb,DERIVED,TWO_CHARACTERISTIC
CONFIG_cbe84a4da0cbd8ec,Configuration,CFG731_f0818b6e9953d652,SYNTHETIC,data/synthetic/configurations/731_synthetic_configurations_v5.csv,,,2845.0,,,,CFG731_f0818b6e9953d652,DERIVED,TWO_CHARACTERISTIC
CONFIG_5ed0ab70263134c4,Configuration,CFG731_f84a3b5f8ae2ffee,SYNTHETIC,data/synthetic/configurations/731_synthetic_configurations_v5.csv,,,2848.0,,,,CFG731_f84a3b5f8ae2ffee,DERIVED,TWO_CHARACTERISTIC
CONFIG_0d9d752461f56105,Configuration,CFG731_055d57f6088031a6,SYNTHETIC,data/synthetic/configurations/731_synthetic_configurations_v5.csv,,,2855.0,,,,CFG731_055d57f6088031a6,DERIVED,ONE_CHARACTERISTIC
CONFIG_3535db29f832f4cc,Configuration,CFG731_c108b657efc147c3,SYNTHETIC,data/synthetic/configurations/731_synthetic_configurations_v5.csv,,,2858.0,,,,CFG731_c108b657efc147c3,DERIVED,TWO_CHARACTERISTIC
CONFIG_85d8d442c0ae6536,Configuration,CFG731_7113759c5b95914d,SYNTHETIC,data/synthetic/configurations/731_synthetic_configurations_v5.csv,,,2862.0,,,,CFG731_7113759c5b95914d,DERIVED,TWO_CHARACTERISTIC
CONFIG_4c31a8e427ea6fff,Configuration,CFG731_56310c55a01272a3,SYNTHETIC,data/synthetic/configurations/731_synthetic_configurations_v5.csv,,,2865.0,,,,CFG731_56310c55a01272a3,DERIVED,TWO_CHARACTERISTIC
CONFIG_a6df4b2f01959bf4,Configuration,CFG731_e2f6a96fcd8c012c,SYNTHETIC,data/synthetic/configurations/731_synthetic_configurations_v5.csv,,,2869.0,,,,CFG731_e2f6a96fcd8c012c,DERIVED,TWO_CHARACTERISTIC
CONFIG_feb8dfbf0dcd1af0,Configuration,CFG731_78ea99817ca8be6a,SYNTHETIC,data/synthetic/configurations/731_synthetic_configurations_v5.csv,,,2872.0,,,,CFG731_78ea99817ca8be6a,DERIVED,TWO_CHARACTERISTIC
CONFIG_cf95e30e22f3c08e,Configuration,CFG731_1a94d4f54519245f,SYNTHETIC,data/synthetic/configurations/731_synthetic_configurations_v5.csv,,,2873.0,,,,CFG731_1a94d4f54519245f,DERIVED,DEPENDENCY_TWO_CHARACTERISTIC
CONFIG_7486a47826ca1e0f,Configuration,CFG731_cb1aeeb79876dd06,SYNTHETIC,data/synthetic/configurations/731_synthetic_configurations_v5.csv,,,2874.0,,,,CFG731_cb1aeeb79876dd06,DERIVED,TWO_CHARACTERISTIC
CONFIG_57c0e1ae0ed14fb7,Configuration,CFG731_9d1ffcce07240574,SYNTHETIC,data/synthetic/configurations/731_synthetic_configurations_v5.csv,,,2876.0,,,,CFG731_9d1ffcce07240574,OBSERVED,REAL_OBSERVED
CONFIG_cc9f2ead8e257ead,Configuration,CFG731_4fa965828957289a,SYNTHETIC,data/synthetic/configurations/731_synthetic_configurations_v5.csv,,,2880.0,,,,CFG731_4fa965828957289a,DERIVED,TWO_CHARACTERISTIC
CONFIG_62fdb344493da3c9,Configuration,CFG731_e08dfad4737be3d9,SYNTHETIC,data/synthetic/configurations/731_synthetic_configurations_v5.csv,,,2882.0,,,,CFG731_e08dfad4737be3d9,OBSERVED,REAL_OBSERVED
CONFIG_ec4f6f64ab3c71d6,Configuration,CFG731_34bf8aa6c521cef0,SYNTHETIC,data/synthetic/configurations/731_synthetic_configurations_v5.csv,,,2886.0,,,,CFG731_34bf8aa6c521cef0,DERIVED,TWO_CHARACTERISTIC
CONFIG_61623ccd18b6cd14,Configuration,CFG731_953eb2d6f6ffc3a0,SYNTHETIC,data/synthetic/configurations/731_synthetic_configurations_v5.csv,,,2889.0,,,,CFG731_953eb2d6f6ffc3a0,DERIVED,TWO_CHARACTERISTIC
CONFIG_b186b25765362fbd,Configuration,CFG731_5f4002ede5e39c69,SYNTHETIC,data/synthetic/configurations/731_synthetic_configurations_v5.csv,,,2890.0,,,,CFG731_5f4002ede5e39c69,DERIVED,TWO_CHARACTERISTIC
CONFIG_298826d34c74f339,Configuration,CFG731_2280a2734a5a07b0,SYNTHETIC,data/synthetic/configurations/731_synthetic_configurations_v5.csv,,,2892.0,,,,CFG731_2280a2734a5a07b0,DERIVED,TWO_CHARACTERISTIC
CONFIG_9847ab768be78642,Configuration,CFG731_cf4fb8862e2ab5fc,SYNTHETIC,data/synthetic/configurations/731_synthetic_configurations_v5.csv,,,2894.0,,,,CFG731_cf4fb8862e2ab5fc,DERIVED,DEPENDENCY_TWO_CHARACTERISTIC
CONFIG_8e32fd596988c85e,Configuration,CFG731_4f6232b68baf7970,SYNTHETIC,data/synthetic/configurations/731_synthetic_configurations_v5.csv,,,2895.0,,,,CFG731_4f6232b68baf7970,DERIVED,TWO_CHARACTERISTIC
CONFIG_693b77064b032eca,Configuration,CFG731_c348ae803bb36511,SYNTHETIC,data/synthetic/configurations/731_synthetic_configurations_v5.csv,,,2902.0,,,,CFG731_c348ae803bb36511,DERIVED,TWO_CHARACTERISTIC
CONFIG_8c5796ec51f5f6e0,Configuration,CFG731_b1385f66be8f242f,SYNTHETIC,data/synthetic/configurations/731_synthetic_configurations_v5.csv,,,2903.0,,,,CFG731_b1385f66be8f242f,DERIVED,TWO_CHARACTERISTIC
CONFIG_a3592a7b6ff36371,Configuration,CFG731_21325280890ecf9c,SYNTHETIC,data/synthetic/configurations/731_synthetic_configurations_v5.csv,,,2905.0,,,,CFG731_21325280890ecf9c,DERIVED,DEPENDENCY_TWO_CHARACTERISTIC
CONFIG_4b91773abc72587f,Configuration,CFG731_9d9ebc2acccb06ad,SYNTHETIC,data/synthetic/configurations/731_synthetic_configurations_v5.csv,,,2906.0,,,,CFG731_9d9ebc2acccb06ad,DERIVED,TWO_CHARACTERISTIC
CONFIG_0ca9108f219dc0d7,Configuration,CFG731_341c747ed8aff14e,SYNTHETIC,data/synthetic/configurations/731_synthetic_configurations_v5.csv,,,2908.0,,,,CFG731_341c747ed8aff14e,DERIVED,TWO_CHARACTERISTIC
CONFIG_16be5a929bb5c5ce,Configuration,CFG731_93048b37febc2c6d,SYNTHETIC,data/synthetic/configurations/731_synthetic_configurations_v5.csv,,,2911.0,,,,CFG731_93048b37febc2c6d,OBSERVED,REAL_OBSERVED
CONFIG_f5ef3c4455ab106c,Configuration,CFG731_35252ee33f546158,SYNTHETIC,data/synthetic/configurations/731_synthetic_configurations_v5.csv,,,2914.0,,,,CFG731_35252ee33f546158,DERIVED,TWO_CHARACTERISTIC
CONFIG_f3512288bb8a8352,Configuration,CFG731_dcac95313091f4e3,SYNTHETIC,data/synthetic/configurations/731_synthetic_configurations_v5.csv,,,2917.0,,,,CFG731_dcac95313091f4e3,DERIVED,TWO_CHARACTERISTIC
CONFIG_d79ad54f24d85598,Configuration,CFG731_11a99741e1f7cce9,SYNTHETIC,data/synthetic/configurations/731_synthetic_configurations_v5.csv,,,2919.0,,,,CFG731_11a99741e1f7cce9,OBSERVED,REAL_OBSERVED
CONFIG_ff017a9289627a4e,Configuration,CFG731_a6dd1d1aa0613d49,SYNTHETIC,data/synthetic/configurations/731_synthetic_configurations_v5.csv,,,2920.0,,,,CFG731_a6dd1d1aa0613d49,DERIVED,TWO_CHARACTERISTIC
CONFIG_f1f89f26b32f4de9,Configuration,CFG731_d723355141502003,SYNTHETIC,data/synthetic/configurations/731_synthetic_configurations_v5.csv,,,2921.0,,,,CFG731_d723355141502003,OBSERVED,REAL_OBSERVED
CONFIG_083b7a1af40acf77,Configuration,CFG731_87ce9768865f4127,SYNTHETIC,data/synthetic/configurations/731_synthetic_configurations_v5.csv,,,2931.0,,,,CFG731_87ce9768865f4127,DERIVED,TWO_CHARACTERISTIC
CONFIG_c2d6f80278359a1b,Configuration,CFG731_1d78950cabc90332,SYNTHETIC,data/synthetic/configurations/731_synthetic_configurations_v5.csv,,,2932.0,,,,CFG731_1d78950cabc90332,DERIVED,DEPENDENCY_TWO_CHARACTERISTIC
CONFIG_8dd4fd2397e01d20,Configuration,CFG731_19ca9bcd323192d2,SYNTHETIC,data/synthetic/configurations/731_synthetic_configurations_v5.csv,,,2935.0,,,,CFG731_19ca9bcd323192d2,DERIVED,TWO_CHARACTERISTIC
CONFIG_e3477d3a29ae2607,Configuration,CFG731_1b8054cb5a92e4fa,SYNTHETIC,data/synthetic/configurations/731_synthetic_configurations_v5.csv,,,2941.0,,,,CFG731_1b8054cb5a92e4fa,DERIVED,TWO_CHARACTERISTIC
CONFIG_d4c6499825ec89c9,Configuration,CFG731_39083521b1413e72,SYNTHETIC,data/synthetic/configurations/731_synthetic_configurations_v5.csv,,,2944.0,,,,CFG731_39083521b1413e72,DERIVED,TWO_CHARACTERISTIC
CONFIG_fee7e5d73647ffb7,Configuration,CFG731_81292bd6b4a77ac8,SYNTHETIC,data/synthetic/configurations/731_synthetic_configurations_v5.csv,,,2949.0,,,,CFG731_81292bd6b4a77ac8,DERIVED,TWO_CHARACTERISTIC
CONFIG_1071c580d1c43e95,Configuration,CFG731_df7fcee65b69a449,SYNTHETIC,data/synthetic/configurations/731_synthetic_configurations_v5.csv,,,2950.0,,,,CFG731_df7fcee65b69a449,DERIVED,TWO_CHARACTERISTIC
CONFIG_11a93991685eb09b,Configuration,CFG731_5f8ddbba4a0cb6e7,SYNTHETIC,data/synthetic/configurations/731_synthetic_configurations_v5.csv,,,2954.0,,,,CFG731_5f8ddbba4a0cb6e7,DERIVED,DEPENDENCY_TWO_CHARACTERISTIC
CONFIG_7dee368c3dce811b,Configuration,CFG731_a84a367ef61c4e59,SYNTHETIC,data/synthetic/configurations/731_synthetic_configurations_v5.csv,,,2958.0,,,,CFG731_a84a367ef61c4e59,DERIVED,ONE_CHARACTERISTIC
CONFIG_6bbe0097dfeafca6,Configuration,CFG731_3d79b5ed69541acc,SYNTHETIC,data/synthetic/configurations/731_synthetic_configurations_v5.csv,,,2959.0,,,,CFG731_3d79b5ed69541acc,DERIVED,ONE_CHARACTERISTIC
CONFIG_1d68fe54d26ffc77,Configuration,CFG731_cd907466ae420427,SYNTHETIC,data/synthetic/configurations/731_synthetic_configurations_v5.csv,,,2962.0,,,,CFG731_cd907466ae420427,DERIVED,TWO_CHARACTERISTIC
CONFIG_d9dc0df72109bd60,Configuration,CFG731_24a2c6ef94654845,SYNTHETIC,data/synthetic/configurations/731_synthetic_configurations_v5.csv,,,2964.0,,,,CFG731_24a2c6ef94654845,OBSERVED,REAL_OBSERVED
CONFIG_83cc371aad211d05,Configuration,CFG731_1cfadf20495f86bf,SYNTHETIC,data/synthetic/configurations/731_synthetic_configurations_v5.csv,,,2970.0,,,,CFG731_1cfadf20495f86bf,DERIVED,TWO_CHARACTERISTIC
CONFIG_286145e05324148e,Configuration,CFG731_db8bcd9b778dd779,SYNTHETIC,data/synthetic/configurations/731_synthetic_configurations_v5.csv,,,2971.0,,,,CFG731_db8bcd9b778dd779,DERIVED,TWO_CHARACTERISTIC
CONFIG_4f676cd623d3c35c,Configuration,CFG731_5fe81a6927bfed57,SYNTHETIC,data/synthetic/configurations/731_synthetic_configurations_v5.csv,,,2972.0,,,,CFG731_5fe81a6927bfed57,DERIVED,TWO_CHARACTERISTIC
CONFIG_6105fadf5dc110ae,Configuration,CFG731_bf345eee1e43eaf0,SYNTHETIC,data/synthetic/configurations/731_synthetic_configurations_v5.csv,,,2975.0,,,,CFG731_bf345eee1e43eaf0,DERIVED,TWO_CHARACTERISTIC
CONFIG_d59deecf8b7538d3,Configuration,CFG731_de371e3e32a80802,SYNTHETIC,data/synthetic/configurations/731_synthetic_configurations_v5.csv,,,2977.0,,,,CFG731_de371e3e32a80802,DERIVED,TWO_CHARACTERISTIC
CONFIG_05bd988be13e0ef1,Configuration,CFG731_8bd839e0c8855562,SYNTHETIC,data/synthetic/configurations/731_synthetic_configurations_v5.csv,,,2981.0,,,,CFG731_8bd839e0c8855562,DERIVED,TWO_CHARACTERISTIC
CONFIG_bce3914f9755540f,Configuration,CFG731_fb1ab4b34e9c8a75,SYNTHETIC,data/synthetic/configurations/731_synthetic_configurations_v5.csv,,,2982.0,,,,CFG731_fb1ab4b34e9c8a75,OBSERVED,REAL_OBSERVED
CONFIG_b62c76b8f42896b7,Configuration,CFG731_4b5262a517204cb5,SYNTHETIC,data/synthetic/configurations/731_synthetic_configurations_v5.csv,,,2984.0,,,,CFG731_4b5262a517204cb5,DERIVED,TWO_CHARACTERISTIC
CONFIG_02a2c27c73685a8c,Configuration,CFG731_d3256527bf7fe65c,SYNTHETIC,data/synthetic/configurations/731_synthetic_configurations_v5.csv,,,2987.0,,,,CFG731_d3256527bf7fe65c,DERIVED,ONE_CHARACTERISTIC
CONFIG_fc12d11eac8637c8,Configuration,CFG731_3b86513038612465,SYNTHETIC,data/synthetic/configurations/731_synthetic_configurations_v5.csv,,,2989.0,,,,CFG731_3b86513038612465,DERIVED,TWO_CHARACTERISTIC
CONFIG_e3b918ce0e3ba5da,Configuration,CFG731_eea9998b9f9a0bdb,SYNTHETIC,data/synthetic/configurations/731_synthetic_configurations_v5.csv,,,2994.0,,,,CFG731_eea9998b9f9a0bdb,DERIVED,ONE_CHARACTERISTIC
CONFIG_b33d5587759fa220,Configuration,CFG731_d19bd87a4eba7364,SYNTHETIC,data/synthetic/configurations/731_synthetic_configurations_v5.csv,,,2996.0,,,,CFG731_d19bd87a4eba7364,DERIVED,TWO_CHARACTERISTIC
CONFIG_a573bb24b8e4ddce,Configuration,CFG731_85891d97ce4083b3,SYNTHETIC,data/synthetic/configurations/731_synthetic_configurations_v5.csv,,,2997.0,,,,CFG731_85891d97ce4083b3,DERIVED,TWO_CHARACTERISTIC
CONFIG_02abea36a18dcc5d,Configuration,CFG731_32dadb8e9fd49d04,SYNTHETIC,data/synthetic/configurations/731_synthetic_configurations_v5.csv,,,2999.0,,,,CFG731_32dadb8e9fd49d04,DERIVED,TWO_CHARACTERISTIC
CONFIG_f8fe2653c3a367da,Configuration,CFG731_74da73b8951ab4f1,SYNTHETIC,data/synthetic/configurations/731_synthetic_configurations_v5.csv,,,3009.0,,,,CFG731_74da73b8951ab4f1,DERIVED,TWO_CHARACTERISTIC
CONFIG_23cea73ac677d7d9,Configuration,CFG731_e4d6e304563c3bae,SYNTHETIC,data/synthetic/configurations/731_synthetic_configurations_v5.csv,,,3014.0,,,,CFG731_e4d6e304563c3bae,OBSERVED,REAL_OBSERVED
CONFIG_966fc3759bb5bfc6,Configuration,CFG731_aa1770e6c2806f71,SYNTHETIC,data/synthetic/configurations/731_synthetic_configurations_v5.csv,,,3018.0,,,,CFG731_aa1770e6c2806f71,DERIVED,TWO_CHARACTERISTIC
CONFIG_9a8f55740df7881d,Configuration,CFG731_0ec9bdeb15079e1b,SYNTHETIC,data/synthetic/configurations/731_synthetic_configurations_v5.csv,,,3019.0,,,,CFG731_0ec9bdeb15079e1b,DERIVED,TWO_CHARACTERISTIC
CONFIG_414d11432b76503c,Configuration,CFG731_58800a7247788516,SYNTHETIC,data/synthetic/configurations/731_synthetic_configurations_v5.csv,,,3028.0,,,,CFG731_58800a7247788516,DERIVED,TWO_CHARACTERISTIC
CONFIG_e1a2b3f97b1e0a04,Configuration,CFG731_9b78d433d00f1965,SYNTHETIC,data/synthetic/configurations/731_synthetic_configurations_v5.csv,,,3029.0,,,,CFG731_9b78d433d00f1965,DERIVED,TWO_CHARACTERISTIC
CONFIG_69adb3afc75bd660,Configuration,CFG731_576db798689c655c,SYNTHETIC,data/synthetic/configurations/731_synthetic_configurations_v5.csv,,,3034.0,,,,CFG731_576db798689c655c,DERIVED,TWO_CHARACTERISTIC
CONFIG_6b31cd3ac06403bb,Configuration,CFG731_1e04c9611da5e298,SYNTHETIC,data/synthetic/configurations/731_synthetic_configurations_v5.csv,,,3035.0,,,,CFG731_1e04c9611da5e298,DERIVED,TWO_CHARACTERISTIC
CONFIG_ecf7db036d892834,Configuration,CFG731_9b7849ea5c974903,SYNTHETIC,data/synthetic/configurations/731_synthetic_configurations_v5.csv,,,3038.0,,,,CFG731_9b7849ea5c974903,DERIVED,TWO_CHARACTERISTIC
CONFIG_cde340cf640eb653,Configuration,CFG731_be8e635142e68bf5,SYNTHETIC,data/synthetic/configurations/731_synthetic_configurations_v5.csv,,,3040.0,,,,CFG731_be8e635142e68bf5,DERIVED,TWO_CHARACTERISTIC
CONFIG_ed9b34e70d1e9e99,Configuration,CFG731_d8083f6bcc90dd07,SYNTHETIC,data/synthetic/configurations/731_synthetic_configurations_v5.csv,,,3043.0,,,,CFG731_d8083f6bcc90dd07,DERIVED,TWO_CHARACTERISTIC
CONFIG_fadd3fdc2893cf4c,Configuration,CFG731_531d24932ca67dc3,SYNTHETIC,data/synthetic/configurations/731_synthetic_configurations_v5.csv,,,3046.0,,,,CFG731_531d24932ca67dc3,DERIVED,TWO_CHARACTERISTIC
CONFIG_097231335b46644a,Configuration,CFG731_e6cd7fd757de0523,SYNTHETIC,data/synthetic/configurations/731_synthetic_configurations_v5.csv,,,3049.0,,,,CFG731_e6cd7fd757de0523,DERIVED,TWO_CHARACTERISTIC
CONFIG_d1fa574efee65f5d,Configuration,CFG731_8defc1a0775e52a5,SYNTHETIC,data/synthetic/configurations/731_synthetic_configurations_v5.csv,,,3052.0,,,,CFG731_8defc1a0775e52a5,DERIVED,TWO_CHARACTERISTIC
CONFIG_da937331695202be,Configuration,CFG731_3781457447e45e13,SYNTHETIC,data/synthetic/configurations/731_synthetic_configurations_v5.csv,,,3059.0,,,,CFG731_3781457447e45e13,DERIVED,TWO_CHARACTERISTIC
CONFIG_1a78ae0ce24f8462,Configuration,CFG731_fe64c81ced5b13af,SYNTHETIC,data/synthetic/configurations/731_synthetic_configurations_v5.csv,,,3065.0,,,,CFG731_fe64c81ced5b13af,DERIVED,TWO_CHARACTERISTIC
CONFIG_c556ede381c13094,Configuration,CFG731_5eab817ba3f25626,SYNTHETIC,data/synthetic/configurations/731_synthetic_configurations_v5.csv,,,3067.0,,,,CFG731_5eab817ba3f25626,DERIVED,TWO_CHARACTERISTIC
CONFIG_9e85149e6c9855d1,Configuration,CFG731_fb76e1a3b49d565f,SYNTHETIC,data/synthetic/configurations/731_synthetic_configurations_v5.csv,,,3068.0,,,,CFG731_fb76e1a3b49d565f,DERIVED,TWO_CHARACTERISTIC
CONFIG_54a572ddd6a4d68f,Configuration,CFG731_cfd76bae1adb5727,SYNTHETIC,data/synthetic/configurations/731_synthetic_configurations_v5.csv,,,3073.0,,,,CFG731_cfd76bae1adb5727,DERIVED,TWO_CHARACTERISTIC
CONFIG_3064d200725fddf3,Configuration,CFG731_031651b598bdbd79,SYNTHETIC,data/synthetic/configurations/731_synthetic_configurations_v5.csv,,,3076.0,,,,CFG731_031651b598bdbd79,DERIVED,TWO_CHARACTERISTIC
CONFIG_e335682f41a82f73,Configuration,CFG731_ed09f23d3bc16841,SYNTHETIC,data/synthetic/configurations/731_synthetic_configurations_v5.csv,,,3080.0,,,,CFG731_ed09f23d3bc16841,DERIVED,TWO_CHARACTERISTIC
CONFIG_063a32b62e135baa,Configuration,CFG731_27bb9f530dcb688a,SYNTHETIC,data/synthetic/configurations/731_synthetic_configurations_v5.csv,,,3086.0,,,,CFG731_27bb9f530dcb688a,DERIVED,TWO_CHARACTERISTIC
CONFIG_6783222a1508a079,Configuration,CFG731_8dd67811ddc4561f,SYNTHETIC,data/synthetic/configurations/731_synthetic_configurations_v5.csv,,,3088.0,,,,CFG731_8dd67811ddc4561f,DERIVED,TWO_CHARACTERISTIC
CONFIG_956454b6af617f27,Configuration,CFG731_d22b28a8ee088101,SYNTHETIC,data/synthetic/configurations/731_synthetic_configurations_v5.csv,,,3096.0,,,,CFG731_d22b28a8ee088101,DERIVED,TWO_CHARACTERISTIC
CONFIG_57303842fe758733,Configuration,CFG731_95e2d680672ff303,SYNTHETIC,data/synthetic/configurations/731_synthetic_configurations_v5.csv,,,3102.0,,,,CFG731_95e2d680672ff303,DERIVED,TWO_CHARACTERISTIC
CONFIG_af6209bd4a3eb228,Configuration,CFG731_8e2d07b105a096f1,SYNTHETIC,data/synthetic/configurations/731_synthetic_configurations_v5.csv,,,3112.0,,,,CFG731_8e2d07b105a096f1,DERIVED,TWO_CHARACTERISTIC
CONFIG_69e2c12d654cc90b,Configuration,CFG731_734ca6c628733962,SYNTHETIC,data/synthetic/configurations/731_synthetic_configurations_v5.csv,,,3116.0,,,,CFG731_734ca6c628733962,DERIVED,TWO_CHARACTERISTIC
CONFIG_f88285784dce2dea,Configuration,CFG731_db973a859433ebba,SYNTHETIC,data/synthetic/configurations/731_synthetic_configurations_v5.csv,,,3117.0,,,,CFG731_db973a859433ebba,DERIVED,TWO_CHARACTERISTIC
CONFIG_bc5eb86fe948e2dc,Configuration,CFG731_086fcc478b89cea3,SYNTHETIC,data/synthetic/configurations/731_synthetic_configurations_v5.csv,,,3120.0,,,,CFG731_086fcc478b89cea3,DERIVED,TWO_CHARACTERISTIC
CONFIG_2db903350d156b30,Configuration,CFG731_2666da4dbcc5e5bd,SYNTHETIC,data/synthetic/configurations/731_synthetic_configurations_v5.csv,,,3121.0,,,,CFG731_2666da4dbcc5e5bd,DERIVED,TWO_CHARACTERISTIC
CONFIG_02595e2e1d50d72f,Configuration,CFG731_7f493b76fa02174d,SYNTHETIC,data/synthetic/configurations/731_synthetic_configurations_v5.csv,,,3123.0,,,,CFG731_7f493b76fa02174d,DERIVED,ONE_CHARACTERISTIC
CONFIG_d54fd55248493fcd,Configuration,CFG731_cf93550b4257fc7d,SYNTHETIC,data/synthetic/configurations/731_synthetic_configurations_v5.csv,,,3124.0,,,,CFG731_cf93550b4257fc7d,DERIVED,TWO_CHARACTERISTIC
CONFIG_d79a00a49ed8137e,Configuration,CFG731_db983e07a279051a,SYNTHETIC,data/synthetic/configurations/731_synthetic_configurations_v5.csv,,,3125.0,,,,CFG731_db983e07a279051a,OBSERVED,REAL_OBSERVED
CONFIG_067ad83d614fe602,Configuration,CFG731_d9b1e2bb70a9a96b,SYNTHETIC,data/synthetic/configurations/731_synthetic_configurations_v5.csv,,,3127.0,,,,CFG731_d9b1e2bb70a9a96b,OBSERVED,REAL_OBSERVED
CONFIG_8df7340be6c7854d,Configuration,CFG731_2bbfd30aeb5b5782,SYNTHETIC,data/synthetic/configurations/731_synthetic_configurations_v5.csv,,,3134.0,,,,CFG731_2bbfd30aeb5b5782,DERIVED,TWO_CHARACTERISTIC
CONFIG_b49c48abf0fcbd03,Configuration,CFG731_25f80262f61e7497,SYNTHETIC,data/synthetic/configurations/731_synthetic_configurations_v5.csv,,,3138.0,,,,CFG731_25f80262f61e7497,DERIVED,ONE_CHARACTERISTIC
CONFIG_4b28688890eb1617,Configuration,CFG731_9637b2f8d628ff9d,SYNTHETIC,data/synthetic/configurations/731_synthetic_configurations_v5.csv,,,3144.0,,,,CFG731_9637b2f8d628ff9d,DERIVED,TWO_CHARACTERISTIC
CONFIG_b9a00bab20e8bb75,Configuration,CFG731_b161881037fc306d,SYNTHETIC,data/synthetic/configurations/731_synthetic_configurations_v5.csv,,,3147.0,,,,CFG731_b161881037fc306d,DERIVED,TWO_CHARACTERISTIC
CONFIG_94d311edbb0c87db,Configuration,CFG731_858c048a7c89f1b1,SYNTHETIC,data/synthetic/configurations/731_synthetic_configurations_v5.csv,,,3148.0,,,,CFG731_858c048a7c89f1b1,DERIVED,TWO_CHARACTERISTIC
CONFIG_22660d91dc2b0bed,Configuration,CFG731_b5f8987a85e1ce9a,SYNTHETIC,data/synthetic/configurations/731_synthetic_configurations_v5.csv,,,3149.0,,,,CFG731_b5f8987a85e1ce9a,OBSERVED,REAL_OBSERVED
CONFIG_8a839f81e910f9ae,Configuration,CFG731_61aecba5f711a3bf,SYNTHETIC,data/synthetic/configurations/731_synthetic_configurations_v5.csv,,,3150.0,,,,CFG731_61aecba5f711a3bf,DERIVED,TWO_CHARACTERISTIC
CONFIG_cc1e56dc1b7c46d6,Configuration,CFG731_404424158a3493ae,SYNTHETIC,data/synthetic/configurations/731_synthetic_configurations_v5.csv,,,3151.0,,,,CFG731_404424158a3493ae,OBSERVED,REAL_OBSERVED
CONFIG_e9e74f2fd0489351,Configuration,CFG731_2b6d09435d64e9e5,SYNTHETIC,data/synthetic/configurations/731_synthetic_configurations_v5.csv,,,3154.0,,,,CFG731_2b6d09435d64e9e5,DERIVED,TWO_CHARACTERISTIC
CONFIG_a24bcd2534c5abfc,Configuration,CFG731_5d42a8deb0fcb3d7,SYNTHETIC,data/synthetic/configurations/731_synthetic_configurations_v5.csv,,,3157.0,,,,CFG731_5d42a8deb0fcb3d7,OBSERVED,REAL_OBSERVED
CONFIG_c1dd29f897b36eee,Configuration,CFG731_9d5d3b4d2ce8a49a,SYNTHETIC,data/synthetic/configurations/731_synthetic_configurations_v5.csv,,,3159.0,,,,CFG731_9d5d3b4d2ce8a49a,DERIVED,TWO_CHARACTERISTIC
CONFIG_1a0652b680b4e5cf,Configuration,CFG731_2f9d539d4085d4b1,SYNTHETIC,data/synthetic/configurations/731_synthetic_configurations_v5.csv,,,3160.0,,,,CFG731_2f9d539d4085d4b1,DERIVED,TWO_CHARACTERISTIC
CONFIG_8f208e4cf11202b7,Configuration,CFG731_e02fe4b26df59da9,SYNTHETIC,data/synthetic/configurations/731_synthetic_configurations_v5.csv,,,3161.0,,,,CFG731_e02fe4b26df59da9,DERIVED,TWO_CHARACTERISTIC
CONFIG_cf6f79715244693c,Configuration,CFG731_79377060f99f59f3,SYNTHETIC,data/synthetic/configurations/731_synthetic_configurations_v5.csv,,,3167.0,,,,CFG731_79377060f99f59f3,DERIVED,TWO_CHARACTERISTIC
CONFIG_2a7dcd5b56cef88e,Configuration,CFG731_c9f99492e564a888,SYNTHETIC,data/synthetic/configurations/731_synthetic_configurations_v5.csv,,,3168.0,,,,CFG731_c9f99492e564a888,DERIVED,TWO_CHARACTERISTIC
CONFIG_74d591a91687c83b,Configuration,CFG731_ca8649ba85200ffb,SYNTHETIC,data/synthetic/configurations/731_synthetic_configurations_v5.csv,,,3169.0,,,,CFG731_ca8649ba85200ffb,DERIVED,TWO_CHARACTERISTIC
CONFIG_7cbd393da0569642,Configuration,CFG731_a57b7e47c2f780cb,SYNTHETIC,data/synthetic/configurations/731_synthetic_configurations_v5.csv,,,3170.0,,,,CFG731_a57b7e47c2f780cb,DERIVED,TWO_CHARACTERISTIC
CONFIG_5fc630abd034faf4,Configuration,CFG731_fa6b5a7df55858c0,SYNTHETIC,data/synthetic/configurations/731_synthetic_configurations_v5.csv,,,3172.0,,,,CFG731_fa6b5a7df55858c0,DERIVED,DEPENDENCY_TWO_CHARACTERISTIC
CONFIG_3d80253d307fd5ea,Configuration,CFG731_a41e221f51c9a405,SYNTHETIC,data/synthetic/configurations/731_synthetic_configurations_v5.csv,,,3178.0,,,,CFG731_a41e221f51c9a405,DERIVED,TWO_CHARACTERISTIC
CONFIG_32bdd40f5b6d4eaa,Configuration,CFG731_68d0d8577edab436,SYNTHETIC,data/synthetic/configurations/731_synthetic_configurations_v5.csv,,,3183.0,,,,CFG731_68d0d8577edab436,DERIVED,TWO_CHARACTERISTIC
CONFIG_f33df6328f4a3178,Configuration,CFG731_59d41a45b5e132f2,SYNTHETIC,data/synthetic/configurations/731_synthetic_configurations_v5.csv,,,3185.0,,,,CFG731_59d41a45b5e132f2,DERIVED,ONE_CHARACTERISTIC
CONFIG_4ae7ad0dafca7196,Configuration,CFG731_f3b867931d904122,SYNTHETIC,data/synthetic/configurations/731_synthetic_configurations_v5.csv,,,3195.0,,,,CFG731_f3b867931d904122,DERIVED,TWO_CHARACTERISTIC
CONFIG_fe51d907154d1663,Configuration,CFG731_ca7e5884b195042a,SYNTHETIC,data/synthetic/configurations/731_synthetic_configurations_v5.csv,,,3203.0,,,,CFG731_ca7e5884b195042a,DERIVED,TWO_CHARACTERISTIC
CONFIG_56e0a997e3d77e24,Configuration,CFG731_d08861146b2a8dfa,SYNTHETIC,data/synthetic/configurations/731_synthetic_configurations_v5.csv,,,3206.0,,,,CFG731_d08861146b2a8dfa,DERIVED,TWO_CHARACTERISTIC
CONFIG_3c61e6887b6defda,Configuration,CFG731_52a97c9fea993426,SYNTHETIC,data/synthetic/configurations/731_synthetic_configurations_v5.csv,,,3208.0,,,,CFG731_52a97c9fea993426,DERIVED,TWO_CHARACTERISTIC
CONFIG_446b5a3f52124685,Configuration,CFG731_0d6df01ace2df68d,SYNTHETIC,data/synthetic/configurations/731_synthetic_configurations_v5.csv,,,3212.0,,,,CFG731_0d6df01ace2df68d,DERIVED,TWO_CHARACTERISTIC
CONFIG_cb8f18c3b1576741,Configuration,CFG731_16e6520dce2c28e4,SYNTHETIC,data/synthetic/configurations/731_synthetic_configurations_v5.csv,,,3218.0,,,,CFG731_16e6520dce2c28e4,DERIVED,TWO_CHARACTERISTIC
CONFIG_689ee3e4f5fd9fea,Configuration,CFG731_16f81be390fdae7e,SYNTHETIC,data/synthetic/configurations/731_synthetic_configurations_v5.csv,,,3220.0,,,,CFG731_16f81be390fdae7e,DERIVED,TWO_CHARACTERISTIC
CONFIG_fcfef36d62496f8d,Configuration,CFG731_351fbf3330e3319e,SYNTHETIC,data/synthetic/configurations/731_synthetic_configurations_v5.csv,,,3228.0,,,,CFG731_351fbf3330e3319e,DERIVED,TWO_CHARACTERISTIC
CONFIG_48e09a8f9f9dd847,Configuration,CFG731_232eb2e3754808f7,SYNTHETIC,data/synthetic/configurations/731_synthetic_configurations_v5.csv,,,3233.0,,,,CFG731_232eb2e3754808f7,DERIVED,TWO_CHARACTERISTIC
CONFIG_daa357c0c2ed070a,Configuration,CFG731_16bd4e059b8168a9,SYNTHETIC,data/synthetic/configurations/731_synthetic_configurations_v5.csv,,,3247.0,,,,CFG731_16bd4e059b8168a9,DERIVED,TWO_CHARACTERISTIC
CONFIG_3eb3abd94e18a30f,Configuration,CFG731_c691e1b97ac6f4f0,SYNTHETIC,data/synthetic/configurations/731_synthetic_configurations_v5.csv,,,3248.0,,,,CFG731_c691e1b97ac6f4f0,DERIVED,TWO_CHARACTERISTIC
CONFIG_87311cf9ef64068b,Configuration,CFG731_ac8195f5cce7d089,SYNTHETIC,data/synthetic/configurations/731_synthetic_configurations_v5.csv,,,3252.0,,,,CFG731_ac8195f5cce7d089,OBSERVED,REAL_OBSERVED
CONFIG_9d717e9c0d1d1467,Configuration,CFG731_b57057afc270e1f2,SYNTHETIC,data/synthetic/configurations/731_synthetic_configurations_v5.csv,,,3254.0,,,,CFG731_b57057afc270e1f2,DERIVED,TWO_CHARACTERISTIC
CONFIG_00a07958b6ef50f2,Configuration,CFG731_b3cfbf098adc5bc3,SYNTHETIC,data/synthetic/configurations/731_synthetic_configurations_v5.csv,,,3260.0,,,,CFG731_b3cfbf098adc5bc3,DERIVED,TWO_CHARACTERISTIC
CONFIG_3c6d913b94e569cc,Configuration,CFG731_c4bcee3a1477eeea,SYNTHETIC,data/synthetic/configurations/731_synthetic_configurations_v5.csv,,,3270.0,,,,CFG731_c4bcee3a1477eeea,DERIVED,TWO_CHARACTERISTIC
CONFIG_40e0291869ac8c89,Configuration,CFG731_147ff4a19b4bcc48,SYNTHETIC,data/synthetic/configurations/731_synthetic_configurations_v5.csv,,,3278.0,,,,CFG731_147ff4a19b4bcc48,DERIVED,TWO_CHARACTERISTIC
CONFIG_61086592cd0bb54b,Configuration,CFG731_f92bde4646675f5d,SYNTHETIC,data/synthetic/configurations/731_synthetic_configurations_v5.csv,,,3281.0,,,,CFG731_f92bde4646675f5d,DERIVED,TWO_CHARACTERISTIC
CONFIG_411a9e0e85d920eb,Configuration,CFG731_4664eb01d8e0d814,SYNTHETIC,data/synthetic/configurations/731_synthetic_configurations_v5.csv,,,3283.0,,,,CFG731_4664eb01d8e0d814,DERIVED,TWO_CHARACTERISTIC
CONFIG_1012c64fe6c54944,Configuration,CFG731_7fec165d30a3c1b5,SYNTHETIC,data/synthetic/configurations/731_synthetic_configurations_v5.csv,,,3284.0,,,,CFG731_7fec165d30a3c1b5,DERIVED,TWO_CHARACTERISTIC
CONFIG_0c7753df0cad3a44,Configuration,CFG731_235ee3a364b5b6ec,SYNTHETIC,data/synthetic/configurations/731_synthetic_configurations_v5.csv,,,3285.0,,,,CFG731_235ee3a364b5b6ec,DERIVED,TWO_CHARACTERISTIC
CONFIG_ea17e170c28156d1,Configuration,CFG731_d7fc392c1c9df495,SYNTHETIC,data/synthetic/configurations/731_synthetic_configurations_v5.csv,,,3287.0,,,,CFG731_d7fc392c1c9df495,DERIVED,TWO_CHARACTERISTIC
CONFIG_93c0fcfed0e42e3b,Configuration,CFG731_d27f5f5f307014a8,SYNTHETIC,data/synthetic/configurations/731_synthetic_configurations_v5.csv,,,3293.0,,,,CFG731_d27f5f5f307014a8,OBSERVED,REAL_OBSERVED
CONFIG_fda974ad78fd0d7f,Configuration,CFG731_75b93da9dd9b0316,SYNTHETIC,data/synthetic/configurations/731_synthetic_configurations_v5.csv,,,3300.0,,,,CFG731_75b93da9dd9b0316,DERIVED,ONE_CHARACTERISTIC
CONFIG_e56991580a8467f6,Configuration,CFG731_2d4ebd2132481193,SYNTHETIC,data/synthetic/configurations/731_synthetic_configurations_v5.csv,,,3306.0,,,,CFG731_2d4ebd2132481193,DERIVED,ONE_CHARACTERISTIC
CONFIG_b4b9b9dbdc12cf53,Configuration,CFG731_6751dd4d3a36fdfa,SYNTHETIC,data/synthetic/configurations/731_synthetic_configurations_v5.csv,,,3308.0,,,,CFG731_6751dd4d3a36fdfa,DERIVED,TWO_CHARACTERISTIC
CONFIG_f0611be5882f6dac,Configuration,CFG731_187ec74b5c4854aa,SYNTHETIC,data/synthetic/configurations/731_synthetic_configurations_v5.csv,,,3310.0,,,,CFG731_187ec74b5c4854aa,DERIVED,TWO_CHARACTERISTIC
CONFIG_f04d0588592742d9,Configuration,CFG731_ee1048227e0d75e5,SYNTHETIC,data/synthetic/configurations/731_synthetic_configurations_v5.csv,,,3314.0,,,,CFG731_ee1048227e0d75e5,DERIVED,TWO_CHARACTERISTIC
CONFIG_4d741b7b58f3a96b,Configuration,CFG731_7003cfd4e569b57b,SYNTHETIC,data/synthetic/configurations/731_synthetic_configurations_v5.csv,,,3317.0,,,,CFG731_7003cfd4e569b57b,DERIVED,TWO_CHARACTERISTIC
CONFIG_560e4501dcf29339,Configuration,CFG731_038a2660d5cee54f,SYNTHETIC,data/synthetic/configurations/731_synthetic_configurations_v5.csv,,,3324.0,,,,CFG731_038a2660d5cee54f,DERIVED,TWO_CHARACTERISTIC
CONFIG_31cafdcb54507707,Configuration,CFG731_e627c8f2606e7a39,SYNTHETIC,data/synthetic/configurations/731_synthetic_configurations_v5.csv,,,3343.0,,,,CFG731_e627c8f2606e7a39,DERIVED,TWO_CHARACTERISTIC
CONFIG_1fe92eb02520ba46,Configuration,CFG731_9009dc9a78f8b97e,SYNTHETIC,data/synthetic/configurations/731_synthetic_configurations_v5.csv,,,3346.0,,,,CFG731_9009dc9a78f8b97e,DERIVED,TWO_CHARACTERISTIC
CONFIG_f6d11a8420de8a8f,Configuration,CFG731_8eb3607cf36cf572,SYNTHETIC,data/synthetic/configurations/731_synthetic_configurations_v5.csv,,,3352.0,,,,CFG731_8eb3607cf36cf572,DERIVED,TWO_CHARACTERISTIC
CONFIG_17a1d9c170537838,Configuration,CFG731_1afd2a52ab559a7a,SYNTHETIC,data/synthetic/configurations/731_synthetic_configurations_v5.csv,,,3354.0,,,,CFG731_1afd2a52ab559a7a,DERIVED,TWO_CHARACTERISTIC
CONFIG_24cc303c9bfd73d2,Configuration,CFG731_0598733818949fde,SYNTHETIC,data/synthetic/configurations/731_synthetic_configurations_v5.csv,,,3356.0,,,,CFG731_0598733818949fde,DERIVED,TWO_CHARACTERISTIC
CONFIG_c3a81b42632a6b27,Configuration,CFG731_b5a071e920590337,SYNTHETIC,data/synthetic/configurations/731_synthetic_configurations_v5.csv,,,3359.0,,,,CFG731_b5a071e920590337,DERIVED,ONE_CHARACTERISTIC
CONFIG_538fb613aa55e159,Configuration,CFG731_b1631f2fb876e4f4,SYNTHETIC,data/synthetic/configurations/731_synthetic_configurations_v5.csv,,,3363.0,,,,CFG731_b1631f2fb876e4f4,OBSERVED,REAL_OBSERVED
CONFIG_a9292294cc40c40a,Configuration,CFG731_b090c6c9bb9613a8,SYNTHETIC,data/synthetic/configurations/731_synthetic_configurations_v5.csv,,,3371.0,,,,CFG731_b090c6c9bb9613a8,DERIVED,TWO_CHARACTERISTIC
CONFIG_6a45e5eb117093eb,Configuration,CFG731_9f3028be2110afe1,SYNTHETIC,data/synthetic/configurations/731_synthetic_configurations_v5.csv,,,3375.0,,,,CFG731_9f3028be2110afe1,OBSERVED,REAL_OBSERVED
CONFIG_6b3172339da20875,Configuration,CFG731_bc06761f9c625643,SYNTHETIC,data/synthetic/configurations/731_synthetic_configurations_v5.csv,,,3377.0,,,,CFG731_bc06761f9c625643,DERIVED,ONE_CHARACTERISTIC
CONFIG_54f31a2d4174433c,Configuration,CFG731_068dfb669c5d2e98,SYNTHETIC,data/synthetic/configurations/731_synthetic_configurations_v5.csv,,,3378.0,,,,CFG731_068dfb669c5d2e98,DERIVED,ONE_CHARACTERISTIC
CONFIG_df9cbc5b086e687e,Configuration,CFG731_c580e57f48a370de,SYNTHETIC,data/synthetic/configurations/731_synthetic_configurations_v5.csv,,,3381.0,,,,CFG731_c580e57f48a370de,DERIVED,TWO_CHARACTERISTIC
CONFIG_d84995c60741ba60,Configuration,CFG731_dc321f785d65411f,SYNTHETIC,data/synthetic/configurations/731_synthetic_configurations_v5.csv,,,3383.0,,,,CFG731_dc321f785d65411f,DERIVED,TWO_CHARACTERISTIC
CONFIG_420deea35601c421,Configuration,CFG731_d21c75b44ecc736a,SYNTHETIC,data/synthetic/configurations/731_synthetic_configurations_v5.csv,,,3384.0,,,,CFG731_d21c75b44ecc736a,DERIVED,TWO_CHARACTERISTIC
CONFIG_64d69667540ea6fe,Configuration,CFG731_c40b4ffa9a4b1399,SYNTHETIC,data/synthetic/configurations/731_synthetic_configurations_v5.csv,,,3386.0,,,,CFG731_c40b4ffa9a4b1399,DERIVED,TWO_CHARACTERISTIC
CONFIG_567ba6a1569cc355,Configuration,CFG731_593831cdbe971c70,SYNTHETIC,data/synthetic/configurations/731_synthetic_configurations_v5.csv,,,3390.0,,,,CFG731_593831cdbe971c70,DERIVED,TWO_CHARACTERISTIC
CONFIG_546bca137855ff22,Configuration,CFG731_d2078c5ad988b49d,SYNTHETIC,data/synthetic/configurations/731_synthetic_configurations_v5.csv,,,3394.0,,,,CFG731_d2078c5ad988b49d,DERIVED,TWO_CHARACTERISTIC
CONFIG_6e9012c543966cd1,Configuration,CFG731_f55693c6f4f3dcb0,SYNTHETIC,data/synthetic/configurations/731_synthetic_configurations_v5.csv,,,3397.0,,,,CFG731_f55693c6f4f3dcb0,DERIVED,TWO_CHARACTERISTIC
CONFIG_e14cf93fb3eff0ff,Configuration,CFG731_1227ff79768e5ea4,SYNTHETIC,data/synthetic/configurations/731_synthetic_configurations_v5.csv,,,3398.0,,,,CFG731_1227ff79768e5ea4,DERIVED,TWO_CHARACTERISTIC
CONFIG_95be716f9f36a368,Configuration,CFG731_b8070c62182175c5,SYNTHETIC,data/synthetic/configurations/731_synthetic_configurations_v5.csv,,,3408.0,,,,CFG731_b8070c62182175c5,DERIVED,TWO_CHARACTERISTIC
CONFIG_46cb0d20c657eea6,Configuration,CFG731_9cedc4ecc45a4b46,SYNTHETIC,data/synthetic/configurations/731_synthetic_configurations_v5.csv,,,3429.0,,,,CFG731_9cedc4ecc45a4b46,DERIVED,ONE_CHARACTERISTIC
CONFIG_3ceca08dd155b7f2,Configuration,CFG731_34d1036bacbe79eb,SYNTHETIC,data/synthetic/configurations/731_synthetic_configurations_v5.csv,,,3435.0,,,,CFG731_34d1036bacbe79eb,DERIVED,TWO_CHARACTERISTIC
CONFIG_c30ebcc22e54c0d1,Configuration,CFG731_cd71ec2726e971ef,SYNTHETIC,data/synthetic/configurations/731_synthetic_configurations_v5.csv,,,3440.0,,,,CFG731_cd71ec2726e971ef,OBSERVED,REAL_OBSERVED
CONFIG_cf941c267902e1a4,Configuration,CFG731_4cb12f26dcf6f797,SYNTHETIC,data/synthetic/configurations/731_synthetic_configurations_v5.csv,,,3449.0,,,,CFG731_4cb12f26dcf6f797,DERIVED,TWO_CHARACTERISTIC
CONFIG_8ab575063c43cf3f,Configuration,CFG731_7895bfd97573c2b8,SYNTHETIC,data/synthetic/configurations/731_synthetic_configurations_v5.csv,,,3452.0,,,,CFG731_7895bfd97573c2b8,DERIVED,ONE_CHARACTERISTIC
CONFIG_eddd62869623c67e,Configuration,CFG731_b1bd723309c950f2,SYNTHETIC,data/synthetic/configurations/731_synthetic_configurations_v5.csv,,,3455.0,,,,CFG731_b1bd723309c950f2,DERIVED,TWO_CHARACTERISTIC
CONFIG_014cee359abeba1d,Configuration,CFG731_a6345128ba3ac0ae,SYNTHETIC,data/synthetic/configurations/731_synthetic_configurations_v5.csv,,,3457.0,,,,CFG731_a6345128ba3ac0ae,DERIVED,TWO_CHARACTERISTIC
CONFIG_c53a51585e76e943,Configuration,CFG731_e3fb1c7106d0cf73,SYNTHETIC,data/synthetic/configurations/731_synthetic_configurations_v5.csv,,,3464.0,,,,CFG731_e3fb1c7106d0cf73,DERIVED,TWO_CHARACTERISTIC
CONFIG_b805f03aad466055,Configuration,CFG731_23b68b2dd2793a5e,SYNTHETIC,data/synthetic/configurations/731_synthetic_configurations_v5.csv,,,3465.0,,,,CFG731_23b68b2dd2793a5e,DERIVED,TWO_CHARACTERISTIC
CONFIG_a0dbd88ee014a944,Configuration,CFG731_c9829182065e0285,SYNTHETIC,data/synthetic/configurations/731_synthetic_configurations_v5.csv,,,3470.0,,,,CFG731_c9829182065e0285,OBSERVED,REAL_OBSERVED
CONFIG_f59e1a1a3e17b4a6,Configuration,CFG731_c42374cc9dea3494,SYNTHETIC,data/synthetic/configurations/731_synthetic_configurations_v5.csv,,,3473.0,,,,CFG731_c42374cc9dea3494,DERIVED,ONE_CHARACTERISTIC
CONFIG_f7ba7417d47e0bfc,Configuration,CFG731_5f915cea568a3a1e,SYNTHETIC,data/synthetic/configurations/731_synthetic_configurations_v5.csv,,,3476.0,,,,CFG731_5f915cea568a3a1e,DERIVED,TWO_CHARACTERISTIC
CONFIG_f40853b7524d2152,Configuration,CFG731_76334feb0a15d8ad,SYNTHETIC,data/synthetic/configurations/731_synthetic_configurations_v5.csv,,,3481.0,,,,CFG731_76334feb0a15d8ad,DERIVED,TWO_CHARACTERISTIC
CONFIG_81634854b30c2d52,Configuration,CFG731_2a62b8cc0f0cd468,SYNTHETIC,data/synthetic/configurations/731_synthetic_configurations_v5.csv,,,3483.0,,,,CFG731_2a62b8cc0f0cd468,DERIVED,TWO_CHARACTERISTIC
CONFIG_1d6d2be7168f1399,Configuration,CFG731_c66891bf502d2d83,SYNTHETIC,data/synthetic/configurations/731_synthetic_configurations_v5.csv,,,3492.0,,,,CFG731_c66891bf502d2d83,DERIVED,TWO_CHARACTERISTIC
CONFIG_0c2831b10cd78853,Configuration,CFG731_8d7cec9889b28201,SYNTHETIC,data/synthetic/configurations/731_synthetic_configurations_v5.csv,,,3495.0,,,,CFG731_8d7cec9889b28201,DERIVED,TWO_CHARACTERISTIC
CONFIG_4ceaa5125380e274,Configuration,CFG731_6578e1062658de52,SYNTHETIC,data/synthetic/configurations/731_synthetic_configurations_v5.csv,,,3502.0,,,,CFG731_6578e1062658de52,DERIVED,TWO_CHARACTERISTIC
CONFIG_c09255dbee3631bb,Configuration,CFG731_75dc4cb7543b509f,SYNTHETIC,data/synthetic/configurations/731_synthetic_configurations_v5.csv,,,3503.0,,,,CFG731_75dc4cb7543b509f,DERIVED,TWO_CHARACTERISTIC
CONFIG_6a3ac837c0f111f1,Configuration,CFG731_5444319e6c3ad2b8,SYNTHETIC,data/synthetic/configurations/731_synthetic_configurations_v5.csv,,,3504.0,,,,CFG731_5444319e6c3ad2b8,DERIVED,TWO_CHARACTERISTIC
CONFIG_c139463a8fde28d6,Configuration,CFG731_520443190e22a436,SYNTHETIC,data/synthetic/configurations/731_synthetic_configurations_v5.csv,,,3508.0,,,,CFG731_520443190e22a436,DERIVED,TWO_CHARACTERISTIC
CONFIG_cc426d70bb3854ae,Configuration,CFG731_7a941b9a49372410,SYNTHETIC,data/synthetic/configurations/731_synthetic_configurations_v5.csv,,,3513.0,,,,CFG731_7a941b9a49372410,DERIVED,TWO_CHARACTERISTIC
CONFIG_3b4b2fc29da0eb5e,Configuration,CFG731_fde57c62012d9fbc,SYNTHETIC,data/synthetic/configurations/731_synthetic_configurations_v5.csv,,,3514.0,,,,CFG731_fde57c62012d9fbc,DERIVED,TWO_CHARACTERISTIC
CONFIG_a173769e50b9d169,Configuration,CFG731_8ddba298744bc573,SYNTHETIC,data/synthetic/configurations/731_synthetic_configurations_v5.csv,,,3524.0,,,,CFG731_8ddba298744bc573,DERIVED,TWO_CHARACTERISTIC
CONFIG_5559313e399d6734,Configuration,CFG731_631ccc0b317dc962,SYNTHETIC,data/synthetic/configurations/731_synthetic_configurations_v5.csv,,,3528.0,,,,CFG731_631ccc0b317dc962,DERIVED,TWO_CHARACTERISTIC
CONFIG_c6d3a1e76ac410ec,Configuration,CFG731_67dbdc788fe111bc,SYNTHETIC,data/synthetic/configurations/731_synthetic_configurations_v5.csv,,,3529.0,,,,CFG731_67dbdc788fe111bc,DERIVED,TWO_CHARACTERISTIC
CONFIG_f62a812e0df5aa45,Configuration,CFG731_5e5ad5db2756273d,SYNTHETIC,data/synthetic/configurations/731_synthetic_configurations_v5.csv,,,3530.0,,,,CFG731_5e5ad5db2756273d,DERIVED,TWO_CHARACTERISTIC
CONFIG_35e66340fe8bb8a3,Configuration,CFG731_6004951b9749cb7f,SYNTHETIC,data/synthetic/configurations/731_synthetic_configurations_v5.csv,,,3534.0,,,,CFG731_6004951b9749cb7f,DERIVED,TWO_CHARACTERISTIC
CONFIG_333c3ee76069ce35,Configuration,CFG731_550d755cbeee6b89,SYNTHETIC,data/synthetic/configurations/731_synthetic_configurations_v5.csv,,,3539.0,,,,CFG731_550d755cbeee6b89,DERIVED,TWO_CHARACTERISTIC
CONFIG_1a7c16e779b36041,Configuration,CFG731_9ccdadb28a07accd,SYNTHETIC,data/synthetic/configurations/731_synthetic_configurations_v5.csv,,,3540.0,,,,CFG731_9ccdadb28a07accd,DERIVED,ONE_CHARACTERISTIC
CONFIG_a6175ce2dee0dad5,Configuration,CFG731_86cac038e8db2fe1,SYNTHETIC,data/synthetic/configurations/731_synthetic_configurations_v5.csv,,,3541.0,,,,CFG731_86cac038e8db2fe1,DERIVED,TWO_CHARACTERISTIC
CONFIG_a3bd2d5b6d549275,Configuration,CFG731_6e27958dc8215006,SYNTHETIC,data/synthetic/configurations/731_synthetic_configurations_v5.csv,,,3543.0,,,,CFG731_6e27958dc8215006,DERIVED,TWO_CHARACTERISTIC
CONFIG_42fce8ded46de6c2,Configuration,CFG731_aef6446574fba0ea,SYNTHETIC,data/synthetic/configurations/731_synthetic_configurations_v5.csv,,,3548.0,,,,CFG731_aef6446574fba0ea,DERIVED,TWO_CHARACTERISTIC
CONFIG_7c70af44924332d5,Configuration,CFG731_d5a8b991307aace7,SYNTHETIC,data/synthetic/configurations/731_synthetic_configurations_v5.csv,,,3557.0,,,,CFG731_d5a8b991307aace7,DERIVED,ONE_CHARACTERISTIC
CONFIG_0b7e7fb77b40e2bb,Configuration,CFG731_8eb1a4c3831aebc6,SYNTHETIC,data/synthetic/configurations/731_synthetic_configurations_v5.csv,,,3559.0,,,,CFG731_8eb1a4c3831aebc6,OBSERVED,REAL_OBSERVED
CONFIG_f76fff19301a0712,Configuration,CFG731_c525a37447671864,SYNTHETIC,data/synthetic/configurations/731_synthetic_configurations_v5.csv,,,3561.0,,,,CFG731_c525a37447671864,DERIVED,TWO_CHARACTERISTIC
CONFIG_dfae6a4c79ed0891,Configuration,CFG731_aba447e5ca3ac7ba,SYNTHETIC,data/synthetic/configurations/731_synthetic_configurations_v5.csv,,,3563.0,,,,CFG731_aba447e5ca3ac7ba,OBSERVED,REAL_OBSERVED
CONFIG_5eb6a3790f6005dd,Configuration,CFG731_f2ae58b91c3b6ca0,SYNTHETIC,data/synthetic/configurations/731_synthetic_configurations_v5.csv,,,3567.0,,,,CFG731_f2ae58b91c3b6ca0,DERIVED,TWO_CHARACTERISTIC
CONFIG_b03801d358ba3e9b,Configuration,CFG731_b3cd6a1a19fbc328,SYNTHETIC,data/synthetic/configurations/731_synthetic_configurations_v5.csv,,,3578.0,,,,CFG731_b3cd6a1a19fbc328,DERIVED,TWO_CHARACTERISTIC
CONFIG_839aff72c8983fbe,Configuration,CFG731_8f2f3a7ba66ea526,SYNTHETIC,data/synthetic/configurations/731_synthetic_configurations_v5.csv,,,3583.0,,,,CFG731_8f2f3a7ba66ea526,DERIVED,TWO_CHARACTERISTIC
CONFIG_e8effa093a0429d9,Configuration,CFG731_de1ec1b96e1e485e,SYNTHETIC,data/synthetic/configurations/731_synthetic_configurations_v5.csv,,,3591.0,,,,CFG731_de1ec1b96e1e485e,DERIVED,ONE_CHARACTERISTIC
CONFIG_31125ace9e3f8ac1,Configuration,CFG731_60943f1ab66aced1,SYNTHETIC,data/synthetic/configurations/731_synthetic_configurations_v5.csv,,,3594.0,,,,CFG731_60943f1ab66aced1,DERIVED,TWO_CHARACTERISTIC
CONFIG_aaab2c01737695af,Configuration,CFG731_1d9f683b219cb519,SYNTHETIC,data/synthetic/configurations/731_synthetic_configurations_v5.csv,,,3597.0,,,,CFG731_1d9f683b219cb519,DERIVED,TWO_CHARACTERISTIC
CONFIG_9244a40989935b72,Configuration,CFG731_6d2ac57f5a8786db,SYNTHETIC,data/synthetic/configurations/731_synthetic_configurations_v5.csv,,,3603.0,,,,CFG731_6d2ac57f5a8786db,DERIVED,TWO_CHARACTERISTIC
CONFIG_146b450d6c53541d,Configuration,CFG731_6122ed4297a0659b,SYNTHETIC,data/synthetic/configurations/731_synthetic_configurations_v5.csv,,,3605.0,,,,CFG731_6122ed4297a0659b,DERIVED,TWO_CHARACTERISTIC
CONFIG_a2720e2adc7aab1b,Configuration,CFG731_86b45f3244313c4c,SYNTHETIC,data/synthetic/configurations/731_synthetic_configurations_v5.csv,,,3608.0,,,,CFG731_86b45f3244313c4c,DERIVED,TWO_CHARACTERISTIC
CONFIG_e6bba7e5bbc69b3c,Configuration,CFG731_6498e3fac64b4204,SYNTHETIC,data/synthetic/configurations/731_synthetic_configurations_v5.csv,,,3609.0,,,,CFG731_6498e3fac64b4204,DERIVED,TWO_CHARACTERISTIC
CONFIG_9ff071a67f0500c2,Configuration,CFG731_d779331ce0b0c6c1,SYNTHETIC,data/synthetic/configurations/731_synthetic_configurations_v5.csv,,,3613.0,,,,CFG731_d779331ce0b0c6c1,DERIVED,TWO_CHARACTERISTIC
CONFIG_8e4608cf91b9947d,Configuration,CFG731_b56113a9ae2281a6,SYNTHETIC,data/synthetic/configurations/731_synthetic_configurations_v5.csv,,,3614.0,,,,CFG731_b56113a9ae2281a6,DERIVED,TWO_CHARACTERISTIC
CONFIG_ac3969155c537768,Configuration,CFG731_54f76cb8cac8d338,SYNTHETIC,data/synthetic/configurations/731_synthetic_configurations_v5.csv,,,3615.0,,,,CFG731_54f76cb8cac8d338,DERIVED,TWO_CHARACTERISTIC
CONFIG_7413adadf1e7f7c4,Configuration,CFG731_b33230214578603d,SYNTHETIC,data/synthetic/configurations/731_synthetic_configurations_v5.csv,,,3618.0,,,,CFG731_b33230214578603d,DERIVED,TWO_CHARACTERISTIC
CONFIG_2b81efda7e324cdb,Configuration,CFG731_026f2e047a5ce316,SYNTHETIC,data/synthetic/configurations/731_synthetic_configurations_v5.csv,,,3620.0,,,,CFG731_026f2e047a5ce316,DERIVED,TWO_CHARACTERISTIC
CONFIG_0f6bb2d7b71f46fa,Configuration,CFG731_ce5a041b3cf74b9a,SYNTHETIC,data/synthetic/configurations/731_synthetic_configurations_v5.csv,,,3622.0,,,,CFG731_ce5a041b3cf74b9a,DERIVED,TWO_CHARACTERISTIC
CONFIG_b8daacc782a634dd,Configuration,CFG731_36045858c7c7e468,SYNTHETIC,data/synthetic/configurations/731_synthetic_configurations_v5.csv,,,3624.0,,,,CFG731_36045858c7c7e468,DERIVED,ONE_CHARACTERISTIC
CONFIG_6b9f58178720f3a3,Configuration,CFG731_34247ec265566826,SYNTHETIC,data/synthetic/configurations/731_synthetic_configurations_v5.csv,,,3625.0,,,,CFG731_34247ec265566826,DERIVED,TWO_CHARACTERISTIC
CONFIG_c3e7e40156e43cd7,Configuration,CFG731_21def19203fecb10,SYNTHETIC,data/synthetic/configurations/731_synthetic_configurations_v5.csv,,,3640.0,,,,CFG731_21def19203fecb10,DERIVED,TWO_CHARACTERISTIC
CONFIG_45e12d0a62128621,Configuration,CFG731_b80f5441ee56ff19,SYNTHETIC,data/synthetic/configurations/731_synthetic_configurations_v5.csv,,,3643.0,,,,CFG731_b80f5441ee56ff19,DERIVED,TWO_CHARACTERISTIC
CONFIG_81b15fc763a43b2e,Configuration,CFG731_58ed6f9d3568afba,SYNTHETIC,data/synthetic/configurations/731_synthetic_configurations_v5.csv,,,3647.0,,,,CFG731_58ed6f9d3568afba,DERIVED,TWO_CHARACTERISTIC
CONFIG_1c14bc8af3478444,Configuration,CFG731_0f0d5e28351801c5,SYNTHETIC,data/synthetic/configurations/731_synthetic_configurations_v5.csv,,,3650.0,,,,CFG731_0f0d5e28351801c5,DERIVED,TWO_CHARACTERISTIC
CONFIG_a3f3c2c190b5b3d6,Configuration,CFG731_ff86a142b07f19cb,SYNTHETIC,data/synthetic/configurations/731_synthetic_configurations_v5.csv,,,3670.0,,,,CFG731_ff86a142b07f19cb,DERIVED,TWO_CHARACTERISTIC
CONFIG_fcdf0f85292e97d7,Configuration,CFG731_a6849487313f00ac,SYNTHETIC,data/synthetic/configurations/731_synthetic_configurations_v5.csv,,,3674.0,,,,CFG731_a6849487313f00ac,DERIVED,TWO_CHARACTERISTIC
CONFIG_4f84031424acf07e,Configuration,CFG731_de67d4c164ed05bc,SYNTHETIC,data/synthetic/configurations/731_synthetic_configurations_v5.csv,,,3678.0,,,,CFG731_de67d4c164ed05bc,OBSERVED,REAL_OBSERVED
CONFIG_b0c0c1e1a4abdc63,Configuration,CFG731_6f7f96081c2735a8,SYNTHETIC,data/synthetic/configurations/731_synthetic_configurations_v5.csv,,,3682.0,,,,CFG731_6f7f96081c2735a8,DERIVED,TWO_CHARACTERISTIC
CONFIG_03fe063b6e4fa86c,Configuration,CFG731_dbe9c00b3af80524,SYNTHETIC,data/synthetic/configurations/731_synthetic_configurations_v5.csv,,,3684.0,,,,CFG731_dbe9c00b3af80524,OBSERVED,REAL_OBSERVED
CONFIG_75fbe4f50a3b1314,Configuration,CFG731_6acfd9f3fc3ebf52,SYNTHETIC,data/synthetic/configurations/731_synthetic_configurations_v5.csv,,,3687.0,,,,CFG731_6acfd9f3fc3ebf52,DERIVED,TWO_CHARACTERISTIC
CONFIG_6c3e52ef1b1e8f5f,Configuration,CFG731_162b59c5f8cf5a72,SYNTHETIC,data/synthetic/configurations/731_synthetic_configurations_v5.csv,,,3697.0,,,,CFG731_162b59c5f8cf5a72,DERIVED,TWO_CHARACTERISTIC
CONFIG_460d27a0efb635a2,Configuration,CFG731_25b84d9ab233c6bf,SYNTHETIC,data/synthetic/configurations/731_synthetic_configurations_v5.csv,,,3700.0,,,,CFG731_25b84d9ab233c6bf,DERIVED,TWO_CHARACTERISTIC
CONFIG_4e71a029d5dbaf7c,Configuration,CFG731_82b31fa8518668d4,SYNTHETIC,data/synthetic/configurations/731_synthetic_configurations_v5.csv,,,3708.0,,,,CFG731_82b31fa8518668d4,DERIVED,TWO_CHARACTERISTIC
CONFIG_452bc07eeeda7efd,Configuration,CFG731_fc60ae5de2353d1d,SYNTHETIC,data/synthetic/configurations/731_synthetic_configurations_v5.csv,,,3710.0,,,,CFG731_fc60ae5de2353d1d,DERIVED,TWO_CHARACTERISTIC
CONFIG_5a69dca81c809bb8,Configuration,CFG731_980a76c91f10f2dd,SYNTHETIC,data/synthetic/configurations/731_synthetic_configurations_v5.csv,,,3715.0,,,,CFG731_980a76c91f10f2dd,DERIVED,TWO_CHARACTERISTIC
CONFIG_04af5df16d2aa1ee,Configuration,CFG731_1c5301147dd0cfb1,SYNTHETIC,data/synthetic/configurations/731_synthetic_configurations_v5.csv,,,3717.0,,,,CFG731_1c5301147dd0cfb1,OBSERVED,REAL_OBSERVED
CONFIG_12970b6de4a14fee,Configuration,CFG731_4c42dcb2d8606e20,SYNTHETIC,data/synthetic/configurations/731_synthetic_configurations_v5.csv,,,3723.0,,,,CFG731_4c42dcb2d8606e20,OBSERVED,REAL_OBSERVED
CONFIG_5f632e8f0d1f057a,Configuration,CFG731_240d537f14b1a01d,SYNTHETIC,data/synthetic/configurations/731_synthetic_configurations_v5.csv,,,3727.0,,,,CFG731_240d537f14b1a01d,DERIVED,TWO_CHARACTERISTIC
CONFIG_0bd4c752b8e109ba,Configuration,CFG731_0adf2e67687ef664,SYNTHETIC,data/synthetic/configurations/731_synthetic_configurations_v5.csv,,,3729.0,,,,CFG731_0adf2e67687ef664,DERIVED,TWO_CHARACTERISTIC
CONFIG_867d4f6e2d0a363b,Configuration,CFG731_781438c58a003a2c,SYNTHETIC,data/synthetic/configurations/731_synthetic_configurations_v5.csv,,,3733.0,,,,CFG731_781438c58a003a2c,DERIVED,TWO_CHARACTERISTIC
CONFIG_ba40323343a5dbb2,Configuration,CFG731_364810dcd7f32a0c,SYNTHETIC,data/synthetic/configurations/731_synthetic_configurations_v5.csv,,,3737.0,,,,CFG731_364810dcd7f32a0c,DERIVED,TWO_CHARACTERISTIC
CONFIG_cc7cb14d2d1d8e22,Configuration,CFG731_ca05869cc5edc073,SYNTHETIC,data/synthetic/configurations/731_synthetic_configurations_v5.csv,,,3740.0,,,,CFG731_ca05869cc5edc073,DERIVED,TWO_CHARACTERISTIC
CONFIG_c89c7e0a3522fc4a,Configuration,CFG731_5d2495d91e9fa868,SYNTHETIC,data/synthetic/configurations/731_synthetic_configurations_v5.csv,,,3741.0,,,,CFG731_5d2495d91e9fa868,DERIVED,TWO_CHARACTERISTIC
CONFIG_a3c4faefc1654aea,Configuration,CFG731_98e30468f83e5da1,SYNTHETIC,data/synthetic/configurations/731_synthetic_configurations_v5.csv,,,3744.0,,,,CFG731_98e30468f83e5da1,DERIVED,TWO_CHARACTERISTIC
CONFIG_2c0ccc3dd6e6ff94,Configuration,CFG731_3ac187941df4fdac,SYNTHETIC,data/synthetic/configurations/731_synthetic_configurations_v5.csv,,,3746.0,,,,CFG731_3ac187941df4fdac,DERIVED,TWO_CHARACTERISTIC
CONFIG_5cbdc70ca85cefb5,Configuration,CFG731_8a61c0ec32be5088,SYNTHETIC,data/synthetic/configurations/731_synthetic_configurations_v5.csv,,,3750.0,,,,CFG731_8a61c0ec32be5088,DERIVED,TWO_CHARACTERISTIC
CONFIG_48a52e050fbab3a8,Configuration,CFG731_c4712f19c49c0681,SYNTHETIC,data/synthetic/configurations/731_synthetic_configurations_v5.csv,,,3754.0,,,,CFG731_c4712f19c49c0681,DERIVED,TWO_CHARACTERISTIC
CONFIG_9eb890d7171f2bc0,Configuration,CFG731_0318c2a0a1c0c588,SYNTHETIC,data/synthetic/configurations/731_synthetic_configurations_v5.csv,,,3759.0,,,,CFG731_0318c2a0a1c0c588,DERIVED,TWO_CHARACTERISTIC
CONFIG_648828a07a720f47,Configuration,CFG731_4b7f2cba3cb67912,SYNTHETIC,data/synthetic/configurations/731_synthetic_configurations_v5.csv,,,3761.0,,,,CFG731_4b7f2cba3cb67912,DERIVED,TWO_CHARACTERISTIC
CONFIG_818426b71e68b339,Configuration,CFG731_49fe7a9d3e1ae54e,SYNTHETIC,data/synthetic/configurations/731_synthetic_configurations_v5.csv,,,3762.0,,,,CFG731_49fe7a9d3e1ae54e,DERIVED,TWO_CHARACTERISTIC
CONFIG_7713948f228f9fcc,Configuration,CFG731_3a443cba223b0ece,SYNTHETIC,data/synthetic/configurations/731_synthetic_configurations_v5.csv,,,3764.0,,,,CFG731_3a443cba223b0ece,DERIVED,TWO_CHARACTERISTIC
CONFIG_c3352e6a3dd506ca,Configuration,CFG731_159f3a6877b5a5d2,SYNTHETIC,data/synthetic/configurations/731_synthetic_configurations_v5.csv,,,3768.0,,,,CFG731_159f3a6877b5a5d2,DERIVED,TWO_CHARACTERISTIC
CONFIG_60fc34944dba02c8,Configuration,CFG731_d2b20af54a13d79f,SYNTHETIC,data/synthetic/configurations/731_synthetic_configurations_v5.csv,,,3769.0,,,,CFG731_d2b20af54a13d79f,DERIVED,TWO_CHARACTERISTIC
CONFIG_6880e762efeb1e51,Configuration,CFG731_65b9beb5d5675c99,SYNTHETIC,data/synthetic/configurations/731_synthetic_configurations_v5.csv,,,3770.0,,,,CFG731_65b9beb5d5675c99,OBSERVED,REAL_OBSERVED
CONFIG_03c2a09fcb06fc7e,Configuration,CFG731_7a924ba8e265ed39,SYNTHETIC,data/synthetic/configurations/731_synthetic_configurations_v5.csv,,,3771.0,,,,CFG731_7a924ba8e265ed39,DERIVED,TWO_CHARACTERISTIC
CONFIG_b43789e7ab40624c,Configuration,CFG731_b46ee61929f1dcd2,SYNTHETIC,data/synthetic/configurations/731_synthetic_configurations_v5.csv,,,3776.0,,,,CFG731_b46ee61929f1dcd2,DERIVED,TWO_CHARACTERISTIC
CONFIG_62fb874dc0b7be5c,Configuration,CFG731_21833abb52d83273,SYNTHETIC,data/synthetic/configurations/731_synthetic_configurations_v5.csv,,,3782.0,,,,CFG731_21833abb52d83273,DERIVED,TWO_CHARACTERISTIC
CONFIG_73ed19809e0a6e0c,Configuration,CFG731_efd04893c134641c,SYNTHETIC,data/synthetic/configurations/731_synthetic_configurations_v5.csv,,,3785.0,,,,CFG731_efd04893c134641c,DERIVED,TWO_CHARACTERISTIC
CONFIG_c7c8518d2fdfce91,Configuration,CFG731_069a81a9f63b5afa,SYNTHETIC,data/synthetic/configurations/731_synthetic_configurations_v5.csv,,,3794.0,,,,CFG731_069a81a9f63b5afa,DERIVED,TWO_CHARACTERISTIC
CONFIG_444fb5c3c54cccaa,Configuration,CFG731_257fecba9143d12f,SYNTHETIC,data/synthetic/configurations/731_synthetic_configurations_v5.csv,,,3795.0,,,,CFG731_257fecba9143d12f,DERIVED,TWO_CHARACTERISTIC
CONFIG_9d91fe47b33d3426,Configuration,CFG731_cbcc0cf44cde6b53,SYNTHETIC,data/synthetic/configurations/731_synthetic_configurations_v5.csv,,,3798.0,,,,CFG731_cbcc0cf44cde6b53,DERIVED,TWO_CHARACTERISTIC
CONFIG_88c38130e7bbf0cc,Configuration,CFG731_7443fdee60a83b8a,SYNTHETIC,data/synthetic/configurations/731_synthetic_configurations_v5.csv,,,3801.0,,,,CFG731_7443fdee60a83b8a,DERIVED,TWO_CHARACTERISTIC
CONFIG_3a84cf0af72eee3d,Configuration,CFG731_1515931f201451d5,SYNTHETIC,data/synthetic/configurations/731_synthetic_configurations_v5.csv,,,3804.0,,,,CFG731_1515931f201451d5,DERIVED,TWO_CHARACTERISTIC
CONFIG_faad2126eb7410ed,Configuration,CFG731_83a3644f76b45069,SYNTHETIC,data/synthetic/configurations/731_synthetic_configurations_v5.csv,,,3806.0,,,,CFG731_83a3644f76b45069,OBSERVED,REAL_OBSERVED
CONFIG_bff39251a4f5d4cf,Configuration,CFG731_aa68f1da5062cc70,SYNTHETIC,data/synthetic/configurations/731_synthetic_configurations_v5.csv,,,3808.0,,,,CFG731_aa68f1da5062cc70,DERIVED,TWO_CHARACTERISTIC
CONFIG_a2a6c1268ba4f48b,Configuration,CFG731_2611c05bb2e3d229,SYNTHETIC,data/synthetic/configurations/731_synthetic_configurations_v5.csv,,,3813.0,,,,CFG731_2611c05bb2e3d229,DERIVED,TWO_CHARACTERISTIC
CONFIG_1d644530b0aa7716,Configuration,CFG731_0ce13abf777d04f9,SYNTHETIC,data/synthetic/configurations/731_synthetic_configurations_v5.csv,,,3820.0,,,,CFG731_0ce13abf777d04f9,DERIVED,DEPENDENCY_TWO_CHARACTERISTIC
CONFIG_d0314d6984a08345,Configuration,CFG731_e901d983321020a2,SYNTHETIC,data/synthetic/configurations/731_synthetic_configurations_v5.csv,,,3824.0,,,,CFG731_e901d983321020a2,DERIVED,TWO_CHARACTERISTIC
CONFIG_b5d3e804d87a284b,Configuration,CFG731_3c6c3a0686e047ad,SYNTHETIC,data/synthetic/configurations/731_synthetic_configurations_v5.csv,,,3825.0,,,,CFG731_3c6c3a0686e047ad,DERIVED,TWO_CHARACTERISTIC
CONFIG_471c6988a3d6b98c,Configuration,CFG731_90c71d3135db57b4,SYNTHETIC,data/synthetic/configurations/731_synthetic_configurations_v5.csv,,,3830.0,,,,CFG731_90c71d3135db57b4,DERIVED,TWO_CHARACTERISTIC
CONFIG_668061fca6d2f17b,Configuration,CFG731_3d5919a152529e0c,SYNTHETIC,data/synthetic/configurations/731_synthetic_configurations_v5.csv,,,3832.0,,,,CFG731_3d5919a152529e0c,DERIVED,DEPENDENCY_TWO_CHARACTERISTIC
CONFIG_a195f587688e0405,Configuration,CFG731_b4d39364171927b2,SYNTHETIC,data/synthetic/configurations/731_synthetic_configurations_v5.csv,,,3842.0,,,,CFG731_b4d39364171927b2,DERIVED,TWO_CHARACTERISTIC
CONFIG_207f6b629d73332c,Configuration,CFG731_d6304b0cfae9a548,SYNTHETIC,data/synthetic/configurations/731_synthetic_configurations_v5.csv,,,3843.0,,,,CFG731_d6304b0cfae9a548,DERIVED,TWO_CHARACTERISTIC
CONFIG_8c33795f04390e94,Configuration,CFG731_024d4a54a1e6d96e,SYNTHETIC,data/synthetic/configurations/731_synthetic_configurations_v5.csv,,,3845.0,,,,CFG731_024d4a54a1e6d96e,DERIVED,TWO_CHARACTERISTIC
CONFIG_0157365387dd1aa6,Configuration,CFG731_dd3145b6d50f35f0,SYNTHETIC,data/synthetic/configurations/731_synthetic_configurations_v5.csv,,,3846.0,,,,CFG731_dd3145b6d50f35f0,DERIVED,TWO_CHARACTERISTIC
CONFIG_846c8b7c93ad4446,Configuration,CFG731_63f33b68f29fecef,SYNTHETIC,data/synthetic/configurations/731_synthetic_configurations_v5.csv,,,3847.0,,,,CFG731_63f33b68f29fecef,DERIVED,TWO_CHARACTERISTIC
CONFIG_16d8cec3cd72a5dd,Configuration,CFG731_aef3ebf3cdf884c1,SYNTHETIC,data/synthetic/configurations/731_synthetic_configurations_v5.csv,,,3861.0,,,,CFG731_aef3ebf3cdf884c1,DERIVED,TWO_CHARACTERISTIC
CONFIG_02b4d8f9d245f40b,Configuration,CFG731_8029ba35dd7e7f95,SYNTHETIC,data/synthetic/configurations/731_synthetic_configurations_v5.csv,,,3875.0,,,,CFG731_8029ba35dd7e7f95,DERIVED,TWO_CHARACTERISTIC
CONFIG_4cb236df67c86ad5,Configuration,CFG731_f0496d00d34377f6,SYNTHETIC,data/synthetic/configurations/731_synthetic_configurations_v5.csv,,,3880.0,,,,CFG731_f0496d00d34377f6,DERIVED,TWO_CHARACTERISTIC
CONFIG_0ffb13c2fe3e310b,Configuration,CFG731_a593ff51e33da059,SYNTHETIC,data/synthetic/configurations/731_synthetic_configurations_v5.csv,,,3882.0,,,,CFG731_a593ff51e33da059,DERIVED,TWO_CHARACTERISTIC
CONFIG_1cc3680ecee54df1,Configuration,CFG731_377b5b4a8356fe8f,SYNTHETIC,data/synthetic/configurations/731_synthetic_configurations_v5.csv,,,3883.0,,,,CFG731_377b5b4a8356fe8f,DERIVED,TWO_CHARACTERISTIC
CONFIG_a81c47c034fdbbef,Configuration,CFG731_b4de492be2e9f1b1,SYNTHETIC,data/synthetic/configurations/731_synthetic_configurations_v5.csv,,,3884.0,,,,CFG731_b4de492be2e9f1b1,DERIVED,TWO_CHARACTERISTIC
CONFIG_8285eeb54c1cb978,Configuration,CFG731_d622722cfe4eb872,SYNTHETIC,data/synthetic/configurations/731_synthetic_configurations_v5.csv,,,3898.0,,,,CFG731_d622722cfe4eb872,DERIVED,TWO_CHARACTERISTIC
CONFIG_03c0e43ef3027b98,Configuration,CFG731_0d749d07dfcd6370,SYNTHETIC,data/synthetic/configurations/731_synthetic_configurations_v5.csv,,,3900.0,,,,CFG731_0d749d07dfcd6370,DERIVED,TWO_CHARACTERISTIC
CONFIG_1a518fd01e2094ed,Configuration,CFG731_178dcdc053bfc8f2,SYNTHETIC,data/synthetic/configurations/731_synthetic_configurations_v5.csv,,,3902.0,,,,CFG731_178dcdc053bfc8f2,DERIVED,TWO_CHARACTERISTIC
CONFIG_610be5a91ba81ab8,Configuration,CFG731_16b53411ff7f6c9b,SYNTHETIC,data/synthetic/configurations/731_synthetic_configurations_v5.csv,,,3916.0,,,,CFG731_16b53411ff7f6c9b,DERIVED,TWO_CHARACTERISTIC
CONFIG_ad5ee8a4388873c1,Configuration,CFG731_7575940775c8828a,SYNTHETIC,data/synthetic/configurations/731_synthetic_configurations_v5.csv,,,3918.0,,,,CFG731_7575940775c8828a,DERIVED,TWO_CHARACTERISTIC
CONFIG_1d05e17a9dc4f53d,Configuration,CFG731_5184cddea92399de,SYNTHETIC,data/synthetic/configurations/731_synthetic_configurations_v5.csv,,,3920.0,,,,CFG731_5184cddea92399de,DERIVED,TWO_CHARACTERISTIC
CONFIG_ec9196fab2a92024,Configuration,CFG731_c9c2eeedbcdb5160,SYNTHETIC,data/synthetic/configurations/731_synthetic_configurations_v5.csv,,,3926.0,,,,CFG731_c9c2eeedbcdb5160,DERIVED,DEPENDENCY_TWO_CHARACTERISTIC
CONFIG_2d91747009a4fc2e,Configuration,CFG731_0e65994bfbb04e39,SYNTHETIC,data/synthetic/configurations/731_synthetic_configurations_v5.csv,,,3935.0,,,,CFG731_0e65994bfbb04e39,DERIVED,TWO_CHARACTERISTIC
CONFIG_a0298a43d0f4a283,Configuration,CFG731_7b2620a0a86146ac,SYNTHETIC,data/synthetic/configurations/731_synthetic_configurations_v5.csv,,,3952.0,,,,CFG731_7b2620a0a86146ac,DERIVED,TWO_CHARACTERISTIC
CONFIG_5eb473a6d5b6580f,Configuration,CFG731_ab5177144fa1d704,SYNTHETIC,data/synthetic/configurations/731_synthetic_configurations_v5.csv,,,3953.0,,,,CFG731_ab5177144fa1d704,DERIVED,TWO_CHARACTERISTIC
CONFIG_06d5317411500b64,Configuration,CFG731_5f5f37f4d005417e,SYNTHETIC,data/synthetic/configurations/731_synthetic_configurations_v5.csv,,,3956.0,,,,CFG731_5f5f37f4d005417e,DERIVED,TWO_CHARACTERISTIC
CONFIG_03152f9358545974,Configuration,CFG731_bfee42801e80594e,SYNTHETIC,data/synthetic/configurations/731_synthetic_configurations_v5.csv,,,3958.0,,,,CFG731_bfee42801e80594e,DERIVED,ONE_CHARACTERISTIC
CONFIG_983ccde6855661f9,Configuration,CFG731_3daa091181ed5329,SYNTHETIC,data/synthetic/configurations/731_synthetic_configurations_v5.csv,,,3962.0,,,,CFG731_3daa091181ed5329,DERIVED,TWO_CHARACTERISTIC
CONFIG_a13be16002690674,Configuration,CFG731_6488c2bb812dbd12,SYNTHETIC,data/synthetic/configurations/731_synthetic_configurations_v5.csv,,,3964.0,,,,CFG731_6488c2bb812dbd12,DERIVED,TWO_CHARACTERISTIC
CONFIG_afbf968734cf793b,Configuration,CFG731_399a488b9c799644,SYNTHETIC,data/synthetic/configurations/731_synthetic_configurations_v5.csv,,,3965.0,,,,CFG731_399a488b9c799644,DERIVED,TWO_CHARACTERISTIC
CONFIG_57d12914a0f7995e,Configuration,CFG731_071ad1736ef73ba8,SYNTHETIC,data/synthetic/configurations/731_synthetic_configurations_v5.csv,,,3968.0,,,,CFG731_071ad1736ef73ba8,DERIVED,ONE_CHARACTERISTIC
CONFIG_61e7466ae34b64bb,Configuration,CFG731_9879620d23af8c96,SYNTHETIC,data/synthetic/configurations/731_synthetic_configurations_v5.csv,,,3974.0,,,,CFG731_9879620d23af8c96,DERIVED,TWO_CHARACTERISTIC
CONFIG_22e6bfad54108c6b,Configuration,CFG731_4297d68b978dc0d5,SYNTHETIC,data/synthetic/configurations/731_synthetic_configurations_v5.csv,,,3984.0,,,,CFG731_4297d68b978dc0d5,DERIVED,TWO_CHARACTERISTIC
CONFIG_c4aa2eac23f0c4a5,Configuration,CFG731_c52e06c2d714087a,SYNTHETIC,data/synthetic/configurations/731_synthetic_configurations_v5.csv,,,3986.0,,,,CFG731_c52e06c2d714087a,OBSERVED,REAL_OBSERVED
CONFIG_3cac734ae738892c,Configuration,CFG731_22429427ccd9f79c,SYNTHETIC,data/synthetic/configurations/731_synthetic_configurations_v5.csv,,,3987.0,,,,CFG731_22429427ccd9f79c,DERIVED,TWO_CHARACTERISTIC
CONFIG_1f8680c687b3deca,Configuration,CFG731_d4dafb658c85c692,SYNTHETIC,data/synthetic/configurations/731_synthetic_configurations_v5.csv,,,3989.0,,,,CFG731_d4dafb658c85c692,DERIVED,TWO_CHARACTERISTIC
CONFIG_5128f476bff67a61,Configuration,CFG731_929f9b8dab6bae34,SYNTHETIC,data/synthetic/configurations/731_synthetic_configurations_v5.csv,,,3995.0,,,,CFG731_929f9b8dab6bae34,DERIVED,TWO_CHARACTERISTIC
CONFIG_e31316d09c3dd439,Configuration,CFG731_a6cb56889da80b37,SYNTHETIC,data/synthetic/configurations/731_synthetic_configurations_v5.csv,,,4003.0,,,,CFG731_a6cb56889da80b37,DERIVED,TWO_CHARACTERISTIC
CONFIG_6163d90567176dcc,Configuration,CFG731_36afe1d5d5adcebd,SYNTHETIC,data/synthetic/configurations/731_synthetic_configurations_v5.csv,,,4005.0,,,,CFG731_36afe1d5d5adcebd,DERIVED,TWO_CHARACTERISTIC
CONFIG_2244cac19e89b603,Configuration,CFG731_c9190efaaf22bb3f,SYNTHETIC,data/synthetic/configurations/731_synthetic_configurations_v5.csv,,,4010.0,,,,CFG731_c9190efaaf22bb3f,DERIVED,ONE_CHARACTERISTIC
CONFIG_8b62ca0231fbcc1c,Configuration,CFG731_4a6afa34ded1f013,SYNTHETIC,data/synthetic/configurations/731_synthetic_configurations_v5.csv,,,4011.0,,,,CFG731_4a6afa34ded1f013,DERIVED,TWO_CHARACTERISTIC
CONFIG_1ea3839da8c95929,Configuration,CFG731_d517f4f2d9736ee5,SYNTHETIC,data/synthetic/configurations/731_synthetic_configurations_v5.csv,,,4012.0,,,,CFG731_d517f4f2d9736ee5,DERIVED,TWO_CHARACTERISTIC
CONFIG_20ccc82eb9dc440c,Configuration,CFG731_5ffc2d74e4a3fb5a,SYNTHETIC,data/synthetic/configurations/731_synthetic_configurations_v5.csv,,,4013.0,,,,CFG731_5ffc2d74e4a3fb5a,DERIVED,DEPENDENCY_TWO_CHARACTERISTIC
CONFIG_b87ac6f95a6b4e16,Configuration,CFG731_341c156f683b247f,SYNTHETIC,data/synthetic/configurations/731_synthetic_configurations_v5.csv,,,4021.0,,,,CFG731_341c156f683b247f,DERIVED,TWO_CHARACTERISTIC
CONFIG_feb396bf4ca38882,Configuration,CFG731_ea138d51de519353,SYNTHETIC,data/synthetic/configurations/731_synthetic_configurations_v5.csv,,,4022.0,,,,CFG731_ea138d51de519353,DERIVED,TWO_CHARACTERISTIC
CONFIG_079b79d898191c4b,Configuration,CFG731_089eb10797cdf87e,SYNTHETIC,data/synthetic/configurations/731_synthetic_configurations_v5.csv,,,4030.0,,,,CFG731_089eb10797cdf87e,DERIVED,TWO_CHARACTERISTIC
CONFIG_3210efaa45852a2d,Configuration,CFG731_31fd775a1fcaab0b,SYNTHETIC,data/synthetic/configurations/731_synthetic_configurations_v5.csv,,,4048.0,,,,CFG731_31fd775a1fcaab0b,DERIVED,TWO_CHARACTERISTIC
CONFIG_f8860546a7308b88,Configuration,CFG731_b65b306a03ca71c9,SYNTHETIC,data/synthetic/configurations/731_synthetic_configurations_v5.csv,,,4049.0,,,,CFG731_b65b306a03ca71c9,OBSERVED,REAL_OBSERVED
CONFIG_8d3f4607723e6f6c,Configuration,CFG731_d1cfa46f29f5f652,SYNTHETIC,data/synthetic/configurations/731_synthetic_configurations_v5.csv,,,4054.0,,,,CFG731_d1cfa46f29f5f652,OBSERVED,REAL_OBSERVED
CONFIG_a991f1cabb759910,Configuration,CFG731_1c4555c04dc17835,SYNTHETIC,data/synthetic/configurations/731_synthetic_configurations_v5.csv,,,4056.0,,,,CFG731_1c4555c04dc17835,DERIVED,TWO_CHARACTERISTIC
CONFIG_b31b7759de48de37,Configuration,CFG731_2a6e9b57f90048ca,SYNTHETIC,data/synthetic/configurations/731_synthetic_configurations_v5.csv,,,4057.0,,,,CFG731_2a6e9b57f90048ca,DERIVED,TWO_CHARACTERISTIC
CONFIG_1f1f3169fa42ffaf,Configuration,CFG731_79d5571d44c945f6,SYNTHETIC,data/synthetic/configurations/731_synthetic_configurations_v5.csv,,,4064.0,,,,CFG731_79d5571d44c945f6,DERIVED,TWO_CHARACTERISTIC
CONFIG_56acbcc870e81e07,Configuration,CFG731_2451b1d5b9cd9ccd,SYNTHETIC,data/synthetic/configurations/731_synthetic_configurations_v5.csv,,,4068.0,,,,CFG731_2451b1d5b9cd9ccd,DERIVED,TWO_CHARACTERISTIC
CONFIG_59c6cef1b63b2fa2,Configuration,CFG731_b5546ca330bbc78f,SYNTHETIC,data/synthetic/configurations/731_synthetic_configurations_v5.csv,,,4075.0,,,,CFG731_b5546ca330bbc78f,DERIVED,TWO_CHARACTERISTIC
CONFIG_b4ce0e424cc966f4,Configuration,CFG731_c62952cfd77a9c9c,SYNTHETIC,data/synthetic/configurations/731_synthetic_configurations_v5.csv,,,4077.0,,,,CFG731_c62952cfd77a9c9c,DERIVED,TWO_CHARACTERISTIC
CONFIG_bfc27b958811aada,Configuration,CFG731_826e1fabd4dc03d4,SYNTHETIC,data/synthetic/configurations/731_synthetic_configurations_v5.csv,,,4081.0,,,,CFG731_826e1fabd4dc03d4,DERIVED,TWO_CHARACTERISTIC
CONFIG_697c00726b90b067,Configuration,CFG731_952a687c71f51b58,SYNTHETIC,data/synthetic/configurations/731_synthetic_configurations_v5.csv,,,4091.0,,,,CFG731_952a687c71f51b58,DERIVED,TWO_CHARACTERISTIC
CONFIG_7365c9894c16f307,Configuration,CFG731_5e2afc74c0c26cfc,SYNTHETIC,data/synthetic/configurations/731_synthetic_configurations_v5.csv,,,4092.0,,,,CFG731_5e2afc74c0c26cfc,OBSERVED,REAL_OBSERVED
CONFIG_2458825214524969,Configuration,CFG731_6638f62366414007,SYNTHETIC,data/synthetic/configurations/731_synthetic_configurations_v5.csv,,,4093.0,,,,CFG731_6638f62366414007,DERIVED,TWO_CHARACTERISTIC
CONFIG_a61cdcef92b85a5c,Configuration,CFG731_ade755d80d357018,SYNTHETIC,data/synthetic/configurations/731_synthetic_configurations_v5.csv,,,4094.0,,,,CFG731_ade755d80d357018,DERIVED,TWO_CHARACTERISTIC
CONFIG_0c8bee16421741ac,Configuration,CFG731_0ccac09f5dbb32fb,SYNTHETIC,data/synthetic/configurations/731_synthetic_configurations_v5.csv,,,4100.0,,,,CFG731_0ccac09f5dbb32fb,DERIVED,TWO_CHARACTERISTIC
CONFIG_13b02980e71851a4,Configuration,CFG731_c52b9598a8210777,SYNTHETIC,data/synthetic/configurations/731_synthetic_configurations_v5.csv,,,4122.0,,,,CFG731_c52b9598a8210777,DERIVED,TWO_CHARACTERISTIC
CONFIG_b4d224e749d6704a,Configuration,CFG731_142da525ddb90041,SYNTHETIC,data/synthetic/configurations/731_synthetic_configurations_v5.csv,,,4124.0,,,,CFG731_142da525ddb90041,DERIVED,TWO_CHARACTERISTIC
CONFIG_6e15f197b8c6b64f,Configuration,CFG731_c887ba58c35036a9,SYNTHETIC,data/synthetic/configurations/731_synthetic_configurations_v5.csv,,,4125.0,,,,CFG731_c887ba58c35036a9,OBSERVED,REAL_OBSERVED
CONFIG_feb8099cef02e4a7,Configuration,CFG731_9d34457cb8c133dc,SYNTHETIC,data/synthetic/configurations/731_synthetic_configurations_v5.csv,,,4134.0,,,,CFG731_9d34457cb8c133dc,DERIVED,TWO_CHARACTERISTIC
CONFIG_a4c6b6555704c061,Configuration,CFG731_95efafc2bfc61133,SYNTHETIC,data/synthetic/configurations/731_synthetic_configurations_v5.csv,,,4135.0,,,,CFG731_95efafc2bfc61133,DERIVED,TWO_CHARACTERISTIC
CONFIG_6cdf23bb9e4de880,Configuration,CFG731_eee37571734035ae,SYNTHETIC,data/synthetic/configurations/731_synthetic_configurations_v5.csv,,,4137.0,,,,CFG731_eee37571734035ae,DERIVED,TWO_CHARACTERISTIC
CONFIG_0f55096a1461feb6,Configuration,CFG731_019ca39d01857aa6,SYNTHETIC,data/synthetic/configurations/731_synthetic_configurations_v5.csv,,,4140.0,,,,CFG731_019ca39d01857aa6,DERIVED,TWO_CHARACTERISTIC
CONFIG_1f7f776a639c962a,Configuration,CFG731_fca8628ebb50e372,SYNTHETIC,data/synthetic/configurations/731_synthetic_configurations_v5.csv,,,4144.0,,,,CFG731_fca8628ebb50e372,DERIVED,TWO_CHARACTERISTIC
CONFIG_db34cb31083ee393,Configuration,CFG731_584d4f5b54752e2e,SYNTHETIC,data/synthetic/configurations/731_synthetic_configurations_v5.csv,,,4146.0,,,,CFG731_584d4f5b54752e2e,DERIVED,TWO_CHARACTERISTIC
CONFIG_352596d166b09279,Configuration,CFG731_10829a99d0812ab9,SYNTHETIC,data/synthetic/configurations/731_synthetic_configurations_v5.csv,,,4153.0,,,,CFG731_10829a99d0812ab9,DERIVED,ONE_CHARACTERISTIC
CONFIG_40f2575df8e4e1fb,Configuration,CFG731_3fcc8154cde02384,SYNTHETIC,data/synthetic/configurations/731_synthetic_configurations_v5.csv,,,4163.0,,,,CFG731_3fcc8154cde02384,DERIVED,TWO_CHARACTERISTIC
CONFIG_616becc3c1c95796,Configuration,CFG731_b8b11650a048baf7,SYNTHETIC,data/synthetic/configurations/731_synthetic_configurations_v5.csv,,,4176.0,,,,CFG731_b8b11650a048baf7,OBSERVED,REAL_OBSERVED
CONFIG_0e4cdd3ae2c4649b,Configuration,CFG731_231fdaf3bc44943b,SYNTHETIC,data/synthetic/configurations/731_synthetic_configurations_v5.csv,,,4178.0,,,,CFG731_231fdaf3bc44943b,DERIVED,TWO_CHARACTERISTIC
CONFIG_e51a0c9b8c62039d,Configuration,CFG731_de6efef3a5b620bb,SYNTHETIC,data/synthetic/configurations/731_synthetic_configurations_v5.csv,,,4190.0,,,,CFG731_de6efef3a5b620bb,OBSERVED,REAL_OBSERVED
CONFIG_f266d00ffc074953,Configuration,CFG731_414f059dc1b5ce96,SYNTHETIC,data/synthetic/configurations/731_synthetic_configurations_v5.csv,,,4191.0,,,,CFG731_414f059dc1b5ce96,DERIVED,TWO_CHARACTERISTIC
CONFIG_a6110a0f990e5e2b,Configuration,CFG731_aacf790c5259123d,SYNTHETIC,data/synthetic/configurations/731_synthetic_configurations_v5.csv,,,4197.0,,,,CFG731_aacf790c5259123d,DERIVED,TWO_CHARACTERISTIC
CONFIG_7829f3cfbc9c0547,Configuration,CFG731_950a2c81247480fc,SYNTHETIC,data/synthetic/configurations/731_synthetic_configurations_v5.csv,,,4210.0,,,,CFG731_950a2c81247480fc,DERIVED,TWO_CHARACTERISTIC
CONFIG_6c0dcf89f790d917,Configuration,CFG731_a2369b4e4d48ee5d,SYNTHETIC,data/synthetic/configurations/731_synthetic_configurations_v5.csv,,,4216.0,,,,CFG731_a2369b4e4d48ee5d,DERIVED,TWO_CHARACTERISTIC
CONFIG_1866c14c0896025f,Configuration,CFG731_fbc30ae2acd85744,SYNTHETIC,data/synthetic/configurations/731_synthetic_configurations_v5.csv,,,4218.0,,,,CFG731_fbc30ae2acd85744,DERIVED,TWO_CHARACTERISTIC
CONFIG_11d0b4646c92f95e,Configuration,CFG731_307ce44cbcefe66b,SYNTHETIC,data/synthetic/configurations/731_synthetic_configurations_v5.csv,,,4226.0,,,,CFG731_307ce44cbcefe66b,DERIVED,TWO_CHARACTERISTIC
CONFIG_eafa3fd62d1bdaaa,Configuration,CFG731_4065adeeb89ecb2b,SYNTHETIC,data/synthetic/configurations/731_synthetic_configurations_v5.csv,,,4228.0,,,,CFG731_4065adeeb89ecb2b,DERIVED,TWO_CHARACTERISTIC
CONFIG_d825fb5638c95897,Configuration,CFG731_0848f22447616e6f,SYNTHETIC,data/synthetic/configurations/731_synthetic_configurations_v5.csv,,,4232.0,,,,CFG731_0848f22447616e6f,DERIVED,TWO_CHARACTERISTIC
CONFIG_ac9a4f1084bee546,Configuration,CFG731_72fe206df86509f8,SYNTHETIC,data/synthetic/configurations/731_synthetic_configurations_v5.csv,,,4236.0,,,,CFG731_72fe206df86509f8,DERIVED,TWO_CHARACTERISTIC
CONFIG_a759fe4e7945589f,Configuration,CFG731_a7fd3c4085853f13,SYNTHETIC,data/synthetic/configurations/731_synthetic_configurations_v5.csv,,,4237.0,,,,CFG731_a7fd3c4085853f13,DERIVED,TWO_CHARACTERISTIC
CONFIG_e2c33cc2f74c1c03,Configuration,CFG731_47968ff84deeda74,SYNTHETIC,data/synthetic/configurations/731_synthetic_configurations_v5.csv,,,4238.0,,,,CFG731_47968ff84deeda74,DERIVED,TWO_CHARACTERISTIC
CONFIG_fbefb394f841c26f,Configuration,CFG731_76d13dd0246c6ccc,SYNTHETIC,data/synthetic/configurations/731_synthetic_configurations_v5.csv,,,4244.0,,,,CFG731_76d13dd0246c6ccc,DERIVED,TWO_CHARACTERISTIC
CONFIG_a080cfbf006271d2,Configuration,CFG731_ab1e75de4ad74389,SYNTHETIC,data/synthetic/configurations/731_synthetic_configurations_v5.csv,,,4255.0,,,,CFG731_ab1e75de4ad74389,DERIVED,TWO_CHARACTERISTIC
CONFIG_b0b17ee7623802a8,Configuration,CFG731_b4ae6be198effc31,SYNTHETIC,data/synthetic/configurations/731_synthetic_configurations_v5.csv,,,4271.0,,,,CFG731_b4ae6be198effc31,DERIVED,ONE_CHARACTERISTIC
CONFIG_689a515a9ebd4a51,Configuration,CFG731_291a6feab0a4d36b,SYNTHETIC,data/synthetic/configurations/731_synthetic_configurations_v5.csv,,,4273.0,,,,CFG731_291a6feab0a4d36b,DERIVED,TWO_CHARACTERISTIC
CONFIG_61aa444b6d4f1543,Configuration,CFG731_1138f8ea5fc95654,SYNTHETIC,data/synthetic/configurations/731_synthetic_configurations_v5.csv,,,4275.0,,,,CFG731_1138f8ea5fc95654,OBSERVED,REAL_OBSERVED
CONFIG_45053e51603e8a1d,Configuration,CFG731_5f07d1fd22503872,SYNTHETIC,data/synthetic/configurations/731_synthetic_configurations_v5.csv,,,4277.0,,,,CFG731_5f07d1fd22503872,DERIVED,TWO_CHARACTERISTIC
CONFIG_2bbf6cc6d6634e46,Configuration,CFG731_71dcda3a004aaa52,SYNTHETIC,data/synthetic/configurations/731_synthetic_configurations_v5.csv,,,4278.0,,,,CFG731_71dcda3a004aaa52,DERIVED,TWO_CHARACTERISTIC
CONFIG_302403d1a46fb767,Configuration,CFG731_34f651347d194a0b,SYNTHETIC,data/synthetic/configurations/731_synthetic_configurations_v5.csv,,,4288.0,,,,CFG731_34f651347d194a0b,DERIVED,TWO_CHARACTERISTIC
CONFIG_e226599c953428c1,Configuration,CFG731_1243cfc726284db9,SYNTHETIC,data/synthetic/configurations/731_synthetic_configurations_v5.csv,,,4290.0,,,,CFG731_1243cfc726284db9,DERIVED,TWO_CHARACTERISTIC
CONFIG_274c739d1a823b42,Configuration,CFG731_4a4cb6513ab8e1f7,SYNTHETIC,data/synthetic/configurations/731_synthetic_configurations_v5.csv,,,4301.0,,,,CFG731_4a4cb6513ab8e1f7,DERIVED,TWO_CHARACTERISTIC
CONFIG_c9bc3b84f7cc0bdd,Configuration,CFG731_703ec3e14f55366e,SYNTHETIC,data/synthetic/configurations/731_synthetic_configurations_v5.csv,,,4310.0,,,,CFG731_703ec3e14f55366e,DERIVED,TWO_CHARACTERISTIC
CONFIG_40d03da7581dd4d3,Configuration,CFG731_4e6e53642a913f1a,SYNTHETIC,data/synthetic/configurations/731_synthetic_configurations_v5.csv,,,4315.0,,,,CFG731_4e6e53642a913f1a,DERIVED,TWO_CHARACTERISTIC
CONFIG_5b7f7a7c51db0fce,Configuration,CFG731_2d75c413dea7052f,SYNTHETIC,data/synthetic/configurations/731_synthetic_configurations_v5.csv,,,4316.0,,,,CFG731_2d75c413dea7052f,DERIVED,TWO_CHARACTERISTIC
CONFIG_6678c243a877d4db,Configuration,CFG731_ca03fff98c65f515,SYNTHETIC,data/synthetic/configurations/731_synthetic_configurations_v5.csv,,,4320.0,,,,CFG731_ca03fff98c65f515,DERIVED,TWO_CHARACTERISTIC
CONFIG_684c41bdfedd97e8,Configuration,CFG731_644efca41c3e2def,SYNTHETIC,data/synthetic/configurations/731_synthetic_configurations_v5.csv,,,4321.0,,,,CFG731_644efca41c3e2def,DERIVED,TWO_CHARACTERISTIC
CONFIG_2c26f3d1071c5421,Configuration,CFG731_91a62b1e0bf4bbce,SYNTHETIC,data/synthetic/configurations/731_synthetic_configurations_v5.csv,,,4325.0,,,,CFG731_91a62b1e0bf4bbce,OBSERVED,REAL_OBSERVED
CONFIG_50855afca9a7de7d,Configuration,CFG731_59f73311cf3c5679,SYNTHETIC,data/synthetic/configurations/731_synthetic_configurations_v5.csv,,,4337.0,,,,CFG731_59f73311cf3c5679,DERIVED,TWO_CHARACTERISTIC
CONFIG_169a2947c968c37f,Configuration,CFG731_5ae84b6119935c38,SYNTHETIC,data/synthetic/configurations/731_synthetic_configurations_v5.csv,,,4345.0,,,,CFG731_5ae84b6119935c38,DERIVED,TWO_CHARACTERISTIC
CONFIG_14639571dde44b17,Configuration,CFG731_92e7a454f95768c1,SYNTHETIC,data/synthetic/configurations/731_synthetic_configurations_v5.csv,,,4353.0,,,,CFG731_92e7a454f95768c1,DERIVED,TWO_CHARACTERISTIC
CONFIG_2681167ce14ff135,Configuration,CFG731_0c61f0d97e912f12,SYNTHETIC,data/synthetic/configurations/731_synthetic_configurations_v5.csv,,,4357.0,,,,CFG731_0c61f0d97e912f12,DERIVED,TWO_CHARACTERISTIC
CONFIG_4e70f18542cacdec,Configuration,CFG731_e276d8a6b189cbb9,SYNTHETIC,data/synthetic/configurations/731_synthetic_configurations_v5.csv,,,4359.0,,,,CFG731_e276d8a6b189cbb9,DERIVED,TWO_CHARACTERISTIC
CONFIG_bbd503a600ce99ad,Configuration,CFG731_9e19889d92fae7f7,SYNTHETIC,data/synthetic/configurations/731_synthetic_configurations_v5.csv,,,4360.0,,,,CFG731_9e19889d92fae7f7,DERIVED,TWO_CHARACTERISTIC
CONFIG_a36c5fe61e09e160,Configuration,CFG731_b9655c874fd22316,SYNTHETIC,data/synthetic/configurations/731_synthetic_configurations_v5.csv,,,4363.0,,,,CFG731_b9655c874fd22316,DERIVED,TWO_CHARACTERISTIC
CONFIG_5e75b453fdb27bc2,Configuration,CFG731_0b15d7aa4956a8df,SYNTHETIC,data/synthetic/configurations/731_synthetic_configurations_v5.csv,,,4365.0,,,,CFG731_0b15d7aa4956a8df,DERIVED,TWO_CHARACTERISTIC
CONFIG_7ec144e1d5bf6028,Configuration,CFG731_7585c6d1ee781d2e,SYNTHETIC,data/synthetic/configurations/731_synthetic_configurations_v5.csv,,,4372.0,,,,CFG731_7585c6d1ee781d2e,DERIVED,TWO_CHARACTERISTIC
CONFIG_b1d28c5607d680c4,Configuration,CFG731_0f31eb11cbf67a82,SYNTHETIC,data/synthetic/configurations/731_synthetic_configurations_v5.csv,,,4374.0,,,,CFG731_0f31eb11cbf67a82,DERIVED,TWO_CHARACTERISTIC
CONFIG_a0f539d91b0dd7f8,Configuration,CFG731_8d2c10e2688ee31d,SYNTHETIC,data/synthetic/configurations/731_synthetic_configurations_v5.csv,,,4385.0,,,,CFG731_8d2c10e2688ee31d,DERIVED,TWO_CHARACTERISTIC
CONFIG_3be6f4f861f969c5,Configuration,CFG731_63fe6cb51777cd72,SYNTHETIC,data/synthetic/configurations/731_synthetic_configurations_v5.csv,,,4398.0,,,,CFG731_63fe6cb51777cd72,DERIVED,TWO_CHARACTERISTIC
CONFIG_0d1f21f895860ba1,Configuration,CFG731_c4f5122306f38c99,SYNTHETIC,data/synthetic/configurations/731_synthetic_configurations_v5.csv,,,4401.0,,,,CFG731_c4f5122306f38c99,DERIVED,TWO_CHARACTERISTIC
CONFIG_4eb937ff3d7cf2fb,Configuration,CFG731_a59bfb67e03ca4c8,SYNTHETIC,data/synthetic/configurations/731_synthetic_configurations_v5.csv,,,4420.0,,,,CFG731_a59bfb67e03ca4c8,DERIVED,TWO_CHARACTERISTIC
CONFIG_ad6645aa3a73ab33,Configuration,CFG731_fab0d81b6a0ca4e0,SYNTHETIC,data/synthetic/configurations/731_synthetic_configurations_v5.csv,,,4429.0,,,,CFG731_fab0d81b6a0ca4e0,DERIVED,TWO_CHARACTERISTIC
CONFIG_ecaf61231241ff25,Configuration,CFG731_612322a75794f61a,SYNTHETIC,data/synthetic/configurations/731_synthetic_configurations_v5.csv,,,4431.0,,,,CFG731_612322a75794f61a,DERIVED,TWO_CHARACTERISTIC
CONFIG_e4797e3524079115,Configuration,CFG731_a4b44df449e9d78d,SYNTHETIC,data/synthetic/configurations/731_synthetic_configurations_v5.csv,,,4432.0,,,,CFG731_a4b44df449e9d78d,DERIVED,TWO_CHARACTERISTIC
CONFIG_7c180a181144299e,Configuration,CFG731_ffc5c52898046e13,SYNTHETIC,data/synthetic/configurations/731_synthetic_configurations_v5.csv,,,4433.0,,,,CFG731_ffc5c52898046e13,DERIVED,TWO_CHARACTERISTIC
CONFIG_bba47babe67e3cfb,Configuration,CFG731_96d353c7a2763a68,SYNTHETIC,data/synthetic/configurations/731_synthetic_configurations_v5.csv,,,4437.0,,,,CFG731_96d353c7a2763a68,DERIVED,TWO_CHARACTERISTIC
CONFIG_dd2581e0ceb02074,Configuration,CFG731_7b5b740c75176e02,SYNTHETIC,data/synthetic/configurations/731_synthetic_configurations_v5.csv,,,4445.0,,,,CFG731_7b5b740c75176e02,DERIVED,TWO_CHARACTERISTIC
CONFIG_751d64ceaf9dc708,Configuration,CFG731_4cb67cdc021380a4,SYNTHETIC,data/synthetic/configurations/731_synthetic_configurations_v5.csv,,,4451.0,,,,CFG731_4cb67cdc021380a4,DERIVED,TWO_CHARACTERISTIC
CONFIG_6f3f38f3008831bb,Configuration,CFG731_de5e29fe1f740f3e,SYNTHETIC,data/synthetic/configurations/731_synthetic_configurations_v5.csv,,,4457.0,,,,CFG731_de5e29fe1f740f3e,DERIVED,TWO_CHARACTERISTIC
CONFIG_2e74f1e14f99ec44,Configuration,CFG731_86a57b7488e60012,SYNTHETIC,data/synthetic/configurations/731_synthetic_configurations_v5.csv,,,4477.0,,,,CFG731_86a57b7488e60012,DERIVED,TWO_CHARACTERISTIC
CONFIG_cbe66cc1e9db52e4,Configuration,CFG731_7bb3a18bcb60bab4,SYNTHETIC,data/synthetic/configurations/731_synthetic_configurations_v5.csv,,,4483.0,,,,CFG731_7bb3a18bcb60bab4,DERIVED,TWO_CHARACTERISTIC
CONFIG_8a61c9a28f273c52,Configuration,CFG731_9cc4d2424009fabe,SYNTHETIC,data/synthetic/configurations/731_synthetic_configurations_v5.csv,,,4484.0,,,,CFG731_9cc4d2424009fabe,DERIVED,TWO_CHARACTERISTIC
CONFIG_137f246f44828f7c,Configuration,CFG731_890bed04e98b9f69,SYNTHETIC,data/synthetic/configurations/731_synthetic_configurations_v5.csv,,,4499.0,,,,CFG731_890bed04e98b9f69,DERIVED,TWO_CHARACTERISTIC
CONFIG_91a38c75c6f8b8e4,Configuration,CFG731_c0dc535399f71de8,SYNTHETIC,data/synthetic/configurations/731_synthetic_configurations_v5.csv,,,4504.0,,,,CFG731_c0dc535399f71de8,DERIVED,TWO_CHARACTERISTIC
CONFIG_7c3f2e8e685602fb,Configuration,CFG731_e66436517435ed38,SYNTHETIC,data/synthetic/configurations/731_synthetic_configurations_v5.csv,,,4512.0,,,,CFG731_e66436517435ed38,DERIVED,TWO_CHARACTERISTIC
CONFIG_3b7f381c2802dbaf,Configuration,CFG731_4fcdf4e48e247790,SYNTHETIC,data/synthetic/configurations/731_synthetic_configurations_v5.csv,,,4518.0,,,,CFG731_4fcdf4e48e247790,DERIVED,TWO_CHARACTERISTIC
CONFIG_5f7e8338f64da2cd,Configuration,CFG731_73049b0f902716ce,SYNTHETIC,data/synthetic/configurations/731_synthetic_configurations_v5.csv,,,4523.0,,,,CFG731_73049b0f902716ce,DERIVED,TWO_CHARACTERISTIC
CONFIG_53907a24e16937b4,Configuration,CFG731_55a5f4221fbaea16,SYNTHETIC,data/synthetic/configurations/731_synthetic_configurations_v5.csv,,,4524.0,,,,CFG731_55a5f4221fbaea16,DERIVED,TWO_CHARACTERISTIC
CONFIG_8753dcc795bf4330,Configuration,CFG731_91111a4a3e291c8a,SYNTHETIC,data/synthetic/configurations/731_synthetic_configurations_v5.csv,,,4527.0,,,,CFG731_91111a4a3e291c8a,DERIVED,TWO_CHARACTERISTIC
CONFIG_7e847371ed9f5326,Configuration,CFG731_acf759e7c479b97e,SYNTHETIC,data/synthetic/configurations/731_synthetic_configurations_v5.csv,,,4528.0,,,,CFG731_acf759e7c479b97e,DERIVED,TWO_CHARACTERISTIC
CONFIG_cc097dca8a0a67be,Configuration,CFG731_04d132f563cdece8,SYNTHETIC,data/synthetic/configurations/731_synthetic_configurations_v5.csv,,,4529.0,,,,CFG731_04d132f563cdece8,OBSERVED,REAL_OBSERVED
CONFIG_10892e487b27514a,Configuration,CFG731_86e7b33ac3a4e710,SYNTHETIC,data/synthetic/configurations/731_synthetic_configurations_v5.csv,,,4535.0,,,,CFG731_86e7b33ac3a4e710,DERIVED,TWO_CHARACTERISTIC
CONFIG_ea9e1a1acb043052,Configuration,CFG731_b555bda361da407a,SYNTHETIC,data/synthetic/configurations/731_synthetic_configurations_v5.csv,,,4536.0,,,,CFG731_b555bda361da407a,DERIVED,TWO_CHARACTERISTIC
CONFIG_74375ae3daaff7bc,Configuration,CFG731_7839c4bf2c81322d,SYNTHETIC,data/synthetic/configurations/731_synthetic_configurations_v5.csv,,,4537.0,,,,CFG731_7839c4bf2c81322d,DERIVED,TWO_CHARACTERISTIC
CONFIG_4b75a369a15383ce,Configuration,CFG731_b661f405414c476e,SYNTHETIC,data/synthetic/configurations/731_synthetic_configurations_v5.csv,,,4545.0,,,,CFG731_b661f405414c476e,DERIVED,DEPENDENCY_TWO_CHARACTERISTIC
CONFIG_a71894a88d932d05,Configuration,CFG731_c40dcf169333c8a3,SYNTHETIC,data/synthetic/configurations/731_synthetic_configurations_v5.csv,,,4546.0,,,,CFG731_c40dcf169333c8a3,DERIVED,TWO_CHARACTERISTIC
CONFIG_88fc0d6bb0f946c9,Configuration,CFG731_28d2bbb55fd5f40c,SYNTHETIC,data/synthetic/configurations/731_synthetic_configurations_v5.csv,,,4547.0,,,,CFG731_28d2bbb55fd5f40c,DERIVED,TWO_CHARACTERISTIC
CONFIG_7f23ac02a77a2309,Configuration,CFG731_e7462b3bbda81f78,SYNTHETIC,data/synthetic/configurations/731_synthetic_configurations_v5.csv,,,4548.0,,,,CFG731_e7462b3bbda81f78,DERIVED,TWO_CHARACTERISTIC
CONFIG_bdc8acb156d231e3,Configuration,CFG731_1bc9c4d47c7d0696,SYNTHETIC,data/synthetic/configurations/731_synthetic_configurations_v5.csv,,,4551.0,,,,CFG731_1bc9c4d47c7d0696,DERIVED,TWO_CHARACTERISTIC
CONFIG_b364a445f967b7dc,Configuration,CFG731_4afe4cfa02474e97,SYNTHETIC,data/synthetic/configurations/731_synthetic_configurations_v5.csv,,,4557.0,,,,CFG731_4afe4cfa02474e97,DERIVED,TWO_CHARACTERISTIC
CONFIG_4b0b9a2b68341e56,Configuration,CFG731_b1e6da79b3f3968c,SYNTHETIC,data/synthetic/configurations/731_synthetic_configurations_v5.csv,,,4559.0,,,,CFG731_b1e6da79b3f3968c,DERIVED,TWO_CHARACTERISTIC
CONFIG_8b1bc5e67502b47a,Configuration,CFG731_7bf14027ad7b0060,SYNTHETIC,data/synthetic/configurations/731_synthetic_configurations_v5.csv,,,4562.0,,,,CFG731_7bf14027ad7b0060,DERIVED,TWO_CHARACTERISTIC
CONFIG_9b8c244a9409c1b6,Configuration,CFG731_67d370f420116fa0,SYNTHETIC,data/synthetic/configurations/731_synthetic_configurations_v5.csv,,,4564.0,,,,CFG731_67d370f420116fa0,DERIVED,TWO_CHARACTERISTIC
CONFIG_1ee7622742d17884,Configuration,CFG731_8cc1111f5cc6cf56,SYNTHETIC,data/synthetic/configurations/731_synthetic_configurations_v5.csv,,,4565.0,,,,CFG731_8cc1111f5cc6cf56,DERIVED,TWO_CHARACTERISTIC
CONFIG_b7276f590ae1e9a4,Configuration,CFG731_b54844b4c5cc208b,SYNTHETIC,data/synthetic/configurations/731_synthetic_configurations_v5.csv,,,4570.0,,,,CFG731_b54844b4c5cc208b,OBSERVED,REAL_OBSERVED
CONFIG_acb3d874b743bbcb,Configuration,CFG731_a9c6923b0758fd61,SYNTHETIC,data/synthetic/configurations/731_synthetic_configurations_v5.csv,,,4572.0,,,,CFG731_a9c6923b0758fd61,DERIVED,TWO_CHARACTERISTIC
CONFIG_78e6ca14e67a7ce7,Configuration,CFG731_021f4647ad1035b8,SYNTHETIC,data/synthetic/configurations/731_synthetic_configurations_v5.csv,,,4576.0,,,,CFG731_021f4647ad1035b8,DERIVED,TWO_CHARACTERISTIC
CONFIG_b8c87bd3e5c41010,Configuration,CFG731_c9344715918cf412,SYNTHETIC,data/synthetic/configurations/731_synthetic_configurations_v5.csv,,,4580.0,,,,CFG731_c9344715918cf412,DERIVED,TWO_CHARACTERISTIC
CONFIG_aa2b6c150277997a,Configuration,CFG731_48b8ef3dd5c49a10,SYNTHETIC,data/synthetic/configurations/731_synthetic_configurations_v5.csv,,,4591.0,,,,CFG731_48b8ef3dd5c49a10,DERIVED,ONE_CHARACTERISTIC
CONFIG_53cfdd942b1581f0,Configuration,CFG731_d95c7be2d0ea55b4,SYNTHETIC,data/synthetic/configurations/731_synthetic_configurations_v5.csv,,,4592.0,,,,CFG731_d95c7be2d0ea55b4,DERIVED,TWO_CHARACTERISTIC
CONFIG_ba40d81e6e0049d5,Configuration,CFG731_34f0f73c6e8d4770,SYNTHETIC,data/synthetic/configurations/731_synthetic_configurations_v5.csv,,,4593.0,,,,CFG731_34f0f73c6e8d4770,DERIVED,TWO_CHARACTERISTIC
CONFIG_bccf66232cb74465,Configuration,CFG731_7a6e9e503add9a86,SYNTHETIC,data/synthetic/configurations/731_synthetic_configurations_v5.csv,,,4599.0,,,,CFG731_7a6e9e503add9a86,DERIVED,TWO_CHARACTERISTIC
CONFIG_f62a00f1f13bbc26,Configuration,CFG731_6942facbe6ebb88b,SYNTHETIC,data/synthetic/configurations/731_synthetic_configurations_v5.csv,,,4603.0,,,,CFG731_6942facbe6ebb88b,DERIVED,TWO_CHARACTERISTIC
CONFIG_05548fa04e7a90de,Configuration,CFG731_3e0ed59efd234410,SYNTHETIC,data/synthetic/configurations/731_synthetic_configurations_v5.csv,,,4609.0,,,,CFG731_3e0ed59efd234410,DERIVED,TWO_CHARACTERISTIC
CONFIG_604ae26f9fd18ad1,Configuration,CFG731_3c85eeb43bc9e42a,SYNTHETIC,data/synthetic/configurations/731_synthetic_configurations_v5.csv,,,4616.0,,,,CFG731_3c85eeb43bc9e42a,DERIVED,TWO_CHARACTERISTIC
CONFIG_6fb913adbb278b0b,Configuration,CFG731_853a278429394533,SYNTHETIC,data/synthetic/configurations/731_synthetic_configurations_v5.csv,,,4632.0,,,,CFG731_853a278429394533,DERIVED,TWO_CHARACTERISTIC
CONFIG_86e64d2bdfffd379,Configuration,CFG731_0bc45368878bdc1d,SYNTHETIC,data/synthetic/configurations/731_synthetic_configurations_v5.csv,,,4654.0,,,,CFG731_0bc45368878bdc1d,DERIVED,TWO_CHARACTERISTIC
CONFIG_d5ede8184d92cec1,Configuration,CFG731_43317e765dc13ae7,SYNTHETIC,data/synthetic/configurations/731_synthetic_configurations_v5.csv,,,4665.0,,,,CFG731_43317e765dc13ae7,DERIVED,TWO_CHARACTERISTIC
CONFIG_25004dbcb427b8c3,Configuration,CFG731_3c45363d4a341d20,SYNTHETIC,data/synthetic/configurations/731_synthetic_configurations_v5.csv,,,4670.0,,,,CFG731_3c45363d4a341d20,DERIVED,TWO_CHARACTERISTIC
CONFIG_5ddbf6c0c3af47f6,Configuration,CFG731_7d269398dafb9f92,SYNTHETIC,data/synthetic/configurations/731_synthetic_configurations_v5.csv,,,4689.0,,,,CFG731_7d269398dafb9f92,DERIVED,TWO_CHARACTERISTIC
CONFIG_e2455c8fd9f46176,Configuration,CFG731_e86d82c5ad6683ec,SYNTHETIC,data/synthetic/configurations/731_synthetic_configurations_v5.csv,,,4696.0,,,,CFG731_e86d82c5ad6683ec,DERIVED,TWO_CHARACTERISTIC
CONFIG_f6ef0d5527df5be1,Configuration,CFG731_54eb49b16de55b41,SYNTHETIC,data/synthetic/configurations/731_synthetic_configurations_v5.csv,,,4705.0,,,,CFG731_54eb49b16de55b41,DERIVED,TWO_CHARACTERISTIC
CONFIG_c9934313869a13ae,Configuration,CFG731_1314a5f6e906af63,SYNTHETIC,data/synthetic/configurations/731_synthetic_configurations_v5.csv,,,4711.0,,,,CFG731_1314a5f6e906af63,DERIVED,TWO_CHARACTERISTIC
CONFIG_ad6a6aa5031899b6,Configuration,CFG731_3a955b973baab5a5,SYNTHETIC,data/synthetic/configurations/731_synthetic_configurations_v5.csv,,,4712.0,,,,CFG731_3a955b973baab5a5,DERIVED,TWO_CHARACTERISTIC
CONFIG_dce4988ecebbbf99,Configuration,CFG731_3c91fea3668ca75e,SYNTHETIC,data/synthetic/configurations/731_synthetic_configurations_v5.csv,,,4718.0,,,,CFG731_3c91fea3668ca75e,DERIVED,TWO_CHARACTERISTIC
CONFIG_ebf46f423c664217,Configuration,CFG731_de2724e367203ef3,SYNTHETIC,data/synthetic/configurations/731_synthetic_configurations_v5.csv,,,4727.0,,,,CFG731_de2724e367203ef3,DERIVED,TWO_CHARACTERISTIC
CONFIG_9c7ece015f62691b,Configuration,CFG731_dbe32be6931011f4,SYNTHETIC,data/synthetic/configurations/731_synthetic_configurations_v5.csv,,,4733.0,,,,CFG731_dbe32be6931011f4,DERIVED,TWO_CHARACTERISTIC
CONFIG_044ae234583eada8,Configuration,CFG731_7e81de84fc5c45df,SYNTHETIC,data/synthetic/configurations/731_synthetic_configurations_v5.csv,,,4734.0,,,,CFG731_7e81de84fc5c45df,DERIVED,ONE_CHARACTERISTIC
CONFIG_0b9082a86ada9da7,Configuration,CFG731_9f5e30c041afd4b8,SYNTHETIC,data/synthetic/configurations/731_synthetic_configurations_v5.csv,,,4736.0,,,,CFG731_9f5e30c041afd4b8,DERIVED,ONE_CHARACTERISTIC
CONFIG_eb9f142cf6ce13c7,Configuration,CFG731_b443dfca4b6662dd,SYNTHETIC,data/synthetic/configurations/731_synthetic_configurations_v5.csv,,,4737.0,,,,CFG731_b443dfca4b6662dd,DERIVED,TWO_CHARACTERISTIC
CONFIG_f39eb5810de0fa7f,Configuration,CFG731_6af6079b2c6c1704,SYNTHETIC,data/synthetic/configurations/731_synthetic_configurations_v5.csv,,,4741.0,,,,CFG731_6af6079b2c6c1704,DERIVED,TWO_CHARACTERISTIC
CONFIG_145b727d253aec28,Configuration,CFG731_cb5095ad0aed5ba5,SYNTHETIC,data/synthetic/configurations/731_synthetic_configurations_v5.csv,,,4743.0,,,,CFG731_cb5095ad0aed5ba5,DERIVED,TWO_CHARACTERISTIC
CONFIG_b38c6047206a3c5a,Configuration,CFG731_b3b502cc22fcd72e,SYNTHETIC,data/synthetic/configurations/731_synthetic_configurations_v5.csv,,,4749.0,,,,CFG731_b3b502cc22fcd72e,OBSERVED,REAL_OBSERVED
CONFIG_3173e54dc7660c20,Configuration,CFG731_55620bd5ef4cd10a,SYNTHETIC,data/synthetic/configurations/731_synthetic_configurations_v5.csv,,,4752.0,,,,CFG731_55620bd5ef4cd10a,DERIVED,TWO_CHARACTERISTIC
CONFIG_2a94d422cfa790d6,Configuration,CFG731_da757fc78485b6cc,SYNTHETIC,data/synthetic/configurations/731_synthetic_configurations_v5.csv,,,4753.0,,,,CFG731_da757fc78485b6cc,DERIVED,TWO_CHARACTERISTIC
CONFIG_5e2a0356e62d13ad,Configuration,CFG731_f2b6724ca609efbb,SYNTHETIC,data/synthetic/configurations/731_synthetic_configurations_v5.csv,,,4761.0,,,,CFG731_f2b6724ca609efbb,DERIVED,TWO_CHARACTERISTIC
CONFIG_6ae54683af5576f4,Configuration,CFG731_205404302204a46b,SYNTHETIC,data/synthetic/configurations/731_synthetic_configurations_v5.csv,,,4764.0,,,,CFG731_205404302204a46b,DERIVED,TWO_CHARACTERISTIC
CONFIG_805a8c3e08924a62,Configuration,CFG731_ffee128ffdf503ce,SYNTHETIC,data/synthetic/configurations/731_synthetic_configurations_v5.csv,,,4769.0,,,,CFG731_ffee128ffdf503ce,DERIVED,TWO_CHARACTERISTIC
CONFIG_4cb945ad1c2dc07c,Configuration,CFG731_b0cb3b337215aa5b,SYNTHETIC,data/synthetic/configurations/731_synthetic_configurations_v5.csv,,,4770.0,,,,CFG731_b0cb3b337215aa5b,DERIVED,TWO_CHARACTERISTIC
CONFIG_db6ec40413f7568c,Configuration,CFG731_105efa7b55d5b559,SYNTHETIC,data/synthetic/configurations/731_synthetic_configurations_v5.csv,,,4771.0,,,,CFG731_105efa7b55d5b559,DERIVED,TWO_CHARACTERISTIC
CONFIG_3f3f9e898dda5b17,Configuration,CFG731_4269bef4b1d8e321,SYNTHETIC,data/synthetic/configurations/731_synthetic_configurations_v5.csv,,,4775.0,,,,CFG731_4269bef4b1d8e321,DERIVED,TWO_CHARACTERISTIC
CONFIG_5112e19c639ad0d7,Configuration,CFG731_cee11c5e3019101d,SYNTHETIC,data/synthetic/configurations/731_synthetic_configurations_v5.csv,,,4785.0,,,,CFG731_cee11c5e3019101d,DERIVED,TWO_CHARACTERISTIC
CONFIG_b9d64385b7a8d0ae,Configuration,CFG731_ee025bd421210eb1,SYNTHETIC,data/synthetic/configurations/731_synthetic_configurations_v5.csv,,,4788.0,,,,CFG731_ee025bd421210eb1,DERIVED,TWO_CHARACTERISTIC
CONFIG_d6b40a4259804d3a,Configuration,CFG731_b7fc2f4bee7659de,SYNTHETIC,data/synthetic/configurations/731_synthetic_configurations_v5.csv,,,4796.0,,,,CFG731_b7fc2f4bee7659de,DERIVED,TWO_CHARACTERISTIC
CONFIG_6bece5eb584ef336,Configuration,CFG731_0799b36c303c0978,SYNTHETIC,data/synthetic/configurations/731_synthetic_configurations_v5.csv,,,4801.0,,,,CFG731_0799b36c303c0978,DERIVED,TWO_CHARACTERISTIC
CONFIG_a69f9d279e66865a,Configuration,CFG731_d094650d6e016eea,SYNTHETIC,data/synthetic/configurations/731_synthetic_configurations_v5.csv,,,4805.0,,,,CFG731_d094650d6e016eea,DERIVED,TWO_CHARACTERISTIC
CONFIG_e80d94534789670d,Configuration,CFG731_45c82d5d48fcc411,SYNTHETIC,data/synthetic/configurations/731_synthetic_configurations_v5.csv,,,4814.0,,,,CFG731_45c82d5d48fcc411,DERIVED,TWO_CHARACTERISTIC
CONFIG_2d000c417188b0cb,Configuration,CFG731_2de0285533e12490,SYNTHETIC,data/synthetic/configurations/731_synthetic_configurations_v5.csv,,,4816.0,,,,CFG731_2de0285533e12490,OBSERVED,REAL_OBSERVED
CONFIG_7ad03c5469fa75dc,Configuration,CFG731_c29b0972634f2a7b,SYNTHETIC,data/synthetic/configurations/731_synthetic_configurations_v5.csv,,,4817.0,,,,CFG731_c29b0972634f2a7b,DERIVED,TWO_CHARACTERISTIC
CONFIG_6d1bbb238c3ba958,Configuration,CFG731_54d0898d8032273d,SYNTHETIC,data/synthetic/configurations/731_synthetic_configurations_v5.csv,,,4818.0,,,,CFG731_54d0898d8032273d,DERIVED,TWO_CHARACTERISTIC
CONFIG_6a16af7c74d5dd8f,Configuration,CFG731_8e03b40980b3b04a,SYNTHETIC,data/synthetic/configurations/731_synthetic_configurations_v5.csv,,,4820.0,,,,CFG731_8e03b40980b3b04a,DERIVED,TWO_CHARACTERISTIC
CONFIG_a7bb6279c78a7542,Configuration,CFG731_9447ab27cf261b9e,SYNTHETIC,data/synthetic/configurations/731_synthetic_configurations_v5.csv,,,4827.0,,,,CFG731_9447ab27cf261b9e,DERIVED,TWO_CHARACTERISTIC
CONFIG_1f13ca3ef8054699,Configuration,CFG731_bb5aee8a4ae4203d,SYNTHETIC,data/synthetic/configurations/731_synthetic_configurations_v5.csv,,,4828.0,,,,CFG731_bb5aee8a4ae4203d,DERIVED,TWO_CHARACTERISTIC
CONFIG_8968a3b2382a92ba,Configuration,CFG731_11e2e85a554f19ad,SYNTHETIC,data/synthetic/configurations/731_synthetic_configurations_v5.csv,,,4835.0,,,,CFG731_11e2e85a554f19ad,DERIVED,TWO_CHARACTERISTIC
CONFIG_7cc2fd2e2819ad22,Configuration,CFG731_d3004baf06185b4d,SYNTHETIC,data/synthetic/configurations/731_synthetic_configurations_v5.csv,,,4843.0,,,,CFG731_d3004baf06185b4d,DERIVED,TWO_CHARACTERISTIC
CONFIG_bc11c9e56fe50a05,Configuration,CFG731_bce0bc4b7b3a4799,SYNTHETIC,data/synthetic/configurations/731_synthetic_configurations_v5.csv,,,4845.0,,,,CFG731_bce0bc4b7b3a4799,DERIVED,TWO_CHARACTERISTIC
CONFIG_e369211c20e9e2c5,Configuration,CFG731_2e3a239679b68afe,SYNTHETIC,data/synthetic/configurations/731_synthetic_configurations_v5.csv,,,4859.0,,,,CFG731_2e3a239679b68afe,DERIVED,TWO_CHARACTERISTIC
CONFIG_fbd43806f7ae5972,Configuration,CFG731_4a42ba5932c01b01,SYNTHETIC,data/synthetic/configurations/731_synthetic_configurations_v5.csv,,,4861.0,,,,CFG731_4a42ba5932c01b01,DERIVED,TWO_CHARACTERISTIC
CONFIG_f3da61b20dd33d3b,Configuration,CFG731_73e28cb740f9cabe,SYNTHETIC,data/synthetic/configurations/731_synthetic_configurations_v5.csv,,,4869.0,,,,CFG731_73e28cb740f9cabe,DERIVED,TWO_CHARACTERISTIC
CONFIG_6290d0cd9df25838,Configuration,CFG731_ac52d4fe291699dc,SYNTHETIC,data/synthetic/configurations/731_synthetic_configurations_v5.csv,,,4872.0,,,,CFG731_ac52d4fe291699dc,DERIVED,TWO_CHARACTERISTIC
CONFIG_99cacfc7cb0edb24,Configuration,CFG731_996c03c74db1b690,SYNTHETIC,data/synthetic/configurations/731_synthetic_configurations_v5.csv,,,4878.0,,,,CFG731_996c03c74db1b690,DERIVED,TWO_CHARACTERISTIC
CONFIG_465f711a6010efd8,Configuration,CFG731_cd9066fa86927abc,SYNTHETIC,data/synthetic/configurations/731_synthetic_configurations_v5.csv,,,4881.0,,,,CFG731_cd9066fa86927abc,DERIVED,TWO_CHARACTERISTIC
CONFIG_7795bdb8bc69ae28,Configuration,CFG731_6084e24782dc3f55,SYNTHETIC,data/synthetic/configurations/731_synthetic_configurations_v5.csv,,,4883.0,,,,CFG731_6084e24782dc3f55,DERIVED,TWO_CHARACTERISTIC
CONFIG_7c752b99e7a8ca83,Configuration,CFG731_a77e5e082c8f0465,SYNTHETIC,data/synthetic/configurations/731_synthetic_configurations_v5.csv,,,4884.0,,,,CFG731_a77e5e082c8f0465,OBSERVED,REAL_OBSERVED
CONFIG_0318c4c232d2456c,Configuration,CFG731_d0bd848c8f934b33,SYNTHETIC,data/synthetic/configurations/731_synthetic_configurations_v5.csv,,,4886.0,,,,CFG731_d0bd848c8f934b33,DERIVED,TWO_CHARACTERISTIC
CONFIG_1db767184eec0388,Configuration,CFG731_8af4adfbdf504482,SYNTHETIC,data/synthetic/configurations/731_synthetic_configurations_v5.csv,,,4892.0,,,,CFG731_8af4adfbdf504482,DERIVED,TWO_CHARACTERISTIC
CONFIG_4a8fe383c84526a2,Configuration,CFG731_721948b789a7db95,SYNTHETIC,data/synthetic/configurations/731_synthetic_configurations_v5.csv,,,4896.0,,,,CFG731_721948b789a7db95,DERIVED,TWO_CHARACTERISTIC
CONFIG_76230b0dda7f87ad,Configuration,CFG731_0a5e675a5cd95b86,SYNTHETIC,data/synthetic/configurations/731_synthetic_configurations_v5.csv,,,4899.0,,,,CFG731_0a5e675a5cd95b86,DERIVED,TWO_CHARACTERISTIC
CONFIG_1589c38dc55ba590,Configuration,CFG731_0f905a88815805fa,SYNTHETIC,data/synthetic/configurations/731_synthetic_configurations_v5.csv,,,4902.0,,,,CFG731_0f905a88815805fa,DERIVED,TWO_CHARACTERISTIC
CONFIG_f771f88f5baff292,Configuration,CFG731_4f57c7eb0fb7e785,SYNTHETIC,data/synthetic/configurations/731_synthetic_configurations_v5.csv,,,4904.0,,,,CFG731_4f57c7eb0fb7e785,DERIVED,TWO_CHARACTERISTIC
CONFIG_5eb5a4d84ea413e5,Configuration,CFG731_5c33c9851b120b80,SYNTHETIC,data/synthetic/configurations/731_synthetic_configurations_v5.csv,,,4909.0,,,,CFG731_5c33c9851b120b80,DERIVED,TWO_CHARACTERISTIC
CONFIG_7d5fb79b70ba9ecd,Configuration,CFG731_9a3bcb48249a8b49,SYNTHETIC,data/synthetic/configurations/731_synthetic_configurations_v5.csv,,,4912.0,,,,CFG731_9a3bcb48249a8b49,DERIVED,TWO_CHARACTERISTIC
CONFIG_f39499b66f1b570a,Configuration,CFG731_a1803d4e4f2fa4fd,SYNTHETIC,data/synthetic/configurations/731_synthetic_configurations_v5.csv,,,4915.0,,,,CFG731_a1803d4e4f2fa4fd,DERIVED,DEPENDENCY_TWO_CHARACTERISTIC
CONFIG_ade9b3e98c1ef71d,Configuration,CFG731_a8d2bfa92b7926ab,SYNTHETIC,data/synthetic/configurations/731_synthetic_configurations_v5.csv,,,4916.0,,,,CFG731_a8d2bfa92b7926ab,DERIVED,TWO_CHARACTERISTIC
CONFIG_7e15a226e449632c,Configuration,CFG731_6b4d5fb94ae6156b,SYNTHETIC,data/synthetic/configurations/731_synthetic_configurations_v5.csv,,,4924.0,,,,CFG731_6b4d5fb94ae6156b,DERIVED,TWO_CHARACTERISTIC
CONFIG_44cdd1cec8ee9325,Configuration,CFG731_6152af85eafd81bb,SYNTHETIC,data/synthetic/configurations/731_synthetic_configurations_v5.csv,,,4926.0,,,,CFG731_6152af85eafd81bb,DERIVED,TWO_CHARACTERISTIC
CONFIG_666d9e12d89d8cca,Configuration,CFG731_5362e45ac22e6417,SYNTHETIC,data/synthetic/configurations/731_synthetic_configurations_v5.csv,,,4950.0,,,,CFG731_5362e45ac22e6417,DERIVED,TWO_CHARACTERISTIC
CONFIG_dafc59b76d8e4b99,Configuration,CFG731_e674340656a7fb0a,SYNTHETIC,data/synthetic/configurations/731_synthetic_configurations_v5.csv,,,4954.0,,,,CFG731_e674340656a7fb0a,DERIVED,TWO_CHARACTERISTIC
CONFIG_72cb30e2b0a15990,Configuration,CFG731_654839af0bc28baa,SYNTHETIC,data/synthetic/configurations/731_synthetic_configurations_v5.csv,,,4959.0,,,,CFG731_654839af0bc28baa,DERIVED,TWO_CHARACTERISTIC
CONFIG_86afdcb42540b3b6,Configuration,CFG731_cf57963000260b1d,SYNTHETIC,data/synthetic/configurations/731_synthetic_configurations_v5.csv,,,4961.0,,,,CFG731_cf57963000260b1d,DERIVED,TWO_CHARACTERISTIC
CONFIG_41c1a2cb165c06b4,Configuration,CFG731_4138a046f10b4aa8,SYNTHETIC,data/synthetic/configurations/731_synthetic_configurations_v5.csv,,,4972.0,,,,CFG731_4138a046f10b4aa8,DERIVED,TWO_CHARACTERISTIC
CONFIG_a5387d0025989287,Configuration,CFG731_6a549f48808d610a,SYNTHETIC,data/synthetic/configurations/731_synthetic_configurations_v5.csv,,,4973.0,,,,CFG731_6a549f48808d610a,DERIVED,TWO_CHARACTERISTIC
CONFIG_5a8a93bf289843f6,Configuration,CFG731_b7967e012afd69f5,SYNTHETIC,data/synthetic/configurations/731_synthetic_configurations_v5.csv,,,4974.0,,,,CFG731_b7967e012afd69f5,DERIVED,TWO_CHARACTERISTIC
CONFIG_00155efcaf8129f6,Configuration,CFG731_7df8eeec8bf7a18c,SYNTHETIC,data/synthetic/configurations/731_synthetic_configurations_v5.csv,,,4979.0,,,,CFG731_7df8eeec8bf7a18c,DERIVED,TWO_CHARACTERISTIC
CONFIG_a2c2c77fb79d38ae,Configuration,CFG731_ddd41799d9a9d735,SYNTHETIC,data/synthetic/configurations/731_synthetic_configurations_v5.csv,,,4985.0,,,,CFG731_ddd41799d9a9d735,DERIVED,TWO_CHARACTERISTIC
