rfq_id,target_package,candidate_count,synthetic_engineer_choice,synthetic_engineer_top_score,ground_truth_configuration_id,ground_truth_engineer_rank,ground_truth_engineer_score,ground_truth_selected_by_engineer,preference_label_provenance,preference_generation_method
RFQ731-000001,X731,7,CFG731_9a0f0b26c7f24725,0.849624571408376,CFG731_bb4f0886ba308d63,7,0.23833259809265325,False,SYNTHETIC,synthetic_engineer_v1
RFQ731-000002,X731,1,CFG731_83f956404d04e6cd,0.8969926271550076,CFG731_83f956404d04e6cd,1,0.8969926271550076,True,SYNTHETIC,synthetic_engineer_v1
RFQ731-000003,X731,7,CFG731_abcee67081353f16,0.9052637144687369,CFG731_bd00839e452c6958,7,0.2210725466641486,False,SYNTHETIC,synthetic_engineer_v1
RFQ731-000004,G731ST-LT,8,CFG731_996314000fcfec4b,0.9052640538507368,CFG731_de503c5e46490150,7,0.40195475307932504,False,SYNTHETIC,synthetic_engineer_v1
RFQ731-000005,X731,1,CFG731_db395082b1a3b8ac,0.9210530473479474,CFG731_db395082b1a3b8ac,1,0.9210530473479474,True,SYNTHETIC,synthetic_engineer_v1
RFQ731-000006,X731,8,CFG731_3b2a32abbf148ca1,0.9210527387899473,CFG731_541ce2492ce71d94,3,0.4850237431562415,False,SYNTHETIC,synthetic_engineer_v1
RFQ731-000007,X731,8,CFG731_c887ba58c35036a9,0.9052639929097369,CFG731_134ecd7b8190bed1,8,0.4019544807923251,False,SYNTHETIC,synthetic_engineer_v1
RFQ731-000008,G731ST-HT,4,CFG731_329b582435fea539,0.849624730917376,CFG731_b5710e5f11e2cbc2,3,0.4146190307325356,False,SYNTHETIC,synthetic_engineer_v1
RFQ731-000009,G731ST-HT,2,CFG731_a56f1437a0b4ca31,0.8654144011645866,CFG731_646d8903da63e1f0,2,0.8654139554245865,False,SYNTHETIC,synthetic_engineer_v1
RFQ731-000010,G731ST-LT,8,CFG731_a40ab19ad6671fbe,0.9052638397687369,CFG731_9e44a82e6c1db982,7,0.4019550063513251,False,SYNTHETIC,synthetic_engineer_v1
RFQ731-000011,G731ST-HT,4,CFG731_8b18ac1c34209d63,0.9210533495099473,CFG731_cd71ec2726e971ef,2,0.849625041130376,False,SYNTHETIC,synthetic_engineer_v1
RFQ731-000012,X731,1,CFG731_6e27958dc8215006,0.3897646212185449,CFG731_6e27958dc8215006,1,0.3897646212185449,True,SYNTHETIC,synthetic_engineer_v1
RFQ731-000013,X731,3,CFG731_e80085d86d0bbfa9,0.8654140744335865,CFG731_6526112621a9ee97,3,0.3802253732133344,False,SYNTHETIC,synthetic_engineer_v1
RFQ731-000014,X731,4,CFG731_5dd42015f6f61801,0.9368422142031579,CFG731_5c624ef6fa2b6510,3,0.5011804151732756,False,SYNTHETIC,synthetic_engineer_v1
RFQ731-000015,X731,2,CFG731_97796c9ac2811c94,0.8654144601885865,CFG731_5d255cf6dd296018,2,0.8511283636578721,False,SYNTHETIC,synthetic_engineer_v1
RFQ731-000016,X731,5,CFG731_c39096767a7ae083,0.9210534033169473,CFG731_ef02695e374fc418,2,0.4850234348582415,False,SYNTHETIC,synthetic_engineer_v1
RFQ731-000017,F731WD_DUALCHANNEL,2,CFG731_819cb4e76943eca6,0.8037600380082406,CFG731_c37386a371e13fa8,2,0.45546700208734986,False,SYNTHETIC,synthetic_engineer_v1
RFQ731-000018,F731TE,2,CFG731_fd6959ad3c5fd9ed,0.7879707320140301,CFG731_fd6959ad3c5fd9ed,1,0.7879707320140301,True,SYNTHETIC,synthetic_engineer_v1
RFQ731-000019,X731,7,CFG731_935bc110c01e9e85,0.8338352319041655,CFG731_6ba028da3bba9c41,7,0.21702884169608977,False,SYNTHETIC,synthetic_engineer_v1
RFQ731-000020,X731,2,CFG731_8d2d91c46ccfb471,0.9368429988041579,CFG731_48772fd385d8dcd5,2,0.2541224086918638,False,SYNTHETIC,synthetic_engineer_v1
RFQ731-000021,G731ST-HT,2,CFG731_5dd35c89836ec88e,0.8654143205605865,CFG731_5dd35c89836ec88e,1,0.8654143205605865,True,SYNTHETIC,synthetic_engineer_v1
RFQ731-000022,G731ST-LT,1,CFG731_a40ab19ad6671fbe,0.9526316332633684,CFG731_a40ab19ad6671fbe,1,0.9526316332633684,True,SYNTHETIC,synthetic_engineer_v1
RFQ731-000023,X731,6,CFG731_8d2d91c46ccfb471,0.9210532705499473,CFG731_9ccdadb28a07accd,2,0.48318555129312385,False,SYNTHETIC,synthetic_engineer_v1
RFQ731-000024,G731ST-LT,2,CFG731_1d89d7fdc7355744,0.8654143324515865,CFG731_1d89d7fdc7355744,1,0.8654143324515865,True,SYNTHETIC,synthetic_engineer_v1
RFQ731-000025,G731ST-HT,4,CFG731_63eca10a00ae1f5d,0.9210531240619474,CFG731_a4416ae9d698efa6,3,0.485390879589065,False,SYNTHETIC,synthetic_engineer_v1
RFQ731-000026,X731,4,CFG731_8f470181ad32eeae,0.8654142156595865,CFG731_1b365e0951e7dea4,3,0.4304089357917461,False,SYNTHETIC,synthetic_engineer_v1
RFQ731-000027,X731,1,CFG731_59f86789e43d86f1,0.5147642735005449,CFG731_59f86789e43d86f1,1,0.5147642735005449,True,SYNTHETIC,synthetic_engineer_v1
RFQ731-000028,G731ST-HT,1,CFG731_8b18ac1c34209d63,0.9526324762613684,CFG731_8b18ac1c34209d63,1,0.9526324762613684,True,SYNTHETIC,synthetic_engineer_v1
RFQ731-000029,X731,2,CFG731_8d2d91c46ccfb471,0.9526322192143684,CFG731_ff3460f478ef969b,2,0.44932351364995665,False,SYNTHETIC,synthetic_engineer_v1
RFQ731-000030,G731ST-HT,6,CFG731_cc9ac35e4d9a1854,0.9210534469569474,CFG731_c759934398f2381a,5,0.48447179308900623,False,SYNTHETIC,synthetic_engineer_v1
RFQ731-000031,X731,4,CFG731_5f9d5671c315ce06,0.48318594694712386,CFG731_b7fc2f4bee7659de,2,0.35487654363471205,False,SYNTHETIC,synthetic_engineer_v1
RFQ731-000032,X731,10,CFG731_219ac3d01befd6d1,0.9052635661807369,CFG731_dc2dca106a6c63c6,9,0.21702846527808978,False,SYNTHETIC,synthetic_engineer_v1
RFQ731-000033,G731CA,1,CFG731_faff6da73df00950,0.4870455992837709,CFG731_faff6da73df00950,1,0.4870455992837709,True,SYNTHETIC,synthetic_engineer_v1
RFQ731-000034,G731CA,2,CFG731_5bfe9492c76587ec,0.4554664662773499,CFG731_9cc92f888af32c8a,2,0.4462756151087616,False,SYNTHETIC,synthetic_engineer_v1
RFQ731-000035,G731ST-LT,10,CFG731_e0009be417f51ccd,0.9052640371177368,CFG731_77fac91021549398,5,0.4686824550517957,False,SYNTHETIC,synthetic_engineer_v1
RFQ731-000036,G731ST-HT,6,CFG731_84b16be5aab3bf9b,0.849624576267376,CFG731_b46f92852addf866,5,0.3605756544634767,False,SYNTHETIC,synthetic_engineer_v1
RFQ731-000037,X731,1,CFG731_1b5b895b5e259903,0.9210526425579474,CFG731_1b5b895b5e259903,1,0.9210526425579474,True,SYNTHETIC,synthetic_engineer_v1
RFQ731-000038,X731,2,CFG731_1af3f9470bd904d5,0.38976422411454487,CFG731_04d60387371e1885,2,0.38976401891254486,False,SYNTHETIC,synthetic_engineer_v1
RFQ731-000039,F731WD_DUALCHANNEL,1,CFG731_a4610f5f38e7d946,0.8338355256091655,CFG731_a4610f5f38e7d946,1,0.8338355256091655,True,SYNTHETIC,synthetic_engineer_v1
RFQ731-000040,X731,1,CFG731_f7f0034a8b15f329,0.849624839112376,CFG731_f7f0034a8b15f329,1,0.849624839112376,True,SYNTHETIC,synthetic_engineer_v1
RFQ731-000041,G731ST-HT,6,CFG731_a56f1437a0b4ca31,0.8496248005463759,CFG731_d71a39e1fcf17083,5,0.3620457192697709,False,SYNTHETIC,synthetic_engineer_v1
RFQ731-000042,X731,6,CFG731_91e51485b56960b2,0.9210535518199473,CFG731_8e5ce09a779d2284,5,0.41774457188453556,False,SYNTHETIC,synthetic_engineer_v1
RFQ731-000043,X731,12,CFG731_516629085c122a4e,0.9052635371477369,CFG731_78ea99817ca8be6a,11,0.21868278243979564,False,SYNTHETIC,synthetic_engineer_v1
RFQ731-000044,X731,4,CFG731_219ac3d01befd6d1,0.9210526858389474,CFG731_c52f7eb3e0603707,4,0.23686222357835915,False,SYNTHETIC,synthetic_engineer_v1
RFQ731-000045,F731WD_SINGLECHANNEL,1,CFG731_70b6eaf9262ca4d0,0.8195491739454511,CFG731_70b6eaf9262ca4d0,1,0.8195491739454511,True,SYNTHETIC,synthetic_engineer_v1
RFQ731-000046,X731,8,CFG731_da02526d254e2e35,0.9052638729787369,CFG731_5e0166a160f3ed77,8,0.2225431120184427,False,SYNTHETIC,synthetic_engineer_v1
RFQ731-000047,X731,3,CFG731_3b2a32abbf148ca1,0.9368423520081579,CFG731_8e97bb2bec352a2c,2,0.8511284652888722,False,SYNTHETIC,synthetic_engineer_v1
RFQ731-000048,G731ST-LT,2,CFG731_e0009be417f51ccd,0.9368427795021579,CFG731_8b6ed3cfa9ed1e59,2,0.4335341817157461,False,SYNTHETIC,synthetic_engineer_v1
RFQ731-000049,X731,8,CFG731_516629085c122a4e,0.9052638438427368,CFG731_700e5b0584a9b0fc,8,0.40195458579232507,False,SYNTHETIC,synthetic_engineer_v1
RFQ731-000050,F731WD_DUALCHANNEL,2,CFG731_819cb4e76943eca6,0.7879707893740301,CFG731_37e3938c6089bb2d,2,0.7879701682730301,False,SYNTHETIC,synthetic_engineer_v1
RFQ731-000051,F731TE,2,CFG731_0c3b33750ffab3ac,0.7879707599630301,CFG731_0c3b33750ffab3ac,1,0.7879707599630301,True,SYNTHETIC,synthetic_engineer_v1
RFQ731-000052,X731,2,CFG731_0db950a4979d2c52,0.9526324721923684,CFG731_fa6b5a7df55858c0,2,0.44932299077395665,False,SYNTHETIC,synthetic_engineer_v1
RFQ731-000053,X731,2,CFG731_1cbb464ec15ba84f,0.3769161479909226,CFG731_1cbb464ec15ba84f,1,0.3769161479909226,True,SYNTHETIC,synthetic_engineer_v1
RFQ731-000054,G731CA,2,CFG731_acbf4c45af55caad,0.8037597151422405,CFG731_e85a7fcdd0521e90,2,0.45546676455434987,False,SYNTHETIC,synthetic_engineer_v1
RFQ731-000055,F731TE,1,CFG731_07fb816f7dc25bc8,0.8338350060161654,CFG731_07fb816f7dc25bc8,1,0.8338350060161654,True,SYNTHETIC,synthetic_engineer_v1
RFQ731-000056,G731ST-LT,2,CFG731_715a3d3226cbaffd,0.9368422303201579,CFG731_d5af433b36265df1,2,0.8939852050540151,False,SYNTHETIC,synthetic_engineer_v1
RFQ731-000057,X731,4,CFG731_b7e96d5717c40fd6,0.936842280730158,CFG731_d61788aab0d61e0f,3,0.3684604850959814,False,SYNTHETIC,synthetic_engineer_v1
RFQ731-000058,F731WD_SINGLECHANNEL,2,CFG731_70b6eaf9262ca4d0,0.7879706359420301,CFG731_400b0d973c930668,2,0.78797031416503,False,SYNTHETIC,synthetic_engineer_v1
RFQ731-000059,G731VG,1,CFG731_6a47b38d62a9fed3,0.8511286067898722,CFG731_6a47b38d62a9fed3,1,0.8511286067898722,True,SYNTHETIC,synthetic_engineer_v1
RFQ731-000060,X731,3,CFG731_3bcde7f8df32303c,0.8654138934845865,CFG731_4e7f75dd9496e7b1,3,0.5028347725089813,False,SYNTHETIC,synthetic_engineer_v1
RFQ731-000061,X731,2,CFG731_8c50542218db5cb0,0.9368422230371579,CFG731_15f034f7c265528f,2,0.43353396491574614,False,SYNTHETIC,synthetic_engineer_v1
RFQ731-000062,F731TE,1,CFG731_090330aa38b8e80b,0.3346755635266192,CFG731_090330aa38b8e80b,1,0.3346755635266192,True,SYNTHETIC,synthetic_engineer_v1
RFQ731-000063,X731,1,CFG731_79377060f99f59f3,0.3897640328585449,CFG731_79377060f99f59f3,1,0.3897640328585449,True,SYNTHETIC,synthetic_engineer_v1
RFQ731-000064,F731PW,1,CFG731_327bfa077bbbd45e,0.3830399868281146,CFG731_327bfa077bbbd45e,1,0.3830399868281146,True,SYNTHETIC,synthetic_engineer_v1
RFQ731-000065,X731,10,CFG731_c39096767a7ae083,0.9210531096009473,CFG731_f57ccd8e79618aa1,4,0.4844725141740062,False,SYNTHETIC,synthetic_engineer_v1
RFQ731-000066,F731TE,1,CFG731_a72f99e8160efda6,0.4712562146235604,CFG731_a72f99e8160efda6,1,0.4712562146235604,True,SYNTHETIC,synthetic_engineer_v1
RFQ731-000067,X731,1,CFG731_31c4aded40f9387f,0.38976416175354484,CFG731_31c4aded40f9387f,1,0.38976416175354484,True,SYNTHETIC,synthetic_engineer_v1
RFQ731-000068,X731,7,CFG731_f87794e7a98d0b11,0.9210527150349473,CFG731_04e7216b1ba7f935,7,0.4177443806835356,False,SYNTHETIC,synthetic_engineer_v1
RFQ731-000069,X731,2,CFG731_95e2d680672ff303,0.34533713502850155,CFG731_95e2d680672ff303,1,0.34533713502850155,True,SYNTHETIC,synthetic_engineer_v1
RFQ731-000070,X731,1,CFG731_5a8170a3daa0efb9,0.849624315380376,CFG731_5a8170a3daa0efb9,1,0.849624315380376,True,SYNTHETIC,synthetic_engineer_v1
RFQ731-000071,G731CA,2,CFG731_19ec976991ce75a9,0.8037599577662405,CFG731_19f7d73d8e42e7bd,2,0.3830405500391146,False,SYNTHETIC,synthetic_engineer_v1
RFQ731-000072,X731,1,CFG731_d9234c84a58b99ae,0.4989745197293344,CFG731_d9234c84a58b99ae,1,0.4989745197293344,True,SYNTHETIC,synthetic_engineer_v1
RFQ731-000073,X731,3,CFG731_af5b0ebc51685059,0.8654138976855865,CFG731_1c1fb7a32bf0146b,3,0.4304087875737461,False,SYNTHETIC,synthetic_engineer_v1
RFQ731-000074,G731ST-LT,6,CFG731_7203705eed387b0a,0.8496249150273759,CFG731_7994662aa688a3b5,5,0.3620457020767709,False,SYNTHETIC,synthetic_engineer_v1
RFQ731-000075,X731,2,CFG731_ddd1ce28a3456ff6,0.8654138936095865,CFG731_fa2849b259355775,2,0.8511286731018721,False,SYNTHETIC,synthetic_engineer_v1
RFQ731-000076,F731WD_SINGLECHANNEL,1,CFG731_a7d2a5a9ae465701,0.8195495976714512,CFG731_a7d2a5a9ae465701,1,0.8195495976714512,True,SYNTHETIC,synthetic_engineer_v1
RFQ731-000077,X731,1,CFG731_a385518a9f31baa0,0.3669894948686873,CFG731_a385518a9f31baa0,1,0.3669894948686873,True,SYNTHETIC,synthetic_engineer_v1
RFQ731-000078,F731PW,1,CFG731_5995fa9fd5d1242f,0.818046027548955,CFG731_5995fa9fd5d1242f,1,0.818046027548955,True,SYNTHETIC,synthetic_engineer_v1
RFQ731-000079,X731,3,CFG731_011ca4ba794bd4d6,0.9052641563737369,CFG731_6472ab3bf7316498,3,0.4686823196397957,False,SYNTHETIC,synthetic_engineer_v1
RFQ731-000080,X731,6,CFG731_5e61ce3b60d15e11,0.9210535559359474,CFG731_4fe142d593643ab8,3,0.4850242067882415,False,SYNTHETIC,synthetic_engineer_v1
RFQ731-000081,G731ST-LT,12,CFG731_d124ccffa669c3a2,0.9052638797987369,CFG731_a54fd8962307be18,11,0.21868324335279565,False,SYNTHETIC,synthetic_engineer_v1
RFQ731-000082,X731,14,CFG731_331927b265de3c55,0.8180457436729549,CFG731_90035585549005ff,14,0.20123911684687923,False,SYNTHETIC,synthetic_engineer_v1
RFQ731-000083,F731TE,1,CFG731_574aa7a29f75cd60,0.8338347048391654,CFG731_574aa7a29f75cd60,1,0.8338347048391654,True,SYNTHETIC,synthetic_engineer_v1
RFQ731-000084,X731,2,CFG731_9755a9db60d7534d,0.8338354424361655,CFG731_5be5a82ac0b29989,2,0.341844115583678,False,SYNTHETIC,synthetic_engineer_v1
RFQ731-000085,X731,2,CFG731_bbcb665ced67f8c3,0.8654140799745865,CFG731_0aa987e1ae960c88,2,0.8511279924878722,False,SYNTHETIC,synthetic_engineer_v1
RFQ731-000086,G731CA,2,CFG731_d3d0547b464f691d,0.8037595020992405,CFG731_d3d0547b464f691d,1,0.8037595020992405,True,SYNTHETIC,synthetic_engineer_v1
RFQ731-000087,X731,3,CFG731_7308ee8503151ef3,0.8654143856215866,CFG731_6d44172bc82c7ed7,3,0.37507816520280496,False,SYNTHETIC,synthetic_engineer_v1
RFQ731-000088,G731ST-HT,2,CFG731_63eca10a00ae1f5d,0.9368422321021579,CFG731_0ce13abf777d04f9,2,0.4335339277207461,False,SYNTHETIC,synthetic_engineer_v1
RFQ731-000089,X731,4,CFG731_62d0f0f6bab9bdcb,0.9210528574569473,CFG731_4340f11ba9a46e42,2,0.849624995670376,False,SYNTHETIC,synthetic_engineer_v1
RFQ731-000090,X731,1,CFG731_260c36430f7c2d03,0.9210535206709474,CFG731_260c36430f7c2d03,1,0.9210535206709474,True,SYNTHETIC,synthetic_engineer_v1
RFQ731-000091,G731ST-LT,2,CFG731_7882c72c21497015,0.9368424022101579,CFG731_e6c0885eb14e429c,2,0.43353395179474613,False,SYNTHETIC,synthetic_engineer_v1
RFQ731-000092,X731,1,CFG731_a7a446c7f3b3183f,0.8195489939274512,CFG731_a7a446c7f3b3183f,1,0.8195489939274512,True,SYNTHETIC,synthetic_engineer_v1
RFQ731-000093,X731,3,CFG731_12d9cb8d41e8f486,0.8654140787245865,CFG731_7f6c0412b6d497fb,3,0.36846020548998143,False,SYNTHETIC,synthetic_engineer_v1
RFQ731-000094,G731CA,1,CFG731_0738cd529389f266,0.8353385784836616,CFG731_0738cd529389f266,1,0.8353385784836616,True,SYNTHETIC,synthetic_engineer_v1
RFQ731-000095,X731,7,CFG731_cf543b1c3927ab71,0.9052635238767369,CFG731_235ee3a364b5b6ec,7,0.20820463539932507,False,SYNTHETIC,synthetic_engineer_v1
RFQ731-000096,G731ST-LT,2,CFG731_8da1da530d6ae54d,0.8654143956005865,CFG731_1d89d7fdc7355744,2,0.8654141064105865,False,SYNTHETIC,synthetic_engineer_v1
RFQ731-000097,X731,12,CFG731_219ac3d01befd6d1,0.9052635155007369,CFG731_78ea99817ca8be6a,11,0.21868323277579566,False,SYNTHETIC,synthetic_engineer_v1
RFQ731-000098,G731ST-HT,2,CFG731_a3b03637ed22317c,0.9368426164501579,CFG731_dde2f7fe043f7ade,2,0.8939859156720151,False,SYNTHETIC,synthetic_engineer_v1
RFQ731-000099,X731,7,CFG731_5dd42015f6f61801,0.9210530848909474,CFG731_917fc613cc9bf56a,3,0.48502403547524153,False,SYNTHETIC,synthetic_engineer_v1
RFQ731-000100,F731WD_DUALCHANNEL,1,CFG731_35ed22cad11f9a11,0.8195490819774511,CFG731_35ed22cad11f9a11,1,0.8195490819774511,True,SYNTHETIC,synthetic_engineer_v1
RFQ731-000101,F731WD_DUALCHANNEL,1,CFG731_a4610f5f38e7d946,0.8338353225571655,CFG731_a4610f5f38e7d946,1,0.8338353225571655,True,SYNTHETIC,synthetic_engineer_v1
RFQ731-000102,X731,2,CFG731_dbe9c00b3af80524,0.8338349854781655,CFG731_7afa5501026394f9,2,0.8195498000854511,False,SYNTHETIC,synthetic_engineer_v1
RFQ731-000103,X731,7,CFG731_37c55138c4eebb90,0.34533734599150157,CFG731_6942facbe6ebb88b,5,0.22254293775944273,False,SYNTHETIC,synthetic_engineer_v1
RFQ731-000104,G731CA,2,CFG731_d3d0547b464f691d,0.8037601122922405,CFG731_d3d0547b464f691d,1,0.8037601122922405,True,SYNTHETIC,synthetic_engineer_v1
RFQ731-000105,G731ST-LT,2,CFG731_a40ab19ad6671fbe,0.9368421562021579,CFG731_098817d766a37bc2,2,0.8939856100710151,False,SYNTHETIC,synthetic_engineer_v1
RFQ731-000106,F731WD_SINGLECHANNEL,1,CFG731_70b6eaf9262ca4d0,0.8195496444264512,CFG731_70b6eaf9262ca4d0,1,0.8195496444264512,True,SYNTHETIC,synthetic_engineer_v1
RFQ731-000107,X731,6,CFG731_8c50542218db5cb0,0.9052634688637369,CFG731_b3506a753aafcfa3,3,0.469233773747031,False,SYNTHETIC,synthetic_engineer_v1
RFQ731-000108,X731,2,CFG731_cf4bb519cec0df2f,0.881203924598797,CFG731_cf4bb519cec0df2f,1,0.881203924598797,True,SYNTHETIC,synthetic_engineer_v1
RFQ731-000109,X731,1,CFG731_8d78781f8753b72a,0.9210534889129474,CFG731_8d78781f8753b72a,1,0.9210534889129474,True,SYNTHETIC,synthetic_engineer_v1
RFQ731-000110,X731,3,CFG731_e80085d86d0bbfa9,0.8654136792585865,CFG731_187ec74b5c4854aa,3,0.2541222997088638,False,SYNTHETIC,synthetic_engineer_v1
RFQ731-000111,X731,4,CFG731_672458a8e716cdf8,0.8496247317843759,CFG731_2e5bd0d53757f625,4,0.3636998664854768,False,SYNTHETIC,synthetic_engineer_v1
RFQ731-000112,X731,6,CFG731_97796c9ac2811c94,0.8338352972471654,CFG731_6084e24782dc3f55,6,0.22033768117750155,False,SYNTHETIC,synthetic_engineer_v1
RFQ731-000113,F731WD_SINGLECHANNEL,1,CFG731_4ca309199387f8d5,0.8195496097864511,CFG731_4ca309199387f8d5,1,0.8195496097864511,True,SYNTHETIC,synthetic_engineer_v1
RFQ731-000114,X731,1,CFG731_7bb5689e4b06bfe5,0.36590622782641796,CFG731_7bb5689e4b06bfe5,1,0.36590622782641796,True,SYNTHETIC,synthetic_engineer_v1
RFQ731-000115,X731,1,CFG731_6920f76e20b3b3ac,0.3581856538821238,CFG731_6920f76e20b3b3ac,1,0.3581856538821238,True,SYNTHETIC,synthetic_engineer_v1
RFQ731-000116,X731,1,CFG731_abcee67081353f16,0.9526321574703683,CFG731_abcee67081353f16,1,0.9526321574703683,True,SYNTHETIC,synthetic_engineer_v1
RFQ731-000117,G731ST-HT,4,CFG731_d03860c1f327a8d1,0.8496247282753759,CFG731_5882bd12beb09203,4,0.35156765788930033,False,SYNTHETIC,synthetic_engineer_v1
RFQ731-000118,G731ST-LT,2,CFG731_a40ab19ad6671fbe,0.9368426284031579,CFG731_bc9146cb8459e9c2,2,0.43353383521774613,False,SYNTHETIC,synthetic_engineer_v1
RFQ731-000119,G731ST-HT,1,CFG731_bbffb73f3dff6787,0.9526318778553684,CFG731_bbffb73f3dff6787,1,0.9526318778553684,True,SYNTHETIC,synthetic_engineer_v1
RFQ731-000120,G731ST-HT,4,CFG731_d03860c1f327a8d1,0.8496250225323759,CFG731_b5710e5f11e2cbc2,3,0.4146189644615356,False,SYNTHETIC,synthetic_engineer_v1
RFQ731-000121,X731,6,CFG731_b7e96d5717c40fd6,0.9210536177479474,CFG731_a89154111c50850c,3,0.3576339950478885,False,SYNTHETIC,synthetic_engineer_v1
RFQ731-000122,F731WD_SINGLECHANNEL,2,CFG731_0be7d6198235486b,0.7879705065550301,CFG731_0be7d6198235486b,1,0.7879705065550301,True,SYNTHETIC,synthetic_engineer_v1
RFQ731-000123,X731,2,CFG731_a41a2d2cef1a675f,0.9052631652327369,CFG731_56310c55a01272a3,2,0.3482781047950898,False,SYNTHETIC,synthetic_engineer_v1
RFQ731-000124,G731CA,1,CFG731_acbf4c45af55caad,0.8353390975166616,CFG731_acbf4c45af55caad,1,0.8353390975166616,True,SYNTHETIC,synthetic_engineer_v1
RFQ731-000125,X731,6,CFG731_5e61ce3b60d15e11,0.9210534913839473,CFG731_6b5f6983490bc595,2,0.4831854694191239,False,SYNTHETIC,synthetic_engineer_v1
RFQ731-000126,F731PW,1,CFG731_92efd7a3c43da152,0.818045270667955,CFG731_92efd7a3c43da152,1,0.818045270667955,True,SYNTHETIC,synthetic_engineer_v1
RFQ731-000127,X731,6,CFG731_8d2d91c46ccfb471,0.9210528354019474,CFG731_9ccdadb28a07accd,2,0.4831856470711239,False,SYNTHETIC,synthetic_engineer_v1
RFQ731-000128,X731,4,CFG731_8eb1a4c3831aebc6,0.8496244261213759,CFG731_b2ad61cdb45a54fb,4,0.3515675103693003,False,SYNTHETIC,synthetic_engineer_v1
RFQ731-000129,F731TE,1,CFG731_07fb816f7dc25bc8,0.8338349666021655,CFG731_07fb816f7dc25bc8,1,0.8338349666021655,True,SYNTHETIC,synthetic_engineer_v1
RFQ731-000130,G731ST-LT,1,CFG731_32b4b1ec4513af66,0.881203458184797,CFG731_32b4b1ec4513af66,1,0.881203458184797,True,SYNTHETIC,synthetic_engineer_v1
RFQ731-000131,G731ST-HT,8,CFG731_bbffb73f3dff6787,0.9052632905017369,CFG731_403f51b2e914043b,7,0.40195458822432506,False,SYNTHETIC,synthetic_engineer_v1
RFQ731-000132,X731,6,CFG731_ac8195f5cce7d089,0.849624400707376,CFG731_87ce9768865f4127,6,0.23539156620006504,False,SYNTHETIC,synthetic_engineer_v1
RFQ731-000133,G731ST-LT,6,CFG731_7882c72c21497015,0.9210533521179474,CFG731_fa6ab94f1cf566b3,5,0.4844718957430062,False,SYNTHETIC,synthetic_engineer_v1
RFQ731-000134,X731,5,CFG731_608c0251ef380592,0.9210528251879474,CFG731_5de6ca53a86b09c9,5,0.23281790299330032,False,SYNTHETIC,synthetic_engineer_v1
RFQ731-000135,X731,6,CFG731_cf543b1c3927ab71,0.9052634696017369,CFG731_ede0b25f5f83644d,3,0.3368808480405604,False,SYNTHETIC,synthetic_engineer_v1
RFQ731-000136,X731,6,CFG731_8d2d91c46ccfb471,0.9210532207729474,CFG731_9ccdadb28a07accd,2,0.48318557515412386,False,SYNTHETIC,synthetic_engineer_v1
RFQ731-000137,X731,2,CFG731_da02526d254e2e35,0.936842545958158,CFG731_efc9d6b915117e15,2,0.8939855375460151,False,SYNTHETIC,synthetic_engineer_v1
RFQ731-000138,F731WD_SINGLECHANNEL,2,CFG731_ee8e327bbb737abf,0.7879705115590301,CFG731_ee8e327bbb737abf,1,0.7879705115590301,True,SYNTHETIC,synthetic_engineer_v1
RFQ731-000139,X731,8,CFG731_12d9cb8d41e8f486,0.8496249706133759,CFG731_72fe206df86509f8,8,0.2273026839099474,False,SYNTHETIC,synthetic_engineer_v1
RFQ731-000140,G731ST-LT,2,CFG731_7882c72c21497015,0.9368430034811579,CFG731_175641fe8d1c7f37,2,0.8939851118750151,False,SYNTHETIC,synthetic_engineer_v1
RFQ731-000141,G731ST-HT,4,CFG731_2a989bd6dba74d9f,0.849624515515376,CFG731_b7a7770d19b6f648,3,0.48704576622877094,False,SYNTHETIC,synthetic_engineer_v1
RFQ731-000142,X731,4,CFG731_36c553adc9f5ebf3,0.8496244422213759,CFG731_e3b7a52ea0694eb1,4,0.36370003239547677,False,SYNTHETIC,synthetic_engineer_v1
RFQ731-000143,X731,6,CFG731_91e51485b56960b2,0.9210536148069474,CFG731_8e5ce09a779d2284,6,0.4177440135985356,False,SYNTHETIC,synthetic_engineer_v1
RFQ731-000144,X731,2,CFG731_b7e96d5717c40fd6,0.9526318507363684,CFG731_2683cf7e09782f5e,2,0.9097751421952256,False,SYNTHETIC,synthetic_engineer_v1
RFQ731-000145,X731,4,CFG731_ddd1ce28a3456ff6,0.849625010967376,CFG731_1d294b2de760852b,3,0.48704585941877093,False,SYNTHETIC,synthetic_engineer_v1
RFQ731-000146,X731,4,CFG731_8eb1a4c3831aebc6,0.8496247842003759,CFG731_fd10dd35c97df399,4,0.35763352770488854,False,SYNTHETIC,synthetic_engineer_v1
RFQ731-000147,X731,4,CFG731_91e51485b56960b2,0.9368426424541579,CFG731_b83ac25dbd4e47ee,2,0.8654137222645866,False,SYNTHETIC,synthetic_engineer_v1
RFQ731-000148,X731,11,CFG731_a6d4830ed3aa2681,0.8894746248255263,CFG731_1b8054cb5a92e4fa,11,0.19645924670717335,False,SYNTHETIC,synthetic_engineer_v1
RFQ731-000149,X731,2,CFG731_8f470181ad32eeae,0.8812039887977969,CFG731_88a813121973f952,2,0.8669177176760826,False,SYNTHETIC,synthetic_engineer_v1
RFQ731-000150,X731,5,CFG731_c39096767a7ae083,0.9210535180389473,CFG731_ef02695e374fc418,2,0.4850234681382415,False,SYNTHETIC,synthetic_engineer_v1
RFQ731-000151,F731WD_DUALCHANNEL,1,CFG731_819cb4e76943eca6,0.8195490410144511,CFG731_819cb4e76943eca6,1,0.8195490410144511,True,SYNTHETIC,synthetic_engineer_v1
RFQ731-000152,X731,11,CFG731_2be17a56b0589fd1,0.9052635833617368,CFG731_bd51fba2aacb1a3c,11,0.21868255505979564,False,SYNTHETIC,synthetic_engineer_v1
RFQ731-000153,X731,1,CFG731_0fbee36816b7af98,0.8969930473460076,CFG731_0fbee36816b7af98,1,0.8969930473460076,True,SYNTHETIC,synthetic_engineer_v1
RFQ731-000154,G731CA,2,CFG731_d2a75fda6f761c1b,0.45546690383334987,CFG731_24b3128196e55c23,2,0.4554668747583499,False,SYNTHETIC,synthetic_engineer_v1
RFQ731-000155,G731ST-LT,4,CFG731_7203705eed387b0a,0.8496243581883759,CFG731_00533f723f7496de,3,0.4870453471137709,False,SYNTHETIC,synthetic_engineer_v1
RFQ731-000156,X731,1,CFG731_91e51485b56960b2,0.968421057246579,CFG731_91e51485b56960b2,1,0.968421057246579,True,SYNTHETIC,synthetic_engineer_v1
RFQ731-000157,X731,5,CFG731_3bcde7f8df32303c,0.849624661228376,CFG731_97c654bf006e698e,5,0.2361266801087121,False,SYNTHETIC,synthetic_engineer_v1
RFQ731-000158,X731,3,CFG731_a432887204e8d090,0.9052638304537369,CFG731_695e540255cc94da,3,0.34644000043497214,False,SYNTHETIC,synthetic_engineer_v1
RFQ731-000159,X731,2,CFG731_0db950a4979d2c52,0.9526316225973683,CFG731_fa6b5a7df55858c0,2,0.44932327702595665,False,SYNTHETIC,synthetic_engineer_v1
RFQ731-000160,X731,3,CFG731_a6d4830ed3aa2681,0.9210530538089473,CFG731_5331dc313830f4cb,3,0.35156798030830033,False,SYNTHETIC,synthetic_engineer_v1
RFQ731-000161,X731,4,CFG731_b8b11650a048baf7,0.8496246056203759,CFG731_e201a8a6e4588b00,4,0.35340622927641796,False,SYNTHETIC,synthetic_engineer_v1
RFQ731-000162,X731,2,CFG731_5dd42015f6f61801,0.9526319552763683,CFG731_65da22cd215fbcf6,2,0.44932354722995665,False,SYNTHETIC,synthetic_engineer_v1
RFQ731-000163,G731ST-LT,2,CFG731_7f5bfa7b21e81359,0.9368425676921579,CFG731_49cd4cbef1081333,2,0.43353361805074614,False,SYNTHETIC,synthetic_engineer_v1
RFQ731-000164,X731,1,CFG731_9c182e1af1606c9d,0.23833270726165326,CFG731_9c182e1af1606c9d,1,0.23833270726165326,True,SYNTHETIC,synthetic_engineer_v1
RFQ731-000165,G731ST-HT,4,CFG731_a56f1437a0b4ca31,0.8496249957073759,CFG731_00e033bb831be6d5,3,0.35928876440759444,False,SYNTHETIC,synthetic_engineer_v1
RFQ731-000166,X731,11,CFG731_e08dfad4737be3d9,0.9052632384177369,CFG731_d0bd848c8f934b33,11,0.2122491659963839,False,SYNTHETIC,synthetic_engineer_v1
RFQ731-000167,X731,1,CFG731_c41fd04f9eea78e7,0.4831852650771239,CFG731_c41fd04f9eea78e7,1,0.4831852650771239,True,SYNTHETIC,synthetic_engineer_v1
RFQ731-000168,X731,2,CFG731_6e096e946540ab4e,0.8812034980837969,CFG731_6b36d25fda044bf5,2,0.8669174220480826,False,SYNTHETIC,synthetic_engineer_v1
RFQ731-000169,G731ST-HT,4,CFG731_076cad91966d4c34,0.849624688370376,CFG731_b3ed2928d6d65710,3,0.4870454748537709,False,SYNTHETIC,synthetic_engineer_v1
RFQ731-000170,F731WD_SINGLECHANNEL,1,CFG731_e98d2be876599c40,0.8195492714934511,CFG731_e98d2be876599c40,1,0.8195492714934511,True,SYNTHETIC,synthetic_engineer_v1
RFQ731-000171,F731PW,1,CFG731_956456fc074ebc5a,0.818045165736955,CFG731_956456fc074ebc5a,1,0.818045165736955,True,SYNTHETIC,synthetic_engineer_v1
RFQ731-000172,X731,4,CFG731_219ac3d01befd6d1,0.9210535796339473,CFG731_9d1ffcce07240574,2,0.849624443914376,False,SYNTHETIC,synthetic_engineer_v1
RFQ731-000173,G731ST-HT,23,CFG731_7b2f69a7ca55041b,0.8894746201275263,CFG731_1b33a9ed446bc0fd,23,0.19425319038723218,False,SYNTHETIC,synthetic_engineer_v1
RFQ731-000174,X731,7,CFG731_32a4bb12438a37ab,0.9210535403439474,CFG731_d05c8278d6301e9d,7,0.2239943921905356,False,SYNTHETIC,synthetic_engineer_v1
RFQ731-000175,G731ST-LT,1,CFG731_0fdf5c36c9c41e69,0.881203075700797,CFG731_0fdf5c36c9c41e69,1,0.881203075700797,True,SYNTHETIC,synthetic_engineer_v1
RFQ731-000176,G731ST-HT,2,CFG731_84b16be5aab3bf9b,0.8654138947255865,CFG731_84b16be5aab3bf9b,1,0.8654138947255865,True,SYNTHETIC,synthetic_engineer_v1
RFQ731-000177,X731,6,CFG731_011ca4ba794bd4d6,0.8894745144935263,CFG731_4e6e53642a913f1a,6,0.20289342754158513,False,SYNTHETIC,synthetic_engineer_v1
RFQ731-000178,X731,2,CFG731_5e61ce3b60d15e11,0.9526320326333684,CFG731_cccd499c66b31e99,2,0.38719061916478015,False,SYNTHETIC,synthetic_engineer_v1
RFQ731-000179,X731,2,CFG731_c775e192f3d489e9,0.8338354512081655,CFG731_fd7b09f495a568bc,2,0.8195494727704511,False,SYNTHETIC,synthetic_engineer_v1
RFQ731-000180,G731ST-LT,11,CFG731_d124ccffa669c3a2,0.9052638366427369,CFG731_75db38d1df65a8f3,5,0.4686830495057957,False,SYNTHETIC,synthetic_engineer_v1
RFQ731-000181,X731,2,CFG731_9755a9db60d7534d,0.8338354684061655,CFG731_5be5a82ac0b29989,2,0.341844150237678,False,SYNTHETIC,synthetic_engineer_v1
RFQ731-000182,X731,4,CFG731_3b2a32abbf148ca1,0.936842701774158,CFG731_7c35d25e0c12df82,4,0.2511805813062755,False,SYNTHETIC,synthetic_engineer_v1
RFQ731-000183,X731,1,CFG731_db395082b1a3b8ac,0.9210534399009473,CFG731_db395082b1a3b8ac,1,0.9210534399009473,True,SYNTHETIC,synthetic_engineer_v1
RFQ731-000184,X731,3,CFG731_e08dfad4737be3d9,0.936842135664158,CFG731_9cedc4ecc45a4b46,3,0.5008128492414521,False,SYNTHETIC,synthetic_engineer_v1
RFQ731-000185,X731,3,CFG731_b7e96d5717c40fd6,0.9368422702121579,CFG731_cbcc0cf44cde6b53,3,0.3684604989569814,False,SYNTHETIC,synthetic_engineer_v1
RFQ731-000186,X731,7,CFG731_2be17a56b0589fd1,0.9052638226937368,CFG731_0ef26d136a7182e8,5,0.4019553331093251,False,SYNTHETIC,synthetic_engineer_v1
RFQ731-000187,X731,6,CFG731_e4d6e304563c3bae,0.8338348960331655,CFG731_56f0dbd067fcbe02,6,0.2210721026021486,False,SYNTHETIC,synthetic_engineer_v1
RFQ731-000188,X731,6,CFG731_fde1ab2a4808b544,0.8496249423043759,CFG731_a1cadf8c4a6793ba,6,0.23833284175265326,False,SYNTHETIC,synthetic_engineer_v1
RFQ731-000189,F731PW,1,CFG731_956456fc074ebc5a,0.8180459665289549,CFG731_956456fc074ebc5a,1,0.8180459665289549,True,SYNTHETIC,synthetic_engineer_v1
RFQ731-000190,G731CA,1,CFG731_d2a75fda6f761c1b,0.4870460141507709,CFG731_d2a75fda6f761c1b,1,0.4870460141507709,True,SYNTHETIC,synthetic_engineer_v1
RFQ731-000191,X731,2,CFG731_9f3028be2110afe1,0.9052633771507369,CFG731_b1196e0942d6104e,2,0.4696016543578545,False,SYNTHETIC,synthetic_engineer_v1
RFQ731-000192,G731CA,2,CFG731_d97c333965654bd3,0.8037596487852405,CFG731_d97c333965654bd3,1,0.8037596487852405,True,SYNTHETIC,synthetic_engineer_v1
RFQ731-000193,G731ST-LT,8,CFG731_a40ab19ad6671fbe,0.9052639563567368,CFG731_9e44a82e6c1db982,6,0.40195512604632505,False,SYNTHETIC,synthetic_engineer_v1
RFQ731-000194,X731,7,CFG731_5dd42015f6f61801,0.9210531385579473,CFG731_1490cd30a236283e,6,0.36590575889741794,False,SYNTHETIC,synthetic_engineer_v1
RFQ731-000195,X731,3,CFG731_db983e07a279051a,0.9052633479097368,CFG731_75b93da9dd9b0316,3,0.4686830814257957,False,SYNTHETIC,synthetic_engineer_v1
RFQ731-000196,X731,1,CFG731_260c36430f7c2d03,0.9210529174749473,CFG731_260c36430f7c2d03,1,0.9210529174749473,True,SYNTHETIC,synthetic_engineer_v1
RFQ731-000197,X731,2,CFG731_073f991a6c9a4683,0.3838824225983684,CFG731_59f73311cf3c5679,2,0.26991170173707424,False,SYNTHETIC,synthetic_engineer_v1
RFQ731-000198,X731,1,CFG731_8c50542218db5cb0,0.9526316747543684,CFG731_8c50542218db5cb0,1,0.9526316747543684,True,SYNTHETIC,synthetic_engineer_v1
RFQ731-000199,G731ST-LT,5,CFG731_7f5bfa7b21e81359,0.9210532391349473,CFG731_da6b811731deb07d,5,0.4844723273380062,False,SYNTHETIC,synthetic_engineer_v1
RFQ731-000200,X731,3,CFG731_b4987f1c95e91d0d,0.9210531686989474,CFG731_140a9819128d92da,3,0.4850241835032415,False,SYNTHETIC,synthetic_engineer_v1
RFQ731-000201,X731,2,CFG731_b1693ef6b18686ac,0.49897473422133437,CFG731_a4b44df449e9d78d,2,0.2541220827148638,False,SYNTHETIC,synthetic_engineer_v1
RFQ731-000202,X731,3,CFG731_12d9cb8d41e8f486,0.8654144219845865,CFG731_7f6c0412b6d497fb,3,0.3684597882329814,False,SYNTHETIC,synthetic_engineer_v1
RFQ731-000203,G731ST-HT,2,CFG731_a56f1437a0b4ca31,0.8654138058335865,CFG731_e489ae1a5426e276,2,0.8511278734048722,False,SYNTHETIC,synthetic_engineer_v1
RFQ731-000204,F731TE,2,CFG731_344778a042931752,0.7879708020550301,CFG731_344778a042931752,1,0.7879708020550301,True,SYNTHETIC,synthetic_engineer_v1
RFQ731-000205,X731,1,CFG731_038a2660d5cee54f,0.2699112264390742,CFG731_038a2660d5cee54f,1,0.2699112264390742,True,SYNTHETIC,synthetic_engineer_v1
RFQ731-000206,X731,1,CFG731_6e096e946540ab4e,0.8969933508950075,CFG731_6e096e946540ab4e,1,0.8969933508950075,True,SYNTHETIC,synthetic_engineer_v1
RFQ731-000207,F731TE,1,CFG731_8b8ba7e2341f1295,0.4712563098425604,CFG731_8b8ba7e2341f1295,1,0.4712563098425604,True,SYNTHETIC,synthetic_engineer_v1
RFQ731-000208,F731PW,1,CFG731_92efd7a3c43da152,0.8180455336909549,CFG731_92efd7a3c43da152,1,0.8180455336909549,True,SYNTHETIC,synthetic_engineer_v1
RFQ731-000209,X731,4,CFG731_5e61ce3b60d15e11,0.9368426357911579,CFG731_23aa00a5306a83b2,3,0.8511281265178722,False,SYNTHETIC,synthetic_engineer_v1
RFQ731-000210,F731WD_DUALCHANNEL,1,CFG731_819cb4e76943eca6,0.8195494949014511,CFG731_819cb4e76943eca6,1,0.8195494949014511,True,SYNTHETIC,synthetic_engineer_v1
RFQ731-000211,F731WD_SINGLECHANNEL,2,CFG731_a7d2a5a9ae465701,0.7879700249480301,CFG731_ee8e327bbb737abf,2,0.7879699795000301,False,SYNTHETIC,synthetic_engineer_v1
RFQ731-000212,X731,6,CFG731_608c0251ef380592,0.9052632270557369,CFG731_09db81b4dee54f57,3,0.469234528501031,False,SYNTHETIC,synthetic_engineer_v1
RFQ731-000213,X731,3,CFG731_0db950a4979d2c52,0.9210530636679474,CFG731_c42374cc9dea3494,2,0.48318522538812386,False,SYNTHETIC,synthetic_engineer_v1
RFQ731-000214,G731CA,1,CFG731_b97ce0f180acf155,0.8353387514486617,CFG731_b97ce0f180acf155,1,0.8353387514486617,True,SYNTHETIC,synthetic_engineer_v1
RFQ731-000215,G731CA,1,CFG731_5bfe9492c76587ec,0.4870457597327709,CFG731_5bfe9492c76587ec,1,0.4870457597327709,True,SYNTHETIC,synthetic_engineer_v1
RFQ731-000216,X731,3,CFG731_36c553adc9f5ebf3,0.849624786179376,CFG731_da5f98932a1c6afd,3,0.4870459616037709,False,SYNTHETIC,synthetic_engineer_v1
RFQ731-000217,F731PW,1,CFG731_92efd7a3c43da152,0.8180453384299549,CFG731_92efd7a3c43da152,1,0.8180453384299549,True,SYNTHETIC,synthetic_engineer_v1
RFQ731-000218,X731,3,CFG731_fd3397424975992e,0.4831857360601239,CFG731_ef7dc9987c0ff289,2,0.23796537349282973,False,SYNTHETIC,synthetic_engineer_v1
RFQ731-000219,F731TE,2,CFG731_b27467571d893d92,0.7879703207390301,CFG731_b27467571d893d92,1,0.7879703207390301,True,SYNTHETIC,synthetic_engineer_v1
RFQ731-000220,X731,1,CFG731_6e27958dc8215006,0.38976429108154487,CFG731_6e27958dc8215006,1,0.38976429108154487,True,SYNTHETIC,synthetic_engineer_v1
RFQ731-000221,F731TE,1,CFG731_d8c69b7395beabbb,0.4712561046225604,CFG731_d8c69b7395beabbb,1,0.4712561046225604,True,SYNTHETIC,synthetic_engineer_v1
RFQ731-000222,X731,7,CFG731_5dd42015f6f61801,0.9210535651679473,CFG731_917fc613cc9bf56a,3,0.4850232635482415,False,SYNTHETIC,synthetic_engineer_v1
RFQ731-000223,G731ST-HT,1,CFG731_fcc72e9951376cf3,0.881203013501797,CFG731_fcc72e9951376cf3,1,0.881203013501797,True,SYNTHETIC,synthetic_engineer_v1
RFQ731-000224,X731,6,CFG731_f87794e7a98d0b11,0.9210530212929473,CFG731_192157d53112de14,2,0.4850237770192415,False,SYNTHETIC,synthetic_engineer_v1
RFQ731-000225,F731TE,2,CFG731_344778a042931752,0.78797071623303,CFG731_344778a042931752,1,0.78797071623303,True,SYNTHETIC,synthetic_engineer_v1
RFQ731-000226,X731,3,CFG731_516629085c122a4e,0.9210534104569473,CFG731_48a4e554ffcf39e6,3,0.48502387001624153,False,SYNTHETIC,synthetic_engineer_v1
RFQ731-000227,X731,1,CFG731_9a5bfa9148a9b604,0.9210531956339474,CFG731_9a5bfa9148a9b604,1,0.9210531956339474,True,SYNTHETIC,synthetic_engineer_v1
RFQ731-000228,G731ST-LT,2,CFG731_7f5bfa7b21e81359,0.9368428621081579,CFG731_49cd4cbef1081333,2,0.4335336120877461,False,SYNTHETIC,synthetic_engineer_v1
RFQ731-000229,G731ST-LT,4,CFG731_a40ab19ad6671fbe,0.9210534817239473,CFG731_cc64ce3eaedacb17,3,0.8353392796826616,False,SYNTHETIC,synthetic_engineer_v1
RFQ731-000230,G731CA,1,CFG731_0738cd529389f266,0.8353391070086617,CFG731_0738cd529389f266,1,0.8353391070086617,True,SYNTHETIC,synthetic_engineer_v1
RFQ731-000231,X731,4,CFG731_78d3b084a795c836,0.3739747721923343,CFG731_8e2d07b105a096f1,4,0.2537538959560402,False,SYNTHETIC,synthetic_engineer_v1
RFQ731-000232,G731ST-HT,4,CFG731_329b582435fea539,0.849624850288376,CFG731_b5710e5f11e2cbc2,3,0.4146195955385356,False,SYNTHETIC,synthetic_engineer_v1
RFQ731-000233,X731,3,CFG731_999fe1a8f2314c11,0.3669898163596873,CFG731_f9b0b8723f7e8c60,3,0.2537538751820402,False,SYNTHETIC,synthetic_engineer_v1
RFQ731-000234,X731,1,CFG731_31c4aded40f9387f,0.38976416375554485,CFG731_31c4aded40f9387f,1,0.38976416375554485,True,SYNTHETIC,synthetic_engineer_v1
RFQ731-000235,G731ST-LT,3,CFG731_d124ccffa669c3a2,0.9368430821741579,CFG731_50a4a25852666336,3,0.3691952118456285,False,SYNTHETIC,synthetic_engineer_v1
RFQ731-000236,G731CA,2,CFG731_691a8f2ff165671d,0.8037598253042406,CFG731_691a8f2ff165671d,1,0.8037598253042406,True,SYNTHETIC,synthetic_engineer_v1
RFQ731-000237,X731,7,CFG731_abcee67081353f16,0.9052632380927369,CFG731_bd00839e452c6958,7,0.2210721471531486,False,SYNTHETIC,synthetic_engineer_v1
RFQ731-000238,X731,4,CFG731_0fbee36816b7af98,0.8654142183905865,CFG731_8153d67c519453a2,4,0.2541222528298638,False,SYNTHETIC,synthetic_engineer_v1
RFQ731-000239,G731ST-LT,2,CFG731_10085782ed0991cf,0.8654137340285866,CFG731_613ed23f00a94a96,2,0.8511282791098722,False,SYNTHETIC,synthetic_engineer_v1
RFQ731-000240,G731ST-LT,1,CFG731_8da1da530d6ae54d,0.881203752822797,CFG731_8da1da530d6ae54d,1,0.881203752822797,True,SYNTHETIC,synthetic_engineer_v1
RFQ731-000241,X731,4,CFG731_abcee67081353f16,0.9210530014209474,CFG731_c821f5044ae6d2ab,3,0.8353393362866616,False,SYNTHETIC,synthetic_engineer_v1
RFQ731-000242,X731,2,CFG731_dbe9c00b3af80524,0.8338350891311654,CFG731_7afa5501026394f9,2,0.8195496174644511,False,SYNTHETIC,synthetic_engineer_v1
RFQ731-000243,X731,1,CFG731_608c0251ef380592,0.9526320877783684,CFG731_608c0251ef380592,1,0.9526320877783684,True,SYNTHETIC,synthetic_engineer_v1
RFQ731-000244,X731,4,CFG731_2be17a56b0589fd1,0.9210530875819474,CFG731_5a14e01af9745dda,3,0.4850238111072415,False,SYNTHETIC,synthetic_engineer_v1
RFQ731-000245,G731CA,2,CFG731_2aca30183aab25a9,0.8037598754132406,CFG731_f235f4dd7693c885,2,0.4554667335773499,False,SYNTHETIC,synthetic_engineer_v1
RFQ731-000246,G731ST-LT,2,CFG731_7882c72c21497015,0.9368427368621579,CFG731_4772bedc40328ae2,2,0.4335337831877461,False,SYNTHETIC,synthetic_engineer_v1
RFQ731-000247,G731ST-HT,4,CFG731_a56f1437a0b4ca31,0.8496240917183759,CFG731_86a2340212c01d2a,3,0.4870454595867709,False,SYNTHETIC,synthetic_engineer_v1
RFQ731-000248,X731,7,CFG731_97796c9ac2811c94,0.8338346970691655,CFG731_25c733523f45b8a2,7,0.22033705205950155,False,SYNTHETIC,synthetic_engineer_v1
RFQ731-000249,X731,4,CFG731_31aa13473958d7d3,0.849624315936376,CFG731_edd62f5541be2bb0,4,0.2250969272840062,False,SYNTHETIC,synthetic_engineer_v1
RFQ731-000250,X731,7,CFG731_c887ba58c35036a9,0.9052635830707368,CFG731_0e3baae8e946721c,6,0.344234707682031,False,SYNTHETIC,synthetic_engineer_v1
RFQ731-000251,X731,4,CFG731_60f3aae8ede70fe0,0.9368429484061579,CFG731_579057193c092394,3,0.5011808033672756,False,SYNTHETIC,synthetic_engineer_v1
RFQ731-000252,X731,5,CFG731_31aa13473958d7d3,0.8338347925381655,CFG731_bb5aee8a4ae4203d,5,0.20894051300597213,False,SYNTHETIC,synthetic_engineer_v1
RFQ731-000253,X731,4,CFG731_ddd1ce28a3456ff6,0.849624729311376,CFG731_3399b9d467bfc71a,4,0.3636999523204768,False,SYNTHETIC,synthetic_engineer_v1
RFQ731-000254,X731,2,CFG731_8d2d91c46ccfb471,0.9526322580643684,CFG731_ff3460f478ef969b,2,0.44932358379395665,False,SYNTHETIC,synthetic_engineer_v1
RFQ731-000255,X731,7,CFG731_a6d4830ed3aa2681,0.9052639724457369,CFG731_1243cfc726284db9,6,0.22107275628614861,False,SYNTHETIC,synthetic_engineer_v1
RFQ731-000256,G731ST-HT,1,CFG731_a56f1437a0b4ca31,0.881203438232797,CFG731_a56f1437a0b4ca31,1,0.881203438232797,True,SYNTHETIC,synthetic_engineer_v1
RFQ731-000257,X731,7,CFG731_3b2a32abbf148ca1,0.9210530257179473,CFG731_f3a077220d123b51,6,0.23686210582835915,False,SYNTHETIC,synthetic_engineer_v1
RFQ731-000258,G731ST-HT,4,CFG731_bbffb73f3dff6787,0.9210529102319474,CFG731_920bf82480de0a61,3,0.8353392387786616,False,SYNTHETIC,synthetic_engineer_v1
RFQ731-000259,X731,2,CFG731_11da8cc369b71f5a,0.881203976669797,CFG731_7630270d2245c283,2,0.39527935093989786,False,SYNTHETIC,synthetic_engineer_v1
RFQ731-000260,X731,3,CFG731_2be17a56b0589fd1,0.936842805260158,CFG731_de5e29fe1f740f3e,3,0.36919517494462845,False,SYNTHETIC,synthetic_engineer_v1
RFQ731-000261,X731,2,CFG731_b757671ab14f2876,0.4989746045773344,CFG731_b757671ab14f2876,1,0.4989746045773344,True,SYNTHETIC,synthetic_engineer_v1
RFQ731-000262,X731,3,CFG731_e08dfad4737be3d9,0.9210534631879473,CFG731_f84558a188ec14c0,2,0.48318513114012385,False,SYNTHETIC,synthetic_engineer_v1
RFQ731-000263,G731ST-LT,1,CFG731_a40ab19ad6671fbe,0.9526323849163684,CFG731_a40ab19ad6671fbe,1,0.9526323849163684,True,SYNTHETIC,synthetic_engineer_v1
RFQ731-000264,X731,13,CFG731_70b38ab75d3ca724,0.8180456525539549,CFG731_567b2aa90592cf41,13,0.2012390415068792,False,SYNTHETIC,synthetic_engineer_v1
RFQ731-000265,G731ST-LT,2,CFG731_996314000fcfec4b,0.9368430437041579,CFG731_455da2f832a6b66d,2,0.8939849707440151,False,SYNTHETIC,synthetic_engineer_v1
RFQ731-000266,X731,3,CFG731_36c553adc9f5ebf3,0.849624791463376,CFG731_da5f98932a1c6afd,3,0.4870457780137709,False,SYNTHETIC,synthetic_engineer_v1
RFQ731-000267,X731,4,CFG731_8d07e19298d09d34,0.8496243776843759,CFG731_a38141e3f47b5259,4,0.35340591545441796,False,SYNTHETIC,synthetic_engineer_v1
RFQ731-000268,X731,4,CFG731_fb1ab4b34e9c8a75,0.8496249796993759,CFG731_d3ce57e5727e1d4a,3,0.36443526902612383,False,SYNTHETIC,synthetic_engineer_v1
RFQ731-000269,X731,2,CFG731_cf543b1c3927ab71,0.9368422788511579,CFG731_4dd88391f253d6d5,2,0.37342343577909903,False,SYNTHETIC,synthetic_engineer_v1
RFQ731-000270,F731WD_DUALCHANNEL,1,CFG731_a4610f5f38e7d946,0.8338348527171655,CFG731_a4610f5f38e7d946,1,0.8338348527171655,True,SYNTHETIC,synthetic_engineer_v1
RFQ731-000271,F731PW,1,CFG731_92efd7a3c43da152,0.8180459039049549,CFG731_92efd7a3c43da152,1,0.8180459039049549,True,SYNTHETIC,synthetic_engineer_v1
RFQ731-000272,X731,1,CFG731_11a99741e1f7cce9,0.849624801281376,CFG731_11a99741e1f7cce9,1,0.849624801281376,True,SYNTHETIC,synthetic_engineer_v1
RFQ731-000273,X731,5,CFG731_32a4bb12438a37ab,0.9210528594739473,CFG731_70576b93aef3bc09,5,0.35230263606894735,False,SYNTHETIC,synthetic_engineer_v1
RFQ731-000274,X731,3,CFG731_c887ba58c35036a9,0.9210529813439473,CFG731_ef2da8cd513b19be,3,0.48502340049924153,False,SYNTHETIC,synthetic_engineer_v1
RFQ731-000275,F731WD_DUALCHANNEL,1,CFG731_a4610f5f38e7d946,0.8338351774391655,CFG731_a4610f5f38e7d946,1,0.8338351774391655,True,SYNTHETIC,synthetic_engineer_v1
RFQ731-000276,G731ST-LT,2,CFG731_8da1da530d6ae54d,0.8654145274715865,CFG731_bd3c08ff576a8cab,2,0.8511284830968722,False,SYNTHETIC,synthetic_engineer_v1
RFQ731-000277,X731,2,CFG731_5e61ce3b60d15e11,0.9526321084413684,CFG731_d6304b0cfae9a548,2,0.38719099039078014,False,SYNTHETIC,synthetic_engineer_v1
RFQ731-000278,X731,2,CFG731_8f470181ad32eeae,0.881203611202797,CFG731_88a813121973f952,2,0.8669179583060826,False,SYNTHETIC,synthetic_engineer_v1
RFQ731-000279,X731,2,CFG731_2be17a56b0589fd1,0.936842367167158,CFG731_353333bad447dbef,2,0.8939851949620151,False,SYNTHETIC,synthetic_engineer_v1
RFQ731-000280,G731ST-HT,4,CFG731_831a7150258499af,0.849624153633376,CFG731_a8031a74f6d1710d,3,0.4870462547637709,False,SYNTHETIC,synthetic_engineer_v1
RFQ731-000281,F731TE,1,CFG731_54559f782190a122,0.8338346482781654,CFG731_54559f782190a122,1,0.8338346482781654,True,SYNTHETIC,synthetic_engineer_v1
RFQ731-000282,X731,4,CFG731_c887ba58c35036a9,0.9210527645369474,CFG731_bfee42801e80594e,3,0.48539107816306504,False,SYNTHETIC,synthetic_engineer_v1
RFQ731-000283,G731ST-LT,2,CFG731_a40ab19ad6671fbe,0.936842167418158,CFG731_bc9146cb8459e9c2,2,0.4335336993267461,False,SYNTHETIC,synthetic_engineer_v1
RFQ731-000284,F731WD_DUALCHANNEL,2,CFG731_5076f1c2c0488d0e,0.7879701678140301,CFG731_5076f1c2c0488d0e,1,0.7879701678140301,True,SYNTHETIC,synthetic_engineer_v1
RFQ731-000285,X731,6,CFG731_da02526d254e2e35,0.9052633073187368,CFG731_31b82ee906484bbd,3,0.469233902194031,False,SYNTHETIC,synthetic_engineer_v1
RFQ731-000286,G731ST-HT,1,CFG731_bbffb73f3dff6787,0.9526324084913684,CFG731_bbffb73f3dff6787,1,0.9526324084913684,True,SYNTHETIC,synthetic_engineer_v1
RFQ731-000287,X731,1,CFG731_c9498cf6f4410d44,0.9210529226709473,CFG731_c9498cf6f4410d44,1,0.9210529226709473,True,SYNTHETIC,synthetic_engineer_v1
RFQ731-000288,G731ST-LT,2,CFG731_10085782ed0991cf,0.8654144703495865,CFG731_395f3e5588a2c3c0,2,0.8654142250605865,False,SYNTHETIC,synthetic_engineer_v1
RFQ731-000289,X731,2,CFG731_ddd1ce28a3456ff6,0.8654140394615866,CFG731_935bc110c01e9e85,2,0.8654140304935866,False,SYNTHETIC,synthetic_engineer_v1
RFQ731-000290,X731,2,CFG731_3b2a32abbf148ca1,0.9526319807683684,CFG731_8c429238b2628537,2,0.44932301001595665,False,SYNTHETIC,synthetic_engineer_v1
RFQ731-000291,F731TE,1,CFG731_3d8c1bbc0ef4249a,0.4712566070735604,CFG731_3d8c1bbc0ef4249a,1,0.4712566070735604,True,SYNTHETIC,synthetic_engineer_v1
RFQ731-000292,X731,1,CFG731_aa082226d44cd876,0.25888236459436836,CFG731_aa082226d44cd876,1,0.25888236459436836,True,SYNTHETIC,synthetic_engineer_v1
RFQ731-000293,X731,1,CFG731_04bb9195f752ca8c,0.48318543532612385,CFG731_04bb9195f752ca8c,1,0.48318543532612385,True,SYNTHETIC,synthetic_engineer_v1
RFQ731-000294,X731,6,CFG731_9a0f0b26c7f24725,0.8496243625133759,CFG731_8b9239fd1c516750,5,0.2361266587487121,False,SYNTHETIC,synthetic_engineer_v1
RFQ731-000295,X731,3,CFG731_36c553adc9f5ebf3,0.849624214901376,CFG731_da5f98932a1c6afd,3,0.4870456078277709,False,SYNTHETIC,synthetic_engineer_v1
RFQ731-000296,X731,4,CFG731_5e61ce3b60d15e11,0.936842468936158,CFG731_67751271582e3c57,3,0.5008130435254521,False,SYNTHETIC,synthetic_engineer_v1
RFQ731-000297,G731CA,1,CFG731_817824ee3a762453,0.8353390510876616,CFG731_817824ee3a762453,1,0.8353390510876616,True,SYNTHETIC,synthetic_engineer_v1
RFQ731-000298,X731,3,CFG731_4346df46838fd57e,0.4989749727493344,CFG731_4138a046f10b4aa8,2,0.37066663002992256,False,SYNTHETIC,synthetic_engineer_v1
RFQ731-000299,G731ST-LT,8,CFG731_d124ccffa669c3a2,0.9052636562747369,CFG731_845802fc60449063,6,0.40195491595532507,False,SYNTHETIC,synthetic_engineer_v1
RFQ731-000300,G731ST-HT,1,CFG731_cc9ac35e4d9a1854,0.9526316812143684,CFG731_cc9ac35e4d9a1854,1,0.9526316812143684,True,SYNTHETIC,synthetic_engineer_v1
RFQ731-000301,X731,2,CFG731_011ca4ba794bd4d6,0.9052638143107369,CFG731_d8843ca5e91f93ae,2,0.4696020226548545,False,SYNTHETIC,synthetic_engineer_v1
RFQ731-000302,F731TE,2,CFG731_b7c1a02b25610507,0.7879706914820301,CFG731_b7c1a02b25610507,1,0.7879706914820301,True,SYNTHETIC,synthetic_engineer_v1
RFQ731-000303,X731,2,CFG731_5e61ce3b60d15e11,0.9526321391063683,CFG731_8216171cc39f78aa,2,0.4493234641849566,False,SYNTHETIC,synthetic_engineer_v1
RFQ731-000304,G731ST-HT,12,CFG731_8b18ac1c34209d63,0.9052641210827369,CFG731_fab0d81b6a0ca4e0,10,0.34055729835479565,False,SYNTHETIC,synthetic_engineer_v1
RFQ731-000305,X731,5,CFG731_0db950a4979d2c52,0.9210533115609474,CFG731_f030e97d69c5c359,3,0.4850240998062415,False,SYNTHETIC,synthetic_engineer_v1
RFQ731-000306,G731ST-HT,2,CFG731_63eca10a00ae1f5d,0.9368429521931579,CFG731_a288340143e53b7f,2,0.8939854334120151,False,SYNTHETIC,synthetic_engineer_v1
RFQ731-000307,F731WD_SINGLECHANNEL,1,CFG731_11c93eca01984a14,0.4712567711875604,CFG731_11c93eca01984a14,1,0.4712567711875604,True,SYNTHETIC,synthetic_engineer_v1
RFQ731-000308,G731ST-LT,3,CFG731_0fdf5c36c9c41e69,0.8654144189105866,CFG731_903051672b581bab,3,0.37636461314768727,False,SYNTHETIC,synthetic_engineer_v1
RFQ731-000309,G731ST-HT,1,CFG731_4aa7d46b9cfa7d7b,0.9526316080043684,CFG731_4aa7d46b9cfa7d7b,1,0.9526316080043684,True,SYNTHETIC,synthetic_engineer_v1
RFQ731-000310,G731ST-LT,2,CFG731_32b4b1ec4513af66,0.8654137188405865,CFG731_fbf2539ea471ea5b,2,0.37507788866680497,False,SYNTHETIC,synthetic_engineer_v1
RFQ731-000311,X731,3,CFG731_e08dfad4737be3d9,0.936842357421158,CFG731_f1291711f7901d90,3,0.24823985210168728,False,SYNTHETIC,synthetic_engineer_v1
RFQ731-000312,X731,7,CFG731_bcec8ceac2dbcc79,0.8338355682581655,CFG731_75b377161674dea1,7,0.2210725925901486,False,SYNTHETIC,synthetic_engineer_v1
RFQ731-000313,G731ST-HT,2,CFG731_a56f1437a0b4ca31,0.8654140253785865,CFG731_646d8903da63e1f0,2,0.8654136359705865,False,SYNTHETIC,synthetic_engineer_v1
RFQ731-000314,X731,1,CFG731_a4339f07d181d686,0.2651317390633684,CFG731_a4339f07d181d686,1,0.2651317390633684,True,SYNTHETIC,synthetic_engineer_v1
RFQ731-000315,X731,2,CFG731_4297d68b978dc0d5,0.19204789671829098,CFG731_7bb3a18bcb60bab4,2,0.19204787524329098,False,SYNTHETIC,synthetic_engineer_v1
RFQ731-000316,G731CA,2,CFG731_acbf4c45af55caad,0.8037602425722405,CFG731_e85a7fcdd0521e90,2,0.45546641505434987,False,SYNTHETIC,synthetic_engineer_v1
RFQ731-000317,G731ST-LT,8,CFG731_d124ccffa669c3a2,0.9052633224087369,CFG731_845802fc60449063,7,0.40195456621732506,False,SYNTHETIC,synthetic_engineer_v1
RFQ731-000318,X731,4,CFG731_1cbb464ec15ba84f,0.3611265703557121,CFG731_6204dd6ea742eb13,4,0.23355346342594738,False,SYNTHETIC,synthetic_engineer_v1
RFQ731-000319,X731,8,CFG731_2be17a56b0589fd1,0.9052635512307369,CFG731_f0818b6e9953d652,8,0.22254349748744273,False,SYNTHETIC,synthetic_engineer_v1
RFQ731-000320,G731ST-HT,4,CFG731_7b2f69a7ca55041b,0.9210529420029473,CFG731_288e4c99b4e02895,3,0.8353385370856616,False,SYNTHETIC,synthetic_engineer_v1
RFQ731-000321,X731,6,CFG731_f87794e7a98d0b11,0.9210532106059474,CFG731_192157d53112de14,2,0.4850234970352415,False,SYNTHETIC,synthetic_engineer_v1
RFQ731-000322,X731,11,CFG731_e08dfad4737be3d9,0.9052639605477368,CFG731_d0bd848c8f934b33,11,0.2122489887203839,False,SYNTHETIC,synthetic_engineer_v1
RFQ731-000323,F731PW,1,CFG731_327bfa077bbbd45e,0.3830400524471146,CFG731_327bfa077bbbd45e,1,0.3830400524471146,True,SYNTHETIC,synthetic_engineer_v1
RFQ731-000324,G731ST-LT,2,CFG731_e0009be417f51ccd,0.9368424225871579,CFG731_8b6ed3cfa9ed1e59,2,0.4335333290627461,False,SYNTHETIC,synthetic_engineer_v1
RFQ731-000325,F731WD_SINGLECHANNEL,1,CFG731_11c93eca01984a14,0.4712560141375604,CFG731_11c93eca01984a14,1,0.4712560141375604,True,SYNTHETIC,synthetic_engineer_v1
RFQ731-000326,G731ST-LT,10,CFG731_7f5bfa7b21e81359,0.9052640561757369,CFG731_e67173c88f9460f6,5,0.4686823042427957,False,SYNTHETIC,synthetic_engineer_v1
RFQ731-000327,X731,12,CFG731_608c0251ef380592,0.8894745576745263,CFG731_576db798689c655c,12,0.20123909379487923,False,SYNTHETIC,synthetic_engineer_v1
RFQ731-000328,X731,1,CFG731_a92ad5294d9187e9,0.9210528680539474,CFG731_a92ad5294d9187e9,1,0.9210528680539474,True,SYNTHETIC,synthetic_engineer_v1
RFQ731-000329,X731,8,CFG731_62d0f0f6bab9bdcb,0.9052639688037368,CFG731_6be2d8f04f4b5682,8,0.4019546363903251,False,SYNTHETIC,synthetic_engineer_v1
RFQ731-000330,G731ST-HT,2,CFG731_8b18ac1c34209d63,0.9368424299241579,CFG731_80619ff0be976225,2,0.8939856000520151,False,SYNTHETIC,synthetic_engineer_v1
RFQ731-000331,X731,3,CFG731_c887ba58c35036a9,0.9210527450129473,CFG731_ef2da8cd513b19be,3,0.4850234510362415,False,SYNTHETIC,synthetic_engineer_v1
RFQ731-000332,X731,4,CFG731_c887ba58c35036a9,0.9210529866449474,CFG731_5feb84333ab424ba,2,0.8496243396833759,False,SYNTHETIC,synthetic_engineer_v1
RFQ731-000333,X731,2,CFG731_62d0f0f6bab9bdcb,0.936842935952158,CFG731_9fcbeaf9d5010d3a,2,0.4335337237997461,False,SYNTHETIC,synthetic_engineer_v1
RFQ731-000334,X731,4,CFG731_cf543b1c3927ab71,0.9210535902499474,CFG731_624f3002b3cf1e19,4,0.35230301653594737,False,SYNTHETIC,synthetic_engineer_v1
RFQ731-000335,G731ST-LT,2,CFG731_7f5bfa7b21e81359,0.9368426659791579,CFG731_49cd4cbef1081333,2,0.4335334830207461,False,SYNTHETIC,synthetic_engineer_v1
RFQ731-000336,G731ST-LT,4,CFG731_715a3d3226cbaffd,0.9210533941249474,CFG731_2a738780f0517f67,3,0.3515680911443003,False,SYNTHETIC,synthetic_engineer_v1
RFQ731-000337,X731,4,CFG731_97796c9ac2811c94,0.8338351745731655,CFG731_f287b32480efae51,4,0.22033728290550156,False,SYNTHETIC,synthetic_engineer_v1
RFQ731-000338,X731,3,CFG731_fb16e30f5bbb87f2,0.8353391018766616,CFG731_214b769209164299,2,0.3644356056561239,False,SYNTHETIC,synthetic_engineer_v1
RFQ731-000339,X731,1,CFG731_5cfa203ca7029f1c,0.38976406932154484,CFG731_5cfa203ca7029f1c,1,0.38976406932154484,True,SYNTHETIC,synthetic_engineer_v1
RFQ731-000340,X731,1,CFG731_5cfa203ca7029f1c,0.38976398612154484,CFG731_5cfa203ca7029f1c,1,0.38976398612154484,True,SYNTHETIC,synthetic_engineer_v1
RFQ731-000341,X731,4,CFG731_2692d4e8945eb6ee,0.48318516580912385,CFG731_2692d4e8945eb6ee,1,0.48318516580912385,True,SYNTHETIC,synthetic_engineer_v1
RFQ731-000342,X731,2,CFG731_fb1ab4b34e9c8a75,0.8654143868255866,CFG731_5d42a8deb0fcb3d7,2,0.8654136554075865,False,SYNTHETIC,synthetic_engineer_v1
RFQ731-000343,X731,5,CFG731_c39096767a7ae083,0.9210535029819473,CFG731_7187559e0dc892c4,2,0.48318588080612385,False,SYNTHETIC,synthetic_engineer_v1
RFQ731-000344,G731CA,2,CFG731_c7ca2f069d01e42d,0.8037596225502406,CFG731_afa90db347a19822,2,0.31888576604640867,False,SYNTHETIC,synthetic_engineer_v1
RFQ731-000345,G731ST-LT,4,CFG731_a40ab19ad6671fbe,0.9210528212049474,CFG731_e1516ef53069d5e2,3,0.485391513792065,False,SYNTHETIC,synthetic_engineer_v1
RFQ731-000346,G731CA,2,CFG731_98ec9650b5463fd0,0.8037594491702406,CFG731_98ec9650b5463fd0,1,0.8037594491702406,True,SYNTHETIC,synthetic_engineer_v1
RFQ731-000347,G731ST-HT,2,CFG731_cc9ac35e4d9a1854,0.9368426905161579,CFG731_eb70dc35972dc4b7,2,0.8939850826000151,False,SYNTHETIC,synthetic_engineer_v1
RFQ731-000348,X731,8,CFG731_5e61ce3b60d15e11,0.9210534676419474,CFG731_48aa9a27f24794bc,8,0.4177439706555356,False,SYNTHETIC,synthetic_engineer_v1
RFQ731-000349,G731CA,1,CFG731_edf13ed38a4b54de,0.8353388680946616,CFG731_edf13ed38a4b54de,1,0.8353388680946616,True,SYNTHETIC,synthetic_engineer_v1
RFQ731-000350,X731,7,CFG731_5dd42015f6f61801,0.9210528209609473,CFG731_90dc5a2ccc9e8c22,6,0.3600242056242415,False,SYNTHETIC,synthetic_engineer_v1
RFQ731-000351,G731ST-LT,1,CFG731_10085782ed0991cf,0.881203197190797,CFG731_10085782ed0991cf,1,0.881203197190797,True,SYNTHETIC,synthetic_engineer_v1
RFQ731-000352,G731ST-LT,4,CFG731_77dd17c48f15826c,0.849624567882376,CFG731_938851275519b7cb,3,0.4146191033065356,False,SYNTHETIC,synthetic_engineer_v1
RFQ731-000353,X731,6,CFG731_6e096e946540ab4e,0.8496247964653759,CFG731_6751dd4d3a36fdfa,6,0.23539089440906505,False,SYNTHETIC,synthetic_engineer_v1
RFQ731-000354,X731,2,CFG731_516629085c122a4e,0.9368423152201579,CFG731_fe9a409c6b2ba9cc,2,0.4335339349577461,False,SYNTHETIC,synthetic_engineer_v1
RFQ731-000355,G731ST-HT,4,CFG731_4aa7d46b9cfa7d7b,0.9210535703689473,CFG731_ff04d32ca467d2a5,4,0.3576341111678885,False,SYNTHETIC,synthetic_engineer_v1
RFQ731-000356,G731CA,2,CFG731_5bfe9492c76587ec,0.4554668148303499,CFG731_9cc92f888af32c8a,2,0.44627564797276165,False,SYNTHETIC,synthetic_engineer_v1
RFQ731-000357,G731ST-HT,4,CFG731_4aa7d46b9cfa7d7b,0.9210529544279473,CFG731_ff04d32ca467d2a5,3,0.3576343842178885,False,SYNTHETIC,synthetic_engineer_v1
RFQ731-000358,X731,8,CFG731_cf543b1c3927ab71,0.9052633588897369,CFG731_086fcc478b89cea3,8,0.22254314781244272,False,SYNTHETIC,synthetic_engineer_v1
RFQ731-000359,F731PW,1,CFG731_956456fc074ebc5a,0.8180457344769549,CFG731_956456fc074ebc5a,1,0.8180457344769549,True,SYNTHETIC,synthetic_engineer_v1
RFQ731-000360,X731,1,CFG731_9a5bfa9148a9b604,0.9210529164939474,CFG731_9a5bfa9148a9b604,1,0.9210529164939474,True,SYNTHETIC,synthetic_engineer_v1
RFQ731-000361,X731,1,CFG731_162b59c5f8cf5a72,0.365905806023418,CFG731_162b59c5f8cf5a72,1,0.365905806023418,True,SYNTHETIC,synthetic_engineer_v1
RFQ731-000362,X731,3,CFG731_e08dfad4737be3d9,0.9210533577649473,CFG731_f84558a188ec14c0,2,0.48318592190912385,False,SYNTHETIC,synthetic_engineer_v1
RFQ731-000363,X731,2,CFG731_516629085c122a4e,0.936842982585158,CFG731_fe9a409c6b2ba9cc,2,0.4335337550227461,False,SYNTHETIC,synthetic_engineer_v1
RFQ731-000364,X731,1,CFG731_219ac3d01befd6d1,0.9526319215763683,CFG731_219ac3d01befd6d1,1,0.9526319215763683,True,SYNTHETIC,synthetic_engineer_v1
RFQ731-000365,X731,4,CFG731_91e51485b56960b2,0.9368427654301579,CFG731_b83ac25dbd4e47ee,2,0.8654141539255865,False,SYNTHETIC,synthetic_engineer_v1
RFQ731-000366,F731WD_DUALCHANNEL,1,CFG731_819cb4e76943eca6,0.8195497598194511,CFG731_819cb4e76943eca6,1,0.8195497598194511,True,SYNTHETIC,synthetic_engineer_v1
RFQ731-000367,X731,13,CFG731_e08dfad4737be3d9,0.9052637715547369,CFG731_05cddc1cd5eab9c6,13,0.2122486308863839,False,SYNTHETIC,synthetic_engineer_v1
RFQ731-000368,X731,2,CFG731_516629085c122a4e,0.9368422495611579,CFG731_c7c53fc5541f1dc1,2,0.8939850471800151,False,SYNTHETIC,synthetic_engineer_v1
RFQ731-000369,F731WD_DUALCHANNEL,2,CFG731_819cb4e76943eca6,0.8037599777072406,CFG731_c37386a371e13fa8,2,0.4554668504463499,False,SYNTHETIC,synthetic_engineer_v1
RFQ731-000370,G731ST-LT,4,CFG731_d124ccffa669c3a2,0.9210528692149473,CFG731_6e088ee30195b6c4,3,0.48539107240106505,False,SYNTHETIC,synthetic_engineer_v1
RFQ731-000371,X731,5,CFG731_b7e96d5717c40fd6,0.9210531234529473,CFG731_0e65994bfbb04e39,5,0.23539120690606505,False,SYNTHETIC,synthetic_engineer_v1
RFQ731-000372,G731ST-HT,4,CFG731_076cad91966d4c34,0.8496243815553759,CFG731_b3ed2928d6d65710,3,0.4870462217677709,False,SYNTHETIC,synthetic_engineer_v1
RFQ731-000373,G731CA,1,CFG731_757fbd3e8915b462,0.8353393000806616,CFG731_757fbd3e8915b462,1,0.8353393000806616,True,SYNTHETIC,synthetic_engineer_v1
RFQ731-000374,X731,4,CFG731_c887ba58c35036a9,0.9210533641229474,CFG731_fa063863b8688588,3,0.4850236697582415,False,SYNTHETIC,synthetic_engineer_v1
RFQ731-000375,X731,1,CFG731_7a885e8a3e0ce8ad,0.3512006468644768,CFG731_7a885e8a3e0ce8ad,1,0.3512006468644768,True,SYNTHETIC,synthetic_engineer_v1
RFQ731-000376,X731,1,CFG731_45106eaed87837a4,0.48318523483912384,CFG731_45106eaed87837a4,1,0.48318523483912384,True,SYNTHETIC,synthetic_engineer_v1
RFQ731-000377,X731,6,CFG731_0db950a4979d2c52,0.936842762877158,CFG731_ecb8a8742e9204c7,6,0.244563184902452,False,SYNTHETIC,synthetic_engineer_v1
RFQ731-000378,G731VG,1,CFG731_6a47b38d62a9fed3,0.8511280076458722,CFG731_6a47b38d62a9fed3,1,0.8511280076458722,True,SYNTHETIC,synthetic_engineer_v1
RFQ731-000379,F731WD_SINGLECHANNEL,1,CFG731_70b6eaf9262ca4d0,0.8195491261664511,CFG731_70b6eaf9262ca4d0,1,0.8195491261664511,True,SYNTHETIC,synthetic_engineer_v1
RFQ731-000380,G731CA,1,CFG731_2aca30183aab25a9,0.8353389011566617,CFG731_2aca30183aab25a9,1,0.8353389011566617,True,SYNTHETIC,synthetic_engineer_v1
RFQ731-000381,X731,4,CFG731_d40b624cb7b84a81,0.849624379700376,CFG731_bd855923d3e893b6,4,0.23539133124006503,False,SYNTHETIC,synthetic_engineer_v1
RFQ731-000382,G731ST-LT,2,CFG731_715a3d3226cbaffd,0.9368421196271579,CFG731_d5af433b36265df1,2,0.8939859014310151,False,SYNTHETIC,synthetic_engineer_v1
RFQ731-000383,G731ST-HT,8,CFG731_cc9ac35e4d9a1854,0.9052633088067369,CFG731_baab4a7f51aced1f,8,0.4019546385383251,False,SYNTHETIC,synthetic_engineer_v1
RFQ731-000384,G731ST-LT,4,CFG731_0fdf5c36c9c41e69,0.849624140482376,CFG731_671960d0fb04b698,3,0.4870456895717709,False,SYNTHETIC,synthetic_engineer_v1
RFQ731-000385,F731TE,1,CFG731_874928f24c55285e,0.3346754438656192,CFG731_874928f24c55285e,1,0.3346754438656192,True,SYNTHETIC,synthetic_engineer_v1
RFQ731-000386,X731,4,CFG731_f97e51d1da57d99f,0.8496240815123759,CFG731_18e687233239e907,3,0.4146197558705356,False,SYNTHETIC,synthetic_engineer_v1
RFQ731-000387,X731,6,CFG731_608c0251ef380592,0.9052638881617369,CFG731_736953a253ffd341,5,0.344233753621031,False,SYNTHETIC,synthetic_engineer_v1
RFQ731-000388,X731,3,CFG731_8f470181ad32eeae,0.8654140962835866,CFG731_8366eceddaf01e58,3,0.36846019418498144,False,SYNTHETIC,synthetic_engineer_v1
RFQ731-000389,X731,11,CFG731_c39096767a7ae083,0.9052634141177369,CFG731_34bf8aa6c521cef0,11,0.2196021974328545,False,SYNTHETIC,synthetic_engineer_v1
RFQ731-000390,G731ST-HT,4,CFG731_076cad91966d4c34,0.849624517342376,CFG731_c52b9598a8210777,4,0.35928844114259445,False,SYNTHETIC,synthetic_engineer_v1
RFQ731-000391,G731ST-HT,4,CFG731_63eca10a00ae1f5d,0.9210531021389473,CFG731_a4416ae9d698efa6,3,0.48539184287206505,False,SYNTHETIC,synthetic_engineer_v1
RFQ731-000392,F731PW,1,CFG731_7785b2914ebb6eaf,0.8180454010129549,CFG731_7785b2914ebb6eaf,1,0.8180454010129549,True,SYNTHETIC,synthetic_engineer_v1
RFQ731-000393,X731,3,CFG731_c39096767a7ae083,0.9368428733221579,CFG731_2009b1ab4cbc0ffb,3,0.5008134109204521,False,SYNTHETIC,synthetic_engineer_v1
RFQ731-000394,X731,3,CFG731_32a4bb12438a37ab,0.9368426487781579,CFG731_2e60fd0380ec7150,3,0.37342375854909904,False,SYNTHETIC,synthetic_engineer_v1
RFQ731-000395,X731,8,CFG731_241d60e6ef5278be,0.8180460010659549,CFG731_af36a6c70f11950b,8,0.20123880340787922,False,SYNTHETIC,synthetic_engineer_v1
RFQ731-000396,F731TE,2,CFG731_31d150421c4341a3,0.7879703513610301,CFG731_31d150421c4341a3,1,0.7879703513610301,True,SYNTHETIC,synthetic_engineer_v1
RFQ731-000397,X731,7,CFG731_2be17a56b0589fd1,0.9052636082837369,CFG731_0ef26d136a7182e8,5,0.40195503995232507,False,SYNTHETIC,synthetic_engineer_v1
RFQ731-000398,G731VG,1,CFG731_7f63e10e4938ed7a,0.8511284410268721,CFG731_7f63e10e4938ed7a,1,0.8511284410268721,True,SYNTHETIC,synthetic_engineer_v1
RFQ731-000399,X731,6,CFG731_8d2d91c46ccfb471,0.9210533431569473,CFG731_df5f598a914fb1cc,4,0.4177445008155356,False,SYNTHETIC,synthetic_engineer_v1
RFQ731-000400,X731,4,CFG731_8eb1a4c3831aebc6,0.8496246251523759,CFG731_fd10dd35c97df399,4,0.35763368761388853,False,SYNTHETIC,synthetic_engineer_v1
RFQ731-000401,X731,2,CFG731_8d2c10e2688ee31d,0.36809294489015787,CFG731_31b475abe3d16a99,2,0.24934292789815787,False,SYNTHETIC,synthetic_engineer_v1
RFQ731-000402,F731WD_SINGLECHANNEL,1,CFG731_11c93eca01984a14,0.4712560779775604,CFG731_11c93eca01984a14,1,0.4712560779775604,True,SYNTHETIC,synthetic_engineer_v1
RFQ731-000403,G731CA,2,CFG731_dc8a3bad7d99b8ea,0.8037600091592405,CFG731_dc8a3bad7d99b8ea,1,0.8037600091592405,True,SYNTHETIC,synthetic_engineer_v1
RFQ731-000404,X731,3,CFG731_e80085d86d0bbfa9,0.8654139785385865,CFG731_6526112621a9ee97,3,0.38022491067833436,False,SYNTHETIC,synthetic_engineer_v1
RFQ731-000405,X731,7,CFG731_cf543b1c3927ab71,0.9052632480097369,CFG731_235ee3a364b5b6ec,7,0.20820449312332506,False,SYNTHETIC,synthetic_engineer_v1
RFQ731-000406,X731,5,CFG731_6e096e946540ab4e,0.849624335365376,CFG731_256f254632c47939,4,0.23833296305865326,False,SYNTHETIC,synthetic_engineer_v1
RFQ731-000407,G731CA,2,CFG731_16b53411ff7f6c9b,0.3188863864274087,CFG731_4af82641f975d9aa,2,0.3161288948902322,False,SYNTHETIC,synthetic_engineer_v1
RFQ731-000408,X731,1,CFG731_162b59c5f8cf5a72,0.36590631505441795,CFG731_162b59c5f8cf5a72,1,0.36590631505441795,True,SYNTHETIC,synthetic_engineer_v1
RFQ731-000409,X731,2,CFG731_5dd42015f6f61801,0.9526320674363684,CFG731_65da22cd215fbcf6,2,0.4493237073579566,False,SYNTHETIC,synthetic_engineer_v1
RFQ731-000410,X731,3,CFG731_89772de94df83ba5,0.8496248371063759,CFG731_6ad3ec8ed100118e,3,0.4146191766285356,False,SYNTHETIC,synthetic_engineer_v1
RFQ731-000411,X731,2,CFG731_fb1ab4b34e9c8a75,0.8654142097965866,CFG731_509cb555eca833a1,2,0.8511282138608722,False,SYNTHETIC,synthetic_engineer_v1
RFQ731-000412,X731,1,CFG731_8d07e19298d09d34,0.881203229119797,CFG731_8d07e19298d09d34,1,0.881203229119797,True,SYNTHETIC,synthetic_engineer_v1
RFQ731-000413,X731,4,CFG731_8d07e19298d09d34,0.8496249331143759,CFG731_66527c2cd3f93f64,3,0.3644353274741238,False,SYNTHETIC,synthetic_engineer_v1
RFQ731-000414,X731,1,CFG731_0c05dd0ad4f3894a,0.2695435211382507,CFG731_0c05dd0ad4f3894a,1,0.2695435211382507,True,SYNTHETIC,synthetic_engineer_v1
RFQ731-000415,X731,1,CFG731_62d0f0f6bab9bdcb,0.9526317237953684,CFG731_62d0f0f6bab9bdcb,1,0.9526317237953684,True,SYNTHETIC,synthetic_engineer_v1
RFQ731-000416,X731,5,CFG731_c39096767a7ae083,0.9210529610579473,CFG731_ef02695e374fc418,2,0.48502420971424154,False,SYNTHETIC,synthetic_engineer_v1
RFQ731-000417,G731CA,2,CFG731_d2a75fda6f761c1b,0.4554671955993499,CFG731_24b3128196e55c23,2,0.45546644308434986,False,SYNTHETIC,synthetic_engineer_v1
RFQ731-000418,F731TE,2,CFG731_b27467571d893d92,0.7879704645790301,CFG731_b27467571d893d92,1,0.7879704645790301,True,SYNTHETIC,synthetic_engineer_v1
RFQ731-000419,X731,2,CFG731_8d2d91c46ccfb471,0.9526323340553684,CFG731_acd18bc8a73cfdde,2,0.4493237311189566,False,SYNTHETIC,synthetic_engineer_v1
RFQ731-000420,X731,1,CFG731_c9829182065e0285,0.9210534198869473,CFG731_c9829182065e0285,1,0.9210534198869473,True,SYNTHETIC,synthetic_engineer_v1
RFQ731-000421,G731ST-HT,8,CFG731_bbffb73f3dff6787,0.9052634345377368,CFG731_403f51b2e914043b,8,0.4019544299413251,False,SYNTHETIC,synthetic_engineer_v1
RFQ731-000422,X731,6,CFG731_5dd42015f6f61801,0.9210528293319473,CFG731_cf0d36d335e0ac93,3,0.48318533951612386,False,SYNTHETIC,synthetic_engineer_v1
RFQ731-000423,X731,1,CFG731_241d60e6ef5278be,0.881203099663797,CFG731_241d60e6ef5278be,1,0.881203099663797,True,SYNTHETIC,synthetic_engineer_v1
RFQ731-000424,X731,2,CFG731_f87794e7a98d0b11,0.9526325738753684,CFG731_962b6fcde3072947,2,0.39197016706848603,False,SYNTHETIC,synthetic_engineer_v1
RFQ731-000425,X731,4,CFG731_8d2d91c46ccfb471,0.9368422900761579,CFG731_22fecf5bb26e1132,3,0.5011803740362756,False,SYNTHETIC,synthetic_engineer_v1
RFQ731-000426,G731ST-HT,4,CFG731_cc9ac35e4d9a1854,0.9210529352659473,CFG731_7f0b42d2b9f7fcc2,3,0.8353387575646616,False,SYNTHETIC,synthetic_engineer_v1
RFQ731-000427,F731WD_SINGLECHANNEL,2,CFG731_a7d2a5a9ae465701,0.7879702174530301,CFG731_ee8e327bbb737abf,2,0.7879701600630301,False,SYNTHETIC,synthetic_engineer_v1
RFQ731-000428,G731ST-HT,4,CFG731_2a989bd6dba74d9f,0.8496242070733759,CFG731_b7a7770d19b6f648,3,0.4870453746727709,False,SYNTHETIC,synthetic_engineer_v1
RFQ731-000429,X731,2,CFG731_d9234c84a58b99ae,0.48318526342712387,CFG731_cb2e63f823697ceb,2,0.23796453006982973,False,SYNTHETIC,synthetic_engineer_v1
RFQ731-000430,G731CA,1,CFG731_1dfb5999b1debe3a,0.35046446525082975,CFG731_1dfb5999b1debe3a,1,0.35046446525082975,True,SYNTHETIC,synthetic_engineer_v1
RFQ731-000431,X731,2,CFG731_608c0251ef380592,0.9368429339631579,CFG731_091f946b84ae26df,2,0.3714014311555696,False,SYNTHETIC,synthetic_engineer_v1
RFQ731-000432,G731ST-LT,3,CFG731_0fdf5c36c9c41e69,0.8654143223085865,CFG731_903051672b581bab,3,0.3763650988666873,False,SYNTHETIC,synthetic_engineer_v1
RFQ731-000433,X731,2,CFG731_c39096767a7ae083,0.9526321898913683,CFG731_a9a1b4f80067a4f8,2,0.391970534576486,False,SYNTHETIC,synthetic_engineer_v1
RFQ731-000434,G731ST-HT,1,CFG731_8b18ac1c34209d63,0.9526318372053684,CFG731_8b18ac1c34209d63,1,0.9526318372053684,True,SYNTHETIC,synthetic_engineer_v1
RFQ731-000435,X731,3,CFG731_91e51485b56960b2,0.9368423077141579,CFG731_ab67f4ca670c9841,2,0.500813045655452,False,SYNTHETIC,synthetic_engineer_v1
RFQ731-000436,G731ST-LT,1,CFG731_7203705eed387b0a,0.881203161282797,CFG731_7203705eed387b0a,1,0.881203161282797,True,SYNTHETIC,synthetic_engineer_v1
RFQ731-000437,X731,6,CFG731_0fbee36816b7af98,0.8496246337593759,CFG731_9e4e2d60f553c3c1,6,0.23612713935571208,False,SYNTHETIC,synthetic_engineer_v1
RFQ731-000438,F731PW,1,CFG731_a9f22ebc14287e5d,0.8180453334559549,CFG731_a9f22ebc14287e5d,1,0.8180453334559549,True,SYNTHETIC,synthetic_engineer_v1
RFQ731-000439,X731,2,CFG731_11da8cc369b71f5a,0.881203432895797,CFG731_7630270d2245c283,2,0.39527939010389784,False,SYNTHETIC,synthetic_engineer_v1
RFQ731-000440,X731,4,CFG731_8eb1a4c3831aebc6,0.849624912063376,CFG731_fd10dd35c97df399,3,0.35763446084988854,False,SYNTHETIC,synthetic_engineer_v1
RFQ731-000441,G731ST-HT,4,CFG731_8b18ac1c34209d63,0.9210531669339473,CFG731_d44e54f35ee15977,3,0.8353392542046616,False,SYNTHETIC,synthetic_engineer_v1
RFQ731-000442,X731,4,CFG731_abcee67081353f16,0.9210531438789473,CFG731_ebf26b0112810ef9,2,0.849624454464376,False,SYNTHETIC,synthetic_engineer_v1
RFQ731-000443,G731CA,2,CFG731_817824ee3a762453,0.8037597576762405,CFG731_2cb814ee06486282,2,0.4554670634043499,False,SYNTHETIC,synthetic_engineer_v1
RFQ731-000444,G731ST-LT,10,CFG731_e0009be417f51ccd,0.9052636702997369,CFG731_77fac91021549398,5,0.4686825415287957,False,SYNTHETIC,synthetic_engineer_v1
RFQ731-000445,X731,4,CFG731_60f3aae8ede70fe0,0.936842478562158,CFG731_a4e34b496fb393e8,4,0.2541215748728638,False,SYNTHETIC,synthetic_engineer_v1
RFQ731-000446,X731,5,CFG731_0db950a4979d2c52,0.9210533819359473,CFG731_a4038243bb1e609e,3,0.48502322025224154,False,SYNTHETIC,synthetic_engineer_v1
RFQ731-000447,X731,4,CFG731_5d42a8deb0fcb3d7,0.8496246338953759,CFG731_bac2c72e10051b21,3,0.3637004620034768,False,SYNTHETIC,synthetic_engineer_v1
RFQ731-000448,X731,2,CFG731_ddd1ce28a3456ff6,0.8654141179955865,CFG731_e8f6cbe0006a0957,2,0.375078241640805,False,SYNTHETIC,synthetic_engineer_v1
RFQ731-000449,X731,7,CFG731_ddd1ce28a3456ff6,0.8338352260051655,CFG731_6ba028da3bba9c41,7,0.21702822733708976,False,SYNTHETIC,synthetic_engineer_v1
RFQ731-000450,F731TE,1,CFG731_3d8c1bbc0ef4249a,0.4712563579825604,CFG731_3d8c1bbc0ef4249a,1,0.4712563579825604,True,SYNTHETIC,synthetic_engineer_v1
RFQ731-000451,X731,4,CFG731_8d2d91c46ccfb471,0.9368425536591579,CFG731_22fecf5bb26e1132,3,0.5011810450312756,False,SYNTHETIC,synthetic_engineer_v1
RFQ731-000452,F731WD_SINGLECHANNEL,1,CFG731_70b6eaf9262ca4d0,0.8195491200444511,CFG731_70b6eaf9262ca4d0,1,0.8195491200444511,True,SYNTHETIC,synthetic_engineer_v1
RFQ731-000453,G731ST-HT,4,CFG731_cc9ac35e4d9a1854,0.9210532588839473,CFG731_7f0b42d2b9f7fcc2,3,0.8353387066506616,False,SYNTHETIC,synthetic_engineer_v1
RFQ731-000454,F731WD_SINGLECHANNEL,1,CFG731_9a761e6bfde35917,0.39680728354479566,CFG731_9a761e6bfde35917,1,0.39680728354479566,True,SYNTHETIC,synthetic_engineer_v1
RFQ731-000455,X731,2,CFG731_32b1041fd68aac23,0.8654143457655865,CFG731_3611bb1fba248e38,2,0.8511284472868722,False,SYNTHETIC,synthetic_engineer_v1
RFQ731-000456,F731PW,1,CFG731_92efd7a3c43da152,0.8180454036399549,CFG731_92efd7a3c43da152,1,0.8180454036399549,True,SYNTHETIC,synthetic_engineer_v1
RFQ731-000457,X731,2,CFG731_073f991a6c9a4683,0.3838821463033684,CFG731_cf57963000260b1d,2,0.26954391024625074,False,SYNTHETIC,synthetic_engineer_v1
RFQ731-000458,X731,2,CFG731_04d60387371e1885,0.38976452969854486,CFG731_04d60387371e1885,1,0.38976452969854486,True,SYNTHETIC,synthetic_engineer_v1
RFQ731-000459,G731CA,1,CFG731_164591062a2b3589,0.8353385770266616,CFG731_164591062a2b3589,1,0.8353385770266616,True,SYNTHETIC,synthetic_engineer_v1
RFQ731-000460,X731,4,CFG731_78d3b084a795c836,0.3581852638321238,CFG731_d0927fe178fd9279,3,0.23833273932965326,False,SYNTHETIC,synthetic_engineer_v1
RFQ731-000461,X731,4,CFG731_5dd42015f6f61801,0.9368426115961579,CFG731_450eff458b4fe00f,4,0.5002614891252168,False,SYNTHETIC,synthetic_engineer_v1
RFQ731-000462,G731ST-LT,3,CFG731_d124ccffa669c3a2,0.9368430111331579,CFG731_50a4a25852666336,3,0.3691960217026285,False,SYNTHETIC,synthetic_engineer_v1
RFQ731-000463,G731ST-LT,12,CFG731_8da1da530d6ae54d,0.8338352219181655,CFG731_1feda2f4109d616a,12,0.21868290328379564,False,SYNTHETIC,synthetic_engineer_v1
RFQ731-000464,G731ST-LT,2,CFG731_996314000fcfec4b,0.9368422804001579,CFG731_22da0d6030817265,2,0.4335336459887461,False,SYNTHETIC,synthetic_engineer_v1
RFQ731-000465,F731TE,1,CFG731_5164655533c6a8d0,0.8338350200471655,CFG731_5164655533c6a8d0,1,0.8338350200471655,True,SYNTHETIC,synthetic_engineer_v1
RFQ731-000466,X731,2,CFG731_62d0f0f6bab9bdcb,0.9368424370491579,CFG731_337790e6bbcf15f4,2,0.8939852178260151,False,SYNTHETIC,synthetic_engineer_v1
RFQ731-000467,X731,1,CFG731_db983e07a279051a,0.9210528374619473,CFG731_db983e07a279051a,1,0.9210528374619473,True,SYNTHETIC,synthetic_engineer_v1
RFQ731-000468,G731ST-LT,1,CFG731_32b4b1ec4513af66,0.881203146762797,CFG731_32b4b1ec4513af66,1,0.881203146762797,True,SYNTHETIC,synthetic_engineer_v1
RFQ731-000469,X731,2,CFG731_cb6654d77e7e4d72,0.33541031452126624,CFG731_cb6654d77e7e4d72,1,0.33541031452126624,True,SYNTHETIC,synthetic_engineer_v1
RFQ731-000470,X731,1,CFG731_aa7f1abab518f995,0.3512004371214768,CFG731_aa7f1abab518f995,1,0.3512004371214768,True,SYNTHETIC,synthetic_engineer_v1
RFQ731-000471,G731ST-HT,2,CFG731_a56f1437a0b4ca31,0.8654137821135865,CFG731_240d537f14b1a01d,2,0.375078040674805,False,SYNTHETIC,synthetic_engineer_v1
RFQ731-000472,G731ST-LT,2,CFG731_e0009be417f51ccd,0.936842948012158,CFG731_c5da2661a169f82b,2,0.8939849631420151,False,SYNTHETIC,synthetic_engineer_v1
RFQ731-000473,X731,4,CFG731_ddfa4ab00c1bcdd0,0.8496248385223759,CFG731_a38141e3f47b5259,4,0.35340634655941794,False,SYNTHETIC,synthetic_engineer_v1
RFQ731-000474,G731VG,1,CFG731_6a47b38d62a9fed3,0.8511287851488721,CFG731_6a47b38d62a9fed3,1,0.8511287851488721,True,SYNTHETIC,synthetic_engineer_v1
RFQ731-000475,X731,1,CFG731_91e51485b56960b2,0.968421656234579,CFG731_91e51485b56960b2,1,0.968421656234579,True,SYNTHETIC,synthetic_engineer_v1
RFQ731-000476,X731,1,CFG731_260c36430f7c2d03,0.9210527438119473,CFG731_260c36430f7c2d03,1,0.9210527438119473,True,SYNTHETIC,synthetic_engineer_v1
RFQ731-000477,G731ST-HT,7,CFG731_d03860c1f327a8d1,0.8338350003401654,CFG731_4b2c0e571415f5cc,7,0.20820470595232507,False,SYNTHETIC,synthetic_engineer_v1
RFQ731-000478,F731TE,2,CFG731_b7c1a02b25610507,0.7879700730490301,CFG731_b7c1a02b25610507,1,0.7879700730490301,True,SYNTHETIC,synthetic_engineer_v1
RFQ731-000479,X731,4,CFG731_ad0a2fd7350b6cca,0.8654138025935866,CFG731_648b3a822a947c68,3,0.5028349515069814,False,SYNTHETIC,synthetic_engineer_v1
RFQ731-000480,X731,4,CFG731_abcee67081353f16,0.9210530882539474,CFG731_ebf26b0112810ef9,2,0.8496241584583759,False,SYNTHETIC,synthetic_engineer_v1
RFQ731-000481,X731,3,CFG731_8d2d91c46ccfb471,0.936842759715158,CFG731_5fb1bce2eb72cec6,3,0.500813615946452,False,SYNTHETIC,synthetic_engineer_v1
RFQ731-000482,X731,2,CFG731_67de76f701c9cfad,0.3680921625081579,CFG731_c348ae803bb36511,2,0.2430922523381579,False,SYNTHETIC,synthetic_engineer_v1
RFQ731-000483,X731,4,CFG731_999fe1a8f2314c11,0.3512000857374768,CFG731_f84a3b5f8ae2ffee,4,0.23833206134065327,False,SYNTHETIC,synthetic_engineer_v1
RFQ731-000484,F731WD_DUALCHANNEL,1,CFG731_a4610f5f38e7d946,0.8338352308811655,CFG731_a4610f5f38e7d946,1,0.8338352308811655,True,SYNTHETIC,synthetic_engineer_v1
RFQ731-000485,X731,5,CFG731_3b2a32abbf148ca1,0.9210532331889474,CFG731_f4e451f0b68379ff,4,0.36590654191741795,False,SYNTHETIC,synthetic_engineer_v1
RFQ731-000486,X731,6,CFG731_3fe779486d988e69,0.8654145145655865,CFG731_6077133dce604e06,5,0.3763645881366873,False,SYNTHETIC,synthetic_engineer_v1
RFQ731-000487,F731TE,2,CFG731_4d0235c9d5cc61be,0.7879705445040301,CFG731_4d0235c9d5cc61be,1,0.7879705445040301,True,SYNTHETIC,synthetic_engineer_v1
RFQ731-000488,X731,11,CFG731_62d0f0f6bab9bdcb,0.8894745492665264,CFG731_631ccc0b317dc962,11,0.20675316595323218,False,SYNTHETIC,synthetic_engineer_v1
RFQ731-000489,X731,5,CFG731_32a4bb12438a37ab,0.9210528027239473,CFG731_10dc89dcc8388903,3,0.3526707348537709,False,SYNTHETIC,synthetic_engineer_v1
RFQ731-000490,X731,2,CFG731_6e096e946540ab4e,0.8812033530537969,CFG731_6b36d25fda044bf5,2,0.8669174466720826,False,SYNTHETIC,synthetic_engineer_v1
RFQ731-000491,X731,3,CFG731_ac8195f5cce7d089,0.8654140967435865,CFG731_7d4c803343a40a05,3,0.37948949126468734,False,SYNTHETIC,synthetic_engineer_v1
RFQ731-000492,X731,7,CFG731_9a0f0b26c7f24725,0.8496245562343759,CFG731_5d2495d91e9fa868,7,0.2330015466797121,False,SYNTHETIC,synthetic_engineer_v1
RFQ731-000493,X731,5,CFG731_8c50542218db5cb0,0.9052639195877369,CFG731_eea9998b9f9a0bdb,3,0.469233756758031,False,SYNTHETIC,synthetic_engineer_v1
RFQ731-000494,F731WD_SINGLECHANNEL,1,CFG731_70b6eaf9262ca4d0,0.8195494534544512,CFG731_70b6eaf9262ca4d0,1,0.8195494534544512,True,SYNTHETIC,synthetic_engineer_v1
RFQ731-000495,X731,7,CFG731_f87794e7a98d0b11,0.9210529188709473,CFG731_04e7216b1ba7f935,6,0.41774410614653557,False,SYNTHETIC,synthetic_engineer_v1
RFQ731-000496,X731,2,CFG731_e08dfad4737be3d9,0.9526322119443684,CFG731_5052a216a260faff,2,0.4493237343539566,False,SYNTHETIC,synthetic_engineer_v1
RFQ731-000497,X731,2,CFG731_4346df46838fd57e,0.5147648824635449,CFG731_4346df46838fd57e,1,0.5147648824635449,True,SYNTHETIC,synthetic_engineer_v1
RFQ731-000498,F731PW,3,CFG731_956456fc074ebc5a,0.8022560235587445,CFG731_b265e25b7baf721d,3,0.3132069289318452,False,SYNTHETIC,synthetic_engineer_v1
RFQ731-000499,X731,1,CFG731_6e791fbe7ba5db5e,0.9210535729119473,CFG731_6e791fbe7ba5db5e,1,0.9210535729119473,True,SYNTHETIC,synthetic_engineer_v1
RFQ731-000500,X731,7,CFG731_5e61ce3b60d15e11,0.9210531218949474,CFG731_038da5d3a7dc468b,7,0.23539102558206504,False,SYNTHETIC,synthetic_engineer_v1
RFQ731-000501,G731ST-LT,8,CFG731_32b4b1ec4513af66,0.8338352671291654,CFG731_58b9913d8024b015,8,0.21151375938473685,False,SYNTHETIC,synthetic_engineer_v1
RFQ731-000502,X731,1,CFG731_5cfa203ca7029f1c,0.38976430897654485,CFG731_5cfa203ca7029f1c,1,0.38976430897654485,True,SYNTHETIC,synthetic_engineer_v1
RFQ731-000503,G731CA,1,CFG731_faff6da73df00950,0.48704559412977094,CFG731_faff6da73df00950,1,0.48704559412977094,True,SYNTHETIC,synthetic_engineer_v1
RFQ731-000504,G731ST-LT,2,CFG731_b86bbf24b1c3a419,0.8654144118465865,CFG731_2db6c530f35d47b9,2,0.8654139231095865,False,SYNTHETIC,synthetic_engineer_v1
RFQ731-000505,X731,6,CFG731_8d2d91c46ccfb471,0.9210535735759473,CFG731_df5f598a914fb1cc,5,0.4177443761345356,False,SYNTHETIC,synthetic_engineer_v1
RFQ731-000506,X731,5,CFG731_8d07e19298d09d34,0.8338351795551655,CFG731_5cded878b0996b37,5,0.2225426972454427,False,SYNTHETIC,synthetic_engineer_v1
RFQ731-000507,X731,1,CFG731_3dd4cfcf6ee98460,0.37948985509568733,CFG731_3dd4cfcf6ee98460,1,0.37948985509568733,True,SYNTHETIC,synthetic_engineer_v1
RFQ731-000508,X731,7,CFG731_c887ba58c35036a9,0.9052637623627369,CFG731_61aecba5f711a3bf,7,0.2210726006551486,False,SYNTHETIC,synthetic_engineer_v1
RFQ731-000509,F731WD_DUALCHANNEL,2,CFG731_5076f1c2c0488d0e,0.7879702534180301,CFG731_5076f1c2c0488d0e,1,0.7879702534180301,True,SYNTHETIC,synthetic_engineer_v1
RFQ731-000510,X731,1,CFG731_79d5571d44c945f6,0.26991127262707426,CFG731_79d5571d44c945f6,1,0.26991127262707426,True,SYNTHETIC,synthetic_engineer_v1
RFQ731-000511,G731ST-HT,23,CFG731_8b18ac1c34209d63,0.8894744435235263,CFG731_1b33a9ed446bc0fd,23,0.1942536623242322,False,SYNTHETIC,synthetic_engineer_v1
RFQ731-000512,X731,2,CFG731_d9234c84a58b99ae,0.48318523339112385,CFG731_9676c8784fca6c61,2,0.23796505248982974,False,SYNTHETIC,synthetic_engineer_v1
RFQ731-000513,G731ST-LT,1,CFG731_7203705eed387b0a,0.881203196888797,CFG731_7203705eed387b0a,1,0.881203196888797,True,SYNTHETIC,synthetic_engineer_v1
RFQ731-000514,G731ST-HT,2,CFG731_63eca10a00ae1f5d,0.9368426486991579,CFG731_ab3b0ae98d7b2345,2,0.43353423535374613,False,SYNTHETIC,synthetic_engineer_v1
RFQ731-000515,G731CA,1,CFG731_edf13ed38a4b54de,0.8353392974956616,CFG731_edf13ed38a4b54de,1,0.8353392974956616,True,SYNTHETIC,synthetic_engineer_v1
RFQ731-000516,X731,1,CFG731_97796c9ac2811c94,0.881203823697797,CFG731_97796c9ac2811c94,1,0.881203823697797,True,SYNTHETIC,synthetic_engineer_v1
RFQ731-000517,X731,2,CFG731_95e2d680672ff303,0.3453376138985016,CFG731_95e2d680672ff303,1,0.3453376138985016,True,SYNTHETIC,synthetic_engineer_v1
RFQ731-000518,F731WD_DUALCHANNEL,2,CFG731_8281908b452128f3,0.8180458411409549,CFG731_d2034bb5aa313dac,2,0.8037595037732406,False,SYNTHETIC,synthetic_engineer_v1
RFQ731-000519,X731,7,CFG731_5dd42015f6f61801,0.9210534742629474,CFG731_d67b44eae58dfe59,2,0.4831850794561239,False,SYNTHETIC,synthetic_engineer_v1
RFQ731-000520,X731,1,CFG731_9a5bfa9148a9b604,0.9210536115759473,CFG731_9a5bfa9148a9b604,1,0.9210536115759473,True,SYNTHETIC,synthetic_engineer_v1
RFQ731-000521,X731,4,CFG731_cf543b1c3927ab71,0.9210529252329474,CFG731_b228aa35c0b027ac,3,0.3576344699228885,False,SYNTHETIC,synthetic_engineer_v1
RFQ731-000522,G731ST-LT,2,CFG731_7f5bfa7b21e81359,0.936842140031158,CFG731_2469d1b04bd775f6,2,0.43353405485374613,False,SYNTHETIC,synthetic_engineer_v1
RFQ731-000523,X731,7,CFG731_5dd42015f6f61801,0.9210535764709473,CFG731_d67b44eae58dfe59,2,0.48318565633212385,False,SYNTHETIC,synthetic_engineer_v1
RFQ731-000524,X731,4,CFG731_5e61ce3b60d15e11,0.9368428442061579,CFG731_23aa00a5306a83b2,3,0.8511282493208722,False,SYNTHETIC,synthetic_engineer_v1
RFQ731-000525,X731,4,CFG731_62d0f0f6bab9bdcb,0.9210531223089473,CFG731_4c78b52d0d6ffd12,4,0.23686183493535914,False,SYNTHETIC,synthetic_engineer_v1
RFQ731-000526,X731,4,CFG731_3b2a32abbf148ca1,0.936842768247158,CFG731_6638f62366414007,4,0.24823937967668727,False,SYNTHETIC,synthetic_engineer_v1
RFQ731-000527,F731WD_DUALCHANNEL,1,CFG731_c0f6f70a47ed04ba,0.4554667039343499,CFG731_c0f6f70a47ed04ba,1,0.4554667039343499,True,SYNTHETIC,synthetic_engineer_v1
RFQ731-000528,X731,11,CFG731_0db950a4979d2c52,0.9052637039437369,CFG731_932b427eaa87c8fa,11,0.21960195294385448,False,SYNTHETIC,synthetic_engineer_v1
RFQ731-000529,X731,8,CFG731_0db950a4979d2c52,0.9210531238029473,CFG731_70b78512b89df53d,6,0.4177444192835356,False,SYNTHETIC,synthetic_engineer_v1
RFQ731-000530,G731ST-LT,6,CFG731_d124ccffa669c3a2,0.9210532155729474,CFG731_7ea8c51038ca5bfd,6,0.23447232714400623,False,SYNTHETIC,synthetic_engineer_v1
RFQ731-000531,G731VG,1,CFG731_7f63e10e4938ed7a,0.8511281653158722,CFG731_7f63e10e4938ed7a,1,0.8511281653158722,True,SYNTHETIC,synthetic_engineer_v1
RFQ731-000532,F731TE,2,CFG731_b7c1a02b25610507,0.7879707374460301,CFG731_b7c1a02b25610507,1,0.7879707374460301,True,SYNTHETIC,synthetic_engineer_v1
RFQ731-000533,X731,7,CFG731_c39096767a7ae083,0.9210527150449473,CFG731_9879620d23af8c96,7,0.23686244365635917,False,SYNTHETIC,synthetic_engineer_v1
RFQ731-000534,X731,1,CFG731_3662a471d9ce3167,0.38388161671436843,CFG731_3662a471d9ce3167,1,0.38388161671436843,True,SYNTHETIC,synthetic_engineer_v1
RFQ731-000535,X731,3,CFG731_c887ba58c35036a9,0.9210527698769474,CFG731_ef2da8cd513b19be,3,0.4850236636582415,False,SYNTHETIC,synthetic_engineer_v1
RFQ731-000536,G731CA,1,CFG731_14235f3888d71408,0.8353385197146616,CFG731_14235f3888d71408,1,0.8353385197146616,True,SYNTHETIC,synthetic_engineer_v1
RFQ731-000537,F731WD_SINGLECHANNEL,2,CFG731_0be7d6198235486b,0.7879705835720301,CFG731_0be7d6198235486b,1,0.7879705835720301,True,SYNTHETIC,synthetic_engineer_v1
RFQ731-000538,G731ST-HT,1,CFG731_831a7150258499af,0.881203152828797,CFG731_831a7150258499af,1,0.881203152828797,True,SYNTHETIC,synthetic_engineer_v1
RFQ731-000539,G731VG,1,CFG731_7f63e10e4938ed7a,0.8511285630348722,CFG731_7f63e10e4938ed7a,1,0.8511285630348722,True,SYNTHETIC,synthetic_engineer_v1
RFQ731-000540,X731,5,CFG731_20e62aeb01c953da,0.849624842495376,CFG731_48e71c5ae6615397,5,0.23833290477665325,False,SYNTHETIC,synthetic_engineer_v1
RFQ731-000541,X731,6,CFG731_91e51485b56960b2,0.9210531897169474,CFG731_8e5ce09a779d2284,5,0.41774439046853556,False,SYNTHETIC,synthetic_engineer_v1
RFQ731-000542,X731,3,CFG731_b4987f1c95e91d0d,0.9210529992079474,CFG731_55d3237d65c8a47c,3,0.2324503760084768,False,SYNTHETIC,synthetic_engineer_v1
RFQ731-000543,X731,2,CFG731_c775e192f3d489e9,0.8338352033461655,CFG731_fd7b09f495a568bc,2,0.8195493265674512,False,SYNTHETIC,synthetic_engineer_v1
RFQ731-000544,G731ST-HT,4,CFG731_9f9bc93c4b0253cf,0.849624542692376,CFG731_7cc9f85131c775cb,3,0.35928817930859447,False,SYNTHETIC,synthetic_engineer_v1
RFQ731-000545,F731WD_SINGLECHANNEL,1,CFG731_9a761e6bfde35917,0.39680802387579567,CFG731_9a761e6bfde35917,1,0.39680802387579567,True,SYNTHETIC,synthetic_engineer_v1
RFQ731-000546,X731,4,CFG731_da02526d254e2e35,0.9210529942889474,CFG731_ce4c7976fe8fc47b,4,0.23686232452935915,False,SYNTHETIC,synthetic_engineer_v1
RFQ731-000547,X731,1,CFG731_f7f0034a8b15f329,0.8496246693813759,CFG731_f7f0034a8b15f329,1,0.8496246693813759,True,SYNTHETIC,synthetic_engineer_v1
RFQ731-000548,G731VG,1,CFG731_7f63e10e4938ed7a,0.8511279943928721,CFG731_7f63e10e4938ed7a,1,0.8511279943928721,True,SYNTHETIC,synthetic_engineer_v1
RFQ731-000549,G731ST-LT,2,CFG731_32b4b1ec4513af66,0.8654143542695866,CFG731_1138f8ea5fc95654,2,0.8511278239028722,False,SYNTHETIC,synthetic_engineer_v1
RFQ731-000550,X731,4,CFG731_2692d4e8945eb6ee,0.48318580018312385,CFG731_2692d4e8945eb6ee,1,0.48318580018312385,True,SYNTHETIC,synthetic_engineer_v1
RFQ731-000551,G731ST-LT,1,CFG731_7882c72c21497015,0.9526323682603683,CFG731_7882c72c21497015,1,0.9526323682603683,True,SYNTHETIC,synthetic_engineer_v1
RFQ731-000552,G731ST-HT,2,CFG731_a56f1437a0b4ca31,0.8654140438785866,CFG731_e489ae1a5426e276,2,0.8511284137328722,False,SYNTHETIC,synthetic_engineer_v1
RFQ731-000553,X731,1,CFG731_8f470181ad32eeae,0.8969932423940076,CFG731_8f470181ad32eeae,1,0.8969932423940076,True,SYNTHETIC,synthetic_engineer_v1
RFQ731-000554,F731TE,2,CFG731_b7c1a02b25610507,0.7879704711820301,CFG731_b7c1a02b25610507,1,0.7879704711820301,True,SYNTHETIC,synthetic_engineer_v1
RFQ731-000555,G731ST-HT,2,CFG731_831a7150258499af,0.8654141647835866,CFG731_e2d64e127f97296d,2,0.8511286710518722,False,SYNTHETIC,synthetic_engineer_v1
RFQ731-000556,G731ST-LT,2,CFG731_a40ab19ad6671fbe,0.9368426134361579,CFG731_bc9146cb8459e9c2,2,0.4335338871597461,False,SYNTHETIC,synthetic_engineer_v1
RFQ731-000557,X731,4,CFG731_f97e51d1da57d99f,0.8496241673253759,CFG731_3c91fea3668ca75e,3,0.3526712333747709,False,SYNTHETIC,synthetic_engineer_v1
RFQ731-000558,X731,2,CFG731_3b2a32abbf148ca1,0.9526323231813684,CFG731_b16b5f82b033935f,2,0.38719042748578014,False,SYNTHETIC,synthetic_engineer_v1
RFQ731-000559,X731,1,CFG731_b1693ef6b18686ac,0.5147644900355448,CFG731_b1693ef6b18686ac,1,0.5147644900355448,True,SYNTHETIC,synthetic_engineer_v1
RFQ731-000560,F731TE,1,CFG731_574aa7a29f75cd60,0.8338351014871654,CFG731_574aa7a29f75cd60,1,0.8338351014871654,True,SYNTHETIC,synthetic_engineer_v1
RFQ731-000561,X731,7,CFG731_a6d4830ed3aa2681,0.9052632986437369,CFG731_27ec8892eacc701d,7,0.20930815667579566,False,SYNTHETIC,synthetic_engineer_v1
RFQ731-000562,X731,7,CFG731_91e51485b56960b2,0.9210532182499473,CFG731_b3ebba592f51e280,5,0.36002409019824144,False,SYNTHETIC,synthetic_engineer_v1
RFQ731-000563,G731ST-HT,3,CFG731_fcc72e9951376cf3,0.8654142717685865,CFG731_7c70763d4cf79560,3,0.37636464834868727,False,SYNTHETIC,synthetic_engineer_v1
RFQ731-000564,X731,12,CFG731_6e096e946540ab4e,0.8180451375839549,CFG731_dc94cc026338b073,8,0.20675406780123218,False,SYNTHETIC,synthetic_engineer_v1
RFQ731-000565,X731,5,CFG731_5e61ce3b60d15e11,0.9368423461651579,CFG731_b555bda361da407a,5,0.2486074527365108,False,SYNTHETIC,synthetic_engineer_v1
RFQ731-000566,X731,3,CFG731_f97e51d1da57d99f,0.8496245463483759,CFG731_b8db8783f5774853,3,0.3523034800349474,False,SYNTHETIC,synthetic_engineer_v1
RFQ731-000567,G731ST-HT,4,CFG731_4aa7d46b9cfa7d7b,0.9210527067459473,CFG731_b3b502cc22fcd72e,2,0.8496247563013759,False,SYNTHETIC,synthetic_engineer_v1
RFQ731-000568,G731ST-HT,8,CFG731_4aa7d46b9cfa7d7b,0.9052633545217369,CFG731_ad49f2ad57627f46,8,0.3328375597495016,False,SYNTHETIC,synthetic_engineer_v1
RFQ731-000569,G731ST-HT,7,CFG731_646d8903da63e1f0,0.8338352295931655,CFG731_ed09f23d3bc16841,7,0.21151340006173686,False,SYNTHETIC,synthetic_engineer_v1
RFQ731-000570,F731WD_DUALCHANNEL,2,CFG731_a4610f5f38e7d946,0.8180457562119549,CFG731_e8331b2a91577f04,2,0.8037595196772406,False,SYNTHETIC,synthetic_engineer_v1
RFQ731-000571,X731,4,CFG731_c39096767a7ae083,0.9368425643551579,CFG731_c525a37447671864,4,0.2541217568138638,False,SYNTHETIC,synthetic_engineer_v1
RFQ731-000572,F731TE,1,CFG731_8b8ba7e2341f1295,0.4712563240725604,CFG731_8b8ba7e2341f1295,1,0.4712563240725604,True,SYNTHETIC,synthetic_engineer_v1
RFQ731-000573,X731,8,CFG731_219ac3d01befd6d1,0.9052638007137369,CFG731_8ce087647633b913,7,0.4019551245413251,False,SYNTHETIC,synthetic_engineer_v1
RFQ731-000574,G731CA,2,CFG731_dc8a3bad7d99b8ea,0.8037601371752405,CFG731_dc8a3bad7d99b8ea,1,0.8037601371752405,True,SYNTHETIC,synthetic_engineer_v1
RFQ731-000575,X731,8,CFG731_8d2d91c46ccfb471,0.9210530220359473,CFG731_c0f829ddab491342,4,0.4844717711860062,False,SYNTHETIC,synthetic_engineer_v1
RFQ731-000576,X731,1,CFG731_169a8482d2028dff,0.3890288721248978,CFG731_169a8482d2028dff,1,0.3890288721248978,True,SYNTHETIC,synthetic_engineer_v1
RFQ731-000577,X731,7,CFG731_3b2a32abbf148ca1,0.9210531556809474,CFG731_27f3f9fc0b2e1643,5,0.36002421126724143,False,SYNTHETIC,synthetic_engineer_v1
RFQ731-000578,X731,2,CFG731_af755e9c46cfadd4,0.8338354850891655,CFG731_dbb33a574e3ad4d8,2,0.8195492163804511,False,SYNTHETIC,synthetic_engineer_v1
RFQ731-000579,G731ST-HT,2,CFG731_329b582435fea539,0.8654144172965865,CFG731_d03860c1f327a8d1,2,0.8654136634315865,False,SYNTHETIC,synthetic_engineer_v1
RFQ731-000580,X731,3,CFG731_fb16e30f5bbb87f2,0.8353387154646617,CFG731_a9ec8cda9130252f,2,0.36443594646912386,False,SYNTHETIC,synthetic_engineer_v1
RFQ731-000581,G731ST-HT,6,CFG731_c3a136a8630f644d,0.8496246887633759,CFG731_d71a39e1fcf17083,5,0.3620460105407709,False,SYNTHETIC,synthetic_engineer_v1
RFQ731-000582,F731WD_DUALCHANNEL,2,CFG731_5076f1c2c0488d0e,0.7879700990770301,CFG731_5076f1c2c0488d0e,1,0.7879700990770301,True,SYNTHETIC,synthetic_engineer_v1
RFQ731-000583,X731,2,CFG731_117f19eb2913314e,0.5147640275165448,CFG731_117f19eb2913314e,1,0.5147640275165448,True,SYNTHETIC,synthetic_engineer_v1
RFQ731-000584,X731,10,CFG731_5dd42015f6f61801,0.9210533631729474,CFG731_274085596a46ecf6,9,0.3563476437540062,False,SYNTHETIC,synthetic_engineer_v1
RFQ731-000585,X731,1,CFG731_8d2d91c46ccfb471,0.9684214803015789,CFG731_8d2d91c46ccfb471,1,0.9684214803015789,True,SYNTHETIC,synthetic_engineer_v1
RFQ731-000586,X731,1,CFG731_ad0a2fd7350b6cca,0.8969932313660076,CFG731_ad0a2fd7350b6cca,1,0.8969932313660076,True,SYNTHETIC,synthetic_engineer_v1
RFQ731-000587,G731CA,2,CFG731_2aca30183aab25a9,0.8037602986522405,CFG731_f235f4dd7693c885,2,0.45546659412434987,False,SYNTHETIC,synthetic_engineer_v1
RFQ731-000588,X731,1,CFG731_8d2d91c46ccfb471,0.968421437851579,CFG731_8d2d91c46ccfb471,1,0.968421437851579,True,SYNTHETIC,synthetic_engineer_v1
RFQ731-000589,G731ST-LT,2,CFG731_d124ccffa669c3a2,0.936842468725158,CFG731_ae2e4cfccaff4f50,2,0.4335342281397461,False,SYNTHETIC,synthetic_engineer_v1
RFQ731-000590,X731,3,CFG731_e80085d86d0bbfa9,0.8654138751925865,CFG731_187ec74b5c4854aa,3,0.2541216670438638,False,SYNTHETIC,synthetic_engineer_v1
RFQ731-000591,F731PW,1,CFG731_7785b2914ebb6eaf,0.8180452616759549,CFG731_7785b2914ebb6eaf,1,0.8180452616759549,True,SYNTHETIC,synthetic_engineer_v1
RFQ731-000592,G731ST-LT,10,CFG731_a40ab19ad6671fbe,0.9052638343827368,CFG731_77fac91021549398,5,0.4686824184727957,False,SYNTHETIC,synthetic_engineer_v1
RFQ731-000593,G731ST-LT,1,CFG731_7203705eed387b0a,0.881203654050797,CFG731_7203705eed387b0a,1,0.881203654050797,True,SYNTHETIC,synthetic_engineer_v1
RFQ731-000594,G731ST-LT,2,CFG731_a40ab19ad6671fbe,0.9368429481331579,CFG731_87d8ba5b87cf0a3f,2,0.4335339898027461,False,SYNTHETIC,synthetic_engineer_v1
RFQ731-000595,X731,3,CFG731_e80085d86d0bbfa9,0.8654135763015866,CFG731_187ec74b5c4854aa,3,0.25412233440986376,False,SYNTHETIC,synthetic_engineer_v1
RFQ731-000596,X731,6,CFG731_fb1ab4b34e9c8a75,0.8338352775771655,CFG731_c65188f44544a3f1,6,0.22254337215844272,False,SYNTHETIC,synthetic_engineer_v1
RFQ731-000597,X731,3,CFG731_ddd1ce28a3456ff6,0.8496248614283759,CFG731_63b50b6b631946e6,2,0.36590612660541794,False,SYNTHETIC,synthetic_engineer_v1
RFQ731-000598,X731,2,CFG731_da02526d254e2e35,0.9368426925771579,CFG731_b661f405414c476e,2,0.4335337999047461,False,SYNTHETIC,synthetic_engineer_v1
RFQ731-000599,X731,3,CFG731_97796c9ac2811c94,0.8496244246553759,CFG731_f0b756a84ac83cc9,2,0.36590597901941796,False,SYNTHETIC,synthetic_engineer_v1
RFQ731-000600,X731,4,CFG731_dc321f785d65411f,0.3769162134099226,CFG731_73ac195ef2754292,3,0.24640132164456963,False,SYNTHETIC,synthetic_engineer_v1
RFQ731-000601,X731,5,CFG731_ad0a2fd7350b6cca,0.8654140421505865,CFG731_5869cd9805e6c1ca,5,0.37636445105468724,False,SYNTHETIC,synthetic_engineer_v1
RFQ731-000602,X731,2,CFG731_a7dc06adf945eba3,0.3581850871261238,CFG731_31ef54b8ab17d3bb,2,0.23833233966465325,False,SYNTHETIC,synthetic_engineer_v1
RFQ731-000603,X731,1,CFG731_7d1aac31230162fc,0.849624354330376,CFG731_7d1aac31230162fc,1,0.849624354330376,True,SYNTHETIC,synthetic_engineer_v1
RFQ731-000604,X731,6,CFG731_5e61ce3b60d15e11,0.9210535693219474,CFG731_4fe142d593643ab8,3,0.4850234843582415,False,SYNTHETIC,synthetic_engineer_v1
RFQ731-000605,G731CA,1,CFG731_c7ca2f069d01e42d,0.8353387199196616,CFG731_c7ca2f069d01e42d,1,0.8353387199196616,True,SYNTHETIC,synthetic_engineer_v1
RFQ731-000606,G731ST-LT,3,CFG731_1d89d7fdc7355744,0.849624667060376,CFG731_ef044db10b586894,3,0.3592888297315945,False,SYNTHETIC,synthetic_engineer_v1
RFQ731-000607,F731WD_DUALCHANNEL,2,CFG731_35ed22cad11f9a11,0.8037602534182405,CFG731_783ba1dc5751818d,2,0.38101840247358515,False,SYNTHETIC,synthetic_engineer_v1
RFQ731-000608,G731ST-LT,4,CFG731_d124ccffa669c3a2,0.9210534337009474,CFG731_e565a13ef4701c2d,3,0.8353383978226616,False,SYNTHETIC,synthetic_engineer_v1
RFQ731-000609,G731CA,1,CFG731_ed85647cd384c17a,0.8353384926266616,CFG731_ed85647cd384c17a,1,0.8353384926266616,True,SYNTHETIC,synthetic_engineer_v1
RFQ731-000610,X731,2,CFG731_b757671ab14f2876,0.4989752760633344,CFG731_b757671ab14f2876,1,0.4989752760633344,True,SYNTHETIC,synthetic_engineer_v1
RFQ731-000611,G731ST-HT,2,CFG731_fcc72e9951376cf3,0.8654135988405866,CFG731_a6dd1d1aa0613d49,2,0.37507830131480496,False,SYNTHETIC,synthetic_engineer_v1
RFQ731-000612,X731,5,CFG731_8f470181ad32eeae,0.8496243523753759,CFG731_341c747ed8aff14e,5,0.23833208853965326,False,SYNTHETIC,synthetic_engineer_v1
RFQ731-000613,G731ST-HT,6,CFG731_8b18ac1c34209d63,0.9210528799229474,CFG731_2c93609b74717303,5,0.4844726302290062,False,SYNTHETIC,synthetic_engineer_v1
RFQ731-000614,X731,2,CFG731_c39096767a7ae083,0.9526325580803684,CFG731_352cbd30ecacb8ee,2,0.44932276857695663,False,SYNTHETIC,synthetic_engineer_v1
RFQ731-000615,X731,2,CFG731_b4987f1c95e91d0d,0.9368426325941579,CFG731_8d9f29ebcd8f04bd,2,0.4335337674997461,False,SYNTHETIC,synthetic_engineer_v1
RFQ731-000616,X731,5,CFG731_91e51485b56960b2,0.9210535663019473,CFG731_b187fb9ad3627171,2,0.48318575973212385,False,SYNTHETIC,synthetic_engineer_v1
RFQ731-000617,X731,3,CFG731_e80085d86d0bbfa9,0.8654138861925865,CFG731_6526112621a9ee97,3,0.38022523016633436,False,SYNTHETIC,synthetic_engineer_v1
RFQ731-000618,G731ST-LT,4,CFG731_7882c72c21497015,0.9210535601949473,CFG731_d432b6fd40e9e78c,2,0.849624804788376,False,SYNTHETIC,synthetic_engineer_v1
RFQ731-000619,X731,2,CFG731_9755a9db60d7534d,0.8338348636561654,CFG731_5be5a82ac0b29989,2,0.341844840260678,False,SYNTHETIC,synthetic_engineer_v1
RFQ731-000620,X731,2,CFG731_91e51485b56960b2,0.9526324435933684,CFG731_0bb38b2038fb1e69,2,0.39197024384648604,False,SYNTHETIC,synthetic_engineer_v1
RFQ731-000621,G731ST-LT,4,CFG731_2db6c530f35d47b9,0.849624463914376,CFG731_0dd81a588b2a1411,3,0.35928842306559444,False,SYNTHETIC,synthetic_engineer_v1
RFQ731-000622,F731TE,2,CFG731_fd6959ad3c5fd9ed,0.7879700790600301,CFG731_fd6959ad3c5fd9ed,1,0.7879700790600301,True,SYNTHETIC,synthetic_engineer_v1
RFQ731-000623,F731TE,2,CFG731_b7c1a02b25610507,0.7879699963430301,CFG731_b7c1a02b25610507,1,0.7879699963430301,True,SYNTHETIC,synthetic_engineer_v1
RFQ731-000624,X731,1,CFG731_d19bd87a4eba7364,0.3897642075195449,CFG731_d19bd87a4eba7364,1,0.3897642075195449,True,SYNTHETIC,synthetic_engineer_v1
RFQ731-000625,F731WD_DUALCHANNEL,1,CFG731_35ed22cad11f9a11,0.8195498120194511,CFG731_35ed22cad11f9a11,1,0.8195498120194511,True,SYNTHETIC,synthetic_engineer_v1
RFQ731-000626,X731,3,CFG731_6e096e946540ab4e,0.8812039542137969,CFG731_45cf7219dd66904b,3,0.3921538117058978,False,SYNTHETIC,synthetic_engineer_v1
RFQ731-000627,X731,7,CFG731_f87794e7a98d0b11,0.9210527982419473,CFG731_04e7216b1ba7f935,5,0.4177445000635356,False,SYNTHETIC,synthetic_engineer_v1
RFQ731-000628,X731,2,CFG731_9fa436b39059149d,0.46739648655991334,CFG731_27279ceeaa7fc1fe,2,0.21518980880197214,False,SYNTHETIC,synthetic_engineer_v1
RFQ731-000629,F731TE,2,CFG731_b27467571d893d92,0.7879704250710301,CFG731_b27467571d893d92,1,0.7879704250710301,True,SYNTHETIC,synthetic_engineer_v1
RFQ731-000630,X731,1,CFG731_59f86789e43d86f1,0.5147642989725448,CFG731_59f86789e43d86f1,1,0.5147642989725448,True,SYNTHETIC,synthetic_engineer_v1
RFQ731-000631,G731ST-HT,4,CFG731_8b18ac1c34209d63,0.9210528054029473,CFG731_cd71ec2726e971ef,2,0.8496246079873759,False,SYNTHETIC,synthetic_engineer_v1
RFQ731-000632,X731,3,CFG731_83f956404d04e6cd,0.8654136387175865,CFG731_b5a071e920590337,3,0.5028351249609814,False,SYNTHETIC,synthetic_engineer_v1
RFQ731-000633,G731ST-HT,4,CFG731_a3b03637ed22317c,0.9210529438179473,CFG731_6cc2f5d089c01baf,3,0.8353389184716616,False,SYNTHETIC,synthetic_engineer_v1
RFQ731-000634,G731ST-LT,4,CFG731_10085782ed0991cf,0.8496246601773759,CFG731_ad6f77e09c551945,3,0.4870459744877709,False,SYNTHETIC,synthetic_engineer_v1
RFQ731-000635,G731ST-LT,2,CFG731_715a3d3226cbaffd,0.936842613872158,CFG731_dbd5a2176d0b595a,2,0.3655185897323932,False,SYNTHETIC,synthetic_engineer_v1
RFQ731-000636,G731ST-LT,2,CFG731_996314000fcfec4b,0.936842619357158,CFG731_455da2f832a6b66d,2,0.8939851853710151,False,SYNTHETIC,synthetic_engineer_v1
RFQ731-000637,X731,6,CFG731_2be17a56b0589fd1,0.9210536224779473,CFG731_e268c539b23ee9e5,5,0.4844722725490062,False,SYNTHETIC,synthetic_engineer_v1
RFQ731-000638,X731,6,CFG731_d27f5f5f307014a8,0.849624445510376,CFG731_54946322ece48230,6,0.23649459817353563,False,SYNTHETIC,synthetic_engineer_v1
RFQ731-000639,X731,2,CFG731_2be17a56b0589fd1,0.936843014253158,CFG731_c108b657efc147c3,2,0.37140141305956964,False,SYNTHETIC,synthetic_engineer_v1
RFQ731-000640,G731ST-LT,4,CFG731_996314000fcfec4b,0.9210532756829474,CFG731_4c72f78c1186e8f7,3,0.48539164737306506,False,SYNTHETIC,synthetic_engineer_v1
RFQ731-000641,X731,11,CFG731_8c50542218db5cb0,0.9052639749447369,CFG731_bd51fba2aacb1a3c,11,0.21868305044579564,False,SYNTHETIC,synthetic_engineer_v1
RFQ731-000642,X731,2,CFG731_117f19eb2913314e,0.5147646147675449,CFG731_117f19eb2913314e,1,0.5147646147675449,True,SYNTHETIC,synthetic_engineer_v1
RFQ731-000643,X731,4,CFG731_f87794e7a98d0b11,0.9368424978021579,CFG731_007c0829be0a9482,3,0.500813228423452,False,SYNTHETIC,synthetic_engineer_v1
RFQ731-000644,G731ST-LT,2,CFG731_996314000fcfec4b,0.9368431008151579,CFG731_e03b41992c837b34,2,0.4335334987047461,False,SYNTHETIC,synthetic_engineer_v1
RFQ731-000645,X731,2,CFG731_04a53b6cc81d57d6,0.8654143935665866,CFG731_04a53b6cc81d57d6,1,0.8654143935665866,True,SYNTHETIC,synthetic_engineer_v1
RFQ731-000646,X731,2,CFG731_9755a9db60d7534d,0.8338355655381655,CFG731_5be5a82ac0b29989,2,0.341844905915678,False,SYNTHETIC,synthetic_engineer_v1
RFQ731-000647,X731,2,CFG731_5dd42015f6f61801,0.9526323423343683,CFG731_a6849487313f00ac,2,0.39197043220648603,False,SYNTHETIC,synthetic_engineer_v1
RFQ731-000648,X731,3,CFG731_bcec8ceac2dbcc79,0.849624064213376,CFG731_6513d2f5c85df9e4,2,0.3637003258184768,False,SYNTHETIC,synthetic_engineer_v1
RFQ731-000649,X731,10,CFG731_b4987f1c95e91d0d,0.8894738091225263,CFG731_f8cc7d4d2ef53582,8,0.20675408146323218,False,SYNTHETIC,synthetic_engineer_v1
RFQ731-000650,F731WD_DUALCHANNEL,1,CFG731_35ed22cad11f9a11,0.8195493926554511,CFG731_35ed22cad11f9a11,1,0.8195493926554511,True,SYNTHETIC,synthetic_engineer_v1
RFQ731-000651,X731,5,CFG731_abcee67081353f16,0.9210535407589473,CFG731_48cf6bd4ca59e583,5,0.4844723376670062,False,SYNTHETIC,synthetic_engineer_v1
RFQ731-000652,G731ST-HT,4,CFG731_4aa7d46b9cfa7d7b,0.9210527856339473,CFG731_ff04d32ca467d2a5,3,0.3576336367428885,False,SYNTHETIC,synthetic_engineer_v1
RFQ731-000653,F731WD_SINGLECHANNEL,1,CFG731_e98d2be876599c40,0.8195498016064512,CFG731_e98d2be876599c40,1,0.8195498016064512,True,SYNTHETIC,synthetic_engineer_v1
RFQ731-000654,X731,5,CFG731_c887ba58c35036a9,0.9210529650759474,CFG731_5de6ca53a86b09c9,5,0.2328177267623003,False,SYNTHETIC,synthetic_engineer_v1
RFQ731-000655,X731,1,CFG731_f97e51d1da57d99f,0.881203299835797,CFG731_f97e51d1da57d99f,1,0.881203299835797,True,SYNTHETIC,synthetic_engineer_v1
RFQ731-000656,G731ST-HT,8,CFG731_8b18ac1c34209d63,0.9052632257757369,CFG731_b30ceef5c5f902ca,8,0.40195451051232506,False,SYNTHETIC,synthetic_engineer_v1
RFQ731-000657,X731,1,CFG731_8d78781f8753b72a,0.9210532887399473,CFG731_8d78781f8753b72a,1,0.9210532887399473,True,SYNTHETIC,synthetic_engineer_v1
RFQ731-000658,X731,4,CFG731_2be17a56b0589fd1,0.9210526408369474,CFG731_5a14e01af9745dda,3,0.4850234468932415,False,SYNTHETIC,synthetic_engineer_v1
RFQ731-000659,X731,13,CFG731_e08dfad4737be3d9,0.9052641464767369,CFG731_ae1c24f394311970,12,0.21702868475708978,False,SYNTHETIC,synthetic_engineer_v1
RFQ731-000660,X731,5,CFG731_32a4bb12438a37ab,0.9210529999279473,CFG731_ae1f3e9a90950fc3,5,0.35763398334788854,False,SYNTHETIC,synthetic_engineer_v1
RFQ731-000661,G731ST-HT,2,CFG731_831a7150258499af,0.8654144617335865,CFG731_e2d64e127f97296d,2,0.8511285573848721,False,SYNTHETIC,synthetic_engineer_v1
RFQ731-000662,X731,2,CFG731_ae226e31119be9bd,0.9052631738497369,CFG731_6b2b46dd281009ce,2,0.46960192878885454,False,SYNTHETIC,synthetic_engineer_v1
RFQ731-000663,F731TE,2,CFG731_b7c1a02b25610507,0.7879707705340301,CFG731_b7c1a02b25610507,1,0.7879707705340301,True,SYNTHETIC,synthetic_engineer_v1
RFQ731-000664,G731ST-HT,6,CFG731_c32627af59ba1526,0.849624597079376,CFG731_db27f1c998b6e675,6,0.36057512994847674,False,SYNTHETIC,synthetic_engineer_v1
RFQ731-000665,X731,5,CFG731_b4987f1c95e91d0d,0.9210530453629473,CFG731_241261e6f2e0673c,5,0.2287734601562415,False,SYNTHETIC,synthetic_engineer_v1
RFQ731-000666,X731,2,CFG731_241d60e6ef5278be,0.8654138892965865,CFG731_7b80fca32fdc0db0,2,0.8511284583408721,False,SYNTHETIC,synthetic_engineer_v1
RFQ731-000667,X731,3,CFG731_d27f5f5f307014a8,0.8654140770185865,CFG731_74d881f8ffd9c565,2,0.37324006923868736,False,SYNTHETIC,synthetic_engineer_v1
RFQ731-000668,G731CA,1,CFG731_5bfe9492c76587ec,0.4870453712307709,CFG731_5bfe9492c76587ec,1,0.4870453712307709,True,SYNTHETIC,synthetic_engineer_v1
RFQ731-000669,X731,2,CFG731_6f8c15548921e4c2,0.9052631947967369,CFG731_10829a99d0812ab9,2,0.46960179529185453,False,SYNTHETIC,synthetic_engineer_v1
RFQ731-000670,F731PW,1,CFG731_5995fa9fd5d1242f,0.8180457549489549,CFG731_5995fa9fd5d1242f,1,0.8180457549489549,True,SYNTHETIC,synthetic_engineer_v1
RFQ731-000671,X731,4,CFG731_2be17a56b0589fd1,0.9210535332159473,CFG731_07364aa0260e0bc7,2,0.8496241276883759,False,SYNTHETIC,synthetic_engineer_v1
RFQ731-000672,G731CA,2,CFG731_6fae22c89116fc5e,0.3188859422794087,CFG731_0bb185f546403346,2,0.31888550071040866,False,SYNTHETIC,synthetic_engineer_v1
RFQ731-000673,X731,6,CFG731_5e61ce3b60d15e11,0.9210527354119473,CFG731_040069031f4f021c,3,0.4850237991912415,False,SYNTHETIC,synthetic_engineer_v1
RFQ731-000674,X731,2,CFG731_da02526d254e2e35,0.9368425836651579,CFG731_b661f405414c476e,2,0.4335336610917461,False,SYNTHETIC,synthetic_engineer_v1
RFQ731-000675,X731,3,CFG731_89772de94df83ba5,0.8496242465473759,CFG731_6ad3ec8ed100118e,3,0.4146190224555356,False,SYNTHETIC,synthetic_engineer_v1
RFQ731-000676,X731,2,CFG731_5dd42015f6f61801,0.9526320500323684,CFG731_f2f16ec6756d8443,2,0.38719110998378015,False,SYNTHETIC,synthetic_engineer_v1
RFQ731-000677,F731WD_DUALCHANNEL,1,CFG731_a4610f5f38e7d946,0.8338352346801655,CFG731_a4610f5f38e7d946,1,0.8338352346801655,True,SYNTHETIC,synthetic_engineer_v1
RFQ731-000678,G731CA,2,CFG731_98ec9650b5463fd0,0.8037602438442406,CFG731_98ec9650b5463fd0,1,0.8037602438442406,True,SYNTHETIC,synthetic_engineer_v1
RFQ731-000679,X731,5,CFG731_32a4bb12438a37ab,0.9210527001329474,CFG731_8b6eb20d56ad0a7c,4,0.3526704479897709,False,SYNTHETIC,synthetic_engineer_v1
RFQ731-000680,X731,8,CFG731_b4987f1c95e91d0d,0.9052639003967369,CFG731_aa8c30a4f1baca2e,6,0.40195521757232505,False,SYNTHETIC,synthetic_engineer_v1
RFQ731-000681,X731,1,CFG731_ac3a4ff61341aa72,0.8496246840313759,CFG731_ac3a4ff61341aa72,1,0.8496246840313759,True,SYNTHETIC,synthetic_engineer_v1
RFQ731-000682,G731ST-HT,3,CFG731_c3a136a8630f644d,0.8654144520025865,CFG731_1a1206cc52132df1,3,0.3763642307146873,False,SYNTHETIC,synthetic_engineer_v1
RFQ731-000683,X731,1,CFG731_565e3731063ff5c5,0.849624286492376,CFG731_565e3731063ff5c5,1,0.849624286492376,True,SYNTHETIC,synthetic_engineer_v1
RFQ731-000684,X731,2,CFG731_516629085c122a4e,0.9368428220111579,CFG731_27481a3518f630c6,2,0.37140190446256965,False,SYNTHETIC,synthetic_engineer_v1
RFQ731-000685,F731WD_DUALCHANNEL,1,CFG731_819cb4e76943eca6,0.8195495345974512,CFG731_819cb4e76943eca6,1,0.8195495345974512,True,SYNTHETIC,synthetic_engineer_v1
RFQ731-000686,X731,1,CFG731_ac0f372c930c2e22,0.9210530093039473,CFG731_ac0f372c930c2e22,1,0.9210530093039473,True,SYNTHETIC,synthetic_engineer_v1
RFQ731-000687,G731ST-LT,10,CFG731_a40ab19ad6671fbe,0.9052639942677368,CFG731_77fac91021549398,5,0.4686830748377957,False,SYNTHETIC,synthetic_engineer_v1
RFQ731-000688,X731,2,CFG731_b7e96d5717c40fd6,0.9526321903553684,CFG731_2683cf7e09782f5e,2,0.9097746777592256,False,SYNTHETIC,synthetic_engineer_v1
RFQ731-000689,X731,2,CFG731_8189439864af87ea,0.8338346197981655,CFG731_76d13dd0246c6ccc,2,0.341844128479678,False,SYNTHETIC,synthetic_engineer_v1
RFQ731-000690,X731,2,CFG731_6e096e946540ab4e,0.881203045333797,CFG731_f693af423cd0a85a,2,0.3890293218238978,False,SYNTHETIC,synthetic_engineer_v1
RFQ731-000691,X731,4,CFG731_608c0251ef380592,0.9210528744289473,CFG731_3727d181b2806370,3,0.4850241692432415,False,SYNTHETIC,synthetic_engineer_v1
RFQ731-000692,G731ST-HT,2,CFG731_cc9ac35e4d9a1854,0.9368427252251579,CFG731_348f97ec6945fbf8,2,0.4335340474547461,False,SYNTHETIC,synthetic_engineer_v1
RFQ731-000693,G731ST-HT,2,CFG731_cc9ac35e4d9a1854,0.9368424708601579,CFG731_143205a81a2e7efc,2,0.4335338963927461,False,SYNTHETIC,synthetic_engineer_v1
RFQ731-000694,X731,2,CFG731_97796c9ac2811c94,0.8654139640965866,CFG731_ca05869cc5edc073,2,0.3794901618826873,False,SYNTHETIC,synthetic_engineer_v1
RFQ731-000695,G731ST-LT,2,CFG731_7203705eed387b0a,0.8654140958175865,CFG731_3c070a82e4102784,2,0.8511283753558722,False,SYNTHETIC,synthetic_engineer_v1
RFQ731-000696,G731ST-HT,4,CFG731_076cad91966d4c34,0.8496248909123759,CFG731_b3ed2928d6d65710,3,0.48704622060677094,False,SYNTHETIC,synthetic_engineer_v1
RFQ731-000697,X731,1,CFG731_b4987f1c95e91d0d,0.9526325633353684,CFG731_b4987f1c95e91d0d,1,0.9526325633353684,True,SYNTHETIC,synthetic_engineer_v1
RFQ731-000698,F731WD_SINGLECHANNEL,2,CFG731_0be7d6198235486b,0.7879703829170301,CFG731_0be7d6198235486b,1,0.7879703829170301,True,SYNTHETIC,synthetic_engineer_v1
RFQ731-000699,F731WD_SINGLECHANNEL,2,CFG731_ee8e327bbb737abf,0.7879708427080301,CFG731_ee8e327bbb737abf,1,0.7879708427080301,True,SYNTHETIC,synthetic_engineer_v1
RFQ731-000700,X731,2,CFG731_5dd42015f6f61801,0.9526321255173684,CFG731_a6849487313f00ac,2,0.39197054569648604,False,SYNTHETIC,synthetic_engineer_v1
RFQ731-000701,X731,2,CFG731_7c358bf1aa4ea94e,0.48318512012812387,CFG731_7a6e9e503add9a86,2,0.23796439862182975,False,SYNTHETIC,synthetic_engineer_v1
RFQ731-000702,X731,4,CFG731_e8e7b7513a5c9544,0.33541074364526624,CFG731_a7422430db553ad5,4,0.20893998434497213,False,SYNTHETIC,synthetic_engineer_v1
RFQ731-000703,X731,3,CFG731_0db950a4979d2c52,0.9210535708859473,CFG731_c42374cc9dea3494,2,0.4831855770051239,False,SYNTHETIC,synthetic_engineer_v1
RFQ731-000704,X731,1,CFG731_ae226e31119be9bd,0.9210533740239474,CFG731_ae226e31119be9bd,1,0.9210533740239474,True,SYNTHETIC,synthetic_engineer_v1
RFQ731-000705,G731ST-LT,2,CFG731_996314000fcfec4b,0.936842666051158,CFG731_e03b41992c837b34,2,0.4335342281657461,False,SYNTHETIC,synthetic_engineer_v1
RFQ731-000706,X731,2,CFG731_0fbee36816b7af98,0.881203482086797,CFG731_30ccf87da13edf1e,2,0.39527876757589786,False,SYNTHETIC,synthetic_engineer_v1
RFQ731-000707,X731,7,CFG731_608c0251ef380592,0.9052638100657369,CFG731_faa6b560b4d99a0a,3,0.469234295411031,False,SYNTHETIC,synthetic_engineer_v1
RFQ731-000708,X731,4,CFG731_2be17a56b0589fd1,0.9210530438699474,CFG731_07364aa0260e0bc7,2,0.8496243375703759,False,SYNTHETIC,synthetic_engineer_v1
RFQ731-000709,X731,4,CFG731_219ac3d01befd6d1,0.9210532803339474,CFG731_9d1ffcce07240574,2,0.8496247586453759,False,SYNTHETIC,synthetic_engineer_v1
RFQ731-000710,G731ST-LT,4,CFG731_ab4075c601d1397c,0.8496248605493759,CFG731_d982a98f914f0a87,4,0.35763395487188854,False,SYNTHETIC,synthetic_engineer_v1
RFQ731-000711,X731,3,CFG731_31aa13473958d7d3,0.8654136343065866,CFG731_4d39aa53959ccce3,3,0.3684599009569814,False,SYNTHETIC,synthetic_engineer_v1
RFQ731-000712,G731ST-LT,2,CFG731_996314000fcfec4b,0.9368429040571579,CFG731_455da2f832a6b66d,2,0.8939852620170151,False,SYNTHETIC,synthetic_engineer_v1
RFQ731-000713,X731,3,CFG731_e08dfad4737be3d9,0.9368430433761579,CFG731_4eb28f7e77f7ba51,3,0.2526509554265697,False,SYNTHETIC,synthetic_engineer_v1
RFQ731-000714,X731,4,CFG731_ddd1ce28a3456ff6,0.8496247494863759,CFG731_20fe81ae7d0a406e,4,0.2324503871294768,False,SYNTHETIC,synthetic_engineer_v1
RFQ731-000715,G731ST-LT,4,CFG731_0fdf5c36c9c41e69,0.8496250032153759,CFG731_671960d0fb04b698,3,0.48704585972477094,False,SYNTHETIC,synthetic_engineer_v1
RFQ731-000716,X731,3,CFG731_37c55138c4eebb90,0.3769157124229226,CFG731_a59bfb67e03ca4c8,3,0.2541217205508638,False,SYNTHETIC,synthetic_engineer_v1
RFQ731-000717,G731ST-LT,10,CFG731_7f5bfa7b21e81359,0.9052637896197369,CFG731_e67173c88f9460f6,5,0.4686824960207957,False,SYNTHETIC,synthetic_engineer_v1
RFQ731-000718,F731TE,1,CFG731_874928f24c55285e,0.3346752634986192,CFG731_874928f24c55285e,1,0.3346752634986192,True,SYNTHETIC,synthetic_engineer_v1
RFQ731-000719,X731,3,CFG731_91e51485b56960b2,0.936842133517158,CFG731_deb3d65220135a9e,2,0.8511278861648722,False,SYNTHETIC,synthetic_engineer_v1
RFQ731-000720,X731,4,CFG731_da02526d254e2e35,0.9210535453399473,CFG731_e5e722b510c96bb7,2,0.36590635549241796,False,SYNTHETIC,synthetic_engineer_v1
RFQ731-000721,G731ST-HT,4,CFG731_cc9ac35e4d9a1854,0.9210532950489474,CFG731_4d6c56202edf3f41,3,0.48539103336006506,False,SYNTHETIC,synthetic_engineer_v1
RFQ731-000722,F731WD_DUALCHANNEL,4,CFG731_37e3938c6089bb2d,0.7721812222478195,CFG731_d135404efcd6265d,4,0.29171827319987,False,SYNTHETIC,synthetic_engineer_v1
RFQ731-000723,X731,5,CFG731_abcee67081353f16,0.9210534253209474,CFG731_48cf6bd4ca59e583,5,0.48447266895700625,False,SYNTHETIC,synthetic_engineer_v1
RFQ731-000724,F731TE,1,CFG731_d8c69b7395beabbb,0.4712559081805604,CFG731_d8c69b7395beabbb,1,0.4712559081805604,True,SYNTHETIC,synthetic_engineer_v1
RFQ731-000725,X731,2,CFG731_59f86789e43d86f1,0.4989745376703344,CFG731_3c85eeb43bc9e42a,2,0.3706657699009226,False,SYNTHETIC,synthetic_engineer_v1
RFQ731-000726,X731,2,CFG731_d9234c84a58b99ae,0.4831858062511239,CFG731_9676c8784fca6c61,2,0.23796449759282973,False,SYNTHETIC,synthetic_engineer_v1
RFQ731-000727,X731,8,CFG731_f87794e7a98d0b11,0.9210536192649473,CFG731_ba522ec0a7a74924,6,0.36590622812041795,False,SYNTHETIC,synthetic_engineer_v1
RFQ731-000728,F731WD_DUALCHANNEL,1,CFG731_a4610f5f38e7d946,0.8338355064901655,CFG731_a4610f5f38e7d946,1,0.8338355064901655,True,SYNTHETIC,synthetic_engineer_v1
RFQ731-000729,X731,3,CFG731_91e51485b56960b2,0.9368424328361579,CFG731_c8d4383220ad607a,2,0.500813478630452,False,SYNTHETIC,synthetic_engineer_v1
RFQ731-000730,X731,7,CFG731_3b2a32abbf148ca1,0.9210526402789474,CFG731_d4be02ad7e56a796,3,0.4831851171861239,False,SYNTHETIC,synthetic_engineer_v1
RFQ731-000731,G731ST-LT,2,CFG731_7203705eed387b0a,0.8654137408145866,CFG731_3c070a82e4102784,2,0.8511287539018721,False,SYNTHETIC,synthetic_engineer_v1
RFQ731-000732,X731,3,CFG731_c39096767a7ae083,0.9526320653783684,CFG731_16f81be390fdae7e,3,0.384985408222839,False,SYNTHETIC,synthetic_engineer_v1
RFQ731-000733,X731,3,CFG731_91e51485b56960b2,0.9368421906031579,CFG731_ab67f4ca670c9841,2,0.500813391931452,False,SYNTHETIC,synthetic_engineer_v1
RFQ731-000734,X731,2,CFG731_516629085c122a4e,0.9368423655681579,CFG731_5718ef9495972b30,2,0.4335335486987461,False,SYNTHETIC,synthetic_engineer_v1
RFQ731-000735,G731ST-LT,4,CFG731_715a3d3226cbaffd,0.9210528649689473,CFG731_9c6b16fef6d02aaf,4,0.35763354659488855,False,SYNTHETIC,synthetic_engineer_v1
RFQ731-000736,X731,2,CFG731_eee37571734035ae,0.35818593300612384,CFG731_8defc1a0775e52a5,2,0.23833264051665326,False,SYNTHETIC,synthetic_engineer_v1
RFQ731-000737,X731,4,CFG731_70aa5a64b0803277,0.849624554872376,CFG731_8956c16bd3b9a345,4,0.35340655437241797,False,SYNTHETIC,synthetic_engineer_v1
RFQ731-000738,X731,12,CFG731_5e61ce3b60d15e11,0.9052637610357369,CFG731_ceb13e5602925e38,11,0.2196022167748545,False,SYNTHETIC,synthetic_engineer_v1
RFQ731-000739,X731,3,CFG731_71dcda3a004aaa52,0.3581850836721238,CFG731_c0de9fcc26bbc71b,2,0.23833248301665327,False,SYNTHETIC,synthetic_engineer_v1
RFQ731-000740,X731,2,CFG731_608c0251ef380592,0.9368421670081579,CFG731_33fed5318b1a4f2f,2,0.8939852617030151,False,SYNTHETIC,synthetic_engineer_v1
RFQ731-000741,X731,4,CFG731_5e61ce3b60d15e11,0.9368421220111579,CFG731_04a704e692f8fd05,2,0.8654141308195865,False,SYNTHETIC,synthetic_engineer_v1
RFQ731-000742,F731WD_DUALCHANNEL,2,CFG731_a4610f5f38e7d946,0.8180454318559549,CFG731_e8331b2a91577f04,2,0.8037600641232405,False,SYNTHETIC,synthetic_engineer_v1
RFQ731-000743,F731TE,1,CFG731_3d8c1bbc0ef4249a,0.4712567163765604,CFG731_3d8c1bbc0ef4249a,1,0.4712567163765604,True,SYNTHETIC,synthetic_engineer_v1
RFQ731-000744,X731,2,CFG731_62d0f0f6bab9bdcb,0.936842273197158,CFG731_9fcbeaf9d5010d3a,2,0.4335340135907461,False,SYNTHETIC,synthetic_engineer_v1
RFQ731-000745,G731ST-HT,4,CFG731_63eca10a00ae1f5d,0.9210532365779474,CFG731_a4416ae9d698efa6,3,0.485391188653065,False,SYNTHETIC,synthetic_engineer_v1
RFQ731-000746,G731ST-LT,4,CFG731_1d89d7fdc7355744,0.849624866623376,CFG731_2eae9204301f61ab,4,0.3534057342584179,False,SYNTHETIC,synthetic_engineer_v1
RFQ731-000747,G731ST-HT,2,CFG731_fcc72e9951376cf3,0.8654143944085865,CFG731_dabfe16503f243e3,2,0.8511287882048721,False,SYNTHETIC,synthetic_engineer_v1
RFQ731-000748,X731,2,CFG731_b1693ef6b18686ac,0.49897499931933437,CFG731_a4b44df449e9d78d,2,0.2541223862448638,False,SYNTHETIC,synthetic_engineer_v1
RFQ731-000749,X731,3,CFG731_241d60e6ef5278be,0.849625045853376,CFG731_2a6e9b57f90048ca,3,0.36443593631612387,False,SYNTHETIC,synthetic_engineer_v1
RFQ731-000750,G731ST-LT,2,CFG731_ab4075c601d1397c,0.8654136028965865,CFG731_1d59f25068204b01,2,0.373423024409099,False,SYNTHETIC,synthetic_engineer_v1
RFQ731-000751,X731,6,CFG731_11da8cc369b71f5a,0.849624592412376,CFG731_eea573acdafa9ee3,6,0.23686214277935916,False,SYNTHETIC,synthetic_engineer_v1
RFQ731-000752,X731,5,CFG731_83f956404d04e6cd,0.8496246913143759,CFG731_f9254a8bb3738033,5,0.35744976830247677,False,SYNTHETIC,synthetic_engineer_v1
RFQ731-000753,X731,3,CFG731_db983e07a279051a,0.9052636669567369,CFG731_75b93da9dd9b0316,3,0.4686826018797957,False,SYNTHETIC,synthetic_engineer_v1
RFQ731-000754,G731ST-HT,4,CFG731_a56f1437a0b4ca31,0.8496244913393759,CFG731_86a2340212c01d2a,3,0.4870460569477709,False,SYNTHETIC,synthetic_engineer_v1
RFQ731-000755,X731,2,CFG731_2be17a56b0589fd1,0.9368423817151579,CFG731_c6a3ff6155563d17,2,0.4335341609207461,False,SYNTHETIC,synthetic_engineer_v1
RFQ731-000756,G731ST-HT,8,CFG731_4aa7d46b9cfa7d7b,0.9052639512107369,CFG731_ad49f2ad57627f46,8,0.33283727549850156,False,SYNTHETIC,synthetic_engineer_v1
RFQ731-000757,X731,2,CFG731_32b1041fd68aac23,0.8654136611835865,CFG731_3611bb1fba248e38,2,0.8511288190258722,False,SYNTHETIC,synthetic_engineer_v1
RFQ731-000758,X731,3,CFG731_e80085d86d0bbfa9,0.8654138369665865,CFG731_6526112621a9ee97,3,0.3802250773653344,False,SYNTHETIC,synthetic_engineer_v1
RFQ731-000759,X731,5,CFG731_0fbee36816b7af98,0.8654139895445865,CFG731_aef3ebf3cdf884c1,4,0.37783570634098146,False,SYNTHETIC,synthetic_engineer_v1
RFQ731-000760,X731,8,CFG731_b4987f1c95e91d0d,0.9052633681977369,CFG731_aa8c30a4f1baca2e,6,0.40195508902032506,False,SYNTHETIC,synthetic_engineer_v1
RFQ731-000761,X731,6,CFG731_0db950a4979d2c52,0.9368430499381579,CFG731_243419c6708378b3,5,0.5002613477002168,False,SYNTHETIC,synthetic_engineer_v1
RFQ731-000762,X731,2,CFG731_ddfa4ab00c1bcdd0,0.8654142550645865,CFG731_ddfa4ab00c1bcdd0,1,0.8654142550645865,True,SYNTHETIC,synthetic_engineer_v1
RFQ731-000763,X731,4,CFG731_5dd42015f6f61801,0.9368422214661579,CFG731_5c624ef6fa2b6510,3,0.5011810612892755,False,SYNTHETIC,synthetic_engineer_v1
RFQ731-000764,G731CA,1,CFG731_95a64c12c70f922a,0.8353392626906616,CFG731_95a64c12c70f922a,1,0.8353392626906616,True,SYNTHETIC,synthetic_engineer_v1
RFQ731-000765,X731,6,CFG731_abcee67081353f16,0.9052635902687369,CFG731_19ca9bcd323192d2,6,0.344234694306031,False,SYNTHETIC,synthetic_engineer_v1
RFQ731-000766,F731WD_SINGLECHANNEL,1,CFG731_a7d2a5a9ae465701,0.8195495240374512,CFG731_a7d2a5a9ae465701,1,0.8195495240374512,True,SYNTHETIC,synthetic_engineer_v1
RFQ731-000767,X731,4,CFG731_608c0251ef380592,0.9210534212999474,CFG731_75466cb810218a66,2,0.849624348116376,False,SYNTHETIC,synthetic_engineer_v1
RFQ731-000768,G731CA,1,CFG731_19ec976991ce75a9,0.8353389976566616,CFG731_19ec976991ce75a9,1,0.8353389976566616,True,SYNTHETIC,synthetic_engineer_v1
RFQ731-000769,X731,3,CFG731_b4987f1c95e91d0d,0.9210527057319473,CFG731_140a9819128d92da,3,0.48502327895124153,False,SYNTHETIC,synthetic_engineer_v1
RFQ731-000770,G731ST-LT,4,CFG731_7882c72c21497015,0.9210535098979473,CFG731_bdfa7cd2dbcb13f7,3,0.48539148220906503,False,SYNTHETIC,synthetic_engineer_v1
RFQ731-000771,X731,1,CFG731_c9498cf6f4410d44,0.9210530580769474,CFG731_c9498cf6f4410d44,1,0.9210530580769474,True,SYNTHETIC,synthetic_engineer_v1
RFQ731-000772,X731,1,CFG731_565e3731063ff5c5,0.849624420140376,CFG731_565e3731063ff5c5,1,0.849624420140376,True,SYNTHETIC,synthetic_engineer_v1
RFQ731-000773,X731,3,CFG731_3bcde7f8df32303c,0.8654141539585866,CFG731_8a1a8cb1f6a30d3a,3,0.37323948880668734,False,SYNTHETIC,synthetic_engineer_v1
RFQ731-000774,X731,3,CFG731_32a4bb12438a37ab,0.9368424519561579,CFG731_d3db38843cf9fb81,3,0.8511284231778722,False,SYNTHETIC,synthetic_engineer_v1
RFQ731-000775,X731,7,CFG731_2be17a56b0589fd1,0.9052634389457369,CFG731_0ef26d136a7182e8,5,0.40195498795932505,False,SYNTHETIC,synthetic_engineer_v1
RFQ731-000776,X731,1,CFG731_fd3397424975992e,0.4989753216693344,CFG731_fd3397424975992e,1,0.4989753216693344,True,SYNTHETIC,synthetic_engineer_v1
RFQ731-000777,G731CA,2,CFG731_691a8f2ff165671d,0.8037597726602406,CFG731_691a8f2ff165671d,1,0.8037597726602406,True,SYNTHETIC,synthetic_engineer_v1
RFQ731-000778,X731,2,CFG731_cf543b1c3927ab71,0.9368423302171579,CFG731_4b5262a517204cb5,2,0.3673569685775108,False,SYNTHETIC,synthetic_engineer_v1
RFQ731-000779,X731,6,CFG731_3b2a32abbf148ca1,0.9210527801129473,CFG731_ade755d80d357018,5,0.23649407821653562,False,SYNTHETIC,synthetic_engineer_v1
RFQ731-000780,F731TE,1,CFG731_3fe2202b70f330b1,0.3346749395116192,CFG731_3fe2202b70f330b1,1,0.3346749395116192,True,SYNTHETIC,synthetic_engineer_v1
RFQ731-000781,X731,6,CFG731_0fbee36816b7af98,0.8496246560473759,CFG731_b44b2e6818291871,6,0.23612669052571209,False,SYNTHETIC,synthetic_engineer_v1
RFQ731-000782,X731,3,CFG731_8c8856d21252930e,0.9052636842287369,CFG731_6472ab3bf7316498,3,0.4686824917867957,False,SYNTHETIC,synthetic_engineer_v1
RFQ731-000783,X731,1,CFG731_daff07a8bdec497b,0.4831859653171239,CFG731_daff07a8bdec497b,1,0.4831859653171239,True,SYNTHETIC,synthetic_engineer_v1
RFQ731-000784,X731,12,CFG731_0db950a4979d2c52,0.9210533796459474,CFG731_bce0bc4b7b3a4799,10,0.35634692383700617,False,SYNTHETIC,synthetic_engineer_v1
RFQ731-000785,X731,1,CFG731_6e27958dc8215006,0.38976422971854485,CFG731_6e27958dc8215006,1,0.38976422971854485,True,SYNTHETIC,synthetic_engineer_v1
RFQ731-000786,F731TE,1,CFG731_090330aa38b8e80b,0.33467584954861923,CFG731_090330aa38b8e80b,1,0.33467584954861923,True,SYNTHETIC,synthetic_engineer_v1
RFQ731-000787,G731ST-LT,22,CFG731_e0009be417f51ccd,0.8894744622615263,CFG731_214106ade9f79641,22,0.19425376033123218,False,SYNTHETIC,synthetic_engineer_v1
RFQ731-000788,X731,2,CFG731_6e096e946540ab4e,0.881203743072797,CFG731_ac8195f5cce7d089,2,0.881203320377797,False,SYNTHETIC,synthetic_engineer_v1
RFQ731-000789,X731,2,CFG731_e08dfad4737be3d9,0.9526320056953684,CFG731_31d0a0df66872bf7,2,0.4493237184949566,False,SYNTHETIC,synthetic_engineer_v1
RFQ731-000790,X731,2,CFG731_e08dfad4737be3d9,0.9526318840243684,CFG731_5052a216a260faff,2,0.44932307821595663,False,SYNTHETIC,synthetic_engineer_v1
RFQ731-000791,F731TE,1,CFG731_07fb816f7dc25bc8,0.8338348133261655,CFG731_07fb816f7dc25bc8,1,0.8338348133261655,True,SYNTHETIC,synthetic_engineer_v1
RFQ731-000792,X731,4,CFG731_12d9cb8d41e8f486,0.8654144633055866,CFG731_1b365e0951e7dea4,3,0.4304090409027461,False,SYNTHETIC,synthetic_engineer_v1
RFQ731-000793,G731CA,2,CFG731_0bb185f546403346,0.31888585899540867,CFG731_0bb185f546403346,1,0.31888585899540867,True,SYNTHETIC,synthetic_engineer_v1
RFQ731-000794,X731,2,CFG731_89772de94df83ba5,0.8496250428733759,CFG731_0988a349490181d9,2,0.23245033283947678,False,SYNTHETIC,synthetic_engineer_v1
RFQ731-000795,X731,4,CFG731_abcee67081353f16,0.9210526382919474,CFG731_26a55fc6510692e1,3,0.48539116799506504,False,SYNTHETIC,synthetic_engineer_v1
RFQ731-000796,X731,2,CFG731_25b84d9ab233c6bf,0.3453374687835016,CFG731_25b84d9ab233c6bf,1,0.3453374687835016,True,SYNTHETIC,synthetic_engineer_v1
RFQ731-000797,X731,1,CFG731_ae226e31119be9bd,0.9210534871829473,CFG731_ae226e31119be9bd,1,0.9210534871829473,True,SYNTHETIC,synthetic_engineer_v1
RFQ731-000798,X731,3,CFG731_8d2d91c46ccfb471,0.9368430902831579,CFG731_9fd2ebe15271fc33,3,0.500812775364452,False,SYNTHETIC,synthetic_engineer_v1
RFQ731-000799,X731,2,CFG731_a70e307c2ffca857,0.9052639161027369,CFG731_4f57c7eb0fb7e785,2,0.3482785500570898,False,SYNTHETIC,synthetic_engineer_v1
RFQ731-000800,X731,6,CFG731_fb1ab4b34e9c8a75,0.849624950106376,CFG731_b3cd6a1a19fbc328,5,0.36057544739547676,False,SYNTHETIC,synthetic_engineer_v1
RFQ731-000801,X731,1,CFG731_47bb86ed234fd5e6,0.35818597978812383,CFG731_47bb86ed234fd5e6,1,0.35818597978812383,True,SYNTHETIC,synthetic_engineer_v1
RFQ731-000802,X731,2,CFG731_da02526d254e2e35,0.9368421261301579,CFG731_efc9d6b915117e15,2,0.8939857695270151,False,SYNTHETIC,synthetic_engineer_v1
RFQ731-000803,X731,6,CFG731_8c50542218db5cb0,0.9052634925117369,CFG731_b3506a753aafcfa3,3,0.469234744378031,False,SYNTHETIC,synthetic_engineer_v1
RFQ731-000804,X731,4,CFG731_960e69befde5f9f6,0.33908669958950155,CFG731_ab9e33e0db28df11,3,0.2221757960236192,False,SYNTHETIC,synthetic_engineer_v1
RFQ731-000805,X731,2,CFG731_b7e96d5717c40fd6,0.9526321701593684,CFG731_94be99d48ade0efb,2,0.3838824650453684,False,SYNTHETIC,synthetic_engineer_v1
RFQ731-000806,X731,1,CFG731_daff07a8bdec497b,0.48318512685412385,CFG731_daff07a8bdec497b,1,0.48318512685412385,True,SYNTHETIC,synthetic_engineer_v1
RFQ731-000807,G731ST-LT,14,CFG731_715a3d3226cbaffd,0.8894745356925263,CFG731_dac27b97cd6b7ff8,14,0.1894738723125263,False,SYNTHETIC,synthetic_engineer_v1
RFQ731-000808,X731,4,CFG731_516629085c122a4e,0.9210527866739473,CFG731_12089d5d54f581ac,3,0.48539102983306504,False,SYNTHETIC,synthetic_engineer_v1
RFQ731-000809,G731CA,1,CFG731_19ec976991ce75a9,0.8353386948596616,CFG731_19ec976991ce75a9,1,0.8353386948596616,True,SYNTHETIC,synthetic_engineer_v1
RFQ731-000810,X731,4,CFG731_b8b11650a048baf7,0.849624889876376,CFG731_868fc79316fb0836,3,0.36443537840512386,False,SYNTHETIC,synthetic_engineer_v1
RFQ731-000811,F731WD_DUALCHANNEL,1,CFG731_a4610f5f38e7d946,0.8338354551401654,CFG731_a4610f5f38e7d946,1,0.8338354551401654,True,SYNTHETIC,synthetic_engineer_v1
RFQ731-000812,X731,1,CFG731_8d78781f8753b72a,0.9210536218709473,CFG731_8d78781f8753b72a,1,0.9210536218709473,True,SYNTHETIC,synthetic_engineer_v1
RFQ731-000813,G731CA,1,CFG731_4189e4dbecbffadb,0.48704600608477094,CFG731_4189e4dbecbffadb,1,0.48704600608477094,True,SYNTHETIC,synthetic_engineer_v1
RFQ731-000814,G731ST-HT,6,CFG731_a56f1437a0b4ca31,0.849624507305376,CFG731_d71a39e1fcf17083,5,0.3620462025637709,False,SYNTHETIC,synthetic_engineer_v1
RFQ731-000815,X731,11,CFG731_c39096767a7ae083,0.9052639283437369,CFG731_34bf8aa6c521cef0,11,0.2196021317918545,False,SYNTHETIC,synthetic_engineer_v1
RFQ731-000816,X731,2,CFG731_ddd1ce28a3456ff6,0.8654135973045866,CFG731_fa2849b259355775,2,0.8511279956438722,False,SYNTHETIC,synthetic_engineer_v1
RFQ731-000817,X731,1,CFG731_7962ce0b7d875608,0.48318568117712385,CFG731_7962ce0b7d875608,1,0.48318568117712385,True,SYNTHETIC,synthetic_engineer_v1
RFQ731-000818,X731,2,CFG731_20e62aeb01c953da,0.881203468922797,CFG731_20e62aeb01c953da,1,0.881203468922797,True,SYNTHETIC,synthetic_engineer_v1
RFQ731-000819,X731,2,CFG731_60f3aae8ede70fe0,0.9526319461303684,CFG731_7f60255816247683,2,0.9097747925362256,False,SYNTHETIC,synthetic_engineer_v1
RFQ731-000820,G731ST-HT,12,CFG731_7b2f69a7ca55041b,0.9052640595777369,CFG731_fab0d81b6a0ca4e0,10,0.34055735305579565,False,SYNTHETIC,synthetic_engineer_v1
RFQ731-000821,G731ST-LT,10,CFG731_1d89d7fdc7355744,0.8338355682201655,CFG731_159f3a6877b5a5d2,10,0.21721253941650157,False,SYNTHETIC,synthetic_engineer_v1
RFQ731-000822,X731,4,CFG731_ef6e203c92a71c88,0.48318514845612387,CFG731_ef6e203c92a71c88,1,0.48318514845612387,True,SYNTHETIC,synthetic_engineer_v1
RFQ731-000823,X731,1,CFG731_d27f5f5f307014a8,0.881203099696797,CFG731_d27f5f5f307014a8,1,0.881203099696797,True,SYNTHETIC,synthetic_engineer_v1
RFQ731-000824,G731ST-HT,2,CFG731_646d8903da63e1f0,0.8654142518545865,CFG731_646d8903da63e1f0,1,0.8654142518545865,True,SYNTHETIC,synthetic_engineer_v1
RFQ731-000825,G731ST-LT,4,CFG731_7f5bfa7b21e81359,0.9210529598579473,CFG731_5be9d749d8317fd3,2,0.849624707269376,False,SYNTHETIC,synthetic_engineer_v1
RFQ731-000826,G731ST-LT,4,CFG731_7882c72c21497015,0.9210529219179473,CFG731_ad54a3e31832f7d2,3,0.8353388421086616,False,SYNTHETIC,synthetic_engineer_v1
RFQ731-000827,X731,5,CFG731_8c50542218db5cb0,0.9052641355057369,CFG731_eea9998b9f9a0bdb,3,0.469234304381031,False,SYNTHETIC,synthetic_engineer_v1
RFQ731-000828,X731,12,CFG731_219ac3d01befd6d1,0.9052639562947369,CFG731_78ea99817ca8be6a,12,0.21868272583579565,False,SYNTHETIC,synthetic_engineer_v1
RFQ731-000829,X731,3,CFG731_4a42ba5932c01b01,0.3769161757799226,CFG731_91111a4a3e291c8a,3,0.24640102919656964,False,SYNTHETIC,synthetic_engineer_v1
RFQ731-000830,X731,1,CFG731_8d78781f8753b72a,0.9210534783779474,CFG731_8d78781f8753b72a,1,0.9210534783779474,True,SYNTHETIC,synthetic_engineer_v1
RFQ731-000831,X731,5,CFG731_89772de94df83ba5,0.8338351366231654,CFG731_9267914435603df0,5,0.33651405344873686,False,SYNTHETIC,synthetic_engineer_v1
RFQ731-000832,X731,2,CFG731_aa7f1abab518f995,0.3354109791782663,CFG731_cb6654d77e7e4d72,2,0.3354102485132663,False,SYNTHETIC,synthetic_engineer_v1
RFQ731-000833,X731,5,CFG731_d40b624cb7b84a81,0.849624804734376,CFG731_d7c031e2b589d088,5,0.23833207429365327,False,SYNTHETIC,synthetic_engineer_v1
RFQ731-000834,X731,2,CFG731_011ca4ba794bd4d6,0.9052631907617369,CFG731_d8843ca5e91f93ae,2,0.46960209605485453,False,SYNTHETIC,synthetic_engineer_v1
RFQ731-000835,G731ST-LT,10,CFG731_e0009be417f51ccd,0.9052639749417368,CFG731_77fac91021549398,5,0.4686828716137957,False,SYNTHETIC,synthetic_engineer_v1
RFQ731-000836,X731,1,CFG731_4ba013fed31fb45f,0.8195494325484511,CFG731_4ba013fed31fb45f,1,0.8195494325484511,True,SYNTHETIC,synthetic_engineer_v1
RFQ731-000837,X731,4,CFG731_516629085c122a4e,0.9210536077999474,CFG731_7756caaf4e5e2963,3,0.48502364401924153,False,SYNTHETIC,synthetic_engineer_v1
RFQ731-000838,X731,3,CFG731_8f470181ad32eeae,0.8654138563695866,CFG731_8366eceddaf01e58,3,0.3684603908919814,False,SYNTHETIC,synthetic_engineer_v1
RFQ731-000839,G731ST-LT,2,CFG731_a40ab19ad6671fbe,0.9368423962741579,CFG731_87d8ba5b87cf0a3f,2,0.4335340435597461,False,SYNTHETIC,synthetic_engineer_v1
RFQ731-000840,X731,4,CFG731_bbcb665ced67f8c3,0.849624900726376,CFG731_2e5bd0d53757f625,3,0.3637006025874768,False,SYNTHETIC,synthetic_engineer_v1
RFQ731-000841,X731,3,CFG731_adb08ca5dce20691,0.9052633191357369,CFG731_3ac187941df4fdac,3,0.34644025466997214,False,SYNTHETIC,synthetic_engineer_v1
RFQ731-000842,X731,8,CFG731_5dd42015f6f61801,0.9052639371757368,CFG731_29521f988dd233e6,8,0.2196015356458545,False,SYNTHETIC,synthetic_engineer_v1
RFQ731-000843,G731CA,1,CFG731_817824ee3a762453,0.8353388160186616,CFG731_817824ee3a762453,1,0.8353388160186616,True,SYNTHETIC,synthetic_engineer_v1
RFQ731-000844,G731ST-HT,4,CFG731_4aa7d46b9cfa7d7b,0.9210534838649473,CFG731_ff04d32ca467d2a5,3,0.35763435054088855,False,SYNTHETIC,synthetic_engineer_v1
RFQ731-000845,G731CA,1,CFG731_5bfe9492c76587ec,0.4870453256987709,CFG731_5bfe9492c76587ec,1,0.4870453256987709,True,SYNTHETIC,synthetic_engineer_v1
RFQ731-000846,X731,3,CFG731_ddd1ce28a3456ff6,0.849624626555376,CFG731_63b50b6b631946e6,2,0.36590646726941795,False,SYNTHETIC,synthetic_engineer_v1
RFQ731-000847,F731WD_DUALCHANNEL,1,CFG731_c0f6f70a47ed04ba,0.4554671033033499,CFG731_c0f6f70a47ed04ba,1,0.4554671033033499,True,SYNTHETIC,synthetic_engineer_v1
RFQ731-000848,X731,6,CFG731_608c0251ef380592,0.9052640079317369,CFG731_77ac60f5637770e9,5,0.34423438705703097,False,SYNTHETIC,synthetic_engineer_v1
RFQ731-000849,X731,3,CFG731_7308ee8503151ef3,0.8654142608745865,CFG731_6d44172bc82c7ed7,3,0.37507802223780495,False,SYNTHETIC,synthetic_engineer_v1
RFQ731-000850,G731ST-HT,4,CFG731_7b2f69a7ca55041b,0.9210535231779473,CFG731_8216f56c8f1b8479,3,0.48539163801806506,False,SYNTHETIC,synthetic_engineer_v1
RFQ731-000851,X731,1,CFG731_260c36430f7c2d03,0.9210531300169473,CFG731_260c36430f7c2d03,1,0.9210531300169473,True,SYNTHETIC,synthetic_engineer_v1
RFQ731-000852,X731,7,CFG731_83f956404d04e6cd,0.8496249591873759,CFG731_bb4f0886ba308d63,7,0.23833241852465326,False,SYNTHETIC,synthetic_engineer_v1
RFQ731-000853,X731,5,CFG731_8c50542218db5cb0,0.9052638678787369,CFG731_eea9998b9f9a0bdb,3,0.469234471915031,False,SYNTHETIC,synthetic_engineer_v1
RFQ731-000854,X731,1,CFG731_c775e192f3d489e9,0.849624381134376,CFG731_c775e192f3d489e9,1,0.849624381134376,True,SYNTHETIC,synthetic_engineer_v1
RFQ731-000855,F731TE,1,CFG731_ec26805bdf93259f,0.8338345967961655,CFG731_ec26805bdf93259f,1,0.8338345967961655,True,SYNTHETIC,synthetic_engineer_v1
RFQ731-000856,G731ST-HT,8,CFG731_4aa7d46b9cfa7d7b,0.9052634522947369,CFG731_ad49f2ad57627f46,8,0.3328374792795016,False,SYNTHETIC,synthetic_engineer_v1
RFQ731-000857,X731,1,CFG731_4d7e108ea05eeb07,0.9210533353849474,CFG731_4d7e108ea05eeb07,1,0.9210533353849474,True,SYNTHETIC,synthetic_engineer_v1
RFQ731-000858,G731CA,1,CFG731_95a64c12c70f922a,0.8353391075966616,CFG731_95a64c12c70f922a,1,0.8353391075966616,True,SYNTHETIC,synthetic_engineer_v1
RFQ731-000859,X731,4,CFG731_04a53b6cc81d57d6,0.8496246849953759,CFG731_6d0d64ab66a91d89,3,0.35763381908788855,False,SYNTHETIC,synthetic_engineer_v1
RFQ731-000860,X731,2,CFG731_fb1ab4b34e9c8a75,0.8654139102575865,CFG731_54b63f2628adfc32,2,0.3794892896626873,False,SYNTHETIC,synthetic_engineer_v1
RFQ731-000861,X731,2,CFG731_d9234c84a58b99ae,0.4831851670351239,CFG731_cb2e63f823697ceb,2,0.23796477673982974,False,SYNTHETIC,synthetic_engineer_v1
RFQ731-000862,G731ST-HT,2,CFG731_329b582435fea539,0.8654140696905865,CFG731_4de012f7232f644d,2,0.8511287852768722,False,SYNTHETIC,synthetic_engineer_v1
RFQ731-000863,X731,1,CFG731_0fbee36816b7af98,0.8969925694220076,CFG731_0fbee36816b7af98,1,0.8969925694220076,True,SYNTHETIC,synthetic_engineer_v1
RFQ731-000864,X731,4,CFG731_2be17a56b0589fd1,0.9210529636629473,CFG731_1f0c09edcd967945,3,0.4850238847422415,False,SYNTHETIC,synthetic_engineer_v1
RFQ731-000865,X731,5,CFG731_89772de94df83ba5,0.8338351606921655,CFG731_9267914435603df0,5,0.3365138399197368,False,SYNTHETIC,synthetic_engineer_v1
RFQ731-000866,X731,1,CFG731_af755e9c46cfadd4,0.8496240661493759,CFG731_af755e9c46cfadd4,1,0.8496240661493759,True,SYNTHETIC,synthetic_engineer_v1
RFQ731-000867,X731,5,CFG731_c887ba58c35036a9,0.9210534412949474,CFG731_7157b3d45716ad8f,5,0.4844717794910062,False,SYNTHETIC,synthetic_engineer_v1
RFQ731-000868,X731,2,CFG731_8d2d91c46ccfb471,0.9526316816013684,CFG731_acd18bc8a73cfdde,2,0.44932314927995665,False,SYNTHETIC,synthetic_engineer_v1
RFQ731-000869,X731,3,CFG731_14299a2a74e42d7f,0.9052636841317369,CFG731_b60961340903daf0,3,0.4686823470317957,False,SYNTHETIC,synthetic_engineer_v1
RFQ731-000870,F731WD_SINGLECHANNEL,2,CFG731_a7d2a5a9ae465701,0.78797062952503,CFG731_ee8e327bbb737abf,2,0.7879705562630301,False,SYNTHETIC,synthetic_engineer_v1
RFQ731-000871,G731CA,1,CFG731_14235f3888d71408,0.8353392735856616,CFG731_14235f3888d71408,1,0.8353392735856616,True,SYNTHETIC,synthetic_engineer_v1
RFQ731-000872,X731,4,CFG731_0db950a4979d2c52,0.9368429241401579,CFG731_7895bfd97573c2b8,3,0.5011812061612756,False,SYNTHETIC,synthetic_engineer_v1
RFQ731-000873,F731WD_SINGLECHANNEL,1,CFG731_e98d2be876599c40,0.8195493471624511,CFG731_e98d2be876599c40,1,0.8195493471624511,True,SYNTHETIC,synthetic_engineer_v1
RFQ731-000874,F731WD_SINGLECHANNEL,2,CFG731_6357400dd5c2804a,0.7879705588210301,CFG731_6357400dd5c2804a,1,0.7879705588210301,True,SYNTHETIC,synthetic_engineer_v1
RFQ731-000875,X731,4,CFG731_31aa13473958d7d3,0.8496244634233759,CFG731_b7c5e5eddd92ed3a,3,0.35230312405894737,False,SYNTHETIC,synthetic_engineer_v1
RFQ731-000876,G731ST-HT,2,CFG731_c32627af59ba1526,0.8654137491265865,CFG731_c32627af59ba1526,1,0.8654137491265865,True,SYNTHETIC,synthetic_engineer_v1
RFQ731-000877,X731,4,CFG731_62d0f0f6bab9bdcb,0.9210535278009473,CFG731_4340f11ba9a46e42,2,0.849624957908376,False,SYNTHETIC,synthetic_engineer_v1
RFQ731-000878,F731TE,1,CFG731_ec26805bdf93259f,0.8338348751211655,CFG731_ec26805bdf93259f,1,0.8338348751211655,True,SYNTHETIC,synthetic_engineer_v1
RFQ731-000879,X731,3,CFG731_fb16e30f5bbb87f2,0.8353387991906616,CFG731_214b769209164299,2,0.36443550242812384,False,SYNTHETIC,synthetic_engineer_v1
RFQ731-000880,G731ST-LT,2,CFG731_8da1da530d6ae54d,0.8654144943955865,CFG731_1d89d7fdc7355744,2,0.8654136839555865,False,SYNTHETIC,synthetic_engineer_v1
RFQ731-000881,G731ST-HT,1,CFG731_076cad91966d4c34,0.8812031754017969,CFG731_076cad91966d4c34,1,0.8812031754017969,True,SYNTHETIC,synthetic_engineer_v1
RFQ731-000882,G731ST-LT,4,CFG731_b86bbf24b1c3a419,0.849624513067376,CFG731_0dd81a588b2a1411,4,0.35928868537759445,False,SYNTHETIC,synthetic_engineer_v1
RFQ731-000883,X731,5,CFG731_20e62aeb01c953da,0.849624572353376,CFG731_48e71c5ae6615397,5,0.23833259192165326,False,SYNTHETIC,synthetic_engineer_v1
RFQ731-000884,X731,1,CFG731_608c0251ef380592,0.9526317258393684,CFG731_608c0251ef380592,1,0.9526317258393684,True,SYNTHETIC,synthetic_engineer_v1
RFQ731-000885,X731,4,CFG731_516629085c122a4e,0.9210529046449474,CFG731_7756caaf4e5e2963,3,0.4850233458222415,False,SYNTHETIC,synthetic_engineer_v1
RFQ731-000886,G731CA,1,CFG731_c7ca2f069d01e42d,0.8353384475866616,CFG731_c7ca2f069d01e42d,1,0.8353384475866616,True,SYNTHETIC,synthetic_engineer_v1
RFQ731-000887,X731,12,CFG731_516629085c122a4e,0.9052637649527369,CFG731_b418359232bf5862,10,0.34055751296379566,False,SYNTHETIC,synthetic_engineer_v1
RFQ731-000888,G731ST-LT,6,CFG731_e0009be417f51ccd,0.9210532147339473,CFG731_0e0f01b5586b92da,5,0.4844725360660062,False,SYNTHETIC,synthetic_engineer_v1
RFQ731-000889,G731CA,1,CFG731_16b53411ff7f6c9b,0.35046465056682974,CFG731_16b53411ff7f6c9b,1,0.35046465056682974,True,SYNTHETIC,synthetic_engineer_v1
RFQ731-000890,G731ST-LT,2,CFG731_e0009be417f51ccd,0.936843035588158,CFG731_750dd83a06ba43cb,2,0.4335338820277461,False,SYNTHETIC,synthetic_engineer_v1
RFQ731-000891,X731,2,CFG731_8f470181ad32eeae,0.881203328700797,CFG731_c1d02f1d1235ec05,2,0.3838821121823684,False,SYNTHETIC,synthetic_engineer_v1
RFQ731-000892,F731PW,1,CFG731_ef211cb97feaddc8,0.8180460600189549,CFG731_ef211cb97feaddc8,1,0.8180460600189549,True,SYNTHETIC,synthetic_engineer_v1
RFQ731-000893,G731ST-HT,1,CFG731_8b18ac1c34209d63,0.9526317335173684,CFG731_8b18ac1c34209d63,1,0.9526317335173684,True,SYNTHETIC,synthetic_engineer_v1
RFQ731-000894,G731ST-HT,2,CFG731_a56f1437a0b4ca31,0.8654142350685865,CFG731_646d8903da63e1f0,2,0.8654137254885865,False,SYNTHETIC,synthetic_engineer_v1
RFQ731-000895,X731,6,CFG731_04a53b6cc81d57d6,0.8338350994461655,CFG731_3cfe26a4a6491587,5,0.22033698291950155,False,SYNTHETIC,synthetic_engineer_v1
RFQ731-000896,X731,3,CFG731_4a42ba5932c01b01,0.3769160217569226,CFG731_17dba025c91c278d,3,0.2537544075800402,False,SYNTHETIC,synthetic_engineer_v1
RFQ731-000897,X731,9,CFG731_8f470181ad32eeae,0.8338348470441654,CFG731_2205a8cc5d1ff08b,7,0.33651330234773685,False,SYNTHETIC,synthetic_engineer_v1
RFQ731-000898,F731WD_DUALCHANNEL,2,CFG731_5076f1c2c0488d0e,0.78797032144703,CFG731_5076f1c2c0488d0e,1,0.78797032144703,True,SYNTHETIC,synthetic_engineer_v1
RFQ731-000899,X731,1,CFG731_1147f9711c4bff84,0.9210526945949473,CFG731_1147f9711c4bff84,1,0.9210526945949473,True,SYNTHETIC,synthetic_engineer_v1
RFQ731-000900,X731,6,CFG731_de1ec1b96e1e485e,0.4673963101859134,CFG731_f0496d00d34377f6,6,0.2089403925569721,False,SYNTHETIC,synthetic_engineer_v1
RFQ731-000901,X731,8,CFG731_5e61ce3b60d15e11,0.9210528777869473,CFG731_491a198d9cd06e17,3,0.4831858740571239,False,SYNTHETIC,synthetic_engineer_v1
RFQ731-000902,G731ST-LT,3,CFG731_7882c72c21497015,0.9368427139771579,CFG731_50a4a25852666336,3,0.36919563790862847,False,SYNTHETIC,synthetic_engineer_v1
RFQ731-000903,G731CA,1,CFG731_1dfb5999b1debe3a,0.3504648831218297,CFG731_1dfb5999b1debe3a,1,0.3504648831218297,True,SYNTHETIC,synthetic_engineer_v1
RFQ731-000904,X731,6,CFG731_3b2a32abbf148ca1,0.9210531120399473,CFG731_d5a8b991307aace7,2,0.4831851871391239,False,SYNTHETIC,synthetic_engineer_v1
RFQ731-000905,G731CA,1,CFG731_508d465d4c518290,0.8353385174396616,CFG731_508d465d4c518290,1,0.8353385174396616,True,SYNTHETIC,synthetic_engineer_v1
RFQ731-000906,G731ST-HT,2,CFG731_4aa7d46b9cfa7d7b,0.9368426494981579,CFG731_83a3644f76b45069,2,0.8939858060970151,False,SYNTHETIC,synthetic_engineer_v1
RFQ731-000907,F731TE,2,CFG731_b7c1a02b25610507,0.78797025638503,CFG731_b7c1a02b25610507,1,0.78797025638503,True,SYNTHETIC,synthetic_engineer_v1
RFQ731-000908,X731,4,CFG731_e80085d86d0bbfa9,0.8654142686045865,CFG731_be171d4bbfab2b66,4,0.3794892579676873,False,SYNTHETIC,synthetic_engineer_v1
RFQ731-000909,X731,3,CFG731_32b1041fd68aac23,0.849624434429376,CFG731_8f2f3a7ba66ea526,3,0.36443567810412386,False,SYNTHETIC,synthetic_engineer_v1
RFQ731-000910,F731TE,1,CFG731_6886c948a9d1ec0c,0.8338350851761654,CFG731_6886c948a9d1ec0c,1,0.8338350851761654,True,SYNTHETIC,synthetic_engineer_v1
RFQ731-000911,X731,4,CFG731_2be17a56b0589fd1,0.9210533936999473,CFG731_1f0c09edcd967945,3,0.4850238093822415,False,SYNTHETIC,synthetic_engineer_v1
RFQ731-000912,X731,4,CFG731_62d0f0f6bab9bdcb,0.9210535625319474,CFG731_631dadb7c0c7adf5,3,0.4850239431172415,False,SYNTHETIC,synthetic_engineer_v1
RFQ731-000913,G731ST-LT,2,CFG731_ab4075c601d1397c,0.8654143651845865,CFG731_bbd32ea73f3dabf1,2,0.36551951348139317,False,SYNTHETIC,synthetic_engineer_v1
RFQ731-000914,X731,9,CFG731_8c50542218db5cb0,0.8894740123575263,CFG731_910ee0b4b8287063,8,0.20675355896523218,False,SYNTHETIC,synthetic_engineer_v1
RFQ731-000915,X731,4,CFG731_b4987f1c95e91d0d,0.9210527628639473,CFG731_5d88e63d941ec6fd,3,0.48539173043106504,False,SYNTHETIC,synthetic_engineer_v1
RFQ731-000916,X731,2,CFG731_8c50542218db5cb0,0.936843042624158,CFG731_15f034f7c265528f,2,0.4335334467007461,False,SYNTHETIC,synthetic_engineer_v1
RFQ731-000917,G731ST-HT,4,CFG731_076cad91966d4c34,0.849624392240376,CFG731_b3ed2928d6d65710,3,0.4870459349487709,False,SYNTHETIC,synthetic_engineer_v1
RFQ731-000918,X731,12,CFG731_c39096767a7ae083,0.9052639305077369,CFG731_c3b5b1049b2ed7bb,12,0.21960219599585448,False,SYNTHETIC,synthetic_engineer_v1
RFQ731-000919,F731TE,1,CFG731_d8c69b7395beabbb,0.4712566482855604,CFG731_d8c69b7395beabbb,1,0.4712566482855604,True,SYNTHETIC,synthetic_engineer_v1
RFQ731-000920,X731,6,CFG731_219ac3d01befd6d1,0.9210536184699474,CFG731_3d79b5ed69541acc,5,0.48447246423700624,False,SYNTHETIC,synthetic_engineer_v1
RFQ731-000921,G731ST-LT,4,CFG731_715a3d3226cbaffd,0.9210526450699473,CFG731_9548d55d92816998,2,0.849624441089376,False,SYNTHETIC,synthetic_engineer_v1
RFQ731-000922,X731,9,CFG731_8c50542218db5cb0,0.8894736970385263,CFG731_910ee0b4b8287063,8,0.20675402899723216,False,SYNTHETIC,synthetic_engineer_v1
RFQ731-000923,G731ST-LT,8,CFG731_32b4b1ec4513af66,0.8338354412651655,CFG731_58b9913d8024b015,8,0.21151317200373684,False,SYNTHETIC,synthetic_engineer_v1
RFQ731-000924,X731,2,CFG731_1147f9711c4bff84,0.9052637489197369,CFG731_1434e7eedafa69d1,2,0.3357784932350898,False,SYNTHETIC,synthetic_engineer_v1
RFQ731-000925,G731ST-HT,6,CFG731_84b16be5aab3bf9b,0.849624662994376,CFG731_b46f92852addf866,5,0.36057487915747677,False,SYNTHETIC,synthetic_engineer_v1
RFQ731-000926,G731ST-HT,4,CFG731_2a989bd6dba74d9f,0.849624581698376,CFG731_b7a7770d19b6f648,3,0.48704625731877094,False,SYNTHETIC,synthetic_engineer_v1
RFQ731-000927,X731,4,CFG731_62d0f0f6bab9bdcb,0.9210528832159474,CFG731_57b3b3a6958ee330,3,0.485391006517065,False,SYNTHETIC,synthetic_engineer_v1
RFQ731-000928,G731ST-HT,4,CFG731_7b2f69a7ca55041b,0.9210530915079473,CFG731_f2a296f2bedae0e8,2,0.849624681278376,False,SYNTHETIC,synthetic_engineer_v1
RFQ731-000929,X731,4,CFG731_c887ba58c35036a9,0.9210533778259473,CFG731_5feb84333ab424ba,2,0.849624505583376,False,SYNTHETIC,synthetic_engineer_v1
RFQ731-000930,X731,1,CFG731_c41fd04f9eea78e7,0.4831856190621239,CFG731_c41fd04f9eea78e7,1,0.4831856190621239,True,SYNTHETIC,synthetic_engineer_v1
RFQ731-000931,X731,3,CFG731_8a7a801f91254eeb,0.8338352288631655,CFG731_b761b914f76d159e,3,0.34643989202297215,False,SYNTHETIC,synthetic_engineer_v1
RFQ731-000932,X731,5,CFG731_8d2d91c46ccfb471,0.9210531760779473,CFG731_f879c0aaba152069,5,0.36002349797524147,False,SYNTHETIC,synthetic_engineer_v1
RFQ731-000933,X731,2,CFG731_186348c5f967a6f7,0.8654144487295865,CFG731_186348c5f967a6f7,1,0.8654144487295865,True,SYNTHETIC,synthetic_engineer_v1
RFQ731-000934,X731,6,CFG731_3b2a32abbf148ca1,0.9210526592899474,CFG731_ade755d80d357018,5,0.23649455216153561,False,SYNTHETIC,synthetic_engineer_v1
RFQ731-000935,X731,4,CFG731_608c0251ef380592,0.9210527823539474,CFG731_3b56310e368fd60f,3,0.48539131477506503,False,SYNTHETIC,synthetic_engineer_v1
RFQ731-000936,X731,1,CFG731_7962ce0b7d875608,0.48318501536012387,CFG731_7962ce0b7d875608,1,0.48318501536012387,True,SYNTHETIC,synthetic_engineer_v1
RFQ731-000937,X731,4,CFG731_83f956404d04e6cd,0.8654142695145866,CFG731_cc50cacf788bd84a,3,0.38022509411233435,False,SYNTHETIC,synthetic_engineer_v1
RFQ731-000938,X731,1,CFG731_59f86789e43d86f1,0.5147644083135449,CFG731_59f86789e43d86f1,1,0.5147644083135449,True,SYNTHETIC,synthetic_engineer_v1
RFQ731-000939,X731,4,CFG731_11da8cc369b71f5a,0.8654137545585865,CFG731_5247c83d5f005ead,4,0.3794895612466873,False,SYNTHETIC,synthetic_engineer_v1
RFQ731-000940,X731,4,CFG731_2be17a56b0589fd1,0.9210531284679473,CFG731_5a14e01af9745dda,3,0.4850235354962415,False,SYNTHETIC,synthetic_engineer_v1
RFQ731-000941,X731,2,CFG731_0db950a4979d2c52,0.9526322948223683,CFG731_36d7686aca1200ae,2,0.44932373881895665,False,SYNTHETIC,synthetic_engineer_v1
RFQ731-000942,G731ST-HT,12,CFG731_63eca10a00ae1f5d,0.9052637920937369,CFG731_2eea910b2403bc4c,10,0.34055824042279564,False,SYNTHETIC,synthetic_engineer_v1
RFQ731-000943,F731TE,2,CFG731_b7c1a02b25610507,0.7879702790110301,CFG731_b7c1a02b25610507,1,0.7879702790110301,True,SYNTHETIC,synthetic_engineer_v1
RFQ731-000944,G731ST-HT,1,CFG731_63eca10a00ae1f5d,0.9526321328963684,CFG731_63eca10a00ae1f5d,1,0.9526321328963684,True,SYNTHETIC,synthetic_engineer_v1
RFQ731-000945,X731,2,CFG731_f87794e7a98d0b11,0.9526316264183684,CFG731_dca3d8725270dd93,2,0.44932301465095664,False,SYNTHETIC,synthetic_engineer_v1
RFQ731-000946,X731,4,CFG731_3b2a32abbf148ca1,0.9368428273911579,CFG731_d4dafb658c85c692,4,0.2526516947385697,False,SYNTHETIC,synthetic_engineer_v1
RFQ731-000947,G731ST-LT,11,CFG731_e0009be417f51ccd,0.9052640854627368,CFG731_5be384035f37d372,10,0.34055790439579564,False,SYNTHETIC,synthetic_engineer_v1
RFQ731-000948,X731,1,CFG731_7308ee8503151ef3,0.8969927585110076,CFG731_7308ee8503151ef3,1,0.8969927585110076,True,SYNTHETIC,synthetic_engineer_v1
RFQ731-000949,F731TE,2,CFG731_f79503cf8f87ea49,0.7879703646360301,CFG731_f79503cf8f87ea49,1,0.7879703646360301,True,SYNTHETIC,synthetic_engineer_v1
RFQ731-000950,X731,2,CFG731_72e5000522fb6a51,0.8338352244721655,CFG731_5cae68c0a1d5db32,2,0.8195492063694512,False,SYNTHETIC,synthetic_engineer_v1
RFQ731-000951,X731,8,CFG731_241d60e6ef5278be,0.8180459420909549,CFG731_af36a6c70f11950b,8,0.20123904699687922,False,SYNTHETIC,synthetic_engineer_v1
RFQ731-000952,X731,5,CFG731_c39096767a7ae083,0.9210534331089474,CFG731_ef02695e374fc418,2,0.4850233229582415,False,SYNTHETIC,synthetic_engineer_v1
RFQ731-000953,X731,3,CFG731_f97e51d1da57d99f,0.8496246639923759,CFG731_633572f6d3593691,3,0.3526704840307709,False,SYNTHETIC,synthetic_engineer_v1
RFQ731-000954,G731ST-HT,4,CFG731_bbffb73f3dff6787,0.9210535626819474,CFG731_84352197821d09de,3,0.485391279707065,False,SYNTHETIC,synthetic_engineer_v1
RFQ731-000955,X731,4,CFG731_da02526d254e2e35,0.9210532445939473,CFG731_b1531976c0d80b4a,3,0.48502366704224154,False,SYNTHETIC,synthetic_engineer_v1
RFQ731-000956,G731CA,1,CFG731_faff6da73df00950,0.4870457863207709,CFG731_faff6da73df00950,1,0.4870457863207709,True,SYNTHETIC,synthetic_engineer_v1
RFQ731-000957,X731,3,CFG731_6e096e946540ab4e,0.881203566608797,CFG731_45cf7219dd66904b,3,0.3921539401998978,False,SYNTHETIC,synthetic_engineer_v1
RFQ731-000958,X731,1,CFG731_de371e3e32a80802,0.36590583812441796,CFG731_de371e3e32a80802,1,0.36590583812441796,True,SYNTHETIC,synthetic_engineer_v1
RFQ731-000959,X731,1,CFG731_bbcb665ced67f8c3,0.881203295113797,CFG731_bbcb665ced67f8c3,1,0.881203295113797,True,SYNTHETIC,synthetic_engineer_v1
RFQ731-000960,G731ST-LT,8,CFG731_e0009be417f51ccd,0.9052632331557369,CFG731_515a31451814aae9,8,0.4019543397193251,False,SYNTHETIC,synthetic_engineer_v1
RFQ731-000961,X731,1,CFG731_844c64c49c2e5514,0.3706659339139226,CFG731_844c64c49c2e5514,1,0.3706659339139226,True,SYNTHETIC,synthetic_engineer_v1
RFQ731-000962,G731ST-LT,8,CFG731_e0009be417f51ccd,0.9052636360467369,CFG731_515a31451814aae9,6,0.4019551982513251,False,SYNTHETIC,synthetic_engineer_v1
RFQ731-000963,X731,7,CFG731_2be17a56b0589fd1,0.9052635310767368,CFG731_0ef26d136a7182e8,5,0.40195488002732505,False,SYNTHETIC,synthetic_engineer_v1
RFQ731-000964,X731,10,CFG731_62d0f0f6bab9bdcb,0.9052635964307368,CFG731_3ada8d565667279d,10,0.21702864060908977,False,SYNTHETIC,synthetic_engineer_v1
RFQ731-000965,G731ST-HT,8,CFG731_8b18ac1c34209d63,0.9052638152717368,CFG731_b30ceef5c5f902ca,6,0.4019549946173251,False,SYNTHETIC,synthetic_engineer_v1
RFQ731-000966,F731WD_SINGLECHANNEL,2,CFG731_a7d2a5a9ae465701,0.7879704009090301,CFG731_ee8e327bbb737abf,2,0.7879700276380301,False,SYNTHETIC,synthetic_engineer_v1
RFQ731-000967,X731,2,CFG731_e08dfad4737be3d9,0.9368423476101579,CFG731_9637b2f8d628ff9d,2,0.2511805490112755,False,SYNTHETIC,synthetic_engineer_v1
RFQ731-000968,G731ST-HT,4,CFG731_c3a136a8630f644d,0.8496241611073759,CFG731_ad85e442c9239be7,3,0.4870454957547709,False,SYNTHETIC,synthetic_engineer_v1
RFQ731-000969,G731CA,1,CFG731_d2a75fda6f761c1b,0.4870452990067709,CFG731_d2a75fda6f761c1b,1,0.4870452990067709,True,SYNTHETIC,synthetic_engineer_v1
RFQ731-000970,X731,3,CFG731_89772de94df83ba5,0.8496246913743759,CFG731_aa68f1da5062cc70,3,0.3526709850907709,False,SYNTHETIC,synthetic_engineer_v1
RFQ731-000971,G731ST-LT,4,CFG731_715a3d3226cbaffd,0.9210530769439473,CFG731_9c6b16fef6d02aaf,3,0.3576342615558885,False,SYNTHETIC,synthetic_engineer_v1
RFQ731-000972,F731TE,1,CFG731_5164655533c6a8d0,0.8338349330041654,CFG731_5164655533c6a8d0,1,0.8338349330041654,True,SYNTHETIC,synthetic_engineer_v1
RFQ731-000973,X731,1,CFG731_c775e192f3d489e9,0.8496241515783759,CFG731_c775e192f3d489e9,1,0.8496241515783759,True,SYNTHETIC,synthetic_engineer_v1
RFQ731-000974,G731CA,2,CFG731_817824ee3a762453,0.8037595478062406,CFG731_2cb814ee06486282,2,0.45546680382834986,False,SYNTHETIC,synthetic_engineer_v1
RFQ731-000975,G731ST-LT,2,CFG731_a40ab19ad6671fbe,0.9368423243701579,CFG731_bc9146cb8459e9c2,2,0.43353409142974614,False,SYNTHETIC,synthetic_engineer_v1
RFQ731-000976,X731,2,CFG731_60f3aae8ede70fe0,0.9526323806293684,CFG731_7f60255816247683,2,0.9097752200322256,False,SYNTHETIC,synthetic_engineer_v1
RFQ731-000977,X731,3,CFG731_f7f0034a8b15f329,0.8338353419591655,CFG731_8634a8a0a780401d,3,0.34478538778326623,False,SYNTHETIC,synthetic_engineer_v1
RFQ731-000978,X731,2,CFG731_9a5bfa9148a9b604,0.9052633525457369,CFG731_c585b182e5ecfc9a,2,0.3482782323640898,False,SYNTHETIC,synthetic_engineer_v1
RFQ731-000979,F731TE,1,CFG731_1962af6277da6f54,0.8338350533281654,CFG731_1962af6277da6f54,1,0.8338350533281654,True,SYNTHETIC,synthetic_engineer_v1
RFQ731-000980,G731ST-HT,2,CFG731_329b582435fea539,0.8654142139895865,CFG731_d03860c1f327a8d1,2,0.8654135896745865,False,SYNTHETIC,synthetic_engineer_v1
RFQ731-000981,F731TE,2,CFG731_b7c1a02b25610507,0.7879701482210301,CFG731_b7c1a02b25610507,1,0.7879701482210301,True,SYNTHETIC,synthetic_engineer_v1
RFQ731-000982,X731,3,CFG731_32b1041fd68aac23,0.849624128936376,CFG731_8f2f3a7ba66ea526,3,0.36443591738112385,False,SYNTHETIC,synthetic_engineer_v1
RFQ731-000983,X731,7,CFG731_f97e51d1da57d99f,0.8338347998211655,CFG731_5789f006b670582c,7,0.20930768235179564,False,SYNTHETIC,synthetic_engineer_v1
RFQ731-000984,G731ST-LT,4,CFG731_715a3d3226cbaffd,0.9210530914559474,CFG731_2a738780f0517f67,3,0.3515681575793003,False,SYNTHETIC,synthetic_engineer_v1
RFQ731-000985,X731,3,CFG731_f97e51d1da57d99f,0.849624484561376,CFG731_b8db8783f5774853,3,0.35230322991894736,False,SYNTHETIC,synthetic_engineer_v1
RFQ731-000986,G731ST-LT,4,CFG731_32b4b1ec4513af66,0.849625058159376,CFG731_0bc9c3b6375d4380,4,0.35340644746241795,False,SYNTHETIC,synthetic_engineer_v1
RFQ731-000987,X731,6,CFG731_b7e96d5717c40fd6,0.9210530481979473,CFG731_fe424f85d85e1c0c,4,0.3526706627287709,False,SYNTHETIC,synthetic_engineer_v1
RFQ731-000988,X731,4,CFG731_62d0f0f6bab9bdcb,0.9210528114669474,CFG731_de32c30417f0baf1,3,0.48502389188524153,False,SYNTHETIC,synthetic_engineer_v1
RFQ731-000989,G731CA,2,CFG731_691a8f2ff165671d,0.8037599977332406,CFG731_691a8f2ff165671d,1,0.8037599977332406,True,SYNTHETIC,synthetic_engineer_v1
RFQ731-000990,X731,4,CFG731_cf543b1c3927ab71,0.9210534204509473,CFG731_b228aa35c0b027ac,4,0.3576338712188885,False,SYNTHETIC,synthetic_engineer_v1
RFQ731-000991,X731,4,CFG731_ad0a2fd7350b6cca,0.8654141288425865,CFG731_9defb51135f6ef11,3,0.37985744318751086,False,SYNTHETIC,synthetic_engineer_v1
RFQ731-000992,X731,2,CFG731_7308ee8503151ef3,0.881203181091797,CFG731_867e73503f493aa1,2,0.39527963215389783,False,SYNTHETIC,synthetic_engineer_v1
RFQ731-000993,X731,1,CFG731_7308ee8503151ef3,0.8969928861180075,CFG731_7308ee8503151ef3,1,0.8969928861180075,True,SYNTHETIC,synthetic_engineer_v1
RFQ731-000994,G731ST-HT,8,CFG731_63eca10a00ae1f5d,0.9052632240927369,CFG731_1060da033d1aaed1,6,0.40195476696332505,False,SYNTHETIC,synthetic_engineer_v1
RFQ731-000995,X731,3,CFG731_8c8856d21252930e,0.9052635157707368,CFG731_6472ab3bf7316498,3,0.4686831830037957,False,SYNTHETIC,synthetic_engineer_v1
RFQ731-000996,X731,2,CFG731_a6d4830ed3aa2681,0.9368422440711579,CFG731_a77e5e082c8f0465,2,0.8939849874390151,False,SYNTHETIC,synthetic_engineer_v1
RFQ731-000997,G731ST-HT,1,CFG731_7b2f69a7ca55041b,0.9526319783573683,CFG731_7b2f69a7ca55041b,1,0.9526319783573683,True,SYNTHETIC,synthetic_engineer_v1
RFQ731-000998,X731,13,CFG731_da02526d254e2e35,0.8894741002475263,CFG731_a7aba912cacdcceb,13,0.19645961271817336,False,SYNTHETIC,synthetic_engineer_v1
RFQ731-000999,G731ST-LT,2,CFG731_e0009be417f51ccd,0.936842752478158,CFG731_750dd83a06ba43cb,2,0.4335339960207461,False,SYNTHETIC,synthetic_engineer_v1
RFQ731-001000,G731ST-HT,2,CFG731_c3a136a8630f644d,0.8654142386995866,CFG731_a69c8345e2cbb480,2,0.37507834745380497,False,SYNTHETIC,synthetic_engineer_v1
RFQ731-001001,X731,1,CFG731_14269a1a57ac4cbc,0.39527903836089784,CFG731_14269a1a57ac4cbc,1,0.39527903836089784,True,SYNTHETIC,synthetic_engineer_v1
RFQ731-001002,X731,3,CFG731_11da8cc369b71f5a,0.8654143578945865,CFG731_ba17ab216ae91e1a,3,0.38022471205533437,False,SYNTHETIC,synthetic_engineer_v1
RFQ731-001003,F731PW,1,CFG731_956456fc074ebc5a,0.8180458077399549,CFG731_956456fc074ebc5a,1,0.8180458077399549,True,SYNTHETIC,synthetic_engineer_v1
RFQ731-001004,X731,6,CFG731_5e61ce3b60d15e11,0.936842352207158,CFG731_243419c6708378b3,5,0.5002618091832168,False,SYNTHETIC,synthetic_engineer_v1
RFQ731-001005,X731,6,CFG731_8d2d91c46ccfb471,0.9210528955349473,CFG731_9ccdadb28a07accd,2,0.48318547453412386,False,SYNTHETIC,synthetic_engineer_v1
RFQ731-001006,F731TE,2,CFG731_31d150421c4341a3,0.7879707500420301,CFG731_31d150421c4341a3,1,0.7879707500420301,True,SYNTHETIC,synthetic_engineer_v1
RFQ731-001007,X731,2,CFG731_9a5bfa9148a9b604,0.9052635634307369,CFG731_c585b182e5ecfc9a,2,0.3482784563270898,False,SYNTHETIC,synthetic_engineer_v1
RFQ731-001008,X731,4,CFG731_b4987f1c95e91d0d,0.9210532054099474,CFG731_80409e6aafce9221,3,0.8353393167666616,False,SYNTHETIC,synthetic_engineer_v1
RFQ731-001009,X731,2,CFG731_f97e51d1da57d99f,0.8654139098955865,CFG731_8eb1a4c3831aebc6,2,0.8654137486445865,False,SYNTHETIC,synthetic_engineer_v1
RFQ731-001010,X731,7,CFG731_fb1ab4b34e9c8a75,0.8338349648661655,CFG731_b7ded675dbfd5f0b,7,0.21702863069108977,False,SYNTHETIC,synthetic_engineer_v1
RFQ731-001011,X731,2,CFG731_aba447e5ca3ac7ba,0.8338348540151654,CFG731_91a62b1e0bf4bbce,2,0.8195489113784511,False,SYNTHETIC,synthetic_engineer_v1
RFQ731-001012,G731ST-HT,2,CFG731_cc9ac35e4d9a1854,0.9368429652841579,CFG731_348f97ec6945fbf8,2,0.4335335594997461,False,SYNTHETIC,synthetic_engineer_v1
RFQ731-001013,X731,3,CFG731_fb16e30f5bbb87f2,0.8353393102236616,CFG731_a9ec8cda9130252f,2,0.36443573703512383,False,SYNTHETIC,synthetic_engineer_v1
RFQ731-001014,X731,3,CFG731_ddd1ce28a3456ff6,0.849624756217376,CFG731_63b50b6b631946e6,2,0.36590589114641797,False,SYNTHETIC,synthetic_engineer_v1
RFQ731-001015,X731,1,CFG731_fd3397424975992e,0.4989746579223344,CFG731_fd3397424975992e,1,0.4989746579223344,True,SYNTHETIC,synthetic_engineer_v1
RFQ731-001016,G731ST-LT,8,CFG731_7f5bfa7b21e81359,0.9052633641587369,CFG731_cc03e3852895ae99,7,0.40195462495132506,False,SYNTHETIC,synthetic_engineer_v1
RFQ731-001017,X731,6,CFG731_8f470181ad32eeae,0.8338349299221655,CFG731_98e30468f83e5da1,4,0.22254347946544273,False,SYNTHETIC,synthetic_engineer_v1
RFQ731-001018,X731,2,CFG731_62d0f0f6bab9bdcb,0.936843073364158,CFG731_34e092c266a308aa,2,0.37140185960056965,False,SYNTHETIC,synthetic_engineer_v1
RFQ731-001019,X731,1,CFG731_9a5bfa9148a9b604,0.9210530041099474,CFG731_9a5bfa9148a9b604,1,0.9210530041099474,True,SYNTHETIC,synthetic_engineer_v1
RFQ731-001020,G731ST-HT,2,CFG731_63eca10a00ae1f5d,0.936842643487158,CFG731_a288340143e53b7f,2,0.8939853374990151,False,SYNTHETIC,synthetic_engineer_v1
RFQ731-001021,X731,7,CFG731_b7e96d5717c40fd6,0.9210526681809473,CFG731_d258fff6b39ba941,5,0.3576342000208885,False,SYNTHETIC,synthetic_engineer_v1
RFQ731-001022,G731ST-HT,1,CFG731_a3b03637ed22317c,0.9526320386433684,CFG731_a3b03637ed22317c,1,0.9526320386433684,True,SYNTHETIC,synthetic_engineer_v1
RFQ731-001023,F731WD_DUALCHANNEL,2,CFG731_819cb4e76943eca6,0.8037599617592406,CFG731_c37386a371e13fa8,2,0.4554666158363499,False,SYNTHETIC,synthetic_engineer_v1
RFQ731-001024,X731,3,CFG731_6e096e946540ab4e,0.8654143980825866,CFG731_aacf790c5259123d,3,0.2511809688192755,False,SYNTHETIC,synthetic_engineer_v1
RFQ731-001025,G731ST-LT,4,CFG731_d124ccffa669c3a2,0.9210528677959473,CFG731_6436acf7faa1f61d,2,0.8496248980843759,False,SYNTHETIC,synthetic_engineer_v1
RFQ731-001026,X731,2,CFG731_0fbee36816b7af98,0.881203388627797,CFG731_30ccf87da13edf1e,2,0.3952793708708978,False,SYNTHETIC,synthetic_engineer_v1
RFQ731-001027,F731PW,1,CFG731_ef211cb97feaddc8,0.8180453886549549,CFG731_ef211cb97feaddc8,1,0.8180453886549549,True,SYNTHETIC,synthetic_engineer_v1
RFQ731-001028,X731,2,CFG731_073f991a6c9a4683,0.3838824537053684,CFG731_3a955b973baab5a5,2,0.2588824919833684,False,SYNTHETIC,synthetic_engineer_v1
RFQ731-001029,X731,4,CFG731_32a4bb12438a37ab,0.936842393977158,CFG731_85891d97ce4083b3,3,0.3673575312015108,False,SYNTHETIC,synthetic_engineer_v1
RFQ731-001030,G731ST-LT,2,CFG731_e0009be417f51ccd,0.9368430394651579,CFG731_8b6ed3cfa9ed1e59,2,0.4335332903037461,False,SYNTHETIC,synthetic_engineer_v1
RFQ731-001031,F731PW,1,CFG731_7785b2914ebb6eaf,0.8180457161199549,CFG731_7785b2914ebb6eaf,1,0.8180457161199549,True,SYNTHETIC,synthetic_engineer_v1
RFQ731-001032,X731,2,CFG731_83f956404d04e6cd,0.881203435464797,CFG731_ec83ad3bde5df955,2,0.39527950265389783,False,SYNTHETIC,synthetic_engineer_v1
RFQ731-001033,X731,8,CFG731_32a4bb12438a37ab,0.9052640349307369,CFG731_28ed390fb80cb66f,8,0.21960213545885449,False,SYNTHETIC,synthetic_engineer_v1
RFQ731-001034,X731,7,CFG731_b8b11650a048baf7,0.8338351302491654,CFG731_467e11f2e0bc0666,3,0.3501162290792074,False,SYNTHETIC,synthetic_engineer_v1
RFQ731-001035,F731PW,1,CFG731_7785b2914ebb6eaf,0.8180453310319549,CFG731_7785b2914ebb6eaf,1,0.8180453310319549,True,SYNTHETIC,synthetic_engineer_v1
RFQ731-001036,X731,1,CFG731_f7f0034a8b15f329,0.849624145823376,CFG731_f7f0034a8b15f329,1,0.849624145823376,True,SYNTHETIC,synthetic_engineer_v1
RFQ731-001037,X731,4,CFG731_cf543b1c3927ab71,0.9210529253699473,CFG731_624f3002b3cf1e19,4,0.3523028714249474,False,SYNTHETIC,synthetic_engineer_v1
RFQ731-001038,X731,7,CFG731_3b2a32abbf148ca1,0.9210527390179474,CFG731_d4be02ad7e56a796,3,0.4831851050941239,False,SYNTHETIC,synthetic_engineer_v1
RFQ731-001039,G731ST-HT,4,CFG731_a3b03637ed22317c,0.9210530867559473,CFG731_0c11243388e65244,2,0.8496242757693759,False,SYNTHETIC,synthetic_engineer_v1
RFQ731-001040,G731ST-LT,21,CFG731_7f5bfa7b21e81359,0.8894745003715263,CFG731_adfa7e5b1355ce87,21,0.1942536337992322,False,SYNTHETIC,synthetic_engineer_v1
RFQ731-001041,X731,6,CFG731_516629085c122a4e,0.9052632655697369,CFG731_08efe1333b2d7967,6,0.344234620227031,False,SYNTHETIC,synthetic_engineer_v1
RFQ731-001042,G731CA,2,CFG731_d97c333965654bd3,0.8037597527532405,CFG731_d97c333965654bd3,1,0.8037597527532405,True,SYNTHETIC,synthetic_engineer_v1
RFQ731-001043,X731,2,CFG731_32a4bb12438a37ab,0.9526318801873683,CFG731_784eb334d1d77ae7,2,0.9097752833652256,False,SYNTHETIC,synthetic_engineer_v1
RFQ731-001044,G731ST-LT,1,CFG731_8da1da530d6ae54d,0.8812032208457969,CFG731_8da1da530d6ae54d,1,0.8812032208457969,True,SYNTHETIC,synthetic_engineer_v1
RFQ731-001045,G731CA,1,CFG731_1dfb5999b1debe3a,0.3504652174728297,CFG731_1dfb5999b1debe3a,1,0.3504652174728297,True,SYNTHETIC,synthetic_engineer_v1
RFQ731-001046,F731WD_SINGLECHANNEL,1,CFG731_70b6eaf9262ca4d0,0.8195492546354511,CFG731_70b6eaf9262ca4d0,1,0.8195492546354511,True,SYNTHETIC,synthetic_engineer_v1
RFQ731-001047,G731ST-HT,2,CFG731_c32627af59ba1526,0.8654143665055866,CFG731_c32627af59ba1526,1,0.8654143665055866,True,SYNTHETIC,synthetic_engineer_v1
RFQ731-001048,G731ST-HT,4,CFG731_2a989bd6dba74d9f,0.8496242792323759,CFG731_b7a7770d19b6f648,3,0.4870459901867709,False,SYNTHETIC,synthetic_engineer_v1
RFQ731-001049,X731,6,CFG731_8d2d91c46ccfb471,0.9210532822089473,CFG731_df5f598a914fb1cc,4,0.4177446339485356,False,SYNTHETIC,synthetic_engineer_v1
RFQ731-001050,F731TE,1,CFG731_574aa7a29f75cd60,0.8338352663001655,CFG731_574aa7a29f75cd60,1,0.8338352663001655,True,SYNTHETIC,synthetic_engineer_v1
RFQ731-001051,X731,12,CFG731_ac8195f5cce7d089,0.8338354357961655,CFG731_d622722cfe4eb872,12,0.21702802834808976,False,SYNTHETIC,synthetic_engineer_v1
RFQ731-001052,X731,1,CFG731_fd3397424975992e,0.4989749969083344,CFG731_fd3397424975992e,1,0.4989749969083344,True,SYNTHETIC,synthetic_engineer_v1
RFQ731-001053,G731ST-HT,4,CFG731_4aa7d46b9cfa7d7b,0.9210531571259474,CFG731_fa91f60062985c6d,3,0.8353390660546616,False,SYNTHETIC,synthetic_engineer_v1
RFQ731-001054,F731TE,1,CFG731_d8c69b7395beabbb,0.4712566286185604,CFG731_d8c69b7395beabbb,1,0.4712566286185604,True,SYNTHETIC,synthetic_engineer_v1
RFQ731-001055,X731,2,CFG731_62d0f0f6bab9bdcb,0.9368424042871579,CFG731_337790e6bbcf15f4,2,0.8939856940200152,False,SYNTHETIC,synthetic_engineer_v1
RFQ731-001056,F731TE,2,CFG731_f79503cf8f87ea49,0.7879704282960301,CFG731_f79503cf8f87ea49,1,0.7879704282960301,True,SYNTHETIC,synthetic_engineer_v1
RFQ731-001057,G731CA,2,CFG731_4189e4dbecbffadb,0.4554666440443499,CFG731_b43582909c828d95,2,0.3830403021481146,False,SYNTHETIC,synthetic_engineer_v1
RFQ731-001058,G731ST-LT,4,CFG731_0fdf5c36c9c41e69,0.849625050202376,CFG731_671960d0fb04b698,3,0.4870458059277709,False,SYNTHETIC,synthetic_engineer_v1
RFQ731-001059,X731,6,CFG731_11da8cc369b71f5a,0.8496250147693759,CFG731_9c21848fed1f6e04,6,0.23686215563735916,False,SYNTHETIC,synthetic_engineer_v1
RFQ731-001060,X731,2,CFG731_fb1ab4b34e9c8a75,0.849624692756376,CFG731_b33230214578603d,2,0.2324500290254768,False,SYNTHETIC,synthetic_engineer_v1
RFQ731-001061,X731,1,CFG731_31aa13473958d7d3,0.8969925623300076,CFG731_31aa13473958d7d3,1,0.8969925623300076,True,SYNTHETIC,synthetic_engineer_v1
RFQ731-001062,X731,2,CFG731_2be17a56b0589fd1,0.9368421053531579,CFG731_c517a14f9cf12c39,2,0.4335338569847461,False,SYNTHETIC,synthetic_engineer_v1
RFQ731-001063,X731,2,CFG731_bb61f56875b25c60,0.3453374709305016,CFG731_bb61f56875b25c60,1,0.3453374709305016,True,SYNTHETIC,synthetic_engineer_v1
RFQ731-001064,G731ST-HT,4,CFG731_076cad91966d4c34,0.849624353784376,CFG731_b3ed2928d6d65710,3,0.48704544403077094,False,SYNTHETIC,synthetic_engineer_v1
RFQ731-001065,X731,2,CFG731_b7e96d5717c40fd6,0.9526318018513684,CFG731_2683cf7e09782f5e,2,0.9097746696512256,False,SYNTHETIC,synthetic_engineer_v1
RFQ731-001066,X731,3,CFG731_3b2a32abbf148ca1,0.936842593551158,CFG731_8e97bb2bec352a2c,2,0.8511285186938722,False,SYNTHETIC,synthetic_engineer_v1
RFQ731-001067,X731,2,CFG731_a70e307c2ffca857,0.9052640430237369,CFG731_4f57c7eb0fb7e785,2,0.3482784432800898,False,SYNTHETIC,synthetic_engineer_v1
RFQ731-001068,X731,1,CFG731_5e57a3f6d3b745b8,0.9210532510179473,CFG731_5e57a3f6d3b745b8,1,0.9210532510179473,True,SYNTHETIC,synthetic_engineer_v1
RFQ731-001069,X731,4,CFG731_ac8195f5cce7d089,0.849624320835376,CFG731_82b31fa8518668d4,4,0.2361263879427121,False,SYNTHETIC,synthetic_engineer_v1
RFQ731-001070,X731,2,CFG731_ac8195f5cce7d089,0.881203763953797,CFG731_ac8195f5cce7d089,1,0.881203763953797,True,SYNTHETIC,synthetic_engineer_v1
RFQ731-001071,X731,12,CFG731_516629085c122a4e,0.9052639729787368,CFG731_b418359232bf5862,10,0.3405573156527957,False,SYNTHETIC,synthetic_engineer_v1
RFQ731-001072,X731,20,CFG731_83f956404d04e6cd,0.8180460858679549,CFG731_0c5cd97f5c20149b,19,0.20307755892999688,False,SYNTHETIC,synthetic_engineer_v1
RFQ731-001073,X731,2,CFG731_0fbee36816b7af98,0.8812038581557969,CFG731_2e57977cf2dd500a,2,0.39527961658989785,False,SYNTHETIC,synthetic_engineer_v1
RFQ731-001074,X731,5,CFG731_b757671ab14f2876,0.46739630841591334,CFG731_ac352f2a7f2cc7ab,4,0.2221749667286192,False,SYNTHETIC,synthetic_engineer_v1
RFQ731-001075,G731ST-LT,4,CFG731_a40ab19ad6671fbe,0.9210535681739473,CFG731_cc64ce3eaedacb17,3,0.8353383826166616,False,SYNTHETIC,synthetic_engineer_v1
RFQ731-001076,X731,1,CFG731_073f991a6c9a4683,0.399671166455579,CFG731_073f991a6c9a4683,1,0.399671166455579,True,SYNTHETIC,synthetic_engineer_v1
RFQ731-001077,X731,4,CFG731_608c0251ef380592,0.9210531976619474,CFG731_3727d181b2806370,3,0.4850233144742415,False,SYNTHETIC,synthetic_engineer_v1
RFQ731-001078,X731,4,CFG731_f97e51d1da57d99f,0.849624118677376,CFG731_18e687233239e907,3,0.4146196844975356,False,SYNTHETIC,synthetic_engineer_v1
RFQ731-001079,F731TE,1,CFG731_ec26805bdf93259f,0.8338355695421655,CFG731_ec26805bdf93259f,1,0.8338355695421655,True,SYNTHETIC,synthetic_engineer_v1
RFQ731-001080,X731,5,CFG731_0fbee36816b7af98,0.849624558134376,CFG731_7bf14027ad7b0060,5,0.23539164575406504,False,SYNTHETIC,synthetic_engineer_v1
RFQ731-001081,X731,3,CFG731_8d2d91c46ccfb471,0.9368427344441579,CFG731_9fd2ebe15271fc33,3,0.5008132995744521,False,SYNTHETIC,synthetic_engineer_v1
RFQ731-001082,X731,5,CFG731_b1693ef6b18686ac,0.48318501936612385,CFG731_7fec165d30a3c1b5,4,0.23097957215518267,False,SYNTHETIC,synthetic_engineer_v1
RFQ731-001083,X731,1,CFG731_62d0f0f6bab9bdcb,0.9526316142563683,CFG731_62d0f0f6bab9bdcb,1,0.9526316142563683,True,SYNTHETIC,synthetic_engineer_v1
RFQ731-001084,X731,1,CFG731_482678d927834b42,0.36590655515641796,CFG731_482678d927834b42,1,0.36590655515641796,True,SYNTHETIC,synthetic_engineer_v1
RFQ731-001085,G731ST-HT,1,CFG731_a56f1437a0b4ca31,0.881203142869797,CFG731_a56f1437a0b4ca31,1,0.881203142869797,True,SYNTHETIC,synthetic_engineer_v1
RFQ731-001086,X731,3,CFG731_e8e7b7513a5c9544,0.3354108925712663,CFG731_d80fde42f7354305,3,0.2221754486006192,False,SYNTHETIC,synthetic_engineer_v1
RFQ731-001087,X731,2,CFG731_70b38ab75d3ca724,0.8654142981975865,CFG731_70b38ab75d3ca724,1,0.8654142981975865,True,SYNTHETIC,synthetic_engineer_v1
RFQ731-001088,G731ST-HT,4,CFG731_329b582435fea539,0.849624254444376,CFG731_37f37296c515d083,3,0.4146195710435356,False,SYNTHETIC,synthetic_engineer_v1
RFQ731-001089,X731,3,CFG731_0fbee36816b7af98,0.8654137202935865,CFG731_9228cc48e333917c,2,0.5028351498319814,False,SYNTHETIC,synthetic_engineer_v1
RFQ731-001090,X731,5,CFG731_4346df46838fd57e,0.48318578846112387,CFG731_bcb75237dcbc3975,4,0.23796459512082974,False,SYNTHETIC,synthetic_engineer_v1
RFQ731-001091,X731,1,CFG731_7962ce0b7d875608,0.4831850660211239,CFG731_7962ce0b7d875608,1,0.4831850660211239,True,SYNTHETIC,synthetic_engineer_v1
RFQ731-001092,X731,4,CFG731_8d2d91c46ccfb471,0.9368422284891579,CFG731_22fecf5bb26e1132,3,0.5011806085792756,False,SYNTHETIC,synthetic_engineer_v1
RFQ731-001093,X731,7,CFG731_60f3aae8ede70fe0,0.9210534037619473,CFG731_0d3b04d12b4208a2,5,0.4177443861785356,False,SYNTHETIC,synthetic_engineer_v1
RFQ731-001094,G731ST-HT,2,CFG731_cc9ac35e4d9a1854,0.9368425212931579,CFG731_348f97ec6945fbf8,2,0.4335333211867461,False,SYNTHETIC,synthetic_engineer_v1
RFQ731-001095,G731ST-LT,2,CFG731_10085782ed0991cf,0.8654143920355866,CFG731_613ed23f00a94a96,2,0.8511283920398722,False,SYNTHETIC,synthetic_engineer_v1
RFQ731-001096,G731CA,2,CFG731_4189e4dbecbffadb,0.45546724757734985,CFG731_b43582909c828d95,2,0.3830407274221146,False,SYNTHETIC,synthetic_engineer_v1
RFQ731-001097,F731TE,1,CFG731_ec26805bdf93259f,0.8338354405201654,CFG731_ec26805bdf93259f,1,0.8338354405201654,True,SYNTHETIC,synthetic_engineer_v1
RFQ731-001098,G731ST-LT,8,CFG731_7882c72c21497015,0.9052636328567368,CFG731_13c87640928bf666,8,0.4019547637123251,False,SYNTHETIC,synthetic_engineer_v1
RFQ731-001099,X731,2,CFG731_a7dc06adf945eba3,0.3581851947821238,CFG731_31ef54b8ab17d3bb,2,0.23833282401765327,False,SYNTHETIC,synthetic_engineer_v1
RFQ731-001100,X731,4,CFG731_89772de94df83ba5,0.8338350998881655,CFG731_7922105a619de8c4,3,0.22254326127644272,False,SYNTHETIC,synthetic_engineer_v1
RFQ731-001101,G731ST-LT,2,CFG731_a40ab19ad6671fbe,0.9368429581061579,CFG731_87d8ba5b87cf0a3f,2,0.4335342272127461,False,SYNTHETIC,synthetic_engineer_v1
RFQ731-001102,X731,2,CFG731_8f470181ad32eeae,0.881203147694797,CFG731_147ff4a19b4bcc48,2,0.38130816037760373,False,SYNTHETIC,synthetic_engineer_v1
RFQ731-001103,F731WD_SINGLECHANNEL,2,CFG731_0be7d6198235486b,0.7879702124640301,CFG731_0be7d6198235486b,1,0.7879702124640301,True,SYNTHETIC,synthetic_engineer_v1
RFQ731-001104,X731,12,CFG731_c39096767a7ae083,0.9052640829917369,CFG731_c3b5b1049b2ed7bb,11,0.2196021737888545,False,SYNTHETIC,synthetic_engineer_v1
RFQ731-001105,G731ST-HT,1,CFG731_c3a136a8630f644d,0.881203772962797,CFG731_c3a136a8630f644d,1,0.881203772962797,True,SYNTHETIC,synthetic_engineer_v1
RFQ731-001106,G731ST-HT,2,CFG731_cc9ac35e4d9a1854,0.936842700499158,CFG731_eb70dc35972dc4b7,2,0.8939852038820151,False,SYNTHETIC,synthetic_engineer_v1
RFQ731-001107,X731,12,CFG731_3b2a32abbf148ca1,0.9052634123427369,CFG731_52a32c0fb4bd3f9a,12,0.21702858314408977,False,SYNTHETIC,synthetic_engineer_v1
RFQ731-001108,G731ST-LT,2,CFG731_e0009be417f51ccd,0.9368428448901579,CFG731_750dd83a06ba43cb,2,0.4335334154657461,False,SYNTHETIC,synthetic_engineer_v1
RFQ731-001109,X731,5,CFG731_62d0f0f6bab9bdcb,0.9210533642739474,CFG731_48cf6bd4ca59e583,5,0.4844720455690062,False,SYNTHETIC,synthetic_engineer_v1
RFQ731-001110,X731,2,CFG731_36c553adc9f5ebf3,0.8654135879205865,CFG731_d8c9e5b1edc3b4b3,2,0.3794901233566873,False,SYNTHETIC,synthetic_engineer_v1
RFQ731-001111,X731,5,CFG731_b7e96d5717c40fd6,0.9210528373469473,CFG731_0e65994bfbb04e39,5,0.23539114042006504,False,SYNTHETIC,synthetic_engineer_v1
RFQ731-001112,X731,6,CFG731_60f3aae8ede70fe0,0.936842731721158,CFG731_bdd144687fe20504,6,0.25044505720962845,False,SYNTHETIC,synthetic_engineer_v1
RFQ731-001113,F731PW,1,CFG731_f9fd6a4462ec051a,0.8180460823599549,CFG731_f9fd6a4462ec051a,1,0.8180460823599549,True,SYNTHETIC,synthetic_engineer_v1
RFQ731-001114,G731ST-HT,2,CFG731_8b18ac1c34209d63,0.9368429382641579,CFG731_708466e4f37148f0,2,0.4335342376927461,False,SYNTHETIC,synthetic_engineer_v1
RFQ731-001115,F731TE,2,CFG731_fd6959ad3c5fd9ed,0.7879704943760301,CFG731_fd6959ad3c5fd9ed,1,0.7879704943760301,True,SYNTHETIC,synthetic_engineer_v1
RFQ731-001116,X731,2,CFG731_11a99741e1f7cce9,0.8338348942041655,CFG731_14ec1773441318c2,2,0.34478617307126624,False,SYNTHETIC,synthetic_engineer_v1
RFQ731-001117,X731,4,CFG731_c39096767a7ae083,0.9368428130611579,CFG731_4da2b3fd83325505,3,0.5008132435064521,False,SYNTHETIC,synthetic_engineer_v1
RFQ731-001118,X731,6,CFG731_241d60e6ef5278be,0.8338354310701654,CFG731_56f0dbd067fcbe02,6,0.2210724507451486,False,SYNTHETIC,synthetic_engineer_v1
RFQ731-001119,X731,2,CFG731_abcee67081353f16,0.9368427349751579,CFG731_57a2b410fc32b41a,2,0.4335338906937461,False,SYNTHETIC,synthetic_engineer_v1
RFQ731-001120,G731ST-LT,1,CFG731_0fdf5c36c9c41e69,0.881203844212797,CFG731_0fdf5c36c9c41e69,1,0.881203844212797,True,SYNTHETIC,synthetic_engineer_v1
RFQ731-001121,X731,3,CFG731_c775e192f3d489e9,0.8338347758751655,CFG731_8634a8a0a780401d,3,0.3447859621292662,False,SYNTHETIC,synthetic_engineer_v1
RFQ731-001122,G731ST-LT,4,CFG731_395f3e5588a2c3c0,0.849625027900376,CFG731_c563d973b2fc136b,3,0.35928851992559446,False,SYNTHETIC,synthetic_engineer_v1
RFQ731-001123,G731ST-LT,4,CFG731_715a3d3226cbaffd,0.9210534963709474,CFG731_9c6b16fef6d02aaf,4,0.35763403412988853,False,SYNTHETIC,synthetic_engineer_v1
RFQ731-001124,X731,8,CFG731_32a4bb12438a37ab,0.9052641062557368,CFG731_28ed390fb80cb66f,8,0.2196016182748545,False,SYNTHETIC,synthetic_engineer_v1
RFQ731-001125,X731,4,CFG731_fb1ab4b34e9c8a75,0.849624175036376,CFG731_d3ce57e5727e1d4a,3,0.36443506347412385,False,SYNTHETIC,synthetic_engineer_v1
RFQ731-001126,X731,4,CFG731_0fbee36816b7af98,0.8654138654965865,CFG731_8153d67c519453a2,4,0.2541215745338638,False,SYNTHETIC,synthetic_engineer_v1
RFQ731-001127,X731,4,CFG731_2692d4e8945eb6ee,0.48318573136412385,CFG731_2692d4e8945eb6ee,1,0.48318573136412385,True,SYNTHETIC,synthetic_engineer_v1
RFQ731-001128,F731WD_SINGLECHANNEL,2,CFG731_70b6eaf9262ca4d0,0.7879707934430301,CFG731_400b0d973c930668,2,0.7879700401070301,False,SYNTHETIC,synthetic_engineer_v1
RFQ731-001129,X731,8,CFG731_da02526d254e2e35,0.9052636660907368,CFG731_c976e33226ef748e,8,0.40195450488632506,False,SYNTHETIC,synthetic_engineer_v1
RFQ731-001130,X731,2,CFG731_da02526d254e2e35,0.9368423854641579,CFG731_0848f22447616e6f,2,0.37140154467656966,False,SYNTHETIC,synthetic_engineer_v1
RFQ731-001131,F731TE,2,CFG731_4d0235c9d5cc61be,0.7879701467960301,CFG731_4d0235c9d5cc61be,1,0.7879701467960301,True,SYNTHETIC,synthetic_engineer_v1
RFQ731-001132,X731,5,CFG731_0db950a4979d2c52,0.9210529032309474,CFG731_a4038243bb1e609e,3,0.4850241573512415,False,SYNTHETIC,synthetic_engineer_v1
RFQ731-001133,G731ST-LT,4,CFG731_7882c72c21497015,0.9210530435489473,CFG731_d432b6fd40e9e78c,2,0.8496246408403759,False,SYNTHETIC,synthetic_engineer_v1
RFQ731-001134,G731ST-HT,4,CFG731_2a989bd6dba74d9f,0.849624673084376,CFG731_b7a7770d19b6f648,3,0.4870462739637709,False,SYNTHETIC,synthetic_engineer_v1
RFQ731-001135,X731,2,CFG731_77a90bfd81b5c2c1,0.4989750483053344,CFG731_77a90bfd81b5c2c1,1,0.4989750483053344,True,SYNTHETIC,synthetic_engineer_v1
RFQ731-001136,G731ST-LT,1,CFG731_7882c72c21497015,0.9526321944673684,CFG731_7882c72c21497015,1,0.9526321944673684,True,SYNTHETIC,synthetic_engineer_v1
RFQ731-001137,G731CA,1,CFG731_2aca30183aab25a9,0.8353389044156616,CFG731_2aca30183aab25a9,1,0.8353389044156616,True,SYNTHETIC,synthetic_engineer_v1
RFQ731-001138,X731,5,CFG731_97796c9ac2811c94,0.8338346545461655,CFG731_967a77b57dcbfcb0,5,0.22254285235644272,False,SYNTHETIC,synthetic_engineer_v1
RFQ731-001139,G731ST-HT,4,CFG731_d03860c1f327a8d1,0.8496244066033759,CFG731_b5710e5f11e2cbc2,3,0.4146190722375356,False,SYNTHETIC,synthetic_engineer_v1
RFQ731-001140,X731,4,CFG731_8f470181ad32eeae,0.8654141529445866,CFG731_f840cb2b069bdaac,3,0.3680923411141579,False,SYNTHETIC,synthetic_engineer_v1
RFQ731-001141,X731,12,CFG731_219ac3d01befd6d1,0.9052640831617369,CFG731_b418359232bf5862,10,0.34055813338679564,False,SYNTHETIC,synthetic_engineer_v1
RFQ731-001142,X731,1,CFG731_4e59e6fc4174afa3,0.48318590889012386,CFG731_4e59e6fc4174afa3,1,0.48318590889012386,True,SYNTHETIC,synthetic_engineer_v1
RFQ731-001143,X731,3,CFG731_241d60e6ef5278be,0.8496247483563759,CFG731_92fbdd06b7923fc1,3,0.48704620372677093,False,SYNTHETIC,synthetic_engineer_v1
RFQ731-001144,F731TE,2,CFG731_31d150421c4341a3,0.7879708024730301,CFG731_31d150421c4341a3,1,0.7879708024730301,True,SYNTHETIC,synthetic_engineer_v1
RFQ731-001145,X731,4,CFG731_db395082b1a3b8ac,0.8894741772705264,CFG731_21cf39d47f0d98ac,4,0.19241540729511453,False,SYNTHETIC,synthetic_engineer_v1
RFQ731-001146,X731,11,CFG731_cf543b1c3927ab71,0.8894744417815263,CFG731_3a443cba223b0ece,11,0.1935179773585851,False,SYNTHETIC,synthetic_engineer_v1
RFQ731-001147,G731ST-HT,2,CFG731_cc9ac35e4d9a1854,0.9368423792901579,CFG731_143205a81a2e7efc,2,0.4335341760847461,False,SYNTHETIC,synthetic_engineer_v1
RFQ731-001148,X731,4,CFG731_f87794e7a98d0b11,0.9368430324641579,CFG731_007c0829be0a9482,3,0.500812712781452,False,SYNTHETIC,synthetic_engineer_v1
RFQ731-001149,X731,6,CFG731_8f470181ad32eeae,0.849624415850376,CFG731_550d755cbeee6b89,6,0.22234001731682973,False,SYNTHETIC,synthetic_engineer_v1
RFQ731-001150,F731PW,1,CFG731_7785b2914ebb6eaf,0.8180455816239549,CFG731_7785b2914ebb6eaf,1,0.8180455816239549,True,SYNTHETIC,synthetic_engineer_v1
RFQ731-001151,X731,3,CFG731_96c2ea74f0083869,0.8353386293756616,CFG731_1d9f683b219cb519,3,0.23539159997706505,False,SYNTHETIC,synthetic_engineer_v1
RFQ731-001152,X731,5,CFG731_3b2a32abbf148ca1,0.9368428867221579,CFG731_ebca481dc92d4982,5,0.244562899717452,False,SYNTHETIC,synthetic_engineer_v1
RFQ731-001153,X731,3,CFG731_8d2d91c46ccfb471,0.9368424739061579,CFG731_5fb1bce2eb72cec6,3,0.500812757963452,False,SYNTHETIC,synthetic_engineer_v1
RFQ731-001154,G731CA,1,CFG731_757fbd3e8915b462,0.8353384602986617,CFG731_757fbd3e8915b462,1,0.8353384602986617,True,SYNTHETIC,synthetic_engineer_v1
RFQ731-001155,X731,5,CFG731_608c0251ef380592,0.9210528164839473,CFG731_7157b3d45716ad8f,5,0.4844724696390062,False,SYNTHETIC,synthetic_engineer_v1
RFQ731-001156,X731,2,CFG731_6e096e946540ab4e,0.881203897840797,CFG731_ac8195f5cce7d089,2,0.881203031091797,False,SYNTHETIC,synthetic_engineer_v1
RFQ731-001157,X731,11,CFG731_31aa13473958d7d3,0.818045164582955,CFG731_558c0cc81a7cd52b,11,0.19315045606176157,False,SYNTHETIC,synthetic_engineer_v1
RFQ731-001158,X731,2,CFG731_a70e307c2ffca857,0.9052638329567368,CFG731_4f57c7eb0fb7e785,2,0.3482784929740898,False,SYNTHETIC,synthetic_engineer_v1
RFQ731-001159,X731,6,CFG731_f87794e7a98d0b11,0.9210532385799474,CFG731_b1cb604b4f0bb460,2,0.4850233172922415,False,SYNTHETIC,synthetic_engineer_v1
RFQ731-001160,X731,2,CFG731_c887ba58c35036a9,0.9368425800391579,CFG731_a59cc7e57b856164,2,0.4335341324537461,False,SYNTHETIC,synthetic_engineer_v1
RFQ731-001161,X731,1,CFG731_5e61ce3b60d15e11,0.968421978072579,CFG731_5e61ce3b60d15e11,1,0.968421978072579,True,SYNTHETIC,synthetic_engineer_v1
RFQ731-001162,X731,7,CFG731_5dd42015f6f61801,0.9210532147559474,CFG731_d67b44eae58dfe59,2,0.48318562951112387,False,SYNTHETIC,synthetic_engineer_v1
RFQ731-001163,X731,2,CFG731_83f956404d04e6cd,0.881203642972797,CFG731_d8a10cfbf11bf067,2,0.3890295703588978,False,SYNTHETIC,synthetic_engineer_v1
RFQ731-001164,X731,4,CFG731_5e61ce3b60d15e11,0.9368423927991579,CFG731_67751271582e3c57,3,0.500813551169452,False,SYNTHETIC,synthetic_engineer_v1
RFQ731-001165,X731,3,CFG731_97796c9ac2811c94,0.8654140390435865,CFG731_b2229c50a5d9ad96,3,0.37636472276668725,False,SYNTHETIC,synthetic_engineer_v1
RFQ731-001166,G731ST-HT,2,CFG731_8b18ac1c34209d63,0.936843030534158,CFG731_708466e4f37148f0,2,0.4335333508157461,False,SYNTHETIC,synthetic_engineer_v1
RFQ731-001167,X731,4,CFG731_2be17a56b0589fd1,0.9210533229619473,CFG731_1f0c09edcd967945,3,0.48502347725524153,False,SYNTHETIC,synthetic_engineer_v1
RFQ731-001168,F731WD_SINGLECHANNEL,2,CFG731_0be7d6198235486b,0.78797076937103,CFG731_0be7d6198235486b,1,0.78797076937103,True,SYNTHETIC,synthetic_engineer_v1
RFQ731-001169,G731ST-LT,2,CFG731_d124ccffa669c3a2,0.9368428336741579,CFG731_a57ffd88d58eb498,2,0.893985487776015,False,SYNTHETIC,synthetic_engineer_v1
RFQ731-001170,X731,3,CFG731_6e096e946540ab4e,0.8654137793625866,CFG731_312da2fbbd3df3eb,3,0.5028353730349814,False,SYNTHETIC,synthetic_engineer_v1
RFQ731-001171,X731,7,CFG731_8f470181ad32eeae,0.849624348068376,CFG731_bf623a3fc4d39d84,7,0.23686226197735916,False,SYNTHETIC,synthetic_engineer_v1
RFQ731-001172,G731ST-LT,4,CFG731_996314000fcfec4b,0.9210534188149474,CFG731_ae877a3b18b65d0a,2,0.849624621249376,False,SYNTHETIC,synthetic_engineer_v1
RFQ731-001173,G731ST-LT,3,CFG731_ab4075c601d1397c,0.849624845756376,CFG731_b479671c7b7638f0,2,0.3576343251678885,False,SYNTHETIC,synthetic_engineer_v1
RFQ731-001174,X731,5,CFG731_89772de94df83ba5,0.8338355221631655,CFG731_9267914435603df0,5,0.3365137101337368,False,SYNTHETIC,synthetic_engineer_v1
RFQ731-001175,X731,10,CFG731_8d07e19298d09d34,0.8180457844959549,CFG731_8a33ad6b36ecf204,9,0.20675317002723217,False,SYNTHETIC,synthetic_engineer_v1
RFQ731-001176,G731ST-HT,2,CFG731_fcc72e9951376cf3,0.8654139345565866,CFG731_dabfe16503f243e3,2,0.8511281790418722,False,SYNTHETIC,synthetic_engineer_v1
RFQ731-001177,X731,4,CFG731_20e62aeb01c953da,0.8654141488415865,CFG731_098da517f03c0deb,4,0.3691957799226285,False,SYNTHETIC,synthetic_engineer_v1
RFQ731-001178,G731ST-LT,2,CFG731_715a3d3226cbaffd,0.9368427745611579,CFG731_d5af433b36265df1,2,0.8939853864960151,False,SYNTHETIC,synthetic_engineer_v1
RFQ731-001179,X731,4,CFG731_8f470181ad32eeae,0.8654136168135865,CFG731_f840cb2b069bdaac,4,0.3680924164141579,False,SYNTHETIC,synthetic_engineer_v1
RFQ731-001180,X731,8,CFG731_cf543b1c3927ab71,0.9052633579947369,CFG731_086fcc478b89cea3,8,0.2225425810824427,False,SYNTHETIC,synthetic_engineer_v1
RFQ731-001181,X731,2,CFG731_fd3397424975992e,0.4831850513661239,CFG731_e65df8b5affd7b05,2,0.23796456396282975,False,SYNTHETIC,synthetic_engineer_v1
RFQ731-001182,X731,1,CFG731_59f86789e43d86f1,0.5147645316895448,CFG731_59f86789e43d86f1,1,0.5147645316895448,True,SYNTHETIC,synthetic_engineer_v1
RFQ731-001183,G731ST-HT,6,CFG731_4aa7d46b9cfa7d7b,0.9052641176987368,CFG731_72c610ffb054f7c4,3,0.341844601988678,False,SYNTHETIC,synthetic_engineer_v1
RFQ731-001184,X731,3,CFG731_3b2a32abbf148ca1,0.9368427886961579,CFG731_bae6e4f47f3132d8,2,0.500813256776452,False,SYNTHETIC,synthetic_engineer_v1
RFQ731-001185,X731,4,CFG731_186348c5f967a6f7,0.849624922412376,CFG731_184ec550d64fe37e,4,0.353405924723418,False,SYNTHETIC,synthetic_engineer_v1
RFQ731-001186,X731,2,CFG731_b8b11650a048baf7,0.8654142388455865,CFG731_7df8eeec8bf7a18c,2,0.3794896246506873,False,SYNTHETIC,synthetic_engineer_v1
RFQ731-001187,G731ST-LT,4,CFG731_d124ccffa669c3a2,0.9210528621359474,CFG731_6e088ee30195b6c4,3,0.48539087167806505,False,SYNTHETIC,synthetic_engineer_v1
RFQ731-001188,X731,4,CFG731_31aa13473958d7d3,0.8654139715835866,CFG731_d22124ab181ae0a4,4,0.36735705200051083,False,SYNTHETIC,synthetic_engineer_v1
RFQ731-001189,X731,2,CFG731_cf543b1c3927ab71,0.9368426138551579,CFG731_2a8793475d827bb6,2,0.8939856596730151,False,SYNTHETIC,synthetic_engineer_v1
RFQ731-001190,F731WD_DUALCHANNEL,1,CFG731_8281908b452128f3,0.8338351885971654,CFG731_8281908b452128f3,1,0.8338351885971654,True,SYNTHETIC,synthetic_engineer_v1
RFQ731-001191,F731WD_DUALCHANNEL,1,CFG731_819cb4e76943eca6,0.8195497833704511,CFG731_819cb4e76943eca6,1,0.8195497833704511,True,SYNTHETIC,synthetic_engineer_v1
RFQ731-001192,G731ST-LT,2,CFG731_b86bbf24b1c3a419,0.8654144629165865,CFG731_1123bef3c890d293,2,0.375078369826805,False,SYNTHETIC,synthetic_engineer_v1
RFQ731-001193,G731ST-LT,2,CFG731_7203705eed387b0a,0.8654145040425866,CFG731_26c190a4dc461550,2,0.37507801232080495,False,SYNTHETIC,synthetic_engineer_v1
RFQ731-001194,X731,1,CFG731_cf543b1c3927ab71,0.9526325659493684,CFG731_cf543b1c3927ab71,1,0.9526325659493684,True,SYNTHETIC,synthetic_engineer_v1
RFQ731-001195,X731,2,CFG731_32b1041fd68aac23,0.8654142275415865,CFG731_70b38ab75d3ca724,2,0.8654137555045865,False,SYNTHETIC,synthetic_engineer_v1
RFQ731-001196,G731ST-LT,1,CFG731_7882c72c21497015,0.9526325315333684,CFG731_7882c72c21497015,1,0.9526325315333684,True,SYNTHETIC,synthetic_engineer_v1
RFQ731-001197,X731,1,CFG731_f87794e7a98d0b11,0.968421692128579,CFG731_f87794e7a98d0b11,1,0.968421692128579,True,SYNTHETIC,synthetic_engineer_v1
RFQ731-001198,G731ST-LT,2,CFG731_7882c72c21497015,0.9368430316421579,CFG731_4772bedc40328ae2,2,0.4335339489507461,False,SYNTHETIC,synthetic_engineer_v1
RFQ731-001199,G731ST-HT,4,CFG731_bbffb73f3dff6787,0.9210533792319473,CFG731_920bf82480de0a61,3,0.8353387442446616,False,SYNTHETIC,synthetic_engineer_v1
RFQ731-001200,X731,1,CFG731_db395082b1a3b8ac,0.9210530028699473,CFG731_db395082b1a3b8ac,1,0.9210530028699473,True,SYNTHETIC,synthetic_engineer_v1
RFQ731-001201,X731,4,CFG731_f87794e7a98d0b11,0.9368424101361579,CFG731_6f04889a74b0dabc,3,0.8511287453118722,False,SYNTHETIC,synthetic_engineer_v1
RFQ731-001202,G731ST-LT,2,CFG731_7f5bfa7b21e81359,0.936842824069158,CFG731_2469d1b04bd775f6,2,0.4335341675187461,False,SYNTHETIC,synthetic_engineer_v1
RFQ731-001203,G731CA,2,CFG731_16b53411ff7f6c9b,0.3188858912214087,CFG731_4af82641f975d9aa,2,0.31612858646223224,False,SYNTHETIC,synthetic_engineer_v1
RFQ731-001204,X731,3,CFG731_32a4bb12438a37ab,0.9368430815361579,CFG731_88cb619bd3d90e89,3,0.2408863160762167,False,SYNTHETIC,synthetic_engineer_v1
RFQ731-001205,F731TE,1,CFG731_d8c69b7395beabbb,0.4712564111055604,CFG731_d8c69b7395beabbb,1,0.4712564111055604,True,SYNTHETIC,synthetic_engineer_v1
RFQ731-001206,F731WD_DUALCHANNEL,1,CFG731_819cb4e76943eca6,0.8195493699004511,CFG731_819cb4e76943eca6,1,0.8195493699004511,True,SYNTHETIC,synthetic_engineer_v1
RFQ731-001207,X731,7,CFG731_60f3aae8ede70fe0,0.9210529041209473,CFG731_0d3b04d12b4208a2,7,0.4177440975395356,False,SYNTHETIC,synthetic_engineer_v1
RFQ731-001208,X731,5,CFG731_8f470181ad32eeae,0.849624490281376,CFG731_96d353c7a2763a68,5,0.22472947063618268,False,SYNTHETIC,synthetic_engineer_v1
RFQ731-001209,X731,3,CFG731_97796c9ac2811c94,0.849624507823376,CFG731_f0b756a84ac83cc9,2,0.365905951187418,False,SYNTHETIC,synthetic_engineer_v1
RFQ731-001210,X731,2,CFG731_0836695982aaa38c,0.37397544625033435,CFG731_bd2172ffd6b9273a,2,0.3739748126683343,False,SYNTHETIC,synthetic_engineer_v1
RFQ731-001211,X731,4,CFG731_f87794e7a98d0b11,0.9368426773771579,CFG731_007c0829be0a9482,3,0.500813288310452,False,SYNTHETIC,synthetic_engineer_v1
RFQ731-001212,F731TE,1,CFG731_574aa7a29f75cd60,0.8338346651191655,CFG731_574aa7a29f75cd60,1,0.8338346651191655,True,SYNTHETIC,synthetic_engineer_v1
RFQ731-001213,X731,2,CFG731_5dd42015f6f61801,0.9526323034443683,CFG731_3d652e6a54b1c68b,2,0.38719054406978015,False,SYNTHETIC,synthetic_engineer_v1
RFQ731-001214,G731ST-HT,4,CFG731_cc9ac35e4d9a1854,0.9210531448209474,CFG731_4d6c56202edf3f41,3,0.48539178109006503,False,SYNTHETIC,synthetic_engineer_v1
RFQ731-001215,X731,1,CFG731_31aa13473958d7d3,0.8969927817960076,CFG731_31aa13473958d7d3,1,0.8969927817960076,True,SYNTHETIC,synthetic_engineer_v1
RFQ731-001216,X731,8,CFG731_219ac3d01befd6d1,0.9052638632887369,CFG731_8ce087647633b913,6,0.40195478208632507,False,SYNTHETIC,synthetic_engineer_v1
RFQ731-001217,F731WD_DUALCHANNEL,2,CFG731_cd1c2b236ffda331,0.7879701749240301,CFG731_cd1c2b236ffda331,1,0.7879701749240301,True,SYNTHETIC,synthetic_engineer_v1
RFQ731-001218,X731,2,CFG731_467283c67651467d,0.37397528988533435,CFG731_467283c67651467d,1,0.37397528988533435,True,SYNTHETIC,synthetic_engineer_v1
RFQ731-001219,X731,5,CFG731_83f956404d04e6cd,0.849624688400376,CFG731_f9254a8bb3738033,5,0.35745002898147676,False,SYNTHETIC,synthetic_engineer_v1
RFQ731-001220,F731TE,1,CFG731_574aa7a29f75cd60,0.8338350337751654,CFG731_574aa7a29f75cd60,1,0.8338350337751654,True,SYNTHETIC,synthetic_engineer_v1
RFQ731-001221,F731TE,2,CFG731_f79503cf8f87ea49,0.7879707274720301,CFG731_f79503cf8f87ea49,1,0.7879707274720301,True,SYNTHETIC,synthetic_engineer_v1
RFQ731-001222,G731CA,1,CFG731_95a64c12c70f922a,0.8353386653516616,CFG731_95a64c12c70f922a,1,0.8353386653516616,True,SYNTHETIC,synthetic_engineer_v1
RFQ731-001223,G731ST-LT,1,CFG731_7203705eed387b0a,0.8812038509937969,CFG731_7203705eed387b0a,1,0.8812038509937969,True,SYNTHETIC,synthetic_engineer_v1
RFQ731-001224,G731ST-LT,6,CFG731_8da1da530d6ae54d,0.8496247645303759,CFG731_7282d6f5ee4e2e9b,5,0.3620459017997709,False,SYNTHETIC,synthetic_engineer_v1
RFQ731-001225,X731,6,CFG731_0fbee36816b7af98,0.8496245322353759,CFG731_c4d0e2da53e6a22c,6,0.2298764202017121,False,SYNTHETIC,synthetic_engineer_v1
RFQ731-001226,G731ST-HT,2,CFG731_329b582435fea539,0.8654135511795865,CFG731_8fd0ed37b442c386,2,0.373423924724099,False,SYNTHETIC,synthetic_engineer_v1
RFQ731-001227,G731ST-HT,6,CFG731_4aa7d46b9cfa7d7b,0.9052639868757368,CFG731_72c610ffb054f7c4,4,0.341844146456678,False,SYNTHETIC,synthetic_engineer_v1
RFQ731-001228,X731,2,CFG731_5f9d5671c315ce06,0.4989752333903344,CFG731_5f9d5671c315ce06,1,0.4989752333903344,True,SYNTHETIC,synthetic_engineer_v1
RFQ731-001229,X731,7,CFG731_9a0f0b26c7f24725,0.849625053737376,CFG731_083e855a8bbcd2a3,7,0.23539118599206504,False,SYNTHETIC,synthetic_engineer_v1
RFQ731-001230,X731,6,CFG731_b7e96d5717c40fd6,0.9210536199629473,CFG731_4065adeeb89ecb2b,6,0.23539145171206505,False,SYNTHETIC,synthetic_engineer_v1
RFQ731-001231,X731,1,CFG731_c4bcee3a1477eeea,0.3794897348416873,CFG731_c4bcee3a1477eeea,1,0.3794897348416873,True,SYNTHETIC,synthetic_engineer_v1
RFQ731-001232,F731TE,1,CFG731_874928f24c55285e,0.3346752298566192,CFG731_874928f24c55285e,1,0.3346752298566192,True,SYNTHETIC,synthetic_engineer_v1
RFQ731-001233,G731ST-HT,1,CFG731_8b18ac1c34209d63,0.9526318521203684,CFG731_8b18ac1c34209d63,1,0.9526318521203684,True,SYNTHETIC,synthetic_engineer_v1
RFQ731-001234,X731,1,CFG731_bcec8ceac2dbcc79,0.8654143750485865,CFG731_bcec8ceac2dbcc79,1,0.8654143750485865,True,SYNTHETIC,synthetic_engineer_v1
RFQ731-001235,X731,2,CFG731_83f956404d04e6cd,0.881203471928797,CFG731_ec83ad3bde5df955,2,0.39527920897589786,False,SYNTHETIC,synthetic_engineer_v1
RFQ731-001236,F731WD_DUALCHANNEL,2,CFG731_819cb4e76943eca6,0.8037599348262405,CFG731_c37386a371e13fa8,2,0.4554664777803499,False,SYNTHETIC,synthetic_engineer_v1
RFQ731-001237,F731WD_DUALCHANNEL,1,CFG731_c0f6f70a47ed04ba,0.4554667467643499,CFG731_c0f6f70a47ed04ba,1,0.4554667467643499,True,SYNTHETIC,synthetic_engineer_v1
RFQ731-001238,X731,4,CFG731_f97e51d1da57d99f,0.8496250451673759,CFG731_b2ad61cdb45a54fb,4,0.3515677051633003,False,SYNTHETIC,synthetic_engineer_v1
RFQ731-001239,X731,2,CFG731_260c36430f7c2d03,0.9052635108337369,CFG731_e705c6e8d4b9cc85,2,0.3482779356690898,False,SYNTHETIC,synthetic_engineer_v1
RFQ731-001240,X731,4,CFG731_1cbb464ec15ba84f,0.3611270458777121,CFG731_6204dd6ea742eb13,4,0.23355340014894738,False,SYNTHETIC,synthetic_engineer_v1
RFQ731-001241,G731ST-LT,4,CFG731_7882c72c21497015,0.9210531348179474,CFG731_ad54a3e31832f7d2,3,0.8353386564636616,False,SYNTHETIC,synthetic_engineer_v1
RFQ731-001242,X731,11,CFG731_8d2d91c46ccfb471,0.9052640691747369,CFG731_be2582bdf5536cbf,11,0.21960156746485449,False,SYNTHETIC,synthetic_engineer_v1
RFQ731-001243,G731ST-HT,4,CFG731_63eca10a00ae1f5d,0.9210532328549473,CFG731_f23946dbf617272b,2,0.8496241126233759,False,SYNTHETIC,synthetic_engineer_v1
RFQ731-001244,X731,6,CFG731_219ac3d01befd6d1,0.9210532369529474,CFG731_3d79b5ed69541acc,5,0.4844724192780062,False,SYNTHETIC,synthetic_engineer_v1
RFQ731-001245,G731CA,2,CFG731_acbf4c45af55caad,0.8037595411682406,CFG731_e85a7fcdd0521e90,2,0.45546676485034987,False,SYNTHETIC,synthetic_engineer_v1
RFQ731-001246,G731CA,2,CFG731_98ec9650b5463fd0,0.8037595745932405,CFG731_98ec9650b5463fd0,1,0.8037595745932405,True,SYNTHETIC,synthetic_engineer_v1
RFQ731-001247,X731,2,CFG731_ddd1ce28a3456ff6,0.8654142088835866,CFG731_fa2849b259355775,2,0.8511280194828722,False,SYNTHETIC,synthetic_engineer_v1
RFQ731-001248,G731VG,1,CFG731_7f63e10e4938ed7a,0.8511285941048722,CFG731_7f63e10e4938ed7a,1,0.8511285941048722,True,SYNTHETIC,synthetic_engineer_v1
RFQ731-001249,G731ST-LT,3,CFG731_ab4075c601d1397c,0.8496243997783759,CFG731_cc47430fac8438be,2,0.4146195908005356,False,SYNTHETIC,synthetic_engineer_v1
RFQ731-001250,F731PW,1,CFG731_7785b2914ebb6eaf,0.8180451964559549,CFG731_7785b2914ebb6eaf,1,0.8180451964559549,True,SYNTHETIC,synthetic_engineer_v1
RFQ731-001251,X731,12,CFG731_8c50542218db5cb0,0.8894739589875263,CFG731_f5876a81d70adf82,12,0.19645901980417335,False,SYNTHETIC,synthetic_engineer_v1
RFQ731-001252,X731,5,CFG731_4346df46838fd57e,0.4831859132901239,CFG731_22ee4ff4a2fef4e6,4,0.23833298992565327,False,SYNTHETIC,synthetic_engineer_v1
RFQ731-001253,X731,2,CFG731_60f3aae8ede70fe0,0.9526319612523684,CFG731_ad672c682712eda8,2,0.4493229801939566,False,SYNTHETIC,synthetic_engineer_v1
RFQ731-001254,X731,4,CFG731_c39096767a7ae083,0.9368422788311579,CFG731_747411fe70ba8e8d,4,0.2511810090952755,False,SYNTHETIC,synthetic_engineer_v1
RFQ731-001255,G731ST-LT,4,CFG731_7882c72c21497015,0.9210531750939474,CFG731_d432b6fd40e9e78c,2,0.849624740443376,False,SYNTHETIC,synthetic_engineer_v1
RFQ731-001256,G731ST-LT,6,CFG731_d124ccffa669c3a2,0.9210533434589473,CFG731_7ea8c51038ca5bfd,6,0.23447258239400623,False,SYNTHETIC,synthetic_engineer_v1
RFQ731-001257,X731,3,CFG731_bbcb665ced67f8c3,0.8496241001053759,CFG731_4144999ac09e5fdc,2,0.36590616996041797,False,SYNTHETIC,synthetic_engineer_v1
RFQ731-001258,X731,3,CFG731_d27f5f5f307014a8,0.8654136380355866,CFG731_cb1aeeb79876dd06,3,0.3691954405046285,False,SYNTHETIC,synthetic_engineer_v1
RFQ731-001259,X731,7,CFG731_608c0251ef380592,0.9052637089077369,CFG731_33c8c685d7c8530a,7,0.40195440423132506,False,SYNTHETIC,synthetic_engineer_v1
RFQ731-001260,X731,3,CFG731_a6d4830ed3aa2681,0.9210533500599474,CFG731_5331dc313830f4cb,3,0.3515679527033003,False,SYNTHETIC,synthetic_engineer_v1
RFQ731-001261,X731,6,CFG731_11da8cc369b71f5a,0.8496246662853759,CFG731_9c21848fed1f6e04,6,0.23686223820335917,False,SYNTHETIC,synthetic_engineer_v1
RFQ731-001262,X731,16,CFG731_97796c9ac2811c94,0.8180460012589549,CFG731_6870d8bf5b059680,15,0.20307663139499688,False,SYNTHETIC,synthetic_engineer_v1
RFQ731-001263,X731,4,CFG731_60f3aae8ede70fe0,0.9368425383641579,CFG731_39890affe81b5eb5,3,0.4989752657673344,False,SYNTHETIC,synthetic_engineer_v1
RFQ731-001264,X731,2,CFG731_0db950a4979d2c52,0.9526321535143684,CFG731_36d7686aca1200ae,2,0.44932285998895666,False,SYNTHETIC,synthetic_engineer_v1
RFQ731-001265,F731TE,1,CFG731_090330aa38b8e80b,0.3346753964436192,CFG731_090330aa38b8e80b,1,0.3346753964436192,True,SYNTHETIC,synthetic_engineer_v1
RFQ731-001266,X731,2,CFG731_e80085d86d0bbfa9,0.881203577339797,CFG731_c3481d11b658e1e9,2,0.39527876857589783,False,SYNTHETIC,synthetic_engineer_v1
RFQ731-001267,X731,7,CFG731_5dd42015f6f61801,0.9210527690949474,CFG731_917fc613cc9bf56a,3,0.4850237571552415,False,SYNTHETIC,synthetic_engineer_v1
RFQ731-001268,X731,2,CFG731_97796c9ac2811c94,0.8654136674275865,CFG731_cd4f211fbf872f2e,2,0.375077531372805,False,SYNTHETIC,synthetic_engineer_v1
RFQ731-001269,X731,6,CFG731_672458a8e716cdf8,0.8496248920823759,CFG731_39083521b1413e72,6,0.36057494823747677,False,SYNTHETIC,synthetic_engineer_v1
RFQ731-001270,G731ST-HT,4,CFG731_cc9ac35e4d9a1854,0.9210532807249473,CFG731_7f0b42d2b9f7fcc2,3,0.8353388398456616,False,SYNTHETIC,synthetic_engineer_v1
RFQ731-001271,G731CA,2,CFG731_edf13ed38a4b54de,0.8037599089282406,CFG731_452fb8d2c450816e,2,0.8037597174102405,False,SYNTHETIC,synthetic_engineer_v1
RFQ731-001272,X731,5,CFG731_abcee67081353f16,0.9052640263637369,CFG731_32adda6269b4f5ce,3,0.469234572182031,False,SYNTHETIC,synthetic_engineer_v1
RFQ731-001273,X731,5,CFG731_f87794e7a98d0b11,0.9210535860249474,CFG731_e8d4d37dfb814e2d,2,0.48318500589512386,False,SYNTHETIC,synthetic_engineer_v1
RFQ731-001274,F731TE,2,CFG731_b7c1a02b25610507,0.7879700469160301,CFG731_b7c1a02b25610507,1,0.7879700469160301,True,SYNTHETIC,synthetic_engineer_v1
RFQ731-001275,G731ST-LT,8,CFG731_a40ab19ad6671fbe,0.9052637916867369,CFG731_9e44a82e6c1db982,6,0.40195531923132505,False,SYNTHETIC,synthetic_engineer_v1
RFQ731-001276,G731ST-HT,6,CFG731_63eca10a00ae1f5d,0.9210536139589474,CFG731_c759934398f2381a,5,0.48447190294300624,False,SYNTHETIC,synthetic_engineer_v1
RFQ731-001277,X731,4,CFG731_97796c9ac2811c94,0.849624703492376,CFG731_031d8f2fe50bf3d1,3,0.48704567046677094,False,SYNTHETIC,synthetic_engineer_v1
RFQ731-001278,X731,4,CFG731_8c50542218db5cb0,0.9210527216519473,CFG731_fc0b29ae617f0a6b,2,0.849624944957376,False,SYNTHETIC,synthetic_engineer_v1
RFQ731-001279,G731ST-LT,2,CFG731_996314000fcfec4b,0.9368425675201579,CFG731_22da0d6030817265,2,0.4335338590677461,False,SYNTHETIC,synthetic_engineer_v1
RFQ731-001280,X731,2,CFG731_3b2a32abbf148ca1,0.9526322018133684,CFG731_8c429238b2628537,2,0.4493228200799566,False,SYNTHETIC,synthetic_engineer_v1
RFQ731-001281,G731ST-LT,2,CFG731_d124ccffa669c3a2,0.936842335284158,CFG731_a57ffd88d58eb498,2,0.8939855633110151,False,SYNTHETIC,synthetic_engineer_v1
RFQ731-001282,G731ST-HT,2,CFG731_076cad91966d4c34,0.8654140999105865,CFG731_c32627af59ba1526,2,0.8654136583305865,False,SYNTHETIC,synthetic_engineer_v1
RFQ731-001283,G731ST-HT,1,CFG731_fcc72e9951376cf3,0.881203685433797,CFG731_fcc72e9951376cf3,1,0.881203685433797,True,SYNTHETIC,synthetic_engineer_v1
RFQ731-001284,X731,2,CFG731_ddd1ce28a3456ff6,0.8654141276545865,CFG731_935bc110c01e9e85,2,0.8654140601165865,False,SYNTHETIC,synthetic_engineer_v1
RFQ731-001285,X731,2,CFG731_bbcb665ced67f8c3,0.8654144930685865,CFG731_0aa987e1ae960c88,2,0.8511282557868721,False,SYNTHETIC,synthetic_engineer_v1
RFQ731-001286,X731,1,CFG731_4cb65cc21b5b9f68,0.375078079215805,CFG731_4cb65cc21b5b9f68,1,0.375078079215805,True,SYNTHETIC,synthetic_engineer_v1
RFQ731-001287,X731,2,CFG731_a7dc06adf945eba3,0.35818533759712384,CFG731_cf4d8202c634a1d4,2,0.23061177381835915,False,SYNTHETIC,synthetic_engineer_v1
RFQ731-001288,X731,1,CFG731_9b78d433d00f1965,0.3908677847200155,CFG731_9b78d433d00f1965,1,0.3908677847200155,True,SYNTHETIC,synthetic_engineer_v1
RFQ731-001289,G731ST-LT,2,CFG731_b86bbf24b1c3a419,0.8654143913145865,CFG731_2db6c530f35d47b9,2,0.8654139042525866,False,SYNTHETIC,synthetic_engineer_v1
RFQ731-001290,G731ST-LT,3,CFG731_ab4075c601d1397c,0.8496247853293759,CFG731_b479671c7b7638f0,2,0.35763428503488853,False,SYNTHETIC,synthetic_engineer_v1
RFQ731-001291,G731CA,1,CFG731_5bfe9492c76587ec,0.48704625002377094,CFG731_5bfe9492c76587ec,1,0.48704625002377094,True,SYNTHETIC,synthetic_engineer_v1
RFQ731-001292,G731ST-HT,4,CFG731_63eca10a00ae1f5d,0.9210528814659473,CFG731_a4416ae9d698efa6,3,0.48539181229606504,False,SYNTHETIC,synthetic_engineer_v1
RFQ731-001293,X731,4,CFG731_8c50542218db5cb0,0.9210536015329474,CFG731_557eff71f11cfc98,3,0.8353390915536616,False,SYNTHETIC,synthetic_engineer_v1
RFQ731-001294,X731,8,CFG731_219ac3d01befd6d1,0.9052634452347369,CFG731_8ce087647633b913,7,0.4019547482843251,False,SYNTHETIC,synthetic_engineer_v1
RFQ731-001295,G731ST-LT,2,CFG731_395f3e5588a2c3c0,0.8654140559865865,CFG731_395f3e5588a2c3c0,1,0.8654140559865865,True,SYNTHETIC,synthetic_engineer_v1
RFQ731-001296,G731ST-LT,2,CFG731_0fdf5c36c9c41e69,0.8654142313255865,CFG731_04ce01976de342c1,2,0.8511285169148721,False,SYNTHETIC,synthetic_engineer_v1
RFQ731-001297,F731WD_SINGLECHANNEL,1,CFG731_70b6eaf9262ca4d0,0.8195498203544511,CFG731_70b6eaf9262ca4d0,1,0.8195498203544511,True,SYNTHETIC,synthetic_engineer_v1
RFQ731-001298,X731,8,CFG731_0fbee36816b7af98,0.8338349472881654,CFG731_e3fb1c7106d0cf73,7,0.22254260308144272,False,SYNTHETIC,synthetic_engineer_v1
RFQ731-001299,G731ST-HT,4,CFG731_bbffb73f3dff6787,0.9210532186249474,CFG731_9681c4eec01b7fad,2,0.849624553733376,False,SYNTHETIC,synthetic_engineer_v1
RFQ731-001300,X731,4,CFG731_e08dfad4737be3d9,0.9368426626691579,CFG731_ef4cf0e053e2d332,2,0.8654138088515865,False,SYNTHETIC,synthetic_engineer_v1
RFQ731-001301,X731,3,CFG731_9b78d433d00f1965,0.375077912142805,CFG731_21833abb52d83273,3,0.2541218619758638,False,SYNTHETIC,synthetic_engineer_v1
RFQ731-001302,X731,6,CFG731_32b1041fd68aac23,0.8338348881921654,CFG731_7a941b9a49372410,5,0.22033721403950154,False,SYNTHETIC,synthetic_engineer_v1
RFQ731-001303,X731,3,CFG731_8f470181ad32eeae,0.8654137577955865,CFG731_8366eceddaf01e58,3,0.3684605163039814,False,SYNTHETIC,synthetic_engineer_v1
RFQ731-001304,X731,3,CFG731_241d60e6ef5278be,0.8496248388023759,CFG731_2a6e9b57f90048ca,3,0.3644352825571239,False,SYNTHETIC,synthetic_engineer_v1
RFQ731-001305,G731ST-LT,2,CFG731_d124ccffa669c3a2,0.936842357521158,CFG731_ae2e4cfccaff4f50,2,0.4335336967687461,False,SYNTHETIC,synthetic_engineer_v1
RFQ731-001306,X731,1,CFG731_31aa13473958d7d3,0.8969934794570076,CFG731_31aa13473958d7d3,1,0.8969934794570076,True,SYNTHETIC,synthetic_engineer_v1
RFQ731-001307,G731CA,1,CFG731_ed85647cd384c17a,0.8353387490916616,CFG731_ed85647cd384c17a,1,0.8353387490916616,True,SYNTHETIC,synthetic_engineer_v1
RFQ731-001308,X731,4,CFG731_f97e51d1da57d99f,0.849624677143376,CFG731_b2ad61cdb45a54fb,4,0.3515679612813003,False,SYNTHETIC,synthetic_engineer_v1
RFQ731-001309,F731TE,2,CFG731_3c2aedfb429dc226,0.7879705329280301,CFG731_3c2aedfb429dc226,1,0.7879705329280301,True,SYNTHETIC,synthetic_engineer_v1
RFQ731-001310,F731PW,1,CFG731_5995fa9fd5d1242f,0.8180457382489549,CFG731_5995fa9fd5d1242f,1,0.8180457382489549,True,SYNTHETIC,synthetic_engineer_v1
RFQ731-001311,G731ST-HT,4,CFG731_cc9ac35e4d9a1854,0.9210536027579473,CFG731_7f0b42d2b9f7fcc2,3,0.8353388178906616,False,SYNTHETIC,synthetic_engineer_v1
RFQ731-001312,X731,4,CFG731_abcee67081353f16,0.9210531307319474,CFG731_ebf26b0112810ef9,2,0.8496241635113759,False,SYNTHETIC,synthetic_engineer_v1
RFQ731-001313,X731,2,CFG731_b7e96d5717c40fd6,0.9526316256553684,CFG731_cb9d6c11077bd307,2,0.38130816425960373,False,SYNTHETIC,synthetic_engineer_v1
RFQ731-001314,X731,4,CFG731_f87794e7a98d0b11,0.9368424719141579,CFG731_007c0829be0a9482,3,0.500813545623452,False,SYNTHETIC,synthetic_engineer_v1
RFQ731-001315,G731ST-HT,2,CFG731_a3b03637ed22317c,0.9368422725821579,CFG731_6e53621a73b55f2c,2,0.4335333891167461,False,SYNTHETIC,synthetic_engineer_v1
RFQ731-001316,X731,6,CFG731_5e61ce3b60d15e11,0.9368428382651579,CFG731_243419c6708378b3,5,0.5002617695102168,False,SYNTHETIC,synthetic_engineer_v1
RFQ731-001317,G731ST-LT,7,CFG731_ab4075c601d1397c,0.8338347816581655,CFG731_adf1bbb0fbae3d43,7,0.21151403409273684,False,SYNTHETIC,synthetic_engineer_v1
RFQ731-001318,X731,8,CFG731_31aa13473958d7d3,0.8338349112971655,CFG731_0f0d5e28351801c5,7,0.33651369340573684,False,SYNTHETIC,synthetic_engineer_v1
RFQ731-001319,G731ST-LT,2,CFG731_0fdf5c36c9c41e69,0.8654135435485866,CFG731_9b48d8977da96686,2,0.375077560144805,False,SYNTHETIC,synthetic_engineer_v1
RFQ731-001320,X731,4,CFG731_9a0f0b26c7f24725,0.8654144980995865,CFG731_9eee2266c8068ada,4,0.37323972007268735,False,SYNTHETIC,synthetic_engineer_v1
RFQ731-001321,G731ST-LT,4,CFG731_7882c72c21497015,0.9210535408929473,CFG731_d432b6fd40e9e78c,2,0.849624968724376,False,SYNTHETIC,synthetic_engineer_v1
RFQ731-001322,G731ST-HT,2,CFG731_84b16be5aab3bf9b,0.8654145167535865,CFG731_84b16be5aab3bf9b,1,0.8654145167535865,True,SYNTHETIC,synthetic_engineer_v1
RFQ731-001323,X731,1,CFG731_a92ad5294d9187e9,0.9210532513139473,CFG731_a92ad5294d9187e9,1,0.9210532513139473,True,SYNTHETIC,synthetic_engineer_v1
RFQ731-001324,G731ST-HT,1,CFG731_cc9ac35e4d9a1854,0.9526325663333683,CFG731_cc9ac35e4d9a1854,1,0.9526325663333683,True,SYNTHETIC,synthetic_engineer_v1
RFQ731-001325,X731,4,CFG731_83f956404d04e6cd,0.8654139459325865,CFG731_2bbfd30aeb5b5782,3,0.38022510154933437,False,SYNTHETIC,synthetic_engineer_v1
RFQ731-001326,G731ST-LT,1,CFG731_7203705eed387b0a,0.881203551236797,CFG731_7203705eed387b0a,1,0.881203551236797,True,SYNTHETIC,synthetic_engineer_v1
RFQ731-001327,F731PW,1,CFG731_0d8116f4900c6919,0.8180455236349549,CFG731_0d8116f4900c6919,1,0.8180455236349549,True,SYNTHETIC,synthetic_engineer_v1
RFQ731-001328,F731WD_SINGLECHANNEL,1,CFG731_70b6eaf9262ca4d0,0.8195494660234511,CFG731_70b6eaf9262ca4d0,1,0.8195494660234511,True,SYNTHETIC,synthetic_engineer_v1
RFQ731-001329,X731,1,CFG731_a385518a9f31baa0,0.3669899167716873,CFG731_a385518a9f31baa0,1,0.3669899167716873,True,SYNTHETIC,synthetic_engineer_v1
RFQ731-001330,G731CA,1,CFG731_2aca30183aab25a9,0.8353387389226616,CFG731_2aca30183aab25a9,1,0.8353387389226616,True,SYNTHETIC,synthetic_engineer_v1
RFQ731-001331,X731,2,CFG731_8189439864af87ea,0.8338353390561655,CFG731_76d13dd0246c6ccc,2,0.341844639637678,False,SYNTHETIC,synthetic_engineer_v1
RFQ731-001332,X731,1,CFG731_4e59e6fc4174afa3,0.48318505012212387,CFG731_4e59e6fc4174afa3,1,0.48318505012212387,True,SYNTHETIC,synthetic_engineer_v1
RFQ731-001333,X731,11,CFG731_0db950a4979d2c52,0.9052637550157369,CFG731_932b427eaa87c8fa,10,0.21960201113685449,False,SYNTHETIC,synthetic_engineer_v1
RFQ731-001334,F731TE,1,CFG731_28454766bbc80cb9,0.3346749664516192,CFG731_28454766bbc80cb9,1,0.3346749664516192,True,SYNTHETIC,synthetic_engineer_v1
RFQ731-001335,X731,3,CFG731_96c2ea74f0083869,0.8511284122678722,CFG731_33d5b52db510e046,2,0.5028348473309814,False,SYNTHETIC,synthetic_engineer_v1
RFQ731-001336,X731,6,CFG731_b4987f1c95e91d0d,0.9052639134677369,CFG731_071ad1736ef73ba8,3,0.469234006056031,False,SYNTHETIC,synthetic_engineer_v1
RFQ731-001337,G731ST-LT,2,CFG731_715a3d3226cbaffd,0.9368421440241579,CFG731_d5af433b36265df1,2,0.8939857621870151,False,SYNTHETIC,synthetic_engineer_v1
RFQ731-001338,X731,6,CFG731_2be17a56b0589fd1,0.9052639638717369,CFG731_135ddf5639321fb6,3,0.469234269199031,False,SYNTHETIC,synthetic_engineer_v1
RFQ731-001339,G731ST-HT,11,CFG731_63eca10a00ae1f5d,0.9052637804937369,CFG731_37f66c3948c00e57,5,0.4686828584957957,False,SYNTHETIC,synthetic_engineer_v1
RFQ731-001340,X731,2,CFG731_11da8cc369b71f5a,0.881203866971797,CFG731_ab7c99e095bc84f9,2,0.3890287063178978,False,SYNTHETIC,synthetic_engineer_v1
RFQ731-001341,F731TE,1,CFG731_a72f99e8160efda6,0.4712565695595604,CFG731_a72f99e8160efda6,1,0.4712565695595604,True,SYNTHETIC,synthetic_engineer_v1
RFQ731-001342,G731ST-LT,8,CFG731_b86bbf24b1c3a419,0.8338351722581655,CFG731_19bcffd0eb2806b8,8,0.21151410732973686,False,SYNTHETIC,synthetic_engineer_v1
RFQ731-001343,F731WD_SINGLECHANNEL,1,CFG731_11c93eca01984a14,0.4712562784285604,CFG731_11c93eca01984a14,1,0.4712562784285604,True,SYNTHETIC,synthetic_engineer_v1
RFQ731-001344,X731,4,CFG731_12d9cb8d41e8f486,0.8654142347335865,CFG731_0893c2d75c71d33c,4,0.36735698696251085,False,SYNTHETIC,synthetic_engineer_v1
RFQ731-001345,X731,4,CFG731_5dd42015f6f61801,0.9368428185551579,CFG731_5c624ef6fa2b6510,3,0.5011805673212756,False,SYNTHETIC,synthetic_engineer_v1
RFQ731-001346,G731ST-LT,3,CFG731_77dd17c48f15826c,0.849624839097376,CFG731_5bf68569c7ddfc7c,3,0.3515677994203003,False,SYNTHETIC,synthetic_engineer_v1
RFQ731-001347,X731,1,CFG731_ac3a4ff61341aa72,0.8496241247183759,CFG731_ac3a4ff61341aa72,1,0.8496241247183759,True,SYNTHETIC,synthetic_engineer_v1
RFQ731-001348,X731,2,CFG731_70aa5a64b0803277,0.8654144574095866,CFG731_70aa5a64b0803277,1,0.8654144574095866,True,SYNTHETIC,synthetic_engineer_v1
RFQ731-001349,F731WD_SINGLECHANNEL,1,CFG731_4ca309199387f8d5,0.8195496757764511,CFG731_4ca309199387f8d5,1,0.8195496757764511,True,SYNTHETIC,synthetic_engineer_v1
RFQ731-001350,F731TE,2,CFG731_b27467571d893d92,0.7879706935070301,CFG731_b27467571d893d92,1,0.7879706935070301,True,SYNTHETIC,synthetic_engineer_v1
RFQ731-001351,X731,3,CFG731_ac8195f5cce7d089,0.8654145106985865,CFG731_7d4c803343a40a05,3,0.37948919043868734,False,SYNTHETIC,synthetic_engineer_v1
RFQ731-001352,X731,4,CFG731_c39096767a7ae083,0.9368427463441579,CFG731_9d34457cb8c133dc,4,0.2522838682897461,False,SYNTHETIC,synthetic_engineer_v1
RFQ731-001353,F731PW,1,CFG731_ef211cb97feaddc8,0.8180459639949549,CFG731_ef211cb97feaddc8,1,0.8180459639949549,True,SYNTHETIC,synthetic_engineer_v1
RFQ731-001354,X731,1,CFG731_0db950a4979d2c52,0.968421669091579,CFG731_0db950a4979d2c52,1,0.968421669091579,True,SYNTHETIC,synthetic_engineer_v1
RFQ731-001355,G731ST-HT,4,CFG731_a56f1437a0b4ca31,0.8496245219563759,CFG731_86a2340212c01d2a,3,0.4870455823367709,False,SYNTHETIC,synthetic_engineer_v1
RFQ731-001356,X731,8,CFG731_70b38ab75d3ca724,0.8338351595191655,CFG731_12b0a7f4abb14e7e,8,0.2210721285491486,False,SYNTHETIC,synthetic_engineer_v1
RFQ731-001357,X731,2,CFG731_abcee67081353f16,0.936842287430158,CFG731_3d5919a152529e0c,2,0.4335340960517461,False,SYNTHETIC,synthetic_engineer_v1
RFQ731-001358,G731CA,2,CFG731_98ec9650b5463fd0,0.8037598804182405,CFG731_98ec9650b5463fd0,1,0.8037598804182405,True,SYNTHETIC,synthetic_engineer_v1
RFQ731-001359,X731,4,CFG731_2be17a56b0589fd1,0.9210535336149474,CFG731_1f0c09edcd967945,3,0.4850234977142415,False,SYNTHETIC,synthetic_engineer_v1
RFQ731-001360,X731,8,CFG731_c887ba58c35036a9,0.9052635491217369,CFG731_134ecd7b8190bed1,6,0.40195510127332507,False,SYNTHETIC,synthetic_engineer_v1
RFQ731-001361,X731,2,CFG731_d19bd87a4eba7364,0.37397545815233435,CFG731_467283c67651467d,2,0.3739745613573343,False,SYNTHETIC,synthetic_engineer_v1
RFQ731-001362,G731ST-HT,2,CFG731_bbffb73f3dff6787,0.936843014549158,CFG731_b827079551368856,2,0.4335336863617461,False,SYNTHETIC,synthetic_engineer_v1
RFQ731-001363,F731WD_DUALCHANNEL,1,CFG731_819cb4e76943eca6,0.8195493728064511,CFG731_819cb4e76943eca6,1,0.8195493728064511,True,SYNTHETIC,synthetic_engineer_v1
RFQ731-001364,X731,2,CFG731_32b1041fd68aac23,0.8654141594515865,CFG731_3611bb1fba248e38,2,0.8511280926668722,False,SYNTHETIC,synthetic_engineer_v1
RFQ731-001365,X731,3,CFG731_a6d4830ed3aa2681,0.9210535809469473,CFG731_296392aa95929245,2,0.8496244636753759,False,SYNTHETIC,synthetic_engineer_v1
RFQ731-001366,X731,3,CFG731_d40b624cb7b84a81,0.8654136980735865,CFG731_1f31b1bf8dc9e962,2,0.3794900782566873,False,SYNTHETIC,synthetic_engineer_v1
RFQ731-001367,F731PW,1,CFG731_7fea22051dcc86b6,0.8180457495609549,CFG731_7fea22051dcc86b6,1,0.8180457495609549,True,SYNTHETIC,synthetic_engineer_v1
RFQ731-001368,X731,3,CFG731_91e51485b56960b2,0.9368427742121579,CFG731_ab67f4ca670c9841,2,0.500813003434452,False,SYNTHETIC,synthetic_engineer_v1
RFQ731-001369,F731PW,3,CFG731_7fea22051dcc86b6,0.8022558235757444,CFG731_4b26dfbafad76131,3,0.3132071783688452,False,SYNTHETIC,synthetic_engineer_v1
RFQ731-001370,F731WD_SINGLECHANNEL,2,CFG731_ee8e327bbb737abf,0.78797072443403,CFG731_ee8e327bbb737abf,1,0.78797072443403,True,SYNTHETIC,synthetic_engineer_v1
RFQ731-001371,X731,7,CFG731_3b2a32abbf148ca1,0.9210531514569473,CFG731_27f3f9fc0b2e1643,5,0.36002348959024144,False,SYNTHETIC,synthetic_engineer_v1
RFQ731-001372,G731CA,1,CFG731_d2a75fda6f761c1b,0.4870462212077709,CFG731_d2a75fda6f761c1b,1,0.4870462212077709,True,SYNTHETIC,synthetic_engineer_v1
RFQ731-001373,F731TE,1,CFG731_874928f24c55285e,0.3346753277106192,CFG731_874928f24c55285e,1,0.3346753277106192,True,SYNTHETIC,synthetic_engineer_v1
RFQ731-001374,X731,2,CFG731_5dd42015f6f61801,0.9526317933853684,CFG731_3d652e6a54b1c68b,2,0.38719083868678017,False,SYNTHETIC,synthetic_engineer_v1
RFQ731-001375,X731,7,CFG731_a6d4830ed3aa2681,0.9052634455217369,CFG731_27ec8892eacc701d,7,0.20930783535479566,False,SYNTHETIC,synthetic_engineer_v1
RFQ731-001376,X731,4,CFG731_6e096e946540ab4e,0.8654140120015865,CFG731_9e13de19970e4646,4,0.36919539056062844,False,SYNTHETIC,synthetic_engineer_v1
RFQ731-001377,X731,3,CFG731_e08dfad4737be3d9,0.9368429130021579,CFG731_4eb28f7e77f7ba51,3,0.2526510916535697,False,SYNTHETIC,synthetic_engineer_v1
RFQ731-001378,X731,1,CFG731_63fe6cb51777cd72,0.3581857848481238,CFG731_63fe6cb51777cd72,1,0.3581857848481238,True,SYNTHETIC,synthetic_engineer_v1
RFQ731-001379,X731,4,CFG731_ddd1ce28a3456ff6,0.849624499075376,CFG731_3399b9d467bfc71a,3,0.3637003758354768,False,SYNTHETIC,synthetic_engineer_v1
RFQ731-001380,X731,6,CFG731_91e51485b56960b2,0.9210527508559474,CFG731_8e5ce09a779d2284,4,0.4177447626505356,False,SYNTHETIC,synthetic_engineer_v1
RFQ731-001381,F731PW,1,CFG731_92efd7a3c43da152,0.8180459445899549,CFG731_92efd7a3c43da152,1,0.8180459445899549,True,SYNTHETIC,synthetic_engineer_v1
RFQ731-001382,X731,1,CFG731_8d2d91c46ccfb471,0.968421465347579,CFG731_8d2d91c46ccfb471,1,0.968421465347579,True,SYNTHETIC,synthetic_engineer_v1
RFQ731-001383,G731CA,2,CFG731_98ec9650b5463fd0,0.8037599026662405,CFG731_98ec9650b5463fd0,1,0.8037599026662405,True,SYNTHETIC,synthetic_engineer_v1
RFQ731-001384,X731,8,CFG731_5e61ce3b60d15e11,0.9210528446689473,CFG731_48aa9a27f24794bc,6,0.4177445391955356,False,SYNTHETIC,synthetic_engineer_v1
RFQ731-001385,G731ST-LT,10,CFG731_a40ab19ad6671fbe,0.9052632462777369,CFG731_77fac91021549398,5,0.4686826662697957,False,SYNTHETIC,synthetic_engineer_v1
RFQ731-001386,X731,2,CFG731_5d345c0f49f6f272,0.8511279033468722,CFG731_13c137be155b0bd9,2,0.5028352670799814,False,SYNTHETIC,synthetic_engineer_v1
RFQ731-001387,F731WD_DUALCHANNEL,1,CFG731_c0f6f70a47ed04ba,0.4554665524553499,CFG731_c0f6f70a47ed04ba,1,0.4554665524553499,True,SYNTHETIC,synthetic_engineer_v1
RFQ731-001388,X731,2,CFG731_7bb3a18bcb60bab4,0.192048021269291,CFG731_7bb3a18bcb60bab4,1,0.192048021269291,True,SYNTHETIC,synthetic_engineer_v1
RFQ731-001389,G731ST-HT,8,CFG731_265337e27ab1207c,0.8338351678431655,CFG731_c9344715918cf412,8,0.21151411775473686,False,SYNTHETIC,synthetic_engineer_v1
RFQ731-001390,F731PW,1,CFG731_0781a0fecc8f46d5,0.8180452248159549,CFG731_0781a0fecc8f46d5,1,0.8180452248159549,True,SYNTHETIC,synthetic_engineer_v1
RFQ731-001391,F731WD_SINGLECHANNEL,1,CFG731_4ca309199387f8d5,0.8195493562354511,CFG731_4ca309199387f8d5,1,0.8195493562354511,True,SYNTHETIC,synthetic_engineer_v1
RFQ731-001392,X731,6,CFG731_91e51485b56960b2,0.9210533016879473,CFG731_8e5ce09a779d2284,5,0.4177446355775356,False,SYNTHETIC,synthetic_engineer_v1
RFQ731-001393,X731,2,CFG731_3b2a32abbf148ca1,0.9526321291293683,CFG731_b16b5f82b033935f,2,0.38719067631778015,False,SYNTHETIC,synthetic_engineer_v1
RFQ731-001394,G731CA,1,CFG731_55e37d2b9d20276c,0.8353392745916616,CFG731_55e37d2b9d20276c,1,0.8353392745916616,True,SYNTHETIC,synthetic_engineer_v1
RFQ731-001395,G731ST-LT,2,CFG731_0fdf5c36c9c41e69,0.8654144149285865,CFG731_04ce01976de342c1,2,0.8511286752168722,False,SYNTHETIC,synthetic_engineer_v1
RFQ731-001396,X731,3,CFG731_fd3397424975992e,0.4831859644381239,CFG731_ef7dc9987c0ff289,3,0.23796460072082973,False,SYNTHETIC,synthetic_engineer_v1
RFQ731-001397,X731,16,CFG731_e08dfad4737be3d9,0.9052638310157369,CFG731_8bd839e0c8855562,16,0.21004309926244275,False,SYNTHETIC,synthetic_engineer_v1
RFQ731-001398,X731,6,CFG731_70b38ab75d3ca724,0.849625032015376,CFG731_b3cd6a1a19fbc328,6,0.36057479189247676,False,SYNTHETIC,synthetic_engineer_v1
RFQ731-001399,G731ST-LT,2,CFG731_0fdf5c36c9c41e69,0.8654136178415865,CFG731_9b48d8977da96686,2,0.375077411962805,False,SYNTHETIC,synthetic_engineer_v1
RFQ731-001400,G731ST-HT,4,CFG731_a56f1437a0b4ca31,0.849624290130376,CFG731_00e033bb831be6d5,3,0.35928882116959443,False,SYNTHETIC,synthetic_engineer_v1
RFQ731-001401,G731CA,1,CFG731_508d465d4c518290,0.8353384440406616,CFG731_508d465d4c518290,1,0.8353384440406616,True,SYNTHETIC,synthetic_engineer_v1
RFQ731-001402,X731,1,CFG731_5cfa203ca7029f1c,0.38976404240054485,CFG731_5cfa203ca7029f1c,1,0.38976404240054485,True,SYNTHETIC,synthetic_engineer_v1
RFQ731-001403,X731,4,CFG731_2be17a56b0589fd1,0.9210526511739473,CFG731_1f0c09edcd967945,3,0.4850233306032415,False,SYNTHETIC,synthetic_engineer_v1
RFQ731-001404,G731ST-LT,11,CFG731_e0009be417f51ccd,0.9052637310497369,CFG731_5be384035f37d372,10,0.34055775723679566,False,SYNTHETIC,synthetic_engineer_v1
RFQ731-001405,X731,2,CFG731_ddfa4ab00c1bcdd0,0.8654142489175866,CFG731_ddfa4ab00c1bcdd0,1,0.8654142489175866,True,SYNTHETIC,synthetic_engineer_v1
RFQ731-001406,X731,6,CFG731_b7e96d5717c40fd6,0.9210529104209474,CFG731_fb9edbaa4769eb64,3,0.3526704650227709,False,SYNTHETIC,synthetic_engineer_v1
RFQ731-001407,X731,4,CFG731_c887ba58c35036a9,0.9210534964209474,CFG731_fa063863b8688588,3,0.4850238730192415,False,SYNTHETIC,synthetic_engineer_v1
RFQ731-001408,X731,5,CFG731_32a4bb12438a37ab,0.9210535862249474,CFG731_ae1f3e9a90950fc3,4,0.35763431829388853,False,SYNTHETIC,synthetic_engineer_v1
RFQ731-001409,F731WD_SINGLECHANNEL,2,CFG731_6357400dd5c2804a,0.7879700762180301,CFG731_6357400dd5c2804a,1,0.7879700762180301,True,SYNTHETIC,synthetic_engineer_v1
RFQ731-001410,X731,2,CFG731_8d07e19298d09d34,0.8654137324525866,CFG731_0b33555ff08fcd28,2,0.37507768131980496,False,SYNTHETIC,synthetic_engineer_v1
RFQ731-001411,X731,4,CFG731_12d9cb8d41e8f486,0.8654144880675865,CFG731_0893c2d75c71d33c,4,0.3673569733585108,False,SYNTHETIC,synthetic_engineer_v1
RFQ731-001412,X731,2,CFG731_516629085c122a4e,0.9368424168361579,CFG731_5718ef9495972b30,2,0.4335339831277461,False,SYNTHETIC,synthetic_engineer_v1
RFQ731-001413,F731TE,1,CFG731_874928f24c55285e,0.3346751939436192,CFG731_874928f24c55285e,1,0.3346751939436192,True,SYNTHETIC,synthetic_engineer_v1
RFQ731-001414,F731TE,1,CFG731_d8c69b7395beabbb,0.4712565982955604,CFG731_d8c69b7395beabbb,1,0.4712565982955604,True,SYNTHETIC,synthetic_engineer_v1
RFQ731-001415,X731,5,CFG731_608c0251ef380592,0.9210536212999474,CFG731_7157b3d45716ad8f,5,0.48447224662600624,False,SYNTHETIC,synthetic_engineer_v1
RFQ731-001416,G731CA,2,CFG731_817824ee3a762453,0.8037600523132405,CFG731_2cb814ee06486282,2,0.45546705427434986,False,SYNTHETIC,synthetic_engineer_v1
RFQ731-001417,G731ST-LT,10,CFG731_e0009be417f51ccd,0.9052638873607369,CFG731_77fac91021549398,5,0.4686827314997957,False,SYNTHETIC,synthetic_engineer_v1
RFQ731-001418,F731WD_SINGLECHANNEL,1,CFG731_70b6eaf9262ca4d0,0.8195494868104511,CFG731_70b6eaf9262ca4d0,1,0.8195494868104511,True,SYNTHETIC,synthetic_engineer_v1
RFQ731-001419,X731,1,CFG731_260c36430f7c2d03,0.9210533882829474,CFG731_260c36430f7c2d03,1,0.9210533882829474,True,SYNTHETIC,synthetic_engineer_v1
RFQ731-001420,X731,4,CFG731_516629085c122a4e,0.9210535271169473,CFG731_7756caaf4e5e2963,3,0.4850237066532415,False,SYNTHETIC,synthetic_engineer_v1
RFQ731-001421,G731ST-HT,2,CFG731_bbffb73f3dff6787,0.9368429678681579,CFG731_68193b179adae994,2,0.8939852469050151,False,SYNTHETIC,synthetic_engineer_v1
RFQ731-001422,G731CA,2,CFG731_edf13ed38a4b54de,0.8037598724432405,CFG731_452fb8d2c450816e,2,0.8037596221902406,False,SYNTHETIC,synthetic_engineer_v1
RFQ731-001423,F731WD_SINGLECHANNEL,1,CFG731_70b6eaf9262ca4d0,0.8195492669794512,CFG731_70b6eaf9262ca4d0,1,0.8195492669794512,True,SYNTHETIC,synthetic_engineer_v1
RFQ731-001424,X731,4,CFG731_2d0a81ff4ec49480,0.3512005377214768,CFG731_f84a3b5f8ae2ffee,3,0.23833298167465328,False,SYNTHETIC,synthetic_engineer_v1
RFQ731-001425,X731,3,CFG731_7308ee8503151ef3,0.8654144084285865,CFG731_f55693c6f4f3dcb0,3,0.3798573326245108,False,SYNTHETIC,synthetic_engineer_v1
RFQ731-001426,X731,4,CFG731_f87794e7a98d0b11,0.9368426874881579,CFG731_007c0829be0a9482,3,0.500813302498452,False,SYNTHETIC,synthetic_engineer_v1
RFQ731-001427,X731,4,CFG731_8f470181ad32eeae,0.8654135449065865,CFG731_5aad423ad5989441,3,0.43040870720074614,False,SYNTHETIC,synthetic_engineer_v1
RFQ731-001428,X731,3,CFG731_d40b624cb7b84a81,0.8654139359265866,CFG731_1f31b1bf8dc9e962,2,0.37948950607268733,False,SYNTHETIC,synthetic_engineer_v1
RFQ731-001429,G731ST-HT,4,CFG731_c3a136a8630f644d,0.849624179103376,CFG731_ad85e442c9239be7,3,0.4870462780347709,False,SYNTHETIC,synthetic_engineer_v1
RFQ731-001430,X731,4,CFG731_5dd42015f6f61801,0.9368421677821579,CFG731_b92916814fce7b8e,3,0.4989749275863344,False,SYNTHETIC,synthetic_engineer_v1
RFQ731-001431,G731CA,1,CFG731_55e37d2b9d20276c,0.8353387311546616,CFG731_55e37d2b9d20276c,1,0.8353387311546616,True,SYNTHETIC,synthetic_engineer_v1
RFQ731-001432,X731,10,CFG731_70aa5a64b0803277,0.8180457798079549,CFG731_2ae6ccd85f4fafbe,10,0.20123931301087922,False,SYNTHETIC,synthetic_engineer_v1
RFQ731-001433,X731,2,CFG731_a1f89a445799de07,0.8338354466791655,CFG731_7733a6e26ede07b9,2,0.8195491606764511,False,SYNTHETIC,synthetic_engineer_v1
RFQ731-001434,X731,1,CFG731_021f4647ad1035b8,0.399671261876579,CFG731_021f4647ad1035b8,1,0.399671261876579,True,SYNTHETIC,synthetic_engineer_v1
RFQ731-001435,G731ST-HT,4,CFG731_bbffb73f3dff6787,0.9210531067519473,CFG731_9681c4eec01b7fad,2,0.849624247476376,False,SYNTHETIC,synthetic_engineer_v1
RFQ731-001436,X731,1,CFG731_a7a446c7f3b3183f,0.8195492935744512,CFG731_a7a446c7f3b3183f,1,0.8195492935744512,True,SYNTHETIC,synthetic_engineer_v1
RFQ731-001437,X731,4,CFG731_565e3731063ff5c5,0.8180460754799549,CFG731_b339d839e10eb209,3,0.3304666777703499,False,SYNTHETIC,synthetic_engineer_v1
RFQ731-001438,X731,2,CFG731_b7e96d5717c40fd6,0.9526325443213683,CFG731_2683cf7e09782f5e,2,0.9097749977642255,False,SYNTHETIC,synthetic_engineer_v1
RFQ731-001439,X731,4,CFG731_89772de94df83ba5,0.849625037035376,CFG731_7cbccce939e500bd,4,0.3515682248073003,False,SYNTHETIC,synthetic_engineer_v1
RFQ731-001440,X731,20,CFG731_e80085d86d0bbfa9,0.8180460371149549,CFG731_4afe4cfa02474e97,20,0.20307677339499688,False,SYNTHETIC,synthetic_engineer_v1
RFQ731-001441,G731ST-LT,4,CFG731_32b4b1ec4513af66,0.849624988703376,CFG731_68d95a26943b3650,3,0.4870453925097709,False,SYNTHETIC,synthetic_engineer_v1
RFQ731-001442,X731,2,CFG731_608c0251ef380592,0.9368430543161579,CFG731_6b809c836e3ca8a1,2,0.37140150679056966,False,SYNTHETIC,synthetic_engineer_v1
RFQ731-001443,F731TE,1,CFG731_7113759c5b95914d,0.3346757935406192,CFG731_7113759c5b95914d,1,0.3346757935406192,True,SYNTHETIC,synthetic_engineer_v1
RFQ731-001444,G731CA,1,CFG731_6fae22c89116fc5e,0.35046486422282974,CFG731_6fae22c89116fc5e,1,0.35046486422282974,True,SYNTHETIC,synthetic_engineer_v1
RFQ731-001445,X731,7,CFG731_c39096767a7ae083,0.9210532473919474,CFG731_950a2c81247480fc,6,0.36002413992824145,False,SYNTHETIC,synthetic_engineer_v1
RFQ731-001446,X731,4,CFG731_e4d6e304563c3bae,0.8496246781993759,CFG731_066736b465be9fda,4,0.35340627149641796,False,SYNTHETIC,synthetic_engineer_v1
RFQ731-001447,X731,2,CFG731_89772de94df83ba5,0.849624799253376,CFG731_e513d349f418c5df,2,0.3523026317139474,False,SYNTHETIC,synthetic_engineer_v1
RFQ731-001448,X731,3,CFG731_7308ee8503151ef3,0.8654141891045866,CFG731_e5a85c19cf4647dd,3,0.3732394554906873,False,SYNTHETIC,synthetic_engineer_v1
RFQ731-001449,X731,8,CFG731_31aa13473958d7d3,0.8338348791351655,CFG731_0f0d5e28351801c5,6,0.3365134982117369,False,SYNTHETIC,synthetic_engineer_v1
RFQ731-001450,G731CA,2,CFG731_98ec9650b5463fd0,0.8037601896412405,CFG731_98ec9650b5463fd0,1,0.8037601896412405,True,SYNTHETIC,synthetic_engineer_v1
RFQ731-001451,X731,4,CFG731_5dd42015f6f61801,0.9368426682211579,CFG731_3a6a87d7cf07cb7c,3,0.8511283600108722,False,SYNTHETIC,synthetic_engineer_v1
RFQ731-001452,F731WD_SINGLECHANNEL,1,CFG731_9a761e6bfde35917,0.3968079347007957,CFG731_9a761e6bfde35917,1,0.3968079347007957,True,SYNTHETIC,synthetic_engineer_v1
RFQ731-001453,X731,5,CFG731_b1693ef6b18686ac,0.4831850633061239,CFG731_7fec165d30a3c1b5,4,0.2309793424771827,False,SYNTHETIC,synthetic_engineer_v1
RFQ731-001454,F731TE,1,CFG731_7113759c5b95914d,0.3346753665466192,CFG731_7113759c5b95914d,1,0.3346753665466192,True,SYNTHETIC,synthetic_engineer_v1
RFQ731-001455,G731ST-HT,2,CFG731_329b582435fea539,0.8654135841475865,CFG731_4de012f7232f644d,2,0.8511287382418722,False,SYNTHETIC,synthetic_engineer_v1
RFQ731-001456,X731,1,CFG731_c39096767a7ae083,0.968421278172579,CFG731_c39096767a7ae083,1,0.968421278172579,True,SYNTHETIC,synthetic_engineer_v1
RFQ731-001457,X731,3,CFG731_e86d82c5ad6683ec,0.3769157959219226,CFG731_e9b10f07ada7d5e2,3,0.24676916099839316,False,SYNTHETIC,synthetic_engineer_v1
RFQ731-001458,F731PW,1,CFG731_92efd7a3c43da152,0.8180454399399549,CFG731_92efd7a3c43da152,1,0.8180454399399549,True,SYNTHETIC,synthetic_engineer_v1
RFQ731-001459,X731,8,CFG731_8c50542218db5cb0,0.9052636528537369,CFG731_8ef93a1702c0f879,7,0.21886651554720743,False,SYNTHETIC,synthetic_engineer_v1
RFQ731-001460,G731CA,2,CFG731_d2a75fda6f761c1b,0.4554673068643499,CFG731_24b3128196e55c23,2,0.4554665226243499,False,SYNTHETIC,synthetic_engineer_v1
RFQ731-001461,X731,7,CFG731_62d0f0f6bab9bdcb,0.9052634095837369,CFG731_c368d3c9941ce0d3,3,0.469234251729031,False,SYNTHETIC,synthetic_engineer_v1
RFQ731-001462,G731CA,1,CFG731_495876b6233d3864,0.4870460163237709,CFG731_495876b6233d3864,1,0.4870460163237709,True,SYNTHETIC,synthetic_engineer_v1
RFQ731-001463,G731ST-LT,1,CFG731_e0009be417f51ccd,0.9526318704403683,CFG731_e0009be417f51ccd,1,0.9526318704403683,True,SYNTHETIC,synthetic_engineer_v1
RFQ731-001464,G731ST-HT,1,CFG731_8b18ac1c34209d63,0.9526317756203684,CFG731_8b18ac1c34209d63,1,0.9526317756203684,True,SYNTHETIC,synthetic_engineer_v1
RFQ731-001465,X731,6,CFG731_8d2d91c46ccfb471,0.9210527502059473,CFG731_9ccdadb28a07accd,2,0.4831850037091239,False,SYNTHETIC,synthetic_engineer_v1
RFQ731-001466,X731,4,CFG731_9755a9db60d7534d,0.8180453444859549,CFG731_703ec3e14f55366e,3,0.3260554131834675,False,SYNTHETIC,synthetic_engineer_v1
RFQ731-001467,F731WD_SINGLECHANNEL,1,CFG731_4ca309199387f8d5,0.8195492351504511,CFG731_4ca309199387f8d5,1,0.8195492351504511,True,SYNTHETIC,synthetic_engineer_v1
RFQ731-001468,X731,2,CFG731_c9829182065e0285,0.9052636695747369,CFG731_1515931f201451d5,2,0.3482778855600898,False,SYNTHETIC,synthetic_engineer_v1
RFQ731-001469,G731CA,1,CFG731_d2a75fda6f761c1b,0.4870461104957709,CFG731_d2a75fda6f761c1b,1,0.4870461104957709,True,SYNTHETIC,synthetic_engineer_v1
RFQ731-001470,X731,1,CFG731_83f956404d04e6cd,0.8969933981510075,CFG731_83f956404d04e6cd,1,0.8969933981510075,True,SYNTHETIC,synthetic_engineer_v1
RFQ731-001471,G731ST-HT,12,CFG731_831a7150258499af,0.8338354532191655,CFG731_1e3e39ce65cdb22f,11,0.21721182366350156,False,SYNTHETIC,synthetic_engineer_v1
RFQ731-001472,G731ST-LT,4,CFG731_715a3d3226cbaffd,0.9210535147299473,CFG731_d3e51804db148a52,3,0.8353388183456616,False,SYNTHETIC,synthetic_engineer_v1
RFQ731-001473,G731CA,2,CFG731_acbf4c45af55caad,0.8037594196242406,CFG731_e85a7fcdd0521e90,2,0.4554665309953499,False,SYNTHETIC,synthetic_engineer_v1
RFQ731-001474,G731ST-HT,4,CFG731_4aa7d46b9cfa7d7b,0.9210528448589473,CFG731_fa91f60062985c6d,3,0.8353391222526616,False,SYNTHETIC,synthetic_engineer_v1
RFQ731-001475,X731,6,CFG731_516629085c122a4e,0.9210536250729473,CFG731_175dfbf580a50b51,6,0.22877333824524151,False,SYNTHETIC,synthetic_engineer_v1
RFQ731-001476,X731,1,CFG731_59f86789e43d86f1,0.5147648503675448,CFG731_59f86789e43d86f1,1,0.5147648503675448,True,SYNTHETIC,synthetic_engineer_v1
RFQ731-001477,X731,5,CFG731_32a4bb12438a37ab,0.9210535547239473,CFG731_ae1f3e9a90950fc3,5,0.3576337669508885,False,SYNTHETIC,synthetic_engineer_v1
RFQ731-001478,X731,1,CFG731_a7a446c7f3b3183f,0.8195494303714511,CFG731_a7a446c7f3b3183f,1,0.8195494303714511,True,SYNTHETIC,synthetic_engineer_v1
RFQ731-001479,G731ST-HT,1,CFG731_a3b03637ed22317c,0.9526320439683684,CFG731_a3b03637ed22317c,1,0.9526320439683684,True,SYNTHETIC,synthetic_engineer_v1
RFQ731-001480,X731,1,CFG731_e80085d86d0bbfa9,0.8969925490370075,CFG731_e80085d86d0bbfa9,1,0.8969925490370075,True,SYNTHETIC,synthetic_engineer_v1
RFQ731-001481,X731,6,CFG731_5e61ce3b60d15e11,0.9210535301279473,CFG731_de1b4a889540ef0e,5,0.3600236938042415,False,SYNTHETIC,synthetic_engineer_v1
RFQ731-001482,X731,3,CFG731_aba447e5ca3ac7ba,0.8338351777531655,CFG731_37fcb5ee957aede4,3,0.3447859526262662,False,SYNTHETIC,synthetic_engineer_v1
RFQ731-001483,X731,4,CFG731_c39096767a7ae083,0.9368421722901579,CFG731_4da2b3fd83325505,3,0.500813483712452,False,SYNTHETIC,synthetic_engineer_v1
RFQ731-001484,X731,6,CFG731_60f3aae8ede70fe0,0.9210529428389473,CFG731_79a3938f47d28a2e,2,0.4850237198272415,False,SYNTHETIC,synthetic_engineer_v1
RFQ731-001485,G731ST-LT,2,CFG731_0fdf5c36c9c41e69,0.8654142895955865,CFG731_9b48d8977da96686,2,0.375078000146805,False,SYNTHETIC,synthetic_engineer_v1
RFQ731-001486,X731,1,CFG731_16bd4e059b8168a9,0.36590605884641797,CFG731_16bd4e059b8168a9,1,0.36590605884641797,True,SYNTHETIC,synthetic_engineer_v1
RFQ731-001487,X731,5,CFG731_c887ba58c35036a9,0.9210533553189474,CFG731_7157b3d45716ad8f,5,0.48447211474500623,False,SYNTHETIC,synthetic_engineer_v1
RFQ731-001488,F731WD_SINGLECHANNEL,1,CFG731_4ca309199387f8d5,0.8195491150884512,CFG731_4ca309199387f8d5,1,0.8195491150884512,True,SYNTHETIC,synthetic_engineer_v1
RFQ731-001489,X731,2,CFG731_a1f89a445799de07,0.8338353338221655,CFG731_7733a6e26ede07b9,2,0.8195493402704511,False,SYNTHETIC,synthetic_engineer_v1
RFQ731-001490,X731,1,CFG731_db395082b1a3b8ac,0.9210531147429474,CFG731_db395082b1a3b8ac,1,0.9210531147429474,True,SYNTHETIC,synthetic_engineer_v1
RFQ731-001491,X731,6,CFG731_2be17a56b0589fd1,0.9052637513297369,CFG731_135ddf5639321fb6,3,0.46923442974603097,False,SYNTHETIC,synthetic_engineer_v1
RFQ731-001492,F731PW,1,CFG731_7785b2914ebb6eaf,0.8180452008269549,CFG731_7785b2914ebb6eaf,1,0.8180452008269549,True,SYNTHETIC,synthetic_engineer_v1
RFQ731-001493,X731,3,CFG731_e80085d86d0bbfa9,0.8654140138555865,CFG731_187ec74b5c4854aa,3,0.2541223426598638,False,SYNTHETIC,synthetic_engineer_v1
RFQ731-001494,G731CA,2,CFG731_0738cd529389f266,0.8037601350472405,CFG731_3781457447e45e13,2,0.3188861368924087,False,SYNTHETIC,synthetic_engineer_v1
RFQ731-001495,X731,2,CFG731_f87794e7a98d0b11,0.9526323003543684,CFG731_9e4fccece4d272d3,2,0.38719133651478016,False,SYNTHETIC,synthetic_engineer_v1
RFQ731-001496,X731,4,CFG731_2be17a56b0589fd1,0.9210528686019473,CFG731_5a14e01af9745dda,3,0.4850235512642415,False,SYNTHETIC,synthetic_engineer_v1
RFQ731-001497,G731ST-HT,8,CFG731_7b2f69a7ca55041b,0.9052636063847369,CFG731_7b17e78739264251,7,0.40195488838532506,False,SYNTHETIC,synthetic_engineer_v1
RFQ731-001498,X731,4,CFG731_5e61ce3b60d15e11,0.9368423193851579,CFG731_67751271582e3c57,3,0.5008129799694521,False,SYNTHETIC,synthetic_engineer_v1
RFQ731-001499,X731,3,CFG731_14299a2a74e42d7f,0.9052632972357368,CFG731_b60961340903daf0,3,0.4686828643847957,False,SYNTHETIC,synthetic_engineer_v1
RFQ731-001500,X731,7,CFG731_f97e51d1da57d99f,0.8338347421451655,CFG731_5789f006b670582c,7,0.20930805863779564,False,SYNTHETIC,synthetic_engineer_v1
RFQ731-001501,X731,8,CFG731_672458a8e716cdf8,0.8338352565421655,CFG731_6a919c664c763f98,8,0.22107260463714862,False,SYNTHETIC,synthetic_engineer_v1
RFQ731-001502,F731WD_SINGLECHANNEL,1,CFG731_e98d2be876599c40,0.8195492847084511,CFG731_e98d2be876599c40,1,0.8195492847084511,True,SYNTHETIC,synthetic_engineer_v1
RFQ731-001503,X731,2,CFG731_b4987f1c95e91d0d,0.9368425026711579,CFG731_8d9f29ebcd8f04bd,2,0.4335338315097461,False,SYNTHETIC,synthetic_engineer_v1
RFQ731-001504,G731ST-LT,2,CFG731_715a3d3226cbaffd,0.9368430078671579,CFG731_dbd5a2176d0b595a,2,0.3655187397033932,False,SYNTHETIC,synthetic_engineer_v1
RFQ731-001505,G731ST-HT,2,CFG731_cc9ac35e4d9a1854,0.9368430254921579,CFG731_143205a81a2e7efc,2,0.4335338858827461,False,SYNTHETIC,synthetic_engineer_v1
RFQ731-001506,X731,3,CFG731_32b1041fd68aac23,0.8496243752353759,CFG731_45c82d5d48fcc411,2,0.36590647198941795,False,SYNTHETIC,synthetic_engineer_v1
RFQ731-001507,X731,2,CFG731_3662a471d9ce3167,0.3680922447181579,CFG731_c32e1d5ad1662baf,2,0.24934241110115787,False,SYNTHETIC,synthetic_engineer_v1
RFQ731-001508,G731ST-HT,2,CFG731_831a7150258499af,0.8654141360565866,CFG731_5c80dfb541787e3e,2,0.375078385667805,False,SYNTHETIC,synthetic_engineer_v1
RFQ731-001509,X731,12,CFG731_c887ba58c35036a9,0.8894744070695263,CFG731_576db798689c655c,12,0.2012389389948792,False,SYNTHETIC,synthetic_engineer_v1
RFQ731-001510,F731WD_DUALCHANNEL,1,CFG731_a4610f5f38e7d946,0.8338352207211654,CFG731_a4610f5f38e7d946,1,0.8338352207211654,True,SYNTHETIC,synthetic_engineer_v1
RFQ731-001511,G731ST-LT,2,CFG731_a40ab19ad6671fbe,0.936842789988158,CFG731_098817d766a37bc2,2,0.8939854311680151,False,SYNTHETIC,synthetic_engineer_v1
RFQ731-001512,G731ST-HT,4,CFG731_7b2f69a7ca55041b,0.9210531809649474,CFG731_8216f56c8f1b8479,3,0.48539176822806507,False,SYNTHETIC,synthetic_engineer_v1
RFQ731-001513,F731WD_SINGLECHANNEL,2,CFG731_0be7d6198235486b,0.7879707668590301,CFG731_0be7d6198235486b,1,0.7879707668590301,True,SYNTHETIC,synthetic_engineer_v1
RFQ731-001514,X731,5,CFG731_2be17a56b0589fd1,0.9210535329129473,CFG731_291a6feab0a4d36b,5,0.23281761617330032,False,SYNTHETIC,synthetic_engineer_v1
RFQ731-001515,G731ST-LT,6,CFG731_7b1edd53e8bbad40,0.849624566379376,CFG731_3c45363d4a341d20,6,0.36057534320747675,False,SYNTHETIC,synthetic_engineer_v1
RFQ731-001516,X731,3,CFG731_32a4bb12438a37ab,0.9368430383771579,CFG731_d3db38843cf9fb81,3,0.8511287583058722,False,SYNTHETIC,synthetic_engineer_v1
RFQ731-001517,X731,1,CFG731_ad0a2fd7350b6cca,0.8969928510110076,CFG731_ad0a2fd7350b6cca,1,0.8969928510110076,True,SYNTHETIC,synthetic_engineer_v1
RFQ731-001518,G731CA,2,CFG731_817824ee3a762453,0.8037594080492405,CFG731_2cb814ee06486282,2,0.4554671973563499,False,SYNTHETIC,synthetic_engineer_v1
RFQ731-001519,X731,4,CFG731_c39096767a7ae083,0.9368429315411579,CFG731_618cb6c1c21feda4,3,0.5011805915012756,False,SYNTHETIC,synthetic_engineer_v1
RFQ731-001520,F731TE,1,CFG731_090330aa38b8e80b,0.3346754358816192,CFG731_090330aa38b8e80b,1,0.3346754358816192,True,SYNTHETIC,synthetic_engineer_v1
RFQ731-001521,X731,4,CFG731_36c553adc9f5ebf3,0.8496249097583759,CFG731_8956c16bd3b9a345,4,0.35340648943841796,False,SYNTHETIC,synthetic_engineer_v1
RFQ731-001522,X731,7,CFG731_c39096767a7ae083,0.9210531644369473,CFG731_1f7c154d7e34e86e,2,0.48318502907412386,False,SYNTHETIC,synthetic_engineer_v1
RFQ731-001523,F731TE,2,CFG731_3c2aedfb429dc226,0.7879700003180301,CFG731_3c2aedfb429dc226,1,0.7879700003180301,True,SYNTHETIC,synthetic_engineer_v1
RFQ731-001524,X731,5,CFG731_0fbee36816b7af98,0.8496250508223759,CFG731_e5051ee84b25c9bb,5,0.23833254367865325,False,SYNTHETIC,synthetic_engineer_v1
RFQ731-001525,X731,4,CFG731_2be17a56b0589fd1,0.9210527376779474,CFG731_07364aa0260e0bc7,2,0.8496244119933759,False,SYNTHETIC,synthetic_engineer_v1
RFQ731-001526,G731ST-HT,4,CFG731_9f9bc93c4b0253cf,0.8496247846463759,CFG731_7cc9f85131c775cb,4,0.35928809653359445,False,SYNTHETIC,synthetic_engineer_v1
RFQ731-001527,X731,5,CFG731_0fbee36816b7af98,0.8654139868885865,CFG731_aef3ebf3cdf884c1,4,0.37783560634898145,False,SYNTHETIC,synthetic_engineer_v1
RFQ731-001528,X731,1,CFG731_0c05dd0ad4f3894a,0.2695434399022507,CFG731_0c05dd0ad4f3894a,1,0.2695434399022507,True,SYNTHETIC,synthetic_engineer_v1
RFQ731-001529,G731ST-LT,2,CFG731_10085782ed0991cf,0.8654143639015865,CFG731_395f3e5588a2c3c0,2,0.8654135582755865,False,SYNTHETIC,synthetic_engineer_v1
RFQ731-001530,X731,2,CFG731_ad0a2fd7350b6cca,0.881203657067797,CFG731_20e62aeb01c953da,2,0.881203498581797,False,SYNTHETIC,synthetic_engineer_v1
RFQ731-001531,F731WD_SINGLECHANNEL,1,CFG731_11c93eca01984a14,0.4712562708955604,CFG731_11c93eca01984a14,1,0.4712562708955604,True,SYNTHETIC,synthetic_engineer_v1
RFQ731-001532,X731,2,CFG731_9a0f0b26c7f24725,0.881203390631797,CFG731_9a0f0b26c7f24725,1,0.881203390631797,True,SYNTHETIC,synthetic_engineer_v1
RFQ731-001533,G731ST-HT,2,CFG731_5dd35c89836ec88e,0.8654143854505866,CFG731_5dd35c89836ec88e,1,0.8654143854505866,True,SYNTHETIC,synthetic_engineer_v1
RFQ731-001534,G731CA,2,CFG731_acbf4c45af55caad,0.8037598191312406,CFG731_e85a7fcdd0521e90,2,0.45546652985534986,False,SYNTHETIC,synthetic_engineer_v1
RFQ731-001535,X731,4,CFG731_db395082b1a3b8ac,0.8894741388135263,CFG731_21cf39d47f0d98ac,4,0.1924148704631145,False,SYNTHETIC,synthetic_engineer_v1
RFQ731-001536,X731,2,CFG731_2be17a56b0589fd1,0.9368423597971579,CFG731_c108b657efc147c3,2,0.3714017811095696,False,SYNTHETIC,synthetic_engineer_v1
RFQ731-001537,X731,11,CFG731_e08dfad4737be3d9,0.9052633112057369,CFG731_da03b61dd1a0eef7,11,0.21702803362308976,False,SYNTHETIC,synthetic_engineer_v1
RFQ731-001538,G731ST-LT,4,CFG731_e0009be417f51ccd,0.9210535337239474,CFG731_b3d0283738532d82,3,0.485391015390065,False,SYNTHETIC,synthetic_engineer_v1
RFQ731-001539,X731,6,CFG731_d40b624cb7b84a81,0.849624958071376,CFG731_791a0e440e2e9e12,6,0.23686194848635916,False,SYNTHETIC,synthetic_engineer_v1
RFQ731-001540,X731,3,CFG731_0cf73cced42104be,0.3581856640091238,CFG731_93ba38caebb455ef,3,0.23061227083535915,False,SYNTHETIC,synthetic_engineer_v1
RFQ731-001541,G731CA,1,CFG731_1dfb5999b1debe3a,0.3504648445278297,CFG731_1dfb5999b1debe3a,1,0.3504648445278297,True,SYNTHETIC,synthetic_engineer_v1
RFQ731-001542,G731CA,2,CFG731_691a8f2ff165671d,0.8037595645802406,CFG731_691a8f2ff165671d,1,0.8037595645802406,True,SYNTHETIC,synthetic_engineer_v1
RFQ731-001543,X731,4,CFG731_60f3aae8ede70fe0,0.9368421808111579,CFG731_3c119308d8305ad4,3,0.8511279497788722,False,SYNTHETIC,synthetic_engineer_v1
RFQ731-001544,X731,2,CFG731_cf4bb519cec0df2f,0.881203556125797,CFG731_cf4bb519cec0df2f,1,0.881203556125797,True,SYNTHETIC,synthetic_engineer_v1
RFQ731-001545,X731,3,CFG731_11da8cc369b71f5a,0.8654144573455865,CFG731_584d4f5b54752e2e,3,0.3794895104876873,False,SYNTHETIC,synthetic_engineer_v1
RFQ731-001546,X731,2,CFG731_bbcb665ced67f8c3,0.8654142272975865,CFG731_696639c1a9f714c1,2,0.37507828794280496,False,SYNTHETIC,synthetic_engineer_v1
RFQ731-001547,X731,3,CFG731_83f956404d04e6cd,0.8654140456565865,CFG731_8bb159f1711e5f6c,3,0.24823941022268728,False,SYNTHETIC,synthetic_engineer_v1
RFQ731-001548,G731ST-HT,2,CFG731_329b582435fea539,0.8654143637705866,CFG731_4de012f7232f644d,2,0.8511286606498721,False,SYNTHETIC,synthetic_engineer_v1
RFQ731-001549,F731WD_DUALCHANNEL,2,CFG731_35ed22cad11f9a11,0.8037595212762405,CFG731_783ba1dc5751818d,2,0.38101860578158514,False,SYNTHETIC,synthetic_engineer_v1
RFQ731-001550,G731ST-LT,11,CFG731_7f5bfa7b21e81359,0.9052640841867369,CFG731_23b68b2dd2793a5e,10,0.34055768122679564,False,SYNTHETIC,synthetic_engineer_v1
RFQ731-001551,X731,4,CFG731_91e51485b56960b2,0.9368421254391579,CFG731_869a9209459ecf4d,4,0.25412232532086376,False,SYNTHETIC,synthetic_engineer_v1
RFQ731-001552,X731,8,CFG731_8c50542218db5cb0,0.9052639926237369,CFG731_5e50b9bcbfa0b051,7,0.4019549001033251,False,SYNTHETIC,synthetic_engineer_v1
RFQ731-001553,X731,2,CFG731_3bcde7f8df32303c,0.881203628134797,CFG731_3fe779486d988e69,2,0.881203196370797,False,SYNTHETIC,synthetic_engineer_v1
RFQ731-001554,X731,3,CFG731_3bcde7f8df32303c,0.8654137834695865,CFG731_8cfe8eddc16faf74,3,0.2482395947096873,False,SYNTHETIC,synthetic_engineer_v1
RFQ731-001555,X731,4,CFG731_02ec1e408c44cf5d,0.37397513885233435,CFG731_2a1c7295f72ff6ac,3,0.24640140964156965,False,SYNTHETIC,synthetic_engineer_v1
RFQ731-001556,X731,2,CFG731_32b1041fd68aac23,0.8654141023565866,CFG731_3611bb1fba248e38,2,0.8511287573438722,False,SYNTHETIC,synthetic_engineer_v1
RFQ731-001557,G731ST-HT,2,CFG731_d03860c1f327a8d1,0.8654135456165866,CFG731_d03860c1f327a8d1,1,0.8654135456165866,True,SYNTHETIC,synthetic_engineer_v1
RFQ731-001558,G731ST-HT,1,CFG731_63eca10a00ae1f5d,0.9526318229993684,CFG731_63eca10a00ae1f5d,1,0.9526318229993684,True,SYNTHETIC,synthetic_engineer_v1
RFQ731-001559,G731ST-HT,6,CFG731_fcc72e9951376cf3,0.849625024010376,CFG731_b46f92852addf866,5,0.36057562798047676,False,SYNTHETIC,synthetic_engineer_v1
RFQ731-001560,X731,1,CFG731_2f9d539d4085d4b1,0.23796442292782974,CFG731_2f9d539d4085d4b1,1,0.23796442292782974,True,SYNTHETIC,synthetic_engineer_v1
RFQ731-001561,G731ST-HT,2,CFG731_831a7150258499af,0.8654142396445865,CFG731_e2d64e127f97296d,2,0.8511286558158722,False,SYNTHETIC,synthetic_engineer_v1
RFQ731-001562,X731,10,CFG731_7308ee8503151ef3,0.8338350868211655,CFG731_e2e04c46506a7f9d,10,0.21702822679508976,False,SYNTHETIC,synthetic_engineer_v1
RFQ731-001563,F731TE,1,CFG731_3fe2202b70f330b1,0.33467525607461923,CFG731_3fe2202b70f330b1,1,0.33467525607461923,True,SYNTHETIC,synthetic_engineer_v1
RFQ731-001564,X731,7,CFG731_32a4bb12438a37ab,0.9210529558929473,CFG731_d05c8278d6301e9d,6,0.22399428044053563,False,SYNTHETIC,synthetic_engineer_v1
RFQ731-001565,X731,5,CFG731_91e51485b56960b2,0.9368430930261579,CFG731_7c78a4beb9b12eb2,4,0.5002618178512168,False,SYNTHETIC,synthetic_engineer_v1
RFQ731-001566,G731ST-LT,1,CFG731_b86bbf24b1c3a419,0.881203520609797,CFG731_b86bbf24b1c3a419,1,0.881203520609797,True,SYNTHETIC,synthetic_engineer_v1
RFQ731-001567,X731,3,CFG731_8d07e19298d09d34,0.8496250147343759,CFG731_6d2ac57f5a8786db,3,0.3636997926954768,False,SYNTHETIC,synthetic_engineer_v1
RFQ731-001568,X731,5,CFG731_f87794e7a98d0b11,0.9210529139309473,CFG731_e8d4d37dfb814e2d,2,0.48318500732012387,False,SYNTHETIC,synthetic_engineer_v1
RFQ731-001569,X731,2,CFG731_dc321f785d65411f,0.39270577523813316,CFG731_dc321f785d65411f,1,0.39270577523813316,True,SYNTHETIC,synthetic_engineer_v1
RFQ731-001570,X731,3,CFG731_af755e9c46cfadd4,0.8338354830791654,CFG731_0064bc7bf2ed5868,3,0.34643988529997216,False,SYNTHETIC,synthetic_engineer_v1
RFQ731-001571,G731ST-LT,2,CFG731_32b4b1ec4513af66,0.8654135798975865,CFG731_fbf2539ea471ea5b,2,0.37507767667780495,False,SYNTHETIC,synthetic_engineer_v1
RFQ731-001572,G731ST-LT,3,CFG731_8da1da530d6ae54d,0.849624164729376,CFG731_ef044db10b586894,3,0.3592879450475945,False,SYNTHETIC,synthetic_engineer_v1
RFQ731-001573,G731ST-HT,2,CFG731_a56f1437a0b4ca31,0.8654144864825866,CFG731_e489ae1a5426e276,2,0.8511282344318721,False,SYNTHETIC,synthetic_engineer_v1
RFQ731-001574,X731,2,CFG731_608c0251ef380592,0.9368425592011579,CFG731_5f8ddbba4a0cb6e7,2,0.43353397658174614,False,SYNTHETIC,synthetic_engineer_v1
RFQ731-001575,X731,3,CFG731_b4987f1c95e91d0d,0.9210531642489473,CFG731_214b093bf98ca9ef,3,0.4850234474982415,False,SYNTHETIC,synthetic_engineer_v1
RFQ731-001576,X731,10,CFG731_83f956404d04e6cd,0.849624986214376,CFG731_02cc92e24847d6c0,10,0.23281813936130033,False,SYNTHETIC,synthetic_engineer_v1
RFQ731-001577,X731,1,CFG731_5cfa203ca7029f1c,0.38976429806754487,CFG731_5cfa203ca7029f1c,1,0.38976429806754487,True,SYNTHETIC,synthetic_engineer_v1
RFQ731-001578,X731,2,CFG731_ac8195f5cce7d089,0.881203636204797,CFG731_ac8195f5cce7d089,1,0.881203636204797,True,SYNTHETIC,synthetic_engineer_v1
RFQ731-001579,G731ST-HT,8,CFG731_8b18ac1c34209d63,0.9052637338247369,CFG731_b30ceef5c5f902ca,8,0.40195458428232506,False,SYNTHETIC,synthetic_engineer_v1
RFQ731-001580,X731,2,CFG731_0836695982aaa38c,0.3739754446513343,CFG731_dc326dfb039445c4,2,0.2537539178160402,False,SYNTHETIC,synthetic_engineer_v1
RFQ731-001581,X731,4,CFG731_da02526d254e2e35,0.9210529666309474,CFG731_901acdfc4a61ad77,2,0.849624178882376,False,SYNTHETIC,synthetic_engineer_v1
RFQ731-001582,F731PW,1,CFG731_0d8116f4900c6919,0.818045769396955,CFG731_0d8116f4900c6919,1,0.818045769396955,True,SYNTHETIC,synthetic_engineer_v1
RFQ731-001583,G731ST-LT,4,CFG731_a40ab19ad6671fbe,0.9210532545139474,CFG731_cc64ce3eaedacb17,3,0.8353392342826615,False,SYNTHETIC,synthetic_engineer_v1
RFQ731-001584,X731,6,CFG731_8f470181ad32eeae,0.8496250207973759,CFG731_0ee5d1627cfddbbd,6,0.2250969094200062,False,SYNTHETIC,synthetic_engineer_v1
RFQ731-001585,G731ST-LT,2,CFG731_715a3d3226cbaffd,0.936842359488158,CFG731_c050936f4a70e2a0,2,0.36735780046451083,False,SYNTHETIC,synthetic_engineer_v1
RFQ731-001586,X731,2,CFG731_024d4a54a1e6d96e,0.37397474050033436,CFG731_c8308576aedaf2a4,2,0.2537542628310402,False,SYNTHETIC,synthetic_engineer_v1
RFQ731-001587,X731,4,CFG731_62d0f0f6bab9bdcb,0.9210535017509474,CFG731_809af1b5bbfb38fb,3,0.8353389994446616,False,SYNTHETIC,synthetic_engineer_v1
RFQ731-001588,G731ST-HT,1,CFG731_7b2f69a7ca55041b,0.9526318520453684,CFG731_7b2f69a7ca55041b,1,0.9526318520453684,True,SYNTHETIC,synthetic_engineer_v1
RFQ731-001589,X731,4,CFG731_f87794e7a98d0b11,0.9368421439031579,CFG731_3450383be0000281,4,0.2541215629678638,False,SYNTHETIC,synthetic_engineer_v1
RFQ731-001590,X731,6,CFG731_8d07e19298d09d34,0.849625029771376,CFG731_c35b817e9679c657,5,0.36057508567747676,False,SYNTHETIC,synthetic_engineer_v1
RFQ731-001591,G731ST-LT,4,CFG731_2db6c530f35d47b9,0.849624659772376,CFG731_41b81999e34ef823,4,0.35340572539341797,False,SYNTHETIC,synthetic_engineer_v1
RFQ731-001592,G731ST-HT,2,CFG731_bbffb73f3dff6787,0.9368429920641579,CFG731_68193b179adae994,2,0.8939851415190151,False,SYNTHETIC,synthetic_engineer_v1
RFQ731-001593,F731TE,1,CFG731_090330aa38b8e80b,0.3346750758396192,CFG731_090330aa38b8e80b,1,0.3346750758396192,True,SYNTHETIC,synthetic_engineer_v1
RFQ731-001594,G731ST-HT,8,CFG731_63eca10a00ae1f5d,0.9052635659847369,CFG731_1060da033d1aaed1,8,0.4019544261293251,False,SYNTHETIC,synthetic_engineer_v1
RFQ731-001595,X731,2,CFG731_abcee67081353f16,0.9368427935851579,CFG731_3d5919a152529e0c,2,0.4335341223917461,False,SYNTHETIC,synthetic_engineer_v1
RFQ731-001596,X731,6,CFG731_f7f0034a8b15f329,0.8180456394759549,CFG731_8048d4394d2fbde3,5,0.3304668885403499,False,SYNTHETIC,synthetic_engineer_v1
RFQ731-001597,X731,2,CFG731_241d60e6ef5278be,0.8496244884733759,CFG731_411773d48068b1c0,2,0.23245019610847678,False,SYNTHETIC,synthetic_engineer_v1
RFQ731-001598,F731WD_DUALCHANNEL,2,CFG731_37e3938c6089bb2d,0.7879708924670301,CFG731_37e3938c6089bb2d,1,0.7879708924670301,True,SYNTHETIC,synthetic_engineer_v1
RFQ731-001599,X731,4,CFG731_ddfa4ab00c1bcdd0,0.849624924328376,CFG731_1ff2c28c953275c5,3,0.35928809882759444,False,SYNTHETIC,synthetic_engineer_v1
RFQ731-001600,G731ST-HT,2,CFG731_5dd35c89836ec88e,0.8654140492205865,CFG731_5dd35c89836ec88e,1,0.8654140492205865,True,SYNTHETIC,synthetic_engineer_v1
RFQ731-001601,X731,2,CFG731_219ac3d01befd6d1,0.9368430724241579,CFG731_d47fa87df22e968e,2,0.4335340835937461,False,SYNTHETIC,synthetic_engineer_v1
RFQ731-001602,X731,2,CFG731_2be17a56b0589fd1,0.936842808673158,CFG731_c6a3ff6155563d17,2,0.4335337690177461,False,SYNTHETIC,synthetic_engineer_v1
RFQ731-001603,X731,4,CFG731_97796c9ac2811c94,0.849624680918376,CFG731_3ab6d9037260e8b1,3,0.3644357854961239,False,SYNTHETIC,synthetic_engineer_v1
RFQ731-001604,G731ST-HT,1,CFG731_a3b03637ed22317c,0.9526316642373683,CFG731_a3b03637ed22317c,1,0.9526316642373683,True,SYNTHETIC,synthetic_engineer_v1
RFQ731-001605,F731WD_SINGLECHANNEL,1,CFG731_4ca309199387f8d5,0.8195489464784511,CFG731_4ca309199387f8d5,1,0.8195489464784511,True,SYNTHETIC,synthetic_engineer_v1
RFQ731-001606,G731ST-LT,2,CFG731_7f5bfa7b21e81359,0.9368426339571579,CFG731_49cd4cbef1081333,2,0.4335337285547461,False,SYNTHETIC,synthetic_engineer_v1
RFQ731-001607,X731,1,CFG731_8c50542218db5cb0,0.9526323633683684,CFG731_8c50542218db5cb0,1,0.9526323633683684,True,SYNTHETIC,synthetic_engineer_v1
RFQ731-001608,X731,4,CFG731_5e61ce3b60d15e11,0.936842201470158,CFG731_23aa00a5306a83b2,3,0.8511283371708722,False,SYNTHETIC,synthetic_engineer_v1
RFQ731-001609,X731,2,CFG731_7308ee8503151ef3,0.881203663804797,CFG731_867e73503f493aa1,2,0.39527934279989785,False,SYNTHETIC,synthetic_engineer_v1
RFQ731-001610,X731,11,CFG731_8c50542218db5cb0,0.9052636250357369,CFG731_bd51fba2aacb1a3c,11,0.21868289254379564,False,SYNTHETIC,synthetic_engineer_v1
RFQ731-001611,F731PW,1,CFG731_327bfa077bbbd45e,0.38304049800911455,CFG731_327bfa077bbbd45e,1,0.38304049800911455,True,SYNTHETIC,synthetic_engineer_v1
RFQ731-001612,G731ST-LT,2,CFG731_d124ccffa669c3a2,0.9368421966291579,CFG731_ae2e4cfccaff4f50,2,0.43353374312974613,False,SYNTHETIC,synthetic_engineer_v1
RFQ731-001613,X731,1,CFG731_7c358bf1aa4ea94e,0.4989751952833344,CFG731_7c358bf1aa4ea94e,1,0.4989751952833344,True,SYNTHETIC,synthetic_engineer_v1
RFQ731-001614,X731,2,CFG731_83f956404d04e6cd,0.881203845110797,CFG731_d8a10cfbf11bf067,2,0.3890288812618978,False,SYNTHETIC,synthetic_engineer_v1
RFQ731-001615,X731,2,CFG731_62d0f0f6bab9bdcb,0.936842196376158,CFG731_9fcbeaf9d5010d3a,2,0.43353427691374613,False,SYNTHETIC,synthetic_engineer_v1
RFQ731-001616,X731,1,CFG731_aba447e5ca3ac7ba,0.8496242781193759,CFG731_aba447e5ca3ac7ba,1,0.8496242781193759,True,SYNTHETIC,synthetic_engineer_v1
RFQ731-001617,X731,3,CFG731_ac8195f5cce7d089,0.8654142670435865,CFG731_7d4c803343a40a05,3,0.3794895344796873,False,SYNTHETIC,synthetic_engineer_v1
RFQ731-001618,X731,3,CFG731_c9f7a6e9a165e99d,0.3611262606837121,CFG731_95efafc2bfc61133,3,0.23796447861882974,False,SYNTHETIC,synthetic_engineer_v1
RFQ731-001619,G731ST-LT,2,CFG731_166343048c227f3c,0.8654141084035866,CFG731_166343048c227f3c,1,0.8654141084035866,True,SYNTHETIC,synthetic_engineer_v1
RFQ731-001620,X731,6,CFG731_9a0f0b26c7f24725,0.8496245106613759,CFG731_8b9239fd1c516750,5,0.23612701388571208,False,SYNTHETIC,synthetic_engineer_v1
RFQ731-001621,F731TE,2,CFG731_b7c1a02b25610507,0.7879700817530301,CFG731_b7c1a02b25610507,1,0.7879700817530301,True,SYNTHETIC,synthetic_engineer_v1
RFQ731-001622,G731ST-LT,2,CFG731_3ebdd541d6efe614,0.8654143209995865,CFG731_3ebdd541d6efe614,1,0.8654143209995865,True,SYNTHETIC,synthetic_engineer_v1
RFQ731-001623,X731,2,CFG731_9a5bfa9148a9b604,0.9052632203087368,CFG731_c585b182e5ecfc9a,2,0.3482779214370898,False,SYNTHETIC,synthetic_engineer_v1
RFQ731-001624,X731,2,CFG731_9755a9db60d7534d,0.8338349321931655,CFG731_5be5a82ac0b29989,2,0.341844291838678,False,SYNTHETIC,synthetic_engineer_v1
RFQ731-001625,X731,1,CFG731_ad0a2fd7350b6cca,0.8969928019060076,CFG731_ad0a2fd7350b6cca,1,0.8969928019060076,True,SYNTHETIC,synthetic_engineer_v1
RFQ731-001626,G731ST-LT,1,CFG731_7882c72c21497015,0.9526324832873684,CFG731_7882c72c21497015,1,0.9526324832873684,True,SYNTHETIC,synthetic_engineer_v1
RFQ731-001627,X731,1,CFG731_5e57a3f6d3b745b8,0.9210528155179474,CFG731_5e57a3f6d3b745b8,1,0.9210528155179474,True,SYNTHETIC,synthetic_engineer_v1
RFQ731-001628,X731,12,CFG731_5dd42015f6f61801,0.9052632158957369,CFG731_399a488b9c799644,12,0.21702861724308978,False,SYNTHETIC,synthetic_engineer_v1
RFQ731-001629,X731,4,CFG731_bbcb665ced67f8c3,0.849624399945376,CFG731_d21c75b44ecc736a,3,0.36443522823112384,False,SYNTHETIC,synthetic_engineer_v1
RFQ731-001630,X731,4,CFG731_ac8195f5cce7d089,0.8654138291765865,CFG731_c40b4ffa9a4b1399,4,0.3794895544336873,False,SYNTHETIC,synthetic_engineer_v1
RFQ731-001631,X731,1,CFG731_daff07a8bdec497b,0.4831855212521239,CFG731_daff07a8bdec497b,1,0.4831855212521239,True,SYNTHETIC,synthetic_engineer_v1
RFQ731-001632,F731WD_DUALCHANNEL,4,CFG731_37e3938c6089bb2d,0.7721810788938195,CFG731_d135404efcd6265d,4,0.29171854085487,False,SYNTHETIC,synthetic_engineer_v1
RFQ731-001633,F731WD_SINGLECHANNEL,2,CFG731_0be7d6198235486b,0.78797028137303,CFG731_0be7d6198235486b,1,0.78797028137303,True,SYNTHETIC,synthetic_engineer_v1
RFQ731-001634,X731,1,CFG731_59f86789e43d86f1,0.5147646240145448,CFG731_59f86789e43d86f1,1,0.5147646240145448,True,SYNTHETIC,synthetic_engineer_v1
RFQ731-001635,X731,1,CFG731_9fa436b39059149d,0.48318525770912385,CFG731_9fa436b39059149d,1,0.48318525770912385,True,SYNTHETIC,synthetic_engineer_v1
RFQ731-001636,X731,4,CFG731_c39096767a7ae083,0.9368428476651579,CFG731_618cb6c1c21feda4,3,0.5011811492122755,False,SYNTHETIC,synthetic_engineer_v1
RFQ731-001637,G731ST-LT,7,CFG731_ab4075c601d1397c,0.8338354530611655,CFG731_adf1bbb0fbae3d43,7,0.21151330017173683,False,SYNTHETIC,synthetic_engineer_v1
RFQ731-001638,G731ST-LT,4,CFG731_7f5bfa7b21e81359,0.9210526481289474,CFG731_5be9d749d8317fd3,2,0.849624548964376,False,SYNTHETIC,synthetic_engineer_v1
RFQ731-001639,X731,1,CFG731_daff07a8bdec497b,0.4831856384911239,CFG731_daff07a8bdec497b,1,0.4831856384911239,True,SYNTHETIC,synthetic_engineer_v1
RFQ731-001640,X731,2,CFG731_a6d4830ed3aa2681,0.9368424657711579,CFG731_d4a9fe62acefba0d,2,0.3684598039549814,False,SYNTHETIC,synthetic_engineer_v1
RFQ731-001641,X731,6,CFG731_8d2d91c46ccfb471,0.9210527927009473,CFG731_df5f598a914fb1cc,4,0.4177446765015356,False,SYNTHETIC,synthetic_engineer_v1
RFQ731-001642,X731,1,CFG731_11a99741e1f7cce9,0.849624757242376,CFG731_11a99741e1f7cce9,1,0.849624757242376,True,SYNTHETIC,synthetic_engineer_v1
RFQ731-001643,X731,6,CFG731_70b38ab75d3ca724,0.8338352135291655,CFG731_7a941b9a49372410,5,0.22033754598750155,False,SYNTHETIC,synthetic_engineer_v1
RFQ731-001644,X731,3,CFG731_fde1ab2a4808b544,0.8654138352495865,CFG731_584d4f5b54752e2e,3,0.3794896298776873,False,SYNTHETIC,synthetic_engineer_v1
RFQ731-001645,G731ST-HT,11,CFG731_a3b03637ed22317c,0.9052636202877369,CFG731_aa4779c40e6c2de0,5,0.4686824263777957,False,SYNTHETIC,synthetic_engineer_v1
RFQ731-001646,G731ST-HT,2,CFG731_a3b03637ed22317c,0.9368421073061579,CFG731_cf4fb8862e2ab5fc,2,0.4335338418607461,False,SYNTHETIC,synthetic_engineer_v1
RFQ731-001647,F731TE,1,CFG731_090330aa38b8e80b,0.3346751574726192,CFG731_090330aa38b8e80b,1,0.3346751574726192,True,SYNTHETIC,synthetic_engineer_v1
RFQ731-001648,X731,4,CFG731_3b2a32abbf148ca1,0.9368422839511579,CFG731_d4dafb658c85c692,4,0.25265189640856967,False,SYNTHETIC,synthetic_engineer_v1
RFQ731-001649,X731,2,CFG731_67de76f701c9cfad,0.3680923645311579,CFG731_63f33b68f29fecef,2,0.2537540726150402,False,SYNTHETIC,synthetic_engineer_v1
RFQ731-001650,X731,1,CFG731_11a99741e1f7cce9,0.849624219120376,CFG731_11a99741e1f7cce9,1,0.849624219120376,True,SYNTHETIC,synthetic_engineer_v1
RFQ731-001651,G731CA,2,CFG731_d3d0547b464f691d,0.8037597279702405,CFG731_d3d0547b464f691d,1,0.8037597279702405,True,SYNTHETIC,synthetic_engineer_v1
RFQ731-001652,X731,3,CFG731_e80085d86d0bbfa9,0.8654136399375866,CFG731_6526112621a9ee97,3,0.3802251876823344,False,SYNTHETIC,synthetic_engineer_v1
RFQ731-001653,X731,1,CFG731_b7e96d5717c40fd6,0.9684216249465789,CFG731_b7e96d5717c40fd6,1,0.9684216249465789,True,SYNTHETIC,synthetic_engineer_v1
RFQ731-001654,X731,4,CFG731_9a0f0b26c7f24725,0.8654142518985866,CFG731_9eee2266c8068ada,4,0.37323959950168734,False,SYNTHETIC,synthetic_engineer_v1
RFQ731-001655,X731,7,CFG731_9a0f0b26c7f24725,0.849624818345376,CFG731_5d2495d91e9fa868,7,0.2330013305967121,False,SYNTHETIC,synthetic_engineer_v1
RFQ731-001656,X731,2,CFG731_32a4bb12438a37ab,0.9526315975993683,CFG731_45d35cf8bc922687,2,0.38388244057936843,False,SYNTHETIC,synthetic_engineer_v1
RFQ731-001657,X731,3,CFG731_e80085d86d0bbfa9,0.8654137579985866,CFG731_6526112621a9ee97,3,0.3802249046953344,False,SYNTHETIC,synthetic_engineer_v1
RFQ731-001658,X731,1,CFG731_8d2d91c46ccfb471,0.968421758048579,CFG731_8d2d91c46ccfb471,1,0.968421758048579,True,SYNTHETIC,synthetic_engineer_v1
RFQ731-001659,X731,4,CFG731_f97e51d1da57d99f,0.8496243934123759,CFG731_5619990314e85743,4,0.3576338009068885,False,SYNTHETIC,synthetic_engineer_v1
RFQ731-001660,X731,1,CFG731_257fecba9143d12f,0.3581854209041238,CFG731_257fecba9143d12f,1,0.3581854209041238,True,SYNTHETIC,synthetic_engineer_v1
RFQ731-001661,X731,1,CFG731_6e096e946540ab4e,0.8969930560340076,CFG731_6e096e946540ab4e,1,0.8969930560340076,True,SYNTHETIC,synthetic_engineer_v1
RFQ731-001662,G731CA,2,CFG731_48d7cdb31a45af93,0.8037598234402406,CFG731_48d7cdb31a45af93,1,0.8037598234402406,True,SYNTHETIC,synthetic_engineer_v1
RFQ731-001663,X731,2,CFG731_8d07e19298d09d34,0.8654139796875865,CFG731_0b33555ff08fcd28,2,0.37507756801480496,False,SYNTHETIC,synthetic_engineer_v1
RFQ731-001664,F731PW,1,CFG731_a9f22ebc14287e5d,0.8180456745559549,CFG731_a9f22ebc14287e5d,1,0.8180456745559549,True,SYNTHETIC,synthetic_engineer_v1
RFQ731-001665,G731ST-HT,2,CFG731_c3a136a8630f644d,0.8654140833025865,CFG731_a69c8345e2cbb480,2,0.37507780569080496,False,SYNTHETIC,synthetic_engineer_v1
RFQ731-001666,X731,3,CFG731_3b2a32abbf148ca1,0.936842366459158,CFG731_8e97bb2bec352a2c,2,0.8511286116678721,False,SYNTHETIC,synthetic_engineer_v1
RFQ731-001667,X731,2,CFG731_8d2d91c46ccfb471,0.9526316648273684,CFG731_acd18bc8a73cfdde,2,0.44932326209795664,False,SYNTHETIC,synthetic_engineer_v1
RFQ731-001668,G731ST-HT,2,CFG731_a3b03637ed22317c,0.9368427546451579,CFG731_cf4fb8862e2ab5fc,2,0.4335341555177461,False,SYNTHETIC,synthetic_engineer_v1
RFQ731-001669,G731ST-LT,4,CFG731_996314000fcfec4b,0.9210526995119473,CFG731_ae877a3b18b65d0a,2,0.8496241978843759,False,SYNTHETIC,synthetic_engineer_v1
RFQ731-001670,X731,6,CFG731_89772de94df83ba5,0.8338353348891655,CFG731_3cfe26a4a6491587,5,0.22033751537650154,False,SYNTHETIC,synthetic_engineer_v1
RFQ731-001671,X731,4,CFG731_60f3aae8ede70fe0,0.936843011759158,CFG731_3c119308d8305ad4,3,0.8511280512778722,False,SYNTHETIC,synthetic_engineer_v1
RFQ731-001672,G731ST-HT,8,CFG731_63eca10a00ae1f5d,0.9052640155777368,CFG731_1060da033d1aaed1,8,0.40195482996232507,False,SYNTHETIC,synthetic_engineer_v1
RFQ731-001673,X731,7,CFG731_c39096767a7ae083,0.9210527989409474,CFG731_c9c2eeedbcdb5160,7,0.4177438123205356,False,SYNTHETIC,synthetic_engineer_v1
RFQ731-001674,X731,1,CFG731_2d0a81ff4ec49480,0.3985683925421084,CFG731_2d0a81ff4ec49480,1,0.3985683925421084,True,SYNTHETIC,synthetic_engineer_v1
RFQ731-001675,X731,1,CFG731_ddd1ce28a3456ff6,0.881203461284797,CFG731_ddd1ce28a3456ff6,1,0.881203461284797,True,SYNTHETIC,synthetic_engineer_v1
RFQ731-001676,X731,7,CFG731_9a0f0b26c7f24725,0.849624943294376,CFG731_bb4f0886ba308d63,7,0.23833228097365328,False,SYNTHETIC,synthetic_engineer_v1
RFQ731-001677,X731,1,CFG731_1147f9711c4bff84,0.9210532887719474,CFG731_1147f9711c4bff84,1,0.9210532887719474,True,SYNTHETIC,synthetic_engineer_v1
RFQ731-001678,X731,2,CFG731_95e2d680672ff303,0.34533688843150157,CFG731_95e2d680672ff303,1,0.34533688843150157,True,SYNTHETIC,synthetic_engineer_v1
RFQ731-001679,G731ST-HT,1,CFG731_4aa7d46b9cfa7d7b,0.9526316554203684,CFG731_4aa7d46b9cfa7d7b,1,0.9526316554203684,True,SYNTHETIC,synthetic_engineer_v1
RFQ731-001680,G731ST-LT,2,CFG731_7882c72c21497015,0.936842636059158,CFG731_175641fe8d1c7f37,2,0.8939857888990151,False,SYNTHETIC,synthetic_engineer_v1
RFQ731-001681,G731ST-HT,4,CFG731_4aa7d46b9cfa7d7b,0.9210527703469473,CFG731_ff04d32ca467d2a5,4,0.35763376409888853,False,SYNTHETIC,synthetic_engineer_v1
RFQ731-001682,X731,1,CFG731_ac3a4ff61341aa72,0.8496244598513759,CFG731_ac3a4ff61341aa72,1,0.8496244598513759,True,SYNTHETIC,synthetic_engineer_v1
RFQ731-001683,X731,6,CFG731_af755e9c46cfadd4,0.818045730285955,CFG731_5f07d1fd22503872,6,0.33065016550376164,False,SYNTHETIC,synthetic_engineer_v1
RFQ731-001684,X731,4,CFG731_cf543b1c3927ab71,0.9210536092559474,CFG731_b228aa35c0b027ac,3,0.35763388168188853,False,SYNTHETIC,synthetic_engineer_v1
RFQ731-001685,X731,4,CFG731_12d9cb8d41e8f486,0.8654139092655865,CFG731_1b365e0951e7dea4,3,0.4304084227367461,False,SYNTHETIC,synthetic_engineer_v1
RFQ731-001686,G731ST-HT,11,CFG731_cc9ac35e4d9a1854,0.9052640849287369,CFG731_37f66c3948c00e57,5,0.4686829238977957,False,SYNTHETIC,synthetic_engineer_v1
RFQ731-001687,X731,1,CFG731_27ea251c0fb03f20,0.36590628220441795,CFG731_27ea251c0fb03f20,1,0.36590628220441795,True,SYNTHETIC,synthetic_engineer_v1
RFQ731-001688,X731,5,CFG731_d40b624cb7b84a81,0.849624069382376,CFG731_122577678a9fbaa5,5,0.2298762607337121,False,SYNTHETIC,synthetic_engineer_v1
RFQ731-001689,G731ST-HT,2,CFG731_8b18ac1c34209d63,0.9368427642911579,CFG731_708466e4f37148f0,2,0.4335340612357461,False,SYNTHETIC,synthetic_engineer_v1
RFQ731-001690,G731ST-HT,4,CFG731_63eca10a00ae1f5d,0.9210526770329474,CFG731_eb5b34784d068b66,3,0.8353389824926616,False,SYNTHETIC,synthetic_engineer_v1
RFQ731-001691,G731ST-HT,2,CFG731_cc9ac35e4d9a1854,0.936842368718158,CFG731_348f97ec6945fbf8,2,0.4335341615097461,False,SYNTHETIC,synthetic_engineer_v1
RFQ731-001692,G731CA,1,CFG731_757fbd3e8915b462,0.8353391397516616,CFG731_757fbd3e8915b462,1,0.8353391397516616,True,SYNTHETIC,synthetic_engineer_v1
RFQ731-001693,X731,6,CFG731_608c0251ef380592,0.9052631596197369,CFG731_09db81b4dee54f57,3,0.469234648681031,False,SYNTHETIC,synthetic_engineer_v1
RFQ731-001694,X731,2,CFG731_77a90bfd81b5c2c1,0.4989746917493344,CFG731_77a90bfd81b5c2c1,1,0.4989746917493344,True,SYNTHETIC,synthetic_engineer_v1
RFQ731-001695,X731,1,CFG731_fb3a51904298e616,0.8496244663613759,CFG731_fb3a51904298e616,1,0.8496244663613759,True,SYNTHETIC,synthetic_engineer_v1
RFQ731-001696,X731,1,CFG731_daff07a8bdec497b,0.48318540827012385,CFG731_daff07a8bdec497b,1,0.48318540827012385,True,SYNTHETIC,synthetic_engineer_v1
RFQ731-001697,X731,7,CFG731_5dd42015f6f61801,0.9210533212139473,CFG731_917fc613cc9bf56a,3,0.4850240821962415,False,SYNTHETIC,synthetic_engineer_v1
RFQ731-001698,X731,1,CFG731_b7e96d5717c40fd6,0.9684217712515789,CFG731_b7e96d5717c40fd6,1,0.9684217712515789,True,SYNTHETIC,synthetic_engineer_v1
RFQ731-001699,X731,2,CFG731_32a4bb12438a37ab,0.9526320303433684,CFG731_784eb334d1d77ae7,2,0.9097752180342256,False,SYNTHETIC,synthetic_engineer_v1
RFQ731-001700,G731ST-LT,2,CFG731_d124ccffa669c3a2,0.9368426273691579,CFG731_16700b9d004fb9de,2,0.4335342377687461,False,SYNTHETIC,synthetic_engineer_v1
RFQ731-001701,X731,2,CFG731_11da8cc369b71f5a,0.881203717366797,CFG731_fde1ab2a4808b544,2,0.881203139684797,False,SYNTHETIC,synthetic_engineer_v1
RFQ731-001702,F731WD_SINGLECHANNEL,2,CFG731_6357400dd5c2804a,0.7879707294430301,CFG731_6357400dd5c2804a,1,0.7879707294430301,True,SYNTHETIC,synthetic_engineer_v1
RFQ731-001703,X731,2,CFG731_6e096e946540ab4e,0.8812031507347969,CFG731_f693af423cd0a85a,2,0.3890292385598978,False,SYNTHETIC,synthetic_engineer_v1
RFQ731-001704,G731ST-LT,3,CFG731_ab4075c601d1397c,0.8496241903423759,CFG731_cc47430fac8438be,2,0.4146190457305356,False,SYNTHETIC,synthetic_engineer_v1
RFQ731-001705,X731,1,CFG731_6e27958dc8215006,0.38976412633854485,CFG731_6e27958dc8215006,1,0.38976412633854485,True,SYNTHETIC,synthetic_engineer_v1
RFQ731-001706,F731TE,1,CFG731_ac57adca497d644f,0.4712565647575604,CFG731_ac57adca497d644f,1,0.4712565647575604,True,SYNTHETIC,synthetic_engineer_v1
RFQ731-001707,X731,16,CFG731_c39096767a7ae083,0.9052639625217369,CFG731_2e9ef53f42218763,14,0.21702790091708976,False,SYNTHETIC,synthetic_engineer_v1
RFQ731-001708,G731ST-LT,8,CFG731_e0009be417f51ccd,0.9052632506657369,CFG731_515a31451814aae9,6,0.40195509229532506,False,SYNTHETIC,synthetic_engineer_v1
RFQ731-001709,X731,6,CFG731_0fbee36816b7af98,0.8496249955533759,CFG731_b44b2e6818291871,6,0.2361269040467121,False,SYNTHETIC,synthetic_engineer_v1
RFQ731-001710,G731CA,1,CFG731_2aca30183aab25a9,0.8353390976736617,CFG731_2aca30183aab25a9,1,0.8353390976736617,True,SYNTHETIC,synthetic_engineer_v1
RFQ731-001711,X731,2,CFG731_b7e96d5717c40fd6,0.9526317818553683,CFG731_bcc5933e6fc2a98c,2,0.3842496916621919,False,SYNTHETIC,synthetic_engineer_v1
RFQ731-001712,X731,4,CFG731_608c0251ef380592,0.9210527068929474,CFG731_3727d181b2806370,3,0.4850233617932415,False,SYNTHETIC,synthetic_engineer_v1
RFQ731-001713,G731ST-LT,6,CFG731_7203705eed387b0a,0.849624286824376,CFG731_7994662aa688a3b5,5,0.3620460588987709,False,SYNTHETIC,synthetic_engineer_v1
RFQ731-001714,X731,4,CFG731_abcee67081353f16,0.9210529533299473,CFG731_83b7e9be7ecdb93b,4,0.2324501331294768,False,SYNTHETIC,synthetic_engineer_v1
RFQ731-001715,X731,6,CFG731_b7e96d5717c40fd6,0.9210534105529473,CFG731_1642db5c21ada469,4,0.35230324815694736,False,SYNTHETIC,synthetic_engineer_v1
RFQ731-001716,X731,6,CFG731_3bcde7f8df32303c,0.8496243708533759,CFG731_8ad503c0be7c64be,5,0.23539177928606503,False,SYNTHETIC,synthetic_engineer_v1
RFQ731-001717,F731TE,1,CFG731_d8c69b7395beabbb,0.4712566465305604,CFG731_d8c69b7395beabbb,1,0.4712566465305604,True,SYNTHETIC,synthetic_engineer_v1
RFQ731-001718,G731ST-LT,6,CFG731_715a3d3226cbaffd,0.9052636174247369,CFG731_9ceb267c59e4f006,4,0.341844127013678,False,SYNTHETIC,synthetic_engineer_v1
RFQ731-001719,X731,6,CFG731_a1f89a445799de07,0.8180460715279549,CFG731_c670511258ae4a49,5,0.33065065792276166,False,SYNTHETIC,synthetic_engineer_v1
RFQ731-001720,F731PW,1,CFG731_956456fc074ebc5a,0.8180453107219549,CFG731_956456fc074ebc5a,1,0.8180453107219549,True,SYNTHETIC,synthetic_engineer_v1
RFQ731-001721,X731,5,CFG731_60f3aae8ede70fe0,0.9210527512619473,CFG731_9f5e30c041afd4b8,2,0.48502418287924154,False,SYNTHETIC,synthetic_engineer_v1
RFQ731-001722,G731ST-LT,2,CFG731_e0009be417f51ccd,0.936842941101158,CFG731_750dd83a06ba43cb,2,0.4335339704757461,False,SYNTHETIC,synthetic_engineer_v1
RFQ731-001723,G731CA,2,CFG731_6fae22c89116fc5e,0.3188863219224087,CFG731_0bb185f546403346,2,0.3188856053324087,False,SYNTHETIC,synthetic_engineer_v1
RFQ731-001724,G731CA,2,CFG731_4189e4dbecbffadb,0.45546706263534986,CFG731_b43582909c828d95,2,0.3830398638821146,False,SYNTHETIC,synthetic_engineer_v1
RFQ731-001725,G731ST-LT,1,CFG731_a40ab19ad6671fbe,0.9526323665543683,CFG731_a40ab19ad6671fbe,1,0.9526323665543683,True,SYNTHETIC,synthetic_engineer_v1
RFQ731-001726,X731,15,CFG731_f87794e7a98d0b11,0.9052637301437368,CFG731_f6855584dc97aa61,14,0.21886620980320745,False,SYNTHETIC,synthetic_engineer_v1
RFQ731-001727,X731,2,CFG731_b8b11650a048baf7,0.8654135364095865,CFG731_9d5f3b4b7b2dfa7b,2,0.3794897384906873,False,SYNTHETIC,synthetic_engineer_v1
RFQ731-001728,G731ST-HT,12,CFG731_831a7150258499af,0.8338354839691655,CFG731_fcf6a3b44d96735f,12,0.21868266230079564,False,SYNTHETIC,synthetic_engineer_v1
RFQ731-001729,X731,12,CFG731_5e61ce3b60d15e11,0.9052640809187369,CFG731_ceb13e5602925e38,11,0.2196023175858545,False,SYNTHETIC,synthetic_engineer_v1
RFQ731-001730,X731,7,CFG731_b8b11650a048baf7,0.8338347418871654,CFG731_467e11f2e0bc0666,3,0.35011664139420745,False,SYNTHETIC,synthetic_engineer_v1
RFQ731-001731,F731PW,1,CFG731_7785b2914ebb6eaf,0.8180452920589549,CFG731_7785b2914ebb6eaf,1,0.8180452920589549,True,SYNTHETIC,synthetic_engineer_v1
RFQ731-001732,G731ST-LT,4,CFG731_77dd17c48f15826c,0.8496246593553759,CFG731_d982a98f914f0a87,4,0.3576335297408885,False,SYNTHETIC,synthetic_engineer_v1
RFQ731-001733,X731,8,CFG731_8c50542218db5cb0,0.9052633822497369,CFG731_5e50b9bcbfa0b051,7,0.4019546480263251,False,SYNTHETIC,synthetic_engineer_v1
RFQ731-001734,X731,4,CFG731_f97e51d1da57d99f,0.8496242060663759,CFG731_5619990314e85743,4,0.3576338293458885,False,SYNTHETIC,synthetic_engineer_v1
RFQ731-001735,X731,4,CFG731_2be17a56b0589fd1,0.9210526742899473,CFG731_1f0c09edcd967945,3,0.48502349435624154,False,SYNTHETIC,synthetic_engineer_v1
RFQ731-001736,F731PW,2,CFG731_f9fd6a4462ec051a,0.8022563787517445,CFG731_10e74d757a2fa2a6,2,0.30254533733796285,False,SYNTHETIC,synthetic_engineer_v1
RFQ731-001737,X731,1,CFG731_5d345c0f49f6f272,0.8669181034730826,CFG731_5d345c0f49f6f272,1,0.8669181034730826,True,SYNTHETIC,synthetic_engineer_v1
RFQ731-001738,X731,3,CFG731_b65f8c1aefa2a95b,0.48318530630012385,CFG731_b65f8c1aefa2a95b,1,0.48318530630012385,True,SYNTHETIC,synthetic_engineer_v1
RFQ731-001739,X731,2,CFG731_8d2d91c46ccfb471,0.9526316031973684,CFG731_5ea309f998205da7,2,0.391969837408486,False,SYNTHETIC,synthetic_engineer_v1
RFQ731-001740,X731,2,CFG731_186348c5f967a6f7,0.8654141204435866,CFG731_186348c5f967a6f7,1,0.8654141204435866,True,SYNTHETIC,synthetic_engineer_v1
RFQ731-001741,F731TE,2,CFG731_fd6959ad3c5fd9ed,0.7879700888490301,CFG731_fd6959ad3c5fd9ed,1,0.7879700888490301,True,SYNTHETIC,synthetic_engineer_v1
RFQ731-001742,X731,5,CFG731_0db950a4979d2c52,0.9210534376569474,CFG731_f030e97d69c5c359,3,0.48502365171024153,False,SYNTHETIC,synthetic_engineer_v1
RFQ731-001743,X731,3,CFG731_3bcde7f8df32303c,0.8654141951645865,CFG731_cb9e502c506da6fb,3,0.3802244763433344,False,SYNTHETIC,synthetic_engineer_v1
RFQ731-001744,X731,2,CFG731_c41fd04f9eea78e7,0.46739554280691337,CFG731_2a62b8cc0f0cd468,2,0.21776406719173683,False,SYNTHETIC,synthetic_engineer_v1
RFQ731-001745,G731ST-LT,2,CFG731_e0009be417f51ccd,0.9368423029621579,CFG731_8b6ed3cfa9ed1e59,2,0.4335335326347461,False,SYNTHETIC,synthetic_engineer_v1
RFQ731-001746,F731WD_DUALCHANNEL,1,CFG731_a4610f5f38e7d946,0.8338351405971655,CFG731_a4610f5f38e7d946,1,0.8338351405971655,True,SYNTHETIC,synthetic_engineer_v1
RFQ731-001747,F731WD_DUALCHANNEL,1,CFG731_819cb4e76943eca6,0.8195496305004512,CFG731_819cb4e76943eca6,1,0.8195496305004512,True,SYNTHETIC,synthetic_engineer_v1
RFQ731-001748,F731TE,2,CFG731_56ccaebbaa08bd29,0.7879700155140301,CFG731_56ccaebbaa08bd29,1,0.7879700155140301,True,SYNTHETIC,synthetic_engineer_v1
RFQ731-001749,X731,2,CFG731_89772de94df83ba5,0.8654137301535865,CFG731_c580e57f48a370de,2,0.373423075108099,False,SYNTHETIC,synthetic_engineer_v1
RFQ731-001750,F731WD_SINGLECHANNEL,1,CFG731_9a761e6bfde35917,0.39680734110179566,CFG731_9a761e6bfde35917,1,0.39680734110179566,True,SYNTHETIC,synthetic_engineer_v1
RFQ731-001751,X731,1,CFG731_d9234c84a58b99ae,0.4989750484093344,CFG731_d9234c84a58b99ae,1,0.4989750484093344,True,SYNTHETIC,synthetic_engineer_v1
RFQ731-001752,X731,7,CFG731_62d0f0f6bab9bdcb,0.9052635465297368,CFG731_59cf92483eaddfcb,3,0.469234305083031,False,SYNTHETIC,synthetic_engineer_v1
RFQ731-001753,X731,7,CFG731_5dd42015f6f61801,0.9210532536689473,CFG731_917fc613cc9bf56a,3,0.4850236933432415,False,SYNTHETIC,synthetic_engineer_v1
RFQ731-001754,X731,2,CFG731_117f19eb2913314e,0.5147644216485449,CFG731_117f19eb2913314e,1,0.5147644216485449,True,SYNTHETIC,synthetic_engineer_v1
RFQ731-001755,X731,4,CFG731_c39096767a7ae083,0.9368423639371579,CFG731_4da2b3fd83325505,3,0.5008128549124521,False,SYNTHETIC,synthetic_engineer_v1
RFQ731-001756,X731,3,CFG731_36c553adc9f5ebf3,0.8654142828205865,CFG731_d8083f6bcc90dd07,3,0.37636464010368725,False,SYNTHETIC,synthetic_engineer_v1
RFQ731-001757,G731ST-HT,2,CFG731_4aa7d46b9cfa7d7b,0.9368421057891579,CFG731_b36f487da5008df2,2,0.3673574761265108,False,SYNTHETIC,synthetic_engineer_v1
RFQ731-001758,X731,8,CFG731_0db950a4979d2c52,0.9210527238699473,CFG731_70b78512b89df53d,8,0.4177444969775356,False,SYNTHETIC,synthetic_engineer_v1
RFQ731-001759,F731PW,1,CFG731_a9f22ebc14287e5d,0.8180457733879549,CFG731_a9f22ebc14287e5d,1,0.8180457733879549,True,SYNTHETIC,synthetic_engineer_v1
RFQ731-001760,X731,2,CFG731_36c553adc9f5ebf3,0.8654140451915865,CFG731_70aa5a64b0803277,2,0.8654137398485865,False,SYNTHETIC,synthetic_engineer_v1
RFQ731-001761,X731,4,CFG731_5e61ce3b60d15e11,0.9368424649601579,CFG731_23aa00a5306a83b2,3,0.8511281725628722,False,SYNTHETIC,synthetic_engineer_v1
RFQ731-001762,G731ST-HT,2,CFG731_7b2f69a7ca55041b,0.9368430694461579,CFG731_49bb1327a04ca706,2,0.4335340477487461,False,SYNTHETIC,synthetic_engineer_v1
RFQ731-001763,X731,1,CFG731_219ac3d01befd6d1,0.9526320483523684,CFG731_219ac3d01befd6d1,1,0.9526320483523684,True,SYNTHETIC,synthetic_engineer_v1
RFQ731-001764,X731,3,CFG731_7308ee8503151ef3,0.8654145068125865,CFG731_6d44172bc82c7ed7,3,0.375077480481805,False,SYNTHETIC,synthetic_engineer_v1
RFQ731-001765,X731,3,CFG731_3bcde7f8df32303c,0.8654140720415865,CFG731_8a1a8cb1f6a30d3a,3,0.3732393484116873,False,SYNTHETIC,synthetic_engineer_v1
RFQ731-001766,G731CA,2,CFG731_4189e4dbecbffadb,0.4554672791553499,CFG731_b43582909c828d95,2,0.38304054742311455,False,SYNTHETIC,synthetic_engineer_v1
RFQ731-001767,X731,2,CFG731_fb1ab4b34e9c8a75,0.8654144952235865,CFG731_509cb555eca833a1,2,0.8511282505768721,False,SYNTHETIC,synthetic_engineer_v1
RFQ731-001768,X731,4,CFG731_de1ec1b96e1e485e,0.4831851356951239,CFG731_f2f3c932d1048d8d,3,0.23796453230382975,False,SYNTHETIC,synthetic_engineer_v1
RFQ731-001769,X731,2,CFG731_5d345c0f49f6f272,0.8511286335228722,CFG731_13c137be155b0bd9,2,0.5028351128999814,False,SYNTHETIC,synthetic_engineer_v1
RFQ731-001770,X731,1,CFG731_a92ad5294d9187e9,0.9210528818089474,CFG731_a92ad5294d9187e9,1,0.9210528818089474,True,SYNTHETIC,synthetic_engineer_v1
RFQ731-001771,X731,2,CFG731_ac3a4ff61341aa72,0.8338350548481654,CFG731_a93ee7be2372dea3,2,0.8195490413714511,False,SYNTHETIC,synthetic_engineer_v1
RFQ731-001772,X731,2,CFG731_b7e96d5717c40fd6,0.9526322602523684,CFG731_b56113a9ae2281a6,2,0.3892126387353096,False,SYNTHETIC,synthetic_engineer_v1
RFQ731-001773,G731ST-HT,1,CFG731_fcc72e9951376cf3,0.881203329853797,CFG731_fcc72e9951376cf3,1,0.881203329853797,True,SYNTHETIC,synthetic_engineer_v1
RFQ731-001774,X731,3,CFG731_fb16e30f5bbb87f2,0.8353385549726616,CFG731_a9ec8cda9130252f,2,0.36443516014012384,False,SYNTHETIC,synthetic_engineer_v1
RFQ731-001775,X731,2,CFG731_8d07e19298d09d34,0.8654140407995865,CFG731_0b33555ff08fcd28,2,0.37507744037180496,False,SYNTHETIC,synthetic_engineer_v1
RFQ731-001776,F731WD_DUALCHANNEL,1,CFG731_a4610f5f38e7d946,0.8338353501251655,CFG731_a4610f5f38e7d946,1,0.8338353501251655,True,SYNTHETIC,synthetic_engineer_v1
RFQ731-001777,X731,1,CFG731_0db950a4979d2c52,0.968421223406579,CFG731_0db950a4979d2c52,1,0.968421223406579,True,SYNTHETIC,synthetic_engineer_v1
RFQ731-001778,G731ST-HT,11,CFG731_a3b03637ed22317c,0.9052636915737369,CFG731_aa4779c40e6c2de0,5,0.4686830211437957,False,SYNTHETIC,synthetic_engineer_v1
RFQ731-001779,X731,2,CFG731_b7e96d5717c40fd6,0.9526325491773684,CFG731_2683cf7e09782f5e,2,0.9097751168942255,False,SYNTHETIC,synthetic_engineer_v1
RFQ731-001780,G731ST-LT,2,CFG731_ab4075c601d1397c,0.8654138220595865,CFG731_1d59f25068204b01,2,0.37342386836809904,False,SYNTHETIC,synthetic_engineer_v1
RFQ731-001781,G731ST-LT,1,CFG731_a40ab19ad6671fbe,0.9526319108973684,CFG731_a40ab19ad6671fbe,1,0.9526319108973684,True,SYNTHETIC,synthetic_engineer_v1
RFQ731-001782,F731PW,1,CFG731_0d8116f4900c6919,0.8180451322129549,CFG731_0d8116f4900c6919,1,0.8180451322129549,True,SYNTHETIC,synthetic_engineer_v1
RFQ731-001783,X731,10,CFG731_70aa5a64b0803277,0.8180460785359549,CFG731_2ae6ccd85f4fafbe,10,0.20123929109487923,False,SYNTHETIC,synthetic_engineer_v1
RFQ731-001784,X731,2,CFG731_72e5000522fb6a51,0.8338346126731655,CFG731_5cae68c0a1d5db32,2,0.8195495772574511,False,SYNTHETIC,synthetic_engineer_v1
RFQ731-001785,X731,7,CFG731_b7e96d5717c40fd6,0.9210531633039474,CFG731_5362e45ac22e6417,7,0.2239941948925356,False,SYNTHETIC,synthetic_engineer_v1
RFQ731-001786,X731,3,CFG731_fb1ab4b34e9c8a75,0.849624408085376,CFG731_555c215c4639435a,3,0.4870456964857709,False,SYNTHETIC,synthetic_engineer_v1
RFQ731-001787,G731ST-HT,4,CFG731_329b582435fea539,0.8496249514833759,CFG731_168475c8045761e7,3,0.3576337852238885,False,SYNTHETIC,synthetic_engineer_v1
RFQ731-001788,X731,6,CFG731_b8b11650a048baf7,0.8338348980331655,CFG731_d881bdfa42976572,6,0.2225435153424427,False,SYNTHETIC,synthetic_engineer_v1
RFQ731-001789,X731,6,CFG731_8d2d91c46ccfb471,0.9210527451799474,CFG731_df5f598a914fb1cc,6,0.4177438249815356,False,SYNTHETIC,synthetic_engineer_v1
RFQ731-001790,X731,3,CFG731_abcee67081353f16,0.9210528696769473,CFG731_64e162d496afc031,3,0.48502338493624153,False,SYNTHETIC,synthetic_engineer_v1
RFQ731-001791,X731,2,CFG731_32b1041fd68aac23,0.8654137401435865,CFG731_3611bb1fba248e38,2,0.8511284575118722,False,SYNTHETIC,synthetic_engineer_v1
RFQ731-001792,X731,4,CFG731_219ac3d01befd6d1,0.9210530661999473,CFG731_c52f7eb3e0603707,4,0.23686174178735916,False,SYNTHETIC,synthetic_engineer_v1
RFQ731-001793,X731,4,CFG731_cf543b1c3927ab71,0.9210531584219473,CFG731_65b9beb5d5675c99,3,0.8353391681976616,False,SYNTHETIC,synthetic_engineer_v1
RFQ731-001794,F731PW,1,CFG731_327bfa077bbbd45e,0.38304007720411454,CFG731_327bfa077bbbd45e,1,0.38304007720411454,True,SYNTHETIC,synthetic_engineer_v1
RFQ731-001795,X731,6,CFG731_0db950a4979d2c52,0.9210534772969473,CFG731_388928540067c900,6,0.23539105898906504,False,SYNTHETIC,synthetic_engineer_v1
RFQ731-001796,X731,4,CFG731_f87794e7a98d0b11,0.9368425832541579,CFG731_007c0829be0a9482,3,0.500812881086452,False,SYNTHETIC,synthetic_engineer_v1
RFQ731-001797,X731,5,CFG731_11da8cc369b71f5a,0.8654140240315865,CFG731_804fd97f3e73ed8a,5,0.2486077546825108,False,SYNTHETIC,synthetic_engineer_v1
RFQ731-001798,G731ST-HT,4,CFG731_2a989bd6dba74d9f,0.849624082757376,CFG731_b7a7770d19b6f648,3,0.48704623446877093,False,SYNTHETIC,synthetic_engineer_v1
RFQ731-001799,X731,2,CFG731_f87794e7a98d0b11,0.9526316617673684,CFG731_962b6fcde3072947,2,0.391970631243486,False,SYNTHETIC,synthetic_engineer_v1
RFQ731-001800,G731VG,1,CFG731_6a47b38d62a9fed3,0.8511281710688722,CFG731_6a47b38d62a9fed3,1,0.8511281710688722,True,SYNTHETIC,synthetic_engineer_v1
RFQ731-001801,F731TE,2,CFG731_b7c1a02b25610507,0.7879706406200301,CFG731_b7c1a02b25610507,1,0.7879706406200301,True,SYNTHETIC,synthetic_engineer_v1
RFQ731-001802,G731ST-LT,4,CFG731_e0009be417f51ccd,0.9210529171719474,CFG731_b3d0283738532d82,3,0.48539162074106507,False,SYNTHETIC,synthetic_engineer_v1
RFQ731-001803,G731ST-HT,8,CFG731_7b2f69a7ca55041b,0.9052634525817369,CFG731_7b17e78739264251,8,0.40195454117132506,False,SYNTHETIC,synthetic_engineer_v1
RFQ731-001804,X731,4,CFG731_186348c5f967a6f7,0.8338353906761655,CFG731_f287b32480efae51,4,0.22033679190950156,False,SYNTHETIC,synthetic_engineer_v1
RFQ731-001805,G731ST-LT,4,CFG731_996314000fcfec4b,0.9210526553159474,CFG731_4c72f78c1186e8f7,3,0.48539114335106504,False,SYNTHETIC,synthetic_engineer_v1
RFQ731-001806,F731TE,2,CFG731_b7c1a02b25610507,0.7879709056770301,CFG731_b7c1a02b25610507,1,0.7879709056770301,True,SYNTHETIC,synthetic_engineer_v1
RFQ731-001807,G731ST-HT,4,CFG731_2a989bd6dba74d9f,0.849624075175376,CFG731_b7a7770d19b6f648,3,0.48704576335777094,False,SYNTHETIC,synthetic_engineer_v1
RFQ731-001808,F731TE,1,CFG731_a72f99e8160efda6,0.4712567876395604,CFG731_a72f99e8160efda6,1,0.4712567876395604,True,SYNTHETIC,synthetic_engineer_v1
RFQ731-001809,G731ST-HT,2,CFG731_8b18ac1c34209d63,0.9368425237901579,CFG731_708466e4f37148f0,2,0.43353422926874613,False,SYNTHETIC,synthetic_engineer_v1
RFQ731-001810,G731ST-HT,1,CFG731_63eca10a00ae1f5d,0.9526316525583683,CFG731_63eca10a00ae1f5d,1,0.9526316525583683,True,SYNTHETIC,synthetic_engineer_v1
RFQ731-001811,G731ST-HT,4,CFG731_d03860c1f327a8d1,0.8496245213663759,CFG731_168475c8045761e7,4,0.3576336246548885,False,SYNTHETIC,synthetic_engineer_v1
RFQ731-001812,G731ST-HT,4,CFG731_4aa7d46b9cfa7d7b,0.9210532671869474,CFG731_ff04d32ca467d2a5,3,0.35763413400388855,False,SYNTHETIC,synthetic_engineer_v1
RFQ731-001813,X731,5,CFG731_c39096767a7ae083,0.936843079175158,CFG731_7c78a4beb9b12eb2,4,0.5002617614032168,False,SYNTHETIC,synthetic_engineer_v1
RFQ731-001814,X731,2,CFG731_0db950a4979d2c52,0.9526320854123684,CFG731_f430d8ebe4134533,2,0.391969927895486,False,SYNTHETIC,synthetic_engineer_v1
RFQ731-001815,X731,8,CFG731_8c50542218db5cb0,0.9052637893797368,CFG731_5e50b9bcbfa0b051,6,0.40195521937332507,False,SYNTHETIC,synthetic_engineer_v1
RFQ731-001816,F731TE,1,CFG731_574aa7a29f75cd60,0.8338346919631655,CFG731_574aa7a29f75cd60,1,0.8338346919631655,True,SYNTHETIC,synthetic_engineer_v1
RFQ731-001817,X731,3,CFG731_8d2d91c46ccfb471,0.936843045620158,CFG731_9fd2ebe15271fc33,3,0.500812860527452,False,SYNTHETIC,synthetic_engineer_v1
RFQ731-001818,X731,8,CFG731_5dd42015f6f61801,0.9210535508659473,CFG731_cd907466ae420427,8,0.234656430877418,False,SYNTHETIC,synthetic_engineer_v1
RFQ731-001819,F731WD_DUALCHANNEL,1,CFG731_8281908b452128f3,0.8338345933561655,CFG731_8281908b452128f3,1,0.8338345933561655,True,SYNTHETIC,synthetic_engineer_v1
RFQ731-001820,X731,14,CFG731_abcee67081353f16,0.8894739394855263,CFG731_82556c55b0de9a67,14,0.19645991089817336,False,SYNTHETIC,synthetic_engineer_v1
RFQ731-001821,X731,6,CFG731_a6d4830ed3aa2681,0.9052633177407369,CFG731_3e782f59368b40db,5,0.3368812510245604,False,SYNTHETIC,synthetic_engineer_v1
RFQ731-001822,X731,1,CFG731_8af4adfbdf504482,0.3581856089191238,CFG731_8af4adfbdf504482,1,0.3581856089191238,True,SYNTHETIC,synthetic_engineer_v1
RFQ731-001823,F731TE,1,CFG731_81bffae40f4c3a60,0.4712559939265604,CFG731_81bffae40f4c3a60,1,0.4712559939265604,True,SYNTHETIC,synthetic_engineer_v1
RFQ731-001824,X731,2,CFG731_16bd4e059b8168a9,0.3501168586072074,CFG731_40d405b73b679480,2,0.21776408625073682,False,SYNTHETIC,synthetic_engineer_v1
RFQ731-001825,X731,2,CFG731_89772de94df83ba5,0.8496249980623759,CFG731_0988a349490181d9,2,0.2324505447934768,False,SYNTHETIC,synthetic_engineer_v1
RFQ731-001826,G731ST-HT,2,CFG731_329b582435fea539,0.8654135613695865,CFG731_4de012f7232f644d,2,0.8511278359188722,False,SYNTHETIC,synthetic_engineer_v1
RFQ731-001827,G731ST-HT,4,CFG731_a3b03637ed22317c,0.9210530912989473,CFG731_6cc2f5d089c01baf,3,0.8353384073916617,False,SYNTHETIC,synthetic_engineer_v1
RFQ731-001828,G731CA,1,CFG731_757fbd3e8915b462,0.8353383903976616,CFG731_757fbd3e8915b462,1,0.8353383903976616,True,SYNTHETIC,synthetic_engineer_v1
RFQ731-001829,X731,6,CFG731_516629085c122a4e,0.9052634345047369,CFG731_a84a367ef61c4e59,3,0.469234267495031,False,SYNTHETIC,synthetic_engineer_v1
RFQ731-001830,X731,1,CFG731_8a7a801f91254eeb,0.8496242010513759,CFG731_8a7a801f91254eeb,1,0.8496242010513759,True,SYNTHETIC,synthetic_engineer_v1
RFQ731-001831,F731TE,1,CFG731_090330aa38b8e80b,0.3346755319736192,CFG731_090330aa38b8e80b,1,0.3346755319736192,True,SYNTHETIC,synthetic_engineer_v1
RFQ731-001832,X731,2,CFG731_32b1041fd68aac23,0.8654135341565865,CFG731_3611bb1fba248e38,2,0.8511284433078722,False,SYNTHETIC,synthetic_engineer_v1
RFQ731-001833,X731,3,CFG731_bcec8ceac2dbcc79,0.849624622721376,CFG731_6513d2f5c85df9e4,2,0.3637003755484768,False,SYNTHETIC,synthetic_engineer_v1
RFQ731-001834,X731,1,CFG731_4e59e6fc4174afa3,0.48318574604612385,CFG731_4e59e6fc4174afa3,1,0.48318574604612385,True,SYNTHETIC,synthetic_engineer_v1
RFQ731-001835,X731,4,CFG731_60f3aae8ede70fe0,0.9368426340851579,CFG731_d3256527bf7fe65c,3,0.500813417814452,False,SYNTHETIC,synthetic_engineer_v1
RFQ731-001836,X731,6,CFG731_516629085c122a4e,0.9052635658137369,CFG731_7986bd8f29a06f04,3,0.469234471980031,False,SYNTHETIC,synthetic_engineer_v1
RFQ731-001837,X731,2,CFG731_60f3aae8ede70fe0,0.9526322198643684,CFG731_7f60255816247683,2,0.9097748252542256,False,SYNTHETIC,synthetic_engineer_v1
RFQ731-001838,X731,1,CFG731_04bb9195f752ca8c,0.4831856737021239,CFG731_04bb9195f752ca8c,1,0.4831856737021239,True,SYNTHETIC,synthetic_engineer_v1
RFQ731-001839,X731,1,CFG731_8f470181ad32eeae,0.8969926197090076,CFG731_8f470181ad32eeae,1,0.8969926197090076,True,SYNTHETIC,synthetic_engineer_v1
RFQ731-001840,F731WD_DUALCHANNEL,2,CFG731_8281908b452128f3,0.8180460162779549,CFG731_d2034bb5aa313dac,2,0.8037597335302405,False,SYNTHETIC,synthetic_engineer_v1
RFQ731-001841,X731,6,CFG731_cf543b1c3927ab71,0.9052638598847369,CFG731_ede0b25f5f83644d,2,0.33688179984456035,False,SYNTHETIC,synthetic_engineer_v1
RFQ731-001842,F731WD_DUALCHANNEL,2,CFG731_8281908b452128f3,0.8180453516269549,CFG731_d2034bb5aa313dac,2,0.8037596746882406,False,SYNTHETIC,synthetic_engineer_v1
RFQ731-001843,X731,2,CFG731_117f19eb2913314e,0.5147640219565448,CFG731_117f19eb2913314e,1,0.5147640219565448,True,SYNTHETIC,synthetic_engineer_v1
RFQ731-001844,X731,3,CFG731_8c50542218db5cb0,0.9210528551789473,CFG731_7942d32924313c96,3,0.4850236300682415,False,SYNTHETIC,synthetic_engineer_v1
RFQ731-001845,X731,2,CFG731_95e2d680672ff303,0.3453367342335016,CFG731_95e2d680672ff303,1,0.3453367342335016,True,SYNTHETIC,synthetic_engineer_v1
RFQ731-001846,X731,4,CFG731_b8b11650a048baf7,0.8496240732413759,CFG731_e4f7fe15e8ccf2c9,3,0.3644356951921239,False,SYNTHETIC,synthetic_engineer_v1
RFQ731-001847,X731,4,CFG731_ddfa4ab00c1bcdd0,0.8496249173663759,CFG731_1ff2c28c953275c5,3,0.35928873813959444,False,SYNTHETIC,synthetic_engineer_v1
RFQ731-001848,X731,2,CFG731_f87794e7a98d0b11,0.9526317657993684,CFG731_9e4fccece4d272d3,2,0.38719133485478013,False,SYNTHETIC,synthetic_engineer_v1
RFQ731-001849,G731ST-HT,4,CFG731_076cad91966d4c34,0.8496246576823759,CFG731_b3ed2928d6d65710,3,0.48704607043777093,False,SYNTHETIC,synthetic_engineer_v1
RFQ731-001850,X731,4,CFG731_da02526d254e2e35,0.9210536128579473,CFG731_ce4c7976fe8fc47b,4,0.23686230975735914,False,SYNTHETIC,synthetic_engineer_v1
RFQ731-001851,X731,7,CFG731_32b1041fd68aac23,0.8338349767931655,CFG731_4514730a70640409,7,0.2210727444291486,False,SYNTHETIC,synthetic_engineer_v1
RFQ731-001852,X731,4,CFG731_8c50542218db5cb0,0.9210535938129474,CFG731_8ade52b2e74d0235,3,0.48539182353306504,False,SYNTHETIC,synthetic_engineer_v1
RFQ731-001853,F731WD_SINGLECHANNEL,2,CFG731_6357400dd5c2804a,0.7879708235690301,CFG731_6357400dd5c2804a,1,0.7879708235690301,True,SYNTHETIC,synthetic_engineer_v1
RFQ731-001854,X731,3,CFG731_f97e51d1da57d99f,0.849624594350376,CFG731_9b7849ea5c974903,3,0.3526707917427709,False,SYNTHETIC,synthetic_engineer_v1
RFQ731-001855,X731,2,CFG731_b1693ef6b18686ac,0.4989750492093344,CFG731_a4b44df449e9d78d,2,0.2541219870958638,False,SYNTHETIC,synthetic_engineer_v1
RFQ731-001856,G731ST-LT,3,CFG731_8da1da530d6ae54d,0.849625041505376,CFG731_ef044db10b586894,3,0.3592883391435945,False,SYNTHETIC,synthetic_engineer_v1
RFQ731-001857,X731,5,CFG731_4346df46838fd57e,0.48318507204712385,CFG731_22ee4ff4a2fef4e6,5,0.23833224466465328,False,SYNTHETIC,synthetic_engineer_v1
RFQ731-001858,X731,1,CFG731_6e27958dc8215006,0.38976407628954485,CFG731_6e27958dc8215006,1,0.38976407628954485,True,SYNTHETIC,synthetic_engineer_v1
RFQ731-001859,X731,10,CFG731_b7e96d5717c40fd6,0.9052638684767369,CFG731_4804eb7da7298ac9,10,0.20930820760779564,False,SYNTHETIC,synthetic_engineer_v1
RFQ731-001860,G731ST-HT,2,CFG731_bbffb73f3dff6787,0.9368422088961579,CFG731_68193b179adae994,2,0.8939851146050151,False,SYNTHETIC,synthetic_engineer_v1
RFQ731-001861,F731TE,2,CFG731_31d150421c4341a3,0.7879704068540301,CFG731_31d150421c4341a3,1,0.7879704068540301,True,SYNTHETIC,synthetic_engineer_v1
RFQ731-001862,X731,2,CFG731_89772de94df83ba5,0.8496241519083759,CFG731_0988a349490181d9,2,0.23244997391447678,False,SYNTHETIC,synthetic_engineer_v1
RFQ731-001863,G731ST-HT,2,CFG731_8b18ac1c34209d63,0.9368423452371579,CFG731_ef8d68b6d278bfec,2,0.4335339517097461,False,SYNTHETIC,synthetic_engineer_v1
RFQ731-001864,F731TE,1,CFG731_28454766bbc80cb9,0.3346755196146192,CFG731_28454766bbc80cb9,1,0.3346755196146192,True,SYNTHETIC,synthetic_engineer_v1
RFQ731-001865,X731,2,CFG731_e08dfad4737be3d9,0.9526321703033683,CFG731_31d0a0df66872bf7,2,0.4493234003969566,False,SYNTHETIC,synthetic_engineer_v1
RFQ731-001866,G731ST-HT,1,CFG731_cc9ac35e4d9a1854,0.9526318157233684,CFG731_cc9ac35e4d9a1854,1,0.9526318157233684,True,SYNTHETIC,synthetic_engineer_v1
RFQ731-001867,G731CA,1,CFG731_2aca30183aab25a9,0.8353392241436616,CFG731_2aca30183aab25a9,1,0.8353392241436616,True,SYNTHETIC,synthetic_engineer_v1
RFQ731-001868,F731WD_SINGLECHANNEL,2,CFG731_6357400dd5c2804a,0.7879706353780301,CFG731_6357400dd5c2804a,1,0.7879706353780301,True,SYNTHETIC,synthetic_engineer_v1
RFQ731-001869,X731,1,CFG731_3bcde7f8df32303c,0.8969932545670075,CFG731_3bcde7f8df32303c,1,0.8969932545670075,True,SYNTHETIC,synthetic_engineer_v1
RFQ731-001870,G731CA,2,CFG731_16b53411ff7f6c9b,0.3188855542844087,CFG731_4af82641f975d9aa,2,0.31612826263523225,False,SYNTHETIC,synthetic_engineer_v1
RFQ731-001871,X731,2,CFG731_32a4bb12438a37ab,0.9526319638453684,CFG731_e049618b920d59b6,2,0.38314706383072133,False,SYNTHETIC,synthetic_engineer_v1
RFQ731-001872,G731ST-LT,2,CFG731_e0009be417f51ccd,0.936842902382158,CFG731_8b6ed3cfa9ed1e59,2,0.4335333557757461,False,SYNTHETIC,synthetic_engineer_v1
RFQ731-001873,X731,5,CFG731_91e51485b56960b2,0.9210528676119474,CFG731_b187fb9ad3627171,2,0.48318552802112386,False,SYNTHETIC,synthetic_engineer_v1
RFQ731-001874,X731,5,CFG731_8c50542218db5cb0,0.9052632961737369,CFG731_eea9998b9f9a0bdb,3,0.46923463939203097,False,SYNTHETIC,synthetic_engineer_v1
RFQ731-001875,F731WD_DUALCHANNEL,2,CFG731_819cb4e76943eca6,0.8037600218352405,CFG731_c37386a371e13fa8,2,0.4554669156963499,False,SYNTHETIC,synthetic_engineer_v1
RFQ731-001876,G731ST-LT,2,CFG731_e0009be417f51ccd,0.936842736238158,CFG731_750dd83a06ba43cb,2,0.43353383443474613,False,SYNTHETIC,synthetic_engineer_v1
RFQ731-001877,X731,3,CFG731_14299a2a74e42d7f,0.9052640317377368,CFG731_b60961340903daf0,3,0.4686831276247957,False,SYNTHETIC,synthetic_engineer_v1
RFQ731-001878,X731,1,CFG731_257fecba9143d12f,0.3581857370271238,CFG731_257fecba9143d12f,1,0.3581857370271238,True,SYNTHETIC,synthetic_engineer_v1
RFQ731-001879,X731,17,CFG731_da02526d254e2e35,0.8894744724705264,CFG731_c0dc535399f71de8,14,0.20123926963987923,False,SYNTHETIC,synthetic_engineer_v1
RFQ731-001880,G731ST-LT,2,CFG731_166343048c227f3c,0.8654139713895865,CFG731_166343048c227f3c,1,0.8654139713895865,True,SYNTHETIC,synthetic_engineer_v1
RFQ731-001881,G731ST-HT,1,CFG731_cc9ac35e4d9a1854,0.9526325511403684,CFG731_cc9ac35e4d9a1854,1,0.9526325511403684,True,SYNTHETIC,synthetic_engineer_v1
RFQ731-001882,X731,2,CFG731_27bb9f530dcb688a,0.38976422455654486,CFG731_27bb9f530dcb688a,1,0.38976422455654486,True,SYNTHETIC,synthetic_engineer_v1
RFQ731-001883,X731,3,CFG731_e08dfad4737be3d9,0.9368422106331579,CFG731_9cedc4ecc45a4b46,3,0.500812843544452,False,SYNTHETIC,synthetic_engineer_v1
RFQ731-001884,X731,1,CFG731_8a7a801f91254eeb,0.849624719757376,CFG731_8a7a801f91254eeb,1,0.849624719757376,True,SYNTHETIC,synthetic_engineer_v1
RFQ731-001885,X731,1,CFG731_241d60e6ef5278be,0.881203276572797,CFG731_241d60e6ef5278be,1,0.881203276572797,True,SYNTHETIC,synthetic_engineer_v1
RFQ731-001886,G731ST-LT,2,CFG731_d124ccffa669c3a2,0.9368428234761579,CFG731_16700b9d004fb9de,2,0.43353349179274614,False,SYNTHETIC,synthetic_engineer_v1
RFQ731-001887,G731ST-LT,1,CFG731_0fdf5c36c9c41e69,0.8812034067837969,CFG731_0fdf5c36c9c41e69,1,0.8812034067837969,True,SYNTHETIC,synthetic_engineer_v1
RFQ731-001888,G731CA,2,CFG731_d2a75fda6f761c1b,0.4554672437233499,CFG731_24b3128196e55c23,2,0.45546721065734985,False,SYNTHETIC,synthetic_engineer_v1
RFQ731-001889,G731CA,2,CFG731_4189e4dbecbffadb,0.4554672726133499,CFG731_b43582909c828d95,2,0.38304015924611456,False,SYNTHETIC,synthetic_engineer_v1
RFQ731-001890,X731,4,CFG731_0fbee36816b7af98,0.8654142558795865,CFG731_21def19203fecb10,3,0.37324005035168734,False,SYNTHETIC,synthetic_engineer_v1
RFQ731-001891,X731,6,CFG731_cf543b1c3927ab71,0.9052639965047369,CFG731_ede0b25f5f83644d,2,0.3368815264785604,False,SYNTHETIC,synthetic_engineer_v1
RFQ731-001892,G731ST-HT,2,CFG731_831a7150258499af,0.8654139717735865,CFG731_5c80dfb541787e3e,2,0.375078108497805,False,SYNTHETIC,synthetic_engineer_v1
RFQ731-001893,X731,2,CFG731_67de76f701c9cfad,0.36809264865115787,CFG731_c66891bf502d2d83,2,0.2537541995680402,False,SYNTHETIC,synthetic_engineer_v1
RFQ731-001894,X731,4,CFG731_b4987f1c95e91d0d,0.9210534164859473,CFG731_80409e6aafce9221,3,0.8353386227496616,False,SYNTHETIC,synthetic_engineer_v1
RFQ731-001895,G731CA,1,CFG731_19ec976991ce75a9,0.8353385674846616,CFG731_19ec976991ce75a9,1,0.8353385674846616,True,SYNTHETIC,synthetic_engineer_v1
RFQ731-001896,F731PW,1,CFG731_ef211cb97feaddc8,0.8180458867209549,CFG731_ef211cb97feaddc8,1,0.8180458867209549,True,SYNTHETIC,synthetic_engineer_v1
RFQ731-001897,G731CA,1,CFG731_14235f3888d71408,0.8353384450756616,CFG731_14235f3888d71408,1,0.8353384450756616,True,SYNTHETIC,synthetic_engineer_v1
RFQ731-001898,F731TE,1,CFG731_5164655533c6a8d0,0.8338355049801655,CFG731_5164655533c6a8d0,1,0.8338355049801655,True,SYNTHETIC,synthetic_engineer_v1
RFQ731-001899,G731ST-HT,1,CFG731_63eca10a00ae1f5d,0.9526318827953684,CFG731_63eca10a00ae1f5d,1,0.9526318827953684,True,SYNTHETIC,synthetic_engineer_v1
RFQ731-001900,X731,1,CFG731_8d07e19298d09d34,0.881203676353797,CFG731_8d07e19298d09d34,1,0.881203676353797,True,SYNTHETIC,synthetic_engineer_v1
RFQ731-001901,X731,2,CFG731_b7e96d5717c40fd6,0.9526323608273684,CFG731_61e03f690afcaa1a,2,0.38314674815672134,False,SYNTHETIC,synthetic_engineer_v1
RFQ731-001902,X731,7,CFG731_e4d6e304563c3bae,0.8338349234161655,CFG731_80e3b04d167bbba8,7,0.21151393180473685,False,SYNTHETIC,synthetic_engineer_v1
RFQ731-001903,X731,1,CFG731_228013cfd0470f7a,0.2537544205370402,CFG731_228013cfd0470f7a,1,0.2537544205370402,True,SYNTHETIC,synthetic_engineer_v1
RFQ731-001904,X731,2,CFG731_60f3aae8ede70fe0,0.9526318886113684,CFG731_1cfadf20495f86bf,2,0.38719140213478015,False,SYNTHETIC,synthetic_engineer_v1
RFQ731-001905,G731ST-LT,1,CFG731_e0009be417f51ccd,0.9526317202323684,CFG731_e0009be417f51ccd,1,0.9526317202323684,True,SYNTHETIC,synthetic_engineer_v1
RFQ731-001906,G731ST-LT,3,CFG731_1d89d7fdc7355744,0.8496249733193759,CFG731_ef044db10b586894,3,0.35928802197759446,False,SYNTHETIC,synthetic_engineer_v1
RFQ731-001907,X731,2,CFG731_e08dfad4737be3d9,0.9526323443833684,CFG731_31d0a0df66872bf7,2,0.44932309994095665,False,SYNTHETIC,synthetic_engineer_v1
RFQ731-001908,G731ST-HT,1,CFG731_fcc72e9951376cf3,0.881203472113797,CFG731_fcc72e9951376cf3,1,0.881203472113797,True,SYNTHETIC,synthetic_engineer_v1
RFQ731-001909,X731,2,CFG731_ad0a2fd7350b6cca,0.881203717528797,CFG731_ae4ea28b1eaeb3df,2,0.39215400176589776,False,SYNTHETIC,synthetic_engineer_v1
RFQ731-001910,X731,3,CFG731_8c50542218db5cb0,0.9210534898309474,CFG731_7942d32924313c96,3,0.4850234994972415,False,SYNTHETIC,synthetic_engineer_v1
RFQ731-001911,X731,6,CFG731_11da8cc369b71f5a,0.8496249536163759,CFG731_eea573acdafa9ee3,6,0.23686187307235915,False,SYNTHETIC,synthetic_engineer_v1
RFQ731-001912,X731,3,CFG731_89772de94df83ba5,0.849624302984376,CFG731_6ad3ec8ed100118e,3,0.4146189761835356,False,SYNTHETIC,synthetic_engineer_v1
RFQ731-001913,G731ST-HT,2,CFG731_cc9ac35e4d9a1854,0.9368428433931579,CFG731_eb70dc35972dc4b7,2,0.8939852410460151,False,SYNTHETIC,synthetic_engineer_v1
RFQ731-001914,X731,4,CFG731_83f956404d04e6cd,0.8654137274295866,CFG731_cc50cacf788bd84a,3,0.38022470659333435,False,SYNTHETIC,synthetic_engineer_v1
RFQ731-001915,X731,7,CFG731_8d2d91c46ccfb471,0.9210531835429473,CFG731_d584b35cfce34cc7,5,0.365905780897418,False,SYNTHETIC,synthetic_engineer_v1
RFQ731-001916,X731,3,CFG731_6e096e946540ab4e,0.8654135479975865,CFG731_312da2fbbd3df3eb,3,0.5028354443369814,False,SYNTHETIC,synthetic_engineer_v1
RFQ731-001917,X731,2,CFG731_60f3aae8ede70fe0,0.9526319645333684,CFG731_7f60255816247683,2,0.9097744956852256,False,SYNTHETIC,synthetic_engineer_v1
RFQ731-001918,G731ST-LT,2,CFG731_996314000fcfec4b,0.9368426975911579,CFG731_22da0d6030817265,2,0.4335342016687461,False,SYNTHETIC,synthetic_engineer_v1
RFQ731-001919,G731ST-HT,2,CFG731_7b2f69a7ca55041b,0.936842941853158,CFG731_49bb1327a04ca706,2,0.4335342710847461,False,SYNTHETIC,synthetic_engineer_v1
RFQ731-001920,X731,6,CFG731_0fbee36816b7af98,0.849624442228376,CFG731_c4d0e2da53e6a22c,6,0.2298764825647121,False,SYNTHETIC,synthetic_engineer_v1
RFQ731-001921,G731ST-LT,4,CFG731_996314000fcfec4b,0.9210536029609473,CFG731_98bb5036a27a91a8,3,0.8353392165346616,False,SYNTHETIC,synthetic_engineer_v1
RFQ731-001922,X731,2,CFG731_c39096767a7ae083,0.9526324983523684,CFG731_1a94d4f54519245f,2,0.44932341288695665,False,SYNTHETIC,synthetic_engineer_v1
RFQ731-001923,G731CA,1,CFG731_faff6da73df00950,0.4870456959247709,CFG731_faff6da73df00950,1,0.4870456959247709,True,SYNTHETIC,synthetic_engineer_v1
RFQ731-001924,G731ST-HT,4,CFG731_329b582435fea539,0.849624620827376,CFG731_168475c8045761e7,3,0.3576339482558885,False,SYNTHETIC,synthetic_engineer_v1
RFQ731-001925,X731,4,CFG731_ddd1ce28a3456ff6,0.849624444013376,CFG731_f57aa7e1d23d1414,4,0.3620453910167709,False,SYNTHETIC,synthetic_engineer_v1
RFQ731-001926,X731,2,CFG731_79377060f99f59f3,0.37397446259333433,CFG731_f8b0b03f1ea66d75,2,0.24640105814456964,False,SYNTHETIC,synthetic_engineer_v1
RFQ731-001927,X731,1,CFG731_162b59c5f8cf5a72,0.36590615625441797,CFG731_162b59c5f8cf5a72,1,0.36590615625441797,True,SYNTHETIC,synthetic_engineer_v1
RFQ731-001928,G731ST-LT,2,CFG731_a40ab19ad6671fbe,0.9368422205681579,CFG731_bc9146cb8459e9c2,2,0.4335335748257461,False,SYNTHETIC,synthetic_engineer_v1
RFQ731-001929,F731WD_DUALCHANNEL,2,CFG731_35ed22cad11f9a11,0.8037603236972406,CFG731_783ba1dc5751818d,2,0.3810180488165852,False,SYNTHETIC,synthetic_engineer_v1
RFQ731-001930,X731,10,CFG731_b4987f1c95e91d0d,0.8894738285985263,CFG731_f8cc7d4d2ef53582,8,0.20675373472523217,False,SYNTHETIC,synthetic_engineer_v1
RFQ731-001931,G731ST-HT,2,CFG731_c32627af59ba1526,0.8654142993085865,CFG731_c32627af59ba1526,1,0.8654142993085865,True,SYNTHETIC,synthetic_engineer_v1
RFQ731-001932,X731,2,CFG731_36c553adc9f5ebf3,0.8654143248225865,CFG731_d8c9e5b1edc3b4b3,2,0.3794898788736873,False,SYNTHETIC,synthetic_engineer_v1
RFQ731-001933,G731CA,1,CFG731_757fbd3e8915b462,0.8353384474486616,CFG731_757fbd3e8915b462,1,0.8353384474486616,True,SYNTHETIC,synthetic_engineer_v1
RFQ731-001934,G731ST-HT,1,CFG731_bbffb73f3dff6787,0.9526318219303684,CFG731_bbffb73f3dff6787,1,0.9526318219303684,True,SYNTHETIC,synthetic_engineer_v1
RFQ731-001935,X731,2,CFG731_bd2172ffd6b9273a,0.3739747288813343,CFG731_bd2172ffd6b9273a,1,0.3739747288813343,True,SYNTHETIC,synthetic_engineer_v1
RFQ731-001936,X731,1,CFG731_4d7e108ea05eeb07,0.9210528433969474,CFG731_4d7e108ea05eeb07,1,0.9210528433969474,True,SYNTHETIC,synthetic_engineer_v1
RFQ731-001937,X731,1,CFG731_da02526d254e2e35,0.9526318736703684,CFG731_da02526d254e2e35,1,0.9526318736703684,True,SYNTHETIC,synthetic_engineer_v1
RFQ731-001938,X731,4,CFG731_1cbb464ec15ba84f,0.3611266596307121,CFG731_6204dd6ea742eb13,4,0.23355291670794737,False,SYNTHETIC,synthetic_engineer_v1
RFQ731-001939,F731PW,1,CFG731_327bfa077bbbd45e,0.38304033958911454,CFG731_327bfa077bbbd45e,1,0.38304033958911454,True,SYNTHETIC,synthetic_engineer_v1
RFQ731-001940,X731,2,CFG731_2be17a56b0589fd1,0.9368427924001579,CFG731_353333bad447dbef,2,0.893985659250015,False,SYNTHETIC,synthetic_engineer_v1
RFQ731-001941,X731,1,CFG731_1147f9711c4bff84,0.9210533787569474,CFG731_1147f9711c4bff84,1,0.9210533787569474,True,SYNTHETIC,synthetic_engineer_v1
RFQ731-001942,X731,1,CFG731_aba447e5ca3ac7ba,0.849624109928376,CFG731_aba447e5ca3ac7ba,1,0.849624109928376,True,SYNTHETIC,synthetic_engineer_v1
RFQ731-001943,G731ST-LT,3,CFG731_ab4075c601d1397c,0.8496247047543759,CFG731_cc47430fac8438be,2,0.4146192617015356,False,SYNTHETIC,synthetic_engineer_v1
RFQ731-001944,X731,4,CFG731_8eb1a4c3831aebc6,0.8496242633093759,CFG731_fd10dd35c97df399,4,0.3576340228868885,False,SYNTHETIC,synthetic_engineer_v1
RFQ731-001945,G731ST-HT,1,CFG731_076cad91966d4c34,0.881203053183797,CFG731_076cad91966d4c34,1,0.881203053183797,True,SYNTHETIC,synthetic_engineer_v1
RFQ731-001946,F731PW,1,CFG731_a9f22ebc14287e5d,0.8180460801629549,CFG731_a9f22ebc14287e5d,1,0.8180460801629549,True,SYNTHETIC,synthetic_engineer_v1
RFQ731-001947,G731CA,1,CFG731_b97ce0f180acf155,0.8353389560186616,CFG731_b97ce0f180acf155,1,0.8353389560186616,True,SYNTHETIC,synthetic_engineer_v1
RFQ731-001948,X731,2,CFG731_36c553adc9f5ebf3,0.8654139497525866,CFG731_e1c54b5b080fabb2,2,0.3794897239506873,False,SYNTHETIC,synthetic_engineer_v1
RFQ731-001949,G731ST-LT,4,CFG731_996314000fcfec4b,0.9210532226379473,CFG731_98bb5036a27a91a8,3,0.8353390037946616,False,SYNTHETIC,synthetic_engineer_v1
RFQ731-001950,X731,1,CFG731_3dd4cfcf6ee98460,0.3794899859586873,CFG731_3dd4cfcf6ee98460,1,0.3794899859586873,True,SYNTHETIC,synthetic_engineer_v1
RFQ731-001951,X731,2,CFG731_91e51485b56960b2,0.9526320026503684,CFG731_a8d894aee1986066,2,0.38719137466478015,False,SYNTHETIC,synthetic_engineer_v1
RFQ731-001952,X731,5,CFG731_32a4bb12438a37ab,0.9210528516649473,CFG731_70576b93aef3bc09,5,0.3523031482659474,False,SYNTHETIC,synthetic_engineer_v1
RFQ731-001953,G731ST-HT,4,CFG731_8b18ac1c34209d63,0.9210533430099473,CFG731_d44e54f35ee15977,3,0.8353390446776616,False,SYNTHETIC,synthetic_engineer_v1
RFQ731-001954,X731,1,CFG731_c4bcee3a1477eeea,0.37948953194668733,CFG731_c4bcee3a1477eeea,1,0.37948953194668733,True,SYNTHETIC,synthetic_engineer_v1
RFQ731-001955,X731,1,CFG731_11a99741e1f7cce9,0.8496245743223759,CFG731_11a99741e1f7cce9,1,0.8496245743223759,True,SYNTHETIC,synthetic_engineer_v1
RFQ731-001956,X731,2,CFG731_2be17a56b0589fd1,0.936842156888158,CFG731_c6a3ff6155563d17,2,0.4335342506547461,False,SYNTHETIC,synthetic_engineer_v1
RFQ731-001957,X731,2,CFG731_3b2a32abbf148ca1,0.9526323071603684,CFG731_3df9fddf845f3508,2,0.4493228464349566,False,SYNTHETIC,synthetic_engineer_v1
RFQ731-001958,X731,7,CFG731_62d0f0f6bab9bdcb,0.9052631752207368,CFG731_c368d3c9941ce0d3,3,0.469234242644031,False,SYNTHETIC,synthetic_engineer_v1
RFQ731-001959,X731,7,CFG731_f87794e7a98d0b11,0.9210531155989473,CFG731_04e7216b1ba7f935,7,0.4177444008995356,False,SYNTHETIC,synthetic_engineer_v1
RFQ731-001960,X731,5,CFG731_c39096767a7ae083,0.9210535220409474,CFG731_7187559e0dc892c4,2,0.4831858831251239,False,SYNTHETIC,synthetic_engineer_v1
RFQ731-001961,G731VG,1,CFG731_40b6e1db6c80bcc1,0.8511285897838722,CFG731_40b6e1db6c80bcc1,1,0.8511285897838722,True,SYNTHETIC,synthetic_engineer_v1
RFQ731-001962,G731CA,2,CFG731_16b53411ff7f6c9b,0.3188859218364087,CFG731_4af82641f975d9aa,2,0.31612885506023225,False,SYNTHETIC,synthetic_engineer_v1
RFQ731-001963,X731,6,CFG731_0db950a4979d2c52,0.9210526316719474,CFG731_388928540067c900,6,0.23539120218706505,False,SYNTHETIC,synthetic_engineer_v1
RFQ731-001964,X731,4,CFG731_241d60e6ef5278be,0.8496248636413759,CFG731_066736b465be9fda,4,0.35340587142241797,False,SYNTHETIC,synthetic_engineer_v1
RFQ731-001965,G731CA,2,CFG731_691a8f2ff165671d,0.8037594341812405,CFG731_691a8f2ff165671d,1,0.8037594341812405,True,SYNTHETIC,synthetic_engineer_v1
RFQ731-001966,X731,1,CFG731_bcec8ceac2dbcc79,0.8654139171605866,CFG731_bcec8ceac2dbcc79,1,0.8654139171605866,True,SYNTHETIC,synthetic_engineer_v1
RFQ731-001967,X731,3,CFG731_b4987f1c95e91d0d,0.9210527501319473,CFG731_214b093bf98ca9ef,3,0.4850239089472415,False,SYNTHETIC,synthetic_engineer_v1
RFQ731-001968,X731,3,CFG731_ad0a2fd7350b6cca,0.8654135476105865,CFG731_b9655c874fd22316,3,0.38022488807733434,False,SYNTHETIC,synthetic_engineer_v1
RFQ731-001969,F731WD_DUALCHANNEL,2,CFG731_5076f1c2c0488d0e,0.7879706793020301,CFG731_5076f1c2c0488d0e,1,0.7879706793020301,True,SYNTHETIC,synthetic_engineer_v1
RFQ731-001970,F731TE,1,CFG731_a72f99e8160efda6,0.4712559118365604,CFG731_a72f99e8160efda6,1,0.4712559118365604,True,SYNTHETIC,synthetic_engineer_v1
RFQ731-001971,F731WD_SINGLECHANNEL,2,CFG731_0be7d6198235486b,0.7879706990630301,CFG731_0be7d6198235486b,1,0.7879706990630301,True,SYNTHETIC,synthetic_engineer_v1
RFQ731-001972,X731,3,CFG731_7308ee8503151ef3,0.8654135997675865,CFG731_bc06761f9c625643,3,0.5028347731979814,False,SYNTHETIC,synthetic_engineer_v1
RFQ731-001973,X731,17,CFG731_608c0251ef380592,0.8894742689995263,CFG731_d52ffc95af0989a6,17,0.20123840687487923,False,SYNTHETIC,synthetic_engineer_v1
RFQ731-001974,X731,2,CFG731_62d0f0f6bab9bdcb,0.9368425200731579,CFG731_9fcbeaf9d5010d3a,2,0.4335340141757461,False,SYNTHETIC,synthetic_engineer_v1
RFQ731-001975,G731ST-LT,2,CFG731_b86bbf24b1c3a419,0.8654137425905866,CFG731_0029021d98da4557,2,0.8511286398768722,False,SYNTHETIC,synthetic_engineer_v1
RFQ731-001976,G731CA,1,CFG731_edf13ed38a4b54de,0.8353384791426616,CFG731_edf13ed38a4b54de,1,0.8353384791426616,True,SYNTHETIC,synthetic_engineer_v1
RFQ731-001977,X731,1,CFG731_daff07a8bdec497b,0.4831850191411239,CFG731_daff07a8bdec497b,1,0.4831850191411239,True,SYNTHETIC,synthetic_engineer_v1
RFQ731-001978,X731,3,CFG731_32b1041fd68aac23,0.8496241016973759,CFG731_8f2f3a7ba66ea526,3,0.36443509502612387,False,SYNTHETIC,synthetic_engineer_v1
RFQ731-001979,X731,5,CFG731_f87794e7a98d0b11,0.9210534159569473,CFG731_e8d4d37dfb814e2d,2,0.4831858435731239,False,SYNTHETIC,synthetic_engineer_v1
RFQ731-001980,X731,2,CFG731_516629085c122a4e,0.9368429663411579,CFG731_fe9a409c6b2ba9cc,2,0.4335334320597461,False,SYNTHETIC,synthetic_engineer_v1
RFQ731-001981,X731,6,CFG731_5e61ce3b60d15e11,0.9210527600649473,CFG731_de1b4a889540ef0e,5,0.3600238662372415,False,SYNTHETIC,synthetic_engineer_v1
RFQ731-001982,X731,6,CFG731_8f470181ad32eeae,0.8496241702263759,CFG731_5ed193735e1217cd,6,0.22234036378582975,False,SYNTHETIC,synthetic_engineer_v1
RFQ731-001983,X731,6,CFG731_219ac3d01befd6d1,0.9210531747309474,CFG731_3d79b5ed69541acc,5,0.48447177513200623,False,SYNTHETIC,synthetic_engineer_v1
RFQ731-001984,X731,2,CFG731_da02526d254e2e35,0.936842645755158,CFG731_0848f22447616e6f,2,0.37140092926656965,False,SYNTHETIC,synthetic_engineer_v1
RFQ731-001985,X731,3,CFG731_e08dfad4737be3d9,0.936842635201158,CFG731_a5e5e12c08e4e838,3,0.5008136712694521,False,SYNTHETIC,synthetic_engineer_v1
RFQ731-001986,X731,3,CFG731_ad0a2fd7350b6cca,0.8654136288125865,CFG731_acf759e7c479b97e,3,0.38022460246033435,False,SYNTHETIC,synthetic_engineer_v1
RFQ731-001987,X731,2,CFG731_a6d4830ed3aa2681,0.936842687445158,CFG731_782638eae748ba9a,2,0.36846013934598143,False,SYNTHETIC,synthetic_engineer_v1
RFQ731-001988,X731,3,CFG731_f97e51d1da57d99f,0.8496242707713759,CFG731_9b7849ea5c974903,3,0.3526704556177709,False,SYNTHETIC,synthetic_engineer_v1
RFQ731-001989,X731,3,CFG731_0db950a4979d2c52,0.936842381099158,CFG731_aa82c10f35e81f8d,3,0.500813435644452,False,SYNTHETIC,synthetic_engineer_v1
RFQ731-001990,F731TE,2,CFG731_344778a042931752,0.7879704157820301,CFG731_344778a042931752,1,0.7879704157820301,True,SYNTHETIC,synthetic_engineer_v1
RFQ731-001991,F731TE,2,CFG731_3c2aedfb429dc226,0.7879700611230301,CFG731_3c2aedfb429dc226,1,0.7879700611230301,True,SYNTHETIC,synthetic_engineer_v1
RFQ731-001992,X731,6,CFG731_b4987f1c95e91d0d,0.9052634633967369,CFG731_2497a004dc6e1657,3,0.46923419799503097,False,SYNTHETIC,synthetic_engineer_v1
RFQ731-001993,X731,4,CFG731_da02526d254e2e35,0.9210532551659474,CFG731_e5e722b510c96bb7,2,0.365905984606418,False,SYNTHETIC,synthetic_engineer_v1
RFQ731-001994,G731CA,2,CFG731_ed85647cd384c17a,0.8037603715872406,CFG731_adfd119b20585b0b,2,0.3188863829684087,False,SYNTHETIC,synthetic_engineer_v1
RFQ731-001995,G731CA,1,CFG731_495876b6233d3864,0.4870454934307709,CFG731_495876b6233d3864,1,0.4870454934307709,True,SYNTHETIC,synthetic_engineer_v1
RFQ731-001996,G731ST-LT,6,CFG731_a40ab19ad6671fbe,0.9210535759119474,CFG731_0e0f01b5586b92da,5,0.48447257430000623,False,SYNTHETIC,synthetic_engineer_v1
RFQ731-001997,X731,2,CFG731_e8e7b7513a5c9544,0.3669897938796873,CFG731_34247ec265566826,2,0.3669892183876873,False,SYNTHETIC,synthetic_engineer_v1
RFQ731-001998,G731ST-LT,4,CFG731_7f5bfa7b21e81359,0.9210529476359474,CFG731_5be9d749d8317fd3,2,0.8496241718133759,False,SYNTHETIC,synthetic_engineer_v1
RFQ731-001999,G731ST-HT,6,CFG731_4aa7d46b9cfa7d7b,0.9052631883867369,CFG731_72c610ffb054f7c4,4,0.341844105503678,False,SYNTHETIC,synthetic_engineer_v1
RFQ731-002000,X731,2,CFG731_0db950a4979d2c52,0.9526319308453683,CFG731_36d7686aca1200ae,2,0.44932294174395665,False,SYNTHETIC,synthetic_engineer_v1
RFQ731-002001,X731,6,CFG731_8d2d91c46ccfb471,0.9210534268759474,CFG731_df5f598a914fb1cc,5,0.41774451050553557,False,SYNTHETIC,synthetic_engineer_v1
RFQ731-002002,X731,6,CFG731_91e51485b56960b2,0.9210533764859473,CFG731_8e5ce09a779d2284,4,0.41774448093553557,False,SYNTHETIC,synthetic_engineer_v1
RFQ731-002003,X731,8,CFG731_8f470181ad32eeae,0.8338346486001654,CFG731_dcac95313091f4e3,8,0.21702818767008977,False,SYNTHETIC,synthetic_engineer_v1
RFQ731-002004,X731,4,CFG731_2be17a56b0589fd1,0.9210526591929473,CFG731_1f0c09edcd967945,3,0.4850240824822415,False,SYNTHETIC,synthetic_engineer_v1
RFQ731-002005,X731,3,CFG731_e80085d86d0bbfa9,0.8654138043205866,CFG731_187ec74b5c4854aa,3,0.2541219155708638,False,SYNTHETIC,synthetic_engineer_v1
RFQ731-002006,X731,3,CFG731_2be17a56b0589fd1,0.936842832847158,CFG731_de5e29fe1f740f3e,3,0.3691957704846285,False,SYNTHETIC,synthetic_engineer_v1
RFQ731-002007,X731,2,CFG731_37c55138c4eebb90,0.39270527656613313,CFG731_37c55138c4eebb90,1,0.39270527656613313,True,SYNTHETIC,synthetic_engineer_v1
RFQ731-002008,X731,3,CFG731_31aa13473958d7d3,0.8654142642375865,CFG731_c63da0cdbb0b3444,3,0.4304091656007461,False,SYNTHETIC,synthetic_engineer_v1
RFQ731-002009,F731TE,1,CFG731_a72f99e8160efda6,0.47125635947856037,CFG731_a72f99e8160efda6,1,0.47125635947856037,True,SYNTHETIC,synthetic_engineer_v1
RFQ731-002010,G731ST-LT,2,CFG731_715a3d3226cbaffd,0.9368421780041579,CFG731_d5af433b36265df1,2,0.8939852513540151,False,SYNTHETIC,synthetic_engineer_v1
RFQ731-002011,X731,2,CFG731_77a90bfd81b5c2c1,0.4989744803233344,CFG731_77a90bfd81b5c2c1,1,0.4989744803233344,True,SYNTHETIC,synthetic_engineer_v1
RFQ731-002012,X731,1,CFG731_260c36430f7c2d03,0.9210530218879474,CFG731_260c36430f7c2d03,1,0.9210530218879474,True,SYNTHETIC,synthetic_engineer_v1
RFQ731-002013,X731,2,CFG731_c39096767a7ae083,0.9526317541643684,CFG731_a9a1b4f80067a4f8,2,0.39197052341848604,False,SYNTHETIC,synthetic_engineer_v1
RFQ731-002014,X731,4,CFG731_62d0f0f6bab9bdcb,0.9210530455359474,CFG731_631dadb7c0c7adf5,3,0.4850241344272415,False,SYNTHETIC,synthetic_engineer_v1
RFQ731-002015,F731PW,1,CFG731_0781a0fecc8f46d5,0.818045559860955,CFG731_0781a0fecc8f46d5,1,0.818045559860955,True,SYNTHETIC,synthetic_engineer_v1
RFQ731-002016,X731,20,CFG731_e80085d86d0bbfa9,0.818045976854955,CFG731_4afe4cfa02474e97,20,0.2030767494939969,False,SYNTHETIC,synthetic_engineer_v1
RFQ731-002017,X731,3,CFG731_8f470181ad32eeae,0.8654136780205866,CFG731_5ae746dac49a854b,3,0.36846058501398143,False,SYNTHETIC,synthetic_engineer_v1
RFQ731-002018,X731,13,CFG731_32b1041fd68aac23,0.818046069685955,CFG731_567b2aa90592cf41,13,0.20123910817487922,False,SYNTHETIC,synthetic_engineer_v1
RFQ731-002019,F731WD_SINGLECHANNEL,1,CFG731_9a761e6bfde35917,0.3968074012927957,CFG731_9a761e6bfde35917,1,0.3968074012927957,True,SYNTHETIC,synthetic_engineer_v1
RFQ731-002020,X731,2,CFG731_60f3aae8ede70fe0,0.9526316039343684,CFG731_ad672c682712eda8,2,0.44932314051795663,False,SYNTHETIC,synthetic_engineer_v1
RFQ731-002021,X731,1,CFG731_db983e07a279051a,0.9210531832359473,CFG731_db983e07a279051a,1,0.9210531832359473,True,SYNTHETIC,synthetic_engineer_v1
RFQ731-002022,G731ST-LT,8,CFG731_2db6c530f35d47b9,0.8338355734221655,CFG731_19bcffd0eb2806b8,8,0.21151397078573686,False,SYNTHETIC,synthetic_engineer_v1
RFQ731-002023,X731,7,CFG731_a6d4830ed3aa2681,0.9052639167977369,CFG731_b1e6da79b3f3968c,7,0.2225429725814427,False,SYNTHETIC,synthetic_engineer_v1
RFQ731-002024,X731,4,CFG731_bbcb665ced67f8c3,0.8496246004553759,CFG731_7b5b740c75176e02,4,0.35340558325141797,False,SYNTHETIC,synthetic_engineer_v1
RFQ731-002025,G731CA,1,CFG731_d2a75fda6f761c1b,0.4870457034277709,CFG731_d2a75fda6f761c1b,1,0.4870457034277709,True,SYNTHETIC,synthetic_engineer_v1
RFQ731-002026,X731,2,CFG731_1147f9711c4bff84,0.9052639082077368,CFG731_1434e7eedafa69d1,2,0.33577853264308977,False,SYNTHETIC,synthetic_engineer_v1
RFQ731-002027,X731,3,CFG731_b4987f1c95e91d0d,0.9210529934239473,CFG731_55d3237d65c8a47c,3,0.23245045582747678,False,SYNTHETIC,synthetic_engineer_v1
RFQ731-002028,G731CA,1,CFG731_2aca30183aab25a9,0.8353385419766616,CFG731_2aca30183aab25a9,1,0.8353385419766616,True,SYNTHETIC,synthetic_engineer_v1
RFQ731-002029,X731,6,CFG731_d27f5f5f307014a8,0.849624530638376,CFG731_54946322ece48230,6,0.23649437823253563,False,SYNTHETIC,synthetic_engineer_v1
RFQ731-002030,X731,9,CFG731_d40b624cb7b84a81,0.8338353884011654,CFG731_ca7e5884b195042a,9,0.21702846335008977,False,SYNTHETIC,synthetic_engineer_v1
RFQ731-002031,F731WD_SINGLECHANNEL,1,CFG731_4ca309199387f8d5,0.8195494502324512,CFG731_4ca309199387f8d5,1,0.8195494502324512,True,SYNTHETIC,synthetic_engineer_v1
RFQ731-002032,G731CA,2,CFG731_16b53411ff7f6c9b,0.3188860634104087,CFG731_4af82641f975d9aa,2,0.3161282502282322,False,SYNTHETIC,synthetic_engineer_v1
RFQ731-002033,X731,1,CFG731_32a4bb12438a37ab,0.968421394433579,CFG731_32a4bb12438a37ab,1,0.968421394433579,True,SYNTHETIC,synthetic_engineer_v1
RFQ731-002034,G731CA,1,CFG731_2aca30183aab25a9,0.8353385096286616,CFG731_2aca30183aab25a9,1,0.8353385096286616,True,SYNTHETIC,synthetic_engineer_v1
RFQ731-002035,X731,1,CFG731_3dd4cfcf6ee98460,0.3794892057646873,CFG731_3dd4cfcf6ee98460,1,0.3794892057646873,True,SYNTHETIC,synthetic_engineer_v1
RFQ731-002036,X731,6,CFG731_f87794e7a98d0b11,0.9368430764791579,CFG731_338a3238e967f681,5,0.5002615014912168,False,SYNTHETIC,synthetic_engineer_v1
RFQ731-002037,X731,1,CFG731_8d07e19298d09d34,0.881203162644797,CFG731_8d07e19298d09d34,1,0.881203162644797,True,SYNTHETIC,synthetic_engineer_v1
RFQ731-002038,X731,1,CFG731_c41fd04f9eea78e7,0.4831857549581239,CFG731_c41fd04f9eea78e7,1,0.4831857549581239,True,SYNTHETIC,synthetic_engineer_v1
RFQ731-002039,X731,1,CFG731_adb08ca5dce20691,0.9210535336879473,CFG731_adb08ca5dce20691,1,0.9210535336879473,True,SYNTHETIC,synthetic_engineer_v1
RFQ731-002040,X731,3,CFG731_d40b624cb7b84a81,0.8654136258025865,CFG731_1f31b1bf8dc9e962,2,0.3794892990756873,False,SYNTHETIC,synthetic_engineer_v1
RFQ731-002041,G731ST-HT,4,CFG731_8b18ac1c34209d63,0.9210532460489473,CFG731_cd71ec2726e971ef,2,0.8496244322523759,False,SYNTHETIC,synthetic_engineer_v1
RFQ731-002042,X731,3,CFG731_60f3aae8ede70fe0,0.9526324460133684,CFG731_09c0748365bb17e2,3,0.384984744519839,False,SYNTHETIC,synthetic_engineer_v1
RFQ731-002043,G731ST-LT,4,CFG731_e0009be417f51ccd,0.9210534271949473,CFG731_a2a709ad804cc5a2,2,0.849624281679376,False,SYNTHETIC,synthetic_engineer_v1
RFQ731-002044,F731PW,3,CFG731_7fea22051dcc86b6,0.8022565830527445,CFG731_4b26dfbafad76131,3,0.3132069981068452,False,SYNTHETIC,synthetic_engineer_v1
RFQ731-002045,X731,3,CFG731_bbcb665ced67f8c3,0.849624904300376,CFG731_deb6c547366eb132,3,0.36443597766312386,False,SYNTHETIC,synthetic_engineer_v1
RFQ731-002046,G731ST-LT,3,CFG731_ab4075c601d1397c,0.849624120107376,CFG731_cc47430fac8438be,2,0.4146197678205356,False,SYNTHETIC,synthetic_engineer_v1
RFQ731-002047,G731ST-HT,6,CFG731_7b2f69a7ca55041b,0.9210527262229473,CFG731_2c93609b74717303,5,0.4844724739000062,False,SYNTHETIC,synthetic_engineer_v1
RFQ731-002048,X731,5,CFG731_710090cc99f7a772,0.818045167583955,CFG731_81fb6648eb2086c4,4,0.33046683263334986,False,SYNTHETIC,synthetic_engineer_v1
RFQ731-002049,X731,2,CFG731_2be17a56b0589fd1,0.9368423236561579,CFG731_353333bad447dbef,2,0.8939856689180151,False,SYNTHETIC,synthetic_engineer_v1
RFQ731-002050,G731ST-HT,11,CFG731_cc9ac35e4d9a1854,0.9052640528827369,CFG731_37f66c3948c00e57,5,0.4686830920417957,False,SYNTHETIC,synthetic_engineer_v1
RFQ731-002051,X731,1,CFG731_8d78781f8753b72a,0.9210535319059473,CFG731_8d78781f8753b72a,1,0.9210535319059473,True,SYNTHETIC,synthetic_engineer_v1
RFQ731-002052,X731,5,CFG731_83f956404d04e6cd,0.8654142384355865,CFG731_d417765b001ea99c,4,0.37783526000298145,False,SYNTHETIC,synthetic_engineer_v1
RFQ731-002053,X731,4,CFG731_2be17a56b0589fd1,0.9210533992379474,CFG731_d5d49996cad115b3,3,0.48539148268806503,False,SYNTHETIC,synthetic_engineer_v1
RFQ731-002054,X731,4,CFG731_241d60e6ef5278be,0.8496246078063759,CFG731_066736b465be9fda,4,0.353405922221418,False,SYNTHETIC,synthetic_engineer_v1
RFQ731-002055,G731ST-LT,1,CFG731_d124ccffa669c3a2,0.9526318560153684,CFG731_d124ccffa669c3a2,1,0.9526318560153684,True,SYNTHETIC,synthetic_engineer_v1
RFQ731-002056,X731,8,CFG731_b4987f1c95e91d0d,0.9052637354907369,CFG731_aa8c30a4f1baca2e,7,0.4019547274363251,False,SYNTHETIC,synthetic_engineer_v1
RFQ731-002057,X731,2,CFG731_bbcb665ced67f8c3,0.8654143370355866,CFG731_5f5f37f4d005417e,2,0.3794900758026873,False,SYNTHETIC,synthetic_engineer_v1
RFQ731-002058,X731,1,CFG731_6e096e946540ab4e,0.8969926571670076,CFG731_6e096e946540ab4e,1,0.8969926571670076,True,SYNTHETIC,synthetic_engineer_v1
RFQ731-002059,X731,11,CFG731_83f956404d04e6cd,0.849624874323376,CFG731_6878009af5d30faf,11,0.23447207923600621,False,SYNTHETIC,synthetic_engineer_v1
RFQ731-002060,G731ST-LT,1,CFG731_7882c72c21497015,0.9526318567603684,CFG731_7882c72c21497015,1,0.9526318567603684,True,SYNTHETIC,synthetic_engineer_v1
RFQ731-002061,X731,1,CFG731_260c36430f7c2d03,0.9210528916209474,CFG731_260c36430f7c2d03,1,0.9210528916209474,True,SYNTHETIC,synthetic_engineer_v1
RFQ731-002062,X731,2,CFG731_60f3aae8ede70fe0,0.9526325550023684,CFG731_7f60255816247683,2,0.9097750903762256,False,SYNTHETIC,synthetic_engineer_v1
RFQ731-002063,X731,12,CFG731_c39096767a7ae083,0.9052634012477369,CFG731_c3b5b1049b2ed7bb,12,0.2196018127468545,False,SYNTHETIC,synthetic_engineer_v1
RFQ731-002064,X731,5,CFG731_83f956404d04e6cd,0.8654143501275865,CFG731_d417765b001ea99c,4,0.37783547095198144,False,SYNTHETIC,synthetic_engineer_v1
RFQ731-002065,X731,1,CFG731_ad0a2fd7350b6cca,0.8969929516350076,CFG731_ad0a2fd7350b6cca,1,0.8969929516350076,True,SYNTHETIC,synthetic_engineer_v1
RFQ731-002066,X731,1,CFG731_ac0f372c930c2e22,0.9210534249359473,CFG731_ac0f372c930c2e22,1,0.9210534249359473,True,SYNTHETIC,synthetic_engineer_v1
RFQ731-002067,G731ST-HT,7,CFG731_4aa7d46b9cfa7d7b,0.9052632316887369,CFG731_077cd264a0313a47,5,0.341844921046678,False,SYNTHETIC,synthetic_engineer_v1
RFQ731-002068,X731,3,CFG731_7308ee8503151ef3,0.8654143584595865,CFG731_f55693c6f4f3dcb0,3,0.37985692918951086,False,SYNTHETIC,synthetic_engineer_v1
RFQ731-002069,X731,1,CFG731_3dd4cfcf6ee98460,0.37948965398868734,CFG731_3dd4cfcf6ee98460,1,0.37948965398868734,True,SYNTHETIC,synthetic_engineer_v1
RFQ731-002070,G731ST-HT,4,CFG731_a3b03637ed22317c,0.9210529503339473,CFG731_0c11243388e65244,2,0.8496241749593759,False,SYNTHETIC,synthetic_engineer_v1
RFQ731-002071,G731ST-LT,2,CFG731_996314000fcfec4b,0.936842148623158,CFG731_455da2f832a6b66d,2,0.8939855987680151,False,SYNTHETIC,synthetic_engineer_v1
RFQ731-002072,X731,7,CFG731_b4987f1c95e91d0d,0.9052636912657369,CFG731_2451b1d5b9cd9ccd,6,0.344234677595031,False,SYNTHETIC,synthetic_engineer_v1
RFQ731-002073,G731ST-LT,1,CFG731_715a3d3226cbaffd,0.9526318372153684,CFG731_715a3d3226cbaffd,1,0.9526318372153684,True,SYNTHETIC,synthetic_engineer_v1
RFQ731-002074,X731,4,CFG731_12d9cb8d41e8f486,0.8654141909415866,CFG731_1b365e0951e7dea4,3,0.43040923866674613,False,SYNTHETIC,synthetic_engineer_v1
RFQ731-002075,G731CA,1,CFG731_757fbd3e8915b462,0.8353384064576616,CFG731_757fbd3e8915b462,1,0.8353384064576616,True,SYNTHETIC,synthetic_engineer_v1
RFQ731-002076,G731ST-HT,4,CFG731_329b582435fea539,0.8496244012183759,CFG731_37f37296c515d083,3,0.4146188638285356,False,SYNTHETIC,synthetic_engineer_v1
RFQ731-002077,X731,1,CFG731_8d78781f8753b72a,0.9210528463709473,CFG731_8d78781f8753b72a,1,0.9210528463709473,True,SYNTHETIC,synthetic_engineer_v1
RFQ731-002078,X731,2,CFG731_2be17a56b0589fd1,0.9368425974411579,CFG731_c6a3ff6155563d17,2,0.4335337210557461,False,SYNTHETIC,synthetic_engineer_v1
RFQ731-002079,X731,4,CFG731_32a4bb12438a37ab,0.936842717633158,CFG731_85891d97ce4083b3,3,0.36735777677251086,False,SYNTHETIC,synthetic_engineer_v1
RFQ731-002080,X731,3,CFG731_7308ee8503151ef3,0.8654135679635865,CFG731_27caf5a2443603ad,3,0.2511803806782755,False,SYNTHETIC,synthetic_engineer_v1
RFQ731-002081,X731,8,CFG731_0db950a4979d2c52,0.9210532608989473,CFG731_70b78512b89df53d,7,0.4177445819215356,False,SYNTHETIC,synthetic_engineer_v1
RFQ731-002082,X731,4,CFG731_62d0f0f6bab9bdcb,0.9210534190979474,CFG731_de32c30417f0baf1,3,0.4850238102352415,False,SYNTHETIC,synthetic_engineer_v1
RFQ731-002083,X731,16,CFG731_b8b11650a048baf7,0.8180458432499549,CFG731_b9f64e4d38245efe,15,0.2030770096589969,False,SYNTHETIC,synthetic_engineer_v1
RFQ731-002084,F731PW,1,CFG731_327bfa077bbbd45e,0.38304074711211455,CFG731_327bfa077bbbd45e,1,0.38304074711211455,True,SYNTHETIC,synthetic_engineer_v1
RFQ731-002085,G731ST-LT,4,CFG731_2db6c530f35d47b9,0.8496241760943759,CFG731_41b81999e34ef823,4,0.35340618448441796,False,SYNTHETIC,synthetic_engineer_v1
RFQ731-002086,X731,6,CFG731_a6d4830ed3aa2681,0.9052638184037369,CFG731_3e782f59368b40db,3,0.33688151067156036,False,SYNTHETIC,synthetic_engineer_v1
RFQ731-002087,X731,3,CFG731_bcec8ceac2dbcc79,0.8496243443053759,CFG731_7585c6d1ee781d2e,2,0.3637006202704768,False,SYNTHETIC,synthetic_engineer_v1
RFQ731-002088,F731TE,1,CFG731_54559f782190a122,0.8338351392891655,CFG731_54559f782190a122,1,0.8338351392891655,True,SYNTHETIC,synthetic_engineer_v1
RFQ731-002089,G731ST-LT,1,CFG731_7f5bfa7b21e81359,0.9526325316343683,CFG731_7f5bfa7b21e81359,1,0.9526325316343683,True,SYNTHETIC,synthetic_engineer_v1
RFQ731-002090,G731ST-LT,4,CFG731_77dd17c48f15826c,0.849624818901376,CFG731_d982a98f914f0a87,4,0.3576337894748885,False,SYNTHETIC,synthetic_engineer_v1
RFQ731-002091,G731ST-HT,4,CFG731_8b18ac1c34209d63,0.9210533471129474,CFG731_cd71ec2726e971ef,2,0.849625041105376,False,SYNTHETIC,synthetic_engineer_v1
RFQ731-002092,X731,3,CFG731_e80085d86d0bbfa9,0.8654142589285865,CFG731_187ec74b5c4854aa,3,0.2541220079318638,False,SYNTHETIC,synthetic_engineer_v1
RFQ731-002093,G731ST-HT,3,CFG731_076cad91966d4c34,0.8654144389505866,CFG731_7d6fec687910546d,3,0.37636506869368724,False,SYNTHETIC,synthetic_engineer_v1
RFQ731-002094,X731,4,CFG731_abcee67081353f16,0.9210534582639474,CFG731_83b7e9be7ecdb93b,4,0.23245018061847678,False,SYNTHETIC,synthetic_engineer_v1
RFQ731-002095,X731,8,CFG731_abcee67081353f16,0.9052632851167369,CFG731_0ed9dfc7367bb0a0,6,0.4019550527263251,False,SYNTHETIC,synthetic_engineer_v1
RFQ731-002096,X731,4,CFG731_bbcb665ced67f8c3,0.849624912936376,CFG731_2e5bd0d53757f625,4,0.3636999011754768,False,SYNTHETIC,synthetic_engineer_v1
RFQ731-002097,F731TE,2,CFG731_b7c1a02b25610507,0.7879701023230301,CFG731_b7c1a02b25610507,1,0.7879701023230301,True,SYNTHETIC,synthetic_engineer_v1
RFQ731-002098,X731,2,CFG731_bb61f56875b25c60,0.3453374917665016,CFG731_bb61f56875b25c60,1,0.3453374917665016,True,SYNTHETIC,synthetic_engineer_v1
RFQ731-002099,G731ST-LT,2,CFG731_7882c72c21497015,0.936842682703158,CFG731_4772bedc40328ae2,2,0.4335338730907461,False,SYNTHETIC,synthetic_engineer_v1
RFQ731-002100,X731,1,CFG731_ad0a2fd7350b6cca,0.8969930884400076,CFG731_ad0a2fd7350b6cca,1,0.8969930884400076,True,SYNTHETIC,synthetic_engineer_v1
RFQ731-002101,X731,2,CFG731_32a4bb12438a37ab,0.9526317946383683,CFG731_4eb63c13498ac15e,2,0.38425008328019195,False,SYNTHETIC,synthetic_engineer_v1
RFQ731-002102,F731TE,1,CFG731_d8c69b7395beabbb,0.4712561114565604,CFG731_d8c69b7395beabbb,1,0.4712561114565604,True,SYNTHETIC,synthetic_engineer_v1
RFQ731-002103,G731CA,2,CFG731_817824ee3a762453,0.8037595896222406,CFG731_2cb814ee06486282,2,0.4554667176763499,False,SYNTHETIC,synthetic_engineer_v1
RFQ731-002104,X731,2,CFG731_672458a8e716cdf8,0.8654144284445865,CFG731_672458a8e716cdf8,1,0.8654144284445865,True,SYNTHETIC,synthetic_engineer_v1
RFQ731-002105,F731TE,1,CFG731_5164655533c6a8d0,0.8338349605761655,CFG731_5164655533c6a8d0,1,0.8338349605761655,True,SYNTHETIC,synthetic_engineer_v1
RFQ731-002106,G731ST-HT,8,CFG731_a3b03637ed22317c,0.9052632427927368,CFG731_c209599718b42485,7,0.4019544662513251,False,SYNTHETIC,synthetic_engineer_v1
RFQ731-002107,X731,2,CFG731_1147f9711c4bff84,0.9052641106167368,CFG731_1434e7eedafa69d1,2,0.3357779807020898,False,SYNTHETIC,synthetic_engineer_v1
RFQ731-002108,X731,2,CFG731_78d3b084a795c836,0.38976456172254487,CFG731_c2add1f921eaf8c0,2,0.26991172145307424,False,SYNTHETIC,synthetic_engineer_v1
RFQ731-002109,X731,3,CFG731_4d7e108ea05eeb07,0.9052639835087369,CFG731_b60961340903daf0,3,0.4686830432367957,False,SYNTHETIC,synthetic_engineer_v1
RFQ731-002110,X731,3,CFG731_241d60e6ef5278be,0.8496250338543759,CFG731_92fbdd06b7923fc1,3,0.48704534511477093,False,SYNTHETIC,synthetic_engineer_v1
RFQ731-002111,G731ST-LT,4,CFG731_715a3d3226cbaffd,0.9210529639469474,CFG731_9c6b16fef6d02aaf,3,0.3576344624568885,False,SYNTHETIC,synthetic_engineer_v1
RFQ731-002112,X731,4,CFG731_e08dfad4737be3d9,0.9368424098451579,CFG731_ef4cf0e053e2d332,2,0.8654144442665865,False,SYNTHETIC,synthetic_engineer_v1
RFQ731-002113,X731,1,CFG731_e08dfad4737be3d9,0.9684212413255789,CFG731_e08dfad4737be3d9,1,0.9684212413255789,True,SYNTHETIC,synthetic_engineer_v1
RFQ731-002114,G731ST-LT,7,CFG731_7b1edd53e8bbad40,0.8338354408141655,CFG731_55620bd5ef4cd10a,7,0.21151406619473684,False,SYNTHETIC,synthetic_engineer_v1
RFQ731-002115,X731,5,CFG731_91e51485b56960b2,0.9210528956079473,CFG731_b187fb9ad3627171,2,0.4831853489271239,False,SYNTHETIC,synthetic_engineer_v1
RFQ731-002116,X731,2,CFG731_f87794e7a98d0b11,0.9526324765783684,CFG731_962b6fcde3072947,2,0.39197013088048605,False,SYNTHETIC,synthetic_engineer_v1
RFQ731-002117,G731ST-LT,4,CFG731_32b4b1ec4513af66,0.8496249387753759,CFG731_d99c5302ecc2907e,4,0.35928845342659443,False,SYNTHETIC,synthetic_engineer_v1
RFQ731-002118,X731,6,CFG731_672458a8e716cdf8,0.849624855692376,CFG731_39083521b1413e72,6,0.36057482155447673,False,SYNTHETIC,synthetic_engineer_v1
RFQ731-002119,X731,4,CFG731_2be17a56b0589fd1,0.9210529727339474,CFG731_d5d49996cad115b3,3,0.485391035613065,False,SYNTHETIC,synthetic_engineer_v1
RFQ731-002120,F731WD_SINGLECHANNEL,1,CFG731_e98d2be876599c40,0.8195497178894512,CFG731_e98d2be876599c40,1,0.8195497178894512,True,SYNTHETIC,synthetic_engineer_v1
RFQ731-002121,X731,3,CFG731_e80085d86d0bbfa9,0.8654140837395865,CFG731_6526112621a9ee97,3,0.38022473314933436,False,SYNTHETIC,synthetic_engineer_v1
RFQ731-002122,X731,11,CFG731_3bcde7f8df32303c,0.849625038003376,CFG731_39b102df312b9763,11,0.234655673505418,False,SYNTHETIC,synthetic_engineer_v1
RFQ731-002123,G731ST-HT,2,CFG731_cc9ac35e4d9a1854,0.9368428399081579,CFG731_348f97ec6945fbf8,2,0.4335334514407461,False,SYNTHETIC,synthetic_engineer_v1
RFQ731-002124,X731,8,CFG731_0db950a4979d2c52,0.9210533149329474,CFG731_70b78512b89df53d,6,0.4177444479735356,False,SYNTHETIC,synthetic_engineer_v1
RFQ731-002125,X731,1,CFG731_03ef652e52353f2f,0.35818526937312384,CFG731_03ef652e52353f2f,1,0.35818526937312384,True,SYNTHETIC,synthetic_engineer_v1
RFQ731-002126,X731,4,CFG731_516629085c122a4e,0.9210527275359474,CFG731_b10c597ca89c3f56,3,0.8353391900666616,False,SYNTHETIC,synthetic_engineer_v1
RFQ731-002127,X731,3,CFG731_a6d4830ed3aa2681,0.9210531371299473,CFG731_5331dc313830f4cb,3,0.3515682660773003,False,SYNTHETIC,synthetic_engineer_v1
RFQ731-002128,X731,7,CFG731_5dd42015f6f61801,0.9210529003289474,CFG731_d67b44eae58dfe59,2,0.4831858476131239,False,SYNTHETIC,synthetic_engineer_v1
RFQ731-002129,G731ST-LT,2,CFG731_8da1da530d6ae54d,0.8654143435975865,CFG731_1d89d7fdc7355744,2,0.8654138686385865,False,SYNTHETIC,synthetic_engineer_v1
RFQ731-002130,X731,1,CFG731_83f956404d04e6cd,0.8969930445340075,CFG731_83f956404d04e6cd,1,0.8969930445340075,True,SYNTHETIC,synthetic_engineer_v1
RFQ731-002131,X731,4,CFG731_97796c9ac2811c94,0.8496247196393759,CFG731_031d8f2fe50bf3d1,3,0.48704561535677093,False,SYNTHETIC,synthetic_engineer_v1
RFQ731-002132,X731,2,CFG731_89772de94df83ba5,0.8654136239185866,CFG731_c580e57f48a370de,2,0.373423000480099,False,SYNTHETIC,synthetic_engineer_v1
RFQ731-002133,G731ST-HT,4,CFG731_a3b03637ed22317c,0.9210530508259474,CFG731_0c11243388e65244,2,0.849624865505376,False,SYNTHETIC,synthetic_engineer_v1
RFQ731-002134,G731ST-LT,4,CFG731_715a3d3226cbaffd,0.9210534557849474,CFG731_9548d55d92816998,2,0.849624220130376,False,SYNTHETIC,synthetic_engineer_v1
RFQ731-002135,X731,7,CFG731_60f3aae8ede70fe0,0.9210528113089473,CFG731_03f5618878f919e9,7,0.23539135478606504,False,SYNTHETIC,synthetic_engineer_v1
RFQ731-002136,X731,1,CFG731_a7a446c7f3b3183f,0.8195494838454511,CFG731_a7a446c7f3b3183f,1,0.8195494838454511,True,SYNTHETIC,synthetic_engineer_v1
RFQ731-002137,G731ST-HT,1,CFG731_a56f1437a0b4ca31,0.8812038101967969,CFG731_a56f1437a0b4ca31,1,0.8812038101967969,True,SYNTHETIC,synthetic_engineer_v1
RFQ731-002138,G731ST-HT,6,CFG731_cc9ac35e4d9a1854,0.9210533459749474,CFG731_c759934398f2381a,5,0.4844725455690062,False,SYNTHETIC,synthetic_engineer_v1
RFQ731-002139,G731CA,1,CFG731_edf13ed38a4b54de,0.8353392313116617,CFG731_edf13ed38a4b54de,1,0.8353392313116617,True,SYNTHETIC,synthetic_engineer_v1
RFQ731-002140,X731,7,CFG731_c39096767a7ae083,0.9210535561399473,CFG731_9879620d23af8c96,7,0.23686203924935914,False,SYNTHETIC,synthetic_engineer_v1
RFQ731-002141,X731,1,CFG731_7c358bf1aa4ea94e,0.4989746994413344,CFG731_7c358bf1aa4ea94e,1,0.4989746994413344,True,SYNTHETIC,synthetic_engineer_v1
RFQ731-002142,X731,2,CFG731_cf543b1c3927ab71,0.9368425451161579,CFG731_4dd88391f253d6d5,2,0.37342369075909904,False,SYNTHETIC,synthetic_engineer_v1
RFQ731-002143,X731,2,CFG731_c41fd04f9eea78e7,0.46739600991891334,CFG731_2a62b8cc0f0cd468,2,0.2177634403377368,False,SYNTHETIC,synthetic_engineer_v1
RFQ731-002144,X731,4,CFG731_8eb1a4c3831aebc6,0.849624945894376,CFG731_fd10dd35c97df399,3,0.3576343559178885,False,SYNTHETIC,synthetic_engineer_v1
RFQ731-002145,X731,3,CFG731_e08dfad4737be3d9,0.9368430127441579,CFG731_a5e5e12c08e4e838,3,0.500813374486452,False,SYNTHETIC,synthetic_engineer_v1
RFQ731-002146,X731,6,CFG731_e08dfad4737be3d9,0.9210527826399474,CFG731_2cc93d20b679415d,3,0.4850234289292415,False,SYNTHETIC,synthetic_engineer_v1
RFQ731-002147,G731ST-HT,3,CFG731_c3a136a8630f644d,0.8654138196585865,CFG731_1a1206cc52132df1,3,0.37636463145368726,False,SYNTHETIC,synthetic_engineer_v1
RFQ731-002148,F731WD_SINGLECHANNEL,2,CFG731_0be7d6198235486b,0.7879703948650301,CFG731_0be7d6198235486b,1,0.7879703948650301,True,SYNTHETIC,synthetic_engineer_v1
RFQ731-002149,X731,4,CFG731_70aa5a64b0803277,0.849624925031376,CFG731_e3b7a52ea0694eb1,4,0.3637001342344768,False,SYNTHETIC,synthetic_engineer_v1
RFQ731-002150,G731ST-LT,10,CFG731_a40ab19ad6671fbe,0.9052635730407369,CFG731_77fac91021549398,5,0.4686829131707957,False,SYNTHETIC,synthetic_engineer_v1
RFQ731-002151,G731ST-HT,4,CFG731_8b18ac1c34209d63,0.9210530374009473,CFG731_d44e54f35ee15977,3,0.8353389395376616,False,SYNTHETIC,synthetic_engineer_v1
RFQ731-002152,X731,2,CFG731_f87794e7a98d0b11,0.9526319398273684,CFG731_dca3d8725270dd93,2,0.44932365848295663,False,SYNTHETIC,synthetic_engineer_v1
RFQ731-002153,X731,3,CFG731_8d2d91c46ccfb471,0.9368430962761579,CFG731_5fb1bce2eb72cec6,3,0.5008128689504521,False,SYNTHETIC,synthetic_engineer_v1
RFQ731-002154,F731WD_DUALCHANNEL,2,CFG731_5076f1c2c0488d0e,0.7879707887530301,CFG731_5076f1c2c0488d0e,1,0.7879707887530301,True,SYNTHETIC,synthetic_engineer_v1
RFQ731-002155,G731ST-LT,4,CFG731_a40ab19ad6671fbe,0.9210526384319473,CFG731_cc64ce3eaedacb17,3,0.8353385888016616,False,SYNTHETIC,synthetic_engineer_v1
RFQ731-002156,X731,4,CFG731_608c0251ef380592,0.9210531762629474,CFG731_3fcc8154cde02384,2,0.36590614222841794,False,SYNTHETIC,synthetic_engineer_v1
RFQ731-002157,X731,3,CFG731_1d7625425d9a9146,0.8654144588135865,CFG731_e5a85c19cf4647dd,3,0.37323933663468734,False,SYNTHETIC,synthetic_engineer_v1
RFQ731-002158,X731,4,CFG731_e08dfad4737be3d9,0.936843006163158,CFG731_3352d611bcf09d74,3,0.5011804277792755,False,SYNTHETIC,synthetic_engineer_v1
RFQ731-002159,X731,2,CFG731_32a4bb12438a37ab,0.9526318113353683,CFG731_63b6f6fcf28b1885,2,0.38425017757919194,False,SYNTHETIC,synthetic_engineer_v1
RFQ731-002160,X731,3,CFG731_d723355141502003,0.8338352595401655,CFG731_2666da4dbcc5e5bd,3,0.3464404243979722,False,SYNTHETIC,synthetic_engineer_v1
RFQ731-002161,G731ST-LT,7,CFG731_ab4075c601d1397c,0.8338348173261655,CFG731_a6345128ba3ac0ae,7,0.20820465059232507,False,SYNTHETIC,synthetic_engineer_v1
RFQ731-002162,G731CA,2,CFG731_4189e4dbecbffadb,0.4554669643373499,CFG731_b43582909c828d95,2,0.3830407638631146,False,SYNTHETIC,synthetic_engineer_v1
RFQ731-002163,X731,2,CFG731_086adbe1d654b214,0.35230292486794734,CFG731_24a273924830834b,2,0.23796487359882973,False,SYNTHETIC,synthetic_engineer_v1
RFQ731-002164,G731ST-HT,12,CFG731_84b16be5aab3bf9b,0.8338350927701654,CFG731_fa50e8a725c751e0,11,0.21721183908750155,False,SYNTHETIC,synthetic_engineer_v1
RFQ731-002165,G731ST-HT,1,CFG731_7b2f69a7ca55041b,0.9526323394523684,CFG731_7b2f69a7ca55041b,1,0.9526323394523684,True,SYNTHETIC,synthetic_engineer_v1
RFQ731-002166,X731,2,CFG731_0db950a4979d2c52,0.9526318679373684,CFG731_f430d8ebe4134533,2,0.391970205509486,False,SYNTHETIC,synthetic_engineer_v1
RFQ731-002167,X731,4,CFG731_bcec8ceac2dbcc79,0.8496249060693759,CFG731_cf0392d0aaac28b1,4,0.36057543900647676,False,SYNTHETIC,synthetic_engineer_v1
RFQ731-002168,X731,1,CFG731_45106eaed87837a4,0.48318562940412385,CFG731_45106eaed87837a4,1,0.48318562940412385,True,SYNTHETIC,synthetic_engineer_v1
RFQ731-002169,X731,1,CFG731_ad0a2fd7350b6cca,0.8969934002510076,CFG731_ad0a2fd7350b6cca,1,0.8969934002510076,True,SYNTHETIC,synthetic_engineer_v1
RFQ731-002170,X731,1,CFG731_5e57a3f6d3b745b8,0.9210527778639473,CFG731_5e57a3f6d3b745b8,1,0.9210527778639473,True,SYNTHETIC,synthetic_engineer_v1
RFQ731-002171,F731TE,2,CFG731_b7c1a02b25610507,0.7879703958250301,CFG731_b7c1a02b25610507,1,0.7879703958250301,True,SYNTHETIC,synthetic_engineer_v1
RFQ731-002172,X731,5,CFG731_8d2d91c46ccfb471,0.9210534693509473,CFG731_f879c0aaba152069,5,0.3600239009462415,False,SYNTHETIC,synthetic_engineer_v1
RFQ731-002173,G731ST-HT,4,CFG731_2a989bd6dba74d9f,0.849624321281376,CFG731_ba4b6f259b7b32c4,4,0.35340607050441797,False,SYNTHETIC,synthetic_engineer_v1
RFQ731-002174,G731ST-HT,4,CFG731_329b582435fea539,0.849624618124376,CFG731_37f37296c515d083,3,0.4146196763825356,False,SYNTHETIC,synthetic_engineer_v1
RFQ731-002175,X731,5,CFG731_219ac3d01befd6d1,0.9210533791239474,CFG731_02c05dd3bc721c1b,5,0.23281832918130033,False,SYNTHETIC,synthetic_engineer_v1
RFQ731-002176,X731,1,CFG731_8d2d91c46ccfb471,0.968421624306579,CFG731_8d2d91c46ccfb471,1,0.968421624306579,True,SYNTHETIC,synthetic_engineer_v1
RFQ731-002177,F731TE,1,CFG731_1962af6277da6f54,0.8338347820001655,CFG731_1962af6277da6f54,1,0.8338347820001655,True,SYNTHETIC,synthetic_engineer_v1
RFQ731-002178,X731,2,CFG731_b7e96d5717c40fd6,0.9526324865363683,CFG731_cb9d6c11077bd307,2,0.3813082848686037,False,SYNTHETIC,synthetic_engineer_v1
RFQ731-002179,X731,3,CFG731_bcec8ceac2dbcc79,0.849624395981376,CFG731_563ef0dc6253e3f7,3,0.35340586502741794,False,SYNTHETIC,synthetic_engineer_v1
RFQ731-002180,F731PW,1,CFG731_327bfa077bbbd45e,0.38304024077511456,CFG731_327bfa077bbbd45e,1,0.38304024077511456,True,SYNTHETIC,synthetic_engineer_v1
RFQ731-002181,G731ST-HT,2,CFG731_c32627af59ba1526,0.8654143662505865,CFG731_c32627af59ba1526,1,0.8654143662505865,True,SYNTHETIC,synthetic_engineer_v1
RFQ731-002182,X731,14,CFG731_c887ba58c35036a9,0.8894737187975263,CFG731_d08861146b2a8dfa,14,0.19645956134217335,False,SYNTHETIC,synthetic_engineer_v1
RFQ731-002183,G731CA,2,CFG731_19ec976991ce75a9,0.8037595279992406,CFG731_19f7d73d8e42e7bd,2,0.38304040677611456,False,SYNTHETIC,synthetic_engineer_v1
RFQ731-002184,G731ST-HT,6,CFG731_cc9ac35e4d9a1854,0.9210534086959473,CFG731_c759934398f2381a,5,0.4844725704040062,False,SYNTHETIC,synthetic_engineer_v1
RFQ731-002185,F731TE,2,CFG731_f79503cf8f87ea49,0.7879699454480301,CFG731_f79503cf8f87ea49,1,0.7879699454480301,True,SYNTHETIC,synthetic_engineer_v1
RFQ731-002186,G731CA,2,CFG731_98ec9650b5463fd0,0.8037595227382406,CFG731_98ec9650b5463fd0,1,0.8037595227382406,True,SYNTHETIC,synthetic_engineer_v1
RFQ731-002187,G731ST-HT,2,CFG731_329b582435fea539,0.8654141561655865,CFG731_d03860c1f327a8d1,2,0.8654135449115865,False,SYNTHETIC,synthetic_engineer_v1
RFQ731-002188,G731ST-HT,2,CFG731_84b16be5aab3bf9b,0.8654139094685865,CFG731_84b16be5aab3bf9b,1,0.8654139094685865,True,SYNTHETIC,synthetic_engineer_v1
RFQ731-002189,X731,3,CFG731_f97e51d1da57d99f,0.8496247709703759,CFG731_633572f6d3593691,3,0.3526707152377709,False,SYNTHETIC,synthetic_engineer_v1
RFQ731-002190,G731CA,1,CFG731_0b2f7a45dffefd5b,0.8353388328606616,CFG731_0b2f7a45dffefd5b,1,0.8353388328606616,True,SYNTHETIC,synthetic_engineer_v1
RFQ731-002191,X731,7,CFG731_8d2d91c46ccfb471,0.9210532371969473,CFG731_d584b35cfce34cc7,5,0.36590584561441797,False,SYNTHETIC,synthetic_engineer_v1
RFQ731-002192,X731,4,CFG731_2be17a56b0589fd1,0.9210528800469473,CFG731_1f0c09edcd967945,3,0.48502326131524154,False,SYNTHETIC,synthetic_engineer_v1
RFQ731-002193,X731,3,CFG731_0db950a4979d2c52,0.9368429066311579,CFG731_8cf35251fcd54982,3,0.500813204170452,False,SYNTHETIC,synthetic_engineer_v1
RFQ731-002194,G731ST-LT,2,CFG731_b86bbf24b1c3a419,0.8654136504205865,CFG731_0029021d98da4557,2,0.8511280477258721,False,SYNTHETIC,synthetic_engineer_v1
RFQ731-002195,X731,3,CFG731_adb08ca5dce20691,0.9052639383517369,CFG731_3ac187941df4fdac,3,0.34644001923197215,False,SYNTHETIC,synthetic_engineer_v1
RFQ731-002196,X731,2,CFG731_8189439864af87ea,0.8338352598871654,CFG731_b1631f2fb876e4f4,2,0.8195490625294511,False,SYNTHETIC,synthetic_engineer_v1
RFQ731-002197,G731ST-LT,6,CFG731_7203705eed387b0a,0.8496249003533759,CFG731_7994662aa688a3b5,5,0.3620461397017709,False,SYNTHETIC,synthetic_engineer_v1
RFQ731-002198,X731,10,CFG731_935bc110c01e9e85,0.8338355624761655,CFG731_eff2b6eef0bebb97,9,0.21702880388608978,False,SYNTHETIC,synthetic_engineer_v1
RFQ731-002199,F731WD_SINGLECHANNEL,1,CFG731_9a761e6bfde35917,0.39680751690979565,CFG731_9a761e6bfde35917,1,0.39680751690979565,True,SYNTHETIC,synthetic_engineer_v1
RFQ731-002200,G731CA,2,CFG731_d2a75fda6f761c1b,0.45546671206434985,CFG731_24b3128196e55c23,2,0.4554665920913499,False,SYNTHETIC,synthetic_engineer_v1
RFQ731-002201,X731,5,CFG731_3bcde7f8df32303c,0.849625015284376,CFG731_97c654bf006e698e,5,0.2361269344097121,False,SYNTHETIC,synthetic_engineer_v1
RFQ731-002202,F731TE,1,CFG731_574aa7a29f75cd60,0.8338346979711655,CFG731_574aa7a29f75cd60,1,0.8338346979711655,True,SYNTHETIC,synthetic_engineer_v1
RFQ731-002203,X731,3,CFG731_fb1ab4b34e9c8a75,0.8496249038163759,CFG731_555c215c4639435a,3,0.4870462130427709,False,SYNTHETIC,synthetic_engineer_v1
RFQ731-002204,G731ST-HT,2,CFG731_fcc72e9951376cf3,0.8654137704475865,CFG731_a6dd1d1aa0613d49,2,0.375077909289805,False,SYNTHETIC,synthetic_engineer_v1
RFQ731-002205,G731ST-LT,2,CFG731_e0009be417f51ccd,0.9368424073531579,CFG731_8b6ed3cfa9ed1e59,2,0.43353369463374614,False,SYNTHETIC,synthetic_engineer_v1
RFQ731-002206,G731ST-HT,2,CFG731_63eca10a00ae1f5d,0.9368422225251579,CFG731_ab3b0ae98d7b2345,2,0.4335339940107461,False,SYNTHETIC,synthetic_engineer_v1
RFQ731-002207,X731,7,CFG731_8f470181ad32eeae,0.849624844799376,CFG731_bf623a3fc4d39d84,7,0.23686243912335916,False,SYNTHETIC,synthetic_engineer_v1
RFQ731-002208,X731,1,CFG731_8f470181ad32eeae,0.8969933657900075,CFG731_8f470181ad32eeae,1,0.8969933657900075,True,SYNTHETIC,synthetic_engineer_v1
RFQ731-002209,X731,7,CFG731_91e51485b56960b2,0.9210531402819473,CFG731_b3ebba592f51e280,5,0.3600236267672415,False,SYNTHETIC,synthetic_engineer_v1
RFQ731-002210,X731,1,CFG731_ac3a4ff61341aa72,0.849624561312376,CFG731_ac3a4ff61341aa72,1,0.849624561312376,True,SYNTHETIC,synthetic_engineer_v1
RFQ731-002211,G731CA,1,CFG731_817824ee3a762453,0.8353393025406616,CFG731_817824ee3a762453,1,0.8353393025406616,True,SYNTHETIC,synthetic_engineer_v1
RFQ731-002212,X731,7,CFG731_3b2a32abbf148ca1,0.9210526385989474,CFG731_d4be02ad7e56a796,3,0.48318541050612385,False,SYNTHETIC,synthetic_engineer_v1
RFQ731-002213,X731,11,CFG731_0fbee36816b7af98,0.8496250108703759,CFG731_39b102df312b9763,11,0.23465596384141799,False,SYNTHETIC,synthetic_engineer_v1
RFQ731-002214,F731TE,1,CFG731_874928f24c55285e,0.33467523970361923,CFG731_874928f24c55285e,1,0.33467523970361923,True,SYNTHETIC,synthetic_engineer_v1
RFQ731-002215,G731ST-LT,4,CFG731_7882c72c21497015,0.9210536300749473,CFG731_bdfa7cd2dbcb13f7,3,0.48539115260806504,False,SYNTHETIC,synthetic_engineer_v1
RFQ731-002216,F731WD_SINGLECHANNEL,1,CFG731_70b6eaf9262ca4d0,0.8195492976594512,CFG731_70b6eaf9262ca4d0,1,0.8195492976594512,True,SYNTHETIC,synthetic_engineer_v1
RFQ731-002217,G731ST-HT,2,CFG731_329b582435fea539,0.8654142383335865,CFG731_3f42c988dc83cb23,2,0.3655194517093932,False,SYNTHETIC,synthetic_engineer_v1
RFQ731-002218,X731,17,CFG731_608c0251ef380592,0.8894741065815263,CFG731_d52ffc95af0989a6,16,0.20123894825387922,False,SYNTHETIC,synthetic_engineer_v1
RFQ731-002219,X731,4,CFG731_83f956404d04e6cd,0.8654138511175865,CFG731_cc50cacf788bd84a,3,0.38022527155833435,False,SYNTHETIC,synthetic_engineer_v1
RFQ731-002220,X731,5,CFG731_e80085d86d0bbfa9,0.8496250535383759,CFG731_8f5c90133a157a3c,5,0.2298769677957121,False,SYNTHETIC,synthetic_engineer_v1
RFQ731-002221,X731,3,CFG731_36c553adc9f5ebf3,0.8496241318243759,CFG731_da5f98932a1c6afd,3,0.48704610884077093,False,SYNTHETIC,synthetic_engineer_v1
RFQ731-002222,G731CA,1,CFG731_757fbd3e8915b462,0.8353387616466617,CFG731_757fbd3e8915b462,1,0.8353387616466617,True,SYNTHETIC,synthetic_engineer_v1
RFQ731-002223,G731CA,1,CFG731_4189e4dbecbffadb,0.4870458364367709,CFG731_4189e4dbecbffadb,1,0.4870458364367709,True,SYNTHETIC,synthetic_engineer_v1
RFQ731-002224,F731TE,1,CFG731_090330aa38b8e80b,0.3346755467606192,CFG731_090330aa38b8e80b,1,0.3346755467606192,True,SYNTHETIC,synthetic_engineer_v1
RFQ731-002225,X731,1,CFG731_219ac3d01befd6d1,0.9526323146393684,CFG731_219ac3d01befd6d1,1,0.9526323146393684,True,SYNTHETIC,synthetic_engineer_v1
RFQ731-002226,G731ST-HT,4,CFG731_63eca10a00ae1f5d,0.9210533878219473,CFG731_a4416ae9d698efa6,3,0.48539184530106505,False,SYNTHETIC,synthetic_engineer_v1
RFQ731-002227,X731,6,CFG731_04a53b6cc81d57d6,0.8338350583061654,CFG731_ca03fff98c65f515,6,0.20930763394979565,False,SYNTHETIC,synthetic_engineer_v1
RFQ731-002228,G731ST-LT,1,CFG731_0fdf5c36c9c41e69,0.881203806194797,CFG731_0fdf5c36c9c41e69,1,0.881203806194797,True,SYNTHETIC,synthetic_engineer_v1
RFQ731-002229,X731,4,CFG731_8c50542218db5cb0,0.9210529724409473,CFG731_fc0b29ae617f0a6b,2,0.8496245737513759,False,SYNTHETIC,synthetic_engineer_v1
RFQ731-002230,X731,4,CFG731_de1ec1b96e1e485e,0.4831856324541239,CFG731_f2f3c932d1048d8d,4,0.23796479569982973,False,SYNTHETIC,synthetic_engineer_v1
RFQ731-002231,G731CA,1,CFG731_5bfe9492c76587ec,0.48704617006877093,CFG731_5bfe9492c76587ec,1,0.48704617006877093,True,SYNTHETIC,synthetic_engineer_v1
RFQ731-002232,X731,6,CFG731_241d60e6ef5278be,0.8338354800961655,CFG731_56f0dbd067fcbe02,6,0.2210723801501486,False,SYNTHETIC,synthetic_engineer_v1
RFQ731-002233,X731,1,CFG731_7c358bf1aa4ea94e,0.4989752038653344,CFG731_7c358bf1aa4ea94e,1,0.4989752038653344,True,SYNTHETIC,synthetic_engineer_v1
RFQ731-002234,G731CA,1,CFG731_0738cd529389f266,0.8353384287116616,CFG731_0738cd529389f266,1,0.8353384287116616,True,SYNTHETIC,synthetic_engineer_v1
RFQ731-002235,X731,1,CFG731_3bcde7f8df32303c,0.8969929052200075,CFG731_3bcde7f8df32303c,1,0.8969929052200075,True,SYNTHETIC,synthetic_engineer_v1
RFQ731-002236,X731,6,CFG731_0db950a4979d2c52,0.9210532142969473,CFG731_388928540067c900,6,0.23539132034906504,False,SYNTHETIC,synthetic_engineer_v1
RFQ731-002237,G731ST-LT,10,CFG731_7f5bfa7b21e81359,0.9052637525537369,CFG731_e67173c88f9460f6,5,0.4686822787197957,False,SYNTHETIC,synthetic_engineer_v1
RFQ731-002238,G731ST-LT,8,CFG731_a40ab19ad6671fbe,0.9052640741457368,CFG731_9e44a82e6c1db982,8,0.40195447664632505,False,SYNTHETIC,synthetic_engineer_v1
RFQ731-002239,X731,10,CFG731_3b2a32abbf148ca1,0.9210533820339474,CFG731_48332037deb06db4,5,0.4844722348280062,False,SYNTHETIC,synthetic_engineer_v1
RFQ731-002240,G731VG,1,CFG731_40b6e1db6c80bcc1,0.8511281474538722,CFG731_40b6e1db6c80bcc1,1,0.8511281474538722,True,SYNTHETIC,synthetic_engineer_v1
RFQ731-002241,G731ST-HT,1,CFG731_fcc72e9951376cf3,0.881203538212797,CFG731_fcc72e9951376cf3,1,0.881203538212797,True,SYNTHETIC,synthetic_engineer_v1
RFQ731-002242,X731,7,CFG731_c39096767a7ae083,0.9210532866749473,CFG731_950a2c81247480fc,6,0.36002349196024147,False,SYNTHETIC,synthetic_engineer_v1
RFQ731-002243,F731PW,1,CFG731_ef211cb97feaddc8,0.8180452913509549,CFG731_ef211cb97feaddc8,1,0.8180452913509549,True,SYNTHETIC,synthetic_engineer_v1
RFQ731-002244,X731,4,CFG731_608c0251ef380592,0.9210532232219474,CFG731_e41b982d6fc688b8,3,0.4850239962022415,False,SYNTHETIC,synthetic_engineer_v1
RFQ731-002245,X731,4,CFG731_219ac3d01befd6d1,0.9210532462149473,CFG731_b4ae6be198effc31,3,0.48502372346024153,False,SYNTHETIC,synthetic_engineer_v1
RFQ731-002246,G731ST-HT,1,CFG731_7b2f69a7ca55041b,0.9526316718063684,CFG731_7b2f69a7ca55041b,1,0.9526316718063684,True,SYNTHETIC,synthetic_engineer_v1
RFQ731-002247,G731ST-HT,8,CFG731_bbffb73f3dff6787,0.9052635479437369,CFG731_403f51b2e914043b,6,0.4019553263713251,False,SYNTHETIC,synthetic_engineer_v1
RFQ731-002248,G731ST-LT,3,CFG731_ab4075c601d1397c,0.849624437525376,CFG731_cc47430fac8438be,2,0.4146189211405356,False,SYNTHETIC,synthetic_engineer_v1
RFQ731-002249,X731,1,CFG731_b4987f1c95e91d0d,0.9526319607943684,CFG731_b4987f1c95e91d0d,1,0.9526319607943684,True,SYNTHETIC,synthetic_engineer_v1
RFQ731-002250,G731CA,1,CFG731_d2a75fda6f761c1b,0.4870453402097709,CFG731_d2a75fda6f761c1b,1,0.4870453402097709,True,SYNTHETIC,synthetic_engineer_v1
RFQ731-002251,X731,8,CFG731_7308ee8503151ef3,0.849624893701376,CFG731_e6cd7fd757de0523,8,0.23281775274330033,False,SYNTHETIC,synthetic_engineer_v1
RFQ731-002252,X731,10,CFG731_8c50542218db5cb0,0.9052637427767369,CFG731_f7533d37b29ce240,9,0.34055796088179563,False,SYNTHETIC,synthetic_engineer_v1
RFQ731-002253,G731ST-HT,2,CFG731_a3b03637ed22317c,0.9368427234831579,CFG731_cf4fb8862e2ab5fc,2,0.4335341377157461,False,SYNTHETIC,synthetic_engineer_v1
RFQ731-002254,G731ST-LT,4,CFG731_77dd17c48f15826c,0.8496248455743759,CFG731_938851275519b7cb,3,0.4146196344445356,False,SYNTHETIC,synthetic_engineer_v1
RFQ731-002255,G731ST-LT,1,CFG731_0fdf5c36c9c41e69,0.881203751000797,CFG731_0fdf5c36c9c41e69,1,0.881203751000797,True,SYNTHETIC,synthetic_engineer_v1
RFQ731-002256,G731ST-LT,2,CFG731_715a3d3226cbaffd,0.9368430858981579,CFG731_d5af433b36265df1,2,0.8939854822170151,False,SYNTHETIC,synthetic_engineer_v1
RFQ731-002257,G731CA,2,CFG731_98ec9650b5463fd0,0.8037600578382406,CFG731_98ec9650b5463fd0,1,0.8037600578382406,True,SYNTHETIC,synthetic_engineer_v1
RFQ731-002258,G731ST-HT,2,CFG731_a3b03637ed22317c,0.936842878367158,CFG731_cf4fb8862e2ab5fc,2,0.4335342009217461,False,SYNTHETIC,synthetic_engineer_v1
RFQ731-002259,G731CA,2,CFG731_98ec9650b5463fd0,0.8037599264672406,CFG731_98ec9650b5463fd0,1,0.8037599264672406,True,SYNTHETIC,synthetic_engineer_v1
RFQ731-002260,X731,4,CFG731_e80085d86d0bbfa9,0.8654136710705865,CFG731_2e6a2f2496db9434,4,0.36919577630962847,False,SYNTHETIC,synthetic_engineer_v1
RFQ731-002261,G731ST-LT,8,CFG731_d124ccffa669c3a2,0.9052638524957369,CFG731_845802fc60449063,7,0.4019548287743251,False,SYNTHETIC,synthetic_engineer_v1
RFQ731-002262,G731ST-LT,2,CFG731_77dd17c48f15826c,0.8654145163565865,CFG731_77dd17c48f15826c,1,0.8654145163565865,True,SYNTHETIC,synthetic_engineer_v1
RFQ731-002263,X731,4,CFG731_935bc110c01e9e85,0.8496249317653759,CFG731_cf0392d0aaac28b1,4,0.36057530019547673,False,SYNTHETIC,synthetic_engineer_v1
RFQ731-002264,X731,5,CFG731_3b2a32abbf148ca1,0.9210531556939473,CFG731_f4e451f0b68379ff,4,0.36590605428341794,False,SYNTHETIC,synthetic_engineer_v1
RFQ731-002265,F731WD_DUALCHANNEL,1,CFG731_a4610f5f38e7d946,0.8338354442871655,CFG731_a4610f5f38e7d946,1,0.8338354442871655,True,SYNTHETIC,synthetic_engineer_v1
RFQ731-002266,F731TE,1,CFG731_1962af6277da6f54,0.8338348729811654,CFG731_1962af6277da6f54,1,0.8338348729811654,True,SYNTHETIC,synthetic_engineer_v1
RFQ731-002267,X731,4,CFG731_c39096767a7ae083,0.9368425420701579,CFG731_624c46bfa7e46ad0,3,0.8511285444118721,False,SYNTHETIC,synthetic_engineer_v1
RFQ731-002268,X731,3,CFG731_c887ba58c35036a9,0.9210535715419473,CFG731_ef2da8cd513b19be,3,0.4850237650312415,False,SYNTHETIC,synthetic_engineer_v1
RFQ731-002269,F731PW,1,CFG731_327bfa077bbbd45e,0.38304009425411456,CFG731_327bfa077bbbd45e,1,0.38304009425411456,True,SYNTHETIC,synthetic_engineer_v1
RFQ731-002270,X731,9,CFG731_6e096e946540ab4e,0.8338353287411655,CFG731_e9d0b2e8adb3aa6d,4,0.3482779986190898,False,SYNTHETIC,synthetic_engineer_v1
RFQ731-002271,X731,4,CFG731_f97e51d1da57d99f,0.849624112413376,CFG731_fd10dd35c97df399,3,0.35763426841988855,False,SYNTHETIC,synthetic_engineer_v1
RFQ731-002272,X731,1,CFG731_f97e51d1da57d99f,0.881203197623797,CFG731_f97e51d1da57d99f,1,0.881203197623797,True,SYNTHETIC,synthetic_engineer_v1
RFQ731-002273,G731ST-HT,2,CFG731_fcc72e9951376cf3,0.8654138093565865,CFG731_dabfe16503f243e3,2,0.8511279950218722,False,SYNTHETIC,synthetic_engineer_v1
RFQ731-002274,X731,11,CFG731_62d0f0f6bab9bdcb,0.8894743628265263,CFG731_631ccc0b317dc962,11,0.20675340715223217,False,SYNTHETIC,synthetic_engineer_v1
RFQ731-002275,G731ST-LT,2,CFG731_7f5bfa7b21e81359,0.9368426076051579,CFG731_49cd4cbef1081333,2,0.4335334622507461,False,SYNTHETIC,synthetic_engineer_v1
RFQ731-002276,X731,6,CFG731_b7e96d5717c40fd6,0.9210526720639474,CFG731_1642db5c21ada469,3,0.3523029257489474,False,SYNTHETIC,synthetic_engineer_v1
RFQ731-002277,X731,3,CFG731_b4987f1c95e91d0d,0.9210535377289474,CFG731_140a9819128d92da,3,0.4850241240622415,False,SYNTHETIC,synthetic_engineer_v1
RFQ731-002278,X731,4,CFG731_1d7625425d9a9146,0.8654142004085865,CFG731_d19d1ea3b97eb177,4,0.36919587962262845,False,SYNTHETIC,synthetic_engineer_v1
RFQ731-002279,X731,2,CFG731_ad0a2fd7350b6cca,0.881203839030797,CFG731_20e62aeb01c953da,2,0.881203489655797,False,SYNTHETIC,synthetic_engineer_v1
RFQ731-002280,X731,16,CFG731_e08dfad4737be3d9,0.9052638950737368,CFG731_8bd839e0c8855562,16,0.21004341113444275,False,SYNTHETIC,synthetic_engineer_v1
RFQ731-002281,X731,1,CFG731_ad0a2fd7350b6cca,0.8969934217300075,CFG731_ad0a2fd7350b6cca,1,0.8969934217300075,True,SYNTHETIC,synthetic_engineer_v1
RFQ731-002282,X731,5,CFG731_c887ba58c35036a9,0.9210535127339473,CFG731_7157b3d45716ad8f,5,0.4844725726300062,False,SYNTHETIC,synthetic_engineer_v1
RFQ731-002283,X731,6,CFG731_5dd42015f6f61801,0.9210535524909473,CFG731_cf0d36d335e0ac93,3,0.4831858269661239,False,SYNTHETIC,synthetic_engineer_v1
RFQ731-002284,G731ST-LT,1,CFG731_a40ab19ad6671fbe,0.9526322657663684,CFG731_a40ab19ad6671fbe,1,0.9526322657663684,True,SYNTHETIC,synthetic_engineer_v1
RFQ731-002285,X731,6,CFG731_fde1ab2a4808b544,0.8496250407553759,CFG731_eea573acdafa9ee3,6,0.23686243872135915,False,SYNTHETIC,synthetic_engineer_v1
RFQ731-002286,G731CA,2,CFG731_24b3128196e55c23,0.4554669434373499,CFG731_24b3128196e55c23,1,0.4554669434373499,True,SYNTHETIC,synthetic_engineer_v1
RFQ731-002287,F731WD_DUALCHANNEL,2,CFG731_8281908b452128f3,0.818046030624955,CFG731_d2034bb5aa313dac,2,0.8037603339512406,False,SYNTHETIC,synthetic_engineer_v1
RFQ731-002288,X731,4,CFG731_516629085c122a4e,0.9210528773599473,CFG731_7756caaf4e5e2963,3,0.48502405266424153,False,SYNTHETIC,synthetic_engineer_v1
RFQ731-002289,X731,4,CFG731_219ac3d01befd6d1,0.9210535536789474,CFG731_398f0644f18e0acf,3,0.48539144182206506,False,SYNTHETIC,synthetic_engineer_v1
RFQ731-002290,G731ST-LT,4,CFG731_32b4b1ec4513af66,0.849624074397376,CFG731_68d95a26943b3650,3,0.48704552321577094,False,SYNTHETIC,synthetic_engineer_v1
RFQ731-002291,X731,4,CFG731_b4987f1c95e91d0d,0.9210529427789473,CFG731_80409e6aafce9221,3,0.8353384034206616,False,SYNTHETIC,synthetic_engineer_v1
RFQ731-002292,F731WD_SINGLECHANNEL,1,CFG731_70b6eaf9262ca4d0,0.8195491863124511,CFG731_70b6eaf9262ca4d0,1,0.8195491863124511,True,SYNTHETIC,synthetic_engineer_v1
RFQ731-002293,X731,4,CFG731_ac8195f5cce7d089,0.8654142416755866,CFG731_9e13de19970e4646,4,0.36919526781762846,False,SYNTHETIC,synthetic_engineer_v1
RFQ731-002294,X731,2,CFG731_97796c9ac2811c94,0.8654141321135865,CFG731_186348c5f967a6f7,2,0.8654136029415865,False,SYNTHETIC,synthetic_engineer_v1
RFQ731-002295,X731,10,CFG731_3b2a32abbf148ca1,0.9210530747309473,CFG731_48332037deb06db4,5,0.48447224364300623,False,SYNTHETIC,synthetic_engineer_v1
RFQ731-002296,X731,6,CFG731_bbcb665ced67f8c3,0.849624451792376,CFG731_39083521b1413e72,5,0.3605754936544768,False,SYNTHETIC,synthetic_engineer_v1
RFQ731-002297,F731TE,1,CFG731_090330aa38b8e80b,0.3346752287986192,CFG731_090330aa38b8e80b,1,0.3346752287986192,True,SYNTHETIC,synthetic_engineer_v1
RFQ731-002298,X731,2,CFG731_a6d4830ed3aa2681,0.9368426174441579,CFG731_d4a9fe62acefba0d,2,0.3684604288399814,False,SYNTHETIC,synthetic_engineer_v1
RFQ731-002299,X731,1,CFG731_83f956404d04e6cd,0.8969931026900075,CFG731_83f956404d04e6cd,1,0.8969931026900075,True,SYNTHETIC,synthetic_engineer_v1
RFQ731-002300,G731CA,2,CFG731_c7ca2f069d01e42d,0.8037603649352406,CFG731_afa90db347a19822,2,0.3188858317044087,False,SYNTHETIC,synthetic_engineer_v1
RFQ731-002301,G731ST-HT,4,CFG731_cc9ac35e4d9a1854,0.9210536264039474,CFG731_4d6c56202edf3f41,3,0.48539176378906507,False,SYNTHETIC,synthetic_engineer_v1
RFQ731-002302,G731ST-HT,2,CFG731_cc9ac35e4d9a1854,0.9368422326291579,CFG731_348f97ec6945fbf8,2,0.43353410162274614,False,SYNTHETIC,synthetic_engineer_v1
RFQ731-002303,G731ST-HT,1,CFG731_7b2f69a7ca55041b,0.9526316885703684,CFG731_7b2f69a7ca55041b,1,0.9526316885703684,True,SYNTHETIC,synthetic_engineer_v1
RFQ731-002304,X731,3,CFG731_7308ee8503151ef3,0.8654138421635865,CFG731_27caf5a2443603ad,3,0.2511805020882755,False,SYNTHETIC,synthetic_engineer_v1
RFQ731-002305,G731ST-LT,1,CFG731_e0009be417f51ccd,0.9526317266763684,CFG731_e0009be417f51ccd,1,0.9526317266763684,True,SYNTHETIC,synthetic_engineer_v1
RFQ731-002306,X731,2,CFG731_bbcb665ced67f8c3,0.8654144339905865,CFG731_5f5f37f4d005417e,2,0.3794897033496873,False,SYNTHETIC,synthetic_engineer_v1
RFQ731-002307,F731WD_SINGLECHANNEL,1,CFG731_11c93eca01984a14,0.4712562869375604,CFG731_11c93eca01984a14,1,0.4712562869375604,True,SYNTHETIC,synthetic_engineer_v1
RFQ731-002308,X731,8,CFG731_62d0f0f6bab9bdcb,0.9052639548927369,CFG731_7b9680fed3d10056,8,0.22254291715144273,False,SYNTHETIC,synthetic_engineer_v1
RFQ731-002309,X731,4,CFG731_5dd42015f6f61801,0.9368423137701579,CFG731_5c624ef6fa2b6510,3,0.5011805485732755,False,SYNTHETIC,synthetic_engineer_v1
RFQ731-002310,X731,6,CFG731_516629085c122a4e,0.9210534742099473,CFG731_175dfbf580a50b51,6,0.2287732533722415,False,SYNTHETIC,synthetic_engineer_v1
RFQ731-002311,X731,7,CFG731_5e61ce3b60d15e11,0.9210534814749474,CFG731_038da5d3a7dc468b,7,0.23539148641706503,False,SYNTHETIC,synthetic_engineer_v1
RFQ731-002312,X731,4,CFG731_60f3aae8ede70fe0,0.9368422008461579,CFG731_d3256527bf7fe65c,3,0.5008131263444521,False,SYNTHETIC,synthetic_engineer_v1
RFQ731-002313,X731,2,CFG731_2be17a56b0589fd1,0.9368424980821579,CFG731_353333bad447dbef,2,0.8939857459720151,False,SYNTHETIC,synthetic_engineer_v1
RFQ731-002314,G731ST-LT,4,CFG731_d124ccffa669c3a2,0.9210528134839473,CFG731_6e088ee30195b6c4,3,0.48539140844006506,False,SYNTHETIC,synthetic_engineer_v1
RFQ731-002315,X731,10,CFG731_0fbee36816b7af98,0.8338348336811655,CFG731_52ce549ff41a9332,4,0.3482781476540898,False,SYNTHETIC,synthetic_engineer_v1
RFQ731-002316,G731ST-HT,2,CFG731_076cad91966d4c34,0.8654139897525865,CFG731_c32627af59ba1526,2,0.8654138846165865,False,SYNTHETIC,synthetic_engineer_v1
RFQ731-002317,G731CA,1,CFG731_faff6da73df00950,0.4870459629307709,CFG731_faff6da73df00950,1,0.4870459629307709,True,SYNTHETIC,synthetic_engineer_v1
RFQ731-002318,G731ST-LT,4,CFG731_e0009be417f51ccd,0.9210530246159473,CFG731_b3d0283738532d82,3,0.48539163502706506,False,SYNTHETIC,synthetic_engineer_v1
RFQ731-002319,X731,10,CFG731_7308ee8503151ef3,0.8496249998443759,CFG731_c2cd0c320ef0d703,10,0.2328177803583003,False,SYNTHETIC,synthetic_engineer_v1
RFQ731-002320,G731ST-HT,2,CFG731_076cad91966d4c34,0.8654143068425866,CFG731_36e9436664c2e1e3,2,0.8511278430328721,False,SYNTHETIC,synthetic_engineer_v1
RFQ731-002321,G731ST-HT,2,CFG731_c32627af59ba1526,0.8654145301445865,CFG731_c32627af59ba1526,1,0.8654145301445865,True,SYNTHETIC,synthetic_engineer_v1
RFQ731-002322,G731ST-LT,4,CFG731_715a3d3226cbaffd,0.9210536043379474,CFG731_2a738780f0517f67,4,0.3515675706303003,False,SYNTHETIC,synthetic_engineer_v1
RFQ731-002323,G731ST-LT,2,CFG731_10085782ed0991cf,0.8654141826625865,CFG731_395f3e5588a2c3c0,2,0.8654138300455865,False,SYNTHETIC,synthetic_engineer_v1
RFQ731-002324,G731ST-HT,1,CFG731_831a7150258499af,0.881203368791797,CFG731_831a7150258499af,1,0.881203368791797,True,SYNTHETIC,synthetic_engineer_v1
RFQ731-002325,X731,5,CFG731_b757671ab14f2876,0.46739568758491334,CFG731_ac352f2a7f2cc7ab,4,0.2221753172146192,False,SYNTHETIC,synthetic_engineer_v1
RFQ731-002326,G731ST-LT,1,CFG731_e0009be417f51ccd,0.9526321600533684,CFG731_e0009be417f51ccd,1,0.9526321600533684,True,SYNTHETIC,synthetic_engineer_v1
RFQ731-002327,X731,2,CFG731_8d2d91c46ccfb471,0.9526322343633684,CFG731_ff3460f478ef969b,2,0.4493228368139566,False,SYNTHETIC,synthetic_engineer_v1
RFQ731-002328,X731,1,CFG731_bcec8ceac2dbcc79,0.8654139054255865,CFG731_bcec8ceac2dbcc79,1,0.8654139054255865,True,SYNTHETIC,synthetic_engineer_v1
RFQ731-002329,G731ST-HT,2,CFG731_63eca10a00ae1f5d,0.9368428030601579,CFG731_ab3b0ae98d7b2345,2,0.4335342611667461,False,SYNTHETIC,synthetic_engineer_v1
RFQ731-002330,G731ST-LT,2,CFG731_2db6c530f35d47b9,0.8654143538805865,CFG731_2db6c530f35d47b9,1,0.8654143538805865,True,SYNTHETIC,synthetic_engineer_v1
RFQ731-002331,X731,1,CFG731_a70e307c2ffca857,0.9210527694719474,CFG731_a70e307c2ffca857,1,0.9210527694719474,True,SYNTHETIC,synthetic_engineer_v1
RFQ731-002332,X731,4,CFG731_bbcb665ced67f8c3,0.849624997471376,CFG731_2e5bd0d53757f625,3,0.36370068640247677,False,SYNTHETIC,synthetic_engineer_v1
RFQ731-002333,G731ST-HT,3,CFG731_fcc72e9951376cf3,0.8654141548325865,CFG731_7c70763d4cf79560,3,0.37636421357368727,False,SYNTHETIC,synthetic_engineer_v1
RFQ731-002334,G731ST-LT,2,CFG731_a40ab19ad6671fbe,0.9368430084461579,CFG731_bc9146cb8459e9c2,2,0.4335334762267461,False,SYNTHETIC,synthetic_engineer_v1
RFQ731-002335,G731ST-LT,1,CFG731_8da1da530d6ae54d,0.881203959262797,CFG731_8da1da530d6ae54d,1,0.881203959262797,True,SYNTHETIC,synthetic_engineer_v1
RFQ731-002336,G731CA,1,CFG731_817824ee3a762453,0.8353392251456616,CFG731_817824ee3a762453,1,0.8353392251456616,True,SYNTHETIC,synthetic_engineer_v1
RFQ731-002337,X731,4,CFG731_219ac3d01befd6d1,0.9210530995719474,CFG731_398f0644f18e0acf,3,0.485391773186065,False,SYNTHETIC,synthetic_engineer_v1
RFQ731-002338,G731ST-HT,2,CFG731_4aa7d46b9cfa7d7b,0.9368426535101579,CFG731_b36f487da5008df2,2,0.3673570913355108,False,SYNTHETIC,synthetic_engineer_v1
RFQ731-002339,G731ST-LT,4,CFG731_a40ab19ad6671fbe,0.9210533276679473,CFG731_cc64ce3eaedacb17,3,0.8353388824016617,False,SYNTHETIC,synthetic_engineer_v1
RFQ731-002340,G731ST-HT,4,CFG731_7b2f69a7ca55041b,0.9210527196639473,CFG731_8216f56c8f1b8479,3,0.48539131939806507,False,SYNTHETIC,synthetic_engineer_v1
RFQ731-002341,G731ST-LT,4,CFG731_996314000fcfec4b,0.9210530864399473,CFG731_4c72f78c1186e8f7,3,0.48539181246206503,False,SYNTHETIC,synthetic_engineer_v1
RFQ731-002342,F731WD_DUALCHANNEL,1,CFG731_8281908b452128f3,0.8338352649491655,CFG731_8281908b452128f3,1,0.8338352649491655,True,SYNTHETIC,synthetic_engineer_v1
RFQ731-002343,X731,1,CFG731_3bcde7f8df32303c,0.8969933986090075,CFG731_3bcde7f8df32303c,1,0.8969933986090075,True,SYNTHETIC,synthetic_engineer_v1
RFQ731-002344,X731,1,CFG731_fe64c81ced5b13af,0.365906296524418,CFG731_fe64c81ced5b13af,1,0.365906296524418,True,SYNTHETIC,synthetic_engineer_v1
RFQ731-002345,G731ST-LT,2,CFG731_d124ccffa669c3a2,0.936842913965158,CFG731_ae2e4cfccaff4f50,2,0.4335341231997461,False,SYNTHETIC,synthetic_engineer_v1
RFQ731-002346,G731ST-HT,4,CFG731_a3b03637ed22317c,0.9210527743179473,CFG731_30d0a49acd35b928,3,0.48539169333006504,False,SYNTHETIC,synthetic_engineer_v1
RFQ731-002347,X731,1,CFG731_c4bcee3a1477eeea,0.3794896563756873,CFG731_c4bcee3a1477eeea,1,0.3794896563756873,True,SYNTHETIC,synthetic_engineer_v1
RFQ731-002348,X731,2,CFG731_a6d4830ed3aa2681,0.9368430934911579,CFG731_d4a9fe62acefba0d,2,0.36846015654998143,False,SYNTHETIC,synthetic_engineer_v1
RFQ731-002349,X731,4,CFG731_da02526d254e2e35,0.9210529572609474,CFG731_ce4c7976fe8fc47b,4,0.23686237643735916,False,SYNTHETIC,synthetic_engineer_v1
RFQ731-002350,X731,2,CFG731_5e61ce3b60d15e11,0.9526324018543684,CFG731_d6304b0cfae9a548,2,0.38719061163978014,False,SYNTHETIC,synthetic_engineer_v1
RFQ731-002351,X731,6,CFG731_8c50542218db5cb0,0.9052632519387369,CFG731_b3506a753aafcfa3,3,0.46923431418803097,False,SYNTHETIC,synthetic_engineer_v1
RFQ731-002352,X731,4,CFG731_c39096767a7ae083,0.936842111480158,CFG731_747411fe70ba8e8d,4,0.2511810170232755,False,SYNTHETIC,synthetic_engineer_v1
RFQ731-002353,X731,1,CFG731_c9498cf6f4410d44,0.9210536060249473,CFG731_c9498cf6f4410d44,1,0.9210536060249473,True,SYNTHETIC,synthetic_engineer_v1
RFQ731-002354,X731,7,CFG731_5e61ce3b60d15e11,0.9210530393589473,CFG731_038da5d3a7dc468b,6,0.23539180916906505,False,SYNTHETIC,synthetic_engineer_v1
RFQ731-002355,X731,4,CFG731_c39096767a7ae083,0.9368430627501579,CFG731_618cb6c1c21feda4,3,0.5011809065582755,False,SYNTHETIC,synthetic_engineer_v1
RFQ731-002356,X731,4,CFG731_6e096e946540ab4e,0.8654142027375865,CFG731_30afbdc3788648cc,3,0.37985741823151087,False,SYNTHETIC,synthetic_engineer_v1
RFQ731-002357,X731,4,CFG731_ad0a2fd7350b6cca,0.8654142705195865,CFG731_648b3a822a947c68,3,0.5028351438979813,False,SYNTHETIC,synthetic_engineer_v1
RFQ731-002358,X731,4,CFG731_3b2a32abbf148ca1,0.9368429271321579,CFG731_7c35d25e0c12df82,4,0.2511804823582755,False,SYNTHETIC,synthetic_engineer_v1
RFQ731-002359,X731,4,CFG731_5dd42015f6f61801,0.9368424310621579,CFG731_b92916814fce7b8e,3,0.4989749181623344,False,SYNTHETIC,synthetic_engineer_v1
RFQ731-002360,G731ST-HT,11,CFG731_a3b03637ed22317c,0.9052640271857368,CFG731_aa4779c40e6c2de0,5,0.4686828122787957,False,SYNTHETIC,synthetic_engineer_v1
RFQ731-002361,X731,8,CFG731_219ac3d01befd6d1,0.9052637220197369,CFG731_8ce087647633b913,7,0.4019549171293251,False,SYNTHETIC,synthetic_engineer_v1
RFQ731-002362,G731ST-LT,11,CFG731_e0009be417f51ccd,0.9052641111097369,CFG731_5be384035f37d372,10,0.34055731753379564,False,SYNTHETIC,synthetic_engineer_v1
RFQ731-002363,G731ST-HT,4,CFG731_8b18ac1c34209d63,0.9210529441019474,CFG731_d44e54f35ee15977,3,0.8353386044386616,False,SYNTHETIC,synthetic_engineer_v1
RFQ731-002364,G731ST-LT,4,CFG731_d124ccffa669c3a2,0.9210531230029474,CFG731_6e088ee30195b6c4,3,0.485391377163065,False,SYNTHETIC,synthetic_engineer_v1
RFQ731-002365,X731,4,CFG731_2be17a56b0589fd1,0.9210533625069474,CFG731_5a14e01af9745dda,3,0.4850240753342415,False,SYNTHETIC,synthetic_engineer_v1
RFQ731-002366,G731CA,2,CFG731_4189e4dbecbffadb,0.45546724524334986,CFG731_b43582909c828d95,2,0.38304013156611455,False,SYNTHETIC,synthetic_engineer_v1
RFQ731-002367,F731PW,2,CFG731_327bfa077bbbd45e,0.36725101997690407,CFG731_00f08838a21d3799,2,0.18269232308749228,False,SYNTHETIC,synthetic_engineer_v1
RFQ731-002368,G731ST-LT,8,CFG731_e0009be417f51ccd,0.9052636739147368,CFG731_515a31451814aae9,6,0.4019549093873251,False,SYNTHETIC,synthetic_engineer_v1
RFQ731-002369,F731TE,2,CFG731_f79503cf8f87ea49,0.7879702201740301,CFG731_f79503cf8f87ea49,1,0.7879702201740301,True,SYNTHETIC,synthetic_engineer_v1
RFQ731-002370,X731,2,CFG731_8c8856d21252930e,0.9052640194037369,CFG731_bf8f7d1a25ad0a6e,2,0.46960197863685454,False,SYNTHETIC,synthetic_engineer_v1
RFQ731-002371,X731,11,CFG731_2be17a56b0589fd1,0.9052639810927369,CFG731_0f905a88815805fa,11,0.21702798350108976,False,SYNTHETIC,synthetic_engineer_v1
RFQ731-002372,X731,3,CFG731_3bcde7f8df32303c,0.8654143301545866,CFG731_8a1a8cb1f6a30d3a,3,0.3732396387786873,False,SYNTHETIC,synthetic_engineer_v1
RFQ731-002373,X731,4,CFG731_89772de94df83ba5,0.849624884054376,CFG731_c1474b769ba134e4,4,0.35763416513988855,False,SYNTHETIC,synthetic_engineer_v1
RFQ731-002374,X731,5,CFG731_3bcde7f8df32303c,0.849624287246376,CFG731_97c654bf006e698e,5,0.2361270920627121,False,SYNTHETIC,synthetic_engineer_v1
RFQ731-002375,X731,4,CFG731_36c553adc9f5ebf3,0.849624171901376,CFG731_089eb10797cdf87e,3,0.36443559984712387,False,SYNTHETIC,synthetic_engineer_v1
RFQ731-002376,X731,6,CFG731_0db950a4979d2c52,0.936843014931158,CFG731_243419c6708378b3,5,0.5002615531872168,False,SYNTHETIC,synthetic_engineer_v1
RFQ731-002377,F731PW,1,CFG731_7fea22051dcc86b6,0.818045678286955,CFG731_7fea22051dcc86b6,1,0.818045678286955,True,SYNTHETIC,synthetic_engineer_v1
RFQ731-002378,X731,2,CFG731_0836695982aaa38c,0.37397511385233434,CFG731_dc326dfb039445c4,2,0.2537548396390402,False,SYNTHETIC,synthetic_engineer_v1
RFQ731-002379,G731ST-HT,2,CFG731_8b18ac1c34209d63,0.9368421401301579,CFG731_ef8d68b6d278bfec,2,0.4335337504857461,False,SYNTHETIC,synthetic_engineer_v1
RFQ731-002380,X731,3,CFG731_5e57a3f6d3b745b8,0.9052638938297369,CFG731_35443b2ee17ecca9,3,0.3464399238879722,False,SYNTHETIC,synthetic_engineer_v1
RFQ731-002381,X731,2,CFG731_1f2a166cde9ede02,0.8338354565121655,CFG731_fdb901ceaee1caed,2,0.8195497753784511,False,SYNTHETIC,synthetic_engineer_v1
RFQ731-002382,G731ST-LT,2,CFG731_d124ccffa669c3a2,0.936842902326158,CFG731_ae2e4cfccaff4f50,2,0.4335342460507461,False,SYNTHETIC,synthetic_engineer_v1
RFQ731-002383,X731,3,CFG731_4346df46838fd57e,0.4989749436623344,CFG731_761c71e98da39553,3,0.2537547544200402,False,SYNTHETIC,synthetic_engineer_v1
RFQ731-002384,X731,3,CFG731_32b1041fd68aac23,0.8496246556253759,CFG731_b196505f1b584939,3,0.23245065448647678,False,SYNTHETIC,synthetic_engineer_v1
RFQ731-002385,X731,1,CFG731_32b1041fd68aac23,0.881203931794797,CFG731_32b1041fd68aac23,1,0.881203931794797,True,SYNTHETIC,synthetic_engineer_v1
RFQ731-002386,X731,4,CFG731_e08dfad4737be3d9,0.9368423657991579,CFG731_ef4cf0e053e2d332,2,0.8654136477845865,False,SYNTHETIC,synthetic_engineer_v1
RFQ731-002387,X731,5,CFG731_0fbee36816b7af98,0.8496247087193759,CFG731_e5051ee84b25c9bb,5,0.23833249699265327,False,SYNTHETIC,synthetic_engineer_v1
RFQ731-002388,G731ST-LT,14,CFG731_715a3d3226cbaffd,0.8894742979205263,CFG731_dac27b97cd6b7ff8,14,0.18947371961552628,False,SYNTHETIC,synthetic_engineer_v1
RFQ731-002389,F731TE,1,CFG731_3d8c1bbc0ef4249a,0.4712565127015604,CFG731_3d8c1bbc0ef4249a,1,0.4712565127015604,True,SYNTHETIC,synthetic_engineer_v1
RFQ731-002390,X731,7,CFG731_5e61ce3b60d15e11,0.9210529769189474,CFG731_038da5d3a7dc468b,6,0.23539166756206503,False,SYNTHETIC,synthetic_engineer_v1
RFQ731-002391,G731CA,2,CFG731_d97c333965654bd3,0.8037595136482406,CFG731_d97c333965654bd3,1,0.8037595136482406,True,SYNTHETIC,synthetic_engineer_v1
RFQ731-002392,G731CA,1,CFG731_2aca30183aab25a9,0.8353383941866616,CFG731_2aca30183aab25a9,1,0.8353383941866616,True,SYNTHETIC,synthetic_engineer_v1
RFQ731-002393,G731ST-LT,2,CFG731_d124ccffa669c3a2,0.936842426508158,CFG731_ae2e4cfccaff4f50,2,0.4335336930587461,False,SYNTHETIC,synthetic_engineer_v1
RFQ731-002394,X731,4,CFG731_91e51485b56960b2,0.9368425142721579,CFG731_869a9209459ecf4d,4,0.2541217900828638,False,SYNTHETIC,synthetic_engineer_v1
RFQ731-002395,X731,2,CFG731_5e61ce3b60d15e11,0.9526320595193684,CFG731_8216171cc39f78aa,2,0.4493228192009566,False,SYNTHETIC,synthetic_engineer_v1
RFQ731-002396,X731,2,CFG731_516629085c122a4e,0.9368428987751579,CFG731_fe9a409c6b2ba9cc,2,0.4335336247467461,False,SYNTHETIC,synthetic_engineer_v1
RFQ731-002397,X731,5,CFG731_f87794e7a98d0b11,0.9210529944249474,CFG731_e8d4d37dfb814e2d,2,0.4831853219161239,False,SYNTHETIC,synthetic_engineer_v1
RFQ731-002398,X731,5,CFG731_219ac3d01befd6d1,0.9052631730017369,CFG731_85b1e9bcb8b0b8be,3,0.469234281686031,False,SYNTHETIC,synthetic_engineer_v1
RFQ731-002399,X731,1,CFG731_9c182e1af1606c9d,0.23833213196665326,CFG731_9c182e1af1606c9d,1,0.23833213196665326,True,SYNTHETIC,synthetic_engineer_v1
RFQ731-002400,G731ST-LT,4,CFG731_7f5bfa7b21e81359,0.9210532981799473,CFG731_2c30adc3f721a104,3,0.8353393402976615,False,SYNTHETIC,synthetic_engineer_v1
RFQ731-002401,G731ST-HT,4,CFG731_bbffb73f3dff6787,0.9210529566649474,CFG731_9681c4eec01b7fad,2,0.8496245436123759,False,SYNTHETIC,synthetic_engineer_v1
RFQ731-002402,G731ST-LT,4,CFG731_e0009be417f51ccd,0.9210527262489473,CFG731_e4891d6f45902e22,3,0.8353384647146616,False,SYNTHETIC,synthetic_engineer_v1
RFQ731-002403,G731CA,2,CFG731_edf13ed38a4b54de,0.8037596214772406,CFG731_452fb8d2c450816e,2,0.8037594014842405,False,SYNTHETIC,synthetic_engineer_v1
RFQ731-002404,G731ST-HT,12,CFG731_63eca10a00ae1f5d,0.9052633363247369,CFG731_2eea910b2403bc4c,10,0.34055777490779565,False,SYNTHETIC,synthetic_engineer_v1
RFQ731-002405,X731,4,CFG731_b8b11650a048baf7,0.849624199006376,CFG731_e201a8a6e4588b00,4,0.35340613622341793,False,SYNTHETIC,synthetic_engineer_v1
RFQ731-002406,X731,7,CFG731_f87794e7a98d0b11,0.9210529873399473,CFG731_04e7216b1ba7f935,5,0.4177445624385356,False,SYNTHETIC,synthetic_engineer_v1
RFQ731-002407,G731CA,2,CFG731_691a8f2ff165671d,0.8037596318582405,CFG731_691a8f2ff165671d,1,0.8037596318582405,True,SYNTHETIC,synthetic_engineer_v1
RFQ731-002408,X731,1,CFG731_169a8482d2028dff,0.3890293238118978,CFG731_169a8482d2028dff,1,0.3890293238118978,True,SYNTHETIC,synthetic_engineer_v1
RFQ731-002409,X731,6,CFG731_b7e96d5717c40fd6,0.9210528910609473,CFG731_a89154111c50850c,3,0.3576341449688885,False,SYNTHETIC,synthetic_engineer_v1
RFQ731-002410,X731,2,CFG731_62d0f0f6bab9bdcb,0.936842719404158,CFG731_34e092c266a308aa,2,0.3714014462945696,False,SYNTHETIC,synthetic_engineer_v1
RFQ731-002411,G731CA,2,CFG731_5bfe9492c76587ec,0.4554664724673499,CFG731_9cc92f888af32c8a,2,0.4462760213827616,False,SYNTHETIC,synthetic_engineer_v1
RFQ731-002412,X731,4,CFG731_abcee67081353f16,0.9210527629499473,CFG731_ebf26b0112810ef9,2,0.8496246169773759,False,SYNTHETIC,synthetic_engineer_v1
RFQ731-002413,G731ST-HT,1,CFG731_bbffb73f3dff6787,0.9526319043463684,CFG731_bbffb73f3dff6787,1,0.9526319043463684,True,SYNTHETIC,synthetic_engineer_v1
RFQ731-002414,F731PW,1,CFG731_956456fc074ebc5a,0.8180456380489549,CFG731_956456fc074ebc5a,1,0.8180456380489549,True,SYNTHETIC,synthetic_engineer_v1
RFQ731-002415,G731ST-HT,2,CFG731_bbffb73f3dff6787,0.9368429252291579,CFG731_b827079551368856,2,0.4335339700757461,False,SYNTHETIC,synthetic_engineer_v1
RFQ731-002416,X731,11,CFG731_c887ba58c35036a9,0.8894741623565263,CFG731_5ae84b6119935c38,11,0.19645927256717335,False,SYNTHETIC,synthetic_engineer_v1
RFQ731-002417,X731,7,CFG731_7308ee8503151ef3,0.8496247653593759,CFG731_cf93550b4257fc7d,7,0.23649480172353562,False,SYNTHETIC,synthetic_engineer_v1
RFQ731-002418,X731,3,CFG731_77a90bfd81b5c2c1,0.4831858273301239,CFG731_c62952cfd77a9c9c,3,0.23796510260382975,False,SYNTHETIC,synthetic_engineer_v1
RFQ731-002419,X731,7,CFG731_1d7625425d9a9146,0.849624662880376,CFG731_cf93550b4257fc7d,7,0.23649405924753564,False,SYNTHETIC,synthetic_engineer_v1
RFQ731-002420,F731TE,1,CFG731_6886c948a9d1ec0c,0.8338353648791654,CFG731_6886c948a9d1ec0c,1,0.8338353648791654,True,SYNTHETIC,synthetic_engineer_v1
RFQ731-002421,G731ST-LT,1,CFG731_e0009be417f51ccd,0.9526320769283684,CFG731_e0009be417f51ccd,1,0.9526320769283684,True,SYNTHETIC,synthetic_engineer_v1
RFQ731-002422,X731,3,CFG731_36c553adc9f5ebf3,0.8496241329523759,CFG731_da5f98932a1c6afd,3,0.48704605386077093,False,SYNTHETIC,synthetic_engineer_v1
RFQ731-002423,X731,5,CFG731_af5b0ebc51685059,0.849624940209376,CFG731_8dd67811ddc4561f,5,0.23539090831706505,False,SYNTHETIC,synthetic_engineer_v1
RFQ731-002424,X731,8,CFG731_c887ba58c35036a9,0.9052633605057369,CFG731_134ecd7b8190bed1,7,0.40195494746332505,False,SYNTHETIC,synthetic_engineer_v1
RFQ731-002425,X731,3,CFG731_83f956404d04e6cd,0.8654138485765865,CFG731_8bb159f1711e5f6c,3,0.2482392278336873,False,SYNTHETIC,synthetic_engineer_v1
RFQ731-002426,X731,10,CFG731_b4987f1c95e91d0d,0.8894746602905264,CFG731_f8cc7d4d2ef53582,8,0.20675325522423216,False,SYNTHETIC,synthetic_engineer_v1
RFQ731-002427,G731ST-LT,2,CFG731_8da1da530d6ae54d,0.8654144917885865,CFG731_1d89d7fdc7355744,2,0.8654138087615866,False,SYNTHETIC,synthetic_engineer_v1
RFQ731-002428,F731PW,2,CFG731_f9fd6a4462ec051a,0.8022561617677444,CFG731_10e74d757a2fa2a6,2,0.3025453873369629,False,SYNTHETIC,synthetic_engineer_v1
RFQ731-002429,X731,4,CFG731_8d2d91c46ccfb471,0.9210534178019474,CFG731_2e49817fa45fc350,2,0.4850235312822415,False,SYNTHETIC,synthetic_engineer_v1
RFQ731-002430,F731TE,1,CFG731_54559f782190a122,0.8338350196351655,CFG731_54559f782190a122,1,0.8338350196351655,True,SYNTHETIC,synthetic_engineer_v1
RFQ731-002431,X731,3,CFG731_36c553adc9f5ebf3,0.8496240850903759,CFG731_da5f98932a1c6afd,3,0.4870454868137709,False,SYNTHETIC,synthetic_engineer_v1
RFQ731-002432,X731,1,CFG731_c9829182065e0285,0.9210527510409473,CFG731_c9829182065e0285,1,0.9210527510409473,True,SYNTHETIC,synthetic_engineer_v1
RFQ731-002433,X731,2,CFG731_14299a2a74e42d7f,0.9052637509747369,CFG731_828e0eccc54da7ae,2,0.4696014769358545,False,SYNTHETIC,synthetic_engineer_v1
RFQ731-002434,X731,3,CFG731_8c50542218db5cb0,0.9210528737939473,CFG731_9be0c5ce20280448,3,0.4850233466512415,False,SYNTHETIC,synthetic_engineer_v1
RFQ731-002435,X731,5,CFG731_c39096767a7ae083,0.9210527022209474,CFG731_7187559e0dc892c4,2,0.4831858800141239,False,SYNTHETIC,synthetic_engineer_v1
RFQ731-002436,G731ST-HT,4,CFG731_8b18ac1c34209d63,0.9210527353229473,CFG731_d44e54f35ee15977,3,0.8353388045166616,False,SYNTHETIC,synthetic_engineer_v1
RFQ731-002437,X731,1,CFG731_04bb9195f752ca8c,0.4831854924301239,CFG731_04bb9195f752ca8c,1,0.4831854924301239,True,SYNTHETIC,synthetic_engineer_v1
RFQ731-002438,G731ST-LT,1,CFG731_a40ab19ad6671fbe,0.9526324107983684,CFG731_a40ab19ad6671fbe,1,0.9526324107983684,True,SYNTHETIC,synthetic_engineer_v1
RFQ731-002439,G731VG,1,CFG731_40b6e1db6c80bcc1,0.8511287176368721,CFG731_40b6e1db6c80bcc1,1,0.8511287176368721,True,SYNTHETIC,synthetic_engineer_v1
RFQ731-002440,F731PW,1,CFG731_327bfa077bbbd45e,0.38304040822411456,CFG731_327bfa077bbbd45e,1,0.38304040822411456,True,SYNTHETIC,synthetic_engineer_v1
RFQ731-002441,X731,7,CFG731_32b1041fd68aac23,0.8338352301111654,CFG731_4514730a70640409,7,0.2210725910361486,False,SYNTHETIC,synthetic_engineer_v1
RFQ731-002442,G731ST-HT,2,CFG731_4aa7d46b9cfa7d7b,0.936842560156158,CFG731_b36f487da5008df2,2,0.36735739232851083,False,SYNTHETIC,synthetic_engineer_v1
RFQ731-002443,X731,4,CFG731_3bcde7f8df32303c,0.849624701142376,CFG731_36afe1d5d5adcebd,4,0.2361266129437121,False,SYNTHETIC,synthetic_engineer_v1
RFQ731-002444,X731,1,CFG731_bcec8ceac2dbcc79,0.8654136321715865,CFG731_bcec8ceac2dbcc79,1,0.8654136321715865,True,SYNTHETIC,synthetic_engineer_v1
RFQ731-002445,G731VG,1,CFG731_40b6e1db6c80bcc1,0.8511283061938721,CFG731_40b6e1db6c80bcc1,1,0.8511283061938721,True,SYNTHETIC,synthetic_engineer_v1
RFQ731-002446,X731,3,CFG731_0fbee36816b7af98,0.8654136390495866,CFG731_9228cc48e333917c,2,0.5028353566929814,False,SYNTHETIC,synthetic_engineer_v1
RFQ731-002447,X731,7,CFG731_e4d6e304563c3bae,0.8338352827861655,CFG731_80e3b04d167bbba8,7,0.21151336818973684,False,SYNTHETIC,synthetic_engineer_v1
RFQ731-002448,G731ST-HT,4,CFG731_bbffb73f3dff6787,0.9210532868709473,CFG731_920bf82480de0a61,3,0.8353389369626616,False,SYNTHETIC,synthetic_engineer_v1
RFQ731-002449,G731ST-LT,1,CFG731_7882c72c21497015,0.9526322027183683,CFG731_7882c72c21497015,1,0.9526322027183683,True,SYNTHETIC,synthetic_engineer_v1
RFQ731-002450,X731,4,CFG731_60f3aae8ede70fe0,0.936843047864158,CFG731_3c119308d8305ad4,3,0.8511286489028722,False,SYNTHETIC,synthetic_engineer_v1
RFQ731-002451,G731ST-HT,4,CFG731_63eca10a00ae1f5d,0.9210526786119474,CFG731_a4416ae9d698efa6,3,0.48539155914706505,False,SYNTHETIC,synthetic_engineer_v1
RFQ731-002452,F731TE,1,CFG731_81bffae40f4c3a60,0.4712558365285604,CFG731_81bffae40f4c3a60,1,0.4712558365285604,True,SYNTHETIC,synthetic_engineer_v1
RFQ731-002453,X731,2,CFG731_9fa436b39059149d,0.46739612580591333,CFG731_27279ceeaa7fc1fe,2,0.21518966099297213,False,SYNTHETIC,synthetic_engineer_v1
RFQ731-002454,F731TE,2,CFG731_b27467571d893d92,0.7879706191730301,CFG731_b27467571d893d92,1,0.7879706191730301,True,SYNTHETIC,synthetic_engineer_v1
RFQ731-002455,F731PW,1,CFG731_7785b2914ebb6eaf,0.8180452395599549,CFG731_7785b2914ebb6eaf,1,0.8180452395599549,True,SYNTHETIC,synthetic_engineer_v1
RFQ731-002456,G731ST-LT,2,CFG731_e0009be417f51ccd,0.936842212491158,CFG731_c5da2661a169f82b,2,0.893985181023015,False,SYNTHETIC,synthetic_engineer_v1
RFQ731-002457,X731,2,CFG731_8d07e19298d09d34,0.8654141120795865,CFG731_17becc4d045fdd6e,2,0.8511281829068722,False,SYNTHETIC,synthetic_engineer_v1
RFQ731-002458,G731ST-LT,1,CFG731_8da1da530d6ae54d,0.881203698619797,CFG731_8da1da530d6ae54d,1,0.881203698619797,True,SYNTHETIC,synthetic_engineer_v1
RFQ731-002459,G731ST-HT,3,CFG731_2a989bd6dba74d9f,0.8654137282795865,CFG731_7c70763d4cf79560,3,0.37636465681368725,False,SYNTHETIC,synthetic_engineer_v1
RFQ731-002460,X731,3,CFG731_89772de94df83ba5,0.8496248053243759,CFG731_6ad3ec8ed100118e,3,0.4146189855965356,False,SYNTHETIC,synthetic_engineer_v1
RFQ731-002461,X731,9,CFG731_608c0251ef380592,0.9052635844197369,CFG731_d59b14d4b0b9324d,5,0.4686828682107957,False,SYNTHETIC,synthetic_engineer_v1
RFQ731-002462,X731,8,CFG731_2be17a56b0589fd1,0.9052634909887369,CFG731_f0818b6e9953d652,8,0.22254275853644273,False,SYNTHETIC,synthetic_engineer_v1
RFQ731-002463,X731,2,CFG731_da02526d254e2e35,0.9368430480781579,CFG731_0848f22447616e6f,2,0.3714010791485696,False,SYNTHETIC,synthetic_engineer_v1
RFQ731-002464,X731,6,CFG731_c775e192f3d489e9,0.8180453854179549,CFG731_8048d4394d2fbde3,5,0.33046713617234985,False,SYNTHETIC,synthetic_engineer_v1
RFQ731-002465,X731,2,CFG731_89772de94df83ba5,0.8654144521755865,CFG731_04a53b6cc81d57d6,2,0.8654143690265865,False,SYNTHETIC,synthetic_engineer_v1
RFQ731-002466,X731,6,CFG731_8d2d91c46ccfb471,0.9210527319219474,CFG731_800f2acd9158b556,2,0.4831855295531239,False,SYNTHETIC,synthetic_engineer_v1
RFQ731-002467,G731ST-HT,3,CFG731_076cad91966d4c34,0.8654144555115866,CFG731_7d6fec687910546d,3,0.3763651405066873,False,SYNTHETIC,synthetic_engineer_v1
RFQ731-002468,X731,2,CFG731_36c553adc9f5ebf3,0.8654135361185865,CFG731_d8c9e5b1edc3b4b3,2,0.3794896235006873,False,SYNTHETIC,synthetic_engineer_v1
RFQ731-002469,X731,6,CFG731_f87794e7a98d0b11,0.9210528543659473,CFG731_16e6520dce2c28e4,6,0.23833281154065328,False,SYNTHETIC,synthetic_engineer_v1
RFQ731-002470,G731ST-LT,1,CFG731_7882c72c21497015,0.9526317476603684,CFG731_7882c72c21497015,1,0.9526317476603684,True,SYNTHETIC,synthetic_engineer_v1
RFQ731-002471,G731ST-LT,6,CFG731_d124ccffa669c3a2,0.9210531439349473,CFG731_fa6ab94f1cf566b3,5,0.48447265953700624,False,SYNTHETIC,synthetic_engineer_v1
RFQ731-002472,G731ST-HT,8,CFG731_63eca10a00ae1f5d,0.9052636446217369,CFG731_1060da033d1aaed1,7,0.4019548684103251,False,SYNTHETIC,synthetic_engineer_v1
RFQ731-002473,F731PW,1,CFG731_a9f22ebc14287e5d,0.8180456922209549,CFG731_a9f22ebc14287e5d,1,0.8180456922209549,True,SYNTHETIC,synthetic_engineer_v1
RFQ731-002474,G731ST-HT,1,CFG731_a3b03637ed22317c,0.9526319924053683,CFG731_a3b03637ed22317c,1,0.9526319924053683,True,SYNTHETIC,synthetic_engineer_v1
RFQ731-002475,X731,7,CFG731_9a0f0b26c7f24725,0.8496243870693759,CFG731_5d2495d91e9fa868,7,0.2330019580197121,False,SYNTHETIC,synthetic_engineer_v1
RFQ731-002476,X731,6,CFG731_0db950a4979d2c52,0.9368423638591579,CFG731_243419c6708378b3,5,0.5002612924922168,False,SYNTHETIC,synthetic_engineer_v1
RFQ731-002477,X731,1,CFG731_da02526d254e2e35,0.9526324016023684,CFG731_da02526d254e2e35,1,0.9526324016023684,True,SYNTHETIC,synthetic_engineer_v1
RFQ731-002478,G731ST-HT,8,CFG731_a3b03637ed22317c,0.9052634137887369,CFG731_c209599718b42485,6,0.40195486026832505,False,SYNTHETIC,synthetic_engineer_v1
RFQ731-002479,X731,2,CFG731_de1ec1b96e1e485e,0.4989752363753344,CFG731_de1ec1b96e1e485e,1,0.4989752363753344,True,SYNTHETIC,synthetic_engineer_v1
RFQ731-002480,X731,1,CFG731_04bb9195f752ca8c,0.4831850720811239,CFG731_04bb9195f752ca8c,1,0.4831850720811239,True,SYNTHETIC,synthetic_engineer_v1
RFQ731-002481,F731TE,1,CFG731_090330aa38b8e80b,0.3346751998846192,CFG731_090330aa38b8e80b,1,0.3346751998846192,True,SYNTHETIC,synthetic_engineer_v1
RFQ731-002482,F731WD_DUALCHANNEL,1,CFG731_819cb4e76943eca6,0.8195495496124512,CFG731_819cb4e76943eca6,1,0.8195495496124512,True,SYNTHETIC,synthetic_engineer_v1
RFQ731-002483,G731VG,1,CFG731_40b6e1db6c80bcc1,0.8511285752568721,CFG731_40b6e1db6c80bcc1,1,0.8511285752568721,True,SYNTHETIC,synthetic_engineer_v1
RFQ731-002484,G731CA,2,CFG731_edf13ed38a4b54de,0.8037596216382406,CFG731_452fb8d2c450816e,2,0.8037594629192406,False,SYNTHETIC,synthetic_engineer_v1
RFQ731-002485,G731ST-HT,3,CFG731_63eca10a00ae1f5d,0.9368425988531579,CFG731_0494d5ae6eecf400,3,0.3691955174296285,False,SYNTHETIC,synthetic_engineer_v1
RFQ731-002486,G731ST-LT,10,CFG731_a40ab19ad6671fbe,0.9052640632567369,CFG731_77fac91021549398,5,0.4686826720957957,False,SYNTHETIC,synthetic_engineer_v1
RFQ731-002487,F731TE,1,CFG731_6886c948a9d1ec0c,0.8338352564161655,CFG731_6886c948a9d1ec0c,1,0.8338352564161655,True,SYNTHETIC,synthetic_engineer_v1
RFQ731-002488,F731PW,1,CFG731_956456fc074ebc5a,0.8180453793659549,CFG731_956456fc074ebc5a,1,0.8180453793659549,True,SYNTHETIC,synthetic_engineer_v1
RFQ731-002489,F731PW,1,CFG731_956456fc074ebc5a,0.8180455802959549,CFG731_956456fc074ebc5a,1,0.8180455802959549,True,SYNTHETIC,synthetic_engineer_v1
RFQ731-002490,X731,3,CFG731_59f86789e43d86f1,0.4989745743213344,CFG731_3fb3f9d3dea4a198,3,0.2537541473110402,False,SYNTHETIC,synthetic_engineer_v1
RFQ731-002491,X731,3,CFG731_11da8cc369b71f5a,0.8654144807655865,CFG731_ba17ab216ae91e1a,3,0.3802250872553344,False,SYNTHETIC,synthetic_engineer_v1
RFQ731-002492,X731,1,CFG731_516629085c122a4e,0.9526318336093684,CFG731_516629085c122a4e,1,0.9526318336093684,True,SYNTHETIC,synthetic_engineer_v1
RFQ731-002493,F731PW,1,CFG731_0781a0fecc8f46d5,0.8180459513419549,CFG731_0781a0fecc8f46d5,1,0.8180459513419549,True,SYNTHETIC,synthetic_engineer_v1
RFQ731-002494,G731ST-LT,3,CFG731_ab4075c601d1397c,0.849625021677376,CFG731_cc47430fac8438be,2,0.41461936093853563,False,SYNTHETIC,synthetic_engineer_v1
RFQ731-002495,X731,4,CFG731_5e61ce3b60d15e11,0.936842747821158,CFG731_23aa00a5306a83b2,3,0.8511285838108722,False,SYNTHETIC,synthetic_engineer_v1
RFQ731-002496,X731,7,CFG731_e08dfad4737be3d9,0.9210536005839474,CFG731_d094650d6e016eea,7,0.2328175153533003,False,SYNTHETIC,synthetic_engineer_v1
RFQ731-002497,X731,4,CFG731_da02526d254e2e35,0.9210533282039474,CFG731_4c42dcb2d8606e20,3,0.8353385474606616,False,SYNTHETIC,synthetic_engineer_v1
RFQ731-002498,X731,1,CFG731_4cb65cc21b5b9f68,0.37507828515980496,CFG731_4cb65cc21b5b9f68,1,0.37507828515980496,True,SYNTHETIC,synthetic_engineer_v1
RFQ731-002499,G731ST-LT,10,CFG731_996314000fcfec4b,0.9052634125287369,CFG731_e67173c88f9460f6,5,0.4686832600467957,False,SYNTHETIC,synthetic_engineer_v1
RFQ731-002500,X731,8,CFG731_8c50542218db5cb0,0.9052638495647369,CFG731_5e50b9bcbfa0b051,6,0.4019553164623251,False,SYNTHETIC,synthetic_engineer_v1
RFQ731-002501,G731ST-LT,4,CFG731_715a3d3226cbaffd,0.9210535501729473,CFG731_9c6b16fef6d02aaf,3,0.3576343491068885,False,SYNTHETIC,synthetic_engineer_v1
RFQ731-002502,G731ST-LT,2,CFG731_715a3d3226cbaffd,0.9368421765591579,CFG731_d5af433b36265df1,2,0.8939852787250151,False,SYNTHETIC,synthetic_engineer_v1
RFQ731-002503,X731,2,CFG731_abcee67081353f16,0.9368426195791579,CFG731_57a2b410fc32b41a,2,0.43353408684274614,False,SYNTHETIC,synthetic_engineer_v1
RFQ731-002504,X731,4,CFG731_ddd1ce28a3456ff6,0.849624425490376,CFG731_1d294b2de760852b,3,0.4870461304567709,False,SYNTHETIC,synthetic_engineer_v1
RFQ731-002505,X731,4,CFG731_62d0f0f6bab9bdcb,0.9210533303299473,CFG731_4340f11ba9a46e42,2,0.849624449470376,False,SYNTHETIC,synthetic_engineer_v1
RFQ731-002506,X731,4,CFG731_c39096767a7ae083,0.9368423197671579,CFG731_624c46bfa7e46ad0,3,0.8511279148418722,False,SYNTHETIC,synthetic_engineer_v1
RFQ731-002507,G731ST-HT,4,CFG731_7b2f69a7ca55041b,0.9210534039589473,CFG731_f2a296f2bedae0e8,2,0.8496248488453759,False,SYNTHETIC,synthetic_engineer_v1
RFQ731-002508,X731,7,CFG731_8d2d91c46ccfb471,0.9210533293649473,CFG731_d584b35cfce34cc7,5,0.36590573035341795,False,SYNTHETIC,synthetic_engineer_v1
RFQ731-002509,X731,8,CFG731_5e61ce3b60d15e11,0.9210533449959474,CFG731_48aa9a27f24794bc,7,0.4177441175145356,False,SYNTHETIC,synthetic_engineer_v1
RFQ731-002510,G731ST-LT,7,CFG731_7b1edd53e8bbad40,0.8338349690541654,CFG731_55620bd5ef4cd10a,7,0.21151360202373684,False,SYNTHETIC,synthetic_engineer_v1
RFQ731-002511,X731,8,CFG731_da02526d254e2e35,0.9052639663317369,CFG731_5e0166a160f3ed77,8,0.2225428142414427,False,SYNTHETIC,synthetic_engineer_v1
RFQ731-002512,X731,6,CFG731_5e61ce3b60d15e11,0.936843064014158,CFG731_243419c6708378b3,5,0.5002615452092168,False,SYNTHETIC,synthetic_engineer_v1
RFQ731-002513,X731,7,CFG731_fde1ab2a4808b544,0.8496248673543759,CFG731_d517f4f2d9736ee5,7,0.23539104943906505,False,SYNTHETIC,synthetic_engineer_v1
RFQ731-002514,G731ST-LT,6,CFG731_2db6c530f35d47b9,0.8496248933403759,CFG731_3c45363d4a341d20,5,0.36057555474647673,False,SYNTHETIC,synthetic_engineer_v1
RFQ731-002515,X731,7,CFG731_0db950a4979d2c52,0.9210530330139474,CFG731_973d201e6585b77f,6,0.365906337328418,False,SYNTHETIC,synthetic_engineer_v1
RFQ731-002516,X731,4,CFG731_8d07e19298d09d34,0.8496243789103759,CFG731_66527c2cd3f93f64,3,0.36443572006812386,False,SYNTHETIC,synthetic_engineer_v1
RFQ731-002517,X731,1,CFG731_c775e192f3d489e9,0.849624281207376,CFG731_c775e192f3d489e9,1,0.849624281207376,True,SYNTHETIC,synthetic_engineer_v1
RFQ731-002518,X731,8,CFG731_b4987f1c95e91d0d,0.9052633319517369,CFG731_aa8c30a4f1baca2e,7,0.4019548532383251,False,SYNTHETIC,synthetic_engineer_v1
RFQ731-002519,X731,1,CFG731_ad0a2fd7350b6cca,0.8969926893090076,CFG731_ad0a2fd7350b6cca,1,0.8969926893090076,True,SYNTHETIC,synthetic_engineer_v1
RFQ731-002520,X731,6,CFG731_0db950a4979d2c52,0.9210527464499474,CFG731_f0dab232b993fcfd,6,0.36002398773624145,False,SYNTHETIC,synthetic_engineer_v1
RFQ731-002521,X731,4,CFG731_f87794e7a98d0b11,0.936842815091158,CFG731_6f04889a74b0dabc,3,0.8511287561028722,False,SYNTHETIC,synthetic_engineer_v1
RFQ731-002522,G731ST-HT,2,CFG731_8b18ac1c34209d63,0.936842684018158,CFG731_ef8d68b6d278bfec,2,0.4335342711317461,False,SYNTHETIC,synthetic_engineer_v1
RFQ731-002523,X731,3,CFG731_7c358bf1aa4ea94e,0.46739625860491335,CFG731_b1bd723309c950f2,3,0.2221751962196192,False,SYNTHETIC,synthetic_engineer_v1
RFQ731-002524,X731,4,CFG731_5e61ce3b60d15e11,0.936842973196158,CFG731_04a704e692f8fd05,2,0.8654143656245865,False,SYNTHETIC,synthetic_engineer_v1
RFQ731-002525,G731ST-HT,2,CFG731_c32627af59ba1526,0.8654144299245865,CFG731_c32627af59ba1526,1,0.8654144299245865,True,SYNTHETIC,synthetic_engineer_v1
RFQ731-002526,G731ST-HT,3,CFG731_fcc72e9951376cf3,0.8654137924875865,CFG731_7c70763d4cf79560,3,0.37636501886968726,False,SYNTHETIC,synthetic_engineer_v1
RFQ731-002527,X731,4,CFG731_91e51485b56960b2,0.9368422442101579,CFG731_b83ac25dbd4e47ee,2,0.8654141421265865,False,SYNTHETIC,synthetic_engineer_v1
RFQ731-002528,F731PW,1,CFG731_92efd7a3c43da152,0.8180460101109549,CFG731_92efd7a3c43da152,1,0.8180460101109549,True,SYNTHETIC,synthetic_engineer_v1
RFQ731-002529,X731,1,CFG731_e80085d86d0bbfa9,0.8969932597870076,CFG731_e80085d86d0bbfa9,1,0.8969932597870076,True,SYNTHETIC,synthetic_engineer_v1
RFQ731-002530,G731ST-LT,2,CFG731_32b4b1ec4513af66,0.8654143423105866,CFG731_fbf2539ea471ea5b,2,0.375077740468805,False,SYNTHETIC,synthetic_engineer_v1
RFQ731-002531,X731,1,CFG731_14269a1a57ac4cbc,0.39527935367289785,CFG731_14269a1a57ac4cbc,1,0.39527935367289785,True,SYNTHETIC,synthetic_engineer_v1
RFQ731-002532,X731,2,CFG731_62d0f0f6bab9bdcb,0.9368426224021579,CFG731_9e1cb28372f6bf0e,2,0.4335337757257461,False,SYNTHETIC,synthetic_engineer_v1
RFQ731-002533,G731CA,1,CFG731_95a64c12c70f922a,0.8353390418846616,CFG731_95a64c12c70f922a,1,0.8353390418846616,True,SYNTHETIC,synthetic_engineer_v1
RFQ731-002534,X731,12,CFG731_c39096767a7ae083,0.9052633403397369,CFG731_c3b5b1049b2ed7bb,11,0.2196021327618545,False,SYNTHETIC,synthetic_engineer_v1
RFQ731-002535,X731,4,CFG731_5e61ce3b60d15e11,0.936843081163158,CFG731_04a704e692f8fd05,2,0.8654139358405866,False,SYNTHETIC,synthetic_engineer_v1
RFQ731-002536,F731TE,2,CFG731_f79503cf8f87ea49,0.7879700052260301,CFG731_f79503cf8f87ea49,1,0.7879700052260301,True,SYNTHETIC,synthetic_engineer_v1
RFQ731-002537,X731,6,CFG731_5dd42015f6f61801,0.9210531813339473,CFG731_cf0d36d335e0ac93,3,0.48318557493812386,False,SYNTHETIC,synthetic_engineer_v1
RFQ731-002538,G731ST-LT,4,CFG731_a40ab19ad6671fbe,0.9210531706669474,CFG731_e1516ef53069d5e2,3,0.48539100985806505,False,SYNTHETIC,synthetic_engineer_v1
RFQ731-002539,G731ST-LT,2,CFG731_10085782ed0991cf,0.8654137453865866,CFG731_395f3e5588a2c3c0,2,0.8654137408435866,False,SYNTHETIC,synthetic_engineer_v1
RFQ731-002540,X731,6,CFG731_5e61ce3b60d15e11,0.9210532529779474,CFG731_4fe142d593643ab8,3,0.48502369489624153,False,SYNTHETIC,synthetic_engineer_v1
RFQ731-002541,F731WD_DUALCHANNEL,4,CFG731_35ed22cad11f9a11,0.7721812893948196,CFG731_f53899c7a09e0138,4,0.28473390562222295,False,SYNTHETIC,synthetic_engineer_v1
RFQ731-002542,X731,2,CFG731_a6d4830ed3aa2681,0.9368430402131579,CFG731_d4a9fe62acefba0d,2,0.3684602238039814,False,SYNTHETIC,synthetic_engineer_v1
RFQ731-002543,X731,6,CFG731_b8b11650a048baf7,0.8496248985753759,CFG731_39083521b1413e72,6,0.36057473238147675,False,SYNTHETIC,synthetic_engineer_v1
RFQ731-002544,G731ST-LT,2,CFG731_a40ab19ad6671fbe,0.9368421965901579,CFG731_87d8ba5b87cf0a3f,2,0.4335333108117461,False,SYNTHETIC,synthetic_engineer_v1
RFQ731-002545,X731,4,CFG731_219ac3d01befd6d1,0.9210532732179474,CFG731_398f0644f18e0acf,3,0.48539146309906506,False,SYNTHETIC,synthetic_engineer_v1
RFQ731-002546,G731ST-HT,1,CFG731_bbffb73f3dff6787,0.9526325397473684,CFG731_bbffb73f3dff6787,1,0.9526325397473684,True,SYNTHETIC,synthetic_engineer_v1
RFQ731-002547,X731,4,CFG731_c39096767a7ae083,0.9368424870201579,CFG731_618cb6c1c21feda4,3,0.5011804779592756,False,SYNTHETIC,synthetic_engineer_v1
RFQ731-002548,G731ST-LT,2,CFG731_8da1da530d6ae54d,0.8654139165235866,CFG731_1d89d7fdc7355744,2,0.8654138088385865,False,SYNTHETIC,synthetic_engineer_v1
RFQ731-002549,G731ST-LT,1,CFG731_8da1da530d6ae54d,0.881203122560797,CFG731_8da1da530d6ae54d,1,0.881203122560797,True,SYNTHETIC,synthetic_engineer_v1
RFQ731-002550,G731ST-HT,1,CFG731_a3b03637ed22317c,0.9526321668193684,CFG731_a3b03637ed22317c,1,0.9526321668193684,True,SYNTHETIC,synthetic_engineer_v1
RFQ731-002551,G731ST-HT,4,CFG731_84b16be5aab3bf9b,0.8496249169793759,CFG731_28ff10770eb1b643,3,0.3592883099195945,False,SYNTHETIC,synthetic_engineer_v1
RFQ731-002552,X731,2,CFG731_011ca4ba794bd4d6,0.9052632830567369,CFG731_d8843ca5e91f93ae,2,0.46960148820485453,False,SYNTHETIC,synthetic_engineer_v1
RFQ731-002553,G731ST-HT,8,CFG731_63eca10a00ae1f5d,0.9052636606517369,CFG731_1060da033d1aaed1,6,0.4019553228703251,False,SYNTHETIC,synthetic_engineer_v1
RFQ731-002554,X731,3,CFG731_6e27958dc8215006,0.3581858802081238,CFG731_58ed6f9d3568afba,3,0.23061193391535914,False,SYNTHETIC,synthetic_engineer_v1
RFQ731-002555,X731,1,CFG731_8f470181ad32eeae,0.8969932983740075,CFG731_8f470181ad32eeae,1,0.8969932983740075,True,SYNTHETIC,synthetic_engineer_v1
RFQ731-002556,X731,12,CFG731_516629085c122a4e,0.9052640008237369,CFG731_78ea99817ca8be6a,12,0.21868281694179564,False,SYNTHETIC,synthetic_engineer_v1
RFQ731-002557,G731ST-LT,4,CFG731_715a3d3226cbaffd,0.9210533399319474,CFG731_2a738780f0517f67,4,0.3515674994673003,False,SYNTHETIC,synthetic_engineer_v1
RFQ731-002558,X731,3,CFG731_e08dfad4737be3d9,0.936842509673158,CFG731_f1291711f7901d90,3,0.24824014392768728,False,SYNTHETIC,synthetic_engineer_v1
RFQ731-002559,G731ST-HT,2,CFG731_4aa7d46b9cfa7d7b,0.9368427416241579,CFG731_a41486ba2b9da31d,2,0.36551909396039317,False,SYNTHETIC,synthetic_engineer_v1
RFQ731-002560,X731,1,CFG731_0fbee36816b7af98,0.8969927450520075,CFG731_0fbee36816b7af98,1,0.8969927450520075,True,SYNTHETIC,synthetic_engineer_v1
RFQ731-002561,X731,2,CFG731_5e61ce3b60d15e11,0.9526321693173684,CFG731_cccd499c66b31e99,2,0.3871909017137802,False,SYNTHETIC,synthetic_engineer_v1
RFQ731-002562,G731ST-LT,3,CFG731_32b4b1ec4513af66,0.8654141048965865,CFG731_903051672b581bab,3,0.37636471221268725,False,SYNTHETIC,synthetic_engineer_v1
RFQ731-002563,G731ST-HT,23,CFG731_8b18ac1c34209d63,0.8894745528985263,CFG731_1b33a9ed446bc0fd,23,0.19425311179423219,False,SYNTHETIC,synthetic_engineer_v1
RFQ731-002564,G731ST-HT,2,CFG731_4aa7d46b9cfa7d7b,0.9368426896421579,CFG731_9960254fcbb72292,2,0.37342384190009903,False,SYNTHETIC,synthetic_engineer_v1
RFQ731-002565,X731,2,CFG731_0836695982aaa38c,0.37397518927333434,CFG731_bd2172ffd6b9273a,2,0.3739745245953343,False,SYNTHETIC,synthetic_engineer_v1
RFQ731-002566,X731,1,CFG731_4e59e6fc4174afa3,0.4831852919321239,CFG731_4e59e6fc4174afa3,1,0.4831852919321239,True,SYNTHETIC,synthetic_engineer_v1
RFQ731-002567,X731,6,CFG731_0fbee36816b7af98,0.849624404476376,CFG731_b44b2e6818291871,6,0.2361264424707121,False,SYNTHETIC,synthetic_engineer_v1
RFQ731-002568,X731,2,CFG731_b7e96d5717c40fd6,0.9526320934123684,CFG731_61e03f690afcaa1a,2,0.3831466050267214,False,SYNTHETIC,synthetic_engineer_v1
RFQ731-002569,X731,4,CFG731_0db950a4979d2c52,0.936842623372158,CFG731_258498329a834b05,2,0.8654139452995865,False,SYNTHETIC,synthetic_engineer_v1
RFQ731-002570,G731ST-HT,11,CFG731_63eca10a00ae1f5d,0.9052639187597369,CFG731_37f66c3948c00e57,5,0.4686826271287957,False,SYNTHETIC,synthetic_engineer_v1
RFQ731-002571,X731,3,CFG731_f3fed379f1eb01f9,0.8338354686511655,CFG731_0064bc7bf2ed5868,3,0.34644058386897214,False,SYNTHETIC,synthetic_engineer_v1
RFQ731-002572,G731ST-LT,4,CFG731_0fdf5c36c9c41e69,0.849624164378376,CFG731_671960d0fb04b698,3,0.4870460307837709,False,SYNTHETIC,synthetic_engineer_v1
RFQ731-002573,X731,3,CFG731_3fe779486d988e69,0.8654138469795866,CFG731_f92bde4646675f5d,3,0.3794897398516873,False,SYNTHETIC,synthetic_engineer_v1
RFQ731-002574,F731PW,1,CFG731_0d8116f4900c6919,0.8180456942889549,CFG731_0d8116f4900c6919,1,0.8180456942889549,True,SYNTHETIC,synthetic_engineer_v1
RFQ731-002575,F731TE,2,CFG731_0c3b33750ffab3ac,0.7879703664280301,CFG731_0c3b33750ffab3ac,1,0.7879703664280301,True,SYNTHETIC,synthetic_engineer_v1
RFQ731-002576,G731ST-HT,1,CFG731_2a989bd6dba74d9f,0.881203082487797,CFG731_2a989bd6dba74d9f,1,0.881203082487797,True,SYNTHETIC,synthetic_engineer_v1
RFQ731-002577,X731,3,CFG731_32a4bb12438a37ab,0.9368430140011579,CFG731_ddbc59cfdb50b468,3,0.2397842815787461,False,SYNTHETIC,synthetic_engineer_v1
RFQ731-002578,F731WD_SINGLECHANNEL,1,CFG731_11c93eca01984a14,0.4712560553505604,CFG731_11c93eca01984a14,1,0.4712560553505604,True,SYNTHETIC,synthetic_engineer_v1
RFQ731-002579,X731,1,CFG731_adb08ca5dce20691,0.9210529964029474,CFG731_adb08ca5dce20691,1,0.9210529964029474,True,SYNTHETIC,synthetic_engineer_v1
RFQ731-002580,X731,4,CFG731_1cbb464ec15ba84f,0.3611264840067121,CFG731_6204dd6ea742eb13,4,0.23355353738894738,False,SYNTHETIC,synthetic_engineer_v1
RFQ731-002581,G731ST-LT,4,CFG731_32b4b1ec4513af66,0.8496245747503759,CFG731_68d95a26943b3650,3,0.4870461831037709,False,SYNTHETIC,synthetic_engineer_v1
RFQ731-002582,X731,4,CFG731_5e61ce3b60d15e11,0.9368424752791579,CFG731_c11c5ee5deff9a1e,3,0.5011807223192756,False,SYNTHETIC,synthetic_engineer_v1
RFQ731-002583,X731,2,CFG731_d9234c84a58b99ae,0.4831852778821239,CFG731_9676c8784fca6c61,2,0.23796458397882975,False,SYNTHETIC,synthetic_engineer_v1
RFQ731-002584,F731TE,1,CFG731_d8c69b7395beabbb,0.4712561280255604,CFG731_d8c69b7395beabbb,1,0.4712561280255604,True,SYNTHETIC,synthetic_engineer_v1
RFQ731-002585,X731,1,CFG731_5dd42015f6f61801,0.968421810224579,CFG731_5dd42015f6f61801,1,0.968421810224579,True,SYNTHETIC,synthetic_engineer_v1
RFQ731-002586,G731ST-HT,6,CFG731_a56f1437a0b4ca31,0.8496248185083759,CFG731_d71a39e1fcf17083,5,0.3620459339197709,False,SYNTHETIC,synthetic_engineer_v1
RFQ731-002587,X731,4,CFG731_5e61ce3b60d15e11,0.9368423316621579,CFG731_23aa00a5306a83b2,3,0.8511285258278721,False,SYNTHETIC,synthetic_engineer_v1
RFQ731-002588,F731PW,2,CFG731_f9fd6a4462ec051a,0.8022563375967444,CFG731_10e74d757a2fa2a6,2,0.3025449498919629,False,SYNTHETIC,synthetic_engineer_v1
RFQ731-002589,G731CA,2,CFG731_c7ca2f069d01e42d,0.8037599260652406,CFG731_afa90db347a19822,2,0.3188855614964087,False,SYNTHETIC,synthetic_engineer_v1
RFQ731-002590,X731,5,CFG731_b4987f1c95e91d0d,0.9210535634939473,CFG731_241261e6f2e0673c,5,0.2287739209572415,False,SYNTHETIC,synthetic_engineer_v1
RFQ731-002591,X731,2,CFG731_f7f0034a8b15f329,0.8338352901131655,CFG731_d9b1e2bb70a9a96b,2,0.8195497626894511,False,SYNTHETIC,synthetic_engineer_v1
RFQ731-002592,X731,4,CFG731_5e61ce3b60d15e11,0.9368429257351579,CFG731_04a704e692f8fd05,2,0.8654142195105865,False,SYNTHETIC,synthetic_engineer_v1
RFQ731-002593,G731ST-LT,4,CFG731_7f5bfa7b21e81359,0.9210534248869473,CFG731_2c30adc3f721a104,3,0.8353393049456616,False,SYNTHETIC,synthetic_engineer_v1
RFQ731-002594,X731,3,CFG731_8f470181ad32eeae,0.8654139307525865,CFG731_5ae746dac49a854b,3,0.36845992585998144,False,SYNTHETIC,synthetic_engineer_v1
RFQ731-002595,G731ST-LT,12,CFG731_7882c72c21497015,0.9052639209797368,CFG731_a54fd8962307be18,12,0.21868298864479566,False,SYNTHETIC,synthetic_engineer_v1
RFQ731-002596,X731,2,CFG731_3662a471d9ce3167,0.3680925946481579,CFG731_c32e1d5ad1662baf,2,0.24934303667715788,False,SYNTHETIC,synthetic_engineer_v1
RFQ731-002597,G731ST-HT,1,CFG731_7b2f69a7ca55041b,0.9526316073883684,CFG731_7b2f69a7ca55041b,1,0.9526316073883684,True,SYNTHETIC,synthetic_engineer_v1
RFQ731-002598,G731ST-LT,2,CFG731_996314000fcfec4b,0.936842233725158,CFG731_e03b41992c837b34,2,0.4335333835957461,False,SYNTHETIC,synthetic_engineer_v1
RFQ731-002599,X731,2,CFG731_1d7625425d9a9146,0.881203695014797,CFG731_1d7625425d9a9146,1,0.881203695014797,True,SYNTHETIC,synthetic_engineer_v1
RFQ731-002600,X731,17,CFG731_11da8cc369b71f5a,0.8180454750169549,CFG731_8ba9be21909ddf85,17,0.20123937009287923,False,SYNTHETIC,synthetic_engineer_v1
RFQ731-002601,G731ST-HT,4,CFG731_c3a136a8630f644d,0.849624693874376,CFG731_ad85e442c9239be7,3,0.48704563335377093,False,SYNTHETIC,synthetic_engineer_v1
RFQ731-002602,F731TE,1,CFG731_ac57adca497d644f,0.4712566690155604,CFG731_ac57adca497d644f,1,0.4712566690155604,True,SYNTHETIC,synthetic_engineer_v1
RFQ731-002603,X731,2,CFG731_516629085c122a4e,0.936842970375158,CFG731_5718ef9495972b30,2,0.4335340242727461,False,SYNTHETIC,synthetic_engineer_v1
RFQ731-002604,F731TE,2,CFG731_0c3b33750ffab3ac,0.7879708375030301,CFG731_0c3b33750ffab3ac,1,0.7879708375030301,True,SYNTHETIC,synthetic_engineer_v1
RFQ731-002605,G731ST-LT,2,CFG731_d124ccffa669c3a2,0.9368423205201579,CFG731_a57ffd88d58eb498,2,0.8939850801550151,False,SYNTHETIC,synthetic_engineer_v1
RFQ731-002606,F731WD_DUALCHANNEL,2,CFG731_819cb4e76943eca6,0.7879708283020301,CFG731_37e3938c6089bb2d,2,0.7879701930630301,False,SYNTHETIC,synthetic_engineer_v1
RFQ731-002607,X731,3,CFG731_0fbee36816b7af98,0.8654137985415865,CFG731_9228cc48e333917c,2,0.5028355703079814,False,SYNTHETIC,synthetic_engineer_v1
RFQ731-002608,X731,2,CFG731_97796c9ac2811c94,0.8654143861855865,CFG731_ca05869cc5edc073,2,0.3794899893286873,False,SYNTHETIC,synthetic_engineer_v1
RFQ731-002609,G731CA,1,CFG731_faff6da73df00950,0.4870455538467709,CFG731_faff6da73df00950,1,0.4870455538467709,True,SYNTHETIC,synthetic_engineer_v1
RFQ731-002610,X731,3,CFG731_97796c9ac2811c94,0.8496248889893759,CFG731_f0b756a84ac83cc9,2,0.36590611204041795,False,SYNTHETIC,synthetic_engineer_v1
RFQ731-002611,F731PW,1,CFG731_7785b2914ebb6eaf,0.8180451926309549,CFG731_7785b2914ebb6eaf,1,0.8180451926309549,True,SYNTHETIC,synthetic_engineer_v1
RFQ731-002612,X731,6,CFG731_e08dfad4737be3d9,0.9210530624859473,CFG731_2cc93d20b679415d,3,0.4850240382872415,False,SYNTHETIC,synthetic_engineer_v1
RFQ731-002613,X731,2,CFG731_62d0f0f6bab9bdcb,0.9368421467881579,CFG731_9fcbeaf9d5010d3a,2,0.4335335346647461,False,SYNTHETIC,synthetic_engineer_v1
RFQ731-002614,X731,2,CFG731_608c0251ef380592,0.936842178369158,CFG731_33fed5318b1a4f2f,2,0.8939853766540151,False,SYNTHETIC,synthetic_engineer_v1
RFQ731-002615,X731,2,CFG731_11da8cc369b71f5a,0.8812038029347969,CFG731_ab7c99e095bc84f9,2,0.3890288759468978,False,SYNTHETIC,synthetic_engineer_v1
RFQ731-002616,G731ST-HT,1,CFG731_7b2f69a7ca55041b,0.9526319057093684,CFG731_7b2f69a7ca55041b,1,0.9526319057093684,True,SYNTHETIC,synthetic_engineer_v1
RFQ731-002617,X731,4,CFG731_516629085c122a4e,0.9210536107559474,CFG731_8c4d7fb3ded028ab,2,0.8496246671493759,False,SYNTHETIC,synthetic_engineer_v1
RFQ731-002618,X731,11,CFG731_0fbee36816b7af98,0.8496244850543759,CFG731_0318c2a0a1c0c588,10,0.2328181589803003,False,SYNTHETIC,synthetic_engineer_v1
RFQ731-002619,X731,7,CFG731_e4d6e304563c3bae,0.8338350302371654,CFG731_80e3b04d167bbba8,7,0.21151359729173685,False,SYNTHETIC,synthetic_engineer_v1
RFQ731-002620,G731ST-HT,1,CFG731_8b18ac1c34209d63,0.9526323810323684,CFG731_8b18ac1c34209d63,1,0.9526323810323684,True,SYNTHETIC,synthetic_engineer_v1
RFQ731-002621,F731WD_DUALCHANNEL,1,CFG731_c0f6f70a47ed04ba,0.4554672988313499,CFG731_c0f6f70a47ed04ba,1,0.4554672988313499,True,SYNTHETIC,synthetic_engineer_v1
RFQ731-002622,X731,12,CFG731_6e096e946540ab4e,0.8180454006509549,CFG731_dc94cc026338b073,8,0.20675354523023218,False,SYNTHETIC,synthetic_engineer_v1
RFQ731-002623,G731CA,2,CFG731_dc8a3bad7d99b8ea,0.8037596533682405,CFG731_dc8a3bad7d99b8ea,1,0.8037596533682405,True,SYNTHETIC,synthetic_engineer_v1
RFQ731-002624,X731,1,CFG731_024d4a54a1e6d96e,0.38976485807754485,CFG731_024d4a54a1e6d96e,1,0.38976485807754485,True,SYNTHETIC,synthetic_engineer_v1
RFQ731-002625,G731VG,1,CFG731_40b6e1db6c80bcc1,0.8511284879808722,CFG731_40b6e1db6c80bcc1,1,0.8511284879808722,True,SYNTHETIC,synthetic_engineer_v1
RFQ731-002626,F731PW,3,CFG731_5995fa9fd5d1242f,0.8022563136977444,CFG731_b265e25b7baf721d,3,0.3132063951398452,False,SYNTHETIC,synthetic_engineer_v1
RFQ731-002627,G731ST-LT,1,CFG731_0fdf5c36c9c41e69,0.881203405467797,CFG731_0fdf5c36c9c41e69,1,0.881203405467797,True,SYNTHETIC,synthetic_engineer_v1
RFQ731-002628,F731TE,1,CFG731_07fb816f7dc25bc8,0.8338350230291655,CFG731_07fb816f7dc25bc8,1,0.8338350230291655,True,SYNTHETIC,synthetic_engineer_v1
RFQ731-002629,G731ST-LT,4,CFG731_996314000fcfec4b,0.9210532465289474,CFG731_4c72f78c1186e8f7,3,0.48539180151806505,False,SYNTHETIC,synthetic_engineer_v1
RFQ731-002630,X731,5,CFG731_ddd1ce28a3456ff6,0.8338350541821655,CFG731_e639b12fcf678c13,4,0.3501166797032074,False,SYNTHETIC,synthetic_engineer_v1
RFQ731-002631,X731,2,CFG731_11da8cc369b71f5a,0.881203178622797,CFG731_ab7c99e095bc84f9,2,0.3890293116218978,False,SYNTHETIC,synthetic_engineer_v1
RFQ731-002632,F731TE,1,CFG731_ac57adca497d644f,0.4712560677655604,CFG731_ac57adca497d644f,1,0.4712560677655604,True,SYNTHETIC,synthetic_engineer_v1
RFQ731-002633,X731,5,CFG731_31aa13473958d7d3,0.849624383729376,CFG731_781438c58a003a2c,5,0.2250969082290062,False,SYNTHETIC,synthetic_engineer_v1
RFQ731-002634,X731,3,CFG731_331927b265de3c55,0.849624676736376,CFG731_c8b190cd8da9a6dd,3,0.35928821365459446,False,SYNTHETIC,synthetic_engineer_v1
RFQ731-002635,X731,4,CFG731_60f3aae8ede70fe0,0.9368422758361579,CFG731_a4e34b496fb393e8,4,0.2541218153218638,False,SYNTHETIC,synthetic_engineer_v1
RFQ731-002636,G731ST-HT,2,CFG731_fcc72e9951376cf3,0.8654143579355865,CFG731_5dd35c89836ec88e,2,0.8654137330965865,False,SYNTHETIC,synthetic_engineer_v1
RFQ731-002637,G731ST-HT,4,CFG731_63eca10a00ae1f5d,0.9210528554699473,CFG731_f23946dbf617272b,2,0.8496245423793759,False,SYNTHETIC,synthetic_engineer_v1
RFQ731-002638,X731,1,CFG731_5e61ce3b60d15e11,0.9684218475695789,CFG731_5e61ce3b60d15e11,1,0.9684218475695789,True,SYNTHETIC,synthetic_engineer_v1
RFQ731-002639,X731,3,CFG731_1d7625425d9a9146,0.8654143301415865,CFG731_e5a85c19cf4647dd,3,0.3732401263276873,False,SYNTHETIC,synthetic_engineer_v1
RFQ731-002640,G731ST-HT,2,CFG731_63eca10a00ae1f5d,0.9368424666611579,CFG731_0ce13abf777d04f9,2,0.4335333608407461,False,SYNTHETIC,synthetic_engineer_v1
RFQ731-002641,X731,1,CFG731_5d345c0f49f6f272,0.8669177210130826,CFG731_5d345c0f49f6f272,1,0.8669177210130826,True,SYNTHETIC,synthetic_engineer_v1
RFQ731-002642,G731ST-HT,8,CFG731_63eca10a00ae1f5d,0.9052636226587368,CFG731_1060da033d1aaed1,7,0.4019544583573251,False,SYNTHETIC,synthetic_engineer_v1
RFQ731-002643,X731,5,CFG731_608c0251ef380592,0.9210534531929473,CFG731_5de6ca53a86b09c9,5,0.2328175204523003,False,SYNTHETIC,synthetic_engineer_v1
RFQ731-002644,G731ST-LT,2,CFG731_b86bbf24b1c3a419,0.8654142797415866,CFG731_2db6c530f35d47b9,2,0.8654136039365865,False,SYNTHETIC,synthetic_engineer_v1
RFQ731-002645,X731,6,CFG731_8d2d91c46ccfb471,0.9210534805819474,CFG731_800f2acd9158b556,2,0.48318544473812386,False,SYNTHETIC,synthetic_engineer_v1
RFQ731-002646,G731ST-LT,14,CFG731_715a3d3226cbaffd,0.8894740545185263,CFG731_dac27b97cd6b7ff8,14,0.1894745118755263,False,SYNTHETIC,synthetic_engineer_v1
RFQ731-002647,X731,5,CFG731_c887ba58c35036a9,0.9210526684259474,CFG731_7157b3d45716ad8f,5,0.48447263916100625,False,SYNTHETIC,synthetic_engineer_v1
RFQ731-002648,X731,11,CFG731_2be17a56b0589fd1,0.8894741979235263,CFG731_f2b305fda5b7c1ed,11,0.19645997227117334,False,SYNTHETIC,synthetic_engineer_v1
RFQ731-002649,G731ST-LT,8,CFG731_e0009be417f51ccd,0.9052639819857369,CFG731_515a31451814aae9,7,0.40195460488432505,False,SYNTHETIC,synthetic_engineer_v1
RFQ731-002650,X731,6,CFG731_b7e96d5717c40fd6,0.9210535971669473,CFG731_fe424f85d85e1c0c,5,0.3526709307477709,False,SYNTHETIC,synthetic_engineer_v1
RFQ731-002651,F731WD_SINGLECHANNEL,1,CFG731_11c93eca01984a14,0.4712565052995604,CFG731_11c93eca01984a14,1,0.4712565052995604,True,SYNTHETIC,synthetic_engineer_v1
RFQ731-002652,X731,4,CFG731_0db950a4979d2c52,0.9368422351411579,CFG731_258498329a834b05,2,0.8654138154295865,False,SYNTHETIC,synthetic_engineer_v1
RFQ731-002653,G731ST-HT,4,CFG731_bbffb73f3dff6787,0.9210531309449473,CFG731_9681c4eec01b7fad,2,0.849624718197376,False,SYNTHETIC,synthetic_engineer_v1
RFQ731-002654,G731ST-HT,4,CFG731_8b18ac1c34209d63,0.9210528648769474,CFG731_d44e54f35ee15977,3,0.8353385177036616,False,SYNTHETIC,synthetic_engineer_v1
RFQ731-002655,X731,2,CFG731_32a4bb12438a37ab,0.9526319624453684,CFG731_45d35cf8bc922687,2,0.3838824070913684,False,SYNTHETIC,synthetic_engineer_v1
RFQ731-002656,G731VG,1,CFG731_cfb2b92dd8f09f39,0.8511287220418722,CFG731_cfb2b92dd8f09f39,1,0.8511287220418722,True,SYNTHETIC,synthetic_engineer_v1
RFQ731-002657,G731ST-LT,8,CFG731_0fdf5c36c9c41e69,0.8338349932751655,CFG731_5eab817ba3f25626,8,0.21151348707173684,False,SYNTHETIC,synthetic_engineer_v1
RFQ731-002658,X731,1,CFG731_1147f9711c4bff84,0.9210529444669473,CFG731_1147f9711c4bff84,1,0.9210529444669473,True,SYNTHETIC,synthetic_engineer_v1
RFQ731-002659,X731,4,CFG731_af5b0ebc51685059,0.8654144362735865,CFG731_d22124ab181ae0a4,4,0.3673577147785108,False,SYNTHETIC,synthetic_engineer_v1
RFQ731-002660,G731ST-HT,4,CFG731_84b16be5aab3bf9b,0.8496243934433759,CFG731_28ff10770eb1b643,3,0.35928852094659447,False,SYNTHETIC,synthetic_engineer_v1
RFQ731-002661,X731,3,CFG731_31aa13473958d7d3,0.8654137526825866,CFG731_4d39aa53959ccce3,3,0.36845979449798144,False,SYNTHETIC,synthetic_engineer_v1
RFQ731-002662,X731,1,CFG731_d1cfa46f29f5f652,0.8496249212903759,CFG731_d1cfa46f29f5f652,1,0.8496249212903759,True,SYNTHETIC,synthetic_engineer_v1
RFQ731-002663,X731,3,CFG731_d723355141502003,0.8338355364801655,CFG731_2666da4dbcc5e5bd,3,0.3464406191509722,False,SYNTHETIC,synthetic_engineer_v1
RFQ731-002664,X731,3,CFG731_db983e07a279051a,0.9052637851197369,CFG731_75b93da9dd9b0316,3,0.4686832455697957,False,SYNTHETIC,synthetic_engineer_v1
RFQ731-002665,X731,3,CFG731_fb1ab4b34e9c8a75,0.849624564423376,CFG731_9d9ebc2acccb06ad,3,0.35928806856159445,False,SYNTHETIC,synthetic_engineer_v1
RFQ731-002666,F731TE,1,CFG731_5164655533c6a8d0,0.8338349404921654,CFG731_5164655533c6a8d0,1,0.8338349404921654,True,SYNTHETIC,synthetic_engineer_v1
RFQ731-002667,X731,2,CFG731_cf4bb519cec0df2f,0.881203923820797,CFG731_cf4bb519cec0df2f,1,0.881203923820797,True,SYNTHETIC,synthetic_engineer_v1
RFQ731-002668,X731,6,CFG731_219ac3d01befd6d1,0.9210535194759474,CFG731_3d79b5ed69541acc,5,0.48447271195800623,False,SYNTHETIC,synthetic_engineer_v1
RFQ731-002669,G731ST-LT,4,CFG731_395f3e5588a2c3c0,0.849624886337376,CFG731_c563d973b2fc136b,3,0.3592888961215945,False,SYNTHETIC,synthetic_engineer_v1
RFQ731-002670,X731,3,CFG731_11da8cc369b71f5a,0.8654145212405865,CFG731_ba17ab216ae91e1a,3,0.38022493348333436,False,SYNTHETIC,synthetic_engineer_v1
RFQ731-002671,X731,5,CFG731_e80085d86d0bbfa9,0.8496244545273759,CFG731_8f5c90133a157a3c,5,0.2298768357227121,False,SYNTHETIC,synthetic_engineer_v1
RFQ731-002672,G731ST-LT,2,CFG731_10085782ed0991cf,0.8654139157445865,CFG731_395f3e5588a2c3c0,2,0.8654135822285866,False,SYNTHETIC,synthetic_engineer_v1
RFQ731-002673,G731CA,1,CFG731_19ec976991ce75a9,0.8353388432996616,CFG731_19ec976991ce75a9,1,0.8353388432996616,True,SYNTHETIC,synthetic_engineer_v1
RFQ731-002674,G731ST-LT,4,CFG731_715a3d3226cbaffd,0.9210534496009474,CFG731_9c6b16fef6d02aaf,4,0.35763406364688854,False,SYNTHETIC,synthetic_engineer_v1
RFQ731-002675,G731ST-HT,12,CFG731_bbffb73f3dff6787,0.9052636065177369,CFG731_9eed4a2d2e84d134,12,0.21868250583179563,False,SYNTHETIC,synthetic_engineer_v1
RFQ731-002676,X731,2,CFG731_ae226e31119be9bd,0.9052634883837369,CFG731_6b2b46dd281009ce,2,0.46960162322285454,False,SYNTHETIC,synthetic_engineer_v1
RFQ731-002677,X731,2,CFG731_0db950a4979d2c52,0.9526316570443684,CFG731_fa6b5a7df55858c0,2,0.4493233936019566,False,SYNTHETIC,synthetic_engineer_v1
RFQ731-002678,X731,7,CFG731_c39096767a7ae083,0.9210527358909474,CFG731_86b45f3244313c4c,6,0.23649436936653562,False,SYNTHETIC,synthetic_engineer_v1
RFQ731-002679,X731,8,CFG731_b4987f1c95e91d0d,0.9052635747177369,CFG731_aa8c30a4f1baca2e,7,0.4019548894153251,False,SYNTHETIC,synthetic_engineer_v1
RFQ731-002680,X731,2,CFG731_467283c67651467d,0.37397538428433436,CFG731_467283c67651467d,1,0.37397538428433436,True,SYNTHETIC,synthetic_engineer_v1
RFQ731-002681,F731WD_DUALCHANNEL,2,CFG731_819cb4e76943eca6,0.7879708695390301,CFG731_37e3938c6089bb2d,2,0.7879706677560301,False,SYNTHETIC,synthetic_engineer_v1
RFQ731-002682,F731PW,1,CFG731_7785b2914ebb6eaf,0.8180457113509549,CFG731_7785b2914ebb6eaf,1,0.8180457113509549,True,SYNTHETIC,synthetic_engineer_v1
RFQ731-002683,X731,4,CFG731_5dd42015f6f61801,0.936842183708158,CFG731_b92916814fce7b8e,3,0.4989752146263344,False,SYNTHETIC,synthetic_engineer_v1
RFQ731-002684,G731ST-HT,4,CFG731_bbffb73f3dff6787,0.9210529671189474,CFG731_9681c4eec01b7fad,2,0.8496245157703759,False,SYNTHETIC,synthetic_engineer_v1
RFQ731-002685,F731TE,2,CFG731_b7c1a02b25610507,0.7879703080530301,CFG731_b7c1a02b25610507,1,0.7879703080530301,True,SYNTHETIC,synthetic_engineer_v1
RFQ731-002686,X731,3,CFG731_8f470181ad32eeae,0.8654144176605866,CFG731_5ae746dac49a854b,3,0.3684604065129814,False,SYNTHETIC,synthetic_engineer_v1
RFQ731-002687,X731,11,CFG731_8c50542218db5cb0,0.9052635752047369,CFG731_bd51fba2aacb1a3c,11,0.21868290386179565,False,SYNTHETIC,synthetic_engineer_v1
RFQ731-002688,G731ST-LT,2,CFG731_8da1da530d6ae54d,0.8654143054875866,CFG731_bd3c08ff576a8cab,2,0.8511281518838721,False,SYNTHETIC,synthetic_engineer_v1
RFQ731-002689,F731PW,1,CFG731_0781a0fecc8f46d5,0.8180457120459549,CFG731_0781a0fecc8f46d5,1,0.8180457120459549,True,SYNTHETIC,synthetic_engineer_v1
RFQ731-002690,X731,2,CFG731_11da8cc369b71f5a,0.881203532728797,CFG731_bf7f206c47d2ca18,2,0.3908673500110155,False,SYNTHETIC,synthetic_engineer_v1
RFQ731-002691,X731,1,CFG731_e08dfad4737be3d9,0.968421860134579,CFG731_e08dfad4737be3d9,1,0.968421860134579,True,SYNTHETIC,synthetic_engineer_v1
RFQ731-002692,F731TE,2,CFG731_344778a042931752,0.7879706156350301,CFG731_344778a042931752,1,0.7879706156350301,True,SYNTHETIC,synthetic_engineer_v1
RFQ731-002693,F731PW,1,CFG731_7785b2914ebb6eaf,0.8180452440329549,CFG731_7785b2914ebb6eaf,1,0.8180452440329549,True,SYNTHETIC,synthetic_engineer_v1
RFQ731-002694,G731ST-HT,2,CFG731_8b18ac1c34209d63,0.9368430459051579,CFG731_ef8d68b6d278bfec,2,0.4335333934227461,False,SYNTHETIC,synthetic_engineer_v1
RFQ731-002695,G731CA,2,CFG731_d97c333965654bd3,0.8037599288532405,CFG731_d97c333965654bd3,1,0.8037599288532405,True,SYNTHETIC,synthetic_engineer_v1
RFQ731-002696,F731WD_SINGLECHANNEL,1,CFG731_a7d2a5a9ae465701,0.8195492097834511,CFG731_a7d2a5a9ae465701,1,0.8195492097834511,True,SYNTHETIC,synthetic_engineer_v1
RFQ731-002697,X731,2,CFG731_89772de94df83ba5,0.8496244695313759,CFG731_0988a349490181d9,2,0.2324502164864768,False,SYNTHETIC,synthetic_engineer_v1
RFQ731-002698,G731ST-HT,8,CFG731_a3b03637ed22317c,0.9052636715107368,CFG731_c209599718b42485,7,0.40195498205632507,False,SYNTHETIC,synthetic_engineer_v1
RFQ731-002699,X731,4,CFG731_f97e51d1da57d99f,0.849624552297376,CFG731_18e687233239e907,3,0.4146189100965356,False,SYNTHETIC,synthetic_engineer_v1
RFQ731-002700,G731CA,1,CFG731_d2a75fda6f761c1b,0.48704535437877094,CFG731_d2a75fda6f761c1b,1,0.48704535437877094,True,SYNTHETIC,synthetic_engineer_v1
RFQ731-002701,G731ST-HT,8,CFG731_a3b03637ed22317c,0.9052635980637369,CFG731_c209599718b42485,7,0.4019547796283251,False,SYNTHETIC,synthetic_engineer_v1
RFQ731-002702,G731ST-LT,4,CFG731_e0009be417f51ccd,0.9210531957849474,CFG731_b3d0283738532d82,3,0.48539104332706506,False,SYNTHETIC,synthetic_engineer_v1
RFQ731-002703,G731ST-HT,2,CFG731_bbffb73f3dff6787,0.936842113096158,CFG731_68193b179adae994,2,0.8939855378010151,False,SYNTHETIC,synthetic_engineer_v1
RFQ731-002704,G731ST-LT,1,CFG731_7f5bfa7b21e81359,0.9526323159343684,CFG731_7f5bfa7b21e81359,1,0.9526323159343684,True,SYNTHETIC,synthetic_engineer_v1
RFQ731-002705,X731,1,CFG731_c4bcee3a1477eeea,0.3794895844276873,CFG731_c4bcee3a1477eeea,1,0.3794895844276873,True,SYNTHETIC,synthetic_engineer_v1
RFQ731-002706,X731,2,CFG731_b7e96d5717c40fd6,0.9526324364303684,CFG731_2683cf7e09782f5e,2,0.9097745177482256,False,SYNTHETIC,synthetic_engineer_v1
RFQ731-002707,G731ST-LT,1,CFG731_a40ab19ad6671fbe,0.9526322178223684,CFG731_a40ab19ad6671fbe,1,0.9526322178223684,True,SYNTHETIC,synthetic_engineer_v1
RFQ731-002708,F731TE,2,CFG731_b27467571d893d92,0.7879705375950301,CFG731_b27467571d893d92,1,0.7879705375950301,True,SYNTHETIC,synthetic_engineer_v1
RFQ731-002709,G731ST-LT,2,CFG731_e0009be417f51ccd,0.936842871778158,CFG731_750dd83a06ba43cb,2,0.4335336830577461,False,SYNTHETIC,synthetic_engineer_v1
RFQ731-002710,X731,5,CFG731_0fbee36816b7af98,0.8654140846665865,CFG731_2defd08a3d98d7b7,5,0.25044529852362846,False,SYNTHETIC,synthetic_engineer_v1
RFQ731-002711,X731,2,CFG731_4e59e6fc4174afa3,0.46739625687591335,CFG731_1cb3c1a9a0d94a34,2,0.21776375700673684,False,SYNTHETIC,synthetic_engineer_v1
RFQ731-002712,X731,1,CFG731_9a659fd01cd1d239,0.35011642638320745,CFG731_9a659fd01cd1d239,1,0.35011642638320745,True,SYNTHETIC,synthetic_engineer_v1
RFQ731-002713,G731ST-LT,4,CFG731_a40ab19ad6671fbe,0.9210532509239473,CFG731_e1516ef53069d5e2,3,0.485391156714065,False,SYNTHETIC,synthetic_engineer_v1
RFQ731-002714,X731,1,CFG731_fb16e30f5bbb87f2,0.8511282384098722,CFG731_fb16e30f5bbb87f2,1,0.8511282384098722,True,SYNTHETIC,synthetic_engineer_v1
RFQ731-002715,F731WD_DUALCHANNEL,1,CFG731_819cb4e76943eca6,0.8195497124784511,CFG731_819cb4e76943eca6,1,0.8195497124784511,True,SYNTHETIC,synthetic_engineer_v1
RFQ731-002716,X731,2,CFG731_36c553adc9f5ebf3,0.8654140389295866,CFG731_d8c9e5b1edc3b4b3,2,0.3794895986816873,False,SYNTHETIC,synthetic_engineer_v1
RFQ731-002717,G731CA,2,CFG731_dc8a3bad7d99b8ea,0.8037594893272406,CFG731_dc8a3bad7d99b8ea,1,0.8037594893272406,True,SYNTHETIC,synthetic_engineer_v1
RFQ731-002718,G731CA,1,CFG731_757fbd3e8915b462,0.8353387753836616,CFG731_757fbd3e8915b462,1,0.8353387753836616,True,SYNTHETIC,synthetic_engineer_v1
RFQ731-002719,G731CA,1,CFG731_55e37d2b9d20276c,0.8353387580156616,CFG731_55e37d2b9d20276c,1,0.8353387580156616,True,SYNTHETIC,synthetic_engineer_v1
RFQ731-002720,G731CA,2,CFG731_98ec9650b5463fd0,0.8037594270342405,CFG731_98ec9650b5463fd0,1,0.8037594270342405,True,SYNTHETIC,synthetic_engineer_v1
RFQ731-002721,F731TE,1,CFG731_574aa7a29f75cd60,0.8338352066461655,CFG731_574aa7a29f75cd60,1,0.8338352066461655,True,SYNTHETIC,synthetic_engineer_v1
RFQ731-002722,G731ST-LT,2,CFG731_7f5bfa7b21e81359,0.9368427033411579,CFG731_0e146b48e4ed8b98,2,0.8939854061750151,False,SYNTHETIC,synthetic_engineer_v1
RFQ731-002723,G731ST-HT,1,CFG731_a56f1437a0b4ca31,0.881203500170797,CFG731_a56f1437a0b4ca31,1,0.881203500170797,True,SYNTHETIC,synthetic_engineer_v1
RFQ731-002724,G731ST-HT,4,CFG731_8b18ac1c34209d63,0.9210534227779473,CFG731_d44e54f35ee15977,3,0.8353390356446616,False,SYNTHETIC,synthetic_engineer_v1
RFQ731-002725,F731WD_SINGLECHANNEL,2,CFG731_70b6eaf9262ca4d0,0.7879708960730301,CFG731_400b0d973c930668,2,0.7879701456780301,False,SYNTHETIC,synthetic_engineer_v1
RFQ731-002726,F731TE,1,CFG731_7113759c5b95914d,0.3346749694736192,CFG731_7113759c5b95914d,1,0.3346749694736192,True,SYNTHETIC,synthetic_engineer_v1
RFQ731-002727,X731,6,CFG731_c39096767a7ae083,0.9368429123931579,CFG731_b8070c62182175c5,6,0.25044540889762845,False,SYNTHETIC,synthetic_engineer_v1
RFQ731-002728,X731,1,CFG731_1147f9711c4bff84,0.9210533016929473,CFG731_1147f9711c4bff84,1,0.9210533016929473,True,SYNTHETIC,synthetic_engineer_v1
RFQ731-002729,G731ST-HT,1,CFG731_bbffb73f3dff6787,0.9526321080273684,CFG731_bbffb73f3dff6787,1,0.9526321080273684,True,SYNTHETIC,synthetic_engineer_v1
RFQ731-002730,X731,2,CFG731_f87794e7a98d0b11,0.9526322929413684,CFG731_aef6446574fba0ea,2,0.38719051059578014,False,SYNTHETIC,synthetic_engineer_v1
RFQ731-002731,X731,1,CFG731_fb3a51904298e616,0.849624073890376,CFG731_fb3a51904298e616,1,0.849624073890376,True,SYNTHETIC,synthetic_engineer_v1
RFQ731-002732,X731,1,CFG731_63fe6cb51777cd72,0.3581857421191238,CFG731_63fe6cb51777cd72,1,0.3581857421191238,True,SYNTHETIC,synthetic_engineer_v1
RFQ731-002733,X731,2,CFG731_ddd1ce28a3456ff6,0.8654142226655865,CFG731_935bc110c01e9e85,2,0.8654137067125866,False,SYNTHETIC,synthetic_engineer_v1
RFQ731-002734,X731,6,CFG731_91e51485b56960b2,0.9210527244429474,CFG731_8e5ce09a779d2284,4,0.4177446186425356,False,SYNTHETIC,synthetic_engineer_v1
RFQ731-002735,X731,2,CFG731_e80085d86d0bbfa9,0.881203147297797,CFG731_c3481d11b658e1e9,2,0.39527875918789784,False,SYNTHETIC,synthetic_engineer_v1
RFQ731-002736,F731TE,1,CFG731_7c93880f0c6b22c5,0.8338347204341655,CFG731_7c93880f0c6b22c5,1,0.8338347204341655,True,SYNTHETIC,synthetic_engineer_v1
RFQ731-002737,G731ST-HT,4,CFG731_c3a136a8630f644d,0.849624199668376,CFG731_82d9cee5883aea0f,3,0.35928820931359445,False,SYNTHETIC,synthetic_engineer_v1
RFQ731-002738,X731,2,CFG731_3b2a32abbf148ca1,0.9526322913683684,CFG731_8c429238b2628537,2,0.44932308512595664,False,SYNTHETIC,synthetic_engineer_v1
RFQ731-002739,X731,1,CFG731_de371e3e32a80802,0.36590565341941794,CFG731_de371e3e32a80802,1,0.36590565341941794,True,SYNTHETIC,synthetic_engineer_v1
RFQ731-002740,G731ST-HT,4,CFG731_a3b03637ed22317c,0.9210534493049474,CFG731_6cc2f5d089c01baf,3,0.8353390406366616,False,SYNTHETIC,synthetic_engineer_v1
RFQ731-002741,X731,2,CFG731_62d0f0f6bab9bdcb,0.9368421286001579,CFG731_9fcbeaf9d5010d3a,2,0.4335339039957461,False,SYNTHETIC,synthetic_engineer_v1
RFQ731-002742,F731TE,1,CFG731_874928f24c55285e,0.3346756959996192,CFG731_874928f24c55285e,1,0.3346756959996192,True,SYNTHETIC,synthetic_engineer_v1
RFQ731-002743,G731CA,1,CFG731_b97ce0f180acf155,0.8353393342296616,CFG731_b97ce0f180acf155,1,0.8353393342296616,True,SYNTHETIC,synthetic_engineer_v1
RFQ731-002744,X731,1,CFG731_4d7e108ea05eeb07,0.9210535564669473,CFG731_4d7e108ea05eeb07,1,0.9210535564669473,True,SYNTHETIC,synthetic_engineer_v1
RFQ731-002745,X731,2,CFG731_2be17a56b0589fd1,0.9368425766721579,CFG731_c6a3ff6155563d17,2,0.43353369546674614,False,SYNTHETIC,synthetic_engineer_v1
RFQ731-002746,X731,1,CFG731_97796c9ac2811c94,0.881203504675797,CFG731_97796c9ac2811c94,1,0.881203504675797,True,SYNTHETIC,synthetic_engineer_v1
RFQ731-002747,X731,6,CFG731_fb1ab4b34e9c8a75,0.849624769447376,CFG731_b3cd6a1a19fbc328,5,0.36057529100347674,False,SYNTHETIC,synthetic_engineer_v1
RFQ731-002748,X731,1,CFG731_a41fe4e67e82e94f,0.2537547907040402,CFG731_a41fe4e67e82e94f,1,0.2537547907040402,True,SYNTHETIC,synthetic_engineer_v1
RFQ731-002749,X731,6,CFG731_b7e96d5717c40fd6,0.9210528445559474,CFG731_fe424f85d85e1c0c,5,0.3526709007207709,False,SYNTHETIC,synthetic_engineer_v1
RFQ731-002750,X731,4,CFG731_c39096767a7ae083,0.9368424519241579,CFG731_4da2b3fd83325505,3,0.5008127171254521,False,SYNTHETIC,synthetic_engineer_v1
RFQ731-002751,X731,5,CFG731_8f470181ad32eeae,0.8496249009843759,CFG731_96d353c7a2763a68,5,0.22472989010118266,False,SYNTHETIC,synthetic_engineer_v1
RFQ731-002752,X731,2,CFG731_117f19eb2913314e,0.5147639374785449,CFG731_117f19eb2913314e,1,0.5147639374785449,True,SYNTHETIC,synthetic_engineer_v1
RFQ731-002753,X731,3,CFG731_abcee67081353f16,0.9210529695529474,CFG731_64e162d496afc031,3,0.48502411915424154,False,SYNTHETIC,synthetic_engineer_v1
RFQ731-002754,F731WD_DUALCHANNEL,1,CFG731_af8fc23bebdac123,0.3968075925927957,CFG731_af8fc23bebdac123,1,0.3968075925927957,True,SYNTHETIC,synthetic_engineer_v1
RFQ731-002755,X731,1,CFG731_0fbee36816b7af98,0.8969929176620076,CFG731_0fbee36816b7af98,1,0.8969929176620076,True,SYNTHETIC,synthetic_engineer_v1
RFQ731-002756,X731,2,CFG731_f0e6b17b1bb2d5ab,0.33541038094626624,CFG731_c640b5e8e10ff5e6,2,0.20783724484050153,False,SYNTHETIC,synthetic_engineer_v1
RFQ731-002757,F731TE,1,CFG731_81bffae40f4c3a60,0.4712565060825604,CFG731_81bffae40f4c3a60,1,0.4712565060825604,True,SYNTHETIC,synthetic_engineer_v1
RFQ731-002758,F731TE,1,CFG731_54559f782190a122,0.8338354987341655,CFG731_54559f782190a122,1,0.8338354987341655,True,SYNTHETIC,synthetic_engineer_v1
RFQ731-002759,X731,2,CFG731_2d0a81ff4ec49480,0.3827791605248978,CFG731_e66ce98c9fc7fa3b,2,0.2695433815732507,False,SYNTHETIC,synthetic_engineer_v1
RFQ731-002760,F731WD_DUALCHANNEL,4,CFG731_cd1c2b236ffda331,0.7721814113518195,CFG731_f53899c7a09e0138,4,0.28473309557522297,False,SYNTHETIC,synthetic_engineer_v1
RFQ731-002761,X731,2,CFG731_c9f7a6e9a165e99d,0.37691605429792263,CFG731_c9f7a6e9a165e99d,1,0.37691605429792263,True,SYNTHETIC,synthetic_engineer_v1
RFQ731-002762,X731,4,CFG731_5dd42015f6f61801,0.9368425881671579,CFG731_663e1e93ec389f08,3,0.500813280628452,False,SYNTHETIC,synthetic_engineer_v1
RFQ731-002763,G731ST-HT,8,CFG731_bbffb73f3dff6787,0.9052637787677369,CFG731_403f51b2e914043b,8,0.40195443703332506,False,SYNTHETIC,synthetic_engineer_v1
RFQ731-002764,X731,4,CFG731_c39096767a7ae083,0.9368428783511579,CFG731_4da2b3fd83325505,3,0.500813086879452,False,SYNTHETIC,synthetic_engineer_v1
RFQ731-002765,G731ST-HT,2,CFG731_cc9ac35e4d9a1854,0.9368426048321579,CFG731_143205a81a2e7efc,2,0.4335337443427461,False,SYNTHETIC,synthetic_engineer_v1
RFQ731-002766,G731ST-LT,1,CFG731_32b4b1ec4513af66,0.881203667171797,CFG731_32b4b1ec4513af66,1,0.881203667171797,True,SYNTHETIC,synthetic_engineer_v1
RFQ731-002767,G731CA,1,CFG731_5bfe9492c76587ec,0.4870454563147709,CFG731_5bfe9492c76587ec,1,0.4870454563147709,True,SYNTHETIC,synthetic_engineer_v1
RFQ731-002768,X731,4,CFG731_5dd42015f6f61801,0.9368422315901579,CFG731_b5f8987a85e1ce9a,2,0.8654140646435865,False,SYNTHETIC,synthetic_engineer_v1
RFQ731-002769,F731TE,2,CFG731_b7c1a02b25610507,0.7879706835810301,CFG731_b7c1a02b25610507,1,0.7879706835810301,True,SYNTHETIC,synthetic_engineer_v1
RFQ731-002770,F731TE,1,CFG731_7113759c5b95914d,0.3346753418536192,CFG731_7113759c5b95914d,1,0.3346753418536192,True,SYNTHETIC,synthetic_engineer_v1
RFQ731-002771,X731,4,CFG731_36c553adc9f5ebf3,0.8496249673323759,CFG731_089eb10797cdf87e,3,0.36443574095612385,False,SYNTHETIC,synthetic_engineer_v1
RFQ731-002772,G731ST-HT,2,CFG731_a3b03637ed22317c,0.9368426148231579,CFG731_dde2f7fe043f7ade,2,0.8939852205280151,False,SYNTHETIC,synthetic_engineer_v1
RFQ731-002773,X731,2,CFG731_da02526d254e2e35,0.9368422066081579,CFG731_b661f405414c476e,2,0.43353331758874614,False,SYNTHETIC,synthetic_engineer_v1
RFQ731-002774,X731,2,CFG731_fb1ab4b34e9c8a75,0.8654137414795865,CFG731_509cb555eca833a1,2,0.8511281064588722,False,SYNTHETIC,synthetic_engineer_v1
RFQ731-002775,G731CA,1,CFG731_7e4e2943182c4add,0.3504653364508297,CFG731_7e4e2943182c4add,1,0.3504653364508297,True,SYNTHETIC,synthetic_engineer_v1
RFQ731-002776,X731,2,CFG731_db983e07a279051a,0.9052631874027369,CFG731_67704f1a817ad4cd,2,0.46960189462885454,False,SYNTHETIC,synthetic_engineer_v1
RFQ731-002777,X731,2,CFG731_bbcb665ced67f8c3,0.8654140509155865,CFG731_696639c1a9f714c1,2,0.375077573398805,False,SYNTHETIC,synthetic_engineer_v1
RFQ731-002778,X731,4,CFG731_8c50542218db5cb0,0.9210528065559473,CFG731_fc0b29ae617f0a6b,2,0.8496243027903759,False,SYNTHETIC,synthetic_engineer_v1
RFQ731-002779,G731ST-LT,4,CFG731_e0009be417f51ccd,0.9210528624349473,CFG731_b3d0283738532d82,3,0.48539113447706506,False,SYNTHETIC,synthetic_engineer_v1
RFQ731-002780,X731,4,CFG731_62d0f0f6bab9bdcb,0.9210526542279474,CFG731_57b3b3a6958ee330,3,0.48539144493706504,False,SYNTHETIC,synthetic_engineer_v1
RFQ731-002781,G731CA,1,CFG731_0738cd529389f266,0.8353389049726616,CFG731_0738cd529389f266,1,0.8353389049726616,True,SYNTHETIC,synthetic_engineer_v1
RFQ731-002782,G731ST-LT,2,CFG731_7f5bfa7b21e81359,0.9368421784571579,CFG731_0e146b48e4ed8b98,2,0.8939851202870152,False,SYNTHETIC,synthetic_engineer_v1
RFQ731-002783,X731,6,CFG731_60f3aae8ede70fe0,0.9368424270261579,CFG731_338a3238e967f681,5,0.5002615733732168,False,SYNTHETIC,synthetic_engineer_v1
RFQ731-002784,G731ST-LT,2,CFG731_e0009be417f51ccd,0.9368421156761579,CFG731_c5da2661a169f82b,2,0.8939854198150151,False,SYNTHETIC,synthetic_engineer_v1
RFQ731-002785,X731,3,CFG731_f97e51d1da57d99f,0.849624720926376,CFG731_b8db8783f5774853,3,0.35230276633094737,False,SYNTHETIC,synthetic_engineer_v1
RFQ731-002786,X731,2,CFG731_db395082b1a3b8ac,0.9052640383537369,CFG731_73e28cb740f9cabe,2,0.33577883643508977,False,SYNTHETIC,synthetic_engineer_v1
RFQ731-002787,G731ST-LT,2,CFG731_7f5bfa7b21e81359,0.9368428142611579,CFG731_49cd4cbef1081333,2,0.43353378517374613,False,SYNTHETIC,synthetic_engineer_v1
RFQ731-002788,G731ST-HT,4,CFG731_c3a136a8630f644d,0.849624651518376,CFG731_82d9cee5883aea0f,4,0.35928795981359446,False,SYNTHETIC,synthetic_engineer_v1
RFQ731-002789,X731,4,CFG731_d723355141502003,0.818045754360955,CFG731_c691e1b97ac6f4f0,3,0.33065102457376166,False,SYNTHETIC,synthetic_engineer_v1
RFQ731-002790,X731,4,CFG731_abcee67081353f16,0.9210531364469473,CFG731_ebf26b0112810ef9,2,0.8496241317593759,False,SYNTHETIC,synthetic_engineer_v1
RFQ731-002791,F731WD_SINGLECHANNEL,1,CFG731_9a761e6bfde35917,0.39680760804679566,CFG731_9a761e6bfde35917,1,0.39680760804679566,True,SYNTHETIC,synthetic_engineer_v1
RFQ731-002792,G731ST-HT,11,CFG731_63eca10a00ae1f5d,0.9052634425857369,CFG731_37f66c3948c00e57,5,0.4686830409677957,False,SYNTHETIC,synthetic_engineer_v1
RFQ731-002793,X731,3,CFG731_c887ba58c35036a9,0.9210530860559474,CFG731_ef2da8cd513b19be,3,0.4850236810202415,False,SYNTHETIC,synthetic_engineer_v1
RFQ731-002794,X731,2,CFG731_7d1aac31230162fc,0.8338347227521655,CFG731_947b0b2717816adb,2,0.8195489988764512,False,SYNTHETIC,synthetic_engineer_v1
RFQ731-002795,X731,1,CFG731_228013cfd0470f7a,0.2537542846300402,CFG731_228013cfd0470f7a,1,0.2537542846300402,True,SYNTHETIC,synthetic_engineer_v1
RFQ731-002796,X731,4,CFG731_8f470181ad32eeae,0.8654143193635865,CFG731_5aad423ad5989441,3,0.4304091428257461,False,SYNTHETIC,synthetic_engineer_v1
RFQ731-002797,X731,5,CFG731_36c553adc9f5ebf3,0.8338349365121654,CFG731_70aa05e83d20d403,5,0.22033748660350155,False,SYNTHETIC,synthetic_engineer_v1
RFQ731-002798,G731ST-LT,2,CFG731_ab4075c601d1397c,0.8654141021785865,CFG731_77dd17c48f15826c,2,0.8654136069045866,False,SYNTHETIC,synthetic_engineer_v1
RFQ731-002799,X731,2,CFG731_b4987f1c95e91d0d,0.9368429362391579,CFG731_24a2c6ef94654845,2,0.8939859111460151,False,SYNTHETIC,synthetic_engineer_v1
RFQ731-002800,G731ST-LT,2,CFG731_7f5bfa7b21e81359,0.9368423127661579,CFG731_2469d1b04bd775f6,2,0.43353397678274613,False,SYNTHETIC,synthetic_engineer_v1
RFQ731-002801,F731WD_SINGLECHANNEL,2,CFG731_0be7d6198235486b,0.7879701554660301,CFG731_0be7d6198235486b,1,0.7879701554660301,True,SYNTHETIC,synthetic_engineer_v1
RFQ731-002802,X731,5,CFG731_241d60e6ef5278be,0.8338355427941655,CFG731_62b88f35eaf74362,5,0.22033669385950155,False,SYNTHETIC,synthetic_engineer_v1
RFQ731-002803,X731,8,CFG731_2be17a56b0589fd1,0.9052635902337369,CFG731_f0818b6e9953d652,8,0.2225432262074427,False,SYNTHETIC,synthetic_engineer_v1
RFQ731-002804,G731CA,1,CFG731_d2a75fda6f761c1b,0.4870459453947709,CFG731_d2a75fda6f761c1b,1,0.4870459453947709,True,SYNTHETIC,synthetic_engineer_v1
RFQ731-002805,G731ST-LT,4,CFG731_0fdf5c36c9c41e69,0.849625015234376,CFG731_671960d0fb04b698,3,0.4870457154757709,False,SYNTHETIC,synthetic_engineer_v1
RFQ731-002806,G731ST-LT,1,CFG731_e0009be417f51ccd,0.9526319344453684,CFG731_e0009be417f51ccd,1,0.9526319344453684,True,SYNTHETIC,synthetic_engineer_v1
RFQ731-002807,F731WD_DUALCHANNEL,2,CFG731_819cb4e76943eca6,0.8037596640482405,CFG731_c37386a371e13fa8,2,0.4554671480393499,False,SYNTHETIC,synthetic_engineer_v1
RFQ731-002808,X731,6,CFG731_b4987f1c95e91d0d,0.9052636824087369,CFG731_071ad1736ef73ba8,3,0.469234500396031,False,SYNTHETIC,synthetic_engineer_v1
RFQ731-002809,X731,4,CFG731_ef6e203c92a71c88,0.48318581373612385,CFG731_ef6e203c92a71c88,1,0.48318581373612385,True,SYNTHETIC,synthetic_engineer_v1
RFQ731-002810,G731CA,1,CFG731_d2a75fda6f761c1b,0.4870461577487709,CFG731_d2a75fda6f761c1b,1,0.4870461577487709,True,SYNTHETIC,synthetic_engineer_v1
RFQ731-002811,F731WD_DUALCHANNEL,1,CFG731_a4610f5f38e7d946,0.8338349321301655,CFG731_a4610f5f38e7d946,1,0.8338349321301655,True,SYNTHETIC,synthetic_engineer_v1
RFQ731-002812,G731CA,1,CFG731_acbf4c45af55caad,0.8353390867706616,CFG731_acbf4c45af55caad,1,0.8353390867706616,True,SYNTHETIC,synthetic_engineer_v1
RFQ731-002813,X731,2,CFG731_0fbee36816b7af98,0.881203532841797,CFG731_b74fb5418dad3b38,2,0.881203109778797,False,SYNTHETIC,synthetic_engineer_v1
RFQ731-002814,G731ST-HT,2,CFG731_831a7150258499af,0.8654143533865866,CFG731_e2d64e127f97296d,2,0.8511286735648722,False,SYNTHETIC,synthetic_engineer_v1
RFQ731-002815,X731,8,CFG731_da02526d254e2e35,0.9052634057067369,CFG731_c976e33226ef748e,8,0.4019548063913251,False,SYNTHETIC,synthetic_engineer_v1
RFQ731-002816,X731,2,CFG731_67de76f701c9cfad,0.3680927703201579,CFG731_c348ae803bb36511,2,0.2430923318461579,False,SYNTHETIC,synthetic_engineer_v1
RFQ731-002817,X731,4,CFG731_70aa5a64b0803277,0.849624444225376,CFG731_e3b7a52ea0694eb1,3,0.3637006607054768,False,SYNTHETIC,synthetic_engineer_v1
RFQ731-002818,X731,2,CFG731_62d0f0f6bab9bdcb,0.9368424523861579,CFG731_34e092c266a308aa,2,0.3714018019825696,False,SYNTHETIC,synthetic_engineer_v1
RFQ731-002819,G731ST-HT,2,CFG731_c32627af59ba1526,0.8654143414675866,CFG731_c32627af59ba1526,1,0.8654143414675866,True,SYNTHETIC,synthetic_engineer_v1
RFQ731-002820,F731WD_DUALCHANNEL,2,CFG731_819cb4e76943eca6,0.8037602596192406,CFG731_c37386a371e13fa8,2,0.45546729296134986,False,SYNTHETIC,synthetic_engineer_v1
RFQ731-002821,G731ST-HT,12,CFG731_076cad91966d4c34,0.8338355347771654,CFG731_1e3e39ce65cdb22f,11,0.21721260116850155,False,SYNTHETIC,synthetic_engineer_v1
RFQ731-002822,X731,13,CFG731_e08dfad4737be3d9,0.9052635687827368,CFG731_ae1c24f394311970,13,0.21702803444608976,False,SYNTHETIC,synthetic_engineer_v1
RFQ731-002823,X731,1,CFG731_f87794e7a98d0b11,0.9684218849945789,CFG731_f87794e7a98d0b11,1,0.9684218849945789,True,SYNTHETIC,synthetic_engineer_v1
RFQ731-002824,F731TE,1,CFG731_ec26805bdf93259f,0.8338347085731654,CFG731_ec26805bdf93259f,1,0.8338347085731654,True,SYNTHETIC,synthetic_engineer_v1
RFQ731-002825,X731,2,CFG731_608c0251ef380592,0.9368423779261579,CFG731_6b809c836e3ca8a1,2,0.37140155478756964,False,SYNTHETIC,synthetic_engineer_v1
RFQ731-002826,X731,7,CFG731_5dd42015f6f61801,0.9210530442409474,CFG731_917fc613cc9bf56a,3,0.4850233742982415,False,SYNTHETIC,synthetic_engineer_v1
RFQ731-002827,X731,12,CFG731_219ac3d01befd6d1,0.9052636706647369,CFG731_b418359232bf5862,10,0.34055759137979563,False,SYNTHETIC,synthetic_engineer_v1
RFQ731-002828,G731ST-LT,2,CFG731_d124ccffa669c3a2,0.9368430038841579,CFG731_16700b9d004fb9de,2,0.4335339905507461,False,SYNTHETIC,synthetic_engineer_v1
RFQ731-002829,X731,2,CFG731_b8b11650a048baf7,0.8654142746915865,CFG731_9d5f3b4b7b2dfa7b,2,0.3794900780786873,False,SYNTHETIC,synthetic_engineer_v1
RFQ731-002830,X731,3,CFG731_af5b0ebc51685059,0.8654142230005866,CFG731_1c1fb7a32bf0146b,3,0.43040857025574614,False,SYNTHETIC,synthetic_engineer_v1
RFQ731-002831,G731ST-HT,2,CFG731_8b18ac1c34209d63,0.9368426344491579,CFG731_ef8d68b6d278bfec,2,0.4335332903587461,False,SYNTHETIC,synthetic_engineer_v1
RFQ731-002832,G731ST-LT,2,CFG731_7203705eed387b0a,0.8654140533675865,CFG731_7b1edd53e8bbad40,2,0.8654136642485866,False,SYNTHETIC,synthetic_engineer_v1
RFQ731-002833,X731,5,CFG731_91e51485b56960b2,0.9210529370059474,CFG731_b187fb9ad3627171,2,0.48318585521012386,False,SYNTHETIC,synthetic_engineer_v1
RFQ731-002834,X731,4,CFG731_1cbb464ec15ba84f,0.3611262202597121,CFG731_6204dd6ea742eb13,4,0.23355288457494738,False,SYNTHETIC,synthetic_engineer_v1
RFQ731-002835,X731,2,CFG731_c39096767a7ae083,0.9526316602823683,CFG731_1a94d4f54519245f,2,0.4493235878079566,False,SYNTHETIC,synthetic_engineer_v1
RFQ731-002836,G731ST-LT,2,CFG731_1d89d7fdc7355744,0.8654140141955865,CFG731_1d89d7fdc7355744,1,0.8654140141955865,True,SYNTHETIC,synthetic_engineer_v1
RFQ731-002837,X731,2,CFG731_3b2a32abbf148ca1,0.9526319122863683,CFG731_8c429238b2628537,2,0.4493230683819566,False,SYNTHETIC,synthetic_engineer_v1
RFQ731-002838,X731,3,CFG731_e80085d86d0bbfa9,0.8654136410135865,CFG731_34f0f73c6e8d4770,3,0.25412166854586377,False,SYNTHETIC,synthetic_engineer_v1
RFQ731-002839,G731ST-HT,4,CFG731_7b2f69a7ca55041b,0.9210528248409473,CFG731_8216f56c8f1b8479,3,0.48539116571706503,False,SYNTHETIC,synthetic_engineer_v1
RFQ731-002840,X731,2,CFG731_1147f9711c4bff84,0.9052641024337369,CFG731_1434e7eedafa69d1,2,0.3357786374080898,False,SYNTHETIC,synthetic_engineer_v1
RFQ731-002841,G731ST-LT,4,CFG731_7f5bfa7b21e81359,0.9210527489629473,CFG731_2c30adc3f721a104,3,0.8353390007466616,False,SYNTHETIC,synthetic_engineer_v1
RFQ731-002842,X731,11,CFG731_31aa13473958d7d3,0.8180453601239549,CFG731_558c0cc81a7cd52b,10,0.19315083405876157,False,SYNTHETIC,synthetic_engineer_v1
RFQ731-002843,X731,7,CFG731_60f3aae8ede70fe0,0.9210532803249474,CFG731_0d3b04d12b4208a2,6,0.4177444399525356,False,SYNTHETIC,synthetic_engineer_v1
RFQ731-002844,X731,2,CFG731_5e61ce3b60d15e11,0.9526316088243684,CFG731_23a1ed9427c6dc1f,2,0.391970799458486,False,SYNTHETIC,synthetic_engineer_v1
RFQ731-002845,X731,2,CFG731_60f3aae8ede70fe0,0.9526323649943684,CFG731_7f60255816247683,2,0.9097748218302256,False,SYNTHETIC,synthetic_engineer_v1
RFQ731-002846,F731TE,2,CFG731_0c3b33750ffab3ac,0.7879701512760301,CFG731_0c3b33750ffab3ac,1,0.7879701512760301,True,SYNTHETIC,synthetic_engineer_v1
RFQ731-002847,X731,3,CFG731_a432887204e8d090,0.9052640269257369,CFG731_695e540255cc94da,3,0.3464400598419722,False,SYNTHETIC,synthetic_engineer_v1
RFQ731-002848,G731ST-LT,4,CFG731_7882c72c21497015,0.9210534719119473,CFG731_bdfa7cd2dbcb13f7,3,0.48539120843506506,False,SYNTHETIC,synthetic_engineer_v1
RFQ731-002849,F731TE,1,CFG731_d8c69b7395beabbb,0.4712558373545604,CFG731_d8c69b7395beabbb,1,0.4712558373545604,True,SYNTHETIC,synthetic_engineer_v1
RFQ731-002850,G731ST-HT,6,CFG731_cc9ac35e4d9a1854,0.9210529570389473,CFG731_c759934398f2381a,5,0.48447232138700624,False,SYNTHETIC,synthetic_engineer_v1
RFQ731-002851,X731,1,CFG731_0fbee36816b7af98,0.8969930270490075,CFG731_0fbee36816b7af98,1,0.8969930270490075,True,SYNTHETIC,synthetic_engineer_v1
RFQ731-002852,F731WD_DUALCHANNEL,2,CFG731_819cb4e76943eca6,0.8037601795722406,CFG731_c37386a371e13fa8,2,0.4554668446473499,False,SYNTHETIC,synthetic_engineer_v1
RFQ731-002853,X731,10,CFG731_2be17a56b0589fd1,0.8894743229665263,CFG731_a1bf91a6c5841fc0,9,0.20675381610923216,False,SYNTHETIC,synthetic_engineer_v1
RFQ731-002854,X731,2,CFG731_0836695982aaa38c,0.3739754567563343,CFG731_bd2172ffd6b9273a,2,0.37397460289133433,False,SYNTHETIC,synthetic_engineer_v1
RFQ731-002855,X731,9,CFG731_c39096767a7ae083,0.9210533337169473,CFG731_8f7aae9f36234f0e,9,0.23447231186900622,False,SYNTHETIC,synthetic_engineer_v1
RFQ731-002856,X731,4,CFG731_60f3aae8ede70fe0,0.9368426626601579,CFG731_39890affe81b5eb5,3,0.49897450337133437,False,SYNTHETIC,synthetic_engineer_v1
RFQ731-002857,X731,5,CFG731_91e51485b56960b2,0.9368428854861579,CFG731_7c78a4beb9b12eb2,4,0.5002620493162168,False,SYNTHETIC,synthetic_engineer_v1
RFQ731-002858,G731ST-LT,2,CFG731_10085782ed0991cf,0.8654137369285865,CFG731_613ed23f00a94a96,2,0.8511283327198722,False,SYNTHETIC,synthetic_engineer_v1
RFQ731-002859,F731PW,1,CFG731_7fea22051dcc86b6,0.818045442161955,CFG731_7fea22051dcc86b6,1,0.818045442161955,True,SYNTHETIC,synthetic_engineer_v1
RFQ731-002860,X731,1,CFG731_8d78781f8753b72a,0.9210529560169474,CFG731_8d78781f8753b72a,1,0.9210529560169474,True,SYNTHETIC,synthetic_engineer_v1
RFQ731-002861,X731,4,CFG731_32b1041fd68aac23,0.8496242632583759,CFG731_20991e8bae2729c8,3,0.3644352680001238,False,SYNTHETIC,synthetic_engineer_v1
RFQ731-002862,X731,1,CFG731_cfd76bae1adb5727,0.2537545933440402,CFG731_cfd76bae1adb5727,1,0.2537545933440402,True,SYNTHETIC,synthetic_engineer_v1
RFQ731-002863,X731,7,CFG731_e08dfad4737be3d9,0.9210532349809474,CFG731_c9190efaaf22bb3f,3,0.48502411510424154,False,SYNTHETIC,synthetic_engineer_v1
RFQ731-002864,X731,3,CFG731_c887ba58c35036a9,0.9210528358079474,CFG731_ef2da8cd513b19be,3,0.4850240285132415,False,SYNTHETIC,synthetic_engineer_v1
RFQ731-002865,X731,2,CFG731_0db950a4979d2c52,0.9526319327113684,CFG731_fa6b5a7df55858c0,2,0.4493229379609566,False,SYNTHETIC,synthetic_engineer_v1
RFQ731-002866,X731,3,CFG731_e08dfad4737be3d9,0.9368423480351579,CFG731_3a824c7e49bfd8f4,3,0.4989753780673344,False,SYNTHETIC,synthetic_engineer_v1
RFQ731-002867,G731ST-LT,2,CFG731_996314000fcfec4b,0.936842419497158,CFG731_22da0d6030817265,2,0.43353419966074613,False,SYNTHETIC,synthetic_engineer_v1
RFQ731-002868,X731,3,CFG731_2d0a81ff4ec49480,0.3669898437406873,CFG731_f9b0b8723f7e8c60,3,0.2537543364480402,False,SYNTHETIC,synthetic_engineer_v1
RFQ731-002869,X731,8,CFG731_f87794e7a98d0b11,0.9210532799419473,CFG731_f61d3bc030352da6,3,0.4844719930020062,False,SYNTHETIC,synthetic_engineer_v1
RFQ731-002870,X731,3,CFG731_5cfa203ca7029f1c,0.37397481829533435,CFG731_41435e12137a7344,3,0.2537541857600402,False,SYNTHETIC,synthetic_engineer_v1
RFQ731-002871,X731,4,CFG731_ad0a2fd7350b6cca,0.8654136450925866,CFG731_648b3a822a947c68,3,0.5028357305809814,False,SYNTHETIC,synthetic_engineer_v1
RFQ731-002872,G731ST-LT,4,CFG731_32b4b1ec4513af66,0.849624392934376,CFG731_68d95a26943b3650,3,0.4870457415277709,False,SYNTHETIC,synthetic_engineer_v1
RFQ731-002873,G731ST-LT,4,CFG731_0fdf5c36c9c41e69,0.849624934847376,CFG731_671960d0fb04b698,3,0.4870462713167709,False,SYNTHETIC,synthetic_engineer_v1
RFQ731-002874,X731,4,CFG731_2d0a81ff4ec49480,0.3512000503804768,CFG731_f84a3b5f8ae2ffee,3,0.23833246742065325,False,SYNTHETIC,synthetic_engineer_v1
RFQ731-002875,X731,3,CFG731_241d60e6ef5278be,0.8496248678973759,CFG731_981d84ac2d25a7ea,3,0.36443507836912387,False,SYNTHETIC,synthetic_engineer_v1
RFQ731-002876,X731,4,CFG731_ef6e203c92a71c88,0.48318521257012387,CFG731_ef6e203c92a71c88,1,0.48318521257012387,True,SYNTHETIC,synthetic_engineer_v1
RFQ731-002877,X731,4,CFG731_2be17a56b0589fd1,0.9210528478929474,CFG731_1f0c09edcd967945,3,0.4850236396722415,False,SYNTHETIC,synthetic_engineer_v1
RFQ731-002878,G731CA,1,CFG731_757fbd3e8915b462,0.8353387392166616,CFG731_757fbd3e8915b462,1,0.8353387392166616,True,SYNTHETIC,synthetic_engineer_v1
RFQ731-002879,G731ST-LT,7,CFG731_7203705eed387b0a,0.8338352600231654,CFG731_55620bd5ef4cd10a,7,0.21151348767673686,False,SYNTHETIC,synthetic_engineer_v1
RFQ731-002880,G731ST-HT,3,CFG731_fcc72e9951376cf3,0.8654138519105865,CFG731_7c70763d4cf79560,3,0.37636478711568727,False,SYNTHETIC,synthetic_engineer_v1
RFQ731-002881,G731CA,2,CFG731_c7ca2f069d01e42d,0.8037600123632406,CFG731_afa90db347a19822,2,0.3188861433144087,False,SYNTHETIC,synthetic_engineer_v1
RFQ731-002882,X731,4,CFG731_0db950a4979d2c52,0.9368422112591579,CFG731_258498329a834b05,2,0.8654139070895865,False,SYNTHETIC,synthetic_engineer_v1
RFQ731-002883,X731,4,CFG731_cf543b1c3927ab71,0.9210534836289473,CFG731_b228aa35c0b027ac,3,0.3576345026438885,False,SYNTHETIC,synthetic_engineer_v1
RFQ731-002884,X731,7,CFG731_fb16e30f5bbb87f2,0.8195491669654511,CFG731_f560db8c82450ee1,2,0.35011706663820746,False,SYNTHETIC,synthetic_engineer_v1
RFQ731-002885,X731,7,CFG731_8f470181ad32eeae,0.8496248514913759,CFG731_bf623a3fc4d39d84,7,0.23686184967435917,False,SYNTHETIC,synthetic_engineer_v1
RFQ731-002886,X731,4,CFG731_c39096767a7ae083,0.936842736358158,CFG731_4da2b3fd83325505,3,0.500813478675452,False,SYNTHETIC,synthetic_engineer_v1
RFQ731-002887,X731,4,CFG731_4a42ba5932c01b01,0.37691595510292264,CFG731_4cb12f26dcf6f797,3,0.2541224647558638,False,SYNTHETIC,synthetic_engineer_v1
RFQ731-002888,X731,5,CFG731_8d07e19298d09d34,0.849624581902376,CFG731_4158c57c64fd4dcc,5,0.2287737751472415,False,SYNTHETIC,synthetic_engineer_v1
RFQ731-002889,F731PW,1,CFG731_0d8116f4900c6919,0.8180455850059549,CFG731_0d8116f4900c6919,1,0.8180455850059549,True,SYNTHETIC,synthetic_engineer_v1
RFQ731-002890,X731,2,CFG731_a6d4830ed3aa2681,0.936842239597158,CFG731_49fe7a9d3e1ae54e,2,0.37342364861409905,False,SYNTHETIC,synthetic_engineer_v1
RFQ731-002891,F731TE,1,CFG731_8b8ba7e2341f1295,0.4712565444815604,CFG731_8b8ba7e2341f1295,1,0.4712565444815604,True,SYNTHETIC,synthetic_engineer_v1
RFQ731-002892,X731,4,CFG731_8d2d91c46ccfb471,0.9368427206231579,CFG731_22fecf5bb26e1132,3,0.5011806211942755,False,SYNTHETIC,synthetic_engineer_v1
RFQ731-002893,X731,2,CFG731_abcee67081353f16,0.9368423114931579,CFG731_97fec9a076550ea5,2,0.37140144917156964,False,SYNTHETIC,synthetic_engineer_v1
RFQ731-002894,G731ST-HT,1,CFG731_2a989bd6dba74d9f,0.881203235241797,CFG731_2a989bd6dba74d9f,1,0.881203235241797,True,SYNTHETIC,synthetic_engineer_v1
RFQ731-002895,G731ST-HT,2,CFG731_a56f1437a0b4ca31,0.8654142473085865,CFG731_646d8903da63e1f0,2,0.8654141811295866,False,SYNTHETIC,synthetic_engineer_v1
RFQ731-002896,X731,2,CFG731_fd3397424975992e,0.4831852476931239,CFG731_e65df8b5affd7b05,2,0.23796491031382974,False,SYNTHETIC,synthetic_engineer_v1
RFQ731-002897,G731ST-LT,2,CFG731_e0009be417f51ccd,0.9368421456181579,CFG731_c5da2661a169f82b,2,0.8939855575580151,False,SYNTHETIC,synthetic_engineer_v1
RFQ731-002898,G731ST-HT,2,CFG731_8b18ac1c34209d63,0.9368426628451579,CFG731_80619ff0be976225,2,0.8939852434670151,False,SYNTHETIC,synthetic_engineer_v1
RFQ731-002899,G731ST-HT,6,CFG731_4aa7d46b9cfa7d7b,0.9052632566037369,CFG731_72c610ffb054f7c4,3,0.341844886239678,False,SYNTHETIC,synthetic_engineer_v1
RFQ731-002900,X731,1,CFG731_c39096767a7ae083,0.9684213676065789,CFG731_c39096767a7ae083,1,0.9684213676065789,True,SYNTHETIC,synthetic_engineer_v1
RFQ731-002901,X731,8,CFG731_0db950a4979d2c52,0.9210532081999473,CFG731_70b78512b89df53d,6,0.4177445563305356,False,SYNTHETIC,synthetic_engineer_v1
RFQ731-002902,G731ST-HT,2,CFG731_646d8903da63e1f0,0.8654143147395865,CFG731_646d8903da63e1f0,1,0.8654143147395865,True,SYNTHETIC,synthetic_engineer_v1
RFQ731-002903,G731CA,1,CFG731_ed85647cd384c17a,0.8353391205676616,CFG731_ed85647cd384c17a,1,0.8353391205676616,True,SYNTHETIC,synthetic_engineer_v1
RFQ731-002904,X731,11,CFG731_9a0f0b26c7f24725,0.849624756725376,CFG731_6878009af5d30faf,11,0.23447199188000623,False,SYNTHETIC,synthetic_engineer_v1
RFQ731-002905,X731,2,CFG731_219ac3d01befd6d1,0.9368423140631579,CFG731_7eb5b2d6a16dd3a3,2,0.4335333688527461,False,SYNTHETIC,synthetic_engineer_v1
RFQ731-002906,G731CA,2,CFG731_4189e4dbecbffadb,0.4554669170763499,CFG731_b43582909c828d95,2,0.38304027954511455,False,SYNTHETIC,synthetic_engineer_v1
RFQ731-002907,G731ST-LT,4,CFG731_e0009be417f51ccd,0.9210529473889474,CFG731_e4891d6f45902e22,3,0.8353393388526617,False,SYNTHETIC,synthetic_engineer_v1
RFQ731-002908,X731,4,CFG731_9a0f0b26c7f24725,0.8654144767215866,CFG731_f4dfffb8a9fa30f7,4,0.3691958752956285,False,SYNTHETIC,synthetic_engineer_v1
RFQ731-002909,X731,1,CFG731_59f86789e43d86f1,0.5147645650645448,CFG731_59f86789e43d86f1,1,0.5147645650645448,True,SYNTHETIC,synthetic_engineer_v1
RFQ731-002910,X731,6,CFG731_af5b0ebc51685059,0.849624895371376,CFG731_776fc7d42eb46e40,6,0.23649409486153564,False,SYNTHETIC,synthetic_engineer_v1
RFQ731-002911,G731ST-LT,2,CFG731_7203705eed387b0a,0.8654143712305865,CFG731_26c190a4dc461550,2,0.375077487330805,False,SYNTHETIC,synthetic_engineer_v1
RFQ731-002912,X731,2,CFG731_91e51485b56960b2,0.9526321939323684,CFG731_2e0e24cbfe1ca19b,2,0.4493228087949566,False,SYNTHETIC,synthetic_engineer_v1
RFQ731-002913,G731ST-HT,8,CFG731_8b18ac1c34209d63,0.9052638004857368,CFG731_b30ceef5c5f902ca,8,0.40195439657732507,False,SYNTHETIC,synthetic_engineer_v1
RFQ731-002914,X731,2,CFG731_516629085c122a4e,0.9368429909931579,CFG731_fe9a409c6b2ba9cc,2,0.4335335161257461,False,SYNTHETIC,synthetic_engineer_v1
RFQ731-002915,F731TE,1,CFG731_ac57adca497d644f,0.4712561164585604,CFG731_ac57adca497d644f,1,0.4712561164585604,True,SYNTHETIC,synthetic_engineer_v1
RFQ731-002916,G731ST-HT,8,CFG731_4aa7d46b9cfa7d7b,0.9052637153627369,CFG731_ad49f2ad57627f46,8,0.3328368245745016,False,SYNTHETIC,synthetic_engineer_v1
RFQ731-002917,X731,2,CFG731_f87794e7a98d0b11,0.9526317492463684,CFG731_962b6fcde3072947,2,0.391970412907486,False,SYNTHETIC,synthetic_engineer_v1
RFQ731-002918,G731ST-LT,4,CFG731_996314000fcfec4b,0.9210529765959473,CFG731_4c72f78c1186e8f7,3,0.48539114882506507,False,SYNTHETIC,synthetic_engineer_v1
RFQ731-002919,X731,3,CFG731_e08dfad4737be3d9,0.9368426157171579,CFG731_3a824c7e49bfd8f4,3,0.4989750862573344,False,SYNTHETIC,synthetic_engineer_v1
RFQ731-002920,G731ST-HT,2,CFG731_63eca10a00ae1f5d,0.9368423182991579,CFG731_ab3b0ae98d7b2345,2,0.4335334480637461,False,SYNTHETIC,synthetic_engineer_v1
RFQ731-002921,X731,5,CFG731_0fbee36816b7af98,0.8496246369953759,CFG731_7b2620a0a86146ac,5,0.2361265929167121,False,SYNTHETIC,synthetic_engineer_v1
RFQ731-002922,F731TE,2,CFG731_56ccaebbaa08bd29,0.7879703219650301,CFG731_56ccaebbaa08bd29,1,0.7879703219650301,True,SYNTHETIC,synthetic_engineer_v1
RFQ731-002923,G731ST-LT,2,CFG731_32b4b1ec4513af66,0.8654140459345865,CFG731_fbf2539ea471ea5b,2,0.37507789670180497,False,SYNTHETIC,synthetic_engineer_v1
RFQ731-002924,X731,3,CFG731_8d2d91c46ccfb471,0.9368431018511579,CFG731_9fd2ebe15271fc33,3,0.500812816653452,False,SYNTHETIC,synthetic_engineer_v1
RFQ731-002925,X731,2,CFG731_abcee67081353f16,0.936842930913158,CFG731_57a2b410fc32b41a,2,0.43353394814574614,False,SYNTHETIC,synthetic_engineer_v1
RFQ731-002926,F731TE,1,CFG731_7c93880f0c6b22c5,0.8338346464411655,CFG731_7c93880f0c6b22c5,1,0.8338346464411655,True,SYNTHETIC,synthetic_engineer_v1
RFQ731-002927,G731CA,1,CFG731_adf77af8b73e9cdc,0.48704563281177093,CFG731_adf77af8b73e9cdc,1,0.48704563281177093,True,SYNTHETIC,synthetic_engineer_v1
RFQ731-002928,X731,1,CFG731_2d0a81ff4ec49480,0.3985682805961084,CFG731_2d0a81ff4ec49480,1,0.3985682805961084,True,SYNTHETIC,synthetic_engineer_v1
RFQ731-002929,X731,2,CFG731_a6d4830ed3aa2681,0.9368428912811579,CFG731_1d3bf6638fef70ae,2,0.36551933182939317,False,SYNTHETIC,synthetic_engineer_v1
RFQ731-002930,X731,5,CFG731_0db950a4979d2c52,0.9368427308461579,CFG731_b555bda361da407a,5,0.2486072532365108,False,SYNTHETIC,synthetic_engineer_v1
RFQ731-002931,X731,4,CFG731_516629085c122a4e,0.9210531226239473,CFG731_b10c597ca89c3f56,3,0.8353384581456617,False,SYNTHETIC,synthetic_engineer_v1
RFQ731-002932,X731,2,CFG731_8c8856d21252930e,0.9052636397177369,CFG731_bf8f7d1a25ad0a6e,2,0.4696020411488545,False,SYNTHETIC,synthetic_engineer_v1
RFQ731-002933,X731,2,CFG731_8d2d91c46ccfb471,0.9526317405723684,CFG731_acd18bc8a73cfdde,2,0.44932353106295664,False,SYNTHETIC,synthetic_engineer_v1
RFQ731-002934,X731,4,CFG731_f87794e7a98d0b11,0.9368430082451579,CFG731_007c0829be0a9482,3,0.500813147817452,False,SYNTHETIC,synthetic_engineer_v1
RFQ731-002935,X731,4,CFG731_62d0f0f6bab9bdcb,0.9210533202329474,CFG731_4a74cf409767dc05,4,0.23686192770035916,False,SYNTHETIC,synthetic_engineer_v1
RFQ731-002936,G731ST-LT,6,CFG731_d124ccffa669c3a2,0.9210532943039473,CFG731_7ea8c51038ca5bfd,6,0.23447259314200622,False,SYNTHETIC,synthetic_engineer_v1
RFQ731-002937,X731,6,CFG731_bcec8ceac2dbcc79,0.8338355567321655,CFG731_ca8649ba85200ffb,5,0.22033713262650154,False,SYNTHETIC,synthetic_engineer_v1
RFQ731-002938,X731,1,CFG731_2be17a56b0589fd1,0.9526318893983684,CFG731_2be17a56b0589fd1,1,0.9526318893983684,True,SYNTHETIC,synthetic_engineer_v1
RFQ731-002939,G731CA,1,CFG731_0b2f7a45dffefd5b,0.8353386939126616,CFG731_0b2f7a45dffefd5b,1,0.8353386939126616,True,SYNTHETIC,synthetic_engineer_v1
RFQ731-002940,X731,4,CFG731_1147f9711c4bff84,0.8894746062825263,CFG731_2e3a239679b68afe,4,0.1924152114811145,False,SYNTHETIC,synthetic_engineer_v1
RFQ731-002941,G731CA,1,CFG731_55e37d2b9d20276c,0.8353388808936616,CFG731_55e37d2b9d20276c,1,0.8353388808936616,True,SYNTHETIC,synthetic_engineer_v1
RFQ731-002942,X731,6,CFG731_1d7625425d9a9146,0.849624930763376,CFG731_b4d39364171927b2,6,0.23539178099106503,False,SYNTHETIC,synthetic_engineer_v1
RFQ731-002943,G731ST-LT,8,CFG731_e0009be417f51ccd,0.9052637762107368,CFG731_515a31451814aae9,6,0.40195500074632506,False,SYNTHETIC,synthetic_engineer_v1
RFQ731-002944,G731ST-LT,1,CFG731_a40ab19ad6671fbe,0.9526319096723684,CFG731_a40ab19ad6671fbe,1,0.9526319096723684,True,SYNTHETIC,synthetic_engineer_v1
RFQ731-002945,X731,10,CFG731_da02526d254e2e35,0.9052640626907369,CFG731_6ceb4e8172836111,5,0.4686831194217957,False,SYNTHETIC,synthetic_engineer_v1
RFQ731-002946,G731CA,2,CFG731_19ec976991ce75a9,0.8037601554472406,CFG731_19f7d73d8e42e7bd,2,0.38304061479911455,False,SYNTHETIC,synthetic_engineer_v1
RFQ731-002947,G731ST-HT,11,CFG731_a3b03637ed22317c,0.9052637884407368,CFG731_aa4779c40e6c2de0,5,0.4686827893137957,False,SYNTHETIC,synthetic_engineer_v1
RFQ731-002948,X731,7,CFG731_1d7625425d9a9146,0.849624768638376,CFG731_cf93550b4257fc7d,7,0.23649405360453563,False,SYNTHETIC,synthetic_engineer_v1
RFQ731-002949,X731,8,CFG731_0fbee36816b7af98,0.8338355062971655,CFG731_e3fb1c7106d0cf73,7,0.2225427582374427,False,SYNTHETIC,synthetic_engineer_v1
RFQ731-002950,G731ST-LT,8,CFG731_e0009be417f51ccd,0.9052639061427369,CFG731_515a31451814aae9,7,0.4019550118693251,False,SYNTHETIC,synthetic_engineer_v1
RFQ731-002951,X731,1,CFG731_228013cfd0470f7a,0.2537540306110402,CFG731_228013cfd0470f7a,1,0.2537540306110402,True,SYNTHETIC,synthetic_engineer_v1
RFQ731-002952,X731,10,CFG731_2be17a56b0589fd1,0.9052639499657369,CFG731_e9e5f6255573b434,5,0.4686831437847957,False,SYNTHETIC,synthetic_engineer_v1
RFQ731-002953,X731,18,CFG731_8c50542218db5cb0,0.8894739605385263,CFG731_e901d983321020a2,17,0.2012387947348792,False,SYNTHETIC,synthetic_engineer_v1
RFQ731-002954,X731,1,CFG731_7d1aac31230162fc,0.849625007222376,CFG731_7d1aac31230162fc,1,0.849625007222376,True,SYNTHETIC,synthetic_engineer_v1
RFQ731-002955,X731,2,CFG731_8c8856d21252930e,0.9052638122767369,CFG731_bf8f7d1a25ad0a6e,2,0.4696017808368545,False,SYNTHETIC,synthetic_engineer_v1
RFQ731-002956,X731,3,CFG731_7c358bf1aa4ea94e,0.46739632039291334,CFG731_87274fb3dc8d442a,3,0.2089405162439721,False,SYNTHETIC,synthetic_engineer_v1
RFQ731-002957,G731CA,2,CFG731_acbf4c45af55caad,0.8037595830862405,CFG731_e85a7fcdd0521e90,2,0.4554672288813499,False,SYNTHETIC,synthetic_engineer_v1
RFQ731-002958,G731ST-LT,4,CFG731_32b4b1ec4513af66,0.849624693122376,CFG731_68d95a26943b3650,3,0.4870455341067709,False,SYNTHETIC,synthetic_engineer_v1
RFQ731-002959,G731CA,1,CFG731_faff6da73df00950,0.4870455724787709,CFG731_faff6da73df00950,1,0.4870455724787709,True,SYNTHETIC,synthetic_engineer_v1
RFQ731-002960,F731WD_SINGLECHANNEL,2,CFG731_0be7d6198235486b,0.7879708950960301,CFG731_0be7d6198235486b,1,0.7879708950960301,True,SYNTHETIC,synthetic_engineer_v1
RFQ731-002961,G731ST-HT,2,CFG731_63eca10a00ae1f5d,0.9368427443641579,CFG731_0ce13abf777d04f9,2,0.43353419959274614,False,SYNTHETIC,synthetic_engineer_v1
RFQ731-002962,G731ST-HT,2,CFG731_7b2f69a7ca55041b,0.936843017902158,CFG731_49bb1327a04ca706,2,0.4335333001647461,False,SYNTHETIC,synthetic_engineer_v1
RFQ731-002963,G731ST-LT,2,CFG731_7203705eed387b0a,0.8654142364175865,CFG731_7b1edd53e8bbad40,2,0.8654137300675865,False,SYNTHETIC,synthetic_engineer_v1
RFQ731-002964,X731,2,CFG731_8d2d91c46ccfb471,0.9526321015203684,CFG731_181ea7d5a9c21b8c,2,0.9097748681622255,False,SYNTHETIC,synthetic_engineer_v1
RFQ731-002965,X731,6,CFG731_97796c9ac2811c94,0.8338350331911655,CFG731_6084e24782dc3f55,6,0.22033734932350155,False,SYNTHETIC,synthetic_engineer_v1
RFQ731-002966,X731,18,CFG731_2be17a56b0589fd1,0.8894744210605263,CFG731_e901d983321020a2,18,0.20123861506087923,False,SYNTHETIC,synthetic_engineer_v1
RFQ731-002967,X731,6,CFG731_e08dfad4737be3d9,0.9210528613079474,CFG731_fe2a2a8faea232df,5,0.23539137483606504,False,SYNTHETIC,synthetic_engineer_v1
RFQ731-002968,X731,1,CFG731_d40b624cb7b84a81,0.881203085377797,CFG731_d40b624cb7b84a81,1,0.881203085377797,True,SYNTHETIC,synthetic_engineer_v1
RFQ731-002969,X731,4,CFG731_e08dfad4737be3d9,0.9368424810791579,CFG731_ef4cf0e053e2d332,2,0.8654142871515865,False,SYNTHETIC,synthetic_engineer_v1
RFQ731-002970,X731,1,CFG731_0836695982aaa38c,0.3897646268045449,CFG731_0836695982aaa38c,1,0.3897646268045449,True,SYNTHETIC,synthetic_engineer_v1
RFQ731-002971,X731,2,CFG731_37c55138c4eebb90,0.39270543908613315,CFG731_37c55138c4eebb90,1,0.39270543908613315,True,SYNTHETIC,synthetic_engineer_v1
RFQ731-002972,X731,1,CFG731_169a8482d2028dff,0.3890286544778978,CFG731_169a8482d2028dff,1,0.3890286544778978,True,SYNTHETIC,synthetic_engineer_v1
RFQ731-002973,X731,2,CFG731_5e61ce3b60d15e11,0.9526319171343683,CFG731_8216171cc39f78aa,2,0.44932341570995665,False,SYNTHETIC,synthetic_engineer_v1
RFQ731-002974,G731CA,2,CFG731_d3d0547b464f691d,0.8037598215382405,CFG731_d3d0547b464f691d,1,0.8037598215382405,True,SYNTHETIC,synthetic_engineer_v1
RFQ731-002975,X731,2,CFG731_ad0a2fd7350b6cca,0.881203669204797,CFG731_031651b598bdbd79,2,0.3890292154918978,False,SYNTHETIC,synthetic_engineer_v1
RFQ731-002976,F731WD_DUALCHANNEL,2,CFG731_a4610f5f38e7d946,0.818045627838955,CFG731_e8331b2a91577f04,2,0.8037600316312405,False,SYNTHETIC,synthetic_engineer_v1
RFQ731-002977,X731,5,CFG731_d27f5f5f307014a8,0.8654144867845865,CFG731_cb3a6f924677049e,4,0.37636497984168726,False,SYNTHETIC,synthetic_engineer_v1
RFQ731-002978,G731ST-HT,1,CFG731_7b2f69a7ca55041b,0.9526323113583683,CFG731_7b2f69a7ca55041b,1,0.9526323113583683,True,SYNTHETIC,synthetic_engineer_v1
RFQ731-002979,X731,6,CFG731_fde1ab2a4808b544,0.8496245473463759,CFG731_2f5fc847ee056f67,6,0.2361265882337121,False,SYNTHETIC,synthetic_engineer_v1
RFQ731-002980,X731,3,CFG731_af755e9c46cfadd4,0.8338355034341655,CFG731_0064bc7bf2ed5868,3,0.34643986587797215,False,SYNTHETIC,synthetic_engineer_v1
RFQ731-002981,X731,1,CFG731_f7f0034a8b15f329,0.8496243227443759,CFG731_f7f0034a8b15f329,1,0.8496243227443759,True,SYNTHETIC,synthetic_engineer_v1
RFQ731-002982,X731,2,CFG731_a41a2d2cef1a675f,0.9052638329697369,CFG731_56310c55a01272a3,2,0.3482779590040898,False,SYNTHETIC,synthetic_engineer_v1
RFQ731-002983,X731,6,CFG731_ac8195f5cce7d089,0.849624822634376,CFG731_87ce9768865f4127,6,0.23539087373106504,False,SYNTHETIC,synthetic_engineer_v1
RFQ731-002984,G731ST-LT,1,CFG731_996314000fcfec4b,0.9526316477473684,CFG731_996314000fcfec4b,1,0.9526316477473684,True,SYNTHETIC,synthetic_engineer_v1
RFQ731-002985,G731ST-HT,2,CFG731_8b18ac1c34209d63,0.9368422595551579,CFG731_80619ff0be976225,2,0.8939859080590151,False,SYNTHETIC,synthetic_engineer_v1
RFQ731-002986,X731,4,CFG731_186348c5f967a6f7,0.8338353257711655,CFG731_f287b32480efae51,4,0.22033760151350154,False,SYNTHETIC,synthetic_engineer_v1
RFQ731-002987,G731ST-HT,6,CFG731_8b18ac1c34209d63,0.9210536223319473,CFG731_2c93609b74717303,5,0.48447200383900624,False,SYNTHETIC,synthetic_engineer_v1
RFQ731-002988,X731,6,CFG731_f97e51d1da57d99f,0.8338348220071655,CFG731_cdff804db4995f6d,6,0.20930826341079564,False,SYNTHETIC,synthetic_engineer_v1
RFQ731-002989,G731ST-HT,4,CFG731_63eca10a00ae1f5d,0.9210530658629473,CFG731_f23946dbf617272b,2,0.849624564979376,False,SYNTHETIC,synthetic_engineer_v1
RFQ731-002990,X731,3,CFG731_a432887204e8d090,0.9052634589627369,CFG731_695e540255cc94da,3,0.34643977668997217,False,SYNTHETIC,synthetic_engineer_v1
RFQ731-002991,X731,2,CFG731_36c553adc9f5ebf3,0.8654143281365865,CFG731_70aa5a64b0803277,2,0.8654139005455865,False,SYNTHETIC,synthetic_engineer_v1
RFQ731-002992,G731ST-LT,2,CFG731_e0009be417f51ccd,0.9368428265501579,CFG731_c5da2661a169f82b,2,0.8939852032620151,False,SYNTHETIC,synthetic_engineer_v1
RFQ731-002993,X731,6,CFG731_516629085c122a4e,0.9052633455957368,CFG731_a84a367ef61c4e59,3,0.469234681855031,False,SYNTHETIC,synthetic_engineer_v1
RFQ731-002994,X731,2,CFG731_c39096767a7ae083,0.9526317831263684,CFG731_a9a1b4f80067a4f8,2,0.391970464356486,False,SYNTHETIC,synthetic_engineer_v1
RFQ731-002995,G731ST-LT,4,CFG731_715a3d3226cbaffd,0.9210529046929473,CFG731_d3e51804db148a52,3,0.8353388795426616,False,SYNTHETIC,synthetic_engineer_v1
RFQ731-002996,X731,6,CFG731_8d2d91c46ccfb471,0.9210527499749473,CFG731_df5f598a914fb1cc,5,0.4177442760905356,False,SYNTHETIC,synthetic_engineer_v1
RFQ731-002997,G731ST-LT,4,CFG731_715a3d3226cbaffd,0.9210527823679473,CFG731_9c6b16fef6d02aaf,3,0.3576338694678885,False,SYNTHETIC,synthetic_engineer_v1
RFQ731-002998,X731,2,CFG731_e80085d86d0bbfa9,0.881203544721797,CFG731_cf4bb519cec0df2f,2,0.881203177500797,False,SYNTHETIC,synthetic_engineer_v1
RFQ731-002999,G731ST-LT,2,CFG731_a40ab19ad6671fbe,0.9368430774121579,CFG731_bc9146cb8459e9c2,2,0.43353404796774614,False,SYNTHETIC,synthetic_engineer_v1
RFQ731-003000,F731PW,1,CFG731_0781a0fecc8f46d5,0.8180455499629549,CFG731_0781a0fecc8f46d5,1,0.8180455499629549,True,SYNTHETIC,synthetic_engineer_v1
RFQ731-003001,X731,7,CFG731_5dd42015f6f61801,0.9210533634609473,CFG731_1490cd30a236283e,6,0.36590596398141795,False,SYNTHETIC,synthetic_engineer_v1
RFQ731-003002,G731ST-HT,11,CFG731_bbffb73f3dff6787,0.9052641406147369,CFG731_ff5d8da56ff22796,10,0.3405581120677957,False,SYNTHETIC,synthetic_engineer_v1
RFQ731-003003,G731ST-HT,1,CFG731_076cad91966d4c34,0.881203068481797,CFG731_076cad91966d4c34,1,0.881203068481797,True,SYNTHETIC,synthetic_engineer_v1
RFQ731-003004,F731WD_DUALCHANNEL,1,CFG731_819cb4e76943eca6,0.8195489767844512,CFG731_819cb4e76943eca6,1,0.8195489767844512,True,SYNTHETIC,synthetic_engineer_v1
RFQ731-003005,X731,10,CFG731_0fbee36816b7af98,0.8338350785071655,CFG731_2280a2734a5a07b0,10,0.21702845399208978,False,SYNTHETIC,synthetic_engineer_v1
RFQ731-003006,G731CA,1,CFG731_1dfb5999b1debe3a,0.3504650878468297,CFG731_1dfb5999b1debe3a,1,0.3504650878468297,True,SYNTHETIC,synthetic_engineer_v1
RFQ731-003007,G731ST-LT,2,CFG731_a40ab19ad6671fbe,0.9368426633131579,CFG731_bc9146cb8459e9c2,2,0.43353345695574613,False,SYNTHETIC,synthetic_engineer_v1
RFQ731-003008,X731,4,CFG731_8d07e19298d09d34,0.8496243279693759,CFG731_1ff2c28c953275c5,3,0.35928874280359446,False,SYNTHETIC,synthetic_engineer_v1
RFQ731-003009,F731WD_SINGLECHANNEL,1,CFG731_70b6eaf9262ca4d0,0.8195491379114511,CFG731_70b6eaf9262ca4d0,1,0.8195491379114511,True,SYNTHETIC,synthetic_engineer_v1
RFQ731-003010,F731WD_SINGLECHANNEL,1,CFG731_70b6eaf9262ca4d0,0.8195494871464511,CFG731_70b6eaf9262ca4d0,1,0.8195494871464511,True,SYNTHETIC,synthetic_engineer_v1
RFQ731-003011,G731ST-LT,2,CFG731_7f5bfa7b21e81359,0.936843080083158,CFG731_0e146b48e4ed8b98,2,0.8939852238340151,False,SYNTHETIC,synthetic_engineer_v1
RFQ731-003012,X731,6,CFG731_7308ee8503151ef3,0.8496245707983759,CFG731_e674340656a7fb0a,5,0.23539122801506504,False,SYNTHETIC,synthetic_engineer_v1
RFQ731-003013,X731,3,CFG731_b4987f1c95e91d0d,0.9210529483569474,CFG731_140a9819128d92da,3,0.4850236542232415,False,SYNTHETIC,synthetic_engineer_v1
RFQ731-003014,X731,6,CFG731_516629085c122a4e,0.9210535612289473,CFG731_175dfbf580a50b51,6,0.22877369229324152,False,SYNTHETIC,synthetic_engineer_v1
RFQ731-003015,F731TE,2,CFG731_b7c1a02b25610507,0.7879700532950301,CFG731_b7c1a02b25610507,1,0.7879700532950301,True,SYNTHETIC,synthetic_engineer_v1
RFQ731-003016,X731,5,CFG731_8d07e19298d09d34,0.8338352647441655,CFG731_5cded878b0996b37,5,0.2225425762094427,False,SYNTHETIC,synthetic_engineer_v1
RFQ731-003017,G731ST-HT,4,CFG731_4aa7d46b9cfa7d7b,0.9210530337609474,CFG731_b3b502cc22fcd72e,2,0.849624916971376,False,SYNTHETIC,synthetic_engineer_v1
RFQ731-003018,G731ST-LT,4,CFG731_d124ccffa669c3a2,0.9210534070459473,CFG731_e565a13ef4701c2d,3,0.8353390274896616,False,SYNTHETIC,synthetic_engineer_v1
RFQ731-003019,G731ST-LT,2,CFG731_e0009be417f51ccd,0.936842618569158,CFG731_8b6ed3cfa9ed1e59,2,0.4335339005797461,False,SYNTHETIC,synthetic_engineer_v1
RFQ731-003020,X731,4,CFG731_cf543b1c3927ab71,0.9210536036729473,CFG731_953eb2d6f6ffc3a0,3,0.3515681143333003,False,SYNTHETIC,synthetic_engineer_v1
RFQ731-003021,G731CA,1,CFG731_b97ce0f180acf155,0.8353391917476616,CFG731_b97ce0f180acf155,1,0.8353391917476616,True,SYNTHETIC,synthetic_engineer_v1
RFQ731-003022,X731,9,CFG731_b8b11650a048baf7,0.8338352391281655,CFG731_d057ad35aef0eea2,9,0.21702876472408977,False,SYNTHETIC,synthetic_engineer_v1
RFQ731-003023,X731,3,CFG731_7308ee8503151ef3,0.8654139410335865,CFG731_bc06761f9c625643,3,0.5028350675529814,False,SYNTHETIC,synthetic_engineer_v1
RFQ731-003024,F731PW,1,CFG731_f9fd6a4462ec051a,0.818045345998955,CFG731_f9fd6a4462ec051a,1,0.818045345998955,True,SYNTHETIC,synthetic_engineer_v1
RFQ731-003025,X731,8,CFG731_62d0f0f6bab9bdcb,0.9052631872007368,CFG731_f2b6724ca609efbb,8,0.2210720164211486,False,SYNTHETIC,synthetic_engineer_v1
RFQ731-003026,X731,4,CFG731_2be17a56b0589fd1,0.9210534639269473,CFG731_5a14e01af9745dda,3,0.4850235971712415,False,SYNTHETIC,synthetic_engineer_v1
RFQ731-003027,X731,6,CFG731_8d2d91c46ccfb471,0.9210528241189474,CFG731_9ccdadb28a07accd,2,0.48318551844512386,False,SYNTHETIC,synthetic_engineer_v1
RFQ731-003028,X731,1,CFG731_c9498cf6f4410d44,0.9210533488169473,CFG731_c9498cf6f4410d44,1,0.9210533488169473,True,SYNTHETIC,synthetic_engineer_v1
RFQ731-003029,X731,1,CFG731_31aa13473958d7d3,0.8969927362680076,CFG731_31aa13473958d7d3,1,0.8969927362680076,True,SYNTHETIC,synthetic_engineer_v1
RFQ731-003030,G731ST-LT,2,CFG731_d124ccffa669c3a2,0.936842656159158,CFG731_ae2e4cfccaff4f50,2,0.4335337430157461,False,SYNTHETIC,synthetic_engineer_v1
RFQ731-003031,X731,1,CFG731_d27f5f5f307014a8,0.881203237460797,CFG731_d27f5f5f307014a8,1,0.881203237460797,True,SYNTHETIC,synthetic_engineer_v1
RFQ731-003032,X731,7,CFG731_f97e51d1da57d99f,0.8338355858551655,CFG731_5789f006b670582c,7,0.20930788024279565,False,SYNTHETIC,synthetic_engineer_v1
RFQ731-003033,X731,1,CFG731_5dd42015f6f61801,0.968421415639579,CFG731_5dd42015f6f61801,1,0.968421415639579,True,SYNTHETIC,synthetic_engineer_v1
RFQ731-003034,G731ST-LT,8,CFG731_7f5bfa7b21e81359,0.9052640427267369,CFG731_cc03e3852895ae99,8,0.40195437116532506,False,SYNTHETIC,synthetic_engineer_v1
RFQ731-003035,X731,2,CFG731_5dd42015f6f61801,0.9526317522453683,CFG731_775c3458f44938c0,2,0.9097745108442256,False,SYNTHETIC,synthetic_engineer_v1
RFQ731-003036,X731,1,CFG731_f0e6b17b1bb2d5ab,0.3512000043624768,CFG731_f0e6b17b1bb2d5ab,1,0.3512000043624768,True,SYNTHETIC,synthetic_engineer_v1
RFQ731-003037,G731ST-HT,1,CFG731_8b18ac1c34209d63,0.9526325205883683,CFG731_8b18ac1c34209d63,1,0.9526325205883683,True,SYNTHETIC,synthetic_engineer_v1
RFQ731-003038,X731,3,CFG731_e08dfad4737be3d9,0.9368430894171579,CFG731_3a824c7e49bfd8f4,3,0.4989748321833344,False,SYNTHETIC,synthetic_engineer_v1
RFQ731-003039,G731ST-HT,4,CFG731_63eca10a00ae1f5d,0.9210528866399473,CFG731_f23946dbf617272b,2,0.8496246377993759,False,SYNTHETIC,synthetic_engineer_v1
RFQ731-003040,X731,3,CFG731_3b2a32abbf148ca1,0.9368421726381579,CFG731_bae6e4f47f3132d8,2,0.500813471015452,False,SYNTHETIC,synthetic_engineer_v1
RFQ731-003041,X731,4,CFG731_32b1041fd68aac23,0.8496246298003759,CFG731_2590cdb37d481b9a,3,0.4870456949667709,False,SYNTHETIC,synthetic_engineer_v1
RFQ731-003042,X731,4,CFG731_8c50542218db5cb0,0.9210527865549474,CFG731_8ade52b2e74d0235,3,0.48539174206406505,False,SYNTHETIC,synthetic_engineer_v1
RFQ731-003043,X731,2,CFG731_1147f9711c4bff84,0.9052637076887369,CFG731_1434e7eedafa69d1,2,0.33577821208608977,False,SYNTHETIC,synthetic_engineer_v1
RFQ731-003044,F731TE,1,CFG731_7113759c5b95914d,0.33467502162361923,CFG731_7113759c5b95914d,1,0.33467502162361923,True,SYNTHETIC,synthetic_engineer_v1
RFQ731-003045,G731ST-LT,4,CFG731_7b1edd53e8bbad40,0.849624896374376,CFG731_b192ab056df1d8f7,3,0.35928855191359443,False,SYNTHETIC,synthetic_engineer_v1
RFQ731-003046,X731,2,CFG731_5d42a8deb0fcb3d7,0.8654140889835865,CFG731_5d42a8deb0fcb3d7,1,0.8654140889835865,True,SYNTHETIC,synthetic_engineer_v1
RFQ731-003047,X731,4,CFG731_60f3aae8ede70fe0,0.9368430534051579,CFG731_3c119308d8305ad4,3,0.8511279649758722,False,SYNTHETIC,synthetic_engineer_v1
RFQ731-003048,F731WD_DUALCHANNEL,3,CFG731_2688c6c5fd11ba8e,0.7721809183658195,CFG731_166dd118cf42e953,3,0.4146964435673406,False,SYNTHETIC,synthetic_engineer_v1
RFQ731-003049,F731WD_SINGLECHANNEL,2,CFG731_6357400dd5c2804a,0.7879707415500301,CFG731_6357400dd5c2804a,1,0.7879707415500301,True,SYNTHETIC,synthetic_engineer_v1
RFQ731-003050,G731CA,1,CFG731_95a64c12c70f922a,0.8353387052846616,CFG731_95a64c12c70f922a,1,0.8353387052846616,True,SYNTHETIC,synthetic_engineer_v1
RFQ731-003051,G731CA,2,CFG731_2aca30183aab25a9,0.8037602332392406,CFG731_f235f4dd7693c885,2,0.4554672063903499,False,SYNTHETIC,synthetic_engineer_v1
RFQ731-003052,F731PW,1,CFG731_f9fd6a4462ec051a,0.818045464866955,CFG731_f9fd6a4462ec051a,1,0.818045464866955,True,SYNTHETIC,synthetic_engineer_v1
RFQ731-003053,X731,11,CFG731_0db950a4979d2c52,0.9210535299029473,CFG731_736d7f6d47393e47,5,0.4844717694720062,False,SYNTHETIC,synthetic_engineer_v1
RFQ731-003054,G731ST-LT,10,CFG731_e0009be417f51ccd,0.9052639806417369,CFG731_77fac91021549398,5,0.4686826408817957,False,SYNTHETIC,synthetic_engineer_v1
RFQ731-003055,G731ST-HT,6,CFG731_cc9ac35e4d9a1854,0.9210535323689474,CFG731_c759934398f2381a,5,0.48447204506000624,False,SYNTHETIC,synthetic_engineer_v1
RFQ731-003056,X731,7,CFG731_60f3aae8ede70fe0,0.9210527521919474,CFG731_03f5618878f919e9,7,0.23539167867206504,False,SYNTHETIC,synthetic_engineer_v1
RFQ731-003057,X731,2,CFG731_12d9cb8d41e8f486,0.881203952027797,CFG731_12d9cb8d41e8f486,1,0.881203952027797,True,SYNTHETIC,synthetic_engineer_v1
RFQ731-003058,X731,4,CFG731_f97e51d1da57d99f,0.8496250402343759,CFG731_b2ad61cdb45a54fb,4,0.3515676622043003,False,SYNTHETIC,synthetic_engineer_v1
RFQ731-003059,G731CA,2,CFG731_817824ee3a762453,0.8037594573812405,CFG731_2cb814ee06486282,2,0.4554668209453499,False,SYNTHETIC,synthetic_engineer_v1
RFQ731-003060,X731,4,CFG731_960e69befde5f9f6,0.33908680636150157,CFG731_b161881037fc306d,4,0.2221750406506192,False,SYNTHETIC,synthetic_engineer_v1
RFQ731-003061,X731,3,CFG731_0db950a4979d2c52,0.9210533454029474,CFG731_c42374cc9dea3494,2,0.48318554388812385,False,SYNTHETIC,synthetic_engineer_v1
RFQ731-003062,G731ST-LT,1,CFG731_d124ccffa669c3a2,0.9526324416153684,CFG731_d124ccffa669c3a2,1,0.9526324416153684,True,SYNTHETIC,synthetic_engineer_v1
RFQ731-003063,F731WD_DUALCHANNEL,1,CFG731_a4610f5f38e7d946,0.8338352672591655,CFG731_a4610f5f38e7d946,1,0.8338352672591655,True,SYNTHETIC,synthetic_engineer_v1
RFQ731-003064,X731,2,CFG731_516629085c122a4e,0.9368427305331579,CFG731_5718ef9495972b30,2,0.4335338155157461,False,SYNTHETIC,synthetic_engineer_v1
RFQ731-003065,F731TE,1,CFG731_07fb816f7dc25bc8,0.8338354723421655,CFG731_07fb816f7dc25bc8,1,0.8338354723421655,True,SYNTHETIC,synthetic_engineer_v1
RFQ731-003066,X731,2,CFG731_25b84d9ab233c6bf,0.34533730695150155,CFG731_25b84d9ab233c6bf,1,0.34533730695150155,True,SYNTHETIC,synthetic_engineer_v1
RFQ731-003067,G731ST-HT,2,CFG731_cc9ac35e4d9a1854,0.9368428258901579,CFG731_348f97ec6945fbf8,2,0.4335337307807461,False,SYNTHETIC,synthetic_engineer_v1
RFQ731-003068,X731,1,CFG731_ab5177144fa1d704,0.35011630663620746,CFG731_ab5177144fa1d704,1,0.35011630663620746,True,SYNTHETIC,synthetic_engineer_v1
RFQ731-003069,G731CA,1,CFG731_0b2f7a45dffefd5b,0.8353392915276616,CFG731_0b2f7a45dffefd5b,1,0.8353392915276616,True,SYNTHETIC,synthetic_engineer_v1
RFQ731-003070,X731,8,CFG731_62d0f0f6bab9bdcb,0.9052632529117369,CFG731_6be2d8f04f4b5682,7,0.40195440457732506,False,SYNTHETIC,synthetic_engineer_v1
RFQ731-003071,G731ST-HT,11,CFG731_63eca10a00ae1f5d,0.9052640375357369,CFG731_37f66c3948c00e57,5,0.4686823130837957,False,SYNTHETIC,synthetic_engineer_v1
RFQ731-003072,X731,1,CFG731_32b1041fd68aac23,0.881203955684797,CFG731_32b1041fd68aac23,1,0.881203955684797,True,SYNTHETIC,synthetic_engineer_v1
RFQ731-003073,X731,2,CFG731_117f19eb2913314e,0.5147648651915449,CFG731_117f19eb2913314e,1,0.5147648651915449,True,SYNTHETIC,synthetic_engineer_v1
RFQ731-003074,G731ST-LT,1,CFG731_7882c72c21497015,0.9526320585473684,CFG731_7882c72c21497015,1,0.9526320585473684,True,SYNTHETIC,synthetic_engineer_v1
RFQ731-003075,X731,4,CFG731_5d42a8deb0fcb3d7,0.8496246375523759,CFG731_4ed713e2b6c74ca8,4,0.35340657036441797,False,SYNTHETIC,synthetic_engineer_v1
RFQ731-003076,X731,1,CFG731_ac0f372c930c2e22,0.9210526386669473,CFG731_ac0f372c930c2e22,1,0.9210526386669473,True,SYNTHETIC,synthetic_engineer_v1
RFQ731-003077,F731PW,1,CFG731_0d8116f4900c6919,0.8180452182519549,CFG731_0d8116f4900c6919,1,0.8180452182519549,True,SYNTHETIC,synthetic_engineer_v1
RFQ731-003078,X731,2,CFG731_89772de94df83ba5,0.8496244749173759,CFG731_e513d349f418c5df,2,0.35230323175394734,False,SYNTHETIC,synthetic_engineer_v1
RFQ731-003079,X731,7,CFG731_8d2d91c46ccfb471,0.9210532673199473,CFG731_d584b35cfce34cc7,5,0.36590563763441797,False,SYNTHETIC,synthetic_engineer_v1
RFQ731-003080,G731ST-LT,7,CFG731_715a3d3226cbaffd,0.9052632696097369,CFG731_4664eb01d8e0d814,7,0.20820465032032506,False,SYNTHETIC,synthetic_engineer_v1
RFQ731-003081,X731,4,CFG731_608c0251ef380592,0.9210532619169474,CFG731_75466cb810218a66,2,0.849624665910376,False,SYNTHETIC,synthetic_engineer_v1
RFQ731-003082,X731,6,CFG731_11da8cc369b71f5a,0.8496241098963759,CFG731_a1cadf8c4a6793ba,6,0.23833219036665326,False,SYNTHETIC,synthetic_engineer_v1
RFQ731-003083,X731,3,CFG731_bbcb665ced67f8c3,0.8496248514643759,CFG731_deb6c547366eb132,3,0.36443544326512384,False,SYNTHETIC,synthetic_engineer_v1
RFQ731-003084,G731CA,2,CFG731_98ec9650b5463fd0,0.8037599090222406,CFG731_98ec9650b5463fd0,1,0.8037599090222406,True,SYNTHETIC,synthetic_engineer_v1
RFQ731-003085,X731,2,CFG731_02ec1e408c44cf5d,0.3897642962425449,CFG731_02ec1e408c44cf5d,1,0.3897642962425449,True,SYNTHETIC,synthetic_engineer_v1
RFQ731-003086,X731,4,CFG731_8d2d91c46ccfb471,0.9368426994881579,CFG731_b848918cab1cb35d,3,0.4989746632263344,False,SYNTHETIC,synthetic_engineer_v1
RFQ731-003087,X731,2,CFG731_b4987f1c95e91d0d,0.9368430319251579,CFG731_440f9c9b032b7d0a,2,0.4335335130017461,False,SYNTHETIC,synthetic_engineer_v1
RFQ731-003088,G731ST-LT,4,CFG731_715a3d3226cbaffd,0.9210533445219473,CFG731_9548d55d92816998,2,0.8496244953443759,False,SYNTHETIC,synthetic_engineer_v1
RFQ731-003089,X731,3,CFG731_04a53b6cc81d57d6,0.8496250175383759,CFG731_aa68f1da5062cc70,3,0.3526704022327709,False,SYNTHETIC,synthetic_engineer_v1
RFQ731-003090,X731,2,CFG731_5dd42015f6f61801,0.9526323060133683,CFG731_65da22cd215fbcf6,2,0.44932373945395665,False,SYNTHETIC,synthetic_engineer_v1
RFQ731-003091,X731,1,CFG731_086adbe1d654b214,0.3838823289353684,CFG731_086adbe1d654b214,1,0.3838823289353684,True,SYNTHETIC,synthetic_engineer_v1
RFQ731-003092,X731,2,CFG731_bbcb665ced67f8c3,0.8654142401785865,CFG731_0aa987e1ae960c88,2,0.8511286942968722,False,SYNTHETIC,synthetic_engineer_v1
RFQ731-003093,X731,6,CFG731_cf543b1c3927ab71,0.9052633857177369,CFG731_734ca6c628733962,6,0.20894001006597213,False,SYNTHETIC,synthetic_engineer_v1
RFQ731-003094,F731WD_DUALCHANNEL,1,CFG731_819cb4e76943eca6,0.8195490068934511,CFG731_819cb4e76943eca6,1,0.8195490068934511,True,SYNTHETIC,synthetic_engineer_v1
RFQ731-003095,X731,2,CFG731_cf543b1c3927ab71,0.9368425167561579,CFG731_3b06d9bface617d0,2,0.3655195580533932,False,SYNTHETIC,synthetic_engineer_v1
RFQ731-003096,X731,2,CFG731_bbcb665ced67f8c3,0.8654139206565865,CFG731_696639c1a9f714c1,2,0.375078313646805,False,SYNTHETIC,synthetic_engineer_v1
RFQ731-003097,X731,1,CFG731_ac0f372c930c2e22,0.9210526785159473,CFG731_ac0f372c930c2e22,1,0.9210526785159473,True,SYNTHETIC,synthetic_engineer_v1
RFQ731-003098,X731,5,CFG731_f87794e7a98d0b11,0.9210530572559473,CFG731_e8d4d37dfb814e2d,2,0.4831854924021239,False,SYNTHETIC,synthetic_engineer_v1
RFQ731-003099,X731,1,CFG731_e08dfad4737be3d9,0.968421478526579,CFG731_e08dfad4737be3d9,1,0.968421478526579,True,SYNTHETIC,synthetic_engineer_v1
RFQ731-003100,G731ST-LT,2,CFG731_7882c72c21497015,0.936842978169158,CFG731_4772bedc40328ae2,2,0.43353358528874614,False,SYNTHETIC,synthetic_engineer_v1
RFQ731-003101,G731ST-LT,10,CFG731_a40ab19ad6671fbe,0.9052639927147369,CFG731_77fac91021549398,5,0.4686830753507957,False,SYNTHETIC,synthetic_engineer_v1
RFQ731-003102,F731WD_SINGLECHANNEL,1,CFG731_9a761e6bfde35917,0.39680764831179566,CFG731_9a761e6bfde35917,1,0.39680764831179566,True,SYNTHETIC,synthetic_engineer_v1
RFQ731-003103,F731WD_DUALCHANNEL,2,CFG731_a4610f5f38e7d946,0.8180452273729549,CFG731_e8331b2a91577f04,2,0.8037600900212406,False,SYNTHETIC,synthetic_engineer_v1
RFQ731-003104,G731ST-LT,14,CFG731_715a3d3226cbaffd,0.8894737914295263,CFG731_dac27b97cd6b7ff8,14,0.1894745084965263,False,SYNTHETIC,synthetic_engineer_v1
RFQ731-003105,G731CA,2,CFG731_2aca30183aab25a9,0.8037595267752405,CFG731_f235f4dd7693c885,2,0.45546644232434985,False,SYNTHETIC,synthetic_engineer_v1
RFQ731-003106,G731CA,1,CFG731_508d465d4c518290,0.8353392919886616,CFG731_508d465d4c518290,1,0.8353392919886616,True,SYNTHETIC,synthetic_engineer_v1
RFQ731-003107,F731TE,2,CFG731_344778a042931752,0.7879708832010301,CFG731_344778a042931752,1,0.7879708832010301,True,SYNTHETIC,synthetic_engineer_v1
RFQ731-003108,G731ST-HT,8,CFG731_63eca10a00ae1f5d,0.9052637310957369,CFG731_1060da033d1aaed1,7,0.40195497076732506,False,SYNTHETIC,synthetic_engineer_v1
RFQ731-003109,X731,1,CFG731_8c8856d21252930e,0.9210533850509474,CFG731_8c8856d21252930e,1,0.9210533850509474,True,SYNTHETIC,synthetic_engineer_v1
RFQ731-003110,X731,3,CFG731_59f86789e43d86f1,0.4989744879073344,CFG731_3fb3f9d3dea4a198,3,0.2537541534400402,False,SYNTHETIC,synthetic_engineer_v1
RFQ731-003111,X731,3,CFG731_e08dfad4737be3d9,0.936843073469158,CFG731_a5e5e12c08e4e838,3,0.5008136538044521,False,SYNTHETIC,synthetic_engineer_v1
RFQ731-003112,G731CA,2,CFG731_04d132f563cdece8,0.8037594199592406,CFG731_04d132f563cdece8,1,0.8037594199592406,True,SYNTHETIC,synthetic_engineer_v1
RFQ731-003113,X731,4,CFG731_e08dfad4737be3d9,0.9368430163531579,CFG731_ef4cf0e053e2d332,2,0.8654142602625865,False,SYNTHETIC,synthetic_engineer_v1
RFQ731-003114,X731,9,CFG731_8f470181ad32eeae,0.8338351214481655,CFG731_2205a8cc5d1ff08b,6,0.33651324480173683,False,SYNTHETIC,synthetic_engineer_v1
RFQ731-003115,X731,2,CFG731_b7e96d5717c40fd6,0.9526323574933684,CFG731_cb9d6c11077bd307,2,0.3813082644576037,False,SYNTHETIC,synthetic_engineer_v1
RFQ731-003116,G731ST-LT,4,CFG731_d124ccffa669c3a2,0.9210533253449473,CFG731_6e088ee30195b6c4,3,0.48539128360606504,False,SYNTHETIC,synthetic_engineer_v1
RFQ731-003117,F731WD_DUALCHANNEL,1,CFG731_c0f6f70a47ed04ba,0.4554665644433499,CFG731_c0f6f70a47ed04ba,1,0.4554665644433499,True,SYNTHETIC,synthetic_engineer_v1
RFQ731-003118,G731CA,2,CFG731_98ec9650b5463fd0,0.8037596884412406,CFG731_98ec9650b5463fd0,1,0.8037596884412406,True,SYNTHETIC,synthetic_engineer_v1
RFQ731-003119,F731WD_DUALCHANNEL,1,CFG731_819cb4e76943eca6,0.8195496881184512,CFG731_819cb4e76943eca6,1,0.8195496881184512,True,SYNTHETIC,synthetic_engineer_v1
RFQ731-003120,X731,4,CFG731_97796c9ac2811c94,0.849624534271376,CFG731_3ab6d9037260e8b1,3,0.36443598001512384,False,SYNTHETIC,synthetic_engineer_v1
RFQ731-003121,X731,1,CFG731_3dd4cfcf6ee98460,0.37948929646168733,CFG731_3dd4cfcf6ee98460,1,0.37948929646168733,True,SYNTHETIC,synthetic_engineer_v1
RFQ731-003122,F731PW,1,CFG731_f9fd6a4462ec051a,0.8180459880789549,CFG731_f9fd6a4462ec051a,1,0.8180459880789549,True,SYNTHETIC,synthetic_engineer_v1
RFQ731-003123,X731,7,CFG731_5dd42015f6f61801,0.9210526335139474,CFG731_d67b44eae58dfe59,2,0.4831857015871239,False,SYNTHETIC,synthetic_engineer_v1
RFQ731-003124,G731ST-LT,2,CFG731_715a3d3226cbaffd,0.936842125110158,CFG731_c050936f4a70e2a0,2,0.3673569660655108,False,SYNTHETIC,synthetic_engineer_v1
RFQ731-003125,X731,4,CFG731_516629085c122a4e,0.9210530261719474,CFG731_12089d5d54f581ac,3,0.48539142085506504,False,SYNTHETIC,synthetic_engineer_v1
RFQ731-003126,X731,11,CFG731_2be17a56b0589fd1,0.8894740535645264,CFG731_f2b305fda5b7c1ed,11,0.19645945543117335,False,SYNTHETIC,synthetic_engineer_v1
RFQ731-003127,X731,2,CFG731_97796c9ac2811c94,0.8654142563375865,CFG731_5d255cf6dd296018,2,0.8511280420618722,False,SYNTHETIC,synthetic_engineer_v1
RFQ731-003128,X731,2,CFG731_e80085d86d0bbfa9,0.8812037224297969,CFG731_b4f65e97f91c3587,2,0.3890289286848978,False,SYNTHETIC,synthetic_engineer_v1
RFQ731-003129,G731ST-LT,2,CFG731_10085782ed0991cf,0.8654136241815865,CFG731_613ed23f00a94a96,2,0.8511282731538722,False,SYNTHETIC,synthetic_engineer_v1
RFQ731-003130,X731,2,CFG731_a6d4830ed3aa2681,0.936842491275158,CFG731_1d3bf6638fef70ae,2,0.3655192609433932,False,SYNTHETIC,synthetic_engineer_v1
RFQ731-003131,X731,3,CFG731_36c553adc9f5ebf3,0.849625028767376,CFG731_da5f98932a1c6afd,3,0.48704575571477093,False,SYNTHETIC,synthetic_engineer_v1
RFQ731-003132,G731CA,1,CFG731_55e37d2b9d20276c,0.8353392531786616,CFG731_55e37d2b9d20276c,1,0.8353392531786616,True,SYNTHETIC,synthetic_engineer_v1
RFQ731-003133,X731,5,CFG731_91e51485b56960b2,0.9210526881219473,CFG731_b187fb9ad3627171,2,0.48318575630712385,False,SYNTHETIC,synthetic_engineer_v1
RFQ731-003134,X731,3,CFG731_3b2a32abbf148ca1,0.9368424241731579,CFG731_071845862a7aed14,2,0.5011807727272756,False,SYNTHETIC,synthetic_engineer_v1
RFQ731-003135,G731ST-LT,2,CFG731_10085782ed0991cf,0.8654143693715866,CFG731_613ed23f00a94a96,2,0.8511283277538721,False,SYNTHETIC,synthetic_engineer_v1
RFQ731-003136,G731ST-LT,2,CFG731_996314000fcfec4b,0.9368422004641579,CFG731_22da0d6030817265,2,0.4335341038177461,False,SYNTHETIC,synthetic_engineer_v1
RFQ731-003137,G731ST-HT,2,CFG731_7b2f69a7ca55041b,0.936842278632158,CFG731_49bb1327a04ca706,2,0.4335336290137461,False,SYNTHETIC,synthetic_engineer_v1
RFQ731-003138,G731ST-LT,8,CFG731_d124ccffa669c3a2,0.9052638717617368,CFG731_845802fc60449063,7,0.4019550169953251,False,SYNTHETIC,synthetic_engineer_v1
RFQ731-003139,X731,11,CFG731_5dd42015f6f61801,0.9052638220267368,CFG731_fe5ec1b0bcdbd396,10,0.21960141836185448,False,SYNTHETIC,synthetic_engineer_v1
RFQ731-003140,X731,1,CFG731_8189439864af87ea,0.8496249182233759,CFG731_8189439864af87ea,1,0.8496249182233759,True,SYNTHETIC,synthetic_engineer_v1
RFQ731-003141,F731WD_DUALCHANNEL,2,CFG731_8281908b452128f3,0.8180459713529549,CFG731_d2034bb5aa313dac,2,0.8037594310772406,False,SYNTHETIC,synthetic_engineer_v1
RFQ731-003142,X731,2,CFG731_8189439864af87ea,0.8338346585581655,CFG731_b1631f2fb876e4f4,2,0.8195493616224512,False,SYNTHETIC,synthetic_engineer_v1
RFQ731-003143,F731WD_SINGLECHANNEL,1,CFG731_70b6eaf9262ca4d0,0.8195496039214512,CFG731_70b6eaf9262ca4d0,1,0.8195496039214512,True,SYNTHETIC,synthetic_engineer_v1
RFQ731-003144,X731,4,CFG731_f97e51d1da57d99f,0.8496249054203759,CFG731_b2ad61cdb45a54fb,4,0.3515678858703003,False,SYNTHETIC,synthetic_engineer_v1
RFQ731-003145,X731,3,CFG731_a6d4830ed3aa2681,0.9210530587409473,CFG731_296392aa95929245,2,0.849624377607376,False,SYNTHETIC,synthetic_engineer_v1
RFQ731-003146,X731,2,CFG731_11a99741e1f7cce9,0.8338351471311655,CFG731_14ec1773441318c2,2,0.34478600950426624,False,SYNTHETIC,synthetic_engineer_v1
RFQ731-003147,G731ST-LT,8,CFG731_32b4b1ec4513af66,0.8338350627291655,CFG731_58b9913d8024b015,8,0.21151403530673685,False,SYNTHETIC,synthetic_engineer_v1
RFQ731-003148,G731ST-LT,8,CFG731_7f5bfa7b21e81359,0.9052641254567368,CFG731_cc03e3852895ae99,7,0.40195507122632507,False,SYNTHETIC,synthetic_engineer_v1
RFQ731-003149,G731ST-HT,1,CFG731_cc9ac35e4d9a1854,0.9526324816973684,CFG731_cc9ac35e4d9a1854,1,0.9526324816973684,True,SYNTHETIC,synthetic_engineer_v1
RFQ731-003150,G731CA,1,CFG731_817824ee3a762453,0.8353392035606616,CFG731_817824ee3a762453,1,0.8353392035606616,True,SYNTHETIC,synthetic_engineer_v1
RFQ731-003151,X731,7,CFG731_b7e96d5717c40fd6,0.9210533373839473,CFG731_5362e45ac22e6417,7,0.22399387916153563,False,SYNTHETIC,synthetic_engineer_v1
RFQ731-003152,G731ST-LT,4,CFG731_77dd17c48f15826c,0.8496249964013759,CFG731_d982a98f914f0a87,4,0.3576340530058885,False,SYNTHETIC,synthetic_engineer_v1
RFQ731-003153,X731,2,CFG731_8d2c10e2688ee31d,0.3680925511461579,CFG731_24648603ca730481,2,0.2430928609251579,False,SYNTHETIC,synthetic_engineer_v1
RFQ731-003154,G731CA,1,CFG731_817824ee3a762453,0.8353390461116617,CFG731_817824ee3a762453,1,0.8353390461116617,True,SYNTHETIC,synthetic_engineer_v1
RFQ731-003155,G731CA,2,CFG731_2aca30183aab25a9,0.8037600452662406,CFG731_f235f4dd7693c885,2,0.45546726999534987,False,SYNTHETIC,synthetic_engineer_v1
RFQ731-003156,X731,2,CFG731_5a8170a3daa0efb9,0.8338348809721655,CFG731_9b931b5025055c84,2,0.8195494790334511,False,SYNTHETIC,synthetic_engineer_v1
RFQ731-003157,X731,4,CFG731_9a0f0b26c7f24725,0.8654144004785865,CFG731_9eee2266c8068ada,4,0.37323940974868736,False,SYNTHETIC,synthetic_engineer_v1
RFQ731-003158,X731,2,CFG731_024d4a54a1e6d96e,0.3739748231373343,CFG731_0cf73cced42104be,2,0.37397455204433433,False,SYNTHETIC,synthetic_engineer_v1
RFQ731-003159,G731ST-LT,11,CFG731_e0009be417f51ccd,0.9052639540577369,CFG731_5be384035f37d372,10,0.34055730726979566,False,SYNTHETIC,synthetic_engineer_v1
RFQ731-003160,X731,3,CFG731_8d07e19298d09d34,0.849624558180376,CFG731_86a57b7488e60012,2,0.36590653289441794,False,SYNTHETIC,synthetic_engineer_v1
RFQ731-003161,X731,11,CFG731_e08dfad4737be3d9,0.9052637427957368,CFG731_d0bd848c8f934b33,11,0.2122485684923839,False,SYNTHETIC,synthetic_engineer_v1
RFQ731-003162,X731,1,CFG731_62d0f0f6bab9bdcb,0.9526322237873683,CFG731_62d0f0f6bab9bdcb,1,0.9526322237873683,True,SYNTHETIC,synthetic_engineer_v1
RFQ731-003163,X731,3,CFG731_d40b624cb7b84a81,0.8654143995185866,CFG731_1f31b1bf8dc9e962,2,0.3794900979216873,False,SYNTHETIC,synthetic_engineer_v1
RFQ731-003164,G731CA,2,CFG731_452fb8d2c450816e,0.8037595680642405,CFG731_452fb8d2c450816e,1,0.8037595680642405,True,SYNTHETIC,synthetic_engineer_v1
RFQ731-003165,X731,2,CFG731_72e5000522fb6a51,0.8338347703871655,CFG731_da757fc78485b6cc,2,0.341844148463678,False,SYNTHETIC,synthetic_engineer_v1
RFQ731-003166,X731,2,CFG731_5e61ce3b60d15e11,0.9526324357613684,CFG731_8216171cc39f78aa,2,0.44932297693095663,False,SYNTHETIC,synthetic_engineer_v1
RFQ731-003167,X731,3,CFG731_ac8195f5cce7d089,0.8654140631335865,CFG731_7d4c803343a40a05,3,0.3794898328316873,False,SYNTHETIC,synthetic_engineer_v1
RFQ731-003168,X731,8,CFG731_f87794e7a98d0b11,0.9210527657109473,CFG731_7e2eb98eda74b038,6,0.3600232439232415,False,SYNTHETIC,synthetic_engineer_v1
RFQ731-003169,X731,6,CFG731_91e51485b56960b2,0.9210532629529473,CFG731_8e5ce09a779d2284,6,0.4177440532495356,False,SYNTHETIC,synthetic_engineer_v1
RFQ731-003170,X731,3,CFG731_bcec8ceac2dbcc79,0.849624159972376,CFG731_563ef0dc6253e3f7,3,0.35340605336341796,False,SYNTHETIC,synthetic_engineer_v1
RFQ731-003171,G731ST-LT,1,CFG731_8da1da530d6ae54d,0.881203293823797,CFG731_8da1da530d6ae54d,1,0.881203293823797,True,SYNTHETIC,synthetic_engineer_v1
RFQ731-003172,X731,4,CFG731_8d2d91c46ccfb471,0.9368421840821579,CFG731_22fecf5bb26e1132,3,0.5011812912242756,False,SYNTHETIC,synthetic_engineer_v1
RFQ731-003173,G731CA,1,CFG731_faff6da73df00950,0.4870462167037709,CFG731_faff6da73df00950,1,0.4870462167037709,True,SYNTHETIC,synthetic_engineer_v1
RFQ731-003174,F731TE,2,CFG731_f79503cf8f87ea49,0.7879704259770302,CFG731_f79503cf8f87ea49,1,0.7879704259770302,True,SYNTHETIC,synthetic_engineer_v1
RFQ731-003175,F731TE,2,CFG731_4d0235c9d5cc61be,0.7879709022980301,CFG731_4d0235c9d5cc61be,1,0.7879709022980301,True,SYNTHETIC,synthetic_engineer_v1
RFQ731-003176,X731,6,CFG731_8d2d91c46ccfb471,0.9210527974249474,CFG731_9ccdadb28a07accd,2,0.48318559673912387,False,SYNTHETIC,synthetic_engineer_v1
RFQ731-003177,X731,3,CFG731_024d4a54a1e6d96e,0.3581855453931238,CFG731_93ba38caebb455ef,3,0.23061171640135913,False,SYNTHETIC,synthetic_engineer_v1
RFQ731-003178,X731,2,CFG731_31aa13473958d7d3,0.881203856962797,CFG731_af5b0ebc51685059,2,0.8812037252657969,False,SYNTHETIC,synthetic_engineer_v1
RFQ731-003179,X731,1,CFG731_36c553adc9f5ebf3,0.881203754979797,CFG731_36c553adc9f5ebf3,1,0.881203754979797,True,SYNTHETIC,synthetic_engineer_v1
RFQ731-003180,G731ST-HT,1,CFG731_63eca10a00ae1f5d,0.9526322901613684,CFG731_63eca10a00ae1f5d,1,0.9526322901613684,True,SYNTHETIC,synthetic_engineer_v1
RFQ731-003181,X731,1,CFG731_038a2660d5cee54f,0.26991131359507425,CFG731_038a2660d5cee54f,1,0.26991131359507425,True,SYNTHETIC,synthetic_engineer_v1
RFQ731-003182,G731CA,1,CFG731_55e37d2b9d20276c,0.8353383899546616,CFG731_55e37d2b9d20276c,1,0.8353383899546616,True,SYNTHETIC,synthetic_engineer_v1
RFQ731-003183,X731,7,CFG731_516629085c122a4e,0.9052639567237368,CFG731_abc11b72fc871228,6,0.344234583703031,False,SYNTHETIC,synthetic_engineer_v1
RFQ731-003184,G731ST-LT,4,CFG731_3ebdd541d6efe614,0.849624939364376,CFG731_0bc9c3b6375d4380,4,0.353405881823418,False,SYNTHETIC,synthetic_engineer_v1
RFQ731-003185,X731,11,CFG731_11da8cc369b71f5a,0.8338355465141655,CFG731_69502d87794881ea,10,0.21886646714520744,False,SYNTHETIC,synthetic_engineer_v1
RFQ731-003186,X731,3,CFG731_7c358bf1aa4ea94e,0.46739641764191336,CFG731_87274fb3dc8d442a,3,0.20894034775697212,False,SYNTHETIC,synthetic_engineer_v1
RFQ731-003187,X731,2,CFG731_5e61ce3b60d15e11,0.9526324720083684,CFG731_d6304b0cfae9a548,2,0.38719087523178014,False,SYNTHETIC,synthetic_engineer_v1
RFQ731-003188,X731,2,CFG731_8c8856d21252930e,0.9052635778987369,CFG731_bf8f7d1a25ad0a6e,2,0.4696021367708545,False,SYNTHETIC,synthetic_engineer_v1
RFQ731-003189,X731,8,CFG731_b8b11650a048baf7,0.8338354279791654,CFG731_2686ab8bb7012e53,7,0.21721181811550155,False,SYNTHETIC,synthetic_engineer_v1
RFQ731-003190,F731WD_DUALCHANNEL,2,CFG731_35ed22cad11f9a11,0.8037597558262406,CFG731_783ba1dc5751818d,2,0.3810188014235852,False,SYNTHETIC,synthetic_engineer_v1
RFQ731-003191,X731,4,CFG731_70aa5a64b0803277,0.849625052883376,CFG731_8956c16bd3b9a345,4,0.35340615498541794,False,SYNTHETIC,synthetic_engineer_v1
RFQ731-003192,X731,2,CFG731_bb61f56875b25c60,0.3453367197245016,CFG731_bb61f56875b25c60,1,0.3453367197245016,True,SYNTHETIC,synthetic_engineer_v1
RFQ731-003193,F731PW,1,CFG731_0d8116f4900c6919,0.8180459921779549,CFG731_0d8116f4900c6919,1,0.8180459921779549,True,SYNTHETIC,synthetic_engineer_v1
RFQ731-003194,X731,4,CFG731_ddd1ce28a3456ff6,0.849624493288376,CFG731_5fe81a6927bfed57,4,0.23281762425630032,False,SYNTHETIC,synthetic_engineer_v1
RFQ731-003195,X731,6,CFG731_b7e96d5717c40fd6,0.9210531535899473,CFG731_0be1e83a71642630,4,0.3526703877307709,False,SYNTHETIC,synthetic_engineer_v1
RFQ731-003196,X731,2,CFG731_d779331ce0b0c6c1,0.38976473725254485,CFG731_d779331ce0b0c6c1,1,0.38976473725254485,True,SYNTHETIC,synthetic_engineer_v1
RFQ731-003197,G731ST-HT,1,CFG731_831a7150258499af,0.881203064360797,CFG731_831a7150258499af,1,0.881203064360797,True,SYNTHETIC,synthetic_engineer_v1
RFQ731-003198,X731,6,CFG731_36c553adc9f5ebf3,0.8338354360491654,CFG731_39a1207c373ce8a2,6,0.22033674939750156,False,SYNTHETIC,synthetic_engineer_v1
RFQ731-003199,G731VG,1,CFG731_7f63e10e4938ed7a,0.8511287314848722,CFG731_7f63e10e4938ed7a,1,0.8511287314848722,True,SYNTHETIC,synthetic_engineer_v1
RFQ731-003200,X731,3,CFG731_e1a359096a360a7b,0.4989746196153344,CFG731_e1a359096a360a7b,1,0.4989746196153344,True,SYNTHETIC,synthetic_engineer_v1
RFQ731-003201,X731,3,CFG731_b4987f1c95e91d0d,0.9210530604969474,CFG731_214b093bf98ca9ef,3,0.48502416228524153,False,SYNTHETIC,synthetic_engineer_v1
RFQ731-003202,G731ST-HT,4,CFG731_63eca10a00ae1f5d,0.9210535127029473,CFG731_f23946dbf617272b,2,0.849624704820376,False,SYNTHETIC,synthetic_engineer_v1
RFQ731-003203,G731ST-HT,8,CFG731_63eca10a00ae1f5d,0.9052639117797369,CFG731_1060da033d1aaed1,6,0.40195526459232506,False,SYNTHETIC,synthetic_engineer_v1
RFQ731-003204,G731ST-HT,4,CFG731_2a989bd6dba74d9f,0.8496246985663759,CFG731_b7a7770d19b6f648,3,0.4870456874917709,False,SYNTHETIC,synthetic_engineer_v1
RFQ731-003205,G731ST-HT,1,CFG731_4aa7d46b9cfa7d7b,0.9526322162113684,CFG731_4aa7d46b9cfa7d7b,1,0.9526322162113684,True,SYNTHETIC,synthetic_engineer_v1
RFQ731-003206,X731,1,CFG731_11a99741e1f7cce9,0.849624647798376,CFG731_11a99741e1f7cce9,1,0.849624647798376,True,SYNTHETIC,synthetic_engineer_v1
RFQ731-003207,G731ST-LT,2,CFG731_996314000fcfec4b,0.9368424884081579,CFG731_e03b41992c837b34,2,0.4335341169847461,False,SYNTHETIC,synthetic_engineer_v1
RFQ731-003208,X731,3,CFG731_c775e192f3d489e9,0.8338350786131655,CFG731_8634a8a0a780401d,3,0.3447855722792662,False,SYNTHETIC,synthetic_engineer_v1
RFQ731-003209,G731ST-HT,2,CFG731_831a7150258499af,0.8654135420565865,CFG731_e2d64e127f97296d,2,0.8511284487378722,False,SYNTHETIC,synthetic_engineer_v1
RFQ731-003210,F731WD_DUALCHANNEL,1,CFG731_8281908b452128f3,0.8338346230981655,CFG731_8281908b452128f3,1,0.8338346230981655,True,SYNTHETIC,synthetic_engineer_v1
RFQ731-003211,X731,11,CFG731_11da8cc369b71f5a,0.8338348768311655,CFG731_69502d87794881ea,10,0.21886690228820743,False,SYNTHETIC,synthetic_engineer_v1
RFQ731-003212,X731,6,CFG731_d27f5f5f307014a8,0.8496244018193759,CFG731_eaca39956a83b99d,6,0.2273027856589474,False,SYNTHETIC,synthetic_engineer_v1
RFQ731-003213,X731,1,CFG731_b1693ef6b18686ac,0.5147643103475449,CFG731_b1693ef6b18686ac,1,0.5147643103475449,True,SYNTHETIC,synthetic_engineer_v1
RFQ731-003214,X731,2,CFG731_b8b11650a048baf7,0.8654137275865865,CFG731_9d5f3b4b7b2dfa7b,2,0.3794899999196873,False,SYNTHETIC,synthetic_engineer_v1
RFQ731-003215,G731ST-LT,2,CFG731_7f5bfa7b21e81359,0.936842864947158,CFG731_49cd4cbef1081333,2,0.4335342316797461,False,SYNTHETIC,synthetic_engineer_v1
RFQ731-003216,X731,1,CFG731_1147f9711c4bff84,0.9210531223389473,CFG731_1147f9711c4bff84,1,0.9210531223389473,True,SYNTHETIC,synthetic_engineer_v1
RFQ731-003217,F731PW,1,CFG731_7785b2914ebb6eaf,0.818045578710955,CFG731_7785b2914ebb6eaf,1,0.818045578710955,True,SYNTHETIC,synthetic_engineer_v1
RFQ731-003218,X731,2,CFG731_bb61f56875b25c60,0.3453367234535016,CFG731_bb61f56875b25c60,1,0.3453367234535016,True,SYNTHETIC,synthetic_engineer_v1
RFQ731-003219,X731,2,CFG731_b74fb5418dad3b38,0.881203272237797,CFG731_b74fb5418dad3b38,1,0.881203272237797,True,SYNTHETIC,synthetic_engineer_v1
RFQ731-003220,F731PW,1,CFG731_0781a0fecc8f46d5,0.818046001310955,CFG731_0781a0fecc8f46d5,1,0.818046001310955,True,SYNTHETIC,synthetic_engineer_v1
RFQ731-003221,G731VG,1,CFG731_7f63e10e4938ed7a,0.8511284761998722,CFG731_7f63e10e4938ed7a,1,0.8511284761998722,True,SYNTHETIC,synthetic_engineer_v1
RFQ731-003222,G731ST-LT,6,CFG731_d124ccffa669c3a2,0.9210533641969474,CFG731_fa6ab94f1cf566b3,5,0.4844724942550062,False,SYNTHETIC,synthetic_engineer_v1
RFQ731-003223,X731,7,CFG731_e08dfad4737be3d9,0.9210532971809473,CFG731_c9190efaaf22bb3f,3,0.48502359906424153,False,SYNTHETIC,synthetic_engineer_v1
RFQ731-003224,X731,2,CFG731_e08dfad4737be3d9,0.9526323862883684,CFG731_31d0a0df66872bf7,2,0.44932347545595663,False,SYNTHETIC,synthetic_engineer_v1
RFQ731-003225,F731PW,1,CFG731_327bfa077bbbd45e,0.38304062273411454,CFG731_327bfa077bbbd45e,1,0.38304062273411454,True,SYNTHETIC,synthetic_engineer_v1
RFQ731-003226,X731,2,CFG731_1af3f9470bd904d5,0.38976437410154485,CFG731_6bdadac99b2f7b39,2,0.26991179080407424,False,SYNTHETIC,synthetic_engineer_v1
RFQ731-003227,X731,2,CFG731_da02526d254e2e35,0.9368427374951579,CFG731_0848f22447616e6f,2,0.37140139647556963,False,SYNTHETIC,synthetic_engineer_v1
RFQ731-003228,F731WD_SINGLECHANNEL,2,CFG731_0be7d6198235486b,0.7879705621320301,CFG731_0be7d6198235486b,1,0.7879705621320301,True,SYNTHETIC,synthetic_engineer_v1
RFQ731-003229,G731ST-HT,4,CFG731_4aa7d46b9cfa7d7b,0.9210529979269474,CFG731_3c6c3a0686e047ad,3,0.3515683351853003,False,SYNTHETIC,synthetic_engineer_v1
RFQ731-003230,X731,6,CFG731_9a0f0b26c7f24725,0.8496247014323759,CFG731_8b9239fd1c516750,5,0.2361263316847121,False,SYNTHETIC,synthetic_engineer_v1
RFQ731-003231,G731ST-LT,8,CFG731_d124ccffa669c3a2,0.9052631753117368,CFG731_845802fc60449063,8,0.4019543931233251,False,SYNTHETIC,synthetic_engineer_v1
RFQ731-003232,G731ST-HT,2,CFG731_076cad91966d4c34,0.8654137285285866,CFG731_c32627af59ba1526,2,0.8654136665945865,False,SYNTHETIC,synthetic_engineer_v1
RFQ731-003233,G731ST-LT,1,CFG731_715a3d3226cbaffd,0.9526320776123683,CFG731_715a3d3226cbaffd,1,0.9526320776123683,True,SYNTHETIC,synthetic_engineer_v1
RFQ731-003234,G731CA,2,CFG731_04d132f563cdece8,0.8037600399302406,CFG731_04d132f563cdece8,1,0.8037600399302406,True,SYNTHETIC,synthetic_engineer_v1
RFQ731-003235,G731ST-HT,4,CFG731_cc9ac35e4d9a1854,0.9210527823259473,CFG731_4d6c56202edf3f41,3,0.48539156298606506,False,SYNTHETIC,synthetic_engineer_v1
RFQ731-003236,X731,1,CFG731_169a8482d2028dff,0.3890288741268978,CFG731_169a8482d2028dff,1,0.3890288741268978,True,SYNTHETIC,synthetic_engineer_v1
RFQ731-003237,X731,4,CFG731_83f956404d04e6cd,0.8654143630145865,CFG731_9eee2266c8068ada,3,0.37324012189968736,False,SYNTHETIC,synthetic_engineer_v1
RFQ731-003238,G731CA,1,CFG731_2aca30183aab25a9,0.8353390249366616,CFG731_2aca30183aab25a9,1,0.8353390249366616,True,SYNTHETIC,synthetic_engineer_v1
RFQ731-003239,X731,16,CFG731_e08dfad4737be3d9,0.9052634633517369,CFG731_8bd839e0c8855562,16,0.21004261000144273,False,SYNTHETIC,synthetic_engineer_v1
RFQ731-003240,G731CA,1,CFG731_adf77af8b73e9cdc,0.4870457632997709,CFG731_adf77af8b73e9cdc,1,0.4870457632997709,True,SYNTHETIC,synthetic_engineer_v1
RFQ731-003241,G731ST-LT,4,CFG731_7882c72c21497015,0.9210529771529473,CFG731_d432b6fd40e9e78c,2,0.849624753166376,False,SYNTHETIC,synthetic_engineer_v1
RFQ731-003242,X731,2,CFG731_219ac3d01befd6d1,0.9368428993871579,CFG731_d47fa87df22e968e,2,0.4335335106637461,False,SYNTHETIC,synthetic_engineer_v1
RFQ731-003243,G731VG,1,CFG731_40b6e1db6c80bcc1,0.8511287348788722,CFG731_40b6e1db6c80bcc1,1,0.8511287348788722,True,SYNTHETIC,synthetic_engineer_v1
RFQ731-003244,X731,5,CFG731_0db950a4979d2c52,0.9210527781869473,CFG731_a4038243bb1e609e,3,0.4850232451722415,False,SYNTHETIC,synthetic_engineer_v1
RFQ731-003245,G731ST-HT,4,CFG731_2a989bd6dba74d9f,0.849624861781376,CFG731_b7a7770d19b6f648,3,0.48704568557577094,False,SYNTHETIC,synthetic_engineer_v1
RFQ731-003246,G731ST-LT,1,CFG731_d124ccffa669c3a2,0.9526322057353683,CFG731_d124ccffa669c3a2,1,0.9526322057353683,True,SYNTHETIC,synthetic_engineer_v1
RFQ731-003247,X731,1,CFG731_af755e9c46cfadd4,0.8496250339943759,CFG731_af755e9c46cfadd4,1,0.8496250339943759,True,SYNTHETIC,synthetic_engineer_v1
RFQ731-003248,G731ST-HT,4,CFG731_d03860c1f327a8d1,0.849624914091376,CFG731_b5710e5f11e2cbc2,3,0.4146191085425356,False,SYNTHETIC,synthetic_engineer_v1
RFQ731-003249,X731,5,CFG731_da02526d254e2e35,0.9210534663859473,CFG731_241261e6f2e0673c,5,0.2287737290352415,False,SYNTHETIC,synthetic_engineer_v1
RFQ731-003250,G731ST-HT,11,CFG731_a3b03637ed22317c,0.9052640359567369,CFG731_aa4779c40e6c2de0,5,0.4686827070187957,False,SYNTHETIC,synthetic_engineer_v1
RFQ731-003251,G731ST-HT,2,CFG731_63eca10a00ae1f5d,0.9368421522991579,CFG731_ab3b0ae98d7b2345,2,0.4335334795607461,False,SYNTHETIC,synthetic_engineer_v1
RFQ731-003252,X731,3,CFG731_32a4bb12438a37ab,0.9368423729521579,CFG731_93048b37febc2c6d,2,0.8654141164135866,False,SYNTHETIC,synthetic_engineer_v1
RFQ731-003253,X731,1,CFG731_a385518a9f31baa0,0.3669899868266873,CFG731_a385518a9f31baa0,1,0.3669899868266873,True,SYNTHETIC,synthetic_engineer_v1
RFQ731-003254,X731,2,CFG731_67de76f701c9cfad,0.3680927911641579,CFG731_c66891bf502d2d83,2,0.2537540114320402,False,SYNTHETIC,synthetic_engineer_v1
RFQ731-003255,X731,4,CFG731_c39096767a7ae083,0.936843064731158,CFG731_624c46bfa7e46ad0,3,0.8511278874528722,False,SYNTHETIC,synthetic_engineer_v1
RFQ731-003256,X731,3,CFG731_5e57a3f6d3b745b8,0.9052641009777369,CFG731_35443b2ee17ecca9,3,0.3464399667729722,False,SYNTHETIC,synthetic_engineer_v1
RFQ731-003257,X731,2,CFG731_b74fb5418dad3b38,0.881203648653797,CFG731_b74fb5418dad3b38,1,0.881203648653797,True,SYNTHETIC,synthetic_engineer_v1
RFQ731-003258,F731WD_SINGLECHANNEL,1,CFG731_9a761e6bfde35917,0.3968075790767957,CFG731_9a761e6bfde35917,1,0.3968075790767957,True,SYNTHETIC,synthetic_engineer_v1
RFQ731-003259,G731CA,1,CFG731_757fbd3e8915b462,0.8353385374826616,CFG731_757fbd3e8915b462,1,0.8353385374826616,True,SYNTHETIC,synthetic_engineer_v1
RFQ731-003260,F731PW,3,CFG731_956456fc074ebc5a,0.8022563535267444,CFG731_b265e25b7baf721d,3,0.3132070764528452,False,SYNTHETIC,synthetic_engineer_v1
RFQ731-003261,X731,4,CFG731_36c553adc9f5ebf3,0.8338352149331655,CFG731_c9f99492e564a888,4,0.22254269957544273,False,SYNTHETIC,synthetic_engineer_v1
RFQ731-003262,X731,5,CFG731_c39096767a7ae083,0.9210530773729474,CFG731_ef02695e374fc418,2,0.4850240264682415,False,SYNTHETIC,synthetic_engineer_v1
RFQ731-003263,F731WD_DUALCHANNEL,2,CFG731_8281908b452128f3,0.8180453111569549,CFG731_d2034bb5aa313dac,2,0.8037599182062406,False,SYNTHETIC,synthetic_engineer_v1
RFQ731-003264,X731,3,CFG731_89772de94df83ba5,0.849624608242376,CFG731_6ad3ec8ed100118e,3,0.4146188826565356,False,SYNTHETIC,synthetic_engineer_v1
RFQ731-003265,G731ST-LT,2,CFG731_1d89d7fdc7355744,0.8654144711265865,CFG731_1d89d7fdc7355744,1,0.8654144711265865,True,SYNTHETIC,synthetic_engineer_v1
RFQ731-003266,G731ST-HT,2,CFG731_c3a136a8630f644d,0.8654138296215865,CFG731_a69c8345e2cbb480,2,0.375077844598805,False,SYNTHETIC,synthetic_engineer_v1
RFQ731-003267,X731,2,CFG731_cf543b1c3927ab71,0.9368422401301579,CFG731_3b06d9bface617d0,2,0.3655194200023932,False,SYNTHETIC,synthetic_engineer_v1
RFQ731-003268,X731,5,CFG731_608c0251ef380592,0.9210536217939473,CFG731_7157b3d45716ad8f,5,0.4844726567260062,False,SYNTHETIC,synthetic_engineer_v1
RFQ731-003269,X731,2,CFG731_77a90bfd81b5c2c1,0.49897542105333437,CFG731_77a90bfd81b5c2c1,1,0.49897542105333437,True,SYNTHETIC,synthetic_engineer_v1
RFQ731-003270,X731,4,CFG731_97796c9ac2811c94,0.849624202057376,CFG731_031d8f2fe50bf3d1,3,0.48704550391877094,False,SYNTHETIC,synthetic_engineer_v1
RFQ731-003271,G731ST-LT,8,CFG731_a40ab19ad6671fbe,0.9052640825787369,CFG731_9e44a82e6c1db982,6,0.40195516493832506,False,SYNTHETIC,synthetic_engineer_v1
RFQ731-003272,G731CA,1,CFG731_95a64c12c70f922a,0.8353389393766616,CFG731_95a64c12c70f922a,1,0.8353389393766616,True,SYNTHETIC,synthetic_engineer_v1
RFQ731-003273,F731PW,1,CFG731_5995fa9fd5d1242f,0.8180455317749549,CFG731_5995fa9fd5d1242f,1,0.8180455317749549,True,SYNTHETIC,synthetic_engineer_v1
RFQ731-003274,X731,5,CFG731_241d60e6ef5278be,0.849624907159376,CFG731_33f869b0c10dd59d,5,0.2328174212713003,False,SYNTHETIC,synthetic_engineer_v1
RFQ731-003275,G731CA,1,CFG731_6fae22c89116fc5e,0.35046494244682974,CFG731_6fae22c89116fc5e,1,0.35046494244682974,True,SYNTHETIC,synthetic_engineer_v1
RFQ731-003276,X731,3,CFG731_e80085d86d0bbfa9,0.8654140353385865,CFG731_6526112621a9ee97,3,0.3802249403853344,False,SYNTHETIC,synthetic_engineer_v1
RFQ731-003277,X731,4,CFG731_516629085c122a4e,0.9210532143989474,CFG731_b10c597ca89c3f56,3,0.8353384511146617,False,SYNTHETIC,synthetic_engineer_v1
RFQ731-003278,X731,1,CFG731_cf543b1c3927ab71,0.9526323018753684,CFG731_cf543b1c3927ab71,1,0.9526323018753684,True,SYNTHETIC,synthetic_engineer_v1
RFQ731-003279,G731ST-HT,1,CFG731_a56f1437a0b4ca31,0.881203511634797,CFG731_a56f1437a0b4ca31,1,0.881203511634797,True,SYNTHETIC,synthetic_engineer_v1
RFQ731-003280,X731,7,CFG731_cf543b1c3927ab71,0.9052634257757369,CFG731_b48a547ba9b64245,7,0.20930785434979565,False,SYNTHETIC,synthetic_engineer_v1
RFQ731-003281,X731,1,CFG731_d40b624cb7b84a81,0.881203625408797,CFG731_d40b624cb7b84a81,1,0.881203625408797,True,SYNTHETIC,synthetic_engineer_v1
RFQ731-003282,G731ST-LT,4,CFG731_7882c72c21497015,0.9210528731309473,CFG731_ad54a3e31832f7d2,3,0.8353386420826616,False,SYNTHETIC,synthetic_engineer_v1
RFQ731-003283,G731ST-LT,3,CFG731_ab4075c601d1397c,0.849624269242376,CFG731_cc47430fac8438be,2,0.4146197584845356,False,SYNTHETIC,synthetic_engineer_v1
RFQ731-003284,G731ST-LT,3,CFG731_32b4b1ec4513af66,0.8654143442335865,CFG731_903051672b581bab,3,0.37636478001168727,False,SYNTHETIC,synthetic_engineer_v1
RFQ731-003285,G731CA,1,CFG731_ed85647cd384c17a,0.8353393173626616,CFG731_ed85647cd384c17a,1,0.8353393173626616,True,SYNTHETIC,synthetic_engineer_v1
RFQ731-003286,X731,7,CFG731_5dd42015f6f61801,0.9210529746589473,CFG731_a04cb2bbaa13d22b,7,0.23686183011035916,False,SYNTHETIC,synthetic_engineer_v1
RFQ731-003287,G731ST-LT,6,CFG731_7882c72c21497015,0.9210535588179474,CFG731_fa6ab94f1cf566b3,5,0.4844718555280062,False,SYNTHETIC,synthetic_engineer_v1
RFQ731-003288,X731,11,CFG731_70b38ab75d3ca724,0.8338353576001655,CFG731_b0cb3b337215aa5b,11,0.21702854019908976,False,SYNTHETIC,synthetic_engineer_v1
RFQ731-003289,X731,3,CFG731_260c36430f7c2d03,0.9052637693807368,CFG731_68d0d8577edab436,3,0.34643965233197216,False,SYNTHETIC,synthetic_engineer_v1
RFQ731-003290,G731ST-HT,4,CFG731_329b582435fea539,0.8496244045303759,CFG731_37f37296c515d083,3,0.4146193978725356,False,SYNTHETIC,synthetic_engineer_v1
RFQ731-003291,F731TE,1,CFG731_3fe2202b70f330b1,0.3346758912146192,CFG731_3fe2202b70f330b1,1,0.3346758912146192,True,SYNTHETIC,synthetic_engineer_v1
RFQ731-003292,F731TE,2,CFG731_b7c1a02b25610507,0.7879708425080301,CFG731_b7c1a02b25610507,1,0.7879708425080301,True,SYNTHETIC,synthetic_engineer_v1
RFQ731-003293,G731ST-LT,2,CFG731_0fdf5c36c9c41e69,0.8654141609475865,CFG731_166343048c227f3c,2,0.8654141108855865,False,SYNTHETIC,synthetic_engineer_v1
RFQ731-003294,X731,1,CFG731_a92ad5294d9187e9,0.9210536239959474,CFG731_a92ad5294d9187e9,1,0.9210536239959474,True,SYNTHETIC,synthetic_engineer_v1
RFQ731-003295,X731,6,CFG731_8d2d91c46ccfb471,0.9210529647039474,CFG731_9ccdadb28a07accd,2,0.48318576249912387,False,SYNTHETIC,synthetic_engineer_v1
RFQ731-003296,X731,1,CFG731_27b6b45b43224be7,0.5147643913995449,CFG731_27b6b45b43224be7,1,0.5147643913995449,True,SYNTHETIC,synthetic_engineer_v1
RFQ731-003297,X731,3,CFG731_4346df46838fd57e,0.49897480615433437,CFG731_4138a046f10b4aa8,2,0.3706660799119226,False,SYNTHETIC,synthetic_engineer_v1
RFQ731-003298,X731,3,CFG731_31aa13473958d7d3,0.8654138445255866,CFG731_c63da0cdbb0b3444,3,0.4304090059907461,False,SYNTHETIC,synthetic_engineer_v1
RFQ731-003299,X731,3,CFG731_c39096767a7ae083,0.9368423594761579,CFG731_2009b1ab4cbc0ffb,3,0.500813652631452,False,SYNTHETIC,synthetic_engineer_v1
RFQ731-003300,G731ST-HT,1,CFG731_cc9ac35e4d9a1854,0.9526323577203684,CFG731_cc9ac35e4d9a1854,1,0.9526323577203684,True,SYNTHETIC,synthetic_engineer_v1
RFQ731-003301,X731,5,CFG731_b4987f1c95e91d0d,0.9210534609609473,CFG731_1e692ee109597ef2,5,0.4844726906150062,False,SYNTHETIC,synthetic_engineer_v1
RFQ731-003302,X731,1,CFG731_36c553adc9f5ebf3,0.881203028153797,CFG731_36c553adc9f5ebf3,1,0.881203028153797,True,SYNTHETIC,synthetic_engineer_v1
RFQ731-003303,X731,2,CFG731_3bcde7f8df32303c,0.881203608020797,CFG731_7db8273b62ec69af,2,0.39527869408789784,False,SYNTHETIC,synthetic_engineer_v1
RFQ731-003304,G731ST-LT,8,CFG731_7f5bfa7b21e81359,0.9052636512887369,CFG731_cc03e3852895ae99,6,0.40195519967532506,False,SYNTHETIC,synthetic_engineer_v1
RFQ731-003305,X731,2,CFG731_bbcb665ced67f8c3,0.8654137265465865,CFG731_0aa987e1ae960c88,2,0.8511279167768722,False,SYNTHETIC,synthetic_engineer_v1
RFQ731-003306,X731,4,CFG731_abcee67081353f16,0.9210530112869474,CFG731_26a55fc6510692e1,3,0.485391053723065,False,SYNTHETIC,synthetic_engineer_v1
RFQ731-003307,G731ST-LT,2,CFG731_996314000fcfec4b,0.9368429125311579,CFG731_22da0d6030817265,2,0.4335335117207461,False,SYNTHETIC,synthetic_engineer_v1
RFQ731-003308,X731,1,CFG731_fd3397424975992e,0.4989748865753344,CFG731_fd3397424975992e,1,0.4989748865753344,True,SYNTHETIC,synthetic_engineer_v1
RFQ731-003309,X731,1,CFG731_7308ee8503151ef3,0.8969933508240076,CFG731_7308ee8503151ef3,1,0.8969933508240076,True,SYNTHETIC,synthetic_engineer_v1
RFQ731-003310,X731,2,CFG731_89772de94df83ba5,0.8654138473665866,CFG731_511f0780429774e2,2,0.8511279721828722,False,SYNTHETIC,synthetic_engineer_v1
RFQ731-003311,G731ST-LT,1,CFG731_e0009be417f51ccd,0.9526321041753684,CFG731_e0009be417f51ccd,1,0.9526321041753684,True,SYNTHETIC,synthetic_engineer_v1
RFQ731-003312,X731,3,CFG731_de1ec1b96e1e485e,0.4831855935491239,CFG731_92e7a454f95768c1,3,0.23796521138282975,False,SYNTHETIC,synthetic_engineer_v1
RFQ731-003313,X731,2,CFG731_c39096767a7ae083,0.9526324766563684,CFG731_9f9a8730b26472c2,2,0.9097749689022255,False,SYNTHETIC,synthetic_engineer_v1
RFQ731-003314,G731ST-LT,4,CFG731_e0009be417f51ccd,0.9210534180469473,CFG731_b3d0283738532d82,3,0.485391258443065,False,SYNTHETIC,synthetic_engineer_v1
RFQ731-003315,G731CA,2,CFG731_dc8a3bad7d99b8ea,0.8037595979172406,CFG731_dc8a3bad7d99b8ea,1,0.8037595979172406,True,SYNTHETIC,synthetic_engineer_v1
RFQ731-003316,X731,2,CFG731_32b1041fd68aac23,0.8654136998915866,CFG731_3611bb1fba248e38,2,0.8511284570968721,False,SYNTHETIC,synthetic_engineer_v1
RFQ731-003317,X731,7,CFG731_abcee67081353f16,0.9052633220317369,CFG731_bd00839e452c6958,7,0.2210728429191486,False,SYNTHETIC,synthetic_engineer_v1
RFQ731-003318,G731ST-LT,2,CFG731_996314000fcfec4b,0.936842831272158,CFG731_22da0d6030817265,2,0.4335342060077461,False,SYNTHETIC,synthetic_engineer_v1
RFQ731-003319,X731,4,CFG731_c39096767a7ae083,0.9368422946141579,CFG731_4da2b3fd83325505,3,0.500813675153452,False,SYNTHETIC,synthetic_engineer_v1
RFQ731-003320,X731,3,CFG731_672458a8e716cdf8,0.8496246170563759,CFG731_fc05c65994b9f9f2,3,0.3637002334024768,False,SYNTHETIC,synthetic_engineer_v1
RFQ731-003321,G731ST-HT,1,CFG731_63eca10a00ae1f5d,0.9526316855603684,CFG731_63eca10a00ae1f5d,1,0.9526316855603684,True,SYNTHETIC,synthetic_engineer_v1
RFQ731-003322,X731,2,CFG731_8d2d91c46ccfb471,0.9526316092963684,CFG731_5ea309f998205da7,2,0.391970191063486,False,SYNTHETIC,synthetic_engineer_v1
RFQ731-003323,G731ST-LT,4,CFG731_b86bbf24b1c3a419,0.849624177708376,CFG731_7f493b76fa02174d,3,0.48704580976077094,False,SYNTHETIC,synthetic_engineer_v1
RFQ731-003324,F731PW,1,CFG731_92efd7a3c43da152,0.818045329461955,CFG731_92efd7a3c43da152,1,0.818045329461955,True,SYNTHETIC,synthetic_engineer_v1
RFQ731-003325,G731CA,2,CFG731_d3d0547b464f691d,0.8037603280792406,CFG731_d3d0547b464f691d,1,0.8037603280792406,True,SYNTHETIC,synthetic_engineer_v1
RFQ731-003326,F731WD_DUALCHANNEL,2,CFG731_819cb4e76943eca6,0.8037597847952406,CFG731_c37386a371e13fa8,2,0.45546643242434987,False,SYNTHETIC,synthetic_engineer_v1
RFQ731-003327,G731ST-LT,2,CFG731_32b4b1ec4513af66,0.8654143984095866,CFG731_fbf2539ea471ea5b,2,0.375077625364805,False,SYNTHETIC,synthetic_engineer_v1
RFQ731-003328,G731ST-HT,2,CFG731_63eca10a00ae1f5d,0.9368422706551579,CFG731_ab3b0ae98d7b2345,2,0.4335334170127461,False,SYNTHETIC,synthetic_engineer_v1
RFQ731-003329,X731,6,CFG731_60f3aae8ede70fe0,0.9368427714951579,CFG731_adf05162c2c9fc8d,6,0.24860713307851082,False,SYNTHETIC,synthetic_engineer_v1
RFQ731-003330,F731TE,1,CFG731_8b8ba7e2341f1295,0.4712559626965604,CFG731_8b8ba7e2341f1295,1,0.4712559626965604,True,SYNTHETIC,synthetic_engineer_v1
RFQ731-003331,G731CA,1,CFG731_95a64c12c70f922a,0.8353384667046616,CFG731_95a64c12c70f922a,1,0.8353384667046616,True,SYNTHETIC,synthetic_engineer_v1
RFQ731-003332,X731,1,CFG731_7962ce0b7d875608,0.48318517856612386,CFG731_7962ce0b7d875608,1,0.48318517856612386,True,SYNTHETIC,synthetic_engineer_v1
RFQ731-003333,G731ST-HT,4,CFG731_84b16be5aab3bf9b,0.849624572372376,CFG731_28ff10770eb1b643,4,0.3592880303705945,False,SYNTHETIC,synthetic_engineer_v1
RFQ731-003334,G731ST-HT,4,CFG731_bbffb73f3dff6787,0.9210535169029473,CFG731_920bf82480de0a61,3,0.8353386535716616,False,SYNTHETIC,synthetic_engineer_v1
RFQ731-003335,X731,2,CFG731_4d7e108ea05eeb07,0.9052640599847369,CFG731_aaecd8f48f0639a0,2,0.46960226936085453,False,SYNTHETIC,synthetic_engineer_v1
RFQ731-003336,X731,4,CFG731_62d0f0f6bab9bdcb,0.9210533826309474,CFG731_57b3b3a6958ee330,3,0.48539099848106504,False,SYNTHETIC,synthetic_engineer_v1
RFQ731-003337,X731,4,CFG731_bbcb665ced67f8c3,0.849624808632376,CFG731_2e5bd0d53757f625,4,0.3637000458734768,False,SYNTHETIC,synthetic_engineer_v1
RFQ731-003338,X731,6,CFG731_5e61ce3b60d15e11,0.9210533072039473,CFG731_4fe142d593643ab8,3,0.4850234698962415,False,SYNTHETIC,synthetic_engineer_v1
RFQ731-003339,G731ST-LT,2,CFG731_7f5bfa7b21e81359,0.936843083526158,CFG731_49cd4cbef1081333,2,0.4335335468537461,False,SYNTHETIC,synthetic_engineer_v1
RFQ731-003340,X731,2,CFG731_2d0a81ff4ec49480,0.3827794416698978,CFG731_996c03c74db1b690,2,0.26991160338007425,False,SYNTHETIC,synthetic_engineer_v1
RFQ731-003341,X731,4,CFG731_2be17a56b0589fd1,0.9210526447959474,CFG731_1f0c09edcd967945,3,0.48502365489424154,False,SYNTHETIC,synthetic_engineer_v1
RFQ731-003342,G731ST-LT,2,CFG731_7f5bfa7b21e81359,0.936842711741158,CFG731_0e146b48e4ed8b98,2,0.8939854358720151,False,SYNTHETIC,synthetic_engineer_v1
RFQ731-003343,F731PW,1,CFG731_7fea22051dcc86b6,0.8180457218319549,CFG731_7fea22051dcc86b6,1,0.8180457218319549,True,SYNTHETIC,synthetic_engineer_v1
RFQ731-003344,X731,3,CFG731_fb16e30f5bbb87f2,0.8353387886216616,CFG731_5f2fdad66cde083e,2,0.48704564015177093,False,SYNTHETIC,synthetic_engineer_v1
RFQ731-003345,X731,2,CFG731_7308ee8503151ef3,0.881203211354797,CFG731_867e73503f493aa1,2,0.3952793648688978,False,SYNTHETIC,synthetic_engineer_v1
RFQ731-003346,X731,7,CFG731_c887ba58c35036a9,0.9052639881227369,CFG731_0e3baae8e946721c,6,0.344234077432031,False,SYNTHETIC,synthetic_engineer_v1
RFQ731-003347,X731,2,CFG731_7308ee8503151ef3,0.881203345799797,CFG731_9a88481e80177d0c,2,0.8669174076520827,False,SYNTHETIC,synthetic_engineer_v1
RFQ731-003348,G731CA,1,CFG731_faff6da73df00950,0.48704563907277093,CFG731_faff6da73df00950,1,0.48704563907277093,True,SYNTHETIC,synthetic_engineer_v1
RFQ731-003349,X731,2,CFG731_20e62aeb01c953da,0.8812034247757969,CFG731_20e62aeb01c953da,1,0.8812034247757969,True,SYNTHETIC,synthetic_engineer_v1
RFQ731-003350,X731,3,CFG731_4a42ba5932c01b01,0.3769163616069226,CFG731_17dba025c91c278d,3,0.2537539280680402,False,SYNTHETIC,synthetic_engineer_v1
RFQ731-003351,X731,2,CFG731_32b1041fd68aac23,0.8654143839615865,CFG731_3611bb1fba248e38,2,0.8511287860768721,False,SYNTHETIC,synthetic_engineer_v1
RFQ731-003352,X731,4,CFG731_608c0251ef380592,0.9210528003649473,CFG731_3b56310e368fd60f,3,0.48539133816106506,False,SYNTHETIC,synthetic_engineer_v1
RFQ731-003353,G731CA,1,CFG731_1bc9c4d47c7d0696,0.35046504506682974,CFG731_1bc9c4d47c7d0696,1,0.35046504506682974,True,SYNTHETIC,synthetic_engineer_v1
RFQ731-003354,G731ST-LT,4,CFG731_10085782ed0991cf,0.849624369125376,CFG731_ad6f77e09c551945,3,0.48704618720277093,False,SYNTHETIC,synthetic_engineer_v1
RFQ731-003355,X731,3,CFG731_0db950a4979d2c52,0.9210530900619474,CFG731_c42374cc9dea3494,2,0.4831855237161239,False,SYNTHETIC,synthetic_engineer_v1
RFQ731-003356,X731,4,CFG731_608c0251ef380592,0.9210532072899473,CFG731_75466cb810218a66,2,0.849624483732376,False,SYNTHETIC,synthetic_engineer_v1
RFQ731-003357,X731,4,CFG731_5dd42015f6f61801,0.9368421404051579,CFG731_c7103e34e50d624a,4,0.2482398656566873,False,SYNTHETIC,synthetic_engineer_v1
RFQ731-003358,X731,7,CFG731_5dd42015f6f61801,0.9210533072049474,CFG731_917fc613cc9bf56a,3,0.4850239851542415,False,SYNTHETIC,synthetic_engineer_v1
RFQ731-003359,G731ST-HT,1,CFG731_bbffb73f3dff6787,0.9526320631493684,CFG731_bbffb73f3dff6787,1,0.9526320631493684,True,SYNTHETIC,synthetic_engineer_v1
RFQ731-003360,G731ST-HT,12,CFG731_831a7150258499af,0.8338348984271655,CFG731_fcf6a3b44d96735f,12,0.21868250478779563,False,SYNTHETIC,synthetic_engineer_v1
RFQ731-003361,X731,3,CFG731_7c358bf1aa4ea94e,0.48318582994312387,CFG731_3823a7587dcc8acd,3,0.23796440104082975,False,SYNTHETIC,synthetic_engineer_v1
RFQ731-003362,G731ST-HT,8,CFG731_4aa7d46b9cfa7d7b,0.9052639137817369,CFG731_ad49f2ad57627f46,8,0.3328366880005016,False,SYNTHETIC,synthetic_engineer_v1
RFQ731-003363,X731,6,CFG731_3bcde7f8df32303c,0.8654143616035865,CFG731_6077133dce604e06,6,0.37636440317268727,False,SYNTHETIC,synthetic_engineer_v1
RFQ731-003364,G731ST-HT,4,CFG731_7b2f69a7ca55041b,0.9210534814669473,CFG731_288e4c99b4e02895,3,0.8353390594836616,False,SYNTHETIC,synthetic_engineer_v1
RFQ731-003365,X731,3,CFG731_83f956404d04e6cd,0.8654142856735865,CFG731_b5a071e920590337,3,0.5028347719739814,False,SYNTHETIC,synthetic_engineer_v1
RFQ731-003366,F731TE,1,CFG731_3d8c1bbc0ef4249a,0.4712561950505604,CFG731_3d8c1bbc0ef4249a,1,0.4712561950505604,True,SYNTHETIC,synthetic_engineer_v1
RFQ731-003367,X731,4,CFG731_5e61ce3b60d15e11,0.9368426073491579,CFG731_23aa00a5306a83b2,3,0.8511286016928722,False,SYNTHETIC,synthetic_engineer_v1
RFQ731-003368,X731,3,CFG731_5e57a3f6d3b745b8,0.9052634320447369,CFG731_35443b2ee17ecca9,3,0.34644003435797216,False,SYNTHETIC,synthetic_engineer_v1
RFQ731-003369,G731CA,1,CFG731_95a64c12c70f922a,0.8353384290446616,CFG731_95a64c12c70f922a,1,0.8353384290446616,True,SYNTHETIC,synthetic_engineer_v1
RFQ731-003370,X731,7,CFG731_fde1ab2a4808b544,0.849624748570376,CFG731_d517f4f2d9736ee5,6,0.23539180030006504,False,SYNTHETIC,synthetic_engineer_v1
RFQ731-003371,X731,2,CFG731_a6d4830ed3aa2681,0.9368430839301579,CFG731_1d3bf6638fef70ae,2,0.3655194183453932,False,SYNTHETIC,synthetic_engineer_v1
RFQ731-003372,G731ST-HT,12,CFG731_7b2f69a7ca55041b,0.9052633234147369,CFG731_6649a4899673b05e,5,0.4686830757827957,False,SYNTHETIC,synthetic_engineer_v1
RFQ731-003373,G731ST-HT,4,CFG731_cc9ac35e4d9a1854,0.9210530721819473,CFG731_4d6c56202edf3f41,3,0.48539089449506506,False,SYNTHETIC,synthetic_engineer_v1
RFQ731-003374,G731ST-HT,2,CFG731_a3b03637ed22317c,0.9368424239631579,CFG731_6e53621a73b55f2c,2,0.4335337910197461,False,SYNTHETIC,synthetic_engineer_v1
RFQ731-003375,X731,2,CFG731_a6d4830ed3aa2681,0.9368428162531579,CFG731_782638eae748ba9a,2,0.3684607422239814,False,SYNTHETIC,synthetic_engineer_v1
RFQ731-003376,X731,6,CFG731_608c0251ef380592,0.9052634403347369,CFG731_09db81b4dee54f57,3,0.469234189484031,False,SYNTHETIC,synthetic_engineer_v1
RFQ731-003377,F731WD_SINGLECHANNEL,1,CFG731_e98d2be876599c40,0.8195495881654511,CFG731_e98d2be876599c40,1,0.8195495881654511,True,SYNTHETIC,synthetic_engineer_v1
RFQ731-003378,X731,9,CFG731_b7e96d5717c40fd6,0.9052640865237369,CFG731_50797efe795778c6,9,0.2196020288848545,False,SYNTHETIC,synthetic_engineer_v1
RFQ731-003379,X731,2,CFG731_a6d4830ed3aa2681,0.936842556443158,CFG731_782638eae748ba9a,2,0.3684600672159814,False,SYNTHETIC,synthetic_engineer_v1
RFQ731-003380,F731WD_DUALCHANNEL,2,CFG731_37e3938c6089bb2d,0.7879707152730301,CFG731_37e3938c6089bb2d,1,0.7879707152730301,True,SYNTHETIC,synthetic_engineer_v1
RFQ731-003381,X731,1,CFG731_4ba013fed31fb45f,0.8195488754344511,CFG731_4ba013fed31fb45f,1,0.8195488754344511,True,SYNTHETIC,synthetic_engineer_v1
RFQ731-003382,F731TE,1,CFG731_1962af6277da6f54,0.8338347822161655,CFG731_1962af6277da6f54,1,0.8338347822161655,True,SYNTHETIC,synthetic_engineer_v1
RFQ731-003383,X731,9,CFG731_ad0a2fd7350b6cca,0.849625019549376,CFG731_33f263ef54ef97d1,9,0.23281748944830033,False,SYNTHETIC,synthetic_engineer_v1
RFQ731-003384,G731ST-HT,1,CFG731_7b2f69a7ca55041b,0.9526321662043684,CFG731_7b2f69a7ca55041b,1,0.9526321662043684,True,SYNTHETIC,synthetic_engineer_v1
RFQ731-003385,X731,6,CFG731_5e61ce3b60d15e11,0.9210533670529474,CFG731_de1b4a889540ef0e,5,0.36002420304624144,False,SYNTHETIC,synthetic_engineer_v1
RFQ731-003386,G731ST-LT,1,CFG731_7882c72c21497015,0.9526323731303684,CFG731_7882c72c21497015,1,0.9526323731303684,True,SYNTHETIC,synthetic_engineer_v1
RFQ731-003387,X731,4,CFG731_60f3aae8ede70fe0,0.9368422512121579,CFG731_3c119308d8305ad4,3,0.8511278791458722,False,SYNTHETIC,synthetic_engineer_v1
RFQ731-003388,X731,2,CFG731_d27f5f5f307014a8,0.8654137969825865,CFG731_9a3bcb48249a8b49,2,0.3794894138646873,False,SYNTHETIC,synthetic_engineer_v1
RFQ731-003389,X731,3,CFG731_40e06ca56bd88fa1,0.3637000473394768,CFG731_3f43e18524472dbe,2,0.35745047569947674,False,SYNTHETIC,synthetic_engineer_v1
RFQ731-003390,G731ST-LT,2,CFG731_e0009be417f51ccd,0.9368429621971579,CFG731_c5da2661a169f82b,2,0.8939853600120151,False,SYNTHETIC,synthetic_engineer_v1
RFQ731-003391,G731CA,1,CFG731_b97ce0f180acf155,0.8353386758216615,CFG731_b97ce0f180acf155,1,0.8353386758216615,True,SYNTHETIC,synthetic_engineer_v1
RFQ731-003392,F731WD_DUALCHANNEL,1,CFG731_8281908b452128f3,0.8338354218911654,CFG731_8281908b452128f3,1,0.8338354218911654,True,SYNTHETIC,synthetic_engineer_v1
RFQ731-003393,X731,4,CFG731_70aa5a64b0803277,0.8496245785483759,CFG731_8956c16bd3b9a345,4,0.35340561436041795,False,SYNTHETIC,synthetic_engineer_v1
RFQ731-003394,G731CA,1,CFG731_19ec976991ce75a9,0.8353384797606616,CFG731_19ec976991ce75a9,1,0.8353384797606616,True,SYNTHETIC,synthetic_engineer_v1
RFQ731-003395,X731,7,CFG731_5dd42015f6f61801,0.9210533382989473,CFG731_d67b44eae58dfe59,2,0.4831853073801239,False,SYNTHETIC,synthetic_engineer_v1
RFQ731-003396,G731ST-HT,8,CFG731_cc9ac35e4d9a1854,0.9052636957527369,CFG731_baab4a7f51aced1f,8,0.4019545692453251,False,SYNTHETIC,synthetic_engineer_v1
RFQ731-003397,F731WD_DUALCHANNEL,2,CFG731_35ed22cad11f9a11,0.7879706768100301,CFG731_cd1c2b236ffda331,2,0.78797045659103,False,SYNTHETIC,synthetic_engineer_v1
RFQ731-003398,G731ST-HT,12,CFG731_84b16be5aab3bf9b,0.8338355317421655,CFG731_fa50e8a725c751e0,11,0.21721211695750156,False,SYNTHETIC,synthetic_engineer_v1
RFQ731-003399,G731CA,2,CFG731_2aca30183aab25a9,0.8037600236032406,CFG731_f235f4dd7693c885,2,0.45546676964134986,False,SYNTHETIC,synthetic_engineer_v1
RFQ731-003400,X731,3,CFG731_0db950a4979d2c52,0.9368421556401579,CFG731_8cf35251fcd54982,3,0.500813339753452,False,SYNTHETIC,synthetic_engineer_v1
RFQ731-003401,G731ST-HT,2,CFG731_cc9ac35e4d9a1854,0.9368427641001579,CFG731_eb70dc35972dc4b7,2,0.8939856203660151,False,SYNTHETIC,synthetic_engineer_v1
RFQ731-003402,X731,3,CFG731_e08dfad4737be3d9,0.9368424981341579,CFG731_9cedc4ecc45a4b46,3,0.500812834324452,False,SYNTHETIC,synthetic_engineer_v1
RFQ731-003403,X731,1,CFG731_8d2c10e2688ee31d,0.3838820101773684,CFG731_8d2c10e2688ee31d,1,0.3838820101773684,True,SYNTHETIC,synthetic_engineer_v1
RFQ731-003404,X731,3,CFG731_fde1ab2a4808b544,0.8654136130825866,CFG731_584d4f5b54752e2e,3,0.37949001818868733,False,SYNTHETIC,synthetic_engineer_v1
RFQ731-003405,X731,4,CFG731_8f470181ad32eeae,0.8654143101805866,CFG731_5aad423ad5989441,3,0.43040921657674613,False,SYNTHETIC,synthetic_engineer_v1
RFQ731-003406,X731,2,CFG731_b757671ab14f2876,0.4989748967413344,CFG731_b757671ab14f2876,1,0.4989748967413344,True,SYNTHETIC,synthetic_engineer_v1
RFQ731-003407,X731,2,CFG731_af755e9c46cfadd4,0.8338346255301655,CFG731_dbb33a574e3ad4d8,2,0.8195493283524511,False,SYNTHETIC,synthetic_engineer_v1
RFQ731-003408,X731,2,CFG731_608c0251ef380592,0.936842983429158,CFG731_33fed5318b1a4f2f,2,0.8939858895860151,False,SYNTHETIC,synthetic_engineer_v1
RFQ731-003409,X731,7,CFG731_a6d4830ed3aa2681,0.9052633448887368,CFG731_b1e6da79b3f3968c,7,0.22254340870844272,False,SYNTHETIC,synthetic_engineer_v1
RFQ731-003410,X731,6,CFG731_32b1041fd68aac23,0.8338353955851655,CFG731_7a941b9a49372410,5,0.22033686005150155,False,SYNTHETIC,synthetic_engineer_v1
RFQ731-003411,X731,4,CFG731_8c50542218db5cb0,0.9210536027069474,CFG731_fc0b29ae617f0a6b,2,0.8496247869893759,False,SYNTHETIC,synthetic_engineer_v1
RFQ731-003412,X731,6,CFG731_f3fed379f1eb01f9,0.8180459031309549,CFG731_5f07d1fd22503872,6,0.33065080449276163,False,SYNTHETIC,synthetic_engineer_v1
RFQ731-003413,G731ST-LT,1,CFG731_0fdf5c36c9c41e69,0.8812038434507969,CFG731_0fdf5c36c9c41e69,1,0.8812038434507969,True,SYNTHETIC,synthetic_engineer_v1
RFQ731-003414,G731ST-HT,2,CFG731_2a989bd6dba74d9f,0.8654144431345865,CFG731_84b16be5aab3bf9b,2,0.8654144416925865,False,SYNTHETIC,synthetic_engineer_v1
RFQ731-003415,G731ST-HT,1,CFG731_fcc72e9951376cf3,0.881203848950797,CFG731_fcc72e9951376cf3,1,0.881203848950797,True,SYNTHETIC,synthetic_engineer_v1
RFQ731-003416,F731TE,2,CFG731_4d0235c9d5cc61be,0.78797053290003,CFG731_4d0235c9d5cc61be,1,0.78797053290003,True,SYNTHETIC,synthetic_engineer_v1
RFQ731-003417,X731,1,CFG731_ae226e31119be9bd,0.9210535624919474,CFG731_ae226e31119be9bd,1,0.9210535624919474,True,SYNTHETIC,synthetic_engineer_v1
RFQ731-003418,X731,4,CFG731_5dd42015f6f61801,0.9368426519261579,CFG731_3a6a87d7cf07cb7c,3,0.8511284859158722,False,SYNTHETIC,synthetic_engineer_v1
RFQ731-003419,F731WD_SINGLECHANNEL,1,CFG731_70b6eaf9262ca4d0,0.8195498390554511,CFG731_70b6eaf9262ca4d0,1,0.8195498390554511,True,SYNTHETIC,synthetic_engineer_v1
RFQ731-003420,X731,3,CFG731_b65f8c1aefa2a95b,0.48318586339512387,CFG731_b65f8c1aefa2a95b,1,0.48318586339512387,True,SYNTHETIC,synthetic_engineer_v1
RFQ731-003421,X731,2,CFG731_fb1ab4b34e9c8a75,0.8654144780565866,CFG731_509cb555eca833a1,2,0.8511286493348722,False,SYNTHETIC,synthetic_engineer_v1
RFQ731-003422,X731,6,CFG731_b7e96d5717c40fd6,0.9210534959319473,CFG731_fe424f85d85e1c0c,4,0.3526711469617709,False,SYNTHETIC,synthetic_engineer_v1
RFQ731-003423,X731,5,CFG731_d40b624cb7b84a81,0.8496245618213759,CFG731_122577678a9fbaa5,5,0.2298766395917121,False,SYNTHETIC,synthetic_engineer_v1
RFQ731-003424,X731,8,CFG731_2be17a56b0589fd1,0.9052639000447369,CFG731_8ef93a1702c0f879,7,0.21886614040320743,False,SYNTHETIC,synthetic_engineer_v1
RFQ731-003425,X731,1,CFG731_5e61ce3b60d15e11,0.9684216905045789,CFG731_5e61ce3b60d15e11,1,0.9684216905045789,True,SYNTHETIC,synthetic_engineer_v1
RFQ731-003426,G731ST-LT,4,CFG731_e0009be417f51ccd,0.9210533769519473,CFG731_e4891d6f45902e22,3,0.8353383611936616,False,SYNTHETIC,synthetic_engineer_v1
RFQ731-003427,X731,6,CFG731_0db950a4979d2c52,0.9210528397469473,CFG731_b80e7ed679169677,6,0.36002366784824147,False,SYNTHETIC,synthetic_engineer_v1
RFQ731-003428,F731WD_SINGLECHANNEL,2,CFG731_0be7d6198235486b,0.7879708884580301,CFG731_0be7d6198235486b,1,0.7879708884580301,True,SYNTHETIC,synthetic_engineer_v1
RFQ731-003429,X731,2,CFG731_11da8cc369b71f5a,0.881203424405797,CFG731_ab7c99e095bc84f9,2,0.3890288025668978,False,SYNTHETIC,synthetic_engineer_v1
RFQ731-003430,G731CA,1,CFG731_16b53411ff7f6c9b,0.35046522747382974,CFG731_16b53411ff7f6c9b,1,0.35046522747382974,True,SYNTHETIC,synthetic_engineer_v1
RFQ731-003431,G731ST-HT,12,CFG731_7b2f69a7ca55041b,0.9052636767967369,CFG731_fab0d81b6a0ca4e0,10,0.34055789791179564,False,SYNTHETIC,synthetic_engineer_v1
RFQ731-003432,G731ST-LT,1,CFG731_a40ab19ad6671fbe,0.9526324301023684,CFG731_a40ab19ad6671fbe,1,0.9526324301023684,True,SYNTHETIC,synthetic_engineer_v1
RFQ731-003433,X731,2,CFG731_516629085c122a4e,0.9368430323521579,CFG731_fe9a409c6b2ba9cc,2,0.4335333140127461,False,SYNTHETIC,synthetic_engineer_v1
RFQ731-003434,F731TE,1,CFG731_574aa7a29f75cd60,0.8338347365801655,CFG731_574aa7a29f75cd60,1,0.8338347365801655,True,SYNTHETIC,synthetic_engineer_v1
RFQ731-003435,X731,4,CFG731_60f3aae8ede70fe0,0.9368422131761579,CFG731_579057193c092394,3,0.5011812082312755,False,SYNTHETIC,synthetic_engineer_v1
RFQ731-003436,F731WD_DUALCHANNEL,2,CFG731_8281908b452128f3,0.8180457136229549,CFG731_d2034bb5aa313dac,2,0.8037599105082406,False,SYNTHETIC,synthetic_engineer_v1
RFQ731-003437,X731,3,CFG731_3b2a32abbf148ca1,0.9368422885581579,CFG731_068dfb669c5d2e98,2,0.5008136178054521,False,SYNTHETIC,synthetic_engineer_v1
RFQ731-003438,X731,6,CFG731_8d07e19298d09d34,0.8338354835321655,CFG731_9eda95fb1b62fb8d,6,0.22033672909650154,False,SYNTHETIC,synthetic_engineer_v1
RFQ731-003439,X731,7,CFG731_f97e51d1da57d99f,0.8338353470081655,CFG731_5789f006b670582c,7,0.20930802547179564,False,SYNTHETIC,synthetic_engineer_v1
RFQ731-003440,X731,2,CFG731_b7e96d5717c40fd6,0.9526318930103684,CFG731_2683cf7e09782f5e,2,0.9097751451152256,False,SYNTHETIC,synthetic_engineer_v1
RFQ731-003441,X731,3,CFG731_1f2a166cde9ede02,0.8338353453791655,CFG731_b761b914f76d159e,3,0.34644045995997214,False,SYNTHETIC,synthetic_engineer_v1
RFQ731-003442,X731,2,CFG731_8d2d91c46ccfb471,0.9368427410621579,CFG731_48772fd385d8dcd5,2,0.2541222582788638,False,SYNTHETIC,synthetic_engineer_v1
RFQ731-003443,X731,3,CFG731_c887ba58c35036a9,0.9210526693569473,CFG731_ef2da8cd513b19be,3,0.48502369281824154,False,SYNTHETIC,synthetic_engineer_v1
RFQ731-003444,X731,5,CFG731_6e096e946540ab4e,0.849624311275376,CFG731_256f254632c47939,5,0.23833255552565327,False,SYNTHETIC,synthetic_engineer_v1
RFQ731-003445,G731ST-HT,2,CFG731_7b2f69a7ca55041b,0.936842321186158,CFG731_617247356a7014fb,2,0.8939851009240151,False,SYNTHETIC,synthetic_engineer_v1
RFQ731-003446,X731,2,CFG731_f87794e7a98d0b11,0.9526321031203684,CFG731_1f978c234895178c,2,0.9097749068062255,False,SYNTHETIC,synthetic_engineer_v1
RFQ731-003447,X731,3,CFG731_8f470181ad32eeae,0.8654140364055866,CFG731_9cc4d2424009fabe,3,0.2511810085932755,False,SYNTHETIC,synthetic_engineer_v1
RFQ731-003448,G731ST-LT,2,CFG731_8da1da530d6ae54d,0.8654142893685866,CFG731_1d89d7fdc7355744,2,0.8654140162075865,False,SYNTHETIC,synthetic_engineer_v1
RFQ731-003449,X731,2,CFG731_11da8cc369b71f5a,0.881203078893797,CFG731_59f11353d30c03ee,2,0.8669175406420826,False,SYNTHETIC,synthetic_engineer_v1
RFQ731-003450,X731,2,CFG731_0836695982aaa38c,0.37397520716233434,CFG731_bd2172ffd6b9273a,2,0.37397474549233434,False,SYNTHETIC,synthetic_engineer_v1
RFQ731-003451,G731ST-LT,2,CFG731_a40ab19ad6671fbe,0.9368423199521579,CFG731_098817d766a37bc2,2,0.8939851736380151,False,SYNTHETIC,synthetic_engineer_v1
RFQ731-003452,X731,6,CFG731_8d2d91c46ccfb471,0.9210532283419474,CFG731_9ccdadb28a07accd,2,0.4831852852871239,False,SYNTHETIC,synthetic_engineer_v1
RFQ731-003453,F731PW,2,CFG731_327bfa077bbbd45e,0.36725045102990406,CFG731_00f08838a21d3799,2,0.18269166676949228,False,SYNTHETIC,synthetic_engineer_v1
RFQ731-003454,X731,2,CFG731_20e62aeb01c953da,0.881203983153797,CFG731_20e62aeb01c953da,1,0.881203983153797,True,SYNTHETIC,synthetic_engineer_v1
RFQ731-003455,G731ST-HT,2,CFG731_831a7150258499af,0.8654138011965865,CFG731_5c80dfb541787e3e,2,0.375078272649805,False,SYNTHETIC,synthetic_engineer_v1
RFQ731-003456,G731ST-LT,2,CFG731_715a3d3226cbaffd,0.9368426072191579,CFG731_c050936f4a70e2a0,2,0.36735705932751084,False,SYNTHETIC,synthetic_engineer_v1
RFQ731-003457,X731,6,CFG731_b7e96d5717c40fd6,0.9210535715469473,CFG731_fe424f85d85e1c0c,5,0.3526710174007709,False,SYNTHETIC,synthetic_engineer_v1
RFQ731-003458,X731,2,CFG731_cf543b1c3927ab71,0.936842637805158,CFG731_4dd88391f253d6d5,2,0.37342310981609905,False,SYNTHETIC,synthetic_engineer_v1
RFQ731-003459,X731,7,CFG731_9a0f0b26c7f24725,0.8496247693803759,CFG731_bb4f0886ba308d63,7,0.23833275869665327,False,SYNTHETIC,synthetic_engineer_v1
RFQ731-003460,G731ST-LT,2,CFG731_8da1da530d6ae54d,0.8654143965635865,CFG731_1d89d7fdc7355744,2,0.8654143295215865,False,SYNTHETIC,synthetic_engineer_v1
RFQ731-003461,G731ST-LT,8,CFG731_715a3d3226cbaffd,0.9052635906327369,CFG731_bd771effc0c19f23,8,0.3328375914925016,False,SYNTHETIC,synthetic_engineer_v1
RFQ731-003462,X731,1,CFG731_ae226e31119be9bd,0.9210529350619473,CFG731_ae226e31119be9bd,1,0.9210529350619473,True,SYNTHETIC,synthetic_engineer_v1
RFQ731-003463,X731,1,CFG731_d9234c84a58b99ae,0.4989749548603344,CFG731_d9234c84a58b99ae,1,0.4989749548603344,True,SYNTHETIC,synthetic_engineer_v1
RFQ731-003464,X731,6,CFG731_91e51485b56960b2,0.9210531025039473,CFG731_8e5ce09a779d2284,5,0.4177444428305356,False,SYNTHETIC,synthetic_engineer_v1
RFQ731-003465,X731,2,CFG731_31aa13473958d7d3,0.881203745058797,CFG731_4f69dda45b9029b5,2,0.3838820778003684,False,SYNTHETIC,synthetic_engineer_v1
RFQ731-003466,X731,2,CFG731_8d2d91c46ccfb471,0.9526321558423684,CFG731_5ea309f998205da7,2,0.39196987578748604,False,SYNTHETIC,synthetic_engineer_v1
RFQ731-003467,X731,5,CFG731_c39096767a7ae083,0.9210530845769473,CFG731_ef02695e374fc418,2,0.4850238603862415,False,SYNTHETIC,synthetic_engineer_v1
RFQ731-003468,X731,1,CFG731_a41a2d2cef1a675f,0.9210534935319473,CFG731_a41a2d2cef1a675f,1,0.9210534935319473,True,SYNTHETIC,synthetic_engineer_v1
RFQ731-003469,F731TE,2,CFG731_3c2aedfb429dc226,0.7879702295960301,CFG731_3c2aedfb429dc226,1,0.7879702295960301,True,SYNTHETIC,synthetic_engineer_v1
RFQ731-003470,X731,4,CFG731_f87794e7a98d0b11,0.9368425823911579,CFG731_3450383be0000281,4,0.25412165424786376,False,SYNTHETIC,synthetic_engineer_v1
RFQ731-003471,G731ST-HT,2,CFG731_63eca10a00ae1f5d,0.9368424490031579,CFG731_ab3b0ae98d7b2345,2,0.4335342368097461,False,SYNTHETIC,synthetic_engineer_v1
RFQ731-003472,F731TE,1,CFG731_d8c69b7395beabbb,0.4712567142815604,CFG731_d8c69b7395beabbb,1,0.4712567142815604,True,SYNTHETIC,synthetic_engineer_v1
RFQ731-003473,X731,2,CFG731_67de76f701c9cfad,0.3680924715331579,CFG731_63f33b68f29fecef,2,0.2537539465810402,False,SYNTHETIC,synthetic_engineer_v1
RFQ731-003474,G731ST-HT,4,CFG731_cc9ac35e4d9a1854,0.9210528534289474,CFG731_7f0b42d2b9f7fcc2,3,0.8353389588346616,False,SYNTHETIC,synthetic_engineer_v1
RFQ731-003475,X731,5,CFG731_91e51485b56960b2,0.9210531713749474,CFG731_928eb2092e8c7074,5,0.23686148980235916,False,SYNTHETIC,synthetic_engineer_v1
RFQ731-003476,X731,2,CFG731_95e2d680672ff303,0.3453373185655016,CFG731_95e2d680672ff303,1,0.3453373185655016,True,SYNTHETIC,synthetic_engineer_v1
RFQ731-003477,G731CA,1,CFG731_2aca30183aab25a9,0.8353389219706616,CFG731_2aca30183aab25a9,1,0.8353389219706616,True,SYNTHETIC,synthetic_engineer_v1
RFQ731-003478,X731,4,CFG731_da02526d254e2e35,0.9210527884409473,CFG731_901acdfc4a61ad77,2,0.849624838756376,False,SYNTHETIC,synthetic_engineer_v1
RFQ731-003479,X731,3,CFG731_a92ad5294d9187e9,0.9052641463397368,CFG731_35443b2ee17ecca9,3,0.3464402122799722,False,SYNTHETIC,synthetic_engineer_v1
RFQ731-003480,X731,4,CFG731_c887ba58c35036a9,0.9210532086739474,CFG731_fa063863b8688588,3,0.4850234460732415,False,SYNTHETIC,synthetic_engineer_v1
RFQ731-003481,G731ST-LT,4,CFG731_b86bbf24b1c3a419,0.8496242789773759,CFG731_0dd81a588b2a1411,3,0.3592888669555945,False,SYNTHETIC,synthetic_engineer_v1
RFQ731-003482,X731,3,CFG731_0fbee36816b7af98,0.8654139609095866,CFG731_9228cc48e333917c,2,0.5028355963699814,False,SYNTHETIC,synthetic_engineer_v1
RFQ731-003483,G731ST-LT,2,CFG731_7f5bfa7b21e81359,0.936842697523158,CFG731_2469d1b04bd775f6,2,0.4335338725497461,False,SYNTHETIC,synthetic_engineer_v1
RFQ731-003484,G731ST-HT,11,CFG731_a3b03637ed22317c,0.9052639090527369,CFG731_ff5d8da56ff22796,10,0.3405579051417957,False,SYNTHETIC,synthetic_engineer_v1
RFQ731-003485,G731ST-HT,1,CFG731_7b2f69a7ca55041b,0.9526317467953684,CFG731_7b2f69a7ca55041b,1,0.9526317467953684,True,SYNTHETIC,synthetic_engineer_v1
RFQ731-003486,G731ST-HT,4,CFG731_a56f1437a0b4ca31,0.8496246272943759,CFG731_86a2340212c01d2a,3,0.4870455379137709,False,SYNTHETIC,synthetic_engineer_v1
RFQ731-003487,X731,2,CFG731_a6d4830ed3aa2681,0.936842119810158,CFG731_1d3bf6638fef70ae,2,0.3655191992983932,False,SYNTHETIC,synthetic_engineer_v1
RFQ731-003488,G731ST-LT,10,CFG731_e0009be417f51ccd,0.9052637526567369,CFG731_77fac91021549398,5,0.4686824221637957,False,SYNTHETIC,synthetic_engineer_v1
RFQ731-003489,X731,1,CFG731_67de76f701c9cfad,0.3838825757193684,CFG731_67de76f701c9cfad,1,0.3838825757193684,True,SYNTHETIC,synthetic_engineer_v1
RFQ731-003490,F731PW,1,CFG731_f9fd6a4462ec051a,0.8180455839099549,CFG731_f9fd6a4462ec051a,1,0.8180455839099549,True,SYNTHETIC,synthetic_engineer_v1
RFQ731-003491,X731,1,CFG731_a41a2d2cef1a675f,0.9210532998809473,CFG731_a41a2d2cef1a675f,1,0.9210532998809473,True,SYNTHETIC,synthetic_engineer_v1
RFQ731-003492,F731WD_DUALCHANNEL,4,CFG731_cd1c2b236ffda331,0.7721813352128195,CFG731_f53899c7a09e0138,4,0.2847338043232229,False,SYNTHETIC,synthetic_engineer_v1
RFQ731-003493,X731,1,CFG731_5dd42015f6f61801,0.968421377200579,CFG731_5dd42015f6f61801,1,0.968421377200579,True,SYNTHETIC,synthetic_engineer_v1
RFQ731-003494,X731,2,CFG731_62d0f0f6bab9bdcb,0.936842117673158,CFG731_9fcbeaf9d5010d3a,2,0.4335341761007461,False,SYNTHETIC,synthetic_engineer_v1
RFQ731-003495,G731CA,1,CFG731_757fbd3e8915b462,0.8353391324546616,CFG731_757fbd3e8915b462,1,0.8353391324546616,True,SYNTHETIC,synthetic_engineer_v1
RFQ731-003496,G731ST-HT,2,CFG731_646d8903da63e1f0,0.8654140021125866,CFG731_646d8903da63e1f0,1,0.8654140021125866,True,SYNTHETIC,synthetic_engineer_v1
RFQ731-003497,G731ST-LT,8,CFG731_e0009be417f51ccd,0.9052632986407368,CFG731_515a31451814aae9,8,0.40195442631632505,False,SYNTHETIC,synthetic_engineer_v1
RFQ731-003498,X731,5,CFG731_83f956404d04e6cd,0.8654141617935865,CFG731_d417765b001ea99c,4,0.3778348173649814,False,SYNTHETIC,synthetic_engineer_v1
RFQ731-003499,X731,3,CFG731_32a4bb12438a37ab,0.9368421613781579,CFG731_d3db38843cf9fb81,3,0.8511281393848722,False,SYNTHETIC,synthetic_engineer_v1
RFQ731-003500,X731,2,CFG731_2be17a56b0589fd1,0.9368429143091579,CFG731_353333bad447dbef,2,0.8939852622440151,False,SYNTHETIC,synthetic_engineer_v1
RFQ731-003501,X731,1,CFG731_7393da73e12c3f06,0.365905800721418,CFG731_7393da73e12c3f06,1,0.365905800721418,True,SYNTHETIC,synthetic_engineer_v1
RFQ731-003502,X731,2,CFG731_b4987f1c95e91d0d,0.936842524077158,CFG731_24a2c6ef94654845,2,0.8939851501740151,False,SYNTHETIC,synthetic_engineer_v1
RFQ731-003503,X731,4,CFG731_8d2d91c46ccfb471,0.9368427282301579,CFG731_b848918cab1cb35d,3,0.4989749618763344,False,SYNTHETIC,synthetic_engineer_v1
RFQ731-003504,X731,6,CFG731_e08dfad4737be3d9,0.9210534419589473,CFG731_fe2a2a8faea232df,6,0.23539141148406503,False,SYNTHETIC,synthetic_engineer_v1
RFQ731-003505,X731,2,CFG731_dbe9c00b3af80524,0.8338350276101655,CFG731_9009dc9a78f8b97e,2,0.341844211832678,False,SYNTHETIC,synthetic_engineer_v1
RFQ731-003506,G731ST-HT,4,CFG731_329b582435fea539,0.849624899040376,CFG731_b5710e5f11e2cbc2,3,0.4146197422075356,False,SYNTHETIC,synthetic_engineer_v1
RFQ731-003507,G731ST-LT,1,CFG731_a40ab19ad6671fbe,0.9526317180143684,CFG731_a40ab19ad6671fbe,1,0.9526317180143684,True,SYNTHETIC,synthetic_engineer_v1
RFQ731-003508,G731ST-HT,4,CFG731_4aa7d46b9cfa7d7b,0.9210533644059473,CFG731_ff04d32ca467d2a5,3,0.3576342880768885,False,SYNTHETIC,synthetic_engineer_v1
RFQ731-003509,G731ST-HT,2,CFG731_646d8903da63e1f0,0.8654136203495866,CFG731_646d8903da63e1f0,1,0.8654136203495866,True,SYNTHETIC,synthetic_engineer_v1
RFQ731-003510,X731,3,CFG731_8c50542218db5cb0,0.9210530984029474,CFG731_7942d32924313c96,3,0.4850237940852415,False,SYNTHETIC,synthetic_engineer_v1
RFQ731-003511,X731,2,CFG731_516629085c122a4e,0.9368422936301579,CFG731_fe9a409c6b2ba9cc,2,0.43353376018574613,False,SYNTHETIC,synthetic_engineer_v1
RFQ731-003512,X731,7,CFG731_1d7625425d9a9146,0.849625030810376,CFG731_cf93550b4257fc7d,7,0.23649391582953563,False,SYNTHETIC,synthetic_engineer_v1
RFQ731-003513,X731,2,CFG731_36c553adc9f5ebf3,0.8654136148585865,CFG731_7822370b42865359,2,0.8511279035808722,False,SYNTHETIC,synthetic_engineer_v1
RFQ731-003514,G731VG,1,CFG731_40b6e1db6c80bcc1,0.8511282637808721,CFG731_40b6e1db6c80bcc1,1,0.8511282637808721,True,SYNTHETIC,synthetic_engineer_v1
RFQ731-003515,X731,4,CFG731_0fbee36816b7af98,0.8654138264895865,CFG731_0a5e675a5cd95b86,4,0.2511811554462755,False,SYNTHETIC,synthetic_engineer_v1
RFQ731-003516,X731,4,CFG731_e08dfad4737be3d9,0.9368427052761579,CFG731_3352d611bcf09d74,3,0.5011803991102756,False,SYNTHETIC,synthetic_engineer_v1
RFQ731-003517,X731,7,CFG731_b4987f1c95e91d0d,0.9052641119047369,CFG731_2451b1d5b9cd9ccd,6,0.344233812648031,False,SYNTHETIC,synthetic_engineer_v1
RFQ731-003518,X731,1,CFG731_db983e07a279051a,0.9210534838599473,CFG731_db983e07a279051a,1,0.9210534838599473,True,SYNTHETIC,synthetic_engineer_v1
RFQ731-003519,G731ST-HT,4,CFG731_4aa7d46b9cfa7d7b,0.9210533987379473,CFG731_3c6c3a0686e047ad,3,0.3515677116463003,False,SYNTHETIC,synthetic_engineer_v1
RFQ731-003520,X731,1,CFG731_db395082b1a3b8ac,0.9210534055849473,CFG731_db395082b1a3b8ac,1,0.9210534055849473,True,SYNTHETIC,synthetic_engineer_v1
RFQ731-003521,G731ST-LT,10,CFG731_8da1da530d6ae54d,0.8338355760811654,CFG731_159f3a6877b5a5d2,10,0.21721225104750155,False,SYNTHETIC,synthetic_engineer_v1
RFQ731-003522,X731,11,CFG731_5dd42015f6f61801,0.9052635663437368,CFG731_fe5ec1b0bcdbd396,9,0.2196021358988545,False,SYNTHETIC,synthetic_engineer_v1
RFQ731-003523,F731WD_DUALCHANNEL,2,CFG731_819cb4e76943eca6,0.7879706833930301,CFG731_37e3938c6089bb2d,2,0.7879706243690301,False,SYNTHETIC,synthetic_engineer_v1
RFQ731-003524,F731TE,2,CFG731_4d0235c9d5cc61be,0.7879701066340301,CFG731_4d0235c9d5cc61be,1,0.7879701066340301,True,SYNTHETIC,synthetic_engineer_v1
RFQ731-003525,X731,1,CFG731_59f86789e43d86f1,0.5147646029035449,CFG731_59f86789e43d86f1,1,0.5147646029035449,True,SYNTHETIC,synthetic_engineer_v1
RFQ731-003526,F731TE,1,CFG731_7113759c5b95914d,0.3346752231396192,CFG731_7113759c5b95914d,1,0.3346752231396192,True,SYNTHETIC,synthetic_engineer_v1
RFQ731-003527,X731,2,CFG731_5dd42015f6f61801,0.9526316762813684,CFG731_3d652e6a54b1c68b,2,0.38719081032178015,False,SYNTHETIC,synthetic_engineer_v1
RFQ731-003528,X731,1,CFG731_32a4bb12438a37ab,0.968421157667579,CFG731_32a4bb12438a37ab,1,0.968421157667579,True,SYNTHETIC,synthetic_engineer_v1
RFQ731-003529,G731ST-HT,2,CFG731_7b2f69a7ca55041b,0.936842385671158,CFG731_49bb1327a04ca706,2,0.43353373319274613,False,SYNTHETIC,synthetic_engineer_v1
RFQ731-003530,X731,2,CFG731_516629085c122a4e,0.9368430859721579,CFG731_fe9a409c6b2ba9cc,2,0.4335338973807461,False,SYNTHETIC,synthetic_engineer_v1
RFQ731-003531,X731,1,CFG731_3bcde7f8df32303c,0.8969933058040076,CFG731_3bcde7f8df32303c,1,0.8969933058040076,True,SYNTHETIC,synthetic_engineer_v1
RFQ731-003532,X731,6,CFG731_c39096767a7ae083,0.9210532333469473,CFG731_341c156f683b247f,6,0.3600239896692415,False,SYNTHETIC,synthetic_engineer_v1
RFQ731-003533,X731,4,CFG731_32b1041fd68aac23,0.8496249551623759,CFG731_20991e8bae2729c8,3,0.3644354867551238,False,SYNTHETIC,synthetic_engineer_v1
RFQ731-003534,X731,5,CFG731_f87794e7a98d0b11,0.9210534745119473,CFG731_e8d4d37dfb814e2d,2,0.4831854019071239,False,SYNTHETIC,synthetic_engineer_v1
RFQ731-003535,X731,8,CFG731_e08dfad4737be3d9,0.9210532797779474,CFG731_c0f829ddab491342,4,0.4844727117380062,False,SYNTHETIC,synthetic_engineer_v1
RFQ731-003536,X731,1,CFG731_6f8c15548921e4c2,0.9210534427659474,CFG731_6f8c15548921e4c2,1,0.9210534427659474,True,SYNTHETIC,synthetic_engineer_v1
RFQ731-003537,X731,7,CFG731_5dd42015f6f61801,0.9210533655919474,CFG731_917fc613cc9bf56a,3,0.4850241895672415,False,SYNTHETIC,synthetic_engineer_v1
RFQ731-003538,X731,5,CFG731_6e096e946540ab4e,0.8496249956433759,CFG731_56e4b0def3749424,5,0.2361262569377121,False,SYNTHETIC,synthetic_engineer_v1
RFQ731-003539,F731TE,1,CFG731_1962af6277da6f54,0.8338353437501654,CFG731_1962af6277da6f54,1,0.8338353437501654,True,SYNTHETIC,synthetic_engineer_v1
RFQ731-003540,G731ST-HT,2,CFG731_bbffb73f3dff6787,0.9368430835911579,CFG731_68193b179adae994,2,0.8939859143340151,False,SYNTHETIC,synthetic_engineer_v1
RFQ731-003541,G731ST-LT,4,CFG731_715a3d3226cbaffd,0.9210528214389474,CFG731_d3e51804db148a52,3,0.8353389833616616,False,SYNTHETIC,synthetic_engineer_v1
RFQ731-003542,G731ST-LT,4,CFG731_7f5bfa7b21e81359,0.9210530853329474,CFG731_26554ff79bcf8a3f,3,0.48539149026806505,False,SYNTHETIC,synthetic_engineer_v1
RFQ731-003543,X731,3,CFG731_e8e7b7513a5c9544,0.3354105887562663,CFG731_20e0d69972310e9f,3,0.22217507117361918,False,SYNTHETIC,synthetic_engineer_v1
RFQ731-003544,X731,1,CFG731_fd3397424975992e,0.49897528679033437,CFG731_fd3397424975992e,1,0.49897528679033437,True,SYNTHETIC,synthetic_engineer_v1
RFQ731-003545,X731,11,CFG731_2be17a56b0589fd1,0.9052641306147369,CFG731_bd51fba2aacb1a3c,11,0.21868234658579563,False,SYNTHETIC,synthetic_engineer_v1
RFQ731-003546,X731,6,CFG731_0db950a4979d2c52,0.9368428575631579,CFG731_243419c6708378b3,5,0.5002618494452168,False,SYNTHETIC,synthetic_engineer_v1
RFQ731-003547,F731WD_SINGLECHANNEL,1,CFG731_4ca309199387f8d5,0.8195496834894511,CFG731_4ca309199387f8d5,1,0.8195496834894511,True,SYNTHETIC,synthetic_engineer_v1
RFQ731-003548,G731ST-LT,2,CFG731_d124ccffa669c3a2,0.9368424314451579,CFG731_a57ffd88d58eb498,2,0.8939853142260151,False,SYNTHETIC,synthetic_engineer_v1
RFQ731-003549,F731WD_DUALCHANNEL,1,CFG731_35ed22cad11f9a11,0.8195497805254511,CFG731_35ed22cad11f9a11,1,0.8195497805254511,True,SYNTHETIC,synthetic_engineer_v1
RFQ731-003550,G731ST-HT,2,CFG731_8b18ac1c34209d63,0.936842564798158,CFG731_ef8d68b6d278bfec,2,0.4335340507247461,False,SYNTHETIC,synthetic_engineer_v1
RFQ731-003551,X731,6,CFG731_60f3aae8ede70fe0,0.9368429504341579,CFG731_338a3238e967f681,5,0.5002617178892168,False,SYNTHETIC,synthetic_engineer_v1
RFQ731-003552,X731,2,CFG731_8c8856d21252930e,0.9052638970927369,CFG731_bf8f7d1a25ad0a6e,2,0.46960201655885453,False,SYNTHETIC,synthetic_engineer_v1
RFQ731-003553,X731,4,CFG731_2692d4e8945eb6ee,0.4831855826911239,CFG731_2692d4e8945eb6ee,1,0.4831855826911239,True,SYNTHETIC,synthetic_engineer_v1
RFQ731-003554,X731,2,CFG731_32a4bb12438a37ab,0.9526316799263684,CFG731_784eb334d1d77ae7,2,0.9097751095762255,False,SYNTHETIC,synthetic_engineer_v1
RFQ731-003555,X731,6,CFG731_5d42a8deb0fcb3d7,0.8338354737651655,CFG731_c65188f44544a3f1,6,0.22254258512544273,False,SYNTHETIC,synthetic_engineer_v1
RFQ731-003556,G731ST-HT,1,CFG731_fcc72e9951376cf3,0.881203159979797,CFG731_fcc72e9951376cf3,1,0.881203159979797,True,SYNTHETIC,synthetic_engineer_v1
RFQ731-003557,X731,4,CFG731_a6d4830ed3aa2681,0.9210530956119474,CFG731_f0cf22354800092d,4,0.3526705015637709,False,SYNTHETIC,synthetic_engineer_v1
RFQ731-003558,G731ST-HT,2,CFG731_8b18ac1c34209d63,0.9368422541201579,CFG731_ef8d68b6d278bfec,2,0.4335336958017461,False,SYNTHETIC,synthetic_engineer_v1
RFQ731-003559,G731ST-LT,1,CFG731_715a3d3226cbaffd,0.9526324599203684,CFG731_715a3d3226cbaffd,1,0.9526324599203684,True,SYNTHETIC,synthetic_engineer_v1
RFQ731-003560,X731,4,CFG731_3b2a32abbf148ca1,0.9368422533811579,CFG731_6638f62366414007,4,0.24823971237468728,False,SYNTHETIC,synthetic_engineer_v1
RFQ731-003561,X731,11,CFG731_2be17a56b0589fd1,0.9052637094307369,CFG731_bd51fba2aacb1a3c,11,0.21868265340179566,False,SYNTHETIC,synthetic_engineer_v1
RFQ731-003562,X731,8,CFG731_da02526d254e2e35,0.9052634483537368,CFG731_c976e33226ef748e,8,0.4019544603513251,False,SYNTHETIC,synthetic_engineer_v1
RFQ731-003563,X731,12,CFG731_516629085c122a4e,0.9052639438507368,CFG731_b418359232bf5862,10,0.34055793559979564,False,SYNTHETIC,synthetic_engineer_v1
RFQ731-003564,X731,2,CFG731_999fe1a8f2314c11,0.38277926921589783,CFG731_999fe1a8f2314c11,1,0.38277926921589783,True,SYNTHETIC,synthetic_engineer_v1
RFQ731-003565,X731,14,CFG731_7308ee8503151ef3,0.818045293884955,CFG731_8e67aa9e7165e68f,10,0.20675409322123217,False,SYNTHETIC,synthetic_engineer_v1
RFQ731-003566,X731,2,CFG731_b7e96d5717c40fd6,0.9526318211293684,CFG731_2683cf7e09782f5e,2,0.9097745133772256,False,SYNTHETIC,synthetic_engineer_v1
RFQ731-003567,X731,3,CFG731_241d60e6ef5278be,0.8654144820655866,CFG731_b2229c50a5d9ad96,3,0.37636482698468726,False,SYNTHETIC,synthetic_engineer_v1
RFQ731-003568,G731CA,1,CFG731_c7ca2f069d01e42d,0.8353390415126616,CFG731_c7ca2f069d01e42d,1,0.8353390415126616,True,SYNTHETIC,synthetic_engineer_v1
RFQ731-003569,X731,3,CFG731_0fbee36816b7af98,0.8654139428885865,CFG731_0799b36c303c0978,3,0.36919508946062846,False,SYNTHETIC,synthetic_engineer_v1
RFQ731-003570,G731ST-HT,6,CFG731_fcc72e9951376cf3,0.849624634942376,CFG731_3d7932e380d35bca,6,0.2287734215372415,False,SYNTHETIC,synthetic_engineer_v1
RFQ731-003571,X731,5,CFG731_32a4bb12438a37ab,0.9210528098179473,CFG731_70576b93aef3bc09,4,0.3523032687679474,False,SYNTHETIC,synthetic_engineer_v1
RFQ731-003572,X731,2,CFG731_c887ba58c35036a9,0.936842747344158,CFG731_de67d4c164ed05bc,2,0.893985810584015,False,SYNTHETIC,synthetic_engineer_v1
RFQ731-003573,G731ST-LT,8,CFG731_7f5bfa7b21e81359,0.9052640333217369,CFG731_cc03e3852895ae99,7,0.4019549095333251,False,SYNTHETIC,synthetic_engineer_v1
RFQ731-003574,F731WD_SINGLECHANNEL,1,CFG731_11c93eca01984a14,0.4712565858655604,CFG731_11c93eca01984a14,1,0.4712565858655604,True,SYNTHETIC,synthetic_engineer_v1
RFQ731-003575,G731CA,1,CFG731_d2a75fda6f761c1b,0.4870460820597709,CFG731_d2a75fda6f761c1b,1,0.4870460820597709,True,SYNTHETIC,synthetic_engineer_v1
RFQ731-003576,X731,4,CFG731_b8b11650a048baf7,0.849625057235376,CFG731_e4f7fe15e8ccf2c9,3,0.36443564665912387,False,SYNTHETIC,synthetic_engineer_v1
RFQ731-003577,X731,6,CFG731_c775e192f3d489e9,0.818045501482955,CFG731_8048d4394d2fbde3,5,0.3304664467813499,False,SYNTHETIC,synthetic_engineer_v1
RFQ731-003578,X731,2,CFG731_62d0f0f6bab9bdcb,0.936842906482158,CFG731_337790e6bbcf15f4,2,0.8939855765270152,False,SYNTHETIC,synthetic_engineer_v1
RFQ731-003579,X731,4,CFG731_5d42a8deb0fcb3d7,0.8496245485163759,CFG731_bac2c72e10051b21,4,0.3636998116594768,False,SYNTHETIC,synthetic_engineer_v1
RFQ731-003580,F731WD_DUALCHANNEL,1,CFG731_8281908b452128f3,0.8338346365261655,CFG731_8281908b452128f3,1,0.8338346365261655,True,SYNTHETIC,synthetic_engineer_v1
RFQ731-003581,G731ST-LT,3,CFG731_7203705eed387b0a,0.8654143605545865,CFG731_d32eee68715fee63,3,0.37636462700168727,False,SYNTHETIC,synthetic_engineer_v1
RFQ731-003582,G731ST-LT,2,CFG731_e0009be417f51ccd,0.9368430053131579,CFG731_8b6ed3cfa9ed1e59,2,0.4335340171687461,False,SYNTHETIC,synthetic_engineer_v1
RFQ731-003583,X731,1,CFG731_4d7e108ea05eeb07,0.9210530672119474,CFG731_4d7e108ea05eeb07,1,0.9210530672119474,True,SYNTHETIC,synthetic_engineer_v1
RFQ731-003584,G731ST-HT,2,CFG731_bbffb73f3dff6787,0.9368425831001579,CFG731_c0eb036469c0bf44,2,0.4335335236137461,False,SYNTHETIC,synthetic_engineer_v1
RFQ731-003585,G731ST-HT,4,CFG731_8b18ac1c34209d63,0.9210529575419474,CFG731_d44e54f35ee15977,3,0.8353387211826616,False,SYNTHETIC,synthetic_engineer_v1
RFQ731-003586,X731,1,CFG731_af755e9c46cfadd4,0.8496243476433759,CFG731_af755e9c46cfadd4,1,0.8496243476433759,True,SYNTHETIC,synthetic_engineer_v1
RFQ731-003587,G731ST-LT,2,CFG731_e0009be417f51ccd,0.936843093207158,CFG731_750dd83a06ba43cb,2,0.4335337107357461,False,SYNTHETIC,synthetic_engineer_v1
RFQ731-003588,X731,4,CFG731_c39096767a7ae083,0.9368426404871579,CFG731_618cb6c1c21feda4,3,0.5011812947102756,False,SYNTHETIC,synthetic_engineer_v1
RFQ731-003589,X731,1,CFG731_96c2ea74f0083869,0.8669181910890826,CFG731_96c2ea74f0083869,1,0.8669181910890826,True,SYNTHETIC,synthetic_engineer_v1
RFQ731-003590,X731,4,CFG731_b65f8c1aefa2a95b,0.46739611669091335,CFG731_f3b867931d904122,3,0.2221752736796192,False,SYNTHETIC,synthetic_engineer_v1
RFQ731-003591,F731TE,1,CFG731_6886c948a9d1ec0c,0.8338352922711655,CFG731_6886c948a9d1ec0c,1,0.8338352922711655,True,SYNTHETIC,synthetic_engineer_v1
RFQ731-003592,G731CA,1,CFG731_5bfe9492c76587ec,0.48704584088177094,CFG731_5bfe9492c76587ec,1,0.48704584088177094,True,SYNTHETIC,synthetic_engineer_v1
RFQ731-003593,G731CA,2,CFG731_acbf4c45af55caad,0.8037598613642406,CFG731_e85a7fcdd0521e90,2,0.4554671414553499,False,SYNTHETIC,synthetic_engineer_v1
RFQ731-003594,G731ST-LT,2,CFG731_10085782ed0991cf,0.8654140202225865,CFG731_364810dcd7f32a0c,2,0.375078383263805,False,SYNTHETIC,synthetic_engineer_v1
RFQ731-003595,X731,2,CFG731_97796c9ac2811c94,0.8654140637785865,CFG731_cd4f211fbf872f2e,2,0.375077938152805,False,SYNTHETIC,synthetic_engineer_v1
RFQ731-003596,X731,2,CFG731_e8e7b7513a5c9544,0.3669897835426873,CFG731_34247ec265566826,2,0.3669892840806873,False,SYNTHETIC,synthetic_engineer_v1
RFQ731-003597,X731,1,CFG731_260c36430f7c2d03,0.9210529713699473,CFG731_260c36430f7c2d03,1,0.9210529713699473,True,SYNTHETIC,synthetic_engineer_v1
RFQ731-003598,X731,2,CFG731_60f3aae8ede70fe0,0.9526316900943684,CFG731_05cf1a0209b4f9a8,2,0.4493230859929566,False,SYNTHETIC,synthetic_engineer_v1
RFQ731-003599,X731,3,CFG731_32b1041fd68aac23,0.8496249910563759,CFG731_aa31c7019e5fef74,3,0.3637004156904768,False,SYNTHETIC,synthetic_engineer_v1
RFQ731-003600,X731,4,CFG731_1cbb464ec15ba84f,0.3611263589187121,CFG731_6204dd6ea742eb13,4,0.23355348358694739,False,SYNTHETIC,synthetic_engineer_v1
RFQ731-003601,G731ST-LT,1,CFG731_8da1da530d6ae54d,0.881203047189797,CFG731_8da1da530d6ae54d,1,0.881203047189797,True,SYNTHETIC,synthetic_engineer_v1
RFQ731-003602,G731ST-HT,2,CFG731_c3a136a8630f644d,0.8654135363345865,CFG731_a012df089e5e5862,2,0.8511285225158722,False,SYNTHETIC,synthetic_engineer_v1
RFQ731-003603,X731,1,CFG731_31aa13473958d7d3,0.8969931143430075,CFG731_31aa13473958d7d3,1,0.8969931143430075,True,SYNTHETIC,synthetic_engineer_v1
RFQ731-003604,G731ST-LT,8,CFG731_e0009be417f51ccd,0.9052636870237368,CFG731_515a31451814aae9,8,0.4019549193573251,False,SYNTHETIC,synthetic_engineer_v1
RFQ731-003605,X731,10,CFG731_83f956404d04e6cd,0.849624489308376,CFG731_02cc92e24847d6c0,10,0.23281763461330032,False,SYNTHETIC,synthetic_engineer_v1
RFQ731-003606,X731,2,CFG731_0fbee36816b7af98,0.881203178579797,CFG731_b74fb5418dad3b38,2,0.881203124319797,False,SYNTHETIC,synthetic_engineer_v1
RFQ731-003607,G731ST-HT,3,CFG731_a3b03637ed22317c,0.9368423485451579,CFG731_38414c1018b8f89e,3,0.36919524446062846,False,SYNTHETIC,synthetic_engineer_v1
RFQ731-003608,X731,4,CFG731_8c50542218db5cb0,0.9210528122709474,CFG731_8ade52b2e74d0235,3,0.485390995506065,False,SYNTHETIC,synthetic_engineer_v1
RFQ731-003609,X731,5,CFG731_c39096767a7ae083,0.9210526614559473,CFG731_ef02695e374fc418,2,0.4850238093762415,False,SYNTHETIC,synthetic_engineer_v1
RFQ731-003610,X731,5,CFG731_32a4bb12438a37ab,0.9210534150969474,CFG731_70576b93aef3bc09,4,0.3523031371799474,False,SYNTHETIC,synthetic_engineer_v1
RFQ731-003611,X731,1,CFG731_9db378257f9cf6a7,0.23833204968865326,CFG731_9db378257f9cf6a7,1,0.23833204968865326,True,SYNTHETIC,synthetic_engineer_v1
RFQ731-003612,F731PW,3,CFG731_92efd7a3c43da152,0.8022560794527445,CFG731_4b26dfbafad76131,3,0.3132068673848452,False,SYNTHETIC,synthetic_engineer_v1
RFQ731-003613,X731,2,CFG731_a7dc06adf945eba3,0.3581854877261238,CFG731_cf4d8202c634a1d4,2,0.23061175940135914,False,SYNTHETIC,synthetic_engineer_v1
RFQ731-003614,G731ST-LT,2,CFG731_7f5bfa7b21e81359,0.9368429752271579,CFG731_2469d1b04bd775f6,2,0.43353425302474613,False,SYNTHETIC,synthetic_engineer_v1
RFQ731-003615,X731,5,CFG731_7308ee8503151ef3,0.849624188894376,CFG731_4cb67cdc021380a4,4,0.35745015049147677,False,SYNTHETIC,synthetic_engineer_v1
RFQ731-003616,X731,2,CFG731_0db950a4979d2c52,0.9526319917673683,CFG731_fa6b5a7df55858c0,2,0.4493235500399566,False,SYNTHETIC,synthetic_engineer_v1
RFQ731-003617,X731,11,CFG731_7308ee8503151ef3,0.8338349100751655,CFG731_69502d87794881ea,10,0.21886706005320744,False,SYNTHETIC,synthetic_engineer_v1
RFQ731-003618,F731TE,1,CFG731_3d8c1bbc0ef4249a,0.4712563064725604,CFG731_3d8c1bbc0ef4249a,1,0.4712563064725604,True,SYNTHETIC,synthetic_engineer_v1
RFQ731-003619,G731VG,1,CFG731_cfb2b92dd8f09f39,0.8511282502738722,CFG731_cfb2b92dd8f09f39,1,0.8511282502738722,True,SYNTHETIC,synthetic_engineer_v1
RFQ731-003620,X731,2,CFG731_62d0f0f6bab9bdcb,0.9368421754061579,CFG731_337790e6bbcf15f4,2,0.8939857209320151,False,SYNTHETIC,synthetic_engineer_v1
RFQ731-003621,F731WD_DUALCHANNEL,2,CFG731_819cb4e76943eca6,0.7879701605770301,CFG731_37e3938c6089bb2d,2,0.7879701095360301,False,SYNTHETIC,synthetic_engineer_v1
RFQ731-003622,X731,2,CFG731_b7e96d5717c40fd6,0.9526321479663684,CFG731_61e03f690afcaa1a,2,0.38314712647072136,False,SYNTHETIC,synthetic_engineer_v1
RFQ731-003623,X731,3,CFG731_d27f5f5f307014a8,0.8654140435225866,CFG731_cb1aeeb79876dd06,3,0.36919538675362845,False,SYNTHETIC,synthetic_engineer_v1
RFQ731-003624,X731,10,CFG731_04a53b6cc81d57d6,0.8180457269809549,CFG731_644efca41c3e2def,10,0.20123900859887922,False,SYNTHETIC,synthetic_engineer_v1
RFQ731-003625,F731WD_DUALCHANNEL,2,CFG731_819cb4e76943eca6,0.8037600933922405,CFG731_c37386a371e13fa8,2,0.45546677599434987,False,SYNTHETIC,synthetic_engineer_v1
RFQ731-003626,G731ST-HT,2,CFG731_cc9ac35e4d9a1854,0.9368429542031579,CFG731_143205a81a2e7efc,2,0.4335338122977461,False,SYNTHETIC,synthetic_engineer_v1
RFQ731-003627,X731,1,CFG731_086adbe1d654b214,0.3838821087733684,CFG731_086adbe1d654b214,1,0.3838821087733684,True,SYNTHETIC,synthetic_engineer_v1
RFQ731-003628,G731ST-LT,2,CFG731_e0009be417f51ccd,0.936842758360158,CFG731_c5da2661a169f82b,2,0.893985162479015,False,SYNTHETIC,synthetic_engineer_v1
RFQ731-003629,X731,3,CFG731_d723355141502003,0.8338353685081655,CFG731_2666da4dbcc5e5bd,3,0.34644050455997216,False,SYNTHETIC,synthetic_engineer_v1
RFQ731-003630,F731WD_SINGLECHANNEL,1,CFG731_70b6eaf9262ca4d0,0.8195495202164511,CFG731_70b6eaf9262ca4d0,1,0.8195495202164511,True,SYNTHETIC,synthetic_engineer_v1
RFQ731-003631,X731,4,CFG731_8d2d91c46ccfb471,0.9368422010221579,CFG731_22fecf5bb26e1132,3,0.5011811131172755,False,SYNTHETIC,synthetic_engineer_v1
RFQ731-003632,G731ST-LT,2,CFG731_7882c72c21497015,0.9368428462491579,CFG731_4772bedc40328ae2,2,0.4335333016237461,False,SYNTHETIC,synthetic_engineer_v1
RFQ731-003633,X731,6,CFG731_8d2d91c46ccfb471,0.9210533235319474,CFG731_800f2acd9158b556,2,0.48318581296812385,False,SYNTHETIC,synthetic_engineer_v1
RFQ731-003634,G731ST-HT,6,CFG731_bbffb73f3dff6787,0.9210531458209473,CFG731_e1de683ed3edd33f,5,0.4844722444300062,False,SYNTHETIC,synthetic_engineer_v1
RFQ731-003635,G731ST-HT,2,CFG731_a56f1437a0b4ca31,0.8654141388245865,CFG731_646d8903da63e1f0,2,0.8654140263845865,False,SYNTHETIC,synthetic_engineer_v1
RFQ731-003636,F731PW,1,CFG731_7785b2914ebb6eaf,0.8180458777009549,CFG731_7785b2914ebb6eaf,1,0.8180458777009549,True,SYNTHETIC,synthetic_engineer_v1
RFQ731-003637,G731ST-LT,1,CFG731_a40ab19ad6671fbe,0.9526320577723684,CFG731_a40ab19ad6671fbe,1,0.9526320577723684,True,SYNTHETIC,synthetic_engineer_v1
RFQ731-003638,X731,4,CFG731_da02526d254e2e35,0.9210526507709473,CFG731_a8ddc520c2e666f7,3,0.4850240940412415,False,SYNTHETIC,synthetic_engineer_v1
RFQ731-003639,X731,4,CFG731_8c50542218db5cb0,0.9210534540549473,CFG731_557eff71f11cfc98,3,0.8353384262256616,False,SYNTHETIC,synthetic_engineer_v1
RFQ731-003640,X731,4,CFG731_c39096767a7ae083,0.9368424720421579,CFG731_4da2b3fd83325505,3,0.500813138864452,False,SYNTHETIC,synthetic_engineer_v1
RFQ731-003641,G731ST-HT,1,CFG731_63eca10a00ae1f5d,0.9526322030963684,CFG731_63eca10a00ae1f5d,1,0.9526322030963684,True,SYNTHETIC,synthetic_engineer_v1
RFQ731-003642,X731,3,CFG731_70b38ab75d3ca724,0.8496245455913759,CFG731_aa31c7019e5fef74,3,0.36370049012347677,False,SYNTHETIC,synthetic_engineer_v1
RFQ731-003643,G731ST-LT,2,CFG731_996314000fcfec4b,0.9368428474951579,CFG731_22da0d6030817265,2,0.4335339880507461,False,SYNTHETIC,synthetic_engineer_v1
RFQ731-003644,F731TE,1,CFG731_874928f24c55285e,0.33467568408461923,CFG731_874928f24c55285e,1,0.33467568408461923,True,SYNTHETIC,synthetic_engineer_v1
RFQ731-003645,X731,1,CFG731_9fcbfc87f6f15988,0.24934295054515787,CFG731_9fcbfc87f6f15988,1,0.24934295054515787,True,SYNTHETIC,synthetic_engineer_v1
RFQ731-003646,X731,12,CFG731_219ac3d01befd6d1,0.9052635014907369,CFG731_b418359232bf5862,10,0.34055756454079567,False,SYNTHETIC,synthetic_engineer_v1
RFQ731-003647,X731,2,CFG731_9f3028be2110afe1,0.9052636448757369,CFG731_b1196e0942d6104e,2,0.46960238993685455,False,SYNTHETIC,synthetic_engineer_v1
RFQ731-003648,X731,1,CFG731_1147f9711c4bff84,0.9210535660899474,CFG731_1147f9711c4bff84,1,0.9210535660899474,True,SYNTHETIC,synthetic_engineer_v1
RFQ731-003649,X731,16,CFG731_ddd1ce28a3456ff6,0.818045328297955,CFG731_53cffcda6b4f1ffb,15,0.2030766295949969,False,SYNTHETIC,synthetic_engineer_v1
RFQ731-003650,G731CA,2,CFG731_691a8f2ff165671d,0.8037594786072405,CFG731_691a8f2ff165671d,1,0.8037594786072405,True,SYNTHETIC,synthetic_engineer_v1
RFQ731-003651,X731,2,CFG731_ddd1ce28a3456ff6,0.8654144680935866,CFG731_fa2849b259355775,2,0.8511287665978722,False,SYNTHETIC,synthetic_engineer_v1
RFQ731-003652,G731ST-LT,2,CFG731_7f5bfa7b21e81359,0.9368423686361579,CFG731_2469d1b04bd775f6,2,0.4335337410907461,False,SYNTHETIC,synthetic_engineer_v1
RFQ731-003653,X731,4,CFG731_8d2d91c46ccfb471,0.9368424047701579,CFG731_22fecf5bb26e1132,3,0.5011812536272756,False,SYNTHETIC,synthetic_engineer_v1
RFQ731-003654,X731,3,CFG731_bcec8ceac2dbcc79,0.849624309403376,CFG731_563ef0dc6253e3f7,3,0.35340626497141797,False,SYNTHETIC,synthetic_engineer_v1
RFQ731-003655,F731PW,1,CFG731_7fea22051dcc86b6,0.8180460436069549,CFG731_7fea22051dcc86b6,1,0.8180460436069549,True,SYNTHETIC,synthetic_engineer_v1
RFQ731-003656,X731,1,CFG731_7a885e8a3e0ce8ad,0.3511998905154768,CFG731_7a885e8a3e0ce8ad,1,0.3511998905154768,True,SYNTHETIC,synthetic_engineer_v1
RFQ731-003657,X731,1,CFG731_1b5b895b5e259903,0.9210534181489474,CFG731_1b5b895b5e259903,1,0.9210534181489474,True,SYNTHETIC,synthetic_engineer_v1
RFQ731-003658,G731ST-HT,8,CFG731_8b18ac1c34209d63,0.9052634253367369,CFG731_b30ceef5c5f902ca,8,0.40195452010032506,False,SYNTHETIC,synthetic_engineer_v1
RFQ731-003659,G731CA,1,CFG731_edf13ed38a4b54de,0.8353392053416616,CFG731_edf13ed38a4b54de,1,0.8353392053416616,True,SYNTHETIC,synthetic_engineer_v1
RFQ731-003660,F731WD_SINGLECHANNEL,1,CFG731_9a761e6bfde35917,0.39680769601979565,CFG731_9a761e6bfde35917,1,0.39680769601979565,True,SYNTHETIC,synthetic_engineer_v1
RFQ731-003661,F731WD_DUALCHANNEL,1,CFG731_a4610f5f38e7d946,0.8338355113241654,CFG731_a4610f5f38e7d946,1,0.8338355113241654,True,SYNTHETIC,synthetic_engineer_v1
RFQ731-003662,F731TE,1,CFG731_574aa7a29f75cd60,0.8338348933721654,CFG731_574aa7a29f75cd60,1,0.8338348933721654,True,SYNTHETIC,synthetic_engineer_v1
RFQ731-003663,F731TE,2,CFG731_fd6959ad3c5fd9ed,0.7879705286680301,CFG731_fd6959ad3c5fd9ed,1,0.7879705286680301,True,SYNTHETIC,synthetic_engineer_v1
RFQ731-003664,F731TE,1,CFG731_3fe2202b70f330b1,0.3346756596946192,CFG731_3fe2202b70f330b1,1,0.3346756596946192,True,SYNTHETIC,synthetic_engineer_v1
RFQ731-003665,X731,2,CFG731_91e51485b56960b2,0.9526320025343684,CFG731_0bb38b2038fb1e69,2,0.391970446498486,False,SYNTHETIC,synthetic_engineer_v1
RFQ731-003666,X731,4,CFG731_97796c9ac2811c94,0.8496245488973759,CFG731_031d8f2fe50bf3d1,3,0.4870458720677709,False,SYNTHETIC,synthetic_engineer_v1
RFQ731-003667,X731,4,CFG731_2be17a56b0589fd1,0.9210533107139474,CFG731_1f0c09edcd967945,3,0.4850239279682415,False,SYNTHETIC,synthetic_engineer_v1
RFQ731-003668,X731,2,CFG731_83f956404d04e6cd,0.881203199242797,CFG731_60ab3311c49ebbc6,2,0.3921542132748978,False,SYNTHETIC,synthetic_engineer_v1
RFQ731-003669,X731,1,CFG731_073f991a6c9a4683,0.399671724241579,CFG731_073f991a6c9a4683,1,0.399671724241579,True,SYNTHETIC,synthetic_engineer_v1
RFQ731-003670,X731,3,CFG731_0fbee36816b7af98,0.8654141305605865,CFG731_9228cc48e333917c,2,0.5028357465239813,False,SYNTHETIC,synthetic_engineer_v1
RFQ731-003671,G731ST-LT,2,CFG731_77dd17c48f15826c,0.8654142906845865,CFG731_77dd17c48f15826c,1,0.8654142906845865,True,SYNTHETIC,synthetic_engineer_v1
RFQ731-003672,X731,1,CFG731_a92ad5294d9187e9,0.9210534166029474,CFG731_a92ad5294d9187e9,1,0.9210534166029474,True,SYNTHETIC,synthetic_engineer_v1
RFQ731-003673,G731CA,2,CFG731_edf13ed38a4b54de,0.8037595987682405,CFG731_452fb8d2c450816e,2,0.8037595073192405,False,SYNTHETIC,synthetic_engineer_v1
RFQ731-003674,F731TE,2,CFG731_56ccaebbaa08bd29,0.78797020620803,CFG731_56ccaebbaa08bd29,1,0.78797020620803,True,SYNTHETIC,synthetic_engineer_v1
RFQ731-003675,X731,2,CFG731_219ac3d01befd6d1,0.936843055010158,CFG731_7eb5b2d6a16dd3a3,2,0.4335335108007461,False,SYNTHETIC,synthetic_engineer_v1
RFQ731-003676,X731,4,CFG731_c39096767a7ae083,0.9368424554221579,CFG731_4da2b3fd83325505,3,0.5008130480634521,False,SYNTHETIC,synthetic_engineer_v1
RFQ731-003677,X731,3,CFG731_97796c9ac2811c94,0.849624082347376,CFG731_7003cfd4e569b57b,3,0.36443499200312385,False,SYNTHETIC,synthetic_engineer_v1
RFQ731-003678,G731ST-HT,1,CFG731_cc9ac35e4d9a1854,0.9526317033183684,CFG731_cc9ac35e4d9a1854,1,0.9526317033183684,True,SYNTHETIC,synthetic_engineer_v1
RFQ731-003679,X731,3,CFG731_241d60e6ef5278be,0.8654143427665866,CFG731_b2229c50a5d9ad96,3,0.37636440005968724,False,SYNTHETIC,synthetic_engineer_v1
RFQ731-003680,F731WD_SINGLECHANNEL,2,CFG731_6357400dd5c2804a,0.7879708760580301,CFG731_6357400dd5c2804a,1,0.7879708760580301,True,SYNTHETIC,synthetic_engineer_v1
RFQ731-003681,X731,6,CFG731_8c50542218db5cb0,0.9052641512647369,CFG731_8e6f935bd5bd53ff,6,0.344233971890031,False,SYNTHETIC,synthetic_engineer_v1
RFQ731-003682,G731ST-LT,1,CFG731_0fdf5c36c9c41e69,0.8812032039227969,CFG731_0fdf5c36c9c41e69,1,0.8812032039227969,True,SYNTHETIC,synthetic_engineer_v1
RFQ731-003683,X731,1,CFG731_ac3a4ff61341aa72,0.8496243561393759,CFG731_ac3a4ff61341aa72,1,0.8496243561393759,True,SYNTHETIC,synthetic_engineer_v1
RFQ731-003684,G731ST-LT,8,CFG731_a40ab19ad6671fbe,0.9052640514097369,CFG731_9e44a82e6c1db982,7,0.40195496779832507,False,SYNTHETIC,synthetic_engineer_v1
RFQ731-003685,G731ST-LT,1,CFG731_e0009be417f51ccd,0.9526325152543684,CFG731_e0009be417f51ccd,1,0.9526325152543684,True,SYNTHETIC,synthetic_engineer_v1
RFQ731-003686,G731ST-LT,4,CFG731_3ebdd541d6efe614,0.849624587831376,CFG731_0bc9c3b6375d4380,4,0.35340596535541796,False,SYNTHETIC,synthetic_engineer_v1
RFQ731-003687,G731ST-HT,6,CFG731_2a989bd6dba74d9f,0.8496248682883759,CFG731_b46f92852addf866,5,0.36057521367047674,False,SYNTHETIC,synthetic_engineer_v1
RFQ731-003688,X731,2,CFG731_cf543b1c3927ab71,0.9368422511021579,CFG731_4b5262a517204cb5,2,0.3673571873335108,False,SYNTHETIC,synthetic_engineer_v1
RFQ731-003689,G731ST-HT,6,CFG731_a56f1437a0b4ca31,0.8496244221143759,CFG731_d71a39e1fcf17083,5,0.3620458589807709,False,SYNTHETIC,synthetic_engineer_v1
RFQ731-003690,X731,3,CFG731_96c2ea74f0083869,0.8511280235328722,CFG731_33d5b52db510e046,2,0.5028356934889814,False,SYNTHETIC,synthetic_engineer_v1
RFQ731-003691,X731,7,CFG731_5dd42015f6f61801,0.9210530572529474,CFG731_917fc613cc9bf56a,3,0.4850237718922415,False,SYNTHETIC,synthetic_engineer_v1
RFQ731-003692,X731,4,CFG731_6e096e946540ab4e,0.8496246616773759,CFG731_fb76e1a3b49d565f,4,0.2361268600017121,False,SYNTHETIC,synthetic_engineer_v1
RFQ731-003693,X731,4,CFG731_0db950a4979d2c52,0.9368428960611579,CFG731_258498329a834b05,2,0.8654136973445865,False,SYNTHETIC,synthetic_engineer_v1
RFQ731-003694,X731,7,CFG731_32b1041fd68aac23,0.8338351884861654,CFG731_b7ded675dbfd5f0b,7,0.21702792122308978,False,SYNTHETIC,synthetic_engineer_v1
RFQ731-003695,X731,4,CFG731_b8b11650a048baf7,0.8496243335593759,CFG731_868fc79316fb0836,3,0.36443584126012385,False,SYNTHETIC,synthetic_engineer_v1
RFQ731-003696,F731PW,1,CFG731_a9f22ebc14287e5d,0.8180459497599549,CFG731_a9f22ebc14287e5d,1,0.8180459497599549,True,SYNTHETIC,synthetic_engineer_v1
RFQ731-003697,X731,6,CFG731_89772de94df83ba5,0.8338349419181654,CFG731_3cfe26a4a6491587,5,0.22033713039850156,False,SYNTHETIC,synthetic_engineer_v1
RFQ731-003698,X731,2,CFG731_9f3028be2110afe1,0.9052635280157368,CFG731_b1196e0942d6104e,2,0.4696015431838545,False,SYNTHETIC,synthetic_engineer_v1
RFQ731-003699,G731ST-LT,4,CFG731_715a3d3226cbaffd,0.9210534903479474,CFG731_9548d55d92816998,2,0.8496244145533759,False,SYNTHETIC,synthetic_engineer_v1
RFQ731-003700,X731,3,CFG731_32a4bb12438a37ab,0.936842669404158,CFG731_d3db38843cf9fb81,3,0.8511286045598722,False,SYNTHETIC,synthetic_engineer_v1
RFQ731-003701,G731CA,1,CFG731_edf13ed38a4b54de,0.8353384790256616,CFG731_edf13ed38a4b54de,1,0.8353384790256616,True,SYNTHETIC,synthetic_engineer_v1
RFQ731-003702,X731,2,CFG731_27b6b45b43224be7,0.4989744683243344,CFG731_7dce730729047505,2,0.24934213603015787,False,SYNTHETIC,synthetic_engineer_v1
RFQ731-003703,X731,12,CFG731_219ac3d01befd6d1,0.9052640339717368,CFG731_2d4ebd2132481193,5,0.4686823087617957,False,SYNTHETIC,synthetic_engineer_v1
RFQ731-003704,F731WD_DUALCHANNEL,2,CFG731_819cb4e76943eca6,0.8037597929642406,CFG731_c37386a371e13fa8,2,0.4554672233233499,False,SYNTHETIC,synthetic_engineer_v1
RFQ731-003705,G731CA,2,CFG731_5bfe9492c76587ec,0.4554665249953499,CFG731_9cc92f888af32c8a,2,0.44627536366376164,False,SYNTHETIC,synthetic_engineer_v1
RFQ731-003706,G731CA,2,CFG731_d97c333965654bd3,0.8037599243082406,CFG731_d97c333965654bd3,1,0.8037599243082406,True,SYNTHETIC,synthetic_engineer_v1
RFQ731-003707,X731,2,CFG731_8d07e19298d09d34,0.8654139089905866,CFG731_bddb4195ad08d693,2,0.3794893376536873,False,SYNTHETIC,synthetic_engineer_v1
RFQ731-003708,X731,4,CFG731_8f470181ad32eeae,0.8654142291765865,CFG731_0893c2d75c71d33c,4,0.3673574938145108,False,SYNTHETIC,synthetic_engineer_v1
RFQ731-003709,G731CA,1,CFG731_817824ee3a762453,0.8353391410106616,CFG731_817824ee3a762453,1,0.8353391410106616,True,SYNTHETIC,synthetic_engineer_v1
RFQ731-003710,F731TE,2,CFG731_b27467571d893d92,0.7879706979870301,CFG731_b27467571d893d92,1,0.7879706979870301,True,SYNTHETIC,synthetic_engineer_v1
RFQ731-003711,F731TE,1,CFG731_3fe2202b70f330b1,0.3346755816256192,CFG731_3fe2202b70f330b1,1,0.3346755816256192,True,SYNTHETIC,synthetic_engineer_v1
RFQ731-003712,X731,4,CFG731_608c0251ef380592,0.9210536127389474,CFG731_3b56310e368fd60f,3,0.48539103272506506,False,SYNTHETIC,synthetic_engineer_v1
RFQ731-003713,F731TE,2,CFG731_b27467571d893d92,0.7879704275280301,CFG731_b27467571d893d92,1,0.7879704275280301,True,SYNTHETIC,synthetic_engineer_v1
RFQ731-003714,X731,5,CFG731_8c50542218db5cb0,0.9052641053167368,CFG731_eea9998b9f9a0bdb,3,0.469234324233031,False,SYNTHETIC,synthetic_engineer_v1
RFQ731-003715,X731,9,CFG731_d40b624cb7b84a81,0.8338353180691654,CFG731_ca7e5884b195042a,9,0.21702878731308978,False,SYNTHETIC,synthetic_engineer_v1
RFQ731-003716,X731,3,CFG731_32b1041fd68aac23,0.8496241953613759,CFG731_45c82d5d48fcc411,2,0.36590584104241797,False,SYNTHETIC,synthetic_engineer_v1
RFQ731-003717,X731,1,CFG731_0db950a4979d2c52,0.968421241874579,CFG731_0db950a4979d2c52,1,0.968421241874579,True,SYNTHETIC,synthetic_engineer_v1
RFQ731-003718,G731ST-LT,3,CFG731_ab4075c601d1397c,0.8496249729773759,CFG731_cc47430fac8438be,2,0.4146195591825356,False,SYNTHETIC,synthetic_engineer_v1
RFQ731-003719,X731,6,CFG731_bcec8ceac2dbcc79,0.8338349933741654,CFG731_ca8649ba85200ffb,5,0.22033676831850155,False,SYNTHETIC,synthetic_engineer_v1
RFQ731-003720,F731WD_DUALCHANNEL,1,CFG731_c0f6f70a47ed04ba,0.4554669216133499,CFG731_c0f6f70a47ed04ba,1,0.4554669216133499,True,SYNTHETIC,synthetic_engineer_v1
RFQ731-003721,X731,2,CFG731_ed19d16aecf53db8,0.37397513159633433,CFG731_ed19d16aecf53db8,1,0.37397513159633433,True,SYNTHETIC,synthetic_engineer_v1
RFQ731-003722,X731,3,CFG731_bcec8ceac2dbcc79,0.849624830976376,CFG731_6513d2f5c85df9e4,3,0.3637001263514768,False,SYNTHETIC,synthetic_engineer_v1
RFQ731-003723,X731,4,CFG731_da02526d254e2e35,0.9210534011789473,CFG731_b1531976c0d80b4a,3,0.4850241312312415,False,SYNTHETIC,synthetic_engineer_v1
RFQ731-003724,X731,2,CFG731_b7e96d5717c40fd6,0.9526325083353684,CFG731_61e03f690afcaa1a,2,0.3831463565557213,False,SYNTHETIC,synthetic_engineer_v1
RFQ731-003725,X731,7,CFG731_c39096767a7ae083,0.9210526419359474,CFG731_1f7c154d7e34e86e,2,0.48318530522112385,False,SYNTHETIC,synthetic_engineer_v1
RFQ731-003726,G731ST-LT,4,CFG731_32b4b1ec4513af66,0.849624205018376,CFG731_0bc9c3b6375d4380,4,0.35340619140641794,False,SYNTHETIC,synthetic_engineer_v1
RFQ731-003727,X731,2,CFG731_7d1aac31230162fc,0.8338346475791655,CFG731_947b0b2717816adb,2,0.8195493485164511,False,SYNTHETIC,synthetic_engineer_v1
RFQ731-003728,G731ST-HT,12,CFG731_fcc72e9951376cf3,0.8338349518301655,CFG731_fa50e8a725c751e0,11,0.21721187343750156,False,SYNTHETIC,synthetic_engineer_v1
RFQ731-003729,X731,2,CFG731_2d0a81ff4ec49480,0.3827792984338978,CFG731_e66ce98c9fc7fa3b,2,0.26954395445825075,False,SYNTHETIC,synthetic_engineer_v1
RFQ731-003730,X731,1,CFG731_8d2d91c46ccfb471,0.968421544785579,CFG731_8d2d91c46ccfb471,1,0.968421544785579,True,SYNTHETIC,synthetic_engineer_v1
RFQ731-003731,G731ST-HT,4,CFG731_076cad91966d4c34,0.8496243818693759,CFG731_b3ed2928d6d65710,3,0.4870456516137709,False,SYNTHETIC,synthetic_engineer_v1
RFQ731-003732,X731,1,CFG731_8d07e19298d09d34,0.881203439764797,CFG731_8d07e19298d09d34,1,0.881203439764797,True,SYNTHETIC,synthetic_engineer_v1
RFQ731-003733,G731ST-HT,1,CFG731_fcc72e9951376cf3,0.881203855211797,CFG731_fcc72e9951376cf3,1,0.881203855211797,True,SYNTHETIC,synthetic_engineer_v1
RFQ731-003734,X731,3,CFG731_e08dfad4737be3d9,0.936842542023158,CFG731_f1291711f7901d90,3,0.2482399688476873,False,SYNTHETIC,synthetic_engineer_v1
RFQ731-003735,X731,1,CFG731_6920f76e20b3b3ac,0.3581856112861238,CFG731_6920f76e20b3b3ac,1,0.3581856112861238,True,SYNTHETIC,synthetic_engineer_v1
RFQ731-003736,X731,1,CFG731_0db950a4979d2c52,0.968421304850579,CFG731_0db950a4979d2c52,1,0.968421304850579,True,SYNTHETIC,synthetic_engineer_v1
RFQ731-003737,G731ST-HT,6,CFG731_831a7150258499af,0.8496247210593759,CFG731_8c36814d277b2fda,5,0.3620457762547709,False,SYNTHETIC,synthetic_engineer_v1
RFQ731-003738,X731,4,CFG731_3b2a32abbf148ca1,0.9368429327791579,CFG731_1314a5f6e906af63,4,0.2522841169227461,False,SYNTHETIC,synthetic_engineer_v1
RFQ731-003739,X731,1,CFG731_31aa13473958d7d3,0.8969931678740075,CFG731_31aa13473958d7d3,1,0.8969931678740075,True,SYNTHETIC,synthetic_engineer_v1
RFQ731-003740,G731ST-HT,2,CFG731_c32627af59ba1526,0.8654141472385866,CFG731_c32627af59ba1526,1,0.8654141472385866,True,SYNTHETIC,synthetic_engineer_v1
RFQ731-003741,X731,4,CFG731_c39096767a7ae083,0.9368430476161579,CFG731_618cb6c1c21feda4,3,0.5011809620002755,False,SYNTHETIC,synthetic_engineer_v1
RFQ731-003742,G731ST-LT,1,CFG731_715a3d3226cbaffd,0.9526322087383684,CFG731_715a3d3226cbaffd,1,0.9526322087383684,True,SYNTHETIC,synthetic_engineer_v1
RFQ731-003743,G731CA,1,CFG731_817824ee3a762453,0.8353390521696616,CFG731_817824ee3a762453,1,0.8353390521696616,True,SYNTHETIC,synthetic_engineer_v1
RFQ731-003744,F731PW,1,CFG731_f9fd6a4462ec051a,0.8180454268379549,CFG731_f9fd6a4462ec051a,1,0.8180454268379549,True,SYNTHETIC,synthetic_engineer_v1
RFQ731-003745,X731,2,CFG731_516629085c122a4e,0.9368428896071579,CFG731_fe9a409c6b2ba9cc,2,0.43353364911174613,False,SYNTHETIC,synthetic_engineer_v1
RFQ731-003746,X731,6,CFG731_8c50542218db5cb0,0.9052633930787369,CFG731_b3506a753aafcfa3,3,0.469234624890031,False,SYNTHETIC,synthetic_engineer_v1
RFQ731-003747,G731ST-LT,2,CFG731_32b4b1ec4513af66,0.8654139718375865,CFG731_1138f8ea5fc95654,2,0.8511285335058721,False,SYNTHETIC,synthetic_engineer_v1
RFQ731-003748,X731,6,CFG731_219ac3d01befd6d1,0.9210529645359473,CFG731_3d79b5ed69541acc,5,0.4844717750780062,False,SYNTHETIC,synthetic_engineer_v1
RFQ731-003749,X731,4,CFG731_60f3aae8ede70fe0,0.9368424829661579,CFG731_3c119308d8305ad4,3,0.8511285624848722,False,SYNTHETIC,synthetic_engineer_v1
RFQ731-003750,X731,4,CFG731_8d07e19298d09d34,0.8496250582263759,CFG731_cbbe948e572a42e8,3,0.4870454631177709,False,SYNTHETIC,synthetic_engineer_v1
RFQ731-003751,G731ST-LT,2,CFG731_7203705eed387b0a,0.8654136665185865,CFG731_26c190a4dc461550,2,0.375077766422805,False,SYNTHETIC,synthetic_engineer_v1
RFQ731-003752,X731,4,CFG731_36c553adc9f5ebf3,0.849624740282376,CFG731_089eb10797cdf87e,3,0.36443528865612385,False,SYNTHETIC,synthetic_engineer_v1
RFQ731-003753,X731,2,CFG731_a41a2d2cef1a675f,0.9052638607337369,CFG731_56310c55a01272a3,2,0.3482788219130898,False,SYNTHETIC,synthetic_engineer_v1
RFQ731-003754,F731TE,2,CFG731_b7c1a02b25610507,0.7879705986420301,CFG731_b7c1a02b25610507,1,0.7879705986420301,True,SYNTHETIC,synthetic_engineer_v1
RFQ731-003755,X731,6,CFG731_ac8195f5cce7d089,0.849624804578376,CFG731_87ce9768865f4127,6,0.23539102909606505,False,SYNTHETIC,synthetic_engineer_v1
RFQ731-003756,X731,2,CFG731_516629085c122a4e,0.9368422121081579,CFG731_fe9a409c6b2ba9cc,2,0.4335338920147461,False,SYNTHETIC,synthetic_engineer_v1
RFQ731-003757,G731ST-LT,1,CFG731_8da1da530d6ae54d,0.881203204069797,CFG731_8da1da530d6ae54d,1,0.881203204069797,True,SYNTHETIC,synthetic_engineer_v1
RFQ731-003758,X731,2,CFG731_b7e96d5717c40fd6,0.9526317158653684,CFG731_2683cf7e09782f5e,2,0.9097746379292255,False,SYNTHETIC,synthetic_engineer_v1
RFQ731-003759,F731WD_SINGLECHANNEL,2,CFG731_6357400dd5c2804a,0.7879707419710301,CFG731_6357400dd5c2804a,1,0.7879707419710301,True,SYNTHETIC,synthetic_engineer_v1
RFQ731-003760,X731,3,CFG731_e08dfad4737be3d9,0.9368423533381579,CFG731_3a824c7e49bfd8f4,3,0.4989748466833344,False,SYNTHETIC,synthetic_engineer_v1
RFQ731-003761,X731,6,CFG731_8d2d91c46ccfb471,0.9210535861219473,CFG731_800f2acd9158b556,2,0.48318578758312386,False,SYNTHETIC,synthetic_engineer_v1
RFQ731-003762,G731ST-LT,1,CFG731_996314000fcfec4b,0.9526317631953684,CFG731_996314000fcfec4b,1,0.9526317631953684,True,SYNTHETIC,synthetic_engineer_v1
RFQ731-003763,X731,3,CFG731_ad0a2fd7350b6cca,0.8654141498595865,CFG731_acf759e7c479b97e,3,0.38022496468933437,False,SYNTHETIC,synthetic_engineer_v1
RFQ731-003764,X731,4,CFG731_f97e51d1da57d99f,0.849625053540376,CFG731_18e687233239e907,3,0.4146188330255356,False,SYNTHETIC,synthetic_engineer_v1
RFQ731-003765,G731ST-LT,10,CFG731_8da1da530d6ae54d,0.8338355387061654,CFG731_159f3a6877b5a5d2,10,0.21721204187550155,False,SYNTHETIC,synthetic_engineer_v1
RFQ731-003766,F731WD_DUALCHANNEL,2,CFG731_819cb4e76943eca6,0.8037599958962406,CFG731_c37386a371e13fa8,2,0.4554670951373499,False,SYNTHETIC,synthetic_engineer_v1
RFQ731-003767,G731ST-HT,4,CFG731_a3b03637ed22317c,0.9210532247339474,CFG731_6cc2f5d089c01baf,3,0.8353384876856617,False,SYNTHETIC,synthetic_engineer_v1
RFQ731-003768,X731,1,CFG731_ac3a4ff61341aa72,0.8496241064693759,CFG731_ac3a4ff61341aa72,1,0.8496241064693759,True,SYNTHETIC,synthetic_engineer_v1
RFQ731-003769,F731WD_SINGLECHANNEL,2,CFG731_70b6eaf9262ca4d0,0.7879709064630301,CFG731_400b0d973c930668,2,0.7879707059310301,False,SYNTHETIC,synthetic_engineer_v1
RFQ731-003770,G731ST-LT,4,CFG731_a40ab19ad6671fbe,0.9210531262359474,CFG731_d3944f427f0609b6,2,0.849624191163376,False,SYNTHETIC,synthetic_engineer_v1
RFQ731-003771,X731,2,CFG731_8f470181ad32eeae,0.881203976153797,CFG731_147ff4a19b4bcc48,2,0.3813084368186037,False,SYNTHETIC,synthetic_engineer_v1
RFQ731-003772,X731,1,CFG731_9b78d433d00f1965,0.3908672136110155,CFG731_9b78d433d00f1965,1,0.3908672136110155,True,SYNTHETIC,synthetic_engineer_v1
RFQ731-003773,G731CA,2,CFG731_d97c333965654bd3,0.8037600875412405,CFG731_d97c333965654bd3,1,0.8037600875412405,True,SYNTHETIC,synthetic_engineer_v1
RFQ731-003774,G731ST-HT,2,CFG731_4aa7d46b9cfa7d7b,0.9368423841071579,CFG731_83a3644f76b45069,2,0.8939850273980151,False,SYNTHETIC,synthetic_engineer_v1
RFQ731-003775,X731,8,CFG731_da02526d254e2e35,0.9052639222627369,CFG731_c976e33226ef748e,8,0.4019547489823251,False,SYNTHETIC,synthetic_engineer_v1
RFQ731-003776,X731,10,CFG731_83f956404d04e6cd,0.8496248215793759,CFG731_02cc92e24847d6c0,10,0.23281741253230032,False,SYNTHETIC,synthetic_engineer_v1
RFQ731-003777,X731,4,CFG731_3b2a32abbf148ca1,0.9368422921561579,CFG731_d4dafb658c85c692,4,0.25265162664056967,False,SYNTHETIC,synthetic_engineer_v1
RFQ731-003778,G731ST-HT,2,CFG731_2a989bd6dba74d9f,0.8654137505275865,CFG731_31715eb409a1602f,2,0.8511284677398722,False,SYNTHETIC,synthetic_engineer_v1
RFQ731-003779,X731,2,CFG731_1f2a166cde9ede02,0.8338355276811655,CFG731_fdb901ceaee1caed,2,0.8195494902474512,False,SYNTHETIC,synthetic_engineer_v1
RFQ731-003780,X731,4,CFG731_e08dfad4737be3d9,0.9368427930881579,CFG731_3352d611bcf09d74,3,0.5011811010582755,False,SYNTHETIC,synthetic_engineer_v1
RFQ731-003781,F731TE,2,CFG731_0c3b33750ffab3ac,0.7879709026090301,CFG731_0c3b33750ffab3ac,1,0.7879709026090301,True,SYNTHETIC,synthetic_engineer_v1
RFQ731-003782,X731,5,CFG731_0db950a4979d2c52,0.9210527276929473,CFG731_f030e97d69c5c359,3,0.48502403825024154,False,SYNTHETIC,synthetic_engineer_v1
RFQ731-003783,X731,6,CFG731_8c50542218db5cb0,0.9052637948677369,CFG731_b3506a753aafcfa3,3,0.469234360657031,False,SYNTHETIC,synthetic_engineer_v1
RFQ731-003784,G731CA,2,CFG731_4189e4dbecbffadb,0.4554669265163499,CFG731_b43582909c828d95,2,0.3830398894951146,False,SYNTHETIC,synthetic_engineer_v1
RFQ731-003785,X731,2,CFG731_60f3aae8ede70fe0,0.9526320984843684,CFG731_447ecefb64ae83c3,2,0.39197002583148605,False,SYNTHETIC,synthetic_engineer_v1
RFQ731-003786,G731ST-LT,4,CFG731_a40ab19ad6671fbe,0.9210531182769474,CFG731_cc64ce3eaedacb17,3,0.8353393134676615,False,SYNTHETIC,synthetic_engineer_v1
RFQ731-003787,G731ST-LT,11,CFG731_0fdf5c36c9c41e69,0.8338351010451654,CFG731_0d6df01ace2df68d,11,0.21721182409750156,False,SYNTHETIC,synthetic_engineer_v1
RFQ731-003788,G731ST-HT,1,CFG731_a56f1437a0b4ca31,0.881203198419797,CFG731_a56f1437a0b4ca31,1,0.881203198419797,True,SYNTHETIC,synthetic_engineer_v1
RFQ731-003789,F731WD_SINGLECHANNEL,1,CFG731_70b6eaf9262ca4d0,0.8195497956664511,CFG731_70b6eaf9262ca4d0,1,0.8195497956664511,True,SYNTHETIC,synthetic_engineer_v1
RFQ731-003790,X731,2,CFG731_f97e51d1da57d99f,0.8654145277815866,CFG731_ebb861c404a79d91,2,0.37342310810909907,False,SYNTHETIC,synthetic_engineer_v1
RFQ731-003791,X731,2,CFG731_62d0f0f6bab9bdcb,0.936842276996158,CFG731_9fcbeaf9d5010d3a,2,0.43353351997574613,False,SYNTHETIC,synthetic_engineer_v1
RFQ731-003792,X731,3,CFG731_516629085c122a4e,0.9210534361799474,CFG731_48a4e554ffcf39e6,3,0.48502407114324153,False,SYNTHETIC,synthetic_engineer_v1
RFQ731-003793,G731VG,1,CFG731_cfb2b92dd8f09f39,0.8511279111458722,CFG731_cfb2b92dd8f09f39,1,0.8511279111458722,True,SYNTHETIC,synthetic_engineer_v1
RFQ731-003794,G731CA,1,CFG731_55e37d2b9d20276c,0.8353389384886616,CFG731_55e37d2b9d20276c,1,0.8353389384886616,True,SYNTHETIC,synthetic_engineer_v1
RFQ731-003795,X731,6,CFG731_0db950a4979d2c52,0.936842980517158,CFG731_243419c6708378b3,5,0.5002616668572168,False,SYNTHETIC,synthetic_engineer_v1
RFQ731-003796,X731,5,CFG731_d27f5f5f307014a8,0.849624105790376,CFG731_7a924ba8e265ed39,5,0.2361271491857121,False,SYNTHETIC,synthetic_engineer_v1
RFQ731-003797,G731ST-LT,2,CFG731_0fdf5c36c9c41e69,0.8654135512545865,CFG731_9b48d8977da96686,2,0.375077414792805,False,SYNTHETIC,synthetic_engineer_v1
RFQ731-003798,G731ST-LT,2,CFG731_d124ccffa669c3a2,0.9368427224371579,CFG731_ae2e4cfccaff4f50,2,0.4335336966097461,False,SYNTHETIC,synthetic_engineer_v1
RFQ731-003799,X731,3,CFG731_0fbee36816b7af98,0.8654137285585866,CFG731_9228cc48e333917c,2,0.5028349374989813,False,SYNTHETIC,synthetic_engineer_v1
RFQ731-003800,G731ST-HT,1,CFG731_fcc72e9951376cf3,0.881203512570797,CFG731_fcc72e9951376cf3,1,0.881203512570797,True,SYNTHETIC,synthetic_engineer_v1
RFQ731-003801,X731,6,CFG731_8d2d91c46ccfb471,0.9210526649029473,CFG731_df5f598a914fb1cc,4,0.4177447775895356,False,SYNTHETIC,synthetic_engineer_v1
RFQ731-003802,X731,2,CFG731_bb61f56875b25c60,0.3453375533865016,CFG731_bb61f56875b25c60,1,0.3453375533865016,True,SYNTHETIC,synthetic_engineer_v1
RFQ731-003803,X731,1,CFG731_04bb9195f752ca8c,0.48318528076912387,CFG731_04bb9195f752ca8c,1,0.48318528076912387,True,SYNTHETIC,synthetic_engineer_v1
RFQ731-003804,X731,7,CFG731_e08dfad4737be3d9,0.9210527650159474,CFG731_c9190efaaf22bb3f,3,0.4850238337822415,False,SYNTHETIC,synthetic_engineer_v1
RFQ731-003805,X731,4,CFG731_bbcb665ced67f8c3,0.849624992158376,CFG731_2e5bd0d53757f625,3,0.3637000832434768,False,SYNTHETIC,synthetic_engineer_v1
RFQ731-003806,G731CA,2,CFG731_98ec9650b5463fd0,0.8037599896472406,CFG731_98ec9650b5463fd0,1,0.8037599896472406,True,SYNTHETIC,synthetic_engineer_v1
RFQ731-003807,X731,2,CFG731_11da8cc369b71f5a,0.881203878070797,CFG731_ab7c99e095bc84f9,2,0.3890290133708978,False,SYNTHETIC,synthetic_engineer_v1
RFQ731-003808,X731,7,CFG731_c39096767a7ae083,0.9210535838349474,CFG731_86b45f3244313c4c,7,0.23649382670253563,False,SYNTHETIC,synthetic_engineer_v1
RFQ731-003809,X731,8,CFG731_0db950a4979d2c52,0.9210534865929474,CFG731_70b78512b89df53d,7,0.4177445982335356,False,SYNTHETIC,synthetic_engineer_v1
RFQ731-003810,G731ST-LT,4,CFG731_7882c72c21497015,0.9210535817939474,CFG731_d432b6fd40e9e78c,2,0.849624816100376,False,SYNTHETIC,synthetic_engineer_v1
RFQ731-003811,G731CA,1,CFG731_0738cd529389f266,0.8353384317136616,CFG731_0738cd529389f266,1,0.8353384317136616,True,SYNTHETIC,synthetic_engineer_v1
RFQ731-003812,G731ST-LT,2,CFG731_e0009be417f51ccd,0.9368430946701579,CFG731_c5da2661a169f82b,2,0.8939852994160151,False,SYNTHETIC,synthetic_engineer_v1
RFQ731-003813,X731,6,CFG731_bcec8ceac2dbcc79,0.8338352000721655,CFG731_e7462b3bbda81f78,6,0.21151338798773683,False,SYNTHETIC,synthetic_engineer_v1
RFQ731-003814,X731,1,CFG731_da02526d254e2e35,0.9526325406013684,CFG731_da02526d254e2e35,1,0.9526325406013684,True,SYNTHETIC,synthetic_engineer_v1
RFQ731-003815,X731,3,CFG731_91e51485b56960b2,0.9368428788771579,CFG731_deb3d65220135a9e,2,0.8511282756508721,False,SYNTHETIC,synthetic_engineer_v1
RFQ731-003816,X731,1,CFG731_59f86789e43d86f1,0.5147642336105449,CFG731_59f86789e43d86f1,1,0.5147642336105449,True,SYNTHETIC,synthetic_engineer_v1
RFQ731-003817,G731ST-HT,12,CFG731_c32627af59ba1526,0.8338353656161654,CFG731_1e3e39ce65cdb22f,11,0.21721214685850157,False,SYNTHETIC,synthetic_engineer_v1
RFQ731-003818,X731,1,CFG731_011ca4ba794bd4d6,0.9210530402639473,CFG731_011ca4ba794bd4d6,1,0.9210530402639473,True,SYNTHETIC,synthetic_engineer_v1
RFQ731-003819,G731ST-LT,2,CFG731_a40ab19ad6671fbe,0.9368424350921579,CFG731_098817d766a37bc2,2,0.8939855501970151,False,SYNTHETIC,synthetic_engineer_v1
RFQ731-003820,G731ST-LT,1,CFG731_b86bbf24b1c3a419,0.881203196738797,CFG731_b86bbf24b1c3a419,1,0.881203196738797,True,SYNTHETIC,synthetic_engineer_v1
RFQ731-003821,F731WD_DUALCHANNEL,1,CFG731_af8fc23bebdac123,0.39680814428979566,CFG731_af8fc23bebdac123,1,0.39680814428979566,True,SYNTHETIC,synthetic_engineer_v1
RFQ731-003822,X731,7,CFG731_5dd42015f6f61801,0.9210534048329474,CFG731_90dc5a2ccc9e8c22,6,0.3600236561042415,False,SYNTHETIC,synthetic_engineer_v1
RFQ731-003823,G731ST-HT,2,CFG731_c3a136a8630f644d,0.8654142468845866,CFG731_265337e27ab1207c,2,0.8654137040355865,False,SYNTHETIC,synthetic_engineer_v1
RFQ731-003824,G731CA,1,CFG731_c7ca2f069d01e42d,0.8353389467576616,CFG731_c7ca2f069d01e42d,1,0.8353389467576616,True,SYNTHETIC,synthetic_engineer_v1
RFQ731-003825,X731,1,CFG731_219ac3d01befd6d1,0.9526316237233684,CFG731_219ac3d01befd6d1,1,0.9526316237233684,True,SYNTHETIC,synthetic_engineer_v1
RFQ731-003826,G731ST-LT,3,CFG731_b86bbf24b1c3a419,0.8654139692775865,CFG731_d32eee68715fee63,3,0.3763649309306873,False,SYNTHETIC,synthetic_engineer_v1
RFQ731-003827,G731ST-HT,2,CFG731_a56f1437a0b4ca31,0.8654137032125865,CFG731_240d537f14b1a01d,2,0.375078081217805,False,SYNTHETIC,synthetic_engineer_v1
RFQ731-003828,X731,1,CFG731_2be17a56b0589fd1,0.9526324488453684,CFG731_2be17a56b0589fd1,1,0.9526324488453684,True,SYNTHETIC,synthetic_engineer_v1
RFQ731-003829,X731,2,CFG731_da02526d254e2e35,0.9368421132231579,CFG731_b661f405414c476e,2,0.4335337066467461,False,SYNTHETIC,synthetic_engineer_v1
RFQ731-003830,X731,2,CFG731_11a99741e1f7cce9,0.8338349610731655,CFG731_7765429ffa27b59a,2,0.8195492113054511,False,SYNTHETIC,synthetic_engineer_v1
RFQ731-003831,X731,1,CFG731_086adbe1d654b214,0.3838825191373684,CFG731_086adbe1d654b214,1,0.3838825191373684,True,SYNTHETIC,synthetic_engineer_v1
RFQ731-003832,G731ST-HT,2,CFG731_a3b03637ed22317c,0.9368425386321579,CFG731_dde2f7fe043f7ade,2,0.8939856338530151,False,SYNTHETIC,synthetic_engineer_v1
RFQ731-003833,X731,1,CFG731_b4987f1c95e91d0d,0.9526324083503683,CFG731_b4987f1c95e91d0d,1,0.9526324083503683,True,SYNTHETIC,synthetic_engineer_v1
RFQ731-003834,G731ST-LT,2,CFG731_d124ccffa669c3a2,0.9368424471141579,CFG731_ae2e4cfccaff4f50,2,0.4335336249327461,False,SYNTHETIC,synthetic_engineer_v1
RFQ731-003835,X731,1,CFG731_78d3b084a795c836,0.40555353510675546,CFG731_78d3b084a795c836,1,0.40555353510675546,True,SYNTHETIC,synthetic_engineer_v1
RFQ731-003836,X731,4,CFG731_f97e51d1da57d99f,0.849624945718376,CFG731_18e687233239e907,3,0.4146194239525356,False,SYNTHETIC,synthetic_engineer_v1
RFQ731-003837,G731ST-LT,6,CFG731_a40ab19ad6671fbe,0.9210533229389474,CFG731_0e0f01b5586b92da,5,0.4844725613620062,False,SYNTHETIC,synthetic_engineer_v1
RFQ731-003838,G731ST-HT,4,CFG731_63eca10a00ae1f5d,0.9210534807259474,CFG731_a4416ae9d698efa6,3,0.485391656790065,False,SYNTHETIC,synthetic_engineer_v1
RFQ731-003839,X731,2,CFG731_31c4aded40f9387f,0.3739747887343343,CFG731_a41e221f51c9a405,2,0.2430922648811579,False,SYNTHETIC,synthetic_engineer_v1
RFQ731-003840,X731,1,CFG731_ae226e31119be9bd,0.9210533177379473,CFG731_ae226e31119be9bd,1,0.9210533177379473,True,SYNTHETIC,synthetic_engineer_v1
RFQ731-003841,X731,6,CFG731_b4987f1c95e91d0d,0.9052638954587369,CFG731_2497a004dc6e1657,3,0.469234699105031,False,SYNTHETIC,synthetic_engineer_v1
RFQ731-003842,F731WD_DUALCHANNEL,1,CFG731_819cb4e76943eca6,0.8195494649324512,CFG731_819cb4e76943eca6,1,0.8195494649324512,True,SYNTHETIC,synthetic_engineer_v1
RFQ731-003843,X731,1,CFG731_9a5bfa9148a9b604,0.9210529429399473,CFG731_9a5bfa9148a9b604,1,0.9210529429399473,True,SYNTHETIC,synthetic_engineer_v1
RFQ731-003844,X731,5,CFG731_4346df46838fd57e,0.48318535434912385,CFG731_bcb75237dcbc3975,5,0.23796473088982975,False,SYNTHETIC,synthetic_engineer_v1
RFQ731-003845,X731,2,CFG731_36c553adc9f5ebf3,0.8654139825495866,CFG731_70aa5a64b0803277,2,0.8654138639925866,False,SYNTHETIC,synthetic_engineer_v1
RFQ731-003846,X731,3,CFG731_3b2a32abbf148ca1,0.9368425766341579,CFG731_068dfb669c5d2e98,2,0.500813394316452,False,SYNTHETIC,synthetic_engineer_v1
RFQ731-003847,G731ST-LT,2,CFG731_e0009be417f51ccd,0.9368428029231579,CFG731_c5da2661a169f82b,2,0.8939853035930151,False,SYNTHETIC,synthetic_engineer_v1
RFQ731-003848,G731CA,1,CFG731_508d465d4c518290,0.8353389781866616,CFG731_508d465d4c518290,1,0.8353389781866616,True,SYNTHETIC,synthetic_engineer_v1
RFQ731-003849,X731,4,CFG731_6e096e946540ab4e,0.8654145168805866,CFG731_9e13de19970e4646,4,0.3691956670436285,False,SYNTHETIC,synthetic_engineer_v1
RFQ731-003850,X731,11,CFG731_5dd42015f6f61801,0.9052640549567369,CFG731_fe5ec1b0bcdbd396,9,0.2196022933338545,False,SYNTHETIC,synthetic_engineer_v1
RFQ731-003851,F731PW,1,CFG731_7fea22051dcc86b6,0.8180458036659549,CFG731_7fea22051dcc86b6,1,0.8180458036659549,True,SYNTHETIC,synthetic_engineer_v1
RFQ731-003852,X731,7,CFG731_8d2d91c46ccfb471,0.9210534708409474,CFG731_d584b35cfce34cc7,5,0.365905716871418,False,SYNTHETIC,synthetic_engineer_v1
RFQ731-003853,G731ST-HT,4,CFG731_63eca10a00ae1f5d,0.9210532569309473,CFG731_a4416ae9d698efa6,3,0.48539127239106505,False,SYNTHETIC,synthetic_engineer_v1
RFQ731-003854,X731,2,CFG731_f97e51d1da57d99f,0.8654143849895866,CFG731_bf345eee1e43eaf0,2,0.3655195261663932,False,SYNTHETIC,synthetic_engineer_v1
RFQ731-003855,X731,1,CFG731_073f991a6c9a4683,0.399671966210579,CFG731_073f991a6c9a4683,1,0.399671966210579,True,SYNTHETIC,synthetic_engineer_v1
RFQ731-003856,F731TE,1,CFG731_ac57adca497d644f,0.4712559648965604,CFG731_ac57adca497d644f,1,0.4712559648965604,True,SYNTHETIC,synthetic_engineer_v1
RFQ731-003857,X731,2,CFG731_608c0251ef380592,0.9368423298501579,CFG731_33fed5318b1a4f2f,2,0.8939854989000151,False,SYNTHETIC,synthetic_engineer_v1
RFQ731-003858,G731CA,1,CFG731_d2a75fda6f761c1b,0.4870461928617709,CFG731_d2a75fda6f761c1b,1,0.4870461928617709,True,SYNTHETIC,synthetic_engineer_v1
RFQ731-003859,G731ST-LT,2,CFG731_715a3d3226cbaffd,0.936842307645158,CFG731_d5af433b36265df1,2,0.8939852337780151,False,SYNTHETIC,synthetic_engineer_v1
RFQ731-003860,X731,1,CFG731_4d7e108ea05eeb07,0.9210533935029473,CFG731_4d7e108ea05eeb07,1,0.9210533935029473,True,SYNTHETIC,synthetic_engineer_v1
RFQ731-003861,X731,4,CFG731_11da8cc369b71f5a,0.8654142551085865,CFG731_dd35920267346811,3,0.5028351516429814,False,SYNTHETIC,synthetic_engineer_v1
RFQ731-003862,G731VG,1,CFG731_6a47b38d62a9fed3,0.8511284622418722,CFG731_6a47b38d62a9fed3,1,0.8511284622418722,True,SYNTHETIC,synthetic_engineer_v1
RFQ731-003863,X731,3,CFG731_c887ba58c35036a9,0.9210527172779474,CFG731_ef2da8cd513b19be,3,0.48502342301024154,False,SYNTHETIC,synthetic_engineer_v1
RFQ731-003864,X731,2,CFG731_5d345c0f49f6f272,0.8511284495098722,CFG731_ee29f2335bd7638f,2,0.38022526351033437,False,SYNTHETIC,synthetic_engineer_v1
RFQ731-003865,G731CA,2,CFG731_98ec9650b5463fd0,0.8037595508042406,CFG731_98ec9650b5463fd0,1,0.8037595508042406,True,SYNTHETIC,synthetic_engineer_v1
RFQ731-003866,X731,6,CFG731_8f470181ad32eeae,0.8496250406153759,CFG731_2d75c413dea7052f,6,0.22472941176818267,False,SYNTHETIC,synthetic_engineer_v1
RFQ731-003867,X731,3,CFG731_77a90bfd81b5c2c1,0.4831853566041239,CFG731_c62952cfd77a9c9c,3,0.23796507508882975,False,SYNTHETIC,synthetic_engineer_v1
RFQ731-003868,X731,1,CFG731_a92ad5294d9187e9,0.9210532693189474,CFG731_a92ad5294d9187e9,1,0.9210532693189474,True,SYNTHETIC,synthetic_engineer_v1
RFQ731-003869,F731WD_DUALCHANNEL,2,CFG731_819cb4e76943eca6,0.8037603093582406,CFG731_c37386a371e13fa8,2,0.4554668623173499,False,SYNTHETIC,synthetic_engineer_v1
RFQ731-003870,X731,3,CFG731_c39096767a7ae083,0.9368424002481579,CFG731_2009b1ab4cbc0ffb,3,0.500812881806452,False,SYNTHETIC,synthetic_engineer_v1
RFQ731-003871,G731ST-LT,4,CFG731_32b4b1ec4513af66,0.8496243085583759,CFG731_68d95a26943b3650,3,0.4870453350677709,False,SYNTHETIC,synthetic_engineer_v1
RFQ731-003872,F731TE,1,CFG731_07fb816f7dc25bc8,0.8338351812981655,CFG731_07fb816f7dc25bc8,1,0.8338351812981655,True,SYNTHETIC,synthetic_engineer_v1
RFQ731-003873,X731,1,CFG731_260c36430f7c2d03,0.9210528204789473,CFG731_260c36430f7c2d03,1,0.9210528204789473,True,SYNTHETIC,synthetic_engineer_v1
RFQ731-003874,F731WD_DUALCHANNEL,3,CFG731_2688c6c5fd11ba8e,0.7721806573828195,CFG731_166dd118cf42e953,3,0.41469661950134057,False,SYNTHETIC,synthetic_engineer_v1
RFQ731-003875,X731,7,CFG731_abcee67081353f16,0.9052638136817369,CFG731_bd00839e452c6958,7,0.2210724720691486,False,SYNTHETIC,synthetic_engineer_v1
RFQ731-003876,X731,2,CFG731_36c553adc9f5ebf3,0.8654140911945866,CFG731_e1c54b5b080fabb2,2,0.3794894303206873,False,SYNTHETIC,synthetic_engineer_v1
RFQ731-003877,X731,6,CFG731_516629085c122a4e,0.9052633303017369,CFG731_a84a367ef61c4e59,3,0.469234422837031,False,SYNTHETIC,synthetic_engineer_v1
RFQ731-003878,F731WD_DUALCHANNEL,2,CFG731_819cb4e76943eca6,0.7879704395030301,CFG731_37e3938c6089bb2d,2,0.7879699463750302,False,SYNTHETIC,synthetic_engineer_v1
RFQ731-003879,G731CA,1,CFG731_757fbd3e8915b462,0.8353384082506616,CFG731_757fbd3e8915b462,1,0.8353384082506616,True,SYNTHETIC,synthetic_engineer_v1
RFQ731-003880,G731ST-LT,3,CFG731_ab4075c601d1397c,0.849624306101376,CFG731_cc47430fac8438be,2,0.4146188513775356,False,SYNTHETIC,synthetic_engineer_v1
RFQ731-003881,G731ST-HT,6,CFG731_63eca10a00ae1f5d,0.9210530671649474,CFG731_c759934398f2381a,5,0.4844726955070062,False,SYNTHETIC,synthetic_engineer_v1
RFQ731-003882,X731,2,CFG731_ad0a2fd7350b6cca,0.8654144623005865,CFG731_54f76cb8cac8d338,2,0.2541219653138638,False,SYNTHETIC,synthetic_engineer_v1
RFQ731-003883,G731ST-LT,4,CFG731_a40ab19ad6671fbe,0.9210528385559473,CFG731_e1516ef53069d5e2,3,0.48539092203106504,False,SYNTHETIC,synthetic_engineer_v1
RFQ731-003884,G731ST-LT,8,CFG731_7882c72c21497015,0.9052637748667369,CFG731_13c87640928bf666,7,0.4019548942483251,False,SYNTHETIC,synthetic_engineer_v1
RFQ731-003885,G731ST-LT,4,CFG731_32b4b1ec4513af66,0.849624676340376,CFG731_68d95a26943b3650,3,0.4870459658897709,False,SYNTHETIC,synthetic_engineer_v1
RFQ731-003886,F731WD_SINGLECHANNEL,1,CFG731_70b6eaf9262ca4d0,0.8195498158904512,CFG731_70b6eaf9262ca4d0,1,0.8195498158904512,True,SYNTHETIC,synthetic_engineer_v1
RFQ731-003887,F731WD_SINGLECHANNEL,1,CFG731_9a761e6bfde35917,0.39680769615779565,CFG731_9a761e6bfde35917,1,0.39680769615779565,True,SYNTHETIC,synthetic_engineer_v1
RFQ731-003888,G731CA,2,CFG731_04d132f563cdece8,0.8037596138242405,CFG731_04d132f563cdece8,1,0.8037596138242405,True,SYNTHETIC,synthetic_engineer_v1
RFQ731-003889,G731ST-LT,8,CFG731_3ebdd541d6efe614,0.8338349387921655,CFG731_58b9913d8024b015,8,0.21151335647073685,False,SYNTHETIC,synthetic_engineer_v1
RFQ731-003890,G731ST-LT,1,CFG731_8da1da530d6ae54d,0.881203786776797,CFG731_8da1da530d6ae54d,1,0.881203786776797,True,SYNTHETIC,synthetic_engineer_v1
RFQ731-003891,X731,4,CFG731_8f470181ad32eeae,0.8654142968195865,CFG731_5aad423ad5989441,3,0.4304092345717461,False,SYNTHETIC,synthetic_engineer_v1
RFQ731-003892,X731,2,CFG731_2be17a56b0589fd1,0.9368425721621579,CFG731_c6a3ff6155563d17,2,0.4335336044087461,False,SYNTHETIC,synthetic_engineer_v1
RFQ731-003893,X731,4,CFG731_9a0f0b26c7f24725,0.8654139815695865,CFG731_9eee2266c8068ada,3,0.37323982206768735,False,SYNTHETIC,synthetic_engineer_v1
RFQ731-003894,X731,8,CFG731_8d2d91c46ccfb471,0.9210533404609473,CFG731_c0f829ddab491342,4,0.4844723421630062,False,SYNTHETIC,synthetic_engineer_v1
RFQ731-003895,G731ST-LT,8,CFG731_e0009be417f51ccd,0.9052631942337369,CFG731_515a31451814aae9,7,0.40195490100532505,False,SYNTHETIC,synthetic_engineer_v1
RFQ731-003896,X731,5,CFG731_c887ba58c35036a9,0.9210532457309474,CFG731_7157b3d45716ad8f,5,0.4844724153290062,False,SYNTHETIC,synthetic_engineer_v1
RFQ731-003897,G731CA,2,CFG731_4189e4dbecbffadb,0.45546640567534985,CFG731_b43582909c828d95,2,0.3830408330661146,False,SYNTHETIC,synthetic_engineer_v1
RFQ731-003898,G731ST-HT,8,CFG731_4aa7d46b9cfa7d7b,0.9052638647427369,CFG731_ad49f2ad57627f46,8,0.33283742970350155,False,SYNTHETIC,synthetic_engineer_v1
RFQ731-003899,X731,2,CFG731_b74fb5418dad3b38,0.8812040041397969,CFG731_b74fb5418dad3b38,1,0.8812040041397969,True,SYNTHETIC,synthetic_engineer_v1
RFQ731-003900,X731,3,CFG731_f97e51d1da57d99f,0.8496249397483759,CFG731_633572f6d3593691,3,0.35267074261277087,False,SYNTHETIC,synthetic_engineer_v1
RFQ731-003901,G731CA,1,CFG731_495876b6233d3864,0.4870460941697709,CFG731_495876b6233d3864,1,0.4870460941697709,True,SYNTHETIC,synthetic_engineer_v1
RFQ731-003902,X731,12,CFG731_f87794e7a98d0b11,0.9210531694219474,CFG731_7ea9692d4e5b6d1c,11,0.23465616404541798,False,SYNTHETIC,synthetic_engineer_v1
RFQ731-003903,X731,5,CFG731_aba447e5ca3ac7ba,0.8180458993819549,CFG731_81fb6648eb2086c4,4,0.33046655493834987,False,SYNTHETIC,synthetic_engineer_v1
RFQ731-003904,X731,3,CFG731_8d2d91c46ccfb471,0.9368423411631579,CFG731_9fd2ebe15271fc33,3,0.5008129795874521,False,SYNTHETIC,synthetic_engineer_v1
RFQ731-003905,X731,10,CFG731_ddd1ce28a3456ff6,0.8338355593501655,CFG731_0dc23d4863b02213,10,0.21868266654279564,False,SYNTHETIC,synthetic_engineer_v1
RFQ731-003906,X731,3,CFG731_011ca4ba794bd4d6,0.9052640515037369,CFG731_6472ab3bf7316498,3,0.4686829562687957,False,SYNTHETIC,synthetic_engineer_v1
RFQ731-003907,X731,10,CFG731_da02526d254e2e35,0.9052633473557369,CFG731_172c288e777d2259,10,0.21868259630179565,False,SYNTHETIC,synthetic_engineer_v1
RFQ731-003908,X731,1,CFG731_11a99741e1f7cce9,0.8496241570323759,CFG731_11a99741e1f7cce9,1,0.8496241570323759,True,SYNTHETIC,synthetic_engineer_v1
RFQ731-003909,X731,4,CFG731_62d0f0f6bab9bdcb,0.9210536002449473,CFG731_631dadb7c0c7adf5,3,0.48502323319324153,False,SYNTHETIC,synthetic_engineer_v1
RFQ731-003910,G731ST-LT,11,CFG731_0fdf5c36c9c41e69,0.8338350066981655,CFG731_0d6df01ace2df68d,11,0.21721254587450156,False,SYNTHETIC,synthetic_engineer_v1
RFQ731-003911,G731ST-LT,4,CFG731_7203705eed387b0a,0.8496241946573759,CFG731_00533f723f7496de,3,0.4870460554507709,False,SYNTHETIC,synthetic_engineer_v1
RFQ731-003912,G731ST-LT,10,CFG731_e0009be417f51ccd,0.9052641578257369,CFG731_77fac91021549398,5,0.4686825001297957,False,SYNTHETIC,synthetic_engineer_v1
RFQ731-003913,X731,5,CFG731_8d07e19298d09d34,0.8496247470973759,CFG731_4158c57c64fd4dcc,5,0.2287739729332415,False,SYNTHETIC,synthetic_engineer_v1
RFQ731-003914,X731,7,CFG731_f97e51d1da57d99f,0.8338349885961654,CFG731_952a687c71f51b58,7,0.22033683818350155,False,SYNTHETIC,synthetic_engineer_v1
RFQ731-003915,F731PW,3,CFG731_7fea22051dcc86b6,0.8022562716437445,CFG731_4b26dfbafad76131,3,0.3132066943678452,False,SYNTHETIC,synthetic_engineer_v1
RFQ731-003916,G731ST-LT,7,CFG731_715a3d3226cbaffd,0.9052639201747369,CFG731_4664eb01d8e0d814,7,0.20820453144432507,False,SYNTHETIC,synthetic_engineer_v1
RFQ731-003917,X731,3,CFG731_dbfcde407c4d2524,0.36590560853441795,CFG731_dbfcde407c4d2524,1,0.36590560853441795,True,SYNTHETIC,synthetic_engineer_v1
RFQ731-003918,X731,1,CFG731_b7e96d5717c40fd6,0.968421117152579,CFG731_b7e96d5717c40fd6,1,0.968421117152579,True,SYNTHETIC,synthetic_engineer_v1
RFQ731-003919,G731ST-LT,2,CFG731_e0009be417f51ccd,0.936842269468158,CFG731_750dd83a06ba43cb,2,0.4335334899167461,False,SYNTHETIC,synthetic_engineer_v1
RFQ731-003920,F731TE,2,CFG731_31d150421c4341a3,0.7879704073620301,CFG731_31d150421c4341a3,1,0.7879704073620301,True,SYNTHETIC,synthetic_engineer_v1
RFQ731-003921,X731,4,CFG731_1cbb464ec15ba84f,0.3611268693227121,CFG731_6204dd6ea742eb13,4,0.23355354177894738,False,SYNTHETIC,synthetic_engineer_v1
RFQ731-003922,X731,3,CFG731_4346df46838fd57e,0.4989753391953344,CFG731_63bbe1210f9fb0c1,3,0.2537545975170402,False,SYNTHETIC,synthetic_engineer_v1
RFQ731-003923,X731,2,CFG731_e08dfad4737be3d9,0.9526323563203684,CFG731_31d0a0df66872bf7,2,0.44932371342695665,False,SYNTHETIC,synthetic_engineer_v1
RFQ731-003924,X731,7,CFG731_e80085d86d0bbfa9,0.8338346930231655,CFG731_eb61aaa216c2435b,4,0.3482787554630898,False,SYNTHETIC,synthetic_engineer_v1
RFQ731-003925,G731ST-LT,2,CFG731_996314000fcfec4b,0.9368421476451579,CFG731_e03b41992c837b34,2,0.4335335189557461,False,SYNTHETIC,synthetic_engineer_v1
RFQ731-003926,X731,7,CFG731_b7e96d5717c40fd6,0.9210530470479473,CFG731_5362e45ac22e6417,7,0.22399432232153563,False,SYNTHETIC,synthetic_engineer_v1
RFQ731-003927,X731,2,CFG731_de1ec1b96e1e485e,0.4989751960643344,CFG731_de1ec1b96e1e485e,1,0.4989751960643344,True,SYNTHETIC,synthetic_engineer_v1
RFQ731-003928,X731,3,CFG731_fb16e30f5bbb87f2,0.8353384903816616,CFG731_5f2fdad66cde083e,2,0.4870453644787709,False,SYNTHETIC,synthetic_engineer_v1
RFQ731-003929,X731,3,CFG731_516629085c122a4e,0.9210527512469473,CFG731_dbb266760a8c89df,2,0.365905875530418,False,SYNTHETIC,synthetic_engineer_v1
RFQ731-003930,X731,24,CFG731_219ac3d01befd6d1,0.8894740534335263,CFG731_0de2f6a333d94863,24,0.19425339955323218,False,SYNTHETIC,synthetic_engineer_v1
RFQ731-003931,G731CA,1,CFG731_495876b6233d3864,0.4870457135857709,CFG731_495876b6233d3864,1,0.4870457135857709,True,SYNTHETIC,synthetic_engineer_v1
RFQ731-003932,X731,6,CFG731_5dd42015f6f61801,0.9210529641469474,CFG731_cf0d36d335e0ac93,3,0.48318550843512387,False,SYNTHETIC,synthetic_engineer_v1
RFQ731-003933,X731,5,CFG731_a6d4830ed3aa2681,0.9052637697777369,CFG731_9a6bb2143f8f76ed,4,0.341844590286678,False,SYNTHETIC,synthetic_engineer_v1
RFQ731-003934,X731,5,CFG731_ddd1ce28a3456ff6,0.8338350486331655,CFG731_e639b12fcf678c13,3,0.35011655729120744,False,SYNTHETIC,synthetic_engineer_v1
RFQ731-003935,G731CA,2,CFG731_acbf4c45af55caad,0.8037599752952406,CFG731_e85a7fcdd0521e90,2,0.45546668769534987,False,SYNTHETIC,synthetic_engineer_v1
RFQ731-003936,X731,2,CFG731_2be17a56b0589fd1,0.9368421446101579,CFG731_c6a3ff6155563d17,2,0.4335341433127461,False,SYNTHETIC,synthetic_engineer_v1
RFQ731-003937,F731TE,1,CFG731_a72f99e8160efda6,0.47125650573856037,CFG731_a72f99e8160efda6,1,0.47125650573856037,True,SYNTHETIC,synthetic_engineer_v1
RFQ731-003938,X731,3,CFG731_83f956404d04e6cd,0.8654141175465865,CFG731_b5a071e920590337,3,0.5028354046569814,False,SYNTHETIC,synthetic_engineer_v1
RFQ731-003939,G731ST-LT,1,CFG731_715a3d3226cbaffd,0.9526320941003684,CFG731_715a3d3226cbaffd,1,0.9526320941003684,True,SYNTHETIC,synthetic_engineer_v1
RFQ731-003940,G731ST-LT,4,CFG731_715a3d3226cbaffd,0.9210535462039473,CFG731_d3e51804db148a52,3,0.8353388169516616,False,SYNTHETIC,synthetic_engineer_v1
RFQ731-003941,G731ST-LT,4,CFG731_a40ab19ad6671fbe,0.9210527249479473,CFG731_d3944f427f0609b6,2,0.849624095240376,False,SYNTHETIC,synthetic_engineer_v1
RFQ731-003942,X731,2,CFG731_1147f9711c4bff84,0.9052634883097369,CFG731_1434e7eedafa69d1,2,0.3357778732900898,False,SYNTHETIC,synthetic_engineer_v1
RFQ731-003943,G731CA,2,CFG731_dc8a3bad7d99b8ea,0.8037596079162406,CFG731_dc8a3bad7d99b8ea,1,0.8037596079162406,True,SYNTHETIC,synthetic_engineer_v1
RFQ731-003944,G731ST-HT,4,CFG731_d03860c1f327a8d1,0.849624148246376,CFG731_168475c8045761e7,4,0.35763375796588853,False,SYNTHETIC,synthetic_engineer_v1
RFQ731-003945,X731,7,CFG731_cf543b1c3927ab71,0.9052637114957369,CFG731_f2984ef18273dd81,5,0.341844312211678,False,SYNTHETIC,synthetic_engineer_v1
RFQ731-003946,X731,3,CFG731_a385518a9f31baa0,0.33541037694126624,CFG731_baea6ba4f05ba964,2,0.22254315653644272,False,SYNTHETIC,synthetic_engineer_v1
RFQ731-003947,X731,2,CFG731_516629085c122a4e,0.9368423899951579,CFG731_5718ef9495972b30,2,0.43353415713474613,False,SYNTHETIC,synthetic_engineer_v1
RFQ731-003948,X731,4,CFG731_4a42ba5932c01b01,0.37691639727592263,CFG731_4cb12f26dcf6f797,4,0.2541219401948638,False,SYNTHETIC,synthetic_engineer_v1
RFQ731-003949,G731ST-LT,4,CFG731_715a3d3226cbaffd,0.9210534910209474,CFG731_d3e51804db148a52,3,0.8353388917466616,False,SYNTHETIC,synthetic_engineer_v1
RFQ731-003950,G731ST-LT,2,CFG731_32b4b1ec4513af66,0.8654138957295865,CFG731_3ebdd541d6efe614,2,0.8654135889415865,False,SYNTHETIC,synthetic_engineer_v1
RFQ731-003951,G731ST-HT,1,CFG731_076cad91966d4c34,0.881203800077797,CFG731_076cad91966d4c34,1,0.881203800077797,True,SYNTHETIC,synthetic_engineer_v1
RFQ731-003952,X731,4,CFG731_7308ee8503151ef3,0.8654140425915865,CFG731_4fa965828957289a,3,0.3802254515423344,False,SYNTHETIC,synthetic_engineer_v1
RFQ731-003953,G731CA,1,CFG731_2aca30183aab25a9,0.8353393184186616,CFG731_2aca30183aab25a9,1,0.8353393184186616,True,SYNTHETIC,synthetic_engineer_v1
RFQ731-003954,X731,3,CFG731_a70e307c2ffca857,0.9052634887477369,CFG731_695e540255cc94da,3,0.34644039368897217,False,SYNTHETIC,synthetic_engineer_v1
RFQ731-003955,F731TE,2,CFG731_31d150421c4341a3,0.7879700348010301,CFG731_31d150421c4341a3,1,0.7879700348010301,True,SYNTHETIC,synthetic_engineer_v1
RFQ731-003956,X731,11,CFG731_8d2d91c46ccfb471,0.9052633782767369,CFG731_be2582bdf5536cbf,10,0.2196023373618545,False,SYNTHETIC,synthetic_engineer_v1
RFQ731-003957,G731ST-HT,3,CFG731_c3a136a8630f644d,0.8654140065885865,CFG731_1a1206cc52132df1,3,0.3763641691076873,False,SYNTHETIC,synthetic_engineer_v1
RFQ731-003958,X731,1,CFG731_8af4adfbdf504482,0.35818553557512384,CFG731_8af4adfbdf504482,1,0.35818553557512384,True,SYNTHETIC,synthetic_engineer_v1
RFQ731-003959,X731,3,CFG731_0db950a4979d2c52,0.9368430957051579,CFG731_aa82c10f35e81f8d,3,0.500812791981452,False,SYNTHETIC,synthetic_engineer_v1
RFQ731-003960,X731,2,CFG731_ad0a2fd7350b6cca,0.881203889635797,CFG731_20e62aeb01c953da,2,0.881203414896797,False,SYNTHETIC,synthetic_engineer_v1
RFQ731-003961,X731,6,CFG731_60f3aae8ede70fe0,0.9368424602671579,CFG731_338a3238e967f681,5,0.5002616553102168,False,SYNTHETIC,synthetic_engineer_v1
RFQ731-003962,G731ST-HT,4,CFG731_329b582435fea539,0.8496244803563759,CFG731_37f37296c515d083,3,0.4146194981865356,False,SYNTHETIC,synthetic_engineer_v1
RFQ731-003963,X731,4,CFG731_c887ba58c35036a9,0.9210535639629474,CFG731_fa063863b8688588,3,0.4850232411272415,False,SYNTHETIC,synthetic_engineer_v1
RFQ731-003964,F731WD_SINGLECHANNEL,2,CFG731_0be7d6198235486b,0.7879704209400301,CFG731_0be7d6198235486b,1,0.7879704209400301,True,SYNTHETIC,synthetic_engineer_v1
RFQ731-003965,X731,7,CFG731_b7e96d5717c40fd6,0.9210526860689473,CFG731_5362e45ac22e6417,7,0.22399408706753562,False,SYNTHETIC,synthetic_engineer_v1
RFQ731-003966,F731TE,1,CFG731_3fe2202b70f330b1,0.3346750420476192,CFG731_3fe2202b70f330b1,1,0.3346750420476192,True,SYNTHETIC,synthetic_engineer_v1
RFQ731-003967,G731ST-HT,2,CFG731_a56f1437a0b4ca31,0.8654140388985865,CFG731_e489ae1a5426e276,2,0.8511279716788722,False,SYNTHETIC,synthetic_engineer_v1
RFQ731-003968,X731,3,CFG731_241d60e6ef5278be,0.849624246233376,CFG731_92fbdd06b7923fc1,3,0.4870454040577709,False,SYNTHETIC,synthetic_engineer_v1
RFQ731-003969,F731WD_DUALCHANNEL,1,CFG731_8281908b452128f3,0.8338348099451655,CFG731_8281908b452128f3,1,0.8338348099451655,True,SYNTHETIC,synthetic_engineer_v1
RFQ731-003970,G731ST-HT,1,CFG731_076cad91966d4c34,0.8812036619397969,CFG731_076cad91966d4c34,1,0.8812036619397969,True,SYNTHETIC,synthetic_engineer_v1
RFQ731-003971,X731,2,CFG731_37c55138c4eebb90,0.39270580198813315,CFG731_37c55138c4eebb90,1,0.39270580198813315,True,SYNTHETIC,synthetic_engineer_v1
RFQ731-003972,X731,2,CFG731_482678d927834b42,0.3501164531242074,CFG731_9d5d3b4d2ce8a49a,2,0.21519044886997213,False,SYNTHETIC,synthetic_engineer_v1
RFQ731-003973,G731CA,1,CFG731_19ec976991ce75a9,0.8353384417206616,CFG731_19ec976991ce75a9,1,0.8353384417206616,True,SYNTHETIC,synthetic_engineer_v1
RFQ731-003974,X731,3,CFG731_71dcda3a004aaa52,0.37397529297133436,CFG731_019ca39d01857aa6,3,0.2537538734490402,False,SYNTHETIC,synthetic_engineer_v1
RFQ731-003975,X731,4,CFG731_8c50542218db5cb0,0.9210531635099474,CFG731_557eff71f11cfc98,3,0.8353391108116616,False,SYNTHETIC,synthetic_engineer_v1
RFQ731-003976,X731,7,CFG731_f87794e7a98d0b11,0.9210532439489474,CFG731_923f6cb4226dc2a4,5,0.3600238556022415,False,SYNTHETIC,synthetic_engineer_v1
RFQ731-003977,G731ST-HT,12,CFG731_7b2f69a7ca55041b,0.9052641429947369,CFG731_fab0d81b6a0ca4e0,10,0.34055759114479567,False,SYNTHETIC,synthetic_engineer_v1
RFQ731-003978,F731TE,1,CFG731_d8c69b7395beabbb,0.4712567148255604,CFG731_d8c69b7395beabbb,1,0.4712567148255604,True,SYNTHETIC,synthetic_engineer_v1
RFQ731-003979,X731,3,CFG731_8c8856d21252930e,0.9052637576887369,CFG731_6472ab3bf7316498,3,0.4686824773637957,False,SYNTHETIC,synthetic_engineer_v1
RFQ731-003980,X731,6,CFG731_516629085c122a4e,0.9210533189909473,CFG731_3d79b5ed69541acc,5,0.4844725347210062,False,SYNTHETIC,synthetic_engineer_v1
RFQ731-003981,G731ST-LT,10,CFG731_7f5bfa7b21e81359,0.9052637452367369,CFG731_e67173c88f9460f6,5,0.4686825747067957,False,SYNTHETIC,synthetic_engineer_v1
RFQ731-003982,X731,4,CFG731_27bb9f530dcb688a,0.37397541797233436,CFG731_8e2d07b105a096f1,4,0.2537539168760402,False,SYNTHETIC,synthetic_engineer_v1
RFQ731-003983,G731ST-HT,2,CFG731_a3b03637ed22317c,0.936842523244158,CFG731_dde2f7fe043f7ade,2,0.8939857823350151,False,SYNTHETIC,synthetic_engineer_v1
RFQ731-003984,X731,4,CFG731_da02526d254e2e35,0.9210527428579474,CFG731_b1531976c0d80b4a,3,0.4850241814052415,False,SYNTHETIC,synthetic_engineer_v1
RFQ731-003985,G731ST-HT,1,CFG731_bbffb73f3dff6787,0.9526319775103684,CFG731_bbffb73f3dff6787,1,0.9526319775103684,True,SYNTHETIC,synthetic_engineer_v1
RFQ731-003986,G731ST-LT,1,CFG731_e0009be417f51ccd,0.9526324423983684,CFG731_e0009be417f51ccd,1,0.9526324423983684,True,SYNTHETIC,synthetic_engineer_v1
RFQ731-003987,X731,7,CFG731_2be17a56b0589fd1,0.9052635284137369,CFG731_d88bbd7a9dc2c859,7,0.2210722351161486,False,SYNTHETIC,synthetic_engineer_v1
RFQ731-003988,X731,4,CFG731_78d3b084a795c836,0.37397478349133434,CFG731_8e2d07b105a096f1,4,0.2537545208090402,False,SYNTHETIC,synthetic_engineer_v1
RFQ731-003989,G731ST-LT,4,CFG731_7f5bfa7b21e81359,0.9210533530749473,CFG731_5be9d749d8317fd3,2,0.849624475591376,False,SYNTHETIC,synthetic_engineer_v1
RFQ731-003990,F731TE,2,CFG731_31d150421c4341a3,0.7879704229560301,CFG731_31d150421c4341a3,1,0.7879704229560301,True,SYNTHETIC,synthetic_engineer_v1
RFQ731-003991,X731,2,CFG731_8c50542218db5cb0,0.9368421940511579,CFG731_5bb390da70b6fee3,2,0.8939854816410151,False,SYNTHETIC,synthetic_engineer_v1
RFQ731-003992,X731,2,CFG731_5cfa203ca7029f1c,0.37397517080133436,CFG731_f2afd0b311942daf,2,0.24640155968256963,False,SYNTHETIC,synthetic_engineer_v1
RFQ731-003993,X731,3,CFG731_fb16e30f5bbb87f2,0.8353383513336616,CFG731_a9ec8cda9130252f,2,0.3644352263901238,False,SYNTHETIC,synthetic_engineer_v1
RFQ731-003994,G731CA,2,CFG731_16b53411ff7f6c9b,0.3188862468264087,CFG731_4af82641f975d9aa,2,0.31612868292923224,False,SYNTHETIC,synthetic_engineer_v1
RFQ731-003995,X731,2,CFG731_9755a9db60d7534d,0.8338347971861655,CFG731_5be5a82ac0b29989,2,0.341844576992678,False,SYNTHETIC,synthetic_engineer_v1
RFQ731-003996,F731TE,1,CFG731_574aa7a29f75cd60,0.8338355281381655,CFG731_574aa7a29f75cd60,1,0.8338355281381655,True,SYNTHETIC,synthetic_engineer_v1
RFQ731-003997,F731WD_SINGLECHANNEL,2,CFG731_70b6eaf9262ca4d0,0.7879705901300301,CFG731_400b0d973c930668,2,0.7879702480670301,False,SYNTHETIC,synthetic_engineer_v1
RFQ731-003998,G731CA,2,CFG731_5bfe9492c76587ec,0.4554668803743499,CFG731_9cc92f888af32c8a,2,0.44627521649776164,False,SYNTHETIC,synthetic_engineer_v1
RFQ731-003999,F731TE,1,CFG731_3794187f0a0c3133,0.3346750686876192,CFG731_3794187f0a0c3133,1,0.3346750686876192,True,SYNTHETIC,synthetic_engineer_v1
RFQ731-004000,X731,4,CFG731_fb1ab4b34e9c8a75,0.8496249947883759,CFG731_bac2c72e10051b21,3,0.3636999912494768,False,SYNTHETIC,synthetic_engineer_v1
RFQ731-004001,X731,5,CFG731_7308ee8503151ef3,0.8654145091085865,CFG731_804fd97f3e73ed8a,5,0.24860688441451081,False,SYNTHETIC,synthetic_engineer_v1
RFQ731-004002,G731CA,1,CFG731_817824ee3a762453,0.8353391142196616,CFG731_817824ee3a762453,1,0.8353391142196616,True,SYNTHETIC,synthetic_engineer_v1
RFQ731-004003,X731,1,CFG731_608c0251ef380592,0.9526322539613684,CFG731_608c0251ef380592,1,0.9526322539613684,True,SYNTHETIC,synthetic_engineer_v1
RFQ731-004004,X731,6,CFG731_cf543b1c3927ab71,0.9052639456757369,CFG731_ede0b25f5f83644d,3,0.33688108541956036,False,SYNTHETIC,synthetic_engineer_v1
RFQ731-004005,X731,4,CFG731_c887ba58c35036a9,0.9210527857169474,CFG731_5feb84333ab424ba,2,0.8496250320283759,False,SYNTHETIC,synthetic_engineer_v1
RFQ731-004006,X731,7,CFG731_8d07e19298d09d34,0.8338354926061655,CFG731_5f4002ede5e39c69,7,0.22033695806750156,False,SYNTHETIC,synthetic_engineer_v1
RFQ731-004007,X731,1,CFG731_32a4bb12438a37ab,0.968421315962579,CFG731_32a4bb12438a37ab,1,0.968421315962579,True,SYNTHETIC,synthetic_engineer_v1
RFQ731-004008,X731,1,CFG731_62d0f0f6bab9bdcb,0.9526325685043684,CFG731_62d0f0f6bab9bdcb,1,0.9526325685043684,True,SYNTHETIC,synthetic_engineer_v1
RFQ731-004009,X731,4,CFG731_f87794e7a98d0b11,0.9368425509631579,CFG731_6f04889a74b0dabc,3,0.8511284016738722,False,SYNTHETIC,synthetic_engineer_v1
RFQ731-004010,X731,4,CFG731_8c50542218db5cb0,0.9210534543389474,CFG731_8ade52b2e74d0235,3,0.48539176583206506,False,SYNTHETIC,synthetic_engineer_v1
RFQ731-004011,X731,6,CFG731_b7e96d5717c40fd6,0.9210534483709474,CFG731_4065adeeb89ecb2b,6,0.23539172282106505,False,SYNTHETIC,synthetic_engineer_v1
RFQ731-004012,F731PW,2,CFG731_f9fd6a4462ec051a,0.8022563061507444,CFG731_10e74d757a2fa2a6,2,0.3025449524239629,False,SYNTHETIC,synthetic_engineer_v1
RFQ731-004013,X731,2,CFG731_78d3b084a795c836,0.38976430393754485,CFG731_c2add1f921eaf8c0,2,0.26991119708607425,False,SYNTHETIC,synthetic_engineer_v1
RFQ731-004014,F731TE,1,CFG731_54559f782190a122,0.8338354912721655,CFG731_54559f782190a122,1,0.8338354912721655,True,SYNTHETIC,synthetic_engineer_v1
RFQ731-004015,X731,1,CFG731_c775e192f3d489e9,0.8496247865433759,CFG731_c775e192f3d489e9,1,0.8496247865433759,True,SYNTHETIC,synthetic_engineer_v1
RFQ731-004016,G731ST-HT,6,CFG731_2a989bd6dba74d9f,0.849624961296376,CFG731_b46f92852addf866,6,0.36057480458047675,False,SYNTHETIC,synthetic_engineer_v1
RFQ731-004017,F731WD_SINGLECHANNEL,2,CFG731_a7d2a5a9ae465701,0.7879706505340301,CFG731_ee8e327bbb737abf,2,0.7879701396180301,False,SYNTHETIC,synthetic_engineer_v1
RFQ731-004018,G731ST-LT,4,CFG731_715a3d3226cbaffd,0.9210536119419473,CFG731_2a738780f0517f67,4,0.3515674177403003,False,SYNTHETIC,synthetic_engineer_v1
RFQ731-004019,G731ST-HT,1,CFG731_cc9ac35e4d9a1854,0.9526319847443684,CFG731_cc9ac35e4d9a1854,1,0.9526319847443684,True,SYNTHETIC,synthetic_engineer_v1
RFQ731-004020,X731,3,CFG731_5d345c0f49f6f272,0.8511283527128721,CFG731_a2369b4e4d48ee5d,2,0.38022479172233437,False,SYNTHETIC,synthetic_engineer_v1
RFQ731-004021,F731TE,2,CFG731_b7c1a02b25610507,0.7879700998180301,CFG731_b7c1a02b25610507,1,0.7879700998180301,True,SYNTHETIC,synthetic_engineer_v1
RFQ731-004022,X731,6,CFG731_5e61ce3b60d15e11,0.9210532987669473,CFG731_4fe142d593643ab8,3,0.4850237546432415,False,SYNTHETIC,synthetic_engineer_v1
RFQ731-004023,G731CA,1,CFG731_757fbd3e8915b462,0.8353385778436616,CFG731_757fbd3e8915b462,1,0.8353385778436616,True,SYNTHETIC,synthetic_engineer_v1
RFQ731-004024,X731,2,CFG731_565e3731063ff5c5,0.8338350724481655,CFG731_9447ab27cf261b9e,2,0.34478577519926623,False,SYNTHETIC,synthetic_engineer_v1
RFQ731-004025,G731CA,2,CFG731_98ec9650b5463fd0,0.8037601641342406,CFG731_98ec9650b5463fd0,1,0.8037601641342406,True,SYNTHETIC,synthetic_engineer_v1
RFQ731-004026,G731ST-LT,6,CFG731_7882c72c21497015,0.9210530735119473,CFG731_fa6ab94f1cf566b3,5,0.4844723328920062,False,SYNTHETIC,synthetic_engineer_v1
RFQ731-004027,G731ST-LT,2,CFG731_1d89d7fdc7355744,0.8654142367465866,CFG731_1d89d7fdc7355744,1,0.8654142367465866,True,SYNTHETIC,synthetic_engineer_v1
RFQ731-004028,X731,2,CFG731_a92ad5294d9187e9,0.9052632514207368,CFG731_b9b5d9aed8259a39,2,0.3482781860530898,False,SYNTHETIC,synthetic_engineer_v1
RFQ731-004029,G731ST-LT,2,CFG731_7f5bfa7b21e81359,0.9368423636451579,CFG731_49cd4cbef1081333,2,0.4335335550407461,False,SYNTHETIC,synthetic_engineer_v1
RFQ731-004030,X731,6,CFG731_70aa5a64b0803277,0.8338349319241655,CFG731_39a1207c373ce8a2,6,0.22033738292450156,False,SYNTHETIC,synthetic_engineer_v1
RFQ731-004031,X731,4,CFG731_b8b11650a048baf7,0.849624107210376,CFG731_e4f7fe15e8ccf2c9,3,0.36443543867012385,False,SYNTHETIC,synthetic_engineer_v1
RFQ731-004032,F731TE,1,CFG731_ac57adca497d644f,0.4712566257885604,CFG731_ac57adca497d644f,1,0.4712566257885604,True,SYNTHETIC,synthetic_engineer_v1
RFQ731-004033,X731,3,CFG731_8f470181ad32eeae,0.8654136217495865,CFG731_4b7f2cba3cb67912,3,0.2408863824092167,False,SYNTHETIC,synthetic_engineer_v1
RFQ731-004034,G731ST-HT,2,CFG731_4aa7d46b9cfa7d7b,0.936842131087158,CFG731_83a3644f76b45069,2,0.8939858219280151,False,SYNTHETIC,synthetic_engineer_v1
RFQ731-004035,X731,1,CFG731_8189439864af87ea,0.8496247511613759,CFG731_8189439864af87ea,1,0.8496247511613759,True,SYNTHETIC,synthetic_engineer_v1
RFQ731-004036,X731,2,CFG731_8c8856d21252930e,0.9052636735297369,CFG731_bf8f7d1a25ad0a6e,2,0.46960157913885453,False,SYNTHETIC,synthetic_engineer_v1
RFQ731-004037,G731ST-LT,3,CFG731_0fdf5c36c9c41e69,0.8654143709825866,CFG731_903051672b581bab,3,0.3763646657526873,False,SYNTHETIC,synthetic_engineer_v1
RFQ731-004038,G731CA,1,CFG731_757fbd3e8915b462,0.8353390728566616,CFG731_757fbd3e8915b462,1,0.8353390728566616,True,SYNTHETIC,synthetic_engineer_v1
RFQ731-004039,G731ST-LT,2,CFG731_7f5bfa7b21e81359,0.9368426775471579,CFG731_0e146b48e4ed8b98,2,0.8939853762080151,False,SYNTHETIC,synthetic_engineer_v1
RFQ731-004040,X731,3,CFG731_f97e51d1da57d99f,0.8496241566053759,CFG731_9b7849ea5c974903,3,0.3526705682947709,False,SYNTHETIC,synthetic_engineer_v1
RFQ731-004041,X731,4,CFG731_11da8cc369b71f5a,0.8654136911875865,CFG731_c725c1a52aab3a73,3,0.37985730240051085,False,SYNTHETIC,synthetic_engineer_v1
RFQ731-004042,X731,1,CFG731_1f2a166cde9ede02,0.849624349272376,CFG731_1f2a166cde9ede02,1,0.849624349272376,True,SYNTHETIC,synthetic_engineer_v1
RFQ731-004043,G731CA,2,CFG731_acbf4c45af55caad,0.8037596899572406,CFG731_e85a7fcdd0521e90,2,0.4554670097363499,False,SYNTHETIC,synthetic_engineer_v1
RFQ731-004044,F731WD_DUALCHANNEL,2,CFG731_819cb4e76943eca6,0.8037598021972405,CFG731_c37386a371e13fa8,2,0.45546711692534986,False,SYNTHETIC,synthetic_engineer_v1
RFQ731-004045,G731ST-LT,8,CFG731_2db6c530f35d47b9,0.8338350548231654,CFG731_19bcffd0eb2806b8,8,0.21151385538473685,False,SYNTHETIC,synthetic_engineer_v1
RFQ731-004046,X731,3,CFG731_8d2d91c46ccfb471,0.9368423565061579,CFG731_a633b8dd2d541170,3,0.2511808138412755,False,SYNTHETIC,synthetic_engineer_v1
RFQ731-004047,X731,1,CFG731_5e61ce3b60d15e11,0.968421314374579,CFG731_5e61ce3b60d15e11,1,0.968421314374579,True,SYNTHETIC,synthetic_engineer_v1
RFQ731-004048,X731,1,CFG731_9755a9db60d7534d,0.8496245028573759,CFG731_9755a9db60d7534d,1,0.8496245028573759,True,SYNTHETIC,synthetic_engineer_v1
RFQ731-004049,X731,3,CFG731_a41a2d2cef1a675f,0.9052637308417368,CFG731_3ac187941df4fdac,3,0.3464404848729722,False,SYNTHETIC,synthetic_engineer_v1
RFQ731-004050,G731ST-HT,2,CFG731_a3b03637ed22317c,0.9368423976601579,CFG731_cf4fb8862e2ab5fc,2,0.4335340089137461,False,SYNTHETIC,synthetic_engineer_v1
RFQ731-004051,G731ST-HT,4,CFG731_bbffb73f3dff6787,0.9210534197959473,CFG731_9681c4eec01b7fad,2,0.849624208802376,False,SYNTHETIC,synthetic_engineer_v1
RFQ731-004052,X731,6,CFG731_fb3a51904298e616,0.8180460688259549,CFG731_c670511258ae4a49,6,0.33065043255076165,False,SYNTHETIC,synthetic_engineer_v1
RFQ731-004053,X731,3,CFG731_e1a359096a360a7b,0.4989746259713344,CFG731_e1a359096a360a7b,1,0.4989746259713344,True,SYNTHETIC,synthetic_engineer_v1
RFQ731-004054,X731,2,CFG731_5cfa203ca7029f1c,0.37397490343833434,CFG731_4a6afa34ded1f013,2,0.24934240093915785,False,SYNTHETIC,synthetic_engineer_v1
RFQ731-004055,G731CA,1,CFG731_508d465d4c518290,0.8353385608516616,CFG731_508d465d4c518290,1,0.8353385608516616,True,SYNTHETIC,synthetic_engineer_v1
RFQ731-004056,F731PW,1,CFG731_ef211cb97feaddc8,0.8180452176519549,CFG731_ef211cb97feaddc8,1,0.8180452176519549,True,SYNTHETIC,synthetic_engineer_v1
RFQ731-004057,X731,2,CFG731_f87794e7a98d0b11,0.9526323014633684,CFG731_dca3d8725270dd93,2,0.44932344802295665,False,SYNTHETIC,synthetic_engineer_v1
RFQ731-004058,G731ST-LT,1,CFG731_7f5bfa7b21e81359,0.9526318948543684,CFG731_7f5bfa7b21e81359,1,0.9526318948543684,True,SYNTHETIC,synthetic_engineer_v1
RFQ731-004059,X731,2,CFG731_5cfa203ca7029f1c,0.37397445894433434,CFG731_4a6afa34ded1f013,2,0.24934256534015786,False,SYNTHETIC,synthetic_engineer_v1
RFQ731-004060,X731,5,CFG731_31aa13473958d7d3,0.849624066879376,CFG731_6f79ea186fcb433f,5,0.23833265792865327,False,SYNTHETIC,synthetic_engineer_v1
RFQ731-004061,G731ST-LT,4,CFG731_32b4b1ec4513af66,0.849624253714376,CFG731_68d95a26943b3650,3,0.48704555552077095,False,SYNTHETIC,synthetic_engineer_v1
RFQ731-004062,X731,2,CFG731_f0e6b17b1bb2d5ab,0.3354104123742663,CFG731_c640b5e8e10ff5e6,2,0.20783742203350153,False,SYNTHETIC,synthetic_engineer_v1
RFQ731-004063,X731,11,CFG731_0db950a4979d2c52,0.9052640243407368,CFG731_932b427eaa87c8fa,10,0.2196022517578545,False,SYNTHETIC,synthetic_engineer_v1
RFQ731-004064,G731ST-HT,4,CFG731_4aa7d46b9cfa7d7b,0.9210533338449474,CFG731_3c6c3a0686e047ad,3,0.3515677935343003,False,SYNTHETIC,synthetic_engineer_v1
RFQ731-004065,G731ST-HT,11,CFG731_bbffb73f3dff6787,0.9052639509507369,CFG731_aa4779c40e6c2de0,5,0.4686831032797957,False,SYNTHETIC,synthetic_engineer_v1
RFQ731-004066,X731,5,CFG731_516629085c122a4e,0.9052636685147368,CFG731_4666e845a9f787f7,5,0.22254278493144272,False,SYNTHETIC,synthetic_engineer_v1
RFQ731-004067,F731WD_SINGLECHANNEL,1,CFG731_a7d2a5a9ae465701,0.8195494423334512,CFG731_a7d2a5a9ae465701,1,0.8195494423334512,True,SYNTHETIC,synthetic_engineer_v1
RFQ731-004068,X731,4,CFG731_89772de94df83ba5,0.8496247957883759,CFG731_c1474b769ba134e4,4,0.3576335935088885,False,SYNTHETIC,synthetic_engineer_v1
RFQ731-004069,X731,7,CFG731_5dd42015f6f61801,0.9210532730639474,CFG731_917fc613cc9bf56a,3,0.48502420315724154,False,SYNTHETIC,synthetic_engineer_v1
RFQ731-004070,X731,1,CFG731_260c36430f7c2d03,0.9210526728239473,CFG731_260c36430f7c2d03,1,0.9210526728239473,True,SYNTHETIC,synthetic_engineer_v1
RFQ731-004071,X731,6,CFG731_8d2d91c46ccfb471,0.9210530275739474,CFG731_df5f598a914fb1cc,5,0.4177443309525356,False,SYNTHETIC,synthetic_engineer_v1
RFQ731-004072,X731,1,CFG731_ae226e31119be9bd,0.9210531521259473,CFG731_ae226e31119be9bd,1,0.9210531521259473,True,SYNTHETIC,synthetic_engineer_v1
RFQ731-004073,G731ST-LT,6,CFG731_7882c72c21497015,0.9210534698709474,CFG731_7ea8c51038ca5bfd,6,0.23447194588400622,False,SYNTHETIC,synthetic_engineer_v1
RFQ731-004074,G731ST-HT,4,CFG731_63eca10a00ae1f5d,0.9210526826189473,CFG731_f23946dbf617272b,2,0.849624586761376,False,SYNTHETIC,synthetic_engineer_v1
RFQ731-004075,X731,8,CFG731_62d0f0f6bab9bdcb,0.9052639987347368,CFG731_6be2d8f04f4b5682,8,0.40195446399932505,False,SYNTHETIC,synthetic_engineer_v1
RFQ731-004076,G731ST-LT,2,CFG731_7882c72c21497015,0.9368423303261579,CFG731_4772bedc40328ae2,2,0.4335337378477461,False,SYNTHETIC,synthetic_engineer_v1
RFQ731-004077,X731,2,CFG731_67de76f701c9cfad,0.3680926064161579,CFG731_c66891bf502d2d83,2,0.2537547246620402,False,SYNTHETIC,synthetic_engineer_v1
RFQ731-004078,X731,4,CFG731_31aa13473958d7d3,0.8654145143375865,CFG731_d22124ab181ae0a4,4,0.36735770004951085,False,SYNTHETIC,synthetic_engineer_v1
RFQ731-004079,X731,9,CFG731_b8b11650a048baf7,0.8338353152101655,CFG731_d057ad35aef0eea2,9,0.21702795812408976,False,SYNTHETIC,synthetic_engineer_v1
RFQ731-004080,G731ST-HT,6,CFG731_8b18ac1c34209d63,0.9210532003969474,CFG731_2c93609b74717303,5,0.4844725287670062,False,SYNTHETIC,synthetic_engineer_v1
RFQ731-004081,X731,3,CFG731_3b2a32abbf148ca1,0.9368429472301579,CFG731_8e97bb2bec352a2c,2,0.8511284905468722,False,SYNTHETIC,synthetic_engineer_v1
RFQ731-004082,X731,2,CFG731_219ac3d01befd6d1,0.936842973551158,CFG731_d47fa87df22e968e,2,0.4335336212387461,False,SYNTHETIC,synthetic_engineer_v1
RFQ731-004083,X731,6,CFG731_8d2d91c46ccfb471,0.9210528296479473,CFG731_df5f598a914fb1cc,4,0.4177446749195356,False,SYNTHETIC,synthetic_engineer_v1
RFQ731-004084,X731,19,CFG731_6e096e946540ab4e,0.8180461093159549,CFG731_8aefa69bf25cc5a6,18,0.20123878792287922,False,SYNTHETIC,synthetic_engineer_v1
RFQ731-004085,X731,8,CFG731_5dd42015f6f61801,0.9210535988359474,CFG731_cd907466ae420427,8,0.234656447780418,False,SYNTHETIC,synthetic_engineer_v1
RFQ731-004086,X731,4,CFG731_672458a8e716cdf8,0.8496250284103759,CFG731_2e5bd0d53757f625,4,0.36369993247047677,False,SYNTHETIC,synthetic_engineer_v1
RFQ731-004087,G731ST-LT,2,CFG731_996314000fcfec4b,0.9368421249531579,CFG731_22da0d6030817265,2,0.4335342579417461,False,SYNTHETIC,synthetic_engineer_v1
RFQ731-004088,G731ST-HT,11,CFG731_cc9ac35e4d9a1854,0.9052640262097369,CFG731_37f66c3948c00e57,5,0.4686825598817957,False,SYNTHETIC,synthetic_engineer_v1
RFQ731-004089,G731ST-HT,1,CFG731_bbffb73f3dff6787,0.9526324822613684,CFG731_bbffb73f3dff6787,1,0.9526324822613684,True,SYNTHETIC,synthetic_engineer_v1
RFQ731-004090,X731,7,CFG731_60f3aae8ede70fe0,0.9210532297519474,CFG731_0d3b04d12b4208a2,7,0.4177439003925356,False,SYNTHETIC,synthetic_engineer_v1
RFQ731-004091,X731,3,CFG731_c887ba58c35036a9,0.9210529214349473,CFG731_ef2da8cd513b19be,3,0.4850235052632415,False,SYNTHETIC,synthetic_engineer_v1
RFQ731-004092,X731,3,CFG731_32a4bb12438a37ab,0.936842549783158,CFG731_2e60fd0380ec7150,3,0.37342325644809904,False,SYNTHETIC,synthetic_engineer_v1
RFQ731-004093,X731,2,CFG731_5dd42015f6f61801,0.9526318014913684,CFG731_f2f16ec6756d8443,2,0.3871908491877802,False,SYNTHETIC,synthetic_engineer_v1
RFQ731-004094,X731,6,CFG731_cf543b1c3927ab71,0.9052632248867368,CFG731_ede0b25f5f83644d,2,0.3368814506945604,False,SYNTHETIC,synthetic_engineer_v1
RFQ731-004095,X731,1,CFG731_16bd4e059b8168a9,0.36590611220141794,CFG731_16bd4e059b8168a9,1,0.36590611220141794,True,SYNTHETIC,synthetic_engineer_v1
RFQ731-004096,X731,4,CFG731_b8b11650a048baf7,0.8496240905803759,CFG731_868fc79316fb0836,3,0.3644353583341238,False,SYNTHETIC,synthetic_engineer_v1
RFQ731-004097,G731ST-LT,4,CFG731_715a3d3226cbaffd,0.9210536068669474,CFG731_2a738780f0517f67,3,0.3515677148323003,False,SYNTHETIC,synthetic_engineer_v1
RFQ731-004098,X731,6,CFG731_f87794e7a98d0b11,0.9368428168711579,CFG731_bdd144687fe20504,6,0.25044570443062847,False,SYNTHETIC,synthetic_engineer_v1
RFQ731-004099,F731PW,1,CFG731_5995fa9fd5d1242f,0.8180457945759549,CFG731_5995fa9fd5d1242f,1,0.8180457945759549,True,SYNTHETIC,synthetic_engineer_v1
RFQ731-004100,G731ST-LT,4,CFG731_996314000fcfec4b,0.9210529878959474,CFG731_ae877a3b18b65d0a,2,0.8496245172303759,False,SYNTHETIC,synthetic_engineer_v1
RFQ731-004101,G731CA,1,CFG731_2aca30183aab25a9,0.8353385205116616,CFG731_2aca30183aab25a9,1,0.8353385205116616,True,SYNTHETIC,synthetic_engineer_v1
RFQ731-004102,X731,7,CFG731_f87794e7a98d0b11,0.9210532283579473,CFG731_04e7216b1ba7f935,6,0.4177446322445356,False,SYNTHETIC,synthetic_engineer_v1
RFQ731-004103,G731ST-LT,4,CFG731_a40ab19ad6671fbe,0.9210531546409474,CFG731_cc64ce3eaedacb17,3,0.8353384457206616,False,SYNTHETIC,synthetic_engineer_v1
RFQ731-004104,X731,6,CFG731_8c50542218db5cb0,0.9052639272377369,CFG731_b3506a753aafcfa3,3,0.469234154155031,False,SYNTHETIC,synthetic_engineer_v1
RFQ731-004105,G731ST-HT,2,CFG731_c3a136a8630f644d,0.8654144891435865,CFG731_a69c8345e2cbb480,2,0.375077479902805,False,SYNTHETIC,synthetic_engineer_v1
RFQ731-004106,F731TE,1,CFG731_574aa7a29f75cd60,0.8338353476861655,CFG731_574aa7a29f75cd60,1,0.8338353476861655,True,SYNTHETIC,synthetic_engineer_v1
RFQ731-004107,G731CA,1,CFG731_19ec976991ce75a9,0.8353391951176616,CFG731_19ec976991ce75a9,1,0.8353391951176616,True,SYNTHETIC,synthetic_engineer_v1
RFQ731-004108,X731,2,CFG731_f87794e7a98d0b11,0.9526317106343684,CFG731_aef6446574fba0ea,2,0.38719120716278016,False,SYNTHETIC,synthetic_engineer_v1
RFQ731-004109,X731,8,CFG731_672458a8e716cdf8,0.8338355406581655,CFG731_6a919c664c763f98,8,0.2210722871141486,False,SYNTHETIC,synthetic_engineer_v1
RFQ731-004110,G731CA,2,CFG731_98ec9650b5463fd0,0.8037597740662406,CFG731_98ec9650b5463fd0,1,0.8037597740662406,True,SYNTHETIC,synthetic_engineer_v1
RFQ731-004111,X731,12,CFG731_8c50542218db5cb0,0.8894743182675263,CFG731_f5876a81d70adf82,12,0.19645977426117336,False,SYNTHETIC,synthetic_engineer_v1
RFQ731-004112,G731ST-HT,2,CFG731_cc9ac35e4d9a1854,0.9368421827441579,CFG731_348f97ec6945fbf8,2,0.4335333231627461,False,SYNTHETIC,synthetic_engineer_v1
RFQ731-004113,X731,4,CFG731_8f470181ad32eeae,0.8654139917135866,CFG731_1b365e0951e7dea4,3,0.4304087264357461,False,SYNTHETIC,synthetic_engineer_v1
RFQ731-004114,G731ST-HT,1,CFG731_cc9ac35e4d9a1854,0.9526321814583684,CFG731_cc9ac35e4d9a1854,1,0.9526321814583684,True,SYNTHETIC,synthetic_engineer_v1
RFQ731-004115,X731,4,CFG731_b7e96d5717c40fd6,0.9368422370101579,CFG731_20d5aa6969b4ff70,4,0.36735692151851085,False,SYNTHETIC,synthetic_engineer_v1
RFQ731-004116,G731CA,1,CFG731_817824ee3a762453,0.8353384764466616,CFG731_817824ee3a762453,1,0.8353384764466616,True,SYNTHETIC,synthetic_engineer_v1
RFQ731-004117,X731,4,CFG731_8f470181ad32eeae,0.8654144549285865,CFG731_5aad423ad5989441,3,0.4304084152697461,False,SYNTHETIC,synthetic_engineer_v1
RFQ731-004118,X731,14,CFG731_c887ba58c35036a9,0.8894744276285264,CFG731_d08861146b2a8dfa,14,0.19645934839317336,False,SYNTHETIC,synthetic_engineer_v1
RFQ731-004119,F731TE,1,CFG731_28454766bbc80cb9,0.3346751729706192,CFG731_28454766bbc80cb9,1,0.3346751729706192,True,SYNTHETIC,synthetic_engineer_v1
RFQ731-004120,X731,2,CFG731_bbcb665ced67f8c3,0.8654142873755866,CFG731_0aa987e1ae960c88,2,0.8511287528708722,False,SYNTHETIC,synthetic_engineer_v1
RFQ731-004121,X731,7,CFG731_ddd1ce28a3456ff6,0.8338353049801654,CFG731_6ba028da3bba9c41,7,0.21702839974808977,False,SYNTHETIC,synthetic_engineer_v1
RFQ731-004122,X731,4,CFG731_c39096767a7ae083,0.9368430439411579,CFG731_4da2b3fd83325505,3,0.500813455206452,False,SYNTHETIC,synthetic_engineer_v1
RFQ731-004123,X731,6,CFG731_b74fb5418dad3b38,0.8654144693225865,CFG731_6077133dce604e06,5,0.37636501355768726,False,SYNTHETIC,synthetic_engineer_v1
RFQ731-004124,X731,7,CFG731_37c55138c4eebb90,0.34533742629050157,CFG731_6942facbe6ebb88b,4,0.22254291911544272,False,SYNTHETIC,synthetic_engineer_v1
RFQ731-004125,G731ST-LT,11,CFG731_0fdf5c36c9c41e69,0.8338353220071655,CFG731_0d6df01ace2df68d,11,0.21721192807150155,False,SYNTHETIC,synthetic_engineer_v1
RFQ731-004126,X731,2,CFG731_da02526d254e2e35,0.9368423139931579,CFG731_b661f405414c476e,2,0.43353406045974613,False,SYNTHETIC,synthetic_engineer_v1
RFQ731-004127,X731,4,CFG731_83f956404d04e6cd,0.8654136946375866,CFG731_cc50cacf788bd84a,3,0.3802248812723344,False,SYNTHETIC,synthetic_engineer_v1
RFQ731-004128,G731ST-HT,2,CFG731_a3b03637ed22317c,0.9368425848371579,CFG731_dde2f7fe043f7ade,2,0.8939854303880151,False,SYNTHETIC,synthetic_engineer_v1
RFQ731-004129,X731,2,CFG731_482678d927834b42,0.35011645471620745,CFG731_9d5d3b4d2ce8a49a,2,0.21519059718697212,False,SYNTHETIC,synthetic_engineer_v1
RFQ731-004130,G731ST-HT,1,CFG731_8b18ac1c34209d63,0.9526322289063683,CFG731_8b18ac1c34209d63,1,0.9526322289063683,True,SYNTHETIC,synthetic_engineer_v1
RFQ731-004131,X731,10,CFG731_0fbee36816b7af98,0.8338355628531655,CFG731_52ce549ff41a9332,4,0.3482780029920898,False,SYNTHETIC,synthetic_engineer_v1
RFQ731-004132,G731ST-HT,1,CFG731_a56f1437a0b4ca31,0.881203029444797,CFG731_a56f1437a0b4ca31,1,0.881203029444797,True,SYNTHETIC,synthetic_engineer_v1
RFQ731-004133,X731,2,CFG731_c775e192f3d489e9,0.8338351350561655,CFG731_fd7b09f495a568bc,2,0.8195497349654511,False,SYNTHETIC,synthetic_engineer_v1
RFQ731-004134,G731VG,1,CFG731_40b6e1db6c80bcc1,0.8511286318768722,CFG731_40b6e1db6c80bcc1,1,0.8511286318768722,True,SYNTHETIC,synthetic_engineer_v1
RFQ731-004135,G731ST-LT,2,CFG731_7203705eed387b0a,0.8654144287245865,CFG731_26c190a4dc461550,2,0.375078295012805,False,SYNTHETIC,synthetic_engineer_v1
RFQ731-004136,G731ST-LT,1,CFG731_10085782ed0991cf,0.881203192913797,CFG731_10085782ed0991cf,1,0.881203192913797,True,SYNTHETIC,synthetic_engineer_v1
RFQ731-004137,X731,2,CFG731_8c8856d21252930e,0.9052634290087369,CFG731_bf8f7d1a25ad0a6e,2,0.4696014040068545,False,SYNTHETIC,synthetic_engineer_v1
RFQ731-004138,X731,5,CFG731_8f470181ad32eeae,0.849624133592376,CFG731_341c747ed8aff14e,5,0.23833302723365327,False,SYNTHETIC,synthetic_engineer_v1
RFQ731-004139,X731,3,CFG731_91e51485b56960b2,0.9368427300081579,CFG731_c8d4383220ad607a,2,0.5008127925504521,False,SYNTHETIC,synthetic_engineer_v1
RFQ731-004140,X731,1,CFG731_ad0a2fd7350b6cca,0.8969933579780076,CFG731_ad0a2fd7350b6cca,1,0.8969933579780076,True,SYNTHETIC,synthetic_engineer_v1
RFQ731-004141,G731CA,1,CFG731_2aca30183aab25a9,0.8353392529266616,CFG731_2aca30183aab25a9,1,0.8353392529266616,True,SYNTHETIC,synthetic_engineer_v1
RFQ731-004142,G731ST-LT,8,CFG731_32b4b1ec4513af66,0.8338351683171655,CFG731_58b9913d8024b015,8,0.21151324622573683,False,SYNTHETIC,synthetic_engineer_v1
RFQ731-004143,X731,8,CFG731_672458a8e716cdf8,0.8338354440811655,CFG731_6a919c664c763f98,8,0.2210720018201486,False,SYNTHETIC,synthetic_engineer_v1
RFQ731-004144,X731,2,CFG731_4873af75a59b7524,0.35011686425920746,CFG731_4873af75a59b7524,1,0.35011686425920746,True,SYNTHETIC,synthetic_engineer_v1
RFQ731-004145,X731,2,CFG731_db395082b1a3b8ac,0.9052633615757368,CFG731_73e28cb740f9cabe,2,0.3357782771370898,False,SYNTHETIC,synthetic_engineer_v1
RFQ731-004146,G731CA,1,CFG731_d2a75fda6f761c1b,0.4870460749777709,CFG731_d2a75fda6f761c1b,1,0.4870460749777709,True,SYNTHETIC,synthetic_engineer_v1
RFQ731-004147,F731PW,1,CFG731_956456fc074ebc5a,0.8180455102989549,CFG731_956456fc074ebc5a,1,0.8180455102989549,True,SYNTHETIC,synthetic_engineer_v1
RFQ731-004148,X731,7,CFG731_f87794e7a98d0b11,0.9210535222519474,CFG731_923f6cb4226dc2a4,5,0.36002330349124145,False,SYNTHETIC,synthetic_engineer_v1
RFQ731-004149,X731,6,CFG731_91e51485b56960b2,0.9210526816599474,CFG731_875f5d7eec61db7e,5,0.36002375098324146,False,SYNTHETIC,synthetic_engineer_v1
RFQ731-004150,X731,1,CFG731_a385518a9f31baa0,0.3669901262296873,CFG731_a385518a9f31baa0,1,0.3669901262296873,True,SYNTHETIC,synthetic_engineer_v1
RFQ731-004151,X731,3,CFG731_bbcb665ced67f8c3,0.8496246359313759,CFG731_4144999ac09e5fdc,2,0.36590594105041796,False,SYNTHETIC,synthetic_engineer_v1
RFQ731-004152,F731PW,3,CFG731_956456fc074ebc5a,0.8022563375107444,CFG731_b265e25b7baf721d,3,0.3132071344688452,False,SYNTHETIC,synthetic_engineer_v1
RFQ731-004153,F731WD_SINGLECHANNEL,1,CFG731_4ca309199387f8d5,0.8195495762794511,CFG731_4ca309199387f8d5,1,0.8195495762794511,True,SYNTHETIC,synthetic_engineer_v1
RFQ731-004154,X731,7,CFG731_c39096767a7ae083,0.9210534596239474,CFG731_1f7c154d7e34e86e,2,0.48318502450012385,False,SYNTHETIC,synthetic_engineer_v1
RFQ731-004155,X731,1,CFG731_2f9d539d4085d4b1,0.23796538022782973,CFG731_2f9d539d4085d4b1,1,0.23796538022782973,True,SYNTHETIC,synthetic_engineer_v1
RFQ731-004156,G731ST-HT,1,CFG731_7b2f69a7ca55041b,0.9526315995313683,CFG731_7b2f69a7ca55041b,1,0.9526315995313683,True,SYNTHETIC,synthetic_engineer_v1
RFQ731-004157,X731,10,CFG731_5dd42015f6f61801,0.9052636633187369,CFG731_aa1770e6c2806f71,7,0.22254345588444271,False,SYNTHETIC,synthetic_engineer_v1
RFQ731-004158,G731ST-HT,1,CFG731_bbffb73f3dff6787,0.9526322093153684,CFG731_bbffb73f3dff6787,1,0.9526322093153684,True,SYNTHETIC,synthetic_engineer_v1
RFQ731-004159,G731CA,1,CFG731_5bfe9492c76587ec,0.4870457767887709,CFG731_5bfe9492c76587ec,1,0.4870457767887709,True,SYNTHETIC,synthetic_engineer_v1
RFQ731-004160,G731CA,1,CFG731_19ec976991ce75a9,0.8353390387966616,CFG731_19ec976991ce75a9,1,0.8353390387966616,True,SYNTHETIC,synthetic_engineer_v1
RFQ731-004161,G731ST-LT,2,CFG731_1d89d7fdc7355744,0.8654144566155865,CFG731_1d89d7fdc7355744,1,0.8654144566155865,True,SYNTHETIC,synthetic_engineer_v1
RFQ731-004162,X731,4,CFG731_36c553adc9f5ebf3,0.8496245806653759,CFG731_09176beb25719d23,4,0.36370026223947677,False,SYNTHETIC,synthetic_engineer_v1
RFQ731-004163,G731ST-LT,5,CFG731_996314000fcfec4b,0.9210530885959474,CFG731_069a81a9f63b5afa,5,0.22877356369524152,False,SYNTHETIC,synthetic_engineer_v1
RFQ731-004164,F731PW,1,CFG731_956456fc074ebc5a,0.8180456444149549,CFG731_956456fc074ebc5a,1,0.8180456444149549,True,SYNTHETIC,synthetic_engineer_v1
RFQ731-004165,X731,7,CFG731_fb16e30f5bbb87f2,0.8195491551804511,CFG731_f560db8c82450ee1,2,0.35011706119820746,False,SYNTHETIC,synthetic_engineer_v1
RFQ731-004166,F731PW,1,CFG731_7785b2914ebb6eaf,0.8180451173929549,CFG731_7785b2914ebb6eaf,1,0.8180451173929549,True,SYNTHETIC,synthetic_engineer_v1
RFQ731-004167,X731,1,CFG731_228013cfd0470f7a,0.2537546670080402,CFG731_228013cfd0470f7a,1,0.2537546670080402,True,SYNTHETIC,synthetic_engineer_v1
RFQ731-004168,X731,1,CFG731_162b59c5f8cf5a72,0.36590639114741796,CFG731_162b59c5f8cf5a72,1,0.36590639114741796,True,SYNTHETIC,synthetic_engineer_v1
RFQ731-004169,X731,1,CFG731_228013cfd0470f7a,0.2537546313290402,CFG731_228013cfd0470f7a,1,0.2537546313290402,True,SYNTHETIC,synthetic_engineer_v1
RFQ731-004170,X731,6,CFG731_31aa13473958d7d3,0.8496247573853759,CFG731_776fc7d42eb46e40,6,0.23649453631153564,False,SYNTHETIC,synthetic_engineer_v1
RFQ731-004171,G731ST-LT,4,CFG731_7203705eed387b0a,0.8496241064703759,CFG731_00533f723f7496de,3,0.48704612444577094,False,SYNTHETIC,synthetic_engineer_v1
RFQ731-004172,X731,5,CFG731_219ac3d01befd6d1,0.9052633264077369,CFG731_85b1e9bcb8b0b8be,3,0.469234454169031,False,SYNTHETIC,synthetic_engineer_v1
RFQ731-004173,X731,1,CFG731_c9498cf6f4410d44,0.9210531344459474,CFG731_c9498cf6f4410d44,1,0.9210531344459474,True,SYNTHETIC,synthetic_engineer_v1
RFQ731-004174,G731CA,1,CFG731_acbf4c45af55caad,0.8353386248246616,CFG731_acbf4c45af55caad,1,0.8353386248246616,True,SYNTHETIC,synthetic_engineer_v1
RFQ731-004175,G731ST-LT,8,CFG731_7f5bfa7b21e81359,0.9052640222797369,CFG731_cc03e3852895ae99,7,0.4019551073073251,False,SYNTHETIC,synthetic_engineer_v1
RFQ731-004176,X731,6,CFG731_3bcde7f8df32303c,0.849624304268376,CFG731_8ad503c0be7c64be,6,0.23539128377206503,False,SYNTHETIC,synthetic_engineer_v1
RFQ731-004177,X731,7,CFG731_60f3aae8ede70fe0,0.9210531544299474,CFG731_03f5618878f919e9,7,0.23539090913006505,False,SYNTHETIC,synthetic_engineer_v1
RFQ731-004178,F731WD_DUALCHANNEL,1,CFG731_af8fc23bebdac123,0.3968077850897957,CFG731_af8fc23bebdac123,1,0.3968077850897957,True,SYNTHETIC,synthetic_engineer_v1
RFQ731-004179,X731,6,CFG731_3b2a32abbf148ca1,0.9210533747639473,CFG731_d5a8b991307aace7,2,0.48318571109112385,False,SYNTHETIC,synthetic_engineer_v1
RFQ731-004180,X731,4,CFG731_ddd1ce28a3456ff6,0.849624754522376,CFG731_945ec45cf3b7cf9b,4,0.35340621908841796,False,SYNTHETIC,synthetic_engineer_v1
RFQ731-004181,G731ST-HT,2,CFG731_8b18ac1c34209d63,0.9368423680881579,CFG731_ef8d68b6d278bfec,2,0.43353345839874613,False,SYNTHETIC,synthetic_engineer_v1
RFQ731-004182,X731,1,CFG731_8d78781f8753b72a,0.9210530915659474,CFG731_8d78781f8753b72a,1,0.9210530915659474,True,SYNTHETIC,synthetic_engineer_v1
RFQ731-004183,X731,7,CFG731_241d60e6ef5278be,0.8338354057731655,CFG731_56dbee462245ee56,6,0.21886623796920743,False,SYNTHETIC,synthetic_engineer_v1
RFQ731-004184,X731,7,CFG731_5dd42015f6f61801,0.9210534884979473,CFG731_b2cfdbf46904c03f,7,0.23686158958835915,False,SYNTHETIC,synthetic_engineer_v1
RFQ731-004185,G731ST-LT,2,CFG731_996314000fcfec4b,0.9368424163291579,CFG731_455da2f832a6b66d,2,0.8939851383770151,False,SYNTHETIC,synthetic_engineer_v1
RFQ731-004186,X731,4,CFG731_8d2d91c46ccfb471,0.936843012356158,CFG731_22fecf5bb26e1132,3,0.5011812547292755,False,SYNTHETIC,synthetic_engineer_v1
RFQ731-004187,X731,6,CFG731_60f3aae8ede70fe0,0.936842728559158,CFG731_338a3238e967f681,5,0.5002619409522168,False,SYNTHETIC,synthetic_engineer_v1
RFQ731-004188,F731WD_DUALCHANNEL,2,CFG731_35ed22cad11f9a11,0.7879701414370301,CFG731_cd1c2b236ffda331,2,0.7879699275580301,False,SYNTHETIC,synthetic_engineer_v1
RFQ731-004189,X731,10,CFG731_5dd42015f6f61801,0.9210534093029473,CFG731_48332037deb06db4,5,0.48447264918600624,False,SYNTHETIC,synthetic_engineer_v1
RFQ731-004190,F731WD_DUALCHANNEL,1,CFG731_819cb4e76943eca6,0.8195494304834512,CFG731_819cb4e76943eca6,1,0.8195494304834512,True,SYNTHETIC,synthetic_engineer_v1
RFQ731-004191,X731,1,CFG731_8d2d91c46ccfb471,0.968421835762579,CFG731_8d2d91c46ccfb471,1,0.968421835762579,True,SYNTHETIC,synthetic_engineer_v1
RFQ731-004192,X731,2,CFG731_62d0f0f6bab9bdcb,0.936842287851158,CFG731_337790e6bbcf15f4,2,0.8939852532880151,False,SYNTHETIC,synthetic_engineer_v1
RFQ731-004193,X731,3,CFG731_2be17a56b0589fd1,0.9368430859671579,CFG731_de5e29fe1f740f3e,3,0.3691960118066285,False,SYNTHETIC,synthetic_engineer_v1
RFQ731-004194,X731,3,CFG731_3bcde7f8df32303c,0.8654139227885865,CFG731_4fcdf4e48e247790,3,0.2511806625252755,False,SYNTHETIC,synthetic_engineer_v1
RFQ731-004195,X731,4,CFG731_83f956404d04e6cd,0.8654143125155865,CFG731_f4dfffb8a9fa30f7,4,0.36919550218062847,False,SYNTHETIC,synthetic_engineer_v1
RFQ731-004196,G731ST-HT,4,CFG731_c32627af59ba1526,0.849624849223376,CFG731_f6025c8da02be6ce,4,0.35340609291541797,False,SYNTHETIC,synthetic_engineer_v1
RFQ731-004197,F731TE,2,CFG731_344778a042931752,0.7879705918530301,CFG731_344778a042931752,1,0.7879705918530301,True,SYNTHETIC,synthetic_engineer_v1
RFQ731-004198,F731PW,1,CFG731_0d8116f4900c6919,0.818045437323955,CFG731_0d8116f4900c6919,1,0.818045437323955,True,SYNTHETIC,synthetic_engineer_v1
RFQ731-004199,G731ST-LT,4,CFG731_0fdf5c36c9c41e69,0.8496248835003759,CFG731_671960d0fb04b698,3,0.4870455434597709,False,SYNTHETIC,synthetic_engineer_v1
RFQ731-004200,X731,2,CFG731_34247ec265566826,0.3669897997306873,CFG731_34247ec265566826,1,0.3669897997306873,True,SYNTHETIC,synthetic_engineer_v1
RFQ731-004201,X731,2,CFG731_5e61ce3b60d15e11,0.9526323023593684,CFG731_5ffc2d74e4a3fb5a,2,0.44932334724595663,False,SYNTHETIC,synthetic_engineer_v1
RFQ731-004202,X731,5,CFG731_f87794e7a98d0b11,0.9210529516129473,CFG731_e8d4d37dfb814e2d,2,0.48318595693712385,False,SYNTHETIC,synthetic_engineer_v1
RFQ731-004203,X731,8,CFG731_b4987f1c95e91d0d,0.9052632853567368,CFG731_aa8c30a4f1baca2e,8,0.40195455667632507,False,SYNTHETIC,synthetic_engineer_v1
RFQ731-004204,G731ST-HT,4,CFG731_63eca10a00ae1f5d,0.9210536210289474,CFG731_a4416ae9d698efa6,3,0.48539179868206506,False,SYNTHETIC,synthetic_engineer_v1
RFQ731-004205,G731ST-LT,2,CFG731_996314000fcfec4b,0.936842854362158,CFG731_22da0d6030817265,2,0.4335336991867461,False,SYNTHETIC,synthetic_engineer_v1
RFQ731-004206,G731ST-HT,8,CFG731_cc9ac35e4d9a1854,0.9052636180547369,CFG731_baab4a7f51aced1f,7,0.40195480885132506,False,SYNTHETIC,synthetic_engineer_v1
RFQ731-004207,X731,2,CFG731_e4d6e304563c3bae,0.8654138835055866,CFG731_e4d6e304563c3bae,1,0.8654138835055866,True,SYNTHETIC,synthetic_engineer_v1
RFQ731-004208,X731,2,CFG731_f97e51d1da57d99f,0.8654144596515865,CFG731_c52e06c2d714087a,2,0.8511281477688721,False,SYNTHETIC,synthetic_engineer_v1
RFQ731-004209,X731,2,CFG731_2d0a81ff4ec49480,0.38277961850189784,CFG731_e66ce98c9fc7fa3b,2,0.2695438633752507,False,SYNTHETIC,synthetic_engineer_v1
RFQ731-004210,F731WD_DUALCHANNEL,4,CFG731_cd1c2b236ffda331,0.7721808809628196,CFG731_f53899c7a09e0138,4,0.28473354510122295,False,SYNTHETIC,synthetic_engineer_v1
RFQ731-004211,F731TE,1,CFG731_d8c69b7395beabbb,0.4712567488395604,CFG731_d8c69b7395beabbb,1,0.4712567488395604,True,SYNTHETIC,synthetic_engineer_v1
RFQ731-004212,G731ST-HT,4,CFG731_7b2f69a7ca55041b,0.9210527929779474,CFG731_f2a296f2bedae0e8,2,0.849624156142376,False,SYNTHETIC,synthetic_engineer_v1
RFQ731-004213,X731,3,CFG731_bcec8ceac2dbcc79,0.8496241520333759,CFG731_6513d2f5c85df9e4,3,0.3637003418834768,False,SYNTHETIC,synthetic_engineer_v1
RFQ731-004214,F731TE,1,CFG731_3fe2202b70f330b1,0.3346757814476192,CFG731_3fe2202b70f330b1,1,0.3346757814476192,True,SYNTHETIC,synthetic_engineer_v1
RFQ731-004215,X731,5,CFG731_3bcde7f8df32303c,0.849624265619376,CFG731_97c654bf006e698e,5,0.2361269391847121,False,SYNTHETIC,synthetic_engineer_v1
RFQ731-004216,X731,2,CFG731_79377060f99f59f3,0.3739747134963343,CFG731_f8b0b03f1ea66d75,2,0.24640107632056965,False,SYNTHETIC,synthetic_engineer_v1
RFQ731-004217,G731VG,1,CFG731_6a47b38d62a9fed3,0.8511280176818722,CFG731_6a47b38d62a9fed3,1,0.8511280176818722,True,SYNTHETIC,synthetic_engineer_v1
RFQ731-004218,X731,2,CFG731_a6d4830ed3aa2681,0.936842884434158,CFG731_1d3bf6638fef70ae,2,0.3655190571313932,False,SYNTHETIC,synthetic_engineer_v1
RFQ731-004219,G731ST-LT,2,CFG731_10085782ed0991cf,0.8654143100565865,CFG731_613ed23f00a94a96,2,0.8511280290868721,False,SYNTHETIC,synthetic_engineer_v1
RFQ731-004220,X731,5,CFG731_608c0251ef380592,0.9210534889139473,CFG731_7157b3d45716ad8f,5,0.48447274504800625,False,SYNTHETIC,synthetic_engineer_v1
RFQ731-004221,G731ST-HT,8,CFG731_a3b03637ed22317c,0.9052641496347369,CFG731_c209599718b42485,6,0.40195527126232505,False,SYNTHETIC,synthetic_engineer_v1
RFQ731-004222,G731CA,1,CFG731_5bfe9492c76587ec,0.4870457063737709,CFG731_5bfe9492c76587ec,1,0.4870457063737709,True,SYNTHETIC,synthetic_engineer_v1
RFQ731-004223,X731,1,CFG731_89772de94df83ba5,0.881203557350797,CFG731_89772de94df83ba5,1,0.881203557350797,True,SYNTHETIC,synthetic_engineer_v1
RFQ731-004224,X731,4,CFG731_ac8195f5cce7d089,0.8654138388855865,CFG731_9e13de19970e4646,4,0.36919567294962846,False,SYNTHETIC,synthetic_engineer_v1
RFQ731-004225,X731,11,CFG731_60f3aae8ede70fe0,0.9210529170489473,CFG731_ffc5c52898046e13,10,0.35634679787800616,False,SYNTHETIC,synthetic_engineer_v1
RFQ731-004226,X731,4,CFG731_bbcb665ced67f8c3,0.849624134290376,CFG731_d21c75b44ecc736a,3,0.3644358242831239,False,SYNTHETIC,synthetic_engineer_v1
RFQ731-004227,X731,4,CFG731_83f956404d04e6cd,0.8654140139535865,CFG731_cc50cacf788bd84a,3,0.38022465387933435,False,SYNTHETIC,synthetic_engineer_v1
RFQ731-004228,G731ST-HT,6,CFG731_fcc72e9951376cf3,0.849625036030376,CFG731_ea138d51de519353,5,0.3620462148637709,False,SYNTHETIC,synthetic_engineer_v1
RFQ731-004229,G731ST-LT,1,CFG731_715a3d3226cbaffd,0.9526316856973683,CFG731_715a3d3226cbaffd,1,0.9526316856973683,True,SYNTHETIC,synthetic_engineer_v1
RFQ731-004230,G731ST-HT,11,CFG731_a3b03637ed22317c,0.9052639095887369,CFG731_ff5d8da56ff22796,10,0.34055792044179567,False,SYNTHETIC,synthetic_engineer_v1
RFQ731-004231,G731ST-HT,2,CFG731_7b2f69a7ca55041b,0.9368427442541579,CFG731_49bb1327a04ca706,2,0.43353362902674614,False,SYNTHETIC,synthetic_engineer_v1
RFQ731-004232,X731,3,CFG731_fb16e30f5bbb87f2,0.8353390757096616,CFG731_a9ec8cda9130252f,2,0.36443516561212386,False,SYNTHETIC,synthetic_engineer_v1
RFQ731-004233,G731ST-LT,1,CFG731_d124ccffa669c3a2,0.9526318466263684,CFG731_d124ccffa669c3a2,1,0.9526318466263684,True,SYNTHETIC,synthetic_engineer_v1
RFQ731-004234,G731ST-LT,4,CFG731_b86bbf24b1c3a419,0.8496248388483759,CFG731_0dd81a588b2a1411,4,0.3592882572085945,False,SYNTHETIC,synthetic_engineer_v1
RFQ731-004235,G731ST-HT,11,CFG731_bbffb73f3dff6787,0.9052632804807369,CFG731_aa4779c40e6c2de0,5,0.4686829898057957,False,SYNTHETIC,synthetic_engineer_v1
RFQ731-004236,X731,6,CFG731_60f3aae8ede70fe0,0.9210527154259474,CFG731_79a3938f47d28a2e,2,0.4850235798252415,False,SYNTHETIC,synthetic_engineer_v1
RFQ731-004237,G731ST-HT,2,CFG731_fcc72e9951376cf3,0.8654142773375865,CFG731_5dd35c89836ec88e,2,0.8654141805135865,False,SYNTHETIC,synthetic_engineer_v1
RFQ731-004238,G731ST-HT,3,CFG731_2a989bd6dba74d9f,0.8654139591755865,CFG731_7c70763d4cf79560,3,0.37636449226968727,False,SYNTHETIC,synthetic_engineer_v1
RFQ731-004239,X731,1,CFG731_db395082b1a3b8ac,0.9210531097589474,CFG731_db395082b1a3b8ac,1,0.9210531097589474,True,SYNTHETIC,synthetic_engineer_v1
RFQ731-004240,X731,6,CFG731_36c553adc9f5ebf3,0.849624553819376,CFG731_c35b817e9679c657,6,0.3605748468064767,False,SYNTHETIC,synthetic_engineer_v1
RFQ731-004241,X731,2,CFG731_b74fb5418dad3b38,0.881203425306797,CFG731_b74fb5418dad3b38,1,0.881203425306797,True,SYNTHETIC,synthetic_engineer_v1
RFQ731-004242,G731ST-LT,1,CFG731_10085782ed0991cf,0.881204003947797,CFG731_10085782ed0991cf,1,0.881204003947797,True,SYNTHETIC,synthetic_engineer_v1
RFQ731-004243,X731,8,CFG731_f87794e7a98d0b11,0.9210534067379473,CFG731_f61d3bc030352da6,3,0.4844726499170062,False,SYNTHETIC,synthetic_engineer_v1
RFQ731-004244,G731ST-LT,2,CFG731_7f5bfa7b21e81359,0.9368422372061579,CFG731_2469d1b04bd775f6,2,0.4335342444747461,False,SYNTHETIC,synthetic_engineer_v1
RFQ731-004245,X731,4,CFG731_32b1041fd68aac23,0.849625037025376,CFG731_2590cdb37d481b9a,3,0.4870457080687709,False,SYNTHETIC,synthetic_engineer_v1
RFQ731-004246,X731,4,CFG731_5f9d5671c315ce06,0.4831854330081239,CFG731_b7fc2f4bee7659de,2,0.35487674782971207,False,SYNTHETIC,synthetic_engineer_v1
RFQ731-004247,X731,3,CFG731_ad0a2fd7350b6cca,0.8654141780125866,CFG731_b7967e012afd69f5,3,0.2486068705775108,False,SYNTHETIC,synthetic_engineer_v1
RFQ731-004248,X731,2,CFG731_0fbee36816b7af98,0.881203726726797,CFG731_b74fb5418dad3b38,2,0.881203286252797,False,SYNTHETIC,synthetic_engineer_v1
RFQ731-004249,X731,1,CFG731_0c05dd0ad4f3894a,0.2695436209792507,CFG731_0c05dd0ad4f3894a,1,0.2695436209792507,True,SYNTHETIC,synthetic_engineer_v1
RFQ731-004250,X731,1,CFG731_b80f5441ee56ff19,0.3827794779618978,CFG731_b80f5441ee56ff19,1,0.3827794779618978,True,SYNTHETIC,synthetic_engineer_v1
RFQ731-004251,X731,9,CFG731_36c553adc9f5ebf3,0.8180451901889549,CFG731_5690130201345e77,8,0.20675332020623216,False,SYNTHETIC,synthetic_engineer_v1
RFQ731-004252,F731TE,1,CFG731_574aa7a29f75cd60,0.8338353414751655,CFG731_574aa7a29f75cd60,1,0.8338353414751655,True,SYNTHETIC,synthetic_engineer_v1
RFQ731-004253,X731,4,CFG731_219ac3d01befd6d1,0.9210529357609474,CFG731_9d1ffcce07240574,2,0.849624430358376,False,SYNTHETIC,synthetic_engineer_v1
RFQ731-004254,G731CA,1,CFG731_757fbd3e8915b462,0.8353391905446615,CFG731_757fbd3e8915b462,1,0.8353391905446615,True,SYNTHETIC,synthetic_engineer_v1
RFQ731-004255,G731ST-LT,4,CFG731_b86bbf24b1c3a419,0.849624594882376,CFG731_7f493b76fa02174d,3,0.4870461155667709,False,SYNTHETIC,synthetic_engineer_v1
RFQ731-004256,X731,1,CFG731_78d3b084a795c836,0.40555406663575544,CFG731_78d3b084a795c836,1,0.40555406663575544,True,SYNTHETIC,synthetic_engineer_v1
RFQ731-004257,X731,2,CFG731_8d07e19298d09d34,0.8654143755805865,CFG731_17becc4d045fdd6e,2,0.8511286102718721,False,SYNTHETIC,synthetic_engineer_v1
RFQ731-004258,X731,4,CFG731_5f9d5671c315ce06,0.48318548513112386,CFG731_b7fc2f4bee7659de,2,0.35487639905071205,False,SYNTHETIC,synthetic_engineer_v1
RFQ731-004259,G731ST-LT,4,CFG731_7f5bfa7b21e81359,0.9210529170979473,CFG731_26554ff79bcf8a3f,3,0.48539139692606503,False,SYNTHETIC,synthetic_engineer_v1
RFQ731-004260,X731,1,CFG731_5a8170a3daa0efb9,0.8496241332343759,CFG731_5a8170a3daa0efb9,1,0.8496241332343759,True,SYNTHETIC,synthetic_engineer_v1
RFQ731-004261,X731,4,CFG731_8d2d91c46ccfb471,0.9368423923441579,CFG731_22fecf5bb26e1132,3,0.5011807993772756,False,SYNTHETIC,synthetic_engineer_v1
RFQ731-004262,G731ST-LT,2,CFG731_996314000fcfec4b,0.9368426680561579,CFG731_22da0d6030817265,2,0.4335339999707461,False,SYNTHETIC,synthetic_engineer_v1
RFQ731-004263,X731,10,CFG731_70aa5a64b0803277,0.8338355823581655,CFG731_b121cee26f3c8168,10,0.21702825786408977,False,SYNTHETIC,synthetic_engineer_v1
RFQ731-004264,G731ST-HT,2,CFG731_8b18ac1c34209d63,0.9368426957451579,CFG731_708466e4f37148f0,2,0.4335334376897461,False,SYNTHETIC,synthetic_engineer_v1
RFQ731-004265,G731ST-LT,1,CFG731_a40ab19ad6671fbe,0.9526319929553684,CFG731_a40ab19ad6671fbe,1,0.9526319929553684,True,SYNTHETIC,synthetic_engineer_v1
RFQ731-004266,G731CA,2,CFG731_691a8f2ff165671d,0.8037594520042406,CFG731_691a8f2ff165671d,1,0.8037594520042406,True,SYNTHETIC,synthetic_engineer_v1
RFQ731-004267,F731TE,1,CFG731_874928f24c55285e,0.3346756376736192,CFG731_874928f24c55285e,1,0.3346756376736192,True,SYNTHETIC,synthetic_engineer_v1
RFQ731-004268,X731,3,CFG731_c887ba58c35036a9,0.9210535332439473,CFG731_ef2da8cd513b19be,3,0.48502390339024154,False,SYNTHETIC,synthetic_engineer_v1
RFQ731-004269,G731ST-HT,4,CFG731_9f9bc93c4b0253cf,0.849624468138376,CFG731_7cc9f85131c775cb,4,0.35928807567859444,False,SYNTHETIC,synthetic_engineer_v1
RFQ731-004270,G731ST-HT,11,CFG731_63eca10a00ae1f5d,0.9052640753497369,CFG731_37f66c3948c00e57,5,0.4686827292487957,False,SYNTHETIC,synthetic_engineer_v1
RFQ731-004271,G731CA,1,CFG731_757fbd3e8915b462,0.8353384293346616,CFG731_757fbd3e8915b462,1,0.8353384293346616,True,SYNTHETIC,synthetic_engineer_v1
RFQ731-004272,X731,4,CFG731_f87794e7a98d0b11,0.936842773943158,CFG731_007c0829be0a9482,3,0.5008127713264521,False,SYNTHETIC,synthetic_engineer_v1
RFQ731-004273,X731,5,CFG731_0db950a4979d2c52,0.9210533483079474,CFG731_f030e97d69c5c359,3,0.48502392811524153,False,SYNTHETIC,synthetic_engineer_v1
RFQ731-004274,G731ST-LT,1,CFG731_7882c72c21497015,0.9526323575363684,CFG731_7882c72c21497015,1,0.9526323575363684,True,SYNTHETIC,synthetic_engineer_v1
RFQ731-004275,F731TE,1,CFG731_8b8ba7e2341f1295,0.4712565861235604,CFG731_8b8ba7e2341f1295,1,0.4712565861235604,True,SYNTHETIC,synthetic_engineer_v1
RFQ731-004276,G731ST-LT,2,CFG731_b86bbf24b1c3a419,0.8654141121795865,CFG731_1123bef3c890d293,2,0.375077772859805,False,SYNTHETIC,synthetic_engineer_v1
RFQ731-004277,G731CA,2,CFG731_19ec976991ce75a9,0.8037594308912406,CFG731_19f7d73d8e42e7bd,2,0.38304051209811457,False,SYNTHETIC,synthetic_engineer_v1
RFQ731-004278,G731ST-HT,2,CFG731_cc9ac35e4d9a1854,0.936842150108158,CFG731_143205a81a2e7efc,2,0.4335341991657461,False,SYNTHETIC,synthetic_engineer_v1
RFQ731-004279,F731TE,1,CFG731_07fb816f7dc25bc8,0.8338354006461655,CFG731_07fb816f7dc25bc8,1,0.8338354006461655,True,SYNTHETIC,synthetic_engineer_v1
RFQ731-004280,X731,1,CFG731_9a659fd01cd1d239,0.35011668285120745,CFG731_9a659fd01cd1d239,1,0.35011668285120745,True,SYNTHETIC,synthetic_engineer_v1
RFQ731-004281,G731ST-HT,1,CFG731_7b2f69a7ca55041b,0.9526316083793683,CFG731_7b2f69a7ca55041b,1,0.9526316083793683,True,SYNTHETIC,synthetic_engineer_v1
RFQ731-004282,X731,1,CFG731_bbcb665ced67f8c3,0.881203455725797,CFG731_bbcb665ced67f8c3,1,0.881203455725797,True,SYNTHETIC,synthetic_engineer_v1
RFQ731-004283,X731,2,CFG731_2be17a56b0589fd1,0.9368425339901579,CFG731_a20b10157efccecb,2,0.37140124238356964,False,SYNTHETIC,synthetic_engineer_v1
RFQ731-004284,X731,4,CFG731_b8b11650a048baf7,0.8496241251443759,CFG731_868fc79316fb0836,3,0.36443552319912387,False,SYNTHETIC,synthetic_engineer_v1
RFQ731-004285,X731,3,CFG731_3bcde7f8df32303c,0.8812030576577969,CFG731_8ff92e2888b6b13f,3,0.3921537184788978,False,SYNTHETIC,synthetic_engineer_v1
RFQ731-004286,X731,1,CFG731_6e096e946540ab4e,0.8969934743110075,CFG731_6e096e946540ab4e,1,0.8969934743110075,True,SYNTHETIC,synthetic_engineer_v1
RFQ731-004287,X731,5,CFG731_62d0f0f6bab9bdcb,0.9210534979739473,CFG731_48cf6bd4ca59e583,5,0.4844722310640062,False,SYNTHETIC,synthetic_engineer_v1
RFQ731-004288,X731,3,CFG731_8d2d91c46ccfb471,0.9368424187101579,CFG731_9fd2ebe15271fc33,3,0.500813040538452,False,SYNTHETIC,synthetic_engineer_v1
RFQ731-004289,F731WD_DUALCHANNEL,1,CFG731_c0f6f70a47ed04ba,0.4554666506213499,CFG731_c0f6f70a47ed04ba,1,0.4554666506213499,True,SYNTHETIC,synthetic_engineer_v1
RFQ731-004290,F731PW,1,CFG731_7fea22051dcc86b6,0.8180460680809549,CFG731_7fea22051dcc86b6,1,0.8180460680809549,True,SYNTHETIC,synthetic_engineer_v1
RFQ731-004291,X731,3,CFG731_14299a2a74e42d7f,0.9052637761477369,CFG731_b60961340903daf0,3,0.4686823641347957,False,SYNTHETIC,synthetic_engineer_v1
RFQ731-004292,X731,1,CFG731_f87794e7a98d0b11,0.968421627928579,CFG731_f87794e7a98d0b11,1,0.968421627928579,True,SYNTHETIC,synthetic_engineer_v1
RFQ731-004293,X731,12,CFG731_219ac3d01befd6d1,0.9052637340487368,CFG731_78ea99817ca8be6a,12,0.21868280935579565,False,SYNTHETIC,synthetic_engineer_v1
RFQ731-004294,G731ST-LT,4,CFG731_7882c72c21497015,0.9210530080129473,CFG731_d432b6fd40e9e78c,2,0.849624240712376,False,SYNTHETIC,synthetic_engineer_v1
RFQ731-004295,X731,4,CFG731_b4987f1c95e91d0d,0.9210530756859473,CFG731_80409e6aafce9221,3,0.8353387589056616,False,SYNTHETIC,synthetic_engineer_v1
RFQ731-004296,X731,1,CFG731_47bb86ed234fd5e6,0.3581853338781238,CFG731_47bb86ed234fd5e6,1,0.3581853338781238,True,SYNTHETIC,synthetic_engineer_v1
RFQ731-004297,X731,2,CFG731_4a42ba5932c01b01,0.39270609900713316,CFG731_4a42ba5932c01b01,1,0.39270609900713316,True,SYNTHETIC,synthetic_engineer_v1
RFQ731-004298,X731,3,CFG731_f7f0034a8b15f329,0.8338354410941655,CFG731_8634a8a0a780401d,3,0.3447853541942662,False,SYNTHETIC,synthetic_engineer_v1
RFQ731-004299,X731,4,CFG731_8d2d91c46ccfb471,0.9368429551301579,CFG731_e627c8f2606e7a39,4,0.2541215558088638,False,SYNTHETIC,synthetic_engineer_v1
RFQ731-004300,X731,1,CFG731_1147f9711c4bff84,0.9210527650499474,CFG731_1147f9711c4bff84,1,0.9210527650499474,True,SYNTHETIC,synthetic_engineer_v1
RFQ731-004301,X731,6,CFG731_11da8cc369b71f5a,0.8496246038533759,CFG731_eea573acdafa9ee3,6,0.23686214858235916,False,SYNTHETIC,synthetic_engineer_v1
RFQ731-004302,X731,1,CFG731_4ba013fed31fb45f,0.8195495252004511,CFG731_4ba013fed31fb45f,1,0.8195495252004511,True,SYNTHETIC,synthetic_engineer_v1
RFQ731-004303,X731,2,CFG731_79377060f99f59f3,0.3739753921303343,CFG731_f8b0b03f1ea66d75,2,0.24640106807856965,False,SYNTHETIC,synthetic_engineer_v1
RFQ731-004304,G731ST-LT,4,CFG731_7f5bfa7b21e81359,0.9210534372859474,CFG731_26554ff79bcf8a3f,3,0.48539174456006506,False,SYNTHETIC,synthetic_engineer_v1
RFQ731-004305,X731,4,CFG731_5e61ce3b60d15e11,0.9368429687311579,CFG731_c11c5ee5deff9a1e,3,0.5011806627852755,False,SYNTHETIC,synthetic_engineer_v1
RFQ731-004306,X731,5,CFG731_516629085c122a4e,0.9210528864229474,CFG731_755046fae493cb9e,5,0.2328177681643003,False,SYNTHETIC,synthetic_engineer_v1
RFQ731-004307,F731WD_DUALCHANNEL,4,CFG731_35ed22cad11f9a11,0.7721810461648195,CFG731_f53899c7a09e0138,4,0.28473356219822293,False,SYNTHETIC,synthetic_engineer_v1
RFQ731-004308,X731,4,CFG731_72e5000522fb6a51,0.8180453309389549,CFG731_99b0e8b3e87f779a,4,0.3260551911204675,False,SYNTHETIC,synthetic_engineer_v1
RFQ731-004309,X731,4,CFG731_b4987f1c95e91d0d,0.9210527698389473,CFG731_b65b306a03ca71c9,2,0.849624257450376,False,SYNTHETIC,synthetic_engineer_v1
RFQ731-004310,X731,8,CFG731_32a4bb12438a37ab,0.9052641113357369,CFG731_461b65559193c662,7,0.20930808049979566,False,SYNTHETIC,synthetic_engineer_v1
RFQ731-004311,X731,13,CFG731_f87794e7a98d0b11,0.9052633303407369,CFG731_d3c5560c94fdc01f,13,0.2122491419593839,False,SYNTHETIC,synthetic_engineer_v1
RFQ731-004312,X731,9,CFG731_bbcb665ced67f8c3,0.8338353370161655,CFG731_d057ad35aef0eea2,9,0.21702874124108976,False,SYNTHETIC,synthetic_engineer_v1
RFQ731-004313,X731,2,CFG731_3b2a32abbf148ca1,0.9526318072663684,CFG731_8c429238b2628537,2,0.4493227908229566,False,SYNTHETIC,synthetic_engineer_v1
RFQ731-004314,F731WD_DUALCHANNEL,1,CFG731_a4610f5f38e7d946,0.8338346327421655,CFG731_a4610f5f38e7d946,1,0.8338346327421655,True,SYNTHETIC,synthetic_engineer_v1
RFQ731-004315,X731,9,CFG731_ad0a2fd7350b6cca,0.8338353192231654,CFG731_1c4555c04dc17835,6,0.3482780881040898,False,SYNTHETIC,synthetic_engineer_v1
RFQ731-004316,X731,2,CFG731_6e096e946540ab4e,0.881203851289797,CFG731_ac8195f5cce7d089,2,0.881203618894797,False,SYNTHETIC,synthetic_engineer_v1
RFQ731-004317,X731,1,CFG731_60f3aae8ede70fe0,0.968421279640579,CFG731_60f3aae8ede70fe0,1,0.968421279640579,True,SYNTHETIC,synthetic_engineer_v1
RFQ731-004318,X731,1,CFG731_0c05dd0ad4f3894a,0.2695438061192507,CFG731_0c05dd0ad4f3894a,1,0.2695438061192507,True,SYNTHETIC,synthetic_engineer_v1
RFQ731-004319,F731WD_DUALCHANNEL,1,CFG731_2688c6c5fd11ba8e,0.7879704946090301,CFG731_2688c6c5fd11ba8e,1,0.7879704946090301,True,SYNTHETIC,synthetic_engineer_v1
RFQ731-004320,X731,3,CFG731_a6d4830ed3aa2681,0.9210529747729473,CFG731_296392aa95929245,2,0.8496245752613759,False,SYNTHETIC,synthetic_engineer_v1
RFQ731-004321,X731,1,CFG731_8f470181ad32eeae,0.8969932054590075,CFG731_8f470181ad32eeae,1,0.8969932054590075,True,SYNTHETIC,synthetic_engineer_v1
RFQ731-004322,X731,1,CFG731_8d07e19298d09d34,0.881203480393797,CFG731_8d07e19298d09d34,1,0.881203480393797,True,SYNTHETIC,synthetic_engineer_v1
RFQ731-004323,X731,3,CFG731_4a42ba5932c01b01,0.3769157510819226,CFG731_17dba025c91c278d,3,0.2537540112780402,False,SYNTHETIC,synthetic_engineer_v1
RFQ731-004324,X731,2,CFG731_a1f89a445799de07,0.8338351222181655,CFG731_7733a6e26ede07b9,2,0.8195489664514511,False,SYNTHETIC,synthetic_engineer_v1
RFQ731-004325,X731,6,CFG731_cf543b1c3927ab71,0.9052636258057368,CFG731_ede0b25f5f83644d,2,0.33688171717356036,False,SYNTHETIC,synthetic_engineer_v1
RFQ731-004326,G731ST-HT,4,CFG731_a3b03637ed22317c,0.9210530510649474,CFG731_6cc2f5d089c01baf,3,0.8353391405346616,False,SYNTHETIC,synthetic_engineer_v1
RFQ731-004327,F731TE,1,CFG731_1962af6277da6f54,0.8338349312351655,CFG731_1962af6277da6f54,1,0.8338349312351655,True,SYNTHETIC,synthetic_engineer_v1
RFQ731-004328,X731,6,CFG731_516629085c122a4e,0.9052639290387369,CFG731_08efe1333b2d7967,6,0.344234260494031,False,SYNTHETIC,synthetic_engineer_v1
RFQ731-004329,X731,6,CFG731_de1ec1b96e1e485e,0.46739606783091336,CFG731_f0496d00d34377f6,6,0.20894048239097213,False,SYNTHETIC,synthetic_engineer_v1
RFQ731-004330,X731,2,CFG731_7d1aac31230162fc,0.8338353236531655,CFG731_947b0b2717816adb,2,0.8195497962644511,False,SYNTHETIC,synthetic_engineer_v1
RFQ731-004331,X731,5,CFG731_32a4bb12438a37ab,0.9210532374369473,CFG731_ae1f3e9a90950fc3,4,0.35763397470588854,False,SYNTHETIC,synthetic_engineer_v1
RFQ731-004332,F731TE,1,CFG731_874928f24c55285e,0.3346755749056192,CFG731_874928f24c55285e,1,0.3346755749056192,True,SYNTHETIC,synthetic_engineer_v1
RFQ731-004333,X731,3,CFG731_3b2a32abbf148ca1,0.9368428359971579,CFG731_8e97bb2bec352a2c,2,0.8511287820028722,False,SYNTHETIC,synthetic_engineer_v1
RFQ731-004334,X731,2,CFG731_27b6b45b43224be7,0.4989753840393344,CFG731_7dce730729047505,2,0.24934242978015786,False,SYNTHETIC,synthetic_engineer_v1
RFQ731-004335,G731ST-LT,8,CFG731_e0009be417f51ccd,0.9052633107577369,CFG731_515a31451814aae9,8,0.4019544590663251,False,SYNTHETIC,synthetic_engineer_v1
RFQ731-004336,X731,3,CFG731_6e096e946540ab4e,0.8654145326205865,CFG731_7d4c803343a40a05,3,0.3794896722906873,False,SYNTHETIC,synthetic_engineer_v1
RFQ731-004337,G731ST-HT,2,CFG731_a3b03637ed22317c,0.9368429377501579,CFG731_dde2f7fe043f7ade,2,0.8939859440960151,False,SYNTHETIC,synthetic_engineer_v1
RFQ731-004338,X731,6,CFG731_89772de94df83ba5,0.8338348484051655,CFG731_ca03fff98c65f515,6,0.20930775120579564,False,SYNTHETIC,synthetic_engineer_v1
RFQ731-004339,X731,3,CFG731_fb16e30f5bbb87f2,0.8353384674146616,CFG731_a9ec8cda9130252f,2,0.36443523839112385,False,SYNTHETIC,synthetic_engineer_v1
RFQ731-004340,G731ST-LT,11,CFG731_7882c72c21497015,0.9052640415327369,CFG731_75db38d1df65a8f3,5,0.4686832538757957,False,SYNTHETIC,synthetic_engineer_v1
RFQ731-004341,G731ST-HT,4,CFG731_8b18ac1c34209d63,0.9210528106009473,CFG731_d44e54f35ee15977,3,0.8353386960436616,False,SYNTHETIC,synthetic_engineer_v1
RFQ731-004342,F731PW,1,CFG731_92efd7a3c43da152,0.8180456608859549,CFG731_92efd7a3c43da152,1,0.8180456608859549,True,SYNTHETIC,synthetic_engineer_v1
RFQ731-004343,G731ST-HT,1,CFG731_4aa7d46b9cfa7d7b,0.9526317626833684,CFG731_4aa7d46b9cfa7d7b,1,0.9526317626833684,True,SYNTHETIC,synthetic_engineer_v1
RFQ731-004344,X731,4,CFG731_ad0a2fd7350b6cca,0.8654143226255865,CFG731_648b3a822a947c68,3,0.5028351381629814,False,SYNTHETIC,synthetic_engineer_v1
RFQ731-004345,X731,7,CFG731_241d60e6ef5278be,0.8338350547991655,CFG731_56dbee462245ee56,6,0.21886672795320744,False,SYNTHETIC,synthetic_engineer_v1
RFQ731-004346,G731ST-LT,4,CFG731_e0009be417f51ccd,0.9210528189789473,CFG731_a2a709ad804cc5a2,2,0.849624796524376,False,SYNTHETIC,synthetic_engineer_v1
RFQ731-004347,X731,3,CFG731_14299a2a74e42d7f,0.9052639575737369,CFG731_b60961340903daf0,3,0.4686826006727957,False,SYNTHETIC,synthetic_engineer_v1
RFQ731-004348,G731CA,2,CFG731_0738cd529389f266,0.8037603953532405,CFG731_3781457447e45e13,2,0.3188858903584087,False,SYNTHETIC,synthetic_engineer_v1
RFQ731-004349,X731,6,CFG731_f87794e7a98d0b11,0.9210533368259474,CFG731_16e6520dce2c28e4,6,0.23833264505365326,False,SYNTHETIC,synthetic_engineer_v1
RFQ731-004350,X731,4,CFG731_c39096767a7ae083,0.9368422588861579,CFG731_4da2b3fd83325505,3,0.500813674280452,False,SYNTHETIC,synthetic_engineer_v1
RFQ731-004351,F731WD_DUALCHANNEL,1,CFG731_a4610f5f38e7d946,0.8338348660531655,CFG731_a4610f5f38e7d946,1,0.8338348660531655,True,SYNTHETIC,synthetic_engineer_v1
RFQ731-004352,X731,4,CFG731_97796c9ac2811c94,0.8338355578391655,CFG731_f287b32480efae51,4,0.22033752341550156,False,SYNTHETIC,synthetic_engineer_v1
RFQ731-004353,F731WD_DUALCHANNEL,2,CFG731_819cb4e76943eca6,0.8037598507532405,CFG731_c37386a371e13fa8,2,0.4554670076293499,False,SYNTHETIC,synthetic_engineer_v1
RFQ731-004354,X731,3,CFG731_91e51485b56960b2,0.9368424115391579,CFG731_deb3d65220135a9e,2,0.8511284192648721,False,SYNTHETIC,synthetic_engineer_v1
RFQ731-004355,X731,2,CFG731_6e096e946540ab4e,0.881203592909797,CFG731_e116a79dd463fd7e,2,0.39527933965789785,False,SYNTHETIC,synthetic_engineer_v1
RFQ731-004356,X731,1,CFG731_011ca4ba794bd4d6,0.9210529301909474,CFG731_011ca4ba794bd4d6,1,0.9210529301909474,True,SYNTHETIC,synthetic_engineer_v1
RFQ731-004357,G731ST-HT,4,CFG731_63eca10a00ae1f5d,0.9210535850229473,CFG731_a4416ae9d698efa6,3,0.485391308911065,False,SYNTHETIC,synthetic_engineer_v1
RFQ731-004358,X731,10,CFG731_91e51485b56960b2,0.9210530455159474,CFG731_f57ccd8e79618aa1,4,0.4844717983440062,False,SYNTHETIC,synthetic_engineer_v1
RFQ731-004359,X731,4,CFG731_b8b11650a048baf7,0.8496245620763759,CFG731_e201a8a6e4588b00,4,0.35340618276541796,False,SYNTHETIC,synthetic_engineer_v1
RFQ731-004360,X731,7,CFG731_83f956404d04e6cd,0.849624652653376,CFG731_bb4f0886ba308d63,7,0.23833217040365326,False,SYNTHETIC,synthetic_engineer_v1
RFQ731-004361,X731,2,CFG731_5e61ce3b60d15e11,0.9526320101573684,CFG731_8216171cc39f78aa,2,0.4493233937199566,False,SYNTHETIC,synthetic_engineer_v1
RFQ731-004362,X731,3,CFG731_0db950a4979d2c52,0.9368431002371579,CFG731_8cf35251fcd54982,3,0.500813106476452,False,SYNTHETIC,synthetic_engineer_v1
RFQ731-004363,X731,5,CFG731_516629085c122a4e,0.9210533624299474,CFG731_02c05dd3bc721c1b,5,0.23281734315730032,False,SYNTHETIC,synthetic_engineer_v1
RFQ731-004364,G731CA,1,CFG731_14235f3888d71408,0.8353390420276616,CFG731_14235f3888d71408,1,0.8353390420276616,True,SYNTHETIC,synthetic_engineer_v1
RFQ731-004365,X731,8,CFG731_c887ba58c35036a9,0.9052632694817369,CFG731_134ecd7b8190bed1,8,0.4019544637093251,False,SYNTHETIC,synthetic_engineer_v1
RFQ731-004366,G731CA,1,CFG731_faff6da73df00950,0.4870458810077709,CFG731_faff6da73df00950,1,0.4870458810077709,True,SYNTHETIC,synthetic_engineer_v1
RFQ731-004367,G731VG,1,CFG731_6a47b38d62a9fed3,0.8511285131118722,CFG731_6a47b38d62a9fed3,1,0.8511285131118722,True,SYNTHETIC,synthetic_engineer_v1
RFQ731-004368,X731,4,CFG731_5d42a8deb0fcb3d7,0.849624431918376,CFG731_4ed713e2b6c74ca8,4,0.35340627580441797,False,SYNTHETIC,synthetic_engineer_v1
RFQ731-004369,F731TE,2,CFG731_344778a042931752,0.7879706143120301,CFG731_344778a042931752,1,0.7879706143120301,True,SYNTHETIC,synthetic_engineer_v1
RFQ731-004370,F731TE,2,CFG731_b7c1a02b25610507,0.7879705430490301,CFG731_b7c1a02b25610507,1,0.7879705430490301,True,SYNTHETIC,synthetic_engineer_v1
RFQ731-004371,G731ST-LT,1,CFG731_8da1da530d6ae54d,0.881203498258797,CFG731_8da1da530d6ae54d,1,0.881203498258797,True,SYNTHETIC,synthetic_engineer_v1
RFQ731-004372,X731,4,CFG731_0fbee36816b7af98,0.8654144430515865,CFG731_8153d67c519453a2,4,0.2541217818438638,False,SYNTHETIC,synthetic_engineer_v1
RFQ731-004373,X731,1,CFG731_a92ad5294d9187e9,0.9210535516789473,CFG731_a92ad5294d9187e9,1,0.9210535516789473,True,SYNTHETIC,synthetic_engineer_v1
RFQ731-004374,X731,1,CFG731_516629085c122a4e,0.9526323456133684,CFG731_516629085c122a4e,1,0.9526323456133684,True,SYNTHETIC,synthetic_engineer_v1
RFQ731-004375,X731,2,CFG731_e80085d86d0bbfa9,0.881203023205797,CFG731_b4f65e97f91c3587,2,0.3890292434128978,False,SYNTHETIC,synthetic_engineer_v1
RFQ731-004376,G731ST-LT,2,CFG731_996314000fcfec4b,0.9368427776661579,CFG731_e03b41992c837b34,2,0.43353381479174613,False,SYNTHETIC,synthetic_engineer_v1
RFQ731-004377,X731,1,CFG731_516629085c122a4e,0.9526319640073684,CFG731_516629085c122a4e,1,0.9526319640073684,True,SYNTHETIC,synthetic_engineer_v1
RFQ731-004378,X731,7,CFG731_ac8195f5cce7d089,0.8496247568583759,CFG731_dd3145b6d50f35f0,7,0.23686149784435914,False,SYNTHETIC,synthetic_engineer_v1
RFQ731-004379,X731,1,CFG731_af755e9c46cfadd4,0.849624374169376,CFG731_af755e9c46cfadd4,1,0.849624374169376,True,SYNTHETIC,synthetic_engineer_v1
RFQ731-004380,G731ST-HT,23,CFG731_7b2f69a7ca55041b,0.8894740745725263,CFG731_1b33a9ed446bc0fd,23,0.19425353068523218,False,SYNTHETIC,synthetic_engineer_v1
RFQ731-004381,X731,4,CFG731_516629085c122a4e,0.9210536069659473,CFG731_12089d5d54f581ac,3,0.48539160272006504,False,SYNTHETIC,synthetic_engineer_v1
RFQ731-004382,G731CA,2,CFG731_4189e4dbecbffadb,0.4554669662703499,CFG731_b43582909c828d95,2,0.38304062679611456,False,SYNTHETIC,synthetic_engineer_v1
RFQ731-004383,X731,1,CFG731_db983e07a279051a,0.9210530797379474,CFG731_db983e07a279051a,1,0.9210530797379474,True,SYNTHETIC,synthetic_engineer_v1
RFQ731-004384,X731,4,CFG731_8d07e19298d09d34,0.8496250379963759,CFG731_cbbe948e572a42e8,3,0.48704582626277093,False,SYNTHETIC,synthetic_engineer_v1
RFQ731-004385,G731ST-HT,1,CFG731_7b2f69a7ca55041b,0.9526323529483683,CFG731_7b2f69a7ca55041b,1,0.9526323529483683,True,SYNTHETIC,synthetic_engineer_v1
RFQ731-004386,X731,3,CFG731_8d2d91c46ccfb471,0.9368429187161579,CFG731_9fd2ebe15271fc33,3,0.500812805561452,False,SYNTHETIC,synthetic_engineer_v1
RFQ731-004387,X731,6,CFG731_8d07e19298d09d34,0.849624758145376,CFG731_c35b817e9679c657,5,0.36057554753947674,False,SYNTHETIC,synthetic_engineer_v1
RFQ731-004388,G731ST-LT,2,CFG731_0fdf5c36c9c41e69,0.8654136071295865,CFG731_04ce01976de342c1,2,0.8511283981138722,False,SYNTHETIC,synthetic_engineer_v1
RFQ731-004389,G731ST-LT,2,CFG731_996314000fcfec4b,0.9368428571121579,CFG731_22da0d6030817265,2,0.4335341938927461,False,SYNTHETIC,synthetic_engineer_v1
RFQ731-004390,G731ST-HT,1,CFG731_63eca10a00ae1f5d,0.9526318197783684,CFG731_63eca10a00ae1f5d,1,0.9526318197783684,True,SYNTHETIC,synthetic_engineer_v1
RFQ731-004391,G731CA,1,CFG731_95a64c12c70f922a,0.8353389593776616,CFG731_95a64c12c70f922a,1,0.8353389593776616,True,SYNTHETIC,synthetic_engineer_v1
RFQ731-004392,X731,2,CFG731_219ac3d01befd6d1,0.9368425720221579,CFG731_7eb5b2d6a16dd3a3,2,0.4335334776747461,False,SYNTHETIC,synthetic_engineer_v1
RFQ731-004393,G731ST-LT,4,CFG731_7882c72c21497015,0.9210529148909473,CFG731_d432b6fd40e9e78c,2,0.849624933680376,False,SYNTHETIC,synthetic_engineer_v1
RFQ731-004394,F731TE,1,CFG731_07fb816f7dc25bc8,0.8338348489761654,CFG731_07fb816f7dc25bc8,1,0.8338348489761654,True,SYNTHETIC,synthetic_engineer_v1
RFQ731-004395,G731ST-LT,2,CFG731_7203705eed387b0a,0.8654144491335866,CFG731_7b1edd53e8bbad40,2,0.8654142026995866,False,SYNTHETIC,synthetic_engineer_v1
RFQ731-004396,X731,1,CFG731_8d78781f8753b72a,0.9210526530209473,CFG731_8d78781f8753b72a,1,0.9210526530209473,True,SYNTHETIC,synthetic_engineer_v1
RFQ731-004397,X731,4,CFG731_ddfa4ab00c1bcdd0,0.849624634694376,CFG731_4d84757c3603b51c,4,0.36369987487847677,False,SYNTHETIC,synthetic_engineer_v1
RFQ731-004398,X731,1,CFG731_1147f9711c4bff84,0.9210531439899473,CFG731_1147f9711c4bff84,1,0.9210531439899473,True,SYNTHETIC,synthetic_engineer_v1
RFQ731-004399,G731CA,1,CFG731_edf13ed38a4b54de,0.8353384585756616,CFG731_edf13ed38a4b54de,1,0.8353384585756616,True,SYNTHETIC,synthetic_engineer_v1
RFQ731-004400,X731,4,CFG731_60f3aae8ede70fe0,0.936842988196158,CFG731_39890affe81b5eb5,3,0.4989744936393344,False,SYNTHETIC,synthetic_engineer_v1
RFQ731-004401,X731,12,CFG731_219ac3d01befd6d1,0.9052638594527369,CFG731_b418359232bf5862,10,0.3405578261097957,False,SYNTHETIC,synthetic_engineer_v1
RFQ731-004402,G731CA,2,CFG731_2aca30183aab25a9,0.8037594355852405,CFG731_f235f4dd7693c885,2,0.45546664734834985,False,SYNTHETIC,synthetic_engineer_v1
RFQ731-004403,X731,3,CFG731_32a4bb12438a37ab,0.9368421767001579,CFG731_ddbc59cfdb50b468,3,0.2397833971707461,False,SYNTHETIC,synthetic_engineer_v1
RFQ731-004404,X731,3,CFG731_f7f0034a8b15f329,0.8338353121071654,CFG731_8634a8a0a780401d,3,0.34478612127026625,False,SYNTHETIC,synthetic_engineer_v1
RFQ731-004405,G731ST-LT,6,CFG731_32b4b1ec4513af66,0.849625006993376,CFG731_986bac7252cc57eb,6,0.36057515042947674,False,SYNTHETIC,synthetic_engineer_v1
RFQ731-004406,G731ST-LT,6,CFG731_7882c72c21497015,0.9210534242869474,CFG731_fa6ab94f1cf566b3,5,0.4844724105150062,False,SYNTHETIC,synthetic_engineer_v1
RFQ731-004407,G731ST-LT,2,CFG731_e0009be417f51ccd,0.936842348226158,CFG731_750dd83a06ba43cb,2,0.43353354580674613,False,SYNTHETIC,synthetic_engineer_v1
RFQ731-004408,X731,1,CFG731_3662a471d9ce3167,0.3838824403783684,CFG731_3662a471d9ce3167,1,0.3838824403783684,True,SYNTHETIC,synthetic_engineer_v1
RFQ731-004409,G731ST-HT,2,CFG731_63eca10a00ae1f5d,0.9368422002411579,CFG731_ab3b0ae98d7b2345,2,0.4335341312697461,False,SYNTHETIC,synthetic_engineer_v1
RFQ731-004410,G731ST-HT,1,CFG731_bbffb73f3dff6787,0.9526322396873684,CFG731_bbffb73f3dff6787,1,0.9526322396873684,True,SYNTHETIC,synthetic_engineer_v1
RFQ731-004411,X731,6,CFG731_97796c9ac2811c94,0.8338354292141655,CFG731_6084e24782dc3f55,6,0.22033757450650154,False,SYNTHETIC,synthetic_engineer_v1
RFQ731-004412,X731,4,CFG731_b4987f1c95e91d0d,0.9210527291469474,CFG731_80409e6aafce9221,3,0.8353388888596616,False,SYNTHETIC,synthetic_engineer_v1
RFQ731-004413,G731CA,1,CFG731_817824ee3a762453,0.8353384674146616,CFG731_817824ee3a762453,1,0.8353384674146616,True,SYNTHETIC,synthetic_engineer_v1
RFQ731-004414,X731,7,CFG731_cf543b1c3927ab71,0.9052634448577369,CFG731_b48a547ba9b64245,7,0.20930810235279565,False,SYNTHETIC,synthetic_engineer_v1
RFQ731-004415,X731,3,CFG731_e86d82c5ad6683ec,0.3769166270489226,CFG731_e9b10f07ada7d5e2,3,0.24676888285639317,False,SYNTHETIC,synthetic_engineer_v1
RFQ731-004416,X731,1,CFG731_9db378257f9cf6a7,0.23833275512065327,CFG731_9db378257f9cf6a7,1,0.23833275512065327,True,SYNTHETIC,synthetic_engineer_v1
RFQ731-004417,G731VG,1,CFG731_6a47b38d62a9fed3,0.8511285876128721,CFG731_6a47b38d62a9fed3,1,0.8511285876128721,True,SYNTHETIC,synthetic_engineer_v1
RFQ731-004418,G731ST-LT,4,CFG731_ab4075c601d1397c,0.849624317206376,CFG731_938851275519b7cb,3,0.4146193218495356,False,SYNTHETIC,synthetic_engineer_v1
RFQ731-004419,X731,2,CFG731_b4987f1c95e91d0d,0.936842526456158,CFG731_8d9f29ebcd8f04bd,2,0.43353415295174613,False,SYNTHETIC,synthetic_engineer_v1
RFQ731-004420,X731,2,CFG731_36c553adc9f5ebf3,0.8654144172025865,CFG731_e1c54b5b080fabb2,2,0.3794897011886873,False,SYNTHETIC,synthetic_engineer_v1
RFQ731-004421,X731,2,CFG731_67de76f701c9cfad,0.36809262664715786,CFG731_c66891bf502d2d83,2,0.2537538979010402,False,SYNTHETIC,synthetic_engineer_v1
RFQ731-004422,X731,2,CFG731_f87794e7a98d0b11,0.9526324923283683,CFG731_a48cbb33873bda1b,2,0.4493229711069566,False,SYNTHETIC,synthetic_engineer_v1
RFQ731-004423,X731,8,CFG731_8c50542218db5cb0,0.9052640734757369,CFG731_5e50b9bcbfa0b051,6,0.40195506041932505,False,SYNTHETIC,synthetic_engineer_v1
RFQ731-004424,G731ST-HT,2,CFG731_329b582435fea539,0.8654138597165866,CFG731_8fd0ed37b442c386,2,0.37342392829009907,False,SYNTHETIC,synthetic_engineer_v1
RFQ731-004425,X731,8,CFG731_62d0f0f6bab9bdcb,0.9052638848697369,CFG731_f2b6724ca609efbb,7,0.2210723973191486,False,SYNTHETIC,synthetic_engineer_v1
RFQ731-004426,G731CA,1,CFG731_14235f3888d71408,0.8353392553816616,CFG731_14235f3888d71408,1,0.8353392553816616,True,SYNTHETIC,synthetic_engineer_v1
RFQ731-004427,G731ST-LT,4,CFG731_1d89d7fdc7355744,0.8496245587453759,CFG731_2eae9204301f61ab,4,0.3534059858484179,False,SYNTHETIC,synthetic_engineer_v1
RFQ731-004428,X731,2,CFG731_b7e96d5717c40fd6,0.9526319218363684,CFG731_2683cf7e09782f5e,2,0.9097747031932256,False,SYNTHETIC,synthetic_engineer_v1
RFQ731-004429,X731,5,CFG731_c39096767a7ae083,0.9210527525599473,CFG731_7187559e0dc892c4,2,0.4831852989891239,False,SYNTHETIC,synthetic_engineer_v1
RFQ731-004430,G731ST-HT,2,CFG731_831a7150258499af,0.8654137944215865,CFG731_e2d64e127f97296d,2,0.8511280087998722,False,SYNTHETIC,synthetic_engineer_v1
RFQ731-004431,G731ST-HT,2,CFG731_bbffb73f3dff6787,0.9368428917291579,CFG731_b827079551368856,2,0.43353345505874613,False,SYNTHETIC,synthetic_engineer_v1
RFQ731-004432,X731,4,CFG731_5e61ce3b60d15e11,0.9368430807381579,CFG731_c11c5ee5deff9a1e,3,0.5011807637112755,False,SYNTHETIC,synthetic_engineer_v1
RFQ731-004433,X731,6,CFG731_8d2d91c46ccfb471,0.9210533684659473,CFG731_df5f598a914fb1cc,5,0.4177439085315356,False,SYNTHETIC,synthetic_engineer_v1
RFQ731-004434,G731CA,1,CFG731_757fbd3e8915b462,0.8353383601286616,CFG731_757fbd3e8915b462,1,0.8353383601286616,True,SYNTHETIC,synthetic_engineer_v1
RFQ731-004435,G731ST-HT,2,CFG731_7b2f69a7ca55041b,0.936842614835158,CFG731_617247356a7014fb,2,0.8939851792310151,False,SYNTHETIC,synthetic_engineer_v1
RFQ731-004436,X731,10,CFG731_c39096767a7ae083,0.9210532270699473,CFG731_f57ccd8e79618aa1,4,0.48447242527900625,False,SYNTHETIC,synthetic_engineer_v1
RFQ731-004437,X731,1,CFG731_89772de94df83ba5,0.881203289892797,CFG731_89772de94df83ba5,1,0.881203289892797,True,SYNTHETIC,synthetic_engineer_v1
RFQ731-004438,X731,8,CFG731_c887ba58c35036a9,0.9052638814647369,CFG731_134ecd7b8190bed1,7,0.4019550343683251,False,SYNTHETIC,synthetic_engineer_v1
RFQ731-004439,G731CA,2,CFG731_24b3128196e55c23,0.45546729448434986,CFG731_24b3128196e55c23,1,0.45546729448434986,True,SYNTHETIC,synthetic_engineer_v1
RFQ731-004440,X731,2,CFG731_117f19eb2913314e,0.5147641835015448,CFG731_117f19eb2913314e,1,0.5147641835015448,True,SYNTHETIC,synthetic_engineer_v1
RFQ731-004441,X731,4,CFG731_2be17a56b0589fd1,0.9210535392779473,CFG731_5a14e01af9745dda,3,0.4850236090432415,False,SYNTHETIC,synthetic_engineer_v1
RFQ731-004442,F731TE,2,CFG731_344778a042931752,0.7879706304550301,CFG731_344778a042931752,1,0.7879706304550301,True,SYNTHETIC,synthetic_engineer_v1
RFQ731-004443,X731,1,CFG731_7c358bf1aa4ea94e,0.4989745372743344,CFG731_7c358bf1aa4ea94e,1,0.4989745372743344,True,SYNTHETIC,synthetic_engineer_v1
RFQ731-004444,X731,2,CFG731_5d345c0f49f6f272,0.8511282624328722,CFG731_13c137be155b0bd9,2,0.5028356685889814,False,SYNTHETIC,synthetic_engineer_v1
RFQ731-004445,G731ST-HT,4,CFG731_8b18ac1c34209d63,0.9210534749379473,CFG731_f9cbe189d57c95a1,3,0.48539171254206503,False,SYNTHETIC,synthetic_engineer_v1
RFQ731-004446,G731ST-LT,2,CFG731_1d89d7fdc7355744,0.8654138731465866,CFG731_1d89d7fdc7355744,1,0.8654138731465866,True,SYNTHETIC,synthetic_engineer_v1
RFQ731-004447,X731,4,CFG731_f87794e7a98d0b11,0.936842111575158,CFG731_007c0829be0a9482,3,0.500813668292452,False,SYNTHETIC,synthetic_engineer_v1
RFQ731-004448,X731,3,CFG731_6e096e946540ab4e,0.8654138450555865,CFG731_aacf790c5259123d,3,0.2511803510442755,False,SYNTHETIC,synthetic_engineer_v1
RFQ731-004449,X731,4,CFG731_3bcde7f8df32303c,0.8654144560325865,CFG731_d22e45d35b3b7f29,3,0.3802248978573344,False,SYNTHETIC,synthetic_engineer_v1
RFQ731-004450,X731,6,CFG731_0db950a4979d2c52,0.936843032582158,CFG731_243419c6708378b3,5,0.5002617285112168,False,SYNTHETIC,synthetic_engineer_v1
RFQ731-004451,X731,4,CFG731_eee37571734035ae,0.37397524943933436,CFG731_2a1c7295f72ff6ac,3,0.24640150497256963,False,SYNTHETIC,synthetic_engineer_v1
RFQ731-004452,X731,2,CFG731_815c45454a3f88bd,0.3769157364049226,CFG731_815c45454a3f88bd,1,0.3769157364049226,True,SYNTHETIC,synthetic_engineer_v1
RFQ731-004453,G731ST-LT,1,CFG731_e0009be417f51ccd,0.9526320629153684,CFG731_e0009be417f51ccd,1,0.9526320629153684,True,SYNTHETIC,synthetic_engineer_v1
RFQ731-004454,X731,2,CFG731_cf543b1c3927ab71,0.9368424729451579,CFG731_2a8793475d827bb6,2,0.8939850752400151,False,SYNTHETIC,synthetic_engineer_v1
RFQ731-004455,X731,2,CFG731_5dd42015f6f61801,0.9526321738893684,CFG731_65da22cd215fbcf6,2,0.4493236900289566,False,SYNTHETIC,synthetic_engineer_v1
RFQ731-004456,X731,4,CFG731_f97e51d1da57d99f,0.849624647026376,CFG731_18e687233239e907,3,0.4146197215735356,False,SYNTHETIC,synthetic_engineer_v1
RFQ731-004457,X731,1,CFG731_021f4647ad1035b8,0.399671945265579,CFG731_021f4647ad1035b8,1,0.399671945265579,True,SYNTHETIC,synthetic_engineer_v1
RFQ731-004458,X731,2,CFG731_b4987f1c95e91d0d,0.9368425356471579,CFG731_440f9c9b032b7d0a,2,0.4335338225737461,False,SYNTHETIC,synthetic_engineer_v1
RFQ731-004459,G731ST-LT,4,CFG731_715a3d3226cbaffd,0.9210529187379474,CFG731_9548d55d92816998,2,0.849624803363376,False,SYNTHETIC,synthetic_engineer_v1
RFQ731-004460,X731,3,CFG731_40e06ca56bd88fa1,0.3636998120814768,CFG731_3f43e18524472dbe,2,0.35745035655247676,False,SYNTHETIC,synthetic_engineer_v1
RFQ731-004461,X731,4,CFG731_60f3aae8ede70fe0,0.936842171282158,CFG731_36045858c7c7e468,3,0.500813371667452,False,SYNTHETIC,synthetic_engineer_v1
RFQ731-004462,X731,4,CFG731_60f3aae8ede70fe0,0.9368422740531579,CFG731_579057193c092394,3,0.5011812599292755,False,SYNTHETIC,synthetic_engineer_v1
RFQ731-004463,X731,1,CFG731_dbe9c00b3af80524,0.849624444310376,CFG731_dbe9c00b3af80524,1,0.849624444310376,True,SYNTHETIC,synthetic_engineer_v1
RFQ731-004464,G731ST-HT,1,CFG731_fcc72e9951376cf3,0.881203519462797,CFG731_fcc72e9951376cf3,1,0.881203519462797,True,SYNTHETIC,synthetic_engineer_v1
RFQ731-004465,F731WD_DUALCHANNEL,2,CFG731_819cb4e76943eca6,0.8037596442592405,CFG731_c37386a371e13fa8,2,0.45546684981234986,False,SYNTHETIC,synthetic_engineer_v1
RFQ731-004466,X731,1,CFG731_c775e192f3d489e9,0.8496240783183759,CFG731_c775e192f3d489e9,1,0.8496240783183759,True,SYNTHETIC,synthetic_engineer_v1
RFQ731-004467,X731,6,CFG731_5e61ce3b60d15e11,0.9210535271269473,CFG731_6b5f6983490bc595,2,0.4831853981231239,False,SYNTHETIC,synthetic_engineer_v1
RFQ731-004468,G731ST-LT,6,CFG731_10085782ed0991cf,0.8496245925803759,CFG731_7282d6f5ee4e2e9b,5,0.3620460304717709,False,SYNTHETIC,synthetic_engineer_v1
RFQ731-004469,X731,7,CFG731_da02526d254e2e35,0.9052632608547369,CFG731_0adf2e67687ef664,6,0.344233806483031,False,SYNTHETIC,synthetic_engineer_v1
RFQ731-004470,F731TE,2,CFG731_b27467571d893d92,0.7879705774570301,CFG731_b27467571d893d92,1,0.7879705774570301,True,SYNTHETIC,synthetic_engineer_v1
RFQ731-004471,X731,1,CFG731_9a5bfa9148a9b604,0.9210531003449474,CFG731_9a5bfa9148a9b604,1,0.9210531003449474,True,SYNTHETIC,synthetic_engineer_v1
RFQ731-004472,X731,8,CFG731_8c50542218db5cb0,0.9052636840017368,CFG731_5e50b9bcbfa0b051,8,0.4019544613703251,False,SYNTHETIC,synthetic_engineer_v1
RFQ731-004473,G731ST-HT,1,CFG731_7b2f69a7ca55041b,0.9526324129003684,CFG731_7b2f69a7ca55041b,1,0.9526324129003684,True,SYNTHETIC,synthetic_engineer_v1
RFQ731-004474,F731TE,1,CFG731_ac57adca497d644f,0.4712567257095604,CFG731_ac57adca497d644f,1,0.4712567257095604,True,SYNTHETIC,synthetic_engineer_v1
RFQ731-004475,G731ST-HT,2,CFG731_fcc72e9951376cf3,0.8654143073715865,CFG731_a6dd1d1aa0613d49,2,0.37507813197680495,False,SYNTHETIC,synthetic_engineer_v1
RFQ731-004476,X731,2,CFG731_3b2a32abbf148ca1,0.9526324879543684,CFG731_3df9fddf845f3508,2,0.4493236942499566,False,SYNTHETIC,synthetic_engineer_v1
RFQ731-004477,X731,10,CFG731_2be17a56b0589fd1,0.8894742654025263,CFG731_a1bf91a6c5841fc0,9,0.20675342997723217,False,SYNTHETIC,synthetic_engineer_v1
RFQ731-004478,F731PW,1,CFG731_0d8116f4900c6919,0.8180456365289549,CFG731_0d8116f4900c6919,1,0.8180456365289549,True,SYNTHETIC,synthetic_engineer_v1
RFQ731-004479,G731ST-HT,11,CFG731_a3b03637ed22317c,0.9052638602207369,CFG731_aa4779c40e6c2de0,5,0.4686829304837957,False,SYNTHETIC,synthetic_engineer_v1
RFQ731-004480,G731CA,2,CFG731_19ec976991ce75a9,0.8037597108072405,CFG731_19f7d73d8e42e7bd,2,0.3830403899751146,False,SYNTHETIC,synthetic_engineer_v1
RFQ731-004481,X731,4,CFG731_c39096767a7ae083,0.9368426022271579,CFG731_618cb6c1c21feda4,3,0.5011813038862756,False,SYNTHETIC,synthetic_engineer_v1
RFQ731-004482,G731CA,1,CFG731_4189e4dbecbffadb,0.48704561576777095,CFG731_4189e4dbecbffadb,1,0.48704561576777095,True,SYNTHETIC,synthetic_engineer_v1
RFQ731-004483,G731ST-LT,2,CFG731_a40ab19ad6671fbe,0.936842159649158,CFG731_098817d766a37bc2,2,0.8939856386610151,False,SYNTHETIC,synthetic_engineer_v1
RFQ731-004484,X731,6,CFG731_219ac3d01befd6d1,0.9210527215669474,CFG731_d647249920724d90,6,0.23447203883600623,False,SYNTHETIC,synthetic_engineer_v1
RFQ731-004485,X731,1,CFG731_af755e9c46cfadd4,0.849624130557376,CFG731_af755e9c46cfadd4,1,0.849624130557376,True,SYNTHETIC,synthetic_engineer_v1
RFQ731-004486,X731,6,CFG731_91e51485b56960b2,0.9368430426501579,CFG731_714af24c177b1743,6,0.244563390473452,False,SYNTHETIC,synthetic_engineer_v1
RFQ731-004487,X731,20,CFG731_83f956404d04e6cd,0.8180456810769549,CFG731_0c5cd97f5c20149b,19,0.20307674832799688,False,SYNTHETIC,synthetic_engineer_v1
RFQ731-004488,G731CA,1,CFG731_1dfb5999b1debe3a,0.35046512207582975,CFG731_1dfb5999b1debe3a,1,0.35046512207582975,True,SYNTHETIC,synthetic_engineer_v1
RFQ731-004489,X731,6,CFG731_2be17a56b0589fd1,0.9052640250657369,CFG731_aa9e47c85fcdb938,5,0.344234689321031,False,SYNTHETIC,synthetic_engineer_v1
RFQ731-004490,G731ST-LT,2,CFG731_996314000fcfec4b,0.9368427520731579,CFG731_22da0d6030817265,2,0.43353360953174613,False,SYNTHETIC,synthetic_engineer_v1
RFQ731-004491,X731,4,CFG731_5e61ce3b60d15e11,0.936842817325158,CFG731_d08d05393d04fb8a,4,0.2522838891287461,False,SYNTHETIC,synthetic_engineer_v1
RFQ731-004492,X731,3,CFG731_32a4bb12438a37ab,0.9368422396831579,CFG731_88cb619bd3d90e89,3,0.2408866912052167,False,SYNTHETIC,synthetic_engineer_v1
RFQ731-004493,X731,4,CFG731_219ac3d01befd6d1,0.9210527947319473,CFG731_9d1ffcce07240574,2,0.849624373592376,False,SYNTHETIC,synthetic_engineer_v1
RFQ731-004494,G731ST-LT,2,CFG731_e0009be417f51ccd,0.936842556704158,CFG731_c5da2661a169f82b,2,0.8939853009530151,False,SYNTHETIC,synthetic_engineer_v1
RFQ731-004495,X731,4,CFG731_9a0f0b26c7f24725,0.8654142429365865,CFG731_399690ce112d8d2a,4,0.3794892985086873,False,SYNTHETIC,synthetic_engineer_v1
RFQ731-004496,X731,2,CFG731_ae226e31119be9bd,0.9052636174027369,CFG731_6b2b46dd281009ce,2,0.4696020423478545,False,SYNTHETIC,synthetic_engineer_v1
RFQ731-004497,F731WD_SINGLECHANNEL,2,CFG731_0be7d6198235486b,0.7879708474100301,CFG731_0be7d6198235486b,1,0.7879708474100301,True,SYNTHETIC,synthetic_engineer_v1
RFQ731-004498,X731,1,CFG731_04bb9195f752ca8c,0.48318556342312385,CFG731_04bb9195f752ca8c,1,0.48318556342312385,True,SYNTHETIC,synthetic_engineer_v1
RFQ731-004499,G731ST-HT,4,CFG731_7b2f69a7ca55041b,0.9210535557059474,CFG731_8216f56c8f1b8479,3,0.48539130260906505,False,SYNTHETIC,synthetic_engineer_v1
RFQ731-004500,X731,3,CFG731_241d60e6ef5278be,0.849624632918376,CFG731_92fbdd06b7923fc1,3,0.4870460027497709,False,SYNTHETIC,synthetic_engineer_v1
RFQ731-004501,F731TE,1,CFG731_574aa7a29f75cd60,0.8338352596451655,CFG731_574aa7a29f75cd60,1,0.8338352596451655,True,SYNTHETIC,synthetic_engineer_v1
RFQ731-004502,X731,3,CFG731_516629085c122a4e,0.9368430498901579,CFG731_4f6232b68baf7970,3,0.3691955978216285,False,SYNTHETIC,synthetic_engineer_v1
RFQ731-004503,X731,3,CFG731_b4987f1c95e91d0d,0.9210535199709473,CFG731_55d3237d65c8a47c,3,0.23244980680047678,False,SYNTHETIC,synthetic_engineer_v1
RFQ731-004504,X731,4,CFG731_60f3aae8ede70fe0,0.9368427421311579,CFG731_579057193c092394,3,0.5011806756272755,False,SYNTHETIC,synthetic_engineer_v1
RFQ731-004505,F731TE,2,CFG731_f79503cf8f87ea49,0.7879700626270301,CFG731_f79503cf8f87ea49,1,0.7879700626270301,True,SYNTHETIC,synthetic_engineer_v1
RFQ731-004506,X731,1,CFG731_b4987f1c95e91d0d,0.9526315868903684,CFG731_b4987f1c95e91d0d,1,0.9526315868903684,True,SYNTHETIC,synthetic_engineer_v1
RFQ731-004507,F731TE,2,CFG731_b7c1a02b25610507,0.7879706113260301,CFG731_b7c1a02b25610507,1,0.7879706113260301,True,SYNTHETIC,synthetic_engineer_v1
RFQ731-004508,X731,1,CFG731_16bd4e059b8168a9,0.36590581920341797,CFG731_16bd4e059b8168a9,1,0.36590581920341797,True,SYNTHETIC,synthetic_engineer_v1
RFQ731-004509,F731WD_SINGLECHANNEL,1,CFG731_4ca309199387f8d5,0.8195496874864512,CFG731_4ca309199387f8d5,1,0.8195496874864512,True,SYNTHETIC,synthetic_engineer_v1
RFQ731-004510,G731ST-HT,4,CFG731_bbffb73f3dff6787,0.9210530697829473,CFG731_920bf82480de0a61,3,0.8353392034386616,False,SYNTHETIC,synthetic_engineer_v1
RFQ731-004511,X731,16,CFG731_91e51485b56960b2,0.9052634819497368,CFG731_2e9ef53f42218763,14,0.21702814513608976,False,SYNTHETIC,synthetic_engineer_v1
RFQ731-004512,G731VG,1,CFG731_40b6e1db6c80bcc1,0.8511279974258722,CFG731_40b6e1db6c80bcc1,1,0.8511279974258722,True,SYNTHETIC,synthetic_engineer_v1
RFQ731-004513,X731,11,CFG731_31aa13473958d7d3,0.818045405234955,CFG731_558c0cc81a7cd52b,11,0.19315038199076157,False,SYNTHETIC,synthetic_engineer_v1
RFQ731-004514,X731,2,CFG731_8c8856d21252930e,0.9052635288887368,CFG731_bf8f7d1a25ad0a6e,2,0.4696020176138545,False,SYNTHETIC,synthetic_engineer_v1
RFQ731-004515,X731,7,CFG731_5dd42015f6f61801,0.9210536107089473,CFG731_917fc613cc9bf56a,3,0.4850240841042415,False,SYNTHETIC,synthetic_engineer_v1
RFQ731-004516,X731,4,CFG731_c39096767a7ae083,0.9210530571659473,CFG731_dc7c891c14ea05d8,2,0.4850236609932415,False,SYNTHETIC,synthetic_engineer_v1
RFQ731-004517,G731ST-HT,4,CFG731_4aa7d46b9cfa7d7b,0.9210533134119473,CFG731_fa91f60062985c6d,3,0.8353388989516616,False,SYNTHETIC,synthetic_engineer_v1
RFQ731-004518,X731,10,CFG731_89772de94df83ba5,0.8180453622589549,CFG731_612322a75794f61a,8,0.20675332650623218,False,SYNTHETIC,synthetic_engineer_v1
RFQ731-004519,X731,2,CFG731_a6d4830ed3aa2681,0.9368425139381579,CFG731_d4a9fe62acefba0d,2,0.3684603727419814,False,SYNTHETIC,synthetic_engineer_v1
RFQ731-004520,G731ST-HT,1,CFG731_329b582435fea539,0.881203353370797,CFG731_329b582435fea539,1,0.881203353370797,True,SYNTHETIC,synthetic_engineer_v1
RFQ731-004521,F731TE,2,CFG731_f79503cf8f87ea49,0.7879700915440301,CFG731_f79503cf8f87ea49,1,0.7879700915440301,True,SYNTHETIC,synthetic_engineer_v1
RFQ731-004522,X731,3,CFG731_516629085c122a4e,0.9210526829409473,CFG731_48a4e554ffcf39e6,3,0.4850232557292415,False,SYNTHETIC,synthetic_engineer_v1
RFQ731-004523,X731,8,CFG731_c887ba58c35036a9,0.9052639442147369,CFG731_134ecd7b8190bed1,6,0.4019552380823251,False,SYNTHETIC,synthetic_engineer_v1
RFQ731-004524,G731VG,1,CFG731_40b6e1db6c80bcc1,0.8511287243238722,CFG731_40b6e1db6c80bcc1,1,0.8511287243238722,True,SYNTHETIC,synthetic_engineer_v1
RFQ731-004525,X731,2,CFG731_8d07e19298d09d34,0.8654144397135866,CFG731_ddfa4ab00c1bcdd0,2,0.8654138864515866,False,SYNTHETIC,synthetic_engineer_v1
RFQ731-004526,X731,1,CFG731_a1f89a445799de07,0.849624525186376,CFG731_a1f89a445799de07,1,0.849624525186376,True,SYNTHETIC,synthetic_engineer_v1
RFQ731-004527,X731,4,CFG731_8d2d91c46ccfb471,0.9368427237441579,CFG731_b848918cab1cb35d,3,0.4989754508573344,False,SYNTHETIC,synthetic_engineer_v1
RFQ731-004528,F731TE,1,CFG731_07fb816f7dc25bc8,0.8338347714061655,CFG731_07fb816f7dc25bc8,1,0.8338347714061655,True,SYNTHETIC,synthetic_engineer_v1
RFQ731-004529,X731,2,CFG731_8d2d91c46ccfb471,0.9526323981363684,CFG731_181ea7d5a9c21b8c,2,0.9097750953752256,False,SYNTHETIC,synthetic_engineer_v1
RFQ731-004530,X731,3,CFG731_37c55138c4eebb90,0.3769166226119226,CFG731_7521d5a6673c8628,3,0.2537539885800402,False,SYNTHETIC,synthetic_engineer_v1
RFQ731-004531,X731,2,CFG731_eee37571734035ae,0.38976478418254484,CFG731_0acb7cb21878d0cf,2,0.25888183103636836,False,SYNTHETIC,synthetic_engineer_v1
RFQ731-004532,X731,5,CFG731_da02526d254e2e35,0.9210529522669474,CFG731_1e692ee109597ef2,5,0.4844717925960062,False,SYNTHETIC,synthetic_engineer_v1
RFQ731-004533,G731ST-LT,2,CFG731_996314000fcfec4b,0.9368429967721579,CFG731_e03b41992c837b34,2,0.4335336694997461,False,SYNTHETIC,synthetic_engineer_v1
RFQ731-004534,X731,4,CFG731_97796c9ac2811c94,0.849624842363376,CFG731_031d8f2fe50bf3d1,3,0.4870462045917709,False,SYNTHETIC,synthetic_engineer_v1
RFQ731-004535,F731PW,1,CFG731_a9f22ebc14287e5d,0.8180456153259549,CFG731_a9f22ebc14287e5d,1,0.8180456153259549,True,SYNTHETIC,synthetic_engineer_v1
RFQ731-004536,X731,1,CFG731_8af4adfbdf504482,0.35818514704512383,CFG731_8af4adfbdf504482,1,0.35818514704512383,True,SYNTHETIC,synthetic_engineer_v1
RFQ731-004537,X731,3,CFG731_91e51485b56960b2,0.9368421586121579,CFG731_ab67f4ca670c9841,2,0.5008127443504521,False,SYNTHETIC,synthetic_engineer_v1
RFQ731-004538,G731ST-LT,4,CFG731_32b4b1ec4513af66,0.8496245217873759,CFG731_68d95a26943b3650,3,0.48704532505477094,False,SYNTHETIC,synthetic_engineer_v1
RFQ731-004539,X731,8,CFG731_62d0f0f6bab9bdcb,0.9052639181807369,CFG731_6be2d8f04f4b5682,6,0.4019551396953251,False,SYNTHETIC,synthetic_engineer_v1
RFQ731-004540,X731,1,CFG731_91e51485b56960b2,0.9684214126195789,CFG731_91e51485b56960b2,1,0.9684214126195789,True,SYNTHETIC,synthetic_engineer_v1
RFQ731-004541,X731,4,CFG731_8d07e19298d09d34,0.849624645800376,CFG731_cbbe948e572a42e8,3,0.4870461575927709,False,SYNTHETIC,synthetic_engineer_v1
RFQ731-004542,X731,10,CFG731_91e51485b56960b2,0.9210534127639474,CFG731_f57ccd8e79618aa1,4,0.48447264258900624,False,SYNTHETIC,synthetic_engineer_v1
RFQ731-004543,X731,2,CFG731_78d3b084a795c836,0.37397516510233436,CFG731_0b076e2e26216ca2,2,0.24640150253356963,False,SYNTHETIC,synthetic_engineer_v1
RFQ731-004544,X731,8,CFG731_62d0f0f6bab9bdcb,0.9052637520587369,CFG731_f2b6724ca609efbb,8,0.2210725956521486,False,SYNTHETIC,synthetic_engineer_v1
RFQ731-004545,G731ST-LT,1,CFG731_a40ab19ad6671fbe,0.9526322704383684,CFG731_a40ab19ad6671fbe,1,0.9526322704383684,True,SYNTHETIC,synthetic_engineer_v1
RFQ731-004546,X731,4,CFG731_62d0f0f6bab9bdcb,0.9210531702809474,CFG731_631dadb7c0c7adf5,3,0.4850237731892415,False,SYNTHETIC,synthetic_engineer_v1
RFQ731-004547,X731,1,CFG731_162b59c5f8cf5a72,0.365905729942418,CFG731_162b59c5f8cf5a72,1,0.365905729942418,True,SYNTHETIC,synthetic_engineer_v1
RFQ731-004548,X731,1,CFG731_8a7a801f91254eeb,0.8496242688133759,CFG731_8a7a801f91254eeb,1,0.8496242688133759,True,SYNTHETIC,synthetic_engineer_v1
RFQ731-004549,X731,2,CFG731_5dd42015f6f61801,0.9526317646053684,CFG731_7ffc09802c7b60bf,2,0.44932304906895665,False,SYNTHETIC,synthetic_engineer_v1
RFQ731-004550,X731,2,CFG731_79377060f99f59f3,0.3739748750713343,CFG731_f8b0b03f1ea66d75,2,0.24640181785956963,False,SYNTHETIC,synthetic_engineer_v1
RFQ731-004551,X731,4,CFG731_b7e96d5717c40fd6,0.936842433599158,CFG731_5e2afc74c0c26cfc,2,0.8654136294395866,False,SYNTHETIC,synthetic_engineer_v1
RFQ731-004552,G731CA,1,CFG731_ed85647cd384c17a,0.8353384920186616,CFG731_ed85647cd384c17a,1,0.8353384920186616,True,SYNTHETIC,synthetic_engineer_v1
RFQ731-004553,G731ST-LT,4,CFG731_715a3d3226cbaffd,0.9210535843019474,CFG731_9548d55d92816998,2,0.8496240651593759,False,SYNTHETIC,synthetic_engineer_v1
RFQ731-004554,X731,2,CFG731_11da8cc369b71f5a,0.881203148790797,CFG731_7630270d2245c283,2,0.3952791769628978,False,SYNTHETIC,synthetic_engineer_v1
RFQ731-004555,G731ST-LT,4,CFG731_d124ccffa669c3a2,0.9210533294439474,CFG731_e565a13ef4701c2d,3,0.8353389020516616,False,SYNTHETIC,synthetic_engineer_v1
RFQ731-004556,X731,4,CFG731_5e61ce3b60d15e11,0.9368424348611579,CFG731_d08d05393d04fb8a,4,0.2522837994067461,False,SYNTHETIC,synthetic_engineer_v1
RFQ731-004557,F731WD_DUALCHANNEL,2,CFG731_cd1c2b236ffda331,0.78797019496603,CFG731_cd1c2b236ffda331,1,0.78797019496603,True,SYNTHETIC,synthetic_engineer_v1
RFQ731-004558,X731,4,CFG731_8eb1a4c3831aebc6,0.8496244118683759,CFG731_b2ad61cdb45a54fb,4,0.3515673857763003,False,SYNTHETIC,synthetic_engineer_v1
RFQ731-004559,X731,16,CFG731_e08dfad4737be3d9,0.9052637830947369,CFG731_8bd839e0c8855562,16,0.21004331836644274,False,SYNTHETIC,synthetic_engineer_v1
RFQ731-004560,X731,1,CFG731_32b1041fd68aac23,0.881203882395797,CFG731_32b1041fd68aac23,1,0.881203882395797,True,SYNTHETIC,synthetic_engineer_v1
RFQ731-004561,X731,2,CFG731_ddd1ce28a3456ff6,0.8654141939385865,CFG731_fa2849b259355775,2,0.8511286769388722,False,SYNTHETIC,synthetic_engineer_v1
RFQ731-004562,G731ST-LT,11,CFG731_996314000fcfec4b,0.9052639691037369,CFG731_23b68b2dd2793a5e,10,0.34055815707379566,False,SYNTHETIC,synthetic_engineer_v1
RFQ731-004563,X731,2,CFG731_9755a9db60d7534d,0.8338349229411655,CFG731_5be5a82ac0b29989,2,0.341844530557678,False,SYNTHETIC,synthetic_engineer_v1
RFQ731-004564,F731PW,1,CFG731_a9f22ebc14287e5d,0.818045645941955,CFG731_a9f22ebc14287e5d,1,0.818045645941955,True,SYNTHETIC,synthetic_engineer_v1
RFQ731-004565,X731,7,CFG731_83f956404d04e6cd,0.849624930733376,CFG731_5d2495d91e9fa868,7,0.23300172002471212,False,SYNTHETIC,synthetic_engineer_v1
RFQ731-004566,G731ST-LT,2,CFG731_715a3d3226cbaffd,0.9368430836601579,CFG731_d5af433b36265df1,2,0.8939855129230151,False,SYNTHETIC,synthetic_engineer_v1
RFQ731-004567,G731ST-HT,2,CFG731_bbffb73f3dff6787,0.9368429526811579,CFG731_c0eb036469c0bf44,2,0.4335341485567461,False,SYNTHETIC,synthetic_engineer_v1
RFQ731-004568,X731,7,CFG731_c39096767a7ae083,0.9210530635899473,CFG731_db8bcd9b778dd779,5,0.365906422197418,False,SYNTHETIC,synthetic_engineer_v1
RFQ731-004569,G731CA,1,CFG731_495876b6233d3864,0.48704601007277093,CFG731_495876b6233d3864,1,0.48704601007277093,True,SYNTHETIC,synthetic_engineer_v1
RFQ731-004570,F731WD_SINGLECHANNEL,2,CFG731_a7d2a5a9ae465701,0.7879708633170301,CFG731_ee8e327bbb737abf,2,0.7879701084380301,False,SYNTHETIC,synthetic_engineer_v1
RFQ731-004571,X731,2,CFG731_d27f5f5f307014a8,0.8654141238115866,CFG731_9a3bcb48249a8b49,2,0.37949004168568734,False,SYNTHETIC,synthetic_engineer_v1
RFQ731-004572,F731PW,1,CFG731_a9f22ebc14287e5d,0.8180455144739549,CFG731_a9f22ebc14287e5d,1,0.8180455144739549,True,SYNTHETIC,synthetic_engineer_v1
RFQ731-004573,X731,2,CFG731_2be17a56b0589fd1,0.9368425450411579,CFG731_c517a14f9cf12c39,2,0.4335338579857461,False,SYNTHETIC,synthetic_engineer_v1
RFQ731-004574,G731ST-LT,2,CFG731_0fdf5c36c9c41e69,0.8654143744945865,CFG731_166343048c227f3c,2,0.8654142951765865,False,SYNTHETIC,synthetic_engineer_v1
RFQ731-004575,X731,4,CFG731_d40b624cb7b84a81,0.849625042554376,CFG731_bd855923d3e893b6,4,0.23539104641806505,False,SYNTHETIC,synthetic_engineer_v1
RFQ731-004576,X731,2,CFG731_cb6654d77e7e4d72,0.33541054286326627,CFG731_cb6654d77e7e4d72,1,0.33541054286326627,True,SYNTHETIC,synthetic_engineer_v1
RFQ731-004577,X731,8,CFG731_11da8cc369b71f5a,0.8496249295853759,CFG731_e6cd7fd757de0523,8,0.23281752918530033,False,SYNTHETIC,synthetic_engineer_v1
RFQ731-004578,F731TE,1,CFG731_3d8c1bbc0ef4249a,0.4712566363845604,CFG731_3d8c1bbc0ef4249a,1,0.4712566363845604,True,SYNTHETIC,synthetic_engineer_v1
RFQ731-004579,X731,1,CFG731_5e57a3f6d3b745b8,0.9210529825229473,CFG731_5e57a3f6d3b745b8,1,0.9210529825229473,True,SYNTHETIC,synthetic_engineer_v1
RFQ731-004580,X731,6,CFG731_c887ba58c35036a9,0.9052634462167369,CFG731_3d3b1ab589678df9,3,0.469234308693031,False,SYNTHETIC,synthetic_engineer_v1
RFQ731-004581,X731,2,CFG731_6e096e946540ab4e,0.881203455883797,CFG731_6b36d25fda044bf5,2,0.8669180403040826,False,SYNTHETIC,synthetic_engineer_v1
RFQ731-004582,G731ST-LT,2,CFG731_d124ccffa669c3a2,0.9368427892611579,CFG731_a57ffd88d58eb498,2,0.8939855671750151,False,SYNTHETIC,synthetic_engineer_v1
RFQ731-004583,X731,6,CFG731_da02526d254e2e35,0.9052638048327368,CFG731_31b82ee906484bbd,3,0.469233866005031,False,SYNTHETIC,synthetic_engineer_v1
RFQ731-004584,X731,3,CFG731_40e06ca56bd88fa1,0.3636999265204768,CFG731_3f43e18524472dbe,3,0.3574498532234768,False,SYNTHETIC,synthetic_engineer_v1
RFQ731-004585,X731,6,CFG731_da02526d254e2e35,0.9052638618287369,CFG731_31b82ee906484bbd,3,0.469234332841031,False,SYNTHETIC,synthetic_engineer_v1
RFQ731-004586,X731,3,CFG731_97796c9ac2811c94,0.8654144258655865,CFG731_b2229c50a5d9ad96,3,0.37636423602268726,False,SYNTHETIC,synthetic_engineer_v1
RFQ731-004587,X731,2,CFG731_db395082b1a3b8ac,0.9052633855627369,CFG731_73e28cb740f9cabe,2,0.3357784457720898,False,SYNTHETIC,synthetic_engineer_v1
RFQ731-004588,X731,4,CFG731_12d9cb8d41e8f486,0.8654142491405865,CFG731_0893c2d75c71d33c,4,0.36735739851351085,False,SYNTHETIC,synthetic_engineer_v1
RFQ731-004589,G731ST-HT,4,CFG731_8b18ac1c34209d63,0.9210528046059473,CFG731_d44e54f35ee15977,3,0.8353384902346616,False,SYNTHETIC,synthetic_engineer_v1
RFQ731-004590,G731VG,1,CFG731_cfb2b92dd8f09f39,0.8511286505598722,CFG731_cfb2b92dd8f09f39,1,0.8511286505598722,True,SYNTHETIC,synthetic_engineer_v1
RFQ731-004591,X731,1,CFG731_1b5b895b5e259903,0.9210534034999474,CFG731_1b5b895b5e259903,1,0.9210534034999474,True,SYNTHETIC,synthetic_engineer_v1
RFQ731-004592,X731,1,CFG731_9fa436b39059149d,0.4831852407161239,CFG731_9fa436b39059149d,1,0.4831852407161239,True,SYNTHETIC,synthetic_engineer_v1
RFQ731-004593,F731PW,1,CFG731_7fea22051dcc86b6,0.8180457818719549,CFG731_7fea22051dcc86b6,1,0.8180457818719549,True,SYNTHETIC,synthetic_engineer_v1
RFQ731-004594,G731CA,2,CFG731_04d132f563cdece8,0.8037596388392405,CFG731_04d132f563cdece8,1,0.8037596388392405,True,SYNTHETIC,synthetic_engineer_v1
RFQ731-004595,X731,3,CFG731_b1693ef6b18686ac,0.4989749047123344,CFG731_32dadb8e9fd49d04,2,0.37066653234292257,False,SYNTHETIC,synthetic_engineer_v1
RFQ731-004596,X731,2,CFG731_70b38ab75d3ca724,0.8654140525495865,CFG731_70b38ab75d3ca724,1,0.8654140525495865,True,SYNTHETIC,synthetic_engineer_v1
RFQ731-004597,X731,2,CFG731_0db950a4979d2c52,0.9526323152763684,CFG731_36d7686aca1200ae,2,0.4493228195679566,False,SYNTHETIC,synthetic_engineer_v1
RFQ731-004598,X731,7,CFG731_1d7625425d9a9146,0.8496247352833759,CFG731_2b5aa7df11e558a1,7,0.2273032295479474,False,SYNTHETIC,synthetic_engineer_v1
RFQ731-004599,X731,4,CFG731_608c0251ef380592,0.9210533990839473,CFG731_3727d181b2806370,3,0.4850237817412415,False,SYNTHETIC,synthetic_engineer_v1
RFQ731-004600,G731ST-LT,4,CFG731_d124ccffa669c3a2,0.9210533048039473,CFG731_6e088ee30195b6c4,3,0.48539107501006507,False,SYNTHETIC,synthetic_engineer_v1
RFQ731-004601,X731,2,CFG731_f87794e7a98d0b11,0.9526320038103684,CFG731_dca3d8725270dd93,2,0.44932313776395666,False,SYNTHETIC,synthetic_engineer_v1
RFQ731-004602,X731,3,CFG731_fb16e30f5bbb87f2,0.8353388958266617,CFG731_a9ec8cda9130252f,2,0.36443585296612385,False,SYNTHETIC,synthetic_engineer_v1
RFQ731-004603,F731WD_DUALCHANNEL,2,CFG731_35ed22cad11f9a11,0.8037599280402405,CFG731_783ba1dc5751818d,2,0.3810178363425852,False,SYNTHETIC,synthetic_engineer_v1
RFQ731-004604,X731,2,CFG731_da02526d254e2e35,0.936842756182158,CFG731_efc9d6b915117e15,2,0.8939851169920151,False,SYNTHETIC,synthetic_engineer_v1
RFQ731-004605,X731,1,CFG731_1b5b895b5e259903,0.9210536029819474,CFG731_1b5b895b5e259903,1,0.9210536029819474,True,SYNTHETIC,synthetic_engineer_v1
RFQ731-004606,X731,3,CFG731_6e096e946540ab4e,0.8654144996745865,CFG731_312da2fbbd3df3eb,3,0.5028350398159814,False,SYNTHETIC,synthetic_engineer_v1
RFQ731-004607,G731ST-HT,4,CFG731_63eca10a00ae1f5d,0.9210532117689474,CFG731_a4416ae9d698efa6,3,0.48539124957406504,False,SYNTHETIC,synthetic_engineer_v1
RFQ731-004608,X731,1,CFG731_62d0f0f6bab9bdcb,0.9526320744153683,CFG731_62d0f0f6bab9bdcb,1,0.9526320744153683,True,SYNTHETIC,synthetic_engineer_v1
RFQ731-004609,X731,2,CFG731_32b1041fd68aac23,0.8654139168885865,CFG731_7e8127b22098c853,2,0.3794894252726873,False,SYNTHETIC,synthetic_engineer_v1
RFQ731-004610,G731ST-HT,2,CFG731_d03860c1f327a8d1,0.8654143743795866,CFG731_d03860c1f327a8d1,1,0.8654143743795866,True,SYNTHETIC,synthetic_engineer_v1
RFQ731-004611,G731CA,2,CFG731_817824ee3a762453,0.8037594647822406,CFG731_2cb814ee06486282,2,0.4554670136913499,False,SYNTHETIC,synthetic_engineer_v1
RFQ731-004612,F731TE,2,CFG731_f79503cf8f87ea49,0.7879709005780301,CFG731_f79503cf8f87ea49,1,0.7879709005780301,True,SYNTHETIC,synthetic_engineer_v1
RFQ731-004613,X731,4,CFG731_8d2d91c46ccfb471,0.9368427357831579,CFG731_b848918cab1cb35d,3,0.4989751104363344,False,SYNTHETIC,synthetic_engineer_v1
RFQ731-004614,F731TE,1,CFG731_ac57adca497d644f,0.4712566553685604,CFG731_ac57adca497d644f,1,0.4712566553685604,True,SYNTHETIC,synthetic_engineer_v1
RFQ731-004615,F731PW,1,CFG731_f9fd6a4462ec051a,0.8180457933939549,CFG731_f9fd6a4462ec051a,1,0.8180457933939549,True,SYNTHETIC,synthetic_engineer_v1
RFQ731-004616,G731ST-HT,4,CFG731_bbffb73f3dff6787,0.9210528285229473,CFG731_920bf82480de0a61,3,0.8353392713406615,False,SYNTHETIC,synthetic_engineer_v1
RFQ731-004617,G731CA,2,CFG731_817824ee3a762453,0.8037602716152406,CFG731_2cb814ee06486282,2,0.4554673280433499,False,SYNTHETIC,synthetic_engineer_v1
RFQ731-004618,X731,3,CFG731_83f956404d04e6cd,0.8654140055005866,CFG731_b5a071e920590337,3,0.5028351153009814,False,SYNTHETIC,synthetic_engineer_v1
RFQ731-004619,G731ST-LT,3,CFG731_d124ccffa669c3a2,0.9368427245311579,CFG731_50a4a25852666336,3,0.3691955898006285,False,SYNTHETIC,synthetic_engineer_v1
RFQ731-004620,X731,7,CFG731_ad0a2fd7350b6cca,0.849624858464376,CFG731_48cdab7e27c13199,7,0.23281770596430032,False,SYNTHETIC,synthetic_engineer_v1
RFQ731-004621,X731,4,CFG731_cf543b1c3927ab71,0.9210535740999474,CFG731_4a3529e56644911e,4,0.23686215493935917,False,SYNTHETIC,synthetic_engineer_v1
RFQ731-004622,X731,4,CFG731_62d0f0f6bab9bdcb,0.9210535021909474,CFG731_57b3b3a6958ee330,3,0.48539183717506507,False,SYNTHETIC,synthetic_engineer_v1
RFQ731-004623,X731,4,CFG731_ad0a2fd7350b6cca,0.8654137710485865,CFG731_9defb51135f6ef11,3,0.37985765972951085,False,SYNTHETIC,synthetic_engineer_v1
RFQ731-004624,X731,6,CFG731_516629085c122a4e,0.9052637022937369,CFG731_7986bd8f29a06f04,3,0.469234310769031,False,SYNTHETIC,synthetic_engineer_v1
RFQ731-004625,X731,2,CFG731_5dd42015f6f61801,0.9526325215383684,CFG731_3d652e6a54b1c68b,2,0.38719111659378014,False,SYNTHETIC,synthetic_engineer_v1
RFQ731-004626,G731ST-HT,4,CFG731_4aa7d46b9cfa7d7b,0.9210533433409474,CFG731_ff04d32ca467d2a5,4,0.35763408240988853,False,SYNTHETIC,synthetic_engineer_v1
RFQ731-004627,X731,7,CFG731_b4987f1c95e91d0d,0.9052635352917369,CFG731_2451b1d5b9cd9ccd,6,0.344234527527031,False,SYNTHETIC,synthetic_engineer_v1
RFQ731-004628,G731CA,2,CFG731_98ec9650b5463fd0,0.8037594309802406,CFG731_98ec9650b5463fd0,1,0.8037594309802406,True,SYNTHETIC,synthetic_engineer_v1
RFQ731-004629,G731ST-LT,2,CFG731_d124ccffa669c3a2,0.9368424739921579,CFG731_ae2e4cfccaff4f50,2,0.43353358674174614,False,SYNTHETIC,synthetic_engineer_v1
RFQ731-004630,X731,1,CFG731_4d7e108ea05eeb07,0.9210532165799473,CFG731_4d7e108ea05eeb07,1,0.9210532165799473,True,SYNTHETIC,synthetic_engineer_v1
RFQ731-004631,X731,4,CFG731_32b1041fd68aac23,0.849624911361376,CFG731_54eb49b16de55b41,4,0.35340627401341795,False,SYNTHETIC,synthetic_engineer_v1
RFQ731-004632,X731,6,CFG731_0fbee36816b7af98,0.849624851342376,CFG731_6d5d368a9b4b9e2f,6,0.23539175960006503,False,SYNTHETIC,synthetic_engineer_v1
RFQ731-004633,X731,4,CFG731_cf543b1c3927ab71,0.9210534054199473,CFG731_953eb2d6f6ffc3a0,4,0.3515680406043003,False,SYNTHETIC,synthetic_engineer_v1
RFQ731-004634,G731ST-HT,1,CFG731_8b18ac1c34209d63,0.9526320500193683,CFG731_8b18ac1c34209d63,1,0.9526320500193683,True,SYNTHETIC,synthetic_engineer_v1
RFQ731-004635,X731,2,CFG731_34247ec265566826,0.3669893221576873,CFG731_34247ec265566826,1,0.3669893221576873,True,SYNTHETIC,synthetic_engineer_v1
RFQ731-004636,X731,4,CFG731_b65f8c1aefa2a95b,0.46739590907291334,CFG731_f3b867931d904122,3,0.2221750447206192,False,SYNTHETIC,synthetic_engineer_v1
RFQ731-004637,X731,4,CFG731_5dd42015f6f61801,0.936842980402158,CFG731_c7103e34e50d624a,4,0.24823958339568727,False,SYNTHETIC,synthetic_engineer_v1
RFQ731-004638,X731,8,CFG731_62d0f0f6bab9bdcb,0.9052639537487369,CFG731_7b9680fed3d10056,8,0.22254265510544272,False,SYNTHETIC,synthetic_engineer_v1
RFQ731-004639,X731,1,CFG731_5d345c0f49f6f272,0.8669173794160826,CFG731_5d345c0f49f6f272,1,0.8669173794160826,True,SYNTHETIC,synthetic_engineer_v1
RFQ731-004640,X731,2,CFG731_241d60e6ef5278be,0.8654142793945865,CFG731_7b80fca32fdc0db0,2,0.8511281655488722,False,SYNTHETIC,synthetic_engineer_v1
RFQ731-004641,X731,5,CFG731_20e62aeb01c953da,0.849624219544376,CFG731_a9a3aec4d12a20b6,5,0.2298768043427121,False,SYNTHETIC,synthetic_engineer_v1
RFQ731-004642,X731,2,CFG731_c775e192f3d489e9,0.8338354966661655,CFG731_fd7b09f495a568bc,2,0.8195493389504511,False,SYNTHETIC,synthetic_engineer_v1
RFQ731-004643,G731ST-LT,2,CFG731_ab4075c601d1397c,0.8654140430385865,CFG731_1d59f25068204b01,2,0.37342334613909905,False,SYNTHETIC,synthetic_engineer_v1
RFQ731-004644,X731,1,CFG731_5dd42015f6f61801,0.9684214163935789,CFG731_5dd42015f6f61801,1,0.9684214163935789,True,SYNTHETIC,synthetic_engineer_v1
RFQ731-004645,X731,1,CFG731_8d07e19298d09d34,0.881203576568797,CFG731_8d07e19298d09d34,1,0.881203576568797,True,SYNTHETIC,synthetic_engineer_v1
RFQ731-004646,G731ST-LT,10,CFG731_a40ab19ad6671fbe,0.9052636339967369,CFG731_77fac91021549398,5,0.4686827153447957,False,SYNTHETIC,synthetic_engineer_v1
RFQ731-004647,X731,2,CFG731_8189439864af87ea,0.8338350277101655,CFG731_76d13dd0246c6ccc,2,0.341844892496678,False,SYNTHETIC,synthetic_engineer_v1
RFQ731-004648,G731ST-HT,11,CFG731_a3b03637ed22317c,0.9052632377107369,CFG731_ff5d8da56ff22796,10,0.34055756844179563,False,SYNTHETIC,synthetic_engineer_v1
RFQ731-004649,F731TE,1,CFG731_07fb816f7dc25bc8,0.8338348588561655,CFG731_07fb816f7dc25bc8,1,0.8338348588561655,True,SYNTHETIC,synthetic_engineer_v1
RFQ731-004650,X731,2,CFG731_f3fed379f1eb01f9,0.8338348838451655,CFG731_0a1a1c7c495ec1de,2,0.8195494126754511,False,SYNTHETIC,synthetic_engineer_v1
RFQ731-004651,X731,6,CFG731_bcec8ceac2dbcc79,0.8338350415511655,CFG731_ca8649ba85200ffb,5,0.22033755803350155,False,SYNTHETIC,synthetic_engineer_v1
RFQ731-004652,G731ST-LT,2,CFG731_2db6c530f35d47b9,0.8654143535315866,CFG731_2db6c530f35d47b9,1,0.8654143535315866,True,SYNTHETIC,synthetic_engineer_v1
RFQ731-004653,G731ST-HT,2,CFG731_2a989bd6dba74d9f,0.8654137077685865,CFG731_31715eb409a1602f,2,0.8511283755878721,False,SYNTHETIC,synthetic_engineer_v1
RFQ731-004654,G731ST-LT,2,CFG731_7203705eed387b0a,0.8654142429895865,CFG731_3c070a82e4102784,2,0.8511286550028722,False,SYNTHETIC,synthetic_engineer_v1
RFQ731-004655,G731ST-HT,8,CFG731_4aa7d46b9cfa7d7b,0.9052633532977369,CFG731_ad49f2ad57627f46,8,0.3328373929525016,False,SYNTHETIC,synthetic_engineer_v1
RFQ731-004656,G731ST-HT,4,CFG731_a3b03637ed22317c,0.9210534613319473,CFG731_0c11243388e65244,2,0.8496248369013759,False,SYNTHETIC,synthetic_engineer_v1
RFQ731-004657,X731,2,CFG731_62d0f0f6bab9bdcb,0.9368423952311579,CFG731_9fcbeaf9d5010d3a,2,0.43353356774074614,False,SYNTHETIC,synthetic_engineer_v1
RFQ731-004658,X731,4,CFG731_60f3aae8ede70fe0,0.936842235421158,CFG731_39890affe81b5eb5,3,0.4989754320533344,False,SYNTHETIC,synthetic_engineer_v1
RFQ731-004659,X731,14,CFG731_abcee67081353f16,0.8894741300325263,CFG731_82556c55b0de9a67,14,0.19645980668017335,False,SYNTHETIC,synthetic_engineer_v1
RFQ731-004660,X731,18,CFG731_0db950a4979d2c52,0.9052637381157369,CFG731_d2236ffbce524a06,17,0.21702803439408977,False,SYNTHETIC,synthetic_engineer_v1
RFQ731-004661,X731,2,CFG731_77a90bfd81b5c2c1,0.4989745361603344,CFG731_77a90bfd81b5c2c1,1,0.4989745361603344,True,SYNTHETIC,synthetic_engineer_v1
RFQ731-004662,G731CA,1,CFG731_d2a75fda6f761c1b,0.4870459223827709,CFG731_d2a75fda6f761c1b,1,0.4870459223827709,True,SYNTHETIC,synthetic_engineer_v1
RFQ731-004663,F731TE,2,CFG731_0c3b33750ffab3ac,0.7879702944530301,CFG731_0c3b33750ffab3ac,1,0.7879702944530301,True,SYNTHETIC,synthetic_engineer_v1
RFQ731-004664,X731,4,CFG731_e08dfad4737be3d9,0.9368421533471579,CFG731_ef4cf0e053e2d332,2,0.8654143926025866,False,SYNTHETIC,synthetic_engineer_v1
RFQ731-004665,X731,2,CFG731_fb1ab4b34e9c8a75,0.8654142020905865,CFG731_5d42a8deb0fcb3d7,2,0.8654140632115865,False,SYNTHETIC,synthetic_engineer_v1
RFQ731-004666,G731ST-HT,4,CFG731_a3b03637ed22317c,0.9210532730219474,CFG731_30d0a49acd35b928,3,0.48539153297006504,False,SYNTHETIC,synthetic_engineer_v1
RFQ731-004667,X731,7,CFG731_97796c9ac2811c94,0.8338346756041655,CFG731_25c733523f45b8a2,7,0.22033755969950156,False,SYNTHETIC,synthetic_engineer_v1
RFQ731-004668,X731,4,CFG731_da02526d254e2e35,0.9210532955529473,CFG731_b1531976c0d80b4a,3,0.4850237152612415,False,SYNTHETIC,synthetic_engineer_v1
RFQ731-004669,X731,4,CFG731_5e61ce3b60d15e11,0.9368424431461579,CFG731_c11c5ee5deff9a1e,3,0.5011803915202756,False,SYNTHETIC,synthetic_engineer_v1
RFQ731-004670,G731CA,1,CFG731_95a64c12c70f922a,0.8353384687336616,CFG731_95a64c12c70f922a,1,0.8353384687336616,True,SYNTHETIC,synthetic_engineer_v1
RFQ731-004671,G731ST-LT,1,CFG731_7882c72c21497015,0.9526319033923684,CFG731_7882c72c21497015,1,0.9526319033923684,True,SYNTHETIC,synthetic_engineer_v1
RFQ731-004672,X731,6,CFG731_3b2a32abbf148ca1,0.9210528350449474,CFG731_ade755d80d357018,5,0.23649454414653562,False,SYNTHETIC,synthetic_engineer_v1
RFQ731-004673,F731WD_DUALCHANNEL,1,CFG731_a4610f5f38e7d946,0.8338350290871654,CFG731_a4610f5f38e7d946,1,0.8338350290871654,True,SYNTHETIC,synthetic_engineer_v1
RFQ731-004674,G731ST-LT,11,CFG731_e0009be417f51ccd,0.9052638859517369,CFG731_5be384035f37d372,10,0.34055743266979566,False,SYNTHETIC,synthetic_engineer_v1
RFQ731-004675,X731,4,CFG731_608c0251ef380592,0.9210530270649473,CFG731_3727d181b2806370,3,0.48502348549824154,False,SYNTHETIC,synthetic_engineer_v1
RFQ731-004676,G731ST-LT,2,CFG731_7882c72c21497015,0.936842355192158,CFG731_e6c0885eb14e429c,2,0.4335337073407461,False,SYNTHETIC,synthetic_engineer_v1
RFQ731-004677,G731ST-LT,1,CFG731_32b4b1ec4513af66,0.881203788100797,CFG731_32b4b1ec4513af66,1,0.881203788100797,True,SYNTHETIC,synthetic_engineer_v1
RFQ731-004678,G731ST-HT,8,CFG731_63eca10a00ae1f5d,0.9052634439157369,CFG731_1060da033d1aaed1,6,0.4019552563833251,False,SYNTHETIC,synthetic_engineer_v1
RFQ731-004679,F731WD_DUALCHANNEL,1,CFG731_819cb4e76943eca6,0.8195493798154512,CFG731_819cb4e76943eca6,1,0.8195493798154512,True,SYNTHETIC,synthetic_engineer_v1
RFQ731-004680,X731,3,CFG731_32a4bb12438a37ab,0.936842639457158,CFG731_d3db38843cf9fb81,3,0.8511278953358722,False,SYNTHETIC,synthetic_engineer_v1
RFQ731-004681,X731,2,CFG731_9a0f0b26c7f24725,0.881204002544797,CFG731_9a0f0b26c7f24725,1,0.881204002544797,True,SYNTHETIC,synthetic_engineer_v1
RFQ731-004682,G731ST-LT,1,CFG731_10085782ed0991cf,0.881203045442797,CFG731_10085782ed0991cf,1,0.881203045442797,True,SYNTHETIC,synthetic_engineer_v1
RFQ731-004683,X731,1,CFG731_6f8c15548921e4c2,0.9210534589819473,CFG731_6f8c15548921e4c2,1,0.9210534589819473,True,SYNTHETIC,synthetic_engineer_v1
RFQ731-004684,X731,6,CFG731_0db950a4979d2c52,0.9368427264141579,CFG731_243419c6708378b3,5,0.5002619481442168,False,SYNTHETIC,synthetic_engineer_v1
RFQ731-004685,X731,2,CFG731_cf4bb519cec0df2f,0.881203776229797,CFG731_cf4bb519cec0df2f,1,0.881203776229797,True,SYNTHETIC,synthetic_engineer_v1
RFQ731-004686,G731CA,2,CFG731_4189e4dbecbffadb,0.4554671697953499,CFG731_b43582909c828d95,2,0.38304018053611455,False,SYNTHETIC,synthetic_engineer_v1
RFQ731-004687,X731,2,CFG731_e80085d86d0bbfa9,0.881203969266797,CFG731_cf4bb519cec0df2f,2,0.881203025652797,False,SYNTHETIC,synthetic_engineer_v1
RFQ731-004688,X731,2,CFG731_516629085c122a4e,0.936842361848158,CFG731_fe9a409c6b2ba9cc,2,0.4335336430887461,False,SYNTHETIC,synthetic_engineer_v1
RFQ731-004689,G731CA,2,CFG731_16b53411ff7f6c9b,0.31888638826240867,CFG731_4af82641f975d9aa,2,0.31612889414823225,False,SYNTHETIC,synthetic_engineer_v1
RFQ731-004690,F731PW,2,CFG731_327bfa077bbbd45e,0.36725094233790406,CFG731_00f08838a21d3799,2,0.18269181119949227,False,SYNTHETIC,synthetic_engineer_v1
RFQ731-004691,X731,11,CFG731_3bcde7f8df32303c,0.849624998416376,CFG731_0318c2a0a1c0c588,10,0.23281804661630032,False,SYNTHETIC,synthetic_engineer_v1
RFQ731-004692,X731,3,CFG731_31aa13473958d7d3,0.8654138973945865,CFG731_205404302204a46b,3,0.36845975429598143,False,SYNTHETIC,synthetic_engineer_v1
RFQ731-004693,X731,8,CFG731_8c50542218db5cb0,0.9052639147727369,CFG731_5e50b9bcbfa0b051,8,0.40195439991332504,False,SYNTHETIC,synthetic_engineer_v1
RFQ731-004694,X731,2,CFG731_af5b0ebc51685059,0.881203430758797,CFG731_af5b0ebc51685059,1,0.881203430758797,True,SYNTHETIC,synthetic_engineer_v1
RFQ731-004695,X731,1,CFG731_14299a2a74e42d7f,0.9210527872859473,CFG731_14299a2a74e42d7f,1,0.9210527872859473,True,SYNTHETIC,synthetic_engineer_v1
RFQ731-004696,X731,7,CFG731_608c0251ef380592,0.9052637501797369,CFG731_33c8c685d7c8530a,7,0.40195453585632507,False,SYNTHETIC,synthetic_engineer_v1
RFQ731-004697,X731,4,CFG731_5dd42015f6f61801,0.9368423379551579,CFG731_3a6a87d7cf07cb7c,3,0.8511284292788722,False,SYNTHETIC,synthetic_engineer_v1
RFQ731-004698,G731ST-LT,4,CFG731_d124ccffa669c3a2,0.9210534180719473,CFG731_e565a13ef4701c2d,3,0.8353385168216616,False,SYNTHETIC,synthetic_engineer_v1
RFQ731-004699,G731ST-HT,2,CFG731_cc9ac35e4d9a1854,0.9368430706571579,CFG731_143205a81a2e7efc,2,0.43353382967474613,False,SYNTHETIC,synthetic_engineer_v1
RFQ731-004700,X731,6,CFG731_8d2d91c46ccfb471,0.9210531037499473,CFG731_800f2acd9158b556,2,0.48318565772412386,False,SYNTHETIC,synthetic_engineer_v1
RFQ731-004701,G731CA,1,CFG731_55e37d2b9d20276c,0.8353391395076616,CFG731_55e37d2b9d20276c,1,0.8353391395076616,True,SYNTHETIC,synthetic_engineer_v1
RFQ731-004702,G731ST-HT,2,CFG731_a56f1437a0b4ca31,0.8654140002745865,CFG731_646d8903da63e1f0,2,0.8654136072035865,False,SYNTHETIC,synthetic_engineer_v1
RFQ731-004703,G731ST-HT,4,CFG731_7b2f69a7ca55041b,0.9210535391139474,CFG731_8216f56c8f1b8479,3,0.48539154967506504,False,SYNTHETIC,synthetic_engineer_v1
RFQ731-004704,X731,3,CFG731_dc321f785d65411f,0.37691644633592264,CFG731_2508e54db960a3b8,3,0.2541223171108638,False,SYNTHETIC,synthetic_engineer_v1
RFQ731-004705,X731,7,CFG731_608c0251ef380592,0.9052639173987369,CFG731_33c8c685d7c8530a,6,0.40195512711732506,False,SYNTHETIC,synthetic_engineer_v1
RFQ731-004706,X731,4,CFG731_60f3aae8ede70fe0,0.9368427377271579,CFG731_36045858c7c7e468,3,0.500813147697452,False,SYNTHETIC,synthetic_engineer_v1
RFQ731-004707,X731,1,CFG731_e8e7b7513a5c9544,0.3827795099218978,CFG731_e8e7b7513a5c9544,1,0.3827795099218978,True,SYNTHETIC,synthetic_engineer_v1
RFQ731-004708,F731TE,1,CFG731_54559f782190a122,0.8338346006771655,CFG731_54559f782190a122,1,0.8338346006771655,True,SYNTHETIC,synthetic_engineer_v1
RFQ731-004709,X731,1,CFG731_241d60e6ef5278be,0.881203208872797,CFG731_241d60e6ef5278be,1,0.881203208872797,True,SYNTHETIC,synthetic_engineer_v1
RFQ731-004710,X731,4,CFG731_c39096767a7ae083,0.9368430008671579,CFG731_618cb6c1c21feda4,3,0.5011807436502755,False,SYNTHETIC,synthetic_engineer_v1
RFQ731-004711,G731VG,1,CFG731_40b6e1db6c80bcc1,0.8511281998138722,CFG731_40b6e1db6c80bcc1,1,0.8511281998138722,True,SYNTHETIC,synthetic_engineer_v1
RFQ731-004712,X731,6,CFG731_0db950a4979d2c52,0.9368426797851579,CFG731_ecb8a8742e9204c7,6,0.244563109695452,False,SYNTHETIC,synthetic_engineer_v1
RFQ731-004713,G731CA,2,CFG731_452fb8d2c450816e,0.8037603979422405,CFG731_452fb8d2c450816e,1,0.8037603979422405,True,SYNTHETIC,synthetic_engineer_v1
RFQ731-004714,X731,3,CFG731_91e51485b56960b2,0.936842891541158,CFG731_c8d4383220ad607a,2,0.500813326810452,False,SYNTHETIC,synthetic_engineer_v1
RFQ731-004715,G731ST-LT,2,CFG731_32b4b1ec4513af66,0.8654143113835865,CFG731_1138f8ea5fc95654,2,0.8511280455488722,False,SYNTHETIC,synthetic_engineer_v1
RFQ731-004716,X731,3,CFG731_6e096e946540ab4e,0.8654139259505865,CFG731_312da2fbbd3df3eb,3,0.5028353768249814,False,SYNTHETIC,synthetic_engineer_v1
RFQ731-004717,X731,1,CFG731_5a8170a3daa0efb9,0.8496245139483759,CFG731_5a8170a3daa0efb9,1,0.8496245139483759,True,SYNTHETIC,synthetic_engineer_v1
RFQ731-004718,X731,3,CFG731_11da8cc369b71f5a,0.8654135922205866,CFG731_ba17ab216ae91e1a,3,0.3802247583123344,False,SYNTHETIC,synthetic_engineer_v1
RFQ731-004719,X731,2,CFG731_a41a2d2cef1a675f,0.9052633072807369,CFG731_56310c55a01272a3,2,0.3482784758110898,False,SYNTHETIC,synthetic_engineer_v1
RFQ731-004720,G731ST-LT,2,CFG731_d124ccffa669c3a2,0.936842932634158,CFG731_ae2e4cfccaff4f50,2,0.4335335997567461,False,SYNTHETIC,synthetic_engineer_v1
RFQ731-004721,X731,2,CFG731_8f470181ad32eeae,0.8812038264427969,CFG731_147ff4a19b4bcc48,2,0.3813083787986037,False,SYNTHETIC,synthetic_engineer_v1
RFQ731-004722,G731ST-HT,1,CFG731_63eca10a00ae1f5d,0.9526324574523684,CFG731_63eca10a00ae1f5d,1,0.9526324574523684,True,SYNTHETIC,synthetic_engineer_v1
RFQ731-004723,G731ST-HT,4,CFG731_265337e27ab1207c,0.849624822660376,CFG731_efd04893c134641c,4,0.35340611388441795,False,SYNTHETIC,synthetic_engineer_v1
RFQ731-004724,G731ST-LT,2,CFG731_996314000fcfec4b,0.9368421322091579,CFG731_22da0d6030817265,2,0.4335337837087461,False,SYNTHETIC,synthetic_engineer_v1
RFQ731-004725,X731,2,CFG731_dc321f785d65411f,0.39270527873813316,CFG731_dc321f785d65411f,1,0.39270527873813316,True,SYNTHETIC,synthetic_engineer_v1
RFQ731-004726,G731ST-HT,1,CFG731_8b18ac1c34209d63,0.9526323861833684,CFG731_8b18ac1c34209d63,1,0.9526323861833684,True,SYNTHETIC,synthetic_engineer_v1
RFQ731-004727,G731ST-HT,4,CFG731_7b2f69a7ca55041b,0.9210533577329474,CFG731_288e4c99b4e02895,3,0.8353386082666616,False,SYNTHETIC,synthetic_engineer_v1
RFQ731-004728,F731WD_SINGLECHANNEL,2,CFG731_a7d2a5a9ae465701,0.7879700514240301,CFG731_ee8e327bbb737abf,2,0.78797001300303,False,SYNTHETIC,synthetic_engineer_v1
RFQ731-004729,X731,1,CFG731_4cb65cc21b5b9f68,0.37507773990780496,CFG731_4cb65cc21b5b9f68,1,0.37507773990780496,True,SYNTHETIC,synthetic_engineer_v1
RFQ731-004730,X731,1,CFG731_72e5000522fb6a51,0.8496245293143759,CFG731_72e5000522fb6a51,1,0.8496245293143759,True,SYNTHETIC,synthetic_engineer_v1
RFQ731-004731,G731ST-LT,1,CFG731_0fdf5c36c9c41e69,0.881203672288797,CFG731_0fdf5c36c9c41e69,1,0.881203672288797,True,SYNTHETIC,synthetic_engineer_v1
RFQ731-004732,X731,4,CFG731_a6d4830ed3aa2681,0.9210527407059473,CFG731_6004951b9749cb7f,4,0.3526704909677709,False,SYNTHETIC,synthetic_engineer_v1
RFQ731-004733,G731ST-HT,2,CFG731_2a989bd6dba74d9f,0.8654138979525865,CFG731_edb24692d2d3d7ca,2,0.375077605944805,False,SYNTHETIC,synthetic_engineer_v1
RFQ731-004734,G731ST-HT,4,CFG731_a3b03637ed22317c,0.9210527780089474,CFG731_30d0a49acd35b928,3,0.48539184099506505,False,SYNTHETIC,synthetic_engineer_v1
RFQ731-004735,G731ST-LT,2,CFG731_d124ccffa669c3a2,0.9368424728881579,CFG731_16700b9d004fb9de,2,0.4335333300287461,False,SYNTHETIC,synthetic_engineer_v1
RFQ731-004736,G731ST-HT,2,CFG731_329b582435fea539,0.8654144673565866,CFG731_3f42c988dc83cb23,2,0.36551912679039317,False,SYNTHETIC,synthetic_engineer_v1
RFQ731-004737,X731,1,CFG731_11da8cc369b71f5a,0.8969928303990076,CFG731_11da8cc369b71f5a,1,0.8969928303990076,True,SYNTHETIC,synthetic_engineer_v1
RFQ731-004738,G731ST-HT,4,CFG731_329b582435fea539,0.849624326390376,CFG731_b5710e5f11e2cbc2,3,0.4146197454625356,False,SYNTHETIC,synthetic_engineer_v1
RFQ731-004739,X731,5,CFG731_219ac3d01befd6d1,0.9052636560587369,CFG731_85b1e9bcb8b0b8be,3,0.469234187519031,False,SYNTHETIC,synthetic_engineer_v1
RFQ731-004740,X731,3,CFG731_32a4bb12438a37ab,0.9368424771361579,CFG731_d3db38843cf9fb81,3,0.8511279298538722,False,SYNTHETIC,synthetic_engineer_v1
RFQ731-004741,X731,2,CFG731_6e096e946540ab4e,0.881203988803797,CFG731_6b36d25fda044bf5,2,0.8669182931200826,False,SYNTHETIC,synthetic_engineer_v1
RFQ731-004742,X731,2,CFG731_97796c9ac2811c94,0.8654142681105865,CFG731_186348c5f967a6f7,2,0.8654138401955865,False,SYNTHETIC,synthetic_engineer_v1
RFQ731-004743,X731,6,CFG731_fb3a51904298e616,0.8180460130769549,CFG731_c670511258ae4a49,5,0.3306511347337616,False,SYNTHETIC,synthetic_engineer_v1
RFQ731-004744,X731,1,CFG731_c775e192f3d489e9,0.8496247148753759,CFG731_c775e192f3d489e9,1,0.8496247148753759,True,SYNTHETIC,synthetic_engineer_v1
RFQ731-004745,G731ST-HT,4,CFG731_cc9ac35e4d9a1854,0.9210531406359473,CFG731_4d6c56202edf3f41,3,0.48539097926606506,False,SYNTHETIC,synthetic_engineer_v1
RFQ731-004746,G731VG,1,CFG731_6a47b38d62a9fed3,0.8511287892298722,CFG731_6a47b38d62a9fed3,1,0.8511287892298722,True,SYNTHETIC,synthetic_engineer_v1
RFQ731-004747,X731,3,CFG731_516629085c122a4e,0.9210533864439473,CFG731_48a4e554ffcf39e6,3,0.4850241755402415,False,SYNTHETIC,synthetic_engineer_v1
RFQ731-004748,G731ST-LT,2,CFG731_a40ab19ad6671fbe,0.9368429661111579,CFG731_87d8ba5b87cf0a3f,2,0.4335333300407461,False,SYNTHETIC,synthetic_engineer_v1
RFQ731-004749,X731,3,CFG731_fb1ab4b34e9c8a75,0.8496249190523759,CFG731_555c215c4639435a,3,0.48704538276277093,False,SYNTHETIC,synthetic_engineer_v1
RFQ731-004750,G731ST-LT,2,CFG731_7882c72c21497015,0.9368425062821579,CFG731_4772bedc40328ae2,2,0.4335339768037461,False,SYNTHETIC,synthetic_engineer_v1
RFQ731-004751,X731,5,CFG731_8d07e19298d09d34,0.8338348434091655,CFG731_5cded878b0996b37,5,0.22254299978844272,False,SYNTHETIC,synthetic_engineer_v1
RFQ731-004752,G731ST-HT,7,CFG731_329b582435fea539,0.8338353639061655,CFG731_4b2c0e571415f5cc,7,0.20820519299032506,False,SYNTHETIC,synthetic_engineer_v1
RFQ731-004753,X731,2,CFG731_516629085c122a4e,0.936842126325158,CFG731_fe9a409c6b2ba9cc,2,0.4335336572237461,False,SYNTHETIC,synthetic_engineer_v1
RFQ731-004754,X731,3,CFG731_a70e307c2ffca857,0.9052640914647369,CFG731_695e540255cc94da,3,0.34644048280597217,False,SYNTHETIC,synthetic_engineer_v1
RFQ731-004755,X731,6,CFG731_8f470181ad32eeae,0.8496250526443759,CFG731_550d755cbeee6b89,6,0.22233965510582973,False,SYNTHETIC,synthetic_engineer_v1
RFQ731-004756,X731,20,CFG731_91e51485b56960b2,0.9052641426997369,CFG731_6a549f48808d610a,20,0.21004303586944273,False,SYNTHETIC,synthetic_engineer_v1
RFQ731-004757,X731,3,CFG731_5f9d5671c315ce06,0.48318595826412386,CFG731_3e0ed59efd234410,3,0.23355302611594736,False,SYNTHETIC,synthetic_engineer_v1
RFQ731-004758,F731WD_DUALCHANNEL,4,CFG731_37e3938c6089bb2d,0.7721808323798195,CFG731_d135404efcd6265d,4,0.29171891186786997,False,SYNTHETIC,synthetic_engineer_v1
RFQ731-004759,G731CA,1,CFG731_95a64c12c70f922a,0.8353390013726616,CFG731_95a64c12c70f922a,1,0.8353390013726616,True,SYNTHETIC,synthetic_engineer_v1
RFQ731-004760,F731WD_SINGLECHANNEL,1,CFG731_9a761e6bfde35917,0.39680748562279566,CFG731_9a761e6bfde35917,1,0.39680748562279566,True,SYNTHETIC,synthetic_engineer_v1
RFQ731-004761,G731ST-LT,2,CFG731_996314000fcfec4b,0.9368424999031579,CFG731_455da2f832a6b66d,2,0.8939856961100151,False,SYNTHETIC,synthetic_engineer_v1
RFQ731-004762,G731ST-HT,4,CFG731_cc9ac35e4d9a1854,0.9210528200819473,CFG731_7c5284fb5f15d1d6,2,0.849624745031376,False,SYNTHETIC,synthetic_engineer_v1
RFQ731-004763,G731ST-LT,2,CFG731_7f5bfa7b21e81359,0.9368422270831579,CFG731_2469d1b04bd775f6,2,0.4335342030037461,False,SYNTHETIC,synthetic_engineer_v1
RFQ731-004764,F731PW,1,CFG731_f9fd6a4462ec051a,0.8180458381819549,CFG731_f9fd6a4462ec051a,1,0.8180458381819549,True,SYNTHETIC,synthetic_engineer_v1
RFQ731-004765,X731,1,CFG731_6e096e946540ab4e,0.8969926951150076,CFG731_6e096e946540ab4e,1,0.8969926951150076,True,SYNTHETIC,synthetic_engineer_v1
RFQ731-004766,X731,7,CFG731_5dd42015f6f61801,0.9210529341559474,CFG731_d67b44eae58dfe59,2,0.4831851533811239,False,SYNTHETIC,synthetic_engineer_v1
RFQ731-004767,X731,8,CFG731_8c50542218db5cb0,0.9052632550467369,CFG731_5e50b9bcbfa0b051,7,0.40195501039732506,False,SYNTHETIC,synthetic_engineer_v1
RFQ731-004768,X731,4,CFG731_62d0f0f6bab9bdcb,0.9210528843999474,CFG731_57b3b3a6958ee330,3,0.48539171656706503,False,SYNTHETIC,synthetic_engineer_v1
RFQ731-004769,X731,3,CFG731_a6d4830ed3aa2681,0.9210526701919474,CFG731_296392aa95929245,2,0.849624836974376,False,SYNTHETIC,synthetic_engineer_v1
RFQ731-004770,X731,3,CFG731_0db950a4979d2c52,0.9368430814351579,CFG731_8cf35251fcd54982,3,0.500813407083452,False,SYNTHETIC,synthetic_engineer_v1
RFQ731-004771,F731PW,1,CFG731_7fea22051dcc86b6,0.8180455972409549,CFG731_7fea22051dcc86b6,1,0.8180455972409549,True,SYNTHETIC,synthetic_engineer_v1
RFQ731-004772,G731ST-HT,1,CFG731_8b18ac1c34209d63,0.9526317325983684,CFG731_8b18ac1c34209d63,1,0.9526317325983684,True,SYNTHETIC,synthetic_engineer_v1
RFQ731-004773,X731,6,CFG731_f97e51d1da57d99f,0.8338345968401655,CFG731_65c8e8738cafe259,6,0.22033744199350155,False,SYNTHETIC,synthetic_engineer_v1
RFQ731-004774,X731,20,CFG731_e80085d86d0bbfa9,0.818045989576955,CFG731_4afe4cfa02474e97,18,0.20307756453799689,False,SYNTHETIC,synthetic_engineer_v1
RFQ731-004775,X731,2,CFG731_0db950a4979d2c52,0.9526317568293684,CFG731_fa6b5a7df55858c0,2,0.4493228932449566,False,SYNTHETIC,synthetic_engineer_v1
RFQ731-004776,F731WD_SINGLECHANNEL,2,CFG731_70b6eaf9262ca4d0,0.7879708017830301,CFG731_400b0d973c930668,2,0.78797010237103,False,SYNTHETIC,synthetic_engineer_v1
RFQ731-004777,X731,5,CFG731_710090cc99f7a772,0.8180455687879549,CFG731_81fb6648eb2086c4,4,0.3304665400623499,False,SYNTHETIC,synthetic_engineer_v1
RFQ731-004778,G731ST-LT,8,CFG731_7882c72c21497015,0.9052632447707368,CFG731_13c87640928bf666,7,0.4019546161603251,False,SYNTHETIC,synthetic_engineer_v1
RFQ731-004779,X731,1,CFG731_fd3397424975992e,0.4989753414323344,CFG731_fd3397424975992e,1,0.4989753414323344,True,SYNTHETIC,synthetic_engineer_v1
RFQ731-004780,X731,4,CFG731_8d07e19298d09d34,0.849624825592376,CFG731_cbbe948e572a42e8,3,0.4870453479907709,False,SYNTHETIC,synthetic_engineer_v1
RFQ731-004781,F731TE,1,CFG731_ac57adca497d644f,0.4712565708255604,CFG731_ac57adca497d644f,1,0.4712565708255604,True,SYNTHETIC,synthetic_engineer_v1
RFQ731-004782,G731ST-LT,2,CFG731_996314000fcfec4b,0.9368429506591579,CFG731_e03b41992c837b34,2,0.4335341352397461,False,SYNTHETIC,synthetic_engineer_v1
RFQ731-004783,X731,6,CFG731_0fbee36816b7af98,0.8496247095303759,CFG731_c4d0e2da53e6a22c,6,0.2298766600927121,False,SYNTHETIC,synthetic_engineer_v1
RFQ731-004784,G731ST-LT,4,CFG731_715a3d3226cbaffd,0.9210535188719473,CFG731_d3e51804db148a52,3,0.8353388204416616,False,SYNTHETIC,synthetic_engineer_v1
RFQ731-004785,F731PW,1,CFG731_92efd7a3c43da152,0.8180451792539549,CFG731_92efd7a3c43da152,1,0.8180451792539549,True,SYNTHETIC,synthetic_engineer_v1
RFQ731-004786,F731WD_DUALCHANNEL,1,CFG731_2688c6c5fd11ba8e,0.7879700478160301,CFG731_2688c6c5fd11ba8e,1,0.7879700478160301,True,SYNTHETIC,synthetic_engineer_v1
RFQ731-004787,X731,2,CFG731_2be17a56b0589fd1,0.936842260409158,CFG731_353333bad447dbef,2,0.8939850136950152,False,SYNTHETIC,synthetic_engineer_v1
RFQ731-004788,X731,2,CFG731_b7e96d5717c40fd6,0.9526317132733684,CFG731_2683cf7e09782f5e,2,0.9097753118172256,False,SYNTHETIC,synthetic_engineer_v1
RFQ731-004789,X731,3,CFG731_ddd1ce28a3456ff6,0.849624229073376,CFG731_3daa091181ed5329,3,0.2324499788674768,False,SYNTHETIC,synthetic_engineer_v1
RFQ731-004790,G731ST-HT,2,CFG731_646d8903da63e1f0,0.8654138487775865,CFG731_646d8903da63e1f0,1,0.8654138487775865,True,SYNTHETIC,synthetic_engineer_v1
RFQ731-004791,G731ST-LT,2,CFG731_10085782ed0991cf,0.8654141316935865,CFG731_364810dcd7f32a0c,2,0.37507832610980496,False,SYNTHETIC,synthetic_engineer_v1
RFQ731-004792,G731ST-HT,2,CFG731_7b2f69a7ca55041b,0.9368430069451579,CFG731_617247356a7014fb,2,0.8939849680660151,False,SYNTHETIC,synthetic_engineer_v1
RFQ731-004793,X731,7,CFG731_5e61ce3b60d15e11,0.9210526912479473,CFG731_038da5d3a7dc468b,6,0.23539140926506505,False,SYNTHETIC,synthetic_engineer_v1
RFQ731-004794,X731,8,CFG731_672458a8e716cdf8,0.8338355367501655,CFG731_6a919c664c763f98,8,0.2210727423401486,False,SYNTHETIC,synthetic_engineer_v1
RFQ731-004795,X731,1,CFG731_ae226e31119be9bd,0.9210529628619474,CFG731_ae226e31119be9bd,1,0.9210529628619474,True,SYNTHETIC,synthetic_engineer_v1
RFQ731-004796,X731,10,CFG731_a6d4830ed3aa2681,0.8894745213905263,CFG731_c1a1465a132a9c1f,10,0.19351795149458512,False,SYNTHETIC,synthetic_engineer_v1
RFQ731-004797,X731,2,CFG731_960e69befde5f9f6,0.3548770830607121,CFG731_960e69befde5f9f6,1,0.3548770830607121,True,SYNTHETIC,synthetic_engineer_v1
RFQ731-004798,X731,3,CFG731_b4987f1c95e91d0d,0.9210534085409473,CFG731_214b093bf98ca9ef,3,0.4850233651462415,False,SYNTHETIC,synthetic_engineer_v1
RFQ731-004799,X731,2,CFG731_8c50542218db5cb0,0.9368429111781579,CFG731_15f034f7c265528f,2,0.4335333795787461,False,SYNTHETIC,synthetic_engineer_v1
RFQ731-004800,X731,6,CFG731_3b2a32abbf148ca1,0.9210533615499473,CFG731_ade755d80d357018,5,0.23649408566153562,False,SYNTHETIC,synthetic_engineer_v1
RFQ731-004801,G731ST-HT,8,CFG731_63eca10a00ae1f5d,0.9052634401697369,CFG731_1060da033d1aaed1,7,0.40195450243032504,False,SYNTHETIC,synthetic_engineer_v1
RFQ731-004802,X731,2,CFG731_7c358bf1aa4ea94e,0.4831856100151239,CFG731_7a6e9e503add9a86,2,0.23796447102682974,False,SYNTHETIC,synthetic_engineer_v1
RFQ731-004803,X731,5,CFG731_32a4bb12438a37ab,0.9210534290709473,CFG731_8b6eb20d56ad0a7c,3,0.3526708441177709,False,SYNTHETIC,synthetic_engineer_v1
RFQ731-004804,X731,7,CFG731_91e51485b56960b2,0.9210533608629473,CFG731_cc0572630b0848e7,3,0.4850237115712415,False,SYNTHETIC,synthetic_engineer_v1
RFQ731-004805,G731ST-HT,4,CFG731_bbffb73f3dff6787,0.9210535715339473,CFG731_9681c4eec01b7fad,2,0.849624089744376,False,SYNTHETIC,synthetic_engineer_v1
RFQ731-004806,X731,2,CFG731_32a4bb12438a37ab,0.9526321049593683,CFG731_784eb334d1d77ae7,2,0.9097747650062256,False,SYNTHETIC,synthetic_engineer_v1
RFQ731-004807,F731WD_SINGLECHANNEL,1,CFG731_70b6eaf9262ca4d0,0.8195490520664511,CFG731_70b6eaf9262ca4d0,1,0.8195490520664511,True,SYNTHETIC,synthetic_engineer_v1
RFQ731-004808,X731,2,CFG731_9e19889d92fae7f7,0.3669898857036873,CFG731_7b5593541cafaec0,2,0.24640172380556963,False,SYNTHETIC,synthetic_engineer_v1
RFQ731-004809,X731,4,CFG731_cf543b1c3927ab71,0.9210530743679474,CFG731_16cd4692a5f070ba,4,0.3526703187087709,False,SYNTHETIC,synthetic_engineer_v1
RFQ731-004810,X731,2,CFG731_3b2a32abbf148ca1,0.9526317785123684,CFG731_8c429238b2628537,2,0.4493233570709566,False,SYNTHETIC,synthetic_engineer_v1
RFQ731-004811,G731ST-LT,2,CFG731_7b1edd53e8bbad40,0.8654138483495866,CFG731_7b1edd53e8bbad40,1,0.8654138483495866,True,SYNTHETIC,synthetic_engineer_v1
RFQ731-004812,X731,2,CFG731_83f956404d04e6cd,0.881203569577797,CFG731_9a0f0b26c7f24725,2,0.881203315110797,False,SYNTHETIC,synthetic_engineer_v1
RFQ731-004813,X731,6,CFG731_608c0251ef380592,0.9052634256867369,CFG731_09db81b4dee54f57,3,0.469234725489031,False,SYNTHETIC,synthetic_engineer_v1
RFQ731-004814,G731VG,1,CFG731_cfb2b92dd8f09f39,0.8511281803758721,CFG731_cfb2b92dd8f09f39,1,0.8511281803758721,True,SYNTHETIC,synthetic_engineer_v1
RFQ731-004815,F731WD_DUALCHANNEL,2,CFG731_819cb4e76943eca6,0.8037601352922406,CFG731_c37386a371e13fa8,2,0.45546697030134986,False,SYNTHETIC,synthetic_engineer_v1
RFQ731-004816,G731ST-LT,1,CFG731_7203705eed387b0a,0.881203019553797,CFG731_7203705eed387b0a,1,0.881203019553797,True,SYNTHETIC,synthetic_engineer_v1
RFQ731-004817,X731,9,CFG731_b7e96d5717c40fd6,0.9052632013207369,CFG731_ce5a041b3cf74b9a,9,0.20894031906597213,False,SYNTHETIC,synthetic_engineer_v1
RFQ731-004818,X731,7,CFG731_91e51485b56960b2,0.9210531795209473,CFG731_b3ebba592f51e280,5,0.36002329271824146,False,SYNTHETIC,synthetic_engineer_v1
RFQ731-004819,X731,4,CFG731_935bc110c01e9e85,0.8496247541583759,CFG731_3399b9d467bfc71a,3,0.3637002830464768,False,SYNTHETIC,synthetic_engineer_v1
RFQ731-004820,X731,6,CFG731_3b2a32abbf148ca1,0.9210534795439473,CFG731_d5a8b991307aace7,2,0.48318523657512386,False,SYNTHETIC,synthetic_engineer_v1
RFQ731-004821,X731,4,CFG731_9a0f0b26c7f24725,0.8654144028195865,CFG731_f4dfffb8a9fa30f7,4,0.3691960064586285,False,SYNTHETIC,synthetic_engineer_v1
RFQ731-004822,F731WD_SINGLECHANNEL,2,CFG731_6357400dd5c2804a,0.78797091455203,CFG731_6357400dd5c2804a,1,0.78797091455203,True,SYNTHETIC,synthetic_engineer_v1
RFQ731-004823,X731,2,CFG731_cf543b1c3927ab71,0.936842486793158,CFG731_4b5262a517204cb5,2,0.3673577637965108,False,SYNTHETIC,synthetic_engineer_v1
RFQ731-004824,G731ST-LT,4,CFG731_7882c72c21497015,0.9210529787239473,CFG731_d432b6fd40e9e78c,2,0.849624789216376,False,SYNTHETIC,synthetic_engineer_v1
RFQ731-004825,X731,1,CFG731_c9829182065e0285,0.9210530999829474,CFG731_c9829182065e0285,1,0.9210530999829474,True,SYNTHETIC,synthetic_engineer_v1
RFQ731-004826,F731TE,1,CFG731_7113759c5b95914d,0.3346749513386192,CFG731_7113759c5b95914d,1,0.3346749513386192,True,SYNTHETIC,synthetic_engineer_v1
RFQ731-004827,X731,1,CFG731_ab5177144fa1d704,0.35011650470720745,CFG731_ab5177144fa1d704,1,0.35011650470720745,True,SYNTHETIC,synthetic_engineer_v1
RFQ731-004828,X731,4,CFG731_83f956404d04e6cd,0.8654141356875865,CFG731_399690ce112d8d2a,4,0.37948923704268733,False,SYNTHETIC,synthetic_engineer_v1
RFQ731-004829,X731,2,CFG731_cf4bb519cec0df2f,0.8812039759797969,CFG731_cf4bb519cec0df2f,1,0.8812039759797969,True,SYNTHETIC,synthetic_engineer_v1
RFQ731-004830,X731,2,CFG731_71dcda3a004aaa52,0.3897645866245449,CFG731_b57057afc270e1f2,2,0.25888157898536834,False,SYNTHETIC,synthetic_engineer_v1
RFQ731-004831,X731,7,CFG731_32a4bb12438a37ab,0.9210531822259473,CFG731_4bd32ba44f2fdd5b,7,0.3486263062767121,False,SYNTHETIC,synthetic_engineer_v1
RFQ731-004832,X731,7,CFG731_83f956404d04e6cd,0.8496246203443759,CFG731_bb4f0886ba308d63,7,0.23833207166765327,False,SYNTHETIC,synthetic_engineer_v1
RFQ731-004833,X731,2,CFG731_32b1041fd68aac23,0.8654144243605866,CFG731_70b38ab75d3ca724,2,0.8654139538495865,False,SYNTHETIC,synthetic_engineer_v1
RFQ731-004834,G731CA,1,CFG731_edf13ed38a4b54de,0.8353387537136616,CFG731_edf13ed38a4b54de,1,0.8353387537136616,True,SYNTHETIC,synthetic_engineer_v1
RFQ731-004835,X731,2,CFG731_b7e96d5717c40fd6,0.9526318336053684,CFG731_2683cf7e09782f5e,2,0.9097749853182255,False,SYNTHETIC,synthetic_engineer_v1
RFQ731-004836,X731,4,CFG731_60f3aae8ede70fe0,0.936842887637158,CFG731_3c119308d8305ad4,3,0.8511287512528721,False,SYNTHETIC,synthetic_engineer_v1
RFQ731-004837,G731VG,1,CFG731_6a47b38d62a9fed3,0.8511283049328722,CFG731_6a47b38d62a9fed3,1,0.8511283049328722,True,SYNTHETIC,synthetic_engineer_v1
RFQ731-004838,G731CA,1,CFG731_95a64c12c70f922a,0.8353389321806616,CFG731_95a64c12c70f922a,1,0.8353389321806616,True,SYNTHETIC,synthetic_engineer_v1
RFQ731-004839,X731,2,CFG731_024d4a54a1e6d96e,0.37397498556933434,CFG731_0cf73cced42104be,2,0.37397489900933434,False,SYNTHETIC,synthetic_engineer_v1
RFQ731-004840,X731,1,CFG731_9a659fd01cd1d239,0.35011691369120745,CFG731_9a659fd01cd1d239,1,0.35011691369120745,True,SYNTHETIC,synthetic_engineer_v1
RFQ731-004841,G731ST-LT,1,CFG731_8da1da530d6ae54d,0.8812031518787969,CFG731_8da1da530d6ae54d,1,0.8812031518787969,True,SYNTHETIC,synthetic_engineer_v1
RFQ731-004842,X731,3,CFG731_3bcde7f8df32303c,0.8654139648315865,CFG731_8cfe8eddc16faf74,3,0.24823964136868729,False,SYNTHETIC,synthetic_engineer_v1
RFQ731-004843,X731,2,CFG731_89772de94df83ba5,0.8654142107445866,CFG731_c580e57f48a370de,2,0.37342377335309906,False,SYNTHETIC,synthetic_engineer_v1
RFQ731-004844,G731ST-HT,4,CFG731_831a7150258499af,0.849624755067376,CFG731_a8031a74f6d1710d,3,0.4870455041227709,False,SYNTHETIC,synthetic_engineer_v1
RFQ731-004845,G731ST-LT,11,CFG731_a40ab19ad6671fbe,0.9052639692977369,CFG731_5be384035f37d372,10,0.34055749070379565,False,SYNTHETIC,synthetic_engineer_v1
RFQ731-004846,X731,5,CFG731_f87794e7a98d0b11,0.9210526563059473,CFG731_e8d4d37dfb814e2d,2,0.48318578079812385,False,SYNTHETIC,synthetic_engineer_v1
RFQ731-004847,F731TE,2,CFG731_0c3b33750ffab3ac,0.7879701163400301,CFG731_0c3b33750ffab3ac,1,0.7879701163400301,True,SYNTHETIC,synthetic_engineer_v1
RFQ731-004848,X731,2,CFG731_6e096e946540ab4e,0.881203371977797,CFG731_f693af423cd0a85a,2,0.3890292511818978,False,SYNTHETIC,synthetic_engineer_v1
RFQ731-004849,G731ST-HT,8,CFG731_7b2f69a7ca55041b,0.9052639294827369,CFG731_7b17e78739264251,8,0.4019543727453251,False,SYNTHETIC,synthetic_engineer_v1
RFQ731-004850,X731,12,CFG731_5e61ce3b60d15e11,0.9052639401117368,CFG731_5e5ad5db2756273d,12,0.21702846549208976,False,SYNTHETIC,synthetic_engineer_v1
RFQ731-004851,X731,7,CFG731_c39096767a7ae083,0.9210533006629473,CFG731_c9c2eeedbcdb5160,6,0.4177441940645356,False,SYNTHETIC,synthetic_engineer_v1
RFQ731-004852,F731TE,1,CFG731_874928f24c55285e,0.3346755259346192,CFG731_874928f24c55285e,1,0.3346755259346192,True,SYNTHETIC,synthetic_engineer_v1
RFQ731-004853,G731CA,2,CFG731_16b53411ff7f6c9b,0.3188860572584087,CFG731_4af82641f975d9aa,2,0.3161287318652322,False,SYNTHETIC,synthetic_engineer_v1
RFQ731-004854,G731ST-LT,8,CFG731_a40ab19ad6671fbe,0.9052638599487369,CFG731_9e44a82e6c1db982,7,0.4019548102583251,False,SYNTHETIC,synthetic_engineer_v1
RFQ731-004855,X731,1,CFG731_0fbee36816b7af98,0.8969926412110075,CFG731_0fbee36816b7af98,1,0.8969926412110075,True,SYNTHETIC,synthetic_engineer_v1
RFQ731-004856,X731,2,CFG731_f87794e7a98d0b11,0.9526317441693684,CFG731_dca3d8725270dd93,2,0.44932366586495665,False,SYNTHETIC,synthetic_engineer_v1
RFQ731-004857,X731,2,CFG731_8d07e19298d09d34,0.8654138543485865,CFG731_0b33555ff08fcd28,2,0.375077459980805,False,SYNTHETIC,synthetic_engineer_v1
RFQ731-004858,X731,1,CFG731_25765da4bfc4a3b0,0.36590590164941794,CFG731_25765da4bfc4a3b0,1,0.36590590164941794,True,SYNTHETIC,synthetic_engineer_v1
RFQ731-004859,G731ST-HT,2,CFG731_cc9ac35e4d9a1854,0.936842735194158,CFG731_348f97ec6945fbf8,2,0.4335338566637461,False,SYNTHETIC,synthetic_engineer_v1
RFQ731-004860,X731,4,CFG731_cf543b1c3927ab71,0.9210535033209474,CFG731_65b9beb5d5675c99,3,0.8353386342696616,False,SYNTHETIC,synthetic_engineer_v1
RFQ731-004861,F731WD_SINGLECHANNEL,1,CFG731_a7d2a5a9ae465701,0.8195495125034511,CFG731_a7d2a5a9ae465701,1,0.8195495125034511,True,SYNTHETIC,synthetic_engineer_v1
RFQ731-004862,X731,2,CFG731_0836695982aaa38c,0.37397510474133433,CFG731_dc326dfb039445c4,2,0.2537541614040402,False,SYNTHETIC,synthetic_engineer_v1
RFQ731-004863,G731ST-HT,4,CFG731_bbffb73f3dff6787,0.9210526853909473,CFG731_9681c4eec01b7fad,2,0.8496245867443759,False,SYNTHETIC,synthetic_engineer_v1
RFQ731-004864,X731,6,CFG731_cf543b1c3927ab71,0.9052637748977369,CFG731_ede0b25f5f83644d,2,0.33688102356356037,False,SYNTHETIC,synthetic_engineer_v1
RFQ731-004865,X731,3,CFG731_e08dfad4737be3d9,0.9368422085591579,CFG731_3a824c7e49bfd8f4,3,0.4989750511133344,False,SYNTHETIC,synthetic_engineer_v1
RFQ731-004866,X731,1,CFG731_021f4647ad1035b8,0.399671165095579,CFG731_021f4647ad1035b8,1,0.399671165095579,True,SYNTHETIC,synthetic_engineer_v1
RFQ731-004867,G731ST-HT,1,CFG731_2a989bd6dba74d9f,0.881203599103797,CFG731_2a989bd6dba74d9f,1,0.881203599103797,True,SYNTHETIC,synthetic_engineer_v1
RFQ731-004868,X731,2,CFG731_32a4bb12438a37ab,0.9526322867823683,CFG731_45d35cf8bc922687,2,0.3838820124523684,False,SYNTHETIC,synthetic_engineer_v1
RFQ731-004869,X731,1,CFG731_59f86789e43d86f1,0.5147643941615448,CFG731_59f86789e43d86f1,1,0.5147643941615448,True,SYNTHETIC,synthetic_engineer_v1
RFQ731-004870,X731,1,CFG731_ae226e31119be9bd,0.9210532021949474,CFG731_ae226e31119be9bd,1,0.9210532021949474,True,SYNTHETIC,synthetic_engineer_v1
RFQ731-004871,X731,2,CFG731_516629085c122a4e,0.9368424663741579,CFG731_fe9a409c6b2ba9cc,2,0.43353338842774614,False,SYNTHETIC,synthetic_engineer_v1
RFQ731-004872,X731,6,CFG731_b7e96d5717c40fd6,0.9210531487009473,CFG731_fe424f85d85e1c0c,4,0.3526712552747709,False,SYNTHETIC,synthetic_engineer_v1
RFQ731-004873,X731,1,CFG731_ad0a2fd7350b6cca,0.8969930338060076,CFG731_ad0a2fd7350b6cca,1,0.8969930338060076,True,SYNTHETIC,synthetic_engineer_v1
RFQ731-004874,X731,1,CFG731_7393da73e12c3f06,0.365906519221418,CFG731_7393da73e12c3f06,1,0.365906519221418,True,SYNTHETIC,synthetic_engineer_v1
RFQ731-004875,G731ST-LT,2,CFG731_77dd17c48f15826c,0.8654139143315865,CFG731_77dd17c48f15826c,1,0.8654139143315865,True,SYNTHETIC,synthetic_engineer_v1
RFQ731-004876,X731,4,CFG731_2692d4e8945eb6ee,0.48318570700012387,CFG731_2692d4e8945eb6ee,1,0.48318570700012387,True,SYNTHETIC,synthetic_engineer_v1
RFQ731-004877,X731,8,CFG731_8c50542218db5cb0,0.9052632518897369,CFG731_5e50b9bcbfa0b051,8,0.40195439991232507,False,SYNTHETIC,synthetic_engineer_v1
RFQ731-004878,G731ST-HT,6,CFG731_7b2f69a7ca55041b,0.9210536179419474,CFG731_8a61c0ec32be5088,6,0.22877364205724152,False,SYNTHETIC,synthetic_engineer_v1
RFQ731-004879,X731,8,CFG731_516629085c122a4e,0.9052632370657369,CFG731_700e5b0584a9b0fc,8,0.40195444614032505,False,SYNTHETIC,synthetic_engineer_v1
RFQ731-004880,G731CA,1,CFG731_495876b6233d3864,0.4870461340627709,CFG731_495876b6233d3864,1,0.4870461340627709,True,SYNTHETIC,synthetic_engineer_v1
RFQ731-004881,G731ST-HT,1,CFG731_c3a136a8630f644d,0.881203182494797,CFG731_c3a136a8630f644d,1,0.881203182494797,True,SYNTHETIC,synthetic_engineer_v1
RFQ731-004882,F731PW,3,CFG731_5995fa9fd5d1242f,0.8022562654097445,CFG731_b265e25b7baf721d,3,0.3132071645578452,False,SYNTHETIC,synthetic_engineer_v1
RFQ731-004883,X731,2,CFG731_b4987f1c95e91d0d,0.9368427723541579,CFG731_8d9f29ebcd8f04bd,2,0.4335340573587461,False,SYNTHETIC,synthetic_engineer_v1
RFQ731-004884,X731,2,CFG731_2d0a81ff4ec49480,0.3827788057048978,CFG731_e66ce98c9fc7fa3b,2,0.2695441877492507,False,SYNTHETIC,synthetic_engineer_v1
RFQ731-004885,F731TE,2,CFG731_b27467571d893d92,0.7879702649490301,CFG731_b27467571d893d92,1,0.7879702649490301,True,SYNTHETIC,synthetic_engineer_v1
RFQ731-004886,F731WD_DUALCHANNEL,1,CFG731_819cb4e76943eca6,0.8195497492004511,CFG731_819cb4e76943eca6,1,0.8195497492004511,True,SYNTHETIC,synthetic_engineer_v1
RFQ731-004887,X731,1,CFG731_8d2d91c46ccfb471,0.9684219690185789,CFG731_8d2d91c46ccfb471,1,0.9684219690185789,True,SYNTHETIC,synthetic_engineer_v1
RFQ731-004888,X731,6,CFG731_97796c9ac2811c94,0.8338355251041655,CFG731_6084e24782dc3f55,6,0.22033679478250154,False,SYNTHETIC,synthetic_engineer_v1
RFQ731-004889,X731,10,CFG731_89772de94df83ba5,0.818045998861955,CFG731_644efca41c3e2def,10,0.20123903697687923,False,SYNTHETIC,synthetic_engineer_v1
RFQ731-004890,G731ST-HT,4,CFG731_7b2f69a7ca55041b,0.9210535609589473,CFG731_8216f56c8f1b8479,3,0.485391173180065,False,SYNTHETIC,synthetic_engineer_v1
RFQ731-004891,F731TE,1,CFG731_d8c69b7395beabbb,0.4712565249385604,CFG731_d8c69b7395beabbb,1,0.4712565249385604,True,SYNTHETIC,synthetic_engineer_v1
RFQ731-004892,X731,4,CFG731_8d2d91c46ccfb471,0.9368422003181579,CFG731_b848918cab1cb35d,3,0.4989746404833344,False,SYNTHETIC,synthetic_engineer_v1
RFQ731-004893,X731,4,CFG731_60f3aae8ede70fe0,0.9368429660111579,CFG731_39890affe81b5eb5,3,0.4989750135853344,False,SYNTHETIC,synthetic_engineer_v1
RFQ731-004894,X731,3,CFG731_241d60e6ef5278be,0.8496247749543759,CFG731_981d84ac2d25a7ea,3,0.36443571372212386,False,SYNTHETIC,synthetic_engineer_v1
RFQ731-004895,G731ST-LT,2,CFG731_715a3d3226cbaffd,0.9368422198241579,CFG731_d5af433b36265df1,2,0.893985747298015,False,SYNTHETIC,synthetic_engineer_v1
RFQ731-004896,X731,1,CFG731_ae226e31119be9bd,0.9210527080179474,CFG731_ae226e31119be9bd,1,0.9210527080179474,True,SYNTHETIC,synthetic_engineer_v1
RFQ731-004897,X731,2,CFG731_11a99741e1f7cce9,0.8338349650931655,CFG731_7765429ffa27b59a,2,0.8195492622474512,False,SYNTHETIC,synthetic_engineer_v1
RFQ731-004898,G731ST-HT,2,CFG731_c3a136a8630f644d,0.8654137466345865,CFG731_a012df089e5e5862,2,0.8511278242148722,False,SYNTHETIC,synthetic_engineer_v1
RFQ731-004899,X731,2,CFG731_9f3028be2110afe1,0.9052637173777369,CFG731_b1196e0942d6104e,2,0.46960209483985454,False,SYNTHETIC,synthetic_engineer_v1
RFQ731-004900,X731,4,CFG731_60f3aae8ede70fe0,0.9368422296721579,CFG731_5b19041707affaab,4,0.25412215237886376,False,SYNTHETIC,synthetic_engineer_v1
RFQ731-004901,G731ST-HT,6,CFG731_cc9ac35e4d9a1854,0.9210532610389474,CFG731_c759934398f2381a,5,0.48447175228400624,False,SYNTHETIC,synthetic_engineer_v1
RFQ731-004902,F731WD_SINGLECHANNEL,1,CFG731_a7d2a5a9ae465701,0.8195498045124512,CFG731_a7d2a5a9ae465701,1,0.8195498045124512,True,SYNTHETIC,synthetic_engineer_v1
RFQ731-004903,X731,1,CFG731_63fe6cb51777cd72,0.3581854612521238,CFG731_63fe6cb51777cd72,1,0.3581854612521238,True,SYNTHETIC,synthetic_engineer_v1
RFQ731-004904,X731,4,CFG731_62d0f0f6bab9bdcb,0.9210526465109473,CFG731_57b3b3a6958ee330,3,0.48539102916006505,False,SYNTHETIC,synthetic_engineer_v1
RFQ731-004905,X731,4,CFG731_62d0f0f6bab9bdcb,0.9210527584249474,CFG731_de32c30417f0baf1,3,0.4850238963282415,False,SYNTHETIC,synthetic_engineer_v1
RFQ731-004906,G731ST-LT,4,CFG731_8da1da530d6ae54d,0.849624708579376,CFG731_2eae9204301f61ab,4,0.35340581950741795,False,SYNTHETIC,synthetic_engineer_v1
RFQ731-004907,G731ST-HT,4,CFG731_a3b03637ed22317c,0.9210532646209474,CFG731_6cc2f5d089c01baf,3,0.8353392096186616,False,SYNTHETIC,synthetic_engineer_v1
RFQ731-004908,X731,2,CFG731_f87794e7a98d0b11,0.9526325691983684,CFG731_1f978c234895178c,2,0.9097745531392256,False,SYNTHETIC,synthetic_engineer_v1
RFQ731-004909,X731,6,CFG731_0fbee36816b7af98,0.8496246061523759,CFG731_b44b2e6818291871,6,0.2361271031317121,False,SYNTHETIC,synthetic_engineer_v1
RFQ731-004910,X731,2,CFG731_abcee67081353f16,0.9368428141361579,CFG731_57a2b410fc32b41a,2,0.4335339410417461,False,SYNTHETIC,synthetic_engineer_v1
RFQ731-004911,X731,3,CFG731_ddfa4ab00c1bcdd0,0.8496250406643759,CFG731_6d2ac57f5a8786db,3,0.3636998838074768,False,SYNTHETIC,synthetic_engineer_v1
RFQ731-004912,X731,7,CFG731_5f9d5671c315ce06,0.46739602231191335,CFG731_ab1e75de4ad74389,6,0.21519020274097214,False,SYNTHETIC,synthetic_engineer_v1
RFQ731-004913,X731,7,CFG731_608c0251ef380592,0.9052633105447369,CFG731_33c8c685d7c8530a,7,0.40195438459832505,False,SYNTHETIC,synthetic_engineer_v1
RFQ731-004914,X731,4,CFG731_9a0f0b26c7f24725,0.8654140708145865,CFG731_399690ce112d8d2a,4,0.3794895557016873,False,SYNTHETIC,synthetic_engineer_v1
RFQ731-004915,G731ST-LT,2,CFG731_e0009be417f51ccd,0.9368426502591579,CFG731_750dd83a06ba43cb,2,0.4335339903037461,False,SYNTHETIC,synthetic_engineer_v1
RFQ731-004916,X731,4,CFG731_f87794e7a98d0b11,0.9368421386321579,CFG731_3450383be0000281,4,0.2541216367568638,False,SYNTHETIC,synthetic_engineer_v1
RFQ731-004917,G731ST-LT,6,CFG731_d124ccffa669c3a2,0.9210536050739473,CFG731_fa6ab94f1cf566b3,5,0.48447238202300624,False,SYNTHETIC,synthetic_engineer_v1
RFQ731-004918,G731ST-HT,4,CFG731_4aa7d46b9cfa7d7b,0.9210529674789474,CFG731_b3b502cc22fcd72e,2,0.8496246991323759,False,SYNTHETIC,synthetic_engineer_v1
RFQ731-004919,X731,7,CFG731_5dd42015f6f61801,0.9210527880729473,CFG731_b2cfdbf46904c03f,7,0.23686216930635914,False,SYNTHETIC,synthetic_engineer_v1
RFQ731-004920,X731,4,CFG731_8d2d91c46ccfb471,0.9368422369361579,CFG731_b848918cab1cb35d,3,0.4989746092713344,False,SYNTHETIC,synthetic_engineer_v1
RFQ731-004921,G731ST-LT,2,CFG731_8da1da530d6ae54d,0.8654141494485865,CFG731_1d89d7fdc7355744,2,0.8654139812965865,False,SYNTHETIC,synthetic_engineer_v1
RFQ731-004922,X731,2,CFG731_e08dfad4737be3d9,0.9526320602733683,CFG731_31d0a0df66872bf7,2,0.4493232811049566,False,SYNTHETIC,synthetic_engineer_v1
RFQ731-004923,X731,2,CFG731_31c4aded40f9387f,0.37397460666633436,CFG731_a41e221f51c9a405,2,0.24309242520215787,False,SYNTHETIC,synthetic_engineer_v1
RFQ731-004924,G731ST-HT,1,CFG731_a56f1437a0b4ca31,0.881203088406797,CFG731_a56f1437a0b4ca31,1,0.881203088406797,True,SYNTHETIC,synthetic_engineer_v1
RFQ731-004925,G731ST-LT,8,CFG731_3ebdd541d6efe614,0.8338352135531655,CFG731_58b9913d8024b015,8,0.21151338986473683,False,SYNTHETIC,synthetic_engineer_v1
RFQ731-004926,X731,2,CFG731_960e69befde5f9f6,0.35487640996171205,CFG731_960e69befde5f9f6,1,0.35487640996171205,True,SYNTHETIC,synthetic_engineer_v1
RFQ731-004927,G731CA,2,CFG731_acbf4c45af55caad,0.8037599522382406,CFG731_e85a7fcdd0521e90,2,0.45546639253334986,False,SYNTHETIC,synthetic_engineer_v1
RFQ731-004928,G731ST-LT,4,CFG731_7f5bfa7b21e81359,0.9210535415409473,CFG731_5be9d749d8317fd3,2,0.849624343330376,False,SYNTHETIC,synthetic_engineer_v1
RFQ731-004929,X731,4,CFG731_eee37571734035ae,0.37397527060533436,CFG731_2a1c7295f72ff6ac,3,0.24640103695856963,False,SYNTHETIC,synthetic_engineer_v1
RFQ731-004930,X731,4,CFG731_c39096767a7ae083,0.9368427246561579,CFG731_618cb6c1c21feda4,3,0.5011809019632756,False,SYNTHETIC,synthetic_engineer_v1
RFQ731-004931,X731,4,CFG731_f87794e7a98d0b11,0.9368421210681579,CFG731_007c0829be0a9482,3,0.500813679564452,False,SYNTHETIC,synthetic_engineer_v1
RFQ731-004932,F731PW,1,CFG731_ef211cb97feaddc8,0.818045581982955,CFG731_ef211cb97feaddc8,1,0.818045581982955,True,SYNTHETIC,synthetic_engineer_v1
RFQ731-004933,X731,3,CFG731_f97e51d1da57d99f,0.8496250386783759,CFG731_9b7849ea5c974903,3,0.3526707383247709,False,SYNTHETIC,synthetic_engineer_v1
RFQ731-004934,F731WD_SINGLECHANNEL,2,CFG731_ee8e327bbb737abf,0.7879706047090301,CFG731_ee8e327bbb737abf,1,0.7879706047090301,True,SYNTHETIC,synthetic_engineer_v1
RFQ731-004935,X731,1,CFG731_5e61ce3b60d15e11,0.9684216942835789,CFG731_5e61ce3b60d15e11,1,0.9684216942835789,True,SYNTHETIC,synthetic_engineer_v1
RFQ731-004936,G731ST-HT,8,CFG731_cc9ac35e4d9a1854,0.9052637922887369,CFG731_baab4a7f51aced1f,6,0.4019552319823251,False,SYNTHETIC,synthetic_engineer_v1
RFQ731-004937,X731,4,CFG731_c39096767a7ae083,0.9368425320631579,CFG731_618cb6c1c21feda4,3,0.5011804946372755,False,SYNTHETIC,synthetic_engineer_v1
RFQ731-004938,X731,5,CFG731_b8b11650a048baf7,0.8496241340573759,CFG731_d79264c74c1cd4e8,5,0.22877403130024151,False,SYNTHETIC,synthetic_engineer_v1
RFQ731-004939,X731,3,CFG731_0db950a4979d2c52,0.9368422383531579,CFG731_aa82c10f35e81f8d,3,0.500813315834452,False,SYNTHETIC,synthetic_engineer_v1
RFQ731-004940,G731ST-LT,4,CFG731_a40ab19ad6671fbe,0.9210535827199473,CFG731_d3944f427f0609b6,2,0.8496247465693759,False,SYNTHETIC,synthetic_engineer_v1
RFQ731-004941,X731,6,CFG731_a6d4830ed3aa2681,0.9052635312927368,CFG731_3e782f59368b40db,4,0.3368813043795604,False,SYNTHETIC,synthetic_engineer_v1
RFQ731-004942,X731,3,CFG731_b4987f1c95e91d0d,0.9210535668249473,CFG731_214b093bf98ca9ef,3,0.4850241255272415,False,SYNTHETIC,synthetic_engineer_v1
RFQ731-004943,X731,11,CFG731_7308ee8503151ef3,0.8338355589061655,CFG731_69502d87794881ea,10,0.21886629951720743,False,SYNTHETIC,synthetic_engineer_v1
RFQ731-004944,X731,4,CFG731_fd3397424975992e,0.46739575953991336,CFG731_164e84569c2cee64,4,0.2221750975276192,False,SYNTHETIC,synthetic_engineer_v1
RFQ731-004945,X731,7,CFG731_241d60e6ef5278be,0.8338353852791655,CFG731_56dbee462245ee56,6,0.21886673331220743,False,SYNTHETIC,synthetic_engineer_v1
RFQ731-004946,X731,2,CFG731_a6d4830ed3aa2681,0.9368426113011579,CFG731_1d3bf6638fef70ae,2,0.3655187392573932,False,SYNTHETIC,synthetic_engineer_v1
RFQ731-004947,G731ST-HT,4,CFG731_bbffb73f3dff6787,0.9210532037749474,CFG731_84352197821d09de,3,0.48539182393706504,False,SYNTHETIC,synthetic_engineer_v1
RFQ731-004948,G731ST-HT,2,CFG731_cc9ac35e4d9a1854,0.9368427033461579,CFG731_348f97ec6945fbf8,2,0.4335334767447461,False,SYNTHETIC,synthetic_engineer_v1
RFQ731-004949,X731,2,CFG731_073f991a6c9a4683,0.3838816785633684,CFG731_59f73311cf3c5679,2,0.2699117159130742,False,SYNTHETIC,synthetic_engineer_v1
RFQ731-004950,X731,5,CFG731_8f470181ad32eeae,0.8496240744253759,CFG731_341c747ed8aff14e,5,0.23833300427265328,False,SYNTHETIC,synthetic_engineer_v1
RFQ731-004951,X731,8,CFG731_abcee67081353f16,0.9052639236787369,CFG731_0ed9dfc7367bb0a0,6,0.40195511796332506,False,SYNTHETIC,synthetic_engineer_v1
RFQ731-004952,F731TE,1,CFG731_7c93880f0c6b22c5,0.8338346432601654,CFG731_7c93880f0c6b22c5,1,0.8338346432601654,True,SYNTHETIC,synthetic_engineer_v1
RFQ731-004953,X731,2,CFG731_ac3a4ff61341aa72,0.8338354391871655,CFG731_a93ee7be2372dea3,2,0.8195498654424511,False,SYNTHETIC,synthetic_engineer_v1
RFQ731-004954,X731,2,CFG731_cf543b1c3927ab71,0.9368422354501579,CFG731_4dd88391f253d6d5,2,0.37342365629709906,False,SYNTHETIC,synthetic_engineer_v1
RFQ731-004955,X731,11,CFG731_3bcde7f8df32303c,0.849624682574376,CFG731_0318c2a0a1c0c588,11,0.2328180879883003,False,SYNTHETIC,synthetic_engineer_v1
RFQ731-004956,X731,12,CFG731_32a4bb12438a37ab,0.9052633015017368,CFG731_47d923b0ef4cb37c,12,0.21702800361108976,False,SYNTHETIC,synthetic_engineer_v1
RFQ731-004957,X731,4,CFG731_d723355141502003,0.8180458073299549,CFG731_c691e1b97ac6f4f0,4,0.33065084609676165,False,SYNTHETIC,synthetic_engineer_v1
RFQ731-004958,X731,3,CFG731_fb16e30f5bbb87f2,0.8353385678786616,CFG731_214b769209164299,2,0.36443530469612384,False,SYNTHETIC,synthetic_engineer_v1
RFQ731-004959,X731,3,CFG731_f97e51d1da57d99f,0.849624620116376,CFG731_633572f6d3593691,3,0.35267067951277087,False,SYNTHETIC,synthetic_engineer_v1
RFQ731-004960,G731ST-LT,2,CFG731_e0009be417f51ccd,0.936843064862158,CFG731_750dd83a06ba43cb,2,0.4335334269457461,False,SYNTHETIC,synthetic_engineer_v1
RFQ731-004961,X731,5,CFG731_c39096767a7ae083,0.9210527310769473,CFG731_ef02695e374fc418,2,0.4850240703622415,False,SYNTHETIC,synthetic_engineer_v1
RFQ731-004962,X731,2,CFG731_c775e192f3d489e9,0.8338354592631655,CFG731_fd7b09f495a568bc,2,0.8195495003174511,False,SYNTHETIC,synthetic_engineer_v1
RFQ731-004963,F731TE,1,CFG731_7113759c5b95914d,0.3346749891316192,CFG731_7113759c5b95914d,1,0.3346749891316192,True,SYNTHETIC,synthetic_engineer_v1
RFQ731-004964,F731TE,1,CFG731_28454766bbc80cb9,0.3346753335296192,CFG731_28454766bbc80cb9,1,0.3346753335296192,True,SYNTHETIC,synthetic_engineer_v1
RFQ731-004965,X731,7,CFG731_37c55138c4eebb90,0.3453369321585016,CFG731_6942facbe6ebb88b,5,0.22254295319344272,False,SYNTHETIC,synthetic_engineer_v1
RFQ731-004966,X731,7,CFG731_f87794e7a98d0b11,0.9210532243889473,CFG731_04e7216b1ba7f935,6,0.4177447288155356,False,SYNTHETIC,synthetic_engineer_v1
RFQ731-004967,F731WD_DUALCHANNEL,1,CFG731_af8fc23bebdac123,0.3968077380497957,CFG731_af8fc23bebdac123,1,0.3968077380497957,True,SYNTHETIC,synthetic_engineer_v1
RFQ731-004968,X731,2,CFG731_8c50542218db5cb0,0.9368427892161579,CFG731_f7e6eb169c92689f,2,0.4335337948687461,False,SYNTHETIC,synthetic_engineer_v1
RFQ731-004969,X731,10,CFG731_62d0f0f6bab9bdcb,0.9052641290877369,CFG731_3ada8d565667279d,10,0.21702811186208976,False,SYNTHETIC,synthetic_engineer_v1
RFQ731-004970,X731,2,CFG731_516629085c122a4e,0.9368426346671579,CFG731_27481a3518f630c6,2,0.37140179173356963,False,SYNTHETIC,synthetic_engineer_v1
RFQ731-004971,F731PW,1,CFG731_956456fc074ebc5a,0.8180454648949549,CFG731_956456fc074ebc5a,1,0.8180454648949549,True,SYNTHETIC,synthetic_engineer_v1
RFQ731-004972,X731,4,CFG731_11da8cc369b71f5a,0.8654143429245865,CFG731_5247c83d5f005ead,3,0.3794898408516873,False,SYNTHETIC,synthetic_engineer_v1
RFQ731-004973,G731ST-LT,2,CFG731_b86bbf24b1c3a419,0.8654145252385865,CFG731_2db6c530f35d47b9,2,0.8654138690695865,False,SYNTHETIC,synthetic_engineer_v1
RFQ731-004974,X731,6,CFG731_8d2d91c46ccfb471,0.9210536314889474,CFG731_df5f598a914fb1cc,5,0.4177443682465356,False,SYNTHETIC,synthetic_engineer_v1
RFQ731-004975,G731ST-HT,1,CFG731_63eca10a00ae1f5d,0.9526321349333684,CFG731_63eca10a00ae1f5d,1,0.9526321349333684,True,SYNTHETIC,synthetic_engineer_v1
RFQ731-004976,X731,1,CFG731_96c2ea74f0083869,0.8669180942550826,CFG731_96c2ea74f0083869,1,0.8669180942550826,True,SYNTHETIC,synthetic_engineer_v1
RFQ731-004977,X731,2,CFG731_482678d927834b42,0.35011658273020746,CFG731_0bc45368878bdc1d,2,0.35011636417120745,False,SYNTHETIC,synthetic_engineer_v1
RFQ731-004978,X731,5,CFG731_da02526d254e2e35,0.9210533491729473,CFG731_241261e6f2e0673c,5,0.2287733459272415,False,SYNTHETIC,synthetic_engineer_v1
RFQ731-004979,F731WD_DUALCHANNEL,4,CFG731_5076f1c2c0488d0e,0.7721810674838195,CFG731_a4275023636f03e8,4,0.28473317148622296,False,SYNTHETIC,synthetic_engineer_v1
RFQ731-004980,G731ST-HT,2,CFG731_8b18ac1c34209d63,0.9368425248941579,CFG731_80619ff0be976225,2,0.8939853961290151,False,SYNTHETIC,synthetic_engineer_v1
RFQ731-004981,X731,4,CFG731_516629085c122a4e,0.9210527262279473,CFG731_12089d5d54f581ac,3,0.485391826387065,False,SYNTHETIC,synthetic_engineer_v1
RFQ731-004982,X731,3,CFG731_32a4bb12438a37ab,0.936842725813158,CFG731_88cb619bd3d90e89,3,0.24088655963421668,False,SYNTHETIC,synthetic_engineer_v1
RFQ731-004983,G731VG,1,CFG731_6a47b38d62a9fed3,0.8511284728708722,CFG731_6a47b38d62a9fed3,1,0.8511284728708722,True,SYNTHETIC,synthetic_engineer_v1
RFQ731-004984,X731,4,CFG731_cf543b1c3927ab71,0.9210531542969473,CFG731_65b9beb5d5675c99,3,0.8353390984356616,False,SYNTHETIC,synthetic_engineer_v1
RFQ731-004985,X731,1,CFG731_0836695982aaa38c,0.38976421574354486,CFG731_0836695982aaa38c,1,0.38976421574354486,True,SYNTHETIC,synthetic_engineer_v1
RFQ731-004986,X731,2,CFG731_c775e192f3d489e9,0.8338353392321655,CFG731_fd7b09f495a568bc,2,0.8195494810374512,False,SYNTHETIC,synthetic_engineer_v1
RFQ731-004987,X731,3,CFG731_e08dfad4737be3d9,0.9368424779841579,CFG731_a5e5e12c08e4e838,3,0.5008129633874521,False,SYNTHETIC,synthetic_engineer_v1
RFQ731-004988,X731,1,CFG731_8d07e19298d09d34,0.881203360544797,CFG731_8d07e19298d09d34,1,0.881203360544797,True,SYNTHETIC,synthetic_engineer_v1
RFQ731-004989,G731ST-HT,4,CFG731_8b18ac1c34209d63,0.9210534985719473,CFG731_f9cbe189d57c95a1,3,0.48539088296306504,False,SYNTHETIC,synthetic_engineer_v1
RFQ731-004990,X731,4,CFG731_ef6e203c92a71c88,0.4831849906921239,CFG731_ef6e203c92a71c88,1,0.4831849906921239,True,SYNTHETIC,synthetic_engineer_v1
RFQ731-004991,F731TE,1,CFG731_3794187f0a0c3133,0.3346752357066192,CFG731_3794187f0a0c3133,1,0.3346752357066192,True,SYNTHETIC,synthetic_engineer_v1
RFQ731-004992,F731WD_SINGLECHANNEL,1,CFG731_9a761e6bfde35917,0.39680820643379566,CFG731_9a761e6bfde35917,1,0.39680820643379566,True,SYNTHETIC,synthetic_engineer_v1
RFQ731-004993,X731,6,CFG731_5e61ce3b60d15e11,0.9368428885361579,CFG731_243419c6708378b3,5,0.5002622221312168,False,SYNTHETIC,synthetic_engineer_v1
RFQ731-004994,F731TE,1,CFG731_a72f99e8160efda6,0.4712558461295604,CFG731_a72f99e8160efda6,1,0.4712558461295604,True,SYNTHETIC,synthetic_engineer_v1
RFQ731-004995,G731CA,1,CFG731_5bfe9492c76587ec,0.48704531640977095,CFG731_5bfe9492c76587ec,1,0.48704531640977095,True,SYNTHETIC,synthetic_engineer_v1
RFQ731-004996,X731,1,CFG731_169a8482d2028dff,0.3890288008258978,CFG731_169a8482d2028dff,1,0.3890288008258978,True,SYNTHETIC,synthetic_engineer_v1
RFQ731-004997,G731ST-LT,4,CFG731_b86bbf24b1c3a419,0.849624562826376,CFG731_0dd81a588b2a1411,3,0.35928888626459443,False,SYNTHETIC,synthetic_engineer_v1
RFQ731-004998,X731,2,CFG731_0db950a4979d2c52,0.9526318542393684,CFG731_fa6b5a7df55858c0,2,0.4493233475329566,False,SYNTHETIC,synthetic_engineer_v1
RFQ731-004999,X731,3,CFG731_8c8856d21252930e,0.9052637909947369,CFG731_6472ab3bf7316498,3,0.4686826809517957,False,SYNTHETIC,synthetic_engineer_v1
RFQ731-005000,X731,1,CFG731_8189439864af87ea,0.8496246477623759,CFG731_8189439864af87ea,1,0.8496246477623759,True,SYNTHETIC,synthetic_engineer_v1
