rfq_id,target_package,predicted_configuration_id,true_configuration_id,true_rank,error_type,num_changed_characteristics,changed_characteristics,mandatory_requirements,mandatory_matches,mandatory_mismatches,preferred_requirements,preferred_matches,preferred_mismatches,true_mandatory_matches,true_mandatory_mismatches,predicted_score,predicted_package,recommendation_package_aware
RFQ731-000001,x731,CFG731_9a0f0b26c7f24725,CFG731_bb4f0886ba308d63,6.0,TRUE_IN_TOP10,2,dev_advMeterVerification|customUserFluid,10,10,0,4,4,0,10,0,21.6927433020168,x731,false
RFQ731-000002,x731,CFG731_83f956404d04e6cd,CFG731_83f956404d04e6cd,1.0,CORRECT_TOP1,0,,11,11,0,6,6,0,11,0,25.26687120444848,x731,false
RFQ731-000003,x731,CFG731_26a55fc6510692e1,CFG731_bd00839e452c6958,5.0,TRUE_IN_TOP5,1,customUserFluid,9,9,0,4,4,0,9,0,18.902528998144003,x731,false
RFQ731-000004,G731ST-LT,CFG731_e03b41992c837b34,CFG731_de503c5e46490150,8.0,TRUE_IN_TOP10,2,stromEingaenge|temperaturEingaenge,10,10,0,3,3,0,10,0,22.55250599586825,G731ST-LT,false
RFQ731-000005,x731,CFG731_db395082b1a3b8ac,CFG731_db395082b1a3b8ac,1.0,CORRECT_TOP1,0,,10,10,0,4,4,0,10,0,22.940611540664392,x731,false
RFQ731-000006,x731,CFG731_3b2a32abbf148ca1,CFG731_541ce2492ce71d94,3.0,TRUE_IN_TOP3,3,stromSchaltbar|temperaturEingaenge|dev_advMeterVerification,12,12,0,2,2,0,12,0,20.327921389887216,x731,false
RFQ731-000007,x731,CFG731_a59cc7e57b856164,CFG731_134ecd7b8190bed1,2.0,TRUE_IN_TOP3,2,stromSchaltbar|stromEingaenge,9,9,0,4,4,0,9,0,19.755499301034664,x731,false
RFQ731-000008,G731ST-HT,CFG731_3f42c988dc83cb23,CFG731_b5710e5f11e2cbc2,4.0,TRUE_IN_TOP5,1,stromEingaenge,10,10,0,4,4,0,10,0,25.751984721529897,G731ST-HT,false
RFQ731-000009,G731ST-HT,CFG731_646d8903da63e1f0,CFG731_646d8903da63e1f0,1.0,CORRECT_TOP1,0,,10,10,0,5,5,0,10,0,26.99506413179173,G731ST-HT,false
RFQ731-000010,G731ST-LT,CFG731_87d8ba5b87cf0a3f,CFG731_9e44a82e6c1db982,5.0,TRUE_IN_TOP5,2,stromEingaenge|temperaturEingaenge,8,8,0,5,5,0,8,0,22.72157556398946,G731ST-LT,false
RFQ731-000011,G731ST-HT,CFG731_ef8d68b6d278bfec,CFG731_cd71ec2726e971ef,4.0,TRUE_IN_TOP5,1,temperaturEingaenge,13,13,0,1,1,0,13,0,25.28506140626629,G731ST-HT,false
RFQ731-000012,x731,CFG731_6e27958dc8215006,CFG731_6e27958dc8215006,1.0,CORRECT_TOP1,0,,11,11,0,5,5,0,11,0,23.05019727261671,x731,false
RFQ731-000013,x731,CFG731_6526112621a9ee97,CFG731_6526112621a9ee97,1.0,CORRECT_TOP1,0,,10,10,0,5,5,0,10,0,21.08350280362588,x731,false
RFQ731-000014,x731,CFG731_5c624ef6fa2b6510,CFG731_5c624ef6fa2b6510,1.0,CORRECT_TOP1,0,,9,9,0,6,6,0,9,0,21.062198384178032,x731,false
RFQ731-000015,x731,CFG731_5d255cf6dd296018,CFG731_5d255cf6dd296018,1.0,CORRECT_TOP1,0,,9,9,0,6,6,0,9,0,21.78703755868568,x731,false
RFQ731-000016,x731,CFG731_c39096767a7ae083,CFG731_ef02695e374fc418,2.0,TRUE_IN_TOP3,3,stromSchaltbar|temperaturEingaenge|dev_advMeterVerification,10,10,0,4,4,0,10,0,20.370116454090194,x731,false
RFQ731-000017,F731WD_DualChannel,CFG731_c37386a371e13fa8,CFG731_c37386a371e13fa8,1.0,CORRECT_TOP1,0,,10,10,0,2,2,0,10,0,30.890273125287308,F731WD_DualChannel,false
RFQ731-000018,F731TE,CFG731_fd6959ad3c5fd9ed,CFG731_fd6959ad3c5fd9ed,1.0,CORRECT_TOP1,0,,9,9,0,2,2,0,9,0,30.16525792838132,F731TE,false
RFQ731-000019,x731,CFG731_cf0392d0aaac28b1,CFG731_6ba028da3bba9c41,2.0,TRUE_IN_TOP3,1,dev_advMeterVerification,11,11,0,2,2,0,11,0,19.64430360805552,x731,false
RFQ731-000020,x731,CFG731_8d2d91c46ccfb471,CFG731_48772fd385d8dcd5,2.0,TRUE_IN_TOP3,2,dev_advMeterVerification|customUserFluid,10,10,0,5,5,0,10,0,22.961107795458645,x731,false
RFQ731-000021,G731ST-HT,CFG731_fcc72e9951376cf3,CFG731_5dd35c89836ec88e,2.0,TRUE_IN_TOP3,1,stromEingaenge,13,13,0,2,2,0,13,0,27.327531346320782,G731ST-HT,false
RFQ731-000022,G731ST-LT,CFG731_a40ab19ad6671fbe,CFG731_a40ab19ad6671fbe,1.0,CORRECT_TOP1,0,,11,11,0,5,5,0,11,0,26.949215780743785,G731ST-LT,false
RFQ731-000023,x731,CFG731_5ea309f998205da7,CFG731_9ccdadb28a07accd,6.0,TRUE_IN_TOP10,2,dev_advMeterVerification|customUserFluid,12,12,0,2,2,0,12,0,21.281151774626046,x731,false
RFQ731-000024,G731ST-LT,CFG731_1d89d7fdc7355744,CFG731_1d89d7fdc7355744,1.0,CORRECT_TOP1,0,,9,9,0,6,6,0,9,0,26.013318501830994,G731ST-LT,false
RFQ731-000025,G731ST-HT,CFG731_a4416ae9d698efa6,CFG731_a4416ae9d698efa6,1.0,CORRECT_TOP1,0,,12,12,0,2,2,0,12,0,25.72347283305394,G731ST-HT,false
RFQ731-000026,x731,CFG731_1b365e0951e7dea4,CFG731_1b365e0951e7dea4,1.0,CORRECT_TOP1,0,,12,12,0,3,3,0,12,0,22.563254164075428,x731,false
RFQ731-000027,x731,CFG731_59f86789e43d86f1,CFG731_59f86789e43d86f1,1.0,CORRECT_TOP1,0,,10,10,0,6,6,0,10,0,23.11716703108541,x731,false
RFQ731-000028,G731ST-HT,CFG731_8b18ac1c34209d63,CFG731_8b18ac1c34209d63,1.0,CORRECT_TOP1,0,,14,14,0,2,2,0,14,0,28.09435905711236,G731ST-HT,false
RFQ731-000029,x731,CFG731_8d2d91c46ccfb471,CFG731_ff3460f478ef969b,2.0,TRUE_IN_TOP3,1,stromSchaltbar,9,9,0,7,7,0,9,0,23.662812691181635,x731,false
RFQ731-000030,G731ST-HT,CFG731_eb70dc35972dc4b7,CFG731_c759934398f2381a,2.0,TRUE_IN_TOP3,1,binaerDigitalOpenColl_MN,10,10,0,4,4,0,10,0,24.904484207716184,G731ST-HT,false
RFQ731-000031,x731,CFG731_5f9d5671c315ce06,CFG731_b7fc2f4bee7659de,4.0,TRUE_IN_TOP5,1,temperaturEingaenge,10,10,0,4,4,0,10,0,20.295728992317635,x731,false
RFQ731-000032,x731,CFG731_dc2dca106a6c63c6,CFG731_dc2dca106a6c63c6,1.0,CORRECT_TOP1,0,,10,10,0,3,3,0,10,0,18.312053794493757,x731,false
RFQ731-000033,G731CA,CFG731_faff6da73df00950,CFG731_faff6da73df00950,1.0,CORRECT_TOP1,0,,10,10,0,4,4,0,10,0,33.9910632327716,G731CA,false
RFQ731-000034,G731CA,CFG731_5bfe9492c76587ec,CFG731_9cc92f888af32c8a,2.0,TRUE_IN_TOP3,2,stromSchaltbar|binaerDigitalOpenColl_MN,10,10,0,2,2,0,10,0,25.557947050597736,G731CA,false
RFQ731-000035,G731ST-LT,CFG731_87d8ba5b87cf0a3f,CFG731_77fac91021549398,3.0,TRUE_IN_TOP3,2,temperaturEingaenge|binaerDigitalOpenColl_MN,11,11,0,2,2,0,11,0,22.1571212140856,G731ST-LT,false
RFQ731-000036,G731ST-HT,CFG731_7c70763d4cf79560,CFG731_b46f92852addf866,3.0,TRUE_IN_TOP3,1,stromEingaenge,10,10,0,4,4,0,10,0,25.05446228018259,G731ST-HT,false
RFQ731-000037,x731,CFG731_1b5b895b5e259903,CFG731_1b5b895b5e259903,1.0,CORRECT_TOP1,0,,11,11,0,3,3,0,11,0,23.62359653228389,x731,false
RFQ731-000038,x731,CFG731_04d60387371e1885,CFG731_04d60387371e1885,1.0,CORRECT_TOP1,0,,12,12,0,4,4,0,12,0,22.475336170575464,x731,false
RFQ731-000039,F731WD_DualChannel,CFG731_a4610f5f38e7d946,CFG731_a4610f5f38e7d946,1.0,CORRECT_TOP1,0,,12,12,0,1,1,0,12,0,36.30115881302178,F731WD_DualChannel,false
RFQ731-000040,x731,CFG731_f7f0034a8b15f329,CFG731_f7f0034a8b15f329,1.0,CORRECT_TOP1,0,,11,11,0,3,3,0,11,0,23.38311179663129,x731,false
RFQ731-000041,G731ST-HT,CFG731_1a1206cc52132df1,CFG731_d71a39e1fcf17083,4.0,TRUE_IN_TOP5,1,stromSchaltbar,12,12,0,2,2,0,12,0,24.97652934108743,G731ST-HT,false
RFQ731-000042,x731,CFG731_91e51485b56960b2,CFG731_8e5ce09a779d2284,2.0,TRUE_IN_TOP3,3,stromSchaltbar|stromEingaenge|temperaturEingaenge,8,8,0,6,6,0,8,0,19.749176238335373,x731,false
RFQ731-000043,x731,CFG731_12089d5d54f581ac,CFG731_78ea99817ca8be6a,10.0,TRUE_IN_TOP10,1,binaerDigitalOpenColl_MN,11,11,0,2,2,0,11,0,17.94564785417283,x731,false
RFQ731-000044,x731,CFG731_219ac3d01befd6d1,CFG731_c52f7eb3e0603707,3.0,TRUE_IN_TOP3,2,stromSchaltbar|customUserFluid,11,11,0,3,3,0,11,0,20.56894865017536,x731,false
RFQ731-000045,F731WD_SingleChannel,CFG731_70b6eaf9262ca4d0,CFG731_70b6eaf9262ca4d0,1.0,CORRECT_TOP1,0,,11,11,0,2,2,0,11,0,30.762456252706688,F731WD_SingleChannel,false
RFQ731-000046,x731,CFG731_70a71b60723e910d,CFG731_5e0166a160f3ed77,7.0,TRUE_IN_TOP10,2,stromEingaenge|customUserFluid,9,9,0,4,4,0,9,0,19.057670306140743,x731,false
RFQ731-000047,x731,CFG731_3b2a32abbf148ca1,CFG731_8e97bb2bec352a2c,3.0,TRUE_IN_TOP3,2,stromEingaenge|temperaturEingaenge,11,11,0,4,4,0,11,0,21.451333765258923,x731,false
RFQ731-000048,G731ST-LT,CFG731_8b6ed3cfa9ed1e59,CFG731_8b6ed3cfa9ed1e59,1.0,CORRECT_TOP1,0,,9,9,0,6,6,0,9,0,25.88427072102424,G731ST-LT,false
RFQ731-000049,x731,CFG731_700e5b0584a9b0fc,CFG731_700e5b0584a9b0fc,1.0,CORRECT_TOP1,0,,9,9,0,4,4,0,9,0,18.57322755993931,x731,false
RFQ731-000050,F731WD_DualChannel,CFG731_819cb4e76943eca6,CFG731_37e3938c6089bb2d,2.0,TRUE_IN_TOP3,2,stromSchaltbar|binaerOpenColl_MP,10,10,0,1,1,0,10,0,23.304019990790596,F731WD_DualChannel,false
RFQ731-000051,F731TE,CFG731_0c3b33750ffab3ac,CFG731_0c3b33750ffab3ac,1.0,CORRECT_TOP1,0,,10,10,0,1,1,0,10,0,31.343400174165414,F731TE,false
RFQ731-000052,x731,CFG731_0db950a4979d2c52,CFG731_fa6b5a7df55858c0,2.0,TRUE_IN_TOP3,1,stromSchaltbar,10,10,0,6,6,0,10,0,23.16127590853137,x731,false
RFQ731-000053,x731,CFG731_1cbb464ec15ba84f,CFG731_1cbb464ec15ba84f,1.0,CORRECT_TOP1,0,,11,11,0,4,4,0,11,0,22.097653614466537,x731,false
RFQ731-000054,G731CA,CFG731_e85a7fcdd0521e90,CFG731_e85a7fcdd0521e90,1.0,CORRECT_TOP1,0,,10,10,0,2,2,0,10,0,21.84453250899616,G731CA,false
RFQ731-000055,F731TE,CFG731_07fb816f7dc25bc8,CFG731_07fb816f7dc25bc8,1.0,CORRECT_TOP1,0,,11,11,0,2,2,0,11,0,33.41309765756593,F731TE,false
RFQ731-000056,G731ST-LT,CFG731_d5af433b36265df1,CFG731_d5af433b36265df1,1.0,CORRECT_TOP1,0,,9,9,0,6,6,0,9,0,25.64301101461933,G731ST-LT,false
RFQ731-000057,x731,CFG731_2683cf7e09782f5e,CFG731_d61788aab0d61e0f,2.0,TRUE_IN_TOP3,1,customUserFluid,9,9,0,6,6,0,9,0,21.56030578871836,x731,false
RFQ731-000058,F731WD_SingleChannel,CFG731_70b6eaf9262ca4d0,CFG731_400b0d973c930668,2.0,TRUE_IN_TOP3,2,stromSchaltbar|binaerOpenColl_MP,10,10,0,1,1,0,10,0,21.75786055230172,F731WD_SingleChannel,false
RFQ731-000059,G731VG,CFG731_6a47b38d62a9fed3,CFG731_6a47b38d62a9fed3,1.0,CORRECT_TOP1,0,,14,14,0,1,1,0,14,0,38.92475428030488,G731VG,false
RFQ731-000060,x731,CFG731_4e7f75dd9496e7b1,CFG731_4e7f75dd9496e7b1,1.0,CORRECT_TOP1,0,,12,12,0,3,3,0,12,0,22.246308921278228,x731,false
RFQ731-000061,x731,CFG731_8c50542218db5cb0,CFG731_15f034f7c265528f,2.0,TRUE_IN_TOP3,1,temperaturEingaenge,12,12,0,3,3,0,12,0,22.126385525093088,x731,false
RFQ731-000062,F731TE,CFG731_090330aa38b8e80b,CFG731_090330aa38b8e80b,1.0,CORRECT_TOP1,0,,10,10,0,3,3,0,10,0,41.75183379650011,F731TE,false
RFQ731-000063,x731,CFG731_79377060f99f59f3,CFG731_79377060f99f59f3,1.0,CORRECT_TOP1,0,,14,14,0,2,2,0,14,0,23.22495003934884,x731,false
RFQ731-000064,F731PW,CFG731_327bfa077bbbd45e,CFG731_327bfa077bbbd45e,1.0,CORRECT_TOP1,0,,10,10,0,2,2,0,10,0,34.78332108077815,F731PW,false
RFQ731-000065,x731,CFG731_91e51485b56960b2,CFG731_f57ccd8e79618aa1,3.0,TRUE_IN_TOP3,3,stromSchaltbar|temperaturEingaenge|binaerDigitalOpenColl_MN,12,12,0,2,2,0,12,0,19.184721888431515,x731,false
RFQ731-000066,F731TE,CFG731_a72f99e8160efda6,CFG731_a72f99e8160efda6,1.0,CORRECT_TOP1,0,,10,10,0,3,3,0,10,0,39.06972717643011,F731TE,false
RFQ731-000067,x731,CFG731_31c4aded40f9387f,CFG731_31c4aded40f9387f,1.0,CORRECT_TOP1,0,,13,13,0,3,3,0,13,0,23.26146190494089,x731,false
RFQ731-000068,x731,CFG731_1f978c234895178c,CFG731_04e7216b1ba7f935,6.0,TRUE_IN_TOP10,2,stromSchaltbar|temperaturEingaenge,12,12,0,2,2,0,12,0,19.53791160601119,x731,false
RFQ731-000069,x731,CFG731_95e2d680672ff303,CFG731_95e2d680672ff303,1.0,CORRECT_TOP1,0,,6,6,0,7,7,0,6,0,22.19745234740874,x731,false
RFQ731-000070,x731,CFG731_5a8170a3daa0efb9,CFG731_5a8170a3daa0efb9,1.0,CORRECT_TOP1,0,,7,7,0,7,7,0,7,0,23.425306860834265,x731,false
RFQ731-000071,G731CA,CFG731_19ec976991ce75a9,CFG731_19f7d73d8e42e7bd,2.0,TRUE_IN_TOP3,2,stromSchaltbar|binaerDigitalOpenColl_MN,10,10,0,2,2,0,10,0,23.50282974726883,G731CA,false
RFQ731-000072,x731,CFG731_d9234c84a58b99ae,CFG731_d9234c84a58b99ae,1.0,CORRECT_TOP1,0,,11,11,0,4,4,0,11,0,21.435939795821504,x731,false
RFQ731-000073,x731,CFG731_31aa13473958d7d3,CFG731_1c1fb7a32bf0146b,2.0,TRUE_IN_TOP3,2,stromEingaenge|temperaturEingaenge,12,12,0,3,3,0,12,0,21.423177487183047,x731,false
RFQ731-000074,G731ST-LT,CFG731_0029021d98da4557,CFG731_7994662aa688a3b5,4.0,TRUE_IN_TOP5,1,binaerDigitalOpenColl_MN,13,13,0,1,1,0,13,0,23.66231649659764,G731ST-LT,false
RFQ731-000075,x731,CFG731_fa2849b259355775,CFG731_fa2849b259355775,1.0,CORRECT_TOP1,0,,12,12,0,3,3,0,12,0,22.969309299781035,x731,false
RFQ731-000076,F731WD_SingleChannel,CFG731_a7d2a5a9ae465701,CFG731_a7d2a5a9ae465701,1.0,CORRECT_TOP1,0,,10,10,0,3,3,0,10,0,34.90497744699932,F731WD_SingleChannel,false
RFQ731-000077,x731,CFG731_a385518a9f31baa0,CFG731_a385518a9f31baa0,1.0,CORRECT_TOP1,0,,10,10,0,5,5,0,10,0,21.87732419972128,x731,false
RFQ731-000078,F731PW,CFG731_5995fa9fd5d1242f,CFG731_5995fa9fd5d1242f,1.0,CORRECT_TOP1,0,,11,11,0,1,1,0,11,0,34.211841562547065,F731PW,false
RFQ731-000079,x731,CFG731_8c8856d21252930e,CFG731_6472ab3bf7316498,3.0,TRUE_IN_TOP3,1,binaerOpenColl_MP,7,7,0,6,6,0,7,0,21.002259722229663,x731,false
RFQ731-000080,x731,CFG731_4fe142d593643ab8,CFG731_4fe142d593643ab8,1.0,CORRECT_TOP1,0,,11,11,0,3,3,0,11,0,21.028220012767903,x731,false
RFQ731-000081,G731ST-LT,CFG731_ae2e4cfccaff4f50,CFG731_a54fd8962307be18,,TRUE_UNRANKED,2,stromEingaenge|binaerDigitalOpenColl_MN,10,10,0,3,3,0,10,0,22.136190922425957,G731ST-LT,false
RFQ731-000082,x731,CFG731_226e375c4e7aa2a0,CFG731_90035585549005ff,7.0,TRUE_IN_TOP10,2,stromSchaltbar|dev_advMeterVerification,9,9,0,3,3,0,9,0,18.255104720456977,x731,false
RFQ731-000083,F731TE,CFG731_574aa7a29f75cd60,CFG731_574aa7a29f75cd60,1.0,CORRECT_TOP1,0,,11,11,0,2,2,0,11,0,35.46079387870506,F731TE,false
RFQ731-000084,x731,CFG731_5be5a82ac0b29989,CFG731_5be5a82ac0b29989,1.0,CORRECT_TOP1,0,,11,11,0,2,2,0,11,0,22.247869374211067,x731,false
RFQ731-000085,x731,CFG731_0aa987e1ae960c88,CFG731_0aa987e1ae960c88,1.0,CORRECT_TOP1,0,,11,11,0,4,4,0,11,0,21.53896047256257,x731,false
RFQ731-000086,G731CA,CFG731_d3d0547b464f691d,CFG731_d3d0547b464f691d,1.0,CORRECT_TOP1,0,,9,9,0,3,3,0,9,0,24.986467532366643,G731CA,false
RFQ731-000087,x731,CFG731_6d44172bc82c7ed7,CFG731_6d44172bc82c7ed7,1.0,CORRECT_TOP1,0,,14,14,0,1,1,0,14,0,21.311039687399248,x731,false
RFQ731-000088,G731ST-HT,CFG731_63eca10a00ae1f5d,CFG731_0ce13abf777d04f9,2.0,TRUE_IN_TOP3,1,temperaturEingaenge,10,10,0,5,5,0,10,0,27.240678629717,G731ST-HT,false
RFQ731-000089,x731,CFG731_9fcbeaf9d5010d3a,CFG731_4340f11ba9a46e42,3.0,TRUE_IN_TOP3,1,temperaturEingaenge,10,10,0,4,4,0,10,0,20.32403734037662,x731,false
RFQ731-000090,x731,CFG731_260c36430f7c2d03,CFG731_260c36430f7c2d03,1.0,CORRECT_TOP1,0,,12,12,0,2,2,0,12,0,24.010745481975945,x731,false
RFQ731-000091,G731ST-LT,CFG731_e6c0885eb14e429c,CFG731_e6c0885eb14e429c,1.0,CORRECT_TOP1,0,,10,10,0,5,5,0,10,0,25.926465785227208,G731ST-LT,false
RFQ731-000092,x731,CFG731_a7a446c7f3b3183f,CFG731_a7a446c7f3b3183f,1.0,CORRECT_TOP1,0,,10,10,0,3,3,0,10,0,22.821030946600125,x731,false
RFQ731-000093,x731,CFG731_8f470181ad32eeae,CFG731_7f6c0412b6d497fb,3.0,TRUE_IN_TOP3,2,stromEingaenge|customUserFluid,10,10,0,5,5,0,10,0,22.850360538077144,x731,false
RFQ731-000094,G731CA,CFG731_0738cd529389f266,CFG731_0738cd529389f266,1.0,CORRECT_TOP1,0,,10,10,0,4,4,0,10,0,31.9359459294427,G731CA,false
RFQ731-000095,x731,CFG731_2a8793475d827bb6,CFG731_235ee3a364b5b6ec,7.0,TRUE_IN_TOP10,2,stromSchaltbar|binaerDigitalOpenColl_MN,10,10,0,3,3,0,10,0,19.19786233084901,x731,false
RFQ731-000096,G731ST-LT,CFG731_1d89d7fdc7355744,CFG731_1d89d7fdc7355744,1.0,CORRECT_TOP1,0,,9,9,0,6,6,0,9,0,26.013318501830994,G731ST-LT,false
RFQ731-000097,x731,CFG731_12089d5d54f581ac,CFG731_78ea99817ca8be6a,10.0,TRUE_IN_TOP10,1,binaerDigitalOpenColl_MN,7,7,0,6,6,0,7,0,17.94564785417283,x731,false
RFQ731-000098,G731ST-HT,CFG731_a3b03637ed22317c,CFG731_dde2f7fe043f7ade,2.0,TRUE_IN_TOP3,1,stromEingaenge,10,10,0,5,5,0,10,0,26.845086059325325,G731ST-HT,false
RFQ731-000099,x731,CFG731_7ffc09802c7b60bf,CFG731_917fc613cc9bf56a,2.0,TRUE_IN_TOP3,2,temperaturEingaenge|dev_advMeterVerification,8,8,0,6,6,0,8,0,20.037649239561134,x731,false
RFQ731-000100,F731WD_DualChannel,CFG731_35ed22cad11f9a11,CFG731_35ed22cad11f9a11,1.0,CORRECT_TOP1,0,,11,11,0,2,2,0,11,0,36.45113688548819,F731WD_DualChannel,false
RFQ731-000101,F731WD_DualChannel,CFG731_a4610f5f38e7d946,CFG731_a4610f5f38e7d946,1.0,CORRECT_TOP1,0,,10,10,0,3,3,0,10,0,36.30115881302178,F731WD_DualChannel,false
RFQ731-000102,x731,CFG731_7afa5501026394f9,CFG731_7afa5501026394f9,1.0,CORRECT_TOP1,0,,8,8,0,5,5,0,8,0,21.63650917233036,x731,false
RFQ731-000103,x731,CFG731_7521d5a6673c8628,CFG731_6942facbe6ebb88b,7.0,TRUE_IN_TOP10,2,dynamicGasMaster|customUserFluid,8,8,0,5,5,0,8,0,18.89412908865333,x731,false
RFQ731-000104,G731CA,CFG731_d3d0547b464f691d,CFG731_d3d0547b464f691d,1.0,CORRECT_TOP1,0,,7,7,0,5,5,0,7,0,24.986467532366643,G731CA,false
RFQ731-000105,G731ST-LT,CFG731_a40ab19ad6671fbe,CFG731_098817d766a37bc2,2.0,TRUE_IN_TOP3,1,stromEingaenge,9,9,0,6,6,0,9,0,25.53087321483553,G731ST-LT,false
RFQ731-000106,F731WD_SingleChannel,CFG731_70b6eaf9262ca4d0,CFG731_70b6eaf9262ca4d0,1.0,CORRECT_TOP1,0,,10,10,0,3,3,0,10,0,30.762456252706688,F731WD_SingleChannel,false
RFQ731-000107,x731,CFG731_b3506a753aafcfa3,CFG731_b3506a753aafcfa3,1.0,CORRECT_TOP1,0,,8,8,0,5,5,0,8,0,19.60419424824873,x731,false
RFQ731-000108,x731,CFG731_cf4bb519cec0df2f,CFG731_cf4bb519cec0df2f,1.0,CORRECT_TOP1,0,,11,11,0,5,5,0,11,0,22.206915178997583,x731,false
RFQ731-000109,x731,CFG731_8d78781f8753b72a,CFG731_8d78781f8753b72a,1.0,CORRECT_TOP1,0,,10,10,0,4,4,0,10,0,23.16094095540965,x731,false
RFQ731-000110,x731,CFG731_c3481d11b658e1e9,CFG731_187ec74b5c4854aa,3.0,TRUE_IN_TOP3,1,dev_advMeterVerification,9,9,0,6,6,0,9,0,21.469472408382405,x731,false
RFQ731-000111,x731,CFG731_2e5bd0d53757f625,CFG731_2e5bd0d53757f625,1.0,CORRECT_TOP1,0,,13,13,0,1,1,0,13,0,20.50658751141085,x731,false
RFQ731-000112,x731,CFG731_cd4f211fbf872f2e,CFG731_6084e24782dc3f55,6.0,TRUE_IN_TOP10,2,stromSchaltbar|customUserFluid,7,7,0,6,6,0,7,0,19.363709512596134,x731,false
RFQ731-000113,F731WD_SingleChannel,CFG731_4ca309199387f8d5,CFG731_4ca309199387f8d5,1.0,CORRECT_TOP1,0,,9,9,0,4,4,0,9,0,30.61247818024028,F731WD_SingleChannel,false
RFQ731-000114,x731,CFG731_7bb5689e4b06bfe5,CFG731_7bb5689e4b06bfe5,1.0,CORRECT_TOP1,0,,12,12,0,2,2,0,12,0,22.927825164337264,x731,false
RFQ731-000115,x731,CFG731_6920f76e20b3b3ac,CFG731_6920f76e20b3b3ac,1.0,CORRECT_TOP1,0,,10,10,0,4,4,0,10,0,23.403455702086067,x731,false
RFQ731-000116,x731,CFG731_abcee67081353f16,CFG731_abcee67081353f16,1.0,CORRECT_TOP1,0,,11,11,0,5,5,0,11,0,22.843062840896607,x731,false
RFQ731-000117,G731ST-HT,CFG731_4de012f7232f644d,CFG731_5882bd12beb09203,4.0,TRUE_IN_TOP5,1,stromEingaenge,11,11,0,3,3,0,11,0,25.65312149077509,G731ST-HT,false
RFQ731-000118,G731ST-LT,CFG731_a40ab19ad6671fbe,CFG731_bc9146cb8459e9c2,2.0,TRUE_IN_TOP3,1,temperaturEingaenge,11,11,0,4,4,0,11,0,25.593998570698155,G731ST-LT,false
RFQ731-000119,G731ST-HT,CFG731_bbffb73f3dff6787,CFG731_bbffb73f3dff6787,1.0,CORRECT_TOP1,0,,12,12,0,4,4,0,12,0,28.55370077555966,G731ST-HT,false
RFQ731-000120,G731ST-HT,CFG731_3f42c988dc83cb23,CFG731_b5710e5f11e2cbc2,4.0,TRUE_IN_TOP5,1,stromEingaenge,12,12,0,2,2,0,12,0,25.751984721529897,G731ST-HT,false
RFQ731-000121,x731,CFG731_cb9d6c11077bd307,CFG731_a89154111c50850c,4.0,TRUE_IN_TOP5,2,stromSchaltbar|binaerDigitalOpenColl_MN,11,11,0,3,3,0,11,0,19.25466462401234,x731,false
RFQ731-000122,F731WD_SingleChannel,CFG731_11c93eca01984a14,CFG731_0be7d6198235486b,2.0,TRUE_IN_TOP3,2,stromSchaltbar|binaerOpenColl_MP,10,10,0,1,1,0,10,0,25.359137294119503,F731WD_SingleChannel,false
RFQ731-000123,x731,CFG731_a41a2d2cef1a675f,CFG731_56310c55a01272a3,2.0,TRUE_IN_TOP3,1,stromSchaltbar,11,11,0,2,2,0,11,0,21.20532373195894,x731,false
RFQ731-000124,G731CA,CFG731_acbf4c45af55caad,CFG731_acbf4c45af55caad,1.0,CORRECT_TOP1,0,,12,12,0,2,2,0,12,0,30.84912820940112,G731CA,false
RFQ731-000125,x731,CFG731_6b5f6983490bc595,CFG731_6b5f6983490bc595,1.0,CORRECT_TOP1,0,,11,11,0,3,3,0,11,0,21.06988714230186,x731,false
RFQ731-000126,F731PW,CFG731_92efd7a3c43da152,CFG731_92efd7a3c43da152,1.0,CORRECT_TOP1,0,,9,9,0,3,3,0,9,0,35.610524999026474,F731PW,false
RFQ731-000127,x731,CFG731_5ea309f998205da7,CFG731_9ccdadb28a07accd,6.0,TRUE_IN_TOP10,2,dev_advMeterVerification|customUserFluid,9,9,0,5,5,0,9,0,21.281151774626046,x731,false
RFQ731-000128,x731,CFG731_f97e51d1da57d99f,CFG731_b2ad61cdb45a54fb,2.0,TRUE_IN_TOP3,2,stromSchaltbar|stromEingaenge,10,10,0,4,4,0,10,0,21.33063731912753,x731,false
RFQ731-000129,F731TE,CFG731_07fb816f7dc25bc8,CFG731_07fb816f7dc25bc8,1.0,CORRECT_TOP1,0,,8,8,0,5,5,0,8,0,33.41309765756593,F731TE,false
RFQ731-000130,G731ST-LT,CFG731_32b4b1ec4513af66,CFG731_32b4b1ec4513af66,1.0,CORRECT_TOP1,0,,12,12,0,4,4,0,12,0,26.93012428508898,G731ST-LT,false
RFQ731-000131,G731ST-HT,CFG731_bbffb73f3dff6787,CFG731_403f51b2e914043b,4.0,TRUE_IN_TOP5,3,stromSchaltbar|stromEingaenge|temperaturEingaenge,9,9,0,4,4,0,9,0,24.326060558805334,G731ST-HT,false
RFQ731-000132,x731,CFG731_e116a79dd463fd7e,CFG731_87ce9768865f4127,4.0,TRUE_IN_TOP5,2,stromEingaenge|dynamicGasMaster,11,11,0,3,3,0,11,0,19.749120472447157,x731,false
RFQ731-000133,G731ST-LT,CFG731_a57ffd88d58eb498,CFG731_fa6ab94f1cf566b3,3.0,TRUE_IN_TOP3,1,binaerDigitalOpenColl_MN,11,11,0,3,3,0,11,0,23.590271363226396,G731ST-LT,false
RFQ731-000134,x731,CFG731_6b809c836e3ca8a1,CFG731_5de6ca53a86b09c9,2.0,TRUE_IN_TOP3,1,binaerOpenColl_MP,10,10,0,4,4,0,10,0,20.91266810149736,x731,false
RFQ731-000135,x731,CFG731_cf543b1c3927ab71,CFG731_ede0b25f5f83644d,2.0,TRUE_IN_TOP3,3,stromSchaltbar|temperaturEingaenge|dev_advMeterVerification,8,8,0,5,5,0,8,0,20.156110102044224,x731,false
RFQ731-000136,x731,CFG731_5ea309f998205da7,CFG731_9ccdadb28a07accd,6.0,TRUE_IN_TOP10,2,dev_advMeterVerification|customUserFluid,10,10,0,4,4,0,10,0,21.281151774626046,x731,false
RFQ731-000137,x731,CFG731_efc9d6b915117e15,CFG731_efc9d6b915117e15,1.0,CORRECT_TOP1,0,,10,10,0,5,5,0,10,0,21.21345564266417,x731,false
RFQ731-000138,F731WD_SingleChannel,CFG731_a7d2a5a9ae465701,CFG731_ee8e327bbb737abf,2.0,TRUE_IN_TOP3,2,stromSchaltbar|binaerOpenColl_MP,10,10,0,1,1,0,10,0,25.90038174659436,F731WD_SingleChannel,false
RFQ731-000139,x731,CFG731_5aad423ad5989441,CFG731_72fe206df86509f8,8.0,TRUE_IN_TOP10,1,stromEingaenge,11,11,0,3,3,0,11,0,21.109173723274985,x731,false
RFQ731-000140,G731ST-LT,CFG731_175641fe8d1c7f37,CFG731_175641fe8d1c7f37,1.0,CORRECT_TOP1,0,,8,8,0,7,7,0,8,0,25.863340429364587,G731ST-LT,false
RFQ731-000141,G731ST-HT,CFG731_2a989bd6dba74d9f,CFG731_b7a7770d19b6f648,4.0,TRUE_IN_TOP5,2,stromSchaltbar|temperaturEingaenge,13,13,0,1,1,0,13,0,25.646304111056885,G731ST-HT,false
RFQ731-000142,x731,CFG731_e3b7a52ea0694eb1,CFG731_e3b7a52ea0694eb1,1.0,CORRECT_TOP1,0,,9,9,0,5,5,0,9,0,21.14512740565296,x731,false
RFQ731-000143,x731,CFG731_91e51485b56960b2,CFG731_8e5ce09a779d2284,2.0,TRUE_IN_TOP3,3,stromSchaltbar|stromEingaenge|temperaturEingaenge,13,13,0,1,1,0,13,0,19.749176238335373,x731,false
RFQ731-000144,x731,CFG731_2683cf7e09782f5e,CFG731_2683cf7e09782f5e,1.0,CORRECT_TOP1,0,,10,10,0,6,6,0,10,0,22.62841662476227,x731,false
RFQ731-000145,x731,CFG731_fa2849b259355775,CFG731_1d294b2de760852b,3.0,TRUE_IN_TOP3,1,temperaturEingaenge,8,8,0,6,6,0,8,0,21.614092089735404,x731,false
RFQ731-000146,x731,CFG731_ebb861c404a79d91,CFG731_fd10dd35c97df399,3.0,TRUE_IN_TOP3,1,stromEingaenge,10,10,0,4,4,0,10,0,20.801920844115852,x731,false
RFQ731-000147,x731,CFG731_91e51485b56960b2,CFG731_b83ac25dbd4e47ee,3.0,TRUE_IN_TOP3,2,stromSchaltbar|temperaturEingaenge,11,11,0,4,4,0,11,0,21.167518804243624,x731,false
RFQ731-000148,x731,CFG731_296392aa95929245,CFG731_1b8054cb5a92e4fa,7.0,TRUE_IN_TOP10,2,stromEingaenge|dev_advMeterVerification,9,9,0,3,3,0,9,0,17.597690859243592,x731,false
RFQ731-000149,x731,CFG731_8f470181ad32eeae,CFG731_88a813121973f952,2.0,TRUE_IN_TOP3,1,stromSchaltbar,12,12,0,4,4,0,12,0,23.88273349922887,x731,false
RFQ731-000150,x731,CFG731_c39096767a7ae083,CFG731_ef02695e374fc418,2.0,TRUE_IN_TOP3,3,stromSchaltbar|temperaturEingaenge|dev_advMeterVerification,12,12,0,2,2,0,12,0,20.370116454090194,x731,false
RFQ731-000151,F731WD_DualChannel,CFG731_819cb4e76943eca6,CFG731_819cb4e76943eca6,1.0,CORRECT_TOP1,0,,10,10,0,3,3,0,10,0,32.30861569119556,F731WD_DualChannel,false
RFQ731-000152,x731,CFG731_353333bad447dbef,CFG731_bd51fba2aacb1a3c,2.0,TRUE_IN_TOP3,2,stromSchaltbar|binaerOpenColl_MP,6,6,0,7,7,0,6,0,18.62638281261792,x731,false
RFQ731-000153,x731,CFG731_0fbee36816b7af98,CFG731_0fbee36816b7af98,1.0,CORRECT_TOP1,0,,13,13,0,4,4,0,13,0,24.76533442179821,x731,false
RFQ731-000154,G731CA,CFG731_d2a75fda6f761c1b,CFG731_24b3128196e55c23,2.0,TRUE_IN_TOP3,2,stromSchaltbar|binaerOpenColl_MP,9,9,0,3,3,0,9,0,25.48800431501691,G731CA,false
RFQ731-000155,G731ST-LT,CFG731_3c070a82e4102784,CFG731_00533f723f7496de,4.0,TRUE_IN_TOP5,1,temperaturEingaenge,10,10,0,4,4,0,10,0,24.580168352690205,G731ST-LT,false
RFQ731-000156,x731,CFG731_91e51485b56960b2,CFG731_91e51485b56960b2,1.0,CORRECT_TOP1,0,,10,10,0,7,7,0,10,0,23.976816455089697,x731,false
RFQ731-000157,x731,CFG731_97c654bf006e698e,CFG731_97c654bf006e698e,1.0,CORRECT_TOP1,0,,7,7,0,7,7,0,7,0,21.178198085234317,x731,false
RFQ731-000158,x731,CFG731_a70e307c2ffca857,CFG731_695e540255cc94da,3.0,TRUE_IN_TOP3,1,binaerOpenColl_MP,10,10,0,3,3,0,10,0,20.845676825068484,x731,false
RFQ731-000159,x731,CFG731_0db950a4979d2c52,CFG731_fa6b5a7df55858c0,2.0,TRUE_IN_TOP3,1,stromSchaltbar,11,11,0,5,5,0,11,0,23.16127590853137,x731,false
RFQ731-000160,x731,CFG731_5331dc313830f4cb,CFG731_5331dc313830f4cb,1.0,CORRECT_TOP1,0,,9,9,0,5,5,0,9,0,20.04058256976874,x731,false
RFQ731-000161,x731,CFG731_e201a8a6e4588b00,CFG731_e201a8a6e4588b00,1.0,CORRECT_TOP1,0,,10,10,0,4,4,0,10,0,20.410890056980406,x731,false
RFQ731-000162,x731,CFG731_5dd42015f6f61801,CFG731_65da22cd215fbcf6,2.0,TRUE_IN_TOP3,1,temperaturEingaenge,10,10,0,6,6,0,10,0,22.57940418084109,x731,false
RFQ731-000163,G731ST-LT,CFG731_49cd4cbef1081333,CFG731_49cd4cbef1081333,1.0,CORRECT_TOP1,0,,13,13,0,2,2,0,13,0,25.035793621496047,G731ST-LT,false
RFQ731-000164,x731,CFG731_9c182e1af1606c9d,CFG731_9c182e1af1606c9d,1.0,CORRECT_TOP1,0,,9,9,0,5,5,0,9,0,20.807551247901063,x731,false
RFQ731-000165,G731ST-HT,CFG731_646d8903da63e1f0,CFG731_00e033bb831be6d5,3.0,TRUE_IN_TOP3,1,temperaturEingaenge,4,4,0,10,10,0,4,0,25.639846921746106,G731ST-HT,false
RFQ731-000166,x731,CFG731_a2313bdd95c38f2d,CFG731_d0bd848c8f934b33,,TRUE_UNRANKED,2,stromEingaenge|temperaturEingaenge,11,11,0,2,2,0,11,0,20.11141422950992,x731,false
RFQ731-000167,x731,CFG731_c41fd04f9eea78e7,CFG731_c41fd04f9eea78e7,1.0,CORRECT_TOP1,0,,7,7,0,7,7,0,7,0,23.25347762961966,x731,false
RFQ731-000168,x731,CFG731_6b36d25fda044bf5,CFG731_6b36d25fda044bf5,1.0,CORRECT_TOP1,0,,12,12,0,4,4,0,12,0,22.46144945443148,x731,false
RFQ731-000169,G731ST-HT,CFG731_b3ed2928d6d65710,CFG731_b3ed2928d6d65710,1.0,CORRECT_TOP1,0,,12,12,0,2,2,0,12,0,25.4350394787327,G731ST-HT,false
RFQ731-000170,F731WD_SingleChannel,CFG731_e98d2be876599c40,CFG731_e98d2be876599c40,1.0,CORRECT_TOP1,0,,10,10,0,3,3,0,10,0,34.75499937453291,F731WD_SingleChannel,false
RFQ731-000171,F731PW,CFG731_956456fc074ebc5a,CFG731_956456fc074ebc5a,1.0,CORRECT_TOP1,0,,10,10,0,2,2,0,10,0,35.15118328057918,F731PW,false
RFQ731-000172,x731,CFG731_219ac3d01befd6d1,CFG731_9d1ffcce07240574,4.0,TRUE_IN_TOP5,2,stromSchaltbar|temperaturEingaenge,10,10,0,4,4,0,10,0,20.28184227617364,x731,false
RFQ731-000173,G731ST-HT,CFG731_288e4c99b4e02895,CFG731_1b33a9ed446bc0fd,6.0,TRUE_IN_TOP10,2,stromSchaltbar|binaerDigitalOpenColl_MN,11,11,0,1,1,0,11,0,21.593649774219845,G731ST-HT,false
RFQ731-000174,x731,CFG731_e049618b920d59b6,CFG731_d05c8278d6301e9d,5.0,TRUE_IN_TOP5,2,stromEingaenge|binaerDigitalOpenColl_MN,9,9,0,5,5,0,9,0,20.3316159450421,x731,false
RFQ731-000175,G731ST-LT,CFG731_0fdf5c36c9c41e69,CFG731_0fdf5c36c9c41e69,1.0,CORRECT_TOP1,0,,14,14,0,2,2,0,14,0,26.639852134762897,G731ST-LT,false
RFQ731-000176,G731ST-HT,CFG731_2a989bd6dba74d9f,CFG731_84b16be5aab3bf9b,2.0,TRUE_IN_TOP3,1,stromEingaenge,12,12,0,3,3,0,12,0,27.037259195994704,G731ST-HT,false
RFQ731-000177,x731,CFG731_8c8856d21252930e,CFG731_4e6e53642a913f1a,6.0,TRUE_IN_TOP10,2,stromSchaltbar|binaerOpenColl_MP,6,6,0,6,6,0,6,0,19.54817928142922,x731,false
RFQ731-000178,x731,CFG731_5e61ce3b60d15e11,CFG731_cccd499c66b31e99,2.0,TRUE_IN_TOP3,1,dev_advMeterVerification,13,13,0,3,3,0,13,0,23.81795399917837,x731,false
RFQ731-000179,x731,CFG731_fd7b09f495a568bc,CFG731_fd7b09f495a568bc,1.0,CORRECT_TOP1,0,,8,8,0,5,5,0,8,0,21.638759205504773,x731,false
RFQ731-000180,G731ST-LT,CFG731_ae2e4cfccaff4f50,CFG731_75db38d1df65a8f3,8.0,TRUE_IN_TOP10,2,temperaturEingaenge|binaerDigitalOpenColl_MN,9,9,0,4,4,0,9,0,22.19931627828857,G731ST-LT,false
RFQ731-000181,x731,CFG731_5be5a82ac0b29989,CFG731_5be5a82ac0b29989,1.0,CORRECT_TOP1,0,,11,11,0,2,2,0,11,0,22.247869374211067,x731,false
RFQ731-000182,x731,CFG731_3b2a32abbf148ca1,CFG731_7c35d25e0c12df82,3.0,TRUE_IN_TOP3,2,dynamicGasMaster|customUserFluid,10,10,0,5,5,0,10,0,21.47682668433629,x731,false
RFQ731-000183,x731,CFG731_db395082b1a3b8ac,CFG731_db395082b1a3b8ac,1.0,CORRECT_TOP1,0,,9,9,0,5,5,0,9,0,22.940611540664392,x731,false
RFQ731-000184,x731,CFG731_e08dfad4737be3d9,CFG731_9cedc4ecc45a4b46,2.0,TRUE_IN_TOP3,2,stromEingaenge|dev_advMeterVerification,12,12,0,3,3,0,12,0,22.90114821592039,x731,false
RFQ731-000185,x731,CFG731_2683cf7e09782f5e,CFG731_cbcc0cf44cde6b53,3.0,TRUE_IN_TOP3,1,dev_advMeterVerification,12,12,0,3,3,0,12,0,21.540742124282755,x731,false
RFQ731-000186,x731,CFG731_353333bad447dbef,CFG731_0ef26d136a7182e8,2.0,TRUE_IN_TOP3,2,stromSchaltbar|temperaturEingaenge,9,9,0,4,4,0,9,0,19.54423466871048,x731,false
RFQ731-000187,x731,CFG731_241d60e6ef5278be,CFG731_56f0dbd067fcbe02,5.0,TRUE_IN_TOP5,3,stromSchaltbar|stromEingaenge|customUserFluid,7,7,0,6,6,0,7,0,19.010312006407435,x731,false
RFQ731-000188,x731,CFG731_fde1ab2a4808b544,CFG731_a1cadf8c4a6793ba,4.0,TRUE_IN_TOP5,2,dev_advMeterVerification|customUserFluid,11,11,0,3,3,0,11,0,20.80074371124753,x731,false
RFQ731-000189,F731PW,CFG731_956456fc074ebc5a,CFG731_956456fc074ebc5a,1.0,CORRECT_TOP1,0,,8,8,0,4,4,0,8,0,35.15118328057918,F731PW,false
RFQ731-000190,G731CA,CFG731_d2a75fda6f761c1b,CFG731_d2a75fda6f761c1b,1.0,CORRECT_TOP1,0,,13,13,0,1,1,0,13,0,34.49260001542188,G731CA,false
RFQ731-000191,x731,CFG731_b1196e0942d6104e,CFG731_b1196e0942d6104e,1.0,CORRECT_TOP1,0,,11,11,0,2,2,0,11,0,21.48878113303836,x731,false
RFQ731-000192,G731CA,CFG731_d97c333965654bd3,CFG731_d97c333965654bd3,1.0,CORRECT_TOP1,0,,7,7,0,5,5,0,7,0,25.445809250813937,G731CA,false
RFQ731-000193,G731ST-LT,CFG731_87d8ba5b87cf0a3f,CFG731_9e44a82e6c1db982,5.0,TRUE_IN_TOP5,2,stromEingaenge|temperaturEingaenge,11,11,0,2,2,0,11,0,22.72157556398946,G731ST-LT,false
RFQ731-000194,x731,CFG731_3a6a87d7cf07cb7c,CFG731_1490cd30a236283e,2.0,TRUE_IN_TOP3,1,dynamicGasMaster,10,10,0,4,4,0,10,0,19.48110559410024,x731,false
RFQ731-000195,x731,CFG731_6f8c15548921e4c2,CFG731_75b93da9dd9b0316,3.0,TRUE_IN_TOP3,1,binaerOpenColl_MP,9,9,0,4,4,0,9,0,20.5007229395794,x731,false
RFQ731-000196,x731,CFG731_260c36430f7c2d03,CFG731_260c36430f7c2d03,1.0,CORRECT_TOP1,0,,12,12,0,2,2,0,12,0,24.010745481975945,x731,false
RFQ731-000197,x731,CFG731_073f991a6c9a4683,CFG731_59f73311cf3c5679,2.0,TRUE_IN_TOP3,1,dynamicGasMaster,12,12,0,4,4,0,12,0,22.81335851195809,x731,false
RFQ731-000198,x731,CFG731_8c50542218db5cb0,CFG731_8c50542218db5cb0,1.0,CORRECT_TOP1,0,,15,15,0,1,1,0,15,0,23.48160273513872,x731,false
RFQ731-000199,G731ST-LT,CFG731_455da2f832a6b66d,CFG731_da6b811731deb07d,5.0,TRUE_IN_TOP5,1,binaerOpenColl_MP,13,13,0,1,1,0,13,0,23.088734580576126,G731ST-LT,false
RFQ731-000200,x731,CFG731_140a9819128d92da,CFG731_140a9819128d92da,1.0,CORRECT_TOP1,0,,10,10,0,4,4,0,10,0,19.83550899185857,x731,false
RFQ731-000201,x731,CFG731_b1693ef6b18686ac,CFG731_a4b44df449e9d78d,2.0,TRUE_IN_TOP3,1,dynamicGasMaster,11,11,0,4,4,0,11,0,20.645402077276454,x731,false
RFQ731-000202,x731,CFG731_8f470181ad32eeae,CFG731_7f6c0412b6d497fb,3.0,TRUE_IN_TOP3,2,stromEingaenge|customUserFluid,11,11,0,4,4,0,11,0,22.850360538077144,x731,false
RFQ731-000203,G731ST-HT,CFG731_a56f1437a0b4ca31,CFG731_e489ae1a5426e276,2.0,TRUE_IN_TOP3,1,stromSchaltbar,10,10,0,5,5,0,10,0,26.959326256899544,G731ST-HT,false
RFQ731-000204,F731TE,CFG731_3794187f0a0c3133,CFG731_344778a042931752,2.0,TRUE_IN_TOP3,2,stromSchaltbar|binaerOpenColl_MP,9,9,0,2,2,0,9,0,29.705916209934024,F731TE,false
RFQ731-000205,x731,CFG731_038a2660d5cee54f,CFG731_038a2660d5cee54f,1.0,CORRECT_TOP1,0,,13,13,0,3,3,0,13,0,22.85555357616106,x731,false
RFQ731-000206,x731,CFG731_6e096e946540ab4e,CFG731_6e096e946540ab4e,1.0,CORRECT_TOP1,0,,12,12,0,5,5,0,12,0,23.91552989523192,x731,false
RFQ731-000207,F731TE,CFG731_8b8ba7e2341f1295,CFG731_8b8ba7e2341f1295,1.0,CORRECT_TOP1,0,,10,10,0,3,3,0,10,0,37.62369419029741,F731TE,false
RFQ731-000208,F731PW,CFG731_92efd7a3c43da152,CFG731_92efd7a3c43da152,1.0,CORRECT_TOP1,0,,8,8,0,4,4,0,8,0,35.610524999026474,F731PW,false
RFQ731-000209,x731,CFG731_23aa00a5306a83b2,CFG731_23aa00a5306a83b2,1.0,CORRECT_TOP1,0,,10,10,0,5,5,0,10,0,22.132068723704005,x731,false
RFQ731-000210,F731WD_DualChannel,CFG731_819cb4e76943eca6,CFG731_819cb4e76943eca6,1.0,CORRECT_TOP1,0,,8,8,0,5,5,0,8,0,32.30861569119556,F731WD_DualChannel,false
RFQ731-000211,F731WD_SingleChannel,CFG731_a7d2a5a9ae465701,CFG731_ee8e327bbb737abf,2.0,TRUE_IN_TOP3,2,stromSchaltbar|binaerOpenColl_MP,11,11,0,0,0,0,11,0,25.90038174659436,F731WD_SingleChannel,false
RFQ731-000212,x731,CFG731_75466cb810218a66,CFG731_09db81b4dee54f57,4.0,TRUE_IN_TOP5,1,customUserFluid,9,9,0,4,4,0,9,0,20.396003181225083,x731,false
RFQ731-000213,x731,CFG731_f430d8ebe4134533,CFG731_c42374cc9dea3494,3.0,TRUE_IN_TOP3,2,dev_advMeterVerification|customUserFluid,8,8,0,6,6,0,8,0,20.779614991975777,x731,false
RFQ731-000214,G731CA,CFG731_b97ce0f180acf155,CFG731_b97ce0f180acf155,1.0,CORRECT_TOP1,0,,10,10,0,4,4,0,10,0,30.239808418487417,G731CA,false
RFQ731-000215,G731CA,CFG731_5bfe9492c76587ec,CFG731_5bfe9492c76587ec,1.0,CORRECT_TOP1,0,,12,12,0,2,2,0,12,0,35.89643793735161,G731CA,false
RFQ731-000216,x731,CFG731_da5f98932a1c6afd,CFG731_da5f98932a1c6afd,1.0,CORRECT_TOP1,0,,10,10,0,4,4,0,10,0,20.822283156759056,x731,false
RFQ731-000217,F731PW,CFG731_92efd7a3c43da152,CFG731_92efd7a3c43da152,1.0,CORRECT_TOP1,0,,6,6,0,6,6,0,6,0,35.610524999026474,F731PW,false
RFQ731-000218,x731,CFG731_fd3397424975992e,CFG731_ef7dc9987c0ff289,2.0,TRUE_IN_TOP3,1,dev_advMeterVerification,9,9,0,5,5,0,9,0,20.394202133762537,x731,false
RFQ731-000219,F731TE,CFG731_b27467571d893d92,CFG731_b27467571d893d92,1.0,CORRECT_TOP1,0,,9,9,0,2,2,0,9,0,30.20745299258429,F731TE,false
RFQ731-000220,x731,CFG731_6e27958dc8215006,CFG731_6e27958dc8215006,1.0,CORRECT_TOP1,0,,13,13,0,3,3,0,13,0,23.05019727261671,x731,false
RFQ731-000221,F731TE,CFG731_d8c69b7395beabbb,CFG731_d8c69b7395beabbb,1.0,CORRECT_TOP1,0,,12,12,0,1,1,0,12,0,38.80183643608151,F731TE,false
RFQ731-000222,x731,CFG731_7ffc09802c7b60bf,CFG731_917fc613cc9bf56a,2.0,TRUE_IN_TOP3,2,temperaturEingaenge|dev_advMeterVerification,12,12,0,2,2,0,12,0,20.037649239561134,x731,false
RFQ731-000223,G731ST-HT,CFG731_fcc72e9951376cf3,CFG731_fcc72e9951376cf3,1.0,CORRECT_TOP1,0,,10,10,0,6,6,0,10,0,28.74587391222904,G731ST-HT,false
RFQ731-000224,x731,CFG731_9e4fccece4d272d3,CFG731_192157d53112de14,5.0,TRUE_IN_TOP5,2,stromSchaltbar|temperaturEingaenge,10,10,0,4,4,0,10,0,19.88814333587553,x731,false
RFQ731-000225,F731TE,CFG731_3794187f0a0c3133,CFG731_344778a042931752,2.0,TRUE_IN_TOP3,2,stromSchaltbar|binaerOpenColl_MP,9,9,0,2,2,0,9,0,29.705916209934024,F731TE,false
RFQ731-000226,x731,CFG731_c7c53fc5541f1dc1,CFG731_48a4e554ffcf39e6,3.0,TRUE_IN_TOP3,1,customUserFluid,10,10,0,4,4,0,10,0,20.314414374741467,x731,false
RFQ731-000227,x731,CFG731_9a5bfa9148a9b604,CFG731_9a5bfa9148a9b604,1.0,CORRECT_TOP1,0,,10,10,0,4,4,0,10,0,24.301017632302027,x731,false
RFQ731-000228,G731ST-LT,CFG731_49cd4cbef1081333,CFG731_49cd4cbef1081333,1.0,CORRECT_TOP1,0,,11,11,0,4,4,0,11,0,25.035793621496047,G731ST-LT,false
RFQ731-000229,G731ST-LT,CFG731_a40ab19ad6671fbe,CFG731_cc64ce3eaedacb17,2.0,TRUE_IN_TOP3,2,stromEingaenge|temperaturEingaenge,10,10,0,4,4,0,10,0,24.175656004789904,G731ST-LT,false
RFQ731-000230,G731CA,CFG731_0738cd529389f266,CFG731_0738cd529389f266,1.0,CORRECT_TOP1,0,,13,13,0,1,1,0,13,0,31.9359459294427,G731CA,false
RFQ731-000231,x731,CFG731_782675d8823078bc,CFG731_8e2d07b105a096f1,4.0,TRUE_IN_TOP5,1,stromEingaenge,11,11,0,4,4,0,11,0,21.866567052978844,x731,false
RFQ731-000232,G731ST-HT,CFG731_3f42c988dc83cb23,CFG731_b5710e5f11e2cbc2,4.0,TRUE_IN_TOP5,1,stromEingaenge,10,10,0,4,4,0,10,0,25.751984721529897,G731ST-HT,false
RFQ731-000233,x731,CFG731_2d0a81ff4ec49480,CFG731_f9b0b8723f7e8c60,3.0,TRUE_IN_TOP3,2,stromEingaenge|customUserFluid,10,10,0,5,5,0,10,0,21.82872678029624,x731,false
RFQ731-000234,x731,CFG731_31c4aded40f9387f,CFG731_31c4aded40f9387f,1.0,CORRECT_TOP1,0,,11,11,0,5,5,0,11,0,23.26146190494089,x731,false
RFQ731-000235,G731ST-LT,CFG731_d124ccffa669c3a2,CFG731_50a4a25852666336,3.0,TRUE_IN_TOP3,1,binaerDigitalOpenColl_MN,9,9,0,6,6,0,9,0,25.008613929134643,G731ST-LT,false
RFQ731-000236,G731CA,CFG731_691a8f2ff165671d,CFG731_691a8f2ff165671d,1.0,CORRECT_TOP1,0,,10,10,0,2,2,0,10,0,26.623951496598032,G731CA,false
RFQ731-000237,x731,CFG731_26a55fc6510692e1,CFG731_bd00839e452c6958,5.0,TRUE_IN_TOP5,1,customUserFluid,11,11,0,2,2,0,11,0,18.902528998144003,x731,false
RFQ731-000238,x731,CFG731_8153d67c519453a2,CFG731_8153d67c519453a2,1.0,CORRECT_TOP1,0,,6,6,0,9,9,0,6,0,21.730161190919983,x731,false
RFQ731-000239,G731ST-LT,CFG731_10085782ed0991cf,CFG731_613ed23f00a94a96,2.0,TRUE_IN_TOP3,1,stromSchaltbar,9,9,0,6,6,0,9,0,25.687308476612724,G731ST-LT,false
RFQ731-000240,G731ST-LT,CFG731_8da1da530d6ae54d,CFG731_8da1da530d6ae54d,1.0,CORRECT_TOP1,0,,12,12,0,4,4,0,12,0,27.431661067739245,G731ST-LT,false
RFQ731-000241,x731,CFG731_57a2b410fc32b41a,CFG731_c821f5044ae6d2ab,2.0,TRUE_IN_TOP3,1,stromEingaenge,11,11,0,3,3,0,11,0,20.06950306494273,x731,false
RFQ731-000242,x731,CFG731_7afa5501026394f9,CFG731_7afa5501026394f9,1.0,CORRECT_TOP1,0,,10,10,0,3,3,0,10,0,21.63650917233036,x731,false
RFQ731-000243,x731,CFG731_608c0251ef380592,CFG731_608c0251ef380592,1.0,CORRECT_TOP1,0,,12,12,0,4,4,0,12,0,24.273411668115067,x731,false
RFQ731-000244,x731,CFG731_353333bad447dbef,CFG731_5a14e01af9745dda,2.0,TRUE_IN_TOP3,1,customUserFluid,11,11,0,3,3,0,11,0,21.28542148351264,x731,false
RFQ731-000245,G731CA,CFG731_2aca30183aab25a9,CFG731_f235f4dd7693c885,2.0,TRUE_IN_TOP3,2,stromSchaltbar|binaerOpenColl_MP,8,8,0,4,4,0,8,0,21.38519079054886,G731CA,false
RFQ731-000246,G731ST-LT,CFG731_4772bedc40328ae2,CFG731_4772bedc40328ae2,1.0,CORRECT_TOP1,0,,10,10,0,5,5,0,10,0,25.8276025544724,G731ST-LT,false
RFQ731-000247,G731ST-HT,CFG731_a56f1437a0b4ca31,CFG731_86a2340212c01d2a,2.0,TRUE_IN_TOP3,2,stromSchaltbar|temperaturEingaenge,11,11,0,3,3,0,11,0,25.604109046853917,G731ST-HT,false
RFQ731-000248,x731,CFG731_3ab6d9037260e8b1,CFG731_25c733523f45b8a2,6.0,TRUE_IN_TOP10,1,temperaturEingaenge,10,10,0,3,3,0,10,0,19.344145848160537,x731,false
RFQ731-000249,x731,CFG731_edd62f5541be2bb0,CFG731_edd62f5541be2bb0,1.0,CORRECT_TOP1,0,,9,9,0,5,5,0,9,0,19.691749070480466,x731,false
RFQ731-000250,x731,CFG731_fa063863b8688588,CFG731_0e3baae8e946721c,3.0,TRUE_IN_TOP3,1,temperaturEingaenge,10,10,0,3,3,0,10,0,20.121905241355588,x731,false
RFQ731-000251,x731,CFG731_579057193c092394,CFG731_579057193c092394,1.0,CORRECT_TOP1,0,,11,11,0,4,4,0,11,0,20.602856665730737,x731,false
RFQ731-000252,x731,CFG731_b7c5e5eddd92ed3a,CFG731_bb5aee8a4ae4203d,5.0,TRUE_IN_TOP5,1,binaerDigitalOpenColl_MN,11,11,0,2,2,0,11,0,18.378198989968787,x731,false
RFQ731-000253,x731,CFG731_3399b9d467bfc71a,CFG731_3399b9d467bfc71a,1.0,CORRECT_TOP1,0,,13,13,0,1,1,0,13,0,21.936936338629312,x731,false
RFQ731-000254,x731,CFG731_8d2d91c46ccfb471,CFG731_ff3460f478ef969b,2.0,TRUE_IN_TOP3,1,stromSchaltbar,11,11,0,5,5,0,11,0,23.662812691181635,x731,false
RFQ731-000255,x731,CFG731_782638eae748ba9a,CFG731_1243cfc726284db9,6.0,TRUE_IN_TOP10,2,stromSchaltbar|stromEingaenge,9,9,0,4,4,0,9,0,18.952908069289222,x731,false
RFQ731-000256,G731ST-HT,CFG731_a56f1437a0b4ca31,CFG731_a56f1437a0b4ca31,1.0,CORRECT_TOP1,0,,11,11,0,5,5,0,11,0,28.413406697699983,G731ST-HT,false
RFQ731-000257,x731,CFG731_3b2a32abbf148ca1,CFG731_f3a077220d123b51,5.0,TRUE_IN_TOP5,3,stromSchaltbar|stromEingaenge|dev_advMeterVerification,9,9,0,5,5,0,9,0,20.2647960340246,x731,false
RFQ731-000258,G731ST-HT,CFG731_bbffb73f3dff6787,CFG731_920bf82480de0a61,2.0,TRUE_IN_TOP3,2,stromEingaenge|temperaturEingaenge,12,12,0,2,2,0,12,0,25.780140999605777,G731ST-HT,false
RFQ731-000259,x731,CFG731_7630270d2245c283,CFG731_7630270d2245c283,1.0,CORRECT_TOP1,0,,12,12,0,4,4,0,12,0,23.306760777635297,x731,false
RFQ731-000260,x731,CFG731_8c50542218db5cb0,CFG731_de5e29fe1f740f3e,3.0,TRUE_IN_TOP3,1,binaerDigitalOpenColl_MN,12,12,0,3,3,0,12,0,21.49880581932661,x731,false
RFQ731-000261,x731,CFG731_3662a471d9ce3167,CFG731_b757671ab14f2876,2.0,TRUE_IN_TOP3,1,stromEingaenge,11,11,0,4,4,0,11,0,21.19160448391597,x731,false
RFQ731-000262,x731,CFG731_f84558a188ec14c0,CFG731_f84558a188ec14c0,1.0,CORRECT_TOP1,0,,9,9,0,5,5,0,9,0,21.57142392495213,x731,false
RFQ731-000263,G731ST-LT,CFG731_a40ab19ad6671fbe,CFG731_a40ab19ad6671fbe,1.0,CORRECT_TOP1,0,,12,12,0,4,4,0,12,0,26.949215780743785,G731ST-LT,false
RFQ731-000264,x731,CFG731_70b38ab75d3ca724,CFG731_567b2aa90592cf41,6.0,TRUE_IN_TOP10,3,stromSchaltbar|dev_advMeterVerification|customUserFluid,9,9,0,3,3,0,9,0,17.753567937806707,x731,false
RFQ731-000265,G731ST-LT,CFG731_455da2f832a6b66d,CFG731_455da2f832a6b66d,1.0,CORRECT_TOP1,0,,11,11,0,4,4,0,11,0,25.36180364671432,G731ST-LT,false
RFQ731-000266,x731,CFG731_da5f98932a1c6afd,CFG731_da5f98932a1c6afd,1.0,CORRECT_TOP1,0,,14,14,0,0,0,0,14,0,20.822283156759056,x731,false
RFQ731-000267,x731,CFG731_8d07e19298d09d34,CFG731_a38141e3f47b5259,4.0,TRUE_IN_TOP5,2,stromSchaltbar|stromEingaenge,10,10,0,4,4,0,10,0,21.04942995122252,x731,false
RFQ731-000268,x731,CFG731_54b63f2628adfc32,CFG731_d3ce57e5727e1d4a,3.0,TRUE_IN_TOP3,1,stromSchaltbar,10,10,0,4,4,0,10,0,19.96931285386839,x731,false
RFQ731-000269,x731,CFG731_cf543b1c3927ab71,CFG731_4dd88391f253d6d5,2.0,TRUE_IN_TOP3,1,binaerDigitalOpenColl_MN,9,9,0,6,6,0,9,0,22.070285337557696,x731,false
RFQ731-000270,F731WD_DualChannel,CFG731_a4610f5f38e7d946,CFG731_a4610f5f38e7d946,1.0,CORRECT_TOP1,0,,10,10,0,3,3,0,10,0,36.30115881302178,F731WD_DualChannel,false
RFQ731-000271,F731PW,CFG731_92efd7a3c43da152,CFG731_92efd7a3c43da152,1.0,CORRECT_TOP1,0,,8,8,0,4,4,0,8,0,35.610524999026474,F731PW,false
RFQ731-000272,x731,CFG731_11a99741e1f7cce9,CFG731_11a99741e1f7cce9,1.0,CORRECT_TOP1,0,,9,9,0,5,5,0,9,0,24.06384675507638,x731,false
RFQ731-000273,x731,CFG731_63b6f6fcf28b1885,CFG731_70576b93aef3bc09,5.0,TRUE_IN_TOP5,2,dynamicGasMaster|customUserFluid,11,11,0,3,3,0,11,0,21.35109451020687,x731,false
RFQ731-000274,x731,CFG731_ef2da8cd513b19be,CFG731_ef2da8cd513b19be,1.0,CORRECT_TOP1,0,,7,7,0,7,7,0,7,0,21.49668611583682,x731,false
RFQ731-000275,F731WD_DualChannel,CFG731_a4610f5f38e7d946,CFG731_a4610f5f38e7d946,1.0,CORRECT_TOP1,0,,8,8,0,5,5,0,8,0,36.30115881302178,F731WD_DualChannel,false
RFQ731-000276,G731ST-LT,CFG731_bd3c08ff576a8cab,CFG731_bd3c08ff576a8cab,1.0,CORRECT_TOP1,0,,10,10,0,5,5,0,10,0,25.977580626938806,G731ST-LT,false
RFQ731-000277,x731,CFG731_5e61ce3b60d15e11,CFG731_d6304b0cfae9a548,2.0,TRUE_IN_TOP3,1,customUserFluid,10,10,0,6,6,0,10,0,23.837517663613973,x731,false
RFQ731-000278,x731,CFG731_8f470181ad32eeae,CFG731_88a813121973f952,2.0,TRUE_IN_TOP3,1,stromSchaltbar,12,12,0,4,4,0,12,0,23.88273349922887,x731,false
RFQ731-000279,x731,CFG731_353333bad447dbef,CFG731_353333bad447dbef,1.0,CORRECT_TOP1,0,,7,7,0,8,8,0,7,0,22.35353231955655,x731,false
RFQ731-000280,G731ST-HT,CFG731_e2d64e127f97296d,CFG731_a8031a74f6d1710d,2.0,TRUE_IN_TOP3,1,temperaturEingaenge,10,10,0,4,4,0,10,0,25.14476732840662,G731ST-HT,false
RFQ731-000281,F731TE,CFG731_54559f782190a122,CFG731_54559f782190a122,1.0,CORRECT_TOP1,0,,9,9,0,4,4,0,9,0,34.9592570960548,F731TE,false
RFQ731-000282,x731,CFG731_1d78950cabc90332,CFG731_bfee42801e80594e,3.0,TRUE_IN_TOP3,1,stromEingaenge,11,11,0,3,3,0,11,0,21.11071651108029,x731,false
RFQ731-000283,G731ST-LT,CFG731_a40ab19ad6671fbe,CFG731_bc9146cb8459e9c2,2.0,TRUE_IN_TOP3,1,temperaturEingaenge,12,12,0,3,3,0,12,0,25.593998570698155,G731ST-LT,false
RFQ731-000284,F731WD_DualChannel,CFG731_5076f1c2c0488d0e,CFG731_5076f1c2c0488d0e,1.0,CORRECT_TOP1,0,,7,7,0,4,4,0,7,0,31.047817926901008,F731WD_DualChannel,false
RFQ731-000285,x731,CFG731_357a7724550c556f,CFG731_31b82ee906484bbd,3.0,TRUE_IN_TOP3,2,temperaturEingaenge|customUserFluid,10,10,0,3,3,0,10,0,18.75438972168244,x731,false
RFQ731-000286,G731ST-HT,CFG731_bbffb73f3dff6787,CFG731_bbffb73f3dff6787,1.0,CORRECT_TOP1,0,,11,11,0,5,5,0,11,0,28.55370077555966,G731ST-HT,false
RFQ731-000287,x731,CFG731_c9498cf6f4410d44,CFG731_c9498cf6f4410d44,1.0,CORRECT_TOP1,0,,12,12,0,2,2,0,12,0,23.0549993736226,x731,false
RFQ731-000288,G731ST-LT,CFG731_10085782ed0991cf,CFG731_395f3e5588a2c3c0,2.0,TRUE_IN_TOP3,1,stromEingaenge,8,8,0,7,7,0,8,0,25.723046351504912,G731ST-LT,false
RFQ731-000289,x731,CFG731_935bc110c01e9e85,CFG731_935bc110c01e9e85,1.0,CORRECT_TOP1,0,,12,12,0,3,3,0,12,0,23.005047174673223,x731,false
RFQ731-000290,x731,CFG731_3b2a32abbf148ca1,CFG731_8c429238b2628537,2.0,TRUE_IN_TOP3,1,stromSchaltbar,14,14,0,2,2,0,14,0,22.770813100412365,x731,false
RFQ731-000291,F731TE,CFG731_3d8c1bbc0ef4249a,CFG731_3d8c1bbc0ef4249a,1.0,CORRECT_TOP1,0,,12,12,0,1,1,0,12,0,37.16435247185012,F731TE,false
RFQ731-000292,x731,CFG731_aa082226d44cd876,CFG731_aa082226d44cd876,1.0,CORRECT_TOP1,0,,15,15,0,1,1,0,15,0,22.38848345397168,x731,false
RFQ731-000293,x731,CFG731_04bb9195f752ca8c,CFG731_04bb9195f752ca8c,1.0,CORRECT_TOP1,0,,11,11,0,3,3,0,11,0,22.751940846969397,x731,false
RFQ731-000294,x731,CFG731_9a0f0b26c7f24725,CFG731_8b9239fd1c516750,4.0,TRUE_IN_TOP5,2,temperaturEingaenge|customUserFluid,12,12,0,2,2,0,12,0,21.42520059245069,x731,false
RFQ731-000295,x731,CFG731_da5f98932a1c6afd,CFG731_da5f98932a1c6afd,1.0,CORRECT_TOP1,0,,10,10,0,4,4,0,10,0,20.822283156759056,x731,false
RFQ731-000296,x731,CFG731_67751271582e3c57,CFG731_67751271582e3c57,1.0,CORRECT_TOP1,0,,11,11,0,4,4,0,11,0,22.39961143327012,x731,false
RFQ731-000297,G731CA,CFG731_817824ee3a762453,CFG731_817824ee3a762453,1.0,CORRECT_TOP1,0,,11,11,0,3,3,0,11,0,30.89132327360409,G731CA,false
RFQ731-000298,x731,CFG731_4346df46838fd57e,CFG731_4138a046f10b4aa8,3.0,TRUE_IN_TOP3,1,temperaturEingaenge,11,11,0,4,4,0,11,0,21.42948260651072,x731,false
RFQ731-000299,G731ST-LT,CFG731_ae2e4cfccaff4f50,CFG731_845802fc60449063,7.0,TRUE_IN_TOP10,2,stromEingaenge|temperaturEingaenge,11,11,0,2,2,0,11,0,22.763770628192432,G731ST-LT,false
RFQ731-000300,G731ST-HT,CFG731_cc9ac35e4d9a1854,CFG731_cc9ac35e4d9a1854,1.0,CORRECT_TOP1,0,,11,11,0,5,5,0,11,0,28.305623689436548,G731ST-HT,false
RFQ731-000301,x731,CFG731_011ca4ba794bd4d6,CFG731_d8843ca5e91f93ae,2.0,TRUE_IN_TOP3,1,stromSchaltbar,9,9,0,4,4,0,9,0,21.530976197241333,x731,false
RFQ731-000302,F731TE,CFG731_8b8ba7e2341f1295,CFG731_b7c1a02b25610507,2.0,TRUE_IN_TOP3,2,stromSchaltbar|binaerOpenColl_MP,10,10,0,1,1,0,10,0,28.619098489892448,F731TE,false
RFQ731-000303,x731,CFG731_5e61ce3b60d15e11,CFG731_8216171cc39f78aa,2.0,TRUE_IN_TOP3,1,stromSchaltbar,11,11,0,5,5,0,11,0,23.451548058857448,x731,false
RFQ731-000304,G731ST-HT,CFG731_288e4c99b4e02895,CFG731_fab0d81b6a0ca4e0,,TRUE_UNRANKED,1,binaerDigitalOpenColl_MN,10,10,0,3,3,0,10,0,23.047730215020284,G731ST-HT,false
RFQ731-000305,x731,CFG731_f030e97d69c5c359,CFG731_f030e97d69c5c359,1.0,CORRECT_TOP1,0,,8,8,0,6,6,0,8,0,20.71838419800622,x731,false
RFQ731-000306,G731ST-HT,CFG731_a288340143e53b7f,CFG731_a288340143e53b7f,1.0,CORRECT_TOP1,0,,11,11,0,4,4,0,11,0,27.17755327385438,G731ST-HT,false
RFQ731-000307,F731WD_SingleChannel,CFG731_11c93eca01984a14,CFG731_11c93eca01984a14,1.0,CORRECT_TOP1,0,,11,11,0,2,2,0,11,0,34.36373299452446,F731WD_SingleChannel,false
RFQ731-000308,G731ST-LT,CFG731_32b4b1ec4513af66,CFG731_903051672b581bab,3.0,TRUE_IN_TOP3,1,binaerOpenColl_MP,12,12,0,3,3,0,12,0,24.657055218950784,G731ST-LT,false
RFQ731-000309,G731ST-HT,CFG731_4aa7d46b9cfa7d7b,CFG731_4aa7d46b9cfa7d7b,1.0,CORRECT_TOP1,0,,10,10,0,6,6,0,10,0,28.37556642501737,G731ST-HT,false
RFQ731-000310,G731ST-LT,CFG731_32b4b1ec4513af66,CFG731_fbf2539ea471ea5b,2.0,TRUE_IN_TOP3,1,temperaturEingaenge,13,13,0,2,2,0,13,0,25.57490707504335,G731ST-LT,false
RFQ731-000311,x731,CFG731_f1291711f7901d90,CFG731_f1291711f7901d90,1.0,CORRECT_TOP1,0,,13,13,0,2,2,0,13,0,22.96427357178301,x731,false
RFQ731-000312,x731,CFG731_fb16e30f5bbb87f2,CFG731_75b377161674dea1,6.0,TRUE_IN_TOP10,2,stromEingaenge|dev_advMeterVerification,7,7,0,6,6,0,7,0,20.17302008306719,x731,false
RFQ731-000313,G731ST-HT,CFG731_646d8903da63e1f0,CFG731_646d8903da63e1f0,1.0,CORRECT_TOP1,0,,11,11,0,4,4,0,11,0,26.99506413179173,G731ST-HT,false
RFQ731-000314,x731,CFG731_a4339f07d181d686,CFG731_a4339f07d181d686,1.0,CORRECT_TOP1,0,,11,11,0,5,5,0,11,0,22.28962022321687,x731,false
RFQ731-000315,x731,CFG731_4297d68b978dc0d5,CFG731_7bb3a18bcb60bab4,2.0,TRUE_IN_TOP3,1,stromSchaltbar,10,10,0,2,2,0,10,0,19.922133248096127,x731,false
RFQ731-000316,G731CA,CFG731_e85a7fcdd0521e90,CFG731_e85a7fcdd0521e90,1.0,CORRECT_TOP1,0,,9,9,0,3,3,0,9,0,21.84453250899616,G731CA,false
RFQ731-000317,G731ST-LT,CFG731_ae2e4cfccaff4f50,CFG731_845802fc60449063,7.0,TRUE_IN_TOP10,2,stromEingaenge|temperaturEingaenge,10,10,0,3,3,0,10,0,22.763770628192432,G731ST-LT,false
RFQ731-000318,x731,CFG731_6204dd6ea742eb13,CFG731_6204dd6ea742eb13,1.0,CORRECT_TOP1,0,,8,8,0,6,6,0,8,0,20.67931104855829,x731,false
RFQ731-000319,x731,CFG731_1f0c09edcd967945,CFG731_f0818b6e9953d652,6.0,TRUE_IN_TOP10,1,customUserFluid,8,8,0,5,5,0,8,0,20.19774698303312,x731,false
RFQ731-000320,G731ST-HT,CFG731_288e4c99b4e02895,CFG731_288e4c99b4e02895,1.0,CORRECT_TOP1,0,,9,9,0,5,5,0,9,0,25.0305271308324,G731ST-HT,false
RFQ731-000321,x731,CFG731_9e4fccece4d272d3,CFG731_192157d53112de14,5.0,TRUE_IN_TOP5,2,stromSchaltbar|temperaturEingaenge,8,8,0,6,6,0,8,0,19.88814333587553,x731,false
RFQ731-000322,x731,CFG731_a2313bdd95c38f2d,CFG731_d0bd848c8f934b33,,TRUE_UNRANKED,2,stromEingaenge|temperaturEingaenge,11,11,0,2,2,0,11,0,20.11141422950992,x731,false
RFQ731-000323,F731PW,CFG731_327bfa077bbbd45e,CFG731_327bfa077bbbd45e,1.0,CORRECT_TOP1,0,,10,10,0,2,2,0,10,0,34.78332108077815,F731PW,false
RFQ731-000324,G731ST-LT,CFG731_8b6ed3cfa9ed1e59,CFG731_8b6ed3cfa9ed1e59,1.0,CORRECT_TOP1,0,,12,12,0,3,3,0,12,0,25.88427072102424,G731ST-LT,false
RFQ731-000325,F731WD_SingleChannel,CFG731_11c93eca01984a14,CFG731_11c93eca01984a14,1.0,CORRECT_TOP1,0,,11,11,0,2,2,0,11,0,34.36373299452446,F731WD_SingleChannel,false
RFQ731-000326,G731ST-LT,CFG731_49cd4cbef1081333,CFG731_e67173c88f9460f6,5.0,TRUE_IN_TOP5,2,temperaturEingaenge|binaerDigitalOpenColl_MN,9,9,0,4,4,0,9,0,21.697779495638304,G731ST-LT,false
RFQ731-000327,x731,CFG731_75466cb810218a66,CFG731_576db798689c655c,,TRUE_UNRANKED,2,binaerOpenColl_MP|customUserFluid,9,9,0,3,3,0,9,0,18.12293411508689,x731,false
RFQ731-000328,x731,CFG731_a92ad5294d9187e9,CFG731_a92ad5294d9187e9,1.0,CORRECT_TOP1,0,,13,13,0,1,1,0,13,0,23.50920869932568,x731,false
RFQ731-000329,x731,CFG731_9fcbeaf9d5010d3a,CFG731_6be2d8f04f4b5682,6.0,TRUE_IN_TOP10,2,stromEingaenge|temperaturEingaenge,9,9,0,4,4,0,9,0,18.90569477446837,x731,false
RFQ731-000330,G731ST-HT,CFG731_8b18ac1c34209d63,CFG731_80619ff0be976225,2.0,TRUE_IN_TOP3,1,stromEingaenge,10,10,0,5,5,0,10,0,26.67601649120411,G731ST-HT,false
RFQ731-000331,x731,CFG731_ef2da8cd513b19be,CFG731_ef2da8cd513b19be,1.0,CORRECT_TOP1,0,,8,8,0,6,6,0,8,0,21.49668611583682,x731,false
RFQ731-000332,x731,CFG731_a59cc7e57b856164,CFG731_5feb84333ab424ba,2.0,TRUE_IN_TOP3,1,stromSchaltbar,9,9,0,5,5,0,9,0,21.173841866942915,x731,false
RFQ731-000333,x731,CFG731_9fcbeaf9d5010d3a,CFG731_9fcbeaf9d5010d3a,1.0,CORRECT_TOP1,0,,9,9,0,6,6,0,9,0,21.67925455042225,x731,false
RFQ731-000334,x731,CFG731_cf543b1c3927ab71,CFG731_624f3002b3cf1e19,2.0,TRUE_IN_TOP3,2,dev_advMeterVerification|customUserFluid,8,8,0,6,6,0,8,0,21.89729691684638,x731,false
RFQ731-000335,G731ST-LT,CFG731_49cd4cbef1081333,CFG731_49cd4cbef1081333,1.0,CORRECT_TOP1,0,,11,11,0,4,4,0,11,0,25.035793621496047,G731ST-LT,false
RFQ731-000336,G731ST-LT,CFG731_c050936f4a70e2a0,CFG731_2a738780f0517f67,2.0,TRUE_IN_TOP3,1,stromEingaenge,11,11,0,3,3,0,11,0,24.18893057381889,G731ST-LT,false
RFQ731-000337,x731,CFG731_186348c5f967a6f7,CFG731_f287b32480efae51,2.0,TRUE_IN_TOP3,2,temperaturEingaenge|customUserFluid,10,10,0,3,3,0,10,0,19.39944738748833,x731,false
RFQ731-000338,x731,CFG731_fb16e30f5bbb87f2,CFG731_214b769209164299,3.0,TRUE_IN_TOP3,1,dev_advMeterVerification,10,10,0,4,4,0,10,0,21.59136264897544,x731,false
RFQ731-000339,x731,CFG731_5cfa203ca7029f1c,CFG731_5cfa203ca7029f1c,1.0,CORRECT_TOP1,0,,13,13,0,3,3,0,13,0,23.26714510355181,x731,false
RFQ731-000340,x731,CFG731_5cfa203ca7029f1c,CFG731_5cfa203ca7029f1c,1.0,CORRECT_TOP1,0,,10,10,0,6,6,0,10,0,23.26714510355181,x731,false
RFQ731-000341,x731,CFG731_2692d4e8945eb6ee,CFG731_2692d4e8945eb6ee,1.0,CORRECT_TOP1,0,,12,12,0,2,2,0,12,0,19.80064939897815,x731,false
RFQ731-000342,x731,CFG731_fb1ab4b34e9c8a75,CFG731_5d42a8deb0fcb3d7,2.0,TRUE_IN_TOP3,1,stromEingaenge,12,12,0,3,3,0,12,0,21.073161564804494,x731,false
RFQ731-000343,x731,CFG731_747411fe70ba8e8d,CFG731_7187559e0dc892c4,2.0,TRUE_IN_TOP3,1,customUserFluid,9,9,0,5,5,0,9,0,20.43134724805975,x731,false
RFQ731-000344,G731CA,CFG731_c7ca2f069d01e42d,CFG731_afa90db347a19822,2.0,TRUE_IN_TOP3,2,stromSchaltbar|binaerOpenColl_MP,8,8,0,4,4,0,8,0,23.39069194748503,G731CA,false
RFQ731-000345,G731ST-LT,CFG731_87d8ba5b87cf0a3f,CFG731_e1516ef53069d5e2,2.0,TRUE_IN_TOP3,1,stromEingaenge,12,12,0,2,2,0,12,0,24.07679277403509,G731ST-LT,false
RFQ731-000346,G731CA,CFG731_98ec9650b5463fd0,CFG731_98ec9650b5463fd0,1.0,CORRECT_TOP1,0,,10,10,0,2,2,0,10,0,28.170110935086907,G731CA,false
RFQ731-000347,G731ST-HT,CFG731_eb70dc35972dc4b7,CFG731_eb70dc35972dc4b7,1.0,CORRECT_TOP1,0,,14,14,0,1,1,0,14,0,26.887281123528297,G731ST-HT,false
RFQ731-000348,x731,CFG731_c11c5ee5deff9a1e,CFG731_48aa9a27f24794bc,4.0,TRUE_IN_TOP5,1,temperaturEingaenge,11,11,0,3,3,0,11,0,20.677988282903566,x731,false
RFQ731-000349,G731CA,CFG731_edf13ed38a4b54de,CFG731_edf13ed38a4b54de,1.0,CORRECT_TOP1,0,,10,10,0,4,4,0,10,0,37.03238511893273,G731CA,false
RFQ731-000350,x731,CFG731_663e1e93ec389f08,CFG731_90dc5a2ccc9e8c22,7.0,TRUE_IN_TOP10,1,temperaturEingaenge,8,8,0,6,6,0,8,0,20.092950778888927,x731,false
RFQ731-000351,G731ST-LT,CFG731_10085782ed0991cf,CFG731_10085782ed0991cf,1.0,CORRECT_TOP1,0,,14,14,0,2,2,0,14,0,27.141388917413163,G731ST-LT,false
RFQ731-000352,G731ST-LT,CFG731_938851275519b7cb,CFG731_938851275519b7cb,1.0,CORRECT_TOP1,0,,11,11,0,3,3,0,11,0,24.437771877040102,G731ST-LT,false
RFQ731-000353,x731,CFG731_6e096e946540ab4e,CFG731_6751dd4d3a36fdfa,5.0,TRUE_IN_TOP5,3,stromEingaenge|dev_advMeterVerification|dynamicGasMaster,8,8,0,6,6,0,8,0,19.72955680801155,x731,false
RFQ731-000354,x731,CFG731_fe9a409c6b2ba9cc,CFG731_fe9a409c6b2ba9cc,1.0,CORRECT_TOP1,0,,11,11,0,4,4,0,11,0,21.445650566648,x731,false
RFQ731-000355,G731ST-HT,CFG731_4aa7d46b9cfa7d7b,CFG731_ff04d32ca467d2a5,3.0,TRUE_IN_TOP3,2,stromEingaenge|binaerDigitalOpenColl_MN,10,10,0,4,4,0,10,0,24.974426943297008,G731ST-HT,false
RFQ731-000356,G731CA,CFG731_5bfe9492c76587ec,CFG731_9cc92f888af32c8a,2.0,TRUE_IN_TOP3,2,stromSchaltbar|binaerDigitalOpenColl_MN,9,9,0,3,3,0,9,0,25.557947050597736,G731CA,false
RFQ731-000357,G731ST-HT,CFG731_4aa7d46b9cfa7d7b,CFG731_ff04d32ca467d2a5,3.0,TRUE_IN_TOP3,2,stromEingaenge|binaerDigitalOpenColl_MN,12,12,0,2,2,0,12,0,24.974426943297008,G731ST-HT,false
RFQ731-000358,x731,CFG731_2a8793475d827bb6,CFG731_086fcc478b89cea3,6.0,TRUE_IN_TOP10,2,dev_advMeterVerification|customUserFluid,10,10,0,3,3,0,10,0,20.478954350938128,x731,false
RFQ731-000359,F731PW,CFG731_956456fc074ebc5a,CFG731_956456fc074ebc5a,1.0,CORRECT_TOP1,0,,7,7,0,5,5,0,7,0,35.15118328057918,F731PW,false
RFQ731-000360,x731,CFG731_9a5bfa9148a9b604,CFG731_9a5bfa9148a9b604,1.0,CORRECT_TOP1,0,,10,10,0,4,4,0,10,0,24.301017632302027,x731,false
RFQ731-000361,x731,CFG731_162b59c5f8cf5a72,CFG731_162b59c5f8cf5a72,1.0,CORRECT_TOP1,0,,10,10,0,4,4,0,10,0,23.53714495525097,x731,false
RFQ731-000362,x731,CFG731_f84558a188ec14c0,CFG731_f84558a188ec14c0,1.0,CORRECT_TOP1,0,,13,13,0,1,1,0,13,0,21.57142392495213,x731,false
RFQ731-000363,x731,CFG731_fe9a409c6b2ba9cc,CFG731_fe9a409c6b2ba9cc,1.0,CORRECT_TOP1,0,,10,10,0,5,5,0,10,0,21.445650566648,x731,false
RFQ731-000364,x731,CFG731_219ac3d01befd6d1,CFG731_219ac3d01befd6d1,1.0,CORRECT_TOP1,0,,9,9,0,7,7,0,9,0,23.091139927019714,x731,false
RFQ731-000365,x731,CFG731_91e51485b56960b2,CFG731_b83ac25dbd4e47ee,3.0,TRUE_IN_TOP3,2,stromSchaltbar|temperaturEingaenge,10,10,0,5,5,0,10,0,21.167518804243624,x731,false
RFQ731-000366,F731WD_DualChannel,CFG731_819cb4e76943eca6,CFG731_819cb4e76943eca6,1.0,CORRECT_TOP1,0,,9,9,0,4,4,0,9,0,32.30861569119556,F731WD_DualChannel,false
RFQ731-000367,x731,CFG731_05cddc1cd5eab9c6,CFG731_05cddc1cd5eab9c6,1.0,CORRECT_TOP1,0,,10,10,0,3,3,0,10,0,20.09185056507432,x731,false
RFQ731-000368,x731,CFG731_c7c53fc5541f1dc1,CFG731_c7c53fc5541f1dc1,1.0,CORRECT_TOP1,0,,11,11,0,4,4,0,11,0,21.38252521078538,x731,false
RFQ731-000369,F731WD_DualChannel,CFG731_c37386a371e13fa8,CFG731_c37386a371e13fa8,1.0,CORRECT_TOP1,0,,10,10,0,2,2,0,10,0,30.890273125287308,F731WD_DualChannel,false
RFQ731-000370,G731ST-LT,CFG731_ae2e4cfccaff4f50,CFG731_6e088ee30195b6c4,4.0,TRUE_IN_TOP5,1,stromEingaenge,11,11,0,3,3,0,11,0,24.118987838238063,G731ST-LT,false
RFQ731-000371,x731,CFG731_94be99d48ade0efb,CFG731_0e65994bfbb04e39,5.0,TRUE_IN_TOP5,2,stromEingaenge|dev_advMeterVerification,10,10,0,4,4,0,10,0,19.86078610345016,x731,false
RFQ731-000372,G731ST-HT,CFG731_b3ed2928d6d65710,CFG731_b3ed2928d6d65710,1.0,CORRECT_TOP1,0,,12,12,0,2,2,0,12,0,25.4350394787327,G731ST-HT,false
RFQ731-000373,G731CA,CFG731_757fbd3e8915b462,CFG731_757fbd3e8915b462,1.0,CORRECT_TOP1,0,,10,10,0,4,4,0,10,0,33.69134256155629,G731CA,false
RFQ731-000374,x731,CFG731_fa063863b8688588,CFG731_fa063863b8688588,1.0,CORRECT_TOP1,0,,12,12,0,2,2,0,12,0,21.47712245140122,x731,false
RFQ731-000375,x731,CFG731_7a885e8a3e0ce8ad,CFG731_7a885e8a3e0ce8ad,1.0,CORRECT_TOP1,0,,10,10,0,4,4,0,10,0,23.323420365200484,x731,false
RFQ731-000376,x731,CFG731_45106eaed87837a4,CFG731_45106eaed87837a4,1.0,CORRECT_TOP1,0,,7,7,0,7,7,0,7,0,20.090921549304237,x731,false
RFQ731-000377,x731,CFG731_36d7686aca1200ae,CFG731_ecb8a8742e9204c7,3.0,TRUE_IN_TOP3,1,binaerDigitalOpenColl_MN,10,10,0,5,5,0,10,0,21.27734222347406,x731,false
RFQ731-000378,G731VG,CFG731_6a47b38d62a9fed3,CFG731_6a47b38d62a9fed3,1.0,CORRECT_TOP1,0,,12,12,0,3,3,0,12,0,38.92475428030488,G731VG,false
RFQ731-000379,F731WD_SingleChannel,CFG731_70b6eaf9262ca4d0,CFG731_70b6eaf9262ca4d0,1.0,CORRECT_TOP1,0,,10,10,0,3,3,0,10,0,30.762456252706688,F731WD_SingleChannel,false
RFQ731-000380,G731CA,CFG731_2aca30183aab25a9,CFG731_2aca30183aab25a9,1.0,CORRECT_TOP1,0,,9,9,0,5,5,0,9,0,30.389786490953828,G731CA,false
RFQ731-000381,x731,CFG731_bd855923d3e893b6,CFG731_bd855923d3e893b6,1.0,CORRECT_TOP1,0,,9,9,0,5,5,0,9,0,19.96038510477134,x731,false
RFQ731-000382,G731ST-LT,CFG731_d5af433b36265df1,CFG731_d5af433b36265df1,1.0,CORRECT_TOP1,0,,10,10,0,5,5,0,10,0,25.64301101461933,G731ST-LT,false
RFQ731-000383,G731ST-HT,CFG731_eb70dc35972dc4b7,CFG731_baab4a7f51aced1f,2.0,TRUE_IN_TOP3,2,stromSchaltbar|temperaturEingaenge,10,10,0,3,3,0,10,0,24.077983472682227,G731ST-HT,false
RFQ731-000384,G731ST-LT,CFG731_0fdf5c36c9c41e69,CFG731_671960d0fb04b698,2.0,TRUE_IN_TOP3,2,stromSchaltbar|temperaturEingaenge,10,10,0,4,4,0,10,0,23.830554483916828,G731ST-LT,false
RFQ731-000385,F731TE,CFG731_874928f24c55285e,CFG731_874928f24c55285e,1.0,CORRECT_TOP1,0,,9,9,0,4,4,0,9,0,39.169853628786285,F731TE,false
RFQ731-000386,x731,CFG731_18e687233239e907,CFG731_18e687233239e907,1.0,CORRECT_TOP1,0,,8,8,0,6,6,0,8,0,21.393762674990143,x731,false
RFQ731-000387,x731,CFG731_736953a253ffd341,CFG731_736953a253ffd341,1.0,CORRECT_TOP1,0,,11,11,0,2,2,0,11,0,20.41217739168167,x731,false
RFQ731-000388,x731,CFG731_8f470181ad32eeae,CFG731_8366eceddaf01e58,2.0,TRUE_IN_TOP3,2,stromSchaltbar|dev_advMeterVerification,11,11,0,4,4,0,11,0,22.795058998749354,x731,false
RFQ731-000389,x731,CFG731_747411fe70ba8e8d,CFG731_34bf8aa6c521cef0,9.0,TRUE_IN_TOP10,2,stromSchaltbar|temperaturEingaenge,11,11,0,2,2,0,11,0,18.6901604332576,x731,false
RFQ731-000390,G731ST-HT,CFG731_c32627af59ba1526,CFG731_c52b9598a8210777,4.0,TRUE_IN_TOP5,1,temperaturEingaenge,10,10,0,4,4,0,10,0,25.47077735362489,G731ST-HT,false
RFQ731-000391,G731ST-HT,CFG731_a4416ae9d698efa6,CFG731_a4416ae9d698efa6,1.0,CORRECT_TOP1,0,,9,9,0,5,5,0,9,0,25.72347283305394,G731ST-HT,false
RFQ731-000392,F731PW,CFG731_7785b2914ebb6eaf,CFG731_7785b2914ebb6eaf,1.0,CORRECT_TOP1,0,,10,10,0,2,2,0,10,0,29.024288688400222,F731PW,false
RFQ731-000393,x731,CFG731_c39096767a7ae083,CFG731_2009b1ab4cbc0ffb,2.0,TRUE_IN_TOP3,2,stromEingaenge|customUserFluid,12,12,0,3,3,0,12,0,21.780635203463618,x731,false
RFQ731-000394,x731,CFG731_784eb334d1d77ae7,CFG731_2e60fd0380ec7150,3.0,TRUE_IN_TOP3,1,binaerDigitalOpenColl_MN,10,10,0,5,5,0,10,0,21.78569638584253,x731,false
RFQ731-000395,x731,CFG731_241d60e6ef5278be,CFG731_af36a6c70f11950b,5.0,TRUE_IN_TOP5,4,stromSchaltbar|stromEingaenge|dev_advMeterVerification|customUserFluid,10,10,0,2,2,0,10,0,17.92263750592792,x731,false
RFQ731-000396,F731TE,CFG731_31d150421c4341a3,CFG731_31d150421c4341a3,1.0,CORRECT_TOP1,0,,9,9,0,2,2,0,9,0,30.27739572816512,F731TE,false
RFQ731-000397,x731,CFG731_353333bad447dbef,CFG731_0ef26d136a7182e8,2.0,TRUE_IN_TOP3,2,stromSchaltbar|temperaturEingaenge,12,12,0,1,1,0,12,0,19.54423466871048,x731,false
RFQ731-000398,G731VG,CFG731_7f63e10e4938ed7a,CFG731_7f63e10e4938ed7a,1.0,CORRECT_TOP1,0,,11,11,0,4,4,0,11,0,44.28073353222801,G731VG,false
RFQ731-000399,x731,CFG731_df5f598a914fb1cc,CFG731_df5f598a914fb1cc,1.0,CORRECT_TOP1,0,,11,11,0,3,3,0,11,0,20.88925291522775,x731,false
RFQ731-000400,x731,CFG731_ebb861c404a79d91,CFG731_fd10dd35c97df399,3.0,TRUE_IN_TOP3,1,stromEingaenge,11,11,0,3,3,0,11,0,20.801920844115852,x731,false
RFQ731-000401,x731,CFG731_31b475abe3d16a99,CFG731_31b475abe3d16a99,1.0,CORRECT_TOP1,0,,12,12,0,3,3,0,12,0,21.65740339167405,x731,false
RFQ731-000402,F731WD_SingleChannel,CFG731_11c93eca01984a14,CFG731_11c93eca01984a14,1.0,CORRECT_TOP1,0,,9,9,0,4,4,0,9,0,34.36373299452446,F731WD_SingleChannel,false
RFQ731-000403,G731CA,CFG731_dc8a3bad7d99b8ea,CFG731_dc8a3bad7d99b8ea,1.0,CORRECT_TOP1,0,,10,10,0,2,2,0,10,0,26.99196868930281,G731CA,false
RFQ731-000404,x731,CFG731_6526112621a9ee97,CFG731_6526112621a9ee97,1.0,CORRECT_TOP1,0,,8,8,0,7,7,0,8,0,21.08350280362588,x731,false
RFQ731-000405,x731,CFG731_2a8793475d827bb6,CFG731_235ee3a364b5b6ec,7.0,TRUE_IN_TOP10,2,stromSchaltbar|binaerDigitalOpenColl_MN,11,11,0,2,2,0,11,0,19.19786233084901,x731,false
RFQ731-000406,x731,CFG731_6b36d25fda044bf5,CFG731_256f254632c47939,4.0,TRUE_IN_TOP5,2,dev_advMeterVerification|customUserFluid,8,8,0,6,6,0,8,0,20.30566411790805,x731,false
RFQ731-000407,G731CA,CFG731_4af82641f975d9aa,CFG731_4af82641f975d9aa,1.0,CORRECT_TOP1,0,,11,11,0,1,1,0,11,0,27.10410648908661,G731CA,false
RFQ731-000408,x731,CFG731_162b59c5f8cf5a72,CFG731_162b59c5f8cf5a72,1.0,CORRECT_TOP1,0,,7,7,0,7,7,0,7,0,23.53714495525097,x731,false
RFQ731-000409,x731,CFG731_5dd42015f6f61801,CFG731_65da22cd215fbcf6,2.0,TRUE_IN_TOP3,1,temperaturEingaenge,12,12,0,4,4,0,12,0,22.57940418084109,x731,false
RFQ731-000410,x731,CFG731_89772de94df83ba5,CFG731_6ad3ec8ed100118e,2.0,TRUE_IN_TOP3,2,stromSchaltbar|temperaturEingaenge,9,9,0,5,5,0,9,0,20.25368599809777,x731,false
RFQ731-000411,x731,CFG731_509cb555eca833a1,CFG731_509cb555eca833a1,1.0,CORRECT_TOP1,0,,11,11,0,4,4,0,11,0,21.037423689912305,x731,false
RFQ731-000412,x731,CFG731_8d07e19298d09d34,CFG731_8d07e19298d09d34,1.0,CORRECT_TOP1,0,,11,11,0,5,5,0,11,0,23.921852957931208,x731,false
RFQ731-000413,x731,CFG731_8d07e19298d09d34,CFG731_66527c2cd3f93f64,3.0,TRUE_IN_TOP3,2,stromSchaltbar|dev_advMeterVerification,10,10,0,4,4,0,10,0,21.380098016651253,x731,false
RFQ731-000414,x731,CFG731_0c05dd0ad4f3894a,CFG731_0c05dd0ad4f3894a,1.0,CORRECT_TOP1,0,,11,11,0,5,5,0,11,0,23.447835096514144,x731,false
RFQ731-000415,x731,CFG731_62d0f0f6bab9bdcb,CFG731_62d0f0f6bab9bdcb,1.0,CORRECT_TOP1,0,,10,10,0,6,6,0,10,0,23.13333499122269,x731,false
RFQ731-000416,x731,CFG731_c39096767a7ae083,CFG731_ef02695e374fc418,2.0,TRUE_IN_TOP3,3,stromSchaltbar|temperaturEingaenge|dev_advMeterVerification,7,7,0,7,7,0,7,0,20.370116454090194,x731,false
RFQ731-000417,G731CA,CFG731_d2a75fda6f761c1b,CFG731_24b3128196e55c23,2.0,TRUE_IN_TOP3,2,stromSchaltbar|binaerOpenColl_MP,7,7,0,5,5,0,7,0,25.48800431501691,G731CA,false
RFQ731-000418,F731TE,CFG731_b27467571d893d92,CFG731_b27467571d893d92,1.0,CORRECT_TOP1,0,,10,10,0,1,1,0,10,0,30.20745299258429,F731TE,false
RFQ731-000419,x731,CFG731_acd18bc8a73cfdde,CFG731_acd18bc8a73cfdde,1.0,CORRECT_TOP1,0,,10,10,0,6,6,0,10,0,23.761675921936444,x731,false
RFQ731-000420,x731,CFG731_c9829182065e0285,CFG731_c9829182065e0285,1.0,CORRECT_TOP1,0,,11,11,0,3,3,0,11,0,22.870668805083568,x731,false
RFQ731-000421,G731ST-HT,CFG731_bbffb73f3dff6787,CFG731_403f51b2e914043b,4.0,TRUE_IN_TOP5,3,stromSchaltbar|stromEingaenge|temperaturEingaenge,11,11,0,2,2,0,11,0,24.326060558805334,G731ST-HT,false
RFQ731-000422,x731,CFG731_7ffc09802c7b60bf,CFG731_cf0d36d335e0ac93,2.0,TRUE_IN_TOP3,2,temperaturEingaenge|dynamicGasMaster,11,11,0,3,3,0,11,0,19.44536771920805,x731,false
RFQ731-000423,x731,CFG731_241d60e6ef5278be,CFG731_241d60e6ef5278be,1.0,CORRECT_TOP1,0,,12,12,0,4,4,0,12,0,22.95084584916004,x731,false
RFQ731-000424,x731,CFG731_962b6fcde3072947,CFG731_962b6fcde3072947,1.0,CORRECT_TOP1,0,,7,7,0,9,9,0,7,0,22.08559580193291,x731,false
RFQ731-000425,x731,CFG731_22fecf5bb26e1132,CFG731_22fecf5bb26e1132,1.0,CORRECT_TOP1,0,,13,13,0,2,2,0,13,0,22.244470125273384,x731,false
RFQ731-000426,G731ST-HT,CFG731_eb70dc35972dc4b7,CFG731_7f0b42d2b9f7fcc2,2.0,TRUE_IN_TOP3,1,temperaturEingaenge,10,10,0,4,4,0,10,0,25.532063913482663,G731ST-HT,false
RFQ731-000427,F731WD_SingleChannel,CFG731_a7d2a5a9ae465701,CFG731_ee8e327bbb737abf,2.0,TRUE_IN_TOP3,2,stromSchaltbar|binaerOpenColl_MP,7,7,0,4,4,0,7,0,25.90038174659436,F731WD_SingleChannel,false
RFQ731-000428,G731ST-HT,CFG731_2a989bd6dba74d9f,CFG731_b7a7770d19b6f648,4.0,TRUE_IN_TOP5,2,stromSchaltbar|temperaturEingaenge,9,9,0,5,5,0,9,0,25.646304111056885,G731ST-HT,false
RFQ731-000429,x731,CFG731_cb2e63f823697ceb,CFG731_cb2e63f823697ceb,1.0,CORRECT_TOP1,0,,12,12,0,2,2,0,12,0,20.34826529534199,x731,false
RFQ731-000430,G731CA,CFG731_1dfb5999b1debe3a,CFG731_1dfb5999b1debe3a,1.0,CORRECT_TOP1,0,,11,11,0,3,3,0,11,0,35.99656438970778,G731CA,false
RFQ731-000431,x731,CFG731_608c0251ef380592,CFG731_091f946b84ae26df,2.0,TRUE_IN_TOP3,1,customUserFluid,12,12,0,3,3,0,12,0,23.205300832071156,x731,false
RFQ731-000432,G731ST-LT,CFG731_32b4b1ec4513af66,CFG731_903051672b581bab,3.0,TRUE_IN_TOP3,1,binaerOpenColl_MP,11,11,0,4,4,0,11,0,24.657055218950784,G731ST-LT,false
RFQ731-000433,x731,CFG731_c39096767a7ae083,CFG731_a9a1b4f80067a4f8,2.0,TRUE_IN_TOP3,1,dynamicGasMaster,10,10,0,6,6,0,10,0,22.58713258458318,x731,false
RFQ731-000434,G731ST-HT,CFG731_8b18ac1c34209d63,CFG731_8b18ac1c34209d63,1.0,CORRECT_TOP1,0,,10,10,0,6,6,0,10,0,28.09435905711236,G731ST-HT,false
RFQ731-000435,x731,CFG731_91e51485b56960b2,CFG731_ab67f4ca670c9841,2.0,TRUE_IN_TOP3,2,stromEingaenge|customUserFluid,9,9,0,6,6,0,9,0,21.49036305313753,x731,false
RFQ731-000436,G731ST-LT,CFG731_7203705eed387b0a,CFG731_7203705eed387b0a,1.0,CORRECT_TOP1,0,,13,13,0,3,3,0,13,0,27.389466003536278,G731ST-LT,false
RFQ731-000437,x731,CFG731_f1355b6f00fd7f67,CFG731_9e4e2d60f553c3c1,4.0,TRUE_IN_TOP5,1,temperaturEingaenge,10,10,0,4,4,0,10,0,20.868362270472627,x731,false
RFQ731-000438,F731PW,CFG731_a9f22ebc14287e5d,CFG731_a9f22ebc14287e5d,1.0,CORRECT_TOP1,0,,6,6,0,6,6,0,6,0,28.56494696995293,F731PW,false
RFQ731-000439,x731,CFG731_7630270d2245c283,CFG731_7630270d2245c283,1.0,CORRECT_TOP1,0,,14,14,0,2,2,0,14,0,23.306760777635297,x731,false
RFQ731-000440,x731,CFG731_ebb861c404a79d91,CFG731_fd10dd35c97df399,3.0,TRUE_IN_TOP3,1,stromEingaenge,12,12,0,2,2,0,12,0,20.801920844115852,x731,false
RFQ731-000441,G731ST-HT,CFG731_8b18ac1c34209d63,CFG731_d44e54f35ee15977,2.0,TRUE_IN_TOP3,2,stromEingaenge|temperaturEingaenge,9,9,0,5,5,0,9,0,25.32079928115848,G731ST-HT,false
RFQ731-000442,x731,CFG731_57a2b410fc32b41a,CFG731_ebf26b0112810ef9,3.0,TRUE_IN_TOP3,1,stromSchaltbar,12,12,0,2,2,0,12,0,20.03376519005053,x731,false
RFQ731-000443,G731CA,CFG731_817824ee3a762453,CFG731_2cb814ee06486282,2.0,TRUE_IN_TOP3,2,stromSchaltbar|binaerOpenColl_MP,10,10,0,2,2,0,10,0,21.886727573199128,G731CA,false
RFQ731-000444,G731ST-LT,CFG731_87d8ba5b87cf0a3f,CFG731_77fac91021549398,3.0,TRUE_IN_TOP3,2,temperaturEingaenge|binaerDigitalOpenColl_MN,12,12,0,1,1,0,12,0,22.1571212140856,G731ST-LT,false
RFQ731-000445,x731,CFG731_ad672c682712eda8,CFG731_a4e34b496fb393e8,2.0,TRUE_IN_TOP3,1,dynamicGasMaster,12,12,0,3,3,0,12,0,20.4401064415612,x731,false
RFQ731-000446,x731,CFG731_36d7686aca1200ae,CFG731_a4038243bb1e609e,3.0,TRUE_IN_TOP3,2,stromSchaltbar|customUserFluid,10,10,0,4,4,0,10,0,20.73794786244182,x731,false
RFQ731-000447,x731,CFG731_54b63f2628adfc32,CFG731_bac2c72e10051b21,2.0,TRUE_IN_TOP3,1,stromEingaenge,10,10,0,4,4,0,10,0,20.00505072876058,x731,false
RFQ731-000448,x731,CFG731_e8f6cbe0006a0957,CFG731_e8f6cbe0006a0957,1.0,CORRECT_TOP1,0,,12,12,0,3,3,0,12,0,23.068172530535847,x731,false
RFQ731-000449,x731,CFG731_cf0392d0aaac28b1,CFG731_6ba028da3bba9c41,2.0,TRUE_IN_TOP3,1,dev_advMeterVerification,12,12,0,1,1,0,12,0,19.64430360805552,x731,false
RFQ731-000450,F731TE,CFG731_3d8c1bbc0ef4249a,CFG731_3d8c1bbc0ef4249a,1.0,CORRECT_TOP1,0,,11,11,0,2,2,0,11,0,37.16435247185012,F731TE,false
RFQ731-000451,x731,CFG731_22fecf5bb26e1132,CFG731_22fecf5bb26e1132,1.0,CORRECT_TOP1,0,,11,11,0,4,4,0,11,0,22.244470125273384,x731,false
RFQ731-000452,F731WD_SingleChannel,CFG731_70b6eaf9262ca4d0,CFG731_70b6eaf9262ca4d0,1.0,CORRECT_TOP1,0,,9,9,0,4,4,0,9,0,30.762456252706688,F731WD_SingleChannel,false
RFQ731-000453,G731ST-HT,CFG731_eb70dc35972dc4b7,CFG731_7f0b42d2b9f7fcc2,2.0,TRUE_IN_TOP3,1,temperaturEingaenge,9,9,0,5,5,0,9,0,25.532063913482663,G731ST-HT,false
RFQ731-000454,F731WD_SingleChannel,CFG731_9a761e6bfde35917,CFG731_9a761e6bfde35917,1.0,CORRECT_TOP1,0,,8,8,0,5,5,0,8,0,38.506254188817095,F731WD_SingleChannel,false
RFQ731-000455,x731,CFG731_3611bb1fba248e38,CFG731_3611bb1fba248e38,1.0,CORRECT_TOP1,0,,14,14,0,1,1,0,14,0,21.327695840238388,x731,false
RFQ731-000456,F731PW,CFG731_92efd7a3c43da152,CFG731_92efd7a3c43da152,1.0,CORRECT_TOP1,0,,9,9,0,3,3,0,9,0,35.610524999026474,F731PW,false
RFQ731-000457,x731,CFG731_073f991a6c9a4683,CFG731_cf57963000260b1d,2.0,TRUE_IN_TOP3,1,customUserFluid,12,12,0,4,4,0,12,0,23.42520369674677,x731,false
RFQ731-000458,x731,CFG731_04d60387371e1885,CFG731_04d60387371e1885,1.0,CORRECT_TOP1,0,,10,10,0,6,6,0,10,0,22.475336170575464,x731,false
RFQ731-000459,G731CA,CFG731_164591062a2b3589,CFG731_164591062a2b3589,1.0,CORRECT_TOP1,0,,11,11,0,3,3,0,11,0,32.14518312306742,G731CA,false
RFQ731-000460,x731,CFG731_782675d8823078bc,CFG731_d0927fe178fd9279,3.0,TRUE_IN_TOP3,2,dev_advMeterVerification|dynamicGasMaster,10,10,0,4,4,0,10,0,20.51727909757498,x731,false
RFQ731-000461,x731,CFG731_3b2a32abbf148ca1,CFG731_450eff458b4fe00f,3.0,TRUE_IN_TOP3,2,stromEingaenge|binaerOpenColl_MP,11,11,0,4,4,0,11,0,20.53348190916636,x731,false
RFQ731-000462,G731ST-LT,CFG731_d124ccffa669c3a2,CFG731_50a4a25852666336,3.0,TRUE_IN_TOP3,1,binaerDigitalOpenColl_MN,13,13,0,2,2,0,13,0,25.008613929134643,G731ST-LT,false
RFQ731-000463,G731ST-LT,CFG731_10085782ed0991cf,CFG731_1feda2f4109d616a,,TRUE_UNRANKED,3,stromSchaltbar|stromEingaenge|binaerDigitalOpenColl_MN,11,11,0,2,2,0,11,0,22.28616899489236,G731ST-LT,false
RFQ731-000464,G731ST-LT,CFG731_996314000fcfec4b,CFG731_22da0d6030817265,2.0,TRUE_IN_TOP3,1,temperaturEingaenge,11,11,0,4,4,0,11,0,25.424929002576945,G731ST-LT,false
RFQ731-000465,F731TE,CFG731_5164655533c6a8d0,CFG731_5164655533c6a8d0,1.0,CORRECT_TOP1,0,,9,9,0,4,4,0,9,0,36.8646318006348,F731TE,false
RFQ731-000466,x731,CFG731_337790e6bbcf15f4,CFG731_337790e6bbcf15f4,1.0,CORRECT_TOP1,0,,12,12,0,3,3,0,12,0,21.71499242531444,x731,false
RFQ731-000467,x731,CFG731_db983e07a279051a,CFG731_db983e07a279051a,1.0,CORRECT_TOP1,0,,10,10,0,4,4,0,10,0,22.48351985539151,x731,false
RFQ731-000468,G731ST-LT,CFG731_32b4b1ec4513af66,CFG731_32b4b1ec4513af66,1.0,CORRECT_TOP1,0,,12,12,0,4,4,0,12,0,26.93012428508898,G731ST-LT,false
RFQ731-000469,x731,CFG731_cb6654d77e7e4d72,CFG731_cb6654d77e7e4d72,1.0,CORRECT_TOP1,0,,10,10,0,3,3,0,10,0,22.01931799686645,x731,false
RFQ731-000470,x731,CFG731_aa7f1abab518f995,CFG731_aa7f1abab518f995,1.0,CORRECT_TOP1,0,,10,10,0,4,4,0,10,0,23.47339843766689,x731,false
RFQ731-000471,G731ST-HT,CFG731_a56f1437a0b4ca31,CFG731_240d537f14b1a01d,2.0,TRUE_IN_TOP3,1,temperaturEingaenge,11,11,0,4,4,0,11,0,27.058189487654356,G731ST-HT,false
RFQ731-000472,G731ST-LT,CFG731_c5da2661a169f82b,CFG731_c5da2661a169f82b,1.0,CORRECT_TOP1,0,,11,11,0,4,4,0,11,0,25.821145365161616,G731ST-LT,false
RFQ731-000473,x731,CFG731_8d07e19298d09d34,CFG731_a38141e3f47b5259,4.0,TRUE_IN_TOP5,2,stromSchaltbar|stromEingaenge,10,10,0,4,4,0,10,0,21.04942995122252,x731,false
RFQ731-000474,G731VG,CFG731_6a47b38d62a9fed3,CFG731_6a47b38d62a9fed3,1.0,CORRECT_TOP1,0,,7,7,0,8,8,0,7,0,38.92475428030488,G731VG,false
RFQ731-000475,x731,CFG731_91e51485b56960b2,CFG731_91e51485b56960b2,1.0,CORRECT_TOP1,0,,13,13,0,4,4,0,13,0,23.976816455089697,x731,false
RFQ731-000476,x731,CFG731_260c36430f7c2d03,CFG731_260c36430f7c2d03,1.0,CORRECT_TOP1,0,,12,12,0,2,2,0,12,0,24.010745481975945,x731,false
RFQ731-000477,G731ST-HT,CFG731_4de012f7232f644d,CFG731_4b2c0e571415f5cc,3.0,TRUE_IN_TOP3,2,stromEingaenge|binaerDigitalOpenColl_MN,9,9,0,4,4,0,9,0,23.670324574962976,G731ST-HT,false
RFQ731-000478,F731TE,CFG731_8b8ba7e2341f1295,CFG731_b7c1a02b25610507,2.0,TRUE_IN_TOP3,2,stromSchaltbar|binaerOpenColl_MP,7,7,0,4,4,0,7,0,28.619098489892448,F731TE,false
RFQ731-000479,x731,CFG731_648b3a822a947c68,CFG731_648b3a822a947c68,1.0,CORRECT_TOP1,0,,10,10,0,5,5,0,10,0,21.60776902703612,x731,false
RFQ731-000480,x731,CFG731_57a2b410fc32b41a,CFG731_ebf26b0112810ef9,3.0,TRUE_IN_TOP3,1,stromSchaltbar,12,12,0,2,2,0,12,0,20.03376519005053,x731,false
RFQ731-000481,x731,CFG731_5fb1bce2eb72cec6,CFG731_5fb1bce2eb72cec6,1.0,CORRECT_TOP1,0,,12,12,0,3,3,0,12,0,22.610876065594308,x731,false
RFQ731-000482,x731,CFG731_67de76f701c9cfad,CFG731_c348ae803bb36511,2.0,TRUE_IN_TOP3,1,temperaturEingaenge,12,12,0,3,3,0,12,0,21.71407155822589,x731,false
RFQ731-000483,x731,CFG731_2d0a81ff4ec49480,CFG731_f84a3b5f8ae2ffee,3.0,TRUE_IN_TOP3,3,stromEingaenge|temperaturEingaenge|dynamicGasMaster,12,12,0,2,2,0,12,0,19.86166438546192,x731,false
RFQ731-000484,F731WD_DualChannel,CFG731_a4610f5f38e7d946,CFG731_a4610f5f38e7d946,1.0,CORRECT_TOP1,0,,13,13,0,0,0,0,13,0,36.30115881302178,F731WD_DualChannel,false
RFQ731-000485,x731,CFG731_3b2a32abbf148ca1,CFG731_f4e451f0b68379ff,5.0,TRUE_IN_TOP5,3,stromEingaenge|temperaturEingaenge|dynamicGasMaster,10,10,0,4,4,0,10,0,19.771377744426324,x731,false
RFQ731-000486,x731,CFG731_3fe779486d988e69,CFG731_6077133dce604e06,5.0,TRUE_IN_TOP5,1,binaerOpenColl_MP,12,12,0,3,3,0,12,0,21.36419494007785,x731,false
RFQ731-000487,F731TE,CFG731_ac57adca497d644f,CFG731_4d0235c9d5cc61be,2.0,TRUE_IN_TOP3,2,stromSchaltbar|binaerOpenColl_MP,8,8,0,3,3,0,8,0,28.66129355409542,F731TE,false
RFQ731-000488,x731,CFG731_2322a268d0a898f9,CFG731_631ccc0b317dc962,,TRUE_UNRANKED,3,stromEingaenge|temperaturEingaenge|customUserFluid,11,11,0,1,1,0,11,0,18.20398987874538,x731,false
RFQ731-000489,x731,CFG731_e049618b920d59b6,CFG731_10dc89dcc8388903,3.0,TRUE_IN_TOP3,2,temperaturEingaenge|customUserFluid,11,11,0,3,3,0,11,0,21.309427380672915,x731,false
RFQ731-000490,x731,CFG731_6b36d25fda044bf5,CFG731_6b36d25fda044bf5,1.0,CORRECT_TOP1,0,,13,13,0,3,3,0,13,0,22.46144945443148,x731,false
RFQ731-000491,x731,CFG731_6e096e946540ab4e,CFG731_7d4c803343a40a05,2.0,TRUE_IN_TOP3,2,stromEingaenge|dev_advMeterVerification,10,10,0,5,5,0,10,0,21.40951282884415,x731,false
RFQ731-000492,x731,CFG731_cb3a6f924677049e,CFG731_5d2495d91e9fa868,7.0,TRUE_IN_TOP10,1,temperaturEingaenge,8,8,0,6,6,0,8,0,20.510514512682487,x731,false
RFQ731-000493,x731,CFG731_8c50542218db5cb0,CFG731_eea9998b9f9a0bdb,5.0,TRUE_IN_TOP5,3,stromSchaltbar|temperaturEingaenge|dev_advMeterVerification,10,10,0,3,3,0,10,0,19.58463058381313,x731,false
RFQ731-000494,F731WD_SingleChannel,CFG731_70b6eaf9262ca4d0,CFG731_70b6eaf9262ca4d0,1.0,CORRECT_TOP1,0,,11,11,0,2,2,0,11,0,30.762456252706688,F731WD_SingleChannel,false
RFQ731-000495,x731,CFG731_1f978c234895178c,CFG731_04e7216b1ba7f935,6.0,TRUE_IN_TOP10,2,stromSchaltbar|temperaturEingaenge,10,10,0,4,4,0,10,0,19.53791160601119,x731,false
RFQ731-000496,x731,CFG731_5052a216a260faff,CFG731_5052a216a260faff,1.0,CORRECT_TOP1,0,,13,13,0,3,3,0,13,0,24.05194807226253,x731,false
RFQ731-000497,x731,CFG731_4346df46838fd57e,CFG731_4346df46838fd57e,1.0,CORRECT_TOP1,0,,13,13,0,3,3,0,13,0,22.78469981655635,x731,false
RFQ731-000498,F731PW,CFG731_b265e25b7baf721d,CFG731_b265e25b7baf721d,1.0,CORRECT_TOP1,0,,11,11,0,0,0,0,11,0,27.660414804579737,F731PW,false
RFQ731-000499,x731,CFG731_6e791fbe7ba5db5e,CFG731_6e791fbe7ba5db5e,1.0,CORRECT_TOP1,0,,12,12,0,2,2,0,12,0,23.913868682609973,x731,false
RFQ731-000500,x731,CFG731_ee15b881a6032908,CFG731_038da5d3a7dc468b,2.0,TRUE_IN_TOP3,1,customUserFluid,11,11,0,3,3,0,11,0,20.739219076873123,x731,false
RFQ731-000501,G731ST-LT,CFG731_32b4b1ec4513af66,CFG731_58b9913d8024b015,5.0,TRUE_IN_TOP5,3,stromSchaltbar|stromEingaenge|temperaturEingaenge,11,11,0,2,2,0,11,0,22.70248406833466,G731ST-LT,false
RFQ731-000502,x731,CFG731_5cfa203ca7029f1c,CFG731_5cfa203ca7029f1c,1.0,CORRECT_TOP1,0,,11,11,0,5,5,0,11,0,23.26714510355181,x731,false
RFQ731-000503,G731CA,CFG731_faff6da73df00950,CFG731_faff6da73df00950,1.0,CORRECT_TOP1,0,,10,10,0,4,4,0,10,0,33.9910632327716,G731CA,false
RFQ731-000504,G731ST-LT,CFG731_b86bbf24b1c3a419,CFG731_2db6c530f35d47b9,2.0,TRUE_IN_TOP3,1,stromEingaenge,12,12,0,3,3,0,12,0,25.68085128730194,G731ST-LT,false
RFQ731-000505,x731,CFG731_df5f598a914fb1cc,CFG731_df5f598a914fb1cc,1.0,CORRECT_TOP1,0,,10,10,0,4,4,0,10,0,20.88925291522775,x731,false
RFQ731-000506,x731,CFG731_8d07e19298d09d34,CFG731_5cded878b0996b37,4.0,TRUE_IN_TOP5,3,temperaturEingaenge|dev_advMeterVerification|customUserFluid,8,8,0,5,5,0,8,0,20.410850411362148,x731,false
RFQ731-000507,x731,CFG731_3dd4cfcf6ee98460,CFG731_3dd4cfcf6ee98460,1.0,CORRECT_TOP1,0,,14,14,0,1,1,0,14,0,23.04544308977588,x731,false
RFQ731-000508,x731,CFG731_fa063863b8688588,CFG731_61aecba5f711a3bf,3.0,TRUE_IN_TOP3,1,stromSchaltbar,9,9,0,4,4,0,9,0,20.02304201060078,x731,false
RFQ731-000509,F731WD_DualChannel,CFG731_5076f1c2c0488d0e,CFG731_5076f1c2c0488d0e,1.0,CORRECT_TOP1,0,,8,8,0,3,3,0,8,0,31.047817926901008,F731WD_DualChannel,false
RFQ731-000510,x731,CFG731_79d5571d44c945f6,CFG731_79d5571d44c945f6,1.0,CORRECT_TOP1,0,,13,13,0,3,3,0,13,0,22.56528142583498,x731,false
RFQ731-000511,G731ST-HT,CFG731_288e4c99b4e02895,CFG731_1b33a9ed446bc0fd,6.0,TRUE_IN_TOP10,2,stromSchaltbar|binaerDigitalOpenColl_MN,10,10,0,2,2,0,10,0,21.593649774219845,G731ST-HT,false
RFQ731-000512,x731,CFG731_9676c8784fca6c61,CFG731_9676c8784fca6c61,1.0,CORRECT_TOP1,0,,10,10,0,4,4,0,10,0,20.36782895977759,x731,false
RFQ731-000513,G731ST-LT,CFG731_7203705eed387b0a,CFG731_7203705eed387b0a,1.0,CORRECT_TOP1,0,,14,14,0,2,2,0,14,0,27.389466003536278,G731ST-LT,false
RFQ731-000514,G731ST-HT,CFG731_63eca10a00ae1f5d,CFG731_ab3b0ae98d7b2345,2.0,TRUE_IN_TOP3,1,stromSchaltbar,12,12,0,3,3,0,12,0,27.14181539896219,G731ST-HT,false
RFQ731-000515,G731CA,CFG731_edf13ed38a4b54de,CFG731_edf13ed38a4b54de,1.0,CORRECT_TOP1,0,,12,12,0,2,2,0,12,0,37.03238511893273,G731CA,false
RFQ731-000516,x731,CFG731_97796c9ac2811c94,CFG731_97796c9ac2811c94,1.0,CORRECT_TOP1,0,,12,12,0,4,4,0,12,0,23.24111799948612,x731,false
RFQ731-000517,x731,CFG731_95e2d680672ff303,CFG731_95e2d680672ff303,1.0,CORRECT_TOP1,0,,12,12,0,1,1,0,12,0,22.19745234740874,x731,false
RFQ731-000518,F731WD_DualChannel,CFG731_8281908b452128f3,CFG731_d2034bb5aa313dac,2.0,TRUE_IN_TOP3,1,stromEingaenge,9,9,0,3,3,0,9,0,30.740295052820898,F731WD_DualChannel,false
RFQ731-000519,x731,CFG731_d67b44eae58dfe59,CFG731_d67b44eae58dfe59,1.0,CORRECT_TOP1,0,,12,12,0,2,2,0,12,0,20.09888003353069,x731,false
RFQ731-000520,x731,CFG731_9a5bfa9148a9b604,CFG731_9a5bfa9148a9b604,1.0,CORRECT_TOP1,0,,12,12,0,2,2,0,12,0,24.301017632302027,x731,false
RFQ731-000521,x731,CFG731_2a8793475d827bb6,CFG731_b228aa35c0b027ac,4.0,TRUE_IN_TOP5,1,binaerDigitalOpenColl_MN,12,12,0,2,2,0,12,0,20.651942771649445,x731,false
RFQ731-000522,G731ST-LT,CFG731_2469d1b04bd775f6,CFG731_2469d1b04bd775f6,1.0,CORRECT_TOP1,0,,12,12,0,3,3,0,12,0,25.13465685225086,G731ST-LT,false
RFQ731-000523,x731,CFG731_d67b44eae58dfe59,CFG731_d67b44eae58dfe59,1.0,CORRECT_TOP1,0,,11,11,0,3,3,0,11,0,20.09888003353069,x731,false
RFQ731-000524,x731,CFG731_23aa00a5306a83b2,CFG731_23aa00a5306a83b2,1.0,CORRECT_TOP1,0,,12,12,0,3,3,0,12,0,22.132068723704005,x731,false
RFQ731-000525,x731,CFG731_2322a268d0a898f9,CFG731_4c78b52d0d6ffd12,4.0,TRUE_IN_TOP5,1,stromSchaltbar,10,10,0,4,4,0,10,0,20.59158004994273,x731,false
RFQ731-000526,x731,CFG731_3b2a32abbf148ca1,CFG731_6638f62366414007,4.0,TRUE_IN_TOP5,2,temperaturEingaenge|dev_advMeterVerification,12,12,0,3,3,0,12,0,21.78200183068766,x731,false
RFQ731-000527,F731WD_DualChannel,CFG731_c0f6f70a47ed04ba,CFG731_c0f6f70a47ed04ba,1.0,CORRECT_TOP1,0,,8,8,0,4,4,0,8,0,34.491549867105086,F731WD_DualChannel,false
RFQ731-000528,x731,CFG731_36d7686aca1200ae,CFG731_932b427eaa87c8fa,9.0,TRUE_IN_TOP10,3,stromEingaenge|dev_advMeterVerification|dynamicGasMaster,9,9,0,4,4,0,9,0,19.07416605206581,x731,false
RFQ731-000529,x731,CFG731_36d7686aca1200ae,CFG731_70b78512b89df53d,3.0,TRUE_IN_TOP3,2,stromSchaltbar|stromEingaenge,9,9,0,5,5,0,9,0,20.387716132577484,x731,false
RFQ731-000530,G731ST-LT,CFG731_ae2e4cfccaff4f50,CFG731_7ea8c51038ca5bfd,6.0,TRUE_IN_TOP10,1,binaerDigitalOpenColl_MN,11,11,0,3,3,0,11,0,23.5545334883342,G731ST-LT,false
RFQ731-000531,G731VG,CFG731_7f63e10e4938ed7a,CFG731_7f63e10e4938ed7a,1.0,CORRECT_TOP1,0,,9,9,0,6,6,0,9,0,44.28073353222801,G731VG,false
RFQ731-000532,F731TE,CFG731_8b8ba7e2341f1295,CFG731_b7c1a02b25610507,2.0,TRUE_IN_TOP3,2,stromSchaltbar|binaerOpenColl_MP,9,9,0,2,2,0,9,0,28.619098489892448,F731TE,false
RFQ731-000533,x731,CFG731_618cb6c1c21feda4,CFG731_9879620d23af8c96,7.0,TRUE_IN_TOP10,1,dev_advMeterVerification,12,12,0,2,2,0,12,0,20.306991098227574,x731,false
RFQ731-000534,x731,CFG731_3662a471d9ce3167,CFG731_3662a471d9ce3167,1.0,CORRECT_TOP1,0,,10,10,0,6,6,0,10,0,22.60994704982422,x731,false
RFQ731-000535,x731,CFG731_ef2da8cd513b19be,CFG731_ef2da8cd513b19be,1.0,CORRECT_TOP1,0,,9,9,0,5,5,0,9,0,21.49668611583682,x731,false
RFQ731-000536,G731CA,CFG731_14235f3888d71408,CFG731_14235f3888d71408,1.0,CORRECT_TOP1,0,,9,9,0,5,5,0,9,0,30.74134520113768,G731CA,false
RFQ731-000537,F731WD_SingleChannel,CFG731_11c93eca01984a14,CFG731_0be7d6198235486b,2.0,TRUE_IN_TOP3,2,stromSchaltbar|binaerOpenColl_MP,10,10,0,1,1,0,10,0,25.359137294119503,F731WD_SingleChannel,false
RFQ731-000538,G731ST-HT,CFG731_831a7150258499af,CFG731_831a7150258499af,1.0,CORRECT_TOP1,0,,14,14,0,2,2,0,14,0,27.95406497925269,G731ST-HT,false
RFQ731-000539,G731VG,CFG731_7f63e10e4938ed7a,CFG731_7f63e10e4938ed7a,1.0,CORRECT_TOP1,0,,11,11,0,4,4,0,11,0,44.28073353222801,G731VG,false
RFQ731-000540,x731,CFG731_48e71c5ae6615397,CFG731_48e71c5ae6615397,1.0,CORRECT_TOP1,0,,12,12,0,2,2,0,12,0,20.842938775450506,x731,false
RFQ731-000541,x731,CFG731_91e51485b56960b2,CFG731_8e5ce09a779d2284,2.0,TRUE_IN_TOP3,3,stromSchaltbar|stromEingaenge|temperaturEingaenge,10,10,0,4,4,0,10,0,19.749176238335373,x731,false
RFQ731-000542,x731,CFG731_440f9c9b032b7d0a,CFG731_55d3237d65c8a47c,3.0,TRUE_IN_TOP3,1,customUserFluid,11,11,0,3,3,0,11,0,19.918198012156797,x731,false
RFQ731-000543,x731,CFG731_fd7b09f495a568bc,CFG731_fd7b09f495a568bc,1.0,CORRECT_TOP1,0,,11,11,0,2,2,0,11,0,21.638759205504773,x731,false
RFQ731-000544,G731ST-HT,CFG731_9f9bc93c4b0253cf,CFG731_7cc9f85131c775cb,2.0,TRUE_IN_TOP3,1,temperaturEingaenge,10,10,0,4,4,0,10,0,25.180505203298807,G731ST-HT,false
RFQ731-000545,F731WD_SingleChannel,CFG731_9a761e6bfde35917,CFG731_9a761e6bfde35917,1.0,CORRECT_TOP1,0,,10,10,0,3,3,0,10,0,38.506254188817095,F731WD_SingleChannel,false
RFQ731-000546,x731,CFG731_ce4c7976fe8fc47b,CFG731_ce4c7976fe8fc47b,1.0,CORRECT_TOP1,0,,12,12,0,2,2,0,12,0,20.090043267292465,x731,false
RFQ731-000547,x731,CFG731_f7f0034a8b15f329,CFG731_f7f0034a8b15f329,1.0,CORRECT_TOP1,0,,7,7,0,7,7,0,7,0,23.38311179663129,x731,false
RFQ731-000548,G731VG,CFG731_7f63e10e4938ed7a,CFG731_7f63e10e4938ed7a,1.0,CORRECT_TOP1,0,,13,13,0,2,2,0,13,0,44.28073353222801,G731VG,false
RFQ731-000549,G731ST-LT,CFG731_32b4b1ec4513af66,CFG731_1138f8ea5fc95654,2.0,TRUE_IN_TOP3,1,stromSchaltbar,15,15,0,0,0,0,15,0,25.47604384428854,G731ST-LT,false
RFQ731-000550,x731,CFG731_2692d4e8945eb6ee,CFG731_2692d4e8945eb6ee,1.0,CORRECT_TOP1,0,,12,12,0,2,2,0,12,0,19.80064939897815,x731,false
RFQ731-000551,G731ST-LT,CFG731_7882c72c21497015,CFG731_7882c72c21497015,1.0,CORRECT_TOP1,0,,13,13,0,3,3,0,13,0,27.28168299527284,G731ST-LT,false
RFQ731-000552,G731ST-HT,CFG731_a56f1437a0b4ca31,CFG731_e489ae1a5426e276,2.0,TRUE_IN_TOP3,1,stromSchaltbar,11,11,0,4,4,0,11,0,26.959326256899544,G731ST-HT,false
RFQ731-000553,x731,CFG731_8f470181ad32eeae,CFG731_8f470181ad32eeae,1.0,CORRECT_TOP1,0,,15,15,0,2,2,0,15,0,25.33681394002931,x731,false
RFQ731-000554,F731TE,CFG731_8b8ba7e2341f1295,CFG731_b7c1a02b25610507,2.0,TRUE_IN_TOP3,2,stromSchaltbar|binaerOpenColl_MP,8,8,0,3,3,0,8,0,28.619098489892448,F731TE,false
RFQ731-000555,G731ST-HT,CFG731_e2d64e127f97296d,CFG731_e2d64e127f97296d,1.0,CORRECT_TOP1,0,,11,11,0,4,4,0,11,0,26.49998453845225,G731ST-HT,false
RFQ731-000556,G731ST-LT,CFG731_a40ab19ad6671fbe,CFG731_bc9146cb8459e9c2,2.0,TRUE_IN_TOP3,1,temperaturEingaenge,7,7,0,8,8,0,7,0,25.593998570698155,G731ST-LT,false
RFQ731-000557,x731,CFG731_f97e51d1da57d99f,CFG731_3c91fea3668ca75e,4.0,TRUE_IN_TOP5,2,stromSchaltbar|dev_advMeterVerification,10,10,0,4,4,0,10,0,21.66130538455626,x731,false
RFQ731-000558,x731,CFG731_3b2a32abbf148ca1,CFG731_b16b5f82b033935f,2.0,TRUE_IN_TOP3,1,customUserFluid,12,12,0,4,4,0,12,0,23.15678270516889,x731,false
RFQ731-000559,x731,CFG731_b1693ef6b18686ac,CFG731_b1693ef6b18686ac,1.0,CORRECT_TOP1,0,,8,8,0,8,8,0,8,0,22.325358098109056,x731,false
RFQ731-000560,F731TE,CFG731_574aa7a29f75cd60,CFG731_574aa7a29f75cd60,1.0,CORRECT_TOP1,0,,8,8,0,5,5,0,8,0,35.46079387870506,F731TE,false
RFQ731-000561,x731,CFG731_5b4a5fddf8aa5e11,CFG731_27ec8892eacc701d,4.0,TRUE_IN_TOP5,1,dev_advMeterVerification,13,13,0,0,0,0,13,0,18.424191594277552,x731,false
RFQ731-000562,x731,CFG731_91e51485b56960b2,CFG731_b3ebba592f51e280,4.0,TRUE_IN_TOP5,3,stromEingaenge|temperaturEingaenge|dev_advMeterVerification,7,7,0,7,7,0,7,0,20.1155821786563,x731,false
RFQ731-000563,G731ST-HT,CFG731_7c70763d4cf79560,CFG731_7c70763d4cf79560,1.0,CORRECT_TOP1,0,,11,11,0,4,4,0,11,0,26.47280484609084,G731ST-HT,false
RFQ731-000564,x731,CFG731_6b36d25fda044bf5,CFG731_dc94cc026338b073,4.0,TRUE_IN_TOP5,4,temperaturEingaenge|dev_advMeterVerification|dynamicGasMaster|customUserFluid,11,11,0,1,1,0,11,0,17.27049088702982,x731,false
RFQ731-000565,x731,CFG731_5e61ce3b60d15e11,CFG731_b555bda361da407a,5.0,TRUE_IN_TOP5,2,binaerOpenColl_MP|dev_advMeterVerification,9,9,0,6,6,0,9,0,21.544884933040176,x731,false
RFQ731-000566,x731,CFG731_f97e51d1da57d99f,CFG731_b8db8783f5774853,2.0,TRUE_IN_TOP3,2,dev_advMeterVerification|customUserFluid,10,10,0,4,4,0,10,0,22.04727498931279,x731,false
RFQ731-000567,G731ST-HT,CFG731_4aa7d46b9cfa7d7b,CFG731_b3b502cc22fcd72e,4.0,TRUE_IN_TOP5,2,stromSchaltbar|temperaturEingaenge,11,11,0,3,3,0,11,0,25.566268774171306,G731ST-HT,false
RFQ731-000568,G731ST-HT,CFG731_4aa7d46b9cfa7d7b,CFG731_ad49f2ad57627f46,2.0,TRUE_IN_TOP3,3,stromSchaltbar|stromEingaenge|temperaturEingaenge,9,9,0,4,4,0,9,0,24.14792620826305,G731ST-HT,false
RFQ731-000569,G731ST-HT,CFG731_646d8903da63e1f0,CFG731_ed09f23d3bc16841,6.0,TRUE_IN_TOP10,2,stromSchaltbar|temperaturEingaenge,11,11,0,2,2,0,11,0,24.185766480945663,G731ST-HT,false
RFQ731-000570,F731WD_DualChannel,CFG731_a4610f5f38e7d946,CFG731_e8331b2a91577f04,2.0,TRUE_IN_TOP3,1,stromEingaenge,11,11,0,1,1,0,11,0,34.88281624711353,F731WD_DualChannel,false
RFQ731-000571,x731,CFG731_c39096767a7ae083,CFG731_c525a37447671864,4.0,TRUE_IN_TOP5,2,temperaturEingaenge|dynamicGasMaster,12,12,0,3,3,0,12,0,21.23191537453755,x731,false
RFQ731-000572,F731TE,CFG731_8b8ba7e2341f1295,CFG731_8b8ba7e2341f1295,1.0,CORRECT_TOP1,0,,11,11,0,2,2,0,11,0,37.62369419029741,F731TE,false
RFQ731-000573,x731,CFG731_219ac3d01befd6d1,CFG731_8ce087647633b913,2.0,TRUE_IN_TOP3,3,stromSchaltbar|stromEingaenge|temperaturEingaenge,9,9,0,4,4,0,9,0,18.863499710265398,x731,false
RFQ731-000574,G731CA,CFG731_dc8a3bad7d99b8ea,CFG731_dc8a3bad7d99b8ea,1.0,CORRECT_TOP1,0,,10,10,0,2,2,0,10,0,26.99196868930281,G731CA,false
RFQ731-000575,x731,CFG731_c0f829ddab491342,CFG731_c0f829ddab491342,1.0,CORRECT_TOP1,0,,13,13,0,1,1,0,13,0,20.32479856532389,x731,false
RFQ731-000576,x731,CFG731_169a8482d2028dff,CFG731_169a8482d2028dff,1.0,CORRECT_TOP1,0,,10,10,0,6,6,0,10,0,23.877187333941965,x731,false
RFQ731-000577,x731,CFG731_3b2a32abbf148ca1,CFG731_27f3f9fc0b2e1643,5.0,TRUE_IN_TOP5,3,stromEingaenge|temperaturEingaenge|dev_advMeterVerification,12,12,0,2,2,0,12,0,20.363659264779407,x731,false
RFQ731-000578,x731,CFG731_dbb33a574e3ad4d8,CFG731_dbb33a574e3ad4d8,1.0,CORRECT_TOP1,0,,12,12,0,1,1,0,12,0,22.205106330991647,x731,false
RFQ731-000579,G731ST-HT,CFG731_d03860c1f327a8d1,CFG731_d03860c1f327a8d1,1.0,CORRECT_TOP1,0,,11,11,0,4,4,0,11,0,27.107201931575528,G731ST-HT,false
RFQ731-000580,x731,CFG731_a9ec8cda9130252f,CFG731_a9ec8cda9130252f,1.0,CORRECT_TOP1,0,,11,11,0,3,3,0,11,0,21.61092631341104,x731,false
RFQ731-000581,G731ST-HT,CFG731_1a1206cc52132df1,CFG731_d71a39e1fcf17083,4.0,TRUE_IN_TOP5,1,stromSchaltbar,10,10,0,4,4,0,10,0,24.97652934108743,G731ST-HT,false
RFQ731-000582,F731WD_DualChannel,CFG731_5076f1c2c0488d0e,CFG731_5076f1c2c0488d0e,1.0,CORRECT_TOP1,0,,7,7,0,4,4,0,7,0,31.047817926901008,F731WD_DualChannel,false
RFQ731-000583,x731,CFG731_073f991a6c9a4683,CFG731_117f19eb2913314e,2.0,TRUE_IN_TOP3,1,stromEingaenge,7,7,0,9,9,0,7,0,23.074971966882437,x731,false
RFQ731-000584,x731,CFG731_3b2a32abbf148ca1,CFG731_274085596a46ecf6,2.0,TRUE_IN_TOP3,3,stromEingaenge|temperaturEingaenge|binaerOpenColl_MP,9,9,0,5,5,0,9,0,19.178264699120728,x731,false
RFQ731-000585,x731,CFG731_8d2d91c46ccfb471,CFG731_8d2d91c46ccfb471,1.0,CORRECT_TOP1,0,,12,12,0,5,5,0,12,0,25.116893131982074,x731,false
RFQ731-000586,x731,CFG731_ad0a2fd7350b6cca,CFG731_ad0a2fd7350b6cca,1.0,CORRECT_TOP1,0,,12,12,0,5,5,0,12,0,24.417066677882183,x731,false
RFQ731-000587,G731CA,CFG731_2aca30183aab25a9,CFG731_f235f4dd7693c885,2.0,TRUE_IN_TOP3,2,stromSchaltbar|binaerOpenColl_MP,10,10,0,2,2,0,10,0,21.38519079054886,G731CA,false
RFQ731-000588,x731,CFG731_8d2d91c46ccfb471,CFG731_8d2d91c46ccfb471,1.0,CORRECT_TOP1,0,,7,7,0,10,10,0,7,0,25.116893131982074,x731,false
RFQ731-000589,G731ST-LT,CFG731_ae2e4cfccaff4f50,CFG731_ae2e4cfccaff4f50,1.0,CORRECT_TOP1,0,,8,8,0,7,7,0,8,0,25.537330404146317,G731ST-LT,false
RFQ731-000590,x731,CFG731_c3481d11b658e1e9,CFG731_187ec74b5c4854aa,3.0,TRUE_IN_TOP3,1,dev_advMeterVerification,11,11,0,4,4,0,11,0,21.469472408382405,x731,false
RFQ731-000591,F731PW,CFG731_7785b2914ebb6eaf,CFG731_7785b2914ebb6eaf,1.0,CORRECT_TOP1,0,,10,10,0,2,2,0,10,0,29.024288688400222,F731PW,false
RFQ731-000592,G731ST-LT,CFG731_87d8ba5b87cf0a3f,CFG731_77fac91021549398,3.0,TRUE_IN_TOP3,2,temperaturEingaenge|binaerDigitalOpenColl_MN,10,10,0,3,3,0,10,0,22.1571212140856,G731ST-LT,false
RFQ731-000593,G731ST-LT,CFG731_7203705eed387b0a,CFG731_7203705eed387b0a,1.0,CORRECT_TOP1,0,,13,13,0,3,3,0,13,0,27.389466003536278,G731ST-LT,false
RFQ731-000594,G731ST-LT,CFG731_87d8ba5b87cf0a3f,CFG731_87d8ba5b87cf0a3f,1.0,CORRECT_TOP1,0,,11,11,0,4,4,0,11,0,25.495135339943342,G731ST-LT,false
RFQ731-000595,x731,CFG731_c3481d11b658e1e9,CFG731_187ec74b5c4854aa,3.0,TRUE_IN_TOP3,1,dev_advMeterVerification,12,12,0,3,3,0,12,0,21.469472408382405,x731,false
RFQ731-000596,x731,CFG731_54b63f2628adfc32,CFG731_c65188f44544a3f1,2.0,TRUE_IN_TOP3,2,stromEingaenge|dev_advMeterVerification,8,8,0,5,5,0,8,0,18.917376228281064,x731,false
RFQ731-000597,x731,CFG731_63b50b6b631946e6,CFG731_63b50b6b631946e6,1.0,CORRECT_TOP1,0,,13,13,0,1,1,0,13,0,22.267604404058048,x731,false
RFQ731-000598,x731,CFG731_da02526d254e2e35,CFG731_b661f405414c476e,2.0,TRUE_IN_TOP3,1,temperaturEingaenge,12,12,0,3,3,0,12,0,21.27658099852679,x731,false
RFQ731-000599,x731,CFG731_f0b756a84ac83cc9,CFG731_f0b756a84ac83cc9,1.0,CORRECT_TOP1,0,,7,7,0,7,7,0,7,0,21.08533266296269,x731,false
RFQ731-000600,x731,CFG731_73ac195ef2754292,CFG731_73ac195ef2754292,1.0,CORRECT_TOP1,0,,12,12,0,3,3,0,12,0,21.585917868287915,x731,false
RFQ731-000601,x731,CFG731_5869cd9805e6c1ca,CFG731_5869cd9805e6c1ca,1.0,CORRECT_TOP1,0,,9,9,0,6,6,0,9,0,20.72565504583574,x731,false
RFQ731-000602,x731,CFG731_a7dc06adf945eba3,CFG731_31ef54b8ab17d3bb,2.0,TRUE_IN_TOP3,2,dev_advMeterVerification|customUserFluid,12,12,0,2,2,0,12,0,21.353753654540576,x731,false
RFQ731-000603,x731,CFG731_7d1aac31230162fc,CFG731_7d1aac31230162fc,1.0,CORRECT_TOP1,0,,13,13,0,1,1,0,13,0,24.16072355444236,x731,false
RFQ731-000604,x731,CFG731_4fe142d593643ab8,CFG731_4fe142d593643ab8,1.0,CORRECT_TOP1,0,,13,13,0,1,1,0,13,0,21.028220012767903,x731,false
RFQ731-000605,G731CA,CFG731_c7ca2f069d01e42d,CFG731_c7ca2f069d01e42d,1.0,CORRECT_TOP1,0,,10,10,0,4,4,0,10,0,32.39528764789,G731CA,false
RFQ731-000606,G731ST-LT,CFG731_ef044db10b586894,CFG731_ef044db10b586894,1.0,CORRECT_TOP1,0,,8,8,0,6,6,0,8,0,24.658101291785364,G731ST-LT,false
RFQ731-000607,F731WD_DualChannel,CFG731_35ed22cad11f9a11,CFG731_783ba1dc5751818d,2.0,TRUE_IN_TOP3,1,stromEingaenge,7,7,0,5,5,0,7,0,35.03279431957994,F731WD_DualChannel,false
RFQ731-000608,G731ST-LT,CFG731_a57ffd88d58eb498,CFG731_e565a13ef4701c2d,4.0,TRUE_IN_TOP5,1,temperaturEingaenge,9,9,0,5,5,0,9,0,24.217851068992875,G731ST-LT,false
RFQ731-000609,G731CA,CFG731_ed85647cd384c17a,CFG731_ed85647cd384c17a,1.0,CORRECT_TOP1,0,,9,9,0,5,5,0,9,0,32.43748271209297,G731CA,false
RFQ731-000610,x731,CFG731_3662a471d9ce3167,CFG731_b757671ab14f2876,2.0,TRUE_IN_TOP3,1,stromEingaenge,10,10,0,5,5,0,10,0,21.19160448391597,x731,false
RFQ731-000611,G731ST-HT,CFG731_fcc72e9951376cf3,CFG731_a6dd1d1aa0613d49,2.0,TRUE_IN_TOP3,1,temperaturEingaenge,9,9,0,6,6,0,9,0,27.390656702183406,G731ST-HT,false
RFQ731-000612,x731,CFG731_5ae746dac49a854b,CFG731_341c747ed8aff14e,5.0,TRUE_IN_TOP5,1,dev_advMeterVerification,10,10,0,4,4,0,10,0,21.72694816270544,x731,false
RFQ731-000613,G731ST-HT,CFG731_8b18ac1c34209d63,CFG731_2c93609b74717303,4.0,TRUE_IN_TOP5,2,stromEingaenge|binaerOpenColl_MP,12,12,0,2,2,0,12,0,24.402947425065918,G731ST-HT,false
RFQ731-000614,x731,CFG731_c39096767a7ae083,CFG731_352cbd30ecacb8ee,2.0,TRUE_IN_TOP3,1,temperaturEingaenge,11,11,0,5,5,0,11,0,22.91187139537015,x731,false
RFQ731-000615,x731,CFG731_b4987f1c95e91d0d,CFG731_8d9f29ebcd8f04bd,2.0,TRUE_IN_TOP3,1,stromSchaltbar,10,10,0,5,5,0,10,0,20.8874456174459,x731,false
RFQ731-000616,x731,CFG731_91e51485b56960b2,CFG731_b187fb9ad3627171,2.0,TRUE_IN_TOP3,3,dev_advMeterVerification|dynamicGasMaster|customUserFluid,10,10,0,4,4,0,10,0,20.14107509773367,x731,false
RFQ731-000617,x731,CFG731_6526112621a9ee97,CFG731_6526112621a9ee97,1.0,CORRECT_TOP1,0,,13,13,0,2,2,0,13,0,21.08350280362588,x731,false
RFQ731-000618,G731ST-LT,CFG731_d432b6fd40e9e78c,CFG731_d432b6fd40e9e78c,1.0,CORRECT_TOP1,0,,12,12,0,2,2,0,12,0,24.472385344426765,G731ST-LT,false
RFQ731-000619,x731,CFG731_5be5a82ac0b29989,CFG731_5be5a82ac0b29989,1.0,CORRECT_TOP1,0,,7,7,0,6,6,0,7,0,22.247869374211067,x731,false
RFQ731-000620,x731,CFG731_91e51485b56960b2,CFG731_0bb38b2038fb1e69,2.0,TRUE_IN_TOP3,1,dynamicGasMaster,12,12,0,4,4,0,12,0,22.2968604342571,x731,false
RFQ731-000621,G731ST-LT,CFG731_0dd81a588b2a1411,CFG731_0dd81a588b2a1411,1.0,CORRECT_TOP1,0,,9,9,0,5,5,0,9,0,24.32563407725631,G731ST-LT,false
RFQ731-000622,F731TE,CFG731_fd6959ad3c5fd9ed,CFG731_fd6959ad3c5fd9ed,1.0,CORRECT_TOP1,0,,10,10,0,1,1,0,10,0,30.16525792838132,F731TE,false
RFQ731-000623,F731TE,CFG731_8b8ba7e2341f1295,CFG731_b7c1a02b25610507,2.0,TRUE_IN_TOP3,2,stromSchaltbar|binaerOpenColl_MP,10,10,0,1,1,0,10,0,28.619098489892448,F731TE,false
RFQ731-000624,x731,CFG731_d19bd87a4eba7364,CFG731_d19bd87a4eba7364,1.0,CORRECT_TOP1,0,,10,10,0,6,6,0,10,0,22.75992512229063,x731,false
RFQ731-000625,F731WD_DualChannel,CFG731_35ed22cad11f9a11,CFG731_35ed22cad11f9a11,1.0,CORRECT_TOP1,0,,10,10,0,3,3,0,10,0,36.45113688548819,F731WD_DualChannel,false
RFQ731-000626,x731,CFG731_45cf7219dd66904b,CFG731_45cf7219dd66904b,1.0,CORRECT_TOP1,0,,13,13,0,3,3,0,13,0,21.64246082909372,x731,false
RFQ731-000627,x731,CFG731_1f978c234895178c,CFG731_04e7216b1ba7f935,6.0,TRUE_IN_TOP10,2,stromSchaltbar|temperaturEingaenge,11,11,0,3,3,0,11,0,19.53791160601119,x731,false
RFQ731-000628,x731,CFG731_9fa436b39059149d,CFG731_27279ceeaa7fc1fe,2.0,TRUE_IN_TOP3,1,binaerOpenColl_MP,10,10,0,3,3,0,10,0,21.228485649604576,x731,false
RFQ731-000629,F731TE,CFG731_b27467571d893d92,CFG731_b27467571d893d92,1.0,CORRECT_TOP1,0,,10,10,0,1,1,0,10,0,30.20745299258429,F731TE,false
RFQ731-000630,x731,CFG731_59f86789e43d86f1,CFG731_59f86789e43d86f1,1.0,CORRECT_TOP1,0,,12,12,0,4,4,0,12,0,23.11716703108541,x731,false
RFQ731-000631,G731ST-HT,CFG731_ef8d68b6d278bfec,CFG731_cd71ec2726e971ef,4.0,TRUE_IN_TOP5,1,temperaturEingaenge,9,9,0,5,5,0,9,0,25.28506140626629,G731ST-HT,false
RFQ731-000632,x731,CFG731_83f956404d04e6cd,CFG731_b5a071e920590337,3.0,TRUE_IN_TOP3,2,stromSchaltbar|temperaturEingaenge,11,11,0,4,4,0,11,0,22.45757355360241,x731,false
RFQ731-000633,G731ST-HT,CFG731_6cc2f5d089c01baf,CFG731_6cc2f5d089c01baf,1.0,CORRECT_TOP1,0,,10,10,0,4,4,0,10,0,25.48986884927969,G731ST-HT,false
RFQ731-000634,G731ST-LT,CFG731_ad6f77e09c551945,CFG731_ad6f77e09c551945,1.0,CORRECT_TOP1,0,,8,8,0,6,6,0,8,0,24.33209126656709,G731ST-LT,false
RFQ731-000635,G731ST-LT,CFG731_dbd5a2176d0b595a,CFG731_dbd5a2176d0b595a,1.0,CORRECT_TOP1,0,,10,10,0,5,5,0,10,0,25.70613637048195,G731ST-LT,false
RFQ731-000636,G731ST-LT,CFG731_455da2f832a6b66d,CFG731_455da2f832a6b66d,1.0,CORRECT_TOP1,0,,12,12,0,3,3,0,12,0,25.36180364671432,G731ST-LT,false
RFQ731-000637,x731,CFG731_353333bad447dbef,CFG731_e268c539b23ee9e5,2.0,TRUE_IN_TOP3,1,binaerOpenColl_MP,10,10,0,4,4,0,10,0,20.080463253418355,x731,false
RFQ731-000638,x731,CFG731_169a8482d2028dff,CFG731_54946322ece48230,3.0,TRUE_IN_TOP3,2,stromSchaltbar|stromEingaenge,10,10,0,4,4,0,10,0,21.004764327233275,x731,false
RFQ731-000639,x731,CFG731_2be17a56b0589fd1,CFG731_c108b657efc147c3,2.0,TRUE_IN_TOP3,1,customUserFluid,13,13,0,2,2,0,13,0,22.703764049420887,x731,false
RFQ731-000640,G731ST-LT,CFG731_e03b41992c837b34,CFG731_4c72f78c1186e8f7,4.0,TRUE_IN_TOP5,1,stromEingaenge,12,12,0,2,2,0,12,0,23.90772320591388,G731ST-LT,false
RFQ731-000641,x731,CFG731_353333bad447dbef,CFG731_bd51fba2aacb1a3c,2.0,TRUE_IN_TOP3,2,stromSchaltbar|binaerOpenColl_MP,13,13,0,0,0,0,13,0,18.62638281261792,x731,false
RFQ731-000642,x731,CFG731_073f991a6c9a4683,CFG731_117f19eb2913314e,2.0,TRUE_IN_TOP3,1,stromEingaenge,9,9,0,7,7,0,9,0,23.074971966882437,x731,false
RFQ731-000643,x731,CFG731_1f978c234895178c,CFG731_007c0829be0a9482,2.0,TRUE_IN_TOP3,1,dev_advMeterVerification,10,10,0,5,5,0,10,0,21.259534756377747,x731,false
RFQ731-000644,G731ST-LT,CFG731_e03b41992c837b34,CFG731_e03b41992c837b34,1.0,CORRECT_TOP1,0,,11,11,0,4,4,0,11,0,25.32606577182213,G731ST-LT,false
RFQ731-000645,x731,CFG731_04a53b6cc81d57d6,CFG731_04a53b6cc81d57d6,1.0,CORRECT_TOP1,0,,11,11,0,4,4,0,11,0,21.644641083035587,x731,false
RFQ731-000646,x731,CFG731_5be5a82ac0b29989,CFG731_5be5a82ac0b29989,1.0,CORRECT_TOP1,0,,9,9,0,4,4,0,9,0,22.247869374211067,x731,false
RFQ731-000647,x731,CFG731_5dd42015f6f61801,CFG731_a6849487313f00ac,2.0,TRUE_IN_TOP3,1,dynamicGasMaster,8,8,0,8,8,0,8,0,22.254665370054123,x731,false
RFQ731-000648,x731,CFG731_6513d2f5c85df9e4,CFG731_6513d2f5c85df9e4,1.0,CORRECT_TOP1,0,,10,10,0,4,4,0,10,0,21.64666418830323,x731,false
RFQ731-000649,x731,CFG731_140a9819128d92da,CFG731_f8cc7d4d2ef53582,8.0,TRUE_IN_TOP10,2,temperaturEingaenge|customUserFluid,8,8,0,4,4,0,8,0,17.412180945769027,x731,false
RFQ731-000650,F731WD_DualChannel,CFG731_35ed22cad11f9a11,CFG731_35ed22cad11f9a11,1.0,CORRECT_TOP1,0,,11,11,0,2,2,0,11,0,36.45113688548819,F731WD_DualChannel,false
RFQ731-000651,x731,CFG731_337790e6bbcf15f4,CFG731_48cf6bd4ca59e583,4.0,TRUE_IN_TOP5,1,binaerOpenColl_MP,10,10,0,4,4,0,10,0,19.441923359176243,x731,false
RFQ731-000652,G731ST-HT,CFG731_4aa7d46b9cfa7d7b,CFG731_ff04d32ca467d2a5,3.0,TRUE_IN_TOP3,2,stromEingaenge|binaerDigitalOpenColl_MN,11,11,0,3,3,0,11,0,24.974426943297008,G731ST-HT,false
RFQ731-000653,F731WD_SingleChannel,CFG731_e98d2be876599c40,CFG731_e98d2be876599c40,1.0,CORRECT_TOP1,0,,10,10,0,3,3,0,10,0,34.75499937453291,F731WD_SingleChannel,false
RFQ731-000654,x731,CFG731_6b809c836e3ca8a1,CFG731_5de6ca53a86b09c9,2.0,TRUE_IN_TOP3,1,binaerOpenColl_MP,12,12,0,2,2,0,12,0,20.91266810149736,x731,false
RFQ731-000655,x731,CFG731_f97e51d1da57d99f,CFG731_f97e51d1da57d99f,1.0,CORRECT_TOP1,0,,8,8,0,8,8,0,8,0,24.20306032583622,x731,false
RFQ731-000656,G731ST-HT,CFG731_b30ceef5c5f902ca,CFG731_b30ceef5c5f902ca,1.0,CORRECT_TOP1,0,,8,8,0,5,5,0,8,0,23.86671884035804,G731ST-HT,false
RFQ731-000657,x731,CFG731_8d78781f8753b72a,CFG731_8d78781f8753b72a,1.0,CORRECT_TOP1,0,,10,10,0,4,4,0,10,0,23.16094095540965,x731,false
RFQ731-000658,x731,CFG731_353333bad447dbef,CFG731_5a14e01af9745dda,2.0,TRUE_IN_TOP3,1,customUserFluid,12,12,0,2,2,0,12,0,21.28542148351264,x731,false
RFQ731-000659,x731,CFG731_c87cb45e3d711af0,CFG731_ae1c24f394311970,7.0,TRUE_IN_TOP10,1,binaerDigitalOpenColl_MN,10,10,0,3,3,0,10,0,19.292425604172166,x731,false
RFQ731-000660,x731,CFG731_ae1f3e9a90950fc3,CFG731_ae1f3e9a90950fc3,1.0,CORRECT_TOP1,0,,13,13,0,1,1,0,13,0,20.430479175796904,x731,false
RFQ731-000661,G731ST-HT,CFG731_e2d64e127f97296d,CFG731_e2d64e127f97296d,1.0,CORRECT_TOP1,0,,11,11,0,4,4,0,11,0,26.49998453845225,G731ST-HT,false
RFQ731-000662,x731,CFG731_6b2b46dd281009ce,CFG731_6b2b46dd281009ce,1.0,CORRECT_TOP1,0,,11,11,0,2,2,0,11,0,21.779053283364444,x731,false
RFQ731-000663,F731TE,CFG731_8b8ba7e2341f1295,CFG731_b7c1a02b25610507,2.0,TRUE_IN_TOP3,2,stromSchaltbar|binaerOpenColl_MP,8,8,0,3,3,0,8,0,28.619098489892448,F731TE,false
RFQ731-000664,G731ST-HT,CFG731_c32627af59ba1526,CFG731_db27f1c998b6e675,5.0,TRUE_IN_TOP5,1,binaerOpenColl_MP,9,9,0,5,5,0,9,0,24.552925497532325,G731ST-HT,false
RFQ731-000665,x731,CFG731_241261e6f2e0673c,CFG731_241261e6f2e0673c,1.0,CORRECT_TOP1,0,,12,12,0,2,2,0,12,0,19.003511932388594,x731,false
RFQ731-000666,x731,CFG731_241d60e6ef5278be,CFG731_7b80fca32fdc0db0,2.0,TRUE_IN_TOP3,1,stromSchaltbar,11,11,0,4,4,0,11,0,21.4967654083596,x731,false
RFQ731-000667,x731,CFG731_169a8482d2028dff,CFG731_74d881f8ffd9c565,2.0,TRUE_IN_TOP3,1,stromEingaenge,13,13,0,2,2,0,13,0,22.458844768033718,x731,false
RFQ731-000668,G731CA,CFG731_5bfe9492c76587ec,CFG731_5bfe9492c76587ec,1.0,CORRECT_TOP1,0,,10,10,0,4,4,0,10,0,35.89643793735161,G731CA,false
RFQ731-000669,x731,CFG731_6f8c15548921e4c2,CFG731_10829a99d0812ab9,2.0,TRUE_IN_TOP3,1,stromSchaltbar,13,13,0,0,0,0,13,0,21.31971156491715,x731,false
RFQ731-000670,F731PW,CFG731_5995fa9fd5d1242f,CFG731_5995fa9fd5d1242f,1.0,CORRECT_TOP1,0,,10,10,0,2,2,0,10,0,34.211841562547065,F731PW,false
RFQ731-000671,x731,CFG731_c6a3ff6155563d17,CFG731_07364aa0260e0bc7,2.0,TRUE_IN_TOP3,1,temperaturEingaenge,9,9,0,5,5,0,9,0,20.962577234618728,x731,false
RFQ731-000672,G731CA,CFG731_0bb185f546403346,CFG731_0bb185f546403346,1.0,CORRECT_TOP1,0,,10,10,0,2,2,0,10,0,27.034163753505783,G731CA,false
RFQ731-000673,x731,CFG731_040069031f4f021c,CFG731_040069031f4f021c,1.0,CORRECT_TOP1,0,,12,12,0,2,2,0,12,0,21.008656348332305,x731,false
RFQ731-000674,x731,CFG731_da02526d254e2e35,CFG731_b661f405414c476e,2.0,TRUE_IN_TOP3,1,temperaturEingaenge,11,11,0,4,4,0,11,0,21.27658099852679,x731,false
RFQ731-000675,x731,CFG731_89772de94df83ba5,CFG731_6ad3ec8ed100118e,2.0,TRUE_IN_TOP3,2,stromSchaltbar|temperaturEingaenge,9,9,0,5,5,0,9,0,20.25368599809777,x731,false
RFQ731-000676,x731,CFG731_5dd42015f6f61801,CFG731_f2f16ec6756d8443,2.0,TRUE_IN_TOP3,1,dev_advMeterVerification,13,13,0,3,3,0,13,0,22.846946890407207,x731,false
RFQ731-000677,F731WD_DualChannel,CFG731_a4610f5f38e7d946,CFG731_a4610f5f38e7d946,1.0,CORRECT_TOP1,0,,8,8,0,5,5,0,8,0,36.30115881302178,F731WD_DualChannel,false
RFQ731-000678,G731CA,CFG731_98ec9650b5463fd0,CFG731_98ec9650b5463fd0,1.0,CORRECT_TOP1,0,,9,9,0,3,3,0,9,0,28.170110935086907,G731CA,false
RFQ731-000679,x731,CFG731_e049618b920d59b6,CFG731_8b6eb20d56ad0a7c,3.0,TRUE_IN_TOP3,2,temperaturEingaenge|dev_advMeterVerification,10,10,0,4,4,0,10,0,21.289863716237317,x731,false
RFQ731-000680,x731,CFG731_440f9c9b032b7d0a,CFG731_aa8c30a4f1baca2e,4.0,TRUE_IN_TOP5,2,stromSchaltbar|stromEingaenge,10,10,0,3,3,0,10,0,18.113885841492014,x731,false
RFQ731-000681,x731,CFG731_ac3a4ff61341aa72,CFG731_ac3a4ff61341aa72,1.0,CORRECT_TOP1,0,,11,11,0,3,3,0,11,0,23.135034710508183,x731,false
RFQ731-000682,G731ST-HT,CFG731_1a1206cc52132df1,CFG731_1a1206cc52132df1,1.0,CORRECT_TOP1,0,,14,14,0,1,1,0,14,0,26.43060978188787,G731ST-HT,false
RFQ731-000683,x731,CFG731_565e3731063ff5c5,CFG731_565e3731063ff5c5,1.0,CORRECT_TOP1,0,,8,8,0,6,6,0,8,0,24.56538353772665,x731,false
RFQ731-000684,x731,CFG731_516629085c122a4e,CFG731_27481a3518f630c6,2.0,TRUE_IN_TOP3,1,dev_advMeterVerification,12,12,0,3,3,0,12,0,21.71319327621412,x731,false
RFQ731-000685,F731WD_DualChannel,CFG731_819cb4e76943eca6,CFG731_819cb4e76943eca6,1.0,CORRECT_TOP1,0,,9,9,0,4,4,0,9,0,32.30861569119556,F731WD_DualChannel,false
RFQ731-000686,x731,CFG731_ac0f372c930c2e22,CFG731_ac0f372c930c2e22,1.0,CORRECT_TOP1,0,,8,8,0,6,6,0,8,0,24.19507605051498,x731,false
RFQ731-000687,G731ST-LT,CFG731_87d8ba5b87cf0a3f,CFG731_77fac91021549398,3.0,TRUE_IN_TOP3,2,temperaturEingaenge|binaerDigitalOpenColl_MN,10,10,0,3,3,0,10,0,22.1571212140856,G731ST-LT,false
RFQ731-000688,x731,CFG731_2683cf7e09782f5e,CFG731_2683cf7e09782f5e,1.0,CORRECT_TOP1,0,,10,10,0,6,6,0,10,0,22.62841662476227,x731,false
RFQ731-000689,x731,CFG731_8189439864af87ea,CFG731_76d13dd0246c6ccc,2.0,TRUE_IN_TOP3,1,binaerDigitalOpenColl_MN,9,9,0,4,4,0,9,0,21.222180530276898,x731,false
RFQ731-000690,x731,CFG731_6e096e946540ab4e,CFG731_f693af423cd0a85a,2.0,TRUE_IN_TOP3,1,dynamicGasMaster,13,13,0,3,3,0,13,0,22.23557387439932,x731,false
RFQ731-000691,x731,CFG731_3727d181b2806370,CFG731_3727d181b2806370,1.0,CORRECT_TOP1,0,,7,7,0,7,7,0,7,0,21.7869582661629,x731,false
RFQ731-000692,G731ST-HT,CFG731_cc9ac35e4d9a1854,CFG731_348f97ec6945fbf8,2.0,TRUE_IN_TOP3,1,temperaturEingaenge,7,7,0,8,8,0,7,0,26.95040647939092,G731ST-HT,false
RFQ731-000693,G731ST-HT,CFG731_cc9ac35e4d9a1854,CFG731_143205a81a2e7efc,2.0,TRUE_IN_TOP3,1,stromSchaltbar,9,9,0,6,6,0,9,0,26.85154324863611,G731ST-HT,false
RFQ731-000694,x731,CFG731_97796c9ac2811c94,CFG731_ca05869cc5edc073,2.0,TRUE_IN_TOP3,1,dev_advMeterVerification,12,12,0,3,3,0,12,0,22.15344349900661,x731,false
RFQ731-000695,G731ST-LT,CFG731_3c070a82e4102784,CFG731_3c070a82e4102784,1.0,CORRECT_TOP1,0,,13,13,0,2,2,0,13,0,25.935385562735835,G731ST-LT,false
RFQ731-000696,G731ST-HT,CFG731_b3ed2928d6d65710,CFG731_b3ed2928d6d65710,1.0,CORRECT_TOP1,0,,12,12,0,2,2,0,12,0,25.4350394787327,G731ST-HT,false
RFQ731-000697,x731,CFG731_b4987f1c95e91d0d,CFG731_b4987f1c95e91d0d,1.0,CORRECT_TOP1,0,,10,10,0,6,6,0,10,0,22.341526058246338,x731,false
RFQ731-000698,F731WD_SingleChannel,CFG731_11c93eca01984a14,CFG731_0be7d6198235486b,2.0,TRUE_IN_TOP3,2,stromSchaltbar|binaerOpenColl_MP,9,9,0,2,2,0,9,0,25.359137294119503,F731WD_SingleChannel,false
RFQ731-000699,F731WD_SingleChannel,CFG731_a7d2a5a9ae465701,CFG731_ee8e327bbb737abf,2.0,TRUE_IN_TOP3,2,stromSchaltbar|binaerOpenColl_MP,11,11,0,0,0,0,11,0,25.90038174659436,F731WD_SingleChannel,false
RFQ731-000700,x731,CFG731_5dd42015f6f61801,CFG731_a6849487313f00ac,2.0,TRUE_IN_TOP3,1,dynamicGasMaster,14,14,0,2,2,0,14,0,22.254665370054123,x731,false
RFQ731-000701,x731,CFG731_7c358bf1aa4ea94e,CFG731_7a6e9e503add9a86,2.0,TRUE_IN_TOP3,1,dev_advMeterVerification,10,10,0,4,4,0,10,0,20.895738916412803,x731,false
RFQ731-000702,x731,CFG731_e8e7b7513a5c9544,CFG731_a7422430db553ad5,2.0,TRUE_IN_TOP3,3,stromSchaltbar|stromEingaenge|temperaturEingaenge,9,9,0,4,4,0,9,0,18.953786351300987,x731,false
RFQ731-000703,x731,CFG731_f430d8ebe4134533,CFG731_c42374cc9dea3494,3.0,TRUE_IN_TOP3,2,dev_advMeterVerification|customUserFluid,7,7,0,7,7,0,7,0,20.779614991975777,x731,false
RFQ731-000704,x731,CFG731_ae226e31119be9bd,CFG731_ae226e31119be9bd,1.0,CORRECT_TOP1,0,,10,10,0,4,4,0,10,0,23.233133724164887,x731,false
RFQ731-000705,G731ST-LT,CFG731_e03b41992c837b34,CFG731_e03b41992c837b34,1.0,CORRECT_TOP1,0,,12,12,0,3,3,0,12,0,25.32606577182213,G731ST-LT,false
RFQ731-000706,x731,CFG731_0fbee36816b7af98,CFG731_30ccf87da13edf1e,2.0,TRUE_IN_TOP3,1,dev_advMeterVerification,11,11,0,5,5,0,11,0,23.6776599213187,x731,false
RFQ731-000707,x731,CFG731_75466cb810218a66,CFG731_faa6b560b4d99a0a,2.0,TRUE_IN_TOP3,1,dev_advMeterVerification,11,11,0,2,2,0,11,0,20.37643951678948,x731,false
RFQ731-000708,x731,CFG731_c6a3ff6155563d17,CFG731_07364aa0260e0bc7,2.0,TRUE_IN_TOP3,1,temperaturEingaenge,12,12,0,2,2,0,12,0,20.962577234618728,x731,false
RFQ731-000709,x731,CFG731_219ac3d01befd6d1,CFG731_9d1ffcce07240574,4.0,TRUE_IN_TOP5,2,stromSchaltbar|temperaturEingaenge,11,11,0,3,3,0,11,0,20.28184227617364,x731,false
RFQ731-000710,G731ST-LT,CFG731_77dd17c48f15826c,CFG731_d982a98f914f0a87,2.0,TRUE_IN_TOP3,1,binaerDigitalOpenColl_MN,11,11,0,3,3,0,11,0,23.810192171273624,G731ST-LT,false
RFQ731-000711,x731,CFG731_31aa13473958d7d3,CFG731_4d39aa53959ccce3,3.0,TRUE_IN_TOP3,2,stromSchaltbar|customUserFluid,9,9,0,6,6,0,9,0,21.67454598629257,x731,false
RFQ731-000712,G731ST-LT,CFG731_455da2f832a6b66d,CFG731_455da2f832a6b66d,1.0,CORRECT_TOP1,0,,12,12,0,3,3,0,12,0,25.36180364671432,G731ST-LT,false
RFQ731-000713,x731,CFG731_4eb28f7e77f7ba51,CFG731_4eb28f7e77f7ba51,1.0,CORRECT_TOP1,0,,10,10,0,5,5,0,10,0,22.8654103410282,x731,false
RFQ731-000714,x731,CFG731_e8f6cbe0006a0957,CFG731_20fe81ae7d0a406e,2.0,TRUE_IN_TOP3,1,customUserFluid,13,13,0,1,1,0,13,0,22.000061694491933,x731,false
RFQ731-000715,G731ST-LT,CFG731_0fdf5c36c9c41e69,CFG731_671960d0fb04b698,2.0,TRUE_IN_TOP3,2,stromSchaltbar|temperaturEingaenge,10,10,0,4,4,0,10,0,23.830554483916828,G731ST-LT,false
RFQ731-000716,x731,CFG731_37c55138c4eebb90,CFG731_a59bfb67e03ca4c8,3.0,TRUE_IN_TOP3,1,dynamicGasMaster,8,8,0,7,7,0,8,0,21.04991442517676,x731,false
RFQ731-000717,G731ST-LT,CFG731_49cd4cbef1081333,CFG731_e67173c88f9460f6,5.0,TRUE_IN_TOP5,2,temperaturEingaenge|binaerDigitalOpenColl_MN,9,9,0,4,4,0,9,0,21.697779495638304,G731ST-LT,false
RFQ731-000718,F731TE,CFG731_874928f24c55285e,CFG731_874928f24c55285e,1.0,CORRECT_TOP1,0,,10,10,0,3,3,0,10,0,39.169853628786285,F731TE,false
RFQ731-000719,x731,CFG731_91e51485b56960b2,CFG731_deb3d65220135a9e,3.0,TRUE_IN_TOP3,2,stromEingaenge|temperaturEingaenge,13,13,0,2,2,0,13,0,21.203256679135816,x731,false
RFQ731-000720,x731,CFG731_70a71b60723e910d,CFG731_e5e722b510c96bb7,2.0,TRUE_IN_TOP3,1,customUserFluid,10,10,0,4,4,0,10,0,20.47601287204899,x731,false
RFQ731-000721,G731ST-HT,CFG731_eb70dc35972dc4b7,CFG731_4d6c56202edf3f41,3.0,TRUE_IN_TOP3,1,stromSchaltbar,10,10,0,4,4,0,10,0,25.433200682727858,G731ST-HT,false
RFQ731-000722,F731WD_DualChannel,CFG731_c37386a371e13fa8,CFG731_d135404efcd6265d,4.0,TRUE_IN_TOP5,2,stromSchaltbar|binaerOpenColl_MP,8,8,0,2,2,0,8,0,21.885677424882346,F731WD_DualChannel,false
RFQ731-000723,x731,CFG731_337790e6bbcf15f4,CFG731_48cf6bd4ca59e583,4.0,TRUE_IN_TOP5,1,binaerOpenColl_MP,10,10,0,4,4,0,10,0,19.441923359176243,x731,false
RFQ731-000724,F731TE,CFG731_d8c69b7395beabbb,CFG731_d8c69b7395beabbb,1.0,CORRECT_TOP1,0,,11,11,0,2,2,0,11,0,38.80183643608151,F731TE,false
RFQ731-000725,x731,CFG731_59f86789e43d86f1,CFG731_3c85eeb43bc9e42a,2.0,TRUE_IN_TOP3,1,temperaturEingaenge,11,11,0,4,4,0,11,0,21.761949821039774,x731,false
RFQ731-000726,x731,CFG731_9676c8784fca6c61,CFG731_9676c8784fca6c61,1.0,CORRECT_TOP1,0,,9,9,0,5,5,0,9,0,20.36782895977759,x731,false
RFQ731-000727,x731,CFG731_620cb319c2b7c332,CFG731_ba522ec0a7a74924,8.0,TRUE_IN_TOP10,1,temperaturEingaenge,10,10,0,4,4,0,10,0,19.31203602597903,x731,false
RFQ731-000728,F731WD_DualChannel,CFG731_a4610f5f38e7d946,CFG731_a4610f5f38e7d946,1.0,CORRECT_TOP1,0,,10,10,0,3,3,0,10,0,36.30115881302178,F731WD_DualChannel,false
RFQ731-000729,x731,CFG731_91e51485b56960b2,CFG731_c8d4383220ad607a,2.0,TRUE_IN_TOP3,2,stromEingaenge|dev_advMeterVerification,10,10,0,5,5,0,10,0,21.47079938870193,x731,false
RFQ731-000730,x731,CFG731_3b2a32abbf148ca1,CFG731_d4be02ad7e56a796,5.0,TRUE_IN_TOP5,3,stromSchaltbar|temperaturEingaenge|dynamicGasMaster,12,12,0,2,2,0,12,0,19.735639869534133,x731,false
RFQ731-000731,G731ST-LT,CFG731_3c070a82e4102784,CFG731_3c070a82e4102784,1.0,CORRECT_TOP1,0,,12,12,0,3,3,0,12,0,25.935385562735835,G731ST-LT,false
RFQ731-000732,x731,CFG731_91e51485b56960b2,CFG731_16f81be390fdae7e,3.0,TRUE_IN_TOP3,1,binaerDigitalOpenColl_MN,15,15,0,1,1,0,15,0,21.994019539277584,x731,false
RFQ731-000733,x731,CFG731_91e51485b56960b2,CFG731_ab67f4ca670c9841,2.0,TRUE_IN_TOP3,2,stromEingaenge|customUserFluid,8,8,0,7,7,0,8,0,21.49036305313753,x731,false
RFQ731-000734,x731,CFG731_516629085c122a4e,CFG731_5718ef9495972b30,2.0,TRUE_IN_TOP3,1,stromSchaltbar,11,11,0,4,4,0,11,0,21.346787335893197,x731,false
RFQ731-000735,G731ST-LT,CFG731_d5af433b36265df1,CFG731_9c6b16fef6d02aaf,3.0,TRUE_IN_TOP3,1,binaerDigitalOpenColl_MN,13,13,0,1,1,0,13,0,23.660214098807216,G731ST-LT,false
RFQ731-000736,x731,CFG731_8defc1a0775e52a5,CFG731_8defc1a0775e52a5,1.0,CORRECT_TOP1,0,,11,11,0,3,3,0,11,0,20.55947416177796,x731,false
RFQ731-000737,x731,CFG731_7822370b42865359,CFG731_8956c16bd3b9a345,2.0,TRUE_IN_TOP3,1,stromEingaenge,9,9,0,5,5,0,9,0,20.759157800896435,x731,false
RFQ731-000738,x731,CFG731_491a198d9cd06e17,CFG731_ceb13e5602925e38,9.0,TRUE_IN_TOP10,1,customUserFluid,7,7,0,6,6,0,7,0,19.348263991935305,x731,false
RFQ731-000739,x731,CFG731_c0de9fcc26bbc71b,CFG731_c0de9fcc26bbc71b,1.0,CORRECT_TOP1,0,,12,12,0,2,2,0,12,0,20.34820952945377,x731,false
RFQ731-000740,x731,CFG731_33fed5318b1a4f2f,CFG731_33fed5318b1a4f2f,1.0,CORRECT_TOP1,0,,8,8,0,7,7,0,8,0,22.855069102206816,x731,false
RFQ731-000741,x731,CFG731_5e61ce3b60d15e11,CFG731_04a704e692f8fd05,3.0,TRUE_IN_TOP3,2,stromSchaltbar|temperaturEingaenge,12,12,0,3,3,0,12,0,22.096330848811817,x731,false
RFQ731-000742,F731WD_DualChannel,CFG731_a4610f5f38e7d946,CFG731_e8331b2a91577f04,2.0,TRUE_IN_TOP3,1,stromEingaenge,10,10,0,2,2,0,10,0,34.88281624711353,F731WD_DualChannel,false
RFQ731-000743,F731TE,CFG731_3d8c1bbc0ef4249a,CFG731_3d8c1bbc0ef4249a,1.0,CORRECT_TOP1,0,,8,8,0,5,5,0,8,0,37.16435247185012,F731TE,false
RFQ731-000744,x731,CFG731_9fcbeaf9d5010d3a,CFG731_9fcbeaf9d5010d3a,1.0,CORRECT_TOP1,0,,11,11,0,4,4,0,11,0,21.67925455042225,x731,false
RFQ731-000745,G731ST-HT,CFG731_a4416ae9d698efa6,CFG731_a4416ae9d698efa6,1.0,CORRECT_TOP1,0,,11,11,0,3,3,0,11,0,25.72347283305394,G731ST-HT,false
RFQ731-000746,G731ST-LT,CFG731_1d89d7fdc7355744,CFG731_2eae9204301f61ab,3.0,TRUE_IN_TOP3,1,stromSchaltbar,10,10,0,4,4,0,10,0,24.559238061030555,G731ST-LT,false
RFQ731-000747,G731ST-HT,CFG731_fcc72e9951376cf3,CFG731_dabfe16503f243e3,2.0,TRUE_IN_TOP3,1,stromSchaltbar,13,13,0,2,2,0,13,0,27.2917934714286,G731ST-HT,false
RFQ731-000748,x731,CFG731_b1693ef6b18686ac,CFG731_a4b44df449e9d78d,2.0,TRUE_IN_TOP3,1,dynamicGasMaster,12,12,0,3,3,0,12,0,20.645402077276454,x731,false
RFQ731-000749,x731,CFG731_241d60e6ef5278be,CFG731_2a6e9b57f90048ca,3.0,TRUE_IN_TOP3,2,stromSchaltbar|dev_advMeterVerification,11,11,0,3,3,0,11,0,20.409090907880085,x731,false
RFQ731-000750,G731ST-LT,CFG731_1d59f25068204b01,CFG731_1d59f25068204b01,1.0,CORRECT_TOP1,0,,14,14,0,1,1,0,14,0,25.228534737181874,G731ST-LT,false
RFQ731-000751,x731,CFG731_fde1ab2a4808b544,CFG731_eea573acdafa9ee3,3.0,TRUE_IN_TOP3,2,stromSchaltbar|customUserFluid,10,10,0,4,4,0,10,0,20.43433777092661,x731,false
RFQ731-000752,x731,CFG731_83f956404d04e6cd,CFG731_f9254a8bb3738033,3.0,TRUE_IN_TOP3,3,dev_advMeterVerification|dynamicGasMaster|customUserFluid,9,9,0,5,5,0,9,0,21.431129847092453,x731,false
RFQ731-000753,x731,CFG731_6f8c15548921e4c2,CFG731_75b93da9dd9b0316,3.0,TRUE_IN_TOP3,1,binaerOpenColl_MP,10,10,0,3,3,0,10,0,20.5007229395794,x731,false
RFQ731-000754,G731ST-HT,CFG731_a56f1437a0b4ca31,CFG731_86a2340212c01d2a,2.0,TRUE_IN_TOP3,2,stromSchaltbar|temperaturEingaenge,11,11,0,3,3,0,11,0,25.604109046853917,G731ST-HT,false
RFQ731-000755,x731,CFG731_c6a3ff6155563d17,CFG731_c6a3ff6155563d17,1.0,CORRECT_TOP1,0,,13,13,0,2,2,0,13,0,22.31779444466436,x731,false
RFQ731-000756,G731ST-HT,CFG731_4aa7d46b9cfa7d7b,CFG731_ad49f2ad57627f46,2.0,TRUE_IN_TOP3,3,stromSchaltbar|stromEingaenge|temperaturEingaenge,11,11,0,2,2,0,11,0,24.14792620826305,G731ST-HT,false
RFQ731-000757,x731,CFG731_3611bb1fba248e38,CFG731_3611bb1fba248e38,1.0,CORRECT_TOP1,0,,14,14,0,1,1,0,14,0,21.327695840238388,x731,false
RFQ731-000758,x731,CFG731_6526112621a9ee97,CFG731_6526112621a9ee97,1.0,CORRECT_TOP1,0,,12,12,0,3,3,0,12,0,21.08350280362588,x731,false
RFQ731-000759,x731,CFG731_496bd7a964d6cd85,CFG731_aef3ebf3cdf884c1,5.0,TRUE_IN_TOP5,1,binaerOpenColl_MP,12,12,0,3,3,0,12,0,21.328457065185663,x731,false
RFQ731-000760,x731,CFG731_440f9c9b032b7d0a,CFG731_aa8c30a4f1baca2e,4.0,TRUE_IN_TOP5,2,stromSchaltbar|stromEingaenge,9,9,0,4,4,0,9,0,18.113885841492014,x731,false
RFQ731-000761,x731,CFG731_243419c6708378b3,CFG731_243419c6708378b3,1.0,CORRECT_TOP1,0,,11,11,0,4,4,0,11,0,21.21421686761144,x731,false
RFQ731-000762,x731,CFG731_8d07e19298d09d34,CFG731_ddfa4ab00c1bcdd0,2.0,TRUE_IN_TOP3,1,stromEingaenge,9,9,0,6,6,0,9,0,22.50351039202296,x731,false
RFQ731-000763,x731,CFG731_5c624ef6fa2b6510,CFG731_5c624ef6fa2b6510,1.0,CORRECT_TOP1,0,,11,11,0,4,4,0,11,0,21.062198384178032,x731,false
RFQ731-000764,G731CA,CFG731_95a64c12c70f922a,CFG731_95a64c12c70f922a,1.0,CORRECT_TOP1,0,,8,8,0,6,6,0,8,0,32.28750463962656,G731CA,false
RFQ731-000765,x731,CFG731_57a2b410fc32b41a,CFG731_19ca9bcd323192d2,5.0,TRUE_IN_TOP5,2,stromEingaenge|dev_advMeterVerification,9,9,0,4,4,0,9,0,18.98182856446321,x731,false
RFQ731-000766,F731WD_SingleChannel,CFG731_a7d2a5a9ae465701,CFG731_a7d2a5a9ae465701,1.0,CORRECT_TOP1,0,,10,10,0,3,3,0,10,0,34.90497744699932,F731WD_SingleChannel,false
RFQ731-000767,x731,CFG731_75466cb810218a66,CFG731_75466cb810218a66,1.0,CORRECT_TOP1,0,,9,9,0,5,5,0,9,0,21.464114017269,x731,false
RFQ731-000768,G731CA,CFG731_19ec976991ce75a9,CFG731_19ec976991ce75a9,1.0,CORRECT_TOP1,0,,12,12,0,2,2,0,12,0,33.8413206340227,G731CA,false
RFQ731-000769,x731,CFG731_140a9819128d92da,CFG731_140a9819128d92da,1.0,CORRECT_TOP1,0,,11,11,0,3,3,0,11,0,19.83550899185857,x731,false
RFQ731-000770,G731ST-LT,CFG731_4772bedc40328ae2,CFG731_bdfa7cd2dbcb13f7,4.0,TRUE_IN_TOP5,1,stromEingaenge,10,10,0,4,4,0,10,0,24.40925998856415,G731ST-LT,false
RFQ731-000771,x731,CFG731_c9498cf6f4410d44,CFG731_c9498cf6f4410d44,1.0,CORRECT_TOP1,0,,12,12,0,2,2,0,12,0,23.0549993736226,x731,false
RFQ731-000772,x731,CFG731_565e3731063ff5c5,CFG731_565e3731063ff5c5,1.0,CORRECT_TOP1,0,,11,11,0,3,3,0,11,0,24.56538353772665,x731,false
RFQ731-000773,x731,CFG731_8a1a8cb1f6a30d3a,CFG731_8a1a8cb1f6a30d3a,1.0,CORRECT_TOP1,0,,11,11,0,4,4,0,11,0,21.957307985383448,x731,false
RFQ731-000774,x731,CFG731_d3db38843cf9fb81,CFG731_d3db38843cf9fb81,1.0,CORRECT_TOP1,0,,10,10,0,5,5,0,10,0,22.413276091609017,x731,false
RFQ731-000775,x731,CFG731_353333bad447dbef,CFG731_0ef26d136a7182e8,2.0,TRUE_IN_TOP3,2,stromSchaltbar|temperaturEingaenge,11,11,0,2,2,0,11,0,19.54423466871048,x731,false
RFQ731-000776,x731,CFG731_fd3397424975992e,CFG731_fd3397424975992e,1.0,CORRECT_TOP1,0,,10,10,0,5,5,0,10,0,21.48187663424205,x731,false
RFQ731-000777,G731CA,CFG731_691a8f2ff165671d,CFG731_691a8f2ff165671d,1.0,CORRECT_TOP1,0,,9,9,0,3,3,0,9,0,26.623951496598032,G731CA,false
RFQ731-000778,x731,CFG731_cf543b1c3927ab71,CFG731_4b5262a517204cb5,2.0,TRUE_IN_TOP3,1,stromSchaltbar,14,14,0,1,1,0,14,0,22.59900181256937,x731,false
RFQ731-000779,x731,CFG731_3b2a32abbf148ca1,CFG731_ade755d80d357018,5.0,TRUE_IN_TOP5,3,stromSchaltbar|stromEingaenge|dynamicGasMaster,12,12,0,2,2,0,12,0,19.67251451367152,x731,false
RFQ731-000780,F731TE,CFG731_3fe2202b70f330b1,CFG731_3fe2202b70f330b1,1.0,CORRECT_TOP1,0,,8,8,0,5,5,0,8,0,39.212048692989256,F731TE,false
RFQ731-000781,x731,CFG731_9228cc48e333917c,CFG731_b44b2e6818291871,5.0,TRUE_IN_TOP5,1,customUserFluid,14,14,0,0,0,0,14,0,20.88792593490823,x731,false
RFQ731-000782,x731,CFG731_8c8856d21252930e,CFG731_6472ab3bf7316498,3.0,TRUE_IN_TOP3,1,binaerOpenColl_MP,10,10,0,3,3,0,10,0,21.002259722229663,x731,false
RFQ731-000783,x731,CFG731_daff07a8bdec497b,CFG731_daff07a8bdec497b,1.0,CORRECT_TOP1,0,,11,11,0,3,3,0,11,0,20.592458331954496,x731,false
RFQ731-000784,x731,CFG731_36d7686aca1200ae,CFG731_bce0bc4b7b3a4799,,TRUE_UNRANKED,2,stromEingaenge|binaerDigitalOpenColl_MN,10,10,0,4,4,0,10,0,19.85899965756581,x731,false
RFQ731-000785,x731,CFG731_6e27958dc8215006,CFG731_6e27958dc8215006,1.0,CORRECT_TOP1,0,,12,12,0,4,4,0,12,0,23.05019727261671,x731,false
RFQ731-000786,F731TE,CFG731_090330aa38b8e80b,CFG731_090330aa38b8e80b,1.0,CORRECT_TOP1,0,,11,11,0,2,2,0,11,0,41.75183379650011,F731TE,false
RFQ731-000787,G731ST-LT,CFG731_515a31451814aae9,CFG731_214106ade9f79641,,TRUE_UNRANKED,1,binaerOpenColl_MP,9,9,0,3,3,0,9,0,20.73877864817735,G731ST-LT,false
RFQ731-000788,x731,CFG731_6e096e946540ab4e,CFG731_ac8195f5cce7d089,2.0,TRUE_IN_TOP3,1,stromEingaenge,10,10,0,6,6,0,10,0,22.497187329323665,x731,false
RFQ731-000789,x731,CFG731_31d0a0df66872bf7,CFG731_31d0a0df66872bf7,1.0,CORRECT_TOP1,0,,12,12,0,4,4,0,12,0,23.95308484150772,x731,false
RFQ731-000790,x731,CFG731_5052a216a260faff,CFG731_5052a216a260faff,1.0,CORRECT_TOP1,0,,9,9,0,7,7,0,9,0,24.05194807226253,x731,false
RFQ731-000791,F731TE,CFG731_07fb816f7dc25bc8,CFG731_07fb816f7dc25bc8,1.0,CORRECT_TOP1,0,,8,8,0,5,5,0,8,0,33.41309765756593,F731TE,false
RFQ731-000792,x731,CFG731_1b365e0951e7dea4,CFG731_1b365e0951e7dea4,1.0,CORRECT_TOP1,0,,13,13,0,2,2,0,13,0,22.563254164075428,x731,false
RFQ731-000793,G731CA,CFG731_0bb185f546403346,CFG731_0bb185f546403346,1.0,CORRECT_TOP1,0,,9,9,0,3,3,0,9,0,27.034163753505783,G731CA,false
RFQ731-000794,x731,CFG731_89772de94df83ba5,CFG731_0988a349490181d9,2.0,TRUE_IN_TOP3,2,temperaturEingaenge|dev_advMeterVerification,11,11,0,3,3,0,11,0,20.62009193841869,x731,false
RFQ731-000795,x731,CFG731_26a55fc6510692e1,CFG731_26a55fc6510692e1,1.0,CORRECT_TOP1,0,,11,11,0,3,3,0,11,0,19.97063983418792,x731,false
RFQ731-000796,x731,CFG731_25b84d9ab233c6bf,CFG731_25b84d9ab233c6bf,1.0,CORRECT_TOP1,0,,9,9,0,4,4,0,9,0,21.738110628961444,x731,false
RFQ731-000797,x731,CFG731_ae226e31119be9bd,CFG731_ae226e31119be9bd,1.0,CORRECT_TOP1,0,,11,11,0,3,3,0,11,0,23.233133724164887,x731,false
RFQ731-000798,x731,CFG731_9fd2ebe15271fc33,CFG731_9fd2ebe15271fc33,1.0,CORRECT_TOP1,0,,11,11,0,4,4,0,11,0,22.63043973002991,x731,false
RFQ731-000799,x731,CFG731_a70e307c2ffca857,CFG731_4f57c7eb0fb7e785,2.0,TRUE_IN_TOP3,1,stromSchaltbar,10,10,0,3,3,0,10,0,21.66466545040624,x731,false
RFQ731-000800,x731,CFG731_70b38ab75d3ca724,CFG731_b3cd6a1a19fbc328,6.0,TRUE_IN_TOP10,1,binaerOpenColl_MP,11,11,0,3,3,0,11,0,19.09036464899238,x731,false
RFQ731-000801,x731,CFG731_47bb86ed234fd5e6,CFG731_47bb86ed234fd5e6,1.0,CORRECT_TOP1,0,,11,11,0,3,3,0,11,0,23.69372785241215,x731,false
RFQ731-000802,x731,CFG731_efc9d6b915117e15,CFG731_efc9d6b915117e15,1.0,CORRECT_TOP1,0,,13,13,0,2,2,0,13,0,21.21345564266417,x731,false
RFQ731-000803,x731,CFG731_b3506a753aafcfa3,CFG731_b3506a753aafcfa3,1.0,CORRECT_TOP1,0,,11,11,0,2,2,0,11,0,19.60419424824873,x731,false
RFQ731-000804,x731,CFG731_ab9e33e0db28df11,CFG731_ab9e33e0db28df11,1.0,CORRECT_TOP1,0,,9,9,0,4,4,0,9,0,19.4983266421642,x731,false
RFQ731-000805,x731,CFG731_94be99d48ade0efb,CFG731_94be99d48ade0efb,1.0,CORRECT_TOP1,0,,16,16,0,0,0,0,16,0,22.36680316983792,x731,false
RFQ731-000806,x731,CFG731_daff07a8bdec497b,CFG731_daff07a8bdec497b,1.0,CORRECT_TOP1,0,,11,11,0,3,3,0,11,0,20.592458331954496,x731,false
RFQ731-000807,G731ST-LT,CFG731_c050936f4a70e2a0,CFG731_dac27b97cd6b7ff8,,TRUE_UNRANKED,3,stromEingaenge|temperaturEingaenge|binaerDigitalOpenColl_MN,9,9,0,3,3,0,9,0,20.850916447961147,G731ST-LT,false
RFQ731-000808,x731,CFG731_12089d5d54f581ac,CFG731_12089d5d54f581ac,1.0,CORRECT_TOP1,0,,12,12,0,2,2,0,12,0,19.928444769984942,x731,false
RFQ731-000809,G731CA,CFG731_19ec976991ce75a9,CFG731_19ec976991ce75a9,1.0,CORRECT_TOP1,0,,11,11,0,3,3,0,11,0,33.8413206340227,G731CA,false
RFQ731-000810,x731,CFG731_868fc79316fb0836,CFG731_868fc79316fb0836,1.0,CORRECT_TOP1,0,,13,13,0,1,1,0,13,0,20.761121786844743,x731,false
RFQ731-000811,F731WD_DualChannel,CFG731_a4610f5f38e7d946,CFG731_a4610f5f38e7d946,1.0,CORRECT_TOP1,0,,10,10,0,3,3,0,10,0,36.30115881302178,F731WD_DualChannel,false
RFQ731-000812,x731,CFG731_8d78781f8753b72a,CFG731_8d78781f8753b72a,1.0,CORRECT_TOP1,0,,10,10,0,4,4,0,10,0,23.16094095540965,x731,false
RFQ731-000813,G731CA,CFG731_4189e4dbecbffadb,CFG731_4189e4dbecbffadb,1.0,CORRECT_TOP1,0,,12,12,0,2,2,0,12,0,32.29516119553383,G731CA,false
RFQ731-000814,G731ST-HT,CFG731_1a1206cc52132df1,CFG731_d71a39e1fcf17083,4.0,TRUE_IN_TOP5,1,stromSchaltbar,13,13,0,1,1,0,13,0,24.97652934108743,G731ST-HT,false
RFQ731-000815,x731,CFG731_747411fe70ba8e8d,CFG731_34bf8aa6c521cef0,9.0,TRUE_IN_TOP10,2,stromSchaltbar|temperaturEingaenge,9,9,0,4,4,0,9,0,18.6901604332576,x731,false
RFQ731-000816,x731,CFG731_fa2849b259355775,CFG731_fa2849b259355775,1.0,CORRECT_TOP1,0,,10,10,0,5,5,0,10,0,22.969309299781035,x731,false
RFQ731-000817,x731,CFG731_7962ce0b7d875608,CFG731_7962ce0b7d875608,1.0,CORRECT_TOP1,0,,8,8,0,6,6,0,8,0,23.04221299729548,x731,false
RFQ731-000818,x731,CFG731_20e62aeb01c953da,CFG731_20e62aeb01c953da,1.0,CORRECT_TOP1,0,,14,14,0,2,2,0,14,0,22.99872411197393,x731,false
RFQ731-000819,x731,CFG731_7f60255816247683,CFG731_7f60255816247683,1.0,CORRECT_TOP1,0,,9,9,0,7,7,0,9,0,22.056937106531176,x731,false
RFQ731-000820,G731ST-HT,CFG731_288e4c99b4e02895,CFG731_fab0d81b6a0ca4e0,,TRUE_UNRANKED,1,binaerDigitalOpenColl_MN,10,10,0,3,3,0,10,0,23.047730215020284,G731ST-HT,false
RFQ731-000821,G731ST-LT,CFG731_ef044db10b586894,CFG731_159f3a6877b5a5d2,10.0,TRUE_IN_TOP10,1,binaerOpenColl_MP,11,11,0,2,2,0,11,0,22.38503222564717,G731ST-LT,false
RFQ731-000822,x731,CFG731_24648603ca730481,CFG731_ef6e203c92a71c88,3.0,TRUE_IN_TOP3,1,stromSchaltbar,9,9,0,5,5,0,9,0,20.30218618162841,x731,false
RFQ731-000823,x731,CFG731_d27f5f5f307014a8,CFG731_d27f5f5f307014a8,1.0,CORRECT_TOP1,0,,12,12,0,4,4,0,12,0,24.138800788866316,x731,false
RFQ731-000824,G731ST-HT,CFG731_646d8903da63e1f0,CFG731_646d8903da63e1f0,1.0,CORRECT_TOP1,0,,11,11,0,4,4,0,11,0,26.99506413179173,G731ST-HT,false
RFQ731-000825,G731ST-LT,CFG731_49cd4cbef1081333,CFG731_5be9d749d8317fd3,2.0,TRUE_IN_TOP3,1,temperaturEingaenge,11,11,0,3,3,0,11,0,23.680576411450417,G731ST-LT,false
RFQ731-000826,G731ST-LT,CFG731_e6c0885eb14e429c,CFG731_ad54a3e31832f7d2,4.0,TRUE_IN_TOP5,1,stromEingaenge,10,10,0,4,4,0,10,0,24.50812321931896,G731ST-LT,false
RFQ731-000827,x731,CFG731_8c50542218db5cb0,CFG731_eea9998b9f9a0bdb,5.0,TRUE_IN_TOP5,3,stromSchaltbar|temperaturEingaenge|dev_advMeterVerification,9,9,0,4,4,0,9,0,19.58463058381313,x731,false
RFQ731-000828,x731,CFG731_12089d5d54f581ac,CFG731_78ea99817ca8be6a,10.0,TRUE_IN_TOP10,1,binaerDigitalOpenColl_MN,10,10,0,3,3,0,10,0,17.94564785417283,x731,false
RFQ731-000829,x731,CFG731_1af3f9470bd904d5,CFG731_91111a4a3e291c8a,2.0,TRUE_IN_TOP3,2,stromSchaltbar|temperaturEingaenge,11,11,0,4,4,0,11,0,21.084381085637645,x731,false
RFQ731-000830,x731,CFG731_8d78781f8753b72a,CFG731_8d78781f8753b72a,1.0,CORRECT_TOP1,0,,10,10,0,4,4,0,10,0,23.16094095540965,x731,false
RFQ731-000831,x731,CFG731_89772de94df83ba5,CFG731_9267914435603df0,5.0,TRUE_IN_TOP5,3,stromSchaltbar|dev_advMeterVerification|customUserFluid,10,10,0,3,3,0,10,0,19.45311787161997,x731,false
RFQ731-000832,x731,CFG731_cb6654d77e7e4d72,CFG731_cb6654d77e7e4d72,1.0,CORRECT_TOP1,0,,9,9,0,4,4,0,9,0,22.01931799686645,x731,false
RFQ731-000833,x731,CFG731_1f31b1bf8dc9e962,CFG731_d7c031e2b589d088,4.0,TRUE_IN_TOP5,1,customUserFluid,10,10,0,4,4,0,10,0,20.552666625124424,x731,false
RFQ731-000834,x731,CFG731_011ca4ba794bd4d6,CFG731_d8843ca5e91f93ae,2.0,TRUE_IN_TOP3,1,stromSchaltbar,9,9,0,4,4,0,9,0,21.530976197241333,x731,false
RFQ731-000835,G731ST-LT,CFG731_87d8ba5b87cf0a3f,CFG731_77fac91021549398,3.0,TRUE_IN_TOP3,2,temperaturEingaenge|binaerDigitalOpenColl_MN,12,12,0,1,1,0,12,0,22.1571212140856,G731ST-LT,false
RFQ731-000836,x731,CFG731_4ba013fed31fb45f,CFG731_4ba013fed31fb45f,1.0,CORRECT_TOP1,0,,11,11,0,2,2,0,11,0,22.31949416394986,x731,false
RFQ731-000837,x731,CFG731_c7c53fc5541f1dc1,CFG731_7756caaf4e5e2963,4.0,TRUE_IN_TOP5,1,dev_advMeterVerification,9,9,0,5,5,0,9,0,20.294850710305862,x731,false
RFQ731-000838,x731,CFG731_8f470181ad32eeae,CFG731_8366eceddaf01e58,2.0,TRUE_IN_TOP3,2,stromSchaltbar|dev_advMeterVerification,12,12,0,3,3,0,12,0,22.795058998749354,x731,false
RFQ731-000839,G731ST-LT,CFG731_87d8ba5b87cf0a3f,CFG731_87d8ba5b87cf0a3f,1.0,CORRECT_TOP1,0,,10,10,0,5,5,0,10,0,25.495135339943342,G731ST-LT,false
RFQ731-000840,x731,CFG731_2e5bd0d53757f625,CFG731_2e5bd0d53757f625,1.0,CORRECT_TOP1,0,,10,10,0,4,4,0,10,0,20.50658751141085,x731,false
RFQ731-000841,x731,CFG731_a41a2d2cef1a675f,CFG731_3ac187941df4fdac,3.0,TRUE_IN_TOP3,1,binaerOpenColl_MP,8,8,0,5,5,0,8,0,20.38633510662119,x731,false
RFQ731-000842,x731,CFG731_3d652e6a54b1c68b,CFG731_29521f988dd233e6,6.0,TRUE_IN_TOP10,3,stromSchaltbar|temperaturEingaenge|dynamicGasMaster,8,8,0,5,5,0,8,0,18.377256883164137,x731,false
RFQ731-000843,G731CA,CFG731_817824ee3a762453,CFG731_817824ee3a762453,1.0,CORRECT_TOP1,0,,13,13,0,1,1,0,13,0,30.89132327360409,G731CA,false
RFQ731-000844,G731ST-HT,CFG731_4aa7d46b9cfa7d7b,CFG731_ff04d32ca467d2a5,3.0,TRUE_IN_TOP3,2,stromEingaenge|binaerDigitalOpenColl_MN,11,11,0,3,3,0,11,0,24.974426943297008,G731ST-HT,false
RFQ731-000845,G731CA,CFG731_5bfe9492c76587ec,CFG731_5bfe9492c76587ec,1.0,CORRECT_TOP1,0,,11,11,0,3,3,0,11,0,35.89643793735161,G731CA,false
RFQ731-000846,x731,CFG731_63b50b6b631946e6,CFG731_63b50b6b631946e6,1.0,CORRECT_TOP1,0,,12,12,0,2,2,0,12,0,22.267604404058048,x731,false
RFQ731-000847,F731WD_DualChannel,CFG731_c0f6f70a47ed04ba,CFG731_c0f6f70a47ed04ba,1.0,CORRECT_TOP1,0,,7,7,0,5,5,0,7,0,34.491549867105086,F731WD_DualChannel,false
RFQ731-000848,x731,CFG731_3727d181b2806370,CFG731_77ac60f5637770e9,3.0,TRUE_IN_TOP3,1,temperaturEingaenge,10,10,0,3,3,0,10,0,20.43174105611727,x731,false
RFQ731-000849,x731,CFG731_6d44172bc82c7ed7,CFG731_6d44172bc82c7ed7,1.0,CORRECT_TOP1,0,,13,13,0,2,2,0,13,0,21.311039687399248,x731,false
RFQ731-000850,G731ST-HT,CFG731_8216f56c8f1b8479,CFG731_8216f56c8f1b8479,1.0,CORRECT_TOP1,0,,11,11,0,3,3,0,11,0,24.931663900077588,G731ST-HT,false
RFQ731-000851,x731,CFG731_260c36430f7c2d03,CFG731_260c36430f7c2d03,1.0,CORRECT_TOP1,0,,9,9,0,5,5,0,9,0,24.010745481975945,x731,false
RFQ731-000852,x731,CFG731_9a0f0b26c7f24725,CFG731_bb4f0886ba308d63,6.0,TRUE_IN_TOP10,2,dev_advMeterVerification|customUserFluid,11,11,0,3,3,0,11,0,21.6927433020168,x731,false
RFQ731-000853,x731,CFG731_8c50542218db5cb0,CFG731_eea9998b9f9a0bdb,5.0,TRUE_IN_TOP5,3,stromSchaltbar|temperaturEingaenge|dev_advMeterVerification,10,10,0,3,3,0,10,0,19.58463058381313,x731,false
RFQ731-000854,x731,CFG731_c775e192f3d489e9,CFG731_c775e192f3d489e9,1.0,CORRECT_TOP1,0,,8,8,0,6,6,0,8,0,23.09283964630521,x731,false
RFQ731-000855,F731TE,CFG731_ec26805bdf93259f,CFG731_ec26805bdf93259f,1.0,CORRECT_TOP1,0,,8,8,0,5,5,0,8,0,33.91463444021619,F731TE,false
RFQ731-000856,G731ST-HT,CFG731_4aa7d46b9cfa7d7b,CFG731_ad49f2ad57627f46,2.0,TRUE_IN_TOP3,3,stromSchaltbar|stromEingaenge|temperaturEingaenge,7,7,0,6,6,0,7,0,24.14792620826305,G731ST-HT,false
RFQ731-000857,x731,CFG731_4d7e108ea05eeb07,CFG731_4d7e108ea05eeb07,1.0,CORRECT_TOP1,0,,11,11,0,3,3,0,11,0,24.41540546526024,x731,false
RFQ731-000858,G731CA,CFG731_95a64c12c70f922a,CFG731_95a64c12c70f922a,1.0,CORRECT_TOP1,0,,10,10,0,4,4,0,10,0,32.28750463962656,G731CA,false
RFQ731-000859,x731,CFG731_04a53b6cc81d57d6,CFG731_6d0d64ab66a91d89,3.0,TRUE_IN_TOP3,1,binaerDigitalOpenColl_MN,8,8,0,6,6,0,8,0,19.661844167223474,x731,false
RFQ731-000860,x731,CFG731_54b63f2628adfc32,CFG731_54b63f2628adfc32,1.0,CORRECT_TOP1,0,,12,12,0,3,3,0,12,0,21.42339329466883,x731,false
RFQ731-000861,x731,CFG731_cb2e63f823697ceb,CFG731_cb2e63f823697ceb,1.0,CORRECT_TOP1,0,,10,10,0,4,4,0,10,0,20.34826529534199,x731,false
RFQ731-000862,G731ST-HT,CFG731_4de012f7232f644d,CFG731_4de012f7232f644d,1.0,CORRECT_TOP1,0,,9,9,0,6,6,0,9,0,27.07146405668334,G731ST-HT,false
RFQ731-000863,x731,CFG731_0fbee36816b7af98,CFG731_0fbee36816b7af98,1.0,CORRECT_TOP1,0,,10,10,0,7,7,0,10,0,24.76533442179821,x731,false
RFQ731-000864,x731,CFG731_1f0c09edcd967945,CFG731_1f0c09edcd967945,1.0,CORRECT_TOP1,0,,8,8,0,6,6,0,8,0,21.265857819077038,x731,false
RFQ731-000865,x731,CFG731_89772de94df83ba5,CFG731_9267914435603df0,5.0,TRUE_IN_TOP5,3,stromSchaltbar|dev_advMeterVerification|customUserFluid,8,8,0,5,5,0,8,0,19.45311787161997,x731,false
RFQ731-000866,x731,CFG731_af755e9c46cfadd4,CFG731_af755e9c46cfadd4,1.0,CORRECT_TOP1,0,,11,11,0,3,3,0,11,0,23.659186771792086,x731,false
RFQ731-000867,x731,CFG731_33fed5318b1a4f2f,CFG731_7157b3d45716ad8f,2.0,TRUE_IN_TOP3,1,binaerOpenColl_MP,12,12,0,2,2,0,12,0,20.58200003606862,x731,false
RFQ731-000868,x731,CFG731_acd18bc8a73cfdde,CFG731_acd18bc8a73cfdde,1.0,CORRECT_TOP1,0,,13,13,0,3,3,0,13,0,23.761675921936444,x731,false
RFQ731-000869,x731,CFG731_14299a2a74e42d7f,CFG731_b60961340903daf0,3.0,TRUE_IN_TOP3,1,binaerDigitalOpenColl_MN,10,10,0,3,3,0,10,0,22.142336399122044,x731,false
RFQ731-000870,F731WD_SingleChannel,CFG731_a7d2a5a9ae465701,CFG731_ee8e327bbb737abf,2.0,TRUE_IN_TOP3,2,stromSchaltbar|binaerOpenColl_MP,8,8,0,3,3,0,8,0,25.90038174659436,F731WD_SingleChannel,false
RFQ731-000871,G731CA,CFG731_14235f3888d71408,CFG731_14235f3888d71408,1.0,CORRECT_TOP1,0,,10,10,0,4,4,0,10,0,30.74134520113768,G731CA,false
RFQ731-000872,x731,CFG731_28ac43a93658ad6b,CFG731_7895bfd97573c2b8,4.0,TRUE_IN_TOP5,1,stromSchaltbar,13,13,0,2,2,0,13,0,21.742933342623115,x731,false
RFQ731-000873,F731WD_SingleChannel,CFG731_e98d2be876599c40,CFG731_e98d2be876599c40,1.0,CORRECT_TOP1,0,,9,9,0,4,4,0,9,0,34.75499937453291,F731WD_SingleChannel,false
RFQ731-000874,F731WD_SingleChannel,CFG731_6357400dd5c2804a,CFG731_6357400dd5c2804a,1.0,CORRECT_TOP1,0,,8,8,0,3,3,0,8,0,29.501658488412136,F731WD_SingleChannel,false
RFQ731-000875,x731,CFG731_b7c5e5eddd92ed3a,CFG731_b7c5e5eddd92ed3a,1.0,CORRECT_TOP1,0,,9,9,0,5,5,0,9,0,20.3609959057809,x731,false
RFQ731-000876,G731ST-HT,CFG731_c32627af59ba1526,CFG731_c32627af59ba1526,1.0,CORRECT_TOP1,0,,9,9,0,6,6,0,9,0,26.82599456367052,G731ST-HT,false
RFQ731-000877,x731,CFG731_9fcbeaf9d5010d3a,CFG731_4340f11ba9a46e42,3.0,TRUE_IN_TOP3,1,temperaturEingaenge,11,11,0,3,3,0,11,0,20.32403734037662,x731,false
RFQ731-000878,F731TE,CFG731_ec26805bdf93259f,CFG731_ec26805bdf93259f,1.0,CORRECT_TOP1,0,,11,11,0,2,2,0,11,0,33.91463444021619,F731TE,false
RFQ731-000879,x731,CFG731_fb16e30f5bbb87f2,CFG731_214b769209164299,3.0,TRUE_IN_TOP3,1,dev_advMeterVerification,10,10,0,4,4,0,10,0,21.59136264897544,x731,false
RFQ731-000880,G731ST-LT,CFG731_1d89d7fdc7355744,CFG731_1d89d7fdc7355744,1.0,CORRECT_TOP1,0,,14,14,0,1,1,0,14,0,26.013318501830994,G731ST-LT,false
RFQ731-000881,G731ST-HT,CFG731_076cad91966d4c34,CFG731_076cad91966d4c34,1.0,CORRECT_TOP1,0,,14,14,0,2,2,0,14,0,28.24433712957877,G731ST-HT,false
RFQ731-000882,G731ST-LT,CFG731_0dd81a588b2a1411,CFG731_0dd81a588b2a1411,1.0,CORRECT_TOP1,0,,12,12,0,2,2,0,12,0,24.32563407725631,G731ST-LT,false
RFQ731-000883,x731,CFG731_48e71c5ae6615397,CFG731_48e71c5ae6615397,1.0,CORRECT_TOP1,0,,10,10,0,4,4,0,10,0,20.842938775450506,x731,false
RFQ731-000884,x731,CFG731_608c0251ef380592,CFG731_608c0251ef380592,1.0,CORRECT_TOP1,0,,11,11,0,5,5,0,11,0,24.273411668115067,x731,false
RFQ731-000885,x731,CFG731_c7c53fc5541f1dc1,CFG731_7756caaf4e5e2963,4.0,TRUE_IN_TOP5,1,dev_advMeterVerification,8,8,0,6,6,0,8,0,20.294850710305862,x731,false
RFQ731-000886,G731CA,CFG731_c7ca2f069d01e42d,CFG731_c7ca2f069d01e42d,1.0,CORRECT_TOP1,0,,11,11,0,3,3,0,11,0,32.39528764789,G731CA,false
RFQ731-000887,x731,CFG731_219ac3d01befd6d1,CFG731_b418359232bf5862,6.0,TRUE_IN_TOP10,3,stromEingaenge|temperaturEingaenge|binaerOpenColl_MP,11,11,0,2,2,0,11,0,18.04451108492764,x731,false
RFQ731-000888,G731ST-LT,CFG731_a40ab19ad6671fbe,CFG731_0e0f01b5586b92da,2.0,TRUE_IN_TOP3,2,stromEingaenge|binaerDigitalOpenColl_MN,11,11,0,3,3,0,11,0,23.54807629902342,G731ST-LT,false
RFQ731-000889,G731CA,CFG731_16b53411ff7f6c9b,CFG731_16b53411ff7f6c9b,1.0,CORRECT_TOP1,0,,9,9,0,5,5,0,9,0,37.442597375840485,G731CA,false
RFQ731-000890,G731ST-LT,CFG731_750dd83a06ba43cb,CFG731_750dd83a06ba43cb,1.0,CORRECT_TOP1,0,,13,13,0,2,2,0,13,0,25.785407490269424,G731ST-LT,false
RFQ731-000891,x731,CFG731_c1d02f1d1235ec05,CFG731_c1d02f1d1235ec05,1.0,CORRECT_TOP1,0,,10,10,0,6,6,0,10,0,23.65685791919671,x731,false
RFQ731-000892,F731PW,CFG731_ef211cb97feaddc8,CFG731_ef211cb97feaddc8,1.0,CORRECT_TOP1,0,,6,6,0,6,6,0,6,0,29.504288687985053,F731PW,false
RFQ731-000893,G731ST-HT,CFG731_8b18ac1c34209d63,CFG731_8b18ac1c34209d63,1.0,CORRECT_TOP1,0,,14,14,0,2,2,0,14,0,28.09435905711236,G731ST-HT,false
RFQ731-000894,G731ST-HT,CFG731_646d8903da63e1f0,CFG731_646d8903da63e1f0,1.0,CORRECT_TOP1,0,,11,11,0,4,4,0,11,0,26.99506413179173,G731ST-HT,false
RFQ731-000895,x731,CFG731_04a53b6cc81d57d6,CFG731_3cfe26a4a6491587,3.0,TRUE_IN_TOP3,2,temperaturEingaenge|dev_advMeterVerification,12,12,0,1,1,0,12,0,19.20174937251044,x731,false
RFQ731-000896,x731,CFG731_17dba025c91c278d,CFG731_17dba025c91c278d,1.0,CORRECT_TOP1,0,,14,14,0,1,1,0,14,0,21.37148745963936,x731,false
RFQ731-000897,x731,CFG731_5ae746dac49a854b,CFG731_2205a8cc5d1ff08b,4.0,TRUE_IN_TOP5,2,dev_advMeterVerification|dynamicGasMaster,10,10,0,3,3,0,10,0,20.04699214187284,x731,false
RFQ731-000898,F731WD_DualChannel,CFG731_5076f1c2c0488d0e,CFG731_5076f1c2c0488d0e,1.0,CORRECT_TOP1,0,,7,7,0,4,4,0,7,0,31.047817926901008,F731WD_DualChannel,false
RFQ731-000899,x731,CFG731_1147f9711c4bff84,CFG731_1147f9711c4bff84,1.0,CORRECT_TOP1,0,,11,11,0,3,3,0,11,0,24.08068821755677,x731,false
RFQ731-000900,x731,CFG731_24648603ca730481,CFG731_f0496d00d34377f6,5.0,TRUE_IN_TOP5,2,stromSchaltbar|stromEingaenge,12,12,0,1,1,0,12,0,18.883843615720163,x731,false
RFQ731-000901,x731,CFG731_491a198d9cd06e17,CFG731_491a198d9cd06e17,1.0,CORRECT_TOP1,0,,9,9,0,5,5,0,9,0,20.41637482797922,x731,false
RFQ731-000902,G731ST-LT,CFG731_d124ccffa669c3a2,CFG731_50a4a25852666336,3.0,TRUE_IN_TOP3,1,binaerDigitalOpenColl_MN,13,13,0,2,2,0,13,0,25.008613929134643,G731ST-LT,false
RFQ731-000903,G731CA,CFG731_1dfb5999b1debe3a,CFG731_1dfb5999b1debe3a,1.0,CORRECT_TOP1,0,,10,10,0,4,4,0,10,0,35.99656438970778,G731CA,false
RFQ731-000904,x731,CFG731_3b2a32abbf148ca1,CFG731_d5a8b991307aace7,6.0,TRUE_IN_TOP10,3,dev_advMeterVerification|dynamicGasMaster|customUserFluid,6,6,0,8,8,0,6,0,20.389152183856776,x731,false
RFQ731-000905,G731CA,CFG731_508d465d4c518290,CFG731_508d465d4c518290,1.0,CORRECT_TOP1,0,,13,13,0,1,1,0,13,0,30.69915013693471,G731CA,false
RFQ731-000906,G731ST-HT,CFG731_4aa7d46b9cfa7d7b,CFG731_83a3644f76b45069,2.0,TRUE_IN_TOP3,1,stromEingaenge,10,10,0,5,5,0,10,0,26.95722385910912,G731ST-HT,false
RFQ731-000907,F731TE,CFG731_8b8ba7e2341f1295,CFG731_b7c1a02b25610507,2.0,TRUE_IN_TOP3,2,stromSchaltbar|binaerOpenColl_MP,5,5,0,6,6,0,5,0,28.619098489892448,F731TE,false
RFQ731-000908,x731,CFG731_be171d4bbfab2b66,CFG731_be171d4bbfab2b66,1.0,CORRECT_TOP1,0,,12,12,0,3,3,0,12,0,21.13880434295367,x731,false
RFQ731-000909,x731,CFG731_3611bb1fba248e38,CFG731_8f2f3a7ba66ea526,3.0,TRUE_IN_TOP3,1,dev_advMeterVerification,9,9,0,5,5,0,9,0,20.240021339758872,x731,false
RFQ731-000910,F731TE,CFG731_6886c948a9d1ec0c,CFG731_6886c948a9d1ec0c,1.0,CORRECT_TOP1,0,,8,8,0,5,5,0,8,0,35.31847236214592,F731TE,false
RFQ731-000911,x731,CFG731_1f0c09edcd967945,CFG731_1f0c09edcd967945,1.0,CORRECT_TOP1,0,,8,8,0,6,6,0,8,0,21.265857819077038,x731,false
RFQ731-000912,x731,CFG731_2322a268d0a898f9,CFG731_631dadb7c0c7adf5,3.0,TRUE_IN_TOP3,1,stromEingaenge,10,10,0,4,4,0,10,0,20.627317924834923,x731,false
RFQ731-000913,G731ST-LT,CFG731_ab4075c601d1397c,CFG731_bbd32ea73f3dabf1,2.0,TRUE_IN_TOP3,1,temperaturEingaenge,10,10,0,5,5,0,10,0,25.85611444294836,G731ST-LT,false
RFQ731-000914,x731,CFG731_8e6f935bd5bd53ff,CFG731_910ee0b4b8287063,8.0,TRUE_IN_TOP10,1,customUserFluid,9,9,0,3,3,0,9,0,18.552257622661408,x731,false
RFQ731-000915,x731,CFG731_5d88e63d941ec6fd,CFG731_5d88e63d941ec6fd,1.0,CORRECT_TOP1,0,,9,9,0,5,5,0,9,0,19.469103051537648,x731,false
RFQ731-000916,x731,CFG731_8c50542218db5cb0,CFG731_15f034f7c265528f,2.0,TRUE_IN_TOP3,1,temperaturEingaenge,11,11,0,4,4,0,11,0,22.126385525093088,x731,false
RFQ731-000917,G731ST-HT,CFG731_b3ed2928d6d65710,CFG731_b3ed2928d6d65710,1.0,CORRECT_TOP1,0,,11,11,0,3,3,0,11,0,25.4350394787327,G731ST-HT,false
RFQ731-000918,x731,CFG731_747411fe70ba8e8d,CFG731_c3b5b1049b2ed7bb,7.0,TRUE_IN_TOP10,2,stromEingaenge|temperaturEingaenge,9,9,0,4,4,0,9,0,18.725898308149784,x731,false
RFQ731-000919,F731TE,CFG731_d8c69b7395beabbb,CFG731_d8c69b7395beabbb,1.0,CORRECT_TOP1,0,,10,10,0,3,3,0,10,0,38.80183643608151,F731TE,false
RFQ731-000920,x731,CFG731_219ac3d01befd6d1,CFG731_3d79b5ed69541acc,6.0,TRUE_IN_TOP10,2,stromEingaenge|binaerOpenColl_MP,13,13,0,1,1,0,13,0,19.39972829497327,x731,false
RFQ731-000921,G731ST-LT,CFG731_c050936f4a70e2a0,CFG731_9548d55d92816998,2.0,TRUE_IN_TOP3,1,temperaturEingaenge,10,10,0,4,4,0,10,0,24.252055929681507,G731ST-LT,false
RFQ731-000922,x731,CFG731_8e6f935bd5bd53ff,CFG731_910ee0b4b8287063,8.0,TRUE_IN_TOP10,1,customUserFluid,10,10,0,2,2,0,10,0,18.552257622661408,x731,false
RFQ731-000923,G731ST-LT,CFG731_32b4b1ec4513af66,CFG731_58b9913d8024b015,5.0,TRUE_IN_TOP5,3,stromSchaltbar|stromEingaenge|temperaturEingaenge,10,10,0,3,3,0,10,0,22.70248406833466,G731ST-LT,false
RFQ731-000924,x731,CFG731_1147f9711c4bff84,CFG731_1434e7eedafa69d1,2.0,TRUE_IN_TOP3,1,stromSchaltbar,12,12,0,1,1,0,12,0,22.62660777675633,x731,false
RFQ731-000925,G731ST-HT,CFG731_7c70763d4cf79560,CFG731_b46f92852addf866,3.0,TRUE_IN_TOP3,1,stromEingaenge,10,10,0,4,4,0,10,0,25.05446228018259,G731ST-HT,false
RFQ731-000926,G731ST-HT,CFG731_2a989bd6dba74d9f,CFG731_b7a7770d19b6f648,4.0,TRUE_IN_TOP5,2,stromSchaltbar|temperaturEingaenge,11,11,0,3,3,0,11,0,25.646304111056885,G731ST-HT,false
RFQ731-000927,x731,CFG731_9fcbeaf9d5010d3a,CFG731_57b3b3a6958ee330,3.0,TRUE_IN_TOP3,1,stromEingaenge,8,8,0,6,6,0,8,0,20.260911984514,x731,false
RFQ731-000928,G731ST-HT,CFG731_7b2f69a7ca55041b,CFG731_f2a296f2bedae0e8,2.0,TRUE_IN_TOP3,2,stromSchaltbar|temperaturEingaenge,9,9,0,5,5,0,9,0,24.99478925594021,G731ST-HT,false
RFQ731-000929,x731,CFG731_a59cc7e57b856164,CFG731_5feb84333ab424ba,2.0,TRUE_IN_TOP3,1,stromSchaltbar,12,12,0,2,2,0,12,0,21.173841866942915,x731,false
RFQ731-000930,x731,CFG731_c41fd04f9eea78e7,CFG731_c41fd04f9eea78e7,1.0,CORRECT_TOP1,0,,13,13,0,1,1,0,13,0,23.25347762961966,x731,false
RFQ731-000931,x731,CFG731_8a7a801f91254eeb,CFG731_b761b914f76d159e,3.0,TRUE_IN_TOP3,1,binaerDigitalOpenColl_MN,11,11,0,2,2,0,11,0,20.5363131790876,x731,false
RFQ731-000932,x731,CFG731_5fb1bce2eb72cec6,CFG731_f879c0aaba152069,2.0,TRUE_IN_TOP3,1,temperaturEingaenge,10,10,0,4,4,0,10,0,21.25565885554868,x731,false
RFQ731-000933,x731,CFG731_186348c5f967a6f7,CFG731_186348c5f967a6f7,1.0,CORRECT_TOP1,0,,9,9,0,6,6,0,9,0,21.82277543357787,x731,false
RFQ731-000934,x731,CFG731_3b2a32abbf148ca1,CFG731_ade755d80d357018,5.0,TRUE_IN_TOP5,3,stromSchaltbar|stromEingaenge|dynamicGasMaster,12,12,0,2,2,0,12,0,19.67251451367152,x731,false
RFQ731-000935,x731,CFG731_33fed5318b1a4f2f,CFG731_3b56310e368fd60f,2.0,TRUE_IN_TOP3,1,stromSchaltbar,10,10,0,4,4,0,10,0,21.400988661406377,x731,false
RFQ731-000936,x731,CFG731_7962ce0b7d875608,CFG731_7962ce0b7d875608,1.0,CORRECT_TOP1,0,,9,9,0,5,5,0,9,0,23.04221299729548,x731,false
RFQ731-000937,x731,CFG731_83f956404d04e6cd,CFG731_cc50cacf788bd84a,2.0,TRUE_IN_TOP3,2,stromSchaltbar|customUserFluid,10,10,0,5,5,0,10,0,22.74467992760413,x731,false
RFQ731-000938,x731,CFG731_59f86789e43d86f1,CFG731_59f86789e43d86f1,1.0,CORRECT_TOP1,0,,13,13,0,3,3,0,13,0,23.11716703108541,x731,false
RFQ731-000939,x731,CFG731_fde1ab2a4808b544,CFG731_5247c83d5f005ead,3.0,TRUE_IN_TOP3,1,customUserFluid,11,11,0,4,4,0,11,0,21.888418211727046,x731,false
RFQ731-000940,x731,CFG731_353333bad447dbef,CFG731_5a14e01af9745dda,2.0,TRUE_IN_TOP3,1,customUserFluid,9,9,0,5,5,0,9,0,21.28542148351264,x731,false
RFQ731-000941,x731,CFG731_36d7686aca1200ae,CFG731_36d7686aca1200ae,1.0,CORRECT_TOP1,0,,11,11,0,5,5,0,11,0,23.26013913928617,x731,false
RFQ731-000942,G731ST-HT,CFG731_eb70dc35972dc4b7,CFG731_2eea910b2403bc4c,2.0,TRUE_IN_TOP3,2,temperaturEingaenge|binaerDigitalOpenColl_MN,9,9,0,4,4,0,9,0,23.549266997670557,G731ST-HT,false
RFQ731-000943,F731TE,CFG731_8b8ba7e2341f1295,CFG731_b7c1a02b25610507,2.0,TRUE_IN_TOP3,2,stromSchaltbar|binaerOpenColl_MP,9,9,0,2,2,0,9,0,28.619098489892448,F731TE,false
RFQ731-000944,G731ST-HT,CFG731_63eca10a00ae1f5d,CFG731_63eca10a00ae1f5d,1.0,CORRECT_TOP1,0,,13,13,0,3,3,0,13,0,28.59589583976263,G731ST-HT,false
RFQ731-000945,x731,CFG731_f87794e7a98d0b11,CFG731_dca3d8725270dd93,2.0,TRUE_IN_TOP3,1,stromSchaltbar,13,13,0,3,3,0,13,0,22.31147138196507,x731,false
RFQ731-000946,x731,CFG731_3b2a32abbf148ca1,CFG731_d4dafb658c85c692,4.0,TRUE_IN_TOP5,2,stromSchaltbar|dev_advMeterVerification,11,11,0,4,4,0,11,0,21.68313859993285,x731,false
RFQ731-000947,G731ST-LT,CFG731_8b6ed3cfa9ed1e59,CFG731_5be384035f37d372,4.0,TRUE_IN_TOP5,2,stromEingaenge|binaerOpenColl_MP,11,11,0,2,2,0,11,0,22.19285908897779,G731ST-LT,false
RFQ731-000948,x731,CFG731_7308ee8503151ef3,CFG731_7308ee8503151ef3,1.0,CORRECT_TOP1,0,,13,13,0,4,4,0,13,0,24.08459946335313,x731,false
RFQ731-000949,F731TE,CFG731_3d8c1bbc0ef4249a,CFG731_f79503cf8f87ea49,2.0,TRUE_IN_TOP3,2,stromSchaltbar|binaerOpenColl_MP,8,8,0,3,3,0,8,0,28.159756771445156,F731TE,false
RFQ731-000950,x731,CFG731_5cae68c0a1d5db32,CFG731_5cae68c0a1d5db32,1.0,CORRECT_TOP1,0,,12,12,0,1,1,0,12,0,22.89097368218095,x731,false
RFQ731-000951,x731,CFG731_241d60e6ef5278be,CFG731_af36a6c70f11950b,5.0,TRUE_IN_TOP5,4,stromSchaltbar|stromEingaenge|dev_advMeterVerification|customUserFluid,10,10,0,2,2,0,10,0,17.92263750592792,x731,false
RFQ731-000952,x731,CFG731_c39096767a7ae083,CFG731_ef02695e374fc418,2.0,TRUE_IN_TOP3,3,stromSchaltbar|temperaturEingaenge|dev_advMeterVerification,10,10,0,4,4,0,10,0,20.370116454090194,x731,false
RFQ731-000953,x731,CFG731_633572f6d3593691,CFG731_633572f6d3593691,1.0,CORRECT_TOP1,0,,9,9,0,5,5,0,9,0,21.71660692388405,x731,false
RFQ731-000954,G731ST-HT,CFG731_bbffb73f3dff6787,CFG731_84352197821d09de,4.0,TRUE_IN_TOP5,2,stromSchaltbar|stromEingaenge,12,12,0,2,2,0,12,0,25.68127776885097,G731ST-HT,false
RFQ731-000955,x731,CFG731_efc9d6b915117e15,CFG731_b1531976c0d80b4a,3.0,TRUE_IN_TOP3,1,customUserFluid,8,8,0,6,6,0,8,0,20.14534480662026,x731,false
RFQ731-000956,G731CA,CFG731_faff6da73df00950,CFG731_faff6da73df00950,1.0,CORRECT_TOP1,0,,10,10,0,4,4,0,10,0,33.9910632327716,G731CA,false
RFQ731-000957,x731,CFG731_45cf7219dd66904b,CFG731_45cf7219dd66904b,1.0,CORRECT_TOP1,0,,12,12,0,4,4,0,12,0,21.64246082909372,x731,false
RFQ731-000958,x731,CFG731_de371e3e32a80802,CFG731_de371e3e32a80802,1.0,CORRECT_TOP1,0,,10,10,0,4,4,0,10,0,22.637553014011186,x731,false
RFQ731-000959,x731,CFG731_bbcb665ced67f8c3,CFG731_bbcb665ced67f8c3,1.0,CORRECT_TOP1,0,,12,12,0,4,4,0,12,0,22.99304091336301,x731,false
RFQ731-000960,G731ST-LT,CFG731_515a31451814aae9,CFG731_515a31451814aae9,1.0,CORRECT_TOP1,0,,10,10,0,3,3,0,10,0,23.011847714315543,G731ST-LT,false
RFQ731-000961,x731,CFG731_844c64c49c2e5514,CFG731_844c64c49c2e5514,1.0,CORRECT_TOP1,0,,8,8,0,7,7,0,8,0,21.26041303838951,x731,false
RFQ731-000962,G731ST-LT,CFG731_515a31451814aae9,CFG731_515a31451814aae9,1.0,CORRECT_TOP1,0,,11,11,0,2,2,0,11,0,23.011847714315543,G731ST-LT,false
RFQ731-000963,x731,CFG731_353333bad447dbef,CFG731_0ef26d136a7182e8,2.0,TRUE_IN_TOP3,2,stromSchaltbar|temperaturEingaenge,11,11,0,2,2,0,11,0,19.54423466871048,x731,false
RFQ731-000964,x731,CFG731_337790e6bbcf15f4,CFG731_3ada8d565667279d,6.0,TRUE_IN_TOP10,2,binaerOpenColl_MP|customUserFluid,9,9,0,4,4,0,9,0,18.37381252313233,x731,false
RFQ731-000965,G731ST-HT,CFG731_b30ceef5c5f902ca,CFG731_b30ceef5c5f902ca,1.0,CORRECT_TOP1,0,,11,11,0,2,2,0,11,0,23.86671884035804,G731ST-HT,false
RFQ731-000966,F731WD_SingleChannel,CFG731_a7d2a5a9ae465701,CFG731_ee8e327bbb737abf,2.0,TRUE_IN_TOP3,2,stromSchaltbar|binaerOpenColl_MP,11,11,0,0,0,0,11,0,25.90038174659436,F731WD_SingleChannel,false
RFQ731-000967,x731,CFG731_e08dfad4737be3d9,CFG731_9637b2f8d628ff9d,2.0,TRUE_IN_TOP3,2,dynamicGasMaster|customUserFluid,13,13,0,2,2,0,13,0,22.659098425431644,x731,false
RFQ731-000968,G731ST-HT,CFG731_a69c8345e2cbb480,CFG731_ad85e442c9239be7,2.0,TRUE_IN_TOP3,1,stromSchaltbar,10,10,0,4,4,0,10,0,25.89438119718,G731ST-HT,false
RFQ731-000969,G731CA,CFG731_d2a75fda6f761c1b,CFG731_d2a75fda6f761c1b,1.0,CORRECT_TOP1,0,,10,10,0,4,4,0,10,0,34.49260001542188,G731CA,false
RFQ731-000970,x731,CFG731_04a53b6cc81d57d6,CFG731_aa68f1da5062cc70,3.0,TRUE_IN_TOP3,1,customUserFluid,8,8,0,6,6,0,8,0,20.576530246991677,x731,false
RFQ731-000971,G731ST-LT,CFG731_d5af433b36265df1,CFG731_9c6b16fef6d02aaf,3.0,TRUE_IN_TOP3,1,binaerDigitalOpenColl_MN,10,10,0,4,4,0,10,0,23.660214098807216,G731ST-LT,false
RFQ731-000972,F731TE,CFG731_5164655533c6a8d0,CFG731_5164655533c6a8d0,1.0,CORRECT_TOP1,0,,11,11,0,2,2,0,11,0,36.8646318006348,F731TE,false
RFQ731-000973,x731,CFG731_c775e192f3d489e9,CFG731_c775e192f3d489e9,1.0,CORRECT_TOP1,0,,11,11,0,3,3,0,11,0,23.09283964630521,x731,false
RFQ731-000974,G731CA,CFG731_817824ee3a762453,CFG731_2cb814ee06486282,2.0,TRUE_IN_TOP3,2,stromSchaltbar|binaerOpenColl_MP,9,9,0,3,3,0,9,0,21.886727573199128,G731CA,false
RFQ731-000975,G731ST-LT,CFG731_a40ab19ad6671fbe,CFG731_bc9146cb8459e9c2,2.0,TRUE_IN_TOP3,1,temperaturEingaenge,11,11,0,4,4,0,11,0,25.593998570698155,G731ST-LT,false
RFQ731-000976,x731,CFG731_7f60255816247683,CFG731_7f60255816247683,1.0,CORRECT_TOP1,0,,14,14,0,2,2,0,14,0,22.056937106531176,x731,false
RFQ731-000977,x731,CFG731_f7f0034a8b15f329,CFG731_8634a8a0a780401d,2.0,TRUE_IN_TOP3,1,binaerOpenColl_MP,9,9,0,4,4,0,9,0,21.1100427304931,x731,false
RFQ731-000978,x731,CFG731_c585b182e5ecfc9a,CFG731_c585b182e5ecfc9a,1.0,CORRECT_TOP1,0,,10,10,0,3,3,0,10,0,22.84693719150159,x731,false
RFQ731-000979,F731TE,CFG731_1962af6277da6f54,CFG731_1962af6277da6f54,1.0,CORRECT_TOP1,0,,9,9,0,4,4,0,9,0,35.41859881450209,F731TE,false
RFQ731-000980,G731ST-HT,CFG731_d03860c1f327a8d1,CFG731_d03860c1f327a8d1,1.0,CORRECT_TOP1,0,,8,8,0,7,7,0,8,0,27.107201931575528,G731ST-HT,false
RFQ731-000981,F731TE,CFG731_8b8ba7e2341f1295,CFG731_b7c1a02b25610507,2.0,TRUE_IN_TOP3,2,stromSchaltbar|binaerOpenColl_MP,10,10,0,1,1,0,10,0,28.619098489892448,F731TE,false
RFQ731-000982,x731,CFG731_3611bb1fba248e38,CFG731_8f2f3a7ba66ea526,3.0,TRUE_IN_TOP3,1,dev_advMeterVerification,11,11,0,3,3,0,11,0,20.240021339758872,x731,false
RFQ731-000983,x731,CFG731_ebb861c404a79d91,CFG731_5789f006b670582c,3.0,TRUE_IN_TOP3,2,stromSchaltbar|dev_advMeterVerification,11,11,0,2,2,0,11,0,19.67850846874415,x731,false
RFQ731-000984,G731ST-LT,CFG731_c050936f4a70e2a0,CFG731_2a738780f0517f67,2.0,TRUE_IN_TOP3,1,stromEingaenge,7,7,0,7,7,0,7,0,24.18893057381889,G731ST-LT,false
RFQ731-000985,x731,CFG731_f97e51d1da57d99f,CFG731_b8db8783f5774853,2.0,TRUE_IN_TOP3,2,dev_advMeterVerification|customUserFluid,11,11,0,3,3,0,11,0,22.04727498931279,x731,false
RFQ731-000986,G731ST-LT,CFG731_32b4b1ec4513af66,CFG731_0bc9c3b6375d4380,3.0,TRUE_IN_TOP3,2,stromSchaltbar|stromEingaenge,12,12,0,2,2,0,12,0,24.05770127838029,G731ST-LT,false
RFQ731-000987,x731,CFG731_cb9d6c11077bd307,CFG731_fe424f85d85e1c0c,5.0,TRUE_IN_TOP5,2,stromEingaenge|dev_advMeterVerification,8,8,0,6,6,0,8,0,20.185524914237124,x731,false
RFQ731-000988,x731,CFG731_337790e6bbcf15f4,CFG731_de32c30417f0baf1,4.0,TRUE_IN_TOP5,1,customUserFluid,10,10,0,4,4,0,10,0,20.646881589270524,x731,false
RFQ731-000989,G731CA,CFG731_691a8f2ff165671d,CFG731_691a8f2ff165671d,1.0,CORRECT_TOP1,0,,11,11,0,1,1,0,11,0,26.623951496598032,G731CA,false
RFQ731-000990,x731,CFG731_2a8793475d827bb6,CFG731_b228aa35c0b027ac,4.0,TRUE_IN_TOP5,1,binaerDigitalOpenColl_MN,9,9,0,5,5,0,9,0,20.651942771649445,x731,false
RFQ731-000991,x731,CFG731_ad0a2fd7350b6cca,CFG731_9defb51135f6ef11,2.0,TRUE_IN_TOP3,2,stromSchaltbar|dynamicGasMaster,12,12,0,3,3,0,12,0,21.28303021624915,x731,false
RFQ731-000992,x731,CFG731_7308ee8503151ef3,CFG731_867e73503f493aa1,2.0,TRUE_IN_TOP3,1,customUserFluid,9,9,0,7,7,0,9,0,23.01648862730921,x731,false
RFQ731-000993,x731,CFG731_7308ee8503151ef3,CFG731_7308ee8503151ef3,1.0,CORRECT_TOP1,0,,12,12,0,5,5,0,12,0,24.08459946335313,x731,false
RFQ731-000994,G731ST-HT,CFG731_a4416ae9d698efa6,CFG731_1060da033d1aaed1,4.0,TRUE_IN_TOP5,1,temperaturEingaenge,11,11,0,2,2,0,11,0,24.36825562300831,G731ST-HT,false
RFQ731-000995,x731,CFG731_8c8856d21252930e,CFG731_6472ab3bf7316498,3.0,TRUE_IN_TOP3,1,binaerOpenColl_MP,12,12,0,1,1,0,12,0,21.002259722229663,x731,false
RFQ731-000996,x731,CFG731_a6d4830ed3aa2681,CFG731_a77e5e082c8f0465,2.0,TRUE_IN_TOP3,1,stromEingaenge,11,11,0,4,4,0,11,0,21.49466301056918,x731,false
RFQ731-000997,G731ST-HT,CFG731_7b2f69a7ca55041b,CFG731_7b2f69a7ca55041b,1.0,CORRECT_TOP1,0,,13,13,0,3,3,0,13,0,27.80408690678628,G731ST-HT,false
RFQ731-000998,x731,CFG731_357a7724550c556f,CFG731_a7aba912cacdcceb,5.0,TRUE_IN_TOP5,3,stromEingaenge|temperaturEingaenge|customUserFluid,8,8,0,4,4,0,8,0,17.336047155774185,x731,false
RFQ731-000999,G731ST-LT,CFG731_750dd83a06ba43cb,CFG731_750dd83a06ba43cb,1.0,CORRECT_TOP1,0,,8,8,0,7,7,0,8,0,25.785407490269424,G731ST-LT,false
RFQ731-001000,G731ST-HT,CFG731_a69c8345e2cbb480,CFG731_a69c8345e2cbb480,1.0,CORRECT_TOP1,0,,8,8,0,7,7,0,8,0,27.348461637980435,G731ST-HT,false
RFQ731-001001,x731,CFG731_14269a1a57ac4cbc,CFG731_14269a1a57ac4cbc,1.0,CORRECT_TOP1,0,,12,12,0,4,4,0,12,0,23.03912002707659,x731,false
RFQ731-001002,x731,CFG731_59f11353d30c03ee,CFG731_ba17ab216ae91e1a,3.0,TRUE_IN_TOP3,1,dev_advMeterVerification,9,9,0,6,6,0,9,0,21.833116672399257,x731,false
RFQ731-001003,F731PW,CFG731_956456fc074ebc5a,CFG731_956456fc074ebc5a,1.0,CORRECT_TOP1,0,,8,8,0,4,4,0,8,0,35.15118328057918,F731PW,false
RFQ731-001004,x731,CFG731_243419c6708378b3,CFG731_243419c6708378b3,1.0,CORRECT_TOP1,0,,10,10,0,5,5,0,10,0,21.21421686761144,x731,false
RFQ731-001005,x731,CFG731_5ea309f998205da7,CFG731_9ccdadb28a07accd,6.0,TRUE_IN_TOP10,2,dev_advMeterVerification|customUserFluid,13,13,0,1,1,0,13,0,21.281151774626046,x731,false
RFQ731-001006,F731TE,CFG731_31d150421c4341a3,CFG731_31d150421c4341a3,1.0,CORRECT_TOP1,0,,8,8,0,3,3,0,8,0,30.27739572816512,F731TE,false
RFQ731-001007,x731,CFG731_c585b182e5ecfc9a,CFG731_c585b182e5ecfc9a,1.0,CORRECT_TOP1,0,,10,10,0,3,3,0,10,0,22.84693719150159,x731,false
RFQ731-001008,x731,CFG731_440f9c9b032b7d0a,CFG731_80409e6aafce9221,3.0,TRUE_IN_TOP3,1,stromEingaenge,10,10,0,4,4,0,10,0,19.567966282292456,x731,false
RFQ731-001009,x731,CFG731_f97e51d1da57d99f,CFG731_8eb1a4c3831aebc6,2.0,TRUE_IN_TOP3,1,stromEingaenge,12,12,0,3,3,0,12,0,22.784717759927968,x731,false
RFQ731-001010,x731,CFG731_927f189839c665ae,CFG731_b7ded675dbfd5f0b,4.0,TRUE_IN_TOP5,2,stromSchaltbar|dev_advMeterVerification,9,9,0,4,4,0,9,0,17.966952273620677,x731,false
RFQ731-001011,x731,CFG731_aba447e5ca3ac7ba,CFG731_91a62b1e0bf4bbce,2.0,TRUE_IN_TOP3,1,stromSchaltbar,10,10,0,3,3,0,10,0,21.46968963738356,x731,false
RFQ731-001012,G731ST-HT,CFG731_cc9ac35e4d9a1854,CFG731_348f97ec6945fbf8,2.0,TRUE_IN_TOP3,1,temperaturEingaenge,12,12,0,3,3,0,12,0,26.95040647939092,G731ST-HT,false
RFQ731-001013,x731,CFG731_a9ec8cda9130252f,CFG731_a9ec8cda9130252f,1.0,CORRECT_TOP1,0,,12,12,0,2,2,0,12,0,21.61092631341104,x731,false
RFQ731-001014,x731,CFG731_63b50b6b631946e6,CFG731_63b50b6b631946e6,1.0,CORRECT_TOP1,0,,13,13,0,1,1,0,13,0,22.267604404058048,x731,false
RFQ731-001015,x731,CFG731_fd3397424975992e,CFG731_fd3397424975992e,1.0,CORRECT_TOP1,0,,11,11,0,4,4,0,11,0,21.48187663424205,x731,false
RFQ731-001016,G731ST-LT,CFG731_49cd4cbef1081333,CFG731_cc03e3852895ae99,2.0,TRUE_IN_TOP3,2,stromEingaenge|temperaturEingaenge,10,10,0,3,3,0,10,0,22.26223384554217,G731ST-LT,false
RFQ731-001017,x731,CFG731_c1d02f1d1235ec05,CFG731_98e30468f83e5da1,4.0,TRUE_IN_TOP5,3,temperaturEingaenge|dev_advMeterVerification|customUserFluid,11,11,0,2,2,0,11,0,20.14585537262765,x731,false
RFQ731-001018,x731,CFG731_34e092c266a308aa,CFG731_34e092c266a308aa,1.0,CORRECT_TOP1,0,,11,11,0,4,4,0,11,0,22.065224155178772,x731,false
RFQ731-001019,x731,CFG731_9a5bfa9148a9b604,CFG731_9a5bfa9148a9b604,1.0,CORRECT_TOP1,0,,10,10,0,4,4,0,10,0,24.301017632302027,x731,false
RFQ731-001020,G731ST-HT,CFG731_a288340143e53b7f,CFG731_a288340143e53b7f,1.0,CORRECT_TOP1,0,,12,12,0,3,3,0,12,0,27.17755327385438,G731ST-HT,false
RFQ731-001021,x731,CFG731_cb9d6c11077bd307,CFG731_d258fff6b39ba941,5.0,TRUE_IN_TOP5,2,stromEingaenge|binaerDigitalOpenColl_MN,9,9,0,5,5,0,9,0,19.290402498904527,x731,false
RFQ731-001022,G731ST-HT,CFG731_a3b03637ed22317c,CFG731_a3b03637ed22317c,1.0,CORRECT_TOP1,0,,15,15,0,1,1,0,15,0,28.263428625233576,G731ST-HT,false
RFQ731-001023,F731WD_DualChannel,CFG731_c37386a371e13fa8,CFG731_c37386a371e13fa8,1.0,CORRECT_TOP1,0,,9,9,0,3,3,0,9,0,30.890273125287308,F731WD_DualChannel,false
RFQ731-001024,x731,CFG731_6e096e946540ab4e,CFG731_aacf790c5259123d,3.0,TRUE_IN_TOP3,2,dev_advMeterVerification|dynamicGasMaster,12,12,0,3,3,0,12,0,21.1478993739198,x731,false
RFQ731-001025,G731ST-LT,CFG731_ae2e4cfccaff4f50,CFG731_6436acf7faa1f61d,4.0,TRUE_IN_TOP5,1,temperaturEingaenge,12,12,0,2,2,0,12,0,24.182113194100683,G731ST-LT,false
RFQ731-001026,x731,CFG731_0fbee36816b7af98,CFG731_30ccf87da13edf1e,2.0,TRUE_IN_TOP3,1,dev_advMeterVerification,13,13,0,3,3,0,13,0,23.6776599213187,x731,false
RFQ731-001027,F731PW,CFG731_ef211cb97feaddc8,CFG731_ef211cb97feaddc8,1.0,CORRECT_TOP1,0,,9,9,0,3,3,0,9,0,29.504288687985053,F731PW,false
RFQ731-001028,x731,CFG731_073f991a6c9a4683,CFG731_3a955b973baab5a5,2.0,TRUE_IN_TOP3,1,temperaturEingaenge,9,9,0,7,7,0,9,0,23.13809732274505,x731,false
RFQ731-001029,x731,CFG731_e049618b920d59b6,CFG731_85891d97ce4083b3,4.0,TRUE_IN_TOP5,1,stromEingaenge,13,13,0,2,2,0,13,0,22.31441286085421,x731,false
RFQ731-001030,G731ST-LT,CFG731_8b6ed3cfa9ed1e59,CFG731_8b6ed3cfa9ed1e59,1.0,CORRECT_TOP1,0,,11,11,0,4,4,0,11,0,25.88427072102424,G731ST-LT,false
RFQ731-001031,F731PW,CFG731_7785b2914ebb6eaf,CFG731_7785b2914ebb6eaf,1.0,CORRECT_TOP1,0,,7,7,0,5,5,0,7,0,29.024288688400222,F731PW,false
RFQ731-001032,x731,CFG731_83f956404d04e6cd,CFG731_ec83ad3bde5df955,2.0,TRUE_IN_TOP3,1,dev_advMeterVerification,12,12,0,4,4,0,12,0,24.17919670396897,x731,false
RFQ731-001033,x731,CFG731_e049618b920d59b6,CFG731_28ed390fb80cb66f,2.0,TRUE_IN_TOP3,3,temperaturEingaenge|dev_advMeterVerification|dynamicGasMaster,10,10,0,3,3,0,10,0,19.609907695404715,x731,false
RFQ731-001034,x731,CFG731_467e11f2e0bc0666,CFG731_467e11f2e0bc0666,1.0,CORRECT_TOP1,0,,11,11,0,2,2,0,11,0,19.673447286365228,x731,false
RFQ731-001035,F731PW,CFG731_7785b2914ebb6eaf,CFG731_7785b2914ebb6eaf,1.0,CORRECT_TOP1,0,,10,10,0,2,2,0,10,0,29.024288688400222,F731PW,false
RFQ731-001036,x731,CFG731_f7f0034a8b15f329,CFG731_f7f0034a8b15f329,1.0,CORRECT_TOP1,0,,11,11,0,3,3,0,11,0,23.38311179663129,x731,false
RFQ731-001037,x731,CFG731_cf543b1c3927ab71,CFG731_624f3002b3cf1e19,2.0,TRUE_IN_TOP3,2,dev_advMeterVerification|customUserFluid,12,12,0,2,2,0,12,0,21.89729691684638,x731,false
RFQ731-001038,x731,CFG731_3b2a32abbf148ca1,CFG731_d4be02ad7e56a796,5.0,TRUE_IN_TOP5,3,stromSchaltbar|temperaturEingaenge|dynamicGasMaster,10,10,0,4,4,0,10,0,19.735639869534133,x731,false
RFQ731-001039,G731ST-HT,CFG731_6e53621a73b55f2c,CFG731_0c11243388e65244,3.0,TRUE_IN_TOP3,1,temperaturEingaenge,12,12,0,2,2,0,12,0,25.454130974387507,G731ST-HT,false
RFQ731-001040,G731ST-LT,CFG731_49cd4cbef1081333,CFG731_adfa7e5b1355ce87,,TRUE_UNRANKED,3,stromEingaenge|temperaturEingaenge|binaerDigitalOpenColl_MN,7,7,0,5,5,0,7,0,20.279436929730057,G731ST-LT,false
RFQ731-001041,x731,CFG731_fe9a409c6b2ba9cc,CFG731_08efe1333b2d7967,6.0,TRUE_IN_TOP10,2,stromEingaenge|customUserFluid,9,9,0,4,4,0,9,0,18.95919716469584,x731,false
RFQ731-001042,G731CA,CFG731_d97c333965654bd3,CFG731_d97c333965654bd3,1.0,CORRECT_TOP1,0,,11,11,0,1,1,0,11,0,25.445809250813937,G731CA,false
RFQ731-001043,x731,CFG731_784eb334d1d77ae7,CFG731_784eb334d1d77ae7,1.0,CORRECT_TOP1,0,,14,14,0,2,2,0,14,0,23.768493301654647,x731,false
RFQ731-001044,G731ST-LT,CFG731_8da1da530d6ae54d,CFG731_8da1da530d6ae54d,1.0,CORRECT_TOP1,0,,12,12,0,4,4,0,12,0,27.431661067739245,G731ST-LT,false
RFQ731-001045,G731CA,CFG731_1dfb5999b1debe3a,CFG731_1dfb5999b1debe3a,1.0,CORRECT_TOP1,0,,11,11,0,3,3,0,11,0,35.99656438970778,G731CA,false
RFQ731-001046,F731WD_SingleChannel,CFG731_70b6eaf9262ca4d0,CFG731_70b6eaf9262ca4d0,1.0,CORRECT_TOP1,0,,10,10,0,3,3,0,10,0,30.762456252706688,F731WD_SingleChannel,false
RFQ731-001047,G731ST-HT,CFG731_c32627af59ba1526,CFG731_c32627af59ba1526,1.0,CORRECT_TOP1,0,,13,13,0,2,2,0,13,0,26.82599456367052,G731ST-HT,false
RFQ731-001048,G731ST-HT,CFG731_2a989bd6dba74d9f,CFG731_b7a7770d19b6f648,4.0,TRUE_IN_TOP5,2,stromSchaltbar|temperaturEingaenge,8,8,0,6,6,0,8,0,25.646304111056885,G731ST-HT,false
RFQ731-001049,x731,CFG731_df5f598a914fb1cc,CFG731_df5f598a914fb1cc,1.0,CORRECT_TOP1,0,,9,9,0,5,5,0,9,0,20.88925291522775,x731,false
RFQ731-001050,F731TE,CFG731_574aa7a29f75cd60,CFG731_574aa7a29f75cd60,1.0,CORRECT_TOP1,0,,11,11,0,2,2,0,11,0,35.46079387870506,F731TE,false
RFQ731-001051,x731,CFG731_8f09aec272635dca,CFG731_d622722cfe4eb872,,TRUE_UNRANKED,2,stromEingaenge|dynamicGasMaster,11,11,0,2,2,0,11,0,18.66144597196764,x731,false
RFQ731-001052,x731,CFG731_fd3397424975992e,CFG731_fd3397424975992e,1.0,CORRECT_TOP1,0,,14,14,0,1,1,0,14,0,21.48187663424205,x731,false
RFQ731-001053,G731ST-HT,CFG731_4aa7d46b9cfa7d7b,CFG731_fa91f60062985c6d,3.0,TRUE_IN_TOP3,2,stromEingaenge|temperaturEingaenge,11,11,0,3,3,0,11,0,25.60200664906349,G731ST-HT,false
RFQ731-001054,F731TE,CFG731_d8c69b7395beabbb,CFG731_d8c69b7395beabbb,1.0,CORRECT_TOP1,0,,12,12,0,1,1,0,12,0,38.80183643608151,F731TE,false
RFQ731-001055,x731,CFG731_337790e6bbcf15f4,CFG731_337790e6bbcf15f4,1.0,CORRECT_TOP1,0,,12,12,0,3,3,0,12,0,21.71499242531444,x731,false
RFQ731-001056,F731TE,CFG731_3d8c1bbc0ef4249a,CFG731_f79503cf8f87ea49,2.0,TRUE_IN_TOP3,2,stromSchaltbar|binaerOpenColl_MP,10,10,0,1,1,0,10,0,28.159756771445156,F731TE,false
RFQ731-001057,G731CA,CFG731_b43582909c828d95,CFG731_b43582909c828d95,1.0,CORRECT_TOP1,0,,8,8,0,4,4,0,8,0,21.956670308779955,G731CA,false
RFQ731-001058,G731ST-LT,CFG731_0fdf5c36c9c41e69,CFG731_671960d0fb04b698,2.0,TRUE_IN_TOP3,2,stromSchaltbar|temperaturEingaenge,10,10,0,4,4,0,10,0,23.830554483916828,G731ST-LT,false
RFQ731-001059,x731,CFG731_fde1ab2a4808b544,CFG731_9c21848fed1f6e04,2.0,TRUE_IN_TOP3,2,stromSchaltbar|dev_advMeterVerification,11,11,0,3,3,0,11,0,20.41477410649101,x731,false
RFQ731-001060,x731,CFG731_fb1ab4b34e9c8a75,CFG731_b33230214578603d,2.0,TRUE_IN_TOP3,2,temperaturEingaenge|dev_advMeterVerification,11,11,0,3,3,0,11,0,20.0486124201876,x731,false
RFQ731-001061,x731,CFG731_31aa13473958d7d3,CFG731_31aa13473958d7d3,1.0,CORRECT_TOP1,0,,11,11,0,6,6,0,11,0,24.196737263136928,x731,false
RFQ731-001062,x731,CFG731_c517a14f9cf12c39,CFG731_c517a14f9cf12c39,1.0,CORRECT_TOP1,0,,10,10,0,5,5,0,10,0,22.41665767541917,x731,false
RFQ731-001063,x731,CFG731_bb61f56875b25c60,CFG731_bb61f56875b25c60,1.0,CORRECT_TOP1,0,,8,8,0,5,5,0,8,0,21.44783847863536,x731,false
RFQ731-001064,G731ST-HT,CFG731_b3ed2928d6d65710,CFG731_b3ed2928d6d65710,1.0,CORRECT_TOP1,0,,12,12,0,2,2,0,12,0,25.4350394787327,G731ST-HT,false
RFQ731-001065,x731,CFG731_2683cf7e09782f5e,CFG731_2683cf7e09782f5e,1.0,CORRECT_TOP1,0,,11,11,0,5,5,0,11,0,22.62841662476227,x731,false
RFQ731-001066,x731,CFG731_3b2a32abbf148ca1,CFG731_8e97bb2bec352a2c,3.0,TRUE_IN_TOP3,2,stromEingaenge|temperaturEingaenge,11,11,0,4,4,0,11,0,21.451333765258923,x731,false
RFQ731-001067,x731,CFG731_a70e307c2ffca857,CFG731_4f57c7eb0fb7e785,2.0,TRUE_IN_TOP3,1,stromSchaltbar,10,10,0,3,3,0,10,0,21.66466545040624,x731,false
RFQ731-001068,x731,CFG731_5e57a3f6d3b745b8,CFG731_5e57a3f6d3b745b8,1.0,CORRECT_TOP1,0,,6,6,0,8,8,0,6,0,23.79948084965176,x731,false
RFQ731-001069,x731,CFG731_6e096e946540ab4e,CFG731_82b31fa8518668d4,4.0,TRUE_IN_TOP5,3,stromEingaenge|temperaturEingaenge|dev_advMeterVerification,12,12,0,2,2,0,12,0,20.05429561879852,x731,false
RFQ731-001070,x731,CFG731_6e096e946540ab4e,CFG731_ac8195f5cce7d089,2.0,TRUE_IN_TOP3,1,stromEingaenge,12,12,0,4,4,0,12,0,22.497187329323665,x731,false
RFQ731-001071,x731,CFG731_219ac3d01befd6d1,CFG731_b418359232bf5862,6.0,TRUE_IN_TOP10,3,stromEingaenge|temperaturEingaenge|binaerOpenColl_MP,7,7,0,6,6,0,7,0,18.04451108492764,x731,false
RFQ731-001072,x731,CFG731_83f956404d04e6cd,CFG731_0c5cd97f5c20149b,,TRUE_UNRANKED,5,stromSchaltbar|binaerDigitalOpenColl_MN|dev_advMeterVerification|dynamicGasMaster|customUserFluid,11,11,0,1,1,0,11,0,17.9942524904799,x731,false
RFQ731-001073,x731,CFG731_2e57977cf2dd500a,CFG731_2e57977cf2dd500a,1.0,CORRECT_TOP1,0,,12,12,0,4,4,0,12,0,23.6972235857543,x731,false
RFQ731-001074,x731,CFG731_ac352f2a7f2cc7ab,CFG731_ac352f2a7f2cc7ab,1.0,CORRECT_TOP1,0,,11,11,0,2,2,0,11,0,18.748712773390825,x731,false
RFQ731-001075,G731ST-LT,CFG731_a40ab19ad6671fbe,CFG731_cc64ce3eaedacb17,2.0,TRUE_IN_TOP3,2,stromEingaenge|temperaturEingaenge,10,10,0,4,4,0,10,0,24.175656004789904,G731ST-LT,false
RFQ731-001076,x731,CFG731_073f991a6c9a4683,CFG731_073f991a6c9a4683,1.0,CORRECT_TOP1,0,,14,14,0,3,3,0,14,0,24.493314532790684,x731,false
RFQ731-001077,x731,CFG731_3727d181b2806370,CFG731_3727d181b2806370,1.0,CORRECT_TOP1,0,,12,12,0,2,2,0,12,0,21.7869582661629,x731,false
RFQ731-001078,x731,CFG731_18e687233239e907,CFG731_18e687233239e907,1.0,CORRECT_TOP1,0,,13,13,0,1,1,0,13,0,21.393762674990143,x731,false
RFQ731-001079,F731TE,CFG731_ec26805bdf93259f,CFG731_ec26805bdf93259f,1.0,CORRECT_TOP1,0,,8,8,0,5,5,0,8,0,33.91463444021619,F731TE,false
RFQ731-001080,x731,CFG731_2e57977cf2dd500a,CFG731_7bf14027ad7b0060,5.0,TRUE_IN_TOP5,2,stromSchaltbar|dynamicGasMaster,10,10,0,4,4,0,10,0,20.563187124121264,x731,false
RFQ731-001081,x731,CFG731_9fd2ebe15271fc33,CFG731_9fd2ebe15271fc33,1.0,CORRECT_TOP1,0,,10,10,0,5,5,0,10,0,22.63043973002991,x731,false
RFQ731-001082,x731,CFG731_844c64c49c2e5514,CFG731_7fec165d30a3c1b5,5.0,TRUE_IN_TOP5,1,binaerOpenColl_MP,11,11,0,3,3,0,11,0,18.987343972251317,x731,false
RFQ731-001083,x731,CFG731_62d0f0f6bab9bdcb,CFG731_62d0f0f6bab9bdcb,1.0,CORRECT_TOP1,0,,8,8,0,8,8,0,8,0,23.13333499122269,x731,false
RFQ731-001084,x731,CFG731_482678d927834b42,CFG731_482678d927834b42,1.0,CORRECT_TOP1,0,,9,9,0,5,5,0,9,0,23.07780323680367,x731,false
RFQ731-001085,G731ST-HT,CFG731_a56f1437a0b4ca31,CFG731_a56f1437a0b4ca31,1.0,CORRECT_TOP1,0,,12,12,0,4,4,0,12,0,28.413406697699983,G731ST-HT,false
RFQ731-001086,x731,CFG731_e8e7b7513a5c9544,CFG731_d80fde42f7354305,2.0,TRUE_IN_TOP3,3,stromEingaenge|temperaturEingaenge|dev_advMeterVerification,11,11,0,2,2,0,11,0,19.320192291621915,x731,false
RFQ731-001087,x731,CFG731_70b38ab75d3ca724,CFG731_70b38ab75d3ca724,1.0,CORRECT_TOP1,0,,7,7,0,8,8,0,7,0,21.363433715130576,x731,false
RFQ731-001088,G731ST-HT,CFG731_3f42c988dc83cb23,CFG731_37f37296c515d083,3.0,TRUE_IN_TOP3,1,stromSchaltbar,12,12,0,2,2,0,12,0,25.71624684663771,G731ST-HT,false
RFQ731-001089,x731,CFG731_9228cc48e333917c,CFG731_9228cc48e333917c,1.0,CORRECT_TOP1,0,,10,10,0,5,5,0,10,0,21.956036770952142,x731,false
RFQ731-001090,x731,CFG731_4346df46838fd57e,CFG731_bcb75237dcbc3975,3.0,TRUE_IN_TOP3,2,temperaturEingaenge|customUserFluid,8,8,0,6,6,0,8,0,20.361371770466807,x731,false
RFQ731-001091,x731,CFG731_7962ce0b7d875608,CFG731_7962ce0b7d875608,1.0,CORRECT_TOP1,0,,11,11,0,3,3,0,11,0,23.04221299729548,x731,false
RFQ731-001092,x731,CFG731_22fecf5bb26e1132,CFG731_22fecf5bb26e1132,1.0,CORRECT_TOP1,0,,11,11,0,4,4,0,11,0,22.244470125273384,x731,false
RFQ731-001093,x731,CFG731_579057193c092394,CFG731_0d3b04d12b4208a2,6.0,TRUE_IN_TOP10,1,temperaturEingaenge,10,10,0,4,4,0,10,0,19.247639455685103,x731,false
RFQ731-001094,G731ST-HT,CFG731_cc9ac35e4d9a1854,CFG731_348f97ec6945fbf8,2.0,TRUE_IN_TOP3,1,temperaturEingaenge,10,10,0,5,5,0,10,0,26.95040647939092,G731ST-HT,false
RFQ731-001095,G731ST-LT,CFG731_10085782ed0991cf,CFG731_613ed23f00a94a96,2.0,TRUE_IN_TOP3,1,stromSchaltbar,12,12,0,3,3,0,12,0,25.687308476612724,G731ST-LT,false
RFQ731-001096,G731CA,CFG731_b43582909c828d95,CFG731_b43582909c828d95,1.0,CORRECT_TOP1,0,,10,10,0,2,2,0,10,0,21.956670308779955,G731CA,false
RFQ731-001097,F731TE,CFG731_ec26805bdf93259f,CFG731_ec26805bdf93259f,1.0,CORRECT_TOP1,0,,10,10,0,3,3,0,10,0,33.91463444021619,F731TE,false
RFQ731-001098,G731ST-LT,CFG731_d432b6fd40e9e78c,CFG731_13c87640928bf666,4.0,TRUE_IN_TOP5,1,stromEingaenge,11,11,0,2,2,0,11,0,23.054042778518514,G731ST-LT,false
RFQ731-001099,x731,CFG731_a7dc06adf945eba3,CFG731_31ef54b8ab17d3bb,2.0,TRUE_IN_TOP3,2,dev_advMeterVerification|customUserFluid,13,13,0,1,1,0,13,0,21.353753654540576,x731,false
RFQ731-001100,x731,CFG731_89772de94df83ba5,CFG731_7922105a619de8c4,3.0,TRUE_IN_TOP3,3,temperaturEingaenge|dev_advMeterVerification|customUserFluid,10,10,0,3,3,0,10,0,19.55198110237478,x731,false
RFQ731-001101,G731ST-LT,CFG731_87d8ba5b87cf0a3f,CFG731_87d8ba5b87cf0a3f,1.0,CORRECT_TOP1,0,,14,14,0,1,1,0,14,0,25.495135339943342,G731ST-LT,false
RFQ731-001102,x731,CFG731_8f470181ad32eeae,CFG731_147ff4a19b4bcc48,2.0,TRUE_IN_TOP3,1,temperaturEingaenge,11,11,0,5,5,0,11,0,23.98159672998368,x731,false
RFQ731-001103,F731WD_SingleChannel,CFG731_11c93eca01984a14,CFG731_0be7d6198235486b,2.0,TRUE_IN_TOP3,2,stromSchaltbar|binaerOpenColl_MP,8,8,0,3,3,0,8,0,25.359137294119503,F731WD_SingleChannel,false
RFQ731-001104,x731,CFG731_747411fe70ba8e8d,CFG731_c3b5b1049b2ed7bb,7.0,TRUE_IN_TOP10,2,stromEingaenge|temperaturEingaenge,10,10,0,3,3,0,10,0,18.725898308149784,x731,false
RFQ731-001105,G731ST-HT,CFG731_c3a136a8630f644d,CFG731_c3a136a8630f644d,1.0,CORRECT_TOP1,0,,12,12,0,4,4,0,12,0,28.703678848026065,G731ST-HT,false
RFQ731-001106,G731ST-HT,CFG731_eb70dc35972dc4b7,CFG731_eb70dc35972dc4b7,1.0,CORRECT_TOP1,0,,11,11,0,4,4,0,11,0,26.887281123528297,G731ST-HT,false
RFQ731-001107,x731,CFG731_3b2a32abbf148ca1,CFG731_52a32c0fb4bd3f9a,9.0,TRUE_IN_TOP10,4,stromSchaltbar|stromEingaenge|temperaturEingaenge|dynamicGasMaster,12,12,0,1,1,0,12,0,18.317297303625885,x731,false
RFQ731-001108,G731ST-LT,CFG731_750dd83a06ba43cb,CFG731_750dd83a06ba43cb,1.0,CORRECT_TOP1,0,,8,8,0,7,7,0,8,0,25.785407490269424,G731ST-LT,false
RFQ731-001109,x731,CFG731_337790e6bbcf15f4,CFG731_48cf6bd4ca59e583,4.0,TRUE_IN_TOP5,1,binaerOpenColl_MP,12,12,0,2,2,0,12,0,19.441923359176243,x731,false
RFQ731-001110,x731,CFG731_d8c9e5b1edc3b4b3,CFG731_d8c9e5b1edc3b4b3,1.0,CORRECT_TOP1,0,,11,11,0,4,4,0,11,0,22.56346997156121,x731,false
RFQ731-001111,x731,CFG731_94be99d48ade0efb,CFG731_0e65994bfbb04e39,5.0,TRUE_IN_TOP5,2,stromEingaenge|dev_advMeterVerification,12,12,0,2,2,0,12,0,19.86078610345016,x731,false
RFQ731-001112,x731,CFG731_962b6fcde3072947,CFG731_bdd144687fe20504,4.0,TRUE_IN_TOP5,1,binaerOpenColl_MP,12,12,0,3,3,0,12,0,19.81252673579472,x731,false
RFQ731-001113,F731PW,CFG731_f9fd6a4462ec051a,CFG731_f9fd6a4462ec051a,1.0,CORRECT_TOP1,0,,10,10,0,2,2,0,10,0,34.02362848404934,F731PW,false
RFQ731-001114,G731ST-HT,CFG731_8b18ac1c34209d63,CFG731_708466e4f37148f0,2.0,TRUE_IN_TOP3,1,temperaturEingaenge,11,11,0,4,4,0,11,0,26.73914184706673,G731ST-HT,false
RFQ731-001115,F731TE,CFG731_fd6959ad3c5fd9ed,CFG731_fd6959ad3c5fd9ed,1.0,CORRECT_TOP1,0,,8,8,0,3,3,0,8,0,30.16525792838132,F731TE,false
RFQ731-001116,x731,CFG731_14ec1773441318c2,CFG731_14ec1773441318c2,1.0,CORRECT_TOP1,0,,10,10,0,3,3,0,10,0,21.790777688938185,x731,false
RFQ731-001117,x731,CFG731_c39096767a7ae083,CFG731_4da2b3fd83325505,2.0,TRUE_IN_TOP3,2,stromEingaenge|dev_advMeterVerification,11,11,0,4,4,0,11,0,21.761071539028016,x731,false
RFQ731-001118,x731,CFG731_241d60e6ef5278be,CFG731_56f0dbd067fcbe02,5.0,TRUE_IN_TOP5,3,stromSchaltbar|stromEingaenge|customUserFluid,9,9,0,4,4,0,9,0,19.010312006407435,x731,false
RFQ731-001119,x731,CFG731_57a2b410fc32b41a,CFG731_57a2b410fc32b41a,1.0,CORRECT_TOP1,0,,12,12,0,3,3,0,12,0,21.487845630850977,x731,false
RFQ731-001120,G731ST-LT,CFG731_0fdf5c36c9c41e69,CFG731_0fdf5c36c9c41e69,1.0,CORRECT_TOP1,0,,13,13,0,3,3,0,13,0,26.639852134762897,G731ST-LT,false
RFQ731-001121,x731,CFG731_f7f0034a8b15f329,CFG731_8634a8a0a780401d,2.0,TRUE_IN_TOP3,1,binaerOpenColl_MP,9,9,0,4,4,0,9,0,21.1100427304931,x731,false
RFQ731-001122,G731ST-LT,CFG731_10085782ed0991cf,CFG731_c563d973b2fc136b,3.0,TRUE_IN_TOP3,2,stromEingaenge|temperaturEingaenge,11,11,0,3,3,0,11,0,24.36782914145928,G731ST-LT,false
RFQ731-001123,G731ST-LT,CFG731_d5af433b36265df1,CFG731_9c6b16fef6d02aaf,3.0,TRUE_IN_TOP3,1,binaerDigitalOpenColl_MN,14,14,0,0,0,0,14,0,23.660214098807216,G731ST-LT,false
RFQ731-001124,x731,CFG731_e049618b920d59b6,CFG731_28ed390fb80cb66f,2.0,TRUE_IN_TOP3,3,temperaturEingaenge|dev_advMeterVerification|dynamicGasMaster,10,10,0,3,3,0,10,0,19.609907695404715,x731,false
RFQ731-001125,x731,CFG731_54b63f2628adfc32,CFG731_d3ce57e5727e1d4a,3.0,TRUE_IN_TOP3,1,stromSchaltbar,10,10,0,4,4,0,10,0,19.96931285386839,x731,false
RFQ731-001126,x731,CFG731_8153d67c519453a2,CFG731_8153d67c519453a2,1.0,CORRECT_TOP1,0,,11,11,0,4,4,0,11,0,21.730161190919983,x731,false
RFQ731-001127,x731,CFG731_2692d4e8945eb6ee,CFG731_2692d4e8945eb6ee,1.0,CORRECT_TOP1,0,,10,10,0,4,4,0,10,0,19.80064939897815,x731,false
RFQ731-001128,F731WD_SingleChannel,CFG731_70b6eaf9262ca4d0,CFG731_400b0d973c930668,2.0,TRUE_IN_TOP3,2,stromSchaltbar|binaerOpenColl_MP,8,8,0,3,3,0,8,0,21.75786055230172,F731WD_SingleChannel,false
RFQ731-001129,x731,CFG731_357a7724550c556f,CFG731_c976e33226ef748e,2.0,TRUE_IN_TOP3,2,stromEingaenge|temperaturEingaenge,9,9,0,4,4,0,9,0,18.4041579918181,x731,false
RFQ731-001130,x731,CFG731_da02526d254e2e35,CFG731_0848f22447616e6f,2.0,TRUE_IN_TOP3,1,customUserFluid,11,11,0,4,4,0,11,0,21.563687372528506,x731,false
RFQ731-001131,F731TE,CFG731_ac57adca497d644f,CFG731_4d0235c9d5cc61be,2.0,TRUE_IN_TOP3,2,stromSchaltbar|binaerOpenColl_MP,9,9,0,2,2,0,9,0,28.66129355409542,F731TE,false
RFQ731-001132,x731,CFG731_36d7686aca1200ae,CFG731_a4038243bb1e609e,3.0,TRUE_IN_TOP3,2,stromSchaltbar|customUserFluid,11,11,0,3,3,0,11,0,20.73794786244182,x731,false
RFQ731-001133,G731ST-LT,CFG731_d432b6fd40e9e78c,CFG731_d432b6fd40e9e78c,1.0,CORRECT_TOP1,0,,12,12,0,2,2,0,12,0,24.472385344426765,G731ST-LT,false
RFQ731-001134,G731ST-HT,CFG731_2a989bd6dba74d9f,CFG731_b7a7770d19b6f648,4.0,TRUE_IN_TOP5,2,stromSchaltbar|temperaturEingaenge,11,11,0,3,3,0,11,0,25.646304111056885,G731ST-HT,false
RFQ731-001135,x731,CFG731_77a90bfd81b5c2c1,CFG731_77a90bfd81b5c2c1,1.0,CORRECT_TOP1,0,,10,10,0,5,5,0,10,0,21.39374473161853,x731,false
RFQ731-001136,G731ST-LT,CFG731_7882c72c21497015,CFG731_7882c72c21497015,1.0,CORRECT_TOP1,0,,10,10,0,6,6,0,10,0,27.28168299527284,G731ST-LT,false
RFQ731-001137,G731CA,CFG731_2aca30183aab25a9,CFG731_2aca30183aab25a9,1.0,CORRECT_TOP1,0,,11,11,0,3,3,0,11,0,30.389786490953828,G731CA,false
RFQ731-001138,x731,CFG731_cd4f211fbf872f2e,CFG731_967a77b57dcbfcb0,4.0,TRUE_IN_TOP5,2,dev_advMeterVerification|customUserFluid,9,9,0,4,4,0,9,0,19.73011545291706,x731,false
RFQ731-001139,G731ST-HT,CFG731_3f42c988dc83cb23,CFG731_b5710e5f11e2cbc2,4.0,TRUE_IN_TOP5,1,stromEingaenge,11,11,0,3,3,0,11,0,25.751984721529897,G731ST-HT,false
RFQ731-001140,x731,CFG731_c1d02f1d1235ec05,CFG731_f840cb2b069bdaac,3.0,TRUE_IN_TOP3,1,stromSchaltbar,14,14,0,1,1,0,14,0,22.20277747839627,x731,false
RFQ731-001141,x731,CFG731_219ac3d01befd6d1,CFG731_b418359232bf5862,6.0,TRUE_IN_TOP10,3,stromEingaenge|temperaturEingaenge|binaerOpenColl_MP,11,11,0,2,2,0,11,0,18.04451108492764,x731,false
RFQ731-001142,x731,CFG731_4e59e6fc4174afa3,CFG731_4e59e6fc4174afa3,1.0,CORRECT_TOP1,0,,10,10,0,4,4,0,10,0,23.543749779945745,x731,false
RFQ731-001143,x731,CFG731_241d60e6ef5278be,CFG731_92fbdd06b7923fc1,2.0,TRUE_IN_TOP3,2,stromSchaltbar|temperaturEingaenge,9,9,0,5,5,0,9,0,20.14154819831397,x731,false
RFQ731-001144,F731TE,CFG731_31d150421c4341a3,CFG731_31d150421c4341a3,1.0,CORRECT_TOP1,0,,6,6,0,5,5,0,6,0,30.27739572816512,F731TE,false
RFQ731-001145,x731,CFG731_21cf39d47f0d98ac,CFG731_21cf39d47f0d98ac,1.0,CORRECT_TOP1,0,,8,8,0,4,4,0,8,0,19.50373418405184,x731,false
RFQ731-001146,x731,CFG731_2a8793475d827bb6,CFG731_3a443cba223b0ece,10.0,TRUE_IN_TOP10,3,temperaturEingaenge|binaerDigitalOpenColl_MN|customUserFluid,7,7,0,5,5,0,7,0,18.2286147255599,x731,false
RFQ731-001147,G731ST-HT,CFG731_cc9ac35e4d9a1854,CFG731_143205a81a2e7efc,2.0,TRUE_IN_TOP3,1,stromSchaltbar,15,15,0,0,0,0,15,0,26.85154324863611,G731ST-HT,false
RFQ731-001148,x731,CFG731_1f978c234895178c,CFG731_007c0829be0a9482,2.0,TRUE_IN_TOP3,1,dev_advMeterVerification,10,10,0,5,5,0,10,0,21.259534756377747,x731,false
RFQ731-001149,x731,CFG731_1b365e0951e7dea4,CFG731_550d755cbeee6b89,6.0,TRUE_IN_TOP10,1,binaerDigitalOpenColl_MN,10,10,0,4,4,0,10,0,20.580457248263315,x731,false
RFQ731-001150,F731PW,CFG731_7785b2914ebb6eaf,CFG731_7785b2914ebb6eaf,1.0,CORRECT_TOP1,0,,8,8,0,4,4,0,8,0,29.024288688400222,F731PW,false
RFQ731-001151,x731,CFG731_96c2ea74f0083869,CFG731_1d9f683b219cb519,3.0,TRUE_IN_TOP3,2,dynamicGasMaster|customUserFluid,11,11,0,3,3,0,11,0,19.924647229879152,x731,false
RFQ731-001152,x731,CFG731_3b2a32abbf148ca1,CFG731_ebca481dc92d4982,4.0,TRUE_IN_TOP5,2,temperaturEingaenge|binaerOpenColl_MP,11,11,0,4,4,0,11,0,20.59660726502898,x731,false
RFQ731-001153,x731,CFG731_5fb1bce2eb72cec6,CFG731_5fb1bce2eb72cec6,1.0,CORRECT_TOP1,0,,11,11,0,4,4,0,11,0,22.610876065594308,x731,false
RFQ731-001154,G731CA,CFG731_757fbd3e8915b462,CFG731_757fbd3e8915b462,1.0,CORRECT_TOP1,0,,11,11,0,3,3,0,11,0,33.69134256155629,G731CA,false
RFQ731-001155,x731,CFG731_33fed5318b1a4f2f,CFG731_7157b3d45716ad8f,2.0,TRUE_IN_TOP3,1,binaerOpenColl_MP,10,10,0,4,4,0,10,0,20.58200003606862,x731,false
RFQ731-001156,x731,CFG731_6e096e946540ab4e,CFG731_ac8195f5cce7d089,2.0,TRUE_IN_TOP3,1,stromEingaenge,15,15,0,1,1,0,15,0,22.497187329323665,x731,false
RFQ731-001157,x731,CFG731_b7c5e5eddd92ed3a,CFG731_558c0cc81a7cd52b,5.0,TRUE_IN_TOP5,2,stromSchaltbar|binaerDigitalOpenColl_MN,9,9,0,3,3,0,9,0,16.924118549168348,x731,false
RFQ731-001158,x731,CFG731_a70e307c2ffca857,CFG731_4f57c7eb0fb7e785,2.0,TRUE_IN_TOP3,1,stromSchaltbar,10,10,0,3,3,0,10,0,21.66466545040624,x731,false
RFQ731-001159,x731,CFG731_2fec34c8938ed8c5,CFG731_b1cb604b4f0bb460,2.0,TRUE_IN_TOP3,1,stromSchaltbar,11,11,0,3,3,0,11,0,19.868579671439925,x731,false
RFQ731-001160,x731,CFG731_a59cc7e57b856164,CFG731_a59cc7e57b856164,1.0,CORRECT_TOP1,0,,10,10,0,5,5,0,10,0,22.627922307743354,x731,false
RFQ731-001161,x731,CFG731_5e61ce3b60d15e11,CFG731_5e61ce3b60d15e11,1.0,CORRECT_TOP1,0,,12,12,0,5,5,0,12,0,24.905628499657887,x731,false
RFQ731-001162,x731,CFG731_d67b44eae58dfe59,CFG731_d67b44eae58dfe59,1.0,CORRECT_TOP1,0,,13,13,0,1,1,0,13,0,20.09888003353069,x731,false
RFQ731-001163,x731,CFG731_83f956404d04e6cd,CFG731_d8a10cfbf11bf067,2.0,TRUE_IN_TOP3,1,dynamicGasMaster,10,10,0,6,6,0,10,0,23.586915183615883,x731,false
RFQ731-001164,x731,CFG731_67751271582e3c57,CFG731_67751271582e3c57,1.0,CORRECT_TOP1,0,,8,8,0,7,7,0,8,0,22.39961143327012,x731,false
RFQ731-001165,x731,CFG731_241d60e6ef5278be,CFG731_b2229c50a5d9ad96,3.0,TRUE_IN_TOP3,1,binaerDigitalOpenColl_MN,8,8,0,7,7,0,8,0,20.968048933347927,x731,false
RFQ731-001166,G731ST-HT,CFG731_8b18ac1c34209d63,CFG731_708466e4f37148f0,2.0,TRUE_IN_TOP3,1,temperaturEingaenge,12,12,0,3,3,0,12,0,26.73914184706673,G731ST-HT,false
RFQ731-001167,x731,CFG731_1f0c09edcd967945,CFG731_1f0c09edcd967945,1.0,CORRECT_TOP1,0,,11,11,0,3,3,0,11,0,21.265857819077038,x731,false
RFQ731-001168,F731WD_SingleChannel,CFG731_11c93eca01984a14,CFG731_0be7d6198235486b,2.0,TRUE_IN_TOP3,2,stromSchaltbar|binaerOpenColl_MP,8,8,0,3,3,0,8,0,25.359137294119503,F731WD_SingleChannel,false
RFQ731-001169,G731ST-LT,CFG731_a57ffd88d58eb498,CFG731_a57ffd88d58eb498,1.0,CORRECT_TOP1,0,,11,11,0,4,4,0,11,0,25.573068279038505,G731ST-LT,false
RFQ731-001170,x731,CFG731_6b36d25fda044bf5,CFG731_312da2fbbd3df3eb,2.0,TRUE_IN_TOP3,1,temperaturEingaenge,12,12,0,3,3,0,12,0,21.106232244385847,x731,false
RFQ731-001171,x731,CFG731_f03dd6d0a112bc66,CFG731_bf623a3fc4d39d84,5.0,TRUE_IN_TOP5,1,stromSchaltbar,8,8,0,6,6,0,8,0,21.376716432841103,x731,false
RFQ731-001172,G731ST-LT,CFG731_e03b41992c837b34,CFG731_ae877a3b18b65d0a,2.0,TRUE_IN_TOP3,1,temperaturEingaenge,10,10,0,4,4,0,10,0,23.9708485617765,G731ST-LT,false
RFQ731-001173,G731ST-LT,CFG731_b479671c7b7638f0,CFG731_b479671c7b7638f0,1.0,CORRECT_TOP1,0,,11,11,0,3,3,0,11,0,23.774454296381435,G731ST-LT,false
RFQ731-001174,x731,CFG731_89772de94df83ba5,CFG731_9267914435603df0,5.0,TRUE_IN_TOP5,3,stromSchaltbar|dev_advMeterVerification|customUserFluid,11,11,0,2,2,0,11,0,19.45311787161997,x731,false
RFQ731-001175,x731,CFG731_8d07e19298d09d34,CFG731_8a33ad6b36ecf204,6.0,TRUE_IN_TOP10,4,stromSchaltbar|temperaturEingaenge|dev_advMeterVerification|customUserFluid,9,9,0,3,3,0,9,0,18.95676997056171,x731,false
RFQ731-001176,G731ST-HT,CFG731_fcc72e9951376cf3,CFG731_dabfe16503f243e3,2.0,TRUE_IN_TOP3,1,stromSchaltbar,11,11,0,4,4,0,11,0,27.2917934714286,G731ST-HT,false
RFQ731-001177,x731,CFG731_20e62aeb01c953da,CFG731_098da517f03c0deb,4.0,TRUE_IN_TOP5,1,stromSchaltbar,14,14,0,1,1,0,14,0,21.544643671173496,x731,false
RFQ731-001178,G731ST-LT,CFG731_d5af433b36265df1,CFG731_d5af433b36265df1,1.0,CORRECT_TOP1,0,,10,10,0,5,5,0,10,0,25.64301101461933,G731ST-LT,false
RFQ731-001179,x731,CFG731_c1d02f1d1235ec05,CFG731_f840cb2b069bdaac,3.0,TRUE_IN_TOP3,1,stromSchaltbar,10,10,0,5,5,0,10,0,22.20277747839627,x731,false
RFQ731-001180,x731,CFG731_2a8793475d827bb6,CFG731_086fcc478b89cea3,6.0,TRUE_IN_TOP10,2,dev_advMeterVerification|customUserFluid,9,9,0,4,4,0,9,0,20.478954350938128,x731,false
RFQ731-001181,x731,CFG731_fd3397424975992e,CFG731_e65df8b5affd7b05,2.0,TRUE_IN_TOP3,1,customUserFluid,11,11,0,3,3,0,11,0,20.41376579819814,x731,false
RFQ731-001182,x731,CFG731_59f86789e43d86f1,CFG731_59f86789e43d86f1,1.0,CORRECT_TOP1,0,,11,11,0,5,5,0,11,0,23.11716703108541,x731,false
RFQ731-001183,G731ST-HT,CFG731_4aa7d46b9cfa7d7b,CFG731_72c610ffb054f7c4,3.0,TRUE_IN_TOP3,3,stromSchaltbar|temperaturEingaenge|binaerDigitalOpenColl_MN,9,9,0,4,4,0,9,0,23.58347185835919,G731ST-HT,false
RFQ731-001184,x731,CFG731_3b2a32abbf148ca1,CFG731_bae6e4f47f3132d8,2.0,TRUE_IN_TOP3,2,stromEingaenge|dev_advMeterVerification,9,9,0,6,6,0,9,0,21.71887647482504,x731,false
RFQ731-001185,x731,CFG731_186348c5f967a6f7,CFG731_184ec550d64fe37e,4.0,TRUE_IN_TOP5,1,stromSchaltbar,9,9,0,5,5,0,9,0,20.368694992777435,x731,false
RFQ731-001186,x731,CFG731_b8b11650a048baf7,CFG731_7df8eeec8bf7a18c,2.0,TRUE_IN_TOP3,1,dev_advMeterVerification,12,12,0,3,3,0,12,0,22.19563856320958,x731,false
RFQ731-001187,G731ST-LT,CFG731_ae2e4cfccaff4f50,CFG731_6e088ee30195b6c4,4.0,TRUE_IN_TOP5,1,stromEingaenge,12,12,0,2,2,0,12,0,24.118987838238063,G731ST-LT,false
RFQ731-001188,x731,CFG731_31aa13473958d7d3,CFG731_d22124ab181ae0a4,4.0,TRUE_IN_TOP5,2,stromSchaltbar|stromEingaenge,10,10,0,5,5,0,10,0,21.32431425642824,x731,false
RFQ731-001189,x731,CFG731_2a8793475d827bb6,CFG731_2a8793475d827bb6,1.0,CORRECT_TOP1,0,,12,12,0,3,3,0,12,0,22.63473968746156,x731,false
RFQ731-001190,F731WD_DualChannel,CFG731_8281908b452128f3,CFG731_8281908b452128f3,1.0,CORRECT_TOP1,0,,12,12,0,1,1,0,12,0,32.15863761872915,F731WD_DualChannel,false
RFQ731-001191,F731WD_DualChannel,CFG731_819cb4e76943eca6,CFG731_819cb4e76943eca6,1.0,CORRECT_TOP1,0,,12,12,0,1,1,0,12,0,32.30861569119556,F731WD_DualChannel,false
RFQ731-001192,G731ST-LT,CFG731_1123bef3c890d293,CFG731_1123bef3c890d293,1.0,CORRECT_TOP1,0,,13,13,0,2,2,0,13,0,25.74397664316456,G731ST-LT,false
RFQ731-001193,G731ST-LT,CFG731_7203705eed387b0a,CFG731_26c190a4dc461550,2.0,TRUE_IN_TOP3,1,temperaturEingaenge,10,10,0,5,5,0,10,0,26.034248793490644,G731ST-LT,false
RFQ731-001194,x731,CFG731_cf543b1c3927ab71,CFG731_cf543b1c3927ab71,1.0,CORRECT_TOP1,0,,10,10,0,6,6,0,10,0,24.05308225336981,x731,false
RFQ731-001195,x731,CFG731_70b38ab75d3ca724,CFG731_70b38ab75d3ca724,1.0,CORRECT_TOP1,0,,11,11,0,4,4,0,11,0,21.363433715130576,x731,false
RFQ731-001196,G731ST-LT,CFG731_7882c72c21497015,CFG731_7882c72c21497015,1.0,CORRECT_TOP1,0,,14,14,0,2,2,0,14,0,27.28168299527284,G731ST-LT,false
RFQ731-001197,x731,CFG731_f87794e7a98d0b11,CFG731_f87794e7a98d0b11,1.0,CORRECT_TOP1,0,,13,13,0,4,4,0,13,0,23.76555182276551,x731,false
RFQ731-001198,G731ST-LT,CFG731_4772bedc40328ae2,CFG731_4772bedc40328ae2,1.0,CORRECT_TOP1,0,,10,10,0,5,5,0,10,0,25.8276025544724,G731ST-LT,false
RFQ731-001199,G731ST-HT,CFG731_bbffb73f3dff6787,CFG731_920bf82480de0a61,2.0,TRUE_IN_TOP3,2,stromEingaenge|temperaturEingaenge,10,10,0,4,4,0,10,0,25.780140999605777,G731ST-HT,false
RFQ731-001200,x731,CFG731_db395082b1a3b8ac,CFG731_db395082b1a3b8ac,1.0,CORRECT_TOP1,0,,11,11,0,3,3,0,11,0,22.940611540664392,x731,false
RFQ731-001201,x731,CFG731_1f978c234895178c,CFG731_6f04889a74b0dabc,2.0,TRUE_IN_TOP3,1,temperaturEingaenge,12,12,0,3,3,0,12,0,20.991992046811628,x731,false
RFQ731-001202,G731ST-LT,CFG731_2469d1b04bd775f6,CFG731_2469d1b04bd775f6,1.0,CORRECT_TOP1,0,,12,12,0,3,3,0,12,0,25.13465685225086,G731ST-LT,false
RFQ731-001203,G731CA,CFG731_4af82641f975d9aa,CFG731_4af82641f975d9aa,1.0,CORRECT_TOP1,0,,10,10,0,2,2,0,10,0,27.10410648908661,G731CA,false
RFQ731-001204,x731,CFG731_88cb619bd3d90e89,CFG731_88cb619bd3d90e89,1.0,CORRECT_TOP1,0,,11,11,0,4,4,0,11,0,22.11636445127127,x731,false
RFQ731-001205,F731TE,CFG731_d8c69b7395beabbb,CFG731_d8c69b7395beabbb,1.0,CORRECT_TOP1,0,,9,9,0,4,4,0,9,0,38.80183643608151,F731TE,false
RFQ731-001206,F731WD_DualChannel,CFG731_819cb4e76943eca6,CFG731_819cb4e76943eca6,1.0,CORRECT_TOP1,0,,10,10,0,3,3,0,10,0,32.30861569119556,F731WD_DualChannel,false
RFQ731-001207,x731,CFG731_579057193c092394,CFG731_0d3b04d12b4208a2,6.0,TRUE_IN_TOP10,1,temperaturEingaenge,8,8,0,6,6,0,8,0,19.247639455685103,x731,false
RFQ731-001208,x731,CFG731_d9c736acc178c66d,CFG731_96d353c7a2763a68,5.0,TRUE_IN_TOP5,2,stromEingaenge|dynamicGasMaster,13,13,0,1,1,0,13,0,20.255718437476347,x731,false
RFQ731-001209,x731,CFG731_f0b756a84ac83cc9,CFG731_f0b756a84ac83cc9,1.0,CORRECT_TOP1,0,,12,12,0,2,2,0,12,0,21.08533266296269,x731,false
RFQ731-001210,x731,CFG731_bd2172ffd6b9273a,CFG731_bd2172ffd6b9273a,1.0,CORRECT_TOP1,0,,9,9,0,6,6,0,9,0,22.13339148935873,x731,false
RFQ731-001211,x731,CFG731_1f978c234895178c,CFG731_007c0829be0a9482,2.0,TRUE_IN_TOP3,1,dev_advMeterVerification,12,12,0,3,3,0,12,0,21.259534756377747,x731,false
RFQ731-001212,F731TE,CFG731_574aa7a29f75cd60,CFG731_574aa7a29f75cd60,1.0,CORRECT_TOP1,0,,12,12,0,1,1,0,12,0,35.46079387870506,F731TE,false
RFQ731-001213,x731,CFG731_3d652e6a54b1c68b,CFG731_3d652e6a54b1c68b,1.0,CORRECT_TOP1,0,,14,14,0,2,2,0,14,0,22.866510554842808,x731,false
RFQ731-001214,G731ST-HT,CFG731_eb70dc35972dc4b7,CFG731_4d6c56202edf3f41,3.0,TRUE_IN_TOP3,1,stromSchaltbar,13,13,0,1,1,0,13,0,25.433200682727858,G731ST-HT,false
RFQ731-001215,x731,CFG731_31aa13473958d7d3,CFG731_31aa13473958d7d3,1.0,CORRECT_TOP1,0,,15,15,0,2,2,0,15,0,24.196737263136928,x731,false
RFQ731-001216,x731,CFG731_219ac3d01befd6d1,CFG731_8ce087647633b913,2.0,TRUE_IN_TOP3,3,stromSchaltbar|stromEingaenge|temperaturEingaenge,10,10,0,3,3,0,10,0,18.863499710265398,x731,false
RFQ731-001217,F731WD_DualChannel,CFG731_cd1c2b236ffda331,CFG731_cd1c2b236ffda331,1.0,CORRECT_TOP1,0,,7,7,0,4,4,0,7,0,27.446541185083227,F731WD_DualChannel,false
RFQ731-001218,x731,CFG731_467283c67651467d,CFG731_467283c67651467d,1.0,CORRECT_TOP1,0,,12,12,0,3,3,0,12,0,21.341582556382377,x731,false
RFQ731-001219,x731,CFG731_83f956404d04e6cd,CFG731_f9254a8bb3738033,3.0,TRUE_IN_TOP3,3,dev_advMeterVerification|dynamicGasMaster|customUserFluid,9,9,0,5,5,0,9,0,21.431129847092453,x731,false
RFQ731-001220,F731TE,CFG731_574aa7a29f75cd60,CFG731_574aa7a29f75cd60,1.0,CORRECT_TOP1,0,,9,9,0,4,4,0,9,0,35.46079387870506,F731TE,false
RFQ731-001221,F731TE,CFG731_3d8c1bbc0ef4249a,CFG731_f79503cf8f87ea49,2.0,TRUE_IN_TOP3,2,stromSchaltbar|binaerOpenColl_MP,9,9,0,2,2,0,9,0,28.159756771445156,F731TE,false
RFQ731-001222,G731CA,CFG731_95a64c12c70f922a,CFG731_95a64c12c70f922a,1.0,CORRECT_TOP1,0,,13,13,0,1,1,0,13,0,32.28750463962656,G731CA,false
RFQ731-001223,G731ST-LT,CFG731_7203705eed387b0a,CFG731_7203705eed387b0a,1.0,CORRECT_TOP1,0,,13,13,0,3,3,0,13,0,27.389466003536278,G731ST-LT,false
RFQ731-001224,G731ST-LT,CFG731_10085782ed0991cf,CFG731_7282d6f5ee4e2e9b,3.0,TRUE_IN_TOP3,2,stromSchaltbar|binaerDigitalOpenColl_MN,13,13,0,1,1,0,13,0,23.70451156080061,G731ST-LT,false
RFQ731-001225,x731,CFG731_8153d67c519453a2,CFG731_c4d0e2da53e6a22c,4.0,TRUE_IN_TOP5,1,stromSchaltbar,12,12,0,2,2,0,12,0,20.276080750119544,x731,false
RFQ731-001226,G731ST-HT,CFG731_8fd0ed37b442c386,CFG731_8fd0ed37b442c386,1.0,CORRECT_TOP1,0,,12,12,0,3,3,0,12,0,26.542747581671662,G731ST-HT,false
RFQ731-001227,G731ST-HT,CFG731_4aa7d46b9cfa7d7b,CFG731_72c610ffb054f7c4,3.0,TRUE_IN_TOP3,3,stromSchaltbar|temperaturEingaenge|binaerDigitalOpenColl_MN,9,9,0,4,4,0,9,0,23.58347185835919,G731ST-HT,false
RFQ731-001228,x731,CFG731_5f9d5671c315ce06,CFG731_5f9d5671c315ce06,1.0,CORRECT_TOP1,0,,11,11,0,4,4,0,11,0,21.650946202363265,x731,false
RFQ731-001229,x731,CFG731_9a0f0b26c7f24725,CFG731_083e855a8bbcd2a3,5.0,TRUE_IN_TOP5,2,dynamicGasMaster|customUserFluid,9,9,0,5,5,0,9,0,21.10046178166372,x731,false
RFQ731-001230,x731,CFG731_94be99d48ade0efb,CFG731_4065adeeb89ecb2b,6.0,TRUE_IN_TOP10,2,stromEingaenge|customUserFluid,11,11,0,3,3,0,11,0,19.88034976788576,x731,false
RFQ731-001231,x731,CFG731_c4bcee3a1477eeea,CFG731_c4bcee3a1477eeea,1.0,CORRECT_TOP1,0,,12,12,0,3,3,0,12,0,23.06500675421148,x731,false
RFQ731-001232,F731TE,CFG731_874928f24c55285e,CFG731_874928f24c55285e,1.0,CORRECT_TOP1,0,,10,10,0,3,3,0,10,0,39.169853628786285,F731TE,false
RFQ731-001233,G731ST-HT,CFG731_8b18ac1c34209d63,CFG731_8b18ac1c34209d63,1.0,CORRECT_TOP1,0,,11,11,0,5,5,0,11,0,28.09435905711236,G731ST-HT,false
RFQ731-001234,x731,CFG731_bcec8ceac2dbcc79,CFG731_bcec8ceac2dbcc79,1.0,CORRECT_TOP1,0,,11,11,0,4,4,0,11,0,22.714775024347144,x731,false
RFQ731-001235,x731,CFG731_83f956404d04e6cd,CFG731_ec83ad3bde5df955,2.0,TRUE_IN_TOP3,1,dev_advMeterVerification,8,8,0,8,8,0,8,0,24.17919670396897,x731,false
RFQ731-001236,F731WD_DualChannel,CFG731_c37386a371e13fa8,CFG731_c37386a371e13fa8,1.0,CORRECT_TOP1,0,,9,9,0,3,3,0,9,0,30.890273125287308,F731WD_DualChannel,false
RFQ731-001237,F731WD_DualChannel,CFG731_c0f6f70a47ed04ba,CFG731_c0f6f70a47ed04ba,1.0,CORRECT_TOP1,0,,11,11,0,1,1,0,11,0,34.491549867105086,F731WD_DualChannel,false
RFQ731-001238,x731,CFG731_f97e51d1da57d99f,CFG731_b2ad61cdb45a54fb,2.0,TRUE_IN_TOP3,2,stromSchaltbar|stromEingaenge,9,9,0,5,5,0,9,0,21.33063731912753,x731,false
RFQ731-001239,x731,CFG731_e705c6e8d4b9cc85,CFG731_e705c6e8d4b9cc85,1.0,CORRECT_TOP1,0,,11,11,0,2,2,0,11,0,22.556665041175503,x731,false
RFQ731-001240,x731,CFG731_6204dd6ea742eb13,CFG731_6204dd6ea742eb13,1.0,CORRECT_TOP1,0,,11,11,0,3,3,0,11,0,20.67931104855829,x731,false
RFQ731-001241,G731ST-LT,CFG731_e6c0885eb14e429c,CFG731_ad54a3e31832f7d2,4.0,TRUE_IN_TOP5,1,stromEingaenge,11,11,0,3,3,0,11,0,24.50812321931896,G731ST-LT,false
RFQ731-001242,x731,CFG731_c87cb45e3d711af0,CFG731_be2582bdf5536cbf,9.0,TRUE_IN_TOP10,1,dynamicGasMaster,11,11,0,2,2,0,11,0,19.59526649915168,x731,false
RFQ731-001243,G731ST-HT,CFG731_63eca10a00ae1f5d,CFG731_f23946dbf617272b,3.0,TRUE_IN_TOP3,2,stromSchaltbar|temperaturEingaenge,11,11,0,3,3,0,11,0,25.78659818891656,G731ST-HT,false
RFQ731-001244,x731,CFG731_219ac3d01befd6d1,CFG731_3d79b5ed69541acc,6.0,TRUE_IN_TOP10,2,stromEingaenge|binaerOpenColl_MP,8,8,0,6,6,0,8,0,19.39972829497327,x731,false
RFQ731-001245,G731CA,CFG731_e85a7fcdd0521e90,CFG731_e85a7fcdd0521e90,1.0,CORRECT_TOP1,0,,7,7,0,5,5,0,7,0,21.84453250899616,G731CA,false
RFQ731-001246,G731CA,CFG731_98ec9650b5463fd0,CFG731_98ec9650b5463fd0,1.0,CORRECT_TOP1,0,,8,8,0,4,4,0,8,0,28.170110935086907,G731CA,false
RFQ731-001247,x731,CFG731_fa2849b259355775,CFG731_fa2849b259355775,1.0,CORRECT_TOP1,0,,9,9,0,6,6,0,9,0,22.969309299781035,x731,false
RFQ731-001248,G731VG,CFG731_7f63e10e4938ed7a,CFG731_7f63e10e4938ed7a,1.0,CORRECT_TOP1,0,,13,13,0,2,2,0,13,0,44.28073353222801,G731VG,false
RFQ731-001249,G731ST-LT,CFG731_cc47430fac8438be,CFG731_cc47430fac8438be,1.0,CORRECT_TOP1,0,,9,9,0,5,5,0,9,0,24.40203400214792,G731ST-LT,false
RFQ731-001250,F731PW,CFG731_7785b2914ebb6eaf,CFG731_7785b2914ebb6eaf,1.0,CORRECT_TOP1,0,,8,8,0,4,4,0,8,0,29.024288688400222,F731PW,false
RFQ731-001251,x731,CFG731_b3506a753aafcfa3,CFG731_f5876a81d70adf82,,TRUE_UNRANKED,1,stromEingaenge,11,11,0,1,1,0,11,0,18.18585168234048,x731,false
RFQ731-001252,x731,CFG731_4346df46838fd57e,CFG731_22ee4ff4a2fef4e6,2.0,TRUE_IN_TOP3,2,temperaturEingaenge|dynamicGasMaster,9,9,0,5,5,0,9,0,19.74952658567812,x731,false
RFQ731-001253,x731,CFG731_ad672c682712eda8,CFG731_ad672c682712eda8,1.0,CORRECT_TOP1,0,,12,12,0,4,4,0,12,0,22.1200624623938,x731,false
RFQ731-001254,x731,CFG731_747411fe70ba8e8d,CFG731_747411fe70ba8e8d,1.0,CORRECT_TOP1,0,,9,9,0,6,6,0,9,0,21.499458084103665,x731,false
RFQ731-001255,G731ST-LT,CFG731_d432b6fd40e9e78c,CFG731_d432b6fd40e9e78c,1.0,CORRECT_TOP1,0,,9,9,0,5,5,0,9,0,24.472385344426765,G731ST-LT,false
RFQ731-001256,G731ST-LT,CFG731_ae2e4cfccaff4f50,CFG731_7ea8c51038ca5bfd,6.0,TRUE_IN_TOP10,1,binaerDigitalOpenColl_MN,8,8,0,6,6,0,8,0,23.5545334883342,G731ST-LT,false
RFQ731-001257,x731,CFG731_4144999ac09e5fdc,CFG731_4144999ac09e5fdc,1.0,CORRECT_TOP1,0,,10,10,0,4,4,0,10,0,20.837255576839585,x731,false
RFQ731-001258,x731,CFG731_5d345c0f49f6f272,CFG731_cb1aeeb79876dd06,2.0,TRUE_IN_TOP3,1,stromEingaenge,12,12,0,3,3,0,12,0,22.684720348065877,x731,false
RFQ731-001259,x731,CFG731_75466cb810218a66,CFG731_33c8c685d7c8530a,4.0,TRUE_IN_TOP5,1,stromEingaenge,10,10,0,3,3,0,10,0,20.045771451360743,x731,false
RFQ731-001260,x731,CFG731_5331dc313830f4cb,CFG731_5331dc313830f4cb,1.0,CORRECT_TOP1,0,,9,9,0,5,5,0,9,0,20.04058256976874,x731,false
RFQ731-001261,x731,CFG731_fde1ab2a4808b544,CFG731_9c21848fed1f6e04,2.0,TRUE_IN_TOP3,2,stromSchaltbar|dev_advMeterVerification,12,12,0,2,2,0,12,0,20.41477410649101,x731,false
RFQ731-001262,x731,CFG731_241d60e6ef5278be,CFG731_6870d8bf5b059680,3.0,TRUE_IN_TOP3,4,stromSchaltbar|binaerDigitalOpenColl_MN|dev_advMeterVerification|customUserFluid,11,11,0,1,1,0,11,0,17.358183156024058,x731,false
RFQ731-001263,x731,CFG731_7f60255816247683,CFG731_39890affe81b5eb5,3.0,TRUE_IN_TOP3,1,dynamicGasMaster,12,12,0,3,3,0,12,0,20.376981085698574,x731,false
RFQ731-001264,x731,CFG731_36d7686aca1200ae,CFG731_36d7686aca1200ae,1.0,CORRECT_TOP1,0,,12,12,0,4,4,0,12,0,23.26013913928617,x731,false
RFQ731-001265,F731TE,CFG731_090330aa38b8e80b,CFG731_090330aa38b8e80b,1.0,CORRECT_TOP1,0,,8,8,0,5,5,0,8,0,41.75183379650011,F731TE,false
RFQ731-001266,x731,CFG731_c3481d11b658e1e9,CFG731_c3481d11b658e1e9,1.0,CORRECT_TOP1,0,,12,12,0,4,4,0,12,0,22.55714690886192,x731,false
RFQ731-001267,x731,CFG731_7ffc09802c7b60bf,CFG731_917fc613cc9bf56a,2.0,TRUE_IN_TOP3,2,temperaturEingaenge|dev_advMeterVerification,11,11,0,3,3,0,11,0,20.037649239561134,x731,false
RFQ731-001268,x731,CFG731_cd4f211fbf872f2e,CFG731_cd4f211fbf872f2e,1.0,CORRECT_TOP1,0,,12,12,0,3,3,0,12,0,21.88590078944049,x731,false
RFQ731-001269,x731,CFG731_672458a8e716cdf8,CFG731_39083521b1413e72,5.0,TRUE_IN_TOP5,1,binaerDigitalOpenColl_MN,12,12,0,2,2,0,12,0,19.59190143164265,x731,false
RFQ731-001270,G731ST-HT,CFG731_eb70dc35972dc4b7,CFG731_7f0b42d2b9f7fcc2,2.0,TRUE_IN_TOP3,1,temperaturEingaenge,13,13,0,1,1,0,13,0,25.532063913482663,G731ST-HT,false
RFQ731-001271,G731CA,CFG731_452fb8d2c450816e,CFG731_452fb8d2c450816e,1.0,CORRECT_TOP1,0,,9,9,0,3,3,0,9,0,26.69389423217886,G731CA,false
RFQ731-001272,x731,CFG731_32adda6269b4f5ce,CFG731_32adda6269b4f5ce,1.0,CORRECT_TOP1,0,,13,13,0,0,0,0,13,0,18.94609068957102,x731,false
RFQ731-001273,x731,CFG731_9e4fccece4d272d3,CFG731_e8d4d37dfb814e2d,2.0,TRUE_IN_TOP3,2,dev_advMeterVerification|dynamicGasMaster,10,10,0,4,4,0,10,0,19.92981046540948,x731,false
RFQ731-001274,F731TE,CFG731_8b8ba7e2341f1295,CFG731_b7c1a02b25610507,2.0,TRUE_IN_TOP3,2,stromSchaltbar|binaerOpenColl_MP,8,8,0,3,3,0,8,0,28.619098489892448,F731TE,false
RFQ731-001275,G731ST-LT,CFG731_87d8ba5b87cf0a3f,CFG731_9e44a82e6c1db982,5.0,TRUE_IN_TOP5,2,stromEingaenge|temperaturEingaenge,10,10,0,3,3,0,10,0,22.72157556398946,G731ST-LT,false
RFQ731-001276,G731ST-HT,CFG731_eb70dc35972dc4b7,CFG731_c759934398f2381a,2.0,TRUE_IN_TOP3,1,binaerDigitalOpenColl_MN,10,10,0,4,4,0,10,0,24.904484207716184,G731ST-HT,false
RFQ731-001277,x731,CFG731_cd4f211fbf872f2e,CFG731_031d8f2fe50bf3d1,3.0,TRUE_IN_TOP3,1,stromSchaltbar,9,9,0,5,5,0,9,0,20.43182034864005,x731,false
RFQ731-001278,x731,CFG731_8c50542218db5cb0,CFG731_fc0b29ae617f0a6b,4.0,TRUE_IN_TOP5,2,stromSchaltbar|temperaturEingaenge,11,11,0,3,3,0,11,0,20.672305084292645,x731,false
RFQ731-001279,G731ST-LT,CFG731_996314000fcfec4b,CFG731_22da0d6030817265,2.0,TRUE_IN_TOP3,1,temperaturEingaenge,12,12,0,3,3,0,12,0,25.424929002576945,G731ST-LT,false
RFQ731-001280,x731,CFG731_3b2a32abbf148ca1,CFG731_8c429238b2628537,2.0,TRUE_IN_TOP3,1,stromSchaltbar,10,10,0,6,6,0,10,0,22.770813100412365,x731,false
RFQ731-001281,G731ST-LT,CFG731_a57ffd88d58eb498,CFG731_a57ffd88d58eb498,1.0,CORRECT_TOP1,0,,10,10,0,5,5,0,10,0,25.573068279038505,G731ST-LT,false
RFQ731-001282,G731ST-HT,CFG731_c32627af59ba1526,CFG731_c32627af59ba1526,1.0,CORRECT_TOP1,0,,13,13,0,2,2,0,13,0,26.82599456367052,G731ST-HT,false
RFQ731-001283,G731ST-HT,CFG731_fcc72e9951376cf3,CFG731_fcc72e9951376cf3,1.0,CORRECT_TOP1,0,,13,13,0,3,3,0,13,0,28.74587391222904,G731ST-HT,false
RFQ731-001284,x731,CFG731_935bc110c01e9e85,CFG731_935bc110c01e9e85,1.0,CORRECT_TOP1,0,,13,13,0,2,2,0,13,0,23.005047174673223,x731,false
RFQ731-001285,x731,CFG731_0aa987e1ae960c88,CFG731_0aa987e1ae960c88,1.0,CORRECT_TOP1,0,,10,10,0,5,5,0,10,0,21.53896047256257,x731,false
RFQ731-001286,x731,CFG731_4cb65cc21b5b9f68,CFG731_4cb65cc21b5b9f68,1.0,CORRECT_TOP1,0,,13,13,0,2,2,0,13,0,22.777900380209765,x731,false
RFQ731-001287,x731,CFG731_a7dc06adf945eba3,CFG731_cf4d8202c634a1d4,2.0,TRUE_IN_TOP3,2,stromSchaltbar|temperaturEingaenge,13,13,0,1,1,0,13,0,20.700241340217936,x731,false
RFQ731-001288,x731,CFG731_9b78d433d00f1965,CFG731_9b78d433d00f1965,1.0,CORRECT_TOP1,0,,13,13,0,3,3,0,13,0,22.771577317510477,x731,false
RFQ731-001289,G731ST-LT,CFG731_b86bbf24b1c3a419,CFG731_2db6c530f35d47b9,2.0,TRUE_IN_TOP3,1,stromEingaenge,12,12,0,3,3,0,12,0,25.68085128730194,G731ST-LT,false
RFQ731-001290,G731ST-LT,CFG731_b479671c7b7638f0,CFG731_b479671c7b7638f0,1.0,CORRECT_TOP1,0,,11,11,0,3,3,0,11,0,23.774454296381435,G731ST-LT,false
RFQ731-001291,G731CA,CFG731_5bfe9492c76587ec,CFG731_5bfe9492c76587ec,1.0,CORRECT_TOP1,0,,10,10,0,4,4,0,10,0,35.89643793735161,G731CA,false
RFQ731-001292,G731ST-HT,CFG731_a4416ae9d698efa6,CFG731_a4416ae9d698efa6,1.0,CORRECT_TOP1,0,,11,11,0,3,3,0,11,0,25.72347283305394,G731ST-HT,false
RFQ731-001293,x731,CFG731_557eff71f11cfc98,CFG731_557eff71f11cfc98,1.0,CORRECT_TOP1,0,,13,13,0,1,1,0,13,0,20.70804295918484,x731,false
RFQ731-001294,x731,CFG731_219ac3d01befd6d1,CFG731_8ce087647633b913,2.0,TRUE_IN_TOP3,3,stromSchaltbar|stromEingaenge|temperaturEingaenge,11,11,0,2,2,0,11,0,18.863499710265398,x731,false
RFQ731-001295,G731ST-LT,CFG731_10085782ed0991cf,CFG731_395f3e5588a2c3c0,2.0,TRUE_IN_TOP3,1,stromEingaenge,9,9,0,6,6,0,9,0,25.723046351504912,G731ST-LT,false
RFQ731-001296,G731ST-LT,CFG731_0fdf5c36c9c41e69,CFG731_04ce01976de342c1,2.0,TRUE_IN_TOP3,1,stromSchaltbar,13,13,0,2,2,0,13,0,25.185771693962455,G731ST-LT,false
RFQ731-001297,F731WD_SingleChannel,CFG731_70b6eaf9262ca4d0,CFG731_70b6eaf9262ca4d0,1.0,CORRECT_TOP1,0,,9,9,0,4,4,0,9,0,30.762456252706688,F731WD_SingleChannel,false
RFQ731-001298,x731,CFG731_8153d67c519453a2,CFG731_e3fb1c7106d0cf73,7.0,TRUE_IN_TOP10,2,dev_advMeterVerification|customUserFluid,8,8,0,5,5,0,8,0,19.57437585439656,x731,false
RFQ731-001299,G731ST-HT,CFG731_bbffb73f3dff6787,CFG731_9681c4eec01b7fad,2.0,TRUE_IN_TOP3,2,stromSchaltbar|temperaturEingaenge,10,10,0,4,4,0,10,0,25.74440312471359,G731ST-HT,false
RFQ731-001300,x731,CFG731_31d0a0df66872bf7,CFG731_ef4cf0e053e2d332,2.0,TRUE_IN_TOP3,1,temperaturEingaenge,13,13,0,2,2,0,13,0,22.597867631462087,x731,false
RFQ731-001301,x731,CFG731_fcac286b50f37c22,CFG731_21833abb52d83273,3.0,TRUE_IN_TOP3,1,temperaturEingaenge,11,11,0,4,4,0,11,0,21.091621296677875,x731,false
RFQ731-001302,x731,CFG731_70b38ab75d3ca724,CFG731_7a941b9a49372410,6.0,TRUE_IN_TOP10,2,temperaturEingaenge|dev_advMeterVerification,9,9,0,4,4,0,9,0,18.92054200460543,x731,false
RFQ731-001303,x731,CFG731_8f470181ad32eeae,CFG731_8366eceddaf01e58,2.0,TRUE_IN_TOP3,2,stromSchaltbar|dev_advMeterVerification,10,10,0,5,5,0,10,0,22.795058998749354,x731,false
RFQ731-001304,x731,CFG731_241d60e6ef5278be,CFG731_2a6e9b57f90048ca,3.0,TRUE_IN_TOP3,2,stromSchaltbar|dev_advMeterVerification,10,10,0,4,4,0,10,0,20.409090907880085,x731,false
RFQ731-001305,G731ST-LT,CFG731_ae2e4cfccaff4f50,CFG731_ae2e4cfccaff4f50,1.0,CORRECT_TOP1,0,,9,9,0,6,6,0,9,0,25.537330404146317,G731ST-LT,false
RFQ731-001306,x731,CFG731_31aa13473958d7d3,CFG731_31aa13473958d7d3,1.0,CORRECT_TOP1,0,,8,8,0,9,9,0,8,0,24.196737263136928,x731,false
RFQ731-001307,G731CA,CFG731_ed85647cd384c17a,CFG731_ed85647cd384c17a,1.0,CORRECT_TOP1,0,,9,9,0,5,5,0,9,0,32.43748271209297,G731CA,false
RFQ731-001308,x731,CFG731_f97e51d1da57d99f,CFG731_b2ad61cdb45a54fb,2.0,TRUE_IN_TOP3,2,stromSchaltbar|stromEingaenge,10,10,0,4,4,0,10,0,21.33063731912753,x731,false
RFQ731-001309,F731TE,CFG731_d8c69b7395beabbb,CFG731_3c2aedfb429dc226,2.0,TRUE_IN_TOP3,2,stromSchaltbar|binaerOpenColl_MP,10,10,0,1,1,0,10,0,29.797240735676542,F731TE,false
RFQ731-001310,F731PW,CFG731_5995fa9fd5d1242f,CFG731_5995fa9fd5d1242f,1.0,CORRECT_TOP1,0,,7,7,0,5,5,0,7,0,34.211841562547065,F731PW,false
RFQ731-001311,G731ST-HT,CFG731_eb70dc35972dc4b7,CFG731_7f0b42d2b9f7fcc2,2.0,TRUE_IN_TOP3,1,temperaturEingaenge,9,9,0,5,5,0,9,0,25.532063913482663,G731ST-HT,false
RFQ731-001312,x731,CFG731_57a2b410fc32b41a,CFG731_ebf26b0112810ef9,3.0,TRUE_IN_TOP3,1,stromSchaltbar,9,9,0,5,5,0,9,0,20.03376519005053,x731,false
RFQ731-001313,x731,CFG731_cb9d6c11077bd307,CFG731_cb9d6c11077bd307,1.0,CORRECT_TOP1,0,,7,7,0,9,9,0,7,0,22.69154198062489,x731,false
RFQ731-001314,x731,CFG731_1f978c234895178c,CFG731_007c0829be0a9482,2.0,TRUE_IN_TOP3,1,dev_advMeterVerification,9,9,0,6,6,0,9,0,21.259534756377747,x731,false
RFQ731-001315,G731ST-HT,CFG731_6e53621a73b55f2c,CFG731_6e53621a73b55f2c,1.0,CORRECT_TOP1,0,,10,10,0,5,5,0,10,0,26.809348184433137,G731ST-HT,false
RFQ731-001316,x731,CFG731_243419c6708378b3,CFG731_243419c6708378b3,1.0,CORRECT_TOP1,0,,10,10,0,5,5,0,10,0,21.21421686761144,x731,false
RFQ731-001317,G731ST-LT,CFG731_938851275519b7cb,CFG731_adf1bbb0fbae3d43,7.0,TRUE_IN_TOP10,1,stromSchaltbar,9,9,0,4,4,0,9,0,22.983691436239667,G731ST-LT,false
RFQ731-001318,x731,CFG731_b7c5e5eddd92ed3a,CFG731_0f0d5e28351801c5,8.0,TRUE_IN_TOP10,1,stromSchaltbar,12,12,0,1,1,0,12,0,18.90691546498046,x731,false
RFQ731-001319,G731ST-LT,CFG731_0fdf5c36c9c41e69,CFG731_9b48d8977da96686,2.0,TRUE_IN_TOP3,1,temperaturEingaenge,11,11,0,4,4,0,11,0,25.284634924717267,G731ST-LT,false
RFQ731-001320,x731,CFG731_9a0f0b26c7f24725,CFG731_9eee2266c8068ada,3.0,TRUE_IN_TOP3,1,dynamicGasMaster,13,13,0,2,2,0,13,0,22.168572617707632,x731,false
RFQ731-001321,G731ST-LT,CFG731_d432b6fd40e9e78c,CFG731_d432b6fd40e9e78c,1.0,CORRECT_TOP1,0,,10,10,0,4,4,0,10,0,24.472385344426765,G731ST-LT,false
RFQ731-001322,G731ST-HT,CFG731_2a989bd6dba74d9f,CFG731_84b16be5aab3bf9b,2.0,TRUE_IN_TOP3,1,stromEingaenge,11,11,0,4,4,0,11,0,27.037259195994704,G731ST-HT,false
RFQ731-001323,x731,CFG731_a92ad5294d9187e9,CFG731_a92ad5294d9187e9,1.0,CORRECT_TOP1,0,,12,12,0,2,2,0,12,0,23.50920869932568,x731,false
RFQ731-001324,G731ST-HT,CFG731_cc9ac35e4d9a1854,CFG731_cc9ac35e4d9a1854,1.0,CORRECT_TOP1,0,,12,12,0,4,4,0,12,0,28.305623689436548,G731ST-HT,false
RFQ731-001325,x731,CFG731_83f956404d04e6cd,CFG731_2bbfd30aeb5b5782,4.0,TRUE_IN_TOP5,2,stromSchaltbar|dev_advMeterVerification,10,10,0,5,5,0,10,0,22.725116263168527,x731,false
RFQ731-001326,G731ST-LT,CFG731_7203705eed387b0a,CFG731_7203705eed387b0a,1.0,CORRECT_TOP1,0,,10,10,0,6,6,0,10,0,27.389466003536278,G731ST-LT,false
RFQ731-001327,F731PW,CFG731_0d8116f4900c6919,CFG731_0d8116f4900c6919,1.0,CORRECT_TOP1,0,,8,8,0,4,4,0,8,0,29.13642648818402,F731PW,false
RFQ731-001328,F731WD_SingleChannel,CFG731_70b6eaf9262ca4d0,CFG731_70b6eaf9262ca4d0,1.0,CORRECT_TOP1,0,,11,11,0,2,2,0,11,0,30.762456252706688,F731WD_SingleChannel,false
RFQ731-001329,x731,CFG731_a385518a9f31baa0,CFG731_a385518a9f31baa0,1.0,CORRECT_TOP1,0,,11,11,0,4,4,0,11,0,21.87732419972128,x731,false
RFQ731-001330,G731CA,CFG731_2aca30183aab25a9,CFG731_2aca30183aab25a9,1.0,CORRECT_TOP1,0,,8,8,0,6,6,0,8,0,30.389786490953828,G731CA,false
RFQ731-001331,x731,CFG731_8189439864af87ea,CFG731_76d13dd0246c6ccc,2.0,TRUE_IN_TOP3,1,binaerDigitalOpenColl_MN,11,11,0,2,2,0,11,0,21.222180530276898,x731,false
RFQ731-001332,x731,CFG731_4e59e6fc4174afa3,CFG731_4e59e6fc4174afa3,1.0,CORRECT_TOP1,0,,12,12,0,2,2,0,12,0,23.543749779945745,x731,false
RFQ731-001333,x731,CFG731_36d7686aca1200ae,CFG731_932b427eaa87c8fa,9.0,TRUE_IN_TOP10,3,stromEingaenge|dev_advMeterVerification|dynamicGasMaster,9,9,0,4,4,0,9,0,19.07416605206581,x731,false
RFQ731-001334,F731TE,CFG731_28454766bbc80cb9,CFG731_28454766bbc80cb9,1.0,CORRECT_TOP1,0,,8,8,0,5,5,0,8,0,40.615886614918985,F731TE,false
RFQ731-001335,x731,CFG731_33d5b52db510e046,CFG731_33d5b52db510e046,1.0,CORRECT_TOP1,0,,12,12,0,3,3,0,12,0,21.317496876710035,x731,false
RFQ731-001336,x731,CFG731_4374ad7ccac15076,CFG731_071ad1736ef73ba8,5.0,TRUE_IN_TOP5,1,stromSchaltbar,9,9,0,4,4,0,9,0,18.44455390692075,x731,false
RFQ731-001337,G731ST-LT,CFG731_d5af433b36265df1,CFG731_d5af433b36265df1,1.0,CORRECT_TOP1,0,,9,9,0,6,6,0,9,0,25.64301101461933,G731ST-LT,false
RFQ731-001338,x731,CFG731_135ddf5639321fb6,CFG731_135ddf5639321fb6,1.0,CORRECT_TOP1,0,,10,10,0,3,3,0,10,0,19.87490273413921,x731,false
RFQ731-001339,G731ST-HT,CFG731_37f66c3948c00e57,CFG731_37f66c3948c00e57,1.0,CORRECT_TOP1,0,,8,8,0,5,5,0,8,0,23.513529122778365,G731ST-HT,false
RFQ731-001340,x731,CFG731_11da8cc369b71f5a,CFG731_ab7c99e095bc84f9,2.0,TRUE_IN_TOP3,1,dynamicGasMaster,11,11,0,5,5,0,11,0,22.694915592846613,x731,false
RFQ731-001341,F731TE,CFG731_a72f99e8160efda6,CFG731_a72f99e8160efda6,1.0,CORRECT_TOP1,0,,10,10,0,3,3,0,10,0,39.06972717643011,F731TE,false
RFQ731-001342,G731ST-LT,CFG731_19bcffd0eb2806b8,CFG731_19bcffd0eb2806b8,1.0,CORRECT_TOP1,0,,10,10,0,3,3,0,10,0,22.87155363645587,G731ST-LT,false
RFQ731-001343,F731WD_SingleChannel,CFG731_11c93eca01984a14,CFG731_11c93eca01984a14,1.0,CORRECT_TOP1,0,,7,7,0,6,6,0,7,0,34.36373299452446,F731WD_SingleChannel,false
RFQ731-001344,x731,CFG731_8f470181ad32eeae,CFG731_0893c2d75c71d33c,2.0,TRUE_IN_TOP3,2,stromSchaltbar|stromEingaenge,10,10,0,5,5,0,10,0,22.46439093332062,x731,false
RFQ731-001345,x731,CFG731_5c624ef6fa2b6510,CFG731_5c624ef6fa2b6510,1.0,CORRECT_TOP1,0,,11,11,0,4,4,0,11,0,21.062198384178032,x731,false
RFQ731-001346,G731ST-LT,CFG731_77dd17c48f15826c,CFG731_5bf68569c7ddfc7c,2.0,TRUE_IN_TOP3,1,stromSchaltbar,11,11,0,3,3,0,11,0,24.338908646285297,G731ST-LT,false
RFQ731-001347,x731,CFG731_ac3a4ff61341aa72,CFG731_ac3a4ff61341aa72,1.0,CORRECT_TOP1,0,,12,12,0,2,2,0,12,0,23.135034710508183,x731,false
RFQ731-001348,x731,CFG731_70aa5a64b0803277,CFG731_70aa5a64b0803277,1.0,CORRECT_TOP1,0,,8,8,0,7,7,0,8,0,22.213238241696875,x731,false
RFQ731-001349,F731WD_SingleChannel,CFG731_4ca309199387f8d5,CFG731_4ca309199387f8d5,1.0,CORRECT_TOP1,0,,8,8,0,5,5,0,8,0,30.61247818024028,F731WD_SingleChannel,false
RFQ731-001350,F731TE,CFG731_b27467571d893d92,CFG731_b27467571d893d92,1.0,CORRECT_TOP1,0,,8,8,0,3,3,0,8,0,30.20745299258429,F731TE,false
RFQ731-001351,x731,CFG731_6e096e946540ab4e,CFG731_7d4c803343a40a05,2.0,TRUE_IN_TOP3,2,stromEingaenge|dev_advMeterVerification,12,12,0,3,3,0,12,0,21.40951282884415,x731,false
RFQ731-001352,x731,CFG731_c39096767a7ae083,CFG731_9d34457cb8c133dc,4.0,TRUE_IN_TOP5,2,stromSchaltbar|dynamicGasMaster,11,11,0,4,4,0,11,0,21.13305214378274,x731,false
RFQ731-001353,F731PW,CFG731_ef211cb97feaddc8,CFG731_ef211cb97feaddc8,1.0,CORRECT_TOP1,0,,11,11,0,1,1,0,11,0,29.504288687985053,F731PW,false
RFQ731-001354,x731,CFG731_0db950a4979d2c52,CFG731_0db950a4979d2c52,1.0,CORRECT_TOP1,0,,12,12,0,5,5,0,12,0,24.615356349331805,x731,false
RFQ731-001355,G731ST-HT,CFG731_a56f1437a0b4ca31,CFG731_86a2340212c01d2a,2.0,TRUE_IN_TOP3,2,stromSchaltbar|temperaturEingaenge,9,9,0,5,5,0,9,0,25.604109046853917,G731ST-HT,false
RFQ731-001356,x731,CFG731_70b38ab75d3ca724,CFG731_12b0a7f4abb14e7e,3.0,TRUE_IN_TOP3,2,stromSchaltbar|customUserFluid,9,9,0,4,4,0,9,0,18.841242438286223,x731,false
RFQ731-001357,x731,CFG731_abcee67081353f16,CFG731_3d5919a152529e0c,2.0,TRUE_IN_TOP3,1,stromSchaltbar,10,10,0,5,5,0,10,0,21.388982400096168,x731,false
RFQ731-001358,G731CA,CFG731_98ec9650b5463fd0,CFG731_98ec9650b5463fd0,1.0,CORRECT_TOP1,0,,10,10,0,2,2,0,10,0,28.170110935086907,G731CA,false
RFQ731-001359,x731,CFG731_1f0c09edcd967945,CFG731_1f0c09edcd967945,1.0,CORRECT_TOP1,0,,13,13,0,1,1,0,13,0,21.265857819077038,x731,false
RFQ731-001360,x731,CFG731_a59cc7e57b856164,CFG731_134ecd7b8190bed1,2.0,TRUE_IN_TOP3,2,stromSchaltbar|stromEingaenge,9,9,0,4,4,0,9,0,19.755499301034664,x731,false
RFQ731-001361,x731,CFG731_467283c67651467d,CFG731_467283c67651467d,1.0,CORRECT_TOP1,0,,14,14,0,1,1,0,14,0,21.341582556382377,x731,false
RFQ731-001362,G731ST-HT,CFG731_bbffb73f3dff6787,CFG731_b827079551368856,2.0,TRUE_IN_TOP3,1,temperaturEingaenge,10,10,0,5,5,0,10,0,27.198483565514028,G731ST-HT,false
RFQ731-001363,F731WD_DualChannel,CFG731_819cb4e76943eca6,CFG731_819cb4e76943eca6,1.0,CORRECT_TOP1,0,,11,11,0,2,2,0,11,0,32.30861569119556,F731WD_DualChannel,false
RFQ731-001364,x731,CFG731_3611bb1fba248e38,CFG731_3611bb1fba248e38,1.0,CORRECT_TOP1,0,,12,12,0,3,3,0,12,0,21.327695840238388,x731,false
RFQ731-001365,x731,CFG731_296392aa95929245,CFG731_296392aa95929245,1.0,CORRECT_TOP1,0,,8,8,0,6,6,0,8,0,20.10370792563136,x731,false
RFQ731-001366,x731,CFG731_1f31b1bf8dc9e962,CFG731_1f31b1bf8dc9e962,1.0,CORRECT_TOP1,0,,13,13,0,2,2,0,13,0,21.620777461168338,x731,false
RFQ731-001367,F731PW,CFG731_7fea22051dcc86b6,CFG731_7fea22051dcc86b6,1.0,CORRECT_TOP1,0,,11,11,0,1,1,0,11,0,34.67118328099436,F731PW,false
RFQ731-001368,x731,CFG731_91e51485b56960b2,CFG731_ab67f4ca670c9841,2.0,TRUE_IN_TOP3,2,stromEingaenge|customUserFluid,10,10,0,5,5,0,10,0,21.49036305313753,x731,false
RFQ731-001369,F731PW,CFG731_92efd7a3c43da152,CFG731_4b26dfbafad76131,3.0,TRUE_IN_TOP3,1,binaerOpenColl_MP,10,10,0,1,1,0,10,0,28.11975652302703,F731PW,false
RFQ731-001370,F731WD_SingleChannel,CFG731_a7d2a5a9ae465701,CFG731_ee8e327bbb737abf,2.0,TRUE_IN_TOP3,2,stromSchaltbar|binaerOpenColl_MP,10,10,0,1,1,0,10,0,25.90038174659436,F731WD_SingleChannel,false
RFQ731-001371,x731,CFG731_3b2a32abbf148ca1,CFG731_27f3f9fc0b2e1643,5.0,TRUE_IN_TOP5,3,stromEingaenge|temperaturEingaenge|dev_advMeterVerification,11,11,0,3,3,0,11,0,20.363659264779407,x731,false
RFQ731-001372,G731CA,CFG731_d2a75fda6f761c1b,CFG731_d2a75fda6f761c1b,1.0,CORRECT_TOP1,0,,11,11,0,3,3,0,11,0,34.49260001542188,G731CA,false
RFQ731-001373,F731TE,CFG731_874928f24c55285e,CFG731_874928f24c55285e,1.0,CORRECT_TOP1,0,,11,11,0,2,2,0,11,0,39.169853628786285,F731TE,false
RFQ731-001374,x731,CFG731_3d652e6a54b1c68b,CFG731_3d652e6a54b1c68b,1.0,CORRECT_TOP1,0,,10,10,0,6,6,0,10,0,22.866510554842808,x731,false
RFQ731-001375,x731,CFG731_5b4a5fddf8aa5e11,CFG731_27ec8892eacc701d,4.0,TRUE_IN_TOP5,1,dev_advMeterVerification,9,9,0,4,4,0,9,0,18.424191594277552,x731,false
RFQ731-001376,x731,CFG731_6b36d25fda044bf5,CFG731_9e13de19970e4646,2.0,TRUE_IN_TOP3,1,stromEingaenge,13,13,0,2,2,0,13,0,21.043106888523223,x731,false
RFQ731-001377,x731,CFG731_4eb28f7e77f7ba51,CFG731_4eb28f7e77f7ba51,1.0,CORRECT_TOP1,0,,11,11,0,4,4,0,11,0,22.8654103410282,x731,false
RFQ731-001378,x731,CFG731_63fe6cb51777cd72,CFG731_63fe6cb51777cd72,1.0,CORRECT_TOP1,0,,9,9,0,5,5,0,9,0,23.192191069761883,x731,false
RFQ731-001379,x731,CFG731_3399b9d467bfc71a,CFG731_3399b9d467bfc71a,1.0,CORRECT_TOP1,0,,12,12,0,2,2,0,12,0,21.936936338629312,x731,false
RFQ731-001380,x731,CFG731_91e51485b56960b2,CFG731_8e5ce09a779d2284,2.0,TRUE_IN_TOP3,3,stromSchaltbar|stromEingaenge|temperaturEingaenge,8,8,0,6,6,0,8,0,19.749176238335373,x731,false
RFQ731-001381,F731PW,CFG731_92efd7a3c43da152,CFG731_92efd7a3c43da152,1.0,CORRECT_TOP1,0,,9,9,0,3,3,0,9,0,35.610524999026474,F731PW,false
RFQ731-001382,x731,CFG731_8d2d91c46ccfb471,CFG731_8d2d91c46ccfb471,1.0,CORRECT_TOP1,0,,10,10,0,7,7,0,10,0,25.116893131982074,x731,false
RFQ731-001383,G731CA,CFG731_98ec9650b5463fd0,CFG731_98ec9650b5463fd0,1.0,CORRECT_TOP1,0,,10,10,0,2,2,0,10,0,28.170110935086907,G731CA,false
RFQ731-001384,x731,CFG731_c11c5ee5deff9a1e,CFG731_48aa9a27f24794bc,4.0,TRUE_IN_TOP5,1,temperaturEingaenge,10,10,0,4,4,0,10,0,20.677988282903566,x731,false
RFQ731-001385,G731ST-LT,CFG731_87d8ba5b87cf0a3f,CFG731_77fac91021549398,3.0,TRUE_IN_TOP3,2,temperaturEingaenge|binaerDigitalOpenColl_MN,10,10,0,3,3,0,10,0,22.1571212140856,G731ST-LT,false
RFQ731-001386,x731,CFG731_5d345c0f49f6f272,CFG731_13c137be155b0bd9,2.0,TRUE_IN_TOP3,1,temperaturEingaenge,11,11,0,4,4,0,11,0,22.74784570392849,x731,false
RFQ731-001387,F731WD_DualChannel,CFG731_c0f6f70a47ed04ba,CFG731_c0f6f70a47ed04ba,1.0,CORRECT_TOP1,0,,9,9,0,3,3,0,9,0,34.491549867105086,F731WD_DualChannel,false
RFQ731-001388,x731,CFG731_4297d68b978dc0d5,CFG731_7bb3a18bcb60bab4,2.0,TRUE_IN_TOP3,1,stromSchaltbar,9,9,0,3,3,0,9,0,19.922133248096127,x731,false
RFQ731-001389,G731ST-HT,CFG731_a69c8345e2cbb480,CFG731_c9344715918cf412,8.0,TRUE_IN_TOP10,2,stromSchaltbar|stromEingaenge,9,9,0,4,4,0,9,0,24.476038631271745,G731ST-HT,false
RFQ731-001390,F731PW,CFG731_0781a0fecc8f46d5,CFG731_0781a0fecc8f46d5,1.0,CORRECT_TOP1,0,,11,11,0,1,1,0,11,0,29.963630406432344,F731PW,false
RFQ731-001391,F731WD_SingleChannel,CFG731_4ca309199387f8d5,CFG731_4ca309199387f8d5,1.0,CORRECT_TOP1,0,,8,8,0,5,5,0,8,0,30.61247818024028,F731WD_SingleChannel,false
RFQ731-001392,x731,CFG731_91e51485b56960b2,CFG731_8e5ce09a779d2284,2.0,TRUE_IN_TOP3,3,stromSchaltbar|stromEingaenge|temperaturEingaenge,10,10,0,4,4,0,10,0,19.749176238335373,x731,false
RFQ731-001393,x731,CFG731_3b2a32abbf148ca1,CFG731_b16b5f82b033935f,2.0,TRUE_IN_TOP3,1,customUserFluid,11,11,0,5,5,0,11,0,23.15678270516889,x731,false
RFQ731-001394,G731CA,CFG731_55e37d2b9d20276c,CFG731_55e37d2b9d20276c,1.0,CORRECT_TOP1,0,,12,12,0,2,2,0,12,0,31.78596785697629,G731CA,false
RFQ731-001395,G731ST-LT,CFG731_0fdf5c36c9c41e69,CFG731_04ce01976de342c1,2.0,TRUE_IN_TOP3,1,stromSchaltbar,12,12,0,3,3,0,12,0,25.185771693962455,G731ST-LT,false
RFQ731-001396,x731,CFG731_fd3397424975992e,CFG731_ef7dc9987c0ff289,2.0,TRUE_IN_TOP3,1,dev_advMeterVerification,9,9,0,5,5,0,9,0,20.394202133762537,x731,false
RFQ731-001397,x731,CFG731_df5f598a914fb1cc,CFG731_8bd839e0c8855562,,TRUE_UNRANKED,1,binaerDigitalOpenColl_MN,10,10,0,3,3,0,10,0,18.90645599941564,x731,false
RFQ731-001398,x731,CFG731_70b38ab75d3ca724,CFG731_b3cd6a1a19fbc328,6.0,TRUE_IN_TOP10,1,binaerOpenColl_MP,10,10,0,4,4,0,10,0,19.09036464899238,x731,false
RFQ731-001399,G731ST-LT,CFG731_0fdf5c36c9c41e69,CFG731_9b48d8977da96686,2.0,TRUE_IN_TOP3,1,temperaturEingaenge,12,12,0,3,3,0,12,0,25.284634924717267,G731ST-LT,false
RFQ731-001400,G731ST-HT,CFG731_646d8903da63e1f0,CFG731_00e033bb831be6d5,3.0,TRUE_IN_TOP3,1,temperaturEingaenge,9,9,0,5,5,0,9,0,25.639846921746106,G731ST-HT,false
RFQ731-001401,G731CA,CFG731_508d465d4c518290,CFG731_508d465d4c518290,1.0,CORRECT_TOP1,0,,8,8,0,6,6,0,8,0,30.69915013693471,G731CA,false
RFQ731-001402,x731,CFG731_5cfa203ca7029f1c,CFG731_5cfa203ca7029f1c,1.0,CORRECT_TOP1,0,,11,11,0,5,5,0,11,0,23.26714510355181,x731,false
RFQ731-001403,x731,CFG731_1f0c09edcd967945,CFG731_1f0c09edcd967945,1.0,CORRECT_TOP1,0,,10,10,0,4,4,0,10,0,21.265857819077038,x731,false
RFQ731-001404,G731ST-LT,CFG731_8b6ed3cfa9ed1e59,CFG731_5be384035f37d372,4.0,TRUE_IN_TOP5,2,stromEingaenge|binaerOpenColl_MP,9,9,0,4,4,0,9,0,22.19285908897779,G731ST-LT,false
RFQ731-001405,x731,CFG731_8d07e19298d09d34,CFG731_ddfa4ab00c1bcdd0,2.0,TRUE_IN_TOP3,1,stromEingaenge,10,10,0,5,5,0,10,0,22.50351039202296,x731,false
RFQ731-001406,x731,CFG731_cb9d6c11077bd307,CFG731_fb9edbaa4769eb64,4.0,TRUE_IN_TOP5,2,stromSchaltbar|dev_advMeterVerification,8,8,0,6,6,0,8,0,20.149787039344933,x731,false
RFQ731-001407,x731,CFG731_fa063863b8688588,CFG731_fa063863b8688588,1.0,CORRECT_TOP1,0,,10,10,0,4,4,0,10,0,21.47712245140122,x731,false
RFQ731-001408,x731,CFG731_ae1f3e9a90950fc3,CFG731_ae1f3e9a90950fc3,1.0,CORRECT_TOP1,0,,6,6,0,8,8,0,6,0,20.430479175796904,x731,false
RFQ731-001409,F731WD_SingleChannel,CFG731_6357400dd5c2804a,CFG731_6357400dd5c2804a,1.0,CORRECT_TOP1,0,,10,10,0,1,1,0,10,0,29.501658488412136,F731WD_SingleChannel,false
RFQ731-001410,x731,CFG731_8d07e19298d09d34,CFG731_0b33555ff08fcd28,2.0,TRUE_IN_TOP3,1,temperaturEingaenge,11,11,0,4,4,0,11,0,22.566635747885577,x731,false
RFQ731-001411,x731,CFG731_8f470181ad32eeae,CFG731_0893c2d75c71d33c,2.0,TRUE_IN_TOP3,2,stromSchaltbar|stromEingaenge,11,11,0,4,4,0,11,0,22.46439093332062,x731,false
RFQ731-001412,x731,CFG731_516629085c122a4e,CFG731_5718ef9495972b30,2.0,TRUE_IN_TOP3,1,stromSchaltbar,12,12,0,3,3,0,12,0,21.346787335893197,x731,false
RFQ731-001413,F731TE,CFG731_874928f24c55285e,CFG731_874928f24c55285e,1.0,CORRECT_TOP1,0,,9,9,0,4,4,0,9,0,39.169853628786285,F731TE,false
RFQ731-001414,F731TE,CFG731_d8c69b7395beabbb,CFG731_d8c69b7395beabbb,1.0,CORRECT_TOP1,0,,11,11,0,2,2,0,11,0,38.80183643608151,F731TE,false
RFQ731-001415,x731,CFG731_33fed5318b1a4f2f,CFG731_7157b3d45716ad8f,2.0,TRUE_IN_TOP3,1,binaerOpenColl_MP,11,11,0,3,3,0,11,0,20.58200003606862,x731,false
RFQ731-001416,G731CA,CFG731_817824ee3a762453,CFG731_2cb814ee06486282,2.0,TRUE_IN_TOP3,2,stromSchaltbar|binaerOpenColl_MP,8,8,0,4,4,0,8,0,21.886727573199128,G731CA,false
RFQ731-001417,G731ST-LT,CFG731_87d8ba5b87cf0a3f,CFG731_77fac91021549398,3.0,TRUE_IN_TOP3,2,temperaturEingaenge|binaerDigitalOpenColl_MN,11,11,0,2,2,0,11,0,22.1571212140856,G731ST-LT,false
RFQ731-001418,F731WD_SingleChannel,CFG731_70b6eaf9262ca4d0,CFG731_70b6eaf9262ca4d0,1.0,CORRECT_TOP1,0,,10,10,0,3,3,0,10,0,30.762456252706688,F731WD_SingleChannel,false
RFQ731-001419,x731,CFG731_260c36430f7c2d03,CFG731_260c36430f7c2d03,1.0,CORRECT_TOP1,0,,10,10,0,4,4,0,10,0,24.010745481975945,x731,false
RFQ731-001420,x731,CFG731_c7c53fc5541f1dc1,CFG731_7756caaf4e5e2963,4.0,TRUE_IN_TOP5,1,dev_advMeterVerification,9,9,0,5,5,0,9,0,20.294850710305862,x731,false
RFQ731-001421,G731ST-HT,CFG731_bbffb73f3dff6787,CFG731_68193b179adae994,2.0,TRUE_IN_TOP3,1,stromEingaenge,12,12,0,3,3,0,12,0,27.135358209651407,G731ST-HT,false
RFQ731-001422,G731CA,CFG731_452fb8d2c450816e,CFG731_452fb8d2c450816e,1.0,CORRECT_TOP1,0,,8,8,0,4,4,0,8,0,26.69389423217886,G731CA,false
RFQ731-001423,F731WD_SingleChannel,CFG731_70b6eaf9262ca4d0,CFG731_70b6eaf9262ca4d0,1.0,CORRECT_TOP1,0,,10,10,0,3,3,0,10,0,30.762456252706688,F731WD_SingleChannel,false
RFQ731-001424,x731,CFG731_2d0a81ff4ec49480,CFG731_f84a3b5f8ae2ffee,3.0,TRUE_IN_TOP3,3,stromEingaenge|temperaturEingaenge|dynamicGasMaster,10,10,0,4,4,0,10,0,19.86166438546192,x731,false
RFQ731-001425,x731,CFG731_7308ee8503151ef3,CFG731_f55693c6f4f3dcb0,3.0,TRUE_IN_TOP3,2,stromSchaltbar|dynamicGasMaster,10,10,0,5,5,0,10,0,20.95056300172009,x731,false
RFQ731-001426,x731,CFG731_1f978c234895178c,CFG731_007c0829be0a9482,2.0,TRUE_IN_TOP3,1,dev_advMeterVerification,10,10,0,5,5,0,10,0,21.259534756377747,x731,false
RFQ731-001427,x731,CFG731_5aad423ad5989441,CFG731_5aad423ad5989441,1.0,CORRECT_TOP1,0,,10,10,0,5,5,0,10,0,22.52751628918324,x731,false
RFQ731-001428,x731,CFG731_1f31b1bf8dc9e962,CFG731_1f31b1bf8dc9e962,1.0,CORRECT_TOP1,0,,14,14,0,1,1,0,14,0,21.620777461168338,x731,false
RFQ731-001429,G731ST-HT,CFG731_a69c8345e2cbb480,CFG731_ad85e442c9239be7,2.0,TRUE_IN_TOP3,1,stromSchaltbar,12,12,0,2,2,0,12,0,25.89438119718,G731ST-HT,false
RFQ731-001430,x731,CFG731_5dd42015f6f61801,CFG731_b92916814fce7b8e,3.0,TRUE_IN_TOP3,2,stromEingaenge|dynamicGasMaster,9,9,0,6,6,0,9,0,20.836322804145876,x731,false
RFQ731-001431,G731CA,CFG731_55e37d2b9d20276c,CFG731_55e37d2b9d20276c,1.0,CORRECT_TOP1,0,,9,9,0,5,5,0,9,0,31.78596785697629,G731CA,false
RFQ731-001432,x731,CFG731_e1c54b5b080fabb2,CFG731_2ae6ccd85f4fafbe,3.0,TRUE_IN_TOP3,3,stromSchaltbar|stromEingaenge|customUserFluid,10,10,0,2,2,0,10,0,18.60337246437301,x731,false
RFQ731-001433,x731,CFG731_7733a6e26ede07b9,CFG731_7733a6e26ede07b9,1.0,CORRECT_TOP1,0,,11,11,0,2,2,0,11,0,21.856838587075615,x731,false
RFQ731-001434,x731,CFG731_021f4647ad1035b8,CFG731_021f4647ad1035b8,1.0,CORRECT_TOP1,0,,12,12,0,5,5,0,12,0,24.2030423824646,x731,false
RFQ731-001435,G731ST-HT,CFG731_bbffb73f3dff6787,CFG731_9681c4eec01b7fad,2.0,TRUE_IN_TOP3,2,stromSchaltbar|temperaturEingaenge,9,9,0,5,5,0,9,0,25.74440312471359,G731ST-HT,false
RFQ731-001436,x731,CFG731_a7a446c7f3b3183f,CFG731_a7a446c7f3b3183f,1.0,CORRECT_TOP1,0,,8,8,0,5,5,0,8,0,22.821030946600125,x731,false
RFQ731-001437,x731,CFG731_a7a446c7f3b3183f,CFG731_b339d839e10eb209,3.0,TRUE_IN_TOP3,1,binaerDigitalOpenColl_MN,8,8,0,4,4,0,8,0,20.83823403078801,x731,false
RFQ731-001438,x731,CFG731_2683cf7e09782f5e,CFG731_2683cf7e09782f5e,1.0,CORRECT_TOP1,0,,10,10,0,6,6,0,10,0,22.62841662476227,x731,false
RFQ731-001439,x731,CFG731_04a53b6cc81d57d6,CFG731_7cbccce939e500bd,3.0,TRUE_IN_TOP3,1,stromSchaltbar,11,11,0,3,3,0,11,0,20.19056064223515,x731,false
RFQ731-001440,x731,CFG731_6526112621a9ee97,CFG731_4afe4cfa02474e97,,TRUE_UNRANKED,3,binaerDigitalOpenColl_MN|dynamicGasMaster|customUserFluid,6,6,0,6,6,0,6,0,16.352639030937258,x731,false
RFQ731-001441,G731ST-LT,CFG731_32b4b1ec4513af66,CFG731_68d95a26943b3650,2.0,TRUE_IN_TOP3,2,stromSchaltbar|temperaturEingaenge,13,13,0,1,1,0,13,0,24.12082663424291,G731ST-LT,false
RFQ731-001442,x731,CFG731_6b809c836e3ca8a1,CFG731_6b809c836e3ca8a1,1.0,CORRECT_TOP1,0,,9,9,0,6,6,0,9,0,23.18573716763555,x731,false
RFQ731-001443,F731TE,CFG731_7113759c5b95914d,CFG731_7113759c5b95914d,1.0,CORRECT_TOP1,0,,9,9,0,4,4,0,9,0,40.34799587457038,F731TE,false
RFQ731-001444,G731CA,CFG731_6fae22c89116fc5e,CFG731_6fae22c89116fc5e,1.0,CORRECT_TOP1,0,,10,10,0,4,4,0,10,0,36.03875945391075,G731CA,false
RFQ731-001445,x731,CFG731_c39096767a7ae083,CFG731_950a2c81247480fc,7.0,TRUE_IN_TOP10,3,stromEingaenge|temperaturEingaenge|dev_advMeterVerification,9,9,0,5,5,0,9,0,20.405854328982382,x731,false
RFQ731-001446,x731,CFG731_241d60e6ef5278be,CFG731_066736b465be9fda,2.0,TRUE_IN_TOP3,2,stromSchaltbar|stromEingaenge,11,11,0,3,3,0,11,0,20.07842284245135,x731,false
RFQ731-001447,x731,CFG731_89772de94df83ba5,CFG731_e513d349f418c5df,2.0,TRUE_IN_TOP3,2,dev_advMeterVerification|customUserFluid,12,12,0,2,2,0,12,0,20.90719831242041,x731,false
RFQ731-001448,x731,CFG731_e5a85c19cf4647dd,CFG731_e5a85c19cf4647dd,1.0,CORRECT_TOP1,0,,12,12,0,3,3,0,12,0,20.98630087661228,x731,false
RFQ731-001449,x731,CFG731_b7c5e5eddd92ed3a,CFG731_0f0d5e28351801c5,8.0,TRUE_IN_TOP10,1,stromSchaltbar,9,9,0,4,4,0,9,0,18.90691546498046,x731,false
RFQ731-001450,G731CA,CFG731_98ec9650b5463fd0,CFG731_98ec9650b5463fd0,1.0,CORRECT_TOP1,0,,9,9,0,3,3,0,9,0,28.170110935086907,G731CA,false
RFQ731-001451,x731,CFG731_3a6a87d7cf07cb7c,CFG731_3a6a87d7cf07cb7c,1.0,CORRECT_TOP1,0,,10,10,0,5,5,0,10,0,21.16106161493284,x731,false
RFQ731-001452,F731WD_SingleChannel,CFG731_9a761e6bfde35917,CFG731_9a761e6bfde35917,1.0,CORRECT_TOP1,0,,9,9,0,4,4,0,9,0,38.506254188817095,F731WD_SingleChannel,false
RFQ731-001453,x731,CFG731_844c64c49c2e5514,CFG731_7fec165d30a3c1b5,5.0,TRUE_IN_TOP5,1,binaerOpenColl_MP,11,11,0,3,3,0,11,0,18.987343972251317,x731,false
RFQ731-001454,F731TE,CFG731_7113759c5b95914d,CFG731_7113759c5b95914d,1.0,CORRECT_TOP1,0,,12,12,0,1,1,0,12,0,40.34799587457038,F731TE,false
RFQ731-001455,G731ST-HT,CFG731_4de012f7232f644d,CFG731_4de012f7232f644d,1.0,CORRECT_TOP1,0,,8,8,0,7,7,0,8,0,27.07146405668334,G731ST-HT,false
RFQ731-001456,x731,CFG731_c39096767a7ae083,CFG731_c39096767a7ae083,1.0,CORRECT_TOP1,0,,13,13,0,4,4,0,13,0,24.26708860541578,x731,false
RFQ731-001457,x731,CFG731_78d3b084a795c836,CFG731_e9b10f07ada7d5e2,2.0,TRUE_IN_TOP3,2,stromSchaltbar|binaerDigitalOpenColl_MN,10,10,0,5,5,0,10,0,20.916143098318457,x731,false
RFQ731-001458,F731PW,CFG731_92efd7a3c43da152,CFG731_92efd7a3c43da152,1.0,CORRECT_TOP1,0,,10,10,0,2,2,0,10,0,35.610524999026474,F731PW,false
RFQ731-001459,x731,CFG731_8ef93a1702c0f879,CFG731_8ef93a1702c0f879,1.0,CORRECT_TOP1,0,,9,9,0,4,4,0,9,0,19.343020482803176,x731,false
RFQ731-001460,G731CA,CFG731_d2a75fda6f761c1b,CFG731_24b3128196e55c23,2.0,TRUE_IN_TOP3,2,stromSchaltbar|binaerOpenColl_MP,5,5,0,7,7,0,5,0,25.48800431501691,G731CA,false
RFQ731-001461,x731,CFG731_2322a268d0a898f9,CFG731_c368d3c9941ce0d3,6.0,TRUE_IN_TOP10,2,stromSchaltbar|temperaturEingaenge,11,11,0,2,2,0,11,0,19.236362839897104,x731,false
RFQ731-001462,G731CA,CFG731_495876b6233d3864,CFG731_495876b6233d3864,1.0,CORRECT_TOP1,0,,12,12,0,2,2,0,12,0,35.628547197002995,G731CA,false
RFQ731-001463,G731ST-LT,CFG731_e0009be417f51ccd,CFG731_e0009be417f51ccd,1.0,CORRECT_TOP1,0,,13,13,0,3,3,0,13,0,27.239487931069867,G731ST-LT,false
RFQ731-001464,G731ST-HT,CFG731_8b18ac1c34209d63,CFG731_8b18ac1c34209d63,1.0,CORRECT_TOP1,0,,14,14,0,2,2,0,14,0,28.09435905711236,G731ST-HT,false
RFQ731-001465,x731,CFG731_5ea309f998205da7,CFG731_9ccdadb28a07accd,6.0,TRUE_IN_TOP10,2,dev_advMeterVerification|customUserFluid,11,11,0,3,3,0,11,0,21.281151774626046,x731,false
RFQ731-001466,x731,CFG731_ea7fe428c0bf0fcb,CFG731_703ec3e14f55366e,4.0,TRUE_IN_TOP5,1,binaerDigitalOpenColl_MN,9,9,0,3,3,0,9,0,20.793788933410628,x731,false
RFQ731-001467,F731WD_SingleChannel,CFG731_4ca309199387f8d5,CFG731_4ca309199387f8d5,1.0,CORRECT_TOP1,0,,8,8,0,5,5,0,8,0,30.61247818024028,F731WD_SingleChannel,false
RFQ731-001468,x731,CFG731_c9829182065e0285,CFG731_1515931f201451d5,2.0,TRUE_IN_TOP3,1,stromSchaltbar,10,10,0,3,3,0,10,0,21.416588364283125,x731,false
RFQ731-001469,G731CA,CFG731_d2a75fda6f761c1b,CFG731_d2a75fda6f761c1b,1.0,CORRECT_TOP1,0,,11,11,0,3,3,0,11,0,34.49260001542188,G731CA,false
RFQ731-001470,x731,CFG731_83f956404d04e6cd,CFG731_83f956404d04e6cd,1.0,CORRECT_TOP1,0,,15,15,0,2,2,0,15,0,25.26687120444848,x731,false
RFQ731-001471,G731ST-HT,CFG731_c32627af59ba1526,CFG731_1e3e39ce65cdb22f,7.0,TRUE_IN_TOP10,2,temperaturEingaenge|binaerOpenColl_MP,12,12,0,1,1,0,12,0,23.19770828748669,G731ST-HT,false
RFQ731-001472,G731ST-LT,CFG731_d3e51804db148a52,CFG731_d3e51804db148a52,1.0,CORRECT_TOP1,0,,13,13,0,1,1,0,13,0,24.2877938045737,G731ST-LT,false
RFQ731-001473,G731CA,CFG731_e85a7fcdd0521e90,CFG731_e85a7fcdd0521e90,1.0,CORRECT_TOP1,0,,11,11,0,1,1,0,11,0,21.84453250899616,G731CA,false
RFQ731-001474,G731ST-HT,CFG731_4aa7d46b9cfa7d7b,CFG731_fa91f60062985c6d,3.0,TRUE_IN_TOP3,2,stromEingaenge|temperaturEingaenge,13,13,0,1,1,0,13,0,25.60200664906349,G731ST-HT,false
RFQ731-001475,x731,CFG731_219ac3d01befd6d1,CFG731_175dfbf580a50b51,5.0,TRUE_IN_TOP5,2,temperaturEingaenge|binaerOpenColl_MP,9,9,0,5,5,0,9,0,19.46285365083589,x731,false
RFQ731-001476,x731,CFG731_59f86789e43d86f1,CFG731_59f86789e43d86f1,1.0,CORRECT_TOP1,0,,12,12,0,4,4,0,12,0,23.11716703108541,x731,false
RFQ731-001477,x731,CFG731_ae1f3e9a90950fc3,CFG731_ae1f3e9a90950fc3,1.0,CORRECT_TOP1,0,,12,12,0,2,2,0,12,0,20.430479175796904,x731,false
RFQ731-001478,x731,CFG731_a7a446c7f3b3183f,CFG731_a7a446c7f3b3183f,1.0,CORRECT_TOP1,0,,11,11,0,2,2,0,11,0,22.821030946600125,x731,false
RFQ731-001479,G731ST-HT,CFG731_a3b03637ed22317c,CFG731_a3b03637ed22317c,1.0,CORRECT_TOP1,0,,14,14,0,2,2,0,14,0,28.263428625233576,G731ST-HT,false
RFQ731-001480,x731,CFG731_e80085d86d0bbfa9,CFG731_e80085d86d0bbfa9,1.0,CORRECT_TOP1,0,,9,9,0,8,8,0,9,0,23.625257744905834,x731,false
RFQ731-001481,x731,CFG731_de1b4a889540ef0e,CFG731_de1b4a889540ef0e,1.0,CORRECT_TOP1,0,,9,9,0,5,5,0,9,0,21.06395788766009,x731,false
RFQ731-001482,x731,CFG731_37fcb5ee957aede4,CFG731_37fcb5ee957aede4,1.0,CORRECT_TOP1,0,,7,7,0,6,6,0,7,0,20.650701012045804,x731,false
RFQ731-001483,x731,CFG731_c39096767a7ae083,CFG731_4da2b3fd83325505,2.0,TRUE_IN_TOP3,2,stromEingaenge|dev_advMeterVerification,13,13,0,2,2,0,13,0,21.761071539028016,x731,false
RFQ731-001484,x731,CFG731_ad672c682712eda8,CFG731_79a3938f47d28a2e,4.0,TRUE_IN_TOP5,2,stromSchaltbar|customUserFluid,10,10,0,4,4,0,10,0,19.59787118554944,x731,false
RFQ731-001485,G731ST-LT,CFG731_0fdf5c36c9c41e69,CFG731_9b48d8977da96686,2.0,TRUE_IN_TOP3,1,temperaturEingaenge,12,12,0,3,3,0,12,0,25.284634924717267,G731ST-LT,false
RFQ731-001486,x731,CFG731_16bd4e059b8168a9,CFG731_16bd4e059b8168a9,1.0,CORRECT_TOP1,0,,5,5,0,9,9,0,5,0,23.139089796661445,x731,false
RFQ731-001487,x731,CFG731_33fed5318b1a4f2f,CFG731_7157b3d45716ad8f,2.0,TRUE_IN_TOP3,1,binaerOpenColl_MP,10,10,0,4,4,0,10,0,20.58200003606862,x731,false
RFQ731-001488,F731WD_SingleChannel,CFG731_4ca309199387f8d5,CFG731_4ca309199387f8d5,1.0,CORRECT_TOP1,0,,11,11,0,2,2,0,11,0,30.61247818024028,F731WD_SingleChannel,false
RFQ731-001489,x731,CFG731_7733a6e26ede07b9,CFG731_7733a6e26ede07b9,1.0,CORRECT_TOP1,0,,12,12,0,1,1,0,12,0,21.856838587075615,x731,false
RFQ731-001490,x731,CFG731_db395082b1a3b8ac,CFG731_db395082b1a3b8ac,1.0,CORRECT_TOP1,0,,8,8,0,6,6,0,8,0,22.940611540664392,x731,false
RFQ731-001491,x731,CFG731_135ddf5639321fb6,CFG731_135ddf5639321fb6,1.0,CORRECT_TOP1,0,,10,10,0,3,3,0,10,0,19.87490273413921,x731,false
RFQ731-001492,F731PW,CFG731_7785b2914ebb6eaf,CFG731_7785b2914ebb6eaf,1.0,CORRECT_TOP1,0,,10,10,0,2,2,0,10,0,29.024288688400222,F731PW,false
RFQ731-001493,x731,CFG731_c3481d11b658e1e9,CFG731_187ec74b5c4854aa,3.0,TRUE_IN_TOP3,1,dev_advMeterVerification,12,12,0,3,3,0,12,0,21.469472408382405,x731,false
RFQ731-001494,G731CA,CFG731_0738cd529389f266,CFG731_3781457447e45e13,2.0,TRUE_IN_TOP3,2,stromSchaltbar|binaerOpenColl_MP,8,8,0,4,4,0,8,0,22.931350229037736,G731CA,false
RFQ731-001495,x731,CFG731_9e4fccece4d272d3,CFG731_9e4fccece4d272d3,1.0,CORRECT_TOP1,0,,12,12,0,4,4,0,12,0,22.697440986721595,x731,false
RFQ731-001496,x731,CFG731_353333bad447dbef,CFG731_5a14e01af9745dda,2.0,TRUE_IN_TOP3,1,customUserFluid,9,9,0,5,5,0,9,0,21.28542148351264,x731,false
RFQ731-001497,G731ST-HT,CFG731_288e4c99b4e02895,CFG731_7b17e78739264251,3.0,TRUE_IN_TOP3,1,stromSchaltbar,10,10,0,3,3,0,10,0,23.57644669003196,G731ST-HT,false
RFQ731-001498,x731,CFG731_67751271582e3c57,CFG731_67751271582e3c57,1.0,CORRECT_TOP1,0,,9,9,0,6,6,0,9,0,22.39961143327012,x731,false
RFQ731-001499,x731,CFG731_14299a2a74e42d7f,CFG731_b60961340903daf0,3.0,TRUE_IN_TOP3,1,binaerDigitalOpenColl_MN,8,8,0,5,5,0,8,0,22.142336399122044,x731,false
RFQ731-001500,x731,CFG731_ebb861c404a79d91,CFG731_5789f006b670582c,3.0,TRUE_IN_TOP3,2,stromSchaltbar|dev_advMeterVerification,13,13,0,0,0,0,13,0,19.67850846874415,x731,false
RFQ731-001501,x731,CFG731_2e5bd0d53757f625,CFG731_6a919c664c763f98,3.0,TRUE_IN_TOP3,1,stromSchaltbar,11,11,0,2,2,0,11,0,19.05250707061041,x731,false
RFQ731-001502,F731WD_SingleChannel,CFG731_e98d2be876599c40,CFG731_e98d2be876599c40,1.0,CORRECT_TOP1,0,,8,8,0,5,5,0,8,0,34.75499937453291,F731WD_SingleChannel,false
RFQ731-001503,x731,CFG731_b4987f1c95e91d0d,CFG731_8d9f29ebcd8f04bd,2.0,TRUE_IN_TOP3,1,stromSchaltbar,11,11,0,4,4,0,11,0,20.8874456174459,x731,false
RFQ731-001504,G731ST-LT,CFG731_dbd5a2176d0b595a,CFG731_dbd5a2176d0b595a,1.0,CORRECT_TOP1,0,,12,12,0,3,3,0,12,0,25.70613637048195,G731ST-LT,false
RFQ731-001505,G731ST-HT,CFG731_cc9ac35e4d9a1854,CFG731_143205a81a2e7efc,2.0,TRUE_IN_TOP3,1,stromSchaltbar,12,12,0,3,3,0,12,0,26.85154324863611,G731ST-HT,false
RFQ731-001506,x731,CFG731_32b1041fd68aac23,CFG731_45c82d5d48fcc411,3.0,TRUE_IN_TOP3,2,dev_advMeterVerification|customUserFluid,10,10,0,4,4,0,10,0,20.6259909445154,x731,false
RFQ731-001507,x731,CFG731_3662a471d9ce3167,CFG731_c32e1d5ad1662baf,2.0,TRUE_IN_TOP3,1,stromSchaltbar,13,13,0,2,2,0,13,0,21.155866609023786,x731,false
RFQ731-001508,G731ST-HT,CFG731_5c80dfb541787e3e,CFG731_5c80dfb541787e3e,1.0,CORRECT_TOP1,0,,11,11,0,4,4,0,11,0,26.598847769207055,G731ST-HT,false
RFQ731-001509,x731,CFG731_75466cb810218a66,CFG731_576db798689c655c,,TRUE_UNRANKED,2,binaerOpenColl_MP|customUserFluid,9,9,0,3,3,0,9,0,18.12293411508689,x731,false
RFQ731-001510,F731WD_DualChannel,CFG731_a4610f5f38e7d946,CFG731_a4610f5f38e7d946,1.0,CORRECT_TOP1,0,,10,10,0,3,3,0,10,0,36.30115881302178,F731WD_DualChannel,false
RFQ731-001511,G731ST-LT,CFG731_a40ab19ad6671fbe,CFG731_098817d766a37bc2,2.0,TRUE_IN_TOP3,1,stromEingaenge,13,13,0,2,2,0,13,0,25.53087321483553,G731ST-LT,false
RFQ731-001512,G731ST-HT,CFG731_8216f56c8f1b8479,CFG731_8216f56c8f1b8479,1.0,CORRECT_TOP1,0,,12,12,0,2,2,0,12,0,24.931663900077588,G731ST-HT,false
RFQ731-001513,F731WD_SingleChannel,CFG731_11c93eca01984a14,CFG731_0be7d6198235486b,2.0,TRUE_IN_TOP3,2,stromSchaltbar|binaerOpenColl_MP,7,7,0,4,4,0,7,0,25.359137294119503,F731WD_SingleChannel,false
RFQ731-001514,x731,CFG731_8c50542218db5cb0,CFG731_291a6feab0a4d36b,4.0,TRUE_IN_TOP5,2,binaerDigitalOpenColl_MN|dev_advMeterVerification,10,10,0,4,4,0,10,0,20.41113131884709,x731,false
RFQ731-001515,G731ST-LT,CFG731_7b1edd53e8bbad40,CFG731_3c45363d4a341d20,6.0,TRUE_IN_TOP10,1,binaerOpenColl_MP,10,10,0,4,4,0,10,0,23.698054371489828,G731ST-LT,false
RFQ731-001516,x731,CFG731_d3db38843cf9fb81,CFG731_d3db38843cf9fb81,1.0,CORRECT_TOP1,0,,12,12,0,3,3,0,12,0,22.413276091609017,x731,false
RFQ731-001517,x731,CFG731_ad0a2fd7350b6cca,CFG731_ad0a2fd7350b6cca,1.0,CORRECT_TOP1,0,,13,13,0,4,4,0,13,0,24.417066677882183,x731,false
RFQ731-001518,G731CA,CFG731_817824ee3a762453,CFG731_2cb814ee06486282,2.0,TRUE_IN_TOP3,2,stromSchaltbar|binaerOpenColl_MP,10,10,0,2,2,0,10,0,21.886727573199128,G731CA,false
RFQ731-001519,x731,CFG731_618cb6c1c21feda4,CFG731_618cb6c1c21feda4,1.0,CORRECT_TOP1,0,,12,12,0,3,3,0,12,0,21.39466559870709,x731,false
RFQ731-001520,F731TE,CFG731_090330aa38b8e80b,CFG731_090330aa38b8e80b,1.0,CORRECT_TOP1,0,,9,9,0,4,4,0,9,0,41.75183379650011,F731TE,false
RFQ731-001521,x731,CFG731_7822370b42865359,CFG731_8956c16bd3b9a345,2.0,TRUE_IN_TOP3,1,stromEingaenge,10,10,0,4,4,0,10,0,20.759157800896435,x731,false
RFQ731-001522,x731,CFG731_c39096767a7ae083,CFG731_1f7c154d7e34e86e,3.0,TRUE_IN_TOP3,3,stromSchaltbar|temperaturEingaenge|dynamicGasMaster,13,13,0,1,1,0,13,0,19.77783493373711,x731,false
RFQ731-001523,F731TE,CFG731_d8c69b7395beabbb,CFG731_3c2aedfb429dc226,2.0,TRUE_IN_TOP3,2,stromSchaltbar|binaerOpenColl_MP,10,10,0,1,1,0,10,0,29.797240735676542,F731TE,false
RFQ731-001524,x731,CFG731_e5051ee84b25c9bb,CFG731_e5051ee84b25c9bb,1.0,CORRECT_TOP1,0,,11,11,0,3,3,0,11,0,21.19120651936653,x731,false
RFQ731-001525,x731,CFG731_c6a3ff6155563d17,CFG731_07364aa0260e0bc7,2.0,TRUE_IN_TOP3,1,temperaturEingaenge,11,11,0,3,3,0,11,0,20.962577234618728,x731,false
RFQ731-001526,G731ST-HT,CFG731_9f9bc93c4b0253cf,CFG731_7cc9f85131c775cb,2.0,TRUE_IN_TOP3,1,temperaturEingaenge,11,11,0,3,3,0,11,0,25.180505203298807,G731ST-HT,false
RFQ731-001527,x731,CFG731_496bd7a964d6cd85,CFG731_aef3ebf3cdf884c1,5.0,TRUE_IN_TOP5,1,binaerOpenColl_MP,11,11,0,4,4,0,11,0,21.328457065185663,x731,false
RFQ731-001528,x731,CFG731_0c05dd0ad4f3894a,CFG731_0c05dd0ad4f3894a,1.0,CORRECT_TOP1,0,,11,11,0,5,5,0,11,0,23.447835096514144,x731,false
RFQ731-001529,G731ST-LT,CFG731_10085782ed0991cf,CFG731_395f3e5588a2c3c0,2.0,TRUE_IN_TOP3,1,stromEingaenge,12,12,0,3,3,0,12,0,25.723046351504912,G731ST-LT,false
RFQ731-001530,x731,CFG731_20e62aeb01c953da,CFG731_20e62aeb01c953da,1.0,CORRECT_TOP1,0,,12,12,0,4,4,0,12,0,22.99872411197393,x731,false
RFQ731-001531,F731WD_SingleChannel,CFG731_11c93eca01984a14,CFG731_11c93eca01984a14,1.0,CORRECT_TOP1,0,,9,9,0,4,4,0,9,0,34.36373299452446,F731WD_SingleChannel,false
RFQ731-001532,x731,CFG731_9a0f0b26c7f24725,CFG731_9a0f0b26c7f24725,1.0,CORRECT_TOP1,0,,14,14,0,2,2,0,14,0,23.84852863854023,x731,false
RFQ731-001533,G731ST-HT,CFG731_fcc72e9951376cf3,CFG731_5dd35c89836ec88e,2.0,TRUE_IN_TOP3,1,stromEingaenge,8,8,0,7,7,0,8,0,27.327531346320782,G731ST-HT,false
RFQ731-001534,G731CA,CFG731_e85a7fcdd0521e90,CFG731_e85a7fcdd0521e90,1.0,CORRECT_TOP1,0,,8,8,0,4,4,0,8,0,21.84453250899616,G731CA,false
RFQ731-001535,x731,CFG731_21cf39d47f0d98ac,CFG731_21cf39d47f0d98ac,1.0,CORRECT_TOP1,0,,9,9,0,3,3,0,9,0,19.50373418405184,x731,false
RFQ731-001536,x731,CFG731_2be17a56b0589fd1,CFG731_c108b657efc147c3,2.0,TRUE_IN_TOP3,1,customUserFluid,14,14,0,1,1,0,14,0,22.703764049420887,x731,false
RFQ731-001537,x731,CFG731_9d1c08e274eec8a3,CFG731_da03b61dd1a0eef7,4.0,TRUE_IN_TOP5,2,stromEingaenge|temperaturEingaenge,7,7,0,6,6,0,7,0,19.499569044721238,x731,false
RFQ731-001538,G731ST-LT,CFG731_750dd83a06ba43cb,CFG731_b3d0283738532d82,2.0,TRUE_IN_TOP3,1,stromEingaenge,10,10,0,4,4,0,10,0,24.367064924361177,G731ST-LT,false
RFQ731-001539,x731,CFG731_1f31b1bf8dc9e962,CFG731_791a0e440e2e9e12,4.0,TRUE_IN_TOP5,1,stromSchaltbar,9,9,0,5,5,0,9,0,20.1666970203679,x731,false
RFQ731-001540,x731,CFG731_93ba38caebb455ef,CFG731_93ba38caebb455ef,1.0,CORRECT_TOP1,0,,11,11,0,3,3,0,11,0,20.44570706478404,x731,false
RFQ731-001541,G731CA,CFG731_1dfb5999b1debe3a,CFG731_1dfb5999b1debe3a,1.0,CORRECT_TOP1,0,,11,11,0,3,3,0,11,0,35.99656438970778,G731CA,false
RFQ731-001542,G731CA,CFG731_691a8f2ff165671d,CFG731_691a8f2ff165671d,1.0,CORRECT_TOP1,0,,10,10,0,2,2,0,10,0,26.623951496598032,G731CA,false
RFQ731-001543,x731,CFG731_3c119308d8305ad4,CFG731_3c119308d8305ad4,1.0,CORRECT_TOP1,0,,12,12,0,3,3,0,12,0,20.701719896485542,x731,false
RFQ731-001544,x731,CFG731_cf4bb519cec0df2f,CFG731_cf4bb519cec0df2f,1.0,CORRECT_TOP1,0,,13,13,0,3,3,0,13,0,22.206915178997583,x731,false
RFQ731-001545,x731,CFG731_fde1ab2a4808b544,CFG731_584d4f5b54752e2e,3.0,TRUE_IN_TOP3,1,dev_advMeterVerification,13,13,0,2,2,0,13,0,21.868854547291445,x731,false
RFQ731-001546,x731,CFG731_696639c1a9f714c1,CFG731_696639c1a9f714c1,1.0,CORRECT_TOP1,0,,8,8,0,7,7,0,8,0,21.637823703317384,x731,false
RFQ731-001547,x731,CFG731_83f956404d04e6cd,CFG731_8bb159f1711e5f6c,2.0,TRUE_IN_TOP3,2,temperaturEingaenge|customUserFluid,13,13,0,2,2,0,13,0,22.843543158358937,x731,false
RFQ731-001548,G731ST-HT,CFG731_4de012f7232f644d,CFG731_4de012f7232f644d,1.0,CORRECT_TOP1,0,,13,13,0,2,2,0,13,0,27.07146405668334,G731ST-HT,false
RFQ731-001549,F731WD_DualChannel,CFG731_35ed22cad11f9a11,CFG731_783ba1dc5751818d,2.0,TRUE_IN_TOP3,1,stromEingaenge,8,8,0,4,4,0,8,0,35.03279431957994,F731WD_DualChannel,false
RFQ731-001550,G731ST-LT,CFG731_455da2f832a6b66d,CFG731_23b68b2dd2793a5e,10.0,TRUE_IN_TOP10,2,temperaturEingaenge|binaerOpenColl_MP,12,12,0,1,1,0,12,0,21.733517370530496,G731ST-LT,false
RFQ731-001551,x731,CFG731_91e51485b56960b2,CFG731_869a9209459ecf4d,3.0,TRUE_IN_TOP3,2,temperaturEingaenge|dynamicGasMaster,10,10,0,5,5,0,10,0,20.941643224211468,x731,false
RFQ731-001552,x731,CFG731_5e50b9bcbfa0b051,CFG731_5e50b9bcbfa0b051,1.0,CORRECT_TOP1,0,,9,9,0,4,4,0,9,0,19.253962518384395,x731,false
RFQ731-001553,x731,CFG731_3fe779486d988e69,CFG731_3fe779486d988e69,1.0,CORRECT_TOP1,0,,11,11,0,5,5,0,11,0,23.637264006216046,x731,false
RFQ731-001554,x731,CFG731_3bcde7f8df32303c,CFG731_8cfe8eddc16faf74,2.0,TRUE_IN_TOP3,2,temperaturEingaenge|dev_advMeterVerification,12,12,0,3,3,0,12,0,22.61271486159915,x731,false
RFQ731-001555,x731,CFG731_02ec1e408c44cf5d,CFG731_2a1c7295f72ff6ac,2.0,TRUE_IN_TOP3,1,temperaturEingaenge,11,11,0,4,4,0,11,0,21.621655743180103,x731,false
RFQ731-001556,x731,CFG731_3611bb1fba248e38,CFG731_3611bb1fba248e38,1.0,CORRECT_TOP1,0,,12,12,0,3,3,0,12,0,21.327695840238388,x731,false
RFQ731-001557,G731ST-HT,CFG731_d03860c1f327a8d1,CFG731_d03860c1f327a8d1,1.0,CORRECT_TOP1,0,,9,9,0,6,6,0,9,0,27.107201931575528,G731ST-HT,false
RFQ731-001558,G731ST-HT,CFG731_63eca10a00ae1f5d,CFG731_63eca10a00ae1f5d,1.0,CORRECT_TOP1,0,,13,13,0,3,3,0,13,0,28.59589583976263,G731ST-HT,false
RFQ731-001559,G731ST-HT,CFG731_7c70763d4cf79560,CFG731_b46f92852addf866,3.0,TRUE_IN_TOP3,1,stromEingaenge,12,12,0,2,2,0,12,0,25.05446228018259,G731ST-HT,false
RFQ731-001560,x731,CFG731_2f9d539d4085d4b1,CFG731_2f9d539d4085d4b1,1.0,CORRECT_TOP1,0,,10,10,0,4,4,0,10,0,20.844951238569557,x731,false
RFQ731-001561,G731ST-HT,CFG731_e2d64e127f97296d,CFG731_e2d64e127f97296d,1.0,CORRECT_TOP1,0,,12,12,0,3,3,0,12,0,26.49998453845225,G731ST-HT,false
RFQ731-001562,x731,CFG731_e5a85c19cf4647dd,CFG731_e2e04c46506a7f9d,5.0,TRUE_IN_TOP5,2,dev_advMeterVerification|customUserFluid,9,9,0,4,4,0,9,0,18.83051554008885,x731,false
RFQ731-001563,F731TE,CFG731_3fe2202b70f330b1,CFG731_3fe2202b70f330b1,1.0,CORRECT_TOP1,0,,10,10,0,3,3,0,10,0,39.212048692989256,F731TE,false
RFQ731-001564,x731,CFG731_e049618b920d59b6,CFG731_d05c8278d6301e9d,5.0,TRUE_IN_TOP5,2,stromEingaenge|binaerDigitalOpenColl_MN,11,11,0,3,3,0,11,0,20.3316159450421,x731,false
RFQ731-001565,x731,CFG731_91e51485b56960b2,CFG731_7c78a4beb9b12eb2,2.0,TRUE_IN_TOP3,2,stromEingaenge|binaerDigitalOpenColl_MN,12,12,0,3,3,0,12,0,20.575676973369337,x731,false
RFQ731-001566,G731ST-LT,CFG731_b86bbf24b1c3a419,CFG731_b86bbf24b1c3a419,1.0,CORRECT_TOP1,0,,8,8,0,8,8,0,8,0,27.099193853210192,G731ST-LT,false
RFQ731-001567,x731,CFG731_8d07e19298d09d34,CFG731_6d2ac57f5a8786db,3.0,TRUE_IN_TOP3,2,stromEingaenge|customUserFluid,10,10,0,4,4,0,10,0,21.435399555979043,x731,false
RFQ731-001568,x731,CFG731_9e4fccece4d272d3,CFG731_e8d4d37dfb814e2d,2.0,TRUE_IN_TOP3,2,dev_advMeterVerification|dynamicGasMaster,11,11,0,3,3,0,11,0,19.92981046540948,x731,false
RFQ731-001569,x731,CFG731_dc321f785d65411f,CFG731_dc321f785d65411f,1.0,CORRECT_TOP1,0,,11,11,0,5,5,0,11,0,22.941135078333545,x731,false
RFQ731-001570,x731,CFG731_af755e9c46cfadd4,CFG731_0064bc7bf2ed5868,2.0,TRUE_IN_TOP3,1,binaerDigitalOpenColl_MN,8,8,0,5,5,0,8,0,21.676389855979973,x731,false
RFQ731-001571,G731ST-LT,CFG731_32b4b1ec4513af66,CFG731_fbf2539ea471ea5b,2.0,TRUE_IN_TOP3,1,temperaturEingaenge,9,9,0,6,6,0,9,0,25.57490707504335,G731ST-LT,false
RFQ731-001572,G731ST-LT,CFG731_ef044db10b586894,CFG731_ef044db10b586894,1.0,CORRECT_TOP1,0,,11,11,0,3,3,0,11,0,24.658101291785364,G731ST-LT,false
RFQ731-001573,G731ST-HT,CFG731_a56f1437a0b4ca31,CFG731_e489ae1a5426e276,2.0,TRUE_IN_TOP3,1,stromSchaltbar,12,12,0,3,3,0,12,0,26.959326256899544,G731ST-HT,false
RFQ731-001574,x731,CFG731_608c0251ef380592,CFG731_5f8ddbba4a0cb6e7,2.0,TRUE_IN_TOP3,1,temperaturEingaenge,11,11,0,4,4,0,11,0,22.91819445806944,x731,false
RFQ731-001575,x731,CFG731_214b093bf98ca9ef,CFG731_214b093bf98ca9ef,1.0,CORRECT_TOP1,0,,12,12,0,2,2,0,12,0,19.855072656294173,x731,false
RFQ731-001576,x731,CFG731_83f956404d04e6cd,CFG731_02cc92e24847d6c0,5.0,TRUE_IN_TOP5,3,stromSchaltbar|binaerDigitalOpenColl_MN|customUserFluid,13,13,0,1,1,0,13,0,20.761883011792012,x731,false
RFQ731-001577,x731,CFG731_5cfa203ca7029f1c,CFG731_5cfa203ca7029f1c,1.0,CORRECT_TOP1,0,,14,14,0,2,2,0,14,0,23.26714510355181,x731,false
RFQ731-001578,x731,CFG731_6e096e946540ab4e,CFG731_ac8195f5cce7d089,2.0,TRUE_IN_TOP3,1,stromEingaenge,10,10,0,6,6,0,10,0,22.497187329323665,x731,false
RFQ731-001579,G731ST-HT,CFG731_b30ceef5c5f902ca,CFG731_b30ceef5c5f902ca,1.0,CORRECT_TOP1,0,,7,7,0,6,6,0,7,0,23.86671884035804,G731ST-HT,false
RFQ731-001580,x731,CFG731_dc326dfb039445c4,CFG731_dc326dfb039445c4,1.0,CORRECT_TOP1,0,,9,9,0,6,6,0,9,0,22.483623219223063,x731,false
RFQ731-001581,x731,CFG731_357a7724550c556f,CFG731_901acdfc4a61ad77,3.0,TRUE_IN_TOP3,1,temperaturEingaenge,11,11,0,3,3,0,11,0,19.82250055772635,x731,false
RFQ731-001582,F731PW,CFG731_0d8116f4900c6919,CFG731_0d8116f4900c6919,1.0,CORRECT_TOP1,0,,8,8,0,4,4,0,8,0,29.13642648818402,F731PW,false
RFQ731-001583,G731ST-LT,CFG731_a40ab19ad6671fbe,CFG731_cc64ce3eaedacb17,2.0,TRUE_IN_TOP3,2,stromEingaenge|temperaturEingaenge,10,10,0,4,4,0,10,0,24.175656004789904,G731ST-LT,false
RFQ731-001584,x731,CFG731_0ee5d1627cfddbbd,CFG731_0ee5d1627cfddbbd,1.0,CORRECT_TOP1,0,,11,11,0,3,3,0,11,0,20.831825747372843,x731,false
RFQ731-001585,G731ST-LT,CFG731_c050936f4a70e2a0,CFG731_c050936f4a70e2a0,1.0,CORRECT_TOP1,0,,13,13,0,2,2,0,13,0,25.607273139727138,G731ST-LT,false
RFQ731-001586,x731,CFG731_c8308576aedaf2a4,CFG731_c8308576aedaf2a4,1.0,CORRECT_TOP1,0,,14,14,0,1,1,0,14,0,22.131592340258408,x731,false
RFQ731-001587,x731,CFG731_337790e6bbcf15f4,CFG731_809af1b5bbfb38fb,4.0,TRUE_IN_TOP5,1,temperaturEingaenge,8,8,0,6,6,0,8,0,20.359775215268808,x731,false
RFQ731-001588,G731ST-HT,CFG731_7b2f69a7ca55041b,CFG731_7b2f69a7ca55041b,1.0,CORRECT_TOP1,0,,12,12,0,4,4,0,12,0,27.80408690678628,G731ST-HT,false
RFQ731-001589,x731,CFG731_962b6fcde3072947,CFG731_3450383be0000281,4.0,TRUE_IN_TOP5,1,temperaturEingaenge,10,10,0,5,5,0,10,0,20.73037859188728,x731,false
RFQ731-001590,x731,CFG731_8d07e19298d09d34,CFG731_c35b817e9679c657,3.0,TRUE_IN_TOP3,2,stromEingaenge|binaerOpenColl_MP,14,14,0,0,0,0,14,0,20.23044132588476,x731,false
RFQ731-001591,G731ST-LT,CFG731_0029021d98da4557,CFG731_41b81999e34ef823,2.0,TRUE_IN_TOP3,1,stromEingaenge,11,11,0,3,3,0,11,0,24.226770846501505,G731ST-LT,false
RFQ731-001592,G731ST-HT,CFG731_bbffb73f3dff6787,CFG731_68193b179adae994,2.0,TRUE_IN_TOP3,1,stromEingaenge,11,11,0,4,4,0,11,0,27.135358209651407,G731ST-HT,false
RFQ731-001593,F731TE,CFG731_090330aa38b8e80b,CFG731_090330aa38b8e80b,1.0,CORRECT_TOP1,0,,11,11,0,2,2,0,11,0,41.75183379650011,F731TE,false
RFQ731-001594,G731ST-HT,CFG731_a4416ae9d698efa6,CFG731_1060da033d1aaed1,4.0,TRUE_IN_TOP5,1,temperaturEingaenge,11,11,0,2,2,0,11,0,24.36825562300831,G731ST-HT,false
RFQ731-001595,x731,CFG731_abcee67081353f16,CFG731_3d5919a152529e0c,2.0,TRUE_IN_TOP3,1,stromSchaltbar,10,10,0,5,5,0,10,0,21.388982400096168,x731,false
RFQ731-001596,x731,CFG731_8048d4394d2fbde3,CFG731_8048d4394d2fbde3,1.0,CORRECT_TOP1,0,,11,11,0,1,1,0,11,0,19.65596228969266,x731,false
RFQ731-001597,x731,CFG731_241d60e6ef5278be,CFG731_411773d48068b1c0,2.0,TRUE_IN_TOP3,2,temperaturEingaenge|customUserFluid,10,10,0,4,4,0,10,0,20.52751780307049,x731,false
RFQ731-001598,F731WD_DualChannel,CFG731_819cb4e76943eca6,CFG731_37e3938c6089bb2d,2.0,TRUE_IN_TOP3,2,stromSchaltbar|binaerOpenColl_MP,8,8,0,3,3,0,8,0,23.304019990790596,F731WD_DualChannel,false
RFQ731-001599,x731,CFG731_8d07e19298d09d34,CFG731_1ff2c28c953275c5,3.0,TRUE_IN_TOP3,2,stromEingaenge|temperaturEingaenge,11,11,0,3,3,0,11,0,21.148293181977326,x731,false
RFQ731-001600,G731ST-HT,CFG731_fcc72e9951376cf3,CFG731_5dd35c89836ec88e,2.0,TRUE_IN_TOP3,1,stromEingaenge,13,13,0,2,2,0,13,0,27.327531346320782,G731ST-HT,false
RFQ731-001601,x731,CFG731_219ac3d01befd6d1,CFG731_d47fa87df22e968e,2.0,TRUE_IN_TOP3,1,stromSchaltbar,12,12,0,3,3,0,12,0,21.637059486219275,x731,false
RFQ731-001602,x731,CFG731_c6a3ff6155563d17,CFG731_c6a3ff6155563d17,1.0,CORRECT_TOP1,0,,11,11,0,4,4,0,11,0,22.31779444466436,x731,false
RFQ731-001603,x731,CFG731_3ab6d9037260e8b1,CFG731_3ab6d9037260e8b1,1.0,CORRECT_TOP1,0,,9,9,0,5,5,0,9,0,20.699363058206167,x731,false
RFQ731-001604,G731ST-HT,CFG731_a3b03637ed22317c,CFG731_a3b03637ed22317c,1.0,CORRECT_TOP1,0,,11,11,0,5,5,0,11,0,28.263428625233576,G731ST-HT,false
RFQ731-001605,F731WD_SingleChannel,CFG731_4ca309199387f8d5,CFG731_4ca309199387f8d5,1.0,CORRECT_TOP1,0,,12,12,0,1,1,0,12,0,30.61247818024028,F731WD_SingleChannel,false
RFQ731-001606,G731ST-LT,CFG731_49cd4cbef1081333,CFG731_49cd4cbef1081333,1.0,CORRECT_TOP1,0,,13,13,0,2,2,0,13,0,25.035793621496047,G731ST-LT,false
RFQ731-001607,x731,CFG731_8c50542218db5cb0,CFG731_8c50542218db5cb0,1.0,CORRECT_TOP1,0,,11,11,0,5,5,0,11,0,23.48160273513872,x731,false
RFQ731-001608,x731,CFG731_23aa00a5306a83b2,CFG731_23aa00a5306a83b2,1.0,CORRECT_TOP1,0,,9,9,0,6,6,0,9,0,22.132068723704005,x731,false
RFQ731-001609,x731,CFG731_7308ee8503151ef3,CFG731_867e73503f493aa1,2.0,TRUE_IN_TOP3,1,customUserFluid,13,13,0,3,3,0,13,0,23.01648862730921,x731,false
RFQ731-001610,x731,CFG731_353333bad447dbef,CFG731_bd51fba2aacb1a3c,2.0,TRUE_IN_TOP3,2,stromSchaltbar|binaerOpenColl_MP,9,9,0,4,4,0,9,0,18.62638281261792,x731,false
RFQ731-001611,F731PW,CFG731_327bfa077bbbd45e,CFG731_327bfa077bbbd45e,1.0,CORRECT_TOP1,0,,10,10,0,2,2,0,10,0,34.78332108077815,F731PW,false
RFQ731-001612,G731ST-LT,CFG731_ae2e4cfccaff4f50,CFG731_ae2e4cfccaff4f50,1.0,CORRECT_TOP1,0,,13,13,0,2,2,0,13,0,25.537330404146317,G731ST-LT,false
RFQ731-001613,x731,CFG731_7c358bf1aa4ea94e,CFG731_7c358bf1aa4ea94e,1.0,CORRECT_TOP1,0,,12,12,0,3,3,0,12,0,21.98341341689232,x731,false
RFQ731-001614,x731,CFG731_83f956404d04e6cd,CFG731_d8a10cfbf11bf067,2.0,TRUE_IN_TOP3,1,dynamicGasMaster,13,13,0,3,3,0,13,0,23.586915183615883,x731,false
RFQ731-001615,x731,CFG731_9fcbeaf9d5010d3a,CFG731_9fcbeaf9d5010d3a,1.0,CORRECT_TOP1,0,,10,10,0,5,5,0,10,0,21.67925455042225,x731,false
RFQ731-001616,x731,CFG731_aba447e5ca3ac7ba,CFG731_aba447e5ca3ac7ba,1.0,CORRECT_TOP1,0,,13,13,0,1,1,0,13,0,22.923770078184,x731,false
RFQ731-001617,x731,CFG731_6e096e946540ab4e,CFG731_7d4c803343a40a05,2.0,TRUE_IN_TOP3,2,stromEingaenge|dev_advMeterVerification,12,12,0,3,3,0,12,0,21.40951282884415,x731,false
RFQ731-001618,x731,CFG731_c9f7a6e9a165e99d,CFG731_95efafc2bfc61133,3.0,TRUE_IN_TOP3,1,customUserFluid,11,11,0,3,3,0,11,0,20.52800599577236,x731,false
RFQ731-001619,G731ST-LT,CFG731_0fdf5c36c9c41e69,CFG731_166343048c227f3c,2.0,TRUE_IN_TOP3,1,stromEingaenge,13,13,0,2,2,0,13,0,25.221509568854646,G731ST-LT,false
RFQ731-001620,x731,CFG731_9a0f0b26c7f24725,CFG731_8b9239fd1c516750,4.0,TRUE_IN_TOP5,2,temperaturEingaenge|customUserFluid,10,10,0,4,4,0,10,0,21.42520059245069,x731,false
RFQ731-001621,F731TE,CFG731_8b8ba7e2341f1295,CFG731_b7c1a02b25610507,2.0,TRUE_IN_TOP3,2,stromSchaltbar|binaerOpenColl_MP,9,9,0,2,2,0,9,0,28.619098489892448,F731TE,false
RFQ731-001622,G731ST-LT,CFG731_32b4b1ec4513af66,CFG731_3ebdd541d6efe614,2.0,TRUE_IN_TOP3,1,stromEingaenge,8,8,0,7,7,0,8,0,25.51178171918073,G731ST-LT,false
RFQ731-001623,x731,CFG731_c585b182e5ecfc9a,CFG731_c585b182e5ecfc9a,1.0,CORRECT_TOP1,0,,10,10,0,3,3,0,10,0,22.84693719150159,x731,false
RFQ731-001624,x731,CFG731_5be5a82ac0b29989,CFG731_5be5a82ac0b29989,1.0,CORRECT_TOP1,0,,7,7,0,6,6,0,7,0,22.247869374211067,x731,false
RFQ731-001625,x731,CFG731_ad0a2fd7350b6cca,CFG731_ad0a2fd7350b6cca,1.0,CORRECT_TOP1,0,,12,12,0,5,5,0,12,0,24.417066677882183,x731,false
RFQ731-001626,G731ST-LT,CFG731_7882c72c21497015,CFG731_7882c72c21497015,1.0,CORRECT_TOP1,0,,15,15,0,1,1,0,15,0,27.28168299527284,G731ST-LT,false
RFQ731-001627,x731,CFG731_5e57a3f6d3b745b8,CFG731_5e57a3f6d3b745b8,1.0,CORRECT_TOP1,0,,11,11,0,3,3,0,11,0,23.79948084965176,x731,false
RFQ731-001628,x731,CFG731_663e1e93ec389f08,CFG731_399a488b9c799644,,TRUE_UNRANKED,2,dev_advMeterVerification|dynamicGasMaster,9,9,0,4,4,0,9,0,18.680537467622443,x731,false
RFQ731-001629,x731,CFG731_0aa987e1ae960c88,CFG731_d21c75b44ecc736a,3.0,TRUE_IN_TOP3,1,customUserFluid,10,10,0,4,4,0,10,0,20.47084963651866,x731,false
RFQ731-001630,x731,CFG731_e116a79dd463fd7e,CFG731_c40b4ffa9a4b1399,4.0,TRUE_IN_TOP5,1,stromEingaenge,9,9,0,6,6,0,9,0,21.42907649327975,x731,false
RFQ731-001631,x731,CFG731_daff07a8bdec497b,CFG731_daff07a8bdec497b,1.0,CORRECT_TOP1,0,,8,8,0,6,6,0,8,0,20.592458331954496,x731,false
RFQ731-001632,F731WD_DualChannel,CFG731_c37386a371e13fa8,CFG731_d135404efcd6265d,4.0,TRUE_IN_TOP5,2,stromSchaltbar|binaerOpenColl_MP,9,9,0,1,1,0,9,0,21.885677424882346,F731WD_DualChannel,false
RFQ731-001633,F731WD_SingleChannel,CFG731_11c93eca01984a14,CFG731_0be7d6198235486b,2.0,TRUE_IN_TOP3,2,stromSchaltbar|binaerOpenColl_MP,11,11,0,0,0,0,11,0,25.359137294119503,F731WD_SingleChannel,false
RFQ731-001634,x731,CFG731_59f86789e43d86f1,CFG731_59f86789e43d86f1,1.0,CORRECT_TOP1,0,,13,13,0,3,3,0,13,0,23.11716703108541,x731,false
RFQ731-001635,x731,CFG731_9fa436b39059149d,CFG731_9fa436b39059149d,1.0,CORRECT_TOP1,0,,12,12,0,2,2,0,12,0,23.50155471574277,x731,false
RFQ731-001636,x731,CFG731_618cb6c1c21feda4,CFG731_618cb6c1c21feda4,1.0,CORRECT_TOP1,0,,12,12,0,3,3,0,12,0,21.39466559870709,x731,false
RFQ731-001637,G731ST-LT,CFG731_938851275519b7cb,CFG731_adf1bbb0fbae3d43,7.0,TRUE_IN_TOP10,1,stromSchaltbar,10,10,0,3,3,0,10,0,22.983691436239667,G731ST-LT,false
RFQ731-001638,G731ST-LT,CFG731_49cd4cbef1081333,CFG731_5be9d749d8317fd3,2.0,TRUE_IN_TOP3,1,temperaturEingaenge,13,13,0,1,1,0,13,0,23.680576411450417,G731ST-LT,false
RFQ731-001639,x731,CFG731_daff07a8bdec497b,CFG731_daff07a8bdec497b,1.0,CORRECT_TOP1,0,,10,10,0,4,4,0,10,0,20.592458331954496,x731,false
RFQ731-001640,x731,CFG731_d4a9fe62acefba0d,CFG731_d4a9fe62acefba0d,1.0,CORRECT_TOP1,0,,12,12,0,3,3,0,12,0,21.84489474043352,x731,false
RFQ731-001641,x731,CFG731_df5f598a914fb1cc,CFG731_df5f598a914fb1cc,1.0,CORRECT_TOP1,0,,9,9,0,5,5,0,9,0,20.88925291522775,x731,false
RFQ731-001642,x731,CFG731_11a99741e1f7cce9,CFG731_11a99741e1f7cce9,1.0,CORRECT_TOP1,0,,12,12,0,2,2,0,12,0,24.06384675507638,x731,false
RFQ731-001643,x731,CFG731_70b38ab75d3ca724,CFG731_7a941b9a49372410,6.0,TRUE_IN_TOP10,2,temperaturEingaenge|dev_advMeterVerification,10,10,0,3,3,0,10,0,18.92054200460543,x731,false
RFQ731-001644,x731,CFG731_fde1ab2a4808b544,CFG731_584d4f5b54752e2e,3.0,TRUE_IN_TOP3,1,dev_advMeterVerification,12,12,0,3,3,0,12,0,21.868854547291445,x731,false
RFQ731-001645,G731ST-HT,CFG731_bbffb73f3dff6787,CFG731_aa4779c40e6c2de0,3.0,TRUE_IN_TOP3,3,stromSchaltbar|temperaturEingaenge|binaerOpenColl_MP,10,10,0,3,3,0,10,0,23.471334058575398,G731ST-HT,false
RFQ731-001646,G731ST-HT,CFG731_a3b03637ed22317c,CFG731_cf4fb8862e2ab5fc,2.0,TRUE_IN_TOP3,1,temperaturEingaenge,13,13,0,2,2,0,13,0,26.908211415187942,G731ST-HT,false
RFQ731-001647,F731TE,CFG731_090330aa38b8e80b,CFG731_090330aa38b8e80b,1.0,CORRECT_TOP1,0,,7,7,0,6,6,0,7,0,41.75183379650011,F731TE,false
RFQ731-001648,x731,CFG731_3b2a32abbf148ca1,CFG731_d4dafb658c85c692,4.0,TRUE_IN_TOP5,2,stromSchaltbar|dev_advMeterVerification,12,12,0,3,3,0,12,0,21.68313859993285,x731,false
RFQ731-001649,x731,CFG731_67de76f701c9cfad,CFG731_63f33b68f29fecef,2.0,TRUE_IN_TOP3,1,dev_advMeterVerification,11,11,0,4,4,0,11,0,21.981614267792,x731,false
RFQ731-001650,x731,CFG731_11a99741e1f7cce9,CFG731_11a99741e1f7cce9,1.0,CORRECT_TOP1,0,,10,10,0,4,4,0,10,0,24.06384675507638,x731,false
RFQ731-001651,G731CA,CFG731_d3d0547b464f691d,CFG731_d3d0547b464f691d,1.0,CORRECT_TOP1,0,,10,10,0,2,2,0,10,0,24.986467532366643,G731CA,false
RFQ731-001652,x731,CFG731_6526112621a9ee97,CFG731_6526112621a9ee97,1.0,CORRECT_TOP1,0,,11,11,0,4,4,0,11,0,21.08350280362588,x731,false
RFQ731-001653,x731,CFG731_b7e96d5717c40fd6,CFG731_b7e96d5717c40fd6,1.0,CORRECT_TOP1,0,,15,15,0,2,2,0,15,0,24.04675919067052,x731,false
RFQ731-001654,x731,CFG731_9a0f0b26c7f24725,CFG731_9eee2266c8068ada,3.0,TRUE_IN_TOP3,1,dynamicGasMaster,11,11,0,4,4,0,11,0,22.168572617707632,x731,false
RFQ731-001655,x731,CFG731_cb3a6f924677049e,CFG731_5d2495d91e9fa868,7.0,TRUE_IN_TOP10,1,temperaturEingaenge,8,8,0,6,6,0,8,0,20.510514512682487,x731,false
RFQ731-001656,x731,CFG731_32a4bb12438a37ab,CFG731_45d35cf8bc922687,2.0,TRUE_IN_TOP3,1,dynamicGasMaster,12,12,0,4,4,0,12,0,23.5068798467303,x731,false
RFQ731-001657,x731,CFG731_6526112621a9ee97,CFG731_6526112621a9ee97,1.0,CORRECT_TOP1,0,,9,9,0,6,6,0,9,0,21.08350280362588,x731,false
RFQ731-001658,x731,CFG731_8d2d91c46ccfb471,CFG731_8d2d91c46ccfb471,1.0,CORRECT_TOP1,0,,11,11,0,6,6,0,11,0,25.116893131982074,x731,false
RFQ731-001659,x731,CFG731_ebb861c404a79d91,CFG731_5619990314e85743,3.0,TRUE_IN_TOP3,1,stromSchaltbar,11,11,0,3,3,0,11,0,20.766182969223664,x731,false
RFQ731-001660,x731,CFG731_257fecba9143d12f,CFG731_257fecba9143d12f,1.0,CORRECT_TOP1,0,,13,13,0,1,1,0,13,0,23.361260637883092,x731,false
RFQ731-001661,x731,CFG731_6e096e946540ab4e,CFG731_6e096e946540ab4e,1.0,CORRECT_TOP1,0,,13,13,0,4,4,0,13,0,23.91552989523192,x731,false
RFQ731-001662,G731CA,CFG731_48d7cdb31a45af93,CFG731_48d7cdb31a45af93,1.0,CORRECT_TOP1,0,,8,8,0,4,4,0,8,0,26.53262697085552,G731CA,false
RFQ731-001663,x731,CFG731_8d07e19298d09d34,CFG731_0b33555ff08fcd28,2.0,TRUE_IN_TOP3,1,temperaturEingaenge,10,10,0,5,5,0,10,0,22.566635747885577,x731,false
RFQ731-001664,F731PW,CFG731_a9f22ebc14287e5d,CFG731_a9f22ebc14287e5d,1.0,CORRECT_TOP1,0,,10,10,0,2,2,0,10,0,28.56494696995293,F731PW,false
RFQ731-001665,G731ST-HT,CFG731_a69c8345e2cbb480,CFG731_a69c8345e2cbb480,1.0,CORRECT_TOP1,0,,8,8,0,7,7,0,8,0,27.348461637980435,G731ST-HT,false
RFQ731-001666,x731,CFG731_3b2a32abbf148ca1,CFG731_8e97bb2bec352a2c,3.0,TRUE_IN_TOP3,2,stromEingaenge|temperaturEingaenge,10,10,0,5,5,0,10,0,21.451333765258923,x731,false
RFQ731-001667,x731,CFG731_acd18bc8a73cfdde,CFG731_acd18bc8a73cfdde,1.0,CORRECT_TOP1,0,,13,13,0,3,3,0,13,0,23.761675921936444,x731,false
RFQ731-001668,G731ST-HT,CFG731_a3b03637ed22317c,CFG731_cf4fb8862e2ab5fc,2.0,TRUE_IN_TOP3,1,temperaturEingaenge,8,8,0,7,7,0,8,0,26.908211415187942,G731ST-HT,false
RFQ731-001669,G731ST-LT,CFG731_e03b41992c837b34,CFG731_ae877a3b18b65d0a,2.0,TRUE_IN_TOP3,1,temperaturEingaenge,11,11,0,3,3,0,11,0,23.9708485617765,G731ST-LT,false
RFQ731-001670,x731,CFG731_04a53b6cc81d57d6,CFG731_3cfe26a4a6491587,3.0,TRUE_IN_TOP3,2,temperaturEingaenge|dev_advMeterVerification,11,11,0,2,2,0,11,0,19.20174937251044,x731,false
RFQ731-001671,x731,CFG731_3c119308d8305ad4,CFG731_3c119308d8305ad4,1.0,CORRECT_TOP1,0,,10,10,0,5,5,0,10,0,20.701719896485542,x731,false
RFQ731-001672,G731ST-HT,CFG731_a4416ae9d698efa6,CFG731_1060da033d1aaed1,4.0,TRUE_IN_TOP5,1,temperaturEingaenge,12,12,0,1,1,0,12,0,24.36825562300831,G731ST-HT,false
RFQ731-001673,x731,CFG731_618cb6c1c21feda4,CFG731_c9c2eeedbcdb5160,7.0,TRUE_IN_TOP10,1,temperaturEingaenge,8,8,0,6,6,0,8,0,20.03944838866146,x731,false
RFQ731-001674,x731,CFG731_2d0a81ff4ec49480,CFG731_2d0a81ff4ec49480,1.0,CORRECT_TOP1,0,,12,12,0,5,5,0,12,0,24.3151801822484,x731,false
RFQ731-001675,x731,CFG731_ddd1ce28a3456ff6,CFG731_ddd1ce28a3456ff6,1.0,CORRECT_TOP1,0,,13,13,0,3,3,0,13,0,24.42338974058148,x731,false
RFQ731-001676,x731,CFG731_9a0f0b26c7f24725,CFG731_bb4f0886ba308d63,6.0,TRUE_IN_TOP10,2,dev_advMeterVerification|customUserFluid,11,11,0,3,3,0,11,0,21.6927433020168,x731,false
RFQ731-001677,x731,CFG731_1147f9711c4bff84,CFG731_1147f9711c4bff84,1.0,CORRECT_TOP1,0,,12,12,0,2,2,0,12,0,24.08068821755677,x731,false
RFQ731-001678,x731,CFG731_95e2d680672ff303,CFG731_95e2d680672ff303,1.0,CORRECT_TOP1,0,,9,9,0,4,4,0,9,0,22.19745234740874,x731,false
RFQ731-001679,G731ST-HT,CFG731_4aa7d46b9cfa7d7b,CFG731_4aa7d46b9cfa7d7b,1.0,CORRECT_TOP1,0,,9,9,0,7,7,0,9,0,28.37556642501737,G731ST-HT,false
RFQ731-001680,G731ST-LT,CFG731_175641fe8d1c7f37,CFG731_175641fe8d1c7f37,1.0,CORRECT_TOP1,0,,12,12,0,3,3,0,12,0,25.863340429364587,G731ST-LT,false
RFQ731-001681,G731ST-HT,CFG731_4aa7d46b9cfa7d7b,CFG731_ff04d32ca467d2a5,3.0,TRUE_IN_TOP3,2,stromEingaenge|binaerDigitalOpenColl_MN,10,10,0,4,4,0,10,0,24.974426943297008,G731ST-HT,false
RFQ731-001682,x731,CFG731_ac3a4ff61341aa72,CFG731_ac3a4ff61341aa72,1.0,CORRECT_TOP1,0,,11,11,0,3,3,0,11,0,23.135034710508183,x731,false
RFQ731-001683,x731,CFG731_dbb33a574e3ad4d8,CFG731_5f07d1fd22503872,6.0,TRUE_IN_TOP10,1,binaerDigitalOpenColl_MN,8,8,0,4,4,0,8,0,20.22230941517953,x731,false
RFQ731-001684,x731,CFG731_2a8793475d827bb6,CFG731_b228aa35c0b027ac,4.0,TRUE_IN_TOP5,1,binaerDigitalOpenColl_MN,10,10,0,4,4,0,10,0,20.651942771649445,x731,false
RFQ731-001685,x731,CFG731_1b365e0951e7dea4,CFG731_1b365e0951e7dea4,1.0,CORRECT_TOP1,0,,11,11,0,4,4,0,11,0,22.563254164075428,x731,false
RFQ731-001686,G731ST-HT,CFG731_37f66c3948c00e57,CFG731_37f66c3948c00e57,1.0,CORRECT_TOP1,0,,9,9,0,4,4,0,9,0,23.513529122778365,G731ST-HT,false
RFQ731-001687,x731,CFG731_27ea251c0fb03f20,CFG731_27ea251c0fb03f20,1.0,CORRECT_TOP1,0,,10,10,0,4,4,0,10,0,23.28906786912785,x731,false
RFQ731-001688,x731,CFG731_122577678a9fbaa5,CFG731_122577678a9fbaa5,1.0,CORRECT_TOP1,0,,10,10,0,4,4,0,10,0,19.673278730769624,x731,false
RFQ731-001689,G731ST-HT,CFG731_8b18ac1c34209d63,CFG731_708466e4f37148f0,2.0,TRUE_IN_TOP3,1,temperaturEingaenge,10,10,0,5,5,0,10,0,26.73914184706673,G731ST-HT,false
RFQ731-001690,G731ST-HT,CFG731_a288340143e53b7f,CFG731_eb5b34784d068b66,3.0,TRUE_IN_TOP3,1,temperaturEingaenge,11,11,0,3,3,0,11,0,25.82233606380875,G731ST-HT,false
RFQ731-001691,G731ST-HT,CFG731_cc9ac35e4d9a1854,CFG731_348f97ec6945fbf8,2.0,TRUE_IN_TOP3,1,temperaturEingaenge,9,9,0,6,6,0,9,0,26.95040647939092,G731ST-HT,false
RFQ731-001692,G731CA,CFG731_757fbd3e8915b462,CFG731_757fbd3e8915b462,1.0,CORRECT_TOP1,0,,8,8,0,6,6,0,8,0,33.69134256155629,G731CA,false
RFQ731-001693,x731,CFG731_75466cb810218a66,CFG731_09db81b4dee54f57,4.0,TRUE_IN_TOP5,1,customUserFluid,11,11,0,2,2,0,11,0,20.396003181225083,x731,false
RFQ731-001694,x731,CFG731_77a90bfd81b5c2c1,CFG731_77a90bfd81b5c2c1,1.0,CORRECT_TOP1,0,,14,14,0,1,1,0,14,0,21.39374473161853,x731,false
RFQ731-001695,x731,CFG731_fb3a51904298e616,CFG731_fb3a51904298e616,1.0,CORRECT_TOP1,0,,13,13,0,1,1,0,13,0,23.02064687754997,x731,false
RFQ731-001696,x731,CFG731_daff07a8bdec497b,CFG731_daff07a8bdec497b,1.0,CORRECT_TOP1,0,,8,8,0,6,6,0,8,0,20.592458331954496,x731,false
RFQ731-001697,x731,CFG731_7ffc09802c7b60bf,CFG731_917fc613cc9bf56a,2.0,TRUE_IN_TOP3,2,temperaturEingaenge|dev_advMeterVerification,7,7,0,7,7,0,7,0,20.037649239561134,x731,false
RFQ731-001698,x731,CFG731_b7e96d5717c40fd6,CFG731_b7e96d5717c40fd6,1.0,CORRECT_TOP1,0,,11,11,0,6,6,0,11,0,24.04675919067052,x731,false
RFQ731-001699,x731,CFG731_784eb334d1d77ae7,CFG731_784eb334d1d77ae7,1.0,CORRECT_TOP1,0,,13,13,0,3,3,0,13,0,23.768493301654647,x731,false
RFQ731-001700,G731ST-LT,CFG731_d124ccffa669c3a2,CFG731_16700b9d004fb9de,2.0,TRUE_IN_TOP3,1,temperaturEingaenge,11,11,0,4,4,0,11,0,25.63619363490113,G731ST-LT,false
RFQ731-001701,x731,CFG731_fde1ab2a4808b544,CFG731_fde1ab2a4808b544,1.0,CORRECT_TOP1,0,,11,11,0,5,5,0,11,0,22.95652904777096,x731,false
RFQ731-001702,F731WD_SingleChannel,CFG731_6357400dd5c2804a,CFG731_6357400dd5c2804a,1.0,CORRECT_TOP1,0,,11,11,0,0,0,0,11,0,29.501658488412136,F731WD_SingleChannel,false
RFQ731-001703,x731,CFG731_6e096e946540ab4e,CFG731_f693af423cd0a85a,2.0,TRUE_IN_TOP3,1,dynamicGasMaster,8,8,0,8,8,0,8,0,22.23557387439932,x731,false
RFQ731-001704,G731ST-LT,CFG731_cc47430fac8438be,CFG731_cc47430fac8438be,1.0,CORRECT_TOP1,0,,10,10,0,4,4,0,10,0,24.40203400214792,G731ST-LT,false
RFQ731-001705,x731,CFG731_6e27958dc8215006,CFG731_6e27958dc8215006,1.0,CORRECT_TOP1,0,,11,11,0,5,5,0,11,0,23.05019727261671,x731,false
RFQ731-001706,F731TE,CFG731_ac57adca497d644f,CFG731_ac57adca497d644f,1.0,CORRECT_TOP1,0,,9,9,0,4,4,0,9,0,37.66588925450039,F731TE,false
RFQ731-001707,x731,CFG731_91e51485b56960b2,CFG731_2e9ef53f42218763,,TRUE_UNRANKED,4,stromSchaltbar|temperaturEingaenge|binaerDigitalOpenColl_MN|dev_advMeterVerification,11,11,0,2,2,0,11,0,18.097047387952,x731,false
RFQ731-001708,G731ST-LT,CFG731_515a31451814aae9,CFG731_515a31451814aae9,1.0,CORRECT_TOP1,0,,9,9,0,4,4,0,9,0,23.011847714315543,G731ST-LT,false
RFQ731-001709,x731,CFG731_9228cc48e333917c,CFG731_b44b2e6818291871,5.0,TRUE_IN_TOP5,1,customUserFluid,9,9,0,5,5,0,9,0,20.88792593490823,x731,false
RFQ731-001710,G731CA,CFG731_2aca30183aab25a9,CFG731_2aca30183aab25a9,1.0,CORRECT_TOP1,0,,12,12,0,2,2,0,12,0,30.389786490953828,G731CA,false
RFQ731-001711,x731,CFG731_b7e96d5717c40fd6,CFG731_bcc5933e6fc2a98c,2.0,TRUE_IN_TOP3,1,customUserFluid,12,12,0,4,4,0,12,0,22.978648354626607,x731,false
RFQ731-001712,x731,CFG731_3727d181b2806370,CFG731_3727d181b2806370,1.0,CORRECT_TOP1,0,,11,11,0,3,3,0,11,0,21.7869582661629,x731,false
RFQ731-001713,G731ST-LT,CFG731_0029021d98da4557,CFG731_7994662aa688a3b5,4.0,TRUE_IN_TOP5,1,binaerDigitalOpenColl_MN,10,10,0,4,4,0,10,0,23.66231649659764,G731ST-LT,false
RFQ731-001714,x731,CFG731_57a2b410fc32b41a,CFG731_83b7e9be7ecdb93b,4.0,TRUE_IN_TOP5,1,customUserFluid,13,13,0,1,1,0,13,0,20.419734794807063,x731,false
RFQ731-001715,x731,CFG731_1642db5c21ada469,CFG731_1642db5c21ada469,1.0,CORRECT_TOP1,0,,11,11,0,3,3,0,11,0,19.55750551899185,x731,false
RFQ731-001716,x731,CFG731_496bd7a964d6cd85,CFG731_8ad503c0be7c64be,3.0,TRUE_IN_TOP3,2,dev_advMeterVerification|dynamicGasMaster,10,10,0,4,4,0,10,0,20.833895610011744,x731,false
RFQ731-001717,F731TE,CFG731_d8c69b7395beabbb,CFG731_d8c69b7395beabbb,1.0,CORRECT_TOP1,0,,9,9,0,4,4,0,9,0,38.80183643608151,F731TE,false
RFQ731-001718,G731ST-LT,CFG731_c050936f4a70e2a0,CFG731_9ceb267c59e4f006,3.0,TRUE_IN_TOP3,2,temperaturEingaenge|binaerDigitalOpenColl_MN,11,11,0,2,2,0,11,0,22.269259013869394,G731ST-LT,false
RFQ731-001719,x731,CFG731_c670511258ae4a49,CFG731_c670511258ae4a49,1.0,CORRECT_TOP1,0,,10,10,0,2,2,0,10,0,19.583769520937423,x731,false
RFQ731-001720,F731PW,CFG731_956456fc074ebc5a,CFG731_956456fc074ebc5a,1.0,CORRECT_TOP1,0,,9,9,0,3,3,0,9,0,35.15118328057918,F731PW,false
RFQ731-001721,x731,CFG731_ad672c682712eda8,CFG731_9f5e30c041afd4b8,5.0,TRUE_IN_TOP5,2,stromSchaltbar|dev_advMeterVerification,9,9,0,5,5,0,9,0,19.57830752111384,x731,false
RFQ731-001722,G731ST-LT,CFG731_750dd83a06ba43cb,CFG731_750dd83a06ba43cb,1.0,CORRECT_TOP1,0,,12,12,0,3,3,0,12,0,25.785407490269424,G731ST-LT,false
RFQ731-001723,G731CA,CFG731_0bb185f546403346,CFG731_0bb185f546403346,1.0,CORRECT_TOP1,0,,7,7,0,5,5,0,7,0,27.034163753505783,G731CA,false
RFQ731-001724,G731CA,CFG731_b43582909c828d95,CFG731_b43582909c828d95,1.0,CORRECT_TOP1,0,,10,10,0,2,2,0,10,0,21.956670308779955,G731CA,false
RFQ731-001725,G731ST-LT,CFG731_a40ab19ad6671fbe,CFG731_a40ab19ad6671fbe,1.0,CORRECT_TOP1,0,,15,15,0,1,1,0,15,0,26.949215780743785,G731ST-LT,false
RFQ731-001726,x731,CFG731_9e4fccece4d272d3,CFG731_f6855584dc97aa61,7.0,TRUE_IN_TOP10,3,binaerOpenColl_MP|dev_advMeterVerification|dynamicGasMaster,10,10,0,3,3,0,10,0,17.656741399271286,x731,false
RFQ731-001727,x731,CFG731_9d5f3b4b7b2dfa7b,CFG731_9d5f3b4b7b2dfa7b,1.0,CORRECT_TOP1,0,,13,13,0,2,2,0,13,0,22.215202227645182,x731,false
RFQ731-001728,G731ST-HT,CFG731_e2d64e127f97296d,CFG731_fcf6a3b44d96735f,,TRUE_UNRANKED,2,stromEingaenge|binaerDigitalOpenColl_MN,10,10,0,3,3,0,10,0,23.09884505673189,G731ST-HT,false
RFQ731-001729,x731,CFG731_491a198d9cd06e17,CFG731_ceb13e5602925e38,9.0,TRUE_IN_TOP10,1,customUserFluid,11,11,0,2,2,0,11,0,19.348263991935305,x731,false
RFQ731-001730,x731,CFG731_467e11f2e0bc0666,CFG731_467e11f2e0bc0666,1.0,CORRECT_TOP1,0,,11,11,0,2,2,0,11,0,19.673447286365228,x731,false
RFQ731-001731,F731PW,CFG731_7785b2914ebb6eaf,CFG731_7785b2914ebb6eaf,1.0,CORRECT_TOP1,0,,11,11,0,1,1,0,11,0,29.024288688400222,F731PW,false
RFQ731-001732,G731ST-LT,CFG731_77dd17c48f15826c,CFG731_d982a98f914f0a87,2.0,TRUE_IN_TOP3,1,binaerDigitalOpenColl_MN,9,9,0,5,5,0,9,0,23.810192171273624,G731ST-LT,false
RFQ731-001733,x731,CFG731_5e50b9bcbfa0b051,CFG731_5e50b9bcbfa0b051,1.0,CORRECT_TOP1,0,,11,11,0,2,2,0,11,0,19.253962518384395,x731,false
RFQ731-001734,x731,CFG731_ebb861c404a79d91,CFG731_5619990314e85743,3.0,TRUE_IN_TOP3,1,stromSchaltbar,9,9,0,5,5,0,9,0,20.766182969223664,x731,false
RFQ731-001735,x731,CFG731_1f0c09edcd967945,CFG731_1f0c09edcd967945,1.0,CORRECT_TOP1,0,,11,11,0,3,3,0,11,0,21.265857819077038,x731,false
RFQ731-001736,F731PW,CFG731_f9fd6a4462ec051a,CFG731_10e74d757a2fa2a6,2.0,TRUE_IN_TOP3,1,binaerDigitalOpenColl_MN,8,8,0,3,3,0,8,0,27.47220172608201,F731PW,false
RFQ731-001737,x731,CFG731_5d345c0f49f6f272,CFG731_5d345c0f49f6f272,1.0,CORRECT_TOP1,0,,12,12,0,4,4,0,12,0,24.103062913974124,x731,false
RFQ731-001738,x731,CFG731_086adbe1d654b214,CFG731_b65f8c1aefa2a95b,3.0,TRUE_IN_TOP3,2,stromSchaltbar|temperaturEingaenge,11,11,0,3,3,0,11,0,20.550263267751525,x731,false
RFQ731-001739,x731,CFG731_5ea309f998205da7,CFG731_5ea309f998205da7,1.0,CORRECT_TOP1,0,,12,12,0,4,4,0,12,0,23.43693711114948,x731,false
RFQ731-001740,x731,CFG731_186348c5f967a6f7,CFG731_186348c5f967a6f7,1.0,CORRECT_TOP1,0,,12,12,0,3,3,0,12,0,21.82277543357787,x731,false
RFQ731-001741,F731TE,CFG731_fd6959ad3c5fd9ed,CFG731_fd6959ad3c5fd9ed,1.0,CORRECT_TOP1,0,,8,8,0,3,3,0,8,0,30.16525792838132,F731TE,false
RFQ731-001742,x731,CFG731_f030e97d69c5c359,CFG731_f030e97d69c5c359,1.0,CORRECT_TOP1,0,,13,13,0,1,1,0,13,0,20.71838419800622,x731,false
RFQ731-001743,x731,CFG731_496bd7a964d6cd85,CFG731_cb9e502c506da6fb,3.0,TRUE_IN_TOP3,1,customUserFluid,12,12,0,3,3,0,12,0,22.533415295279944,x731,false
RFQ731-001744,x731,CFG731_c41fd04f9eea78e7,CFG731_2a62b8cc0f0cd468,2.0,TRUE_IN_TOP3,1,stromSchaltbar,10,10,0,3,3,0,10,0,21.79939718881922,x731,false
RFQ731-001745,G731ST-LT,CFG731_8b6ed3cfa9ed1e59,CFG731_8b6ed3cfa9ed1e59,1.0,CORRECT_TOP1,0,,10,10,0,5,5,0,10,0,25.88427072102424,G731ST-LT,false
RFQ731-001746,F731WD_DualChannel,CFG731_a4610f5f38e7d946,CFG731_a4610f5f38e7d946,1.0,CORRECT_TOP1,0,,11,11,0,2,2,0,11,0,36.30115881302178,F731WD_DualChannel,false
RFQ731-001747,F731WD_DualChannel,CFG731_819cb4e76943eca6,CFG731_819cb4e76943eca6,1.0,CORRECT_TOP1,0,,8,8,0,5,5,0,8,0,32.30861569119556,F731WD_DualChannel,false
RFQ731-001748,F731TE,CFG731_56ccaebbaa08bd29,CFG731_56ccaebbaa08bd29,1.0,CORRECT_TOP1,0,,11,11,0,0,0,0,11,0,28.731236289676243,F731TE,false
RFQ731-001749,x731,CFG731_89772de94df83ba5,CFG731_c580e57f48a370de,2.0,TRUE_IN_TOP3,1,binaerDigitalOpenColl_MN,9,9,0,6,6,0,9,0,21.080186733131725,x731,false
RFQ731-001750,F731WD_SingleChannel,CFG731_9a761e6bfde35917,CFG731_9a761e6bfde35917,1.0,CORRECT_TOP1,0,,11,11,0,2,2,0,11,0,38.506254188817095,F731WD_SingleChannel,false
RFQ731-001751,x731,CFG731_d9234c84a58b99ae,CFG731_d9234c84a58b99ae,1.0,CORRECT_TOP1,0,,11,11,0,4,4,0,11,0,21.435939795821504,x731,false
RFQ731-001752,x731,CFG731_9fcbeaf9d5010d3a,CFG731_59cf92483eaddfcb,4.0,TRUE_IN_TOP5,2,temperaturEingaenge|customUserFluid,8,8,0,5,5,0,8,0,19.255926504332702,x731,false
RFQ731-001753,x731,CFG731_7ffc09802c7b60bf,CFG731_917fc613cc9bf56a,2.0,TRUE_IN_TOP3,2,temperaturEingaenge|dev_advMeterVerification,11,11,0,3,3,0,11,0,20.037649239561134,x731,false
RFQ731-001754,x731,CFG731_073f991a6c9a4683,CFG731_117f19eb2913314e,2.0,TRUE_IN_TOP3,1,stromEingaenge,10,10,0,6,6,0,10,0,23.074971966882437,x731,false
RFQ731-001755,x731,CFG731_c39096767a7ae083,CFG731_4da2b3fd83325505,2.0,TRUE_IN_TOP3,2,stromEingaenge|dev_advMeterVerification,10,10,0,5,5,0,10,0,21.761071539028016,x731,false
RFQ731-001756,x731,CFG731_8d07e19298d09d34,CFG731_d8083f6bcc90dd07,3.0,TRUE_IN_TOP3,1,binaerOpenColl_MP,12,12,0,3,3,0,12,0,21.648783891793013,x731,false
RFQ731-001757,G731ST-HT,CFG731_4aa7d46b9cfa7d7b,CFG731_b36f487da5008df2,2.0,TRUE_IN_TOP3,1,stromSchaltbar,12,12,0,3,3,0,12,0,26.921485984216933,G731ST-HT,false
RFQ731-001758,x731,CFG731_36d7686aca1200ae,CFG731_70b78512b89df53d,3.0,TRUE_IN_TOP3,2,stromSchaltbar|stromEingaenge,12,12,0,2,2,0,12,0,20.387716132577484,x731,false
RFQ731-001759,F731PW,CFG731_a9f22ebc14287e5d,CFG731_a9f22ebc14287e5d,1.0,CORRECT_TOP1,0,,9,9,0,3,3,0,9,0,28.56494696995293,F731PW,false
RFQ731-001760,x731,CFG731_70aa5a64b0803277,CFG731_70aa5a64b0803277,1.0,CORRECT_TOP1,0,,11,11,0,4,4,0,11,0,22.213238241696875,x731,false
RFQ731-001761,x731,CFG731_23aa00a5306a83b2,CFG731_23aa00a5306a83b2,1.0,CORRECT_TOP1,0,,13,13,0,2,2,0,13,0,22.132068723704005,x731,false
RFQ731-001762,G731ST-HT,CFG731_7b2f69a7ca55041b,CFG731_49bb1327a04ca706,2.0,TRUE_IN_TOP3,1,temperaturEingaenge,12,12,0,3,3,0,12,0,26.448869696740648,G731ST-HT,false
RFQ731-001763,x731,CFG731_219ac3d01befd6d1,CFG731_219ac3d01befd6d1,1.0,CORRECT_TOP1,0,,10,10,0,6,6,0,10,0,23.091139927019714,x731,false
RFQ731-001764,x731,CFG731_6d44172bc82c7ed7,CFG731_6d44172bc82c7ed7,1.0,CORRECT_TOP1,0,,12,12,0,3,3,0,12,0,21.311039687399248,x731,false
RFQ731-001765,x731,CFG731_8a1a8cb1f6a30d3a,CFG731_8a1a8cb1f6a30d3a,1.0,CORRECT_TOP1,0,,10,10,0,5,5,0,10,0,21.957307985383448,x731,false
RFQ731-001766,G731CA,CFG731_b43582909c828d95,CFG731_b43582909c828d95,1.0,CORRECT_TOP1,0,,9,9,0,3,3,0,9,0,21.956670308779955,G731CA,false
RFQ731-001767,x731,CFG731_509cb555eca833a1,CFG731_509cb555eca833a1,1.0,CORRECT_TOP1,0,,13,13,0,2,2,0,13,0,21.037423689912305,x731,false
RFQ731-001768,x731,CFG731_f2f3c932d1048d8d,CFG731_f2f3c932d1048d8d,1.0,CORRECT_TOP1,0,,12,12,0,2,2,0,12,0,20.62503043052232,x731,false
RFQ731-001769,x731,CFG731_5d345c0f49f6f272,CFG731_13c137be155b0bd9,2.0,TRUE_IN_TOP3,1,temperaturEingaenge,13,13,0,2,2,0,13,0,22.74784570392849,x731,false
RFQ731-001770,x731,CFG731_a92ad5294d9187e9,CFG731_a92ad5294d9187e9,1.0,CORRECT_TOP1,0,,11,11,0,3,3,0,11,0,23.50920869932568,x731,false
RFQ731-001771,x731,CFG731_ac3a4ff61341aa72,CFG731_a93ee7be2372dea3,2.0,TRUE_IN_TOP3,1,stromSchaltbar,8,8,0,5,5,0,8,0,21.680954269707744,x731,false
RFQ731-001772,x731,CFG731_b7e96d5717c40fd6,CFG731_b56113a9ae2281a6,2.0,TRUE_IN_TOP3,1,binaerDigitalOpenColl_MN,12,12,0,4,4,0,12,0,22.063962274858408,x731,false
RFQ731-001773,G731ST-HT,CFG731_fcc72e9951376cf3,CFG731_fcc72e9951376cf3,1.0,CORRECT_TOP1,0,,11,11,0,5,5,0,11,0,28.74587391222904,G731ST-HT,false
RFQ731-001774,x731,CFG731_a9ec8cda9130252f,CFG731_a9ec8cda9130252f,1.0,CORRECT_TOP1,0,,11,11,0,3,3,0,11,0,21.61092631341104,x731,false
RFQ731-001775,x731,CFG731_8d07e19298d09d34,CFG731_0b33555ff08fcd28,2.0,TRUE_IN_TOP3,1,temperaturEingaenge,13,13,0,2,2,0,13,0,22.566635747885577,x731,false
RFQ731-001776,F731WD_DualChannel,CFG731_a4610f5f38e7d946,CFG731_a4610f5f38e7d946,1.0,CORRECT_TOP1,0,,11,11,0,2,2,0,11,0,36.30115881302178,F731WD_DualChannel,false
RFQ731-001777,x731,CFG731_0db950a4979d2c52,CFG731_0db950a4979d2c52,1.0,CORRECT_TOP1,0,,10,10,0,7,7,0,10,0,24.615356349331805,x731,false
RFQ731-001778,G731ST-HT,CFG731_bbffb73f3dff6787,CFG731_aa4779c40e6c2de0,3.0,TRUE_IN_TOP3,3,stromSchaltbar|temperaturEingaenge|binaerOpenColl_MP,9,9,0,4,4,0,9,0,23.471334058575398,G731ST-HT,false
RFQ731-001779,x731,CFG731_2683cf7e09782f5e,CFG731_2683cf7e09782f5e,1.0,CORRECT_TOP1,0,,13,13,0,3,3,0,13,0,22.62841662476227,x731,false
RFQ731-001780,G731ST-LT,CFG731_1d59f25068204b01,CFG731_1d59f25068204b01,1.0,CORRECT_TOP1,0,,11,11,0,4,4,0,11,0,25.228534737181874,G731ST-LT,false
RFQ731-001781,G731ST-LT,CFG731_a40ab19ad6671fbe,CFG731_a40ab19ad6671fbe,1.0,CORRECT_TOP1,0,,11,11,0,5,5,0,11,0,26.949215780743785,G731ST-LT,false
RFQ731-001782,F731PW,CFG731_0d8116f4900c6919,CFG731_0d8116f4900c6919,1.0,CORRECT_TOP1,0,,9,9,0,3,3,0,9,0,29.13642648818402,F731PW,false
RFQ731-001783,x731,CFG731_e1c54b5b080fabb2,CFG731_2ae6ccd85f4fafbe,3.0,TRUE_IN_TOP3,3,stromSchaltbar|stromEingaenge|customUserFluid,9,9,0,3,3,0,9,0,18.60337246437301,x731,false
RFQ731-001784,x731,CFG731_5cae68c0a1d5db32,CFG731_5cae68c0a1d5db32,1.0,CORRECT_TOP1,0,,9,9,0,4,4,0,9,0,22.89097368218095,x731,false
RFQ731-001785,x731,CFG731_2683cf7e09782f5e,CFG731_5362e45ac22e6417,7.0,TRUE_IN_TOP10,2,stromSchaltbar|binaerDigitalOpenColl_MN,13,13,0,1,1,0,13,0,19.19153926814972,x731,false
RFQ731-001786,x731,CFG731_555c215c4639435a,CFG731_555c215c4639435a,1.0,CORRECT_TOP1,0,,12,12,0,2,2,0,12,0,19.682206479866675,x731,false
RFQ731-001787,G731ST-HT,CFG731_8fd0ed37b442c386,CFG731_168475c8045761e7,4.0,TRUE_IN_TOP5,1,stromEingaenge,10,10,0,4,4,0,10,0,25.12440501576341,G731ST-HT,false
RFQ731-001788,x731,CFG731_226e375c4e7aa2a0,CFG731_d881bdfa42976572,2.0,TRUE_IN_TOP3,1,dev_advMeterVerification,11,11,0,2,2,0,11,0,19.709185161257416,x731,false
RFQ731-001789,x731,CFG731_df5f598a914fb1cc,CFG731_df5f598a914fb1cc,1.0,CORRECT_TOP1,0,,10,10,0,4,4,0,10,0,20.88925291522775,x731,false
RFQ731-001790,x731,CFG731_abcee67081353f16,CFG731_64e162d496afc031,2.0,TRUE_IN_TOP3,2,stromEingaenge|dev_advMeterVerification,12,12,0,2,2,0,12,0,20.33704577450884,x731,false
RFQ731-001791,x731,CFG731_3611bb1fba248e38,CFG731_3611bb1fba248e38,1.0,CORRECT_TOP1,0,,12,12,0,3,3,0,12,0,21.327695840238388,x731,false
RFQ731-001792,x731,CFG731_219ac3d01befd6d1,CFG731_c52f7eb3e0603707,3.0,TRUE_IN_TOP3,2,stromSchaltbar|customUserFluid,11,11,0,3,3,0,11,0,20.56894865017536,x731,false
RFQ731-001793,x731,CFG731_2a8793475d827bb6,CFG731_65b9beb5d5675c99,4.0,TRUE_IN_TOP5,1,temperaturEingaenge,13,13,0,1,1,0,13,0,21.279522477415927,x731,false
RFQ731-001794,F731PW,CFG731_327bfa077bbbd45e,CFG731_327bfa077bbbd45e,1.0,CORRECT_TOP1,0,,8,8,0,4,4,0,8,0,34.78332108077815,F731PW,false
RFQ731-001795,x731,CFG731_8cf35251fcd54982,CFG731_388928540067c900,2.0,TRUE_IN_TOP3,1,dynamicGasMaster,8,8,0,6,6,0,8,0,20.42938326211144,x731,false
RFQ731-001796,x731,CFG731_1f978c234895178c,CFG731_007c0829be0a9482,2.0,TRUE_IN_TOP3,1,dev_advMeterVerification,12,12,0,3,3,0,12,0,21.259534756377747,x731,false
RFQ731-001797,x731,CFG731_7630270d2245c283,CFG731_804fd97f3e73ed8a,5.0,TRUE_IN_TOP5,1,binaerOpenColl_MP,10,10,0,5,5,0,10,0,21.033691711497102,x731,false
RFQ731-001798,G731ST-HT,CFG731_2a989bd6dba74d9f,CFG731_b7a7770d19b6f648,4.0,TRUE_IN_TOP5,2,stromSchaltbar|temperaturEingaenge,10,10,0,4,4,0,10,0,25.646304111056885,G731ST-HT,false
RFQ731-001799,x731,CFG731_962b6fcde3072947,CFG731_962b6fcde3072947,1.0,CORRECT_TOP1,0,,10,10,0,6,6,0,10,0,22.08559580193291,x731,false
RFQ731-001800,G731VG,CFG731_6a47b38d62a9fed3,CFG731_6a47b38d62a9fed3,1.0,CORRECT_TOP1,0,,11,11,0,4,4,0,11,0,38.92475428030488,G731VG,false
RFQ731-001801,F731TE,CFG731_8b8ba7e2341f1295,CFG731_b7c1a02b25610507,2.0,TRUE_IN_TOP3,2,stromSchaltbar|binaerOpenColl_MP,10,10,0,1,1,0,10,0,28.619098489892448,F731TE,false
RFQ731-001802,G731ST-LT,CFG731_750dd83a06ba43cb,CFG731_b3d0283738532d82,2.0,TRUE_IN_TOP3,1,stromEingaenge,10,10,0,4,4,0,10,0,24.367064924361177,G731ST-LT,false
RFQ731-001803,G731ST-HT,CFG731_288e4c99b4e02895,CFG731_7b17e78739264251,3.0,TRUE_IN_TOP3,1,stromSchaltbar,12,12,0,1,1,0,12,0,23.57644669003196,G731ST-HT,false
RFQ731-001804,x731,CFG731_186348c5f967a6f7,CFG731_f287b32480efae51,2.0,TRUE_IN_TOP3,2,temperaturEingaenge|customUserFluid,9,9,0,4,4,0,9,0,19.39944738748833,x731,false
RFQ731-001805,G731ST-LT,CFG731_e03b41992c837b34,CFG731_4c72f78c1186e8f7,4.0,TRUE_IN_TOP5,1,stromEingaenge,10,10,0,4,4,0,10,0,23.90772320591388,G731ST-LT,false
RFQ731-001806,F731TE,CFG731_8b8ba7e2341f1295,CFG731_b7c1a02b25610507,2.0,TRUE_IN_TOP3,2,stromSchaltbar|binaerOpenColl_MP,8,8,0,3,3,0,8,0,28.619098489892448,F731TE,false
RFQ731-001807,G731ST-HT,CFG731_2a989bd6dba74d9f,CFG731_b7a7770d19b6f648,4.0,TRUE_IN_TOP5,2,stromSchaltbar|temperaturEingaenge,10,10,0,4,4,0,10,0,25.646304111056885,G731ST-HT,false
RFQ731-001808,F731TE,CFG731_a72f99e8160efda6,CFG731_a72f99e8160efda6,1.0,CORRECT_TOP1,0,,10,10,0,3,3,0,10,0,39.06972717643011,F731TE,false
RFQ731-001809,G731ST-HT,CFG731_8b18ac1c34209d63,CFG731_708466e4f37148f0,2.0,TRUE_IN_TOP3,1,temperaturEingaenge,11,11,0,4,4,0,11,0,26.73914184706673,G731ST-HT,false
RFQ731-001810,G731ST-HT,CFG731_63eca10a00ae1f5d,CFG731_63eca10a00ae1f5d,1.0,CORRECT_TOP1,0,,13,13,0,3,3,0,13,0,28.59589583976263,G731ST-HT,false
RFQ731-001811,G731ST-HT,CFG731_8fd0ed37b442c386,CFG731_168475c8045761e7,4.0,TRUE_IN_TOP5,1,stromEingaenge,11,11,0,3,3,0,11,0,25.12440501576341,G731ST-HT,false
RFQ731-001812,G731ST-HT,CFG731_4aa7d46b9cfa7d7b,CFG731_ff04d32ca467d2a5,3.0,TRUE_IN_TOP3,2,stromEingaenge|binaerDigitalOpenColl_MN,12,12,0,2,2,0,12,0,24.974426943297008,G731ST-HT,false
RFQ731-001813,x731,CFG731_91e51485b56960b2,CFG731_7c78a4beb9b12eb2,2.0,TRUE_IN_TOP3,2,stromEingaenge|binaerDigitalOpenColl_MN,13,13,0,2,2,0,13,0,20.575676973369337,x731,false
RFQ731-001814,x731,CFG731_f430d8ebe4134533,CFG731_f430d8ebe4134533,1.0,CORRECT_TOP1,0,,12,12,0,4,4,0,12,0,22.93540032849921,x731,false
RFQ731-001815,x731,CFG731_5e50b9bcbfa0b051,CFG731_5e50b9bcbfa0b051,1.0,CORRECT_TOP1,0,,9,9,0,4,4,0,9,0,19.253962518384395,x731,false
RFQ731-001816,F731TE,CFG731_574aa7a29f75cd60,CFG731_574aa7a29f75cd60,1.0,CORRECT_TOP1,0,,11,11,0,2,2,0,11,0,35.46079387870506,F731TE,false
RFQ731-001817,x731,CFG731_9fd2ebe15271fc33,CFG731_9fd2ebe15271fc33,1.0,CORRECT_TOP1,0,,13,13,0,2,2,0,13,0,22.63043973002991,x731,false
RFQ731-001818,x731,CFG731_3b2a32abbf148ca1,CFG731_cd907466ae420427,7.0,TRUE_IN_TOP10,3,stromEingaenge|binaerOpenColl_MP|dynamicGasMaster,10,10,0,4,4,0,10,0,18.853525888333763,x731,false
RFQ731-001819,F731WD_DualChannel,CFG731_8281908b452128f3,CFG731_8281908b452128f3,1.0,CORRECT_TOP1,0,,11,11,0,2,2,0,11,0,32.15863761872915,F731WD_DualChannel,false
RFQ731-001820,x731,CFG731_9def6f7d289bea90,CFG731_82556c55b0de9a67,8.0,TRUE_IN_TOP10,1,stromSchaltbar,9,9,0,3,3,0,9,0,17.54731178809837,x731,false
RFQ731-001821,x731,CFG731_782638eae748ba9a,CFG731_3e782f59368b40db,2.0,TRUE_IN_TOP3,2,stromEingaenge|temperaturEingaenge,11,11,0,2,2,0,11,0,19.051771300044035,x731,false
RFQ731-001822,x731,CFG731_8af4adfbdf504482,CFG731_8af4adfbdf504482,1.0,CORRECT_TOP1,0,,10,10,0,4,4,0,10,0,23.651532788209177,x731,false
RFQ731-001823,F731TE,CFG731_81bffae40f4c3a60,CFG731_81bffae40f4c3a60,1.0,CORRECT_TOP1,0,,10,10,0,3,3,0,10,0,40.20567435801124,F731TE,false
RFQ731-001824,x731,CFG731_40d405b73b679480,CFG731_40d405b73b679480,1.0,CORRECT_TOP1,0,,8,8,0,5,5,0,8,0,21.68500935586101,x731,false
RFQ731-001825,x731,CFG731_89772de94df83ba5,CFG731_0988a349490181d9,2.0,TRUE_IN_TOP3,2,temperaturEingaenge|dev_advMeterVerification,9,9,0,5,5,0,9,0,20.62009193841869,x731,false
RFQ731-001826,G731ST-HT,CFG731_4de012f7232f644d,CFG731_4de012f7232f644d,1.0,CORRECT_TOP1,0,,11,11,0,4,4,0,11,0,27.07146405668334,G731ST-HT,false
RFQ731-001827,G731ST-HT,CFG731_6cc2f5d089c01baf,CFG731_6cc2f5d089c01baf,1.0,CORRECT_TOP1,0,,8,8,0,6,6,0,8,0,25.48986884927969,G731ST-HT,false
RFQ731-001828,G731CA,CFG731_757fbd3e8915b462,CFG731_757fbd3e8915b462,1.0,CORRECT_TOP1,0,,11,11,0,3,3,0,11,0,33.69134256155629,G731CA,false
RFQ731-001829,x731,CFG731_fe9a409c6b2ba9cc,CFG731_a84a367ef61c4e59,6.0,TRUE_IN_TOP10,2,stromSchaltbar|dev_advMeterVerification,5,5,0,8,8,0,5,0,18.903895625368044,x731,false
RFQ731-001830,x731,CFG731_8a7a801f91254eeb,CFG731_8a7a801f91254eeb,1.0,CORRECT_TOP1,0,,11,11,0,3,3,0,11,0,22.51911009489971,x731,false
RFQ731-001831,F731TE,CFG731_090330aa38b8e80b,CFG731_090330aa38b8e80b,1.0,CORRECT_TOP1,0,,10,10,0,3,3,0,10,0,41.75183379650011,F731TE,false
RFQ731-001832,x731,CFG731_3611bb1fba248e38,CFG731_3611bb1fba248e38,1.0,CORRECT_TOP1,0,,10,10,0,5,5,0,10,0,21.327695840238388,x731,false
RFQ731-001833,x731,CFG731_6513d2f5c85df9e4,CFG731_6513d2f5c85df9e4,1.0,CORRECT_TOP1,0,,12,12,0,2,2,0,12,0,21.64666418830323,x731,false
RFQ731-001834,x731,CFG731_4e59e6fc4174afa3,CFG731_4e59e6fc4174afa3,1.0,CORRECT_TOP1,0,,10,10,0,4,4,0,10,0,23.543749779945745,x731,false
RFQ731-001835,x731,CFG731_7f60255816247683,CFG731_d3256527bf7fe65c,4.0,TRUE_IN_TOP5,1,dev_advMeterVerification,12,12,0,3,3,0,12,0,20.96926260605166,x731,false
RFQ731-001836,x731,CFG731_fe9a409c6b2ba9cc,CFG731_7986bd8f29a06f04,2.0,TRUE_IN_TOP3,2,stromSchaltbar|customUserFluid,8,8,0,5,5,0,8,0,18.923459289803645,x731,false
RFQ731-001837,x731,CFG731_7f60255816247683,CFG731_7f60255816247683,1.0,CORRECT_TOP1,0,,8,8,0,8,8,0,8,0,22.056937106531176,x731,false
RFQ731-001838,x731,CFG731_04bb9195f752ca8c,CFG731_04bb9195f752ca8c,1.0,CORRECT_TOP1,0,,12,12,0,2,2,0,12,0,22.751940846969397,x731,false
RFQ731-001839,x731,CFG731_8f470181ad32eeae,CFG731_8f470181ad32eeae,1.0,CORRECT_TOP1,0,,9,9,0,8,8,0,9,0,25.33681394002931,x731,false
RFQ731-001840,F731WD_DualChannel,CFG731_8281908b452128f3,CFG731_d2034bb5aa313dac,2.0,TRUE_IN_TOP3,1,stromEingaenge,10,10,0,2,2,0,10,0,30.740295052820898,F731WD_DualChannel,false
RFQ731-001841,x731,CFG731_cf543b1c3927ab71,CFG731_ede0b25f5f83644d,2.0,TRUE_IN_TOP3,3,stromSchaltbar|temperaturEingaenge|dev_advMeterVerification,11,11,0,2,2,0,11,0,20.156110102044224,x731,false
RFQ731-001842,F731WD_DualChannel,CFG731_8281908b452128f3,CFG731_d2034bb5aa313dac,2.0,TRUE_IN_TOP3,1,stromEingaenge,10,10,0,2,2,0,10,0,30.740295052820898,F731WD_DualChannel,false
RFQ731-001843,x731,CFG731_073f991a6c9a4683,CFG731_117f19eb2913314e,2.0,TRUE_IN_TOP3,1,stromEingaenge,14,14,0,2,2,0,14,0,23.074971966882437,x731,false
RFQ731-001844,x731,CFG731_7942d32924313c96,CFG731_7942d32924313c96,1.0,CORRECT_TOP1,0,,9,9,0,5,5,0,9,0,20.975585668750952,x731,false
RFQ731-001845,x731,CFG731_95e2d680672ff303,CFG731_95e2d680672ff303,1.0,CORRECT_TOP1,0,,11,11,0,2,2,0,11,0,22.19745234740874,x731,false
RFQ731-001846,x731,CFG731_e4f7fe15e8ccf2c9,CFG731_e4f7fe15e8ccf2c9,1.0,CORRECT_TOP1,0,,10,10,0,4,4,0,10,0,20.741558122409145,x731,false
RFQ731-001847,x731,CFG731_8d07e19298d09d34,CFG731_1ff2c28c953275c5,3.0,TRUE_IN_TOP3,2,stromEingaenge|temperaturEingaenge,10,10,0,4,4,0,10,0,21.148293181977326,x731,false
RFQ731-001848,x731,CFG731_9e4fccece4d272d3,CFG731_9e4fccece4d272d3,1.0,CORRECT_TOP1,0,,12,12,0,4,4,0,12,0,22.697440986721595,x731,false
RFQ731-001849,G731ST-HT,CFG731_b3ed2928d6d65710,CFG731_b3ed2928d6d65710,1.0,CORRECT_TOP1,0,,11,11,0,3,3,0,11,0,25.4350394787327,G731ST-HT,false
RFQ731-001850,x731,CFG731_ce4c7976fe8fc47b,CFG731_ce4c7976fe8fc47b,1.0,CORRECT_TOP1,0,,12,12,0,2,2,0,12,0,20.090043267292465,x731,false
RFQ731-001851,x731,CFG731_70b38ab75d3ca724,CFG731_4514730a70640409,3.0,TRUE_IN_TOP3,2,stromSchaltbar|dev_advMeterVerification,9,9,0,4,4,0,9,0,18.82167877385062,x731,false
RFQ731-001852,x731,CFG731_8c50542218db5cb0,CFG731_8ade52b2e74d0235,3.0,TRUE_IN_TOP3,2,stromSchaltbar|stromEingaenge,11,11,0,3,3,0,11,0,20.60917972843003,x731,false
RFQ731-001853,F731WD_SingleChannel,CFG731_6357400dd5c2804a,CFG731_6357400dd5c2804a,1.0,CORRECT_TOP1,0,,7,7,0,4,4,0,7,0,29.501658488412136,F731WD_SingleChannel,false
RFQ731-001854,x731,CFG731_f97e51d1da57d99f,CFG731_9b7849ea5c974903,2.0,TRUE_IN_TOP3,2,stromSchaltbar|customUserFluid,11,11,0,3,3,0,11,0,21.680869048991863,x731,false
RFQ731-001855,x731,CFG731_b1693ef6b18686ac,CFG731_a4b44df449e9d78d,2.0,TRUE_IN_TOP3,1,dynamicGasMaster,9,9,0,6,6,0,9,0,20.645402077276454,x731,false
RFQ731-001856,G731ST-LT,CFG731_ef044db10b586894,CFG731_ef044db10b586894,1.0,CORRECT_TOP1,0,,11,11,0,3,3,0,11,0,24.658101291785364,G731ST-LT,false
RFQ731-001857,x731,CFG731_4346df46838fd57e,CFG731_22ee4ff4a2fef4e6,2.0,TRUE_IN_TOP3,2,temperaturEingaenge|dynamicGasMaster,10,10,0,4,4,0,10,0,19.74952658567812,x731,false
RFQ731-001858,x731,CFG731_6e27958dc8215006,CFG731_6e27958dc8215006,1.0,CORRECT_TOP1,0,,12,12,0,4,4,0,12,0,23.05019727261671,x731,false
RFQ731-001859,x731,CFG731_cb9d6c11077bd307,CFG731_4804eb7da7298ac9,7.0,TRUE_IN_TOP10,3,stromEingaenge|binaerDigitalOpenColl_MN|dev_advMeterVerification,11,11,0,2,2,0,11,0,18.20272799842501,x731,false
RFQ731-001860,G731ST-HT,CFG731_bbffb73f3dff6787,CFG731_68193b179adae994,2.0,TRUE_IN_TOP3,1,stromEingaenge,11,11,0,4,4,0,11,0,27.135358209651407,G731ST-HT,false
RFQ731-001861,F731TE,CFG731_31d150421c4341a3,CFG731_31d150421c4341a3,1.0,CORRECT_TOP1,0,,10,10,0,1,1,0,10,0,30.27739572816512,F731TE,false
RFQ731-001862,x731,CFG731_89772de94df83ba5,CFG731_0988a349490181d9,2.0,TRUE_IN_TOP3,2,temperaturEingaenge|dev_advMeterVerification,10,10,0,4,4,0,10,0,20.62009193841869,x731,false
RFQ731-001863,G731ST-HT,CFG731_ef8d68b6d278bfec,CFG731_ef8d68b6d278bfec,1.0,CORRECT_TOP1,0,,10,10,0,5,5,0,10,0,26.64027861631192,G731ST-HT,false
RFQ731-001864,F731TE,CFG731_28454766bbc80cb9,CFG731_28454766bbc80cb9,1.0,CORRECT_TOP1,0,,9,9,0,4,4,0,9,0,40.615886614918985,F731TE,false
RFQ731-001865,x731,CFG731_31d0a0df66872bf7,CFG731_31d0a0df66872bf7,1.0,CORRECT_TOP1,0,,11,11,0,5,5,0,11,0,23.95308484150772,x731,false
RFQ731-001866,G731ST-HT,CFG731_cc9ac35e4d9a1854,CFG731_cc9ac35e4d9a1854,1.0,CORRECT_TOP1,0,,13,13,0,3,3,0,13,0,28.305623689436548,G731ST-HT,false
RFQ731-001867,G731CA,CFG731_2aca30183aab25a9,CFG731_2aca30183aab25a9,1.0,CORRECT_TOP1,0,,13,13,0,1,1,0,13,0,30.389786490953828,G731CA,false
RFQ731-001868,F731WD_SingleChannel,CFG731_6357400dd5c2804a,CFG731_6357400dd5c2804a,1.0,CORRECT_TOP1,0,,9,9,0,2,2,0,9,0,29.501658488412136,F731WD_SingleChannel,false
RFQ731-001869,x731,CFG731_3bcde7f8df32303c,CFG731_3bcde7f8df32303c,1.0,CORRECT_TOP1,0,,10,10,0,7,7,0,10,0,25.055606572124297,x731,false
RFQ731-001870,G731CA,CFG731_4af82641f975d9aa,CFG731_4af82641f975d9aa,1.0,CORRECT_TOP1,0,,10,10,0,2,2,0,10,0,27.10410648908661,G731CA,false
RFQ731-001871,x731,CFG731_e049618b920d59b6,CFG731_e049618b920d59b6,1.0,CORRECT_TOP1,0,,13,13,0,3,3,0,13,0,23.73275542676246,x731,false
RFQ731-001872,G731ST-LT,CFG731_8b6ed3cfa9ed1e59,CFG731_8b6ed3cfa9ed1e59,1.0,CORRECT_TOP1,0,,11,11,0,4,4,0,11,0,25.88427072102424,G731ST-LT,false
RFQ731-001873,x731,CFG731_91e51485b56960b2,CFG731_b187fb9ad3627171,2.0,TRUE_IN_TOP3,3,dev_advMeterVerification|dynamicGasMaster|customUserFluid,10,10,0,4,4,0,10,0,20.14107509773367,x731,false
RFQ731-001874,x731,CFG731_8c50542218db5cb0,CFG731_eea9998b9f9a0bdb,5.0,TRUE_IN_TOP5,3,stromSchaltbar|temperaturEingaenge|dev_advMeterVerification,13,13,0,0,0,0,13,0,19.58463058381313,x731,false
RFQ731-001875,F731WD_DualChannel,CFG731_c37386a371e13fa8,CFG731_c37386a371e13fa8,1.0,CORRECT_TOP1,0,,9,9,0,3,3,0,9,0,30.890273125287308,F731WD_DualChannel,false
RFQ731-001876,G731ST-LT,CFG731_750dd83a06ba43cb,CFG731_750dd83a06ba43cb,1.0,CORRECT_TOP1,0,,9,9,0,6,6,0,9,0,25.785407490269424,G731ST-LT,false
RFQ731-001877,x731,CFG731_14299a2a74e42d7f,CFG731_b60961340903daf0,3.0,TRUE_IN_TOP3,1,binaerDigitalOpenColl_MN,10,10,0,3,3,0,10,0,22.142336399122044,x731,false
RFQ731-001878,x731,CFG731_257fecba9143d12f,CFG731_257fecba9143d12f,1.0,CORRECT_TOP1,0,,7,7,0,7,7,0,7,0,23.361260637883092,x731,false
RFQ731-001879,x731,CFG731_140a9819128d92da,CFG731_c0dc535399f71de8,,TRUE_UNRANKED,2,temperaturEingaenge|binaerDigitalOpenColl_MN,10,10,0,2,2,0,10,0,16.497494866000828,x731,false
RFQ731-001880,G731ST-LT,CFG731_0fdf5c36c9c41e69,CFG731_166343048c227f3c,2.0,TRUE_IN_TOP3,1,stromEingaenge,9,9,0,6,6,0,9,0,25.221509568854646,G731ST-LT,false
RFQ731-001881,G731ST-HT,CFG731_cc9ac35e4d9a1854,CFG731_cc9ac35e4d9a1854,1.0,CORRECT_TOP1,0,,15,15,0,1,1,0,15,0,28.305623689436548,G731ST-HT,false
RFQ731-001882,x731,CFG731_78d3b084a795c836,CFG731_27bb9f530dcb688a,2.0,TRUE_IN_TOP3,1,stromEingaenge,13,13,0,3,3,0,13,0,22.93467788902276,x731,false
RFQ731-001883,x731,CFG731_e08dfad4737be3d9,CFG731_9cedc4ecc45a4b46,2.0,TRUE_IN_TOP3,2,stromEingaenge|dev_advMeterVerification,13,13,0,2,2,0,13,0,22.90114821592039,x731,false
RFQ731-001884,x731,CFG731_8a7a801f91254eeb,CFG731_8a7a801f91254eeb,1.0,CORRECT_TOP1,0,,11,11,0,3,3,0,11,0,22.51911009489971,x731,false
RFQ731-001885,x731,CFG731_241d60e6ef5278be,CFG731_241d60e6ef5278be,1.0,CORRECT_TOP1,0,,10,10,0,6,6,0,10,0,22.95084584916004,x731,false
RFQ731-001886,G731ST-LT,CFG731_d124ccffa669c3a2,CFG731_16700b9d004fb9de,2.0,TRUE_IN_TOP3,1,temperaturEingaenge,10,10,0,5,5,0,10,0,25.63619363490113,G731ST-LT,false
RFQ731-001887,G731ST-LT,CFG731_0fdf5c36c9c41e69,CFG731_0fdf5c36c9c41e69,1.0,CORRECT_TOP1,0,,12,12,0,4,4,0,12,0,26.639852134762897,G731ST-LT,false
RFQ731-001888,G731CA,CFG731_d2a75fda6f761c1b,CFG731_24b3128196e55c23,2.0,TRUE_IN_TOP3,2,stromSchaltbar|binaerOpenColl_MP,11,11,0,1,1,0,11,0,25.48800431501691,G731CA,false
RFQ731-001889,G731CA,CFG731_b43582909c828d95,CFG731_b43582909c828d95,1.0,CORRECT_TOP1,0,,9,9,0,3,3,0,9,0,21.956670308779955,G731CA,false
RFQ731-001890,x731,CFG731_0fbee36816b7af98,CFG731_21def19203fecb10,4.0,TRUE_IN_TOP5,2,stromEingaenge|dynamicGasMaster,8,8,0,7,7,0,8,0,21.66703583505737,x731,false
RFQ731-001891,x731,CFG731_cf543b1c3927ab71,CFG731_ede0b25f5f83644d,2.0,TRUE_IN_TOP3,3,stromSchaltbar|temperaturEingaenge|dev_advMeterVerification,12,12,0,1,1,0,12,0,20.156110102044224,x731,false
RFQ731-001892,G731ST-HT,CFG731_5c80dfb541787e3e,CFG731_5c80dfb541787e3e,1.0,CORRECT_TOP1,0,,9,9,0,6,6,0,9,0,26.598847769207055,G731ST-HT,false
RFQ731-001893,x731,CFG731_67de76f701c9cfad,CFG731_c66891bf502d2d83,2.0,TRUE_IN_TOP3,1,customUserFluid,12,12,0,3,3,0,12,0,22.0011779322276,x731,false
RFQ731-001894,x731,CFG731_440f9c9b032b7d0a,CFG731_80409e6aafce9221,3.0,TRUE_IN_TOP3,1,stromEingaenge,12,12,0,2,2,0,12,0,19.567966282292456,x731,false
RFQ731-001895,G731CA,CFG731_19ec976991ce75a9,CFG731_19ec976991ce75a9,1.0,CORRECT_TOP1,0,,11,11,0,3,3,0,11,0,33.8413206340227,G731CA,false
RFQ731-001896,F731PW,CFG731_ef211cb97feaddc8,CFG731_ef211cb97feaddc8,1.0,CORRECT_TOP1,0,,12,12,0,0,0,0,12,0,29.504288687985053,F731PW,false
RFQ731-001897,G731CA,CFG731_14235f3888d71408,CFG731_14235f3888d71408,1.0,CORRECT_TOP1,0,,9,9,0,5,5,0,9,0,30.74134520113768,G731CA,false
RFQ731-001898,F731TE,CFG731_5164655533c6a8d0,CFG731_5164655533c6a8d0,1.0,CORRECT_TOP1,0,,10,10,0,3,3,0,10,0,36.8646318006348,F731TE,false
RFQ731-001899,G731ST-HT,CFG731_63eca10a00ae1f5d,CFG731_63eca10a00ae1f5d,1.0,CORRECT_TOP1,0,,11,11,0,5,5,0,11,0,28.59589583976263,G731ST-HT,false
RFQ731-001900,x731,CFG731_8d07e19298d09d34,CFG731_8d07e19298d09d34,1.0,CORRECT_TOP1,0,,9,9,0,7,7,0,9,0,23.921852957931208,x731,false
RFQ731-001901,x731,CFG731_b7e96d5717c40fd6,CFG731_61e03f690afcaa1a,2.0,TRUE_IN_TOP3,1,stromSchaltbar,11,11,0,5,5,0,11,0,22.59267874987008,x731,false
RFQ731-001902,x731,CFG731_241d60e6ef5278be,CFG731_80e3b04d167bbba8,2.0,TRUE_IN_TOP3,3,stromSchaltbar|stromEingaenge|temperaturEingaenge,11,11,0,2,2,0,11,0,18.72320563240572,x731,false
RFQ731-001903,x731,CFG731_228013cfd0470f7a,CFG731_228013cfd0470f7a,1.0,CORRECT_TOP1,0,,9,9,0,6,6,0,9,0,22.333645146756652,x731,false
RFQ731-001904,x731,CFG731_60f3aae8ede70fe0,CFG731_1cfadf20495f86bf,2.0,TRUE_IN_TOP3,1,dev_advMeterVerification,14,14,0,2,2,0,14,0,22.387605171959912,x731,false
RFQ731-001905,G731ST-LT,CFG731_e0009be417f51ccd,CFG731_e0009be417f51ccd,1.0,CORRECT_TOP1,0,,12,12,0,4,4,0,12,0,27.239487931069867,G731ST-LT,false
RFQ731-001906,G731ST-LT,CFG731_ef044db10b586894,CFG731_ef044db10b586894,1.0,CORRECT_TOP1,0,,13,13,0,1,1,0,13,0,24.658101291785364,G731ST-LT,false
RFQ731-001907,x731,CFG731_31d0a0df66872bf7,CFG731_31d0a0df66872bf7,1.0,CORRECT_TOP1,0,,14,14,0,2,2,0,14,0,23.95308484150772,x731,false
RFQ731-001908,G731ST-HT,CFG731_fcc72e9951376cf3,CFG731_fcc72e9951376cf3,1.0,CORRECT_TOP1,0,,12,12,0,4,4,0,12,0,28.74587391222904,G731ST-HT,false
RFQ731-001909,x731,CFG731_ae4ea28b1eaeb3df,CFG731_ae4ea28b1eaeb3df,1.0,CORRECT_TOP1,0,,13,13,0,3,3,0,13,0,22.14399761174399,x731,false
RFQ731-001910,x731,CFG731_7942d32924313c96,CFG731_7942d32924313c96,1.0,CORRECT_TOP1,0,,11,11,0,3,3,0,11,0,20.975585668750952,x731,false
RFQ731-001911,x731,CFG731_fde1ab2a4808b544,CFG731_eea573acdafa9ee3,3.0,TRUE_IN_TOP3,2,stromSchaltbar|customUserFluid,9,9,0,5,5,0,9,0,20.43433777092661,x731,false
RFQ731-001912,x731,CFG731_89772de94df83ba5,CFG731_6ad3ec8ed100118e,2.0,TRUE_IN_TOP3,2,stromSchaltbar|temperaturEingaenge,13,13,0,1,1,0,13,0,20.25368599809777,x731,false
RFQ731-001913,G731ST-HT,CFG731_eb70dc35972dc4b7,CFG731_eb70dc35972dc4b7,1.0,CORRECT_TOP1,0,,10,10,0,5,5,0,10,0,26.887281123528297,G731ST-HT,false
RFQ731-001914,x731,CFG731_83f956404d04e6cd,CFG731_cc50cacf788bd84a,2.0,TRUE_IN_TOP3,2,stromSchaltbar|customUserFluid,11,11,0,4,4,0,11,0,22.74467992760413,x731,false
RFQ731-001915,x731,CFG731_5ea309f998205da7,CFG731_d584b35cfce34cc7,4.0,TRUE_IN_TOP5,2,stromEingaenge|temperaturEingaenge,11,11,0,3,3,0,11,0,20.663377335195594,x731,false
RFQ731-001916,x731,CFG731_6b36d25fda044bf5,CFG731_312da2fbbd3df3eb,2.0,TRUE_IN_TOP3,1,temperaturEingaenge,11,11,0,4,4,0,11,0,21.106232244385847,x731,false
RFQ731-001917,x731,CFG731_7f60255816247683,CFG731_7f60255816247683,1.0,CORRECT_TOP1,0,,9,9,0,7,7,0,9,0,22.056937106531176,x731,false
RFQ731-001918,G731ST-LT,CFG731_996314000fcfec4b,CFG731_22da0d6030817265,2.0,TRUE_IN_TOP3,1,temperaturEingaenge,13,13,0,2,2,0,13,0,25.424929002576945,G731ST-LT,false
RFQ731-001919,G731ST-HT,CFG731_7b2f69a7ca55041b,CFG731_49bb1327a04ca706,2.0,TRUE_IN_TOP3,1,temperaturEingaenge,14,14,0,1,1,0,14,0,26.448869696740648,G731ST-HT,false
RFQ731-001920,x731,CFG731_8153d67c519453a2,CFG731_c4d0e2da53e6a22c,4.0,TRUE_IN_TOP5,1,stromSchaltbar,10,10,0,4,4,0,10,0,20.276080750119544,x731,false
RFQ731-001921,G731ST-LT,CFG731_455da2f832a6b66d,CFG731_98bb5036a27a91a8,3.0,TRUE_IN_TOP3,1,temperaturEingaenge,11,11,0,3,3,0,11,0,24.00658643666869,G731ST-LT,false
RFQ731-001922,x731,CFG731_c39096767a7ae083,CFG731_1a94d4f54519245f,2.0,TRUE_IN_TOP3,1,stromSchaltbar,10,10,0,6,6,0,10,0,22.81300816461534,x731,false
RFQ731-001923,G731CA,CFG731_faff6da73df00950,CFG731_faff6da73df00950,1.0,CORRECT_TOP1,0,,9,9,0,5,5,0,9,0,33.9910632327716,G731CA,false
RFQ731-001924,G731ST-HT,CFG731_8fd0ed37b442c386,CFG731_168475c8045761e7,4.0,TRUE_IN_TOP5,1,stromEingaenge,11,11,0,3,3,0,11,0,25.12440501576341,G731ST-HT,false
RFQ731-001925,x731,CFG731_fa2849b259355775,CFG731_f57aa7e1d23d1414,3.0,TRUE_IN_TOP3,1,binaerOpenColl_MP,13,13,0,1,1,0,13,0,20.69624023364284,x731,false
RFQ731-001926,x731,CFG731_f8b0b03f1ea66d75,CFG731_f8b0b03f1ea66d75,1.0,CORRECT_TOP1,0,,8,8,0,7,7,0,8,0,21.86973282930321,x731,false
RFQ731-001927,x731,CFG731_162b59c5f8cf5a72,CFG731_162b59c5f8cf5a72,1.0,CORRECT_TOP1,0,,10,10,0,4,4,0,10,0,23.53714495525097,x731,false
RFQ731-001928,G731ST-LT,CFG731_a40ab19ad6671fbe,CFG731_bc9146cb8459e9c2,2.0,TRUE_IN_TOP3,1,temperaturEingaenge,10,10,0,5,5,0,10,0,25.593998570698155,G731ST-LT,false
RFQ731-001929,F731WD_DualChannel,CFG731_35ed22cad11f9a11,CFG731_783ba1dc5751818d,2.0,TRUE_IN_TOP3,1,stromEingaenge,11,11,0,1,1,0,11,0,35.03279431957994,F731WD_DualChannel,false
RFQ731-001930,x731,CFG731_140a9819128d92da,CFG731_f8cc7d4d2ef53582,8.0,TRUE_IN_TOP10,2,temperaturEingaenge|customUserFluid,8,8,0,4,4,0,8,0,17.412180945769027,x731,false
RFQ731-001931,G731ST-HT,CFG731_c32627af59ba1526,CFG731_c32627af59ba1526,1.0,CORRECT_TOP1,0,,13,13,0,2,2,0,13,0,26.82599456367052,G731ST-HT,false
RFQ731-001932,x731,CFG731_d8c9e5b1edc3b4b3,CFG731_d8c9e5b1edc3b4b3,1.0,CORRECT_TOP1,0,,10,10,0,5,5,0,10,0,22.56346997156121,x731,false
RFQ731-001933,G731CA,CFG731_757fbd3e8915b462,CFG731_757fbd3e8915b462,1.0,CORRECT_TOP1,0,,10,10,0,4,4,0,10,0,33.69134256155629,G731CA,false
RFQ731-001934,G731ST-HT,CFG731_bbffb73f3dff6787,CFG731_bbffb73f3dff6787,1.0,CORRECT_TOP1,0,,13,13,0,3,3,0,13,0,28.55370077555966,G731ST-HT,false
RFQ731-001935,x731,CFG731_bd2172ffd6b9273a,CFG731_bd2172ffd6b9273a,1.0,CORRECT_TOP1,0,,11,11,0,4,4,0,11,0,22.13339148935873,x731,false
RFQ731-001936,x731,CFG731_4d7e108ea05eeb07,CFG731_4d7e108ea05eeb07,1.0,CORRECT_TOP1,0,,10,10,0,4,4,0,10,0,24.41540546526024,x731,false
RFQ731-001937,x731,CFG731_da02526d254e2e35,CFG731_da02526d254e2e35,1.0,CORRECT_TOP1,0,,9,9,0,7,7,0,9,0,22.63179820857242,x731,false
RFQ731-001938,x731,CFG731_6204dd6ea742eb13,CFG731_6204dd6ea742eb13,1.0,CORRECT_TOP1,0,,10,10,0,4,4,0,10,0,20.67931104855829,x731,false
RFQ731-001939,F731PW,CFG731_327bfa077bbbd45e,CFG731_327bfa077bbbd45e,1.0,CORRECT_TOP1,0,,9,9,0,3,3,0,9,0,34.78332108077815,F731PW,false
RFQ731-001940,x731,CFG731_353333bad447dbef,CFG731_353333bad447dbef,1.0,CORRECT_TOP1,0,,11,11,0,4,4,0,11,0,22.35353231955655,x731,false
RFQ731-001941,x731,CFG731_1147f9711c4bff84,CFG731_1147f9711c4bff84,1.0,CORRECT_TOP1,0,,11,11,0,3,3,0,11,0,24.08068821755677,x731,false
RFQ731-001942,x731,CFG731_aba447e5ca3ac7ba,CFG731_aba447e5ca3ac7ba,1.0,CORRECT_TOP1,0,,10,10,0,4,4,0,10,0,22.923770078184,x731,false
RFQ731-001943,G731ST-LT,CFG731_cc47430fac8438be,CFG731_cc47430fac8438be,1.0,CORRECT_TOP1,0,,12,12,0,2,2,0,12,0,24.40203400214792,G731ST-LT,false
RFQ731-001944,x731,CFG731_ebb861c404a79d91,CFG731_fd10dd35c97df399,3.0,TRUE_IN_TOP3,1,stromEingaenge,10,10,0,4,4,0,10,0,20.801920844115852,x731,false
RFQ731-001945,G731ST-HT,CFG731_076cad91966d4c34,CFG731_076cad91966d4c34,1.0,CORRECT_TOP1,0,,14,14,0,2,2,0,14,0,28.24433712957877,G731ST-HT,false
RFQ731-001946,F731PW,CFG731_a9f22ebc14287e5d,CFG731_a9f22ebc14287e5d,1.0,CORRECT_TOP1,0,,9,9,0,3,3,0,9,0,28.56494696995293,F731PW,false
RFQ731-001947,G731CA,CFG731_b97ce0f180acf155,CFG731_b97ce0f180acf155,1.0,CORRECT_TOP1,0,,13,13,0,1,1,0,13,0,30.239808418487417,G731CA,false
RFQ731-001948,x731,CFG731_e1c54b5b080fabb2,CFG731_e1c54b5b080fabb2,1.0,CORRECT_TOP1,0,,13,13,0,2,2,0,13,0,22.54390630712561,x731,false
RFQ731-001949,G731ST-LT,CFG731_455da2f832a6b66d,CFG731_98bb5036a27a91a8,3.0,TRUE_IN_TOP3,1,temperaturEingaenge,11,11,0,3,3,0,11,0,24.00658643666869,G731ST-LT,false
RFQ731-001950,x731,CFG731_3dd4cfcf6ee98460,CFG731_3dd4cfcf6ee98460,1.0,CORRECT_TOP1,0,,14,14,0,1,1,0,14,0,23.04544308977588,x731,false
RFQ731-001951,x731,CFG731_91e51485b56960b2,CFG731_a8d894aee1986066,2.0,TRUE_IN_TOP3,1,customUserFluid,11,11,0,5,5,0,11,0,22.908705619045783,x731,false
RFQ731-001952,x731,CFG731_63b6f6fcf28b1885,CFG731_70576b93aef3bc09,5.0,TRUE_IN_TOP5,2,dynamicGasMaster|customUserFluid,9,9,0,5,5,0,9,0,21.35109451020687,x731,false
RFQ731-001953,G731ST-HT,CFG731_8b18ac1c34209d63,CFG731_d44e54f35ee15977,2.0,TRUE_IN_TOP3,2,stromEingaenge|temperaturEingaenge,8,8,0,6,6,0,8,0,25.32079928115848,G731ST-HT,false
RFQ731-001954,x731,CFG731_c4bcee3a1477eeea,CFG731_c4bcee3a1477eeea,1.0,CORRECT_TOP1,0,,8,8,0,7,7,0,8,0,23.06500675421148,x731,false
RFQ731-001955,x731,CFG731_11a99741e1f7cce9,CFG731_11a99741e1f7cce9,1.0,CORRECT_TOP1,0,,8,8,0,6,6,0,8,0,24.06384675507638,x731,false
RFQ731-001956,x731,CFG731_c6a3ff6155563d17,CFG731_c6a3ff6155563d17,1.0,CORRECT_TOP1,0,,10,10,0,5,5,0,10,0,22.31779444466436,x731,false
RFQ731-001957,x731,CFG731_3b2a32abbf148ca1,CFG731_3df9fddf845f3508,2.0,TRUE_IN_TOP3,1,temperaturEingaenge,12,12,0,4,4,0,12,0,22.86967633116717,x731,false
RFQ731-001958,x731,CFG731_2322a268d0a898f9,CFG731_c368d3c9941ce0d3,6.0,TRUE_IN_TOP10,2,stromSchaltbar|temperaturEingaenge,8,8,0,5,5,0,8,0,19.236362839897104,x731,false
RFQ731-001959,x731,CFG731_1f978c234895178c,CFG731_04e7216b1ba7f935,6.0,TRUE_IN_TOP10,2,stromSchaltbar|temperaturEingaenge,12,12,0,2,2,0,12,0,19.53791160601119,x731,false
RFQ731-001960,x731,CFG731_747411fe70ba8e8d,CFG731_7187559e0dc892c4,2.0,TRUE_IN_TOP3,1,customUserFluid,11,11,0,3,3,0,11,0,20.43134724805975,x731,false
RFQ731-001961,G731VG,CFG731_40b6e1db6c80bcc1,CFG731_40b6e1db6c80bcc1,1.0,CORRECT_TOP1,0,,11,11,0,4,4,0,11,0,38.77477620783847,G731VG,false
RFQ731-001962,G731CA,CFG731_4af82641f975d9aa,CFG731_4af82641f975d9aa,1.0,CORRECT_TOP1,0,,10,10,0,2,2,0,10,0,27.10410648908661,G731CA,false
RFQ731-001963,x731,CFG731_8cf35251fcd54982,CFG731_388928540067c900,2.0,TRUE_IN_TOP3,1,dynamicGasMaster,8,8,0,6,6,0,8,0,20.42938326211144,x731,false
RFQ731-001964,x731,CFG731_241d60e6ef5278be,CFG731_066736b465be9fda,2.0,TRUE_IN_TOP3,2,stromSchaltbar|stromEingaenge,10,10,0,4,4,0,10,0,20.07842284245135,x731,false
RFQ731-001965,G731CA,CFG731_691a8f2ff165671d,CFG731_691a8f2ff165671d,1.0,CORRECT_TOP1,0,,7,7,0,5,5,0,7,0,26.623951496598032,G731CA,false
RFQ731-001966,x731,CFG731_bcec8ceac2dbcc79,CFG731_bcec8ceac2dbcc79,1.0,CORRECT_TOP1,0,,14,14,0,1,1,0,14,0,22.714775024347144,x731,false
RFQ731-001967,x731,CFG731_214b093bf98ca9ef,CFG731_214b093bf98ca9ef,1.0,CORRECT_TOP1,0,,12,12,0,2,2,0,12,0,19.855072656294173,x731,false
RFQ731-001968,x731,CFG731_ad0a2fd7350b6cca,CFG731_b9655c874fd22316,3.0,TRUE_IN_TOP3,2,stromSchaltbar|dev_advMeterVerification,11,11,0,4,4,0,11,0,21.87531173660223,x731,false
RFQ731-001969,F731WD_DualChannel,CFG731_5076f1c2c0488d0e,CFG731_5076f1c2c0488d0e,1.0,CORRECT_TOP1,0,,9,9,0,2,2,0,9,0,31.047817926901008,F731WD_DualChannel,false
RFQ731-001970,F731TE,CFG731_a72f99e8160efda6,CFG731_a72f99e8160efda6,1.0,CORRECT_TOP1,0,,11,11,0,2,2,0,11,0,39.06972717643011,F731TE,false
RFQ731-001971,F731WD_SingleChannel,CFG731_11c93eca01984a14,CFG731_0be7d6198235486b,2.0,TRUE_IN_TOP3,2,stromSchaltbar|binaerOpenColl_MP,9,9,0,2,2,0,9,0,25.359137294119503,F731WD_SingleChannel,false
RFQ731-001972,x731,CFG731_7308ee8503151ef3,CFG731_bc06761f9c625643,3.0,TRUE_IN_TOP3,2,stromSchaltbar|temperaturEingaenge,11,11,0,4,4,0,11,0,21.27530181250706,x731,false
RFQ731-001973,x731,CFG731_736953a253ffd341,CFG731_d52ffc95af0989a6,8.0,TRUE_IN_TOP10,1,binaerOpenColl_MP,9,9,0,3,3,0,9,0,18.139108325543475,x731,false
RFQ731-001974,x731,CFG731_9fcbeaf9d5010d3a,CFG731_9fcbeaf9d5010d3a,1.0,CORRECT_TOP1,0,,12,12,0,3,3,0,12,0,21.67925455042225,x731,false
RFQ731-001975,G731ST-LT,CFG731_0029021d98da4557,CFG731_0029021d98da4557,1.0,CORRECT_TOP1,0,,12,12,0,3,3,0,12,0,25.645113412409756,G731ST-LT,false
RFQ731-001976,G731CA,CFG731_edf13ed38a4b54de,CFG731_edf13ed38a4b54de,1.0,CORRECT_TOP1,0,,9,9,0,5,5,0,9,0,37.03238511893273,G731CA,false
RFQ731-001977,x731,CFG731_daff07a8bdec497b,CFG731_daff07a8bdec497b,1.0,CORRECT_TOP1,0,,11,11,0,3,3,0,11,0,20.592458331954496,x731,false
RFQ731-001978,x731,CFG731_3611bb1fba248e38,CFG731_8f2f3a7ba66ea526,3.0,TRUE_IN_TOP3,1,dev_advMeterVerification,12,12,0,2,2,0,12,0,20.240021339758872,x731,false
RFQ731-001979,x731,CFG731_9e4fccece4d272d3,CFG731_e8d4d37dfb814e2d,2.0,TRUE_IN_TOP3,2,dev_advMeterVerification|dynamicGasMaster,12,12,0,2,2,0,12,0,19.92981046540948,x731,false
RFQ731-001980,x731,CFG731_fe9a409c6b2ba9cc,CFG731_fe9a409c6b2ba9cc,1.0,CORRECT_TOP1,0,,11,11,0,4,4,0,11,0,21.445650566648,x731,false
RFQ731-001981,x731,CFG731_de1b4a889540ef0e,CFG731_de1b4a889540ef0e,1.0,CORRECT_TOP1,0,,9,9,0,5,5,0,9,0,21.06395788766009,x731,false
RFQ731-001982,x731,CFG731_5aad423ad5989441,CFG731_5ed193735e1217cd,3.0,TRUE_IN_TOP3,1,binaerDigitalOpenColl_MN,9,9,0,5,5,0,9,0,20.544719373371127,x731,false
RFQ731-001983,x731,CFG731_219ac3d01befd6d1,CFG731_3d79b5ed69541acc,6.0,TRUE_IN_TOP10,2,stromEingaenge|binaerOpenColl_MP,13,13,0,1,1,0,13,0,19.39972829497327,x731,false
RFQ731-001984,x731,CFG731_da02526d254e2e35,CFG731_0848f22447616e6f,2.0,TRUE_IN_TOP3,1,customUserFluid,11,11,0,4,4,0,11,0,21.563687372528506,x731,false
RFQ731-001985,x731,CFG731_a5e5e12c08e4e838,CFG731_a5e5e12c08e4e838,1.0,CORRECT_TOP1,0,,11,11,0,4,4,0,11,0,22.92071188035599,x731,false
RFQ731-001986,x731,CFG731_ad0a2fd7350b6cca,CFG731_acf759e7c479b97e,3.0,TRUE_IN_TOP3,2,stromSchaltbar|customUserFluid,11,11,0,4,4,0,11,0,21.894875401037837,x731,false
RFQ731-001987,x731,CFG731_782638eae748ba9a,CFG731_782638eae748ba9a,1.0,CORRECT_TOP1,0,,12,12,0,3,3,0,12,0,21.82533107599792,x731,false
RFQ731-001988,x731,CFG731_f97e51d1da57d99f,CFG731_9b7849ea5c974903,2.0,TRUE_IN_TOP3,2,stromSchaltbar|customUserFluid,9,9,0,5,5,0,9,0,21.680869048991863,x731,false
RFQ731-001989,x731,CFG731_28ac43a93658ad6b,CFG731_aa82c10f35e81f8d,2.0,TRUE_IN_TOP3,1,customUserFluid,10,10,0,5,5,0,10,0,22.12890294737964,x731,false
RFQ731-001990,F731TE,CFG731_3794187f0a0c3133,CFG731_344778a042931752,2.0,TRUE_IN_TOP3,2,stromSchaltbar|binaerOpenColl_MP,9,9,0,2,2,0,9,0,29.705916209934024,F731TE,false
RFQ731-001991,F731TE,CFG731_d8c69b7395beabbb,CFG731_3c2aedfb429dc226,2.0,TRUE_IN_TOP3,2,stromSchaltbar|binaerOpenColl_MP,10,10,0,1,1,0,10,0,29.797240735676542,F731TE,false
RFQ731-001992,x731,CFG731_2497a004dc6e1657,CFG731_2497a004dc6e1657,1.0,CORRECT_TOP1,0,,9,9,0,4,4,0,9,0,18.46411757135635,x731,false
RFQ731-001993,x731,CFG731_70a71b60723e910d,CFG731_e5e722b510c96bb7,2.0,TRUE_IN_TOP3,1,customUserFluid,10,10,0,4,4,0,10,0,20.47601287204899,x731,false
RFQ731-001994,G731CA,CFG731_ed85647cd384c17a,CFG731_adfd119b20585b0b,2.0,TRUE_IN_TOP3,2,stromSchaltbar|binaerOpenColl_MP,9,9,0,3,3,0,9,0,23.432887011688003,G731CA,false
RFQ731-001995,G731CA,CFG731_495876b6233d3864,CFG731_495876b6233d3864,1.0,CORRECT_TOP1,0,,10,10,0,4,4,0,10,0,35.628547197002995,G731CA,false
RFQ731-001996,G731ST-LT,CFG731_a40ab19ad6671fbe,CFG731_0e0f01b5586b92da,2.0,TRUE_IN_TOP3,2,stromEingaenge|binaerDigitalOpenColl_MN,13,13,0,1,1,0,13,0,23.54807629902342,G731ST-LT,false
RFQ731-001997,x731,CFG731_e8e7b7513a5c9544,CFG731_34247ec265566826,2.0,TRUE_IN_TOP3,1,stromEingaenge,10,10,0,5,5,0,10,0,21.76308400214706,x731,false
RFQ731-001998,G731ST-LT,CFG731_49cd4cbef1081333,CFG731_5be9d749d8317fd3,2.0,TRUE_IN_TOP3,1,temperaturEingaenge,10,10,0,4,4,0,10,0,23.680576411450417,G731ST-LT,false
RFQ731-001999,G731ST-HT,CFG731_4aa7d46b9cfa7d7b,CFG731_72c610ffb054f7c4,3.0,TRUE_IN_TOP3,3,stromSchaltbar|temperaturEingaenge|binaerDigitalOpenColl_MN,12,12,0,1,1,0,12,0,23.58347185835919,G731ST-HT,false
RFQ731-002000,x731,CFG731_36d7686aca1200ae,CFG731_36d7686aca1200ae,1.0,CORRECT_TOP1,0,,15,15,0,1,1,0,15,0,23.26013913928617,x731,false
RFQ731-002001,x731,CFG731_df5f598a914fb1cc,CFG731_df5f598a914fb1cc,1.0,CORRECT_TOP1,0,,12,12,0,2,2,0,12,0,20.88925291522775,x731,false
RFQ731-002002,x731,CFG731_91e51485b56960b2,CFG731_8e5ce09a779d2284,2.0,TRUE_IN_TOP3,3,stromSchaltbar|stromEingaenge|temperaturEingaenge,9,9,0,5,5,0,9,0,19.749176238335373,x731,false
RFQ731-002003,x731,CFG731_f03dd6d0a112bc66,CFG731_dcac95313091f4e3,7.0,TRUE_IN_TOP10,2,dynamicGasMaster|customUserFluid,9,9,0,4,4,0,9,0,20.08273001676503,x731,false
RFQ731-002004,x731,CFG731_1f0c09edcd967945,CFG731_1f0c09edcd967945,1.0,CORRECT_TOP1,0,,9,9,0,5,5,0,9,0,21.265857819077038,x731,false
RFQ731-002005,x731,CFG731_c3481d11b658e1e9,CFG731_187ec74b5c4854aa,3.0,TRUE_IN_TOP3,1,dev_advMeterVerification,10,10,0,5,5,0,10,0,21.469472408382405,x731,false
RFQ731-002006,x731,CFG731_8c50542218db5cb0,CFG731_de5e29fe1f740f3e,3.0,TRUE_IN_TOP3,1,binaerDigitalOpenColl_MN,14,14,0,1,1,0,14,0,21.49880581932661,x731,false
RFQ731-002007,x731,CFG731_37c55138c4eebb90,CFG731_37c55138c4eebb90,1.0,CORRECT_TOP1,0,,10,10,0,6,6,0,10,0,22.72987044600936,x731,false
RFQ731-002008,x731,CFG731_31aa13473958d7d3,CFG731_c63da0cdbb0b3444,3.0,TRUE_IN_TOP3,2,stromSchaltbar|temperaturEingaenge,10,10,0,5,5,0,10,0,21.38743961229086,x731,false
RFQ731-002009,F731TE,CFG731_a72f99e8160efda6,CFG731_a72f99e8160efda6,1.0,CORRECT_TOP1,0,,8,8,0,5,5,0,8,0,39.06972717643011,F731TE,false
RFQ731-002010,G731ST-LT,CFG731_d5af433b36265df1,CFG731_d5af433b36265df1,1.0,CORRECT_TOP1,0,,8,8,0,7,7,0,8,0,25.64301101461933,G731ST-LT,false
RFQ731-002011,x731,CFG731_77a90bfd81b5c2c1,CFG731_77a90bfd81b5c2c1,1.0,CORRECT_TOP1,0,,12,12,0,3,3,0,12,0,21.39374473161853,x731,false
RFQ731-002012,x731,CFG731_260c36430f7c2d03,CFG731_260c36430f7c2d03,1.0,CORRECT_TOP1,0,,9,9,0,5,5,0,9,0,24.010745481975945,x731,false
RFQ731-002013,x731,CFG731_c39096767a7ae083,CFG731_a9a1b4f80067a4f8,2.0,TRUE_IN_TOP3,1,dynamicGasMaster,13,13,0,3,3,0,13,0,22.58713258458318,x731,false
RFQ731-002014,x731,CFG731_2322a268d0a898f9,CFG731_631dadb7c0c7adf5,3.0,TRUE_IN_TOP3,1,stromEingaenge,9,9,0,5,5,0,9,0,20.627317924834923,x731,false
RFQ731-002015,F731PW,CFG731_0781a0fecc8f46d5,CFG731_0781a0fecc8f46d5,1.0,CORRECT_TOP1,0,,8,8,0,4,4,0,8,0,29.963630406432344,F731PW,false
RFQ731-002016,x731,CFG731_6526112621a9ee97,CFG731_4afe4cfa02474e97,,TRUE_UNRANKED,3,binaerDigitalOpenColl_MN|dynamicGasMaster|customUserFluid,9,9,0,3,3,0,9,0,16.352639030937258,x731,false
RFQ731-002017,x731,CFG731_5ae746dac49a854b,CFG731_5ae746dac49a854b,1.0,CORRECT_TOP1,0,,11,11,0,4,4,0,11,0,22.81462266318496,x731,false
RFQ731-002018,x731,CFG731_70b38ab75d3ca724,CFG731_567b2aa90592cf41,6.0,TRUE_IN_TOP10,3,stromSchaltbar|dev_advMeterVerification|customUserFluid,10,10,0,2,2,0,10,0,17.753567937806707,x731,false
RFQ731-002019,F731WD_SingleChannel,CFG731_9a761e6bfde35917,CFG731_9a761e6bfde35917,1.0,CORRECT_TOP1,0,,8,8,0,5,5,0,8,0,38.506254188817095,F731WD_SingleChannel,false
RFQ731-002020,x731,CFG731_ad672c682712eda8,CFG731_ad672c682712eda8,1.0,CORRECT_TOP1,0,,14,14,0,2,2,0,14,0,22.1200624623938,x731,false
RFQ731-002021,x731,CFG731_db983e07a279051a,CFG731_db983e07a279051a,1.0,CORRECT_TOP1,0,,10,10,0,4,4,0,10,0,22.48351985539151,x731,false
RFQ731-002022,G731ST-LT,CFG731_19bcffd0eb2806b8,CFG731_19bcffd0eb2806b8,1.0,CORRECT_TOP1,0,,11,11,0,2,2,0,11,0,22.87155363645587,G731ST-LT,false
RFQ731-002023,x731,CFG731_f0cf22354800092d,CFG731_b1e6da79b3f3968c,6.0,TRUE_IN_TOP10,1,dev_advMeterVerification,7,7,0,6,6,0,7,0,19.33887767404575,x731,false
RFQ731-002024,x731,CFG731_672458a8e716cdf8,CFG731_7b5b740c75176e02,4.0,TRUE_IN_TOP5,1,stromSchaltbar,9,9,0,5,5,0,9,0,20.120617906654324,x731,false
RFQ731-002025,G731CA,CFG731_d2a75fda6f761c1b,CFG731_d2a75fda6f761c1b,1.0,CORRECT_TOP1,0,,10,10,0,4,4,0,10,0,34.49260001542188,G731CA,false
RFQ731-002026,x731,CFG731_1147f9711c4bff84,CFG731_1434e7eedafa69d1,2.0,TRUE_IN_TOP3,1,stromSchaltbar,10,10,0,3,3,0,10,0,22.62660777675633,x731,false
RFQ731-002027,x731,CFG731_440f9c9b032b7d0a,CFG731_55d3237d65c8a47c,3.0,TRUE_IN_TOP3,1,customUserFluid,9,9,0,5,5,0,9,0,19.918198012156797,x731,false
RFQ731-002028,G731CA,CFG731_2aca30183aab25a9,CFG731_2aca30183aab25a9,1.0,CORRECT_TOP1,0,,12,12,0,2,2,0,12,0,30.389786490953828,G731CA,false
RFQ731-002029,x731,CFG731_169a8482d2028dff,CFG731_54946322ece48230,3.0,TRUE_IN_TOP3,2,stromSchaltbar|stromEingaenge,11,11,0,3,3,0,11,0,21.004764327233275,x731,false
RFQ731-002030,x731,CFG731_1f31b1bf8dc9e962,CFG731_ca7e5884b195042a,8.0,TRUE_IN_TOP10,2,dynamicGasMaster|customUserFluid,11,11,0,2,2,0,11,0,18.872710604291825,x731,false
RFQ731-002031,F731WD_SingleChannel,CFG731_4ca309199387f8d5,CFG731_4ca309199387f8d5,1.0,CORRECT_TOP1,0,,11,11,0,2,2,0,11,0,30.61247818024028,F731WD_SingleChannel,false
RFQ731-002032,G731CA,CFG731_4af82641f975d9aa,CFG731_4af82641f975d9aa,1.0,CORRECT_TOP1,0,,11,11,0,1,1,0,11,0,27.10410648908661,G731CA,false
RFQ731-002033,x731,CFG731_32a4bb12438a37ab,CFG731_32a4bb12438a37ab,1.0,CORRECT_TOP1,0,,13,13,0,4,4,0,13,0,25.1868358675629,x731,false
RFQ731-002034,G731CA,CFG731_2aca30183aab25a9,CFG731_2aca30183aab25a9,1.0,CORRECT_TOP1,0,,10,10,0,4,4,0,10,0,30.389786490953828,G731CA,false
RFQ731-002035,x731,CFG731_3dd4cfcf6ee98460,CFG731_3dd4cfcf6ee98460,1.0,CORRECT_TOP1,0,,12,12,0,3,3,0,12,0,23.04544308977588,x731,false
RFQ731-002036,x731,CFG731_1f978c234895178c,CFG731_338a3238e967f681,3.0,TRUE_IN_TOP3,1,binaerOpenColl_MP,9,9,0,6,6,0,9,0,20.074140190719067,x731,false
RFQ731-002037,x731,CFG731_8d07e19298d09d34,CFG731_8d07e19298d09d34,1.0,CORRECT_TOP1,0,,13,13,0,3,3,0,13,0,23.921852957931208,x731,false
RFQ731-002038,x731,CFG731_c41fd04f9eea78e7,CFG731_c41fd04f9eea78e7,1.0,CORRECT_TOP1,0,,12,12,0,2,2,0,12,0,23.25347762961966,x731,false
RFQ731-002039,x731,CFG731_adb08ca5dce20691,CFG731_adb08ca5dce20691,1.0,CORRECT_TOP1,0,,10,10,0,4,4,0,10,0,22.369132022433305,x731,false
RFQ731-002040,x731,CFG731_1f31b1bf8dc9e962,CFG731_1f31b1bf8dc9e962,1.0,CORRECT_TOP1,0,,13,13,0,2,2,0,13,0,21.620777461168338,x731,false
RFQ731-002041,G731ST-HT,CFG731_ef8d68b6d278bfec,CFG731_cd71ec2726e971ef,4.0,TRUE_IN_TOP5,1,temperaturEingaenge,9,9,0,5,5,0,9,0,25.28506140626629,G731ST-HT,false
RFQ731-002042,x731,CFG731_f87794e7a98d0b11,CFG731_09c0748365bb17e2,3.0,TRUE_IN_TOP3,1,binaerOpenColl_MP,15,15,0,1,1,0,15,0,21.492482756627314,x731,false
RFQ731-002043,G731ST-LT,CFG731_750dd83a06ba43cb,CFG731_a2a709ad804cc5a2,3.0,TRUE_IN_TOP3,1,temperaturEingaenge,10,10,0,4,4,0,10,0,24.430190280223798,G731ST-LT,false
RFQ731-002044,F731PW,CFG731_92efd7a3c43da152,CFG731_4b26dfbafad76131,3.0,TRUE_IN_TOP3,1,binaerOpenColl_MP,6,6,0,5,5,0,6,0,28.11975652302703,F731PW,false
RFQ731-002045,x731,CFG731_deb6c547366eb132,CFG731_deb6c547366eb132,1.0,CORRECT_TOP1,0,,12,12,0,2,2,0,12,0,20.45128597208306,x731,false
RFQ731-002046,G731ST-LT,CFG731_cc47430fac8438be,CFG731_cc47430fac8438be,1.0,CORRECT_TOP1,0,,10,10,0,4,4,0,10,0,24.40203400214792,G731ST-LT,false
RFQ731-002047,G731ST-HT,CFG731_8b18ac1c34209d63,CFG731_2c93609b74717303,4.0,TRUE_IN_TOP5,2,stromEingaenge|binaerOpenColl_MP,11,11,0,3,3,0,11,0,24.402947425065918,G731ST-HT,false
RFQ731-002048,x731,CFG731_81fb6648eb2086c4,CFG731_81fb6648eb2086c4,1.0,CORRECT_TOP1,0,,8,8,0,4,4,0,8,0,19.196620571245365,x731,false
RFQ731-002049,x731,CFG731_353333bad447dbef,CFG731_353333bad447dbef,1.0,CORRECT_TOP1,0,,10,10,0,5,5,0,10,0,22.35353231955655,x731,false
RFQ731-002050,G731ST-HT,CFG731_37f66c3948c00e57,CFG731_37f66c3948c00e57,1.0,CORRECT_TOP1,0,,10,10,0,3,3,0,10,0,23.513529122778365,G731ST-HT,false
RFQ731-002051,x731,CFG731_8d78781f8753b72a,CFG731_8d78781f8753b72a,1.0,CORRECT_TOP1,0,,11,11,0,3,3,0,11,0,23.16094095540965,x731,false
RFQ731-002052,x731,CFG731_83f956404d04e6cd,CFG731_d417765b001ea99c,3.0,TRUE_IN_TOP3,2,stromSchaltbar|binaerDigitalOpenColl_MN,13,13,0,2,2,0,13,0,21.82999384783593,x731,false
RFQ731-002053,x731,CFG731_353333bad447dbef,CFG731_d5d49996cad115b3,3.0,TRUE_IN_TOP3,1,stromSchaltbar,10,10,0,4,4,0,10,0,20.89945187875611,x731,false
RFQ731-002054,x731,CFG731_241d60e6ef5278be,CFG731_066736b465be9fda,2.0,TRUE_IN_TOP3,2,stromSchaltbar|stromEingaenge,10,10,0,4,4,0,10,0,20.07842284245135,x731,false
RFQ731-002055,G731ST-LT,CFG731_d124ccffa669c3a2,CFG731_d124ccffa669c3a2,1.0,CORRECT_TOP1,0,,13,13,0,3,3,0,13,0,26.99141084494676,G731ST-LT,false
RFQ731-002056,x731,CFG731_440f9c9b032b7d0a,CFG731_aa8c30a4f1baca2e,4.0,TRUE_IN_TOP5,2,stromSchaltbar|stromEingaenge,8,8,0,5,5,0,8,0,18.113885841492014,x731,false
RFQ731-002057,x731,CFG731_bbcb665ced67f8c3,CFG731_5f5f37f4d005417e,2.0,TRUE_IN_TOP3,1,customUserFluid,9,9,0,6,6,0,9,0,21.9249300773191,x731,false
RFQ731-002058,x731,CFG731_6e096e946540ab4e,CFG731_6e096e946540ab4e,1.0,CORRECT_TOP1,0,,13,13,0,4,4,0,13,0,23.91552989523192,x731,false
RFQ731-002059,x731,CFG731_cb3a6f924677049e,CFG731_6878009af5d30faf,4.0,TRUE_IN_TOP5,1,stromSchaltbar,9,9,0,5,5,0,9,0,20.41165128192768,x731,false
RFQ731-002060,G731ST-LT,CFG731_7882c72c21497015,CFG731_7882c72c21497015,1.0,CORRECT_TOP1,0,,11,11,0,5,5,0,11,0,27.28168299527284,G731ST-LT,false
RFQ731-002061,x731,CFG731_260c36430f7c2d03,CFG731_260c36430f7c2d03,1.0,CORRECT_TOP1,0,,8,8,0,6,6,0,8,0,24.010745481975945,x731,false
RFQ731-002062,x731,CFG731_7f60255816247683,CFG731_7f60255816247683,1.0,CORRECT_TOP1,0,,12,12,0,4,4,0,12,0,22.056937106531176,x731,false
RFQ731-002063,x731,CFG731_747411fe70ba8e8d,CFG731_c3b5b1049b2ed7bb,7.0,TRUE_IN_TOP10,2,stromEingaenge|temperaturEingaenge,10,10,0,3,3,0,10,0,18.725898308149784,x731,false
RFQ731-002064,x731,CFG731_83f956404d04e6cd,CFG731_d417765b001ea99c,3.0,TRUE_IN_TOP3,2,stromSchaltbar|binaerDigitalOpenColl_MN,11,11,0,4,4,0,11,0,21.82999384783593,x731,false
RFQ731-002065,x731,CFG731_ad0a2fd7350b6cca,CFG731_ad0a2fd7350b6cca,1.0,CORRECT_TOP1,0,,12,12,0,5,5,0,12,0,24.417066677882183,x731,false
RFQ731-002066,x731,CFG731_ac0f372c930c2e22,CFG731_ac0f372c930c2e22,1.0,CORRECT_TOP1,0,,13,13,0,1,1,0,13,0,24.19507605051498,x731,false
RFQ731-002067,G731ST-HT,CFG731_4aa7d46b9cfa7d7b,CFG731_077cd264a0313a47,2.0,TRUE_IN_TOP3,3,stromEingaenge|temperaturEingaenge|binaerDigitalOpenColl_MN,10,10,0,3,3,0,10,0,23.619209733251378,G731ST-HT,false
RFQ731-002068,x731,CFG731_7308ee8503151ef3,CFG731_f55693c6f4f3dcb0,3.0,TRUE_IN_TOP3,2,stromSchaltbar|dynamicGasMaster,13,13,0,2,2,0,13,0,20.95056300172009,x731,false
RFQ731-002069,x731,CFG731_3dd4cfcf6ee98460,CFG731_3dd4cfcf6ee98460,1.0,CORRECT_TOP1,0,,13,13,0,2,2,0,13,0,23.04544308977588,x731,false
RFQ731-002070,G731ST-HT,CFG731_6e53621a73b55f2c,CFG731_0c11243388e65244,3.0,TRUE_IN_TOP3,1,temperaturEingaenge,10,10,0,4,4,0,10,0,25.454130974387507,G731ST-HT,false
RFQ731-002071,G731ST-LT,CFG731_455da2f832a6b66d,CFG731_455da2f832a6b66d,1.0,CORRECT_TOP1,0,,9,9,0,6,6,0,9,0,25.36180364671432,G731ST-LT,false
RFQ731-002072,x731,CFG731_214b093bf98ca9ef,CFG731_2451b1d5b9cd9ccd,7.0,TRUE_IN_TOP10,1,temperaturEingaenge,9,9,0,4,4,0,9,0,18.499855446248542,x731,false
RFQ731-002073,G731ST-LT,CFG731_715a3d3226cbaffd,CFG731_715a3d3226cbaffd,1.0,CORRECT_TOP1,0,,12,12,0,4,4,0,12,0,27.06135358052758,G731ST-LT,false
RFQ731-002074,x731,CFG731_1b365e0951e7dea4,CFG731_1b365e0951e7dea4,1.0,CORRECT_TOP1,0,,10,10,0,5,5,0,10,0,22.563254164075428,x731,false
RFQ731-002075,G731CA,CFG731_757fbd3e8915b462,CFG731_757fbd3e8915b462,1.0,CORRECT_TOP1,0,,8,8,0,6,6,0,8,0,33.69134256155629,G731CA,false
RFQ731-002076,G731ST-HT,CFG731_3f42c988dc83cb23,CFG731_37f37296c515d083,3.0,TRUE_IN_TOP3,1,stromSchaltbar,12,12,0,2,2,0,12,0,25.71624684663771,G731ST-HT,false
RFQ731-002077,x731,CFG731_8d78781f8753b72a,CFG731_8d78781f8753b72a,1.0,CORRECT_TOP1,0,,12,12,0,2,2,0,12,0,23.16094095540965,x731,false
RFQ731-002078,x731,CFG731_c6a3ff6155563d17,CFG731_c6a3ff6155563d17,1.0,CORRECT_TOP1,0,,12,12,0,3,3,0,12,0,22.31779444466436,x731,false
RFQ731-002079,x731,CFG731_e049618b920d59b6,CFG731_85891d97ce4083b3,4.0,TRUE_IN_TOP5,1,stromEingaenge,10,10,0,5,5,0,10,0,22.31441286085421,x731,false
RFQ731-002080,x731,CFG731_27caf5a2443603ad,CFG731_27caf5a2443603ad,1.0,CORRECT_TOP1,0,,10,10,0,5,5,0,10,0,21.31696894204101,x731,false
RFQ731-002081,x731,CFG731_36d7686aca1200ae,CFG731_70b78512b89df53d,3.0,TRUE_IN_TOP3,2,stromSchaltbar|stromEingaenge,11,11,0,3,3,0,11,0,20.387716132577484,x731,false
RFQ731-002082,x731,CFG731_337790e6bbcf15f4,CFG731_de32c30417f0baf1,4.0,TRUE_IN_TOP5,1,customUserFluid,11,11,0,3,3,0,11,0,20.646881589270524,x731,false
RFQ731-002083,x731,CFG731_467e11f2e0bc0666,CFG731_b9f64e4d38245efe,5.0,TRUE_IN_TOP5,1,binaerOpenColl_MP,9,9,0,3,3,0,9,0,17.400378220227033,x731,false
RFQ731-002084,F731PW,CFG731_327bfa077bbbd45e,CFG731_327bfa077bbbd45e,1.0,CORRECT_TOP1,0,,12,12,0,0,0,0,12,0,34.78332108077815,F731PW,false
RFQ731-002085,G731ST-LT,CFG731_0029021d98da4557,CFG731_41b81999e34ef823,2.0,TRUE_IN_TOP3,1,stromEingaenge,10,10,0,4,4,0,10,0,24.226770846501505,G731ST-LT,false
RFQ731-002086,x731,CFG731_782638eae748ba9a,CFG731_3e782f59368b40db,2.0,TRUE_IN_TOP3,2,stromEingaenge|temperaturEingaenge,9,9,0,4,4,0,9,0,19.051771300044035,x731,false
RFQ731-002087,x731,CFG731_3dd4cfcf6ee98460,CFG731_7585c6d1ee781d2e,3.0,TRUE_IN_TOP3,1,stromEingaenge,11,11,0,3,3,0,11,0,21.62710052386763,x731,false
RFQ731-002088,F731TE,CFG731_54559f782190a122,CFG731_54559f782190a122,1.0,CORRECT_TOP1,0,,13,13,0,0,0,0,13,0,34.9592570960548,F731TE,false
RFQ731-002089,G731ST-LT,CFG731_7f5bfa7b21e81359,CFG731_7f5bfa7b21e81359,1.0,CORRECT_TOP1,0,,11,11,0,5,5,0,11,0,26.48987406229649,G731ST-LT,false
RFQ731-002090,G731ST-LT,CFG731_77dd17c48f15826c,CFG731_d982a98f914f0a87,2.0,TRUE_IN_TOP3,1,binaerDigitalOpenColl_MN,11,11,0,3,3,0,11,0,23.810192171273624,G731ST-LT,false
RFQ731-002091,G731ST-HT,CFG731_ef8d68b6d278bfec,CFG731_cd71ec2726e971ef,4.0,TRUE_IN_TOP5,1,temperaturEingaenge,11,11,0,3,3,0,11,0,25.28506140626629,G731ST-HT,false
RFQ731-002092,x731,CFG731_c3481d11b658e1e9,CFG731_187ec74b5c4854aa,3.0,TRUE_IN_TOP3,1,dev_advMeterVerification,9,9,0,6,6,0,9,0,21.469472408382405,x731,false
RFQ731-002093,G731ST-HT,CFG731_831a7150258499af,CFG731_7d6fec687910546d,3.0,TRUE_IN_TOP3,1,binaerDigitalOpenColl_MN,11,11,0,4,4,0,11,0,25.971268063440576,G731ST-HT,false
RFQ731-002094,x731,CFG731_57a2b410fc32b41a,CFG731_83b7e9be7ecdb93b,4.0,TRUE_IN_TOP5,1,customUserFluid,8,8,0,6,6,0,8,0,20.419734794807063,x731,false
RFQ731-002095,x731,CFG731_0ed9dfc7367bb0a0,CFG731_0ed9dfc7367bb0a0,1.0,CORRECT_TOP1,0,,8,8,0,5,5,0,8,0,18.615422624142283,x731,false
RFQ731-002096,x731,CFG731_2e5bd0d53757f625,CFG731_2e5bd0d53757f625,1.0,CORRECT_TOP1,0,,11,11,0,3,3,0,11,0,20.50658751141085,x731,false
RFQ731-002097,F731TE,CFG731_8b8ba7e2341f1295,CFG731_b7c1a02b25610507,2.0,TRUE_IN_TOP3,2,stromSchaltbar|binaerOpenColl_MP,8,8,0,3,3,0,8,0,28.619098489892448,F731TE,false
RFQ731-002098,x731,CFG731_bb61f56875b25c60,CFG731_bb61f56875b25c60,1.0,CORRECT_TOP1,0,,8,8,0,5,5,0,8,0,21.44783847863536,x731,false
RFQ731-002099,G731ST-LT,CFG731_4772bedc40328ae2,CFG731_4772bedc40328ae2,1.0,CORRECT_TOP1,0,,10,10,0,5,5,0,10,0,25.8276025544724,G731ST-LT,false
RFQ731-002100,x731,CFG731_ad0a2fd7350b6cca,CFG731_ad0a2fd7350b6cca,1.0,CORRECT_TOP1,0,,11,11,0,6,6,0,11,0,24.417066677882183,x731,false
RFQ731-002101,x731,CFG731_4eb63c13498ac15e,CFG731_4eb63c13498ac15e,1.0,CORRECT_TOP1,0,,12,12,0,4,4,0,12,0,24.118725031518984,x731,false
RFQ731-002102,F731TE,CFG731_d8c69b7395beabbb,CFG731_d8c69b7395beabbb,1.0,CORRECT_TOP1,0,,8,8,0,5,5,0,8,0,38.80183643608151,F731TE,false
RFQ731-002103,G731CA,CFG731_817824ee3a762453,CFG731_2cb814ee06486282,2.0,TRUE_IN_TOP3,2,stromSchaltbar|binaerOpenColl_MP,10,10,0,2,2,0,10,0,21.886727573199128,G731CA,false
RFQ731-002104,x731,CFG731_672458a8e716cdf8,CFG731_672458a8e716cdf8,1.0,CORRECT_TOP1,0,,10,10,0,5,5,0,10,0,21.574698347454763,x731,false
RFQ731-002105,F731TE,CFG731_5164655533c6a8d0,CFG731_5164655533c6a8d0,1.0,CORRECT_TOP1,0,,11,11,0,2,2,0,11,0,36.8646318006348,F731TE,false
RFQ731-002106,G731ST-HT,CFG731_6cc2f5d089c01baf,CFG731_c209599718b42485,5.0,TRUE_IN_TOP5,1,stromSchaltbar,10,10,0,3,3,0,10,0,24.035788408479256,G731ST-HT,false
RFQ731-002107,x731,CFG731_1147f9711c4bff84,CFG731_1434e7eedafa69d1,2.0,TRUE_IN_TOP3,1,stromSchaltbar,6,6,0,7,7,0,6,0,22.62660777675633,x731,false
RFQ731-002108,x731,CFG731_78d3b084a795c836,CFG731_c2add1f921eaf8c0,2.0,TRUE_IN_TOP3,1,dynamicGasMaster,11,11,0,5,5,0,11,0,22.67306443409841,x731,false
RFQ731-002109,x731,CFG731_14299a2a74e42d7f,CFG731_b60961340903daf0,3.0,TRUE_IN_TOP3,1,binaerDigitalOpenColl_MN,11,11,0,2,2,0,11,0,22.142336399122044,x731,false
RFQ731-002110,x731,CFG731_241d60e6ef5278be,CFG731_92fbdd06b7923fc1,2.0,TRUE_IN_TOP3,2,stromSchaltbar|temperaturEingaenge,8,8,0,6,6,0,8,0,20.14154819831397,x731,false
RFQ731-002111,G731ST-LT,CFG731_d5af433b36265df1,CFG731_9c6b16fef6d02aaf,3.0,TRUE_IN_TOP3,1,binaerDigitalOpenColl_MN,11,11,0,3,3,0,11,0,23.660214098807216,G731ST-LT,false
RFQ731-002112,x731,CFG731_31d0a0df66872bf7,CFG731_ef4cf0e053e2d332,2.0,TRUE_IN_TOP3,1,temperaturEingaenge,8,8,0,7,7,0,8,0,22.597867631462087,x731,false
RFQ731-002113,x731,CFG731_e08dfad4737be3d9,CFG731_e08dfad4737be3d9,1.0,CORRECT_TOP1,0,,14,14,0,3,3,0,14,0,25.40716528230816,x731,false
RFQ731-002114,G731ST-LT,CFG731_7b1edd53e8bbad40,CFG731_55620bd5ef4cd10a,7.0,TRUE_IN_TOP10,2,stromSchaltbar|temperaturEingaenge,11,11,0,2,2,0,11,0,23.161825786781957,G731ST-LT,false
RFQ731-002115,x731,CFG731_91e51485b56960b2,CFG731_b187fb9ad3627171,2.0,TRUE_IN_TOP3,3,dev_advMeterVerification|dynamicGasMaster|customUserFluid,13,13,0,1,1,0,13,0,20.14107509773367,x731,false
RFQ731-002116,x731,CFG731_962b6fcde3072947,CFG731_962b6fcde3072947,1.0,CORRECT_TOP1,0,,12,12,0,4,4,0,12,0,22.08559580193291,x731,false
RFQ731-002117,G731ST-LT,CFG731_32b4b1ec4513af66,CFG731_d99c5302ecc2907e,4.0,TRUE_IN_TOP5,2,stromEingaenge|temperaturEingaenge,10,10,0,4,4,0,10,0,24.156564509135094,G731ST-LT,false
RFQ731-002118,x731,CFG731_672458a8e716cdf8,CFG731_39083521b1413e72,5.0,TRUE_IN_TOP5,1,binaerDigitalOpenColl_MN,9,9,0,5,5,0,9,0,19.59190143164265,x731,false
RFQ731-002119,x731,CFG731_353333bad447dbef,CFG731_d5d49996cad115b3,3.0,TRUE_IN_TOP3,1,stromSchaltbar,12,12,0,2,2,0,12,0,20.89945187875611,x731,false
RFQ731-002120,F731WD_SingleChannel,CFG731_e98d2be876599c40,CFG731_e98d2be876599c40,1.0,CORRECT_TOP1,0,,11,11,0,2,2,0,11,0,34.75499937453291,F731WD_SingleChannel,false
RFQ731-002121,x731,CFG731_6526112621a9ee97,CFG731_6526112621a9ee97,1.0,CORRECT_TOP1,0,,8,8,0,7,7,0,8,0,21.08350280362588,x731,false
RFQ731-002122,x731,CFG731_2defd08a3d98d7b7,CFG731_39b102df312b9763,10.0,TRUE_IN_TOP10,1,stromEingaenge,14,14,0,0,0,0,14,0,19.684238919245253,x731,false
RFQ731-002123,G731ST-HT,CFG731_cc9ac35e4d9a1854,CFG731_348f97ec6945fbf8,2.0,TRUE_IN_TOP3,1,temperaturEingaenge,9,9,0,6,6,0,9,0,26.95040647939092,G731ST-HT,false
RFQ731-002124,x731,CFG731_36d7686aca1200ae,CFG731_70b78512b89df53d,3.0,TRUE_IN_TOP3,2,stromSchaltbar|stromEingaenge,7,7,0,7,7,0,7,0,20.387716132577484,x731,false
RFQ731-002125,x731,CFG731_03ef652e52353f2f,CFG731_03ef652e52353f2f,1.0,CORRECT_TOP1,0,,9,9,0,5,5,0,9,0,22.9019189194358,x731,false
RFQ731-002126,x731,CFG731_fe9a409c6b2ba9cc,CFG731_b10c597ca89c3f56,4.0,TRUE_IN_TOP5,1,stromEingaenge,9,9,0,5,5,0,9,0,20.02730800073975,x731,false
RFQ731-002127,x731,CFG731_5331dc313830f4cb,CFG731_5331dc313830f4cb,1.0,CORRECT_TOP1,0,,10,10,0,4,4,0,10,0,20.04058256976874,x731,false
RFQ731-002128,x731,CFG731_d67b44eae58dfe59,CFG731_d67b44eae58dfe59,1.0,CORRECT_TOP1,0,,11,11,0,3,3,0,11,0,20.09888003353069,x731,false
RFQ731-002129,G731ST-LT,CFG731_1d89d7fdc7355744,CFG731_1d89d7fdc7355744,1.0,CORRECT_TOP1,0,,13,13,0,2,2,0,13,0,26.013318501830994,G731ST-LT,false
RFQ731-002130,x731,CFG731_83f956404d04e6cd,CFG731_83f956404d04e6cd,1.0,CORRECT_TOP1,0,,15,15,0,2,2,0,15,0,25.26687120444848,x731,false
RFQ731-002131,x731,CFG731_cd4f211fbf872f2e,CFG731_031d8f2fe50bf3d1,3.0,TRUE_IN_TOP3,1,stromSchaltbar,10,10,0,4,4,0,10,0,20.43182034864005,x731,false
RFQ731-002132,x731,CFG731_89772de94df83ba5,CFG731_c580e57f48a370de,2.0,TRUE_IN_TOP3,1,binaerDigitalOpenColl_MN,12,12,0,3,3,0,12,0,21.080186733131725,x731,false
RFQ731-002133,G731ST-HT,CFG731_6e53621a73b55f2c,CFG731_0c11243388e65244,3.0,TRUE_IN_TOP3,1,temperaturEingaenge,10,10,0,4,4,0,10,0,25.454130974387507,G731ST-HT,false
RFQ731-002134,G731ST-LT,CFG731_c050936f4a70e2a0,CFG731_9548d55d92816998,2.0,TRUE_IN_TOP3,1,temperaturEingaenge,11,11,0,3,3,0,11,0,24.252055929681507,G731ST-LT,false
RFQ731-002135,x731,CFG731_7f60255816247683,CFG731_03f5618878f919e9,2.0,TRUE_IN_TOP3,2,dev_advMeterVerification|dynamicGasMaster,12,12,0,2,2,0,12,0,19.289306585219062,x731,false
RFQ731-002136,x731,CFG731_a7a446c7f3b3183f,CFG731_a7a446c7f3b3183f,1.0,CORRECT_TOP1,0,,9,9,0,4,4,0,9,0,22.821030946600125,x731,false
RFQ731-002137,G731ST-HT,CFG731_a56f1437a0b4ca31,CFG731_a56f1437a0b4ca31,1.0,CORRECT_TOP1,0,,12,12,0,4,4,0,12,0,28.413406697699983,G731ST-HT,false
RFQ731-002138,G731ST-HT,CFG731_eb70dc35972dc4b7,CFG731_c759934398f2381a,2.0,TRUE_IN_TOP3,1,binaerDigitalOpenColl_MN,11,11,0,3,3,0,11,0,24.904484207716184,G731ST-HT,false
RFQ731-002139,G731CA,CFG731_edf13ed38a4b54de,CFG731_edf13ed38a4b54de,1.0,CORRECT_TOP1,0,,9,9,0,5,5,0,9,0,37.03238511893273,G731CA,false
RFQ731-002140,x731,CFG731_618cb6c1c21feda4,CFG731_9879620d23af8c96,7.0,TRUE_IN_TOP10,1,dev_advMeterVerification,12,12,0,2,2,0,12,0,20.306991098227574,x731,false
RFQ731-002141,x731,CFG731_7c358bf1aa4ea94e,CFG731_7c358bf1aa4ea94e,1.0,CORRECT_TOP1,0,,11,11,0,4,4,0,11,0,21.98341341689232,x731,false
RFQ731-002142,x731,CFG731_cf543b1c3927ab71,CFG731_4dd88391f253d6d5,2.0,TRUE_IN_TOP3,1,binaerDigitalOpenColl_MN,12,12,0,3,3,0,12,0,22.070285337557696,x731,false
RFQ731-002143,x731,CFG731_c41fd04f9eea78e7,CFG731_2a62b8cc0f0cd468,2.0,TRUE_IN_TOP3,1,stromSchaltbar,9,9,0,4,4,0,9,0,21.79939718881922,x731,false
RFQ731-002144,x731,CFG731_ebb861c404a79d91,CFG731_fd10dd35c97df399,3.0,TRUE_IN_TOP3,1,stromEingaenge,10,10,0,4,4,0,10,0,20.801920844115852,x731,false
RFQ731-002145,x731,CFG731_a5e5e12c08e4e838,CFG731_a5e5e12c08e4e838,1.0,CORRECT_TOP1,0,,11,11,0,4,4,0,11,0,22.92071188035599,x731,false
RFQ731-002146,x731,CFG731_a2313bdd95c38f2d,CFG731_2cc93d20b679415d,5.0,TRUE_IN_TOP5,1,temperaturEingaenge,11,11,0,3,3,0,11,0,21.529756795418173,x731,false
RFQ731-002147,G731ST-HT,CFG731_1a1206cc52132df1,CFG731_1a1206cc52132df1,1.0,CORRECT_TOP1,0,,11,11,0,4,4,0,11,0,26.43060978188787,G731ST-HT,false
RFQ731-002148,F731WD_SingleChannel,CFG731_11c93eca01984a14,CFG731_0be7d6198235486b,2.0,TRUE_IN_TOP3,2,stromSchaltbar|binaerOpenColl_MP,9,9,0,2,2,0,9,0,25.359137294119503,F731WD_SingleChannel,false
RFQ731-002149,x731,CFG731_e3b7a52ea0694eb1,CFG731_e3b7a52ea0694eb1,1.0,CORRECT_TOP1,0,,13,13,0,1,1,0,13,0,21.14512740565296,x731,false
RFQ731-002150,G731ST-LT,CFG731_87d8ba5b87cf0a3f,CFG731_77fac91021549398,3.0,TRUE_IN_TOP3,2,temperaturEingaenge|binaerDigitalOpenColl_MN,7,7,0,6,6,0,7,0,22.1571212140856,G731ST-LT,false
RFQ731-002151,G731ST-HT,CFG731_8b18ac1c34209d63,CFG731_d44e54f35ee15977,2.0,TRUE_IN_TOP3,2,stromEingaenge|temperaturEingaenge,12,12,0,2,2,0,12,0,25.32079928115848,G731ST-HT,false
RFQ731-002152,x731,CFG731_f87794e7a98d0b11,CFG731_dca3d8725270dd93,2.0,TRUE_IN_TOP3,1,stromSchaltbar,12,12,0,4,4,0,12,0,22.31147138196507,x731,false
RFQ731-002153,x731,CFG731_5fb1bce2eb72cec6,CFG731_5fb1bce2eb72cec6,1.0,CORRECT_TOP1,0,,14,14,0,1,1,0,14,0,22.610876065594308,x731,false
RFQ731-002154,F731WD_DualChannel,CFG731_5076f1c2c0488d0e,CFG731_5076f1c2c0488d0e,1.0,CORRECT_TOP1,0,,9,9,0,2,2,0,9,0,31.047817926901008,F731WD_DualChannel,false
RFQ731-002155,G731ST-LT,CFG731_a40ab19ad6671fbe,CFG731_cc64ce3eaedacb17,2.0,TRUE_IN_TOP3,2,stromEingaenge|temperaturEingaenge,11,11,0,3,3,0,11,0,24.175656004789904,G731ST-LT,false
RFQ731-002156,x731,CFG731_6b809c836e3ca8a1,CFG731_3fcc8154cde02384,4.0,TRUE_IN_TOP5,1,customUserFluid,7,7,0,7,7,0,7,0,22.11762633159164,x731,false
RFQ731-002157,x731,CFG731_e5a85c19cf4647dd,CFG731_e5a85c19cf4647dd,1.0,CORRECT_TOP1,0,,9,9,0,6,6,0,9,0,20.98630087661228,x731,false
RFQ731-002158,x731,CFG731_31d0a0df66872bf7,CFG731_3352d611bcf09d74,2.0,TRUE_IN_TOP3,1,stromEingaenge,14,14,0,1,1,0,14,0,22.534742275599463,x731,false
RFQ731-002159,x731,CFG731_63b6f6fcf28b1885,CFG731_63b6f6fcf28b1885,1.0,CORRECT_TOP1,0,,13,13,0,3,3,0,13,0,24.099161367083383,x731,false
RFQ731-002160,x731,CFG731_d723355141502003,CFG731_2666da4dbcc5e5bd,2.0,TRUE_IN_TOP3,1,binaerOpenColl_MP,12,12,0,1,1,0,12,0,20.99565489753489,x731,false
RFQ731-002161,G731ST-LT,CFG731_b479671c7b7638f0,CFG731_a6345128ba3ac0ae,7.0,TRUE_IN_TOP10,1,stromEingaenge,9,9,0,4,4,0,9,0,22.356111730473184,G731ST-LT,false
RFQ731-002162,G731CA,CFG731_b43582909c828d95,CFG731_b43582909c828d95,1.0,CORRECT_TOP1,0,,10,10,0,2,2,0,10,0,21.956670308779955,G731CA,false
RFQ731-002163,x731,CFG731_086adbe1d654b214,CFG731_24a273924830834b,2.0,TRUE_IN_TOP3,2,stromEingaenge|dev_advMeterVerification,11,11,0,3,3,0,11,0,20.85354385220983,x731,false
RFQ731-002164,G731ST-HT,CFG731_7c70763d4cf79560,CFG731_fa50e8a725c751e0,6.0,TRUE_IN_TOP10,2,stromEingaenge|temperaturEingaenge,8,8,0,5,5,0,8,0,23.69924507013696,G731ST-HT,false
RFQ731-002165,G731ST-HT,CFG731_7b2f69a7ca55041b,CFG731_7b2f69a7ca55041b,1.0,CORRECT_TOP1,0,,11,11,0,5,5,0,11,0,27.80408690678628,G731ST-HT,false
RFQ731-002166,x731,CFG731_f430d8ebe4134533,CFG731_f430d8ebe4134533,1.0,CORRECT_TOP1,0,,14,14,0,2,2,0,14,0,22.93540032849921,x731,false
RFQ731-002167,x731,CFG731_cf0392d0aaac28b1,CFG731_cf0392d0aaac28b1,1.0,CORRECT_TOP1,0,,10,10,0,4,4,0,10,0,20.73197810853503,x731,false
RFQ731-002168,x731,CFG731_45106eaed87837a4,CFG731_45106eaed87837a4,1.0,CORRECT_TOP1,0,,12,12,0,2,2,0,12,0,20.090921549304237,x731,false
RFQ731-002169,x731,CFG731_ad0a2fd7350b6cca,CFG731_ad0a2fd7350b6cca,1.0,CORRECT_TOP1,0,,14,14,0,3,3,0,14,0,24.417066677882183,x731,false
RFQ731-002170,x731,CFG731_5e57a3f6d3b745b8,CFG731_5e57a3f6d3b745b8,1.0,CORRECT_TOP1,0,,10,10,0,4,4,0,10,0,23.79948084965176,x731,false
RFQ731-002171,F731TE,CFG731_8b8ba7e2341f1295,CFG731_b7c1a02b25610507,2.0,TRUE_IN_TOP3,2,stromSchaltbar|binaerOpenColl_MP,11,11,0,0,0,0,11,0,28.619098489892448,F731TE,false
RFQ731-002172,x731,CFG731_5fb1bce2eb72cec6,CFG731_f879c0aaba152069,2.0,TRUE_IN_TOP3,1,temperaturEingaenge,11,11,0,3,3,0,11,0,21.25565885554868,x731,false
RFQ731-002173,G731ST-HT,CFG731_2a989bd6dba74d9f,CFG731_ba4b6f259b7b32c4,2.0,TRUE_IN_TOP3,2,stromSchaltbar|stromEingaenge,9,9,0,5,5,0,9,0,25.583178755194265,G731ST-HT,false
RFQ731-002174,G731ST-HT,CFG731_3f42c988dc83cb23,CFG731_37f37296c515d083,3.0,TRUE_IN_TOP3,1,stromSchaltbar,9,9,0,5,5,0,9,0,25.71624684663771,G731ST-HT,false
RFQ731-002175,x731,CFG731_219ac3d01befd6d1,CFG731_02c05dd3bc721c1b,3.0,TRUE_IN_TOP3,2,binaerOpenColl_MP|dev_advMeterVerification,10,10,0,4,4,0,10,0,19.730396360402004,x731,false
RFQ731-002176,x731,CFG731_8d2d91c46ccfb471,CFG731_8d2d91c46ccfb471,1.0,CORRECT_TOP1,0,,13,13,0,4,4,0,13,0,25.116893131982074,x731,false
RFQ731-002177,F731TE,CFG731_1962af6277da6f54,CFG731_1962af6277da6f54,1.0,CORRECT_TOP1,0,,7,7,0,6,6,0,7,0,35.41859881450209,F731TE,false
RFQ731-002178,x731,CFG731_cb9d6c11077bd307,CFG731_cb9d6c11077bd307,1.0,CORRECT_TOP1,0,,8,8,0,8,8,0,8,0,22.69154198062489,x731,false
RFQ731-002179,x731,CFG731_fb16e30f5bbb87f2,CFG731_563ef0dc6253e3f7,2.0,TRUE_IN_TOP3,1,stromEingaenge,7,7,0,7,7,0,7,0,21.260694583546705,x731,false
RFQ731-002180,F731PW,CFG731_327bfa077bbbd45e,CFG731_327bfa077bbbd45e,1.0,CORRECT_TOP1,0,,7,7,0,5,5,0,7,0,34.78332108077815,F731PW,false
RFQ731-002181,G731ST-HT,CFG731_c32627af59ba1526,CFG731_c32627af59ba1526,1.0,CORRECT_TOP1,0,,13,13,0,2,2,0,13,0,26.82599456367052,G731ST-HT,false
RFQ731-002182,x731,CFG731_fa063863b8688588,CFG731_d08861146b2a8dfa,10.0,TRUE_IN_TOP10,2,stromSchaltbar|temperaturEingaenge,8,8,0,4,4,0,8,0,18.66782480055515,x731,false
RFQ731-002183,G731CA,CFG731_19ec976991ce75a9,CFG731_19f7d73d8e42e7bd,2.0,TRUE_IN_TOP3,2,stromSchaltbar|binaerDigitalOpenColl_MN,9,9,0,3,3,0,9,0,23.50282974726883,G731CA,false
RFQ731-002184,G731ST-HT,CFG731_eb70dc35972dc4b7,CFG731_c759934398f2381a,2.0,TRUE_IN_TOP3,1,binaerDigitalOpenColl_MN,10,10,0,4,4,0,10,0,24.904484207716184,G731ST-HT,false
RFQ731-002185,F731TE,CFG731_3d8c1bbc0ef4249a,CFG731_f79503cf8f87ea49,2.0,TRUE_IN_TOP3,2,stromSchaltbar|binaerOpenColl_MP,9,9,0,2,2,0,9,0,28.159756771445156,F731TE,false
RFQ731-002186,G731CA,CFG731_98ec9650b5463fd0,CFG731_98ec9650b5463fd0,1.0,CORRECT_TOP1,0,,10,10,0,2,2,0,10,0,28.170110935086907,G731CA,false
RFQ731-002187,G731ST-HT,CFG731_d03860c1f327a8d1,CFG731_d03860c1f327a8d1,1.0,CORRECT_TOP1,0,,14,14,0,1,1,0,14,0,27.107201931575528,G731ST-HT,false
RFQ731-002188,G731ST-HT,CFG731_2a989bd6dba74d9f,CFG731_84b16be5aab3bf9b,2.0,TRUE_IN_TOP3,1,stromEingaenge,12,12,0,3,3,0,12,0,27.037259195994704,G731ST-HT,false
RFQ731-002189,x731,CFG731_633572f6d3593691,CFG731_633572f6d3593691,1.0,CORRECT_TOP1,0,,13,13,0,1,1,0,13,0,21.71660692388405,x731,false
RFQ731-002190,G731CA,CFG731_0b2f7a45dffefd5b,CFG731_0b2f7a45dffefd5b,1.0,CORRECT_TOP1,0,,13,13,0,1,1,0,13,0,32.24530957542359,G731CA,false
RFQ731-002191,x731,CFG731_5ea309f998205da7,CFG731_d584b35cfce34cc7,4.0,TRUE_IN_TOP5,2,stromEingaenge|temperaturEingaenge,11,11,0,3,3,0,11,0,20.663377335195594,x731,false
RFQ731-002192,x731,CFG731_1f0c09edcd967945,CFG731_1f0c09edcd967945,1.0,CORRECT_TOP1,0,,7,7,0,7,7,0,7,0,21.265857819077038,x731,false
RFQ731-002193,x731,CFG731_8cf35251fcd54982,CFG731_8cf35251fcd54982,1.0,CORRECT_TOP1,0,,14,14,0,1,1,0,14,0,22.10933928294404,x731,false
RFQ731-002194,G731ST-LT,CFG731_0029021d98da4557,CFG731_0029021d98da4557,1.0,CORRECT_TOP1,0,,13,13,0,2,2,0,13,0,25.645113412409756,G731ST-LT,false
RFQ731-002195,x731,CFG731_a41a2d2cef1a675f,CFG731_3ac187941df4fdac,3.0,TRUE_IN_TOP3,1,binaerOpenColl_MP,10,10,0,3,3,0,10,0,20.38633510662119,x731,false
RFQ731-002196,x731,CFG731_8189439864af87ea,CFG731_b1631f2fb876e4f4,2.0,TRUE_IN_TOP3,1,stromSchaltbar,9,9,0,4,4,0,9,0,21.75089700528857,x731,false
RFQ731-002197,G731ST-LT,CFG731_0029021d98da4557,CFG731_7994662aa688a3b5,4.0,TRUE_IN_TOP5,1,binaerDigitalOpenColl_MN,11,11,0,3,3,0,11,0,23.66231649659764,G731ST-LT,false
RFQ731-002198,x731,CFG731_eff2b6eef0bebb97,CFG731_eff2b6eef0bebb97,1.0,CORRECT_TOP1,0,,8,8,0,5,5,0,8,0,19.66386727249112,x731,false
RFQ731-002199,F731WD_SingleChannel,CFG731_9a761e6bfde35917,CFG731_9a761e6bfde35917,1.0,CORRECT_TOP1,0,,8,8,0,5,5,0,8,0,38.506254188817095,F731WD_SingleChannel,false
RFQ731-002200,G731CA,CFG731_d2a75fda6f761c1b,CFG731_24b3128196e55c23,2.0,TRUE_IN_TOP3,2,stromSchaltbar|binaerOpenColl_MP,7,7,0,5,5,0,7,0,25.48800431501691,G731CA,false
RFQ731-002201,x731,CFG731_97c654bf006e698e,CFG731_97c654bf006e698e,1.0,CORRECT_TOP1,0,,11,11,0,3,3,0,11,0,21.178198085234317,x731,false
RFQ731-002202,F731TE,CFG731_574aa7a29f75cd60,CFG731_574aa7a29f75cd60,1.0,CORRECT_TOP1,0,,11,11,0,2,2,0,11,0,35.46079387870506,F731TE,false
RFQ731-002203,x731,CFG731_555c215c4639435a,CFG731_555c215c4639435a,1.0,CORRECT_TOP1,0,,8,8,0,6,6,0,8,0,19.682206479866675,x731,false
RFQ731-002204,G731ST-HT,CFG731_fcc72e9951376cf3,CFG731_a6dd1d1aa0613d49,2.0,TRUE_IN_TOP3,1,temperaturEingaenge,11,11,0,4,4,0,11,0,27.390656702183406,G731ST-HT,false
RFQ731-002205,G731ST-LT,CFG731_8b6ed3cfa9ed1e59,CFG731_8b6ed3cfa9ed1e59,1.0,CORRECT_TOP1,0,,11,11,0,4,4,0,11,0,25.88427072102424,G731ST-LT,false
RFQ731-002206,G731ST-HT,CFG731_63eca10a00ae1f5d,CFG731_ab3b0ae98d7b2345,2.0,TRUE_IN_TOP3,1,stromSchaltbar,13,13,0,2,2,0,13,0,27.14181539896219,G731ST-HT,false
RFQ731-002207,x731,CFG731_f03dd6d0a112bc66,CFG731_bf623a3fc4d39d84,5.0,TRUE_IN_TOP5,1,stromSchaltbar,9,9,0,5,5,0,9,0,21.376716432841103,x731,false
RFQ731-002208,x731,CFG731_8f470181ad32eeae,CFG731_8f470181ad32eeae,1.0,CORRECT_TOP1,0,,9,9,0,8,8,0,9,0,25.33681394002931,x731,false
RFQ731-002209,x731,CFG731_91e51485b56960b2,CFG731_b3ebba592f51e280,4.0,TRUE_IN_TOP5,3,stromEingaenge|temperaturEingaenge|dev_advMeterVerification,10,10,0,4,4,0,10,0,20.1155821786563,x731,false
RFQ731-002210,x731,CFG731_ac3a4ff61341aa72,CFG731_ac3a4ff61341aa72,1.0,CORRECT_TOP1,0,,11,11,0,3,3,0,11,0,23.135034710508183,x731,false
RFQ731-002211,G731CA,CFG731_817824ee3a762453,CFG731_817824ee3a762453,1.0,CORRECT_TOP1,0,,11,11,0,3,3,0,11,0,30.89132327360409,G731CA,false
RFQ731-002212,x731,CFG731_3b2a32abbf148ca1,CFG731_d4be02ad7e56a796,5.0,TRUE_IN_TOP5,3,stromSchaltbar|temperaturEingaenge|dynamicGasMaster,12,12,0,2,2,0,12,0,19.735639869534133,x731,false
RFQ731-002213,x731,CFG731_2defd08a3d98d7b7,CFG731_39b102df312b9763,10.0,TRUE_IN_TOP10,1,stromEingaenge,11,11,0,3,3,0,11,0,19.684238919245253,x731,false
RFQ731-002214,F731TE,CFG731_874928f24c55285e,CFG731_874928f24c55285e,1.0,CORRECT_TOP1,0,,8,8,0,5,5,0,8,0,39.169853628786285,F731TE,false
RFQ731-002215,G731ST-LT,CFG731_4772bedc40328ae2,CFG731_bdfa7cd2dbcb13f7,4.0,TRUE_IN_TOP5,1,stromEingaenge,11,11,0,3,3,0,11,0,24.40925998856415,G731ST-LT,false
RFQ731-002216,F731WD_SingleChannel,CFG731_70b6eaf9262ca4d0,CFG731_70b6eaf9262ca4d0,1.0,CORRECT_TOP1,0,,11,11,0,2,2,0,11,0,30.762456252706688,F731WD_SingleChannel,false
RFQ731-002217,G731ST-HT,CFG731_3f42c988dc83cb23,CFG731_3f42c988dc83cb23,1.0,CORRECT_TOP1,0,,11,11,0,4,4,0,11,0,27.17032728743815,G731ST-HT,false
RFQ731-002218,x731,CFG731_736953a253ffd341,CFG731_d52ffc95af0989a6,8.0,TRUE_IN_TOP10,1,binaerOpenColl_MP,9,9,0,3,3,0,9,0,18.139108325543475,x731,false
RFQ731-002219,x731,CFG731_83f956404d04e6cd,CFG731_cc50cacf788bd84a,2.0,TRUE_IN_TOP3,2,stromSchaltbar|customUserFluid,9,9,0,6,6,0,9,0,22.74467992760413,x731,false
RFQ731-002220,x731,CFG731_cf4bb519cec0df2f,CFG731_8f5c90133a157a3c,3.0,TRUE_IN_TOP3,2,temperaturEingaenge|dynamicGasMaster,11,11,0,3,3,0,11,0,19.171741948119355,x731,false
RFQ731-002221,x731,CFG731_da5f98932a1c6afd,CFG731_da5f98932a1c6afd,1.0,CORRECT_TOP1,0,,10,10,0,4,4,0,10,0,20.822283156759056,x731,false
RFQ731-002222,G731CA,CFG731_757fbd3e8915b462,CFG731_757fbd3e8915b462,1.0,CORRECT_TOP1,0,,7,7,0,7,7,0,7,0,33.69134256155629,G731CA,false
RFQ731-002223,G731CA,CFG731_4189e4dbecbffadb,CFG731_4189e4dbecbffadb,1.0,CORRECT_TOP1,0,,10,10,0,4,4,0,10,0,32.29516119553383,G731CA,false
RFQ731-002224,F731TE,CFG731_090330aa38b8e80b,CFG731_090330aa38b8e80b,1.0,CORRECT_TOP1,0,,7,7,0,6,6,0,7,0,41.75183379650011,F731TE,false
RFQ731-002225,x731,CFG731_219ac3d01befd6d1,CFG731_219ac3d01befd6d1,1.0,CORRECT_TOP1,0,,13,13,0,3,3,0,13,0,23.091139927019714,x731,false
RFQ731-002226,G731ST-HT,CFG731_a4416ae9d698efa6,CFG731_a4416ae9d698efa6,1.0,CORRECT_TOP1,0,,11,11,0,3,3,0,11,0,25.72347283305394,G731ST-HT,false
RFQ731-002227,x731,CFG731_04a53b6cc81d57d6,CFG731_ca03fff98c65f515,6.0,TRUE_IN_TOP10,2,binaerDigitalOpenColl_MN|customUserFluid,12,12,0,1,1,0,12,0,18.59373333117956,x731,false
RFQ731-002228,G731ST-LT,CFG731_0fdf5c36c9c41e69,CFG731_0fdf5c36c9c41e69,1.0,CORRECT_TOP1,0,,11,11,0,5,5,0,11,0,26.639852134762897,G731ST-LT,false
RFQ731-002229,x731,CFG731_8c50542218db5cb0,CFG731_fc0b29ae617f0a6b,4.0,TRUE_IN_TOP5,2,stromSchaltbar|temperaturEingaenge,10,10,0,4,4,0,10,0,20.672305084292645,x731,false
RFQ731-002230,x731,CFG731_f2f3c932d1048d8d,CFG731_f2f3c932d1048d8d,1.0,CORRECT_TOP1,0,,10,10,0,4,4,0,10,0,20.62503043052232,x731,false
RFQ731-002231,G731CA,CFG731_5bfe9492c76587ec,CFG731_5bfe9492c76587ec,1.0,CORRECT_TOP1,0,,11,11,0,3,3,0,11,0,35.89643793735161,G731CA,false
RFQ731-002232,x731,CFG731_241d60e6ef5278be,CFG731_56f0dbd067fcbe02,5.0,TRUE_IN_TOP5,3,stromSchaltbar|stromEingaenge|customUserFluid,8,8,0,5,5,0,8,0,19.010312006407435,x731,false
RFQ731-002233,x731,CFG731_7c358bf1aa4ea94e,CFG731_7c358bf1aa4ea94e,1.0,CORRECT_TOP1,0,,11,11,0,4,4,0,11,0,21.98341341689232,x731,false
RFQ731-002234,G731CA,CFG731_0738cd529389f266,CFG731_0738cd529389f266,1.0,CORRECT_TOP1,0,,11,11,0,3,3,0,11,0,31.9359459294427,G731CA,false
RFQ731-002235,x731,CFG731_3bcde7f8df32303c,CFG731_3bcde7f8df32303c,1.0,CORRECT_TOP1,0,,13,13,0,4,4,0,13,0,25.055606572124297,x731,false
RFQ731-002236,x731,CFG731_8cf35251fcd54982,CFG731_388928540067c900,2.0,TRUE_IN_TOP3,1,dynamicGasMaster,12,12,0,2,2,0,12,0,20.42938326211144,x731,false
RFQ731-002237,G731ST-LT,CFG731_49cd4cbef1081333,CFG731_e67173c88f9460f6,5.0,TRUE_IN_TOP5,2,temperaturEingaenge|binaerDigitalOpenColl_MN,13,13,0,0,0,0,13,0,21.697779495638304,G731ST-LT,false
RFQ731-002238,G731ST-LT,CFG731_87d8ba5b87cf0a3f,CFG731_9e44a82e6c1db982,5.0,TRUE_IN_TOP5,2,stromEingaenge|temperaturEingaenge,11,11,0,2,2,0,11,0,22.72157556398946,G731ST-LT,false
RFQ731-002239,x731,CFG731_3b2a32abbf148ca1,CFG731_48332037deb06db4,9.0,TRUE_IN_TOP10,3,stromSchaltbar|temperaturEingaenge|binaerOpenColl_MP,10,10,0,4,4,0,10,0,19.14252682422854,x731,false
RFQ731-002240,G731VG,CFG731_40b6e1db6c80bcc1,CFG731_40b6e1db6c80bcc1,1.0,CORRECT_TOP1,0,,10,10,0,5,5,0,10,0,38.77477620783847,G731VG,false
RFQ731-002241,G731ST-HT,CFG731_fcc72e9951376cf3,CFG731_fcc72e9951376cf3,1.0,CORRECT_TOP1,0,,10,10,0,6,6,0,10,0,28.74587391222904,G731ST-HT,false
RFQ731-002242,x731,CFG731_c39096767a7ae083,CFG731_950a2c81247480fc,7.0,TRUE_IN_TOP10,3,stromEingaenge|temperaturEingaenge|dev_advMeterVerification,9,9,0,5,5,0,9,0,20.405854328982382,x731,false
RFQ731-002243,F731PW,CFG731_ef211cb97feaddc8,CFG731_ef211cb97feaddc8,1.0,CORRECT_TOP1,0,,8,8,0,4,4,0,8,0,29.504288687985053,F731PW,false
RFQ731-002244,x731,CFG731_33fed5318b1a4f2f,CFG731_e41b982d6fc688b8,3.0,TRUE_IN_TOP3,1,dev_advMeterVerification,12,12,0,2,2,0,12,0,21.7673946017273,x731,false
RFQ731-002245,x731,CFG731_219ac3d01befd6d1,CFG731_b4ae6be198effc31,4.0,TRUE_IN_TOP5,2,stromEingaenge|customUserFluid,12,12,0,2,2,0,12,0,20.60468652506755,x731,false
RFQ731-002246,G731ST-HT,CFG731_7b2f69a7ca55041b,CFG731_7b2f69a7ca55041b,1.0,CORRECT_TOP1,0,,12,12,0,4,4,0,12,0,27.80408690678628,G731ST-HT,false
RFQ731-002247,G731ST-HT,CFG731_bbffb73f3dff6787,CFG731_403f51b2e914043b,4.0,TRUE_IN_TOP5,3,stromSchaltbar|stromEingaenge|temperaturEingaenge,10,10,0,3,3,0,10,0,24.326060558805334,G731ST-HT,false
RFQ731-002248,G731ST-LT,CFG731_cc47430fac8438be,CFG731_cc47430fac8438be,1.0,CORRECT_TOP1,0,,11,11,0,3,3,0,11,0,24.40203400214792,G731ST-LT,false
RFQ731-002249,x731,CFG731_b4987f1c95e91d0d,CFG731_b4987f1c95e91d0d,1.0,CORRECT_TOP1,0,,8,8,0,8,8,0,8,0,22.341526058246338,x731,false
RFQ731-002250,G731CA,CFG731_d2a75fda6f761c1b,CFG731_d2a75fda6f761c1b,1.0,CORRECT_TOP1,0,,12,12,0,2,2,0,12,0,34.49260001542188,G731CA,false
RFQ731-002251,x731,CFG731_59f11353d30c03ee,CFG731_e6cd7fd757de0523,8.0,TRUE_IN_TOP10,2,binaerOpenColl_MP|dev_advMeterVerification,13,13,0,1,1,0,13,0,19.560047606261065,x731,false
RFQ731-002252,x731,CFG731_353333bad447dbef,CFG731_f7533d37b29ce240,4.0,TRUE_IN_TOP5,2,temperaturEingaenge|binaerOpenColl_MP,8,8,0,5,5,0,8,0,18.725246043372724,x731,false
RFQ731-002253,G731ST-HT,CFG731_a3b03637ed22317c,CFG731_cf4fb8862e2ab5fc,2.0,TRUE_IN_TOP3,1,temperaturEingaenge,10,10,0,5,5,0,10,0,26.908211415187942,G731ST-HT,false
RFQ731-002254,G731ST-LT,CFG731_938851275519b7cb,CFG731_938851275519b7cb,1.0,CORRECT_TOP1,0,,11,11,0,3,3,0,11,0,24.437771877040102,G731ST-LT,false
RFQ731-002255,G731ST-LT,CFG731_0fdf5c36c9c41e69,CFG731_0fdf5c36c9c41e69,1.0,CORRECT_TOP1,0,,10,10,0,6,6,0,10,0,26.639852134762897,G731ST-LT,false
RFQ731-002256,G731ST-LT,CFG731_d5af433b36265df1,CFG731_d5af433b36265df1,1.0,CORRECT_TOP1,0,,14,14,0,1,1,0,14,0,25.64301101461933,G731ST-LT,false
RFQ731-002257,G731CA,CFG731_98ec9650b5463fd0,CFG731_98ec9650b5463fd0,1.0,CORRECT_TOP1,0,,10,10,0,2,2,0,10,0,28.170110935086907,G731CA,false
RFQ731-002258,G731ST-HT,CFG731_a3b03637ed22317c,CFG731_cf4fb8862e2ab5fc,2.0,TRUE_IN_TOP3,1,temperaturEingaenge,14,14,0,1,1,0,14,0,26.908211415187942,G731ST-HT,false
RFQ731-002259,G731CA,CFG731_98ec9650b5463fd0,CFG731_98ec9650b5463fd0,1.0,CORRECT_TOP1,0,,11,11,0,1,1,0,11,0,28.170110935086907,G731CA,false
RFQ731-002260,x731,CFG731_2e6a2f2496db9434,CFG731_2e6a2f2496db9434,1.0,CORRECT_TOP1,0,,10,10,0,5,5,0,10,0,20.752834738197144,x731,false
RFQ731-002261,G731ST-LT,CFG731_ae2e4cfccaff4f50,CFG731_845802fc60449063,7.0,TRUE_IN_TOP10,2,stromEingaenge|temperaturEingaenge,9,9,0,4,4,0,9,0,22.763770628192432,G731ST-LT,false
RFQ731-002262,G731ST-LT,CFG731_77dd17c48f15826c,CFG731_77dd17c48f15826c,1.0,CORRECT_TOP1,0,,9,9,0,6,6,0,9,0,25.792989087085736,G731ST-LT,false
RFQ731-002263,x731,CFG731_cf0392d0aaac28b1,CFG731_cf0392d0aaac28b1,1.0,CORRECT_TOP1,0,,12,12,0,2,2,0,12,0,20.73197810853503,x731,false
RFQ731-002264,x731,CFG731_3b2a32abbf148ca1,CFG731_f4e451f0b68379ff,5.0,TRUE_IN_TOP5,3,stromEingaenge|temperaturEingaenge|dynamicGasMaster,11,11,0,3,3,0,11,0,19.771377744426324,x731,false
RFQ731-002265,F731WD_DualChannel,CFG731_a4610f5f38e7d946,CFG731_a4610f5f38e7d946,1.0,CORRECT_TOP1,0,,7,7,0,6,6,0,7,0,36.30115881302178,F731WD_DualChannel,false
RFQ731-002266,F731TE,CFG731_1962af6277da6f54,CFG731_1962af6277da6f54,1.0,CORRECT_TOP1,0,,11,11,0,2,2,0,11,0,35.41859881450209,F731TE,false
RFQ731-002267,x731,CFG731_c39096767a7ae083,CFG731_624c46bfa7e46ad0,2.0,TRUE_IN_TOP3,2,stromEingaenge|temperaturEingaenge,8,8,0,7,7,0,8,0,21.493528829461894,x731,false
RFQ731-002268,x731,CFG731_ef2da8cd513b19be,CFG731_ef2da8cd513b19be,1.0,CORRECT_TOP1,0,,9,9,0,5,5,0,9,0,21.49668611583682,x731,false
RFQ731-002269,F731PW,CFG731_327bfa077bbbd45e,CFG731_327bfa077bbbd45e,1.0,CORRECT_TOP1,0,,8,8,0,4,4,0,8,0,34.78332108077815,F731PW,false
RFQ731-002270,x731,CFG731_6b36d25fda044bf5,CFG731_e9d0b2e8adb3aa6d,7.0,TRUE_IN_TOP10,3,dev_advMeterVerification|dynamicGasMaster|customUserFluid,12,12,0,1,1,0,12,0,18.625708097075453,x731,false
RFQ731-002271,x731,CFG731_ebb861c404a79d91,CFG731_fd10dd35c97df399,3.0,TRUE_IN_TOP3,1,stromEingaenge,11,11,0,3,3,0,11,0,20.801920844115852,x731,false
RFQ731-002272,x731,CFG731_f97e51d1da57d99f,CFG731_f97e51d1da57d99f,1.0,CORRECT_TOP1,0,,13,13,0,3,3,0,13,0,24.20306032583622,x731,false
RFQ731-002273,G731ST-HT,CFG731_fcc72e9951376cf3,CFG731_dabfe16503f243e3,2.0,TRUE_IN_TOP3,1,stromSchaltbar,9,9,0,6,6,0,9,0,27.2917934714286,G731ST-HT,false
RFQ731-002274,x731,CFG731_2322a268d0a898f9,CFG731_631ccc0b317dc962,,TRUE_UNRANKED,3,stromEingaenge|temperaturEingaenge|customUserFluid,9,9,0,3,3,0,9,0,18.20398987874538,x731,false
RFQ731-002275,G731ST-LT,CFG731_49cd4cbef1081333,CFG731_49cd4cbef1081333,1.0,CORRECT_TOP1,0,,15,15,0,0,0,0,15,0,25.035793621496047,G731ST-LT,false
RFQ731-002276,x731,CFG731_1642db5c21ada469,CFG731_1642db5c21ada469,1.0,CORRECT_TOP1,0,,11,11,0,3,3,0,11,0,19.55750551899185,x731,false
RFQ731-002277,x731,CFG731_140a9819128d92da,CFG731_140a9819128d92da,1.0,CORRECT_TOP1,0,,11,11,0,3,3,0,11,0,19.83550899185857,x731,false
RFQ731-002278,x731,CFG731_d19d1ea3b97eb177,CFG731_d19d1ea3b97eb177,1.0,CORRECT_TOP1,0,,10,10,0,5,5,0,10,0,21.21217645664444,x731,false
RFQ731-002279,x731,CFG731_20e62aeb01c953da,CFG731_20e62aeb01c953da,1.0,CORRECT_TOP1,0,,13,13,0,3,3,0,13,0,22.99872411197393,x731,false
RFQ731-002280,x731,CFG731_df5f598a914fb1cc,CFG731_8bd839e0c8855562,,TRUE_UNRANKED,1,binaerDigitalOpenColl_MN,9,9,0,4,4,0,9,0,18.90645599941564,x731,false
RFQ731-002281,x731,CFG731_ad0a2fd7350b6cca,CFG731_ad0a2fd7350b6cca,1.0,CORRECT_TOP1,0,,15,15,0,2,2,0,15,0,24.417066677882183,x731,false
RFQ731-002282,x731,CFG731_33fed5318b1a4f2f,CFG731_7157b3d45716ad8f,2.0,TRUE_IN_TOP3,1,binaerOpenColl_MP,11,11,0,3,3,0,11,0,20.58200003606862,x731,false
RFQ731-002283,x731,CFG731_7ffc09802c7b60bf,CFG731_cf0d36d335e0ac93,2.0,TRUE_IN_TOP3,2,temperaturEingaenge|dynamicGasMaster,11,11,0,3,3,0,11,0,19.44536771920805,x731,false
RFQ731-002284,G731ST-LT,CFG731_a40ab19ad6671fbe,CFG731_a40ab19ad6671fbe,1.0,CORRECT_TOP1,0,,12,12,0,4,4,0,12,0,26.949215780743785,G731ST-LT,false
RFQ731-002285,x731,CFG731_fde1ab2a4808b544,CFG731_eea573acdafa9ee3,3.0,TRUE_IN_TOP3,2,stromSchaltbar|customUserFluid,10,10,0,4,4,0,10,0,20.43433777092661,x731,false
RFQ731-002286,G731CA,CFG731_d2a75fda6f761c1b,CFG731_24b3128196e55c23,2.0,TRUE_IN_TOP3,2,stromSchaltbar|binaerOpenColl_MP,10,10,0,2,2,0,10,0,25.48800431501691,G731CA,false
RFQ731-002287,F731WD_DualChannel,CFG731_8281908b452128f3,CFG731_d2034bb5aa313dac,2.0,TRUE_IN_TOP3,1,stromEingaenge,8,8,0,4,4,0,8,0,30.740295052820898,F731WD_DualChannel,false
RFQ731-002288,x731,CFG731_c7c53fc5541f1dc1,CFG731_7756caaf4e5e2963,4.0,TRUE_IN_TOP5,1,dev_advMeterVerification,8,8,0,6,6,0,8,0,20.294850710305862,x731,false
RFQ731-002289,x731,CFG731_219ac3d01befd6d1,CFG731_398f0644f18e0acf,2.0,TRUE_IN_TOP3,2,stromSchaltbar|stromEingaenge,9,9,0,5,5,0,9,0,20.218716920311024,x731,false
RFQ731-002290,G731ST-LT,CFG731_32b4b1ec4513af66,CFG731_68d95a26943b3650,2.0,TRUE_IN_TOP3,2,stromSchaltbar|temperaturEingaenge,12,12,0,2,2,0,12,0,24.12082663424291,G731ST-LT,false
RFQ731-002291,x731,CFG731_440f9c9b032b7d0a,CFG731_80409e6aafce9221,3.0,TRUE_IN_TOP3,1,stromEingaenge,9,9,0,5,5,0,9,0,19.567966282292456,x731,false
RFQ731-002292,F731WD_SingleChannel,CFG731_70b6eaf9262ca4d0,CFG731_70b6eaf9262ca4d0,1.0,CORRECT_TOP1,0,,12,12,0,1,1,0,12,0,30.762456252706688,F731WD_SingleChannel,false
RFQ731-002293,x731,CFG731_6b36d25fda044bf5,CFG731_9e13de19970e4646,2.0,TRUE_IN_TOP3,1,stromEingaenge,12,12,0,3,3,0,12,0,21.043106888523223,x731,false
RFQ731-002294,x731,CFG731_186348c5f967a6f7,CFG731_186348c5f967a6f7,1.0,CORRECT_TOP1,0,,9,9,0,6,6,0,9,0,21.82277543357787,x731,false
RFQ731-002295,x731,CFG731_3b2a32abbf148ca1,CFG731_48332037deb06db4,9.0,TRUE_IN_TOP10,3,stromSchaltbar|temperaturEingaenge|binaerOpenColl_MP,9,9,0,5,5,0,9,0,19.14252682422854,x731,false
RFQ731-002296,x731,CFG731_672458a8e716cdf8,CFG731_39083521b1413e72,5.0,TRUE_IN_TOP5,1,binaerDigitalOpenColl_MN,10,10,0,4,4,0,10,0,19.59190143164265,x731,false
RFQ731-002297,F731TE,CFG731_090330aa38b8e80b,CFG731_090330aa38b8e80b,1.0,CORRECT_TOP1,0,,6,6,0,7,7,0,6,0,41.75183379650011,F731TE,false
RFQ731-002298,x731,CFG731_d4a9fe62acefba0d,CFG731_d4a9fe62acefba0d,1.0,CORRECT_TOP1,0,,10,10,0,5,5,0,10,0,21.84489474043352,x731,false
RFQ731-002299,x731,CFG731_83f956404d04e6cd,CFG731_83f956404d04e6cd,1.0,CORRECT_TOP1,0,,13,13,0,4,4,0,13,0,25.26687120444848,x731,false
RFQ731-002300,G731CA,CFG731_c7ca2f069d01e42d,CFG731_afa90db347a19822,2.0,TRUE_IN_TOP3,2,stromSchaltbar|binaerOpenColl_MP,7,7,0,5,5,0,7,0,23.39069194748503,G731CA,false
RFQ731-002301,G731ST-HT,CFG731_eb70dc35972dc4b7,CFG731_4d6c56202edf3f41,3.0,TRUE_IN_TOP3,1,stromSchaltbar,11,11,0,3,3,0,11,0,25.433200682727858,G731ST-HT,false
RFQ731-002302,G731ST-HT,CFG731_cc9ac35e4d9a1854,CFG731_348f97ec6945fbf8,2.0,TRUE_IN_TOP3,1,temperaturEingaenge,9,9,0,6,6,0,9,0,26.95040647939092,G731ST-HT,false
RFQ731-002303,G731ST-HT,CFG731_7b2f69a7ca55041b,CFG731_7b2f69a7ca55041b,1.0,CORRECT_TOP1,0,,11,11,0,5,5,0,11,0,27.80408690678628,G731ST-HT,false
RFQ731-002304,x731,CFG731_27caf5a2443603ad,CFG731_27caf5a2443603ad,1.0,CORRECT_TOP1,0,,11,11,0,4,4,0,11,0,21.31696894204101,x731,false
RFQ731-002305,G731ST-LT,CFG731_e0009be417f51ccd,CFG731_e0009be417f51ccd,1.0,CORRECT_TOP1,0,,11,11,0,5,5,0,11,0,27.239487931069867,G731ST-LT,false
RFQ731-002306,x731,CFG731_bbcb665ced67f8c3,CFG731_5f5f37f4d005417e,2.0,TRUE_IN_TOP3,1,customUserFluid,12,12,0,3,3,0,12,0,21.9249300773191,x731,false
RFQ731-002307,F731WD_SingleChannel,CFG731_11c93eca01984a14,CFG731_11c93eca01984a14,1.0,CORRECT_TOP1,0,,12,12,0,1,1,0,12,0,34.36373299452446,F731WD_SingleChannel,false
RFQ731-002308,x731,CFG731_2322a268d0a898f9,CFG731_7b9680fed3d10056,6.0,TRUE_IN_TOP10,2,stromEingaenge|customUserFluid,7,7,0,6,6,0,7,0,19.55920708879101,x731,false
RFQ731-002309,x731,CFG731_5c624ef6fa2b6510,CFG731_5c624ef6fa2b6510,1.0,CORRECT_TOP1,0,,11,11,0,4,4,0,11,0,21.062198384178032,x731,false
RFQ731-002310,x731,CFG731_219ac3d01befd6d1,CFG731_175dfbf580a50b51,5.0,TRUE_IN_TOP5,2,temperaturEingaenge|binaerOpenColl_MP,11,11,0,3,3,0,11,0,19.46285365083589,x731,false
RFQ731-002311,x731,CFG731_ee15b881a6032908,CFG731_038da5d3a7dc468b,2.0,TRUE_IN_TOP3,1,customUserFluid,9,9,0,5,5,0,9,0,20.739219076873123,x731,false
RFQ731-002312,x731,CFG731_7f60255816247683,CFG731_d3256527bf7fe65c,4.0,TRUE_IN_TOP5,1,dev_advMeterVerification,11,11,0,4,4,0,11,0,20.96926260605166,x731,false
RFQ731-002313,x731,CFG731_353333bad447dbef,CFG731_353333bad447dbef,1.0,CORRECT_TOP1,0,,10,10,0,5,5,0,10,0,22.35353231955655,x731,false
RFQ731-002314,G731ST-LT,CFG731_ae2e4cfccaff4f50,CFG731_6e088ee30195b6c4,4.0,TRUE_IN_TOP5,1,stromEingaenge,11,11,0,3,3,0,11,0,24.118987838238063,G731ST-LT,false
RFQ731-002315,x731,CFG731_f1355b6f00fd7f67,CFG731_52ce549ff41a9332,3.0,TRUE_IN_TOP3,2,dynamicGasMaster|customUserFluid,10,10,0,3,3,0,10,0,19.475512623641748,x731,false
RFQ731-002316,G731ST-HT,CFG731_c32627af59ba1526,CFG731_c32627af59ba1526,1.0,CORRECT_TOP1,0,,12,12,0,3,3,0,12,0,26.82599456367052,G731ST-HT,false
RFQ731-002317,G731CA,CFG731_faff6da73df00950,CFG731_faff6da73df00950,1.0,CORRECT_TOP1,0,,10,10,0,4,4,0,10,0,33.9910632327716,G731CA,false
RFQ731-002318,G731ST-LT,CFG731_750dd83a06ba43cb,CFG731_b3d0283738532d82,2.0,TRUE_IN_TOP3,1,stromEingaenge,11,11,0,3,3,0,11,0,24.367064924361177,G731ST-LT,false
RFQ731-002319,x731,CFG731_7630270d2245c283,CFG731_c2cd0c320ef0d703,6.0,TRUE_IN_TOP10,2,stromSchaltbar|binaerOpenColl_MP,13,13,0,1,1,0,13,0,19.579611270696667,x731,false
RFQ731-002320,G731ST-HT,CFG731_076cad91966d4c34,CFG731_36e9436664c2e1e3,2.0,TRUE_IN_TOP3,1,stromSchaltbar,12,12,0,3,3,0,12,0,26.79025668877833,G731ST-HT,false
RFQ731-002321,G731ST-HT,CFG731_c32627af59ba1526,CFG731_c32627af59ba1526,1.0,CORRECT_TOP1,0,,13,13,0,2,2,0,13,0,26.82599456367052,G731ST-HT,false
RFQ731-002322,G731ST-LT,CFG731_c050936f4a70e2a0,CFG731_2a738780f0517f67,2.0,TRUE_IN_TOP3,1,stromEingaenge,10,10,0,4,4,0,10,0,24.18893057381889,G731ST-LT,false
RFQ731-002323,G731ST-LT,CFG731_10085782ed0991cf,CFG731_395f3e5588a2c3c0,2.0,TRUE_IN_TOP3,1,stromEingaenge,12,12,0,3,3,0,12,0,25.723046351504912,G731ST-LT,false
RFQ731-002324,G731ST-HT,CFG731_831a7150258499af,CFG731_831a7150258499af,1.0,CORRECT_TOP1,0,,13,13,0,3,3,0,13,0,27.95406497925269,G731ST-HT,false
RFQ731-002325,x731,CFG731_ac352f2a7f2cc7ab,CFG731_ac352f2a7f2cc7ab,1.0,CORRECT_TOP1,0,,8,8,0,5,5,0,8,0,18.748712773390825,x731,false
RFQ731-002326,G731ST-LT,CFG731_e0009be417f51ccd,CFG731_e0009be417f51ccd,1.0,CORRECT_TOP1,0,,14,14,0,2,2,0,14,0,27.239487931069867,G731ST-LT,false
RFQ731-002327,x731,CFG731_8d2d91c46ccfb471,CFG731_ff3460f478ef969b,2.0,TRUE_IN_TOP3,1,stromSchaltbar,15,15,0,1,1,0,15,0,23.662812691181635,x731,false
RFQ731-002328,x731,CFG731_bcec8ceac2dbcc79,CFG731_bcec8ceac2dbcc79,1.0,CORRECT_TOP1,0,,10,10,0,5,5,0,10,0,22.714775024347144,x731,false
RFQ731-002329,G731ST-HT,CFG731_63eca10a00ae1f5d,CFG731_ab3b0ae98d7b2345,2.0,TRUE_IN_TOP3,1,stromSchaltbar,11,11,0,4,4,0,11,0,27.14181539896219,G731ST-HT,false
RFQ731-002330,G731ST-LT,CFG731_b86bbf24b1c3a419,CFG731_2db6c530f35d47b9,2.0,TRUE_IN_TOP3,1,stromEingaenge,10,10,0,5,5,0,10,0,25.68085128730194,G731ST-LT,false
RFQ731-002331,x731,CFG731_a70e307c2ffca857,CFG731_a70e307c2ffca857,1.0,CORRECT_TOP1,0,,10,10,0,4,4,0,10,0,23.11874589120668,x731,false
RFQ731-002332,x731,CFG731_2e5bd0d53757f625,CFG731_2e5bd0d53757f625,1.0,CORRECT_TOP1,0,,11,11,0,3,3,0,11,0,20.50658751141085,x731,false
RFQ731-002333,G731ST-HT,CFG731_7c70763d4cf79560,CFG731_7c70763d4cf79560,1.0,CORRECT_TOP1,0,,10,10,0,5,5,0,10,0,26.47280484609084,G731ST-HT,false
RFQ731-002334,G731ST-LT,CFG731_a40ab19ad6671fbe,CFG731_bc9146cb8459e9c2,2.0,TRUE_IN_TOP3,1,temperaturEingaenge,11,11,0,4,4,0,11,0,25.593998570698155,G731ST-LT,false
RFQ731-002335,G731ST-LT,CFG731_8da1da530d6ae54d,CFG731_8da1da530d6ae54d,1.0,CORRECT_TOP1,0,,13,13,0,3,3,0,13,0,27.431661067739245,G731ST-LT,false
RFQ731-002336,G731CA,CFG731_817824ee3a762453,CFG731_817824ee3a762453,1.0,CORRECT_TOP1,0,,11,11,0,3,3,0,11,0,30.89132327360409,G731CA,false
RFQ731-002337,x731,CFG731_219ac3d01befd6d1,CFG731_398f0644f18e0acf,2.0,TRUE_IN_TOP3,2,stromSchaltbar|stromEingaenge,12,12,0,2,2,0,12,0,20.218716920311024,x731,false
RFQ731-002338,G731ST-HT,CFG731_4aa7d46b9cfa7d7b,CFG731_b36f487da5008df2,2.0,TRUE_IN_TOP3,1,stromSchaltbar,10,10,0,5,5,0,10,0,26.921485984216933,G731ST-HT,false
RFQ731-002339,G731ST-LT,CFG731_a40ab19ad6671fbe,CFG731_cc64ce3eaedacb17,2.0,TRUE_IN_TOP3,2,stromEingaenge|temperaturEingaenge,9,9,0,5,5,0,9,0,24.175656004789904,G731ST-LT,false
RFQ731-002340,G731ST-HT,CFG731_8216f56c8f1b8479,CFG731_8216f56c8f1b8479,1.0,CORRECT_TOP1,0,,11,11,0,3,3,0,11,0,24.931663900077588,G731ST-HT,false
RFQ731-002341,G731ST-LT,CFG731_e03b41992c837b34,CFG731_4c72f78c1186e8f7,4.0,TRUE_IN_TOP5,1,stromEingaenge,10,10,0,4,4,0,10,0,23.90772320591388,G731ST-LT,false
RFQ731-002342,F731WD_DualChannel,CFG731_8281908b452128f3,CFG731_8281908b452128f3,1.0,CORRECT_TOP1,0,,11,11,0,2,2,0,11,0,32.15863761872915,F731WD_DualChannel,false
RFQ731-002343,x731,CFG731_3bcde7f8df32303c,CFG731_3bcde7f8df32303c,1.0,CORRECT_TOP1,0,,13,13,0,4,4,0,13,0,25.055606572124297,x731,false
RFQ731-002344,x731,CFG731_fe64c81ced5b13af,CFG731_fe64c81ced5b13af,1.0,CORRECT_TOP1,0,,9,9,0,5,5,0,9,0,23.429361946987527,x731,false
RFQ731-002345,G731ST-LT,CFG731_ae2e4cfccaff4f50,CFG731_ae2e4cfccaff4f50,1.0,CORRECT_TOP1,0,,10,10,0,5,5,0,10,0,25.537330404146317,G731ST-LT,false
RFQ731-002346,G731ST-HT,CFG731_6e53621a73b55f2c,CFG731_30d0a49acd35b928,3.0,TRUE_IN_TOP3,1,stromEingaenge,9,9,0,5,5,0,9,0,25.391005618524886,G731ST-HT,false
RFQ731-002347,x731,CFG731_c4bcee3a1477eeea,CFG731_c4bcee3a1477eeea,1.0,CORRECT_TOP1,0,,11,11,0,4,4,0,11,0,23.06500675421148,x731,false
RFQ731-002348,x731,CFG731_d4a9fe62acefba0d,CFG731_d4a9fe62acefba0d,1.0,CORRECT_TOP1,0,,10,10,0,5,5,0,10,0,21.84489474043352,x731,false
RFQ731-002349,x731,CFG731_ce4c7976fe8fc47b,CFG731_ce4c7976fe8fc47b,1.0,CORRECT_TOP1,0,,10,10,0,4,4,0,10,0,20.090043267292465,x731,false
RFQ731-002350,x731,CFG731_5e61ce3b60d15e11,CFG731_d6304b0cfae9a548,2.0,TRUE_IN_TOP3,1,customUserFluid,11,11,0,5,5,0,11,0,23.837517663613973,x731,false
RFQ731-002351,x731,CFG731_b3506a753aafcfa3,CFG731_b3506a753aafcfa3,1.0,CORRECT_TOP1,0,,11,11,0,2,2,0,11,0,19.60419424824873,x731,false
RFQ731-002352,x731,CFG731_747411fe70ba8e8d,CFG731_747411fe70ba8e8d,1.0,CORRECT_TOP1,0,,11,11,0,4,4,0,11,0,21.499458084103665,x731,false
RFQ731-002353,x731,CFG731_c9498cf6f4410d44,CFG731_c9498cf6f4410d44,1.0,CORRECT_TOP1,0,,10,10,0,4,4,0,10,0,23.0549993736226,x731,false
RFQ731-002354,x731,CFG731_ee15b881a6032908,CFG731_038da5d3a7dc468b,2.0,TRUE_IN_TOP3,1,customUserFluid,11,11,0,3,3,0,11,0,20.739219076873123,x731,false
RFQ731-002355,x731,CFG731_618cb6c1c21feda4,CFG731_618cb6c1c21feda4,1.0,CORRECT_TOP1,0,,12,12,0,3,3,0,12,0,21.39466559870709,x731,false
RFQ731-002356,x731,CFG731_6b36d25fda044bf5,CFG731_30afbdc3788648cc,2.0,TRUE_IN_TOP3,1,dynamicGasMaster,12,12,0,3,3,0,12,0,20.78149343359888,x731,false
RFQ731-002357,x731,CFG731_648b3a822a947c68,CFG731_648b3a822a947c68,1.0,CORRECT_TOP1,0,,10,10,0,5,5,0,10,0,21.60776902703612,x731,false
RFQ731-002358,x731,CFG731_3b2a32abbf148ca1,CFG731_7c35d25e0c12df82,3.0,TRUE_IN_TOP3,2,dynamicGasMaster|customUserFluid,9,9,0,6,6,0,9,0,21.47682668433629,x731,false
RFQ731-002359,x731,CFG731_5dd42015f6f61801,CFG731_b92916814fce7b8e,3.0,TRUE_IN_TOP3,2,stromEingaenge|dynamicGasMaster,12,12,0,3,3,0,12,0,20.836322804145876,x731,false
RFQ731-002360,G731ST-HT,CFG731_bbffb73f3dff6787,CFG731_aa4779c40e6c2de0,3.0,TRUE_IN_TOP3,3,stromSchaltbar|temperaturEingaenge|binaerOpenColl_MP,9,9,0,4,4,0,9,0,23.471334058575398,G731ST-HT,false
RFQ731-002361,x731,CFG731_219ac3d01befd6d1,CFG731_8ce087647633b913,2.0,TRUE_IN_TOP3,3,stromSchaltbar|stromEingaenge|temperaturEingaenge,11,11,0,2,2,0,11,0,18.863499710265398,x731,false
RFQ731-002362,G731ST-LT,CFG731_8b6ed3cfa9ed1e59,CFG731_5be384035f37d372,4.0,TRUE_IN_TOP5,2,stromEingaenge|binaerOpenColl_MP,10,10,0,3,3,0,10,0,22.19285908897779,G731ST-LT,false
RFQ731-002363,G731ST-HT,CFG731_8b18ac1c34209d63,CFG731_d44e54f35ee15977,2.0,TRUE_IN_TOP3,2,stromEingaenge|temperaturEingaenge,8,8,0,6,6,0,8,0,25.32079928115848,G731ST-HT,false
RFQ731-002364,G731ST-LT,CFG731_ae2e4cfccaff4f50,CFG731_6e088ee30195b6c4,4.0,TRUE_IN_TOP5,1,stromEingaenge,11,11,0,3,3,0,11,0,24.118987838238063,G731ST-LT,false
RFQ731-002365,x731,CFG731_353333bad447dbef,CFG731_5a14e01af9745dda,2.0,TRUE_IN_TOP3,1,customUserFluid,13,13,0,1,1,0,13,0,21.28542148351264,x731,false
RFQ731-002366,G731CA,CFG731_b43582909c828d95,CFG731_b43582909c828d95,1.0,CORRECT_TOP1,0,,9,9,0,3,3,0,9,0,21.956670308779955,G731CA,false
RFQ731-002367,F731PW,CFG731_00f08838a21d3799,CFG731_00f08838a21d3799,1.0,CORRECT_TOP1,0,,6,6,0,5,5,0,6,0,28.231894322810824,F731PW,false
RFQ731-002368,G731ST-LT,CFG731_515a31451814aae9,CFG731_515a31451814aae9,1.0,CORRECT_TOP1,0,,11,11,0,2,2,0,11,0,23.011847714315543,G731ST-LT,false
RFQ731-002369,F731TE,CFG731_3d8c1bbc0ef4249a,CFG731_f79503cf8f87ea49,2.0,TRUE_IN_TOP3,2,stromSchaltbar|binaerOpenColl_MP,11,11,0,0,0,0,11,0,28.159756771445156,F731TE,false
RFQ731-002370,x731,CFG731_8c8856d21252930e,CFG731_bf8f7d1a25ad0a6e,2.0,TRUE_IN_TOP3,1,stromSchaltbar,9,9,0,4,4,0,9,0,21.821248347567412,x731,false
RFQ731-002371,x731,CFG731_1f0c09edcd967945,CFG731_0f905a88815805fa,,TRUE_UNRANKED,1,binaerOpenColl_MP,11,11,0,2,2,0,11,0,18.99278875293884,x731,false
RFQ731-002372,x731,CFG731_8a1a8cb1f6a30d3a,CFG731_8a1a8cb1f6a30d3a,1.0,CORRECT_TOP1,0,,10,10,0,5,5,0,10,0,21.957307985383448,x731,false
RFQ731-002373,x731,CFG731_89772de94df83ba5,CFG731_c1474b769ba134e4,3.0,TRUE_IN_TOP3,2,stromSchaltbar|binaerDigitalOpenColl_MN,10,10,0,4,4,0,10,0,19.626106292331286,x731,false
RFQ731-002374,x731,CFG731_97c654bf006e698e,CFG731_97c654bf006e698e,1.0,CORRECT_TOP1,0,,11,11,0,3,3,0,11,0,21.178198085234317,x731,false
RFQ731-002375,x731,CFG731_7822370b42865359,CFG731_089eb10797cdf87e,4.0,TRUE_IN_TOP5,1,customUserFluid,13,13,0,1,1,0,13,0,21.10938953076077,x731,false
RFQ731-002376,x731,CFG731_243419c6708378b3,CFG731_243419c6708378b3,1.0,CORRECT_TOP1,0,,10,10,0,5,5,0,10,0,21.21421686761144,x731,false
RFQ731-002377,F731PW,CFG731_7fea22051dcc86b6,CFG731_7fea22051dcc86b6,1.0,CORRECT_TOP1,0,,10,10,0,2,2,0,10,0,34.67118328099436,F731PW,false
RFQ731-002378,x731,CFG731_dc326dfb039445c4,CFG731_dc326dfb039445c4,1.0,CORRECT_TOP1,0,,10,10,0,5,5,0,10,0,22.483623219223063,x731,false
RFQ731-002379,G731ST-HT,CFG731_ef8d68b6d278bfec,CFG731_ef8d68b6d278bfec,1.0,CORRECT_TOP1,0,,11,11,0,4,4,0,11,0,26.64027861631192,G731ST-HT,false
RFQ731-002380,x731,CFG731_5e57a3f6d3b745b8,CFG731_35443b2ee17ecca9,3.0,TRUE_IN_TOP3,1,binaerOpenColl_MP,7,7,0,6,6,0,7,0,21.526411783513563,x731,false
RFQ731-002381,x731,CFG731_fdb901ceaee1caed,CFG731_fdb901ceaee1caed,1.0,CORRECT_TOP1,0,,9,9,0,4,4,0,9,0,21.355301804425352,x731,false
RFQ731-002382,G731ST-LT,CFG731_ae2e4cfccaff4f50,CFG731_ae2e4cfccaff4f50,1.0,CORRECT_TOP1,0,,12,12,0,3,3,0,12,0,25.537330404146317,G731ST-LT,false
RFQ731-002383,x731,CFG731_4346df46838fd57e,CFG731_761c71e98da39553,2.0,TRUE_IN_TOP3,1,customUserFluid,14,14,0,1,1,0,14,0,21.71658898051244,x731,false
RFQ731-002384,x731,CFG731_b196505f1b584939,CFG731_b196505f1b584939,1.0,CORRECT_TOP1,0,,11,11,0,3,3,0,11,0,20.33888457051368,x731,false
RFQ731-002385,x731,CFG731_32b1041fd68aac23,CFG731_32b1041fd68aac23,1.0,CORRECT_TOP1,0,,12,12,0,4,4,0,12,0,22.781776281038827,x731,false
RFQ731-002386,x731,CFG731_31d0a0df66872bf7,CFG731_ef4cf0e053e2d332,2.0,TRUE_IN_TOP3,1,temperaturEingaenge,9,9,0,6,6,0,9,0,22.597867631462087,x731,false
RFQ731-002387,x731,CFG731_e5051ee84b25c9bb,CFG731_e5051ee84b25c9bb,1.0,CORRECT_TOP1,0,,10,10,0,4,4,0,10,0,21.19120651936653,x731,false
RFQ731-002388,G731ST-LT,CFG731_c050936f4a70e2a0,CFG731_dac27b97cd6b7ff8,,TRUE_UNRANKED,3,stromEingaenge|temperaturEingaenge|binaerDigitalOpenColl_MN,10,10,0,2,2,0,10,0,20.850916447961147,G731ST-LT,false
RFQ731-002389,F731TE,CFG731_3d8c1bbc0ef4249a,CFG731_3d8c1bbc0ef4249a,1.0,CORRECT_TOP1,0,,8,8,0,5,5,0,8,0,37.16435247185012,F731TE,false
RFQ731-002390,x731,CFG731_ee15b881a6032908,CFG731_038da5d3a7dc468b,2.0,TRUE_IN_TOP3,1,customUserFluid,7,7,0,7,7,0,7,0,20.739219076873123,x731,false
RFQ731-002391,G731CA,CFG731_d97c333965654bd3,CFG731_d97c333965654bd3,1.0,CORRECT_TOP1,0,,10,10,0,2,2,0,10,0,25.445809250813937,G731CA,false
RFQ731-002392,G731CA,CFG731_2aca30183aab25a9,CFG731_2aca30183aab25a9,1.0,CORRECT_TOP1,0,,11,11,0,3,3,0,11,0,30.389786490953828,G731CA,false
RFQ731-002393,G731ST-LT,CFG731_ae2e4cfccaff4f50,CFG731_ae2e4cfccaff4f50,1.0,CORRECT_TOP1,0,,12,12,0,3,3,0,12,0,25.537330404146317,G731ST-LT,false
RFQ731-002394,x731,CFG731_91e51485b56960b2,CFG731_869a9209459ecf4d,3.0,TRUE_IN_TOP3,2,temperaturEingaenge|dynamicGasMaster,10,10,0,5,5,0,10,0,20.941643224211468,x731,false
RFQ731-002395,x731,CFG731_5e61ce3b60d15e11,CFG731_8216171cc39f78aa,2.0,TRUE_IN_TOP3,1,stromSchaltbar,10,10,0,6,6,0,10,0,23.451548058857448,x731,false
RFQ731-002396,x731,CFG731_fe9a409c6b2ba9cc,CFG731_fe9a409c6b2ba9cc,1.0,CORRECT_TOP1,0,,13,13,0,2,2,0,13,0,21.445650566648,x731,false
RFQ731-002397,x731,CFG731_9e4fccece4d272d3,CFG731_e8d4d37dfb814e2d,2.0,TRUE_IN_TOP3,2,dev_advMeterVerification|dynamicGasMaster,12,12,0,2,2,0,12,0,19.92981046540948,x731,false
RFQ731-002398,x731,CFG731_219ac3d01befd6d1,CFG731_85b1e9bcb8b0b8be,4.0,TRUE_IN_TOP5,3,stromSchaltbar|temperaturEingaenge|dev_advMeterVerification,10,10,0,3,3,0,10,0,19.19416777569413,x731,false
RFQ731-002399,x731,CFG731_9c182e1af1606c9d,CFG731_9c182e1af1606c9d,1.0,CORRECT_TOP1,0,,13,13,0,1,1,0,13,0,20.807551247901063,x731,false
RFQ731-002400,G731ST-LT,CFG731_0e146b48e4ed8b98,CFG731_2c30adc3f721a104,4.0,TRUE_IN_TOP5,1,temperaturEingaenge,9,9,0,5,5,0,9,0,23.71631428634261,G731ST-LT,false
RFQ731-002401,G731ST-HT,CFG731_bbffb73f3dff6787,CFG731_9681c4eec01b7fad,2.0,TRUE_IN_TOP3,2,stromSchaltbar|temperaturEingaenge,10,10,0,4,4,0,10,0,25.74440312471359,G731ST-HT,false
RFQ731-002402,G731ST-LT,CFG731_8b6ed3cfa9ed1e59,CFG731_e4891d6f45902e22,4.0,TRUE_IN_TOP5,1,stromEingaenge,12,12,0,2,2,0,12,0,24.465928155115986,G731ST-LT,false
RFQ731-002403,G731CA,CFG731_452fb8d2c450816e,CFG731_452fb8d2c450816e,1.0,CORRECT_TOP1,0,,11,11,0,1,1,0,11,0,26.69389423217886,G731CA,false
RFQ731-002404,G731ST-HT,CFG731_eb70dc35972dc4b7,CFG731_2eea910b2403bc4c,2.0,TRUE_IN_TOP3,2,temperaturEingaenge|binaerDigitalOpenColl_MN,11,11,0,2,2,0,11,0,23.549266997670557,G731ST-HT,false
RFQ731-002405,x731,CFG731_e201a8a6e4588b00,CFG731_e201a8a6e4588b00,1.0,CORRECT_TOP1,0,,10,10,0,4,4,0,10,0,20.410890056980406,x731,false
RFQ731-002406,x731,CFG731_1f978c234895178c,CFG731_04e7216b1ba7f935,6.0,TRUE_IN_TOP10,2,stromSchaltbar|temperaturEingaenge,8,8,0,6,6,0,8,0,19.53791160601119,x731,false
RFQ731-002407,G731CA,CFG731_691a8f2ff165671d,CFG731_691a8f2ff165671d,1.0,CORRECT_TOP1,0,,6,6,0,6,6,0,6,0,26.623951496598032,G731CA,false
RFQ731-002408,x731,CFG731_169a8482d2028dff,CFG731_169a8482d2028dff,1.0,CORRECT_TOP1,0,,8,8,0,8,8,0,8,0,23.877187333941965,x731,false
RFQ731-002409,x731,CFG731_cb9d6c11077bd307,CFG731_a89154111c50850c,4.0,TRUE_IN_TOP5,2,stromSchaltbar|binaerDigitalOpenColl_MN,12,12,0,2,2,0,12,0,19.25466462401234,x731,false
RFQ731-002410,x731,CFG731_34e092c266a308aa,CFG731_34e092c266a308aa,1.0,CORRECT_TOP1,0,,13,13,0,2,2,0,13,0,22.065224155178772,x731,false
RFQ731-002411,G731CA,CFG731_5bfe9492c76587ec,CFG731_9cc92f888af32c8a,2.0,TRUE_IN_TOP3,2,stromSchaltbar|binaerDigitalOpenColl_MN,7,7,0,5,5,0,7,0,25.557947050597736,G731CA,false
RFQ731-002412,x731,CFG731_57a2b410fc32b41a,CFG731_ebf26b0112810ef9,3.0,TRUE_IN_TOP3,1,stromSchaltbar,11,11,0,3,3,0,11,0,20.03376519005053,x731,false
RFQ731-002413,G731ST-HT,CFG731_bbffb73f3dff6787,CFG731_bbffb73f3dff6787,1.0,CORRECT_TOP1,0,,12,12,0,4,4,0,12,0,28.55370077555966,G731ST-HT,false
RFQ731-002414,F731PW,CFG731_956456fc074ebc5a,CFG731_956456fc074ebc5a,1.0,CORRECT_TOP1,0,,7,7,0,5,5,0,7,0,35.15118328057918,F731PW,false
RFQ731-002415,G731ST-HT,CFG731_bbffb73f3dff6787,CFG731_b827079551368856,2.0,TRUE_IN_TOP3,1,temperaturEingaenge,11,11,0,4,4,0,11,0,27.198483565514028,G731ST-HT,false
RFQ731-002416,x731,CFG731_a59cc7e57b856164,CFG731_5ae84b6119935c38,,TRUE_UNRANKED,3,stromSchaltbar|stromEingaenge|customUserFluid,9,9,0,3,3,0,9,0,18.68738846499075,x731,false
RFQ731-002417,x731,CFG731_e5a85c19cf4647dd,CFG731_cf93550b4257fc7d,6.0,TRUE_IN_TOP10,1,stromSchaltbar,10,10,0,4,4,0,10,0,19.53222043581184,x731,false
RFQ731-002418,x731,CFG731_77a90bfd81b5c2c1,CFG731_c62952cfd77a9c9c,2.0,TRUE_IN_TOP3,1,customUserFluid,11,11,0,3,3,0,11,0,20.32563389557461,x731,false
RFQ731-002419,x731,CFG731_e5a85c19cf4647dd,CFG731_cf93550b4257fc7d,6.0,TRUE_IN_TOP10,1,stromSchaltbar,12,12,0,2,2,0,12,0,19.53222043581184,x731,false
RFQ731-002420,F731TE,CFG731_6886c948a9d1ec0c,CFG731_6886c948a9d1ec0c,1.0,CORRECT_TOP1,0,,11,11,0,2,2,0,11,0,35.31847236214592,F731TE,false
RFQ731-002421,G731ST-LT,CFG731_e0009be417f51ccd,CFG731_e0009be417f51ccd,1.0,CORRECT_TOP1,0,,10,10,0,6,6,0,10,0,27.239487931069867,G731ST-LT,false
RFQ731-002422,x731,CFG731_da5f98932a1c6afd,CFG731_da5f98932a1c6afd,1.0,CORRECT_TOP1,0,,12,12,0,2,2,0,12,0,20.822283156759056,x731,false
RFQ731-002423,x731,CFG731_31aa13473958d7d3,CFG731_8dd67811ddc4561f,4.0,TRUE_IN_TOP5,3,stromEingaenge|dev_advMeterVerification|dynamicGasMaster,9,9,0,5,5,0,9,0,20.010764175916563,x731,false
RFQ731-002424,x731,CFG731_a59cc7e57b856164,CFG731_134ecd7b8190bed1,2.0,TRUE_IN_TOP3,2,stromSchaltbar|stromEingaenge,9,9,0,4,4,0,9,0,19.755499301034664,x731,false
RFQ731-002425,x731,CFG731_83f956404d04e6cd,CFG731_8bb159f1711e5f6c,2.0,TRUE_IN_TOP3,2,temperaturEingaenge|customUserFluid,12,12,0,3,3,0,12,0,22.843543158358937,x731,false
RFQ731-002426,x731,CFG731_140a9819128d92da,CFG731_f8cc7d4d2ef53582,8.0,TRUE_IN_TOP10,2,temperaturEingaenge|customUserFluid,10,10,0,2,2,0,10,0,17.412180945769027,x731,false
RFQ731-002427,G731ST-LT,CFG731_1d89d7fdc7355744,CFG731_1d89d7fdc7355744,1.0,CORRECT_TOP1,0,,13,13,0,2,2,0,13,0,26.013318501830994,G731ST-LT,false
RFQ731-002428,F731PW,CFG731_f9fd6a4462ec051a,CFG731_10e74d757a2fa2a6,2.0,TRUE_IN_TOP3,1,binaerDigitalOpenColl_MN,10,10,0,1,1,0,10,0,27.47220172608201,F731PW,false
RFQ731-002429,x731,CFG731_acd18bc8a73cfdde,CFG731_2e49817fa45fc350,2.0,TRUE_IN_TOP3,2,stromSchaltbar|customUserFluid,13,13,0,1,1,0,13,0,21.239484645092087,x731,false
RFQ731-002430,F731TE,CFG731_54559f782190a122,CFG731_54559f782190a122,1.0,CORRECT_TOP1,0,,9,9,0,4,4,0,9,0,34.9592570960548,F731TE,false
RFQ731-002431,x731,CFG731_da5f98932a1c6afd,CFG731_da5f98932a1c6afd,1.0,CORRECT_TOP1,0,,9,9,0,5,5,0,9,0,20.822283156759056,x731,false
RFQ731-002432,x731,CFG731_c9829182065e0285,CFG731_c9829182065e0285,1.0,CORRECT_TOP1,0,,9,9,0,5,5,0,9,0,22.870668805083568,x731,false
RFQ731-002433,x731,CFG731_14299a2a74e42d7f,CFG731_828e0eccc54da7ae,2.0,TRUE_IN_TOP3,1,stromSchaltbar,11,11,0,2,2,0,11,0,22.67105287413372,x731,false
RFQ731-002434,x731,CFG731_9be0c5ce20280448,CFG731_9be0c5ce20280448,1.0,CORRECT_TOP1,0,,10,10,0,4,4,0,10,0,20.995149333186557,x731,false
RFQ731-002435,x731,CFG731_747411fe70ba8e8d,CFG731_7187559e0dc892c4,2.0,TRUE_IN_TOP3,1,customUserFluid,11,11,0,3,3,0,11,0,20.43134724805975,x731,false
RFQ731-002436,G731ST-HT,CFG731_8b18ac1c34209d63,CFG731_d44e54f35ee15977,2.0,TRUE_IN_TOP3,2,stromEingaenge|temperaturEingaenge,11,11,0,3,3,0,11,0,25.32079928115848,G731ST-HT,false
RFQ731-002437,x731,CFG731_04bb9195f752ca8c,CFG731_04bb9195f752ca8c,1.0,CORRECT_TOP1,0,,9,9,0,5,5,0,9,0,22.751940846969397,x731,false
RFQ731-002438,G731ST-LT,CFG731_a40ab19ad6671fbe,CFG731_a40ab19ad6671fbe,1.0,CORRECT_TOP1,0,,12,12,0,4,4,0,12,0,26.949215780743785,G731ST-LT,false
RFQ731-002439,G731VG,CFG731_40b6e1db6c80bcc1,CFG731_40b6e1db6c80bcc1,1.0,CORRECT_TOP1,0,,12,12,0,3,3,0,12,0,38.77477620783847,G731VG,false
RFQ731-002440,F731PW,CFG731_327bfa077bbbd45e,CFG731_327bfa077bbbd45e,1.0,CORRECT_TOP1,0,,11,11,0,1,1,0,11,0,34.78332108077815,F731PW,false
RFQ731-002441,x731,CFG731_70b38ab75d3ca724,CFG731_4514730a70640409,3.0,TRUE_IN_TOP3,2,stromSchaltbar|dev_advMeterVerification,9,9,0,4,4,0,9,0,18.82167877385062,x731,false
RFQ731-002442,G731ST-HT,CFG731_4aa7d46b9cfa7d7b,CFG731_b36f487da5008df2,2.0,TRUE_IN_TOP3,1,stromSchaltbar,12,12,0,3,3,0,12,0,26.921485984216933,G731ST-HT,false
RFQ731-002443,x731,CFG731_3fe779486d988e69,CFG731_36afe1d5d5adcebd,4.0,TRUE_IN_TOP5,2,temperaturEingaenge|customUserFluid,9,9,0,5,5,0,9,0,21.213935960126506,x731,false
RFQ731-002444,x731,CFG731_bcec8ceac2dbcc79,CFG731_bcec8ceac2dbcc79,1.0,CORRECT_TOP1,0,,10,10,0,5,5,0,10,0,22.714775024347144,x731,false
RFQ731-002445,G731VG,CFG731_40b6e1db6c80bcc1,CFG731_40b6e1db6c80bcc1,1.0,CORRECT_TOP1,0,,12,12,0,3,3,0,12,0,38.77477620783847,G731VG,false
RFQ731-002446,x731,CFG731_9228cc48e333917c,CFG731_9228cc48e333917c,1.0,CORRECT_TOP1,0,,15,15,0,0,0,0,15,0,21.956036770952142,x731,false
RFQ731-002447,x731,CFG731_241d60e6ef5278be,CFG731_80e3b04d167bbba8,2.0,TRUE_IN_TOP3,3,stromSchaltbar|stromEingaenge|temperaturEingaenge,10,10,0,3,3,0,10,0,18.72320563240572,x731,false
RFQ731-002448,G731ST-HT,CFG731_bbffb73f3dff6787,CFG731_920bf82480de0a61,2.0,TRUE_IN_TOP3,2,stromEingaenge|temperaturEingaenge,10,10,0,4,4,0,10,0,25.780140999605777,G731ST-HT,false
RFQ731-002449,G731ST-LT,CFG731_7882c72c21497015,CFG731_7882c72c21497015,1.0,CORRECT_TOP1,0,,12,12,0,4,4,0,12,0,27.28168299527284,G731ST-LT,false
RFQ731-002450,x731,CFG731_3c119308d8305ad4,CFG731_3c119308d8305ad4,1.0,CORRECT_TOP1,0,,11,11,0,4,4,0,11,0,20.701719896485542,x731,false
RFQ731-002451,G731ST-HT,CFG731_a4416ae9d698efa6,CFG731_a4416ae9d698efa6,1.0,CORRECT_TOP1,0,,10,10,0,4,4,0,10,0,25.72347283305394,G731ST-HT,false
RFQ731-002452,F731TE,CFG731_81bffae40f4c3a60,CFG731_81bffae40f4c3a60,1.0,CORRECT_TOP1,0,,10,10,0,3,3,0,10,0,40.20567435801124,F731TE,false
RFQ731-002453,x731,CFG731_9fa436b39059149d,CFG731_27279ceeaa7fc1fe,2.0,TRUE_IN_TOP3,1,binaerOpenColl_MP,8,8,0,5,5,0,8,0,21.228485649604576,x731,false
RFQ731-002454,F731TE,CFG731_b27467571d893d92,CFG731_b27467571d893d92,1.0,CORRECT_TOP1,0,,7,7,0,4,4,0,7,0,30.20745299258429,F731TE,false
RFQ731-002455,F731PW,CFG731_7785b2914ebb6eaf,CFG731_7785b2914ebb6eaf,1.0,CORRECT_TOP1,0,,10,10,0,2,2,0,10,0,29.024288688400222,F731PW,false
RFQ731-002456,G731ST-LT,CFG731_c5da2661a169f82b,CFG731_c5da2661a169f82b,1.0,CORRECT_TOP1,0,,9,9,0,6,6,0,9,0,25.821145365161616,G731ST-LT,false
RFQ731-002457,x731,CFG731_8d07e19298d09d34,CFG731_17becc4d045fdd6e,2.0,TRUE_IN_TOP3,1,stromSchaltbar,11,11,0,4,4,0,11,0,22.46777251713077,x731,false
RFQ731-002458,G731ST-LT,CFG731_8da1da530d6ae54d,CFG731_8da1da530d6ae54d,1.0,CORRECT_TOP1,0,,10,10,0,6,6,0,10,0,27.431661067739245,G731ST-LT,false
RFQ731-002459,G731ST-HT,CFG731_7c70763d4cf79560,CFG731_7c70763d4cf79560,1.0,CORRECT_TOP1,0,,12,12,0,3,3,0,12,0,26.47280484609084,G731ST-HT,false
RFQ731-002460,x731,CFG731_89772de94df83ba5,CFG731_6ad3ec8ed100118e,2.0,TRUE_IN_TOP3,2,stromSchaltbar|temperaturEingaenge,11,11,0,3,3,0,11,0,20.25368599809777,x731,false
RFQ731-002461,x731,CFG731_75466cb810218a66,CFG731_d59b14d4b0b9324d,5.0,TRUE_IN_TOP5,1,binaerOpenColl_MP,8,8,0,5,5,0,8,0,19.1910449511308,x731,false
RFQ731-002462,x731,CFG731_1f0c09edcd967945,CFG731_f0818b6e9953d652,6.0,TRUE_IN_TOP10,1,customUserFluid,13,13,0,0,0,0,13,0,20.19774698303312,x731,false
RFQ731-002463,x731,CFG731_da02526d254e2e35,CFG731_0848f22447616e6f,2.0,TRUE_IN_TOP3,1,customUserFluid,13,13,0,2,2,0,13,0,21.563687372528506,x731,false
RFQ731-002464,x731,CFG731_8048d4394d2fbde3,CFG731_8048d4394d2fbde3,1.0,CORRECT_TOP1,0,,10,10,0,2,2,0,10,0,19.65596228969266,x731,false
RFQ731-002465,x731,CFG731_04a53b6cc81d57d6,CFG731_04a53b6cc81d57d6,1.0,CORRECT_TOP1,0,,13,13,0,2,2,0,13,0,21.644641083035587,x731,false
RFQ731-002466,x731,CFG731_800f2acd9158b556,CFG731_800f2acd9158b556,1.0,CORRECT_TOP1,0,,13,13,0,1,1,0,13,0,20.627639460303403,x731,false
RFQ731-002467,G731ST-HT,CFG731_831a7150258499af,CFG731_7d6fec687910546d,3.0,TRUE_IN_TOP3,1,binaerDigitalOpenColl_MN,13,13,0,2,2,0,13,0,25.971268063440576,G731ST-HT,false
RFQ731-002468,x731,CFG731_d8c9e5b1edc3b4b3,CFG731_d8c9e5b1edc3b4b3,1.0,CORRECT_TOP1,0,,11,11,0,4,4,0,11,0,22.56346997156121,x731,false
RFQ731-002469,x731,CFG731_9e4fccece4d272d3,CFG731_16e6520dce2c28e4,5.0,TRUE_IN_TOP5,2,stromEingaenge|dev_advMeterVerification,12,12,0,2,2,0,12,0,20.191423920333836,x731,false
RFQ731-002470,G731ST-LT,CFG731_7882c72c21497015,CFG731_7882c72c21497015,1.0,CORRECT_TOP1,0,,11,11,0,5,5,0,11,0,27.28168299527284,G731ST-LT,false
RFQ731-002471,G731ST-LT,CFG731_a57ffd88d58eb498,CFG731_fa6ab94f1cf566b3,3.0,TRUE_IN_TOP3,1,binaerDigitalOpenColl_MN,13,13,0,1,1,0,13,0,23.590271363226396,G731ST-LT,false
RFQ731-002472,G731ST-HT,CFG731_a4416ae9d698efa6,CFG731_1060da033d1aaed1,4.0,TRUE_IN_TOP5,1,temperaturEingaenge,11,11,0,2,2,0,11,0,24.36825562300831,G731ST-HT,false
RFQ731-002473,F731PW,CFG731_a9f22ebc14287e5d,CFG731_a9f22ebc14287e5d,1.0,CORRECT_TOP1,0,,11,11,0,1,1,0,11,0,28.56494696995293,F731PW,false
RFQ731-002474,G731ST-HT,CFG731_a3b03637ed22317c,CFG731_a3b03637ed22317c,1.0,CORRECT_TOP1,0,,12,12,0,4,4,0,12,0,28.263428625233576,G731ST-HT,false
RFQ731-002475,x731,CFG731_cb3a6f924677049e,CFG731_5d2495d91e9fa868,7.0,TRUE_IN_TOP10,1,temperaturEingaenge,11,11,0,3,3,0,11,0,20.510514512682487,x731,false
RFQ731-002476,x731,CFG731_243419c6708378b3,CFG731_243419c6708378b3,1.0,CORRECT_TOP1,0,,10,10,0,5,5,0,10,0,21.21421686761144,x731,false
RFQ731-002477,x731,CFG731_da02526d254e2e35,CFG731_da02526d254e2e35,1.0,CORRECT_TOP1,0,,11,11,0,5,5,0,11,0,22.63179820857242,x731,false
RFQ731-002478,G731ST-HT,CFG731_6cc2f5d089c01baf,CFG731_c209599718b42485,5.0,TRUE_IN_TOP5,1,stromSchaltbar,10,10,0,3,3,0,10,0,24.035788408479256,G731ST-HT,false
RFQ731-002479,x731,CFG731_de1ec1b96e1e485e,CFG731_de1ec1b96e1e485e,1.0,CORRECT_TOP1,0,,12,12,0,3,3,0,12,0,21.69314126656624,x731,false
RFQ731-002480,x731,CFG731_04bb9195f752ca8c,CFG731_04bb9195f752ca8c,1.0,CORRECT_TOP1,0,,11,11,0,3,3,0,11,0,22.751940846969397,x731,false
RFQ731-002481,F731TE,CFG731_090330aa38b8e80b,CFG731_090330aa38b8e80b,1.0,CORRECT_TOP1,0,,9,9,0,4,4,0,9,0,41.75183379650011,F731TE,false
RFQ731-002482,F731WD_DualChannel,CFG731_819cb4e76943eca6,CFG731_819cb4e76943eca6,1.0,CORRECT_TOP1,0,,9,9,0,4,4,0,9,0,32.30861569119556,F731WD_DualChannel,false
RFQ731-002483,G731VG,CFG731_40b6e1db6c80bcc1,CFG731_40b6e1db6c80bcc1,1.0,CORRECT_TOP1,0,,9,9,0,6,6,0,9,0,38.77477620783847,G731VG,false
RFQ731-002484,G731CA,CFG731_452fb8d2c450816e,CFG731_452fb8d2c450816e,1.0,CORRECT_TOP1,0,,9,9,0,3,3,0,9,0,26.69389423217886,G731CA,false
RFQ731-002485,G731ST-HT,CFG731_cc9ac35e4d9a1854,CFG731_0494d5ae6eecf400,3.0,TRUE_IN_TOP3,1,binaerDigitalOpenColl_MN,12,12,0,3,3,0,12,0,26.322826773624435,G731ST-HT,false
RFQ731-002486,G731ST-LT,CFG731_87d8ba5b87cf0a3f,CFG731_77fac91021549398,3.0,TRUE_IN_TOP3,2,temperaturEingaenge|binaerDigitalOpenColl_MN,11,11,0,2,2,0,11,0,22.1571212140856,G731ST-LT,false
RFQ731-002487,F731TE,CFG731_6886c948a9d1ec0c,CFG731_6886c948a9d1ec0c,1.0,CORRECT_TOP1,0,,9,9,0,4,4,0,9,0,35.31847236214592,F731TE,false
RFQ731-002488,F731PW,CFG731_956456fc074ebc5a,CFG731_956456fc074ebc5a,1.0,CORRECT_TOP1,0,,11,11,0,1,1,0,11,0,35.15118328057918,F731PW,false
RFQ731-002489,F731PW,CFG731_956456fc074ebc5a,CFG731_956456fc074ebc5a,1.0,CORRECT_TOP1,0,,9,9,0,3,3,0,9,0,35.15118328057918,F731PW,false
RFQ731-002490,x731,CFG731_0c05dd0ad4f3894a,CFG731_3fb3f9d3dea4a198,2.0,TRUE_IN_TOP3,1,stromEingaenge,11,11,0,4,4,0,11,0,22.029492530605893,x731,false
RFQ731-002491,x731,CFG731_59f11353d30c03ee,CFG731_ba17ab216ae91e1a,3.0,TRUE_IN_TOP3,1,dev_advMeterVerification,8,8,0,7,7,0,8,0,21.833116672399257,x731,false
RFQ731-002492,x731,CFG731_516629085c122a4e,CFG731_516629085c122a4e,1.0,CORRECT_TOP1,0,,14,14,0,2,2,0,14,0,22.800867776693632,x731,false
RFQ731-002493,F731PW,CFG731_0781a0fecc8f46d5,CFG731_0781a0fecc8f46d5,1.0,CORRECT_TOP1,0,,10,10,0,2,2,0,10,0,29.963630406432344,F731PW,false
RFQ731-002494,G731ST-LT,CFG731_cc47430fac8438be,CFG731_cc47430fac8438be,1.0,CORRECT_TOP1,0,,12,12,0,2,2,0,12,0,24.40203400214792,G731ST-LT,false
RFQ731-002495,x731,CFG731_23aa00a5306a83b2,CFG731_23aa00a5306a83b2,1.0,CORRECT_TOP1,0,,6,6,0,9,9,0,6,0,22.132068723704005,x731,false
RFQ731-002496,x731,CFG731_5fb1bce2eb72cec6,CFG731_d094650d6e016eea,7.0,TRUE_IN_TOP10,1,binaerDigitalOpenColl_MN,10,10,0,4,4,0,10,0,20.628079149782195,x731,false
RFQ731-002497,x731,CFG731_efc9d6b915117e15,CFG731_4c42dcb2d8606e20,3.0,TRUE_IN_TOP3,1,temperaturEingaenge,12,12,0,2,2,0,12,0,19.85823843261854,x731,false
RFQ731-002498,x731,CFG731_4cb65cc21b5b9f68,CFG731_4cb65cc21b5b9f68,1.0,CORRECT_TOP1,0,,13,13,0,2,2,0,13,0,22.777900380209765,x731,false
RFQ731-002499,G731ST-LT,CFG731_49cd4cbef1081333,CFG731_e67173c88f9460f6,5.0,TRUE_IN_TOP5,2,temperaturEingaenge|binaerDigitalOpenColl_MN,11,11,0,2,2,0,11,0,21.697779495638304,G731ST-LT,false
RFQ731-002500,x731,CFG731_5e50b9bcbfa0b051,CFG731_5e50b9bcbfa0b051,1.0,CORRECT_TOP1,0,,12,12,0,1,1,0,12,0,19.253962518384395,x731,false
RFQ731-002501,G731ST-LT,CFG731_d5af433b36265df1,CFG731_9c6b16fef6d02aaf,3.0,TRUE_IN_TOP3,1,binaerDigitalOpenColl_MN,8,8,0,6,6,0,8,0,23.660214098807216,G731ST-LT,false
RFQ731-002502,G731ST-LT,CFG731_d5af433b36265df1,CFG731_d5af433b36265df1,1.0,CORRECT_TOP1,0,,12,12,0,3,3,0,12,0,25.64301101461933,G731ST-LT,false
RFQ731-002503,x731,CFG731_57a2b410fc32b41a,CFG731_57a2b410fc32b41a,1.0,CORRECT_TOP1,0,,10,10,0,5,5,0,10,0,21.487845630850977,x731,false
RFQ731-002504,x731,CFG731_fa2849b259355775,CFG731_1d294b2de760852b,3.0,TRUE_IN_TOP3,1,temperaturEingaenge,14,14,0,0,0,0,14,0,21.614092089735404,x731,false
RFQ731-002505,x731,CFG731_9fcbeaf9d5010d3a,CFG731_4340f11ba9a46e42,3.0,TRUE_IN_TOP3,1,temperaturEingaenge,10,10,0,4,4,0,10,0,20.32403734037662,x731,false
RFQ731-002506,x731,CFG731_c39096767a7ae083,CFG731_624c46bfa7e46ad0,2.0,TRUE_IN_TOP3,2,stromEingaenge|temperaturEingaenge,13,13,0,2,2,0,13,0,21.493528829461894,x731,false
RFQ731-002507,G731ST-HT,CFG731_7b2f69a7ca55041b,CFG731_f2a296f2bedae0e8,2.0,TRUE_IN_TOP3,2,stromSchaltbar|temperaturEingaenge,12,12,0,2,2,0,12,0,24.99478925594021,G731ST-HT,false
RFQ731-002508,x731,CFG731_5ea309f998205da7,CFG731_d584b35cfce34cc7,4.0,TRUE_IN_TOP5,2,stromEingaenge|temperaturEingaenge,12,12,0,2,2,0,12,0,20.663377335195594,x731,false
RFQ731-002509,x731,CFG731_c11c5ee5deff9a1e,CFG731_48aa9a27f24794bc,4.0,TRUE_IN_TOP5,1,temperaturEingaenge,12,12,0,2,2,0,12,0,20.677988282903566,x731,false
RFQ731-002510,G731ST-LT,CFG731_7b1edd53e8bbad40,CFG731_55620bd5ef4cd10a,7.0,TRUE_IN_TOP10,2,stromSchaltbar|temperaturEingaenge,9,9,0,4,4,0,9,0,23.161825786781957,G731ST-LT,false
RFQ731-002511,x731,CFG731_70a71b60723e910d,CFG731_5e0166a160f3ed77,7.0,TRUE_IN_TOP10,2,stromEingaenge|customUserFluid,9,9,0,4,4,0,9,0,19.057670306140743,x731,false
RFQ731-002512,x731,CFG731_243419c6708378b3,CFG731_243419c6708378b3,1.0,CORRECT_TOP1,0,,9,9,0,6,6,0,9,0,21.21421686761144,x731,false
RFQ731-002513,x731,CFG731_fde1ab2a4808b544,CFG731_d517f4f2d9736ee5,7.0,TRUE_IN_TOP10,2,dynamicGasMaster|customUserFluid,13,13,0,1,1,0,13,0,20.208462190894448,x731,false
RFQ731-002514,G731ST-LT,CFG731_7b1edd53e8bbad40,CFG731_3c45363d4a341d20,6.0,TRUE_IN_TOP10,1,binaerOpenColl_MP,13,13,0,1,1,0,13,0,23.698054371489828,G731ST-LT,false
RFQ731-002515,x731,CFG731_36d7686aca1200ae,CFG731_973d201e6585b77f,4.0,TRUE_IN_TOP5,2,stromEingaenge|dynamicGasMaster,14,14,0,0,0,0,14,0,20.161840552545325,x731,false
RFQ731-002516,x731,CFG731_8d07e19298d09d34,CFG731_66527c2cd3f93f64,3.0,TRUE_IN_TOP3,2,stromSchaltbar|dev_advMeterVerification,8,8,0,6,6,0,8,0,21.380098016651253,x731,false
RFQ731-002517,x731,CFG731_c775e192f3d489e9,CFG731_c775e192f3d489e9,1.0,CORRECT_TOP1,0,,13,13,0,1,1,0,13,0,23.09283964630521,x731,false
RFQ731-002518,x731,CFG731_440f9c9b032b7d0a,CFG731_aa8c30a4f1baca2e,4.0,TRUE_IN_TOP5,2,stromSchaltbar|stromEingaenge,7,7,0,6,6,0,7,0,18.113885841492014,x731,false
RFQ731-002519,x731,CFG731_ad0a2fd7350b6cca,CFG731_ad0a2fd7350b6cca,1.0,CORRECT_TOP1,0,,9,9,0,8,8,0,9,0,24.417066677882183,x731,false
RFQ731-002520,x731,CFG731_36d7686aca1200ae,CFG731_f0dab232b993fcfd,4.0,TRUE_IN_TOP5,2,stromEingaenge|dev_advMeterVerification,7,7,0,7,7,0,7,0,20.754122072898408,x731,false
RFQ731-002521,x731,CFG731_1f978c234895178c,CFG731_6f04889a74b0dabc,2.0,TRUE_IN_TOP3,1,temperaturEingaenge,11,11,0,4,4,0,11,0,20.991992046811628,x731,false
RFQ731-002522,G731ST-HT,CFG731_ef8d68b6d278bfec,CFG731_ef8d68b6d278bfec,1.0,CORRECT_TOP1,0,,10,10,0,5,5,0,10,0,26.64027861631192,G731ST-HT,false
RFQ731-002523,x731,CFG731_7c358bf1aa4ea94e,CFG731_b1bd723309c950f2,2.0,TRUE_IN_TOP3,2,temperaturEingaenge|dev_advMeterVerification,9,9,0,4,4,0,9,0,19.540521706367173,x731,false
RFQ731-002524,x731,CFG731_5e61ce3b60d15e11,CFG731_04a704e692f8fd05,3.0,TRUE_IN_TOP3,2,stromSchaltbar|temperaturEingaenge,11,11,0,4,4,0,11,0,22.096330848811817,x731,false
RFQ731-002525,G731ST-HT,CFG731_c32627af59ba1526,CFG731_c32627af59ba1526,1.0,CORRECT_TOP1,0,,11,11,0,4,4,0,11,0,26.82599456367052,G731ST-HT,false
RFQ731-002526,G731ST-HT,CFG731_7c70763d4cf79560,CFG731_7c70763d4cf79560,1.0,CORRECT_TOP1,0,,12,12,0,3,3,0,12,0,26.47280484609084,G731ST-HT,false
RFQ731-002527,x731,CFG731_91e51485b56960b2,CFG731_b83ac25dbd4e47ee,3.0,TRUE_IN_TOP3,2,stromSchaltbar|temperaturEingaenge,12,12,0,3,3,0,12,0,21.167518804243624,x731,false
RFQ731-002528,F731PW,CFG731_92efd7a3c43da152,CFG731_92efd7a3c43da152,1.0,CORRECT_TOP1,0,,10,10,0,2,2,0,10,0,35.610524999026474,F731PW,false
RFQ731-002529,x731,CFG731_e80085d86d0bbfa9,CFG731_e80085d86d0bbfa9,1.0,CORRECT_TOP1,0,,13,13,0,4,4,0,13,0,23.625257744905834,x731,false
RFQ731-002530,G731ST-LT,CFG731_32b4b1ec4513af66,CFG731_fbf2539ea471ea5b,2.0,TRUE_IN_TOP3,1,temperaturEingaenge,12,12,0,3,3,0,12,0,25.57490707504335,G731ST-LT,false
RFQ731-002531,x731,CFG731_14269a1a57ac4cbc,CFG731_14269a1a57ac4cbc,1.0,CORRECT_TOP1,0,,10,10,0,6,6,0,10,0,23.03912002707659,x731,false
RFQ731-002532,x731,CFG731_62d0f0f6bab9bdcb,CFG731_9e1cb28372f6bf0e,2.0,TRUE_IN_TOP3,1,temperaturEingaenge,13,13,0,2,2,0,13,0,21.77811778117706,x731,false
RFQ731-002533,G731CA,CFG731_95a64c12c70f922a,CFG731_95a64c12c70f922a,1.0,CORRECT_TOP1,0,,9,9,0,5,5,0,9,0,32.28750463962656,G731CA,false
RFQ731-002534,x731,CFG731_747411fe70ba8e8d,CFG731_c3b5b1049b2ed7bb,7.0,TRUE_IN_TOP10,2,stromEingaenge|temperaturEingaenge,12,12,0,1,1,0,12,0,18.725898308149784,x731,false
RFQ731-002535,x731,CFG731_5e61ce3b60d15e11,CFG731_04a704e692f8fd05,3.0,TRUE_IN_TOP3,2,stromSchaltbar|temperaturEingaenge,15,15,0,0,0,0,15,0,22.096330848811817,x731,false
RFQ731-002536,F731TE,CFG731_3d8c1bbc0ef4249a,CFG731_f79503cf8f87ea49,2.0,TRUE_IN_TOP3,2,stromSchaltbar|binaerOpenColl_MP,7,7,0,4,4,0,7,0,28.159756771445156,F731TE,false
RFQ731-002537,x731,CFG731_7ffc09802c7b60bf,CFG731_cf0d36d335e0ac93,2.0,TRUE_IN_TOP3,2,temperaturEingaenge|dynamicGasMaster,11,11,0,3,3,0,11,0,19.44536771920805,x731,false
RFQ731-002538,G731ST-LT,CFG731_87d8ba5b87cf0a3f,CFG731_e1516ef53069d5e2,2.0,TRUE_IN_TOP3,1,stromEingaenge,11,11,0,3,3,0,11,0,24.07679277403509,G731ST-LT,false
RFQ731-002539,G731ST-LT,CFG731_10085782ed0991cf,CFG731_395f3e5588a2c3c0,2.0,TRUE_IN_TOP3,1,stromEingaenge,11,11,0,4,4,0,11,0,25.723046351504912,G731ST-LT,false
RFQ731-002540,x731,CFG731_4fe142d593643ab8,CFG731_4fe142d593643ab8,1.0,CORRECT_TOP1,0,,11,11,0,3,3,0,11,0,21.028220012767903,x731,false
RFQ731-002541,F731WD_DualChannel,CFG731_cd1c2b236ffda331,CFG731_f53899c7a09e0138,2.0,TRUE_IN_TOP3,1,stromEingaenge,8,8,0,2,2,0,8,0,26.028198619174976,F731WD_DualChannel,false
RFQ731-002542,x731,CFG731_d4a9fe62acefba0d,CFG731_d4a9fe62acefba0d,1.0,CORRECT_TOP1,0,,13,13,0,2,2,0,13,0,21.84489474043352,x731,false
RFQ731-002543,x731,CFG731_672458a8e716cdf8,CFG731_39083521b1413e72,5.0,TRUE_IN_TOP5,1,binaerDigitalOpenColl_MN,10,10,0,4,4,0,10,0,19.59190143164265,x731,false
RFQ731-002544,G731ST-LT,CFG731_87d8ba5b87cf0a3f,CFG731_87d8ba5b87cf0a3f,1.0,CORRECT_TOP1,0,,11,11,0,4,4,0,11,0,25.495135339943342,G731ST-LT,false
RFQ731-002545,x731,CFG731_219ac3d01befd6d1,CFG731_398f0644f18e0acf,2.0,TRUE_IN_TOP3,2,stromSchaltbar|stromEingaenge,11,11,0,3,3,0,11,0,20.218716920311024,x731,false
RFQ731-002546,G731ST-HT,CFG731_bbffb73f3dff6787,CFG731_bbffb73f3dff6787,1.0,CORRECT_TOP1,0,,13,13,0,3,3,0,13,0,28.55370077555966,G731ST-HT,false
RFQ731-002547,x731,CFG731_618cb6c1c21feda4,CFG731_618cb6c1c21feda4,1.0,CORRECT_TOP1,0,,13,13,0,2,2,0,13,0,21.39466559870709,x731,false
RFQ731-002548,G731ST-LT,CFG731_1d89d7fdc7355744,CFG731_1d89d7fdc7355744,1.0,CORRECT_TOP1,0,,12,12,0,3,3,0,12,0,26.013318501830994,G731ST-LT,false
RFQ731-002549,G731ST-LT,CFG731_8da1da530d6ae54d,CFG731_8da1da530d6ae54d,1.0,CORRECT_TOP1,0,,9,9,0,7,7,0,9,0,27.431661067739245,G731ST-LT,false
RFQ731-002550,G731ST-HT,CFG731_a3b03637ed22317c,CFG731_a3b03637ed22317c,1.0,CORRECT_TOP1,0,,13,13,0,3,3,0,13,0,28.263428625233576,G731ST-HT,false
RFQ731-002551,G731ST-HT,CFG731_2a989bd6dba74d9f,CFG731_28ff10770eb1b643,4.0,TRUE_IN_TOP5,2,stromEingaenge|temperaturEingaenge,12,12,0,2,2,0,12,0,25.682041985949077,G731ST-HT,false
RFQ731-002552,x731,CFG731_011ca4ba794bd4d6,CFG731_d8843ca5e91f93ae,2.0,TRUE_IN_TOP3,1,stromSchaltbar,8,8,0,5,5,0,8,0,21.530976197241333,x731,false
RFQ731-002553,G731ST-HT,CFG731_a4416ae9d698efa6,CFG731_1060da033d1aaed1,4.0,TRUE_IN_TOP5,1,temperaturEingaenge,10,10,0,3,3,0,10,0,24.36825562300831,G731ST-HT,false
RFQ731-002554,x731,CFG731_92d4ed621aef46c2,CFG731_58ed6f9d3568afba,3.0,TRUE_IN_TOP3,1,temperaturEingaenge,9,9,0,5,5,0,9,0,20.27663749666283,x731,false
RFQ731-002555,x731,CFG731_8f470181ad32eeae,CFG731_8f470181ad32eeae,1.0,CORRECT_TOP1,0,,9,9,0,8,8,0,9,0,25.33681394002931,x731,false
RFQ731-002556,x731,CFG731_12089d5d54f581ac,CFG731_78ea99817ca8be6a,10.0,TRUE_IN_TOP10,1,binaerDigitalOpenColl_MN,11,11,0,2,2,0,11,0,17.94564785417283,x731,false
RFQ731-002557,G731ST-LT,CFG731_c050936f4a70e2a0,CFG731_2a738780f0517f67,2.0,TRUE_IN_TOP3,1,stromEingaenge,10,10,0,4,4,0,10,0,24.18893057381889,G731ST-LT,false
RFQ731-002558,x731,CFG731_f1291711f7901d90,CFG731_f1291711f7901d90,1.0,CORRECT_TOP1,0,,12,12,0,3,3,0,12,0,22.96427357178301,x731,false
RFQ731-002559,G731ST-HT,CFG731_4aa7d46b9cfa7d7b,CFG731_a41486ba2b9da31d,2.0,TRUE_IN_TOP3,1,temperaturEingaenge,12,12,0,3,3,0,12,0,27.02034921497174,G731ST-HT,false
RFQ731-002560,x731,CFG731_0fbee36816b7af98,CFG731_0fbee36816b7af98,1.0,CORRECT_TOP1,0,,11,11,0,6,6,0,11,0,24.76533442179821,x731,false
RFQ731-002561,x731,CFG731_5e61ce3b60d15e11,CFG731_cccd499c66b31e99,2.0,TRUE_IN_TOP3,1,dev_advMeterVerification,14,14,0,2,2,0,14,0,23.81795399917837,x731,false
RFQ731-002562,G731ST-LT,CFG731_32b4b1ec4513af66,CFG731_903051672b581bab,3.0,TRUE_IN_TOP3,1,binaerOpenColl_MP,10,10,0,5,5,0,10,0,24.657055218950784,G731ST-LT,false
RFQ731-002563,G731ST-HT,CFG731_288e4c99b4e02895,CFG731_1b33a9ed446bc0fd,6.0,TRUE_IN_TOP10,2,stromSchaltbar|binaerDigitalOpenColl_MN,10,10,0,2,2,0,10,0,21.593649774219845,G731ST-HT,false
RFQ731-002564,G731ST-HT,CFG731_4aa7d46b9cfa7d7b,CFG731_9960254fcbb72292,2.0,TRUE_IN_TOP3,1,binaerDigitalOpenColl_MN,14,14,0,1,1,0,14,0,26.39276950920526,G731ST-HT,false
RFQ731-002565,x731,CFG731_bd2172ffd6b9273a,CFG731_bd2172ffd6b9273a,1.0,CORRECT_TOP1,0,,9,9,0,6,6,0,9,0,22.13339148935873,x731,false
RFQ731-002566,x731,CFG731_4e59e6fc4174afa3,CFG731_4e59e6fc4174afa3,1.0,CORRECT_TOP1,0,,12,12,0,2,2,0,12,0,23.543749779945745,x731,false
RFQ731-002567,x731,CFG731_9228cc48e333917c,CFG731_b44b2e6818291871,5.0,TRUE_IN_TOP5,1,customUserFluid,10,10,0,4,4,0,10,0,20.88792593490823,x731,false
RFQ731-002568,x731,CFG731_b7e96d5717c40fd6,CFG731_61e03f690afcaa1a,2.0,TRUE_IN_TOP3,1,stromSchaltbar,13,13,0,3,3,0,13,0,22.59267874987008,x731,false
RFQ731-002569,x731,CFG731_36d7686aca1200ae,CFG731_258498329a834b05,2.0,TRUE_IN_TOP3,1,stromSchaltbar,10,10,0,5,5,0,10,0,21.80605869848573,x731,false
RFQ731-002570,G731ST-HT,CFG731_37f66c3948c00e57,CFG731_37f66c3948c00e57,1.0,CORRECT_TOP1,0,,9,9,0,4,4,0,9,0,23.513529122778365,G731ST-HT,false
RFQ731-002571,x731,CFG731_af755e9c46cfadd4,CFG731_0064bc7bf2ed5868,2.0,TRUE_IN_TOP3,1,binaerDigitalOpenColl_MN,9,9,0,4,4,0,9,0,21.676389855979973,x731,false
RFQ731-002572,G731ST-LT,CFG731_0fdf5c36c9c41e69,CFG731_671960d0fb04b698,2.0,TRUE_IN_TOP3,2,stromSchaltbar|temperaturEingaenge,11,11,0,3,3,0,11,0,23.830554483916828,G731ST-LT,false
RFQ731-002573,x731,CFG731_3fe779486d988e69,CFG731_f92bde4646675f5d,3.0,TRUE_IN_TOP3,1,customUserFluid,11,11,0,4,4,0,11,0,22.56915317017213,x731,false
RFQ731-002574,F731PW,CFG731_0d8116f4900c6919,CFG731_0d8116f4900c6919,1.0,CORRECT_TOP1,0,,10,10,0,2,2,0,10,0,29.13642648818402,F731PW,false
RFQ731-002575,F731TE,CFG731_0c3b33750ffab3ac,CFG731_0c3b33750ffab3ac,1.0,CORRECT_TOP1,0,,8,8,0,3,3,0,8,0,31.343400174165414,F731TE,false
RFQ731-002576,G731ST-HT,CFG731_2a989bd6dba74d9f,CFG731_2a989bd6dba74d9f,1.0,CORRECT_TOP1,0,,11,11,0,5,5,0,11,0,28.455601761902955,G731ST-HT,false
RFQ731-002577,x731,CFG731_e049618b920d59b6,CFG731_ddbc59cfdb50b468,2.0,TRUE_IN_TOP3,1,binaerDigitalOpenColl_MN,14,14,0,1,1,0,14,0,21.749958510950343,x731,false
RFQ731-002578,F731WD_SingleChannel,CFG731_11c93eca01984a14,CFG731_11c93eca01984a14,1.0,CORRECT_TOP1,0,,9,9,0,4,4,0,9,0,34.36373299452446,F731WD_SingleChannel,false
RFQ731-002579,x731,CFG731_adb08ca5dce20691,CFG731_adb08ca5dce20691,1.0,CORRECT_TOP1,0,,12,12,0,2,2,0,12,0,22.369132022433305,x731,false
RFQ731-002580,x731,CFG731_6204dd6ea742eb13,CFG731_6204dd6ea742eb13,1.0,CORRECT_TOP1,0,,11,11,0,3,3,0,11,0,20.67931104855829,x731,false
RFQ731-002581,G731ST-LT,CFG731_32b4b1ec4513af66,CFG731_68d95a26943b3650,2.0,TRUE_IN_TOP3,2,stromSchaltbar|temperaturEingaenge,7,7,0,7,7,0,7,0,24.12082663424291,G731ST-LT,false
RFQ731-002582,x731,CFG731_c11c5ee5deff9a1e,CFG731_c11c5ee5deff9a1e,1.0,CORRECT_TOP1,0,,12,12,0,3,3,0,12,0,22.0332054929492,x731,false
RFQ731-002583,x731,CFG731_9676c8784fca6c61,CFG731_9676c8784fca6c61,1.0,CORRECT_TOP1,0,,10,10,0,4,4,0,10,0,20.36782895977759,x731,false
RFQ731-002584,F731TE,CFG731_d8c69b7395beabbb,CFG731_d8c69b7395beabbb,1.0,CORRECT_TOP1,0,,9,9,0,4,4,0,9,0,38.80183643608151,F731TE,false
RFQ731-002585,x731,CFG731_5dd42015f6f61801,CFG731_5dd42015f6f61801,1.0,CORRECT_TOP1,0,,9,9,0,8,8,0,9,0,23.93462139088672,x731,false
RFQ731-002586,G731ST-HT,CFG731_1a1206cc52132df1,CFG731_d71a39e1fcf17083,4.0,TRUE_IN_TOP5,1,stromSchaltbar,12,12,0,2,2,0,12,0,24.97652934108743,G731ST-HT,false
RFQ731-002587,x731,CFG731_23aa00a5306a83b2,CFG731_23aa00a5306a83b2,1.0,CORRECT_TOP1,0,,10,10,0,5,5,0,10,0,22.132068723704005,x731,false
RFQ731-002588,F731PW,CFG731_f9fd6a4462ec051a,CFG731_10e74d757a2fa2a6,2.0,TRUE_IN_TOP3,1,binaerDigitalOpenColl_MN,10,10,0,1,1,0,10,0,27.47220172608201,F731PW,false
RFQ731-002589,G731CA,CFG731_c7ca2f069d01e42d,CFG731_afa90db347a19822,2.0,TRUE_IN_TOP3,2,stromSchaltbar|binaerOpenColl_MP,11,11,0,1,1,0,11,0,23.39069194748503,G731CA,false
RFQ731-002590,x731,CFG731_241261e6f2e0673c,CFG731_241261e6f2e0673c,1.0,CORRECT_TOP1,0,,11,11,0,3,3,0,11,0,19.003511932388594,x731,false
RFQ731-002591,x731,CFG731_f7f0034a8b15f329,CFG731_d9b1e2bb70a9a96b,2.0,TRUE_IN_TOP3,1,stromSchaltbar,10,10,0,3,3,0,10,0,21.92903135583085,x731,false
RFQ731-002592,x731,CFG731_5e61ce3b60d15e11,CFG731_04a704e692f8fd05,3.0,TRUE_IN_TOP3,2,stromSchaltbar|temperaturEingaenge,9,9,0,6,6,0,9,0,22.096330848811817,x731,false
RFQ731-002593,G731ST-LT,CFG731_0e146b48e4ed8b98,CFG731_2c30adc3f721a104,4.0,TRUE_IN_TOP5,1,temperaturEingaenge,10,10,0,4,4,0,10,0,23.71631428634261,G731ST-LT,false
RFQ731-002594,x731,CFG731_5ae746dac49a854b,CFG731_5ae746dac49a854b,1.0,CORRECT_TOP1,0,,10,10,0,5,5,0,10,0,22.81462266318496,x731,false
RFQ731-002595,G731ST-LT,CFG731_ae2e4cfccaff4f50,CFG731_a54fd8962307be18,,TRUE_UNRANKED,2,stromEingaenge|binaerDigitalOpenColl_MN,10,10,0,3,3,0,10,0,22.136190922425957,G731ST-LT,false
RFQ731-002596,x731,CFG731_3662a471d9ce3167,CFG731_c32e1d5ad1662baf,2.0,TRUE_IN_TOP3,1,stromSchaltbar,12,12,0,3,3,0,12,0,21.155866609023786,x731,false
RFQ731-002597,G731ST-HT,CFG731_7b2f69a7ca55041b,CFG731_7b2f69a7ca55041b,1.0,CORRECT_TOP1,0,,12,12,0,4,4,0,12,0,27.80408690678628,G731ST-HT,false
RFQ731-002598,G731ST-LT,CFG731_e03b41992c837b34,CFG731_e03b41992c837b34,1.0,CORRECT_TOP1,0,,11,11,0,4,4,0,11,0,25.32606577182213,G731ST-LT,false
RFQ731-002599,x731,CFG731_7308ee8503151ef3,CFG731_1d7625425d9a9146,2.0,TRUE_IN_TOP3,1,stromEingaenge,10,10,0,6,6,0,10,0,22.66625689744488,x731,false
RFQ731-002600,x731,CFG731_fde1ab2a4808b544,CFG731_8ba9be21909ddf85,,TRUE_UNRANKED,4,stromSchaltbar|dev_advMeterVerification|dynamicGasMaster|customUserFluid,6,6,0,6,6,0,6,0,17.666707249614497,x731,false
RFQ731-002601,G731ST-HT,CFG731_a69c8345e2cbb480,CFG731_ad85e442c9239be7,2.0,TRUE_IN_TOP3,1,stromSchaltbar,9,9,0,5,5,0,9,0,25.89438119718,G731ST-HT,false
RFQ731-002602,F731TE,CFG731_ac57adca497d644f,CFG731_ac57adca497d644f,1.0,CORRECT_TOP1,0,,9,9,0,4,4,0,9,0,37.66588925450039,F731TE,false
RFQ731-002603,x731,CFG731_516629085c122a4e,CFG731_5718ef9495972b30,2.0,TRUE_IN_TOP3,1,stromSchaltbar,12,12,0,3,3,0,12,0,21.346787335893197,x731,false
RFQ731-002604,F731TE,CFG731_0c3b33750ffab3ac,CFG731_0c3b33750ffab3ac,1.0,CORRECT_TOP1,0,,6,6,0,5,5,0,6,0,31.343400174165414,F731TE,false
RFQ731-002605,G731ST-LT,CFG731_a57ffd88d58eb498,CFG731_a57ffd88d58eb498,1.0,CORRECT_TOP1,0,,12,12,0,3,3,0,12,0,25.573068279038505,G731ST-LT,false
RFQ731-002606,F731WD_DualChannel,CFG731_819cb4e76943eca6,CFG731_37e3938c6089bb2d,2.0,TRUE_IN_TOP3,2,stromSchaltbar|binaerOpenColl_MP,7,7,0,4,4,0,7,0,23.304019990790596,F731WD_DualChannel,false
RFQ731-002607,x731,CFG731_9228cc48e333917c,CFG731_9228cc48e333917c,1.0,CORRECT_TOP1,0,,11,11,0,4,4,0,11,0,21.956036770952142,x731,false
RFQ731-002608,x731,CFG731_97796c9ac2811c94,CFG731_ca05869cc5edc073,2.0,TRUE_IN_TOP3,1,dev_advMeterVerification,10,10,0,5,5,0,10,0,22.15344349900661,x731,false
RFQ731-002609,G731CA,CFG731_faff6da73df00950,CFG731_faff6da73df00950,1.0,CORRECT_TOP1,0,,10,10,0,4,4,0,10,0,33.9910632327716,G731CA,false
RFQ731-002610,x731,CFG731_f0b756a84ac83cc9,CFG731_f0b756a84ac83cc9,1.0,CORRECT_TOP1,0,,11,11,0,3,3,0,11,0,21.08533266296269,x731,false
RFQ731-002611,F731PW,CFG731_7785b2914ebb6eaf,CFG731_7785b2914ebb6eaf,1.0,CORRECT_TOP1,0,,9,9,0,3,3,0,9,0,29.024288688400222,F731PW,false
RFQ731-002612,x731,CFG731_a2313bdd95c38f2d,CFG731_2cc93d20b679415d,5.0,TRUE_IN_TOP5,1,temperaturEingaenge,11,11,0,3,3,0,11,0,21.529756795418173,x731,false
RFQ731-002613,x731,CFG731_9fcbeaf9d5010d3a,CFG731_9fcbeaf9d5010d3a,1.0,CORRECT_TOP1,0,,13,13,0,2,2,0,13,0,21.67925455042225,x731,false
RFQ731-002614,x731,CFG731_33fed5318b1a4f2f,CFG731_33fed5318b1a4f2f,1.0,CORRECT_TOP1,0,,9,9,0,6,6,0,9,0,22.855069102206816,x731,false
RFQ731-002615,x731,CFG731_11da8cc369b71f5a,CFG731_ab7c99e095bc84f9,2.0,TRUE_IN_TOP3,1,dynamicGasMaster,12,12,0,4,4,0,12,0,22.694915592846613,x731,false
RFQ731-002616,G731ST-HT,CFG731_7b2f69a7ca55041b,CFG731_7b2f69a7ca55041b,1.0,CORRECT_TOP1,0,,11,11,0,5,5,0,11,0,27.80408690678628,G731ST-HT,false
RFQ731-002617,x731,CFG731_fe9a409c6b2ba9cc,CFG731_8c4d7fb3ded028ab,3.0,TRUE_IN_TOP3,1,stromSchaltbar,10,10,0,4,4,0,10,0,19.99157012584756,x731,false
RFQ731-002618,x731,CFG731_f1355b6f00fd7f67,CFG731_0318c2a0a1c0c588,10.0,TRUE_IN_TOP10,1,binaerDigitalOpenColl_MN,10,10,0,4,4,0,10,0,20.240782564706148,x731,false
RFQ731-002619,x731,CFG731_241d60e6ef5278be,CFG731_80e3b04d167bbba8,2.0,TRUE_IN_TOP3,3,stromSchaltbar|stromEingaenge|temperaturEingaenge,9,9,0,4,4,0,9,0,18.72320563240572,x731,false
RFQ731-002620,G731ST-HT,CFG731_8b18ac1c34209d63,CFG731_8b18ac1c34209d63,1.0,CORRECT_TOP1,0,,13,13,0,3,3,0,13,0,28.09435905711236,G731ST-HT,false
RFQ731-002621,F731WD_DualChannel,CFG731_c0f6f70a47ed04ba,CFG731_c0f6f70a47ed04ba,1.0,CORRECT_TOP1,0,,8,8,0,4,4,0,8,0,34.491549867105086,F731WD_DualChannel,false
RFQ731-002622,x731,CFG731_6b36d25fda044bf5,CFG731_dc94cc026338b073,4.0,TRUE_IN_TOP5,4,temperaturEingaenge|dev_advMeterVerification|dynamicGasMaster|customUserFluid,9,9,0,3,3,0,9,0,17.27049088702982,x731,false
RFQ731-002623,G731CA,CFG731_dc8a3bad7d99b8ea,CFG731_dc8a3bad7d99b8ea,1.0,CORRECT_TOP1,0,,11,11,0,1,1,0,11,0,26.99196868930281,G731CA,false
RFQ731-002624,x731,CFG731_024d4a54a1e6d96e,CFG731_024d4a54a1e6d96e,1.0,CORRECT_TOP1,0,,12,12,0,4,4,0,12,0,23.219266840737923,x731,false
RFQ731-002625,G731VG,CFG731_40b6e1db6c80bcc1,CFG731_40b6e1db6c80bcc1,1.0,CORRECT_TOP1,0,,12,12,0,3,3,0,12,0,38.77477620783847,G731VG,false
RFQ731-002626,F731PW,CFG731_b265e25b7baf721d,CFG731_b265e25b7baf721d,1.0,CORRECT_TOP1,0,,8,8,0,3,3,0,8,0,27.660414804579737,F731PW,false
RFQ731-002627,G731ST-LT,CFG731_0fdf5c36c9c41e69,CFG731_0fdf5c36c9c41e69,1.0,CORRECT_TOP1,0,,14,14,0,2,2,0,14,0,26.639852134762897,G731ST-LT,false
RFQ731-002628,F731TE,CFG731_07fb816f7dc25bc8,CFG731_07fb816f7dc25bc8,1.0,CORRECT_TOP1,0,,9,9,0,4,4,0,9,0,33.41309765756593,F731TE,false
RFQ731-002629,G731ST-LT,CFG731_e03b41992c837b34,CFG731_4c72f78c1186e8f7,4.0,TRUE_IN_TOP5,1,stromEingaenge,11,11,0,3,3,0,11,0,23.90772320591388,G731ST-LT,false
RFQ731-002630,x731,CFG731_fa2849b259355775,CFG731_e639b12fcf678c13,2.0,TRUE_IN_TOP3,2,dev_advMeterVerification|customUserFluid,11,11,0,2,2,0,11,0,20.813523963257605,x731,false
RFQ731-002631,x731,CFG731_11da8cc369b71f5a,CFG731_ab7c99e095bc84f9,2.0,TRUE_IN_TOP3,1,dynamicGasMaster,12,12,0,4,4,0,12,0,22.694915592846613,x731,false
RFQ731-002632,F731TE,CFG731_ac57adca497d644f,CFG731_ac57adca497d644f,1.0,CORRECT_TOP1,0,,10,10,0,3,3,0,10,0,37.66588925450039,F731TE,false
RFQ731-002633,x731,CFG731_31aa13473958d7d3,CFG731_781438c58a003a2c,4.0,TRUE_IN_TOP5,3,stromEingaenge|binaerDigitalOpenColl_MN|customUserFluid,11,11,0,3,3,0,11,0,19.72748694537265,x731,false
RFQ731-002634,x731,CFG731_331927b265de3c55,CFG731_c8b190cd8da9a6dd,2.0,TRUE_IN_TOP3,1,temperaturEingaenge,8,8,0,6,6,0,8,0,20.50975328773521,x731,false
RFQ731-002635,x731,CFG731_ad672c682712eda8,CFG731_a4e34b496fb393e8,2.0,TRUE_IN_TOP3,1,dynamicGasMaster,11,11,0,4,4,0,11,0,20.4401064415612,x731,false
RFQ731-002636,G731ST-HT,CFG731_fcc72e9951376cf3,CFG731_5dd35c89836ec88e,2.0,TRUE_IN_TOP3,1,stromEingaenge,10,10,0,5,5,0,10,0,27.327531346320782,G731ST-HT,false
RFQ731-002637,G731ST-HT,CFG731_63eca10a00ae1f5d,CFG731_f23946dbf617272b,3.0,TRUE_IN_TOP3,2,stromSchaltbar|temperaturEingaenge,10,10,0,4,4,0,10,0,25.78659818891656,G731ST-HT,false
RFQ731-002638,x731,CFG731_5e61ce3b60d15e11,CFG731_5e61ce3b60d15e11,1.0,CORRECT_TOP1,0,,13,13,0,4,4,0,13,0,24.905628499657887,x731,false
RFQ731-002639,x731,CFG731_e5a85c19cf4647dd,CFG731_e5a85c19cf4647dd,1.0,CORRECT_TOP1,0,,12,12,0,3,3,0,12,0,20.98630087661228,x731,false
RFQ731-002640,G731ST-HT,CFG731_63eca10a00ae1f5d,CFG731_0ce13abf777d04f9,2.0,TRUE_IN_TOP3,1,temperaturEingaenge,12,12,0,3,3,0,12,0,27.240678629717,G731ST-HT,false
RFQ731-002641,x731,CFG731_5d345c0f49f6f272,CFG731_5d345c0f49f6f272,1.0,CORRECT_TOP1,0,,13,13,0,3,3,0,13,0,24.103062913974124,x731,false
RFQ731-002642,G731ST-HT,CFG731_a4416ae9d698efa6,CFG731_1060da033d1aaed1,4.0,TRUE_IN_TOP5,1,temperaturEingaenge,11,11,0,2,2,0,11,0,24.36825562300831,G731ST-HT,false
RFQ731-002643,x731,CFG731_6b809c836e3ca8a1,CFG731_5de6ca53a86b09c9,2.0,TRUE_IN_TOP3,1,binaerOpenColl_MP,7,7,0,7,7,0,7,0,20.91266810149736,x731,false
RFQ731-002644,G731ST-LT,CFG731_b86bbf24b1c3a419,CFG731_2db6c530f35d47b9,2.0,TRUE_IN_TOP3,1,stromEingaenge,9,9,0,6,6,0,9,0,25.68085128730194,G731ST-LT,false
RFQ731-002645,x731,CFG731_800f2acd9158b556,CFG731_800f2acd9158b556,1.0,CORRECT_TOP1,0,,11,11,0,3,3,0,11,0,20.627639460303403,x731,false
RFQ731-002646,G731ST-LT,CFG731_c050936f4a70e2a0,CFG731_dac27b97cd6b7ff8,,TRUE_UNRANKED,3,stromEingaenge|temperaturEingaenge|binaerDigitalOpenColl_MN,10,10,0,2,2,0,10,0,20.850916447961147,G731ST-LT,false
RFQ731-002647,x731,CFG731_33fed5318b1a4f2f,CFG731_7157b3d45716ad8f,2.0,TRUE_IN_TOP3,1,binaerOpenColl_MP,12,12,0,2,2,0,12,0,20.58200003606862,x731,false
RFQ731-002648,x731,CFG731_353333bad447dbef,CFG731_f2b305fda5b7c1ed,7.0,TRUE_IN_TOP10,3,stromSchaltbar|temperaturEingaenge|customUserFluid,9,9,0,3,3,0,9,0,18.47612383266657,x731,false
RFQ731-002649,G731ST-LT,CFG731_515a31451814aae9,CFG731_515a31451814aae9,1.0,CORRECT_TOP1,0,,11,11,0,2,2,0,11,0,23.011847714315543,G731ST-LT,false
RFQ731-002650,x731,CFG731_cb9d6c11077bd307,CFG731_fe424f85d85e1c0c,5.0,TRUE_IN_TOP5,2,stromEingaenge|dev_advMeterVerification,9,9,0,5,5,0,9,0,20.185524914237124,x731,false
RFQ731-002651,F731WD_SingleChannel,CFG731_11c93eca01984a14,CFG731_11c93eca01984a14,1.0,CORRECT_TOP1,0,,10,10,0,3,3,0,10,0,34.36373299452446,F731WD_SingleChannel,false
RFQ731-002652,x731,CFG731_36d7686aca1200ae,CFG731_258498329a834b05,2.0,TRUE_IN_TOP3,1,stromSchaltbar,10,10,0,5,5,0,10,0,21.80605869848573,x731,false
RFQ731-002653,G731ST-HT,CFG731_bbffb73f3dff6787,CFG731_9681c4eec01b7fad,2.0,TRUE_IN_TOP3,2,stromSchaltbar|temperaturEingaenge,9,9,0,5,5,0,9,0,25.74440312471359,G731ST-HT,false
RFQ731-002654,G731ST-HT,CFG731_8b18ac1c34209d63,CFG731_d44e54f35ee15977,2.0,TRUE_IN_TOP3,2,stromEingaenge|temperaturEingaenge,12,12,0,2,2,0,12,0,25.32079928115848,G731ST-HT,false
RFQ731-002655,x731,CFG731_32a4bb12438a37ab,CFG731_45d35cf8bc922687,2.0,TRUE_IN_TOP3,1,dynamicGasMaster,15,15,0,1,1,0,15,0,23.5068798467303,x731,false
RFQ731-002656,G731VG,CFG731_cfb2b92dd8f09f39,CFG731_cfb2b92dd8f09f39,1.0,CORRECT_TOP1,0,,11,11,0,4,4,0,11,0,41.858304122441474,G731VG,false
RFQ731-002657,G731ST-LT,CFG731_0fdf5c36c9c41e69,CFG731_5eab817ba3f25626,8.0,TRUE_IN_TOP10,3,stromSchaltbar|stromEingaenge|temperaturEingaenge,11,11,0,2,2,0,11,0,22.412211918008577,G731ST-LT,false
RFQ731-002658,x731,CFG731_1147f9711c4bff84,CFG731_1147f9711c4bff84,1.0,CORRECT_TOP1,0,,10,10,0,4,4,0,10,0,24.08068821755677,x731,false
RFQ731-002659,x731,CFG731_31aa13473958d7d3,CFG731_d22124ab181ae0a4,4.0,TRUE_IN_TOP5,2,stromSchaltbar|stromEingaenge,12,12,0,3,3,0,12,0,21.32431425642824,x731,false
RFQ731-002660,G731ST-HT,CFG731_2a989bd6dba74d9f,CFG731_28ff10770eb1b643,4.0,TRUE_IN_TOP5,2,stromEingaenge|temperaturEingaenge,12,12,0,2,2,0,12,0,25.682041985949077,G731ST-HT,false
RFQ731-002661,x731,CFG731_31aa13473958d7d3,CFG731_4d39aa53959ccce3,3.0,TRUE_IN_TOP3,2,stromSchaltbar|customUserFluid,12,12,0,3,3,0,12,0,21.67454598629257,x731,false
RFQ731-002662,x731,CFG731_d1cfa46f29f5f652,CFG731_d1cfa46f29f5f652,1.0,CORRECT_TOP1,0,,11,11,0,3,3,0,11,0,22.978451813347004,x731,false
RFQ731-002663,x731,CFG731_d723355141502003,CFG731_2666da4dbcc5e5bd,2.0,TRUE_IN_TOP3,1,binaerOpenColl_MP,10,10,0,3,3,0,10,0,20.99565489753489,x731,false
RFQ731-002664,x731,CFG731_6f8c15548921e4c2,CFG731_75b93da9dd9b0316,3.0,TRUE_IN_TOP3,1,binaerOpenColl_MP,10,10,0,3,3,0,10,0,20.5007229395794,x731,false
RFQ731-002665,x731,CFG731_9d9ebc2acccb06ad,CFG731_9d9ebc2acccb06ad,1.0,CORRECT_TOP1,0,,9,9,0,5,5,0,9,0,19.717944354758863,x731,false
RFQ731-002666,F731TE,CFG731_5164655533c6a8d0,CFG731_5164655533c6a8d0,1.0,CORRECT_TOP1,0,,11,11,0,2,2,0,11,0,36.8646318006348,F731TE,false
RFQ731-002667,x731,CFG731_cf4bb519cec0df2f,CFG731_cf4bb519cec0df2f,1.0,CORRECT_TOP1,0,,13,13,0,3,3,0,13,0,22.206915178997583,x731,false
RFQ731-002668,x731,CFG731_219ac3d01befd6d1,CFG731_3d79b5ed69541acc,6.0,TRUE_IN_TOP10,2,stromEingaenge|binaerOpenColl_MP,12,12,0,2,2,0,12,0,19.39972829497327,x731,false
RFQ731-002669,G731ST-LT,CFG731_10085782ed0991cf,CFG731_c563d973b2fc136b,3.0,TRUE_IN_TOP3,2,stromEingaenge|temperaturEingaenge,12,12,0,2,2,0,12,0,24.36782914145928,G731ST-LT,false
RFQ731-002670,x731,CFG731_59f11353d30c03ee,CFG731_ba17ab216ae91e1a,3.0,TRUE_IN_TOP3,1,dev_advMeterVerification,10,10,0,5,5,0,10,0,21.833116672399257,x731,false
RFQ731-002671,x731,CFG731_cf4bb519cec0df2f,CFG731_8f5c90133a157a3c,3.0,TRUE_IN_TOP3,2,temperaturEingaenge|dynamicGasMaster,10,10,0,4,4,0,10,0,19.171741948119355,x731,false
RFQ731-002672,G731ST-LT,CFG731_10085782ed0991cf,CFG731_395f3e5588a2c3c0,2.0,TRUE_IN_TOP3,1,stromEingaenge,12,12,0,3,3,0,12,0,25.723046351504912,G731ST-LT,false
RFQ731-002673,G731CA,CFG731_19ec976991ce75a9,CFG731_19ec976991ce75a9,1.0,CORRECT_TOP1,0,,12,12,0,2,2,0,12,0,33.8413206340227,G731CA,false
RFQ731-002674,G731ST-LT,CFG731_d5af433b36265df1,CFG731_9c6b16fef6d02aaf,3.0,TRUE_IN_TOP3,1,binaerDigitalOpenColl_MN,11,11,0,3,3,0,11,0,23.660214098807216,G731ST-LT,false
RFQ731-002675,G731ST-HT,CFG731_bbffb73f3dff6787,CFG731_9eed4a2d2e84d134,2.0,TRUE_IN_TOP3,3,stromSchaltbar|stromEingaenge|binaerOpenColl_MP,11,11,0,2,2,0,11,0,23.408208702712773,G731ST-HT,false
RFQ731-002676,x731,CFG731_6b2b46dd281009ce,CFG731_6b2b46dd281009ce,1.0,CORRECT_TOP1,0,,9,9,0,4,4,0,9,0,21.779053283364444,x731,false
RFQ731-002677,x731,CFG731_0db950a4979d2c52,CFG731_fa6b5a7df55858c0,2.0,TRUE_IN_TOP3,1,stromSchaltbar,9,9,0,7,7,0,9,0,23.16127590853137,x731,false
RFQ731-002678,x731,CFG731_618cb6c1c21feda4,CFG731_86b45f3244313c4c,6.0,TRUE_IN_TOP10,1,dynamicGasMaster,10,10,0,4,4,0,10,0,19.71470957787449,x731,false
RFQ731-002679,x731,CFG731_440f9c9b032b7d0a,CFG731_aa8c30a4f1baca2e,4.0,TRUE_IN_TOP5,2,stromSchaltbar|stromEingaenge,7,7,0,6,6,0,7,0,18.113885841492014,x731,false
RFQ731-002680,x731,CFG731_467283c67651467d,CFG731_467283c67651467d,1.0,CORRECT_TOP1,0,,11,11,0,4,4,0,11,0,21.341582556382377,x731,false
RFQ731-002681,F731WD_DualChannel,CFG731_819cb4e76943eca6,CFG731_37e3938c6089bb2d,2.0,TRUE_IN_TOP3,2,stromSchaltbar|binaerOpenColl_MP,8,8,0,3,3,0,8,0,23.304019990790596,F731WD_DualChannel,false
RFQ731-002682,F731PW,CFG731_7785b2914ebb6eaf,CFG731_7785b2914ebb6eaf,1.0,CORRECT_TOP1,0,,10,10,0,2,2,0,10,0,29.024288688400222,F731PW,false
RFQ731-002683,x731,CFG731_5dd42015f6f61801,CFG731_b92916814fce7b8e,3.0,TRUE_IN_TOP3,2,stromEingaenge|dynamicGasMaster,12,12,0,3,3,0,12,0,20.836322804145876,x731,false
RFQ731-002684,G731ST-HT,CFG731_bbffb73f3dff6787,CFG731_9681c4eec01b7fad,2.0,TRUE_IN_TOP3,2,stromSchaltbar|temperaturEingaenge,11,11,0,3,3,0,11,0,25.74440312471359,G731ST-HT,false
RFQ731-002685,F731TE,CFG731_8b8ba7e2341f1295,CFG731_b7c1a02b25610507,2.0,TRUE_IN_TOP3,2,stromSchaltbar|binaerOpenColl_MP,10,10,0,1,1,0,10,0,28.619098489892448,F731TE,false
RFQ731-002686,x731,CFG731_5ae746dac49a854b,CFG731_5ae746dac49a854b,1.0,CORRECT_TOP1,0,,13,13,0,2,2,0,13,0,22.81462266318496,x731,false
RFQ731-002687,x731,CFG731_353333bad447dbef,CFG731_bd51fba2aacb1a3c,2.0,TRUE_IN_TOP3,2,stromSchaltbar|binaerOpenColl_MP,10,10,0,3,3,0,10,0,18.62638281261792,x731,false
RFQ731-002688,G731ST-LT,CFG731_bd3c08ff576a8cab,CFG731_bd3c08ff576a8cab,1.0,CORRECT_TOP1,0,,9,9,0,6,6,0,9,0,25.977580626938806,G731ST-LT,false
RFQ731-002689,F731PW,CFG731_0781a0fecc8f46d5,CFG731_0781a0fecc8f46d5,1.0,CORRECT_TOP1,0,,9,9,0,3,3,0,9,0,29.963630406432344,F731PW,false
RFQ731-002690,x731,CFG731_bf7f206c47d2ca18,CFG731_bf7f206c47d2ca18,1.0,CORRECT_TOP1,0,,14,14,0,2,2,0,14,0,23.01965440363358,x731,false
RFQ731-002691,x731,CFG731_e08dfad4737be3d9,CFG731_e08dfad4737be3d9,1.0,CORRECT_TOP1,0,,13,13,0,4,4,0,13,0,25.40716528230816,x731,false
RFQ731-002692,F731TE,CFG731_3794187f0a0c3133,CFG731_344778a042931752,2.0,TRUE_IN_TOP3,2,stromSchaltbar|binaerOpenColl_MP,9,9,0,2,2,0,9,0,29.705916209934024,F731TE,false
RFQ731-002693,F731PW,CFG731_7785b2914ebb6eaf,CFG731_7785b2914ebb6eaf,1.0,CORRECT_TOP1,0,,10,10,0,2,2,0,10,0,29.024288688400222,F731PW,false
RFQ731-002694,G731ST-HT,CFG731_ef8d68b6d278bfec,CFG731_ef8d68b6d278bfec,1.0,CORRECT_TOP1,0,,11,11,0,4,4,0,11,0,26.64027861631192,G731ST-HT,false
RFQ731-002695,G731CA,CFG731_d97c333965654bd3,CFG731_d97c333965654bd3,1.0,CORRECT_TOP1,0,,11,11,0,1,1,0,11,0,25.445809250813937,G731CA,false
RFQ731-002696,F731WD_SingleChannel,CFG731_a7d2a5a9ae465701,CFG731_a7d2a5a9ae465701,1.0,CORRECT_TOP1,0,,9,9,0,4,4,0,9,0,34.90497744699932,F731WD_SingleChannel,false
RFQ731-002697,x731,CFG731_89772de94df83ba5,CFG731_0988a349490181d9,2.0,TRUE_IN_TOP3,2,temperaturEingaenge|dev_advMeterVerification,10,10,0,4,4,0,10,0,20.62009193841869,x731,false
RFQ731-002698,G731ST-HT,CFG731_6cc2f5d089c01baf,CFG731_c209599718b42485,5.0,TRUE_IN_TOP5,1,stromSchaltbar,10,10,0,3,3,0,10,0,24.035788408479256,G731ST-HT,false
RFQ731-002699,x731,CFG731_18e687233239e907,CFG731_18e687233239e907,1.0,CORRECT_TOP1,0,,11,11,0,3,3,0,11,0,21.393762674990143,x731,false
RFQ731-002700,G731CA,CFG731_d2a75fda6f761c1b,CFG731_d2a75fda6f761c1b,1.0,CORRECT_TOP1,0,,10,10,0,4,4,0,10,0,34.49260001542188,G731CA,false
RFQ731-002701,G731ST-HT,CFG731_6cc2f5d089c01baf,CFG731_c209599718b42485,5.0,TRUE_IN_TOP5,1,stromSchaltbar,11,11,0,2,2,0,11,0,24.035788408479256,G731ST-HT,false
RFQ731-002702,G731ST-LT,CFG731_750dd83a06ba43cb,CFG731_b3d0283738532d82,2.0,TRUE_IN_TOP3,1,stromEingaenge,7,7,0,7,7,0,7,0,24.367064924361177,G731ST-LT,false
RFQ731-002703,G731ST-HT,CFG731_bbffb73f3dff6787,CFG731_68193b179adae994,2.0,TRUE_IN_TOP3,1,stromEingaenge,10,10,0,5,5,0,10,0,27.135358209651407,G731ST-HT,false
RFQ731-002704,G731ST-LT,CFG731_7f5bfa7b21e81359,CFG731_7f5bfa7b21e81359,1.0,CORRECT_TOP1,0,,13,13,0,3,3,0,13,0,26.48987406229649,G731ST-LT,false
RFQ731-002705,x731,CFG731_c4bcee3a1477eeea,CFG731_c4bcee3a1477eeea,1.0,CORRECT_TOP1,0,,12,12,0,3,3,0,12,0,23.06500675421148,x731,false
RFQ731-002706,x731,CFG731_2683cf7e09782f5e,CFG731_2683cf7e09782f5e,1.0,CORRECT_TOP1,0,,12,12,0,4,4,0,12,0,22.62841662476227,x731,false
RFQ731-002707,G731ST-LT,CFG731_a40ab19ad6671fbe,CFG731_a40ab19ad6671fbe,1.0,CORRECT_TOP1,0,,14,14,0,2,2,0,14,0,26.949215780743785,G731ST-LT,false
RFQ731-002708,F731TE,CFG731_b27467571d893d92,CFG731_b27467571d893d92,1.0,CORRECT_TOP1,0,,10,10,0,1,1,0,10,0,30.20745299258429,F731TE,false
RFQ731-002709,G731ST-LT,CFG731_750dd83a06ba43cb,CFG731_750dd83a06ba43cb,1.0,CORRECT_TOP1,0,,10,10,0,5,5,0,10,0,25.785407490269424,G731ST-LT,false
RFQ731-002710,x731,CFG731_2defd08a3d98d7b7,CFG731_2defd08a3d98d7b7,1.0,CORRECT_TOP1,0,,10,10,0,5,5,0,10,0,21.102581485153504,x731,false
RFQ731-002711,x731,CFG731_4e59e6fc4174afa3,CFG731_1cb3c1a9a0d94a34,2.0,TRUE_IN_TOP3,1,stromSchaltbar,12,12,0,1,1,0,12,0,22.089669339145303,x731,false
RFQ731-002712,x731,CFG731_9a659fd01cd1d239,CFG731_9a659fd01cd1d239,1.0,CORRECT_TOP1,0,,8,8,0,5,5,0,8,0,21.792792364124445,x731,false
RFQ731-002713,G731ST-LT,CFG731_87d8ba5b87cf0a3f,CFG731_e1516ef53069d5e2,2.0,TRUE_IN_TOP3,1,stromEingaenge,9,9,0,5,5,0,9,0,24.07679277403509,G731ST-LT,false
RFQ731-002714,x731,CFG731_fb16e30f5bbb87f2,CFG731_fb16e30f5bbb87f2,1.0,CORRECT_TOP1,0,,10,10,0,5,5,0,10,0,22.679037149454956,x731,false
RFQ731-002715,F731WD_DualChannel,CFG731_819cb4e76943eca6,CFG731_819cb4e76943eca6,1.0,CORRECT_TOP1,0,,10,10,0,3,3,0,10,0,32.30861569119556,F731WD_DualChannel,false
RFQ731-002716,x731,CFG731_d8c9e5b1edc3b4b3,CFG731_d8c9e5b1edc3b4b3,1.0,CORRECT_TOP1,0,,14,14,0,1,1,0,14,0,22.56346997156121,x731,false
RFQ731-002717,G731CA,CFG731_dc8a3bad7d99b8ea,CFG731_dc8a3bad7d99b8ea,1.0,CORRECT_TOP1,0,,10,10,0,2,2,0,10,0,26.99196868930281,G731CA,false
RFQ731-002718,G731CA,CFG731_757fbd3e8915b462,CFG731_757fbd3e8915b462,1.0,CORRECT_TOP1,0,,10,10,0,4,4,0,10,0,33.69134256155629,G731CA,false
RFQ731-002719,G731CA,CFG731_55e37d2b9d20276c,CFG731_55e37d2b9d20276c,1.0,CORRECT_TOP1,0,,9,9,0,5,5,0,9,0,31.78596785697629,G731CA,false
RFQ731-002720,G731CA,CFG731_98ec9650b5463fd0,CFG731_98ec9650b5463fd0,1.0,CORRECT_TOP1,0,,9,9,0,3,3,0,9,0,28.170110935086907,G731CA,false
RFQ731-002721,F731TE,CFG731_574aa7a29f75cd60,CFG731_574aa7a29f75cd60,1.0,CORRECT_TOP1,0,,10,10,0,3,3,0,10,0,35.46079387870506,F731TE,false
RFQ731-002722,G731ST-LT,CFG731_0e146b48e4ed8b98,CFG731_0e146b48e4ed8b98,1.0,CORRECT_TOP1,0,,9,9,0,6,6,0,9,0,25.07153149638824,G731ST-LT,false
RFQ731-002723,G731ST-HT,CFG731_a56f1437a0b4ca31,CFG731_a56f1437a0b4ca31,1.0,CORRECT_TOP1,0,,14,14,0,2,2,0,14,0,28.413406697699983,G731ST-HT,false
RFQ731-002724,G731ST-HT,CFG731_8b18ac1c34209d63,CFG731_d44e54f35ee15977,2.0,TRUE_IN_TOP3,2,stromEingaenge|temperaturEingaenge,11,11,0,3,3,0,11,0,25.32079928115848,G731ST-HT,false
RFQ731-002725,F731WD_SingleChannel,CFG731_70b6eaf9262ca4d0,CFG731_400b0d973c930668,2.0,TRUE_IN_TOP3,2,stromSchaltbar|binaerOpenColl_MP,10,10,0,1,1,0,10,0,21.75786055230172,F731WD_SingleChannel,false
RFQ731-002726,F731TE,CFG731_7113759c5b95914d,CFG731_7113759c5b95914d,1.0,CORRECT_TOP1,0,,10,10,0,3,3,0,10,0,40.34799587457038,F731TE,false
RFQ731-002727,x731,CFG731_91e51485b56960b2,CFG731_b8070c62182175c5,6.0,TRUE_IN_TOP10,2,binaerDigitalOpenColl_MN|dynamicGasMaster,12,12,0,3,3,0,12,0,20.314063518444986,x731,false
RFQ731-002728,x731,CFG731_1147f9711c4bff84,CFG731_1147f9711c4bff84,1.0,CORRECT_TOP1,0,,10,10,0,4,4,0,10,0,24.08068821755677,x731,false
RFQ731-002729,G731ST-HT,CFG731_bbffb73f3dff6787,CFG731_bbffb73f3dff6787,1.0,CORRECT_TOP1,0,,13,13,0,3,3,0,13,0,28.55370077555966,G731ST-HT,false
RFQ731-002730,x731,CFG731_f87794e7a98d0b11,CFG731_aef6446574fba0ea,2.0,TRUE_IN_TOP3,1,dev_advMeterVerification,12,12,0,4,4,0,12,0,22.677877322285998,x731,false
RFQ731-002731,x731,CFG731_fb3a51904298e616,CFG731_fb3a51904298e616,1.0,CORRECT_TOP1,0,,9,9,0,5,5,0,9,0,23.02064687754997,x731,false
RFQ731-002732,x731,CFG731_63fe6cb51777cd72,CFG731_63fe6cb51777cd72,1.0,CORRECT_TOP1,0,,12,12,0,2,2,0,12,0,23.192191069761883,x731,false
RFQ731-002733,x731,CFG731_935bc110c01e9e85,CFG731_935bc110c01e9e85,1.0,CORRECT_TOP1,0,,13,13,0,2,2,0,13,0,23.005047174673223,x731,false
RFQ731-002734,x731,CFG731_91e51485b56960b2,CFG731_8e5ce09a779d2284,2.0,TRUE_IN_TOP3,3,stromSchaltbar|stromEingaenge|temperaturEingaenge,11,11,0,3,3,0,11,0,19.749176238335373,x731,false
RFQ731-002735,x731,CFG731_c3481d11b658e1e9,CFG731_c3481d11b658e1e9,1.0,CORRECT_TOP1,0,,11,11,0,5,5,0,11,0,22.55714690886192,x731,false
RFQ731-002736,F731TE,CFG731_7c93880f0c6b22c5,CFG731_7c93880f0c6b22c5,1.0,CORRECT_TOP1,0,,13,13,0,0,0,0,13,0,33.87243937601322,F731TE,false
RFQ731-002737,G731ST-HT,CFG731_a69c8345e2cbb480,CFG731_82d9cee5883aea0f,3.0,TRUE_IN_TOP3,1,stromEingaenge,10,10,0,4,4,0,10,0,25.930119072072184,G731ST-HT,false
RFQ731-002738,x731,CFG731_3b2a32abbf148ca1,CFG731_8c429238b2628537,2.0,TRUE_IN_TOP3,1,stromSchaltbar,13,13,0,3,3,0,13,0,22.770813100412365,x731,false
RFQ731-002739,x731,CFG731_de371e3e32a80802,CFG731_de371e3e32a80802,1.0,CORRECT_TOP1,0,,13,13,0,1,1,0,13,0,22.637553014011186,x731,false
RFQ731-002740,G731ST-HT,CFG731_6cc2f5d089c01baf,CFG731_6cc2f5d089c01baf,1.0,CORRECT_TOP1,0,,10,10,0,4,4,0,10,0,25.48986884927969,G731ST-HT,false
RFQ731-002741,x731,CFG731_9fcbeaf9d5010d3a,CFG731_9fcbeaf9d5010d3a,1.0,CORRECT_TOP1,0,,11,11,0,4,4,0,11,0,21.67925455042225,x731,false
RFQ731-002742,F731TE,CFG731_874928f24c55285e,CFG731_874928f24c55285e,1.0,CORRECT_TOP1,0,,9,9,0,4,4,0,9,0,39.169853628786285,F731TE,false
RFQ731-002743,G731CA,CFG731_b97ce0f180acf155,CFG731_b97ce0f180acf155,1.0,CORRECT_TOP1,0,,10,10,0,4,4,0,10,0,30.239808418487417,G731CA,false
RFQ731-002744,x731,CFG731_4d7e108ea05eeb07,CFG731_4d7e108ea05eeb07,1.0,CORRECT_TOP1,0,,12,12,0,2,2,0,12,0,24.41540546526024,x731,false
RFQ731-002745,x731,CFG731_c6a3ff6155563d17,CFG731_c6a3ff6155563d17,1.0,CORRECT_TOP1,0,,7,7,0,8,8,0,7,0,22.31779444466436,x731,false
RFQ731-002746,x731,CFG731_97796c9ac2811c94,CFG731_97796c9ac2811c94,1.0,CORRECT_TOP1,0,,11,11,0,5,5,0,11,0,23.24111799948612,x731,false
RFQ731-002747,x731,CFG731_70b38ab75d3ca724,CFG731_b3cd6a1a19fbc328,6.0,TRUE_IN_TOP10,1,binaerOpenColl_MP,8,8,0,6,6,0,8,0,19.09036464899238,x731,false
RFQ731-002748,x731,CFG731_a41fe4e67e82e94f,CFG731_a41fe4e67e82e94f,1.0,CORRECT_TOP1,0,,9,9,0,6,6,0,9,0,21.547519412391225,x731,false
RFQ731-002749,x731,CFG731_cb9d6c11077bd307,CFG731_fe424f85d85e1c0c,5.0,TRUE_IN_TOP5,2,stromEingaenge|dev_advMeterVerification,10,10,0,4,4,0,10,0,20.185524914237124,x731,false
RFQ731-002750,x731,CFG731_c39096767a7ae083,CFG731_4da2b3fd83325505,2.0,TRUE_IN_TOP3,2,stromEingaenge|dev_advMeterVerification,11,11,0,4,4,0,11,0,21.761071539028016,x731,false
RFQ731-002751,x731,CFG731_d9c736acc178c66d,CFG731_96d353c7a2763a68,5.0,TRUE_IN_TOP5,2,stromEingaenge|dynamicGasMaster,13,13,0,1,1,0,13,0,20.255718437476347,x731,false
RFQ731-002752,x731,CFG731_073f991a6c9a4683,CFG731_117f19eb2913314e,2.0,TRUE_IN_TOP3,1,stromEingaenge,9,9,0,7,7,0,9,0,23.074971966882437,x731,false
RFQ731-002753,x731,CFG731_abcee67081353f16,CFG731_64e162d496afc031,2.0,TRUE_IN_TOP3,2,stromEingaenge|dev_advMeterVerification,13,13,0,1,1,0,13,0,20.33704577450884,x731,false
RFQ731-002754,F731WD_DualChannel,CFG731_af8fc23bebdac123,CFG731_af8fc23bebdac123,1.0,CORRECT_TOP1,0,,13,13,0,0,0,0,13,0,40.05241362730597,F731WD_DualChannel,false
RFQ731-002755,x731,CFG731_0fbee36816b7af98,CFG731_0fbee36816b7af98,1.0,CORRECT_TOP1,0,,13,13,0,4,4,0,13,0,24.76533442179821,x731,false
RFQ731-002756,x731,CFG731_f0e6b17b1bb2d5ab,CFG731_c640b5e8e10ff5e6,2.0,TRUE_IN_TOP3,1,binaerDigitalOpenColl_MN,11,11,0,2,2,0,11,0,21.22623561643016,x731,false
RFQ731-002757,F731TE,CFG731_81bffae40f4c3a60,CFG731_81bffae40f4c3a60,1.0,CORRECT_TOP1,0,,9,9,0,4,4,0,9,0,40.20567435801124,F731TE,false
RFQ731-002758,F731TE,CFG731_54559f782190a122,CFG731_54559f782190a122,1.0,CORRECT_TOP1,0,,10,10,0,3,3,0,10,0,34.9592570960548,F731TE,false
RFQ731-002759,x731,CFG731_2d0a81ff4ec49480,CFG731_e66ce98c9fc7fa3b,2.0,TRUE_IN_TOP3,1,dev_advMeterVerification,10,10,0,6,6,0,10,0,23.22750568176889,x731,false
RFQ731-002760,F731WD_DualChannel,CFG731_cd1c2b236ffda331,CFG731_f53899c7a09e0138,2.0,TRUE_IN_TOP3,1,stromEingaenge,7,7,0,3,3,0,7,0,26.028198619174976,F731WD_DualChannel,false
RFQ731-002761,x731,CFG731_c9f7a6e9a165e99d,CFG731_c9f7a6e9a165e99d,1.0,CORRECT_TOP1,0,,10,10,0,5,5,0,10,0,21.59611683181627,x731,false
RFQ731-002762,x731,CFG731_663e1e93ec389f08,CFG731_663e1e93ec389f08,1.0,CORRECT_TOP1,0,,8,8,0,7,7,0,8,0,21.44816798893456,x731,false
RFQ731-002763,G731ST-HT,CFG731_bbffb73f3dff6787,CFG731_403f51b2e914043b,4.0,TRUE_IN_TOP5,3,stromSchaltbar|stromEingaenge|temperaturEingaenge,10,10,0,3,3,0,10,0,24.326060558805334,G731ST-HT,false
RFQ731-002764,x731,CFG731_c39096767a7ae083,CFG731_4da2b3fd83325505,2.0,TRUE_IN_TOP3,2,stromEingaenge|dev_advMeterVerification,11,11,0,4,4,0,11,0,21.761071539028016,x731,false
RFQ731-002765,G731ST-HT,CFG731_cc9ac35e4d9a1854,CFG731_143205a81a2e7efc,2.0,TRUE_IN_TOP3,1,stromSchaltbar,10,10,0,5,5,0,10,0,26.85154324863611,G731ST-HT,false
RFQ731-002766,G731ST-LT,CFG731_32b4b1ec4513af66,CFG731_32b4b1ec4513af66,1.0,CORRECT_TOP1,0,,12,12,0,4,4,0,12,0,26.93012428508898,G731ST-LT,false
RFQ731-002767,G731CA,CFG731_5bfe9492c76587ec,CFG731_5bfe9492c76587ec,1.0,CORRECT_TOP1,0,,9,9,0,5,5,0,9,0,35.89643793735161,G731CA,false
RFQ731-002768,x731,CFG731_7ffc09802c7b60bf,CFG731_b5f8987a85e1ce9a,4.0,TRUE_IN_TOP5,1,temperaturEingaenge,10,10,0,5,5,0,10,0,21.12532374004065,x731,false
RFQ731-002769,F731TE,CFG731_8b8ba7e2341f1295,CFG731_b7c1a02b25610507,2.0,TRUE_IN_TOP3,2,stromSchaltbar|binaerOpenColl_MP,10,10,0,1,1,0,10,0,28.619098489892448,F731TE,false
RFQ731-002770,F731TE,CFG731_7113759c5b95914d,CFG731_7113759c5b95914d,1.0,CORRECT_TOP1,0,,9,9,0,4,4,0,9,0,40.34799587457038,F731TE,false
RFQ731-002771,x731,CFG731_7822370b42865359,CFG731_089eb10797cdf87e,4.0,TRUE_IN_TOP5,1,customUserFluid,10,10,0,4,4,0,10,0,21.10938953076077,x731,false
RFQ731-002772,G731ST-HT,CFG731_a3b03637ed22317c,CFG731_dde2f7fe043f7ade,2.0,TRUE_IN_TOP3,1,stromEingaenge,11,11,0,4,4,0,11,0,26.845086059325325,G731ST-HT,false
RFQ731-002773,x731,CFG731_da02526d254e2e35,CFG731_b661f405414c476e,2.0,TRUE_IN_TOP3,1,temperaturEingaenge,13,13,0,2,2,0,13,0,21.27658099852679,x731,false
RFQ731-002774,x731,CFG731_509cb555eca833a1,CFG731_509cb555eca833a1,1.0,CORRECT_TOP1,0,,12,12,0,3,3,0,12,0,21.037423689912305,x731,false
RFQ731-002775,G731CA,CFG731_7e4e2943182c4add,CFG731_7e4e2943182c4add,1.0,CORRECT_TOP1,0,,12,12,0,2,2,0,12,0,38.57854455742161,G731CA,false
RFQ731-002776,x731,CFG731_67704f1a817ad4cd,CFG731_67704f1a817ad4cd,1.0,CORRECT_TOP1,0,,10,10,0,3,3,0,10,0,21.029439414591067,x731,false
RFQ731-002777,x731,CFG731_696639c1a9f714c1,CFG731_696639c1a9f714c1,1.0,CORRECT_TOP1,0,,12,12,0,3,3,0,12,0,21.637823703317384,x731,false
RFQ731-002778,x731,CFG731_8c50542218db5cb0,CFG731_fc0b29ae617f0a6b,4.0,TRUE_IN_TOP5,2,stromSchaltbar|temperaturEingaenge,11,11,0,3,3,0,11,0,20.672305084292645,x731,false
RFQ731-002779,G731ST-LT,CFG731_750dd83a06ba43cb,CFG731_b3d0283738532d82,2.0,TRUE_IN_TOP3,1,stromEingaenge,10,10,0,4,4,0,10,0,24.367064924361177,G731ST-LT,false
RFQ731-002780,x731,CFG731_9fcbeaf9d5010d3a,CFG731_57b3b3a6958ee330,3.0,TRUE_IN_TOP3,1,stromEingaenge,11,11,0,3,3,0,11,0,20.260911984514,x731,false
RFQ731-002781,G731CA,CFG731_0738cd529389f266,CFG731_0738cd529389f266,1.0,CORRECT_TOP1,0,,10,10,0,4,4,0,10,0,31.9359459294427,G731CA,false
RFQ731-002782,G731ST-LT,CFG731_0e146b48e4ed8b98,CFG731_0e146b48e4ed8b98,1.0,CORRECT_TOP1,0,,10,10,0,5,5,0,10,0,25.07153149638824,G731ST-LT,false
RFQ731-002783,x731,CFG731_1f978c234895178c,CFG731_338a3238e967f681,3.0,TRUE_IN_TOP3,1,binaerOpenColl_MP,12,12,0,3,3,0,12,0,20.074140190719067,x731,false
RFQ731-002784,G731ST-LT,CFG731_c5da2661a169f82b,CFG731_c5da2661a169f82b,1.0,CORRECT_TOP1,0,,9,9,0,6,6,0,9,0,25.821145365161616,G731ST-LT,false
RFQ731-002785,x731,CFG731_f97e51d1da57d99f,CFG731_b8db8783f5774853,2.0,TRUE_IN_TOP3,2,dev_advMeterVerification|customUserFluid,12,12,0,2,2,0,12,0,22.04727498931279,x731,false
RFQ731-002786,x731,CFG731_db395082b1a3b8ac,CFG731_73e28cb740f9cabe,2.0,TRUE_IN_TOP3,1,stromSchaltbar,10,10,0,3,3,0,10,0,21.48653109986395,x731,false
RFQ731-002787,G731ST-LT,CFG731_49cd4cbef1081333,CFG731_49cd4cbef1081333,1.0,CORRECT_TOP1,0,,12,12,0,3,3,0,12,0,25.035793621496047,G731ST-LT,false
RFQ731-002788,G731ST-HT,CFG731_a69c8345e2cbb480,CFG731_82d9cee5883aea0f,3.0,TRUE_IN_TOP3,1,stromEingaenge,8,8,0,6,6,0,8,0,25.930119072072184,G731ST-HT,false
RFQ731-002789,x731,CFG731_d723355141502003,CFG731_c691e1b97ac6f4f0,3.0,TRUE_IN_TOP3,2,stromSchaltbar|binaerOpenColl_MP,10,10,0,2,2,0,10,0,19.54157445673445,x731,false
RFQ731-002790,x731,CFG731_57a2b410fc32b41a,CFG731_ebf26b0112810ef9,3.0,TRUE_IN_TOP3,1,stromSchaltbar,12,12,0,2,2,0,12,0,20.03376519005053,x731,false
RFQ731-002791,F731WD_SingleChannel,CFG731_9a761e6bfde35917,CFG731_9a761e6bfde35917,1.0,CORRECT_TOP1,0,,8,8,0,5,5,0,8,0,38.506254188817095,F731WD_SingleChannel,false
RFQ731-002792,G731ST-HT,CFG731_37f66c3948c00e57,CFG731_37f66c3948c00e57,1.0,CORRECT_TOP1,0,,8,8,0,5,5,0,8,0,23.513529122778365,G731ST-HT,false
RFQ731-002793,x731,CFG731_ef2da8cd513b19be,CFG731_ef2da8cd513b19be,1.0,CORRECT_TOP1,0,,10,10,0,4,4,0,10,0,21.49668611583682,x731,false
RFQ731-002794,x731,CFG731_947b0b2717816adb,CFG731_947b0b2717816adb,1.0,CORRECT_TOP1,0,,9,9,0,4,4,0,9,0,22.70664311364192,x731,false
RFQ731-002795,x731,CFG731_228013cfd0470f7a,CFG731_228013cfd0470f7a,1.0,CORRECT_TOP1,0,,14,14,0,1,1,0,14,0,22.333645146756652,x731,false
RFQ731-002796,x731,CFG731_5aad423ad5989441,CFG731_5aad423ad5989441,1.0,CORRECT_TOP1,0,,12,12,0,3,3,0,12,0,22.52751628918324,x731,false
RFQ731-002797,x731,CFG731_e1c54b5b080fabb2,CFG731_70aa05e83d20d403,3.0,TRUE_IN_TOP3,2,stromSchaltbar|temperaturEingaenge,12,12,0,1,1,0,12,0,19.73460865627954,x731,false
RFQ731-002798,G731ST-LT,CFG731_77dd17c48f15826c,CFG731_77dd17c48f15826c,1.0,CORRECT_TOP1,0,,9,9,0,6,6,0,9,0,25.792989087085736,G731ST-LT,false
RFQ731-002799,x731,CFG731_b4987f1c95e91d0d,CFG731_24a2c6ef94654845,2.0,TRUE_IN_TOP3,1,stromEingaenge,11,11,0,4,4,0,11,0,20.923183492338087,x731,false
RFQ731-002800,G731ST-LT,CFG731_2469d1b04bd775f6,CFG731_2469d1b04bd775f6,1.0,CORRECT_TOP1,0,,14,14,0,1,1,0,14,0,25.13465685225086,G731ST-LT,false
RFQ731-002801,F731WD_SingleChannel,CFG731_11c93eca01984a14,CFG731_0be7d6198235486b,2.0,TRUE_IN_TOP3,2,stromSchaltbar|binaerOpenColl_MP,8,8,0,3,3,0,8,0,25.359137294119503,F731WD_SingleChannel,false
RFQ731-002802,x731,CFG731_241d60e6ef5278be,CFG731_62b88f35eaf74362,4.0,TRUE_IN_TOP5,3,stromSchaltbar|temperaturEingaenge|dev_advMeterVerification,11,11,0,2,2,0,11,0,19.05387369783445,x731,false
RFQ731-002803,x731,CFG731_1f0c09edcd967945,CFG731_f0818b6e9953d652,6.0,TRUE_IN_TOP10,1,customUserFluid,13,13,0,0,0,0,13,0,20.19774698303312,x731,false
RFQ731-002804,G731CA,CFG731_d2a75fda6f761c1b,CFG731_d2a75fda6f761c1b,1.0,CORRECT_TOP1,0,,10,10,0,4,4,0,10,0,34.49260001542188,G731CA,false
RFQ731-002805,G731ST-LT,CFG731_0fdf5c36c9c41e69,CFG731_671960d0fb04b698,2.0,TRUE_IN_TOP3,2,stromSchaltbar|temperaturEingaenge,12,12,0,2,2,0,12,0,23.830554483916828,G731ST-LT,false
RFQ731-002806,G731ST-LT,CFG731_e0009be417f51ccd,CFG731_e0009be417f51ccd,1.0,CORRECT_TOP1,0,,10,10,0,6,6,0,10,0,27.239487931069867,G731ST-LT,false
RFQ731-002807,F731WD_DualChannel,CFG731_c37386a371e13fa8,CFG731_c37386a371e13fa8,1.0,CORRECT_TOP1,0,,6,6,0,6,6,0,6,0,30.890273125287308,F731WD_DualChannel,false
RFQ731-002808,x731,CFG731_4374ad7ccac15076,CFG731_071ad1736ef73ba8,5.0,TRUE_IN_TOP5,1,stromSchaltbar,10,10,0,3,3,0,10,0,18.44455390692075,x731,false
RFQ731-002809,x731,CFG731_24648603ca730481,CFG731_ef6e203c92a71c88,3.0,TRUE_IN_TOP3,1,stromSchaltbar,8,8,0,6,6,0,8,0,20.30218618162841,x731,false
RFQ731-002810,G731CA,CFG731_d2a75fda6f761c1b,CFG731_d2a75fda6f761c1b,1.0,CORRECT_TOP1,0,,10,10,0,4,4,0,10,0,34.49260001542188,G731CA,false
RFQ731-002811,F731WD_DualChannel,CFG731_a4610f5f38e7d946,CFG731_a4610f5f38e7d946,1.0,CORRECT_TOP1,0,,8,8,0,5,5,0,8,0,36.30115881302178,F731WD_DualChannel,false
RFQ731-002812,G731CA,CFG731_acbf4c45af55caad,CFG731_acbf4c45af55caad,1.0,CORRECT_TOP1,0,,10,10,0,4,4,0,10,0,30.84912820940112,G731CA,false
RFQ731-002813,x731,CFG731_0fbee36816b7af98,CFG731_b74fb5418dad3b38,2.0,TRUE_IN_TOP3,1,stromEingaenge,13,13,0,3,3,0,13,0,23.346991855889964,x731,false
RFQ731-002814,G731ST-HT,CFG731_e2d64e127f97296d,CFG731_e2d64e127f97296d,1.0,CORRECT_TOP1,0,,12,12,0,3,3,0,12,0,26.49998453845225,G731ST-HT,false
RFQ731-002815,x731,CFG731_357a7724550c556f,CFG731_c976e33226ef748e,2.0,TRUE_IN_TOP3,2,stromEingaenge|temperaturEingaenge,10,10,0,3,3,0,10,0,18.4041579918181,x731,false
RFQ731-002816,x731,CFG731_67de76f701c9cfad,CFG731_c348ae803bb36511,2.0,TRUE_IN_TOP3,1,temperaturEingaenge,11,11,0,4,4,0,11,0,21.71407155822589,x731,false
RFQ731-002817,x731,CFG731_e3b7a52ea0694eb1,CFG731_e3b7a52ea0694eb1,1.0,CORRECT_TOP1,0,,12,12,0,2,2,0,12,0,21.14512740565296,x731,false
RFQ731-002818,x731,CFG731_34e092c266a308aa,CFG731_34e092c266a308aa,1.0,CORRECT_TOP1,0,,11,11,0,4,4,0,11,0,22.065224155178772,x731,false
RFQ731-002819,G731ST-HT,CFG731_c32627af59ba1526,CFG731_c32627af59ba1526,1.0,CORRECT_TOP1,0,,10,10,0,5,5,0,10,0,26.82599456367052,G731ST-HT,false
RFQ731-002820,F731WD_DualChannel,CFG731_c37386a371e13fa8,CFG731_c37386a371e13fa8,1.0,CORRECT_TOP1,0,,7,7,0,5,5,0,7,0,30.890273125287308,F731WD_DualChannel,false
RFQ731-002821,G731ST-HT,CFG731_c32627af59ba1526,CFG731_1e3e39ce65cdb22f,7.0,TRUE_IN_TOP10,2,temperaturEingaenge|binaerOpenColl_MP,10,10,0,3,3,0,10,0,23.19770828748669,G731ST-HT,false
RFQ731-002822,x731,CFG731_c87cb45e3d711af0,CFG731_ae1c24f394311970,7.0,TRUE_IN_TOP10,1,binaerDigitalOpenColl_MN,11,11,0,2,2,0,11,0,19.292425604172166,x731,false
RFQ731-002823,x731,CFG731_f87794e7a98d0b11,CFG731_f87794e7a98d0b11,1.0,CORRECT_TOP1,0,,11,11,0,6,6,0,11,0,23.76555182276551,x731,false
RFQ731-002824,F731TE,CFG731_ec26805bdf93259f,CFG731_ec26805bdf93259f,1.0,CORRECT_TOP1,0,,9,9,0,4,4,0,9,0,33.91463444021619,F731TE,false
RFQ731-002825,x731,CFG731_6b809c836e3ca8a1,CFG731_6b809c836e3ca8a1,1.0,CORRECT_TOP1,0,,9,9,0,6,6,0,9,0,23.18573716763555,x731,false
RFQ731-002826,x731,CFG731_7ffc09802c7b60bf,CFG731_917fc613cc9bf56a,2.0,TRUE_IN_TOP3,2,temperaturEingaenge|dev_advMeterVerification,9,9,0,5,5,0,9,0,20.037649239561134,x731,false
RFQ731-002827,x731,CFG731_219ac3d01befd6d1,CFG731_b418359232bf5862,6.0,TRUE_IN_TOP10,3,stromEingaenge|temperaturEingaenge|binaerOpenColl_MP,9,9,0,4,4,0,9,0,18.04451108492764,x731,false
RFQ731-002828,G731ST-LT,CFG731_d124ccffa669c3a2,CFG731_16700b9d004fb9de,2.0,TRUE_IN_TOP3,1,temperaturEingaenge,9,9,0,6,6,0,9,0,25.63619363490113,G731ST-LT,false
RFQ731-002829,x731,CFG731_9d5f3b4b7b2dfa7b,CFG731_9d5f3b4b7b2dfa7b,1.0,CORRECT_TOP1,0,,11,11,0,4,4,0,11,0,22.215202227645182,x731,false
RFQ731-002830,x731,CFG731_31aa13473958d7d3,CFG731_1c1fb7a32bf0146b,2.0,TRUE_IN_TOP3,2,stromEingaenge|temperaturEingaenge,14,14,0,1,1,0,14,0,21.423177487183047,x731,false
RFQ731-002831,G731ST-HT,CFG731_ef8d68b6d278bfec,CFG731_ef8d68b6d278bfec,1.0,CORRECT_TOP1,0,,14,14,0,1,1,0,14,0,26.64027861631192,G731ST-HT,false
RFQ731-002832,G731ST-LT,CFG731_7b1edd53e8bbad40,CFG731_7b1edd53e8bbad40,1.0,CORRECT_TOP1,0,,12,12,0,3,3,0,12,0,25.971123437628023,G731ST-LT,false
RFQ731-002833,x731,CFG731_91e51485b56960b2,CFG731_b187fb9ad3627171,2.0,TRUE_IN_TOP3,3,dev_advMeterVerification|dynamicGasMaster|customUserFluid,9,9,0,5,5,0,9,0,20.14107509773367,x731,false
RFQ731-002834,x731,CFG731_6204dd6ea742eb13,CFG731_6204dd6ea742eb13,1.0,CORRECT_TOP1,0,,11,11,0,3,3,0,11,0,20.67931104855829,x731,false
RFQ731-002835,x731,CFG731_c39096767a7ae083,CFG731_1a94d4f54519245f,2.0,TRUE_IN_TOP3,1,stromSchaltbar,13,13,0,3,3,0,13,0,22.81300816461534,x731,false
RFQ731-002836,G731ST-LT,CFG731_1d89d7fdc7355744,CFG731_1d89d7fdc7355744,1.0,CORRECT_TOP1,0,,11,11,0,4,4,0,11,0,26.013318501830994,G731ST-LT,false
RFQ731-002837,x731,CFG731_3b2a32abbf148ca1,CFG731_8c429238b2628537,2.0,TRUE_IN_TOP3,1,stromSchaltbar,12,12,0,4,4,0,12,0,22.770813100412365,x731,false
RFQ731-002838,x731,CFG731_b4f65e97f91c3587,CFG731_34f0f73c6e8d4770,3.0,TRUE_IN_TOP3,1,temperaturEingaenge,9,9,0,6,6,0,9,0,20.590084514027605,x731,false
RFQ731-002839,G731ST-HT,CFG731_8216f56c8f1b8479,CFG731_8216f56c8f1b8479,1.0,CORRECT_TOP1,0,,12,12,0,2,2,0,12,0,24.931663900077588,G731ST-HT,false
RFQ731-002840,x731,CFG731_1147f9711c4bff84,CFG731_1434e7eedafa69d1,2.0,TRUE_IN_TOP3,1,stromSchaltbar,9,9,0,4,4,0,9,0,22.62660777675633,x731,false
RFQ731-002841,G731ST-LT,CFG731_0e146b48e4ed8b98,CFG731_2c30adc3f721a104,4.0,TRUE_IN_TOP5,1,temperaturEingaenge,10,10,0,4,4,0,10,0,23.71631428634261,G731ST-LT,false
RFQ731-002842,x731,CFG731_b7c5e5eddd92ed3a,CFG731_558c0cc81a7cd52b,5.0,TRUE_IN_TOP5,2,stromSchaltbar|binaerDigitalOpenColl_MN,9,9,0,3,3,0,9,0,16.924118549168348,x731,false
RFQ731-002843,x731,CFG731_579057193c092394,CFG731_0d3b04d12b4208a2,6.0,TRUE_IN_TOP10,1,temperaturEingaenge,9,9,0,5,5,0,9,0,19.247639455685103,x731,false
RFQ731-002844,x731,CFG731_5e61ce3b60d15e11,CFG731_23a1ed9427c6dc1f,2.0,TRUE_IN_TOP3,1,dynamicGasMaster,12,12,0,4,4,0,12,0,23.225672478825288,x731,false
RFQ731-002845,x731,CFG731_7f60255816247683,CFG731_7f60255816247683,1.0,CORRECT_TOP1,0,,13,13,0,3,3,0,13,0,22.056937106531176,x731,false
RFQ731-002846,F731TE,CFG731_0c3b33750ffab3ac,CFG731_0c3b33750ffab3ac,1.0,CORRECT_TOP1,0,,8,8,0,3,3,0,8,0,31.343400174165414,F731TE,false
RFQ731-002847,x731,CFG731_a70e307c2ffca857,CFG731_695e540255cc94da,3.0,TRUE_IN_TOP3,1,binaerOpenColl_MP,11,11,0,2,2,0,11,0,20.845676825068484,x731,false
RFQ731-002848,G731ST-LT,CFG731_4772bedc40328ae2,CFG731_bdfa7cd2dbcb13f7,4.0,TRUE_IN_TOP5,1,stromEingaenge,13,13,0,1,1,0,13,0,24.40925998856415,G731ST-LT,false
RFQ731-002849,F731TE,CFG731_d8c69b7395beabbb,CFG731_d8c69b7395beabbb,1.0,CORRECT_TOP1,0,,9,9,0,4,4,0,9,0,38.80183643608151,F731TE,false
RFQ731-002850,G731ST-HT,CFG731_eb70dc35972dc4b7,CFG731_c759934398f2381a,2.0,TRUE_IN_TOP3,1,binaerDigitalOpenColl_MN,11,11,0,3,3,0,11,0,24.904484207716184,G731ST-HT,false
RFQ731-002851,x731,CFG731_0fbee36816b7af98,CFG731_0fbee36816b7af98,1.0,CORRECT_TOP1,0,,12,12,0,5,5,0,12,0,24.76533442179821,x731,false
RFQ731-002852,F731WD_DualChannel,CFG731_c37386a371e13fa8,CFG731_c37386a371e13fa8,1.0,CORRECT_TOP1,0,,12,12,0,0,0,0,12,0,30.890273125287308,F731WD_DualChannel,false
RFQ731-002853,x731,CFG731_b7e47b5e3ac0c072,CFG731_a1bf91a6c5841fc0,3.0,TRUE_IN_TOP3,1,stromSchaltbar,11,11,0,1,1,0,11,0,18.806791898095295,x731,false
RFQ731-002854,x731,CFG731_bd2172ffd6b9273a,CFG731_bd2172ffd6b9273a,1.0,CORRECT_TOP1,0,,9,9,0,6,6,0,9,0,22.13339148935873,x731,false
RFQ731-002855,x731,CFG731_91e51485b56960b2,CFG731_8f7aae9f36234f0e,5.0,TRUE_IN_TOP5,3,stromSchaltbar|stromEingaenge|binaerDigitalOpenColl_MN,8,8,0,6,6,0,8,0,19.12159653256889,x731,false
RFQ731-002856,x731,CFG731_7f60255816247683,CFG731_39890affe81b5eb5,3.0,TRUE_IN_TOP3,1,dynamicGasMaster,9,9,0,6,6,0,9,0,20.376981085698574,x731,false
RFQ731-002857,x731,CFG731_91e51485b56960b2,CFG731_7c78a4beb9b12eb2,2.0,TRUE_IN_TOP3,2,stromEingaenge|binaerDigitalOpenColl_MN,11,11,0,4,4,0,11,0,20.575676973369337,x731,false
RFQ731-002858,G731ST-LT,CFG731_10085782ed0991cf,CFG731_613ed23f00a94a96,2.0,TRUE_IN_TOP3,1,stromSchaltbar,11,11,0,4,4,0,11,0,25.687308476612724,G731ST-LT,false
RFQ731-002859,F731PW,CFG731_7fea22051dcc86b6,CFG731_7fea22051dcc86b6,1.0,CORRECT_TOP1,0,,10,10,0,2,2,0,10,0,34.67118328099436,F731PW,false
RFQ731-002860,x731,CFG731_8d78781f8753b72a,CFG731_8d78781f8753b72a,1.0,CORRECT_TOP1,0,,9,9,0,5,5,0,9,0,23.16094095540965,x731,false
RFQ731-002861,x731,CFG731_3611bb1fba248e38,CFG731_20991e8bae2729c8,3.0,TRUE_IN_TOP3,1,customUserFluid,10,10,0,4,4,0,10,0,20.259585004194477,x731,false
RFQ731-002862,x731,CFG731_cfd76bae1adb5727,CFG731_cfd76bae1adb5727,1.0,CORRECT_TOP1,0,,10,10,0,5,5,0,10,0,21.812544699670788,x731,false
RFQ731-002863,x731,CFG731_4eb28f7e77f7ba51,CFG731_c9190efaaf22bb3f,7.0,TRUE_IN_TOP10,1,temperaturEingaenge,9,9,0,5,5,0,9,0,21.51019313098257,x731,false
RFQ731-002864,x731,CFG731_ef2da8cd513b19be,CFG731_ef2da8cd513b19be,1.0,CORRECT_TOP1,0,,11,11,0,3,3,0,11,0,21.49668611583682,x731,false
RFQ731-002865,x731,CFG731_0db950a4979d2c52,CFG731_fa6b5a7df55858c0,2.0,TRUE_IN_TOP3,1,stromSchaltbar,9,9,0,7,7,0,9,0,23.16127590853137,x731,false
RFQ731-002866,x731,CFG731_3a824c7e49bfd8f4,CFG731_3a824c7e49bfd8f4,1.0,CORRECT_TOP1,0,,10,10,0,5,5,0,10,0,22.308866695567307,x731,false
RFQ731-002867,G731ST-LT,CFG731_996314000fcfec4b,CFG731_22da0d6030817265,2.0,TRUE_IN_TOP3,1,temperaturEingaenge,13,13,0,2,2,0,13,0,25.424929002576945,G731ST-LT,false
RFQ731-002868,x731,CFG731_2d0a81ff4ec49480,CFG731_f9b0b8723f7e8c60,3.0,TRUE_IN_TOP3,2,stromEingaenge|customUserFluid,9,9,0,6,6,0,9,0,21.82872678029624,x731,false
RFQ731-002869,x731,CFG731_ad672c682712eda8,CFG731_f61d3bc030352da6,7.0,TRUE_IN_TOP10,2,stromSchaltbar|binaerDigitalOpenColl_MN,11,11,0,3,3,0,11,0,18.683185105781245,x731,false
RFQ731-002870,x731,CFG731_5cfa203ca7029f1c,CFG731_41435e12137a7344,3.0,TRUE_IN_TOP3,1,dev_advMeterVerification,9,9,0,6,6,0,9,0,22.1794706030723,x731,false
RFQ731-002871,x731,CFG731_648b3a822a947c68,CFG731_648b3a822a947c68,1.0,CORRECT_TOP1,0,,13,13,0,2,2,0,13,0,21.60776902703612,x731,false
RFQ731-002872,G731ST-LT,CFG731_32b4b1ec4513af66,CFG731_68d95a26943b3650,2.0,TRUE_IN_TOP3,2,stromSchaltbar|temperaturEingaenge,10,10,0,4,4,0,10,0,24.12082663424291,G731ST-LT,false
RFQ731-002873,G731ST-LT,CFG731_0fdf5c36c9c41e69,CFG731_671960d0fb04b698,2.0,TRUE_IN_TOP3,2,stromSchaltbar|temperaturEingaenge,7,7,0,7,7,0,7,0,23.830554483916828,G731ST-LT,false
RFQ731-002874,x731,CFG731_2d0a81ff4ec49480,CFG731_f84a3b5f8ae2ffee,3.0,TRUE_IN_TOP3,3,stromEingaenge|temperaturEingaenge|dynamicGasMaster,11,11,0,3,3,0,11,0,19.86166438546192,x731,false
RFQ731-002875,x731,CFG731_241d60e6ef5278be,CFG731_981d84ac2d25a7ea,3.0,TRUE_IN_TOP3,2,stromSchaltbar|customUserFluid,11,11,0,3,3,0,11,0,20.428654572315686,x731,false
RFQ731-002876,x731,CFG731_24648603ca730481,CFG731_ef6e203c92a71c88,3.0,TRUE_IN_TOP3,1,stromSchaltbar,10,10,0,4,4,0,10,0,20.30218618162841,x731,false
RFQ731-002877,x731,CFG731_1f0c09edcd967945,CFG731_1f0c09edcd967945,1.0,CORRECT_TOP1,0,,7,7,0,7,7,0,7,0,21.265857819077038,x731,false
RFQ731-002878,G731CA,CFG731_757fbd3e8915b462,CFG731_757fbd3e8915b462,1.0,CORRECT_TOP1,0,,8,8,0,6,6,0,8,0,33.69134256155629,G731CA,false
RFQ731-002879,G731ST-LT,CFG731_7b1edd53e8bbad40,CFG731_55620bd5ef4cd10a,7.0,TRUE_IN_TOP10,2,stromSchaltbar|temperaturEingaenge,9,9,0,4,4,0,9,0,23.161825786781957,G731ST-LT,false
RFQ731-002880,G731ST-HT,CFG731_7c70763d4cf79560,CFG731_7c70763d4cf79560,1.0,CORRECT_TOP1,0,,11,11,0,4,4,0,11,0,26.47280484609084,G731ST-HT,false
RFQ731-002881,G731CA,CFG731_c7ca2f069d01e42d,CFG731_afa90db347a19822,2.0,TRUE_IN_TOP3,2,stromSchaltbar|binaerOpenColl_MP,11,11,0,1,1,0,11,0,23.39069194748503,G731CA,false
RFQ731-002882,x731,CFG731_36d7686aca1200ae,CFG731_258498329a834b05,2.0,TRUE_IN_TOP3,1,stromSchaltbar,12,12,0,3,3,0,12,0,21.80605869848573,x731,false
RFQ731-002883,x731,CFG731_2a8793475d827bb6,CFG731_b228aa35c0b027ac,4.0,TRUE_IN_TOP5,1,binaerDigitalOpenColl_MN,8,8,0,6,6,0,8,0,20.651942771649445,x731,false
RFQ731-002884,x731,CFG731_a9ec8cda9130252f,CFG731_f560db8c82450ee1,2.0,TRUE_IN_TOP3,1,dev_advMeterVerification,9,9,0,4,4,0,9,0,20.523251812931523,x731,false
RFQ731-002885,x731,CFG731_f03dd6d0a112bc66,CFG731_bf623a3fc4d39d84,5.0,TRUE_IN_TOP5,1,stromSchaltbar,10,10,0,4,4,0,10,0,21.376716432841103,x731,false
RFQ731-002886,x731,CFG731_c39096767a7ae083,CFG731_4da2b3fd83325505,2.0,TRUE_IN_TOP3,2,stromEingaenge|dev_advMeterVerification,11,11,0,4,4,0,11,0,21.761071539028016,x731,false
RFQ731-002887,x731,CFG731_6bdadac99b2f7b39,CFG731_4cb12f26dcf6f797,3.0,TRUE_IN_TOP3,1,stromSchaltbar,11,11,0,4,4,0,11,0,20.75964227485068,x731,false
RFQ731-002888,x731,CFG731_8d07e19298d09d34,CFG731_4158c57c64fd4dcc,3.0,TRUE_IN_TOP3,2,temperaturEingaenge|binaerOpenColl_MP,12,12,0,2,2,0,12,0,20.293566681747382,x731,false
RFQ731-002889,F731PW,CFG731_0d8116f4900c6919,CFG731_0d8116f4900c6919,1.0,CORRECT_TOP1,0,,11,11,0,1,1,0,11,0,29.13642648818402,F731PW,false
RFQ731-002890,x731,CFG731_a6d4830ed3aa2681,CFG731_49fe7a9d3e1ae54e,2.0,TRUE_IN_TOP3,1,binaerDigitalOpenColl_MN,8,8,0,7,7,0,8,0,20.93020866066532,x731,false
RFQ731-002891,F731TE,CFG731_8b8ba7e2341f1295,CFG731_8b8ba7e2341f1295,1.0,CORRECT_TOP1,0,,12,12,0,1,1,0,12,0,37.62369419029741,F731TE,false
RFQ731-002892,x731,CFG731_22fecf5bb26e1132,CFG731_22fecf5bb26e1132,1.0,CORRECT_TOP1,0,,11,11,0,4,4,0,11,0,22.244470125273384,x731,false
RFQ731-002893,x731,CFG731_97fec9a076550ea5,CFG731_97fec9a076550ea5,1.0,CORRECT_TOP1,0,,10,10,0,5,5,0,10,0,21.774952004852693,x731,false
RFQ731-002894,G731ST-HT,CFG731_2a989bd6dba74d9f,CFG731_2a989bd6dba74d9f,1.0,CORRECT_TOP1,0,,13,13,0,3,3,0,13,0,28.455601761902955,G731ST-HT,false
RFQ731-002895,G731ST-HT,CFG731_646d8903da63e1f0,CFG731_646d8903da63e1f0,1.0,CORRECT_TOP1,0,,10,10,0,5,5,0,10,0,26.99506413179173,G731ST-HT,false
RFQ731-002896,x731,CFG731_fd3397424975992e,CFG731_e65df8b5affd7b05,2.0,TRUE_IN_TOP3,1,customUserFluid,10,10,0,4,4,0,10,0,20.41376579819814,x731,false
RFQ731-002897,G731ST-LT,CFG731_c5da2661a169f82b,CFG731_c5da2661a169f82b,1.0,CORRECT_TOP1,0,,12,12,0,3,3,0,12,0,25.821145365161616,G731ST-LT,false
RFQ731-002898,G731ST-HT,CFG731_8b18ac1c34209d63,CFG731_80619ff0be976225,2.0,TRUE_IN_TOP3,1,stromEingaenge,10,10,0,5,5,0,10,0,26.67601649120411,G731ST-HT,false
RFQ731-002899,G731ST-HT,CFG731_4aa7d46b9cfa7d7b,CFG731_72c610ffb054f7c4,3.0,TRUE_IN_TOP3,3,stromSchaltbar|temperaturEingaenge|binaerDigitalOpenColl_MN,10,10,0,3,3,0,10,0,23.58347185835919,G731ST-HT,false
RFQ731-002900,x731,CFG731_c39096767a7ae083,CFG731_c39096767a7ae083,1.0,CORRECT_TOP1,0,,15,15,0,2,2,0,15,0,24.26708860541578,x731,false
RFQ731-002901,x731,CFG731_36d7686aca1200ae,CFG731_70b78512b89df53d,3.0,TRUE_IN_TOP3,2,stromSchaltbar|stromEingaenge,13,13,0,1,1,0,13,0,20.387716132577484,x731,false
RFQ731-002902,G731ST-HT,CFG731_646d8903da63e1f0,CFG731_646d8903da63e1f0,1.0,CORRECT_TOP1,0,,10,10,0,5,5,0,10,0,26.99506413179173,G731ST-HT,false
RFQ731-002903,G731CA,CFG731_ed85647cd384c17a,CFG731_ed85647cd384c17a,1.0,CORRECT_TOP1,0,,12,12,0,2,2,0,12,0,32.43748271209297,G731CA,false
RFQ731-002904,x731,CFG731_cb3a6f924677049e,CFG731_6878009af5d30faf,4.0,TRUE_IN_TOP5,1,stromSchaltbar,11,11,0,3,3,0,11,0,20.41165128192768,x731,false
RFQ731-002905,x731,CFG731_219ac3d01befd6d1,CFG731_7eb5b2d6a16dd3a3,2.0,TRUE_IN_TOP3,1,temperaturEingaenge,10,10,0,5,5,0,10,0,21.735922716974084,x731,false
RFQ731-002906,G731CA,CFG731_b43582909c828d95,CFG731_b43582909c828d95,1.0,CORRECT_TOP1,0,,8,8,0,4,4,0,8,0,21.956670308779955,G731CA,false
RFQ731-002907,G731ST-LT,CFG731_8b6ed3cfa9ed1e59,CFG731_e4891d6f45902e22,4.0,TRUE_IN_TOP5,1,stromEingaenge,12,12,0,2,2,0,12,0,24.465928155115986,G731ST-LT,false
RFQ731-002908,x731,CFG731_9a0f0b26c7f24725,CFG731_f4dfffb8a9fa30f7,3.0,TRUE_IN_TOP3,1,stromSchaltbar,11,11,0,4,4,0,11,0,22.39444819773979,x731,false
RFQ731-002909,x731,CFG731_59f86789e43d86f1,CFG731_59f86789e43d86f1,1.0,CORRECT_TOP1,0,,12,12,0,4,4,0,12,0,23.11716703108541,x731,false
RFQ731-002910,x731,CFG731_31aa13473958d7d3,CFG731_776fc7d42eb46e40,5.0,TRUE_IN_TOP5,3,stromSchaltbar|stromEingaenge|dynamicGasMaster,10,10,0,4,4,0,10,0,19.64435823559564,x731,false
RFQ731-002911,G731ST-LT,CFG731_7203705eed387b0a,CFG731_26c190a4dc461550,2.0,TRUE_IN_TOP3,1,temperaturEingaenge,11,11,0,4,4,0,11,0,26.034248793490644,G731ST-LT,false
RFQ731-002912,x731,CFG731_91e51485b56960b2,CFG731_2e0e24cbfe1ca19b,2.0,TRUE_IN_TOP3,1,stromSchaltbar,13,13,0,3,3,0,13,0,22.522736014289254,x731,false
RFQ731-002913,G731ST-HT,CFG731_b30ceef5c5f902ca,CFG731_b30ceef5c5f902ca,1.0,CORRECT_TOP1,0,,10,10,0,3,3,0,10,0,23.86671884035804,G731ST-HT,false
RFQ731-002914,x731,CFG731_fe9a409c6b2ba9cc,CFG731_fe9a409c6b2ba9cc,1.0,CORRECT_TOP1,0,,9,9,0,6,6,0,9,0,21.445650566648,x731,false
RFQ731-002915,F731TE,CFG731_ac57adca497d644f,CFG731_ac57adca497d644f,1.0,CORRECT_TOP1,0,,8,8,0,5,5,0,8,0,37.66588925450039,F731TE,false
RFQ731-002916,G731ST-HT,CFG731_4aa7d46b9cfa7d7b,CFG731_ad49f2ad57627f46,2.0,TRUE_IN_TOP3,3,stromSchaltbar|stromEingaenge|temperaturEingaenge,12,12,0,1,1,0,12,0,24.14792620826305,G731ST-HT,false
RFQ731-002917,x731,CFG731_962b6fcde3072947,CFG731_962b6fcde3072947,1.0,CORRECT_TOP1,0,,12,12,0,4,4,0,12,0,22.08559580193291,x731,false
RFQ731-002918,G731ST-LT,CFG731_e03b41992c837b34,CFG731_4c72f78c1186e8f7,4.0,TRUE_IN_TOP5,1,stromEingaenge,12,12,0,2,2,0,12,0,23.90772320591388,G731ST-LT,false
RFQ731-002919,x731,CFG731_3a824c7e49bfd8f4,CFG731_3a824c7e49bfd8f4,1.0,CORRECT_TOP1,0,,13,13,0,2,2,0,13,0,22.308866695567307,x731,false
RFQ731-002920,G731ST-HT,CFG731_63eca10a00ae1f5d,CFG731_ab3b0ae98d7b2345,2.0,TRUE_IN_TOP3,1,stromSchaltbar,9,9,0,6,6,0,9,0,27.14181539896219,G731ST-HT,false
RFQ731-002921,x731,CFG731_2e57977cf2dd500a,CFG731_7b2620a0a86146ac,5.0,TRUE_IN_TOP5,2,stromEingaenge|temperaturEingaenge,10,10,0,4,4,0,10,0,20.92366380980042,x731,false
RFQ731-002922,F731TE,CFG731_56ccaebbaa08bd29,CFG731_56ccaebbaa08bd29,1.0,CORRECT_TOP1,0,,8,8,0,3,3,0,8,0,28.731236289676243,F731TE,false
RFQ731-002923,G731ST-LT,CFG731_32b4b1ec4513af66,CFG731_fbf2539ea471ea5b,2.0,TRUE_IN_TOP3,1,temperaturEingaenge,11,11,0,4,4,0,11,0,25.57490707504335,G731ST-LT,false
RFQ731-002924,x731,CFG731_9fd2ebe15271fc33,CFG731_9fd2ebe15271fc33,1.0,CORRECT_TOP1,0,,11,11,0,4,4,0,11,0,22.63043973002991,x731,false
RFQ731-002925,x731,CFG731_57a2b410fc32b41a,CFG731_57a2b410fc32b41a,1.0,CORRECT_TOP1,0,,10,10,0,5,5,0,10,0,21.487845630850977,x731,false
RFQ731-002926,F731TE,CFG731_7c93880f0c6b22c5,CFG731_7c93880f0c6b22c5,1.0,CORRECT_TOP1,0,,8,8,0,5,5,0,8,0,33.87243937601322,F731TE,false
RFQ731-002927,G731CA,CFG731_adf77af8b73e9cdc,CFG731_adf77af8b73e9cdc,1.0,CORRECT_TOP1,0,,9,9,0,5,5,0,9,0,34.45040495121891,G731CA,false
RFQ731-002928,x731,CFG731_2d0a81ff4ec49480,CFG731_2d0a81ff4ec49480,1.0,CORRECT_TOP1,0,,11,11,0,6,6,0,11,0,24.3151801822484,x731,false
RFQ731-002929,x731,CFG731_1d3bf6638fef70ae,CFG731_1d3bf6638fef70ae,1.0,CORRECT_TOP1,0,,13,13,0,2,2,0,13,0,21.5577883664318,x731,false
RFQ731-002930,x731,CFG731_5e61ce3b60d15e11,CFG731_b555bda361da407a,5.0,TRUE_IN_TOP5,2,binaerOpenColl_MP|dev_advMeterVerification,12,12,0,3,3,0,12,0,21.544884933040176,x731,false
RFQ731-002931,x731,CFG731_fe9a409c6b2ba9cc,CFG731_b10c597ca89c3f56,4.0,TRUE_IN_TOP5,1,stromEingaenge,10,10,0,4,4,0,10,0,20.02730800073975,x731,false
RFQ731-002932,x731,CFG731_8c8856d21252930e,CFG731_bf8f7d1a25ad0a6e,2.0,TRUE_IN_TOP3,1,stromSchaltbar,9,9,0,4,4,0,9,0,21.821248347567412,x731,false
RFQ731-002933,x731,CFG731_acd18bc8a73cfdde,CFG731_acd18bc8a73cfdde,1.0,CORRECT_TOP1,0,,12,12,0,4,4,0,12,0,23.761675921936444,x731,false
RFQ731-002934,x731,CFG731_1f978c234895178c,CFG731_007c0829be0a9482,2.0,TRUE_IN_TOP3,1,dev_advMeterVerification,9,9,0,6,6,0,9,0,21.259534756377747,x731,false
RFQ731-002935,x731,CFG731_9fcbeaf9d5010d3a,CFG731_4a74cf409767dc05,4.0,TRUE_IN_TOP5,1,customUserFluid,9,9,0,5,5,0,9,0,20.611143714378336,x731,false
RFQ731-002936,G731ST-LT,CFG731_ae2e4cfccaff4f50,CFG731_7ea8c51038ca5bfd,6.0,TRUE_IN_TOP10,1,binaerDigitalOpenColl_MN,12,12,0,2,2,0,12,0,23.5545334883342,G731ST-LT,false
RFQ731-002937,x731,CFG731_6513d2f5c85df9e4,CFG731_ca8649ba85200ffb,4.0,TRUE_IN_TOP5,1,temperaturEingaenge,10,10,0,3,3,0,10,0,20.2914469782576,x731,false
RFQ731-002938,x731,CFG731_2be17a56b0589fd1,CFG731_2be17a56b0589fd1,1.0,CORRECT_TOP1,0,,11,11,0,5,5,0,11,0,23.7718748854648,x731,false
RFQ731-002939,G731CA,CFG731_0b2f7a45dffefd5b,CFG731_0b2f7a45dffefd5b,1.0,CORRECT_TOP1,0,,12,12,0,2,2,0,12,0,32.24530957542359,G731CA,false
RFQ731-002940,x731,CFG731_1147f9711c4bff84,CFG731_2e3a239679b68afe,4.0,TRUE_IN_TOP5,2,stromSchaltbar|binaerDigitalOpenColl_MN,11,11,0,1,1,0,11,0,20.643810860944217,x731,false
RFQ731-002941,G731CA,CFG731_55e37d2b9d20276c,CFG731_55e37d2b9d20276c,1.0,CORRECT_TOP1,0,,9,9,0,5,5,0,9,0,31.78596785697629,G731CA,false
RFQ731-002942,x731,CFG731_e5a85c19cf4647dd,CFG731_b4d39364171927b2,6.0,TRUE_IN_TOP10,1,customUserFluid,11,11,0,3,3,0,11,0,19.91819004056837,x731,false
RFQ731-002943,G731ST-LT,CFG731_515a31451814aae9,CFG731_515a31451814aae9,1.0,CORRECT_TOP1,0,,11,11,0,2,2,0,11,0,23.011847714315543,G731ST-LT,false
RFQ731-002944,G731ST-LT,CFG731_a40ab19ad6671fbe,CFG731_a40ab19ad6671fbe,1.0,CORRECT_TOP1,0,,15,15,0,1,1,0,15,0,26.949215780743785,G731ST-LT,false
RFQ731-002945,x731,CFG731_357a7724550c556f,CFG731_6ceb4e8172836111,8.0,TRUE_IN_TOP10,2,temperaturEingaenge|binaerOpenColl_MP,10,10,0,3,3,0,10,0,17.549431491588155,x731,false
RFQ731-002946,G731CA,CFG731_19ec976991ce75a9,CFG731_19f7d73d8e42e7bd,2.0,TRUE_IN_TOP3,2,stromSchaltbar|binaerDigitalOpenColl_MN,11,11,0,1,1,0,11,0,23.50282974726883,G731CA,false
RFQ731-002947,G731ST-HT,CFG731_bbffb73f3dff6787,CFG731_aa4779c40e6c2de0,3.0,TRUE_IN_TOP3,3,stromSchaltbar|temperaturEingaenge|binaerOpenColl_MP,11,11,0,2,2,0,11,0,23.471334058575398,G731ST-HT,false
RFQ731-002948,x731,CFG731_e5a85c19cf4647dd,CFG731_cf93550b4257fc7d,6.0,TRUE_IN_TOP10,1,stromSchaltbar,11,11,0,3,3,0,11,0,19.53222043581184,x731,false
RFQ731-002949,x731,CFG731_8153d67c519453a2,CFG731_e3fb1c7106d0cf73,7.0,TRUE_IN_TOP10,2,dev_advMeterVerification|customUserFluid,10,10,0,3,3,0,10,0,19.57437585439656,x731,false
RFQ731-002950,G731ST-LT,CFG731_515a31451814aae9,CFG731_515a31451814aae9,1.0,CORRECT_TOP1,0,,10,10,0,3,3,0,10,0,23.011847714315543,G731ST-LT,false
RFQ731-002951,x731,CFG731_228013cfd0470f7a,CFG731_228013cfd0470f7a,1.0,CORRECT_TOP1,0,,13,13,0,2,2,0,13,0,22.333645146756652,x731,false
RFQ731-002952,x731,CFG731_e9e5f6255573b434,CFG731_e9e5f6255573b434,1.0,CORRECT_TOP1,0,,9,9,0,4,4,0,9,0,18.689508168480536,x731,false
RFQ731-002953,x731,CFG731_1f0c09edcd967945,CFG731_e901d983321020a2,,TRUE_UNRANKED,2,temperaturEingaenge|binaerOpenColl_MP,9,9,0,3,3,0,9,0,17.63757154289321,x731,false
RFQ731-002954,x731,CFG731_7d1aac31230162fc,CFG731_7d1aac31230162fc,1.0,CORRECT_TOP1,0,,11,11,0,3,3,0,11,0,24.16072355444236,x731,false
RFQ731-002955,x731,CFG731_8c8856d21252930e,CFG731_bf8f7d1a25ad0a6e,2.0,TRUE_IN_TOP3,1,stromSchaltbar,11,11,0,2,2,0,11,0,21.821248347567412,x731,false
RFQ731-002956,x731,CFG731_87274fb3dc8d442a,CFG731_87274fb3dc8d442a,1.0,CORRECT_TOP1,0,,11,11,0,2,2,0,11,0,19.17411576604625,x731,false
RFQ731-002957,G731CA,CFG731_e85a7fcdd0521e90,CFG731_e85a7fcdd0521e90,1.0,CORRECT_TOP1,0,,11,11,0,1,1,0,11,0,21.84453250899616,G731CA,false
RFQ731-002958,G731ST-LT,CFG731_32b4b1ec4513af66,CFG731_68d95a26943b3650,2.0,TRUE_IN_TOP3,2,stromSchaltbar|temperaturEingaenge,11,11,0,3,3,0,11,0,24.12082663424291,G731ST-LT,false
RFQ731-002959,G731CA,CFG731_faff6da73df00950,CFG731_faff6da73df00950,1.0,CORRECT_TOP1,0,,8,8,0,6,6,0,8,0,33.9910632327716,G731CA,false
RFQ731-002960,F731WD_SingleChannel,CFG731_11c93eca01984a14,CFG731_0be7d6198235486b,2.0,TRUE_IN_TOP3,2,stromSchaltbar|binaerOpenColl_MP,9,9,0,2,2,0,9,0,25.359137294119503,F731WD_SingleChannel,false
RFQ731-002961,G731ST-HT,CFG731_63eca10a00ae1f5d,CFG731_0ce13abf777d04f9,2.0,TRUE_IN_TOP3,1,temperaturEingaenge,10,10,0,5,5,0,10,0,27.240678629717,G731ST-HT,false
RFQ731-002962,G731ST-HT,CFG731_7b2f69a7ca55041b,CFG731_49bb1327a04ca706,2.0,TRUE_IN_TOP3,1,temperaturEingaenge,9,9,0,6,6,0,9,0,26.448869696740648,G731ST-HT,false
RFQ731-002963,G731ST-LT,CFG731_7b1edd53e8bbad40,CFG731_7b1edd53e8bbad40,1.0,CORRECT_TOP1,0,,12,12,0,3,3,0,12,0,25.971123437628023,G731ST-LT,false
RFQ731-002964,x731,CFG731_8d2d91c46ccfb471,CFG731_181ea7d5a9c21b8c,2.0,TRUE_IN_TOP3,1,stromEingaenge,8,8,0,8,8,0,8,0,23.698550566073823,x731,false
RFQ731-002965,x731,CFG731_cd4f211fbf872f2e,CFG731_6084e24782dc3f55,6.0,TRUE_IN_TOP10,2,stromSchaltbar|customUserFluid,11,11,0,2,2,0,11,0,19.363709512596134,x731,false
RFQ731-002966,x731,CFG731_1f0c09edcd967945,CFG731_e901d983321020a2,,TRUE_UNRANKED,2,temperaturEingaenge|binaerOpenColl_MP,10,10,0,2,2,0,10,0,17.63757154289321,x731,false
RFQ731-002967,x731,CFG731_3a824c7e49bfd8f4,CFG731_fe2a2a8faea232df,3.0,TRUE_IN_TOP3,1,customUserFluid,11,11,0,3,3,0,11,0,21.240755859523397,x731,false
RFQ731-002968,x731,CFG731_d40b624cb7b84a81,CFG731_d40b624cb7b84a81,1.0,CORRECT_TOP1,0,,13,13,0,3,3,0,13,0,22.708451961647853,x731,false
RFQ731-002969,x731,CFG731_31d0a0df66872bf7,CFG731_ef4cf0e053e2d332,2.0,TRUE_IN_TOP3,1,temperaturEingaenge,14,14,0,1,1,0,14,0,22.597867631462087,x731,false
RFQ731-002970,x731,CFG731_0836695982aaa38c,CFG731_0836695982aaa38c,1.0,CORRECT_TOP1,0,,12,12,0,4,4,0,12,0,23.551734055266976,x731,false
RFQ731-002971,x731,CFG731_37c55138c4eebb90,CFG731_37c55138c4eebb90,1.0,CORRECT_TOP1,0,,12,12,0,4,4,0,12,0,22.72987044600936,x731,false
RFQ731-002972,x731,CFG731_169a8482d2028dff,CFG731_169a8482d2028dff,1.0,CORRECT_TOP1,0,,11,11,0,5,5,0,11,0,23.877187333941965,x731,false
RFQ731-002973,x731,CFG731_5e61ce3b60d15e11,CFG731_8216171cc39f78aa,2.0,TRUE_IN_TOP3,1,stromSchaltbar,14,14,0,2,2,0,14,0,23.451548058857448,x731,false
RFQ731-002974,G731CA,CFG731_d3d0547b464f691d,CFG731_d3d0547b464f691d,1.0,CORRECT_TOP1,0,,10,10,0,2,2,0,10,0,24.986467532366643,G731CA,false
RFQ731-002975,x731,CFG731_ad0a2fd7350b6cca,CFG731_031651b598bdbd79,2.0,TRUE_IN_TOP3,1,dynamicGasMaster,11,11,0,5,5,0,11,0,22.737110657049588,x731,false
RFQ731-002976,F731WD_DualChannel,CFG731_a4610f5f38e7d946,CFG731_e8331b2a91577f04,2.0,TRUE_IN_TOP3,1,stromEingaenge,9,9,0,3,3,0,9,0,34.88281624711353,F731WD_DualChannel,false
RFQ731-002977,x731,CFG731_cb3a6f924677049e,CFG731_cb3a6f924677049e,1.0,CORRECT_TOP1,0,,9,9,0,6,6,0,9,0,21.86573172272812,x731,false
RFQ731-002978,G731ST-HT,CFG731_7b2f69a7ca55041b,CFG731_7b2f69a7ca55041b,1.0,CORRECT_TOP1,0,,13,13,0,3,3,0,13,0,27.80408690678628,G731ST-HT,false
RFQ731-002979,x731,CFG731_fde1ab2a4808b544,CFG731_2f5fc847ee056f67,5.0,TRUE_IN_TOP5,2,temperaturEingaenge|customUserFluid,12,12,0,2,2,0,12,0,20.533201001681416,x731,false
RFQ731-002980,x731,CFG731_af755e9c46cfadd4,CFG731_0064bc7bf2ed5868,2.0,TRUE_IN_TOP3,1,binaerDigitalOpenColl_MN,11,11,0,2,2,0,11,0,21.676389855979973,x731,false
RFQ731-002981,x731,CFG731_f7f0034a8b15f329,CFG731_f7f0034a8b15f329,1.0,CORRECT_TOP1,0,,9,9,0,5,5,0,9,0,23.38311179663129,x731,false
RFQ731-002982,x731,CFG731_a41a2d2cef1a675f,CFG731_56310c55a01272a3,2.0,TRUE_IN_TOP3,1,stromSchaltbar,11,11,0,2,2,0,11,0,21.20532373195894,x731,false
RFQ731-002983,x731,CFG731_e116a79dd463fd7e,CFG731_87ce9768865f4127,4.0,TRUE_IN_TOP5,2,stromEingaenge|dynamicGasMaster,10,10,0,4,4,0,10,0,19.749120472447157,x731,false
RFQ731-002984,G731ST-LT,CFG731_996314000fcfec4b,CFG731_996314000fcfec4b,1.0,CORRECT_TOP1,0,,11,11,0,5,5,0,11,0,26.78014621262257,G731ST-LT,false
RFQ731-002985,G731ST-HT,CFG731_8b18ac1c34209d63,CFG731_80619ff0be976225,2.0,TRUE_IN_TOP3,1,stromEingaenge,9,9,0,6,6,0,9,0,26.67601649120411,G731ST-HT,false
RFQ731-002986,x731,CFG731_186348c5f967a6f7,CFG731_f287b32480efae51,2.0,TRUE_IN_TOP3,2,temperaturEingaenge|customUserFluid,12,12,0,1,1,0,12,0,19.39944738748833,x731,false
RFQ731-002987,G731ST-HT,CFG731_8b18ac1c34209d63,CFG731_2c93609b74717303,4.0,TRUE_IN_TOP5,2,stromEingaenge|binaerOpenColl_MP,11,11,0,3,3,0,11,0,24.402947425065918,G731ST-HT,false
RFQ731-002988,x731,CFG731_ebb861c404a79d91,CFG731_cdff804db4995f6d,3.0,TRUE_IN_TOP3,2,stromSchaltbar|customUserFluid,13,13,0,0,0,0,13,0,19.69807213317975,x731,false
RFQ731-002989,G731ST-HT,CFG731_63eca10a00ae1f5d,CFG731_f23946dbf617272b,3.0,TRUE_IN_TOP3,2,stromSchaltbar|temperaturEingaenge,9,9,0,5,5,0,9,0,25.78659818891656,G731ST-HT,false
RFQ731-002990,x731,CFG731_a70e307c2ffca857,CFG731_695e540255cc94da,3.0,TRUE_IN_TOP3,1,binaerOpenColl_MP,9,9,0,4,4,0,9,0,20.845676825068484,x731,false
RFQ731-002991,x731,CFG731_70aa5a64b0803277,CFG731_70aa5a64b0803277,1.0,CORRECT_TOP1,0,,12,12,0,3,3,0,12,0,22.213238241696875,x731,false
RFQ731-002992,G731ST-LT,CFG731_c5da2661a169f82b,CFG731_c5da2661a169f82b,1.0,CORRECT_TOP1,0,,8,8,0,7,7,0,8,0,25.821145365161616,G731ST-LT,false
RFQ731-002993,x731,CFG731_fe9a409c6b2ba9cc,CFG731_a84a367ef61c4e59,6.0,TRUE_IN_TOP10,2,stromSchaltbar|dev_advMeterVerification,12,12,0,1,1,0,12,0,18.903895625368044,x731,false
RFQ731-002994,x731,CFG731_c39096767a7ae083,CFG731_a9a1b4f80067a4f8,2.0,TRUE_IN_TOP3,1,dynamicGasMaster,11,11,0,5,5,0,11,0,22.58713258458318,x731,false
RFQ731-002995,G731ST-LT,CFG731_d3e51804db148a52,CFG731_d3e51804db148a52,1.0,CORRECT_TOP1,0,,7,7,0,7,7,0,7,0,24.2877938045737,G731ST-LT,false
RFQ731-002996,x731,CFG731_df5f598a914fb1cc,CFG731_df5f598a914fb1cc,1.0,CORRECT_TOP1,0,,11,11,0,3,3,0,11,0,20.88925291522775,x731,false
RFQ731-002997,G731ST-LT,CFG731_d5af433b36265df1,CFG731_9c6b16fef6d02aaf,3.0,TRUE_IN_TOP3,1,binaerDigitalOpenColl_MN,10,10,0,4,4,0,10,0,23.660214098807216,G731ST-LT,false
RFQ731-002998,x731,CFG731_cf4bb519cec0df2f,CFG731_cf4bb519cec0df2f,1.0,CORRECT_TOP1,0,,13,13,0,3,3,0,13,0,22.206915178997583,x731,false
RFQ731-002999,G731ST-LT,CFG731_a40ab19ad6671fbe,CFG731_bc9146cb8459e9c2,2.0,TRUE_IN_TOP3,1,temperaturEingaenge,11,11,0,4,4,0,11,0,25.593998570698155,G731ST-LT,false
RFQ731-003000,F731PW,CFG731_0781a0fecc8f46d5,CFG731_0781a0fecc8f46d5,1.0,CORRECT_TOP1,0,,10,10,0,2,2,0,10,0,29.963630406432344,F731PW,false
RFQ731-003001,x731,CFG731_3a6a87d7cf07cb7c,CFG731_1490cd30a236283e,2.0,TRUE_IN_TOP3,1,dynamicGasMaster,11,11,0,3,3,0,11,0,19.48110559410024,x731,false
RFQ731-003002,G731ST-HT,CFG731_bbffb73f3dff6787,CFG731_ff5d8da56ff22796,7.0,TRUE_IN_TOP10,3,stromEingaenge|temperaturEingaenge|binaerOpenColl_MP,11,11,0,2,2,0,11,0,23.507071933467586,G731ST-HT,false
RFQ731-003003,G731ST-HT,CFG731_076cad91966d4c34,CFG731_076cad91966d4c34,1.0,CORRECT_TOP1,0,,9,9,0,7,7,0,9,0,28.24433712957877,G731ST-HT,false
RFQ731-003004,F731WD_DualChannel,CFG731_819cb4e76943eca6,CFG731_819cb4e76943eca6,1.0,CORRECT_TOP1,0,,11,11,0,2,2,0,11,0,32.30861569119556,F731WD_DualChannel,false
RFQ731-003005,x731,CFG731_e5051ee84b25c9bb,CFG731_2280a2734a5a07b0,8.0,TRUE_IN_TOP10,1,dynamicGasMaster,9,9,0,4,4,0,9,0,19.511250498533936,x731,false
RFQ731-003006,G731CA,CFG731_1dfb5999b1debe3a,CFG731_1dfb5999b1debe3a,1.0,CORRECT_TOP1,0,,13,13,0,1,1,0,13,0,35.99656438970778,G731CA,false
RFQ731-003007,G731ST-LT,CFG731_a40ab19ad6671fbe,CFG731_bc9146cb8459e9c2,2.0,TRUE_IN_TOP3,1,temperaturEingaenge,10,10,0,5,5,0,10,0,25.593998570698155,G731ST-LT,false
RFQ731-003008,x731,CFG731_8d07e19298d09d34,CFG731_1ff2c28c953275c5,3.0,TRUE_IN_TOP3,2,stromEingaenge|temperaturEingaenge,12,12,0,2,2,0,12,0,21.148293181977326,x731,false
RFQ731-003009,F731WD_SingleChannel,CFG731_70b6eaf9262ca4d0,CFG731_70b6eaf9262ca4d0,1.0,CORRECT_TOP1,0,,11,11,0,2,2,0,11,0,30.762456252706688,F731WD_SingleChannel,false
RFQ731-003010,F731WD_SingleChannel,CFG731_70b6eaf9262ca4d0,CFG731_70b6eaf9262ca4d0,1.0,CORRECT_TOP1,0,,11,11,0,2,2,0,11,0,30.762456252706688,F731WD_SingleChannel,false
RFQ731-003011,G731ST-LT,CFG731_0e146b48e4ed8b98,CFG731_0e146b48e4ed8b98,1.0,CORRECT_TOP1,0,,10,10,0,5,5,0,10,0,25.07153149638824,G731ST-LT,false
RFQ731-003012,x731,CFG731_27caf5a2443603ad,CFG731_e674340656a7fb0a,6.0,TRUE_IN_TOP10,1,stromSchaltbar,10,10,0,4,4,0,10,0,19.862888501240576,x731,false
RFQ731-003013,x731,CFG731_140a9819128d92da,CFG731_140a9819128d92da,1.0,CORRECT_TOP1,0,,11,11,0,3,3,0,11,0,19.83550899185857,x731,false
RFQ731-003014,x731,CFG731_219ac3d01befd6d1,CFG731_175dfbf580a50b51,5.0,TRUE_IN_TOP5,2,temperaturEingaenge|binaerOpenColl_MP,9,9,0,5,5,0,9,0,19.46285365083589,x731,false
RFQ731-003015,F731TE,CFG731_8b8ba7e2341f1295,CFG731_b7c1a02b25610507,2.0,TRUE_IN_TOP3,2,stromSchaltbar|binaerOpenColl_MP,9,9,0,2,2,0,9,0,28.619098489892448,F731TE,false
RFQ731-003016,x731,CFG731_8d07e19298d09d34,CFG731_5cded878b0996b37,4.0,TRUE_IN_TOP5,3,temperaturEingaenge|dev_advMeterVerification|customUserFluid,10,10,0,3,3,0,10,0,20.410850411362148,x731,false
RFQ731-003017,G731ST-HT,CFG731_4aa7d46b9cfa7d7b,CFG731_b3b502cc22fcd72e,4.0,TRUE_IN_TOP5,2,stromSchaltbar|temperaturEingaenge,10,10,0,4,4,0,10,0,25.566268774171306,G731ST-HT,false
RFQ731-003018,G731ST-LT,CFG731_a57ffd88d58eb498,CFG731_e565a13ef4701c2d,4.0,TRUE_IN_TOP5,1,temperaturEingaenge,7,7,0,7,7,0,7,0,24.217851068992875,G731ST-LT,false
RFQ731-003019,G731ST-LT,CFG731_8b6ed3cfa9ed1e59,CFG731_8b6ed3cfa9ed1e59,1.0,CORRECT_TOP1,0,,9,9,0,6,6,0,9,0,25.88427072102424,G731ST-LT,false
RFQ731-003020,x731,CFG731_2a8793475d827bb6,CFG731_953eb2d6f6ffc3a0,3.0,TRUE_IN_TOP3,1,stromSchaltbar,9,9,0,5,5,0,9,0,21.18065924666112,x731,false
RFQ731-003021,G731CA,CFG731_b97ce0f180acf155,CFG731_b97ce0f180acf155,1.0,CORRECT_TOP1,0,,11,11,0,3,3,0,11,0,30.239808418487417,G731CA,false
RFQ731-003022,x731,CFG731_deb6c547366eb132,CFG731_d057ad35aef0eea2,4.0,TRUE_IN_TOP5,1,binaerDigitalOpenColl_MN,8,8,0,5,5,0,8,0,18.468489056270947,x731,false
RFQ731-003023,x731,CFG731_7308ee8503151ef3,CFG731_bc06761f9c625643,3.0,TRUE_IN_TOP3,2,stromSchaltbar|temperaturEingaenge,13,13,0,2,2,0,13,0,21.27530181250706,x731,false
RFQ731-003024,F731PW,CFG731_f9fd6a4462ec051a,CFG731_f9fd6a4462ec051a,1.0,CORRECT_TOP1,0,,12,12,0,0,0,0,12,0,34.02362848404934,F731PW,false
RFQ731-003025,x731,CFG731_9fcbeaf9d5010d3a,CFG731_f2b6724ca609efbb,8.0,TRUE_IN_TOP10,2,stromEingaenge|customUserFluid,10,10,0,3,3,0,10,0,19.192801148470085,x731,false
RFQ731-003026,x731,CFG731_353333bad447dbef,CFG731_5a14e01af9745dda,2.0,TRUE_IN_TOP3,1,customUserFluid,9,9,0,5,5,0,9,0,21.28542148351264,x731,false
RFQ731-003027,x731,CFG731_5ea309f998205da7,CFG731_9ccdadb28a07accd,6.0,TRUE_IN_TOP10,2,dev_advMeterVerification|customUserFluid,9,9,0,5,5,0,9,0,21.281151774626046,x731,false
RFQ731-003028,x731,CFG731_c9498cf6f4410d44,CFG731_c9498cf6f4410d44,1.0,CORRECT_TOP1,0,,11,11,0,3,3,0,11,0,23.0549993736226,x731,false
RFQ731-003029,x731,CFG731_31aa13473958d7d3,CFG731_31aa13473958d7d3,1.0,CORRECT_TOP1,0,,12,12,0,5,5,0,12,0,24.196737263136928,x731,false
RFQ731-003030,G731ST-LT,CFG731_ae2e4cfccaff4f50,CFG731_ae2e4cfccaff4f50,1.0,CORRECT_TOP1,0,,11,11,0,4,4,0,11,0,25.537330404146317,G731ST-LT,false
RFQ731-003031,x731,CFG731_d27f5f5f307014a8,CFG731_d27f5f5f307014a8,1.0,CORRECT_TOP1,0,,14,14,0,2,2,0,14,0,24.138800788866316,x731,false
RFQ731-003032,x731,CFG731_ebb861c404a79d91,CFG731_5789f006b670582c,3.0,TRUE_IN_TOP3,2,stromSchaltbar|dev_advMeterVerification,11,11,0,2,2,0,11,0,19.67850846874415,x731,false
RFQ731-003033,x731,CFG731_5dd42015f6f61801,CFG731_5dd42015f6f61801,1.0,CORRECT_TOP1,0,,15,15,0,2,2,0,15,0,23.93462139088672,x731,false
RFQ731-003034,G731ST-LT,CFG731_49cd4cbef1081333,CFG731_cc03e3852895ae99,2.0,TRUE_IN_TOP3,2,stromEingaenge|temperaturEingaenge,10,10,0,3,3,0,10,0,22.26223384554217,G731ST-LT,false
RFQ731-003035,x731,CFG731_5dd42015f6f61801,CFG731_775c3458f44938c0,2.0,TRUE_IN_TOP3,1,stromEingaenge,12,12,0,4,4,0,12,0,22.51627882497847,x731,false
RFQ731-003036,x731,CFG731_f0e6b17b1bb2d5ab,CFG731_f0e6b17b1bb2d5ab,1.0,CORRECT_TOP1,0,,11,11,0,3,3,0,11,0,23.20903253224227,x731,false
RFQ731-003037,G731ST-HT,CFG731_8b18ac1c34209d63,CFG731_8b18ac1c34209d63,1.0,CORRECT_TOP1,0,,12,12,0,4,4,0,12,0,28.09435905711236,G731ST-HT,false
RFQ731-003038,x731,CFG731_3a824c7e49bfd8f4,CFG731_3a824c7e49bfd8f4,1.0,CORRECT_TOP1,0,,9,9,0,6,6,0,9,0,22.308866695567307,x731,false
RFQ731-003039,G731ST-HT,CFG731_63eca10a00ae1f5d,CFG731_f23946dbf617272b,3.0,TRUE_IN_TOP3,2,stromSchaltbar|temperaturEingaenge,10,10,0,4,4,0,10,0,25.78659818891656,G731ST-HT,false
RFQ731-003040,x731,CFG731_3b2a32abbf148ca1,CFG731_bae6e4f47f3132d8,2.0,TRUE_IN_TOP3,2,stromEingaenge|dev_advMeterVerification,11,11,0,4,4,0,11,0,21.71887647482504,x731,false
RFQ731-003041,x731,CFG731_3611bb1fba248e38,CFG731_2590cdb37d481b9a,2.0,TRUE_IN_TOP3,1,temperaturEingaenge,10,10,0,4,4,0,10,0,19.97247863019276,x731,false
RFQ731-003042,x731,CFG731_8c50542218db5cb0,CFG731_8ade52b2e74d0235,3.0,TRUE_IN_TOP3,2,stromSchaltbar|stromEingaenge,13,13,0,1,1,0,13,0,20.60917972843003,x731,false
RFQ731-003043,x731,CFG731_1147f9711c4bff84,CFG731_1434e7eedafa69d1,2.0,TRUE_IN_TOP3,1,stromSchaltbar,9,9,0,4,4,0,9,0,22.62660777675633,x731,false
RFQ731-003044,F731TE,CFG731_7113759c5b95914d,CFG731_7113759c5b95914d,1.0,CORRECT_TOP1,0,,12,12,0,1,1,0,12,0,40.34799587457038,F731TE,false
RFQ731-003045,G731ST-LT,CFG731_7b1edd53e8bbad40,CFG731_b192ab056df1d8f7,4.0,TRUE_IN_TOP5,1,temperaturEingaenge,10,10,0,4,4,0,10,0,24.615906227582396,G731ST-LT,false
RFQ731-003046,x731,CFG731_fb1ab4b34e9c8a75,CFG731_5d42a8deb0fcb3d7,2.0,TRUE_IN_TOP3,1,stromEingaenge,11,11,0,4,4,0,11,0,21.073161564804494,x731,false
RFQ731-003047,x731,CFG731_3c119308d8305ad4,CFG731_3c119308d8305ad4,1.0,CORRECT_TOP1,0,,8,8,0,7,7,0,8,0,20.701719896485542,x731,false
RFQ731-003048,F731WD_DualChannel,CFG731_c0f6f70a47ed04ba,CFG731_166dd118cf42e953,2.0,TRUE_IN_TOP3,2,stromSchaltbar|binaerOpenColl_MP,10,10,0,0,0,0,10,0,25.486954166700123,F731WD_DualChannel,false
RFQ731-003049,F731WD_SingleChannel,CFG731_6357400dd5c2804a,CFG731_6357400dd5c2804a,1.0,CORRECT_TOP1,0,,10,10,0,1,1,0,10,0,29.501658488412136,F731WD_SingleChannel,false
RFQ731-003050,G731CA,CFG731_95a64c12c70f922a,CFG731_95a64c12c70f922a,1.0,CORRECT_TOP1,0,,11,11,0,3,3,0,11,0,32.28750463962656,G731CA,false
RFQ731-003051,G731CA,CFG731_2aca30183aab25a9,CFG731_f235f4dd7693c885,2.0,TRUE_IN_TOP3,2,stromSchaltbar|binaerOpenColl_MP,8,8,0,4,4,0,8,0,21.38519079054886,G731CA,false
RFQ731-003052,F731PW,CFG731_f9fd6a4462ec051a,CFG731_f9fd6a4462ec051a,1.0,CORRECT_TOP1,0,,10,10,0,2,2,0,10,0,34.02362848404934,F731PW,false
RFQ731-003053,x731,CFG731_736d7f6d47393e47,CFG731_736d7f6d47393e47,1.0,CORRECT_TOP1,0,,12,12,0,2,2,0,12,0,19.823261782673622,x731,false
RFQ731-003054,G731ST-LT,CFG731_87d8ba5b87cf0a3f,CFG731_77fac91021549398,3.0,TRUE_IN_TOP3,2,temperaturEingaenge|binaerDigitalOpenColl_MN,12,12,0,1,1,0,12,0,22.1571212140856,G731ST-LT,false
RFQ731-003055,G731ST-HT,CFG731_eb70dc35972dc4b7,CFG731_c759934398f2381a,2.0,TRUE_IN_TOP3,1,binaerDigitalOpenColl_MN,12,12,0,2,2,0,12,0,24.904484207716184,G731ST-HT,false
RFQ731-003056,x731,CFG731_7f60255816247683,CFG731_03f5618878f919e9,2.0,TRUE_IN_TOP3,2,dev_advMeterVerification|dynamicGasMaster,11,11,0,3,3,0,11,0,19.289306585219062,x731,false
RFQ731-003057,x731,CFG731_8f470181ad32eeae,CFG731_12d9cb8d41e8f486,2.0,TRUE_IN_TOP3,1,stromEingaenge,12,12,0,4,4,0,12,0,23.918471374121054,x731,false
RFQ731-003058,x731,CFG731_f97e51d1da57d99f,CFG731_b2ad61cdb45a54fb,2.0,TRUE_IN_TOP3,2,stromSchaltbar|stromEingaenge,9,9,0,5,5,0,9,0,21.33063731912753,x731,false
RFQ731-003059,G731CA,CFG731_817824ee3a762453,CFG731_2cb814ee06486282,2.0,TRUE_IN_TOP3,2,stromSchaltbar|binaerOpenColl_MP,10,10,0,2,2,0,10,0,21.886727573199128,G731CA,false
RFQ731-003060,x731,CFG731_086adbe1d654b214,CFG731_b161881037fc306d,3.0,TRUE_IN_TOP3,3,stromEingaenge|temperaturEingaenge|customUserFluid,10,10,0,3,3,0,10,0,19.517890306599803,x731,false
RFQ731-003061,x731,CFG731_f430d8ebe4134533,CFG731_c42374cc9dea3494,3.0,TRUE_IN_TOP3,2,dev_advMeterVerification|customUserFluid,11,11,0,3,3,0,11,0,20.779614991975777,x731,false
RFQ731-003062,G731ST-LT,CFG731_d124ccffa669c3a2,CFG731_d124ccffa669c3a2,1.0,CORRECT_TOP1,0,,12,12,0,4,4,0,12,0,26.99141084494676,G731ST-LT,false
RFQ731-003063,F731WD_DualChannel,CFG731_a4610f5f38e7d946,CFG731_a4610f5f38e7d946,1.0,CORRECT_TOP1,0,,9,9,0,4,4,0,9,0,36.30115881302178,F731WD_DualChannel,false
RFQ731-003064,x731,CFG731_516629085c122a4e,CFG731_5718ef9495972b30,2.0,TRUE_IN_TOP3,1,stromSchaltbar,9,9,0,6,6,0,9,0,21.346787335893197,x731,false
RFQ731-003065,F731TE,CFG731_07fb816f7dc25bc8,CFG731_07fb816f7dc25bc8,1.0,CORRECT_TOP1,0,,9,9,0,4,4,0,9,0,33.41309765756593,F731TE,false
RFQ731-003066,x731,CFG731_25b84d9ab233c6bf,CFG731_25b84d9ab233c6bf,1.0,CORRECT_TOP1,0,,10,10,0,3,3,0,10,0,21.738110628961444,x731,false
RFQ731-003067,G731ST-HT,CFG731_cc9ac35e4d9a1854,CFG731_348f97ec6945fbf8,2.0,TRUE_IN_TOP3,1,temperaturEingaenge,12,12,0,3,3,0,12,0,26.95040647939092,G731ST-HT,false
RFQ731-003068,x731,CFG731_ab5177144fa1d704,CFG731_ab5177144fa1d704,1.0,CORRECT_TOP1,0,,10,10,0,3,3,0,10,0,21.33345064567715,x731,false
RFQ731-003069,G731CA,CFG731_0b2f7a45dffefd5b,CFG731_0b2f7a45dffefd5b,1.0,CORRECT_TOP1,0,,11,11,0,3,3,0,11,0,32.24530957542359,G731CA,false
RFQ731-003070,x731,CFG731_9fcbeaf9d5010d3a,CFG731_6be2d8f04f4b5682,6.0,TRUE_IN_TOP10,2,stromEingaenge|temperaturEingaenge,8,8,0,5,5,0,8,0,18.90569477446837,x731,false
RFQ731-003071,G731ST-HT,CFG731_37f66c3948c00e57,CFG731_37f66c3948c00e57,1.0,CORRECT_TOP1,0,,10,10,0,3,3,0,10,0,23.513529122778365,G731ST-HT,false
RFQ731-003072,x731,CFG731_32b1041fd68aac23,CFG731_32b1041fd68aac23,1.0,CORRECT_TOP1,0,,11,11,0,5,5,0,11,0,22.781776281038827,x731,false
RFQ731-003073,x731,CFG731_073f991a6c9a4683,CFG731_117f19eb2913314e,2.0,TRUE_IN_TOP3,1,stromEingaenge,13,13,0,3,3,0,13,0,23.074971966882437,x731,false
RFQ731-003074,G731ST-LT,CFG731_7882c72c21497015,CFG731_7882c72c21497015,1.0,CORRECT_TOP1,0,,11,11,0,5,5,0,11,0,27.28168299527284,G731ST-LT,false
RFQ731-003075,x731,CFG731_4ed713e2b6c74ca8,CFG731_4ed713e2b6c74ca8,1.0,CORRECT_TOP1,0,,11,11,0,3,3,0,11,0,19.61908112400405,x731,false
RFQ731-003076,x731,CFG731_ac0f372c930c2e22,CFG731_ac0f372c930c2e22,1.0,CORRECT_TOP1,0,,11,11,0,3,3,0,11,0,24.19507605051498,x731,false
RFQ731-003077,F731PW,CFG731_0d8116f4900c6919,CFG731_0d8116f4900c6919,1.0,CORRECT_TOP1,0,,10,10,0,2,2,0,10,0,29.13642648818402,F731PW,false
RFQ731-003078,x731,CFG731_89772de94df83ba5,CFG731_e513d349f418c5df,2.0,TRUE_IN_TOP3,2,dev_advMeterVerification|customUserFluid,10,10,0,4,4,0,10,0,20.90719831242041,x731,false
RFQ731-003079,x731,CFG731_5ea309f998205da7,CFG731_d584b35cfce34cc7,4.0,TRUE_IN_TOP5,2,stromEingaenge|temperaturEingaenge,9,9,0,5,5,0,9,0,20.663377335195594,x731,false
RFQ731-003080,G731ST-LT,CFG731_c050936f4a70e2a0,CFG731_4664eb01d8e0d814,7.0,TRUE_IN_TOP10,2,stromEingaenge|binaerDigitalOpenColl_MN,7,7,0,6,6,0,7,0,22.206133658006777,G731ST-LT,false
RFQ731-003081,x731,CFG731_75466cb810218a66,CFG731_75466cb810218a66,1.0,CORRECT_TOP1,0,,10,10,0,4,4,0,10,0,21.464114017269,x731,false
RFQ731-003082,x731,CFG731_fde1ab2a4808b544,CFG731_a1cadf8c4a6793ba,4.0,TRUE_IN_TOP5,2,dev_advMeterVerification|customUserFluid,9,9,0,5,5,0,9,0,20.80074371124753,x731,false
RFQ731-003083,x731,CFG731_deb6c547366eb132,CFG731_deb6c547366eb132,1.0,CORRECT_TOP1,0,,12,12,0,2,2,0,12,0,20.45128597208306,x731,false
RFQ731-003084,G731CA,CFG731_98ec9650b5463fd0,CFG731_98ec9650b5463fd0,1.0,CORRECT_TOP1,0,,11,11,0,1,1,0,11,0,28.170110935086907,G731CA,false
RFQ731-003085,x731,CFG731_02ec1e408c44cf5d,CFG731_02ec1e408c44cf5d,1.0,CORRECT_TOP1,0,,13,13,0,3,3,0,13,0,22.976872953225733,x731,false
RFQ731-003086,x731,CFG731_5ea309f998205da7,CFG731_b848918cab1cb35d,3.0,TRUE_IN_TOP3,1,stromEingaenge,10,10,0,5,5,0,10,0,22.018594545241225,x731,false
RFQ731-003087,x731,CFG731_440f9c9b032b7d0a,CFG731_440f9c9b032b7d0a,1.0,CORRECT_TOP1,0,,10,10,0,5,5,0,10,0,20.986308848200707,x731,false
RFQ731-003088,G731ST-LT,CFG731_c050936f4a70e2a0,CFG731_9548d55d92816998,2.0,TRUE_IN_TOP3,1,temperaturEingaenge,9,9,0,5,5,0,9,0,24.252055929681507,G731ST-LT,false
RFQ731-003089,x731,CFG731_04a53b6cc81d57d6,CFG731_aa68f1da5062cc70,3.0,TRUE_IN_TOP3,1,customUserFluid,9,9,0,5,5,0,9,0,20.576530246991677,x731,false
RFQ731-003090,x731,CFG731_5dd42015f6f61801,CFG731_65da22cd215fbcf6,2.0,TRUE_IN_TOP3,1,temperaturEingaenge,13,13,0,3,3,0,13,0,22.57940418084109,x731,false
RFQ731-003091,x731,CFG731_086adbe1d654b214,CFG731_086adbe1d654b214,1.0,CORRECT_TOP1,0,,12,12,0,4,4,0,12,0,23.3595609185976,x731,false
RFQ731-003092,x731,CFG731_0aa987e1ae960c88,CFG731_0aa987e1ae960c88,1.0,CORRECT_TOP1,0,,12,12,0,3,3,0,12,0,21.53896047256257,x731,false
RFQ731-003093,x731,CFG731_cf543b1c3927ab71,CFG731_734ca6c628733962,5.0,TRUE_IN_TOP5,3,binaerDigitalOpenColl_MN|dev_advMeterVerification|customUserFluid,8,8,0,5,5,0,8,0,19.914500001034263,x731,false
RFQ731-003094,F731WD_DualChannel,CFG731_819cb4e76943eca6,CFG731_819cb4e76943eca6,1.0,CORRECT_TOP1,0,,9,9,0,4,4,0,9,0,32.30861569119556,F731WD_DualChannel,false
RFQ731-003095,x731,CFG731_cf543b1c3927ab71,CFG731_3b06d9bface617d0,2.0,TRUE_IN_TOP3,1,temperaturEingaenge,9,9,0,6,6,0,9,0,22.697865043324175,x731,false
RFQ731-003096,x731,CFG731_696639c1a9f714c1,CFG731_696639c1a9f714c1,1.0,CORRECT_TOP1,0,,10,10,0,5,5,0,10,0,21.637823703317384,x731,false
RFQ731-003097,x731,CFG731_ac0f372c930c2e22,CFG731_ac0f372c930c2e22,1.0,CORRECT_TOP1,0,,11,11,0,3,3,0,11,0,24.19507605051498,x731,false
RFQ731-003098,x731,CFG731_9e4fccece4d272d3,CFG731_e8d4d37dfb814e2d,2.0,TRUE_IN_TOP3,2,dev_advMeterVerification|dynamicGasMaster,12,12,0,2,2,0,12,0,19.92981046540948,x731,false
RFQ731-003099,x731,CFG731_e08dfad4737be3d9,CFG731_e08dfad4737be3d9,1.0,CORRECT_TOP1,0,,13,13,0,4,4,0,13,0,25.40716528230816,x731,false
RFQ731-003100,G731ST-LT,CFG731_4772bedc40328ae2,CFG731_4772bedc40328ae2,1.0,CORRECT_TOP1,0,,13,13,0,2,2,0,13,0,25.8276025544724,G731ST-LT,false
RFQ731-003101,G731ST-LT,CFG731_87d8ba5b87cf0a3f,CFG731_77fac91021549398,3.0,TRUE_IN_TOP3,2,temperaturEingaenge|binaerDigitalOpenColl_MN,10,10,0,3,3,0,10,0,22.1571212140856,G731ST-LT,false
RFQ731-003102,F731WD_SingleChannel,CFG731_9a761e6bfde35917,CFG731_9a761e6bfde35917,1.0,CORRECT_TOP1,0,,10,10,0,3,3,0,10,0,38.506254188817095,F731WD_SingleChannel,false
RFQ731-003103,F731WD_DualChannel,CFG731_a4610f5f38e7d946,CFG731_e8331b2a91577f04,2.0,TRUE_IN_TOP3,1,stromEingaenge,11,11,0,1,1,0,11,0,34.88281624711353,F731WD_DualChannel,false
RFQ731-003104,G731ST-LT,CFG731_c050936f4a70e2a0,CFG731_dac27b97cd6b7ff8,,TRUE_UNRANKED,3,stromEingaenge|temperaturEingaenge|binaerDigitalOpenColl_MN,9,9,0,3,3,0,9,0,20.850916447961147,G731ST-LT,false
RFQ731-003105,G731CA,CFG731_2aca30183aab25a9,CFG731_f235f4dd7693c885,2.0,TRUE_IN_TOP3,2,stromSchaltbar|binaerOpenColl_MP,9,9,0,3,3,0,9,0,21.38519079054886,G731CA,false
RFQ731-003106,G731CA,CFG731_508d465d4c518290,CFG731_508d465d4c518290,1.0,CORRECT_TOP1,0,,9,9,0,5,5,0,9,0,30.69915013693471,G731CA,false
RFQ731-003107,F731TE,CFG731_3794187f0a0c3133,CFG731_344778a042931752,2.0,TRUE_IN_TOP3,2,stromSchaltbar|binaerOpenColl_MP,8,8,0,3,3,0,8,0,29.705916209934024,F731TE,false
RFQ731-003108,G731ST-HT,CFG731_a4416ae9d698efa6,CFG731_1060da033d1aaed1,4.0,TRUE_IN_TOP5,1,temperaturEingaenge,11,11,0,2,2,0,11,0,24.36825562300831,G731ST-HT,false
RFQ731-003109,x731,CFG731_8c8856d21252930e,CFG731_8c8856d21252930e,1.0,CORRECT_TOP1,0,,12,12,0,2,2,0,12,0,23.275328788367855,x731,false
RFQ731-003110,x731,CFG731_0c05dd0ad4f3894a,CFG731_3fb3f9d3dea4a198,2.0,TRUE_IN_TOP3,1,stromEingaenge,11,11,0,4,4,0,11,0,22.029492530605893,x731,false
RFQ731-003111,x731,CFG731_a5e5e12c08e4e838,CFG731_a5e5e12c08e4e838,1.0,CORRECT_TOP1,0,,9,9,0,6,6,0,9,0,22.92071188035599,x731,false
RFQ731-003112,G731CA,CFG731_7e4e2943182c4add,CFG731_04d132f563cdece8,2.0,TRUE_IN_TOP3,2,stromSchaltbar|binaerDigitalOpenColl_MN,10,10,0,2,2,0,10,0,28.24005367066773,G731CA,false
RFQ731-003113,x731,CFG731_31d0a0df66872bf7,CFG731_ef4cf0e053e2d332,2.0,TRUE_IN_TOP3,1,temperaturEingaenge,9,9,0,6,6,0,9,0,22.597867631462087,x731,false
RFQ731-003114,x731,CFG731_5ae746dac49a854b,CFG731_2205a8cc5d1ff08b,4.0,TRUE_IN_TOP5,2,dev_advMeterVerification|dynamicGasMaster,11,11,0,2,2,0,11,0,20.04699214187284,x731,false
RFQ731-003115,x731,CFG731_cb9d6c11077bd307,CFG731_cb9d6c11077bd307,1.0,CORRECT_TOP1,0,,11,11,0,5,5,0,11,0,22.69154198062489,x731,false
RFQ731-003116,G731ST-LT,CFG731_ae2e4cfccaff4f50,CFG731_6e088ee30195b6c4,4.0,TRUE_IN_TOP5,1,stromEingaenge,12,12,0,2,2,0,12,0,24.118987838238063,G731ST-LT,false
RFQ731-003117,F731WD_DualChannel,CFG731_c0f6f70a47ed04ba,CFG731_c0f6f70a47ed04ba,1.0,CORRECT_TOP1,0,,9,9,0,3,3,0,9,0,34.491549867105086,F731WD_DualChannel,false
RFQ731-003118,G731CA,CFG731_98ec9650b5463fd0,CFG731_98ec9650b5463fd0,1.0,CORRECT_TOP1,0,,10,10,0,2,2,0,10,0,28.170110935086907,G731CA,false
RFQ731-003119,F731WD_DualChannel,CFG731_819cb4e76943eca6,CFG731_819cb4e76943eca6,1.0,CORRECT_TOP1,0,,9,9,0,4,4,0,9,0,32.30861569119556,F731WD_DualChannel,false
RFQ731-003120,x731,CFG731_3ab6d9037260e8b1,CFG731_3ab6d9037260e8b1,1.0,CORRECT_TOP1,0,,10,10,0,4,4,0,10,0,20.699363058206167,x731,false
RFQ731-003121,x731,CFG731_3dd4cfcf6ee98460,CFG731_3dd4cfcf6ee98460,1.0,CORRECT_TOP1,0,,11,11,0,4,4,0,11,0,23.04544308977588,x731,false
RFQ731-003122,F731PW,CFG731_f9fd6a4462ec051a,CFG731_f9fd6a4462ec051a,1.0,CORRECT_TOP1,0,,9,9,0,3,3,0,9,0,34.02362848404934,F731PW,false
RFQ731-003123,x731,CFG731_d67b44eae58dfe59,CFG731_d67b44eae58dfe59,1.0,CORRECT_TOP1,0,,11,11,0,3,3,0,11,0,20.09888003353069,x731,false
RFQ731-003124,G731ST-LT,CFG731_c050936f4a70e2a0,CFG731_c050936f4a70e2a0,1.0,CORRECT_TOP1,0,,11,11,0,4,4,0,11,0,25.607273139727138,G731ST-LT,false
RFQ731-003125,x731,CFG731_12089d5d54f581ac,CFG731_12089d5d54f581ac,1.0,CORRECT_TOP1,0,,10,10,0,4,4,0,10,0,19.928444769984942,x731,false
RFQ731-003126,x731,CFG731_353333bad447dbef,CFG731_f2b305fda5b7c1ed,7.0,TRUE_IN_TOP10,3,stromSchaltbar|temperaturEingaenge|customUserFluid,7,7,0,5,5,0,7,0,18.47612383266657,x731,false
RFQ731-003127,x731,CFG731_5d255cf6dd296018,CFG731_5d255cf6dd296018,1.0,CORRECT_TOP1,0,,10,10,0,5,5,0,10,0,21.78703755868568,x731,false
RFQ731-003128,x731,CFG731_b4f65e97f91c3587,CFG731_b4f65e97f91c3587,1.0,CORRECT_TOP1,0,,10,10,0,6,6,0,10,0,21.94530172407324,x731,false
RFQ731-003129,G731ST-LT,CFG731_10085782ed0991cf,CFG731_613ed23f00a94a96,2.0,TRUE_IN_TOP3,1,stromSchaltbar,11,11,0,4,4,0,11,0,25.687308476612724,G731ST-LT,false
RFQ731-003130,x731,CFG731_1d3bf6638fef70ae,CFG731_1d3bf6638fef70ae,1.0,CORRECT_TOP1,0,,12,12,0,3,3,0,12,0,21.5577883664318,x731,false
RFQ731-003131,x731,CFG731_da5f98932a1c6afd,CFG731_da5f98932a1c6afd,1.0,CORRECT_TOP1,0,,13,13,0,1,1,0,13,0,20.822283156759056,x731,false
RFQ731-003132,G731CA,CFG731_55e37d2b9d20276c,CFG731_55e37d2b9d20276c,1.0,CORRECT_TOP1,0,,13,13,0,1,1,0,13,0,31.78596785697629,G731CA,false
RFQ731-003133,x731,CFG731_91e51485b56960b2,CFG731_b187fb9ad3627171,2.0,TRUE_IN_TOP3,3,dev_advMeterVerification|dynamicGasMaster|customUserFluid,10,10,0,4,4,0,10,0,20.14107509773367,x731,false
RFQ731-003134,x731,CFG731_3b2a32abbf148ca1,CFG731_071845862a7aed14,3.0,TRUE_IN_TOP3,2,stromSchaltbar|stromEingaenge,11,11,0,4,4,0,11,0,21.352470534504118,x731,false
RFQ731-003135,G731ST-LT,CFG731_10085782ed0991cf,CFG731_613ed23f00a94a96,2.0,TRUE_IN_TOP3,1,stromSchaltbar,13,13,0,2,2,0,13,0,25.687308476612724,G731ST-LT,false
RFQ731-003136,G731ST-LT,CFG731_996314000fcfec4b,CFG731_22da0d6030817265,2.0,TRUE_IN_TOP3,1,temperaturEingaenge,9,9,0,6,6,0,9,0,25.424929002576945,G731ST-LT,false
RFQ731-003137,G731ST-HT,CFG731_7b2f69a7ca55041b,CFG731_49bb1327a04ca706,2.0,TRUE_IN_TOP3,1,temperaturEingaenge,10,10,0,5,5,0,10,0,26.448869696740648,G731ST-HT,false
RFQ731-003138,G731ST-LT,CFG731_ae2e4cfccaff4f50,CFG731_845802fc60449063,7.0,TRUE_IN_TOP10,2,stromEingaenge|temperaturEingaenge,10,10,0,3,3,0,10,0,22.763770628192432,G731ST-LT,false
RFQ731-003139,x731,CFG731_fe5ec1b0bcdbd396,CFG731_fe5ec1b0bcdbd396,1.0,CORRECT_TOP1,0,,9,9,0,4,4,0,9,0,18.35769321872853,x731,false
RFQ731-003140,x731,CFG731_8189439864af87ea,CFG731_8189439864af87ea,1.0,CORRECT_TOP1,0,,10,10,0,4,4,0,10,0,23.20497744608901,x731,false
RFQ731-003141,F731WD_DualChannel,CFG731_8281908b452128f3,CFG731_d2034bb5aa313dac,2.0,TRUE_IN_TOP3,1,stromEingaenge,9,9,0,3,3,0,9,0,30.740295052820898,F731WD_DualChannel,false
RFQ731-003142,x731,CFG731_8189439864af87ea,CFG731_b1631f2fb876e4f4,2.0,TRUE_IN_TOP3,1,stromSchaltbar,12,12,0,1,1,0,12,0,21.75089700528857,x731,false
RFQ731-003143,F731WD_SingleChannel,CFG731_70b6eaf9262ca4d0,CFG731_70b6eaf9262ca4d0,1.0,CORRECT_TOP1,0,,11,11,0,2,2,0,11,0,30.762456252706688,F731WD_SingleChannel,false
RFQ731-003144,x731,CFG731_f97e51d1da57d99f,CFG731_b2ad61cdb45a54fb,2.0,TRUE_IN_TOP3,2,stromSchaltbar|stromEingaenge,9,9,0,5,5,0,9,0,21.33063731912753,x731,false
RFQ731-003145,x731,CFG731_296392aa95929245,CFG731_296392aa95929245,1.0,CORRECT_TOP1,0,,11,11,0,3,3,0,11,0,20.10370792563136,x731,false
RFQ731-003146,x731,CFG731_14ec1773441318c2,CFG731_14ec1773441318c2,1.0,CORRECT_TOP1,0,,10,10,0,3,3,0,10,0,21.790777688938185,x731,false
RFQ731-003147,G731ST-LT,CFG731_32b4b1ec4513af66,CFG731_58b9913d8024b015,5.0,TRUE_IN_TOP5,3,stromSchaltbar|stromEingaenge|temperaturEingaenge,11,11,0,2,2,0,11,0,22.70248406833466,G731ST-LT,false
RFQ731-003148,G731ST-LT,CFG731_49cd4cbef1081333,CFG731_cc03e3852895ae99,2.0,TRUE_IN_TOP3,2,stromEingaenge|temperaturEingaenge,9,9,0,4,4,0,9,0,22.26223384554217,G731ST-LT,false
RFQ731-003149,G731ST-HT,CFG731_cc9ac35e4d9a1854,CFG731_cc9ac35e4d9a1854,1.0,CORRECT_TOP1,0,,11,11,0,5,5,0,11,0,28.305623689436548,G731ST-HT,false
RFQ731-003150,G731CA,CFG731_817824ee3a762453,CFG731_817824ee3a762453,1.0,CORRECT_TOP1,0,,12,12,0,2,2,0,12,0,30.89132327360409,G731CA,false
RFQ731-003151,x731,CFG731_2683cf7e09782f5e,CFG731_5362e45ac22e6417,7.0,TRUE_IN_TOP10,2,stromSchaltbar|binaerDigitalOpenColl_MN,10,10,0,4,4,0,10,0,19.19153926814972,x731,false
RFQ731-003152,G731ST-LT,CFG731_77dd17c48f15826c,CFG731_d982a98f914f0a87,2.0,TRUE_IN_TOP3,1,binaerDigitalOpenColl_MN,9,9,0,5,5,0,9,0,23.810192171273624,G731ST-LT,false
RFQ731-003153,x731,CFG731_24648603ca730481,CFG731_24648603ca730481,1.0,CORRECT_TOP1,0,,9,9,0,6,6,0,9,0,21.756266622428857,x731,false
RFQ731-003154,G731CA,CFG731_817824ee3a762453,CFG731_817824ee3a762453,1.0,CORRECT_TOP1,0,,12,12,0,2,2,0,12,0,30.89132327360409,G731CA,false
RFQ731-003155,G731CA,CFG731_2aca30183aab25a9,CFG731_f235f4dd7693c885,2.0,TRUE_IN_TOP3,2,stromSchaltbar|binaerOpenColl_MP,8,8,0,4,4,0,8,0,21.38519079054886,G731CA,false
RFQ731-003156,x731,CFG731_5a8170a3daa0efb9,CFG731_9b931b5025055c84,2.0,TRUE_IN_TOP3,1,stromSchaltbar,8,8,0,5,5,0,8,0,21.971226420033823,x731,false
RFQ731-003157,x731,CFG731_9a0f0b26c7f24725,CFG731_9eee2266c8068ada,3.0,TRUE_IN_TOP3,1,dynamicGasMaster,10,10,0,5,5,0,10,0,22.168572617707632,x731,false
RFQ731-003158,x731,CFG731_0cf73cced42104be,CFG731_0cf73cced42104be,1.0,CORRECT_TOP1,0,,11,11,0,4,4,0,11,0,21.800924274829672,x731,false
RFQ731-003159,G731ST-LT,CFG731_8b6ed3cfa9ed1e59,CFG731_5be384035f37d372,4.0,TRUE_IN_TOP5,2,stromEingaenge|binaerOpenColl_MP,11,11,0,2,2,0,11,0,22.19285908897779,G731ST-LT,false
RFQ731-003160,x731,CFG731_8d07e19298d09d34,CFG731_86a57b7488e60012,3.0,TRUE_IN_TOP3,2,dev_advMeterVerification|customUserFluid,11,11,0,3,3,0,11,0,21.766067621407775,x731,false
RFQ731-003161,x731,CFG731_a2313bdd95c38f2d,CFG731_d0bd848c8f934b33,,TRUE_UNRANKED,2,stromEingaenge|temperaturEingaenge,9,9,0,4,4,0,9,0,20.11141422950992,x731,false
RFQ731-003162,x731,CFG731_62d0f0f6bab9bdcb,CFG731_62d0f0f6bab9bdcb,1.0,CORRECT_TOP1,0,,11,11,0,5,5,0,11,0,23.13333499122269,x731,false
RFQ731-003163,x731,CFG731_1f31b1bf8dc9e962,CFG731_1f31b1bf8dc9e962,1.0,CORRECT_TOP1,0,,11,11,0,4,4,0,11,0,21.620777461168338,x731,false
RFQ731-003164,G731CA,CFG731_452fb8d2c450816e,CFG731_452fb8d2c450816e,1.0,CORRECT_TOP1,0,,10,10,0,2,2,0,10,0,26.69389423217886,G731CA,false
RFQ731-003165,x731,CFG731_72e5000522fb6a51,CFG731_da757fc78485b6cc,2.0,TRUE_IN_TOP3,1,binaerDigitalOpenColl_MN,11,11,0,2,2,0,11,0,22.362257207169275,x731,false
RFQ731-003166,x731,CFG731_5e61ce3b60d15e11,CFG731_8216171cc39f78aa,2.0,TRUE_IN_TOP3,1,stromSchaltbar,10,10,0,6,6,0,10,0,23.451548058857448,x731,false
RFQ731-003167,x731,CFG731_6e096e946540ab4e,CFG731_7d4c803343a40a05,2.0,TRUE_IN_TOP3,2,stromEingaenge|dev_advMeterVerification,9,9,0,6,6,0,9,0,21.40951282884415,x731,false
RFQ731-003168,x731,CFG731_1f978c234895178c,CFG731_7e2eb98eda74b038,7.0,TRUE_IN_TOP10,2,temperaturEingaenge|dev_advMeterVerification,13,13,0,1,1,0,13,0,19.904317546332116,x731,false
RFQ731-003169,x731,CFG731_91e51485b56960b2,CFG731_8e5ce09a779d2284,2.0,TRUE_IN_TOP3,3,stromSchaltbar|stromEingaenge|temperaturEingaenge,11,11,0,3,3,0,11,0,19.749176238335373,x731,false
RFQ731-003170,x731,CFG731_fb16e30f5bbb87f2,CFG731_563ef0dc6253e3f7,2.0,TRUE_IN_TOP3,1,stromEingaenge,12,12,0,2,2,0,12,0,21.260694583546705,x731,false
RFQ731-003171,G731ST-LT,CFG731_8da1da530d6ae54d,CFG731_8da1da530d6ae54d,1.0,CORRECT_TOP1,0,,12,12,0,4,4,0,12,0,27.431661067739245,G731ST-LT,false
RFQ731-003172,x731,CFG731_22fecf5bb26e1132,CFG731_22fecf5bb26e1132,1.0,CORRECT_TOP1,0,,12,12,0,3,3,0,12,0,22.244470125273384,x731,false
RFQ731-003173,G731CA,CFG731_faff6da73df00950,CFG731_faff6da73df00950,1.0,CORRECT_TOP1,0,,12,12,0,2,2,0,12,0,33.9910632327716,G731CA,false
RFQ731-003174,F731TE,CFG731_3d8c1bbc0ef4249a,CFG731_f79503cf8f87ea49,2.0,TRUE_IN_TOP3,2,stromSchaltbar|binaerOpenColl_MP,6,6,0,5,5,0,6,0,28.159756771445156,F731TE,false
RFQ731-003175,F731TE,CFG731_ac57adca497d644f,CFG731_4d0235c9d5cc61be,2.0,TRUE_IN_TOP3,2,stromSchaltbar|binaerOpenColl_MP,10,10,0,1,1,0,10,0,28.66129355409542,F731TE,false
RFQ731-003176,x731,CFG731_5ea309f998205da7,CFG731_9ccdadb28a07accd,6.0,TRUE_IN_TOP10,2,dev_advMeterVerification|customUserFluid,8,8,0,6,6,0,8,0,21.281151774626046,x731,false
RFQ731-003177,x731,CFG731_93ba38caebb455ef,CFG731_93ba38caebb455ef,1.0,CORRECT_TOP1,0,,11,11,0,3,3,0,11,0,20.44570706478404,x731,false
RFQ731-003178,x731,CFG731_31aa13473958d7d3,CFG731_af5b0ebc51685059,2.0,TRUE_IN_TOP3,1,stromEingaenge,11,11,0,5,5,0,11,0,22.77839469722868,x731,false
RFQ731-003179,x731,CFG731_36c553adc9f5ebf3,CFG731_36c553adc9f5ebf3,1.0,CORRECT_TOP1,0,,14,14,0,2,2,0,14,0,23.631580807605125,x731,false
RFQ731-003180,G731ST-HT,CFG731_63eca10a00ae1f5d,CFG731_63eca10a00ae1f5d,1.0,CORRECT_TOP1,0,,12,12,0,4,4,0,12,0,28.59589583976263,G731ST-HT,false
RFQ731-003181,x731,CFG731_038a2660d5cee54f,CFG731_038a2660d5cee54f,1.0,CORRECT_TOP1,0,,14,14,0,2,2,0,14,0,22.85555357616106,x731,false
RFQ731-003182,G731CA,CFG731_55e37d2b9d20276c,CFG731_55e37d2b9d20276c,1.0,CORRECT_TOP1,0,,10,10,0,4,4,0,10,0,31.78596785697629,G731CA,false
RFQ731-003183,x731,CFG731_fe9a409c6b2ba9cc,CFG731_abc11b72fc871228,7.0,TRUE_IN_TOP10,2,stromEingaenge|dev_advMeterVerification,12,12,0,1,1,0,12,0,18.93963350026024,x731,false
RFQ731-003184,G731ST-LT,CFG731_32b4b1ec4513af66,CFG731_0bc9c3b6375d4380,3.0,TRUE_IN_TOP3,2,stromSchaltbar|stromEingaenge,10,10,0,4,4,0,10,0,24.05770127838029,G731ST-LT,false
RFQ731-003185,x731,CFG731_7630270d2245c283,CFG731_69502d87794881ea,3.0,TRUE_IN_TOP3,3,binaerOpenColl_MP|dev_advMeterVerification|dynamicGasMaster,12,12,0,1,1,0,12,0,18.26606119018499,x731,false
RFQ731-003186,x731,CFG731_87274fb3dc8d442a,CFG731_87274fb3dc8d442a,1.0,CORRECT_TOP1,0,,11,11,0,2,2,0,11,0,19.17411576604625,x731,false
RFQ731-003187,x731,CFG731_5e61ce3b60d15e11,CFG731_d6304b0cfae9a548,2.0,TRUE_IN_TOP3,1,customUserFluid,12,12,0,4,4,0,12,0,23.837517663613973,x731,false
RFQ731-003188,x731,CFG731_8c8856d21252930e,CFG731_bf8f7d1a25ad0a6e,2.0,TRUE_IN_TOP3,1,stromSchaltbar,10,10,0,3,3,0,10,0,21.821248347567412,x731,false
RFQ731-003189,x731,CFG731_d79264c74c1cd4e8,CFG731_2686ab8bb7012e53,3.0,TRUE_IN_TOP3,1,stromSchaltbar,10,10,0,3,3,0,10,0,18.200946346704832,x731,false
RFQ731-003190,F731WD_DualChannel,CFG731_35ed22cad11f9a11,CFG731_783ba1dc5751818d,2.0,TRUE_IN_TOP3,1,stromEingaenge,9,9,0,3,3,0,9,0,35.03279431957994,F731WD_DualChannel,false
RFQ731-003191,x731,CFG731_7822370b42865359,CFG731_8956c16bd3b9a345,2.0,TRUE_IN_TOP3,1,stromEingaenge,12,12,0,2,2,0,12,0,20.759157800896435,x731,false
RFQ731-003192,x731,CFG731_bb61f56875b25c60,CFG731_bb61f56875b25c60,1.0,CORRECT_TOP1,0,,8,8,0,5,5,0,8,0,21.44783847863536,x731,false
RFQ731-003193,F731PW,CFG731_0d8116f4900c6919,CFG731_0d8116f4900c6919,1.0,CORRECT_TOP1,0,,11,11,0,1,1,0,11,0,29.13642648818402,F731PW,false
RFQ731-003194,x731,CFG731_ddd1ce28a3456ff6,CFG731_5fe81a6927bfed57,2.0,TRUE_IN_TOP3,2,binaerOpenColl_MP|customUserFluid,8,8,0,6,6,0,8,0,21.08220983839937,x731,false
RFQ731-003195,x731,CFG731_cb9d6c11077bd307,CFG731_0be1e83a71642630,2.0,TRUE_IN_TOP3,2,stromSchaltbar|customUserFluid,11,11,0,3,3,0,11,0,20.16935070378053,x731,false
RFQ731-003196,x731,CFG731_d779331ce0b0c6c1,CFG731_d779331ce0b0c6c1,1.0,CORRECT_TOP1,0,,13,13,0,3,3,0,13,0,22.76560832090155,x731,false
RFQ731-003197,G731ST-HT,CFG731_831a7150258499af,CFG731_831a7150258499af,1.0,CORRECT_TOP1,0,,13,13,0,3,3,0,13,0,27.95406497925269,G731ST-HT,false
RFQ731-003198,x731,CFG731_e1c54b5b080fabb2,CFG731_39a1207c373ce8a2,3.0,TRUE_IN_TOP3,2,stromEingaenge|temperaturEingaenge,8,8,0,5,5,0,8,0,19.77034653117173,x731,false
RFQ731-003199,G731VG,CFG731_7f63e10e4938ed7a,CFG731_7f63e10e4938ed7a,1.0,CORRECT_TOP1,0,,12,12,0,3,3,0,12,0,44.28073353222801,G731VG,false
RFQ731-003200,x731,CFG731_a4339f07d181d686,CFG731_e1a359096a360a7b,2.0,TRUE_IN_TOP3,1,temperaturEingaenge,13,13,0,2,2,0,13,0,20.934403013171234,x731,false
RFQ731-003201,x731,CFG731_214b093bf98ca9ef,CFG731_214b093bf98ca9ef,1.0,CORRECT_TOP1,0,,11,11,0,3,3,0,11,0,19.855072656294173,x731,false
RFQ731-003202,G731ST-HT,CFG731_63eca10a00ae1f5d,CFG731_f23946dbf617272b,3.0,TRUE_IN_TOP3,2,stromSchaltbar|temperaturEingaenge,9,9,0,5,5,0,9,0,25.78659818891656,G731ST-HT,false
RFQ731-003203,G731ST-HT,CFG731_a4416ae9d698efa6,CFG731_1060da033d1aaed1,4.0,TRUE_IN_TOP5,1,temperaturEingaenge,8,8,0,5,5,0,8,0,24.36825562300831,G731ST-HT,false
RFQ731-003204,G731ST-HT,CFG731_2a989bd6dba74d9f,CFG731_b7a7770d19b6f648,4.0,TRUE_IN_TOP5,2,stromSchaltbar|temperaturEingaenge,8,8,0,6,6,0,8,0,25.646304111056885,G731ST-HT,false
RFQ731-003205,G731ST-HT,CFG731_4aa7d46b9cfa7d7b,CFG731_4aa7d46b9cfa7d7b,1.0,CORRECT_TOP1,0,,14,14,0,2,2,0,14,0,28.37556642501737,G731ST-HT,false
RFQ731-003206,x731,CFG731_11a99741e1f7cce9,CFG731_11a99741e1f7cce9,1.0,CORRECT_TOP1,0,,11,11,0,3,3,0,11,0,24.06384675507638,x731,false
RFQ731-003207,G731ST-LT,CFG731_e03b41992c837b34,CFG731_e03b41992c837b34,1.0,CORRECT_TOP1,0,,10,10,0,5,5,0,10,0,25.32606577182213,G731ST-LT,false
RFQ731-003208,x731,CFG731_f7f0034a8b15f329,CFG731_8634a8a0a780401d,2.0,TRUE_IN_TOP3,1,binaerOpenColl_MP,8,8,0,5,5,0,8,0,21.1100427304931,x731,false
RFQ731-003209,G731ST-HT,CFG731_e2d64e127f97296d,CFG731_e2d64e127f97296d,1.0,CORRECT_TOP1,0,,12,12,0,3,3,0,12,0,26.49998453845225,G731ST-HT,false
RFQ731-003210,F731WD_DualChannel,CFG731_8281908b452128f3,CFG731_8281908b452128f3,1.0,CORRECT_TOP1,0,,12,12,0,1,1,0,12,0,32.15863761872915,F731WD_DualChannel,false
RFQ731-003211,x731,CFG731_7630270d2245c283,CFG731_69502d87794881ea,3.0,TRUE_IN_TOP3,3,binaerOpenColl_MP|dev_advMeterVerification|dynamicGasMaster,12,12,0,1,1,0,12,0,18.26606119018499,x731,false
RFQ731-003212,x731,CFG731_5d345c0f49f6f272,CFG731_eaca39956a83b99d,3.0,TRUE_IN_TOP3,2,stromEingaenge|temperaturEingaenge,10,10,0,4,4,0,10,0,21.329503138020243,x731,false
RFQ731-003213,x731,CFG731_b1693ef6b18686ac,CFG731_b1693ef6b18686ac,1.0,CORRECT_TOP1,0,,12,12,0,4,4,0,12,0,22.325358098109056,x731,false
RFQ731-003214,x731,CFG731_9d5f3b4b7b2dfa7b,CFG731_9d5f3b4b7b2dfa7b,1.0,CORRECT_TOP1,0,,13,13,0,2,2,0,13,0,22.215202227645182,x731,false
RFQ731-003215,G731ST-LT,CFG731_49cd4cbef1081333,CFG731_49cd4cbef1081333,1.0,CORRECT_TOP1,0,,8,8,0,7,7,0,8,0,25.035793621496047,G731ST-LT,false
RFQ731-003216,x731,CFG731_1147f9711c4bff84,CFG731_1147f9711c4bff84,1.0,CORRECT_TOP1,0,,9,9,0,5,5,0,9,0,24.08068821755677,x731,false
RFQ731-003217,F731PW,CFG731_7785b2914ebb6eaf,CFG731_7785b2914ebb6eaf,1.0,CORRECT_TOP1,0,,9,9,0,3,3,0,9,0,29.024288688400222,F731PW,false
RFQ731-003218,x731,CFG731_bb61f56875b25c60,CFG731_bb61f56875b25c60,1.0,CORRECT_TOP1,0,,9,9,0,4,4,0,9,0,21.44783847863536,x731,false
RFQ731-003219,x731,CFG731_0fbee36816b7af98,CFG731_b74fb5418dad3b38,2.0,TRUE_IN_TOP3,1,stromEingaenge,13,13,0,3,3,0,13,0,23.346991855889964,x731,false
RFQ731-003220,F731PW,CFG731_0781a0fecc8f46d5,CFG731_0781a0fecc8f46d5,1.0,CORRECT_TOP1,0,,8,8,0,4,4,0,8,0,29.963630406432344,F731PW,false
RFQ731-003221,G731VG,CFG731_7f63e10e4938ed7a,CFG731_7f63e10e4938ed7a,1.0,CORRECT_TOP1,0,,11,11,0,4,4,0,11,0,44.28073353222801,G731VG,false
RFQ731-003222,G731ST-LT,CFG731_a57ffd88d58eb498,CFG731_fa6ab94f1cf566b3,3.0,TRUE_IN_TOP3,1,binaerDigitalOpenColl_MN,12,12,0,2,2,0,12,0,23.590271363226396,G731ST-LT,false
RFQ731-003223,x731,CFG731_4eb28f7e77f7ba51,CFG731_c9190efaaf22bb3f,7.0,TRUE_IN_TOP10,1,temperaturEingaenge,11,11,0,3,3,0,11,0,21.51019313098257,x731,false
RFQ731-003224,x731,CFG731_31d0a0df66872bf7,CFG731_31d0a0df66872bf7,1.0,CORRECT_TOP1,0,,12,12,0,4,4,0,12,0,23.95308484150772,x731,false
RFQ731-003225,F731PW,CFG731_327bfa077bbbd45e,CFG731_327bfa077bbbd45e,1.0,CORRECT_TOP1,0,,7,7,0,5,5,0,7,0,34.78332108077815,F731PW,false
RFQ731-003226,x731,CFG731_6bdadac99b2f7b39,CFG731_6bdadac99b2f7b39,1.0,CORRECT_TOP1,0,,10,10,0,6,6,0,10,0,22.21372271565112,x731,false
RFQ731-003227,x731,CFG731_da02526d254e2e35,CFG731_0848f22447616e6f,2.0,TRUE_IN_TOP3,1,customUserFluid,11,11,0,4,4,0,11,0,21.563687372528506,x731,false
RFQ731-003228,F731WD_SingleChannel,CFG731_11c93eca01984a14,CFG731_0be7d6198235486b,2.0,TRUE_IN_TOP3,2,stromSchaltbar|binaerOpenColl_MP,10,10,0,1,1,0,10,0,25.359137294119503,F731WD_SingleChannel,false
RFQ731-003229,G731ST-HT,CFG731_4aa7d46b9cfa7d7b,CFG731_3c6c3a0686e047ad,4.0,TRUE_IN_TOP5,2,stromSchaltbar|stromEingaenge,11,11,0,3,3,0,11,0,25.50314341830868,G731ST-HT,false
RFQ731-003230,x731,CFG731_9a0f0b26c7f24725,CFG731_8b9239fd1c516750,4.0,TRUE_IN_TOP5,2,temperaturEingaenge|customUserFluid,10,10,0,4,4,0,10,0,21.42520059245069,x731,false
RFQ731-003231,G731ST-LT,CFG731_ae2e4cfccaff4f50,CFG731_845802fc60449063,7.0,TRUE_IN_TOP10,2,stromEingaenge|temperaturEingaenge,9,9,0,4,4,0,9,0,22.763770628192432,G731ST-LT,false
RFQ731-003232,G731ST-HT,CFG731_c32627af59ba1526,CFG731_c32627af59ba1526,1.0,CORRECT_TOP1,0,,11,11,0,4,4,0,11,0,26.82599456367052,G731ST-HT,false
RFQ731-003233,G731ST-LT,CFG731_715a3d3226cbaffd,CFG731_715a3d3226cbaffd,1.0,CORRECT_TOP1,0,,13,13,0,3,3,0,13,0,27.06135358052758,G731ST-LT,false
RFQ731-003234,G731CA,CFG731_7e4e2943182c4add,CFG731_04d132f563cdece8,2.0,TRUE_IN_TOP3,2,stromSchaltbar|binaerDigitalOpenColl_MN,9,9,0,3,3,0,9,0,28.24005367066773,G731CA,false
RFQ731-003235,G731ST-HT,CFG731_eb70dc35972dc4b7,CFG731_4d6c56202edf3f41,3.0,TRUE_IN_TOP3,1,stromSchaltbar,10,10,0,4,4,0,10,0,25.433200682727858,G731ST-HT,false
RFQ731-003236,x731,CFG731_169a8482d2028dff,CFG731_169a8482d2028dff,1.0,CORRECT_TOP1,0,,11,11,0,5,5,0,11,0,23.877187333941965,x731,false
RFQ731-003237,x731,CFG731_9a0f0b26c7f24725,CFG731_9eee2266c8068ada,3.0,TRUE_IN_TOP3,1,dynamicGasMaster,11,11,0,4,4,0,11,0,22.168572617707632,x731,false
RFQ731-003238,G731CA,CFG731_2aca30183aab25a9,CFG731_2aca30183aab25a9,1.0,CORRECT_TOP1,0,,10,10,0,4,4,0,10,0,30.389786490953828,G731CA,false
RFQ731-003239,x731,CFG731_df5f598a914fb1cc,CFG731_8bd839e0c8855562,,TRUE_UNRANKED,1,binaerDigitalOpenColl_MN,8,8,0,5,5,0,8,0,18.90645599941564,x731,false
RFQ731-003240,G731CA,CFG731_adf77af8b73e9cdc,CFG731_adf77af8b73e9cdc,1.0,CORRECT_TOP1,0,,11,11,0,3,3,0,11,0,34.45040495121891,G731CA,false
RFQ731-003241,G731ST-LT,CFG731_d432b6fd40e9e78c,CFG731_d432b6fd40e9e78c,1.0,CORRECT_TOP1,0,,9,9,0,5,5,0,9,0,24.472385344426765,G731ST-LT,false
RFQ731-003242,x731,CFG731_219ac3d01befd6d1,CFG731_d47fa87df22e968e,2.0,TRUE_IN_TOP3,1,stromSchaltbar,12,12,0,3,3,0,12,0,21.637059486219275,x731,false
RFQ731-003243,G731VG,CFG731_40b6e1db6c80bcc1,CFG731_40b6e1db6c80bcc1,1.0,CORRECT_TOP1,0,,14,14,0,1,1,0,14,0,38.77477620783847,G731VG,false
RFQ731-003244,x731,CFG731_36d7686aca1200ae,CFG731_a4038243bb1e609e,3.0,TRUE_IN_TOP3,2,stromSchaltbar|customUserFluid,11,11,0,3,3,0,11,0,20.73794786244182,x731,false
RFQ731-003245,G731ST-HT,CFG731_2a989bd6dba74d9f,CFG731_b7a7770d19b6f648,4.0,TRUE_IN_TOP5,2,stromSchaltbar|temperaturEingaenge,12,12,0,2,2,0,12,0,25.646304111056885,G731ST-HT,false
RFQ731-003246,G731ST-LT,CFG731_d124ccffa669c3a2,CFG731_d124ccffa669c3a2,1.0,CORRECT_TOP1,0,,11,11,0,5,5,0,11,0,26.99141084494676,G731ST-LT,false
RFQ731-003247,x731,CFG731_af755e9c46cfadd4,CFG731_af755e9c46cfadd4,1.0,CORRECT_TOP1,0,,9,9,0,5,5,0,9,0,23.659186771792086,x731,false
RFQ731-003248,G731ST-HT,CFG731_3f42c988dc83cb23,CFG731_b5710e5f11e2cbc2,4.0,TRUE_IN_TOP5,1,stromEingaenge,10,10,0,4,4,0,10,0,25.751984721529897,G731ST-HT,false
RFQ731-003249,x731,CFG731_241261e6f2e0673c,CFG731_241261e6f2e0673c,1.0,CORRECT_TOP1,0,,13,13,0,1,1,0,13,0,19.003511932388594,x731,false
RFQ731-003250,G731ST-HT,CFG731_bbffb73f3dff6787,CFG731_aa4779c40e6c2de0,3.0,TRUE_IN_TOP3,3,stromSchaltbar|temperaturEingaenge|binaerOpenColl_MP,8,8,0,5,5,0,8,0,23.471334058575398,G731ST-HT,false
RFQ731-003251,G731ST-HT,CFG731_63eca10a00ae1f5d,CFG731_ab3b0ae98d7b2345,2.0,TRUE_IN_TOP3,1,stromSchaltbar,12,12,0,3,3,0,12,0,27.14181539896219,G731ST-HT,false
RFQ731-003252,x731,CFG731_e049618b920d59b6,CFG731_93048b37febc2c6d,3.0,TRUE_IN_TOP3,1,temperaturEingaenge,12,12,0,3,3,0,12,0,22.37753821671683,x731,false
RFQ731-003253,x731,CFG731_a385518a9f31baa0,CFG731_a385518a9f31baa0,1.0,CORRECT_TOP1,0,,10,10,0,5,5,0,10,0,21.87732419972128,x731,false
RFQ731-003254,x731,CFG731_67de76f701c9cfad,CFG731_c66891bf502d2d83,2.0,TRUE_IN_TOP3,1,customUserFluid,11,11,0,4,4,0,11,0,22.0011779322276,x731,false
RFQ731-003255,x731,CFG731_c39096767a7ae083,CFG731_624c46bfa7e46ad0,2.0,TRUE_IN_TOP3,2,stromEingaenge|temperaturEingaenge,13,13,0,2,2,0,13,0,21.493528829461894,x731,false
RFQ731-003256,x731,CFG731_5e57a3f6d3b745b8,CFG731_35443b2ee17ecca9,3.0,TRUE_IN_TOP3,1,binaerOpenColl_MP,10,10,0,3,3,0,10,0,21.526411783513563,x731,false
RFQ731-003257,x731,CFG731_0fbee36816b7af98,CFG731_b74fb5418dad3b38,2.0,TRUE_IN_TOP3,1,stromEingaenge,11,11,0,5,5,0,11,0,23.346991855889964,x731,false
RFQ731-003258,F731WD_SingleChannel,CFG731_9a761e6bfde35917,CFG731_9a761e6bfde35917,1.0,CORRECT_TOP1,0,,9,9,0,4,4,0,9,0,38.506254188817095,F731WD_SingleChannel,false
RFQ731-003259,G731CA,CFG731_757fbd3e8915b462,CFG731_757fbd3e8915b462,1.0,CORRECT_TOP1,0,,12,12,0,2,2,0,12,0,33.69134256155629,G731CA,false
RFQ731-003260,F731PW,CFG731_b265e25b7baf721d,CFG731_b265e25b7baf721d,1.0,CORRECT_TOP1,0,,7,7,0,4,4,0,7,0,27.660414804579737,F731PW,false
RFQ731-003261,x731,CFG731_e1c54b5b080fabb2,CFG731_c9f99492e564a888,4.0,TRUE_IN_TOP5,2,temperaturEingaenge|customUserFluid,11,11,0,2,2,0,11,0,20.120578261036066,x731,false
RFQ731-003262,x731,CFG731_c39096767a7ae083,CFG731_ef02695e374fc418,2.0,TRUE_IN_TOP3,3,stromSchaltbar|temperaturEingaenge|dev_advMeterVerification,13,13,0,1,1,0,13,0,20.370116454090194,x731,false
RFQ731-003263,F731WD_DualChannel,CFG731_8281908b452128f3,CFG731_d2034bb5aa313dac,2.0,TRUE_IN_TOP3,1,stromEingaenge,9,9,0,3,3,0,9,0,30.740295052820898,F731WD_DualChannel,false
RFQ731-003264,x731,CFG731_89772de94df83ba5,CFG731_6ad3ec8ed100118e,2.0,TRUE_IN_TOP3,2,stromSchaltbar|temperaturEingaenge,11,11,0,3,3,0,11,0,20.25368599809777,x731,false
RFQ731-003265,G731ST-LT,CFG731_1d89d7fdc7355744,CFG731_1d89d7fdc7355744,1.0,CORRECT_TOP1,0,,12,12,0,3,3,0,12,0,26.013318501830994,G731ST-LT,false
RFQ731-003266,G731ST-HT,CFG731_a69c8345e2cbb480,CFG731_a69c8345e2cbb480,1.0,CORRECT_TOP1,0,,12,12,0,3,3,0,12,0,27.348461637980435,G731ST-HT,false
RFQ731-003267,x731,CFG731_cf543b1c3927ab71,CFG731_3b06d9bface617d0,2.0,TRUE_IN_TOP3,1,temperaturEingaenge,13,13,0,2,2,0,13,0,22.697865043324175,x731,false
RFQ731-003268,x731,CFG731_33fed5318b1a4f2f,CFG731_7157b3d45716ad8f,2.0,TRUE_IN_TOP3,1,binaerOpenColl_MP,11,11,0,3,3,0,11,0,20.58200003606862,x731,false
RFQ731-003269,x731,CFG731_77a90bfd81b5c2c1,CFG731_77a90bfd81b5c2c1,1.0,CORRECT_TOP1,0,,13,13,0,2,2,0,13,0,21.39374473161853,x731,false
RFQ731-003270,x731,CFG731_cd4f211fbf872f2e,CFG731_031d8f2fe50bf3d1,3.0,TRUE_IN_TOP3,1,stromSchaltbar,10,10,0,4,4,0,10,0,20.43182034864005,x731,false
RFQ731-003271,G731ST-LT,CFG731_87d8ba5b87cf0a3f,CFG731_9e44a82e6c1db982,5.0,TRUE_IN_TOP5,2,stromEingaenge|temperaturEingaenge,10,10,0,3,3,0,10,0,22.72157556398946,G731ST-LT,false
RFQ731-003272,G731CA,CFG731_95a64c12c70f922a,CFG731_95a64c12c70f922a,1.0,CORRECT_TOP1,0,,10,10,0,4,4,0,10,0,32.28750463962656,G731CA,false
RFQ731-003273,F731PW,CFG731_5995fa9fd5d1242f,CFG731_5995fa9fd5d1242f,1.0,CORRECT_TOP1,0,,8,8,0,4,4,0,8,0,34.211841562547065,F731PW,false
RFQ731-003274,x731,CFG731_241d60e6ef5278be,CFG731_33f869b0c10dd59d,2.0,TRUE_IN_TOP3,2,binaerDigitalOpenColl_MN|dev_advMeterVerification,9,9,0,5,5,0,9,0,19.88037443286841,x731,false
RFQ731-003275,G731CA,CFG731_6fae22c89116fc5e,CFG731_6fae22c89116fc5e,1.0,CORRECT_TOP1,0,,14,14,0,0,0,0,14,0,36.03875945391075,G731CA,false
RFQ731-003276,x731,CFG731_6526112621a9ee97,CFG731_6526112621a9ee97,1.0,CORRECT_TOP1,0,,11,11,0,4,4,0,11,0,21.08350280362588,x731,false
RFQ731-003277,x731,CFG731_fe9a409c6b2ba9cc,CFG731_b10c597ca89c3f56,4.0,TRUE_IN_TOP5,1,stromEingaenge,11,11,0,3,3,0,11,0,20.02730800073975,x731,false
RFQ731-003278,x731,CFG731_cf543b1c3927ab71,CFG731_cf543b1c3927ab71,1.0,CORRECT_TOP1,0,,10,10,0,6,6,0,10,0,24.05308225336981,x731,false
RFQ731-003279,G731ST-HT,CFG731_a56f1437a0b4ca31,CFG731_a56f1437a0b4ca31,1.0,CORRECT_TOP1,0,,14,14,0,2,2,0,14,0,28.413406697699983,G731ST-HT,false
RFQ731-003280,x731,CFG731_2a8793475d827bb6,CFG731_b48a547ba9b64245,5.0,TRUE_IN_TOP5,2,binaerDigitalOpenColl_MN|dev_advMeterVerification,11,11,0,2,2,0,11,0,19.56426827116993,x731,false
RFQ731-003281,x731,CFG731_d40b624cb7b84a81,CFG731_d40b624cb7b84a81,1.0,CORRECT_TOP1,0,,10,10,0,6,6,0,10,0,22.708451961647853,x731,false
RFQ731-003282,G731ST-LT,CFG731_e6c0885eb14e429c,CFG731_ad54a3e31832f7d2,4.0,TRUE_IN_TOP5,1,stromEingaenge,11,11,0,3,3,0,11,0,24.50812321931896,G731ST-LT,false
RFQ731-003283,G731ST-LT,CFG731_cc47430fac8438be,CFG731_cc47430fac8438be,1.0,CORRECT_TOP1,0,,9,9,0,5,5,0,9,0,24.40203400214792,G731ST-LT,false
RFQ731-003284,G731ST-LT,CFG731_32b4b1ec4513af66,CFG731_903051672b581bab,3.0,TRUE_IN_TOP3,1,binaerOpenColl_MP,10,10,0,5,5,0,10,0,24.657055218950784,G731ST-LT,false
RFQ731-003285,G731CA,CFG731_ed85647cd384c17a,CFG731_ed85647cd384c17a,1.0,CORRECT_TOP1,0,,10,10,0,4,4,0,10,0,32.43748271209297,G731CA,false
RFQ731-003286,x731,CFG731_5c624ef6fa2b6510,CFG731_a04cb2bbaa13d22b,6.0,TRUE_IN_TOP10,1,dev_advMeterVerification,9,9,0,5,5,0,9,0,19.97452388369852,x731,false
RFQ731-003287,G731ST-LT,CFG731_a57ffd88d58eb498,CFG731_fa6ab94f1cf566b3,3.0,TRUE_IN_TOP3,1,binaerDigitalOpenColl_MN,12,12,0,2,2,0,12,0,23.590271363226396,G731ST-LT,false
RFQ731-003288,x731,CFG731_70b38ab75d3ca724,CFG731_b0cb3b337215aa5b,,TRUE_UNRANKED,2,binaerOpenColl_MP|customUserFluid,10,10,0,3,3,0,10,0,18.022253812948467,x731,false
RFQ731-003289,x731,CFG731_260c36430f7c2d03,CFG731_68d0d8577edab436,3.0,TRUE_IN_TOP3,1,binaerDigitalOpenColl_MN,10,10,0,3,3,0,10,0,22.027948566163836,x731,false
RFQ731-003290,G731ST-HT,CFG731_3f42c988dc83cb23,CFG731_37f37296c515d083,3.0,TRUE_IN_TOP3,1,stromSchaltbar,12,12,0,2,2,0,12,0,25.71624684663771,G731ST-HT,false
RFQ731-003291,F731TE,CFG731_3fe2202b70f330b1,CFG731_3fe2202b70f330b1,1.0,CORRECT_TOP1,0,,10,10,0,3,3,0,10,0,39.212048692989256,F731TE,false
RFQ731-003292,F731TE,CFG731_8b8ba7e2341f1295,CFG731_b7c1a02b25610507,2.0,TRUE_IN_TOP3,2,stromSchaltbar|binaerOpenColl_MP,8,8,0,3,3,0,8,0,28.619098489892448,F731TE,false
RFQ731-003293,G731ST-LT,CFG731_0fdf5c36c9c41e69,CFG731_166343048c227f3c,2.0,TRUE_IN_TOP3,1,stromEingaenge,13,13,0,2,2,0,13,0,25.221509568854646,G731ST-LT,false
RFQ731-003294,x731,CFG731_a92ad5294d9187e9,CFG731_a92ad5294d9187e9,1.0,CORRECT_TOP1,0,,9,9,0,5,5,0,9,0,23.50920869932568,x731,false
RFQ731-003295,x731,CFG731_5ea309f998205da7,CFG731_9ccdadb28a07accd,6.0,TRUE_IN_TOP10,2,dev_advMeterVerification|customUserFluid,13,13,0,1,1,0,13,0,21.281151774626046,x731,false
RFQ731-003296,x731,CFG731_27b6b45b43224be7,CFG731_27b6b45b43224be7,1.0,CORRECT_TOP1,0,,13,13,0,3,3,0,13,0,22.82689488075933,x731,false
RFQ731-003297,x731,CFG731_4346df46838fd57e,CFG731_4138a046f10b4aa8,3.0,TRUE_IN_TOP3,1,temperaturEingaenge,10,10,0,5,5,0,10,0,21.42948260651072,x731,false
RFQ731-003298,x731,CFG731_31aa13473958d7d3,CFG731_c63da0cdbb0b3444,3.0,TRUE_IN_TOP3,2,stromSchaltbar|temperaturEingaenge,13,13,0,2,2,0,13,0,21.38743961229086,x731,false
RFQ731-003299,x731,CFG731_c39096767a7ae083,CFG731_2009b1ab4cbc0ffb,2.0,TRUE_IN_TOP3,2,stromEingaenge|customUserFluid,10,10,0,5,5,0,10,0,21.780635203463618,x731,false
RFQ731-003300,G731ST-HT,CFG731_cc9ac35e4d9a1854,CFG731_cc9ac35e4d9a1854,1.0,CORRECT_TOP1,0,,13,13,0,3,3,0,13,0,28.305623689436548,G731ST-HT,false
RFQ731-003301,x731,CFG731_efc9d6b915117e15,CFG731_1e692ee109597ef2,4.0,TRUE_IN_TOP5,1,binaerOpenColl_MP,11,11,0,3,3,0,11,0,18.940386576525977,x731,false
RFQ731-003302,x731,CFG731_36c553adc9f5ebf3,CFG731_36c553adc9f5ebf3,1.0,CORRECT_TOP1,0,,11,11,0,5,5,0,11,0,23.631580807605125,x731,false
RFQ731-003303,x731,CFG731_3bcde7f8df32303c,CFG731_7db8273b62ec69af,2.0,TRUE_IN_TOP3,1,dev_advMeterVerification,10,10,0,6,6,0,10,0,23.967932071644785,x731,false
RFQ731-003304,G731ST-LT,CFG731_49cd4cbef1081333,CFG731_cc03e3852895ae99,2.0,TRUE_IN_TOP3,2,stromEingaenge|temperaturEingaenge,12,12,0,1,1,0,12,0,22.26223384554217,G731ST-LT,false
RFQ731-003305,x731,CFG731_0aa987e1ae960c88,CFG731_0aa987e1ae960c88,1.0,CORRECT_TOP1,0,,12,12,0,3,3,0,12,0,21.53896047256257,x731,false
RFQ731-003306,x731,CFG731_26a55fc6510692e1,CFG731_26a55fc6510692e1,1.0,CORRECT_TOP1,0,,12,12,0,2,2,0,12,0,19.97063983418792,x731,false
RFQ731-003307,G731ST-LT,CFG731_996314000fcfec4b,CFG731_22da0d6030817265,2.0,TRUE_IN_TOP3,1,temperaturEingaenge,11,11,0,4,4,0,11,0,25.424929002576945,G731ST-LT,false
RFQ731-003308,x731,CFG731_fd3397424975992e,CFG731_fd3397424975992e,1.0,CORRECT_TOP1,0,,12,12,0,3,3,0,12,0,21.48187663424205,x731,false
RFQ731-003309,x731,CFG731_7308ee8503151ef3,CFG731_7308ee8503151ef3,1.0,CORRECT_TOP1,0,,10,10,0,7,7,0,10,0,24.08459946335313,x731,false
RFQ731-003310,x731,CFG731_89772de94df83ba5,CFG731_511f0780429774e2,2.0,TRUE_IN_TOP3,1,stromSchaltbar,10,10,0,5,5,0,10,0,21.6089032081434,x731,false
RFQ731-003311,G731ST-LT,CFG731_e0009be417f51ccd,CFG731_e0009be417f51ccd,1.0,CORRECT_TOP1,0,,13,13,0,3,3,0,13,0,27.239487931069867,G731ST-LT,false
RFQ731-003312,x731,CFG731_de1ec1b96e1e485e,CFG731_92e7a454f95768c1,2.0,TRUE_IN_TOP3,1,dev_advMeterVerification,12,12,0,2,2,0,12,0,20.60546676608672,x731,false
RFQ731-003313,x731,CFG731_c39096767a7ae083,CFG731_9f9a8730b26472c2,2.0,TRUE_IN_TOP3,1,stromEingaenge,11,11,0,5,5,0,11,0,22.84874603950753,x731,false
RFQ731-003314,G731ST-LT,CFG731_750dd83a06ba43cb,CFG731_b3d0283738532d82,2.0,TRUE_IN_TOP3,1,stromEingaenge,10,10,0,4,4,0,10,0,24.367064924361177,G731ST-LT,false
RFQ731-003315,G731CA,CFG731_dc8a3bad7d99b8ea,CFG731_dc8a3bad7d99b8ea,1.0,CORRECT_TOP1,0,,9,9,0,3,3,0,9,0,26.99196868930281,G731CA,false
RFQ731-003316,x731,CFG731_3611bb1fba248e38,CFG731_3611bb1fba248e38,1.0,CORRECT_TOP1,0,,13,13,0,2,2,0,13,0,21.327695840238388,x731,false
RFQ731-003317,x731,CFG731_26a55fc6510692e1,CFG731_bd00839e452c6958,5.0,TRUE_IN_TOP5,1,customUserFluid,10,10,0,3,3,0,10,0,18.902528998144003,x731,false
RFQ731-003318,G731ST-LT,CFG731_996314000fcfec4b,CFG731_22da0d6030817265,2.0,TRUE_IN_TOP3,1,temperaturEingaenge,13,13,0,2,2,0,13,0,25.424929002576945,G731ST-LT,false
RFQ731-003319,x731,CFG731_c39096767a7ae083,CFG731_4da2b3fd83325505,2.0,TRUE_IN_TOP3,2,stromEingaenge|dev_advMeterVerification,11,11,0,4,4,0,11,0,21.761071539028016,x731,false
RFQ731-003320,x731,CFG731_672458a8e716cdf8,CFG731_fc05c65994b9f9f2,2.0,TRUE_IN_TOP3,1,dev_advMeterVerification,9,9,0,5,5,0,9,0,20.487023846975248,x731,false
RFQ731-003321,G731ST-HT,CFG731_63eca10a00ae1f5d,CFG731_63eca10a00ae1f5d,1.0,CORRECT_TOP1,0,,9,9,0,7,7,0,9,0,28.59589583976263,G731ST-HT,false
RFQ731-003322,x731,CFG731_5ea309f998205da7,CFG731_5ea309f998205da7,1.0,CORRECT_TOP1,0,,11,11,0,5,5,0,11,0,23.43693711114948,x731,false
RFQ731-003323,G731ST-LT,CFG731_0029021d98da4557,CFG731_7f493b76fa02174d,4.0,TRUE_IN_TOP5,1,temperaturEingaenge,10,10,0,4,4,0,10,0,24.289896202364123,G731ST-LT,false
RFQ731-003324,F731PW,CFG731_92efd7a3c43da152,CFG731_92efd7a3c43da152,1.0,CORRECT_TOP1,0,,9,9,0,3,3,0,9,0,35.610524999026474,F731PW,false
RFQ731-003325,G731CA,CFG731_d3d0547b464f691d,CFG731_d3d0547b464f691d,1.0,CORRECT_TOP1,0,,8,8,0,4,4,0,8,0,24.986467532366643,G731CA,false
RFQ731-003326,F731WD_DualChannel,CFG731_c37386a371e13fa8,CFG731_c37386a371e13fa8,1.0,CORRECT_TOP1,0,,8,8,0,4,4,0,8,0,30.890273125287308,F731WD_DualChannel,false
RFQ731-003327,G731ST-LT,CFG731_32b4b1ec4513af66,CFG731_fbf2539ea471ea5b,2.0,TRUE_IN_TOP3,1,temperaturEingaenge,12,12,0,3,3,0,12,0,25.57490707504335,G731ST-LT,false
RFQ731-003328,G731ST-HT,CFG731_63eca10a00ae1f5d,CFG731_ab3b0ae98d7b2345,2.0,TRUE_IN_TOP3,1,stromSchaltbar,13,13,0,2,2,0,13,0,27.14181539896219,G731ST-HT,false
RFQ731-003329,x731,CFG731_f87794e7a98d0b11,CFG731_adf05162c2c9fc8d,3.0,TRUE_IN_TOP3,2,binaerOpenColl_MP|dev_advMeterVerification,8,8,0,7,7,0,8,0,20.4048082561478,x731,false
RFQ731-003330,F731TE,CFG731_8b8ba7e2341f1295,CFG731_8b8ba7e2341f1295,1.0,CORRECT_TOP1,0,,10,10,0,3,3,0,10,0,37.62369419029741,F731TE,false
RFQ731-003331,G731CA,CFG731_95a64c12c70f922a,CFG731_95a64c12c70f922a,1.0,CORRECT_TOP1,0,,11,11,0,3,3,0,11,0,32.28750463962656,G731CA,false
RFQ731-003332,x731,CFG731_7962ce0b7d875608,CFG731_7962ce0b7d875608,1.0,CORRECT_TOP1,0,,8,8,0,6,6,0,8,0,23.04221299729548,x731,false
RFQ731-003333,G731ST-HT,CFG731_2a989bd6dba74d9f,CFG731_28ff10770eb1b643,4.0,TRUE_IN_TOP5,2,stromEingaenge|temperaturEingaenge,12,12,0,2,2,0,12,0,25.682041985949077,G731ST-HT,false
RFQ731-003334,G731ST-HT,CFG731_bbffb73f3dff6787,CFG731_920bf82480de0a61,2.0,TRUE_IN_TOP3,2,stromEingaenge|temperaturEingaenge,11,11,0,3,3,0,11,0,25.780140999605777,G731ST-HT,false
RFQ731-003335,x731,CFG731_4d7e108ea05eeb07,CFG731_aaecd8f48f0639a0,2.0,TRUE_IN_TOP3,1,stromSchaltbar,8,8,0,5,5,0,8,0,22.9613250244598,x731,false
RFQ731-003336,x731,CFG731_9fcbeaf9d5010d3a,CFG731_57b3b3a6958ee330,3.0,TRUE_IN_TOP3,1,stromEingaenge,11,11,0,3,3,0,11,0,20.260911984514,x731,false
RFQ731-003337,x731,CFG731_2e5bd0d53757f625,CFG731_2e5bd0d53757f625,1.0,CORRECT_TOP1,0,,10,10,0,4,4,0,10,0,20.50658751141085,x731,false
RFQ731-003338,x731,CFG731_4fe142d593643ab8,CFG731_4fe142d593643ab8,1.0,CORRECT_TOP1,0,,11,11,0,3,3,0,11,0,21.028220012767903,x731,false
RFQ731-003339,G731ST-LT,CFG731_49cd4cbef1081333,CFG731_49cd4cbef1081333,1.0,CORRECT_TOP1,0,,9,9,0,6,6,0,9,0,25.035793621496047,G731ST-LT,false
RFQ731-003340,x731,CFG731_2d0a81ff4ec49480,CFG731_996c03c74db1b690,2.0,TRUE_IN_TOP3,1,dynamicGasMaster,12,12,0,4,4,0,12,0,22.635224161415803,x731,false
RFQ731-003341,x731,CFG731_1f0c09edcd967945,CFG731_1f0c09edcd967945,1.0,CORRECT_TOP1,0,,8,8,0,6,6,0,8,0,21.265857819077038,x731,false
RFQ731-003342,G731ST-LT,CFG731_0e146b48e4ed8b98,CFG731_0e146b48e4ed8b98,1.0,CORRECT_TOP1,0,,13,13,0,2,2,0,13,0,25.07153149638824,G731ST-LT,false
RFQ731-003343,F731PW,CFG731_7fea22051dcc86b6,CFG731_7fea22051dcc86b6,1.0,CORRECT_TOP1,0,,8,8,0,4,4,0,8,0,34.67118328099436,F731PW,false
RFQ731-003344,x731,CFG731_fb16e30f5bbb87f2,CFG731_5f2fdad66cde083e,3.0,TRUE_IN_TOP3,1,temperaturEingaenge,8,8,0,6,6,0,8,0,21.32381993940932,x731,false
RFQ731-003345,x731,CFG731_7308ee8503151ef3,CFG731_867e73503f493aa1,2.0,TRUE_IN_TOP3,1,customUserFluid,12,12,0,4,4,0,12,0,23.01648862730921,x731,false
RFQ731-003346,x731,CFG731_fa063863b8688588,CFG731_0e3baae8e946721c,3.0,TRUE_IN_TOP3,1,temperaturEingaenge,11,11,0,2,2,0,11,0,20.121905241355588,x731,false
RFQ731-003347,x731,CFG731_7308ee8503151ef3,CFG731_9a88481e80177d0c,2.0,TRUE_IN_TOP3,1,stromSchaltbar,11,11,0,5,5,0,11,0,22.63051902255269,x731,false
RFQ731-003348,G731CA,CFG731_faff6da73df00950,CFG731_faff6da73df00950,1.0,CORRECT_TOP1,0,,12,12,0,2,2,0,12,0,33.9910632327716,G731CA,false
RFQ731-003349,x731,CFG731_20e62aeb01c953da,CFG731_20e62aeb01c953da,1.0,CORRECT_TOP1,0,,11,11,0,5,5,0,11,0,22.99872411197393,x731,false
RFQ731-003350,x731,CFG731_17dba025c91c278d,CFG731_17dba025c91c278d,1.0,CORRECT_TOP1,0,,10,10,0,5,5,0,10,0,21.37148745963936,x731,false
RFQ731-003351,x731,CFG731_3611bb1fba248e38,CFG731_3611bb1fba248e38,1.0,CORRECT_TOP1,0,,13,13,0,2,2,0,13,0,21.327695840238388,x731,false
RFQ731-003352,x731,CFG731_33fed5318b1a4f2f,CFG731_3b56310e368fd60f,2.0,TRUE_IN_TOP3,1,stromSchaltbar,12,12,0,2,2,0,12,0,21.400988661406377,x731,false
RFQ731-003353,G731CA,CFG731_1bc9c4d47c7d0696,CFG731_1bc9c4d47c7d0696,1.0,CORRECT_TOP1,0,,10,10,0,4,4,0,10,0,37.174706635491866,G731CA,false
RFQ731-003354,G731ST-LT,CFG731_ad6f77e09c551945,CFG731_ad6f77e09c551945,1.0,CORRECT_TOP1,0,,12,12,0,2,2,0,12,0,24.33209126656709,G731ST-LT,false
RFQ731-003355,x731,CFG731_f430d8ebe4134533,CFG731_c42374cc9dea3494,3.0,TRUE_IN_TOP3,2,dev_advMeterVerification|customUserFluid,8,8,0,6,6,0,8,0,20.779614991975777,x731,false
RFQ731-003356,x731,CFG731_75466cb810218a66,CFG731_75466cb810218a66,1.0,CORRECT_TOP1,0,,12,12,0,2,2,0,12,0,21.464114017269,x731,false
RFQ731-003357,x731,CFG731_5dd42015f6f61801,CFG731_c7103e34e50d624a,3.0,TRUE_IN_TOP3,2,temperaturEingaenge|dev_advMeterVerification,12,12,0,3,3,0,12,0,21.491729680361576,x731,false
RFQ731-003358,x731,CFG731_7ffc09802c7b60bf,CFG731_917fc613cc9bf56a,2.0,TRUE_IN_TOP3,2,temperaturEingaenge|dev_advMeterVerification,12,12,0,2,2,0,12,0,20.037649239561134,x731,false
RFQ731-003359,G731ST-HT,CFG731_bbffb73f3dff6787,CFG731_bbffb73f3dff6787,1.0,CORRECT_TOP1,0,,14,14,0,2,2,0,14,0,28.55370077555966,G731ST-HT,false
RFQ731-003360,G731ST-HT,CFG731_e2d64e127f97296d,CFG731_fcf6a3b44d96735f,,TRUE_UNRANKED,2,stromEingaenge|binaerDigitalOpenColl_MN,11,11,0,2,2,0,11,0,23.09884505673189,G731ST-HT,false
RFQ731-003361,x731,CFG731_3823a7587dcc8acd,CFG731_3823a7587dcc8acd,1.0,CORRECT_TOP1,0,,7,7,0,7,7,0,7,0,20.915302580848405,x731,false
RFQ731-003362,G731ST-HT,CFG731_4aa7d46b9cfa7d7b,CFG731_ad49f2ad57627f46,2.0,TRUE_IN_TOP3,3,stromSchaltbar|stromEingaenge|temperaturEingaenge,9,9,0,4,4,0,9,0,24.14792620826305,G731ST-HT,false
RFQ731-003363,x731,CFG731_3fe779486d988e69,CFG731_6077133dce604e06,5.0,TRUE_IN_TOP5,1,binaerOpenColl_MP,10,10,0,5,5,0,10,0,21.36419494007785,x731,false
RFQ731-003364,G731ST-HT,CFG731_288e4c99b4e02895,CFG731_288e4c99b4e02895,1.0,CORRECT_TOP1,0,,11,11,0,3,3,0,11,0,25.0305271308324,G731ST-HT,false
RFQ731-003365,x731,CFG731_83f956404d04e6cd,CFG731_b5a071e920590337,3.0,TRUE_IN_TOP3,2,stromSchaltbar|temperaturEingaenge,12,12,0,3,3,0,12,0,22.45757355360241,x731,false
RFQ731-003366,F731TE,CFG731_3d8c1bbc0ef4249a,CFG731_3d8c1bbc0ef4249a,1.0,CORRECT_TOP1,0,,7,7,0,6,6,0,7,0,37.16435247185012,F731TE,false
RFQ731-003367,x731,CFG731_23aa00a5306a83b2,CFG731_23aa00a5306a83b2,1.0,CORRECT_TOP1,0,,10,10,0,5,5,0,10,0,22.132068723704005,x731,false
RFQ731-003368,x731,CFG731_5e57a3f6d3b745b8,CFG731_35443b2ee17ecca9,3.0,TRUE_IN_TOP3,1,binaerOpenColl_MP,10,10,0,3,3,0,10,0,21.526411783513563,x731,false
RFQ731-003369,G731CA,CFG731_95a64c12c70f922a,CFG731_95a64c12c70f922a,1.0,CORRECT_TOP1,0,,12,12,0,2,2,0,12,0,32.28750463962656,G731CA,false
RFQ731-003370,x731,CFG731_fde1ab2a4808b544,CFG731_d517f4f2d9736ee5,7.0,TRUE_IN_TOP10,2,dynamicGasMaster|customUserFluid,13,13,0,1,1,0,13,0,20.208462190894448,x731,false
RFQ731-003371,x731,CFG731_1d3bf6638fef70ae,CFG731_1d3bf6638fef70ae,1.0,CORRECT_TOP1,0,,10,10,0,5,5,0,10,0,21.5577883664318,x731,false
RFQ731-003372,G731ST-HT,CFG731_e7ac403b81e86f8f,CFG731_6649a4899673b05e,6.0,TRUE_IN_TOP10,1,temperaturEingaenge,11,11,0,2,2,0,11,0,23.011992340128096,G731ST-HT,false
RFQ731-003373,G731ST-HT,CFG731_eb70dc35972dc4b7,CFG731_4d6c56202edf3f41,3.0,TRUE_IN_TOP3,1,stromSchaltbar,11,11,0,3,3,0,11,0,25.433200682727858,G731ST-HT,false
RFQ731-003374,G731ST-HT,CFG731_6e53621a73b55f2c,CFG731_6e53621a73b55f2c,1.0,CORRECT_TOP1,0,,11,11,0,4,4,0,11,0,26.809348184433137,G731ST-HT,false
RFQ731-003375,x731,CFG731_782638eae748ba9a,CFG731_782638eae748ba9a,1.0,CORRECT_TOP1,0,,10,10,0,5,5,0,10,0,21.82533107599792,x731,false
RFQ731-003376,x731,CFG731_75466cb810218a66,CFG731_09db81b4dee54f57,4.0,TRUE_IN_TOP5,1,customUserFluid,9,9,0,4,4,0,9,0,20.396003181225083,x731,false
RFQ731-003377,F731WD_SingleChannel,CFG731_e98d2be876599c40,CFG731_e98d2be876599c40,1.0,CORRECT_TOP1,0,,11,11,0,2,2,0,11,0,34.75499937453291,F731WD_SingleChannel,false
RFQ731-003378,x731,CFG731_1642db5c21ada469,CFG731_50797efe795778c6,2.0,TRUE_IN_TOP3,1,dev_advMeterVerification,8,8,0,5,5,0,8,0,18.46983101851233,x731,false
RFQ731-003379,x731,CFG731_782638eae748ba9a,CFG731_782638eae748ba9a,1.0,CORRECT_TOP1,0,,9,9,0,6,6,0,9,0,21.82533107599792,x731,false
RFQ731-003380,F731WD_DualChannel,CFG731_819cb4e76943eca6,CFG731_37e3938c6089bb2d,2.0,TRUE_IN_TOP3,2,stromSchaltbar|binaerOpenColl_MP,9,9,0,2,2,0,9,0,23.304019990790596,F731WD_DualChannel,false
RFQ731-003381,x731,CFG731_4ba013fed31fb45f,CFG731_4ba013fed31fb45f,1.0,CORRECT_TOP1,0,,7,7,0,6,6,0,7,0,22.31949416394986,x731,false
RFQ731-003382,F731TE,CFG731_1962af6277da6f54,CFG731_1962af6277da6f54,1.0,CORRECT_TOP1,0,,11,11,0,2,2,0,11,0,35.41859881450209,F731TE,false
RFQ731-003383,x731,CFG731_5869cd9805e6c1ca,CFG731_33f263ef54ef97d1,4.0,TRUE_IN_TOP5,1,customUserFluid,11,11,0,3,3,0,11,0,19.657544209791823,x731,false
RFQ731-003384,G731ST-HT,CFG731_7b2f69a7ca55041b,CFG731_7b2f69a7ca55041b,1.0,CORRECT_TOP1,0,,11,11,0,5,5,0,11,0,27.80408690678628,G731ST-HT,false
RFQ731-003385,x731,CFG731_de1b4a889540ef0e,CFG731_de1b4a889540ef0e,1.0,CORRECT_TOP1,0,,13,13,0,1,1,0,13,0,21.06395788766009,x731,false
RFQ731-003386,G731ST-LT,CFG731_7882c72c21497015,CFG731_7882c72c21497015,1.0,CORRECT_TOP1,0,,11,11,0,5,5,0,11,0,27.28168299527284,G731ST-LT,false
RFQ731-003387,x731,CFG731_3c119308d8305ad4,CFG731_3c119308d8305ad4,1.0,CORRECT_TOP1,0,,12,12,0,3,3,0,12,0,20.701719896485542,x731,false
RFQ731-003388,x731,CFG731_d27f5f5f307014a8,CFG731_9a3bcb48249a8b49,2.0,TRUE_IN_TOP3,1,dev_advMeterVerification,10,10,0,5,5,0,10,0,23.0511262883868,x731,false
RFQ731-003389,x731,CFG731_40e06ca56bd88fa1,CFG731_3f43e18524472dbe,3.0,TRUE_IN_TOP3,2,dev_advMeterVerification|dynamicGasMaster,13,13,0,1,1,0,13,0,21.721401997418536,x731,false
RFQ731-003390,G731ST-LT,CFG731_c5da2661a169f82b,CFG731_c5da2661a169f82b,1.0,CORRECT_TOP1,0,,11,11,0,4,4,0,11,0,25.821145365161616,G731ST-LT,false
RFQ731-003391,G731CA,CFG731_b97ce0f180acf155,CFG731_b97ce0f180acf155,1.0,CORRECT_TOP1,0,,10,10,0,4,4,0,10,0,30.239808418487417,G731CA,false
RFQ731-003392,F731WD_DualChannel,CFG731_8281908b452128f3,CFG731_8281908b452128f3,1.0,CORRECT_TOP1,0,,11,11,0,2,2,0,11,0,32.15863761872915,F731WD_DualChannel,false
RFQ731-003393,x731,CFG731_7822370b42865359,CFG731_8956c16bd3b9a345,2.0,TRUE_IN_TOP3,1,stromEingaenge,12,12,0,2,2,0,12,0,20.759157800896435,x731,false
RFQ731-003394,G731CA,CFG731_19ec976991ce75a9,CFG731_19ec976991ce75a9,1.0,CORRECT_TOP1,0,,12,12,0,2,2,0,12,0,33.8413206340227,G731CA,false
RFQ731-003395,x731,CFG731_d67b44eae58dfe59,CFG731_d67b44eae58dfe59,1.0,CORRECT_TOP1,0,,11,11,0,3,3,0,11,0,20.09888003353069,x731,false
RFQ731-003396,G731ST-HT,CFG731_eb70dc35972dc4b7,CFG731_baab4a7f51aced1f,2.0,TRUE_IN_TOP3,2,stromSchaltbar|temperaturEingaenge,12,12,0,1,1,0,12,0,24.077983472682227,G731ST-HT,false
RFQ731-003397,F731WD_DualChannel,CFG731_cd1c2b236ffda331,CFG731_cd1c2b236ffda331,1.0,CORRECT_TOP1,0,,8,8,0,3,3,0,8,0,27.446541185083227,F731WD_DualChannel,false
RFQ731-003398,G731ST-HT,CFG731_7c70763d4cf79560,CFG731_fa50e8a725c751e0,6.0,TRUE_IN_TOP10,2,stromEingaenge|temperaturEingaenge,10,10,0,3,3,0,10,0,23.69924507013696,G731ST-HT,false
RFQ731-003399,G731CA,CFG731_2aca30183aab25a9,CFG731_f235f4dd7693c885,2.0,TRUE_IN_TOP3,2,stromSchaltbar|binaerOpenColl_MP,9,9,0,3,3,0,9,0,21.38519079054886,G731CA,false
RFQ731-003400,x731,CFG731_8cf35251fcd54982,CFG731_8cf35251fcd54982,1.0,CORRECT_TOP1,0,,10,10,0,5,5,0,10,0,22.10933928294404,x731,false
RFQ731-003401,G731ST-HT,CFG731_eb70dc35972dc4b7,CFG731_eb70dc35972dc4b7,1.0,CORRECT_TOP1,0,,13,13,0,2,2,0,13,0,26.887281123528297,G731ST-HT,false
RFQ731-003402,x731,CFG731_e08dfad4737be3d9,CFG731_9cedc4ecc45a4b46,2.0,TRUE_IN_TOP3,2,stromEingaenge|dev_advMeterVerification,11,11,0,4,4,0,11,0,22.90114821592039,x731,false
RFQ731-003403,x731,CFG731_8d2c10e2688ee31d,CFG731_8d2c10e2688ee31d,1.0,CORRECT_TOP1,0,,13,13,0,3,3,0,13,0,23.111483832474487,x731,false
RFQ731-003404,x731,CFG731_fde1ab2a4808b544,CFG731_584d4f5b54752e2e,3.0,TRUE_IN_TOP3,1,dev_advMeterVerification,12,12,0,3,3,0,12,0,21.868854547291445,x731,false
RFQ731-003405,x731,CFG731_5aad423ad5989441,CFG731_5aad423ad5989441,1.0,CORRECT_TOP1,0,,12,12,0,3,3,0,12,0,22.52751628918324,x731,false
RFQ731-003406,x731,CFG731_3662a471d9ce3167,CFG731_b757671ab14f2876,2.0,TRUE_IN_TOP3,1,stromEingaenge,8,8,0,7,7,0,8,0,21.19160448391597,x731,false
RFQ731-003407,x731,CFG731_dbb33a574e3ad4d8,CFG731_dbb33a574e3ad4d8,1.0,CORRECT_TOP1,0,,11,11,0,2,2,0,11,0,22.205106330991647,x731,false
RFQ731-003408,x731,CFG731_33fed5318b1a4f2f,CFG731_33fed5318b1a4f2f,1.0,CORRECT_TOP1,0,,13,13,0,2,2,0,13,0,22.855069102206816,x731,false
RFQ731-003409,x731,CFG731_f0cf22354800092d,CFG731_b1e6da79b3f3968c,6.0,TRUE_IN_TOP10,1,dev_advMeterVerification,8,8,0,5,5,0,8,0,19.33887767404575,x731,false
RFQ731-003410,x731,CFG731_70b38ab75d3ca724,CFG731_7a941b9a49372410,6.0,TRUE_IN_TOP10,2,temperaturEingaenge|dev_advMeterVerification,7,7,0,6,6,0,7,0,18.92054200460543,x731,false
RFQ731-003411,x731,CFG731_8c50542218db5cb0,CFG731_fc0b29ae617f0a6b,4.0,TRUE_IN_TOP5,2,stromSchaltbar|temperaturEingaenge,12,12,0,2,2,0,12,0,20.672305084292645,x731,false
RFQ731-003412,x731,CFG731_dbb33a574e3ad4d8,CFG731_5f07d1fd22503872,6.0,TRUE_IN_TOP10,1,binaerDigitalOpenColl_MN,11,11,0,1,1,0,11,0,20.22230941517953,x731,false
RFQ731-003413,G731ST-LT,CFG731_0fdf5c36c9c41e69,CFG731_0fdf5c36c9c41e69,1.0,CORRECT_TOP1,0,,11,11,0,5,5,0,11,0,26.639852134762897,G731ST-LT,false
RFQ731-003414,G731ST-HT,CFG731_2a989bd6dba74d9f,CFG731_84b16be5aab3bf9b,2.0,TRUE_IN_TOP3,1,stromEingaenge,11,11,0,4,4,0,11,0,27.037259195994704,G731ST-HT,false
RFQ731-003415,G731ST-HT,CFG731_fcc72e9951376cf3,CFG731_fcc72e9951376cf3,1.0,CORRECT_TOP1,0,,13,13,0,3,3,0,13,0,28.74587391222904,G731ST-HT,false
RFQ731-003416,F731TE,CFG731_ac57adca497d644f,CFG731_4d0235c9d5cc61be,2.0,TRUE_IN_TOP3,2,stromSchaltbar|binaerOpenColl_MP,9,9,0,2,2,0,9,0,28.66129355409542,F731TE,false
RFQ731-003417,x731,CFG731_ae226e31119be9bd,CFG731_ae226e31119be9bd,1.0,CORRECT_TOP1,0,,10,10,0,4,4,0,10,0,23.233133724164887,x731,false
RFQ731-003418,x731,CFG731_3a6a87d7cf07cb7c,CFG731_3a6a87d7cf07cb7c,1.0,CORRECT_TOP1,0,,13,13,0,2,2,0,13,0,21.16106161493284,x731,false
RFQ731-003419,F731WD_SingleChannel,CFG731_70b6eaf9262ca4d0,CFG731_70b6eaf9262ca4d0,1.0,CORRECT_TOP1,0,,10,10,0,3,3,0,10,0,30.762456252706688,F731WD_SingleChannel,false
RFQ731-003420,x731,CFG731_086adbe1d654b214,CFG731_b65f8c1aefa2a95b,3.0,TRUE_IN_TOP3,2,stromSchaltbar|temperaturEingaenge,11,11,0,3,3,0,11,0,20.550263267751525,x731,false
RFQ731-003421,x731,CFG731_509cb555eca833a1,CFG731_509cb555eca833a1,1.0,CORRECT_TOP1,0,,10,10,0,5,5,0,10,0,21.037423689912305,x731,false
RFQ731-003422,x731,CFG731_cb9d6c11077bd307,CFG731_fe424f85d85e1c0c,5.0,TRUE_IN_TOP5,2,stromEingaenge|dev_advMeterVerification,8,8,0,6,6,0,8,0,20.185524914237124,x731,false
RFQ731-003423,x731,CFG731_122577678a9fbaa5,CFG731_122577678a9fbaa5,1.0,CORRECT_TOP1,0,,11,11,0,3,3,0,11,0,19.673278730769624,x731,false
RFQ731-003424,x731,CFG731_8ef93a1702c0f879,CFG731_8ef93a1702c0f879,1.0,CORRECT_TOP1,0,,8,8,0,5,5,0,8,0,19.343020482803176,x731,false
RFQ731-003425,x731,CFG731_5e61ce3b60d15e11,CFG731_5e61ce3b60d15e11,1.0,CORRECT_TOP1,0,,11,11,0,6,6,0,11,0,24.905628499657887,x731,false
RFQ731-003426,G731ST-LT,CFG731_8b6ed3cfa9ed1e59,CFG731_e4891d6f45902e22,4.0,TRUE_IN_TOP5,1,stromEingaenge,14,14,0,0,0,0,14,0,24.465928155115986,G731ST-LT,false
RFQ731-003427,x731,CFG731_36d7686aca1200ae,CFG731_b80e7ed679169677,5.0,TRUE_IN_TOP5,2,stromEingaenge|customUserFluid,11,11,0,3,3,0,11,0,20.77368573733401,x731,false
RFQ731-003428,F731WD_SingleChannel,CFG731_11c93eca01984a14,CFG731_0be7d6198235486b,2.0,TRUE_IN_TOP3,2,stromSchaltbar|binaerOpenColl_MP,7,7,0,4,4,0,7,0,25.359137294119503,F731WD_SingleChannel,false
RFQ731-003429,x731,CFG731_11da8cc369b71f5a,CFG731_ab7c99e095bc84f9,2.0,TRUE_IN_TOP3,1,dynamicGasMaster,9,9,0,7,7,0,9,0,22.694915592846613,x731,false
RFQ731-003430,G731CA,CFG731_16b53411ff7f6c9b,CFG731_16b53411ff7f6c9b,1.0,CORRECT_TOP1,0,,12,12,0,2,2,0,12,0,37.442597375840485,G731CA,false
RFQ731-003431,G731ST-HT,CFG731_288e4c99b4e02895,CFG731_fab0d81b6a0ca4e0,,TRUE_UNRANKED,1,binaerDigitalOpenColl_MN,11,11,0,2,2,0,11,0,23.047730215020284,G731ST-HT,false
RFQ731-003432,G731ST-LT,CFG731_a40ab19ad6671fbe,CFG731_a40ab19ad6671fbe,1.0,CORRECT_TOP1,0,,13,13,0,3,3,0,13,0,26.949215780743785,G731ST-LT,false
RFQ731-003433,x731,CFG731_fe9a409c6b2ba9cc,CFG731_fe9a409c6b2ba9cc,1.0,CORRECT_TOP1,0,,10,10,0,5,5,0,10,0,21.445650566648,x731,false
RFQ731-003434,F731TE,CFG731_574aa7a29f75cd60,CFG731_574aa7a29f75cd60,1.0,CORRECT_TOP1,0,,11,11,0,2,2,0,11,0,35.46079387870506,F731TE,false
RFQ731-003435,x731,CFG731_579057193c092394,CFG731_579057193c092394,1.0,CORRECT_TOP1,0,,10,10,0,5,5,0,10,0,20.602856665730737,x731,false
RFQ731-003436,F731WD_DualChannel,CFG731_8281908b452128f3,CFG731_d2034bb5aa313dac,2.0,TRUE_IN_TOP3,1,stromEingaenge,8,8,0,4,4,0,8,0,30.740295052820898,F731WD_DualChannel,false
RFQ731-003437,x731,CFG731_3b2a32abbf148ca1,CFG731_068dfb669c5d2e98,3.0,TRUE_IN_TOP3,2,stromEingaenge|customUserFluid,9,9,0,6,6,0,9,0,21.73844013926064,x731,false
RFQ731-003438,x731,CFG731_8d07e19298d09d34,CFG731_9eda95fb1b62fb8d,3.0,TRUE_IN_TOP3,3,stromEingaenge|temperaturEingaenge|customUserFluid,9,9,0,4,4,0,9,0,20.08018234593341,x731,false
RFQ731-003439,x731,CFG731_ebb861c404a79d91,CFG731_5789f006b670582c,3.0,TRUE_IN_TOP3,2,stromSchaltbar|dev_advMeterVerification,8,8,0,5,5,0,8,0,19.67850846874415,x731,false
RFQ731-003440,x731,CFG731_2683cf7e09782f5e,CFG731_2683cf7e09782f5e,1.0,CORRECT_TOP1,0,,10,10,0,6,6,0,10,0,22.62841662476227,x731,false
RFQ731-003441,x731,CFG731_8a7a801f91254eeb,CFG731_b761b914f76d159e,3.0,TRUE_IN_TOP3,1,binaerDigitalOpenColl_MN,9,9,0,4,4,0,9,0,20.5363131790876,x731,false
RFQ731-003442,x731,CFG731_8d2d91c46ccfb471,CFG731_48772fd385d8dcd5,2.0,TRUE_IN_TOP3,2,dev_advMeterVerification|customUserFluid,11,11,0,4,4,0,11,0,22.961107795458645,x731,false
RFQ731-003443,x731,CFG731_ef2da8cd513b19be,CFG731_ef2da8cd513b19be,1.0,CORRECT_TOP1,0,,12,12,0,2,2,0,12,0,21.49668611583682,x731,false
RFQ731-003444,x731,CFG731_6b36d25fda044bf5,CFG731_256f254632c47939,4.0,TRUE_IN_TOP5,2,dev_advMeterVerification|customUserFluid,11,11,0,3,3,0,11,0,20.30566411790805,x731,false
RFQ731-003445,G731ST-HT,CFG731_7b2f69a7ca55041b,CFG731_617247356a7014fb,2.0,TRUE_IN_TOP3,1,stromEingaenge,10,10,0,5,5,0,10,0,26.385744340878027,G731ST-HT,false
RFQ731-003446,x731,CFG731_1f978c234895178c,CFG731_1f978c234895178c,1.0,CORRECT_TOP1,0,,12,12,0,4,4,0,12,0,22.347209256857266,x731,false
RFQ731-003447,x731,CFG731_c1d02f1d1235ec05,CFG731_9cc4d2424009fabe,3.0,TRUE_IN_TOP3,1,dev_advMeterVerification,13,13,0,2,2,0,13,0,22.569183418717195,x731,false
RFQ731-003448,G731ST-LT,CFG731_1d89d7fdc7355744,CFG731_1d89d7fdc7355744,1.0,CORRECT_TOP1,0,,13,13,0,2,2,0,13,0,26.013318501830994,G731ST-LT,false
RFQ731-003449,x731,CFG731_59f11353d30c03ee,CFG731_59f11353d30c03ee,1.0,CORRECT_TOP1,0,,9,9,0,7,7,0,9,0,22.92079117287877,x731,false
RFQ731-003450,x731,CFG731_bd2172ffd6b9273a,CFG731_bd2172ffd6b9273a,1.0,CORRECT_TOP1,0,,13,13,0,2,2,0,13,0,22.13339148935873,x731,false
RFQ731-003451,G731ST-LT,CFG731_a40ab19ad6671fbe,CFG731_098817d766a37bc2,2.0,TRUE_IN_TOP3,1,stromEingaenge,10,10,0,5,5,0,10,0,25.53087321483553,G731ST-LT,false
RFQ731-003452,x731,CFG731_5ea309f998205da7,CFG731_9ccdadb28a07accd,6.0,TRUE_IN_TOP10,2,dev_advMeterVerification|customUserFluid,10,10,0,4,4,0,10,0,21.281151774626046,x731,false
RFQ731-003453,F731PW,CFG731_00f08838a21d3799,CFG731_00f08838a21d3799,1.0,CORRECT_TOP1,0,,8,8,0,3,3,0,8,0,28.231894322810824,F731PW,false
RFQ731-003454,x731,CFG731_20e62aeb01c953da,CFG731_20e62aeb01c953da,1.0,CORRECT_TOP1,0,,12,12,0,4,4,0,12,0,22.99872411197393,x731,false
RFQ731-003455,G731ST-HT,CFG731_5c80dfb541787e3e,CFG731_5c80dfb541787e3e,1.0,CORRECT_TOP1,0,,14,14,0,1,1,0,14,0,26.598847769207055,G731ST-HT,false
RFQ731-003456,G731ST-LT,CFG731_c050936f4a70e2a0,CFG731_c050936f4a70e2a0,1.0,CORRECT_TOP1,0,,12,12,0,3,3,0,12,0,25.607273139727138,G731ST-LT,false
RFQ731-003457,x731,CFG731_cb9d6c11077bd307,CFG731_fe424f85d85e1c0c,5.0,TRUE_IN_TOP5,2,stromEingaenge|dev_advMeterVerification,10,10,0,4,4,0,10,0,20.185524914237124,x731,false
RFQ731-003458,x731,CFG731_cf543b1c3927ab71,CFG731_4dd88391f253d6d5,2.0,TRUE_IN_TOP3,1,binaerDigitalOpenColl_MN,10,10,0,5,5,0,10,0,22.070285337557696,x731,false
RFQ731-003459,x731,CFG731_9a0f0b26c7f24725,CFG731_bb4f0886ba308d63,6.0,TRUE_IN_TOP10,2,dev_advMeterVerification|customUserFluid,7,7,0,7,7,0,7,0,21.6927433020168,x731,false
RFQ731-003460,G731ST-LT,CFG731_1d89d7fdc7355744,CFG731_1d89d7fdc7355744,1.0,CORRECT_TOP1,0,,12,12,0,3,3,0,12,0,26.013318501830994,G731ST-LT,false
RFQ731-003461,G731ST-LT,CFG731_c050936f4a70e2a0,CFG731_bd771effc0c19f23,6.0,TRUE_IN_TOP10,2,stromEingaenge|temperaturEingaenge,11,11,0,2,2,0,11,0,22.833713363773256,G731ST-LT,false
RFQ731-003462,x731,CFG731_ae226e31119be9bd,CFG731_ae226e31119be9bd,1.0,CORRECT_TOP1,0,,9,9,0,5,5,0,9,0,23.233133724164887,x731,false
RFQ731-003463,x731,CFG731_d9234c84a58b99ae,CFG731_d9234c84a58b99ae,1.0,CORRECT_TOP1,0,,13,13,0,2,2,0,13,0,21.435939795821504,x731,false
RFQ731-003464,x731,CFG731_91e51485b56960b2,CFG731_8e5ce09a779d2284,2.0,TRUE_IN_TOP3,3,stromSchaltbar|stromEingaenge|temperaturEingaenge,11,11,0,3,3,0,11,0,19.749176238335373,x731,false
RFQ731-003465,x731,CFG731_31aa13473958d7d3,CFG731_4f69dda45b9029b5,2.0,TRUE_IN_TOP3,1,dynamicGasMaster,14,14,0,2,2,0,14,0,22.51678124230433,x731,false
RFQ731-003466,x731,CFG731_5ea309f998205da7,CFG731_5ea309f998205da7,1.0,CORRECT_TOP1,0,,10,10,0,6,6,0,10,0,23.43693711114948,x731,false
RFQ731-003467,x731,CFG731_c39096767a7ae083,CFG731_ef02695e374fc418,2.0,TRUE_IN_TOP3,3,stromSchaltbar|temperaturEingaenge|dev_advMeterVerification,7,7,0,7,7,0,7,0,20.370116454090194,x731,false
RFQ731-003468,x731,CFG731_a41a2d2cef1a675f,CFG731_a41a2d2cef1a675f,1.0,CORRECT_TOP1,0,,7,7,0,7,7,0,7,0,22.659404172759384,x731,false
RFQ731-003469,F731TE,CFG731_d8c69b7395beabbb,CFG731_3c2aedfb429dc226,2.0,TRUE_IN_TOP3,2,stromSchaltbar|binaerOpenColl_MP,9,9,0,2,2,0,9,0,29.797240735676542,F731TE,false
RFQ731-003470,x731,CFG731_962b6fcde3072947,CFG731_3450383be0000281,4.0,TRUE_IN_TOP5,1,temperaturEingaenge,13,13,0,2,2,0,13,0,20.73037859188728,x731,false
RFQ731-003471,G731ST-HT,CFG731_63eca10a00ae1f5d,CFG731_ab3b0ae98d7b2345,2.0,TRUE_IN_TOP3,1,stromSchaltbar,14,14,0,1,1,0,14,0,27.14181539896219,G731ST-HT,false
RFQ731-003472,F731TE,CFG731_d8c69b7395beabbb,CFG731_d8c69b7395beabbb,1.0,CORRECT_TOP1,0,,11,11,0,2,2,0,11,0,38.80183643608151,F731TE,false
RFQ731-003473,x731,CFG731_67de76f701c9cfad,CFG731_63f33b68f29fecef,2.0,TRUE_IN_TOP3,1,dev_advMeterVerification,9,9,0,6,6,0,9,0,21.981614267792,x731,false
RFQ731-003474,G731ST-HT,CFG731_eb70dc35972dc4b7,CFG731_7f0b42d2b9f7fcc2,2.0,TRUE_IN_TOP3,1,temperaturEingaenge,12,12,0,2,2,0,12,0,25.532063913482663,G731ST-HT,false
RFQ731-003475,x731,CFG731_91e51485b56960b2,CFG731_928eb2092e8c7074,2.0,TRUE_IN_TOP3,3,stromSchaltbar|stromEingaenge|dev_advMeterVerification,11,11,0,3,3,0,11,0,20.01671894790149,x731,false
RFQ731-003476,x731,CFG731_95e2d680672ff303,CFG731_95e2d680672ff303,1.0,CORRECT_TOP1,0,,9,9,0,4,4,0,9,0,22.19745234740874,x731,false
RFQ731-003477,G731CA,CFG731_2aca30183aab25a9,CFG731_2aca30183aab25a9,1.0,CORRECT_TOP1,0,,12,12,0,2,2,0,12,0,30.389786490953828,G731CA,false
RFQ731-003478,x731,CFG731_357a7724550c556f,CFG731_901acdfc4a61ad77,3.0,TRUE_IN_TOP3,1,temperaturEingaenge,12,12,0,2,2,0,12,0,19.82250055772635,x731,false
RFQ731-003479,x731,CFG731_5e57a3f6d3b745b8,CFG731_35443b2ee17ecca9,3.0,TRUE_IN_TOP3,1,binaerOpenColl_MP,11,11,0,2,2,0,11,0,21.526411783513563,x731,false
RFQ731-003480,x731,CFG731_fa063863b8688588,CFG731_fa063863b8688588,1.0,CORRECT_TOP1,0,,12,12,0,2,2,0,12,0,21.47712245140122,x731,false
RFQ731-003481,G731ST-LT,CFG731_0dd81a588b2a1411,CFG731_0dd81a588b2a1411,1.0,CORRECT_TOP1,0,,8,8,0,6,6,0,8,0,24.32563407725631,G731ST-LT,false
RFQ731-003482,x731,CFG731_9228cc48e333917c,CFG731_9228cc48e333917c,1.0,CORRECT_TOP1,0,,12,12,0,3,3,0,12,0,21.956036770952142,x731,false
RFQ731-003483,G731ST-LT,CFG731_2469d1b04bd775f6,CFG731_2469d1b04bd775f6,1.0,CORRECT_TOP1,0,,10,10,0,5,5,0,10,0,25.13465685225086,G731ST-LT,false
RFQ731-003484,G731ST-HT,CFG731_bbffb73f3dff6787,CFG731_ff5d8da56ff22796,7.0,TRUE_IN_TOP10,3,stromEingaenge|temperaturEingaenge|binaerOpenColl_MP,11,11,0,2,2,0,11,0,23.507071933467586,G731ST-HT,false
RFQ731-003485,G731ST-HT,CFG731_7b2f69a7ca55041b,CFG731_7b2f69a7ca55041b,1.0,CORRECT_TOP1,0,,12,12,0,4,4,0,12,0,27.80408690678628,G731ST-HT,false
RFQ731-003486,G731ST-HT,CFG731_a56f1437a0b4ca31,CFG731_86a2340212c01d2a,2.0,TRUE_IN_TOP3,2,stromSchaltbar|temperaturEingaenge,9,9,0,5,5,0,9,0,25.604109046853917,G731ST-HT,false
RFQ731-003487,x731,CFG731_1d3bf6638fef70ae,CFG731_1d3bf6638fef70ae,1.0,CORRECT_TOP1,0,,12,12,0,3,3,0,12,0,21.5577883664318,x731,false
RFQ731-003488,G731ST-LT,CFG731_87d8ba5b87cf0a3f,CFG731_77fac91021549398,3.0,TRUE_IN_TOP3,2,temperaturEingaenge|binaerDigitalOpenColl_MN,12,12,0,1,1,0,12,0,22.1571212140856,G731ST-LT,false
RFQ731-003489,x731,CFG731_67de76f701c9cfad,CFG731_67de76f701c9cfad,1.0,CORRECT_TOP1,0,,10,10,0,6,6,0,10,0,23.06928876827152,x731,false
RFQ731-003490,F731PW,CFG731_f9fd6a4462ec051a,CFG731_f9fd6a4462ec051a,1.0,CORRECT_TOP1,0,,11,11,0,1,1,0,11,0,34.02362848404934,F731PW,false
RFQ731-003491,x731,CFG731_a41a2d2cef1a675f,CFG731_a41a2d2cef1a675f,1.0,CORRECT_TOP1,0,,13,13,0,1,1,0,13,0,22.659404172759384,x731,false
RFQ731-003492,F731WD_DualChannel,CFG731_cd1c2b236ffda331,CFG731_f53899c7a09e0138,2.0,TRUE_IN_TOP3,1,stromEingaenge,9,9,0,1,1,0,9,0,26.028198619174976,F731WD_DualChannel,false
RFQ731-003493,x731,CFG731_5dd42015f6f61801,CFG731_5dd42015f6f61801,1.0,CORRECT_TOP1,0,,14,14,0,3,3,0,14,0,23.93462139088672,x731,false
RFQ731-003494,x731,CFG731_9fcbeaf9d5010d3a,CFG731_9fcbeaf9d5010d3a,1.0,CORRECT_TOP1,0,,15,15,0,0,0,0,15,0,21.67925455042225,x731,false
RFQ731-003495,G731CA,CFG731_757fbd3e8915b462,CFG731_757fbd3e8915b462,1.0,CORRECT_TOP1,0,,12,12,0,2,2,0,12,0,33.69134256155629,G731CA,false
RFQ731-003496,G731ST-HT,CFG731_646d8903da63e1f0,CFG731_646d8903da63e1f0,1.0,CORRECT_TOP1,0,,10,10,0,5,5,0,10,0,26.99506413179173,G731ST-HT,false
RFQ731-003497,G731ST-LT,CFG731_515a31451814aae9,CFG731_515a31451814aae9,1.0,CORRECT_TOP1,0,,8,8,0,5,5,0,8,0,23.011847714315543,G731ST-LT,false
RFQ731-003498,x731,CFG731_83f956404d04e6cd,CFG731_d417765b001ea99c,3.0,TRUE_IN_TOP3,2,stromSchaltbar|binaerDigitalOpenColl_MN,9,9,0,6,6,0,9,0,21.82999384783593,x731,false
RFQ731-003499,x731,CFG731_d3db38843cf9fb81,CFG731_d3db38843cf9fb81,1.0,CORRECT_TOP1,0,,10,10,0,5,5,0,10,0,22.413276091609017,x731,false
RFQ731-003500,x731,CFG731_353333bad447dbef,CFG731_353333bad447dbef,1.0,CORRECT_TOP1,0,,13,13,0,2,2,0,13,0,22.35353231955655,x731,false
RFQ731-003501,x731,CFG731_7393da73e12c3f06,CFG731_7393da73e12c3f06,1.0,CORRECT_TOP1,0,,12,12,0,2,2,0,12,0,23.579340019453937,x731,false
RFQ731-003502,x731,CFG731_b4987f1c95e91d0d,CFG731_24a2c6ef94654845,2.0,TRUE_IN_TOP3,1,stromEingaenge,11,11,0,4,4,0,11,0,20.923183492338087,x731,false
RFQ731-003503,x731,CFG731_5ea309f998205da7,CFG731_b848918cab1cb35d,3.0,TRUE_IN_TOP3,1,stromEingaenge,11,11,0,4,4,0,11,0,22.018594545241225,x731,false
RFQ731-003504,x731,CFG731_3a824c7e49bfd8f4,CFG731_fe2a2a8faea232df,3.0,TRUE_IN_TOP3,1,customUserFluid,11,11,0,3,3,0,11,0,21.240755859523397,x731,false
RFQ731-003505,x731,CFG731_9009dc9a78f8b97e,CFG731_9009dc9a78f8b97e,1.0,CORRECT_TOP1,0,,8,8,0,5,5,0,8,0,21.107792697318686,x731,false
RFQ731-003506,G731ST-HT,CFG731_3f42c988dc83cb23,CFG731_b5710e5f11e2cbc2,4.0,TRUE_IN_TOP5,1,stromEingaenge,9,9,0,5,5,0,9,0,25.751984721529897,G731ST-HT,false
RFQ731-003507,G731ST-LT,CFG731_a40ab19ad6671fbe,CFG731_a40ab19ad6671fbe,1.0,CORRECT_TOP1,0,,14,14,0,2,2,0,14,0,26.949215780743785,G731ST-LT,false
RFQ731-003508,G731ST-HT,CFG731_4aa7d46b9cfa7d7b,CFG731_ff04d32ca467d2a5,3.0,TRUE_IN_TOP3,2,stromEingaenge|binaerDigitalOpenColl_MN,12,12,0,2,2,0,12,0,24.974426943297008,G731ST-HT,false
RFQ731-003509,G731ST-HT,CFG731_646d8903da63e1f0,CFG731_646d8903da63e1f0,1.0,CORRECT_TOP1,0,,11,11,0,4,4,0,11,0,26.99506413179173,G731ST-HT,false
RFQ731-003510,x731,CFG731_7942d32924313c96,CFG731_7942d32924313c96,1.0,CORRECT_TOP1,0,,11,11,0,3,3,0,11,0,20.975585668750952,x731,false
RFQ731-003511,x731,CFG731_fe9a409c6b2ba9cc,CFG731_fe9a409c6b2ba9cc,1.0,CORRECT_TOP1,0,,11,11,0,4,4,0,11,0,21.445650566648,x731,false
RFQ731-003512,x731,CFG731_e5a85c19cf4647dd,CFG731_cf93550b4257fc7d,6.0,TRUE_IN_TOP10,1,stromSchaltbar,11,11,0,3,3,0,11,0,19.53222043581184,x731,false
RFQ731-003513,x731,CFG731_7822370b42865359,CFG731_7822370b42865359,1.0,CORRECT_TOP1,0,,13,13,0,2,2,0,13,0,22.177500366804686,x731,false
RFQ731-003514,G731VG,CFG731_40b6e1db6c80bcc1,CFG731_40b6e1db6c80bcc1,1.0,CORRECT_TOP1,0,,12,12,0,3,3,0,12,0,38.77477620783847,G731VG,false
RFQ731-003515,x731,CFG731_0fbee36816b7af98,CFG731_0a5e675a5cd95b86,4.0,TRUE_IN_TOP5,2,dev_advMeterVerification|dynamicGasMaster,9,9,0,6,6,0,9,0,21.9977039004861,x731,false
RFQ731-003516,x731,CFG731_31d0a0df66872bf7,CFG731_3352d611bcf09d74,2.0,TRUE_IN_TOP3,1,stromEingaenge,11,11,0,4,4,0,11,0,22.534742275599463,x731,false
RFQ731-003517,x731,CFG731_214b093bf98ca9ef,CFG731_2451b1d5b9cd9ccd,7.0,TRUE_IN_TOP10,1,temperaturEingaenge,11,11,0,2,2,0,11,0,18.499855446248542,x731,false
RFQ731-003518,x731,CFG731_db983e07a279051a,CFG731_db983e07a279051a,1.0,CORRECT_TOP1,0,,10,10,0,4,4,0,10,0,22.48351985539151,x731,false
RFQ731-003519,G731ST-HT,CFG731_4aa7d46b9cfa7d7b,CFG731_3c6c3a0686e047ad,4.0,TRUE_IN_TOP5,2,stromSchaltbar|stromEingaenge,9,9,0,5,5,0,9,0,25.50314341830868,G731ST-HT,false
RFQ731-003520,x731,CFG731_db395082b1a3b8ac,CFG731_db395082b1a3b8ac,1.0,CORRECT_TOP1,0,,12,12,0,2,2,0,12,0,22.940611540664392,x731,false
RFQ731-003521,G731ST-LT,CFG731_ef044db10b586894,CFG731_159f3a6877b5a5d2,10.0,TRUE_IN_TOP10,1,binaerOpenColl_MP,5,5,0,8,8,0,5,0,22.38503222564717,G731ST-LT,false
RFQ731-003522,x731,CFG731_fe5ec1b0bcdbd396,CFG731_fe5ec1b0bcdbd396,1.0,CORRECT_TOP1,0,,10,10,0,3,3,0,10,0,18.35769321872853,x731,false
RFQ731-003523,F731WD_DualChannel,CFG731_819cb4e76943eca6,CFG731_37e3938c6089bb2d,2.0,TRUE_IN_TOP3,2,stromSchaltbar|binaerOpenColl_MP,8,8,0,3,3,0,8,0,23.304019990790596,F731WD_DualChannel,false
RFQ731-003524,F731TE,CFG731_ac57adca497d644f,CFG731_4d0235c9d5cc61be,2.0,TRUE_IN_TOP3,2,stromSchaltbar|binaerOpenColl_MP,8,8,0,3,3,0,8,0,28.66129355409542,F731TE,false
RFQ731-003525,x731,CFG731_59f86789e43d86f1,CFG731_59f86789e43d86f1,1.0,CORRECT_TOP1,0,,10,10,0,6,6,0,10,0,23.11716703108541,x731,false
RFQ731-003526,F731TE,CFG731_7113759c5b95914d,CFG731_7113759c5b95914d,1.0,CORRECT_TOP1,0,,9,9,0,4,4,0,9,0,40.34799587457038,F731TE,false
RFQ731-003527,x731,CFG731_3d652e6a54b1c68b,CFG731_3d652e6a54b1c68b,1.0,CORRECT_TOP1,0,,10,10,0,6,6,0,10,0,22.866510554842808,x731,false
RFQ731-003528,x731,CFG731_32a4bb12438a37ab,CFG731_32a4bb12438a37ab,1.0,CORRECT_TOP1,0,,13,13,0,4,4,0,13,0,25.1868358675629,x731,false
RFQ731-003529,G731ST-HT,CFG731_7b2f69a7ca55041b,CFG731_49bb1327a04ca706,2.0,TRUE_IN_TOP3,1,temperaturEingaenge,11,11,0,4,4,0,11,0,26.448869696740648,G731ST-HT,false
RFQ731-003530,x731,CFG731_fe9a409c6b2ba9cc,CFG731_fe9a409c6b2ba9cc,1.0,CORRECT_TOP1,0,,13,13,0,2,2,0,13,0,21.445650566648,x731,false
RFQ731-003531,x731,CFG731_3bcde7f8df32303c,CFG731_3bcde7f8df32303c,1.0,CORRECT_TOP1,0,,12,12,0,5,5,0,12,0,25.055606572124297,x731,false
RFQ731-003532,x731,CFG731_c39096767a7ae083,CFG731_341c156f683b247f,6.0,TRUE_IN_TOP10,3,stromEingaenge|temperaturEingaenge|customUserFluid,10,10,0,4,4,0,10,0,20.425417993417984,x731,false
RFQ731-003533,x731,CFG731_3611bb1fba248e38,CFG731_20991e8bae2729c8,3.0,TRUE_IN_TOP3,1,customUserFluid,11,11,0,3,3,0,11,0,20.259585004194477,x731,false
RFQ731-003534,x731,CFG731_9e4fccece4d272d3,CFG731_e8d4d37dfb814e2d,2.0,TRUE_IN_TOP3,2,dev_advMeterVerification|dynamicGasMaster,10,10,0,4,4,0,10,0,19.92981046540948,x731,false
RFQ731-003535,x731,CFG731_c0f829ddab491342,CFG731_c0f829ddab491342,1.0,CORRECT_TOP1,0,,13,13,0,1,1,0,13,0,20.32479856532389,x731,false
RFQ731-003536,x731,CFG731_6f8c15548921e4c2,CFG731_6f8c15548921e4c2,1.0,CORRECT_TOP1,0,,11,11,0,3,3,0,11,0,22.773792005717592,x731,false
RFQ731-003537,x731,CFG731_7ffc09802c7b60bf,CFG731_917fc613cc9bf56a,2.0,TRUE_IN_TOP3,2,temperaturEingaenge|dev_advMeterVerification,11,11,0,3,3,0,11,0,20.037649239561134,x731,false
RFQ731-003538,x731,CFG731_56e4b0def3749424,CFG731_56e4b0def3749424,1.0,CORRECT_TOP1,0,,12,12,0,2,2,0,12,0,20.07385928323412,x731,false
RFQ731-003539,F731TE,CFG731_1962af6277da6f54,CFG731_1962af6277da6f54,1.0,CORRECT_TOP1,0,,10,10,0,3,3,0,10,0,35.41859881450209,F731TE,false
RFQ731-003540,G731ST-HT,CFG731_bbffb73f3dff6787,CFG731_68193b179adae994,2.0,TRUE_IN_TOP3,1,stromEingaenge,13,13,0,2,2,0,13,0,27.135358209651407,G731ST-HT,false
RFQ731-003541,G731ST-LT,CFG731_d3e51804db148a52,CFG731_d3e51804db148a52,1.0,CORRECT_TOP1,0,,13,13,0,1,1,0,13,0,24.2877938045737,G731ST-LT,false
RFQ731-003542,G731ST-LT,CFG731_49cd4cbef1081333,CFG731_26554ff79bcf8a3f,3.0,TRUE_IN_TOP3,1,stromEingaenge,11,11,0,3,3,0,11,0,23.6174510555878,G731ST-LT,false
RFQ731-003543,x731,CFG731_e8e7b7513a5c9544,CFG731_20e0d69972310e9f,2.0,TRUE_IN_TOP3,3,stromEingaenge|temperaturEingaenge|customUserFluid,10,10,0,3,3,0,10,0,19.33975595605752,x731,false
RFQ731-003544,x731,CFG731_fd3397424975992e,CFG731_fd3397424975992e,1.0,CORRECT_TOP1,0,,10,10,0,5,5,0,10,0,21.48187663424205,x731,false
RFQ731-003545,x731,CFG731_353333bad447dbef,CFG731_bd51fba2aacb1a3c,2.0,TRUE_IN_TOP3,2,stromSchaltbar|binaerOpenColl_MP,9,9,0,4,4,0,9,0,18.62638281261792,x731,false
RFQ731-003546,x731,CFG731_243419c6708378b3,CFG731_243419c6708378b3,1.0,CORRECT_TOP1,0,,9,9,0,6,6,0,9,0,21.21421686761144,x731,false
RFQ731-003547,F731WD_SingleChannel,CFG731_4ca309199387f8d5,CFG731_4ca309199387f8d5,1.0,CORRECT_TOP1,0,,8,8,0,5,5,0,8,0,30.61247818024028,F731WD_SingleChannel,false
RFQ731-003548,G731ST-LT,CFG731_a57ffd88d58eb498,CFG731_a57ffd88d58eb498,1.0,CORRECT_TOP1,0,,14,14,0,1,1,0,14,0,25.573068279038505,G731ST-LT,false
RFQ731-003549,F731WD_DualChannel,CFG731_35ed22cad11f9a11,CFG731_35ed22cad11f9a11,1.0,CORRECT_TOP1,0,,11,11,0,2,2,0,11,0,36.45113688548819,F731WD_DualChannel,false
RFQ731-003550,G731ST-HT,CFG731_ef8d68b6d278bfec,CFG731_ef8d68b6d278bfec,1.0,CORRECT_TOP1,0,,11,11,0,4,4,0,11,0,26.64027861631192,G731ST-HT,false
RFQ731-003551,x731,CFG731_1f978c234895178c,CFG731_338a3238e967f681,3.0,TRUE_IN_TOP3,1,binaerOpenColl_MP,8,8,0,7,7,0,8,0,20.074140190719067,x731,false
RFQ731-003552,x731,CFG731_8c8856d21252930e,CFG731_bf8f7d1a25ad0a6e,2.0,TRUE_IN_TOP3,1,stromSchaltbar,10,10,0,3,3,0,10,0,21.821248347567412,x731,false
RFQ731-003553,x731,CFG731_2692d4e8945eb6ee,CFG731_2692d4e8945eb6ee,1.0,CORRECT_TOP1,0,,12,12,0,2,2,0,12,0,19.80064939897815,x731,false
RFQ731-003554,x731,CFG731_784eb334d1d77ae7,CFG731_784eb334d1d77ae7,1.0,CORRECT_TOP1,0,,12,12,0,4,4,0,12,0,23.768493301654647,x731,false
RFQ731-003555,x731,CFG731_54b63f2628adfc32,CFG731_c65188f44544a3f1,2.0,TRUE_IN_TOP3,2,stromEingaenge|dev_advMeterVerification,11,11,0,2,2,0,11,0,18.917376228281064,x731,false
RFQ731-003556,G731ST-HT,CFG731_fcc72e9951376cf3,CFG731_fcc72e9951376cf3,1.0,CORRECT_TOP1,0,,11,11,0,5,5,0,11,0,28.74587391222904,G731ST-HT,false
RFQ731-003557,x731,CFG731_f0cf22354800092d,CFG731_f0cf22354800092d,1.0,CORRECT_TOP1,0,,9,9,0,5,5,0,9,0,20.426552174525263,x731,false
RFQ731-003558,G731ST-HT,CFG731_ef8d68b6d278bfec,CFG731_ef8d68b6d278bfec,1.0,CORRECT_TOP1,0,,12,12,0,3,3,0,12,0,26.64027861631192,G731ST-HT,false
RFQ731-003559,G731ST-LT,CFG731_715a3d3226cbaffd,CFG731_715a3d3226cbaffd,1.0,CORRECT_TOP1,0,,15,15,0,1,1,0,15,0,27.06135358052758,G731ST-LT,false
RFQ731-003560,x731,CFG731_3b2a32abbf148ca1,CFG731_6638f62366414007,4.0,TRUE_IN_TOP5,2,temperaturEingaenge|dev_advMeterVerification,9,9,0,6,6,0,9,0,21.78200183068766,x731,false
RFQ731-003561,x731,CFG731_353333bad447dbef,CFG731_bd51fba2aacb1a3c,2.0,TRUE_IN_TOP3,2,stromSchaltbar|binaerOpenColl_MP,10,10,0,3,3,0,10,0,18.62638281261792,x731,false
RFQ731-003562,x731,CFG731_357a7724550c556f,CFG731_c976e33226ef748e,2.0,TRUE_IN_TOP3,2,stromEingaenge|temperaturEingaenge,11,11,0,2,2,0,11,0,18.4041579918181,x731,false
RFQ731-003563,x731,CFG731_219ac3d01befd6d1,CFG731_b418359232bf5862,6.0,TRUE_IN_TOP10,3,stromEingaenge|temperaturEingaenge|binaerOpenColl_MP,9,9,0,4,4,0,9,0,18.04451108492764,x731,false
RFQ731-003564,x731,CFG731_2d0a81ff4ec49480,CFG731_999fe1a8f2314c11,2.0,TRUE_IN_TOP3,1,stromEingaenge,11,11,0,5,5,0,11,0,22.89683761634015,x731,false
RFQ731-003565,x731,CFG731_27caf5a2443603ad,CFG731_8e67aa9e7165e68f,8.0,TRUE_IN_TOP10,3,stromSchaltbar|temperaturEingaenge|customUserFluid,9,9,0,3,3,0,9,0,17.43956045515103,x731,false
RFQ731-003566,x731,CFG731_2683cf7e09782f5e,CFG731_2683cf7e09782f5e,1.0,CORRECT_TOP1,0,,11,11,0,5,5,0,11,0,22.62841662476227,x731,false
RFQ731-003567,x731,CFG731_241d60e6ef5278be,CFG731_b2229c50a5d9ad96,3.0,TRUE_IN_TOP3,1,binaerDigitalOpenColl_MN,9,9,0,6,6,0,9,0,20.968048933347927,x731,false
RFQ731-003568,G731CA,CFG731_c7ca2f069d01e42d,CFG731_c7ca2f069d01e42d,1.0,CORRECT_TOP1,0,,9,9,0,5,5,0,9,0,32.39528764789,G731CA,false
RFQ731-003569,x731,CFG731_0fbee36816b7af98,CFG731_0799b36c303c0978,3.0,TRUE_IN_TOP3,2,stromSchaltbar|stromEingaenge,10,10,0,5,5,0,10,0,21.892911415089525,x731,false
RFQ731-003570,G731ST-HT,CFG731_7c70763d4cf79560,CFG731_3d7932e380d35bca,5.0,TRUE_IN_TOP5,1,temperaturEingaenge,10,10,0,4,4,0,10,0,25.11758763604521,G731ST-HT,false
RFQ731-003571,x731,CFG731_63b6f6fcf28b1885,CFG731_70576b93aef3bc09,5.0,TRUE_IN_TOP5,2,dynamicGasMaster|customUserFluid,10,10,0,4,4,0,10,0,21.35109451020687,x731,false
RFQ731-003572,x731,CFG731_de67d4c164ed05bc,CFG731_de67d4c164ed05bc,1.0,CORRECT_TOP1,0,,13,13,0,2,2,0,13,0,22.564796951880734,x731,false
RFQ731-003573,G731ST-LT,CFG731_49cd4cbef1081333,CFG731_cc03e3852895ae99,2.0,TRUE_IN_TOP3,2,stromEingaenge|temperaturEingaenge,10,10,0,3,3,0,10,0,22.26223384554217,G731ST-LT,false
RFQ731-003574,F731WD_SingleChannel,CFG731_11c93eca01984a14,CFG731_11c93eca01984a14,1.0,CORRECT_TOP1,0,,10,10,0,3,3,0,10,0,34.36373299452446,F731WD_SingleChannel,false
RFQ731-003575,G731CA,CFG731_d2a75fda6f761c1b,CFG731_d2a75fda6f761c1b,1.0,CORRECT_TOP1,0,,12,12,0,2,2,0,12,0,34.49260001542188,G731CA,false
RFQ731-003576,x731,CFG731_e4f7fe15e8ccf2c9,CFG731_e4f7fe15e8ccf2c9,1.0,CORRECT_TOP1,0,,9,9,0,5,5,0,9,0,20.741558122409145,x731,false
RFQ731-003577,x731,CFG731_8048d4394d2fbde3,CFG731_8048d4394d2fbde3,1.0,CORRECT_TOP1,0,,8,8,0,4,4,0,8,0,19.65596228969266,x731,false
RFQ731-003578,x731,CFG731_337790e6bbcf15f4,CFG731_337790e6bbcf15f4,1.0,CORRECT_TOP1,0,,10,10,0,5,5,0,10,0,21.71499242531444,x731,false
RFQ731-003579,x731,CFG731_54b63f2628adfc32,CFG731_bac2c72e10051b21,2.0,TRUE_IN_TOP3,1,stromEingaenge,11,11,0,3,3,0,11,0,20.00505072876058,x731,false
RFQ731-003580,F731WD_DualChannel,CFG731_8281908b452128f3,CFG731_8281908b452128f3,1.0,CORRECT_TOP1,0,,8,8,0,5,5,0,8,0,32.15863761872915,F731WD_DualChannel,false
RFQ731-003581,G731ST-LT,CFG731_7203705eed387b0a,CFG731_d32eee68715fee63,2.0,TRUE_IN_TOP3,1,binaerOpenColl_MP,12,12,0,3,3,0,12,0,25.11639693739808,G731ST-LT,false
RFQ731-003582,G731ST-LT,CFG731_8b6ed3cfa9ed1e59,CFG731_8b6ed3cfa9ed1e59,1.0,CORRECT_TOP1,0,,9,9,0,6,6,0,9,0,25.88427072102424,G731ST-LT,false
RFQ731-003583,x731,CFG731_4d7e108ea05eeb07,CFG731_4d7e108ea05eeb07,1.0,CORRECT_TOP1,0,,11,11,0,3,3,0,11,0,24.41540546526024,x731,false
RFQ731-003584,G731ST-HT,CFG731_bbffb73f3dff6787,CFG731_c0eb036469c0bf44,2.0,TRUE_IN_TOP3,1,stromSchaltbar,10,10,0,5,5,0,10,0,27.09962033475922,G731ST-HT,false
RFQ731-003585,G731ST-HT,CFG731_8b18ac1c34209d63,CFG731_d44e54f35ee15977,2.0,TRUE_IN_TOP3,2,stromEingaenge|temperaturEingaenge,8,8,0,6,6,0,8,0,25.32079928115848,G731ST-HT,false
RFQ731-003586,x731,CFG731_af755e9c46cfadd4,CFG731_af755e9c46cfadd4,1.0,CORRECT_TOP1,0,,11,11,0,3,3,0,11,0,23.659186771792086,x731,false
RFQ731-003587,G731ST-LT,CFG731_750dd83a06ba43cb,CFG731_750dd83a06ba43cb,1.0,CORRECT_TOP1,0,,12,12,0,3,3,0,12,0,25.785407490269424,G731ST-LT,false
RFQ731-003588,x731,CFG731_618cb6c1c21feda4,CFG731_618cb6c1c21feda4,1.0,CORRECT_TOP1,0,,13,13,0,2,2,0,13,0,21.39466559870709,x731,false
RFQ731-003589,x731,CFG731_96c2ea74f0083869,CFG731_96c2ea74f0083869,1.0,CORRECT_TOP1,0,,13,13,0,3,3,0,13,0,22.672714086755665,x731,false
RFQ731-003590,x731,CFG731_086adbe1d654b214,CFG731_f3b867931d904122,4.0,TRUE_IN_TOP5,3,stromSchaltbar|temperaturEingaenge|dev_advMeterVerification,10,10,0,3,3,0,10,0,19.46258876727201,x731,false
RFQ731-003591,F731TE,CFG731_6886c948a9d1ec0c,CFG731_6886c948a9d1ec0c,1.0,CORRECT_TOP1,0,,6,6,0,7,7,0,6,0,35.31847236214592,F731TE,false
RFQ731-003592,G731CA,CFG731_5bfe9492c76587ec,CFG731_5bfe9492c76587ec,1.0,CORRECT_TOP1,0,,12,12,0,2,2,0,12,0,35.89643793735161,G731CA,false
RFQ731-003593,G731CA,CFG731_e85a7fcdd0521e90,CFG731_e85a7fcdd0521e90,1.0,CORRECT_TOP1,0,,10,10,0,2,2,0,10,0,21.84453250899616,G731CA,false
RFQ731-003594,G731ST-LT,CFG731_10085782ed0991cf,CFG731_364810dcd7f32a0c,2.0,TRUE_IN_TOP3,1,temperaturEingaenge,9,9,0,6,6,0,9,0,25.786171707367533,G731ST-LT,false
RFQ731-003595,x731,CFG731_cd4f211fbf872f2e,CFG731_cd4f211fbf872f2e,1.0,CORRECT_TOP1,0,,14,14,0,1,1,0,14,0,21.88590078944049,x731,false
RFQ731-003596,x731,CFG731_e8e7b7513a5c9544,CFG731_34247ec265566826,2.0,TRUE_IN_TOP3,1,stromEingaenge,11,11,0,4,4,0,11,0,21.76308400214706,x731,false
RFQ731-003597,x731,CFG731_260c36430f7c2d03,CFG731_260c36430f7c2d03,1.0,CORRECT_TOP1,0,,10,10,0,4,4,0,10,0,24.010745481975945,x731,false
RFQ731-003598,x731,CFG731_05cf1a0209b4f9a8,CFG731_05cf1a0209b4f9a8,1.0,CORRECT_TOP1,0,,11,11,0,5,5,0,11,0,22.021199231638988,x731,false
RFQ731-003599,x731,CFG731_70b38ab75d3ca724,CFG731_aa31c7019e5fef74,2.0,TRUE_IN_TOP3,1,dev_advMeterVerification,11,11,0,3,3,0,11,0,20.27575921465106,x731,false
RFQ731-003600,x731,CFG731_6204dd6ea742eb13,CFG731_6204dd6ea742eb13,1.0,CORRECT_TOP1,0,,11,11,0,3,3,0,11,0,20.67931104855829,x731,false
RFQ731-003601,G731ST-LT,CFG731_8da1da530d6ae54d,CFG731_8da1da530d6ae54d,1.0,CORRECT_TOP1,0,,15,15,0,1,1,0,15,0,27.431661067739245,G731ST-LT,false
RFQ731-003602,G731ST-HT,CFG731_c3a136a8630f644d,CFG731_a012df089e5e5862,2.0,TRUE_IN_TOP3,1,stromSchaltbar,9,9,0,6,6,0,9,0,27.249598407225623,G731ST-HT,false
RFQ731-003603,x731,CFG731_31aa13473958d7d3,CFG731_31aa13473958d7d3,1.0,CORRECT_TOP1,0,,14,14,0,3,3,0,14,0,24.196737263136928,x731,false
RFQ731-003604,G731ST-LT,CFG731_515a31451814aae9,CFG731_515a31451814aae9,1.0,CORRECT_TOP1,0,,10,10,0,3,3,0,10,0,23.011847714315543,G731ST-LT,false
RFQ731-003605,x731,CFG731_83f956404d04e6cd,CFG731_02cc92e24847d6c0,5.0,TRUE_IN_TOP5,3,stromSchaltbar|binaerDigitalOpenColl_MN|customUserFluid,10,10,0,4,4,0,10,0,20.761883011792012,x731,false
RFQ731-003606,x731,CFG731_0fbee36816b7af98,CFG731_b74fb5418dad3b38,2.0,TRUE_IN_TOP3,1,stromEingaenge,12,12,0,4,4,0,12,0,23.346991855889964,x731,false
RFQ731-003607,G731ST-HT,CFG731_bbffb73f3dff6787,CFG731_38414c1018b8f89e,3.0,TRUE_IN_TOP3,1,binaerOpenColl_MP,11,11,0,4,4,0,11,0,26.280631709421463,G731ST-HT,false
RFQ731-003608,x731,CFG731_8c50542218db5cb0,CFG731_8ade52b2e74d0235,3.0,TRUE_IN_TOP3,2,stromSchaltbar|stromEingaenge,8,8,0,6,6,0,8,0,20.60917972843003,x731,false
RFQ731-003609,x731,CFG731_c39096767a7ae083,CFG731_ef02695e374fc418,2.0,TRUE_IN_TOP3,3,stromSchaltbar|temperaturEingaenge|dev_advMeterVerification,10,10,0,4,4,0,10,0,20.370116454090194,x731,false
RFQ731-003610,x731,CFG731_63b6f6fcf28b1885,CFG731_70576b93aef3bc09,5.0,TRUE_IN_TOP5,2,dynamicGasMaster|customUserFluid,9,9,0,5,5,0,9,0,21.35109451020687,x731,false
RFQ731-003611,x731,CFG731_9db378257f9cf6a7,CFG731_9db378257f9cf6a7,1.0,CORRECT_TOP1,0,,9,9,0,5,5,0,9,0,19.90795930666128,x731,false
RFQ731-003612,F731PW,CFG731_92efd7a3c43da152,CFG731_4b26dfbafad76131,3.0,TRUE_IN_TOP3,1,binaerOpenColl_MP,8,8,0,3,3,0,8,0,28.11975652302703,F731PW,false
RFQ731-003613,x731,CFG731_a7dc06adf945eba3,CFG731_cf4d8202c634a1d4,2.0,TRUE_IN_TOP3,2,stromSchaltbar|temperaturEingaenge,10,10,0,4,4,0,10,0,20.700241340217936,x731,false
RFQ731-003614,G731ST-LT,CFG731_2469d1b04bd775f6,CFG731_2469d1b04bd775f6,1.0,CORRECT_TOP1,0,,10,10,0,5,5,0,10,0,25.13465685225086,G731ST-LT,false
RFQ731-003615,x731,CFG731_27caf5a2443603ad,CFG731_4cb67cdc021380a4,5.0,TRUE_IN_TOP5,1,customUserFluid,11,11,0,3,3,0,11,0,20.2488581059971,x731,false
RFQ731-003616,x731,CFG731_0db950a4979d2c52,CFG731_fa6b5a7df55858c0,2.0,TRUE_IN_TOP3,1,stromSchaltbar,12,12,0,4,4,0,12,0,23.16127590853137,x731,false
RFQ731-003617,x731,CFG731_7630270d2245c283,CFG731_69502d87794881ea,3.0,TRUE_IN_TOP3,3,binaerOpenColl_MP|dev_advMeterVerification|dynamicGasMaster,12,12,0,1,1,0,12,0,18.26606119018499,x731,false
RFQ731-003618,F731TE,CFG731_3d8c1bbc0ef4249a,CFG731_3d8c1bbc0ef4249a,1.0,CORRECT_TOP1,0,,11,11,0,2,2,0,11,0,37.16435247185012,F731TE,false
RFQ731-003619,G731VG,CFG731_cfb2b92dd8f09f39,CFG731_cfb2b92dd8f09f39,1.0,CORRECT_TOP1,0,,8,8,0,7,7,0,8,0,41.858304122441474,G731VG,false
RFQ731-003620,x731,CFG731_337790e6bbcf15f4,CFG731_337790e6bbcf15f4,1.0,CORRECT_TOP1,0,,14,14,0,1,1,0,14,0,21.71499242531444,x731,false
RFQ731-003621,F731WD_DualChannel,CFG731_819cb4e76943eca6,CFG731_37e3938c6089bb2d,2.0,TRUE_IN_TOP3,2,stromSchaltbar|binaerOpenColl_MP,10,10,0,1,1,0,10,0,23.304019990790596,F731WD_DualChannel,false
RFQ731-003622,x731,CFG731_b7e96d5717c40fd6,CFG731_61e03f690afcaa1a,2.0,TRUE_IN_TOP3,1,stromSchaltbar,12,12,0,4,4,0,12,0,22.59267874987008,x731,false
RFQ731-003623,x731,CFG731_5d345c0f49f6f272,CFG731_cb1aeeb79876dd06,2.0,TRUE_IN_TOP3,1,stromEingaenge,13,13,0,2,2,0,13,0,22.684720348065877,x731,false
RFQ731-003624,x731,CFG731_04a53b6cc81d57d6,CFG731_644efca41c3e2def,10.0,TRUE_IN_TOP10,3,stromSchaltbar|dev_advMeterVerification|customUserFluid,12,12,0,0,0,0,12,0,18.03477530571172,x731,false
RFQ731-003625,F731WD_DualChannel,CFG731_c37386a371e13fa8,CFG731_c37386a371e13fa8,1.0,CORRECT_TOP1,0,,10,10,0,2,2,0,10,0,30.890273125287308,F731WD_DualChannel,false
RFQ731-003626,G731ST-HT,CFG731_cc9ac35e4d9a1854,CFG731_143205a81a2e7efc,2.0,TRUE_IN_TOP3,1,stromSchaltbar,12,12,0,3,3,0,12,0,26.85154324863611,G731ST-HT,false
RFQ731-003627,x731,CFG731_086adbe1d654b214,CFG731_086adbe1d654b214,1.0,CORRECT_TOP1,0,,13,13,0,3,3,0,13,0,23.3595609185976,x731,false
RFQ731-003628,G731ST-LT,CFG731_c5da2661a169f82b,CFG731_c5da2661a169f82b,1.0,CORRECT_TOP1,0,,10,10,0,5,5,0,10,0,25.821145365161616,G731ST-LT,false
RFQ731-003629,x731,CFG731_d723355141502003,CFG731_2666da4dbcc5e5bd,2.0,TRUE_IN_TOP3,1,binaerOpenColl_MP,11,11,0,2,2,0,11,0,20.99565489753489,x731,false
RFQ731-003630,F731WD_SingleChannel,CFG731_70b6eaf9262ca4d0,CFG731_70b6eaf9262ca4d0,1.0,CORRECT_TOP1,0,,10,10,0,3,3,0,10,0,30.762456252706688,F731WD_SingleChannel,false
RFQ731-003631,x731,CFG731_22fecf5bb26e1132,CFG731_22fecf5bb26e1132,1.0,CORRECT_TOP1,0,,11,11,0,4,4,0,11,0,22.244470125273384,x731,false
RFQ731-003632,G731ST-LT,CFG731_4772bedc40328ae2,CFG731_4772bedc40328ae2,1.0,CORRECT_TOP1,0,,11,11,0,4,4,0,11,0,25.8276025544724,G731ST-LT,false
RFQ731-003633,x731,CFG731_800f2acd9158b556,CFG731_800f2acd9158b556,1.0,CORRECT_TOP1,0,,11,11,0,3,3,0,11,0,20.627639460303403,x731,false
RFQ731-003634,G731ST-HT,CFG731_bbffb73f3dff6787,CFG731_e1de683ed3edd33f,6.0,TRUE_IN_TOP10,2,stromEingaenge|binaerOpenColl_MP,11,11,0,3,3,0,11,0,24.862289143513213,G731ST-HT,false
RFQ731-003635,G731ST-HT,CFG731_646d8903da63e1f0,CFG731_646d8903da63e1f0,1.0,CORRECT_TOP1,0,,11,11,0,4,4,0,11,0,26.99506413179173,G731ST-HT,false
RFQ731-003636,F731PW,CFG731_7785b2914ebb6eaf,CFG731_7785b2914ebb6eaf,1.0,CORRECT_TOP1,0,,9,9,0,3,3,0,9,0,29.024288688400222,F731PW,false
RFQ731-003637,G731ST-LT,CFG731_a40ab19ad6671fbe,CFG731_a40ab19ad6671fbe,1.0,CORRECT_TOP1,0,,12,12,0,4,4,0,12,0,26.949215780743785,G731ST-LT,false
RFQ731-003638,x731,CFG731_70a71b60723e910d,CFG731_a8ddc520c2e666f7,2.0,TRUE_IN_TOP3,1,stromEingaenge,12,12,0,2,2,0,12,0,20.125781142184657,x731,false
RFQ731-003639,x731,CFG731_557eff71f11cfc98,CFG731_557eff71f11cfc98,1.0,CORRECT_TOP1,0,,10,10,0,4,4,0,10,0,20.70804295918484,x731,false
RFQ731-003640,x731,CFG731_c39096767a7ae083,CFG731_4da2b3fd83325505,2.0,TRUE_IN_TOP3,2,stromEingaenge|dev_advMeterVerification,9,9,0,6,6,0,9,0,21.761071539028016,x731,false
RFQ731-003641,G731ST-HT,CFG731_63eca10a00ae1f5d,CFG731_63eca10a00ae1f5d,1.0,CORRECT_TOP1,0,,14,14,0,2,2,0,14,0,28.59589583976263,G731ST-HT,false
RFQ731-003642,x731,CFG731_70b38ab75d3ca724,CFG731_aa31c7019e5fef74,2.0,TRUE_IN_TOP3,1,dev_advMeterVerification,6,6,0,8,8,0,6,0,20.27575921465106,x731,false
RFQ731-003643,G731ST-LT,CFG731_996314000fcfec4b,CFG731_22da0d6030817265,2.0,TRUE_IN_TOP3,1,temperaturEingaenge,13,13,0,2,2,0,13,0,25.424929002576945,G731ST-LT,false
RFQ731-003644,F731TE,CFG731_874928f24c55285e,CFG731_874928f24c55285e,1.0,CORRECT_TOP1,0,,9,9,0,4,4,0,9,0,39.169853628786285,F731TE,false
RFQ731-003645,x731,CFG731_9fcbfc87f6f15988,CFG731_9fcbfc87f6f15988,1.0,CORRECT_TOP1,0,,12,12,0,3,3,0,12,0,21.1615498076347,x731,false
RFQ731-003646,x731,CFG731_219ac3d01befd6d1,CFG731_b418359232bf5862,6.0,TRUE_IN_TOP10,3,stromEingaenge|temperaturEingaenge|binaerOpenColl_MP,11,11,0,2,2,0,11,0,18.04451108492764,x731,false
RFQ731-003647,x731,CFG731_b1196e0942d6104e,CFG731_b1196e0942d6104e,1.0,CORRECT_TOP1,0,,8,8,0,5,5,0,8,0,21.48878113303836,x731,false
RFQ731-003648,x731,CFG731_1147f9711c4bff84,CFG731_1147f9711c4bff84,1.0,CORRECT_TOP1,0,,10,10,0,4,4,0,10,0,24.08068821755677,x731,false
RFQ731-003649,x731,CFG731_a9ec8cda9130252f,CFG731_53cffcda6b4f1ffb,4.0,TRUE_IN_TOP5,2,binaerDigitalOpenColl_MN|dev_advMeterVerification,8,8,0,4,4,0,8,0,18.54045489711941,x731,false
RFQ731-003650,G731CA,CFG731_691a8f2ff165671d,CFG731_691a8f2ff165671d,1.0,CORRECT_TOP1,0,,7,7,0,5,5,0,7,0,26.623951496598032,G731CA,false
RFQ731-003651,x731,CFG731_fa2849b259355775,CFG731_fa2849b259355775,1.0,CORRECT_TOP1,0,,9,9,0,6,6,0,9,0,22.969309299781035,x731,false
RFQ731-003652,G731ST-LT,CFG731_2469d1b04bd775f6,CFG731_2469d1b04bd775f6,1.0,CORRECT_TOP1,0,,13,13,0,2,2,0,13,0,25.13465685225086,G731ST-LT,false
RFQ731-003653,x731,CFG731_22fecf5bb26e1132,CFG731_22fecf5bb26e1132,1.0,CORRECT_TOP1,0,,9,9,0,6,6,0,9,0,22.244470125273384,x731,false
RFQ731-003654,x731,CFG731_fb16e30f5bbb87f2,CFG731_563ef0dc6253e3f7,2.0,TRUE_IN_TOP3,1,stromEingaenge,10,10,0,4,4,0,10,0,21.260694583546705,x731,false
RFQ731-003655,F731PW,CFG731_7fea22051dcc86b6,CFG731_7fea22051dcc86b6,1.0,CORRECT_TOP1,0,,10,10,0,2,2,0,10,0,34.67118328099436,F731PW,false
RFQ731-003656,x731,CFG731_7a885e8a3e0ce8ad,CFG731_7a885e8a3e0ce8ad,1.0,CORRECT_TOP1,0,,13,13,0,1,1,0,13,0,23.323420365200484,x731,false
RFQ731-003657,x731,CFG731_1b5b895b5e259903,CFG731_1b5b895b5e259903,1.0,CORRECT_TOP1,0,,10,10,0,4,4,0,10,0,23.62359653228389,x731,false
RFQ731-003658,G731ST-HT,CFG731_b30ceef5c5f902ca,CFG731_b30ceef5c5f902ca,1.0,CORRECT_TOP1,0,,11,11,0,2,2,0,11,0,23.86671884035804,G731ST-HT,false
RFQ731-003659,G731CA,CFG731_edf13ed38a4b54de,CFG731_edf13ed38a4b54de,1.0,CORRECT_TOP1,0,,14,14,0,0,0,0,14,0,37.03238511893273,G731CA,false
RFQ731-003660,F731WD_SingleChannel,CFG731_9a761e6bfde35917,CFG731_9a761e6bfde35917,1.0,CORRECT_TOP1,0,,9,9,0,4,4,0,9,0,38.506254188817095,F731WD_SingleChannel,false
RFQ731-003661,F731WD_DualChannel,CFG731_a4610f5f38e7d946,CFG731_a4610f5f38e7d946,1.0,CORRECT_TOP1,0,,8,8,0,5,5,0,8,0,36.30115881302178,F731WD_DualChannel,false
RFQ731-003662,F731TE,CFG731_574aa7a29f75cd60,CFG731_574aa7a29f75cd60,1.0,CORRECT_TOP1,0,,9,9,0,4,4,0,9,0,35.46079387870506,F731TE,false
RFQ731-003663,F731TE,CFG731_fd6959ad3c5fd9ed,CFG731_fd6959ad3c5fd9ed,1.0,CORRECT_TOP1,0,,9,9,0,2,2,0,9,0,30.16525792838132,F731TE,false
RFQ731-003664,F731TE,CFG731_3fe2202b70f330b1,CFG731_3fe2202b70f330b1,1.0,CORRECT_TOP1,0,,11,11,0,2,2,0,11,0,39.212048692989256,F731TE,false
RFQ731-003665,x731,CFG731_91e51485b56960b2,CFG731_0bb38b2038fb1e69,2.0,TRUE_IN_TOP3,1,dynamicGasMaster,13,13,0,3,3,0,13,0,22.2968604342571,x731,false
RFQ731-003666,x731,CFG731_cd4f211fbf872f2e,CFG731_031d8f2fe50bf3d1,3.0,TRUE_IN_TOP3,1,stromSchaltbar,9,9,0,5,5,0,9,0,20.43182034864005,x731,false
RFQ731-003667,x731,CFG731_1f0c09edcd967945,CFG731_1f0c09edcd967945,1.0,CORRECT_TOP1,0,,11,11,0,3,3,0,11,0,21.265857819077038,x731,false
RFQ731-003668,x731,CFG731_83f956404d04e6cd,CFG731_60ab3311c49ebbc6,2.0,TRUE_IN_TOP3,1,binaerDigitalOpenColl_MN,9,9,0,7,7,0,9,0,23.28407428863637,x731,false
RFQ731-003669,x731,CFG731_073f991a6c9a4683,CFG731_073f991a6c9a4683,1.0,CORRECT_TOP1,0,,10,10,0,7,7,0,10,0,24.493314532790684,x731,false
RFQ731-003670,x731,CFG731_9228cc48e333917c,CFG731_9228cc48e333917c,1.0,CORRECT_TOP1,0,,10,10,0,5,5,0,10,0,21.956036770952142,x731,false
RFQ731-003671,G731ST-LT,CFG731_77dd17c48f15826c,CFG731_77dd17c48f15826c,1.0,CORRECT_TOP1,0,,10,10,0,5,5,0,10,0,25.792989087085736,G731ST-LT,false
RFQ731-003672,x731,CFG731_a92ad5294d9187e9,CFG731_a92ad5294d9187e9,1.0,CORRECT_TOP1,0,,12,12,0,2,2,0,12,0,23.50920869932568,x731,false
RFQ731-003673,G731CA,CFG731_452fb8d2c450816e,CFG731_452fb8d2c450816e,1.0,CORRECT_TOP1,0,,8,8,0,4,4,0,8,0,26.69389423217886,G731CA,false
RFQ731-003674,F731TE,CFG731_56ccaebbaa08bd29,CFG731_56ccaebbaa08bd29,1.0,CORRECT_TOP1,0,,9,9,0,2,2,0,9,0,28.731236289676243,F731TE,false
RFQ731-003675,x731,CFG731_219ac3d01befd6d1,CFG731_7eb5b2d6a16dd3a3,2.0,TRUE_IN_TOP3,1,temperaturEingaenge,13,13,0,2,2,0,13,0,21.735922716974084,x731,false
RFQ731-003676,x731,CFG731_c39096767a7ae083,CFG731_4da2b3fd83325505,2.0,TRUE_IN_TOP3,2,stromEingaenge|dev_advMeterVerification,12,12,0,3,3,0,12,0,21.761071539028016,x731,false
RFQ731-003677,x731,CFG731_5d255cf6dd296018,CFG731_7003cfd4e569b57b,3.0,TRUE_IN_TOP3,1,customUserFluid,12,12,0,2,2,0,12,0,20.71892672264177,x731,false
RFQ731-003678,G731ST-HT,CFG731_cc9ac35e4d9a1854,CFG731_cc9ac35e4d9a1854,1.0,CORRECT_TOP1,0,,11,11,0,5,5,0,11,0,28.305623689436548,G731ST-HT,false
RFQ731-003679,x731,CFG731_241d60e6ef5278be,CFG731_b2229c50a5d9ad96,3.0,TRUE_IN_TOP3,1,binaerDigitalOpenColl_MN,14,14,0,1,1,0,14,0,20.968048933347927,x731,false
RFQ731-003680,F731WD_SingleChannel,CFG731_6357400dd5c2804a,CFG731_6357400dd5c2804a,1.0,CORRECT_TOP1,0,,9,9,0,2,2,0,9,0,29.501658488412136,F731WD_SingleChannel,false
RFQ731-003681,x731,CFG731_8e6f935bd5bd53ff,CFG731_8e6f935bd5bd53ff,1.0,CORRECT_TOP1,0,,9,9,0,4,4,0,9,0,19.62036845870532,x731,false
RFQ731-003682,G731ST-LT,CFG731_0fdf5c36c9c41e69,CFG731_0fdf5c36c9c41e69,1.0,CORRECT_TOP1,0,,13,13,0,3,3,0,13,0,26.639852134762897,G731ST-LT,false
RFQ731-003683,x731,CFG731_ac3a4ff61341aa72,CFG731_ac3a4ff61341aa72,1.0,CORRECT_TOP1,0,,12,12,0,2,2,0,12,0,23.135034710508183,x731,false
RFQ731-003684,G731ST-LT,CFG731_87d8ba5b87cf0a3f,CFG731_9e44a82e6c1db982,5.0,TRUE_IN_TOP5,2,stromEingaenge|temperaturEingaenge,8,8,0,5,5,0,8,0,22.72157556398946,G731ST-LT,false
RFQ731-003685,G731ST-LT,CFG731_e0009be417f51ccd,CFG731_e0009be417f51ccd,1.0,CORRECT_TOP1,0,,13,13,0,3,3,0,13,0,27.239487931069867,G731ST-LT,false
RFQ731-003686,G731ST-LT,CFG731_32b4b1ec4513af66,CFG731_0bc9c3b6375d4380,3.0,TRUE_IN_TOP3,2,stromSchaltbar|stromEingaenge,10,10,0,4,4,0,10,0,24.05770127838029,G731ST-LT,false
RFQ731-003687,G731ST-HT,CFG731_7c70763d4cf79560,CFG731_b46f92852addf866,3.0,TRUE_IN_TOP3,1,stromEingaenge,12,12,0,2,2,0,12,0,25.05446228018259,G731ST-HT,false
RFQ731-003688,x731,CFG731_cf543b1c3927ab71,CFG731_4b5262a517204cb5,2.0,TRUE_IN_TOP3,1,stromSchaltbar,13,13,0,2,2,0,13,0,22.59900181256937,x731,false
RFQ731-003689,G731ST-HT,CFG731_1a1206cc52132df1,CFG731_d71a39e1fcf17083,4.0,TRUE_IN_TOP5,1,stromSchaltbar,11,11,0,3,3,0,11,0,24.97652934108743,G731ST-HT,false
RFQ731-003690,x731,CFG731_33d5b52db510e046,CFG731_33d5b52db510e046,1.0,CORRECT_TOP1,0,,11,11,0,4,4,0,11,0,21.317496876710035,x731,false
RFQ731-003691,x731,CFG731_7ffc09802c7b60bf,CFG731_917fc613cc9bf56a,2.0,TRUE_IN_TOP3,2,temperaturEingaenge|dev_advMeterVerification,10,10,0,4,4,0,10,0,20.037649239561134,x731,false
RFQ731-003692,x731,CFG731_6b36d25fda044bf5,CFG731_fb76e1a3b49d565f,4.0,TRUE_IN_TOP5,2,temperaturEingaenge|dev_advMeterVerification,10,10,0,4,4,0,10,0,20.01855774390633,x731,false
RFQ731-003693,x731,CFG731_36d7686aca1200ae,CFG731_258498329a834b05,2.0,TRUE_IN_TOP3,1,stromSchaltbar,10,10,0,5,5,0,10,0,21.80605869848573,x731,false
RFQ731-003694,x731,CFG731_927f189839c665ae,CFG731_b7ded675dbfd5f0b,4.0,TRUE_IN_TOP5,2,stromSchaltbar|dev_advMeterVerification,10,10,0,3,3,0,10,0,17.966952273620677,x731,false
RFQ731-003695,x731,CFG731_868fc79316fb0836,CFG731_868fc79316fb0836,1.0,CORRECT_TOP1,0,,11,11,0,3,3,0,11,0,20.761121786844743,x731,false
RFQ731-003696,F731PW,CFG731_a9f22ebc14287e5d,CFG731_a9f22ebc14287e5d,1.0,CORRECT_TOP1,0,,7,7,0,5,5,0,7,0,28.56494696995293,F731PW,false
RFQ731-003697,x731,CFG731_04a53b6cc81d57d6,CFG731_3cfe26a4a6491587,3.0,TRUE_IN_TOP3,2,temperaturEingaenge|dev_advMeterVerification,10,10,0,3,3,0,10,0,19.20174937251044,x731,false
RFQ731-003698,x731,CFG731_b1196e0942d6104e,CFG731_b1196e0942d6104e,1.0,CORRECT_TOP1,0,,8,8,0,5,5,0,8,0,21.48878113303836,x731,false
RFQ731-003699,G731ST-LT,CFG731_c050936f4a70e2a0,CFG731_9548d55d92816998,2.0,TRUE_IN_TOP3,1,temperaturEingaenge,12,12,0,2,2,0,12,0,24.252055929681507,G731ST-LT,false
RFQ731-003700,x731,CFG731_d3db38843cf9fb81,CFG731_d3db38843cf9fb81,1.0,CORRECT_TOP1,0,,11,11,0,4,4,0,11,0,22.413276091609017,x731,false
RFQ731-003701,G731CA,CFG731_edf13ed38a4b54de,CFG731_edf13ed38a4b54de,1.0,CORRECT_TOP1,0,,12,12,0,2,2,0,12,0,37.03238511893273,G731CA,false
RFQ731-003702,x731,CFG731_27b6b45b43224be7,CFG731_7dce730729047505,2.0,TRUE_IN_TOP3,1,stromSchaltbar,13,13,0,2,2,0,13,0,21.372814439958887,x731,false
RFQ731-003703,x731,CFG731_219ac3d01befd6d1,CFG731_2d4ebd2132481193,,TRUE_UNRANKED,3,stromSchaltbar|temperaturEingaenge|binaerOpenColl_MP,13,13,0,0,0,0,13,0,18.00877321003545,x731,false
RFQ731-003704,F731WD_DualChannel,CFG731_c37386a371e13fa8,CFG731_c37386a371e13fa8,1.0,CORRECT_TOP1,0,,7,7,0,5,5,0,7,0,30.890273125287308,F731WD_DualChannel,false
RFQ731-003705,G731CA,CFG731_5bfe9492c76587ec,CFG731_9cc92f888af32c8a,2.0,TRUE_IN_TOP3,2,stromSchaltbar|binaerDigitalOpenColl_MN,7,7,0,5,5,0,7,0,25.557947050597736,G731CA,false
RFQ731-003706,G731CA,CFG731_d97c333965654bd3,CFG731_d97c333965654bd3,1.0,CORRECT_TOP1,0,,9,9,0,3,3,0,9,0,25.445809250813937,G731CA,false
RFQ731-003707,x731,CFG731_8d07e19298d09d34,CFG731_bddb4195ad08d693,2.0,TRUE_IN_TOP3,1,dev_advMeterVerification,9,9,0,6,6,0,9,0,22.83417845745169,x731,false
RFQ731-003708,x731,CFG731_8f470181ad32eeae,CFG731_0893c2d75c71d33c,2.0,TRUE_IN_TOP3,2,stromSchaltbar|stromEingaenge,13,13,0,2,2,0,13,0,22.46439093332062,x731,false
RFQ731-003709,G731CA,CFG731_817824ee3a762453,CFG731_817824ee3a762453,1.0,CORRECT_TOP1,0,,12,12,0,2,2,0,12,0,30.89132327360409,G731CA,false
RFQ731-003710,F731TE,CFG731_b27467571d893d92,CFG731_b27467571d893d92,1.0,CORRECT_TOP1,0,,8,8,0,3,3,0,8,0,30.20745299258429,F731TE,false
RFQ731-003711,F731TE,CFG731_3fe2202b70f330b1,CFG731_3fe2202b70f330b1,1.0,CORRECT_TOP1,0,,9,9,0,4,4,0,9,0,39.212048692989256,F731TE,false
RFQ731-003712,x731,CFG731_33fed5318b1a4f2f,CFG731_3b56310e368fd60f,2.0,TRUE_IN_TOP3,1,stromSchaltbar,10,10,0,4,4,0,10,0,21.400988661406377,x731,false
RFQ731-003713,F731TE,CFG731_b27467571d893d92,CFG731_b27467571d893d92,1.0,CORRECT_TOP1,0,,9,9,0,2,2,0,9,0,30.20745299258429,F731TE,false
RFQ731-003714,x731,CFG731_8c50542218db5cb0,CFG731_eea9998b9f9a0bdb,5.0,TRUE_IN_TOP5,3,stromSchaltbar|temperaturEingaenge|dev_advMeterVerification,10,10,0,3,3,0,10,0,19.58463058381313,x731,false
RFQ731-003715,x731,CFG731_1f31b1bf8dc9e962,CFG731_ca7e5884b195042a,8.0,TRUE_IN_TOP10,2,dynamicGasMaster|customUserFluid,11,11,0,2,2,0,11,0,18.872710604291825,x731,false
RFQ731-003716,x731,CFG731_32b1041fd68aac23,CFG731_45c82d5d48fcc411,3.0,TRUE_IN_TOP3,2,dev_advMeterVerification|customUserFluid,11,11,0,3,3,0,11,0,20.6259909445154,x731,false
RFQ731-003717,x731,CFG731_0db950a4979d2c52,CFG731_0db950a4979d2c52,1.0,CORRECT_TOP1,0,,12,12,0,5,5,0,12,0,24.615356349331805,x731,false
RFQ731-003718,G731ST-LT,CFG731_cc47430fac8438be,CFG731_cc47430fac8438be,1.0,CORRECT_TOP1,0,,11,11,0,3,3,0,11,0,24.40203400214792,G731ST-LT,false
RFQ731-003719,x731,CFG731_6513d2f5c85df9e4,CFG731_ca8649ba85200ffb,4.0,TRUE_IN_TOP5,1,temperaturEingaenge,9,9,0,4,4,0,9,0,20.2914469782576,x731,false
RFQ731-003720,F731WD_DualChannel,CFG731_c0f6f70a47ed04ba,CFG731_c0f6f70a47ed04ba,1.0,CORRECT_TOP1,0,,9,9,0,3,3,0,9,0,34.491549867105086,F731WD_DualChannel,false
RFQ731-003721,x731,CFG731_ed19d16aecf53db8,CFG731_ed19d16aecf53db8,1.0,CORRECT_TOP1,0,,12,12,0,3,3,0,12,0,21.843119339032643,x731,false
RFQ731-003722,x731,CFG731_6513d2f5c85df9e4,CFG731_6513d2f5c85df9e4,1.0,CORRECT_TOP1,0,,9,9,0,5,5,0,9,0,21.64666418830323,x731,false
RFQ731-003723,x731,CFG731_efc9d6b915117e15,CFG731_b1531976c0d80b4a,3.0,TRUE_IN_TOP3,1,customUserFluid,11,11,0,3,3,0,11,0,20.14534480662026,x731,false
RFQ731-003724,x731,CFG731_b7e96d5717c40fd6,CFG731_61e03f690afcaa1a,2.0,TRUE_IN_TOP3,1,stromSchaltbar,13,13,0,3,3,0,13,0,22.59267874987008,x731,false
RFQ731-003725,x731,CFG731_c39096767a7ae083,CFG731_1f7c154d7e34e86e,3.0,TRUE_IN_TOP3,3,stromSchaltbar|temperaturEingaenge|dynamicGasMaster,9,9,0,5,5,0,9,0,19.77783493373711,x731,false
RFQ731-003726,G731ST-LT,CFG731_32b4b1ec4513af66,CFG731_0bc9c3b6375d4380,3.0,TRUE_IN_TOP3,2,stromSchaltbar|stromEingaenge,11,11,0,3,3,0,11,0,24.05770127838029,G731ST-LT,false
RFQ731-003727,x731,CFG731_947b0b2717816adb,CFG731_947b0b2717816adb,1.0,CORRECT_TOP1,0,,11,11,0,2,2,0,11,0,22.70664311364192,x731,false
RFQ731-003728,G731ST-HT,CFG731_7c70763d4cf79560,CFG731_fa50e8a725c751e0,6.0,TRUE_IN_TOP10,2,stromEingaenge|temperaturEingaenge,7,7,0,6,6,0,7,0,23.69924507013696,G731ST-HT,false
RFQ731-003729,x731,CFG731_2d0a81ff4ec49480,CFG731_e66ce98c9fc7fa3b,2.0,TRUE_IN_TOP3,1,dev_advMeterVerification,10,10,0,6,6,0,10,0,23.22750568176889,x731,false
RFQ731-003730,x731,CFG731_8d2d91c46ccfb471,CFG731_8d2d91c46ccfb471,1.0,CORRECT_TOP1,0,,12,12,0,5,5,0,12,0,25.116893131982074,x731,false
RFQ731-003731,G731ST-HT,CFG731_b3ed2928d6d65710,CFG731_b3ed2928d6d65710,1.0,CORRECT_TOP1,0,,11,11,0,3,3,0,11,0,25.4350394787327,G731ST-HT,false
RFQ731-003732,x731,CFG731_8d07e19298d09d34,CFG731_8d07e19298d09d34,1.0,CORRECT_TOP1,0,,15,15,0,1,1,0,15,0,23.921852957931208,x731,false
RFQ731-003733,G731ST-HT,CFG731_fcc72e9951376cf3,CFG731_fcc72e9951376cf3,1.0,CORRECT_TOP1,0,,13,13,0,3,3,0,13,0,28.74587391222904,G731ST-HT,false
RFQ731-003734,x731,CFG731_f1291711f7901d90,CFG731_f1291711f7901d90,1.0,CORRECT_TOP1,0,,13,13,0,2,2,0,13,0,22.96427357178301,x731,false
RFQ731-003735,x731,CFG731_6920f76e20b3b3ac,CFG731_6920f76e20b3b3ac,1.0,CORRECT_TOP1,0,,11,11,0,3,3,0,11,0,23.403455702086067,x731,false
RFQ731-003736,x731,CFG731_0db950a4979d2c52,CFG731_0db950a4979d2c52,1.0,CORRECT_TOP1,0,,15,15,0,2,2,0,15,0,24.615356349331805,x731,false
RFQ731-003737,G731ST-HT,CFG731_e2d64e127f97296d,CFG731_8c36814d277b2fda,2.0,TRUE_IN_TOP3,1,binaerDigitalOpenColl_MN,12,12,0,2,2,0,12,0,24.517187622640137,G731ST-HT,false
RFQ731-003738,x731,CFG731_3b2a32abbf148ca1,CFG731_1314a5f6e906af63,4.0,TRUE_IN_TOP5,2,stromSchaltbar|dynamicGasMaster,13,13,0,2,2,0,13,0,21.090857079579767,x731,false
RFQ731-003739,x731,CFG731_31aa13473958d7d3,CFG731_31aa13473958d7d3,1.0,CORRECT_TOP1,0,,11,11,0,6,6,0,11,0,24.196737263136928,x731,false
RFQ731-003740,G731ST-HT,CFG731_c32627af59ba1526,CFG731_c32627af59ba1526,1.0,CORRECT_TOP1,0,,11,11,0,4,4,0,11,0,26.82599456367052,G731ST-HT,false
RFQ731-003741,x731,CFG731_618cb6c1c21feda4,CFG731_618cb6c1c21feda4,1.0,CORRECT_TOP1,0,,9,9,0,6,6,0,9,0,21.39466559870709,x731,false
RFQ731-003742,G731ST-LT,CFG731_715a3d3226cbaffd,CFG731_715a3d3226cbaffd,1.0,CORRECT_TOP1,0,,13,13,0,3,3,0,13,0,27.06135358052758,G731ST-LT,false
RFQ731-003743,G731CA,CFG731_817824ee3a762453,CFG731_817824ee3a762453,1.0,CORRECT_TOP1,0,,12,12,0,2,2,0,12,0,30.89132327360409,G731CA,false
RFQ731-003744,F731PW,CFG731_f9fd6a4462ec051a,CFG731_f9fd6a4462ec051a,1.0,CORRECT_TOP1,0,,12,12,0,0,0,0,12,0,34.02362848404934,F731PW,false
RFQ731-003745,x731,CFG731_fe9a409c6b2ba9cc,CFG731_fe9a409c6b2ba9cc,1.0,CORRECT_TOP1,0,,11,11,0,4,4,0,11,0,21.445650566648,x731,false
RFQ731-003746,x731,CFG731_b3506a753aafcfa3,CFG731_b3506a753aafcfa3,1.0,CORRECT_TOP1,0,,11,11,0,2,2,0,11,0,19.60419424824873,x731,false
RFQ731-003747,G731ST-LT,CFG731_32b4b1ec4513af66,CFG731_1138f8ea5fc95654,2.0,TRUE_IN_TOP3,1,stromSchaltbar,12,12,0,3,3,0,12,0,25.47604384428854,G731ST-LT,false
RFQ731-003748,x731,CFG731_219ac3d01befd6d1,CFG731_3d79b5ed69541acc,6.0,TRUE_IN_TOP10,2,stromEingaenge|binaerOpenColl_MP,11,11,0,3,3,0,11,0,19.39972829497327,x731,false
RFQ731-003749,x731,CFG731_3c119308d8305ad4,CFG731_3c119308d8305ad4,1.0,CORRECT_TOP1,0,,11,11,0,4,4,0,11,0,20.701719896485542,x731,false
RFQ731-003750,x731,CFG731_8d07e19298d09d34,CFG731_cbbe948e572a42e8,3.0,TRUE_IN_TOP3,2,stromSchaltbar|temperaturEingaenge,9,9,0,5,5,0,9,0,21.112555307085135,x731,false
RFQ731-003751,G731ST-LT,CFG731_7203705eed387b0a,CFG731_26c190a4dc461550,2.0,TRUE_IN_TOP3,1,temperaturEingaenge,9,9,0,6,6,0,9,0,26.034248793490644,G731ST-LT,false
RFQ731-003752,x731,CFG731_7822370b42865359,CFG731_089eb10797cdf87e,4.0,TRUE_IN_TOP5,1,customUserFluid,8,8,0,6,6,0,8,0,21.10938953076077,x731,false
RFQ731-003753,x731,CFG731_a41a2d2cef1a675f,CFG731_56310c55a01272a3,2.0,TRUE_IN_TOP3,1,stromSchaltbar,10,10,0,3,3,0,10,0,21.20532373195894,x731,false
RFQ731-003754,F731TE,CFG731_8b8ba7e2341f1295,CFG731_b7c1a02b25610507,2.0,TRUE_IN_TOP3,2,stromSchaltbar|binaerOpenColl_MP,8,8,0,3,3,0,8,0,28.619098489892448,F731TE,false
RFQ731-003755,x731,CFG731_e116a79dd463fd7e,CFG731_87ce9768865f4127,4.0,TRUE_IN_TOP5,2,stromEingaenge|dynamicGasMaster,10,10,0,4,4,0,10,0,19.749120472447157,x731,false
RFQ731-003756,x731,CFG731_fe9a409c6b2ba9cc,CFG731_fe9a409c6b2ba9cc,1.0,CORRECT_TOP1,0,,12,12,0,3,3,0,12,0,21.445650566648,x731,false
RFQ731-003757,G731ST-LT,CFG731_8da1da530d6ae54d,CFG731_8da1da530d6ae54d,1.0,CORRECT_TOP1,0,,13,13,0,3,3,0,13,0,27.431661067739245,G731ST-LT,false
RFQ731-003758,x731,CFG731_2683cf7e09782f5e,CFG731_2683cf7e09782f5e,1.0,CORRECT_TOP1,0,,12,12,0,4,4,0,12,0,22.62841662476227,x731,false
RFQ731-003759,F731WD_SingleChannel,CFG731_6357400dd5c2804a,CFG731_6357400dd5c2804a,1.0,CORRECT_TOP1,0,,9,9,0,2,2,0,9,0,29.501658488412136,F731WD_SingleChannel,false
RFQ731-003760,x731,CFG731_3a824c7e49bfd8f4,CFG731_3a824c7e49bfd8f4,1.0,CORRECT_TOP1,0,,10,10,0,5,5,0,10,0,22.308866695567307,x731,false
RFQ731-003761,x731,CFG731_800f2acd9158b556,CFG731_800f2acd9158b556,1.0,CORRECT_TOP1,0,,7,7,0,7,7,0,7,0,20.627639460303403,x731,false
RFQ731-003762,G731ST-LT,CFG731_996314000fcfec4b,CFG731_996314000fcfec4b,1.0,CORRECT_TOP1,0,,10,10,0,6,6,0,10,0,26.78014621262257,G731ST-LT,false
RFQ731-003763,x731,CFG731_ad0a2fd7350b6cca,CFG731_acf759e7c479b97e,3.0,TRUE_IN_TOP3,2,stromSchaltbar|customUserFluid,11,11,0,4,4,0,11,0,21.894875401037837,x731,false
RFQ731-003764,x731,CFG731_18e687233239e907,CFG731_18e687233239e907,1.0,CORRECT_TOP1,0,,9,9,0,5,5,0,9,0,21.393762674990143,x731,false
RFQ731-003765,G731ST-LT,CFG731_ef044db10b586894,CFG731_159f3a6877b5a5d2,10.0,TRUE_IN_TOP10,1,binaerOpenColl_MP,12,12,0,1,1,0,12,0,22.38503222564717,G731ST-LT,false
RFQ731-003766,F731WD_DualChannel,CFG731_c37386a371e13fa8,CFG731_c37386a371e13fa8,1.0,CORRECT_TOP1,0,,7,7,0,5,5,0,7,0,30.890273125287308,F731WD_DualChannel,false
RFQ731-003767,G731ST-HT,CFG731_6cc2f5d089c01baf,CFG731_6cc2f5d089c01baf,1.0,CORRECT_TOP1,0,,11,11,0,3,3,0,11,0,25.48986884927969,G731ST-HT,false
RFQ731-003768,x731,CFG731_ac3a4ff61341aa72,CFG731_ac3a4ff61341aa72,1.0,CORRECT_TOP1,0,,11,11,0,3,3,0,11,0,23.135034710508183,x731,false
RFQ731-003769,F731WD_SingleChannel,CFG731_70b6eaf9262ca4d0,CFG731_400b0d973c930668,2.0,TRUE_IN_TOP3,2,stromSchaltbar|binaerOpenColl_MP,10,10,0,1,1,0,10,0,21.75786055230172,F731WD_SingleChannel,false
RFQ731-003770,G731ST-LT,CFG731_87d8ba5b87cf0a3f,CFG731_d3944f427f0609b6,3.0,TRUE_IN_TOP3,1,temperaturEingaenge,12,12,0,2,2,0,12,0,24.139918129897712,G731ST-LT,false
RFQ731-003771,x731,CFG731_8f470181ad32eeae,CFG731_147ff4a19b4bcc48,2.0,TRUE_IN_TOP3,1,temperaturEingaenge,9,9,0,7,7,0,9,0,23.98159672998368,x731,false
RFQ731-003772,x731,CFG731_9b78d433d00f1965,CFG731_9b78d433d00f1965,1.0,CORRECT_TOP1,0,,13,13,0,3,3,0,13,0,22.771577317510477,x731,false
RFQ731-003773,G731CA,CFG731_d97c333965654bd3,CFG731_d97c333965654bd3,1.0,CORRECT_TOP1,0,,8,8,0,4,4,0,8,0,25.445809250813937,G731CA,false
RFQ731-003774,G731ST-HT,CFG731_4aa7d46b9cfa7d7b,CFG731_83a3644f76b45069,2.0,TRUE_IN_TOP3,1,stromEingaenge,10,10,0,5,5,0,10,0,26.95722385910912,G731ST-HT,false
RFQ731-003775,x731,CFG731_357a7724550c556f,CFG731_c976e33226ef748e,2.0,TRUE_IN_TOP3,2,stromEingaenge|temperaturEingaenge,9,9,0,4,4,0,9,0,18.4041579918181,x731,false
RFQ731-003776,x731,CFG731_83f956404d04e6cd,CFG731_02cc92e24847d6c0,5.0,TRUE_IN_TOP5,3,stromSchaltbar|binaerDigitalOpenColl_MN|customUserFluid,9,9,0,5,5,0,9,0,20.761883011792012,x731,false
RFQ731-003777,x731,CFG731_3b2a32abbf148ca1,CFG731_d4dafb658c85c692,4.0,TRUE_IN_TOP5,2,stromSchaltbar|dev_advMeterVerification,11,11,0,4,4,0,11,0,21.68313859993285,x731,false
RFQ731-003778,G731ST-HT,CFG731_2a989bd6dba74d9f,CFG731_31715eb409a1602f,2.0,TRUE_IN_TOP3,1,stromSchaltbar,13,13,0,2,2,0,13,0,27.00152132110252,G731ST-HT,false
RFQ731-003779,x731,CFG731_fdb901ceaee1caed,CFG731_fdb901ceaee1caed,1.0,CORRECT_TOP1,0,,8,8,0,5,5,0,8,0,21.355301804425352,x731,false
RFQ731-003780,x731,CFG731_31d0a0df66872bf7,CFG731_3352d611bcf09d74,2.0,TRUE_IN_TOP3,1,stromEingaenge,11,11,0,4,4,0,11,0,22.534742275599463,x731,false
RFQ731-003781,F731TE,CFG731_0c3b33750ffab3ac,CFG731_0c3b33750ffab3ac,1.0,CORRECT_TOP1,0,,7,7,0,4,4,0,7,0,31.343400174165414,F731TE,false
RFQ731-003782,x731,CFG731_f030e97d69c5c359,CFG731_f030e97d69c5c359,1.0,CORRECT_TOP1,0,,10,10,0,4,4,0,10,0,20.71838419800622,x731,false
RFQ731-003783,x731,CFG731_b3506a753aafcfa3,CFG731_b3506a753aafcfa3,1.0,CORRECT_TOP1,0,,10,10,0,3,3,0,10,0,19.60419424824873,x731,false
RFQ731-003784,G731CA,CFG731_b43582909c828d95,CFG731_b43582909c828d95,1.0,CORRECT_TOP1,0,,9,9,0,3,3,0,9,0,21.956670308779955,G731CA,false
RFQ731-003785,x731,CFG731_60f3aae8ede70fe0,CFG731_447ecefb64ae83c3,2.0,TRUE_IN_TOP3,1,dynamicGasMaster,10,10,0,6,6,0,10,0,21.79532365160683,x731,false
RFQ731-003786,G731ST-LT,CFG731_a40ab19ad6671fbe,CFG731_cc64ce3eaedacb17,2.0,TRUE_IN_TOP3,2,stromEingaenge|temperaturEingaenge,11,11,0,3,3,0,11,0,24.175656004789904,G731ST-LT,false
RFQ731-003787,G731ST-LT,CFG731_32b4b1ec4513af66,CFG731_0d6df01ace2df68d,10.0,TRUE_IN_TOP10,3,stromSchaltbar|temperaturEingaenge|binaerOpenColl_MP,11,11,0,2,2,0,11,0,21.847757568104715,G731ST-LT,false
RFQ731-003788,G731ST-HT,CFG731_a56f1437a0b4ca31,CFG731_a56f1437a0b4ca31,1.0,CORRECT_TOP1,0,,13,13,0,3,3,0,13,0,28.413406697699983,G731ST-HT,false
RFQ731-003789,F731WD_SingleChannel,CFG731_70b6eaf9262ca4d0,CFG731_70b6eaf9262ca4d0,1.0,CORRECT_TOP1,0,,11,11,0,2,2,0,11,0,30.762456252706688,F731WD_SingleChannel,false
RFQ731-003790,x731,CFG731_ebb861c404a79d91,CFG731_ebb861c404a79d91,1.0,CORRECT_TOP1,0,,11,11,0,4,4,0,11,0,22.220263410024103,x731,false
RFQ731-003791,x731,CFG731_9fcbeaf9d5010d3a,CFG731_9fcbeaf9d5010d3a,1.0,CORRECT_TOP1,0,,10,10,0,5,5,0,10,0,21.67925455042225,x731,false
RFQ731-003792,x731,CFG731_c7c53fc5541f1dc1,CFG731_48a4e554ffcf39e6,3.0,TRUE_IN_TOP3,1,customUserFluid,11,11,0,3,3,0,11,0,20.314414374741467,x731,false
RFQ731-003793,G731VG,CFG731_cfb2b92dd8f09f39,CFG731_cfb2b92dd8f09f39,1.0,CORRECT_TOP1,0,,13,13,0,2,2,0,13,0,41.858304122441474,G731VG,false
RFQ731-003794,G731CA,CFG731_55e37d2b9d20276c,CFG731_55e37d2b9d20276c,1.0,CORRECT_TOP1,0,,11,11,0,3,3,0,11,0,31.78596785697629,G731CA,false
RFQ731-003795,x731,CFG731_243419c6708378b3,CFG731_243419c6708378b3,1.0,CORRECT_TOP1,0,,11,11,0,4,4,0,11,0,21.21421686761144,x731,false
RFQ731-003796,x731,CFG731_40e06ca56bd88fa1,CFG731_7a924ba8e265ed39,5.0,TRUE_IN_TOP5,2,stromEingaenge|temperaturEingaenge,11,11,0,3,3,0,11,0,21.715472742776768,x731,false
RFQ731-003797,G731ST-LT,CFG731_0fdf5c36c9c41e69,CFG731_9b48d8977da96686,2.0,TRUE_IN_TOP3,1,temperaturEingaenge,12,12,0,3,3,0,12,0,25.284634924717267,G731ST-LT,false
RFQ731-003798,G731ST-LT,CFG731_ae2e4cfccaff4f50,CFG731_ae2e4cfccaff4f50,1.0,CORRECT_TOP1,0,,11,11,0,4,4,0,11,0,25.537330404146317,G731ST-LT,false
RFQ731-003799,x731,CFG731_9228cc48e333917c,CFG731_9228cc48e333917c,1.0,CORRECT_TOP1,0,,9,9,0,6,6,0,9,0,21.956036770952142,x731,false
RFQ731-003800,G731ST-HT,CFG731_fcc72e9951376cf3,CFG731_fcc72e9951376cf3,1.0,CORRECT_TOP1,0,,14,14,0,2,2,0,14,0,28.74587391222904,G731ST-HT,false
RFQ731-003801,x731,CFG731_df5f598a914fb1cc,CFG731_df5f598a914fb1cc,1.0,CORRECT_TOP1,0,,10,10,0,4,4,0,10,0,20.88925291522775,x731,false
RFQ731-003802,x731,CFG731_bb61f56875b25c60,CFG731_bb61f56875b25c60,1.0,CORRECT_TOP1,0,,11,11,0,2,2,0,11,0,21.44783847863536,x731,false
RFQ731-003803,x731,CFG731_04bb9195f752ca8c,CFG731_04bb9195f752ca8c,1.0,CORRECT_TOP1,0,,12,12,0,2,2,0,12,0,22.751940846969397,x731,false
RFQ731-003804,x731,CFG731_4eb28f7e77f7ba51,CFG731_c9190efaaf22bb3f,7.0,TRUE_IN_TOP10,1,temperaturEingaenge,12,12,0,2,2,0,12,0,21.51019313098257,x731,false
RFQ731-003805,x731,CFG731_2e5bd0d53757f625,CFG731_2e5bd0d53757f625,1.0,CORRECT_TOP1,0,,10,10,0,4,4,0,10,0,20.50658751141085,x731,false
RFQ731-003806,G731CA,CFG731_98ec9650b5463fd0,CFG731_98ec9650b5463fd0,1.0,CORRECT_TOP1,0,,11,11,0,1,1,0,11,0,28.170110935086907,G731CA,false
RFQ731-003807,x731,CFG731_11da8cc369b71f5a,CFG731_ab7c99e095bc84f9,2.0,TRUE_IN_TOP3,1,dynamicGasMaster,11,11,0,5,5,0,11,0,22.694915592846613,x731,false
RFQ731-003808,x731,CFG731_618cb6c1c21feda4,CFG731_86b45f3244313c4c,6.0,TRUE_IN_TOP10,1,dynamicGasMaster,11,11,0,3,3,0,11,0,19.71470957787449,x731,false
RFQ731-003809,x731,CFG731_36d7686aca1200ae,CFG731_70b78512b89df53d,3.0,TRUE_IN_TOP3,2,stromSchaltbar|stromEingaenge,7,7,0,7,7,0,7,0,20.387716132577484,x731,false
RFQ731-003810,G731ST-LT,CFG731_d432b6fd40e9e78c,CFG731_d432b6fd40e9e78c,1.0,CORRECT_TOP1,0,,10,10,0,4,4,0,10,0,24.472385344426765,G731ST-LT,false
RFQ731-003811,G731CA,CFG731_0738cd529389f266,CFG731_0738cd529389f266,1.0,CORRECT_TOP1,0,,11,11,0,3,3,0,11,0,31.9359459294427,G731CA,false
RFQ731-003812,G731ST-LT,CFG731_c5da2661a169f82b,CFG731_c5da2661a169f82b,1.0,CORRECT_TOP1,0,,12,12,0,3,3,0,12,0,25.821145365161616,G731ST-LT,false
RFQ731-003813,x731,CFG731_fb16e30f5bbb87f2,CFG731_e7462b3bbda81f78,6.0,TRUE_IN_TOP10,2,stromEingaenge|temperaturEingaenge,9,9,0,4,4,0,9,0,19.90547737350107,x731,false
RFQ731-003814,x731,CFG731_da02526d254e2e35,CFG731_da02526d254e2e35,1.0,CORRECT_TOP1,0,,13,13,0,3,3,0,13,0,22.63179820857242,x731,false
RFQ731-003815,x731,CFG731_91e51485b56960b2,CFG731_deb3d65220135a9e,3.0,TRUE_IN_TOP3,2,stromEingaenge|temperaturEingaenge,10,10,0,5,5,0,10,0,21.203256679135816,x731,false
RFQ731-003816,x731,CFG731_59f86789e43d86f1,CFG731_59f86789e43d86f1,1.0,CORRECT_TOP1,0,,12,12,0,4,4,0,12,0,23.11716703108541,x731,false
RFQ731-003817,G731ST-HT,CFG731_c32627af59ba1526,CFG731_1e3e39ce65cdb22f,7.0,TRUE_IN_TOP10,2,temperaturEingaenge|binaerOpenColl_MP,9,9,0,4,4,0,9,0,23.19770828748669,G731ST-HT,false
RFQ731-003818,x731,CFG731_011ca4ba794bd4d6,CFG731_011ca4ba794bd4d6,1.0,CORRECT_TOP1,0,,11,11,0,3,3,0,11,0,22.985056638041776,x731,false
RFQ731-003819,G731ST-LT,CFG731_a40ab19ad6671fbe,CFG731_098817d766a37bc2,2.0,TRUE_IN_TOP3,1,stromEingaenge,10,10,0,5,5,0,10,0,25.53087321483553,G731ST-LT,false
RFQ731-003820,G731ST-LT,CFG731_b86bbf24b1c3a419,CFG731_b86bbf24b1c3a419,1.0,CORRECT_TOP1,0,,14,14,0,2,2,0,14,0,27.099193853210192,G731ST-LT,false
RFQ731-003821,F731WD_DualChannel,CFG731_af8fc23bebdac123,CFG731_af8fc23bebdac123,1.0,CORRECT_TOP1,0,,10,10,0,3,3,0,10,0,40.05241362730597,F731WD_DualChannel,false
RFQ731-003822,x731,CFG731_663e1e93ec389f08,CFG731_90dc5a2ccc9e8c22,7.0,TRUE_IN_TOP10,1,temperaturEingaenge,11,11,0,3,3,0,11,0,20.092950778888927,x731,false
RFQ731-003823,G731ST-HT,CFG731_c3a136a8630f644d,CFG731_265337e27ab1207c,2.0,TRUE_IN_TOP3,1,stromEingaenge,12,12,0,3,3,0,12,0,27.28533628211781,G731ST-HT,false
RFQ731-003824,G731CA,CFG731_c7ca2f069d01e42d,CFG731_c7ca2f069d01e42d,1.0,CORRECT_TOP1,0,,11,11,0,3,3,0,11,0,32.39528764789,G731CA,false
RFQ731-003825,x731,CFG731_219ac3d01befd6d1,CFG731_219ac3d01befd6d1,1.0,CORRECT_TOP1,0,,11,11,0,5,5,0,11,0,23.091139927019714,x731,false
RFQ731-003826,G731ST-LT,CFG731_7203705eed387b0a,CFG731_d32eee68715fee63,2.0,TRUE_IN_TOP3,1,binaerOpenColl_MP,12,12,0,3,3,0,12,0,25.11639693739808,G731ST-LT,false
RFQ731-003827,G731ST-HT,CFG731_a56f1437a0b4ca31,CFG731_240d537f14b1a01d,2.0,TRUE_IN_TOP3,1,temperaturEingaenge,8,8,0,7,7,0,8,0,27.058189487654356,G731ST-HT,false
RFQ731-003828,x731,CFG731_2be17a56b0589fd1,CFG731_2be17a56b0589fd1,1.0,CORRECT_TOP1,0,,12,12,0,4,4,0,12,0,23.7718748854648,x731,false
RFQ731-003829,x731,CFG731_da02526d254e2e35,CFG731_b661f405414c476e,2.0,TRUE_IN_TOP3,1,temperaturEingaenge,12,12,0,3,3,0,12,0,21.27658099852679,x731,false
RFQ731-003830,x731,CFG731_7765429ffa27b59a,CFG731_7765429ffa27b59a,1.0,CORRECT_TOP1,0,,5,5,0,8,8,0,5,0,22.60976631427594,x731,false
RFQ731-003831,x731,CFG731_086adbe1d654b214,CFG731_086adbe1d654b214,1.0,CORRECT_TOP1,0,,10,10,0,6,6,0,10,0,23.3595609185976,x731,false
RFQ731-003832,G731ST-HT,CFG731_a3b03637ed22317c,CFG731_dde2f7fe043f7ade,2.0,TRUE_IN_TOP3,1,stromEingaenge,11,11,0,4,4,0,11,0,26.845086059325325,G731ST-HT,false
RFQ731-003833,x731,CFG731_b4987f1c95e91d0d,CFG731_b4987f1c95e91d0d,1.0,CORRECT_TOP1,0,,11,11,0,5,5,0,11,0,22.341526058246338,x731,false
RFQ731-003834,G731ST-LT,CFG731_ae2e4cfccaff4f50,CFG731_ae2e4cfccaff4f50,1.0,CORRECT_TOP1,0,,8,8,0,7,7,0,8,0,25.537330404146317,G731ST-LT,false
RFQ731-003835,x731,CFG731_78d3b084a795c836,CFG731_78d3b084a795c836,1.0,CORRECT_TOP1,0,,16,16,0,1,1,0,16,0,24.35302045493101,x731,false
RFQ731-003836,x731,CFG731_18e687233239e907,CFG731_18e687233239e907,1.0,CORRECT_TOP1,0,,11,11,0,3,3,0,11,0,21.393762674990143,x731,false
RFQ731-003837,G731ST-LT,CFG731_a40ab19ad6671fbe,CFG731_0e0f01b5586b92da,2.0,TRUE_IN_TOP3,2,stromEingaenge|binaerDigitalOpenColl_MN,9,9,0,5,5,0,9,0,23.54807629902342,G731ST-LT,false
RFQ731-003838,G731ST-HT,CFG731_a4416ae9d698efa6,CFG731_a4416ae9d698efa6,1.0,CORRECT_TOP1,0,,10,10,0,4,4,0,10,0,25.72347283305394,G731ST-HT,false
RFQ731-003839,x731,CFG731_31c4aded40f9387f,CFG731_a41e221f51c9a405,2.0,TRUE_IN_TOP3,1,temperaturEingaenge,13,13,0,2,2,0,13,0,21.906244694895264,x731,false
RFQ731-003840,x731,CFG731_ae226e31119be9bd,CFG731_ae226e31119be9bd,1.0,CORRECT_TOP1,0,,10,10,0,4,4,0,10,0,23.233133724164887,x731,false
RFQ731-003841,x731,CFG731_2497a004dc6e1657,CFG731_2497a004dc6e1657,1.0,CORRECT_TOP1,0,,12,12,0,1,1,0,12,0,18.46411757135635,x731,false
RFQ731-003842,F731WD_DualChannel,CFG731_819cb4e76943eca6,CFG731_819cb4e76943eca6,1.0,CORRECT_TOP1,0,,9,9,0,4,4,0,9,0,32.30861569119556,F731WD_DualChannel,false
RFQ731-003843,x731,CFG731_9a5bfa9148a9b604,CFG731_9a5bfa9148a9b604,1.0,CORRECT_TOP1,0,,12,12,0,2,2,0,12,0,24.301017632302027,x731,false
RFQ731-003844,x731,CFG731_4346df46838fd57e,CFG731_bcb75237dcbc3975,3.0,TRUE_IN_TOP3,2,temperaturEingaenge|customUserFluid,11,11,0,3,3,0,11,0,20.361371770466807,x731,false
RFQ731-003845,x731,CFG731_70aa5a64b0803277,CFG731_70aa5a64b0803277,1.0,CORRECT_TOP1,0,,12,12,0,3,3,0,12,0,22.213238241696875,x731,false
RFQ731-003846,x731,CFG731_3b2a32abbf148ca1,CFG731_068dfb669c5d2e98,3.0,TRUE_IN_TOP3,2,stromEingaenge|customUserFluid,9,9,0,6,6,0,9,0,21.73844013926064,x731,false
RFQ731-003847,G731ST-LT,CFG731_c5da2661a169f82b,CFG731_c5da2661a169f82b,1.0,CORRECT_TOP1,0,,14,14,0,1,1,0,14,0,25.821145365161616,G731ST-LT,false
RFQ731-003848,G731CA,CFG731_508d465d4c518290,CFG731_508d465d4c518290,1.0,CORRECT_TOP1,0,,8,8,0,6,6,0,8,0,30.69915013693471,G731CA,false
RFQ731-003849,x731,CFG731_6b36d25fda044bf5,CFG731_9e13de19970e4646,2.0,TRUE_IN_TOP3,1,stromEingaenge,14,14,0,1,1,0,14,0,21.043106888523223,x731,false
RFQ731-003850,x731,CFG731_fe5ec1b0bcdbd396,CFG731_fe5ec1b0bcdbd396,1.0,CORRECT_TOP1,0,,12,12,0,1,1,0,12,0,18.35769321872853,x731,false
RFQ731-003851,F731PW,CFG731_7fea22051dcc86b6,CFG731_7fea22051dcc86b6,1.0,CORRECT_TOP1,0,,11,11,0,1,1,0,11,0,34.67118328099436,F731PW,false
RFQ731-003852,x731,CFG731_5ea309f998205da7,CFG731_d584b35cfce34cc7,4.0,TRUE_IN_TOP5,2,stromEingaenge|temperaturEingaenge,12,12,0,2,2,0,12,0,20.663377335195594,x731,false
RFQ731-003853,G731ST-HT,CFG731_a4416ae9d698efa6,CFG731_a4416ae9d698efa6,1.0,CORRECT_TOP1,0,,8,8,0,6,6,0,8,0,25.72347283305394,G731ST-HT,false
RFQ731-003854,x731,CFG731_f97e51d1da57d99f,CFG731_bf345eee1e43eaf0,2.0,TRUE_IN_TOP3,1,temperaturEingaenge,10,10,0,5,5,0,10,0,22.84784311579059,x731,false
RFQ731-003855,x731,CFG731_073f991a6c9a4683,CFG731_073f991a6c9a4683,1.0,CORRECT_TOP1,0,,13,13,0,4,4,0,13,0,24.493314532790684,x731,false
RFQ731-003856,F731TE,CFG731_ac57adca497d644f,CFG731_ac57adca497d644f,1.0,CORRECT_TOP1,0,,9,9,0,4,4,0,9,0,37.66588925450039,F731TE,false
RFQ731-003857,x731,CFG731_33fed5318b1a4f2f,CFG731_33fed5318b1a4f2f,1.0,CORRECT_TOP1,0,,12,12,0,3,3,0,12,0,22.855069102206816,x731,false
RFQ731-003858,G731CA,CFG731_d2a75fda6f761c1b,CFG731_d2a75fda6f761c1b,1.0,CORRECT_TOP1,0,,9,9,0,5,5,0,9,0,34.49260001542188,G731CA,false
RFQ731-003859,G731ST-LT,CFG731_d5af433b36265df1,CFG731_d5af433b36265df1,1.0,CORRECT_TOP1,0,,11,11,0,4,4,0,11,0,25.64301101461933,G731ST-LT,false
RFQ731-003860,x731,CFG731_4d7e108ea05eeb07,CFG731_4d7e108ea05eeb07,1.0,CORRECT_TOP1,0,,11,11,0,3,3,0,11,0,24.41540546526024,x731,false
RFQ731-003861,x731,CFG731_bf7f206c47d2ca18,CFG731_dd35920267346811,4.0,TRUE_IN_TOP5,1,stromSchaltbar,11,11,0,4,4,0,11,0,21.56557396283314,x731,false
RFQ731-003862,G731VG,CFG731_6a47b38d62a9fed3,CFG731_6a47b38d62a9fed3,1.0,CORRECT_TOP1,0,,12,12,0,3,3,0,12,0,38.92475428030488,G731VG,false
RFQ731-003863,x731,CFG731_ef2da8cd513b19be,CFG731_ef2da8cd513b19be,1.0,CORRECT_TOP1,0,,11,11,0,3,3,0,11,0,21.49668611583682,x731,false
RFQ731-003864,x731,CFG731_ee29f2335bd7638f,CFG731_ee29f2335bd7638f,1.0,CORRECT_TOP1,0,,13,13,0,2,2,0,13,0,23.01538841349461,x731,false
RFQ731-003865,G731CA,CFG731_98ec9650b5463fd0,CFG731_98ec9650b5463fd0,1.0,CORRECT_TOP1,0,,10,10,0,2,2,0,10,0,28.170110935086907,G731CA,false
RFQ731-003866,x731,CFG731_d9c736acc178c66d,CFG731_2d75c413dea7052f,6.0,TRUE_IN_TOP10,2,stromSchaltbar|dynamicGasMaster,10,10,0,4,4,0,10,0,20.21998056258416,x731,false
RFQ731-003867,x731,CFG731_77a90bfd81b5c2c1,CFG731_c62952cfd77a9c9c,2.0,TRUE_IN_TOP3,1,customUserFluid,10,10,0,4,4,0,10,0,20.32563389557461,x731,false
RFQ731-003868,x731,CFG731_a92ad5294d9187e9,CFG731_a92ad5294d9187e9,1.0,CORRECT_TOP1,0,,10,10,0,4,4,0,10,0,23.50920869932568,x731,false
RFQ731-003869,F731WD_DualChannel,CFG731_c37386a371e13fa8,CFG731_c37386a371e13fa8,1.0,CORRECT_TOP1,0,,9,9,0,3,3,0,9,0,30.890273125287308,F731WD_DualChannel,false
RFQ731-003870,x731,CFG731_c39096767a7ae083,CFG731_2009b1ab4cbc0ffb,2.0,TRUE_IN_TOP3,2,stromEingaenge|customUserFluid,9,9,0,6,6,0,9,0,21.780635203463618,x731,false
RFQ731-003871,G731ST-LT,CFG731_32b4b1ec4513af66,CFG731_68d95a26943b3650,2.0,TRUE_IN_TOP3,2,stromSchaltbar|temperaturEingaenge,12,12,0,2,2,0,12,0,24.12082663424291,G731ST-LT,false
RFQ731-003872,F731TE,CFG731_07fb816f7dc25bc8,CFG731_07fb816f7dc25bc8,1.0,CORRECT_TOP1,0,,10,10,0,3,3,0,10,0,33.41309765756593,F731TE,false
RFQ731-003873,x731,CFG731_260c36430f7c2d03,CFG731_260c36430f7c2d03,1.0,CORRECT_TOP1,0,,13,13,0,1,1,0,13,0,24.010745481975945,x731,false
RFQ731-003874,F731WD_DualChannel,CFG731_c0f6f70a47ed04ba,CFG731_166dd118cf42e953,2.0,TRUE_IN_TOP3,2,stromSchaltbar|binaerOpenColl_MP,10,10,0,0,0,0,10,0,25.486954166700123,F731WD_DualChannel,false
RFQ731-003875,x731,CFG731_26a55fc6510692e1,CFG731_bd00839e452c6958,5.0,TRUE_IN_TOP5,1,customUserFluid,11,11,0,2,2,0,11,0,18.902528998144003,x731,false
RFQ731-003876,x731,CFG731_e1c54b5b080fabb2,CFG731_e1c54b5b080fabb2,1.0,CORRECT_TOP1,0,,11,11,0,4,4,0,11,0,22.54390630712561,x731,false
RFQ731-003877,x731,CFG731_fe9a409c6b2ba9cc,CFG731_a84a367ef61c4e59,6.0,TRUE_IN_TOP10,2,stromSchaltbar|dev_advMeterVerification,9,9,0,4,4,0,9,0,18.903895625368044,x731,false
RFQ731-003878,F731WD_DualChannel,CFG731_819cb4e76943eca6,CFG731_37e3938c6089bb2d,2.0,TRUE_IN_TOP3,2,stromSchaltbar|binaerOpenColl_MP,7,7,0,4,4,0,7,0,23.304019990790596,F731WD_DualChannel,false
RFQ731-003879,G731CA,CFG731_757fbd3e8915b462,CFG731_757fbd3e8915b462,1.0,CORRECT_TOP1,0,,11,11,0,3,3,0,11,0,33.69134256155629,G731CA,false
RFQ731-003880,G731ST-LT,CFG731_cc47430fac8438be,CFG731_cc47430fac8438be,1.0,CORRECT_TOP1,0,,8,8,0,6,6,0,8,0,24.40203400214792,G731ST-LT,false
RFQ731-003881,G731ST-HT,CFG731_eb70dc35972dc4b7,CFG731_c759934398f2381a,2.0,TRUE_IN_TOP3,1,binaerDigitalOpenColl_MN,12,12,0,2,2,0,12,0,24.904484207716184,G731ST-HT,false
RFQ731-003882,x731,CFG731_ad0a2fd7350b6cca,CFG731_54f76cb8cac8d338,2.0,TRUE_IN_TOP3,2,dev_advMeterVerification|customUserFluid,12,12,0,3,3,0,12,0,22.26128134135876,x731,false
RFQ731-003883,G731ST-LT,CFG731_87d8ba5b87cf0a3f,CFG731_e1516ef53069d5e2,2.0,TRUE_IN_TOP3,1,stromEingaenge,10,10,0,4,4,0,10,0,24.07679277403509,G731ST-LT,false
RFQ731-003884,G731ST-LT,CFG731_d432b6fd40e9e78c,CFG731_13c87640928bf666,4.0,TRUE_IN_TOP5,1,stromEingaenge,10,10,0,3,3,0,10,0,23.054042778518514,G731ST-LT,false
RFQ731-003885,G731ST-LT,CFG731_32b4b1ec4513af66,CFG731_68d95a26943b3650,2.0,TRUE_IN_TOP3,2,stromSchaltbar|temperaturEingaenge,12,12,0,2,2,0,12,0,24.12082663424291,G731ST-LT,false
RFQ731-003886,F731WD_SingleChannel,CFG731_70b6eaf9262ca4d0,CFG731_70b6eaf9262ca4d0,1.0,CORRECT_TOP1,0,,8,8,0,5,5,0,8,0,30.762456252706688,F731WD_SingleChannel,false
RFQ731-003887,F731WD_SingleChannel,CFG731_9a761e6bfde35917,CFG731_9a761e6bfde35917,1.0,CORRECT_TOP1,0,,7,7,0,6,6,0,7,0,38.506254188817095,F731WD_SingleChannel,false
RFQ731-003888,G731CA,CFG731_7e4e2943182c4add,CFG731_04d132f563cdece8,2.0,TRUE_IN_TOP3,2,stromSchaltbar|binaerDigitalOpenColl_MN,8,8,0,4,4,0,8,0,28.24005367066773,G731CA,false
RFQ731-003889,G731ST-LT,CFG731_32b4b1ec4513af66,CFG731_58b9913d8024b015,5.0,TRUE_IN_TOP5,3,stromSchaltbar|stromEingaenge|temperaturEingaenge,10,10,0,3,3,0,10,0,22.70248406833466,G731ST-LT,false
RFQ731-003890,G731ST-LT,CFG731_8da1da530d6ae54d,CFG731_8da1da530d6ae54d,1.0,CORRECT_TOP1,0,,12,12,0,4,4,0,12,0,27.431661067739245,G731ST-LT,false
RFQ731-003891,x731,CFG731_5aad423ad5989441,CFG731_5aad423ad5989441,1.0,CORRECT_TOP1,0,,12,12,0,3,3,0,12,0,22.52751628918324,x731,false
RFQ731-003892,x731,CFG731_c6a3ff6155563d17,CFG731_c6a3ff6155563d17,1.0,CORRECT_TOP1,0,,12,12,0,3,3,0,12,0,22.31779444466436,x731,false
RFQ731-003893,x731,CFG731_9a0f0b26c7f24725,CFG731_9eee2266c8068ada,3.0,TRUE_IN_TOP3,1,dynamicGasMaster,11,11,0,4,4,0,11,0,22.168572617707632,x731,false
RFQ731-003894,x731,CFG731_c0f829ddab491342,CFG731_c0f829ddab491342,1.0,CORRECT_TOP1,0,,9,9,0,5,5,0,9,0,20.32479856532389,x731,false
RFQ731-003895,G731ST-LT,CFG731_515a31451814aae9,CFG731_515a31451814aae9,1.0,CORRECT_TOP1,0,,10,10,0,3,3,0,10,0,23.011847714315543,G731ST-LT,false
RFQ731-003896,x731,CFG731_33fed5318b1a4f2f,CFG731_7157b3d45716ad8f,2.0,TRUE_IN_TOP3,1,binaerOpenColl_MP,11,11,0,3,3,0,11,0,20.58200003606862,x731,false
RFQ731-003897,G731CA,CFG731_b43582909c828d95,CFG731_b43582909c828d95,1.0,CORRECT_TOP1,0,,7,7,0,5,5,0,7,0,21.956670308779955,G731CA,false
RFQ731-003898,G731ST-HT,CFG731_4aa7d46b9cfa7d7b,CFG731_ad49f2ad57627f46,2.0,TRUE_IN_TOP3,3,stromSchaltbar|stromEingaenge|temperaturEingaenge,13,13,0,0,0,0,13,0,24.14792620826305,G731ST-HT,false
RFQ731-003899,x731,CFG731_0fbee36816b7af98,CFG731_b74fb5418dad3b38,2.0,TRUE_IN_TOP3,1,stromEingaenge,14,14,0,2,2,0,14,0,23.346991855889964,x731,false
RFQ731-003900,x731,CFG731_633572f6d3593691,CFG731_633572f6d3593691,1.0,CORRECT_TOP1,0,,9,9,0,5,5,0,9,0,21.71660692388405,x731,false
RFQ731-003901,G731CA,CFG731_495876b6233d3864,CFG731_495876b6233d3864,1.0,CORRECT_TOP1,0,,11,11,0,3,3,0,11,0,35.628547197002995,G731CA,false
RFQ731-003902,x731,CFG731_620cb319c2b7c332,CFG731_7ea9692d4e5b6d1c,9.0,TRUE_IN_TOP10,1,binaerOpenColl_MP,9,9,0,5,5,0,9,0,18.39418416988647,x731,false
RFQ731-003903,x731,CFG731_81fb6648eb2086c4,CFG731_81fb6648eb2086c4,1.0,CORRECT_TOP1,0,,11,11,0,1,1,0,11,0,19.196620571245365,x731,false
RFQ731-003904,x731,CFG731_9fd2ebe15271fc33,CFG731_9fd2ebe15271fc33,1.0,CORRECT_TOP1,0,,9,9,0,6,6,0,9,0,22.63043973002991,x731,false
RFQ731-003905,x731,CFG731_fa2849b259355775,CFG731_0dc23d4863b02213,6.0,TRUE_IN_TOP10,2,stromEingaenge|binaerOpenColl_MP,9,9,0,4,4,0,9,0,19.277897667734592,x731,false
RFQ731-003906,x731,CFG731_8c8856d21252930e,CFG731_6472ab3bf7316498,3.0,TRUE_IN_TOP3,1,binaerOpenColl_MP,10,10,0,3,3,0,10,0,21.002259722229663,x731,false
RFQ731-003907,x731,CFG731_357a7724550c556f,CFG731_172c288e777d2259,7.0,TRUE_IN_TOP10,2,stromEingaenge|binaerOpenColl_MP,9,9,0,4,4,0,9,0,17.486306135725535,x731,false
RFQ731-003908,x731,CFG731_11a99741e1f7cce9,CFG731_11a99741e1f7cce9,1.0,CORRECT_TOP1,0,,10,10,0,4,4,0,10,0,24.06384675507638,x731,false
RFQ731-003909,x731,CFG731_2322a268d0a898f9,CFG731_631dadb7c0c7adf5,3.0,TRUE_IN_TOP3,1,stromEingaenge,11,11,0,3,3,0,11,0,20.627317924834923,x731,false
RFQ731-003910,G731ST-LT,CFG731_32b4b1ec4513af66,CFG731_0d6df01ace2df68d,10.0,TRUE_IN_TOP10,3,stromSchaltbar|temperaturEingaenge|binaerOpenColl_MP,10,10,0,3,3,0,10,0,21.847757568104715,G731ST-LT,false
RFQ731-003911,G731ST-LT,CFG731_3c070a82e4102784,CFG731_00533f723f7496de,4.0,TRUE_IN_TOP5,1,temperaturEingaenge,13,13,0,1,1,0,13,0,24.580168352690205,G731ST-LT,false
RFQ731-003912,G731ST-LT,CFG731_87d8ba5b87cf0a3f,CFG731_77fac91021549398,3.0,TRUE_IN_TOP3,2,temperaturEingaenge|binaerDigitalOpenColl_MN,10,10,0,3,3,0,10,0,22.1571212140856,G731ST-LT,false
RFQ731-003913,x731,CFG731_8d07e19298d09d34,CFG731_4158c57c64fd4dcc,3.0,TRUE_IN_TOP3,2,temperaturEingaenge|binaerOpenColl_MP,9,9,0,5,5,0,9,0,20.293566681747382,x731,false
RFQ731-003914,x731,CFG731_f97e51d1da57d99f,CFG731_952a687c71f51b58,6.0,TRUE_IN_TOP10,3,stromEingaenge|temperaturEingaenge|dev_advMeterVerification,8,8,0,5,5,0,8,0,20.341826049402822,x731,false
RFQ731-003915,F731PW,CFG731_92efd7a3c43da152,CFG731_4b26dfbafad76131,3.0,TRUE_IN_TOP3,1,binaerOpenColl_MP,7,7,0,4,4,0,7,0,28.11975652302703,F731PW,false
RFQ731-003916,G731ST-LT,CFG731_c050936f4a70e2a0,CFG731_4664eb01d8e0d814,7.0,TRUE_IN_TOP10,2,stromEingaenge|binaerDigitalOpenColl_MN,10,10,0,3,3,0,10,0,22.206133658006777,G731ST-LT,false
RFQ731-003917,x731,CFG731_dbfcde407c4d2524,CFG731_dbfcde407c4d2524,1.0,CORRECT_TOP1,0,,10,10,0,4,4,0,10,0,21.97733225373197,x731,false
RFQ731-003918,x731,CFG731_b7e96d5717c40fd6,CFG731_b7e96d5717c40fd6,1.0,CORRECT_TOP1,0,,12,12,0,5,5,0,12,0,24.04675919067052,x731,false
RFQ731-003919,G731ST-LT,CFG731_750dd83a06ba43cb,CFG731_750dd83a06ba43cb,1.0,CORRECT_TOP1,0,,11,11,0,4,4,0,11,0,25.785407490269424,G731ST-LT,false
RFQ731-003920,F731TE,CFG731_31d150421c4341a3,CFG731_31d150421c4341a3,1.0,CORRECT_TOP1,0,,8,8,0,3,3,0,8,0,30.27739572816512,F731TE,false
RFQ731-003921,x731,CFG731_6204dd6ea742eb13,CFG731_6204dd6ea742eb13,1.0,CORRECT_TOP1,0,,12,12,0,2,2,0,12,0,20.67931104855829,x731,false
RFQ731-003922,x731,CFG731_4346df46838fd57e,CFG731_63bbe1210f9fb0c1,2.0,TRUE_IN_TOP3,1,dev_advMeterVerification,13,13,0,2,2,0,13,0,21.69702531607684,x731,false
RFQ731-003923,x731,CFG731_31d0a0df66872bf7,CFG731_31d0a0df66872bf7,1.0,CORRECT_TOP1,0,,11,11,0,5,5,0,11,0,23.95308484150772,x731,false
RFQ731-003924,x731,CFG731_6526112621a9ee97,CFG731_eb61aaa216c2435b,3.0,TRUE_IN_TOP3,2,dynamicGasMaster|customUserFluid,9,9,0,4,4,0,9,0,18.335435946749367,x731,false
RFQ731-003925,G731ST-LT,CFG731_e03b41992c837b34,CFG731_e03b41992c837b34,1.0,CORRECT_TOP1,0,,11,11,0,4,4,0,11,0,25.32606577182213,G731ST-LT,false
RFQ731-003926,x731,CFG731_2683cf7e09782f5e,CFG731_5362e45ac22e6417,7.0,TRUE_IN_TOP10,2,stromSchaltbar|binaerDigitalOpenColl_MN,11,11,0,3,3,0,11,0,19.19153926814972,x731,false
RFQ731-003927,x731,CFG731_de1ec1b96e1e485e,CFG731_de1ec1b96e1e485e,1.0,CORRECT_TOP1,0,,13,13,0,2,2,0,13,0,21.69314126656624,x731,false
RFQ731-003928,x731,CFG731_fb16e30f5bbb87f2,CFG731_5f2fdad66cde083e,3.0,TRUE_IN_TOP3,1,temperaturEingaenge,12,12,0,2,2,0,12,0,21.32381993940932,x731,false
RFQ731-003929,x731,CFG731_dbb266760a8c89df,CFG731_dbb266760a8c89df,1.0,CORRECT_TOP1,0,,8,8,0,6,6,0,8,0,20.645082440170203,x731,false
RFQ731-003930,x731,CFG731_700e5b0584a9b0fc,CFG731_0de2f6a333d94863,,TRUE_UNRANKED,1,binaerDigitalOpenColl_MN,7,7,0,5,5,0,7,0,16.5904306441272,x731,false
RFQ731-003931,G731CA,CFG731_495876b6233d3864,CFG731_495876b6233d3864,1.0,CORRECT_TOP1,0,,13,13,0,1,1,0,13,0,35.628547197002995,G731CA,false
RFQ731-003932,x731,CFG731_7ffc09802c7b60bf,CFG731_cf0d36d335e0ac93,2.0,TRUE_IN_TOP3,2,temperaturEingaenge|dynamicGasMaster,10,10,0,4,4,0,10,0,19.44536771920805,x731,false
RFQ731-003933,x731,CFG731_296392aa95929245,CFG731_9a6bb2143f8f76ed,4.0,TRUE_IN_TOP5,1,binaerDigitalOpenColl_MN,8,8,0,5,5,0,8,0,18.12091100981925,x731,false
RFQ731-003934,x731,CFG731_fa2849b259355775,CFG731_e639b12fcf678c13,2.0,TRUE_IN_TOP3,2,dev_advMeterVerification|customUserFluid,11,11,0,2,2,0,11,0,20.813523963257605,x731,false
RFQ731-003935,G731CA,CFG731_e85a7fcdd0521e90,CFG731_e85a7fcdd0521e90,1.0,CORRECT_TOP1,0,,8,8,0,4,4,0,8,0,21.84453250899616,G731CA,false
RFQ731-003936,x731,CFG731_c6a3ff6155563d17,CFG731_c6a3ff6155563d17,1.0,CORRECT_TOP1,0,,10,10,0,5,5,0,10,0,22.31779444466436,x731,false
RFQ731-003937,F731TE,CFG731_a72f99e8160efda6,CFG731_a72f99e8160efda6,1.0,CORRECT_TOP1,0,,10,10,0,3,3,0,10,0,39.06972717643011,F731TE,false
RFQ731-003938,x731,CFG731_83f956404d04e6cd,CFG731_b5a071e920590337,3.0,TRUE_IN_TOP3,2,stromSchaltbar|temperaturEingaenge,12,12,0,3,3,0,12,0,22.45757355360241,x731,false
RFQ731-003939,G731ST-LT,CFG731_715a3d3226cbaffd,CFG731_715a3d3226cbaffd,1.0,CORRECT_TOP1,0,,14,14,0,2,2,0,14,0,27.06135358052758,G731ST-LT,false
RFQ731-003940,G731ST-LT,CFG731_d3e51804db148a52,CFG731_d3e51804db148a52,1.0,CORRECT_TOP1,0,,11,11,0,3,3,0,11,0,24.2877938045737,G731ST-LT,false
RFQ731-003941,G731ST-LT,CFG731_87d8ba5b87cf0a3f,CFG731_d3944f427f0609b6,3.0,TRUE_IN_TOP3,1,temperaturEingaenge,10,10,0,4,4,0,10,0,24.139918129897712,G731ST-LT,false
RFQ731-003942,x731,CFG731_1147f9711c4bff84,CFG731_1434e7eedafa69d1,2.0,TRUE_IN_TOP3,1,stromSchaltbar,10,10,0,3,3,0,10,0,22.62660777675633,x731,false
RFQ731-003943,G731CA,CFG731_dc8a3bad7d99b8ea,CFG731_dc8a3bad7d99b8ea,1.0,CORRECT_TOP1,0,,8,8,0,4,4,0,8,0,26.99196868930281,G731CA,false
RFQ731-003944,G731ST-HT,CFG731_8fd0ed37b442c386,CFG731_168475c8045761e7,4.0,TRUE_IN_TOP5,1,stromEingaenge,12,12,0,2,2,0,12,0,25.12440501576341,G731ST-HT,false
RFQ731-003945,x731,CFG731_2a8793475d827bb6,CFG731_f2984ef18273dd81,5.0,TRUE_IN_TOP5,2,temperaturEingaenge|binaerDigitalOpenColl_MN,8,8,0,5,5,0,8,0,19.29672556160381,x731,false
RFQ731-003946,x731,CFG731_baea6ba4f05ba964,CFG731_baea6ba4f05ba964,1.0,CORRECT_TOP1,0,,13,13,0,0,0,0,13,0,19.72153886319785,x731,false
RFQ731-003947,x731,CFG731_516629085c122a4e,CFG731_5718ef9495972b30,2.0,TRUE_IN_TOP3,1,stromSchaltbar,11,11,0,4,4,0,11,0,21.346787335893197,x731,false
RFQ731-003948,x731,CFG731_6bdadac99b2f7b39,CFG731_4cb12f26dcf6f797,3.0,TRUE_IN_TOP3,1,stromSchaltbar,11,11,0,4,4,0,11,0,20.75964227485068,x731,false
RFQ731-003949,G731ST-LT,CFG731_d3e51804db148a52,CFG731_d3e51804db148a52,1.0,CORRECT_TOP1,0,,11,11,0,3,3,0,11,0,24.2877938045737,G731ST-LT,false
RFQ731-003950,G731ST-LT,CFG731_32b4b1ec4513af66,CFG731_3ebdd541d6efe614,2.0,TRUE_IN_TOP3,1,stromEingaenge,10,10,0,5,5,0,10,0,25.51178171918073,G731ST-LT,false
RFQ731-003951,G731ST-HT,CFG731_076cad91966d4c34,CFG731_076cad91966d4c34,1.0,CORRECT_TOP1,0,,11,11,0,5,5,0,11,0,28.24433712957877,G731ST-HT,false
RFQ731-003952,x731,CFG731_7308ee8503151ef3,CFG731_4fa965828957289a,4.0,TRUE_IN_TOP5,2,stromSchaltbar|customUserFluid,11,11,0,4,4,0,11,0,21.562408186508776,x731,false
RFQ731-003953,G731CA,CFG731_2aca30183aab25a9,CFG731_2aca30183aab25a9,1.0,CORRECT_TOP1,0,,12,12,0,2,2,0,12,0,30.389786490953828,G731CA,false
RFQ731-003954,x731,CFG731_a70e307c2ffca857,CFG731_695e540255cc94da,3.0,TRUE_IN_TOP3,1,binaerOpenColl_MP,9,9,0,4,4,0,9,0,20.845676825068484,x731,false
RFQ731-003955,F731TE,CFG731_31d150421c4341a3,CFG731_31d150421c4341a3,1.0,CORRECT_TOP1,0,,9,9,0,2,2,0,9,0,30.27739572816512,F731TE,false
RFQ731-003956,x731,CFG731_c87cb45e3d711af0,CFG731_be2582bdf5536cbf,9.0,TRUE_IN_TOP10,1,dynamicGasMaster,8,8,0,5,5,0,8,0,19.59526649915168,x731,false
RFQ731-003957,G731ST-HT,CFG731_1a1206cc52132df1,CFG731_1a1206cc52132df1,1.0,CORRECT_TOP1,0,,12,12,0,3,3,0,12,0,26.43060978188787,G731ST-HT,false
RFQ731-003958,x731,CFG731_8af4adfbdf504482,CFG731_8af4adfbdf504482,1.0,CORRECT_TOP1,0,,11,11,0,3,3,0,11,0,23.651532788209177,x731,false
RFQ731-003959,x731,CFG731_28ac43a93658ad6b,CFG731_aa82c10f35e81f8d,2.0,TRUE_IN_TOP3,1,customUserFluid,13,13,0,2,2,0,13,0,22.12890294737964,x731,false
RFQ731-003960,x731,CFG731_20e62aeb01c953da,CFG731_20e62aeb01c953da,1.0,CORRECT_TOP1,0,,13,13,0,3,3,0,13,0,22.99872411197393,x731,false
RFQ731-003961,x731,CFG731_1f978c234895178c,CFG731_338a3238e967f681,3.0,TRUE_IN_TOP3,1,binaerOpenColl_MP,14,14,0,1,1,0,14,0,20.074140190719067,x731,false
RFQ731-003962,G731ST-HT,CFG731_3f42c988dc83cb23,CFG731_37f37296c515d083,3.0,TRUE_IN_TOP3,1,stromSchaltbar,10,10,0,4,4,0,10,0,25.71624684663771,G731ST-HT,false
RFQ731-003963,x731,CFG731_fa063863b8688588,CFG731_fa063863b8688588,1.0,CORRECT_TOP1,0,,10,10,0,4,4,0,10,0,21.47712245140122,x731,false
RFQ731-003964,F731WD_SingleChannel,CFG731_11c93eca01984a14,CFG731_0be7d6198235486b,2.0,TRUE_IN_TOP3,2,stromSchaltbar|binaerOpenColl_MP,10,10,0,1,1,0,10,0,25.359137294119503,F731WD_SingleChannel,false
RFQ731-003965,x731,CFG731_2683cf7e09782f5e,CFG731_5362e45ac22e6417,7.0,TRUE_IN_TOP10,2,stromSchaltbar|binaerDigitalOpenColl_MN,8,8,0,6,6,0,8,0,19.19153926814972,x731,false
RFQ731-003966,F731TE,CFG731_3fe2202b70f330b1,CFG731_3fe2202b70f330b1,1.0,CORRECT_TOP1,0,,9,9,0,4,4,0,9,0,39.212048692989256,F731TE,false
RFQ731-003967,G731ST-HT,CFG731_a56f1437a0b4ca31,CFG731_e489ae1a5426e276,2.0,TRUE_IN_TOP3,1,stromSchaltbar,9,9,0,6,6,0,9,0,26.959326256899544,G731ST-HT,false
RFQ731-003968,x731,CFG731_241d60e6ef5278be,CFG731_92fbdd06b7923fc1,2.0,TRUE_IN_TOP3,2,stromSchaltbar|temperaturEingaenge,11,11,0,3,3,0,11,0,20.14154819831397,x731,false
RFQ731-003969,F731WD_DualChannel,CFG731_8281908b452128f3,CFG731_8281908b452128f3,1.0,CORRECT_TOP1,0,,9,9,0,4,4,0,9,0,32.15863761872915,F731WD_DualChannel,false
RFQ731-003970,G731ST-HT,CFG731_076cad91966d4c34,CFG731_076cad91966d4c34,1.0,CORRECT_TOP1,0,,13,13,0,3,3,0,13,0,28.24433712957877,G731ST-HT,false
RFQ731-003971,x731,CFG731_37c55138c4eebb90,CFG731_37c55138c4eebb90,1.0,CORRECT_TOP1,0,,13,13,0,3,3,0,13,0,22.72987044600936,x731,false
RFQ731-003972,x731,CFG731_482678d927834b42,CFG731_9d5d3b4d2ce8a49a,2.0,TRUE_IN_TOP3,1,binaerOpenColl_MP,10,10,0,3,3,0,10,0,20.80473417066548,x731,false
RFQ731-003973,G731CA,CFG731_19ec976991ce75a9,CFG731_19ec976991ce75a9,1.0,CORRECT_TOP1,0,,10,10,0,4,4,0,10,0,33.8413206340227,G731CA,false
RFQ731-003974,x731,CFG731_d779331ce0b0c6c1,CFG731_019ca39d01857aa6,2.0,TRUE_IN_TOP3,1,dev_advMeterVerification,9,9,0,6,6,0,9,0,21.677933820422037,x731,false
RFQ731-003975,x731,CFG731_557eff71f11cfc98,CFG731_557eff71f11cfc98,1.0,CORRECT_TOP1,0,,12,12,0,2,2,0,12,0,20.70804295918484,x731,false
RFQ731-003976,x731,CFG731_9e4fccece4d272d3,CFG731_923f6cb4226dc2a4,6.0,TRUE_IN_TOP10,2,stromEingaenge|temperaturEingaenge,10,10,0,4,4,0,10,0,19.923881210767718,x731,false
RFQ731-003977,G731ST-HT,CFG731_288e4c99b4e02895,CFG731_fab0d81b6a0ca4e0,,TRUE_UNRANKED,1,binaerDigitalOpenColl_MN,10,10,0,3,3,0,10,0,23.047730215020284,G731ST-HT,false
RFQ731-003978,F731TE,CFG731_d8c69b7395beabbb,CFG731_d8c69b7395beabbb,1.0,CORRECT_TOP1,0,,8,8,0,5,5,0,8,0,38.80183643608151,F731TE,false
RFQ731-003979,x731,CFG731_8c8856d21252930e,CFG731_6472ab3bf7316498,3.0,TRUE_IN_TOP3,1,binaerOpenColl_MP,12,12,0,1,1,0,12,0,21.002259722229663,x731,false
RFQ731-003980,x731,CFG731_219ac3d01befd6d1,CFG731_3d79b5ed69541acc,6.0,TRUE_IN_TOP10,2,stromEingaenge|binaerOpenColl_MP,10,10,0,4,4,0,10,0,19.39972829497327,x731,false
RFQ731-003981,G731ST-LT,CFG731_49cd4cbef1081333,CFG731_e67173c88f9460f6,5.0,TRUE_IN_TOP5,2,temperaturEingaenge|binaerDigitalOpenColl_MN,9,9,0,4,4,0,9,0,21.697779495638304,G731ST-LT,false
RFQ731-003982,x731,CFG731_782675d8823078bc,CFG731_8e2d07b105a096f1,4.0,TRUE_IN_TOP5,1,stromEingaenge,12,12,0,3,3,0,12,0,21.866567052978844,x731,false
RFQ731-003983,G731ST-HT,CFG731_a3b03637ed22317c,CFG731_dde2f7fe043f7ade,2.0,TRUE_IN_TOP3,1,stromEingaenge,9,9,0,6,6,0,9,0,26.845086059325325,G731ST-HT,false
RFQ731-003984,x731,CFG731_efc9d6b915117e15,CFG731_b1531976c0d80b4a,3.0,TRUE_IN_TOP3,1,customUserFluid,10,10,0,4,4,0,10,0,20.14534480662026,x731,false
RFQ731-003985,G731ST-HT,CFG731_bbffb73f3dff6787,CFG731_bbffb73f3dff6787,1.0,CORRECT_TOP1,0,,13,13,0,3,3,0,13,0,28.55370077555966,G731ST-HT,false
RFQ731-003986,G731ST-LT,CFG731_e0009be417f51ccd,CFG731_e0009be417f51ccd,1.0,CORRECT_TOP1,0,,13,13,0,3,3,0,13,0,27.239487931069867,G731ST-LT,false
RFQ731-003987,x731,CFG731_353333bad447dbef,CFG731_d88bbd7a9dc2c859,6.0,TRUE_IN_TOP10,2,stromSchaltbar|customUserFluid,10,10,0,3,3,0,10,0,19.8313410427122,x731,false
RFQ731-003988,x731,CFG731_782675d8823078bc,CFG731_8e2d07b105a096f1,4.0,TRUE_IN_TOP5,1,stromEingaenge,11,11,0,4,4,0,11,0,21.866567052978844,x731,false
RFQ731-003989,G731ST-LT,CFG731_49cd4cbef1081333,CFG731_5be9d749d8317fd3,2.0,TRUE_IN_TOP3,1,temperaturEingaenge,6,6,0,8,8,0,6,0,23.680576411450417,G731ST-LT,false
RFQ731-003990,F731TE,CFG731_31d150421c4341a3,CFG731_31d150421c4341a3,1.0,CORRECT_TOP1,0,,8,8,0,3,3,0,8,0,30.27739572816512,F731TE,false
RFQ731-003991,x731,CFG731_8c50542218db5cb0,CFG731_5bb390da70b6fee3,2.0,TRUE_IN_TOP3,1,stromEingaenge,10,10,0,5,5,0,10,0,22.063260169230468,x731,false
RFQ731-003992,x731,CFG731_5cfa203ca7029f1c,CFG731_f2afd0b311942daf,2.0,TRUE_IN_TOP3,1,temperaturEingaenge,13,13,0,2,2,0,13,0,21.911927893506185,x731,false
RFQ731-003993,x731,CFG731_a9ec8cda9130252f,CFG731_a9ec8cda9130252f,1.0,CORRECT_TOP1,0,,11,11,0,3,3,0,11,0,21.61092631341104,x731,false
RFQ731-003994,G731CA,CFG731_4af82641f975d9aa,CFG731_4af82641f975d9aa,1.0,CORRECT_TOP1,0,,6,6,0,6,6,0,6,0,27.10410648908661,G731CA,false
RFQ731-003995,x731,CFG731_5be5a82ac0b29989,CFG731_5be5a82ac0b29989,1.0,CORRECT_TOP1,0,,13,13,0,0,0,0,13,0,22.247869374211067,x731,false
RFQ731-003996,F731TE,CFG731_574aa7a29f75cd60,CFG731_574aa7a29f75cd60,1.0,CORRECT_TOP1,0,,9,9,0,4,4,0,9,0,35.46079387870506,F731TE,false
RFQ731-003997,F731WD_SingleChannel,CFG731_70b6eaf9262ca4d0,CFG731_400b0d973c930668,2.0,TRUE_IN_TOP3,2,stromSchaltbar|binaerOpenColl_MP,9,9,0,2,2,0,9,0,21.75786055230172,F731WD_SingleChannel,false
RFQ731-003998,G731CA,CFG731_5bfe9492c76587ec,CFG731_9cc92f888af32c8a,2.0,TRUE_IN_TOP3,2,stromSchaltbar|binaerDigitalOpenColl_MN,8,8,0,4,4,0,8,0,25.557947050597736,G731CA,false
RFQ731-003999,F731TE,CFG731_3794187f0a0c3133,CFG731_3794187f0a0c3133,1.0,CORRECT_TOP1,0,,11,11,0,2,2,0,11,0,38.71051191033899,F731TE,false
RFQ731-004000,x731,CFG731_54b63f2628adfc32,CFG731_bac2c72e10051b21,2.0,TRUE_IN_TOP3,1,stromEingaenge,7,7,0,7,7,0,7,0,20.00505072876058,x731,false
RFQ731-004001,x731,CFG731_7630270d2245c283,CFG731_804fd97f3e73ed8a,5.0,TRUE_IN_TOP5,1,binaerOpenColl_MP,7,7,0,8,8,0,7,0,21.033691711497102,x731,false
RFQ731-004002,G731CA,CFG731_817824ee3a762453,CFG731_817824ee3a762453,1.0,CORRECT_TOP1,0,,11,11,0,3,3,0,11,0,30.89132327360409,G731CA,false
RFQ731-004003,x731,CFG731_608c0251ef380592,CFG731_608c0251ef380592,1.0,CORRECT_TOP1,0,,13,13,0,3,3,0,13,0,24.273411668115067,x731,false
RFQ731-004004,x731,CFG731_cf543b1c3927ab71,CFG731_ede0b25f5f83644d,2.0,TRUE_IN_TOP3,3,stromSchaltbar|temperaturEingaenge|dev_advMeterVerification,11,11,0,2,2,0,11,0,20.156110102044224,x731,false
RFQ731-004005,x731,CFG731_a59cc7e57b856164,CFG731_5feb84333ab424ba,2.0,TRUE_IN_TOP3,1,stromSchaltbar,11,11,0,3,3,0,11,0,21.173841866942915,x731,false
RFQ731-004006,x731,CFG731_8d07e19298d09d34,CFG731_5f4002ede5e39c69,7.0,TRUE_IN_TOP10,3,stromSchaltbar|temperaturEingaenge|dev_advMeterVerification,12,12,0,1,1,0,12,0,20.024880806605623,x731,false
RFQ731-004007,x731,CFG731_32a4bb12438a37ab,CFG731_32a4bb12438a37ab,1.0,CORRECT_TOP1,0,,11,11,0,6,6,0,11,0,25.1868358675629,x731,false
RFQ731-004008,x731,CFG731_62d0f0f6bab9bdcb,CFG731_62d0f0f6bab9bdcb,1.0,CORRECT_TOP1,0,,11,11,0,5,5,0,11,0,23.13333499122269,x731,false
RFQ731-004009,x731,CFG731_1f978c234895178c,CFG731_6f04889a74b0dabc,2.0,TRUE_IN_TOP3,1,temperaturEingaenge,8,8,0,7,7,0,8,0,20.991992046811628,x731,false
RFQ731-004010,x731,CFG731_8c50542218db5cb0,CFG731_8ade52b2e74d0235,3.0,TRUE_IN_TOP3,2,stromSchaltbar|stromEingaenge,12,12,0,2,2,0,12,0,20.60917972843003,x731,false
RFQ731-004011,x731,CFG731_94be99d48ade0efb,CFG731_4065adeeb89ecb2b,6.0,TRUE_IN_TOP10,2,stromEingaenge|customUserFluid,11,11,0,3,3,0,11,0,19.88034976788576,x731,false
RFQ731-004012,F731PW,CFG731_f9fd6a4462ec051a,CFG731_10e74d757a2fa2a6,2.0,TRUE_IN_TOP3,1,binaerDigitalOpenColl_MN,10,10,0,1,1,0,10,0,27.47220172608201,F731PW,false
RFQ731-004013,x731,CFG731_78d3b084a795c836,CFG731_c2add1f921eaf8c0,2.0,TRUE_IN_TOP3,1,dynamicGasMaster,14,14,0,2,2,0,14,0,22.67306443409841,x731,false
RFQ731-004014,F731TE,CFG731_54559f782190a122,CFG731_54559f782190a122,1.0,CORRECT_TOP1,0,,13,13,0,0,0,0,13,0,34.9592570960548,F731TE,false
RFQ731-004015,x731,CFG731_c775e192f3d489e9,CFG731_c775e192f3d489e9,1.0,CORRECT_TOP1,0,,12,12,0,2,2,0,12,0,23.09283964630521,x731,false
RFQ731-004016,G731ST-HT,CFG731_7c70763d4cf79560,CFG731_b46f92852addf866,3.0,TRUE_IN_TOP3,1,stromEingaenge,11,11,0,3,3,0,11,0,25.05446228018259,G731ST-HT,false
RFQ731-004017,F731WD_SingleChannel,CFG731_a7d2a5a9ae465701,CFG731_ee8e327bbb737abf,2.0,TRUE_IN_TOP3,2,stromSchaltbar|binaerOpenColl_MP,8,8,0,3,3,0,8,0,25.90038174659436,F731WD_SingleChannel,false
RFQ731-004018,G731ST-LT,CFG731_c050936f4a70e2a0,CFG731_2a738780f0517f67,2.0,TRUE_IN_TOP3,1,stromEingaenge,8,8,0,6,6,0,8,0,24.18893057381889,G731ST-LT,false
RFQ731-004019,G731ST-HT,CFG731_cc9ac35e4d9a1854,CFG731_cc9ac35e4d9a1854,1.0,CORRECT_TOP1,0,,14,14,0,2,2,0,14,0,28.305623689436548,G731ST-HT,false
RFQ731-004020,x731,CFG731_40e06ca56bd88fa1,CFG731_a2369b4e4d48ee5d,3.0,TRUE_IN_TOP3,1,stromSchaltbar,11,11,0,4,4,0,11,0,23.03495207793021,x731,false
RFQ731-004021,F731TE,CFG731_8b8ba7e2341f1295,CFG731_b7c1a02b25610507,2.0,TRUE_IN_TOP3,2,stromSchaltbar|binaerOpenColl_MP,9,9,0,2,2,0,9,0,28.619098489892448,F731TE,false
RFQ731-004022,x731,CFG731_4fe142d593643ab8,CFG731_4fe142d593643ab8,1.0,CORRECT_TOP1,0,,10,10,0,4,4,0,10,0,21.028220012767903,x731,false
RFQ731-004023,G731CA,CFG731_757fbd3e8915b462,CFG731_757fbd3e8915b462,1.0,CORRECT_TOP1,0,,11,11,0,3,3,0,11,0,33.69134256155629,G731CA,false
RFQ731-004024,x731,CFG731_565e3731063ff5c5,CFG731_9447ab27cf261b9e,2.0,TRUE_IN_TOP3,1,binaerOpenColl_MP,9,9,0,4,4,0,9,0,22.29231447158845,x731,false
RFQ731-004025,G731CA,CFG731_98ec9650b5463fd0,CFG731_98ec9650b5463fd0,1.0,CORRECT_TOP1,0,,10,10,0,2,2,0,10,0,28.170110935086907,G731CA,false
RFQ731-004026,G731ST-LT,CFG731_a57ffd88d58eb498,CFG731_fa6ab94f1cf566b3,3.0,TRUE_IN_TOP3,1,binaerDigitalOpenColl_MN,9,9,0,5,5,0,9,0,23.590271363226396,G731ST-LT,false
RFQ731-004027,G731ST-LT,CFG731_1d89d7fdc7355744,CFG731_1d89d7fdc7355744,1.0,CORRECT_TOP1,0,,12,12,0,3,3,0,12,0,26.013318501830994,G731ST-LT,false
RFQ731-004028,x731,CFG731_b9b5d9aed8259a39,CFG731_b9b5d9aed8259a39,1.0,CORRECT_TOP1,0,,10,10,0,3,3,0,10,0,22.05512825852524,x731,false
RFQ731-004029,G731ST-LT,CFG731_49cd4cbef1081333,CFG731_49cd4cbef1081333,1.0,CORRECT_TOP1,0,,12,12,0,3,3,0,12,0,25.035793621496047,G731ST-LT,false
RFQ731-004030,x731,CFG731_e1c54b5b080fabb2,CFG731_39a1207c373ce8a2,3.0,TRUE_IN_TOP3,2,stromEingaenge|temperaturEingaenge,8,8,0,5,5,0,8,0,19.77034653117173,x731,false
RFQ731-004031,x731,CFG731_e4f7fe15e8ccf2c9,CFG731_e4f7fe15e8ccf2c9,1.0,CORRECT_TOP1,0,,9,9,0,5,5,0,9,0,20.741558122409145,x731,false
RFQ731-004032,F731TE,CFG731_ac57adca497d644f,CFG731_ac57adca497d644f,1.0,CORRECT_TOP1,0,,11,11,0,2,2,0,11,0,37.66588925450039,F731TE,false
RFQ731-004033,x731,CFG731_d9c736acc178c66d,CFG731_4b7f2cba3cb67912,3.0,TRUE_IN_TOP3,1,dev_advMeterVerification,14,14,0,1,1,0,14,0,22.26634252373768,x731,false
RFQ731-004034,G731ST-HT,CFG731_4aa7d46b9cfa7d7b,CFG731_83a3644f76b45069,2.0,TRUE_IN_TOP3,1,stromEingaenge,12,12,0,3,3,0,12,0,26.95722385910912,G731ST-HT,false
RFQ731-004035,x731,CFG731_8189439864af87ea,CFG731_8189439864af87ea,1.0,CORRECT_TOP1,0,,11,11,0,3,3,0,11,0,23.20497744608901,x731,false
RFQ731-004036,x731,CFG731_8c8856d21252930e,CFG731_bf8f7d1a25ad0a6e,2.0,TRUE_IN_TOP3,1,stromSchaltbar,9,9,0,4,4,0,9,0,21.821248347567412,x731,false
RFQ731-004037,G731ST-LT,CFG731_32b4b1ec4513af66,CFG731_903051672b581bab,3.0,TRUE_IN_TOP3,1,binaerOpenColl_MP,12,12,0,3,3,0,12,0,24.657055218950784,G731ST-LT,false
RFQ731-004038,G731CA,CFG731_757fbd3e8915b462,CFG731_757fbd3e8915b462,1.0,CORRECT_TOP1,0,,8,8,0,6,6,0,8,0,33.69134256155629,G731CA,false
RFQ731-004039,G731ST-LT,CFG731_0e146b48e4ed8b98,CFG731_0e146b48e4ed8b98,1.0,CORRECT_TOP1,0,,10,10,0,5,5,0,10,0,25.07153149638824,G731ST-LT,false
RFQ731-004040,x731,CFG731_f97e51d1da57d99f,CFG731_9b7849ea5c974903,2.0,TRUE_IN_TOP3,2,stromSchaltbar|customUserFluid,10,10,0,4,4,0,10,0,21.680869048991863,x731,false
RFQ731-004041,x731,CFG731_59f11353d30c03ee,CFG731_c725c1a52aab3a73,2.0,TRUE_IN_TOP3,1,dynamicGasMaster,11,11,0,4,4,0,11,0,21.240835152046174,x731,false
RFQ731-004042,x731,CFG731_1f2a166cde9ede02,CFG731_1f2a166cde9ede02,1.0,CORRECT_TOP1,0,,10,10,0,4,4,0,10,0,22.80938224522579,x731,false
RFQ731-004043,G731CA,CFG731_e85a7fcdd0521e90,CFG731_e85a7fcdd0521e90,1.0,CORRECT_TOP1,0,,11,11,0,1,1,0,11,0,21.84453250899616,G731CA,false
RFQ731-004044,F731WD_DualChannel,CFG731_c37386a371e13fa8,CFG731_c37386a371e13fa8,1.0,CORRECT_TOP1,0,,9,9,0,3,3,0,9,0,30.890273125287308,F731WD_DualChannel,false
RFQ731-004045,G731ST-LT,CFG731_19bcffd0eb2806b8,CFG731_19bcffd0eb2806b8,1.0,CORRECT_TOP1,0,,8,8,0,5,5,0,8,0,22.87155363645587,G731ST-LT,false
RFQ731-004046,x731,CFG731_5ea309f998205da7,CFG731_a633b8dd2d541170,2.0,TRUE_IN_TOP3,1,customUserFluid,11,11,0,4,4,0,11,0,22.36882627510556,x731,false
RFQ731-004047,x731,CFG731_5e61ce3b60d15e11,CFG731_5e61ce3b60d15e11,1.0,CORRECT_TOP1,0,,12,12,0,5,5,0,12,0,24.905628499657887,x731,false
RFQ731-004048,x731,CFG731_9755a9db60d7534d,CFG731_9755a9db60d7534d,1.0,CORRECT_TOP1,0,,10,10,0,4,4,0,10,0,24.23066629002318,x731,false
RFQ731-004049,x731,CFG731_a41a2d2cef1a675f,CFG731_3ac187941df4fdac,3.0,TRUE_IN_TOP3,1,binaerOpenColl_MP,10,10,0,3,3,0,10,0,20.38633510662119,x731,false
RFQ731-004050,G731ST-HT,CFG731_a3b03637ed22317c,CFG731_cf4fb8862e2ab5fc,2.0,TRUE_IN_TOP3,1,temperaturEingaenge,12,12,0,3,3,0,12,0,26.908211415187942,G731ST-HT,false
RFQ731-004051,G731ST-HT,CFG731_bbffb73f3dff6787,CFG731_9681c4eec01b7fad,2.0,TRUE_IN_TOP3,2,stromSchaltbar|temperaturEingaenge,8,8,0,6,6,0,8,0,25.74440312471359,G731ST-HT,false
RFQ731-004052,x731,CFG731_c670511258ae4a49,CFG731_c670511258ae4a49,1.0,CORRECT_TOP1,0,,11,11,0,1,1,0,11,0,19.583769520937423,x731,false
RFQ731-004053,x731,CFG731_a4339f07d181d686,CFG731_e1a359096a360a7b,2.0,TRUE_IN_TOP3,1,temperaturEingaenge,11,11,0,4,4,0,11,0,20.934403013171234,x731,false
RFQ731-004054,x731,CFG731_5cfa203ca7029f1c,CFG731_4a6afa34ded1f013,2.0,TRUE_IN_TOP3,1,stromSchaltbar,11,11,0,4,4,0,11,0,21.81306466275138,x731,false
RFQ731-004055,G731CA,CFG731_508d465d4c518290,CFG731_508d465d4c518290,1.0,CORRECT_TOP1,0,,9,9,0,5,5,0,9,0,30.69915013693471,G731CA,false
RFQ731-004056,F731PW,CFG731_ef211cb97feaddc8,CFG731_ef211cb97feaddc8,1.0,CORRECT_TOP1,0,,9,9,0,3,3,0,9,0,29.504288687985053,F731PW,false
RFQ731-004057,x731,CFG731_f87794e7a98d0b11,CFG731_dca3d8725270dd93,2.0,TRUE_IN_TOP3,1,stromSchaltbar,11,11,0,5,5,0,11,0,22.31147138196507,x731,false
RFQ731-004058,G731ST-LT,CFG731_7f5bfa7b21e81359,CFG731_7f5bfa7b21e81359,1.0,CORRECT_TOP1,0,,11,11,0,5,5,0,11,0,26.48987406229649,G731ST-LT,false
RFQ731-004059,x731,CFG731_5cfa203ca7029f1c,CFG731_4a6afa34ded1f013,2.0,TRUE_IN_TOP3,1,stromSchaltbar,9,9,0,6,6,0,9,0,21.81306466275138,x731,false
RFQ731-004060,x731,CFG731_31aa13473958d7d3,CFG731_6f79ea186fcb433f,4.0,TRUE_IN_TOP5,3,stromSchaltbar|dev_advMeterVerification|customUserFluid,11,11,0,3,3,0,11,0,20.58687148581306,x731,false
RFQ731-004061,G731ST-LT,CFG731_32b4b1ec4513af66,CFG731_68d95a26943b3650,2.0,TRUE_IN_TOP3,2,stromSchaltbar|temperaturEingaenge,10,10,0,4,4,0,10,0,24.12082663424291,G731ST-LT,false
RFQ731-004062,x731,CFG731_f0e6b17b1bb2d5ab,CFG731_c640b5e8e10ff5e6,2.0,TRUE_IN_TOP3,1,binaerDigitalOpenColl_MN,10,10,0,3,3,0,10,0,21.22623561643016,x731,false
RFQ731-004063,x731,CFG731_36d7686aca1200ae,CFG731_932b427eaa87c8fa,9.0,TRUE_IN_TOP10,3,stromEingaenge|dev_advMeterVerification|dynamicGasMaster,11,11,0,2,2,0,11,0,19.07416605206581,x731,false
RFQ731-004064,G731ST-HT,CFG731_4aa7d46b9cfa7d7b,CFG731_3c6c3a0686e047ad,4.0,TRUE_IN_TOP5,2,stromSchaltbar|stromEingaenge,14,14,0,0,0,0,14,0,25.50314341830868,G731ST-HT,false
RFQ731-004065,G731ST-HT,CFG731_bbffb73f3dff6787,CFG731_aa4779c40e6c2de0,3.0,TRUE_IN_TOP3,3,stromSchaltbar|temperaturEingaenge|binaerOpenColl_MP,10,10,0,3,3,0,10,0,23.471334058575398,G731ST-HT,false
RFQ731-004066,x731,CFG731_4666e845a9f787f7,CFG731_4666e845a9f787f7,1.0,CORRECT_TOP1,0,,11,11,0,2,2,0,11,0,19.289865230124573,x731,false
RFQ731-004067,F731WD_SingleChannel,CFG731_a7d2a5a9ae465701,CFG731_a7d2a5a9ae465701,1.0,CORRECT_TOP1,0,,10,10,0,3,3,0,10,0,34.90497744699932,F731WD_SingleChannel,false
RFQ731-004068,x731,CFG731_89772de94df83ba5,CFG731_c1474b769ba134e4,3.0,TRUE_IN_TOP3,2,stromSchaltbar|binaerDigitalOpenColl_MN,11,11,0,3,3,0,11,0,19.626106292331286,x731,false
RFQ731-004069,x731,CFG731_7ffc09802c7b60bf,CFG731_917fc613cc9bf56a,2.0,TRUE_IN_TOP3,2,temperaturEingaenge|dev_advMeterVerification,9,9,0,5,5,0,9,0,20.037649239561134,x731,false
RFQ731-004070,x731,CFG731_260c36430f7c2d03,CFG731_260c36430f7c2d03,1.0,CORRECT_TOP1,0,,10,10,0,4,4,0,10,0,24.010745481975945,x731,false
RFQ731-004071,x731,CFG731_df5f598a914fb1cc,CFG731_df5f598a914fb1cc,1.0,CORRECT_TOP1,0,,11,11,0,3,3,0,11,0,20.88925291522775,x731,false
RFQ731-004072,x731,CFG731_ae226e31119be9bd,CFG731_ae226e31119be9bd,1.0,CORRECT_TOP1,0,,11,11,0,3,3,0,11,0,23.233133724164887,x731,false
RFQ731-004073,G731ST-LT,CFG731_ae2e4cfccaff4f50,CFG731_7ea8c51038ca5bfd,6.0,TRUE_IN_TOP10,1,binaerDigitalOpenColl_MN,11,11,0,3,3,0,11,0,23.5545334883342,G731ST-LT,false
RFQ731-004074,G731ST-HT,CFG731_63eca10a00ae1f5d,CFG731_f23946dbf617272b,3.0,TRUE_IN_TOP3,2,stromSchaltbar|temperaturEingaenge,11,11,0,3,3,0,11,0,25.78659818891656,G731ST-HT,false
RFQ731-004075,x731,CFG731_9fcbeaf9d5010d3a,CFG731_6be2d8f04f4b5682,6.0,TRUE_IN_TOP10,2,stromEingaenge|temperaturEingaenge,7,7,0,6,6,0,7,0,18.90569477446837,x731,false
RFQ731-004076,G731ST-LT,CFG731_4772bedc40328ae2,CFG731_4772bedc40328ae2,1.0,CORRECT_TOP1,0,,11,11,0,4,4,0,11,0,25.8276025544724,G731ST-LT,false
RFQ731-004077,x731,CFG731_67de76f701c9cfad,CFG731_c66891bf502d2d83,2.0,TRUE_IN_TOP3,1,customUserFluid,14,14,0,1,1,0,14,0,22.0011779322276,x731,false
RFQ731-004078,x731,CFG731_31aa13473958d7d3,CFG731_d22124ab181ae0a4,4.0,TRUE_IN_TOP5,2,stromSchaltbar|stromEingaenge,9,9,0,6,6,0,9,0,21.32431425642824,x731,false
RFQ731-004079,x731,CFG731_deb6c547366eb132,CFG731_d057ad35aef0eea2,4.0,TRUE_IN_TOP5,1,binaerDigitalOpenColl_MN,9,9,0,4,4,0,9,0,18.468489056270947,x731,false
RFQ731-004080,G731ST-HT,CFG731_8b18ac1c34209d63,CFG731_2c93609b74717303,4.0,TRUE_IN_TOP5,2,stromEingaenge|binaerOpenColl_MP,8,8,0,6,6,0,8,0,24.402947425065918,G731ST-HT,false
RFQ731-004081,x731,CFG731_3b2a32abbf148ca1,CFG731_8e97bb2bec352a2c,3.0,TRUE_IN_TOP3,2,stromEingaenge|temperaturEingaenge,9,9,0,6,6,0,9,0,21.451333765258923,x731,false
RFQ731-004082,x731,CFG731_219ac3d01befd6d1,CFG731_d47fa87df22e968e,2.0,TRUE_IN_TOP3,1,stromSchaltbar,9,9,0,6,6,0,9,0,21.637059486219275,x731,false
RFQ731-004083,x731,CFG731_df5f598a914fb1cc,CFG731_df5f598a914fb1cc,1.0,CORRECT_TOP1,0,,12,12,0,2,2,0,12,0,20.88925291522775,x731,false
RFQ731-004084,x731,CFG731_6b36d25fda044bf5,CFG731_8aefa69bf25cc5a6,9.0,TRUE_IN_TOP10,4,stromEingaenge|dev_advMeterVerification|dynamicGasMaster|customUserFluid,8,8,0,4,4,0,8,0,17.2073655311672,x731,false
RFQ731-004085,x731,CFG731_3b2a32abbf148ca1,CFG731_cd907466ae420427,7.0,TRUE_IN_TOP10,3,stromEingaenge|binaerOpenColl_MP|dynamicGasMaster,13,13,0,1,1,0,13,0,18.853525888333763,x731,false
RFQ731-004086,x731,CFG731_2e5bd0d53757f625,CFG731_2e5bd0d53757f625,1.0,CORRECT_TOP1,0,,13,13,0,1,1,0,13,0,20.50658751141085,x731,false
RFQ731-004087,G731ST-LT,CFG731_996314000fcfec4b,CFG731_22da0d6030817265,2.0,TRUE_IN_TOP3,1,temperaturEingaenge,13,13,0,2,2,0,13,0,25.424929002576945,G731ST-LT,false
RFQ731-004088,G731ST-HT,CFG731_37f66c3948c00e57,CFG731_37f66c3948c00e57,1.0,CORRECT_TOP1,0,,10,10,0,3,3,0,10,0,23.513529122778365,G731ST-HT,false
RFQ731-004089,G731ST-HT,CFG731_bbffb73f3dff6787,CFG731_bbffb73f3dff6787,1.0,CORRECT_TOP1,0,,10,10,0,6,6,0,10,0,28.55370077555966,G731ST-HT,false
RFQ731-004090,x731,CFG731_579057193c092394,CFG731_0d3b04d12b4208a2,6.0,TRUE_IN_TOP10,1,temperaturEingaenge,11,11,0,3,3,0,11,0,19.247639455685103,x731,false
RFQ731-004091,x731,CFG731_ef2da8cd513b19be,CFG731_ef2da8cd513b19be,1.0,CORRECT_TOP1,0,,13,13,0,1,1,0,13,0,21.49668611583682,x731,false
RFQ731-004092,x731,CFG731_784eb334d1d77ae7,CFG731_2e60fd0380ec7150,3.0,TRUE_IN_TOP3,1,binaerDigitalOpenColl_MN,9,9,0,6,6,0,9,0,21.78569638584253,x731,false
RFQ731-004093,x731,CFG731_5dd42015f6f61801,CFG731_f2f16ec6756d8443,2.0,TRUE_IN_TOP3,1,dev_advMeterVerification,11,11,0,5,5,0,11,0,22.846946890407207,x731,false
RFQ731-004094,x731,CFG731_cf543b1c3927ab71,CFG731_ede0b25f5f83644d,2.0,TRUE_IN_TOP3,3,stromSchaltbar|temperaturEingaenge|dev_advMeterVerification,10,10,0,3,3,0,10,0,20.156110102044224,x731,false
RFQ731-004095,x731,CFG731_16bd4e059b8168a9,CFG731_16bd4e059b8168a9,1.0,CORRECT_TOP1,0,,11,11,0,3,3,0,11,0,23.139089796661445,x731,false
RFQ731-004096,x731,CFG731_868fc79316fb0836,CFG731_868fc79316fb0836,1.0,CORRECT_TOP1,0,,12,12,0,2,2,0,12,0,20.761121786844743,x731,false
RFQ731-004097,G731ST-LT,CFG731_c050936f4a70e2a0,CFG731_2a738780f0517f67,2.0,TRUE_IN_TOP3,1,stromEingaenge,12,12,0,2,2,0,12,0,24.18893057381889,G731ST-LT,false
RFQ731-004098,x731,CFG731_962b6fcde3072947,CFG731_bdd144687fe20504,4.0,TRUE_IN_TOP5,1,binaerOpenColl_MP,7,7,0,8,8,0,7,0,19.81252673579472,x731,false
RFQ731-004099,F731PW,CFG731_5995fa9fd5d1242f,CFG731_5995fa9fd5d1242f,1.0,CORRECT_TOP1,0,,8,8,0,4,4,0,8,0,34.211841562547065,F731PW,false
RFQ731-004100,G731ST-LT,CFG731_e03b41992c837b34,CFG731_ae877a3b18b65d0a,2.0,TRUE_IN_TOP3,1,temperaturEingaenge,12,12,0,2,2,0,12,0,23.9708485617765,G731ST-LT,false
RFQ731-004101,G731CA,CFG731_2aca30183aab25a9,CFG731_2aca30183aab25a9,1.0,CORRECT_TOP1,0,,11,11,0,3,3,0,11,0,30.389786490953828,G731CA,false
RFQ731-004102,x731,CFG731_1f978c234895178c,CFG731_04e7216b1ba7f935,6.0,TRUE_IN_TOP10,2,stromSchaltbar|temperaturEingaenge,12,12,0,2,2,0,12,0,19.53791160601119,x731,false
RFQ731-004103,G731ST-LT,CFG731_a40ab19ad6671fbe,CFG731_cc64ce3eaedacb17,2.0,TRUE_IN_TOP3,2,stromEingaenge|temperaturEingaenge,9,9,0,5,5,0,9,0,24.175656004789904,G731ST-LT,false
RFQ731-004104,x731,CFG731_b3506a753aafcfa3,CFG731_b3506a753aafcfa3,1.0,CORRECT_TOP1,0,,8,8,0,5,5,0,8,0,19.60419424824873,x731,false
RFQ731-004105,G731ST-HT,CFG731_a69c8345e2cbb480,CFG731_a69c8345e2cbb480,1.0,CORRECT_TOP1,0,,9,9,0,6,6,0,9,0,27.348461637980435,G731ST-HT,false
RFQ731-004106,F731TE,CFG731_574aa7a29f75cd60,CFG731_574aa7a29f75cd60,1.0,CORRECT_TOP1,0,,10,10,0,3,3,0,10,0,35.46079387870506,F731TE,false
RFQ731-004107,G731CA,CFG731_19ec976991ce75a9,CFG731_19ec976991ce75a9,1.0,CORRECT_TOP1,0,,10,10,0,4,4,0,10,0,33.8413206340227,G731CA,false
RFQ731-004108,x731,CFG731_f87794e7a98d0b11,CFG731_aef6446574fba0ea,2.0,TRUE_IN_TOP3,1,dev_advMeterVerification,13,13,0,3,3,0,13,0,22.677877322285998,x731,false
RFQ731-004109,x731,CFG731_2e5bd0d53757f625,CFG731_6a919c664c763f98,3.0,TRUE_IN_TOP3,1,stromSchaltbar,8,8,0,5,5,0,8,0,19.05250707061041,x731,false
RFQ731-004110,G731CA,CFG731_98ec9650b5463fd0,CFG731_98ec9650b5463fd0,1.0,CORRECT_TOP1,0,,9,9,0,3,3,0,9,0,28.170110935086907,G731CA,false
RFQ731-004111,x731,CFG731_b3506a753aafcfa3,CFG731_f5876a81d70adf82,,TRUE_UNRANKED,1,stromEingaenge,10,10,0,2,2,0,10,0,18.18585168234048,x731,false
RFQ731-004112,G731ST-HT,CFG731_cc9ac35e4d9a1854,CFG731_348f97ec6945fbf8,2.0,TRUE_IN_TOP3,1,temperaturEingaenge,9,9,0,6,6,0,9,0,26.95040647939092,G731ST-HT,false
RFQ731-004113,x731,CFG731_1b365e0951e7dea4,CFG731_1b365e0951e7dea4,1.0,CORRECT_TOP1,0,,12,12,0,3,3,0,12,0,22.563254164075428,x731,false
RFQ731-004114,G731ST-HT,CFG731_cc9ac35e4d9a1854,CFG731_cc9ac35e4d9a1854,1.0,CORRECT_TOP1,0,,14,14,0,2,2,0,14,0,28.305623689436548,G731ST-HT,false
RFQ731-004115,x731,CFG731_2683cf7e09782f5e,CFG731_20d5aa6969b4ff70,4.0,TRUE_IN_TOP5,1,stromSchaltbar,11,11,0,4,4,0,11,0,21.17433618396183,x731,false
RFQ731-004116,G731CA,CFG731_817824ee3a762453,CFG731_817824ee3a762453,1.0,CORRECT_TOP1,0,,10,10,0,4,4,0,10,0,30.89132327360409,G731CA,false
RFQ731-004117,x731,CFG731_5aad423ad5989441,CFG731_5aad423ad5989441,1.0,CORRECT_TOP1,0,,12,12,0,3,3,0,12,0,22.52751628918324,x731,false
RFQ731-004118,x731,CFG731_fa063863b8688588,CFG731_d08861146b2a8dfa,10.0,TRUE_IN_TOP10,2,stromSchaltbar|temperaturEingaenge,6,6,0,6,6,0,6,0,18.66782480055515,x731,false
RFQ731-004119,F731TE,CFG731_28454766bbc80cb9,CFG731_28454766bbc80cb9,1.0,CORRECT_TOP1,0,,11,11,0,2,2,0,11,0,40.615886614918985,F731TE,false
RFQ731-004120,x731,CFG731_0aa987e1ae960c88,CFG731_0aa987e1ae960c88,1.0,CORRECT_TOP1,0,,13,13,0,2,2,0,13,0,21.53896047256257,x731,false
RFQ731-004121,x731,CFG731_cf0392d0aaac28b1,CFG731_6ba028da3bba9c41,2.0,TRUE_IN_TOP3,1,dev_advMeterVerification,8,8,0,5,5,0,8,0,19.64430360805552,x731,false
RFQ731-004122,x731,CFG731_c39096767a7ae083,CFG731_4da2b3fd83325505,2.0,TRUE_IN_TOP3,2,stromEingaenge|dev_advMeterVerification,9,9,0,6,6,0,9,0,21.761071539028016,x731,false
RFQ731-004123,x731,CFG731_3fe779486d988e69,CFG731_6077133dce604e06,5.0,TRUE_IN_TOP5,1,binaerOpenColl_MP,12,12,0,3,3,0,12,0,21.36419494007785,x731,false
RFQ731-004124,x731,CFG731_7521d5a6673c8628,CFG731_6942facbe6ebb88b,7.0,TRUE_IN_TOP10,2,dynamicGasMaster|customUserFluid,8,8,0,5,5,0,8,0,18.89412908865333,x731,false
RFQ731-004125,G731ST-LT,CFG731_32b4b1ec4513af66,CFG731_0d6df01ace2df68d,10.0,TRUE_IN_TOP10,3,stromSchaltbar|temperaturEingaenge|binaerOpenColl_MP,10,10,0,3,3,0,10,0,21.847757568104715,G731ST-LT,false
RFQ731-004126,x731,CFG731_da02526d254e2e35,CFG731_b661f405414c476e,2.0,TRUE_IN_TOP3,1,temperaturEingaenge,12,12,0,3,3,0,12,0,21.27658099852679,x731,false
RFQ731-004127,x731,CFG731_83f956404d04e6cd,CFG731_cc50cacf788bd84a,2.0,TRUE_IN_TOP3,2,stromSchaltbar|customUserFluid,12,12,0,3,3,0,12,0,22.74467992760413,x731,false
RFQ731-004128,G731ST-HT,CFG731_a3b03637ed22317c,CFG731_dde2f7fe043f7ade,2.0,TRUE_IN_TOP3,1,stromEingaenge,12,12,0,3,3,0,12,0,26.845086059325325,G731ST-HT,false
RFQ731-004129,x731,CFG731_482678d927834b42,CFG731_9d5d3b4d2ce8a49a,2.0,TRUE_IN_TOP3,1,binaerOpenColl_MP,10,10,0,3,3,0,10,0,20.80473417066548,x731,false
RFQ731-004130,G731ST-HT,CFG731_8b18ac1c34209d63,CFG731_8b18ac1c34209d63,1.0,CORRECT_TOP1,0,,13,13,0,3,3,0,13,0,28.09435905711236,G731ST-HT,false
RFQ731-004131,x731,CFG731_f1355b6f00fd7f67,CFG731_52ce549ff41a9332,3.0,TRUE_IN_TOP3,2,dynamicGasMaster|customUserFluid,10,10,0,3,3,0,10,0,19.475512623641748,x731,false
RFQ731-004132,G731ST-HT,CFG731_a56f1437a0b4ca31,CFG731_a56f1437a0b4ca31,1.0,CORRECT_TOP1,0,,12,12,0,4,4,0,12,0,28.413406697699983,G731ST-HT,false
RFQ731-004133,x731,CFG731_fd7b09f495a568bc,CFG731_fd7b09f495a568bc,1.0,CORRECT_TOP1,0,,8,8,0,5,5,0,8,0,21.638759205504773,x731,false
RFQ731-004134,G731VG,CFG731_40b6e1db6c80bcc1,CFG731_40b6e1db6c80bcc1,1.0,CORRECT_TOP1,0,,13,13,0,2,2,0,13,0,38.77477620783847,G731VG,false
RFQ731-004135,G731ST-LT,CFG731_7203705eed387b0a,CFG731_26c190a4dc461550,2.0,TRUE_IN_TOP3,1,temperaturEingaenge,11,11,0,4,4,0,11,0,26.034248793490644,G731ST-LT,false
RFQ731-004136,G731ST-LT,CFG731_10085782ed0991cf,CFG731_10085782ed0991cf,1.0,CORRECT_TOP1,0,,13,13,0,3,3,0,13,0,27.141388917413163,G731ST-LT,false
RFQ731-004137,x731,CFG731_8c8856d21252930e,CFG731_bf8f7d1a25ad0a6e,2.0,TRUE_IN_TOP3,1,stromSchaltbar,13,13,0,0,0,0,13,0,21.821248347567412,x731,false
RFQ731-004138,x731,CFG731_5ae746dac49a854b,CFG731_341c747ed8aff14e,5.0,TRUE_IN_TOP5,1,dev_advMeterVerification,11,11,0,3,3,0,11,0,21.72694816270544,x731,false
RFQ731-004139,x731,CFG731_91e51485b56960b2,CFG731_c8d4383220ad607a,2.0,TRUE_IN_TOP3,2,stromEingaenge|dev_advMeterVerification,12,12,0,3,3,0,12,0,21.47079938870193,x731,false
RFQ731-004140,x731,CFG731_ad0a2fd7350b6cca,CFG731_ad0a2fd7350b6cca,1.0,CORRECT_TOP1,0,,13,13,0,4,4,0,13,0,24.417066677882183,x731,false
RFQ731-004141,G731CA,CFG731_2aca30183aab25a9,CFG731_2aca30183aab25a9,1.0,CORRECT_TOP1,0,,9,9,0,5,5,0,9,0,30.389786490953828,G731CA,false
RFQ731-004142,G731ST-LT,CFG731_32b4b1ec4513af66,CFG731_58b9913d8024b015,5.0,TRUE_IN_TOP5,3,stromSchaltbar|stromEingaenge|temperaturEingaenge,11,11,0,2,2,0,11,0,22.70248406833466,G731ST-LT,false
RFQ731-004143,x731,CFG731_2e5bd0d53757f625,CFG731_6a919c664c763f98,3.0,TRUE_IN_TOP3,1,stromSchaltbar,9,9,0,4,4,0,9,0,19.05250707061041,x731,false
RFQ731-004144,x731,CFG731_27ea251c0fb03f20,CFG731_4873af75a59b7524,2.0,TRUE_IN_TOP3,1,stromSchaltbar,10,10,0,3,3,0,10,0,21.834987428327416,x731,false
RFQ731-004145,x731,CFG731_db395082b1a3b8ac,CFG731_73e28cb740f9cabe,2.0,TRUE_IN_TOP3,1,stromSchaltbar,12,12,0,1,1,0,12,0,21.48653109986395,x731,false
RFQ731-004146,G731CA,CFG731_d2a75fda6f761c1b,CFG731_d2a75fda6f761c1b,1.0,CORRECT_TOP1,0,,9,9,0,5,5,0,9,0,34.49260001542188,G731CA,false
RFQ731-004147,F731PW,CFG731_956456fc074ebc5a,CFG731_956456fc074ebc5a,1.0,CORRECT_TOP1,0,,9,9,0,3,3,0,9,0,35.15118328057918,F731PW,false
RFQ731-004148,x731,CFG731_9e4fccece4d272d3,CFG731_923f6cb4226dc2a4,6.0,TRUE_IN_TOP10,2,stromEingaenge|temperaturEingaenge,12,12,0,2,2,0,12,0,19.923881210767718,x731,false
RFQ731-004149,x731,CFG731_91e51485b56960b2,CFG731_875f5d7eec61db7e,5.0,TRUE_IN_TOP5,3,stromEingaenge|temperaturEingaenge|customUserFluid,12,12,0,2,2,0,12,0,20.1351458430919,x731,false
RFQ731-004150,x731,CFG731_a385518a9f31baa0,CFG731_a385518a9f31baa0,1.0,CORRECT_TOP1,0,,11,11,0,4,4,0,11,0,21.87732419972128,x731,false
RFQ731-004151,x731,CFG731_4144999ac09e5fdc,CFG731_4144999ac09e5fdc,1.0,CORRECT_TOP1,0,,11,11,0,3,3,0,11,0,20.837255576839585,x731,false
RFQ731-004152,F731PW,CFG731_b265e25b7baf721d,CFG731_b265e25b7baf721d,1.0,CORRECT_TOP1,0,,10,10,0,1,1,0,10,0,27.660414804579737,F731PW,false
RFQ731-004153,F731WD_SingleChannel,CFG731_4ca309199387f8d5,CFG731_4ca309199387f8d5,1.0,CORRECT_TOP1,0,,11,11,0,2,2,0,11,0,30.61247818024028,F731WD_SingleChannel,false
RFQ731-004154,x731,CFG731_c39096767a7ae083,CFG731_1f7c154d7e34e86e,3.0,TRUE_IN_TOP3,3,stromSchaltbar|temperaturEingaenge|dynamicGasMaster,8,8,0,6,6,0,8,0,19.77783493373711,x731,false
RFQ731-004155,x731,CFG731_2f9d539d4085d4b1,CFG731_2f9d539d4085d4b1,1.0,CORRECT_TOP1,0,,9,9,0,5,5,0,9,0,20.844951238569557,x731,false
RFQ731-004156,G731ST-HT,CFG731_7b2f69a7ca55041b,CFG731_7b2f69a7ca55041b,1.0,CORRECT_TOP1,0,,11,11,0,5,5,0,11,0,27.80408690678628,G731ST-HT,false
RFQ731-004157,x731,CFG731_d67b44eae58dfe59,CFG731_aa1770e6c2806f71,9.0,TRUE_IN_TOP10,1,temperaturEingaenge,6,6,0,7,7,0,6,0,18.743662823485064,x731,false
RFQ731-004158,G731ST-HT,CFG731_bbffb73f3dff6787,CFG731_bbffb73f3dff6787,1.0,CORRECT_TOP1,0,,12,12,0,4,4,0,12,0,28.55370077555966,G731ST-HT,false
RFQ731-004159,G731CA,CFG731_5bfe9492c76587ec,CFG731_5bfe9492c76587ec,1.0,CORRECT_TOP1,0,,9,9,0,5,5,0,9,0,35.89643793735161,G731CA,false
RFQ731-004160,G731CA,CFG731_19ec976991ce75a9,CFG731_19ec976991ce75a9,1.0,CORRECT_TOP1,0,,10,10,0,4,4,0,10,0,33.8413206340227,G731CA,false
RFQ731-004161,G731ST-LT,CFG731_1d89d7fdc7355744,CFG731_1d89d7fdc7355744,1.0,CORRECT_TOP1,0,,8,8,0,7,7,0,8,0,26.013318501830994,G731ST-LT,false
RFQ731-004162,x731,CFG731_e1c54b5b080fabb2,CFG731_09176beb25719d23,2.0,TRUE_IN_TOP3,1,stromEingaenge,10,10,0,4,4,0,10,0,21.12556374121736,x731,false
RFQ731-004163,G731ST-LT,CFG731_996314000fcfec4b,CFG731_069a81a9f63b5afa,5.0,TRUE_IN_TOP5,2,temperaturEingaenge|binaerOpenColl_MP,12,12,0,2,2,0,12,0,23.151859936438747,G731ST-LT,false
RFQ731-004164,F731PW,CFG731_956456fc074ebc5a,CFG731_956456fc074ebc5a,1.0,CORRECT_TOP1,0,,9,9,0,3,3,0,9,0,35.15118328057918,F731PW,false
RFQ731-004165,x731,CFG731_a9ec8cda9130252f,CFG731_f560db8c82450ee1,2.0,TRUE_IN_TOP3,1,dev_advMeterVerification,12,12,0,1,1,0,12,0,20.523251812931523,x731,false
RFQ731-004166,F731PW,CFG731_7785b2914ebb6eaf,CFG731_7785b2914ebb6eaf,1.0,CORRECT_TOP1,0,,9,9,0,3,3,0,9,0,29.024288688400222,F731PW,false
RFQ731-004167,x731,CFG731_228013cfd0470f7a,CFG731_228013cfd0470f7a,1.0,CORRECT_TOP1,0,,11,11,0,4,4,0,11,0,22.333645146756652,x731,false
RFQ731-004168,x731,CFG731_162b59c5f8cf5a72,CFG731_162b59c5f8cf5a72,1.0,CORRECT_TOP1,0,,10,10,0,4,4,0,10,0,23.53714495525097,x731,false
RFQ731-004169,x731,CFG731_228013cfd0470f7a,CFG731_228013cfd0470f7a,1.0,CORRECT_TOP1,0,,11,11,0,4,4,0,11,0,22.333645146756652,x731,false
RFQ731-004170,x731,CFG731_31aa13473958d7d3,CFG731_776fc7d42eb46e40,5.0,TRUE_IN_TOP5,3,stromSchaltbar|stromEingaenge|dynamicGasMaster,11,11,0,3,3,0,11,0,19.64435823559564,x731,false
RFQ731-004171,G731ST-LT,CFG731_3c070a82e4102784,CFG731_00533f723f7496de,4.0,TRUE_IN_TOP5,1,temperaturEingaenge,11,11,0,3,3,0,11,0,24.580168352690205,G731ST-LT,false
RFQ731-004172,x731,CFG731_219ac3d01befd6d1,CFG731_85b1e9bcb8b0b8be,4.0,TRUE_IN_TOP5,3,stromSchaltbar|temperaturEingaenge|dev_advMeterVerification,13,13,0,0,0,0,13,0,19.19416777569413,x731,false
RFQ731-004173,x731,CFG731_c9498cf6f4410d44,CFG731_c9498cf6f4410d44,1.0,CORRECT_TOP1,0,,12,12,0,2,2,0,12,0,23.0549993736226,x731,false
RFQ731-004174,G731CA,CFG731_acbf4c45af55caad,CFG731_acbf4c45af55caad,1.0,CORRECT_TOP1,0,,10,10,0,4,4,0,10,0,30.84912820940112,G731CA,false
RFQ731-004175,G731ST-LT,CFG731_49cd4cbef1081333,CFG731_cc03e3852895ae99,2.0,TRUE_IN_TOP3,2,stromEingaenge|temperaturEingaenge,10,10,0,3,3,0,10,0,22.26223384554217,G731ST-LT,false
RFQ731-004176,x731,CFG731_496bd7a964d6cd85,CFG731_8ad503c0be7c64be,3.0,TRUE_IN_TOP3,2,dev_advMeterVerification|dynamicGasMaster,13,13,0,1,1,0,13,0,20.833895610011744,x731,false
RFQ731-004177,x731,CFG731_7f60255816247683,CFG731_03f5618878f919e9,2.0,TRUE_IN_TOP3,2,dev_advMeterVerification|dynamicGasMaster,11,11,0,3,3,0,11,0,19.289306585219062,x731,false
RFQ731-004178,F731WD_DualChannel,CFG731_af8fc23bebdac123,CFG731_af8fc23bebdac123,1.0,CORRECT_TOP1,0,,9,9,0,4,4,0,9,0,40.05241362730597,F731WD_DualChannel,false
RFQ731-004179,x731,CFG731_3b2a32abbf148ca1,CFG731_d5a8b991307aace7,6.0,TRUE_IN_TOP10,3,dev_advMeterVerification|dynamicGasMaster|customUserFluid,11,11,0,3,3,0,11,0,20.389152183856776,x731,false
RFQ731-004180,x731,CFG731_fa2849b259355775,CFG731_945ec45cf3b7cf9b,4.0,TRUE_IN_TOP5,1,stromEingaenge,11,11,0,3,3,0,11,0,21.550966733872787,x731,false
RFQ731-004181,G731ST-HT,CFG731_ef8d68b6d278bfec,CFG731_ef8d68b6d278bfec,1.0,CORRECT_TOP1,0,,11,11,0,4,4,0,11,0,26.64027861631192,G731ST-HT,false
RFQ731-004182,x731,CFG731_8d78781f8753b72a,CFG731_8d78781f8753b72a,1.0,CORRECT_TOP1,0,,9,9,0,5,5,0,9,0,23.16094095540965,x731,false
RFQ731-004183,x731,CFG731_241d60e6ef5278be,CFG731_56dbee462245ee56,3.0,TRUE_IN_TOP3,3,binaerDigitalOpenColl_MN|dev_advMeterVerification|customUserFluid,13,13,0,0,0,0,13,0,18.812263596824497,x731,false
RFQ731-004184,x731,CFG731_5c624ef6fa2b6510,CFG731_b2cfdbf46904c03f,7.0,TRUE_IN_TOP10,1,customUserFluid,11,11,0,3,3,0,11,0,19.99408754813412,x731,false
RFQ731-004185,G731ST-LT,CFG731_455da2f832a6b66d,CFG731_455da2f832a6b66d,1.0,CORRECT_TOP1,0,,6,6,0,9,9,0,6,0,25.36180364671432,G731ST-LT,false
RFQ731-004186,x731,CFG731_22fecf5bb26e1132,CFG731_22fecf5bb26e1132,1.0,CORRECT_TOP1,0,,13,13,0,2,2,0,13,0,22.244470125273384,x731,false
RFQ731-004187,x731,CFG731_1f978c234895178c,CFG731_338a3238e967f681,3.0,TRUE_IN_TOP3,1,binaerOpenColl_MP,10,10,0,5,5,0,10,0,20.074140190719067,x731,false
RFQ731-004188,F731WD_DualChannel,CFG731_cd1c2b236ffda331,CFG731_cd1c2b236ffda331,1.0,CORRECT_TOP1,0,,8,8,0,3,3,0,8,0,27.446541185083227,F731WD_DualChannel,false
RFQ731-004189,x731,CFG731_3b2a32abbf148ca1,CFG731_48332037deb06db4,9.0,TRUE_IN_TOP10,3,stromSchaltbar|temperaturEingaenge|binaerOpenColl_MP,10,10,0,4,4,0,10,0,19.14252682422854,x731,false
RFQ731-004190,F731WD_DualChannel,CFG731_819cb4e76943eca6,CFG731_819cb4e76943eca6,1.0,CORRECT_TOP1,0,,11,11,0,2,2,0,11,0,32.30861569119556,F731WD_DualChannel,false
RFQ731-004191,x731,CFG731_8d2d91c46ccfb471,CFG731_8d2d91c46ccfb471,1.0,CORRECT_TOP1,0,,13,13,0,4,4,0,13,0,25.116893131982074,x731,false
RFQ731-004192,x731,CFG731_337790e6bbcf15f4,CFG731_337790e6bbcf15f4,1.0,CORRECT_TOP1,0,,14,14,0,1,1,0,14,0,21.71499242531444,x731,false
RFQ731-004193,x731,CFG731_8c50542218db5cb0,CFG731_de5e29fe1f740f3e,3.0,TRUE_IN_TOP3,1,binaerDigitalOpenColl_MN,10,10,0,5,5,0,10,0,21.49880581932661,x731,false
RFQ731-004194,x731,CFG731_3bcde7f8df32303c,CFG731_4fcdf4e48e247790,3.0,TRUE_IN_TOP3,2,dev_advMeterVerification|dynamicGasMaster,10,10,0,5,5,0,10,0,22.287976050812183,x731,false
RFQ731-004195,x731,CFG731_9a0f0b26c7f24725,CFG731_f4dfffb8a9fa30f7,3.0,TRUE_IN_TOP3,1,stromSchaltbar,9,9,0,6,6,0,9,0,22.39444819773979,x731,false
RFQ731-004196,G731ST-HT,CFG731_c32627af59ba1526,CFG731_f6025c8da02be6ce,4.0,TRUE_IN_TOP5,1,stromSchaltbar,11,11,0,3,3,0,11,0,25.37191412287008,G731ST-HT,false
RFQ731-004197,F731TE,CFG731_3794187f0a0c3133,CFG731_344778a042931752,2.0,TRUE_IN_TOP3,2,stromSchaltbar|binaerOpenColl_MP,9,9,0,2,2,0,9,0,29.705916209934024,F731TE,false
RFQ731-004198,F731PW,CFG731_0d8116f4900c6919,CFG731_0d8116f4900c6919,1.0,CORRECT_TOP1,0,,9,9,0,3,3,0,9,0,29.13642648818402,F731PW,false
RFQ731-004199,G731ST-LT,CFG731_0fdf5c36c9c41e69,CFG731_671960d0fb04b698,2.0,TRUE_IN_TOP3,2,stromSchaltbar|temperaturEingaenge,12,12,0,2,2,0,12,0,23.830554483916828,G731ST-LT,false
RFQ731-004200,x731,CFG731_e8e7b7513a5c9544,CFG731_34247ec265566826,2.0,TRUE_IN_TOP3,1,stromEingaenge,14,14,0,1,1,0,14,0,21.76308400214706,x731,false
RFQ731-004201,x731,CFG731_5e61ce3b60d15e11,CFG731_5ffc2d74e4a3fb5a,2.0,TRUE_IN_TOP3,1,temperaturEingaenge,11,11,0,5,5,0,11,0,23.550411289612256,x731,false
RFQ731-004202,x731,CFG731_9e4fccece4d272d3,CFG731_e8d4d37dfb814e2d,2.0,TRUE_IN_TOP3,2,dev_advMeterVerification|dynamicGasMaster,9,9,0,5,5,0,9,0,19.92981046540948,x731,false
RFQ731-004203,x731,CFG731_440f9c9b032b7d0a,CFG731_aa8c30a4f1baca2e,4.0,TRUE_IN_TOP5,2,stromSchaltbar|stromEingaenge,10,10,0,3,3,0,10,0,18.113885841492014,x731,false
RFQ731-004204,G731ST-HT,CFG731_a4416ae9d698efa6,CFG731_a4416ae9d698efa6,1.0,CORRECT_TOP1,0,,11,11,0,3,3,0,11,0,25.72347283305394,G731ST-HT,false
RFQ731-004205,G731ST-LT,CFG731_996314000fcfec4b,CFG731_22da0d6030817265,2.0,TRUE_IN_TOP3,1,temperaturEingaenge,11,11,0,4,4,0,11,0,25.424929002576945,G731ST-LT,false
RFQ731-004206,G731ST-HT,CFG731_eb70dc35972dc4b7,CFG731_baab4a7f51aced1f,2.0,TRUE_IN_TOP3,2,stromSchaltbar|temperaturEingaenge,8,8,0,5,5,0,8,0,24.077983472682227,G731ST-HT,false
RFQ731-004207,x731,CFG731_241d60e6ef5278be,CFG731_e4d6e304563c3bae,2.0,TRUE_IN_TOP3,1,stromEingaenge,9,9,0,6,6,0,9,0,21.53250328325179,x731,false
RFQ731-004208,x731,CFG731_f97e51d1da57d99f,CFG731_c52e06c2d714087a,2.0,TRUE_IN_TOP3,1,stromSchaltbar,11,11,0,4,4,0,11,0,22.748979885035777,x731,false
RFQ731-004209,x731,CFG731_2d0a81ff4ec49480,CFG731_e66ce98c9fc7fa3b,2.0,TRUE_IN_TOP3,1,dev_advMeterVerification,10,10,0,6,6,0,10,0,23.22750568176889,x731,false
RFQ731-004210,F731WD_DualChannel,CFG731_cd1c2b236ffda331,CFG731_f53899c7a09e0138,2.0,TRUE_IN_TOP3,1,stromEingaenge,8,8,0,2,2,0,8,0,26.028198619174976,F731WD_DualChannel,false
RFQ731-004211,F731TE,CFG731_d8c69b7395beabbb,CFG731_d8c69b7395beabbb,1.0,CORRECT_TOP1,0,,9,9,0,4,4,0,9,0,38.80183643608151,F731TE,false
RFQ731-004212,G731ST-HT,CFG731_7b2f69a7ca55041b,CFG731_f2a296f2bedae0e8,2.0,TRUE_IN_TOP3,2,stromSchaltbar|temperaturEingaenge,11,11,0,3,3,0,11,0,24.99478925594021,G731ST-HT,false
RFQ731-004213,x731,CFG731_6513d2f5c85df9e4,CFG731_6513d2f5c85df9e4,1.0,CORRECT_TOP1,0,,12,12,0,2,2,0,12,0,21.64666418830323,x731,false
RFQ731-004214,F731TE,CFG731_3fe2202b70f330b1,CFG731_3fe2202b70f330b1,1.0,CORRECT_TOP1,0,,11,11,0,2,2,0,11,0,39.212048692989256,F731TE,false
RFQ731-004215,x731,CFG731_97c654bf006e698e,CFG731_97c654bf006e698e,1.0,CORRECT_TOP1,0,,10,10,0,4,4,0,10,0,21.178198085234317,x731,false
RFQ731-004216,x731,CFG731_f8b0b03f1ea66d75,CFG731_f8b0b03f1ea66d75,1.0,CORRECT_TOP1,0,,11,11,0,4,4,0,11,0,21.86973282930321,x731,false
RFQ731-004217,G731VG,CFG731_6a47b38d62a9fed3,CFG731_6a47b38d62a9fed3,1.0,CORRECT_TOP1,0,,13,13,0,2,2,0,13,0,38.92475428030488,G731VG,false
RFQ731-004218,x731,CFG731_1d3bf6638fef70ae,CFG731_1d3bf6638fef70ae,1.0,CORRECT_TOP1,0,,10,10,0,5,5,0,10,0,21.5577883664318,x731,false
RFQ731-004219,G731ST-LT,CFG731_10085782ed0991cf,CFG731_613ed23f00a94a96,2.0,TRUE_IN_TOP3,1,stromSchaltbar,11,11,0,4,4,0,11,0,25.687308476612724,G731ST-LT,false
RFQ731-004220,x731,CFG731_33fed5318b1a4f2f,CFG731_7157b3d45716ad8f,2.0,TRUE_IN_TOP3,1,binaerOpenColl_MP,12,12,0,2,2,0,12,0,20.58200003606862,x731,false
RFQ731-004221,G731ST-HT,CFG731_6cc2f5d089c01baf,CFG731_c209599718b42485,5.0,TRUE_IN_TOP5,1,stromSchaltbar,10,10,0,3,3,0,10,0,24.035788408479256,G731ST-HT,false
RFQ731-004222,G731CA,CFG731_5bfe9492c76587ec,CFG731_5bfe9492c76587ec,1.0,CORRECT_TOP1,0,,12,12,0,2,2,0,12,0,35.89643793735161,G731CA,false
RFQ731-004223,x731,CFG731_89772de94df83ba5,CFG731_89772de94df83ba5,1.0,CORRECT_TOP1,0,,12,12,0,4,4,0,12,0,23.06298364894384,x731,false
RFQ731-004224,x731,CFG731_6b36d25fda044bf5,CFG731_9e13de19970e4646,2.0,TRUE_IN_TOP3,1,stromEingaenge,11,11,0,4,4,0,11,0,21.043106888523223,x731,false
RFQ731-004225,x731,CFG731_3c119308d8305ad4,CFG731_ffc5c52898046e13,,TRUE_UNRANKED,1,binaerDigitalOpenColl_MN,12,12,0,2,2,0,12,0,18.718922980673437,x731,false
RFQ731-004226,x731,CFG731_0aa987e1ae960c88,CFG731_d21c75b44ecc736a,3.0,TRUE_IN_TOP3,1,customUserFluid,12,12,0,2,2,0,12,0,20.47084963651866,x731,false
RFQ731-004227,x731,CFG731_83f956404d04e6cd,CFG731_cc50cacf788bd84a,2.0,TRUE_IN_TOP3,2,stromSchaltbar|customUserFluid,12,12,0,3,3,0,12,0,22.74467992760413,x731,false
RFQ731-004228,G731ST-HT,CFG731_7c70763d4cf79560,CFG731_ea138d51de519353,6.0,TRUE_IN_TOP10,1,stromSchaltbar,10,10,0,4,4,0,10,0,25.018724405290403,G731ST-HT,false
RFQ731-004229,G731ST-LT,CFG731_715a3d3226cbaffd,CFG731_715a3d3226cbaffd,1.0,CORRECT_TOP1,0,,11,11,0,5,5,0,11,0,27.06135358052758,G731ST-LT,false
RFQ731-004230,G731ST-HT,CFG731_bbffb73f3dff6787,CFG731_ff5d8da56ff22796,7.0,TRUE_IN_TOP10,3,stromEingaenge|temperaturEingaenge|binaerOpenColl_MP,10,10,0,3,3,0,10,0,23.507071933467586,G731ST-HT,false
RFQ731-004231,G731ST-HT,CFG731_7b2f69a7ca55041b,CFG731_49bb1327a04ca706,2.0,TRUE_IN_TOP3,1,temperaturEingaenge,10,10,0,5,5,0,10,0,26.448869696740648,G731ST-HT,false
RFQ731-004232,x731,CFG731_a9ec8cda9130252f,CFG731_a9ec8cda9130252f,1.0,CORRECT_TOP1,0,,10,10,0,4,4,0,10,0,21.61092631341104,x731,false
RFQ731-004233,G731ST-LT,CFG731_d124ccffa669c3a2,CFG731_d124ccffa669c3a2,1.0,CORRECT_TOP1,0,,11,11,0,5,5,0,11,0,26.99141084494676,G731ST-LT,false
RFQ731-004234,G731ST-LT,CFG731_0dd81a588b2a1411,CFG731_0dd81a588b2a1411,1.0,CORRECT_TOP1,0,,9,9,0,5,5,0,9,0,24.32563407725631,G731ST-LT,false
RFQ731-004235,G731ST-HT,CFG731_bbffb73f3dff6787,CFG731_aa4779c40e6c2de0,3.0,TRUE_IN_TOP3,3,stromSchaltbar|temperaturEingaenge|binaerOpenColl_MP,8,8,0,5,5,0,8,0,23.471334058575398,G731ST-HT,false
RFQ731-004236,x731,CFG731_ad672c682712eda8,CFG731_79a3938f47d28a2e,4.0,TRUE_IN_TOP5,2,stromSchaltbar|customUserFluid,11,11,0,3,3,0,11,0,19.59787118554944,x731,false
RFQ731-004237,G731ST-HT,CFG731_fcc72e9951376cf3,CFG731_5dd35c89836ec88e,2.0,TRUE_IN_TOP3,1,stromEingaenge,9,9,0,6,6,0,9,0,27.327531346320782,G731ST-HT,false
RFQ731-004238,G731ST-HT,CFG731_7c70763d4cf79560,CFG731_7c70763d4cf79560,1.0,CORRECT_TOP1,0,,11,11,0,4,4,0,11,0,26.47280484609084,G731ST-HT,false
RFQ731-004239,x731,CFG731_db395082b1a3b8ac,CFG731_db395082b1a3b8ac,1.0,CORRECT_TOP1,0,,13,13,0,1,1,0,13,0,22.940611540664392,x731,false
RFQ731-004240,x731,CFG731_8d07e19298d09d34,CFG731_c35b817e9679c657,3.0,TRUE_IN_TOP3,2,stromEingaenge|binaerOpenColl_MP,12,12,0,2,2,0,12,0,20.23044132588476,x731,false
RFQ731-004241,x731,CFG731_0fbee36816b7af98,CFG731_b74fb5418dad3b38,2.0,TRUE_IN_TOP3,1,stromEingaenge,10,10,0,6,6,0,10,0,23.346991855889964,x731,false
RFQ731-004242,G731ST-LT,CFG731_10085782ed0991cf,CFG731_10085782ed0991cf,1.0,CORRECT_TOP1,0,,13,13,0,3,3,0,13,0,27.141388917413163,G731ST-LT,false
RFQ731-004243,x731,CFG731_ad672c682712eda8,CFG731_f61d3bc030352da6,7.0,TRUE_IN_TOP10,2,stromSchaltbar|binaerDigitalOpenColl_MN,9,9,0,5,5,0,9,0,18.683185105781245,x731,false
RFQ731-004244,G731ST-LT,CFG731_2469d1b04bd775f6,CFG731_2469d1b04bd775f6,1.0,CORRECT_TOP1,0,,9,9,0,6,6,0,9,0,25.13465685225086,G731ST-LT,false
RFQ731-004245,x731,CFG731_3611bb1fba248e38,CFG731_2590cdb37d481b9a,2.0,TRUE_IN_TOP3,1,temperaturEingaenge,12,12,0,2,2,0,12,0,19.97247863019276,x731,false
RFQ731-004246,x731,CFG731_5f9d5671c315ce06,CFG731_b7fc2f4bee7659de,4.0,TRUE_IN_TOP5,1,temperaturEingaenge,10,10,0,4,4,0,10,0,20.295728992317635,x731,false
RFQ731-004247,x731,CFG731_ae4ea28b1eaeb3df,CFG731_b7967e012afd69f5,3.0,TRUE_IN_TOP3,1,customUserFluid,10,10,0,5,5,0,10,0,21.07588677570008,x731,false
RFQ731-004248,x731,CFG731_0fbee36816b7af98,CFG731_b74fb5418dad3b38,2.0,TRUE_IN_TOP3,1,stromEingaenge,12,12,0,4,4,0,12,0,23.346991855889964,x731,false
RFQ731-004249,x731,CFG731_0c05dd0ad4f3894a,CFG731_0c05dd0ad4f3894a,1.0,CORRECT_TOP1,0,,10,10,0,6,6,0,10,0,23.447835096514144,x731,false
RFQ731-004250,x731,CFG731_b80f5441ee56ff19,CFG731_b80f5441ee56ff19,1.0,CORRECT_TOP1,0,,9,9,0,7,7,0,9,0,23.04681568880656,x731,false
RFQ731-004251,x731,CFG731_e1c54b5b080fabb2,CFG731_5690130201345e77,4.0,TRUE_IN_TOP5,3,stromSchaltbar|temperaturEingaenge|customUserFluid,7,7,0,5,5,0,7,0,18.666497820235627,x731,false
RFQ731-004252,F731TE,CFG731_574aa7a29f75cd60,CFG731_574aa7a29f75cd60,1.0,CORRECT_TOP1,0,,8,8,0,5,5,0,8,0,35.46079387870506,F731TE,false
RFQ731-004253,x731,CFG731_219ac3d01befd6d1,CFG731_9d1ffcce07240574,4.0,TRUE_IN_TOP5,2,stromSchaltbar|temperaturEingaenge,10,10,0,4,4,0,10,0,20.28184227617364,x731,false
RFQ731-004254,G731CA,CFG731_757fbd3e8915b462,CFG731_757fbd3e8915b462,1.0,CORRECT_TOP1,0,,11,11,0,3,3,0,11,0,33.69134256155629,G731CA,false
RFQ731-004255,G731ST-LT,CFG731_0029021d98da4557,CFG731_7f493b76fa02174d,4.0,TRUE_IN_TOP5,1,temperaturEingaenge,10,10,0,4,4,0,10,0,24.289896202364123,G731ST-LT,false
RFQ731-004256,x731,CFG731_78d3b084a795c836,CFG731_78d3b084a795c836,1.0,CORRECT_TOP1,0,,12,12,0,5,5,0,12,0,24.35302045493101,x731,false
RFQ731-004257,x731,CFG731_8d07e19298d09d34,CFG731_17becc4d045fdd6e,2.0,TRUE_IN_TOP3,1,stromSchaltbar,8,8,0,7,7,0,8,0,22.46777251713077,x731,false
RFQ731-004258,x731,CFG731_5f9d5671c315ce06,CFG731_b7fc2f4bee7659de,4.0,TRUE_IN_TOP5,1,temperaturEingaenge,12,12,0,2,2,0,12,0,20.295728992317635,x731,false
RFQ731-004259,G731ST-LT,CFG731_49cd4cbef1081333,CFG731_26554ff79bcf8a3f,3.0,TRUE_IN_TOP3,1,stromEingaenge,11,11,0,3,3,0,11,0,23.6174510555878,G731ST-LT,false
RFQ731-004260,x731,CFG731_5a8170a3daa0efb9,CFG731_5a8170a3daa0efb9,1.0,CORRECT_TOP1,0,,10,10,0,4,4,0,10,0,23.425306860834265,x731,false
RFQ731-004261,x731,CFG731_22fecf5bb26e1132,CFG731_22fecf5bb26e1132,1.0,CORRECT_TOP1,0,,11,11,0,4,4,0,11,0,22.244470125273384,x731,false
RFQ731-004262,G731ST-LT,CFG731_996314000fcfec4b,CFG731_22da0d6030817265,2.0,TRUE_IN_TOP3,1,temperaturEingaenge,11,11,0,4,4,0,11,0,25.424929002576945,G731ST-LT,false
RFQ731-004263,x731,CFG731_8d07e19298d09d34,CFG731_b121cee26f3c8168,3.0,TRUE_IN_TOP3,3,stromEingaenge|binaerOpenColl_MP|customUserFluid,10,10,0,3,3,0,10,0,19.162330489840848,x731,false
RFQ731-004264,G731ST-HT,CFG731_8b18ac1c34209d63,CFG731_708466e4f37148f0,2.0,TRUE_IN_TOP3,1,temperaturEingaenge,9,9,0,6,6,0,9,0,26.73914184706673,G731ST-HT,false
RFQ731-004265,G731ST-LT,CFG731_a40ab19ad6671fbe,CFG731_a40ab19ad6671fbe,1.0,CORRECT_TOP1,0,,14,14,0,2,2,0,14,0,26.949215780743785,G731ST-LT,false
RFQ731-004266,G731CA,CFG731_691a8f2ff165671d,CFG731_691a8f2ff165671d,1.0,CORRECT_TOP1,0,,7,7,0,5,5,0,7,0,26.623951496598032,G731CA,false
RFQ731-004267,F731TE,CFG731_874928f24c55285e,CFG731_874928f24c55285e,1.0,CORRECT_TOP1,0,,9,9,0,4,4,0,9,0,39.169853628786285,F731TE,false
RFQ731-004268,x731,CFG731_ef2da8cd513b19be,CFG731_ef2da8cd513b19be,1.0,CORRECT_TOP1,0,,13,13,0,1,1,0,13,0,21.49668611583682,x731,false
RFQ731-004269,G731ST-HT,CFG731_9f9bc93c4b0253cf,CFG731_7cc9f85131c775cb,2.0,TRUE_IN_TOP3,1,temperaturEingaenge,11,11,0,3,3,0,11,0,25.180505203298807,G731ST-HT,false
RFQ731-004270,G731ST-HT,CFG731_37f66c3948c00e57,CFG731_37f66c3948c00e57,1.0,CORRECT_TOP1,0,,10,10,0,3,3,0,10,0,23.513529122778365,G731ST-HT,false
RFQ731-004271,G731CA,CFG731_757fbd3e8915b462,CFG731_757fbd3e8915b462,1.0,CORRECT_TOP1,0,,10,10,0,4,4,0,10,0,33.69134256155629,G731CA,false
RFQ731-004272,x731,CFG731_1f978c234895178c,CFG731_007c0829be0a9482,2.0,TRUE_IN_TOP3,1,dev_advMeterVerification,11,11,0,4,4,0,11,0,21.259534756377747,x731,false
RFQ731-004273,x731,CFG731_f030e97d69c5c359,CFG731_f030e97d69c5c359,1.0,CORRECT_TOP1,0,,10,10,0,4,4,0,10,0,20.71838419800622,x731,false
RFQ731-004274,G731ST-LT,CFG731_7882c72c21497015,CFG731_7882c72c21497015,1.0,CORRECT_TOP1,0,,11,11,0,5,5,0,11,0,27.28168299527284,G731ST-LT,false
RFQ731-004275,F731TE,CFG731_8b8ba7e2341f1295,CFG731_8b8ba7e2341f1295,1.0,CORRECT_TOP1,0,,10,10,0,3,3,0,10,0,37.62369419029741,F731TE,false
RFQ731-004276,G731ST-LT,CFG731_1123bef3c890d293,CFG731_1123bef3c890d293,1.0,CORRECT_TOP1,0,,12,12,0,3,3,0,12,0,25.74397664316456,G731ST-LT,false
RFQ731-004277,G731CA,CFG731_19ec976991ce75a9,CFG731_19f7d73d8e42e7bd,2.0,TRUE_IN_TOP3,2,stromSchaltbar|binaerDigitalOpenColl_MN,8,8,0,4,4,0,8,0,23.50282974726883,G731CA,false
RFQ731-004278,G731ST-HT,CFG731_cc9ac35e4d9a1854,CFG731_143205a81a2e7efc,2.0,TRUE_IN_TOP3,1,stromSchaltbar,12,12,0,3,3,0,12,0,26.85154324863611,G731ST-HT,false
RFQ731-004279,F731TE,CFG731_07fb816f7dc25bc8,CFG731_07fb816f7dc25bc8,1.0,CORRECT_TOP1,0,,10,10,0,3,3,0,10,0,33.41309765756593,F731TE,false
RFQ731-004280,x731,CFG731_9a659fd01cd1d239,CFG731_9a659fd01cd1d239,1.0,CORRECT_TOP1,0,,13,13,0,0,0,0,13,0,21.792792364124445,x731,false
RFQ731-004281,G731ST-HT,CFG731_7b2f69a7ca55041b,CFG731_7b2f69a7ca55041b,1.0,CORRECT_TOP1,0,,14,14,0,2,2,0,14,0,27.80408690678628,G731ST-HT,false
RFQ731-004282,x731,CFG731_bbcb665ced67f8c3,CFG731_bbcb665ced67f8c3,1.0,CORRECT_TOP1,0,,12,12,0,4,4,0,12,0,22.99304091336301,x731,false
RFQ731-004283,x731,CFG731_a20b10157efccecb,CFG731_a20b10157efccecb,1.0,CORRECT_TOP1,0,,13,13,0,2,2,0,13,0,22.684200384985285,x731,false
RFQ731-004284,x731,CFG731_868fc79316fb0836,CFG731_868fc79316fb0836,1.0,CORRECT_TOP1,0,,9,9,0,5,5,0,9,0,20.761121786844743,x731,false
RFQ731-004285,x731,CFG731_0fbee36816b7af98,CFG731_8ff92e2888b6b13f,2.0,TRUE_IN_TOP3,1,binaerDigitalOpenColl_MN,11,11,0,5,5,0,11,0,22.782537505986102,x731,false
RFQ731-004286,x731,CFG731_6e096e946540ab4e,CFG731_6e096e946540ab4e,1.0,CORRECT_TOP1,0,,12,12,0,5,5,0,12,0,23.91552989523192,x731,false
RFQ731-004287,x731,CFG731_337790e6bbcf15f4,CFG731_48cf6bd4ca59e583,4.0,TRUE_IN_TOP5,1,binaerOpenColl_MP,13,13,0,1,1,0,13,0,19.441923359176243,x731,false
RFQ731-004288,x731,CFG731_9fd2ebe15271fc33,CFG731_9fd2ebe15271fc33,1.0,CORRECT_TOP1,0,,13,13,0,2,2,0,13,0,22.63043973002991,x731,false
RFQ731-004289,F731WD_DualChannel,CFG731_c0f6f70a47ed04ba,CFG731_c0f6f70a47ed04ba,1.0,CORRECT_TOP1,0,,10,10,0,2,2,0,10,0,34.491549867105086,F731WD_DualChannel,false
RFQ731-004290,F731PW,CFG731_7fea22051dcc86b6,CFG731_7fea22051dcc86b6,1.0,CORRECT_TOP1,0,,10,10,0,2,2,0,10,0,34.67118328099436,F731PW,false
RFQ731-004291,x731,CFG731_14299a2a74e42d7f,CFG731_b60961340903daf0,3.0,TRUE_IN_TOP3,1,binaerDigitalOpenColl_MN,10,10,0,3,3,0,10,0,22.142336399122044,x731,false
RFQ731-004292,x731,CFG731_f87794e7a98d0b11,CFG731_f87794e7a98d0b11,1.0,CORRECT_TOP1,0,,13,13,0,4,4,0,13,0,23.76555182276551,x731,false
RFQ731-004293,x731,CFG731_12089d5d54f581ac,CFG731_78ea99817ca8be6a,10.0,TRUE_IN_TOP10,1,binaerDigitalOpenColl_MN,11,11,0,2,2,0,11,0,17.94564785417283,x731,false
RFQ731-004294,G731ST-LT,CFG731_d432b6fd40e9e78c,CFG731_d432b6fd40e9e78c,1.0,CORRECT_TOP1,0,,12,12,0,2,2,0,12,0,24.472385344426765,G731ST-LT,false
RFQ731-004295,x731,CFG731_440f9c9b032b7d0a,CFG731_80409e6aafce9221,3.0,TRUE_IN_TOP3,1,stromEingaenge,11,11,0,3,3,0,11,0,19.567966282292456,x731,false
RFQ731-004296,x731,CFG731_47bb86ed234fd5e6,CFG731_47bb86ed234fd5e6,1.0,CORRECT_TOP1,0,,10,10,0,4,4,0,10,0,23.69372785241215,x731,false
RFQ731-004297,x731,CFG731_1af3f9470bd904d5,CFG731_4a42ba5932c01b01,2.0,TRUE_IN_TOP3,1,stromSchaltbar,14,14,0,2,2,0,14,0,22.439598295683275,x731,false
RFQ731-004298,x731,CFG731_f7f0034a8b15f329,CFG731_8634a8a0a780401d,2.0,TRUE_IN_TOP3,1,binaerOpenColl_MP,10,10,0,3,3,0,10,0,21.1100427304931,x731,false
RFQ731-004299,x731,CFG731_5ea309f998205da7,CFG731_e627c8f2606e7a39,4.0,TRUE_IN_TOP5,1,temperaturEingaenge,10,10,0,5,5,0,10,0,22.081719901103845,x731,false
RFQ731-004300,x731,CFG731_1147f9711c4bff84,CFG731_1147f9711c4bff84,1.0,CORRECT_TOP1,0,,9,9,0,5,5,0,9,0,24.08068821755677,x731,false
RFQ731-004301,x731,CFG731_fde1ab2a4808b544,CFG731_eea573acdafa9ee3,3.0,TRUE_IN_TOP3,2,stromSchaltbar|customUserFluid,11,11,0,3,3,0,11,0,20.43433777092661,x731,false
RFQ731-004302,x731,CFG731_4ba013fed31fb45f,CFG731_4ba013fed31fb45f,1.0,CORRECT_TOP1,0,,9,9,0,4,4,0,9,0,22.31949416394986,x731,false
RFQ731-004303,x731,CFG731_f8b0b03f1ea66d75,CFG731_f8b0b03f1ea66d75,1.0,CORRECT_TOP1,0,,11,11,0,4,4,0,11,0,21.86973282930321,x731,false
RFQ731-004304,G731ST-LT,CFG731_49cd4cbef1081333,CFG731_26554ff79bcf8a3f,3.0,TRUE_IN_TOP3,1,stromEingaenge,12,12,0,2,2,0,12,0,23.6174510555878,G731ST-LT,false
RFQ731-004305,x731,CFG731_c11c5ee5deff9a1e,CFG731_c11c5ee5deff9a1e,1.0,CORRECT_TOP1,0,,13,13,0,2,2,0,13,0,22.0332054929492,x731,false
RFQ731-004306,x731,CFG731_219ac3d01befd6d1,CFG731_755046fae493cb9e,3.0,TRUE_IN_TOP3,2,binaerOpenColl_MP|customUserFluid,13,13,0,1,1,0,13,0,19.749960024837605,x731,false
RFQ731-004307,F731WD_DualChannel,CFG731_cd1c2b236ffda331,CFG731_f53899c7a09e0138,2.0,TRUE_IN_TOP3,1,stromEingaenge,7,7,0,3,3,0,7,0,26.028198619174976,F731WD_DualChannel,false
RFQ731-004308,x731,CFG731_5cae68c0a1d5db32,CFG731_99b0e8b3e87f779a,3.0,TRUE_IN_TOP3,1,binaerDigitalOpenColl_MN,11,11,0,1,1,0,11,0,20.90817676636884,x731,false
RFQ731-004309,x731,CFG731_440f9c9b032b7d0a,CFG731_b65b306a03ca71c9,4.0,TRUE_IN_TOP5,1,stromSchaltbar,8,8,0,6,6,0,8,0,19.532228407400265,x731,false
RFQ731-004310,x731,CFG731_88cb619bd3d90e89,CFG731_461b65559193c662,4.0,TRUE_IN_TOP5,2,stromSchaltbar|temperaturEingaenge,11,11,0,2,2,0,11,0,19.3070668004252,x731,false
RFQ731-004311,x731,CFG731_1f978c234895178c,CFG731_d3c5560c94fdc01f,10.0,TRUE_IN_TOP10,3,stromSchaltbar|temperaturEingaenge|dev_advMeterVerification,11,11,0,2,2,0,11,0,18.450237105531677,x731,false
RFQ731-004312,x731,CFG731_deb6c547366eb132,CFG731_d057ad35aef0eea2,4.0,TRUE_IN_TOP5,1,binaerDigitalOpenColl_MN,9,9,0,4,4,0,9,0,18.468489056270947,x731,false
RFQ731-004313,x731,CFG731_3b2a32abbf148ca1,CFG731_8c429238b2628537,2.0,TRUE_IN_TOP3,1,stromSchaltbar,12,12,0,4,4,0,12,0,22.770813100412365,x731,false
RFQ731-004314,F731WD_DualChannel,CFG731_a4610f5f38e7d946,CFG731_a4610f5f38e7d946,1.0,CORRECT_TOP1,0,,11,11,0,2,2,0,11,0,36.30115881302178,F731WD_DualChannel,false
RFQ731-004315,x731,CFG731_ad0a2fd7350b6cca,CFG731_1c4555c04dc17835,7.0,TRUE_IN_TOP10,4,stromSchaltbar|dev_advMeterVerification|dynamicGasMaster|customUserFluid,11,11,0,2,2,0,11,0,19.12724487972572,x731,false
RFQ731-004316,x731,CFG731_6e096e946540ab4e,CFG731_ac8195f5cce7d089,2.0,TRUE_IN_TOP3,1,stromEingaenge,8,8,0,8,8,0,8,0,22.497187329323665,x731,false
RFQ731-004317,x731,CFG731_60f3aae8ede70fe0,CFG731_60f3aae8ede70fe0,1.0,CORRECT_TOP1,0,,13,13,0,4,4,0,13,0,23.475279672439427,x731,false
RFQ731-004318,x731,CFG731_0c05dd0ad4f3894a,CFG731_0c05dd0ad4f3894a,1.0,CORRECT_TOP1,0,,12,12,0,4,4,0,12,0,23.447835096514144,x731,false
RFQ731-004319,F731WD_DualChannel,CFG731_2688c6c5fd11ba8e,CFG731_2688c6c5fd11ba8e,1.0,CORRECT_TOP1,0,,11,11,0,0,0,0,11,0,26.90529673260837,F731WD_DualChannel,false
RFQ731-004320,x731,CFG731_296392aa95929245,CFG731_296392aa95929245,1.0,CORRECT_TOP1,0,,11,11,0,3,3,0,11,0,20.10370792563136,x731,false
RFQ731-004321,x731,CFG731_8f470181ad32eeae,CFG731_8f470181ad32eeae,1.0,CORRECT_TOP1,0,,12,12,0,5,5,0,12,0,25.33681394002931,x731,false
RFQ731-004322,x731,CFG731_8d07e19298d09d34,CFG731_8d07e19298d09d34,1.0,CORRECT_TOP1,0,,12,12,0,4,4,0,12,0,23.921852957931208,x731,false
RFQ731-004323,x731,CFG731_17dba025c91c278d,CFG731_17dba025c91c278d,1.0,CORRECT_TOP1,0,,10,10,0,5,5,0,10,0,21.37148745963936,x731,false
RFQ731-004324,x731,CFG731_7733a6e26ede07b9,CFG731_7733a6e26ede07b9,1.0,CORRECT_TOP1,0,,11,11,0,2,2,0,11,0,21.856838587075615,x731,false
RFQ731-004325,x731,CFG731_cf543b1c3927ab71,CFG731_ede0b25f5f83644d,2.0,TRUE_IN_TOP3,3,stromSchaltbar|temperaturEingaenge|dev_advMeterVerification,10,10,0,3,3,0,10,0,20.156110102044224,x731,false
RFQ731-004326,G731ST-HT,CFG731_6cc2f5d089c01baf,CFG731_6cc2f5d089c01baf,1.0,CORRECT_TOP1,0,,10,10,0,4,4,0,10,0,25.48986884927969,G731ST-HT,false
RFQ731-004327,F731TE,CFG731_1962af6277da6f54,CFG731_1962af6277da6f54,1.0,CORRECT_TOP1,0,,9,9,0,4,4,0,9,0,35.41859881450209,F731TE,false
RFQ731-004328,x731,CFG731_fe9a409c6b2ba9cc,CFG731_08efe1333b2d7967,6.0,TRUE_IN_TOP10,2,stromEingaenge|customUserFluid,9,9,0,4,4,0,9,0,18.95919716469584,x731,false
RFQ731-004329,x731,CFG731_24648603ca730481,CFG731_f0496d00d34377f6,5.0,TRUE_IN_TOP5,2,stromSchaltbar|stromEingaenge,9,9,0,4,4,0,9,0,18.883843615720163,x731,false
RFQ731-004330,x731,CFG731_947b0b2717816adb,CFG731_947b0b2717816adb,1.0,CORRECT_TOP1,0,,9,9,0,4,4,0,9,0,22.70664311364192,x731,false
RFQ731-004331,x731,CFG731_ae1f3e9a90950fc3,CFG731_ae1f3e9a90950fc3,1.0,CORRECT_TOP1,0,,11,11,0,3,3,0,11,0,20.430479175796904,x731,false
RFQ731-004332,F731TE,CFG731_874928f24c55285e,CFG731_874928f24c55285e,1.0,CORRECT_TOP1,0,,10,10,0,3,3,0,10,0,39.169853628786285,F731TE,false
RFQ731-004333,x731,CFG731_3b2a32abbf148ca1,CFG731_8e97bb2bec352a2c,3.0,TRUE_IN_TOP3,2,stromEingaenge|temperaturEingaenge,10,10,0,5,5,0,10,0,21.451333765258923,x731,false
RFQ731-004334,x731,CFG731_27b6b45b43224be7,CFG731_7dce730729047505,2.0,TRUE_IN_TOP3,1,stromSchaltbar,8,8,0,7,7,0,8,0,21.372814439958887,x731,false
RFQ731-004335,G731ST-LT,CFG731_515a31451814aae9,CFG731_515a31451814aae9,1.0,CORRECT_TOP1,0,,11,11,0,2,2,0,11,0,23.011847714315543,G731ST-LT,false
RFQ731-004336,x731,CFG731_6e096e946540ab4e,CFG731_7d4c803343a40a05,2.0,TRUE_IN_TOP3,2,stromEingaenge|dev_advMeterVerification,11,11,0,4,4,0,11,0,21.40951282884415,x731,false
RFQ731-004337,G731ST-HT,CFG731_a3b03637ed22317c,CFG731_dde2f7fe043f7ade,2.0,TRUE_IN_TOP3,1,stromEingaenge,13,13,0,2,2,0,13,0,26.845086059325325,G731ST-HT,false
RFQ731-004338,x731,CFG731_04a53b6cc81d57d6,CFG731_ca03fff98c65f515,6.0,TRUE_IN_TOP10,2,binaerDigitalOpenColl_MN|customUserFluid,9,9,0,4,4,0,9,0,18.59373333117956,x731,false
RFQ731-004339,x731,CFG731_a9ec8cda9130252f,CFG731_a9ec8cda9130252f,1.0,CORRECT_TOP1,0,,11,11,0,3,3,0,11,0,21.61092631341104,x731,false
RFQ731-004340,G731ST-LT,CFG731_ae2e4cfccaff4f50,CFG731_75db38d1df65a8f3,8.0,TRUE_IN_TOP10,2,temperaturEingaenge|binaerDigitalOpenColl_MN,11,11,0,2,2,0,11,0,22.19931627828857,G731ST-LT,false
RFQ731-004341,G731ST-HT,CFG731_8b18ac1c34209d63,CFG731_d44e54f35ee15977,2.0,TRUE_IN_TOP3,2,stromEingaenge|temperaturEingaenge,7,7,0,7,7,0,7,0,25.32079928115848,G731ST-HT,false
RFQ731-004342,F731PW,CFG731_92efd7a3c43da152,CFG731_92efd7a3c43da152,1.0,CORRECT_TOP1,0,,9,9,0,3,3,0,9,0,35.610524999026474,F731PW,false
RFQ731-004343,G731ST-HT,CFG731_4aa7d46b9cfa7d7b,CFG731_4aa7d46b9cfa7d7b,1.0,CORRECT_TOP1,0,,11,11,0,5,5,0,11,0,28.37556642501737,G731ST-HT,false
RFQ731-004344,x731,CFG731_648b3a822a947c68,CFG731_648b3a822a947c68,1.0,CORRECT_TOP1,0,,8,8,0,7,7,0,8,0,21.60776902703612,x731,false
RFQ731-004345,x731,CFG731_241d60e6ef5278be,CFG731_56dbee462245ee56,3.0,TRUE_IN_TOP3,3,binaerDigitalOpenColl_MN|dev_advMeterVerification|customUserFluid,12,12,0,1,1,0,12,0,18.812263596824497,x731,false
RFQ731-004346,G731ST-LT,CFG731_750dd83a06ba43cb,CFG731_a2a709ad804cc5a2,3.0,TRUE_IN_TOP3,1,temperaturEingaenge,11,11,0,3,3,0,11,0,24.430190280223798,G731ST-LT,false
RFQ731-004347,x731,CFG731_14299a2a74e42d7f,CFG731_b60961340903daf0,3.0,TRUE_IN_TOP3,1,binaerDigitalOpenColl_MN,8,8,0,5,5,0,8,0,22.142336399122044,x731,false
RFQ731-004348,G731CA,CFG731_0738cd529389f266,CFG731_3781457447e45e13,2.0,TRUE_IN_TOP3,2,stromSchaltbar|binaerOpenColl_MP,8,8,0,4,4,0,8,0,22.931350229037736,G731CA,false
RFQ731-004349,x731,CFG731_9e4fccece4d272d3,CFG731_16e6520dce2c28e4,5.0,TRUE_IN_TOP5,2,stromEingaenge|dev_advMeterVerification,11,11,0,3,3,0,11,0,20.191423920333836,x731,false
RFQ731-004350,x731,CFG731_c39096767a7ae083,CFG731_4da2b3fd83325505,2.0,TRUE_IN_TOP3,2,stromEingaenge|dev_advMeterVerification,9,9,0,6,6,0,9,0,21.761071539028016,x731,false
RFQ731-004351,F731WD_DualChannel,CFG731_a4610f5f38e7d946,CFG731_a4610f5f38e7d946,1.0,CORRECT_TOP1,0,,8,8,0,5,5,0,8,0,36.30115881302178,F731WD_DualChannel,false
RFQ731-004352,x731,CFG731_186348c5f967a6f7,CFG731_f287b32480efae51,2.0,TRUE_IN_TOP3,2,temperaturEingaenge|customUserFluid,9,9,0,4,4,0,9,0,19.39944738748833,x731,false
RFQ731-004353,F731WD_DualChannel,CFG731_c37386a371e13fa8,CFG731_c37386a371e13fa8,1.0,CORRECT_TOP1,0,,10,10,0,2,2,0,10,0,30.890273125287308,F731WD_DualChannel,false
RFQ731-004354,x731,CFG731_91e51485b56960b2,CFG731_deb3d65220135a9e,3.0,TRUE_IN_TOP3,2,stromEingaenge|temperaturEingaenge,10,10,0,5,5,0,10,0,21.203256679135816,x731,false
RFQ731-004355,x731,CFG731_e116a79dd463fd7e,CFG731_e116a79dd463fd7e,1.0,CORRECT_TOP1,0,,12,12,0,4,4,0,12,0,22.847419059188,x731,false
RFQ731-004356,x731,CFG731_011ca4ba794bd4d6,CFG731_011ca4ba794bd4d6,1.0,CORRECT_TOP1,0,,10,10,0,4,4,0,10,0,22.985056638041776,x731,false
RFQ731-004357,G731ST-HT,CFG731_a4416ae9d698efa6,CFG731_a4416ae9d698efa6,1.0,CORRECT_TOP1,0,,12,12,0,2,2,0,12,0,25.72347283305394,G731ST-HT,false
RFQ731-004358,x731,CFG731_91e51485b56960b2,CFG731_f57ccd8e79618aa1,3.0,TRUE_IN_TOP3,3,stromSchaltbar|temperaturEingaenge|binaerDigitalOpenColl_MN,12,12,0,2,2,0,12,0,19.184721888431515,x731,false
RFQ731-004359,x731,CFG731_e201a8a6e4588b00,CFG731_e201a8a6e4588b00,1.0,CORRECT_TOP1,0,,10,10,0,4,4,0,10,0,20.410890056980406,x731,false
RFQ731-004360,x731,CFG731_9a0f0b26c7f24725,CFG731_bb4f0886ba308d63,6.0,TRUE_IN_TOP10,2,dev_advMeterVerification|customUserFluid,8,8,0,6,6,0,8,0,21.6927433020168,x731,false
RFQ731-004361,x731,CFG731_5e61ce3b60d15e11,CFG731_8216171cc39f78aa,2.0,TRUE_IN_TOP3,1,stromSchaltbar,13,13,0,3,3,0,13,0,23.451548058857448,x731,false
RFQ731-004362,x731,CFG731_8cf35251fcd54982,CFG731_8cf35251fcd54982,1.0,CORRECT_TOP1,0,,12,12,0,3,3,0,12,0,22.10933928294404,x731,false
RFQ731-004363,x731,CFG731_219ac3d01befd6d1,CFG731_02c05dd3bc721c1b,3.0,TRUE_IN_TOP3,2,binaerOpenColl_MP|dev_advMeterVerification,13,13,0,1,1,0,13,0,19.730396360402004,x731,false
RFQ731-004364,G731CA,CFG731_14235f3888d71408,CFG731_14235f3888d71408,1.0,CORRECT_TOP1,0,,11,11,0,3,3,0,11,0,30.74134520113768,G731CA,false
RFQ731-004365,x731,CFG731_a59cc7e57b856164,CFG731_134ecd7b8190bed1,2.0,TRUE_IN_TOP3,2,stromSchaltbar|stromEingaenge,10,10,0,3,3,0,10,0,19.755499301034664,x731,false
RFQ731-004366,G731CA,CFG731_faff6da73df00950,CFG731_faff6da73df00950,1.0,CORRECT_TOP1,0,,12,12,0,2,2,0,12,0,33.9910632327716,G731CA,false
RFQ731-004367,G731VG,CFG731_6a47b38d62a9fed3,CFG731_6a47b38d62a9fed3,1.0,CORRECT_TOP1,0,,9,9,0,6,6,0,9,0,38.92475428030488,G731VG,false
RFQ731-004368,x731,CFG731_4ed713e2b6c74ca8,CFG731_4ed713e2b6c74ca8,1.0,CORRECT_TOP1,0,,10,10,0,4,4,0,10,0,19.61908112400405,x731,false
RFQ731-004369,F731TE,CFG731_3794187f0a0c3133,CFG731_344778a042931752,2.0,TRUE_IN_TOP3,2,stromSchaltbar|binaerOpenColl_MP,8,8,0,3,3,0,8,0,29.705916209934024,F731TE,false
RFQ731-004370,F731TE,CFG731_8b8ba7e2341f1295,CFG731_b7c1a02b25610507,2.0,TRUE_IN_TOP3,2,stromSchaltbar|binaerOpenColl_MP,10,10,0,1,1,0,10,0,28.619098489892448,F731TE,false
RFQ731-004371,G731ST-LT,CFG731_8da1da530d6ae54d,CFG731_8da1da530d6ae54d,1.0,CORRECT_TOP1,0,,13,13,0,3,3,0,13,0,27.431661067739245,G731ST-LT,false
RFQ731-004372,x731,CFG731_8153d67c519453a2,CFG731_8153d67c519453a2,1.0,CORRECT_TOP1,0,,9,9,0,6,6,0,9,0,21.730161190919983,x731,false
RFQ731-004373,x731,CFG731_a92ad5294d9187e9,CFG731_a92ad5294d9187e9,1.0,CORRECT_TOP1,0,,10,10,0,4,4,0,10,0,23.50920869932568,x731,false
RFQ731-004374,x731,CFG731_516629085c122a4e,CFG731_516629085c122a4e,1.0,CORRECT_TOP1,0,,12,12,0,4,4,0,12,0,22.800867776693632,x731,false
RFQ731-004375,x731,CFG731_b4f65e97f91c3587,CFG731_b4f65e97f91c3587,1.0,CORRECT_TOP1,0,,11,11,0,5,5,0,11,0,21.94530172407324,x731,false
RFQ731-004376,G731ST-LT,CFG731_e03b41992c837b34,CFG731_e03b41992c837b34,1.0,CORRECT_TOP1,0,,13,13,0,2,2,0,13,0,25.32606577182213,G731ST-LT,false
RFQ731-004377,x731,CFG731_516629085c122a4e,CFG731_516629085c122a4e,1.0,CORRECT_TOP1,0,,12,12,0,4,4,0,12,0,22.800867776693632,x731,false
RFQ731-004378,x731,CFG731_6b36d25fda044bf5,CFG731_dd3145b6d50f35f0,7.0,TRUE_IN_TOP10,2,stromEingaenge|customUserFluid,8,8,0,6,6,0,8,0,19.974996052479312,x731,false
RFQ731-004379,x731,CFG731_af755e9c46cfadd4,CFG731_af755e9c46cfadd4,1.0,CORRECT_TOP1,0,,12,12,0,2,2,0,12,0,23.659186771792086,x731,false
RFQ731-004380,G731ST-HT,CFG731_288e4c99b4e02895,CFG731_1b33a9ed446bc0fd,6.0,TRUE_IN_TOP10,2,stromSchaltbar|binaerDigitalOpenColl_MN,10,10,0,2,2,0,10,0,21.593649774219845,G731ST-HT,false
RFQ731-004381,x731,CFG731_12089d5d54f581ac,CFG731_12089d5d54f581ac,1.0,CORRECT_TOP1,0,,10,10,0,4,4,0,10,0,19.928444769984942,x731,false
RFQ731-004382,G731CA,CFG731_b43582909c828d95,CFG731_b43582909c828d95,1.0,CORRECT_TOP1,0,,10,10,0,2,2,0,10,0,21.956670308779955,G731CA,false
RFQ731-004383,x731,CFG731_db983e07a279051a,CFG731_db983e07a279051a,1.0,CORRECT_TOP1,0,,13,13,0,1,1,0,13,0,22.48351985539151,x731,false
RFQ731-004384,x731,CFG731_8d07e19298d09d34,CFG731_cbbe948e572a42e8,3.0,TRUE_IN_TOP3,2,stromSchaltbar|temperaturEingaenge,9,9,0,5,5,0,9,0,21.112555307085135,x731,false
RFQ731-004385,G731ST-HT,CFG731_7b2f69a7ca55041b,CFG731_7b2f69a7ca55041b,1.0,CORRECT_TOP1,0,,12,12,0,4,4,0,12,0,27.80408690678628,G731ST-HT,false
RFQ731-004386,x731,CFG731_9fd2ebe15271fc33,CFG731_9fd2ebe15271fc33,1.0,CORRECT_TOP1,0,,9,9,0,6,6,0,9,0,22.63043973002991,x731,false
RFQ731-004387,x731,CFG731_8d07e19298d09d34,CFG731_c35b817e9679c657,3.0,TRUE_IN_TOP3,2,stromEingaenge|binaerOpenColl_MP,11,11,0,3,3,0,11,0,20.23044132588476,x731,false
RFQ731-004388,G731ST-LT,CFG731_0fdf5c36c9c41e69,CFG731_04ce01976de342c1,2.0,TRUE_IN_TOP3,1,stromSchaltbar,12,12,0,3,3,0,12,0,25.185771693962455,G731ST-LT,false
RFQ731-004389,G731ST-LT,CFG731_996314000fcfec4b,CFG731_22da0d6030817265,2.0,TRUE_IN_TOP3,1,temperaturEingaenge,11,11,0,4,4,0,11,0,25.424929002576945,G731ST-LT,false
RFQ731-004390,G731ST-HT,CFG731_63eca10a00ae1f5d,CFG731_63eca10a00ae1f5d,1.0,CORRECT_TOP1,0,,15,15,0,1,1,0,15,0,28.59589583976263,G731ST-HT,false
RFQ731-004391,G731CA,CFG731_95a64c12c70f922a,CFG731_95a64c12c70f922a,1.0,CORRECT_TOP1,0,,10,10,0,4,4,0,10,0,32.28750463962656,G731CA,false
RFQ731-004392,x731,CFG731_219ac3d01befd6d1,CFG731_7eb5b2d6a16dd3a3,2.0,TRUE_IN_TOP3,1,temperaturEingaenge,12,12,0,3,3,0,12,0,21.735922716974084,x731,false
RFQ731-004393,G731ST-LT,CFG731_d432b6fd40e9e78c,CFG731_d432b6fd40e9e78c,1.0,CORRECT_TOP1,0,,13,13,0,1,1,0,13,0,24.472385344426765,G731ST-LT,false
RFQ731-004394,F731TE,CFG731_07fb816f7dc25bc8,CFG731_07fb816f7dc25bc8,1.0,CORRECT_TOP1,0,,10,10,0,3,3,0,10,0,33.41309765756593,F731TE,false
RFQ731-004395,G731ST-LT,CFG731_7b1edd53e8bbad40,CFG731_7b1edd53e8bbad40,1.0,CORRECT_TOP1,0,,13,13,0,2,2,0,13,0,25.971123437628023,G731ST-LT,false
RFQ731-004396,x731,CFG731_8d78781f8753b72a,CFG731_8d78781f8753b72a,1.0,CORRECT_TOP1,0,,9,9,0,5,5,0,9,0,23.16094095540965,x731,false
RFQ731-004397,x731,CFG731_8d07e19298d09d34,CFG731_4d84757c3603b51c,4.0,TRUE_IN_TOP5,2,stromEingaenge|dev_advMeterVerification,9,9,0,5,5,0,9,0,21.41583589154344,x731,false
RFQ731-004398,x731,CFG731_1147f9711c4bff84,CFG731_1147f9711c4bff84,1.0,CORRECT_TOP1,0,,10,10,0,4,4,0,10,0,24.08068821755677,x731,false
RFQ731-004399,G731CA,CFG731_edf13ed38a4b54de,CFG731_edf13ed38a4b54de,1.0,CORRECT_TOP1,0,,11,11,0,3,3,0,11,0,37.03238511893273,G731CA,false
RFQ731-004400,x731,CFG731_7f60255816247683,CFG731_39890affe81b5eb5,3.0,TRUE_IN_TOP3,1,dynamicGasMaster,9,9,0,6,6,0,9,0,20.376981085698574,x731,false
RFQ731-004401,x731,CFG731_219ac3d01befd6d1,CFG731_b418359232bf5862,6.0,TRUE_IN_TOP10,3,stromEingaenge|temperaturEingaenge|binaerOpenColl_MP,11,11,0,2,2,0,11,0,18.04451108492764,x731,false
RFQ731-004402,G731CA,CFG731_2aca30183aab25a9,CFG731_f235f4dd7693c885,2.0,TRUE_IN_TOP3,2,stromSchaltbar|binaerOpenColl_MP,9,9,0,3,3,0,9,0,21.38519079054886,G731CA,false
RFQ731-004403,x731,CFG731_e049618b920d59b6,CFG731_ddbc59cfdb50b468,2.0,TRUE_IN_TOP3,1,binaerDigitalOpenColl_MN,9,9,0,6,6,0,9,0,21.749958510950343,x731,false
RFQ731-004404,x731,CFG731_f7f0034a8b15f329,CFG731_8634a8a0a780401d,2.0,TRUE_IN_TOP3,1,binaerOpenColl_MP,9,9,0,4,4,0,9,0,21.1100427304931,x731,false
RFQ731-004405,G731ST-LT,CFG731_32b4b1ec4513af66,CFG731_986bac7252cc57eb,4.0,TRUE_IN_TOP5,2,stromEingaenge|binaerOpenColl_MP,13,13,0,1,1,0,13,0,23.238712653042533,G731ST-LT,false
RFQ731-004406,G731ST-LT,CFG731_a57ffd88d58eb498,CFG731_fa6ab94f1cf566b3,3.0,TRUE_IN_TOP3,1,binaerDigitalOpenColl_MN,10,10,0,4,4,0,10,0,23.590271363226396,G731ST-LT,false
RFQ731-004407,G731ST-LT,CFG731_750dd83a06ba43cb,CFG731_750dd83a06ba43cb,1.0,CORRECT_TOP1,0,,11,11,0,4,4,0,11,0,25.785407490269424,G731ST-LT,false
RFQ731-004408,x731,CFG731_3662a471d9ce3167,CFG731_3662a471d9ce3167,1.0,CORRECT_TOP1,0,,9,9,0,7,7,0,9,0,22.60994704982422,x731,false
RFQ731-004409,G731ST-HT,CFG731_63eca10a00ae1f5d,CFG731_ab3b0ae98d7b2345,2.0,TRUE_IN_TOP3,1,stromSchaltbar,12,12,0,3,3,0,12,0,27.14181539896219,G731ST-HT,false
RFQ731-004410,G731ST-HT,CFG731_bbffb73f3dff6787,CFG731_bbffb73f3dff6787,1.0,CORRECT_TOP1,0,,13,13,0,3,3,0,13,0,28.55370077555966,G731ST-HT,false
RFQ731-004411,x731,CFG731_cd4f211fbf872f2e,CFG731_6084e24782dc3f55,6.0,TRUE_IN_TOP10,2,stromSchaltbar|customUserFluid,9,9,0,4,4,0,9,0,19.363709512596134,x731,false
RFQ731-004412,x731,CFG731_440f9c9b032b7d0a,CFG731_80409e6aafce9221,3.0,TRUE_IN_TOP3,1,stromEingaenge,11,11,0,3,3,0,11,0,19.567966282292456,x731,false
RFQ731-004413,G731CA,CFG731_817824ee3a762453,CFG731_817824ee3a762453,1.0,CORRECT_TOP1,0,,9,9,0,5,5,0,9,0,30.89132327360409,G731CA,false
RFQ731-004414,x731,CFG731_2a8793475d827bb6,CFG731_b48a547ba9b64245,5.0,TRUE_IN_TOP5,2,binaerDigitalOpenColl_MN|dev_advMeterVerification,9,9,0,4,4,0,9,0,19.56426827116993,x731,false
RFQ731-004415,x731,CFG731_78d3b084a795c836,CFG731_e9b10f07ada7d5e2,2.0,TRUE_IN_TOP3,2,stromSchaltbar|binaerDigitalOpenColl_MN,10,10,0,5,5,0,10,0,20.916143098318457,x731,false
RFQ731-004416,x731,CFG731_9db378257f9cf6a7,CFG731_9db378257f9cf6a7,1.0,CORRECT_TOP1,0,,11,11,0,3,3,0,11,0,19.90795930666128,x731,false
RFQ731-004417,G731VG,CFG731_6a47b38d62a9fed3,CFG731_6a47b38d62a9fed3,1.0,CORRECT_TOP1,0,,8,8,0,7,7,0,8,0,38.92475428030488,G731VG,false
RFQ731-004418,G731ST-LT,CFG731_938851275519b7cb,CFG731_938851275519b7cb,1.0,CORRECT_TOP1,0,,9,9,0,5,5,0,9,0,24.437771877040102,G731ST-LT,false
RFQ731-004419,x731,CFG731_b4987f1c95e91d0d,CFG731_8d9f29ebcd8f04bd,2.0,TRUE_IN_TOP3,1,stromSchaltbar,9,9,0,6,6,0,9,0,20.8874456174459,x731,false
RFQ731-004420,x731,CFG731_e1c54b5b080fabb2,CFG731_e1c54b5b080fabb2,1.0,CORRECT_TOP1,0,,11,11,0,4,4,0,11,0,22.54390630712561,x731,false
RFQ731-004421,x731,CFG731_67de76f701c9cfad,CFG731_c66891bf502d2d83,2.0,TRUE_IN_TOP3,1,customUserFluid,10,10,0,5,5,0,10,0,22.0011779322276,x731,false
RFQ731-004422,x731,CFG731_a48cbb33873bda1b,CFG731_a48cbb33873bda1b,1.0,CORRECT_TOP1,0,,13,13,0,3,3,0,13,0,22.41033461271988,x731,false
RFQ731-004423,x731,CFG731_5e50b9bcbfa0b051,CFG731_5e50b9bcbfa0b051,1.0,CORRECT_TOP1,0,,12,12,0,1,1,0,12,0,19.253962518384395,x731,false
RFQ731-004424,G731ST-HT,CFG731_8fd0ed37b442c386,CFG731_8fd0ed37b442c386,1.0,CORRECT_TOP1,0,,10,10,0,5,5,0,10,0,26.542747581671662,G731ST-HT,false
RFQ731-004425,x731,CFG731_9fcbeaf9d5010d3a,CFG731_f2b6724ca609efbb,8.0,TRUE_IN_TOP10,2,stromEingaenge|customUserFluid,9,9,0,4,4,0,9,0,19.192801148470085,x731,false
RFQ731-004426,G731CA,CFG731_14235f3888d71408,CFG731_14235f3888d71408,1.0,CORRECT_TOP1,0,,9,9,0,5,5,0,9,0,30.74134520113768,G731CA,false
RFQ731-004427,G731ST-LT,CFG731_1d89d7fdc7355744,CFG731_2eae9204301f61ab,3.0,TRUE_IN_TOP3,1,stromSchaltbar,12,12,0,2,2,0,12,0,24.559238061030555,G731ST-LT,false
RFQ731-004428,x731,CFG731_2683cf7e09782f5e,CFG731_2683cf7e09782f5e,1.0,CORRECT_TOP1,0,,9,9,0,7,7,0,9,0,22.62841662476227,x731,false
RFQ731-004429,x731,CFG731_747411fe70ba8e8d,CFG731_7187559e0dc892c4,2.0,TRUE_IN_TOP3,1,customUserFluid,11,11,0,3,3,0,11,0,20.43134724805975,x731,false
RFQ731-004430,G731ST-HT,CFG731_e2d64e127f97296d,CFG731_e2d64e127f97296d,1.0,CORRECT_TOP1,0,,11,11,0,4,4,0,11,0,26.49998453845225,G731ST-HT,false
RFQ731-004431,G731ST-HT,CFG731_bbffb73f3dff6787,CFG731_b827079551368856,2.0,TRUE_IN_TOP3,1,temperaturEingaenge,10,10,0,5,5,0,10,0,27.198483565514028,G731ST-HT,false
RFQ731-004432,x731,CFG731_c11c5ee5deff9a1e,CFG731_c11c5ee5deff9a1e,1.0,CORRECT_TOP1,0,,10,10,0,5,5,0,10,0,22.0332054929492,x731,false
RFQ731-004433,x731,CFG731_df5f598a914fb1cc,CFG731_df5f598a914fb1cc,1.0,CORRECT_TOP1,0,,11,11,0,3,3,0,11,0,20.88925291522775,x731,false
RFQ731-004434,G731CA,CFG731_757fbd3e8915b462,CFG731_757fbd3e8915b462,1.0,CORRECT_TOP1,0,,9,9,0,5,5,0,9,0,33.69134256155629,G731CA,false
RFQ731-004435,G731ST-HT,CFG731_7b2f69a7ca55041b,CFG731_617247356a7014fb,2.0,TRUE_IN_TOP3,1,stromEingaenge,10,10,0,5,5,0,10,0,26.385744340878027,G731ST-HT,false
RFQ731-004436,x731,CFG731_91e51485b56960b2,CFG731_f57ccd8e79618aa1,3.0,TRUE_IN_TOP3,3,stromSchaltbar|temperaturEingaenge|binaerDigitalOpenColl_MN,9,9,0,5,5,0,9,0,19.184721888431515,x731,false
RFQ731-004437,x731,CFG731_89772de94df83ba5,CFG731_89772de94df83ba5,1.0,CORRECT_TOP1,0,,10,10,0,6,6,0,10,0,23.06298364894384,x731,false
RFQ731-004438,x731,CFG731_a59cc7e57b856164,CFG731_134ecd7b8190bed1,2.0,TRUE_IN_TOP3,2,stromSchaltbar|stromEingaenge,11,11,0,2,2,0,11,0,19.755499301034664,x731,false
RFQ731-004439,G731CA,CFG731_d2a75fda6f761c1b,CFG731_24b3128196e55c23,2.0,TRUE_IN_TOP3,2,stromSchaltbar|binaerOpenColl_MP,9,9,0,3,3,0,9,0,25.48800431501691,G731CA,false
RFQ731-004440,x731,CFG731_073f991a6c9a4683,CFG731_117f19eb2913314e,2.0,TRUE_IN_TOP3,1,stromEingaenge,13,13,0,3,3,0,13,0,23.074971966882437,x731,false
RFQ731-004441,x731,CFG731_353333bad447dbef,CFG731_5a14e01af9745dda,2.0,TRUE_IN_TOP3,1,customUserFluid,11,11,0,3,3,0,11,0,21.28542148351264,x731,false
RFQ731-004442,F731TE,CFG731_3794187f0a0c3133,CFG731_344778a042931752,2.0,TRUE_IN_TOP3,2,stromSchaltbar|binaerOpenColl_MP,9,9,0,2,2,0,9,0,29.705916209934024,F731TE,false
RFQ731-004443,x731,CFG731_7c358bf1aa4ea94e,CFG731_7c358bf1aa4ea94e,1.0,CORRECT_TOP1,0,,10,10,0,5,5,0,10,0,21.98341341689232,x731,false
RFQ731-004444,x731,CFG731_5d345c0f49f6f272,CFG731_13c137be155b0bd9,2.0,TRUE_IN_TOP3,1,temperaturEingaenge,14,14,0,1,1,0,14,0,22.74784570392849,x731,false
RFQ731-004445,G731ST-HT,CFG731_ef8d68b6d278bfec,CFG731_f9cbe189d57c95a1,3.0,TRUE_IN_TOP3,1,stromEingaenge,10,10,0,4,4,0,10,0,25.22193605040367,G731ST-HT,false
RFQ731-004446,G731ST-LT,CFG731_1d89d7fdc7355744,CFG731_1d89d7fdc7355744,1.0,CORRECT_TOP1,0,,11,11,0,4,4,0,11,0,26.013318501830994,G731ST-LT,false
RFQ731-004447,x731,CFG731_1f978c234895178c,CFG731_007c0829be0a9482,2.0,TRUE_IN_TOP3,1,dev_advMeterVerification,11,11,0,4,4,0,11,0,21.259534756377747,x731,false
RFQ731-004448,x731,CFG731_6e096e946540ab4e,CFG731_aacf790c5259123d,3.0,TRUE_IN_TOP3,2,dev_advMeterVerification|dynamicGasMaster,12,12,0,3,3,0,12,0,21.1478993739198,x731,false
RFQ731-004449,x731,CFG731_496bd7a964d6cd85,CFG731_d22e45d35b3b7f29,2.0,TRUE_IN_TOP3,1,dev_advMeterVerification,12,12,0,3,3,0,12,0,22.513851630844343,x731,false
RFQ731-004450,x731,CFG731_243419c6708378b3,CFG731_243419c6708378b3,1.0,CORRECT_TOP1,0,,13,13,0,2,2,0,13,0,21.21421686761144,x731,false
RFQ731-004451,x731,CFG731_02ec1e408c44cf5d,CFG731_2a1c7295f72ff6ac,2.0,TRUE_IN_TOP3,1,temperaturEingaenge,14,14,0,1,1,0,14,0,21.621655743180103,x731,false
RFQ731-004452,x731,CFG731_31c4aded40f9387f,CFG731_815c45454a3f88bd,2.0,TRUE_IN_TOP3,1,stromSchaltbar,14,14,0,1,1,0,14,0,21.80738146414045,x731,false
RFQ731-004453,G731ST-LT,CFG731_e0009be417f51ccd,CFG731_e0009be417f51ccd,1.0,CORRECT_TOP1,0,,13,13,0,3,3,0,13,0,27.239487931069867,G731ST-LT,false
RFQ731-004454,x731,CFG731_2a8793475d827bb6,CFG731_2a8793475d827bb6,1.0,CORRECT_TOP1,0,,13,13,0,2,2,0,13,0,22.63473968746156,x731,false
RFQ731-004455,x731,CFG731_5dd42015f6f61801,CFG731_65da22cd215fbcf6,2.0,TRUE_IN_TOP3,1,temperaturEingaenge,9,9,0,7,7,0,9,0,22.57940418084109,x731,false
RFQ731-004456,x731,CFG731_18e687233239e907,CFG731_18e687233239e907,1.0,CORRECT_TOP1,0,,12,12,0,2,2,0,12,0,21.393762674990143,x731,false
RFQ731-004457,x731,CFG731_021f4647ad1035b8,CFG731_021f4647ad1035b8,1.0,CORRECT_TOP1,0,,11,11,0,6,6,0,11,0,24.2030423824646,x731,false
RFQ731-004458,x731,CFG731_440f9c9b032b7d0a,CFG731_440f9c9b032b7d0a,1.0,CORRECT_TOP1,0,,9,9,0,6,6,0,9,0,20.986308848200707,x731,false
RFQ731-004459,G731ST-LT,CFG731_c050936f4a70e2a0,CFG731_9548d55d92816998,2.0,TRUE_IN_TOP3,1,temperaturEingaenge,9,9,0,5,5,0,9,0,24.252055929681507,G731ST-LT,false
RFQ731-004460,x731,CFG731_40e06ca56bd88fa1,CFG731_3f43e18524472dbe,3.0,TRUE_IN_TOP3,2,dev_advMeterVerification|dynamicGasMaster,9,9,0,5,5,0,9,0,21.721401997418536,x731,false
RFQ731-004461,x731,CFG731_7f60255816247683,CFG731_36045858c7c7e468,4.0,TRUE_IN_TOP5,1,customUserFluid,11,11,0,4,4,0,11,0,20.988826270487262,x731,false
RFQ731-004462,x731,CFG731_579057193c092394,CFG731_579057193c092394,1.0,CORRECT_TOP1,0,,12,12,0,3,3,0,12,0,20.602856665730737,x731,false
RFQ731-004463,x731,CFG731_dbe9c00b3af80524,CFG731_dbe9c00b3af80524,1.0,CORRECT_TOP1,0,,10,10,0,4,4,0,10,0,23.0905896131308,x731,false
RFQ731-004464,G731ST-HT,CFG731_fcc72e9951376cf3,CFG731_fcc72e9951376cf3,1.0,CORRECT_TOP1,0,,10,10,0,6,6,0,10,0,28.74587391222904,G731ST-HT,false
RFQ731-004465,F731WD_DualChannel,CFG731_c37386a371e13fa8,CFG731_c37386a371e13fa8,1.0,CORRECT_TOP1,0,,10,10,0,2,2,0,10,0,30.890273125287308,F731WD_DualChannel,false
RFQ731-004466,x731,CFG731_c775e192f3d489e9,CFG731_c775e192f3d489e9,1.0,CORRECT_TOP1,0,,11,11,0,3,3,0,11,0,23.09283964630521,x731,false
RFQ731-004467,x731,CFG731_6b5f6983490bc595,CFG731_6b5f6983490bc595,1.0,CORRECT_TOP1,0,,10,10,0,4,4,0,10,0,21.06988714230186,x731,false
RFQ731-004468,G731ST-LT,CFG731_10085782ed0991cf,CFG731_7282d6f5ee4e2e9b,3.0,TRUE_IN_TOP3,2,stromSchaltbar|binaerDigitalOpenColl_MN,10,10,0,4,4,0,10,0,23.70451156080061,G731ST-LT,false
RFQ731-004469,x731,CFG731_efc9d6b915117e15,CFG731_0adf2e67687ef664,5.0,TRUE_IN_TOP5,2,temperaturEingaenge|customUserFluid,10,10,0,3,3,0,10,0,18.790127596574624,x731,false
RFQ731-004470,F731TE,CFG731_b27467571d893d92,CFG731_b27467571d893d92,1.0,CORRECT_TOP1,0,,9,9,0,2,2,0,9,0,30.20745299258429,F731TE,false
RFQ731-004471,x731,CFG731_9a5bfa9148a9b604,CFG731_9a5bfa9148a9b604,1.0,CORRECT_TOP1,0,,10,10,0,4,4,0,10,0,24.301017632302027,x731,false
RFQ731-004472,x731,CFG731_5e50b9bcbfa0b051,CFG731_5e50b9bcbfa0b051,1.0,CORRECT_TOP1,0,,8,8,0,5,5,0,8,0,19.253962518384395,x731,false
RFQ731-004473,G731ST-HT,CFG731_7b2f69a7ca55041b,CFG731_7b2f69a7ca55041b,1.0,CORRECT_TOP1,0,,15,15,0,1,1,0,15,0,27.80408690678628,G731ST-HT,false
RFQ731-004474,F731TE,CFG731_ac57adca497d644f,CFG731_ac57adca497d644f,1.0,CORRECT_TOP1,0,,10,10,0,3,3,0,10,0,37.66588925450039,F731TE,false
RFQ731-004475,G731ST-HT,CFG731_fcc72e9951376cf3,CFG731_a6dd1d1aa0613d49,2.0,TRUE_IN_TOP3,1,temperaturEingaenge,9,9,0,6,6,0,9,0,27.390656702183406,G731ST-HT,false
RFQ731-004476,x731,CFG731_3b2a32abbf148ca1,CFG731_3df9fddf845f3508,2.0,TRUE_IN_TOP3,1,temperaturEingaenge,14,14,0,2,2,0,14,0,22.86967633116717,x731,false
RFQ731-004477,x731,CFG731_b7e47b5e3ac0c072,CFG731_a1bf91a6c5841fc0,3.0,TRUE_IN_TOP3,1,stromSchaltbar,8,8,0,4,4,0,8,0,18.806791898095295,x731,false
RFQ731-004478,F731PW,CFG731_0d8116f4900c6919,CFG731_0d8116f4900c6919,1.0,CORRECT_TOP1,0,,8,8,0,4,4,0,8,0,29.13642648818402,F731PW,false
RFQ731-004479,G731ST-HT,CFG731_bbffb73f3dff6787,CFG731_aa4779c40e6c2de0,3.0,TRUE_IN_TOP3,3,stromSchaltbar|temperaturEingaenge|binaerOpenColl_MP,8,8,0,5,5,0,8,0,23.471334058575398,G731ST-HT,false
RFQ731-004480,G731CA,CFG731_19ec976991ce75a9,CFG731_19f7d73d8e42e7bd,2.0,TRUE_IN_TOP3,2,stromSchaltbar|binaerDigitalOpenColl_MN,8,8,0,4,4,0,8,0,23.50282974726883,G731CA,false
RFQ731-004481,x731,CFG731_618cb6c1c21feda4,CFG731_618cb6c1c21feda4,1.0,CORRECT_TOP1,0,,11,11,0,4,4,0,11,0,21.39466559870709,x731,false
RFQ731-004482,G731CA,CFG731_4189e4dbecbffadb,CFG731_4189e4dbecbffadb,1.0,CORRECT_TOP1,0,,8,8,0,6,6,0,8,0,32.29516119553383,G731CA,false
RFQ731-004483,G731ST-LT,CFG731_a40ab19ad6671fbe,CFG731_098817d766a37bc2,2.0,TRUE_IN_TOP3,1,stromEingaenge,10,10,0,5,5,0,10,0,25.53087321483553,G731ST-LT,false
RFQ731-004484,x731,CFG731_219ac3d01befd6d1,CFG731_d647249920724d90,2.0,TRUE_IN_TOP3,2,stromSchaltbar|binaerOpenColl_MP,11,11,0,3,3,0,11,0,19.36399042008108,x731,false
RFQ731-004485,x731,CFG731_af755e9c46cfadd4,CFG731_af755e9c46cfadd4,1.0,CORRECT_TOP1,0,,7,7,0,7,7,0,7,0,23.659186771792086,x731,false
RFQ731-004486,x731,CFG731_91e51485b56960b2,CFG731_714af24c177b1743,4.0,TRUE_IN_TOP5,2,temperaturEingaenge|binaerDigitalOpenColl_MN,11,11,0,4,4,0,11,0,20.638802329231957,x731,false
RFQ731-004487,x731,CFG731_83f956404d04e6cd,CFG731_0c5cd97f5c20149b,,TRUE_UNRANKED,5,stromSchaltbar|binaerDigitalOpenColl_MN|dev_advMeterVerification|dynamicGasMaster|customUserFluid,9,9,0,3,3,0,9,0,17.9942524904799,x731,false
RFQ731-004488,G731CA,CFG731_1dfb5999b1debe3a,CFG731_1dfb5999b1debe3a,1.0,CORRECT_TOP1,0,,10,10,0,4,4,0,10,0,35.99656438970778,G731CA,false
RFQ731-004489,x731,CFG731_1f0c09edcd967945,CFG731_aa9e47c85fcdb938,5.0,TRUE_IN_TOP5,1,temperaturEingaenge,11,11,0,2,2,0,11,0,19.910640609031404,x731,false
RFQ731-004490,G731ST-LT,CFG731_996314000fcfec4b,CFG731_22da0d6030817265,2.0,TRUE_IN_TOP3,1,temperaturEingaenge,11,11,0,4,4,0,11,0,25.424929002576945,G731ST-LT,false
RFQ731-004491,x731,CFG731_5e61ce3b60d15e11,CFG731_d08d05393d04fb8a,2.0,TRUE_IN_TOP3,2,stromSchaltbar|dynamicGasMaster,9,9,0,6,6,0,9,0,21.77159203802485,x731,false
RFQ731-004492,x731,CFG731_88cb619bd3d90e89,CFG731_88cb619bd3d90e89,1.0,CORRECT_TOP1,0,,14,14,0,1,1,0,14,0,22.11636445127127,x731,false
RFQ731-004493,x731,CFG731_219ac3d01befd6d1,CFG731_9d1ffcce07240574,4.0,TRUE_IN_TOP5,2,stromSchaltbar|temperaturEingaenge,11,11,0,3,3,0,11,0,20.28184227617364,x731,false
RFQ731-004494,G731ST-LT,CFG731_c5da2661a169f82b,CFG731_c5da2661a169f82b,1.0,CORRECT_TOP1,0,,12,12,0,3,3,0,12,0,25.821145365161616,G731ST-LT,false
RFQ731-004495,x731,CFG731_9a0f0b26c7f24725,CFG731_399690ce112d8d2a,3.0,TRUE_IN_TOP3,1,customUserFluid,9,9,0,6,6,0,9,0,22.78041780249632,x731,false
RFQ731-004496,x731,CFG731_6b2b46dd281009ce,CFG731_6b2b46dd281009ce,1.0,CORRECT_TOP1,0,,10,10,0,3,3,0,10,0,21.779053283364444,x731,false
RFQ731-004497,F731WD_SingleChannel,CFG731_11c93eca01984a14,CFG731_0be7d6198235486b,2.0,TRUE_IN_TOP3,2,stromSchaltbar|binaerOpenColl_MP,9,9,0,2,2,0,9,0,25.359137294119503,F731WD_SingleChannel,false
RFQ731-004498,x731,CFG731_04bb9195f752ca8c,CFG731_04bb9195f752ca8c,1.0,CORRECT_TOP1,0,,12,12,0,2,2,0,12,0,22.751940846969397,x731,false
RFQ731-004499,G731ST-HT,CFG731_8216f56c8f1b8479,CFG731_8216f56c8f1b8479,1.0,CORRECT_TOP1,0,,9,9,0,5,5,0,9,0,24.931663900077588,G731ST-HT,false
RFQ731-004500,x731,CFG731_241d60e6ef5278be,CFG731_92fbdd06b7923fc1,2.0,TRUE_IN_TOP3,2,stromSchaltbar|temperaturEingaenge,8,8,0,6,6,0,8,0,20.14154819831397,x731,false
RFQ731-004501,F731TE,CFG731_574aa7a29f75cd60,CFG731_574aa7a29f75cd60,1.0,CORRECT_TOP1,0,,10,10,0,3,3,0,10,0,35.46079387870506,F731TE,false
RFQ731-004502,x731,CFG731_219ac3d01befd6d1,CFG731_4f6232b68baf7970,3.0,TRUE_IN_TOP3,1,binaerOpenColl_MP,10,10,0,5,5,0,10,0,20.81807086088152,x731,false
RFQ731-004503,x731,CFG731_440f9c9b032b7d0a,CFG731_55d3237d65c8a47c,3.0,TRUE_IN_TOP3,1,customUserFluid,12,12,0,2,2,0,12,0,19.918198012156797,x731,false
RFQ731-004504,x731,CFG731_579057193c092394,CFG731_579057193c092394,1.0,CORRECT_TOP1,0,,14,14,0,1,1,0,14,0,20.602856665730737,x731,false
RFQ731-004505,F731TE,CFG731_3d8c1bbc0ef4249a,CFG731_f79503cf8f87ea49,2.0,TRUE_IN_TOP3,2,stromSchaltbar|binaerOpenColl_MP,9,9,0,2,2,0,9,0,28.159756771445156,F731TE,false
RFQ731-004506,x731,CFG731_b4987f1c95e91d0d,CFG731_b4987f1c95e91d0d,1.0,CORRECT_TOP1,0,,11,11,0,5,5,0,11,0,22.341526058246338,x731,false
RFQ731-004507,F731TE,CFG731_8b8ba7e2341f1295,CFG731_b7c1a02b25610507,2.0,TRUE_IN_TOP3,2,stromSchaltbar|binaerOpenColl_MP,8,8,0,3,3,0,8,0,28.619098489892448,F731TE,false
RFQ731-004508,x731,CFG731_16bd4e059b8168a9,CFG731_16bd4e059b8168a9,1.0,CORRECT_TOP1,0,,13,13,0,1,1,0,13,0,23.139089796661445,x731,false
RFQ731-004509,F731WD_SingleChannel,CFG731_4ca309199387f8d5,CFG731_4ca309199387f8d5,1.0,CORRECT_TOP1,0,,12,12,0,1,1,0,12,0,30.61247818024028,F731WD_SingleChannel,false
RFQ731-004510,G731ST-HT,CFG731_bbffb73f3dff6787,CFG731_920bf82480de0a61,2.0,TRUE_IN_TOP3,2,stromEingaenge|temperaturEingaenge,12,12,0,2,2,0,12,0,25.780140999605777,G731ST-HT,false
RFQ731-004511,x731,CFG731_91e51485b56960b2,CFG731_2e9ef53f42218763,,TRUE_UNRANKED,4,stromSchaltbar|temperaturEingaenge|binaerDigitalOpenColl_MN|dev_advMeterVerification,12,12,0,1,1,0,12,0,18.097047387952,x731,false
RFQ731-004512,G731VG,CFG731_40b6e1db6c80bcc1,CFG731_40b6e1db6c80bcc1,1.0,CORRECT_TOP1,0,,11,11,0,4,4,0,11,0,38.77477620783847,G731VG,false
RFQ731-004513,x731,CFG731_b7c5e5eddd92ed3a,CFG731_558c0cc81a7cd52b,5.0,TRUE_IN_TOP5,2,stromSchaltbar|binaerDigitalOpenColl_MN,10,10,0,2,2,0,10,0,16.924118549168348,x731,false
RFQ731-004514,x731,CFG731_8c8856d21252930e,CFG731_bf8f7d1a25ad0a6e,2.0,TRUE_IN_TOP3,1,stromSchaltbar,9,9,0,4,4,0,9,0,21.821248347567412,x731,false
RFQ731-004515,x731,CFG731_7ffc09802c7b60bf,CFG731_917fc613cc9bf56a,2.0,TRUE_IN_TOP3,2,temperaturEingaenge|dev_advMeterVerification,9,9,0,5,5,0,9,0,20.037649239561134,x731,false
RFQ731-004516,x731,CFG731_c39096767a7ae083,CFG731_dc7c891c14ea05d8,2.0,TRUE_IN_TOP3,3,stromSchaltbar|temperaturEingaenge|customUserFluid,10,10,0,4,4,0,10,0,20.3896801185258,x731,false
RFQ731-004517,G731ST-HT,CFG731_4aa7d46b9cfa7d7b,CFG731_fa91f60062985c6d,3.0,TRUE_IN_TOP3,2,stromEingaenge|temperaturEingaenge,13,13,0,1,1,0,13,0,25.60200664906349,G731ST-HT,false
RFQ731-004518,x731,CFG731_89772de94df83ba5,CFG731_612322a75794f61a,10.0,TRUE_IN_TOP10,4,stromSchaltbar|temperaturEingaenge|dev_advMeterVerification|customUserFluid,8,8,0,4,4,0,8,0,18.09790066157434,x731,false
RFQ731-004519,x731,CFG731_d4a9fe62acefba0d,CFG731_d4a9fe62acefba0d,1.0,CORRECT_TOP1,0,,10,10,0,5,5,0,10,0,21.84489474043352,x731,false
RFQ731-004520,G731ST-HT,CFG731_329b582435fea539,CFG731_329b582435fea539,1.0,CORRECT_TOP1,0,,10,10,0,6,6,0,10,0,28.52554449748378,G731ST-HT,false
RFQ731-004521,F731TE,CFG731_3d8c1bbc0ef4249a,CFG731_f79503cf8f87ea49,2.0,TRUE_IN_TOP3,2,stromSchaltbar|binaerOpenColl_MP,8,8,0,3,3,0,8,0,28.159756771445156,F731TE,false
RFQ731-004522,x731,CFG731_c7c53fc5541f1dc1,CFG731_48a4e554ffcf39e6,3.0,TRUE_IN_TOP3,1,customUserFluid,9,9,0,5,5,0,9,0,20.314414374741467,x731,false
RFQ731-004523,x731,CFG731_a59cc7e57b856164,CFG731_134ecd7b8190bed1,2.0,TRUE_IN_TOP3,2,stromSchaltbar|stromEingaenge,12,12,0,1,1,0,12,0,19.755499301034664,x731,false
RFQ731-004524,G731VG,CFG731_40b6e1db6c80bcc1,CFG731_40b6e1db6c80bcc1,1.0,CORRECT_TOP1,0,,13,13,0,2,2,0,13,0,38.77477620783847,G731VG,false
RFQ731-004525,x731,CFG731_8d07e19298d09d34,CFG731_ddfa4ab00c1bcdd0,2.0,TRUE_IN_TOP3,1,stromEingaenge,12,12,0,3,3,0,12,0,22.50351039202296,x731,false
RFQ731-004526,x731,CFG731_a1f89a445799de07,CFG731_a1f89a445799de07,1.0,CORRECT_TOP1,0,,10,10,0,4,4,0,10,0,23.310919027876057,x731,false
RFQ731-004527,x731,CFG731_5ea309f998205da7,CFG731_b848918cab1cb35d,3.0,TRUE_IN_TOP3,1,stromEingaenge,13,13,0,2,2,0,13,0,22.018594545241225,x731,false
RFQ731-004528,F731TE,CFG731_07fb816f7dc25bc8,CFG731_07fb816f7dc25bc8,1.0,CORRECT_TOP1,0,,6,6,0,7,7,0,6,0,33.41309765756593,F731TE,false
RFQ731-004529,x731,CFG731_8d2d91c46ccfb471,CFG731_181ea7d5a9c21b8c,2.0,TRUE_IN_TOP3,1,stromEingaenge,12,12,0,4,4,0,12,0,23.698550566073823,x731,false
RFQ731-004530,x731,CFG731_7521d5a6673c8628,CFG731_7521d5a6673c8628,1.0,CORRECT_TOP1,0,,14,14,0,1,1,0,14,0,21.64219594552984,x731,false
RFQ731-004531,x731,CFG731_0acb7cb21878d0cf,CFG731_0acb7cb21878d0cf,1.0,CORRECT_TOP1,0,,10,10,0,6,6,0,10,0,23.039998309088357,x731,false
RFQ731-004532,x731,CFG731_efc9d6b915117e15,CFG731_1e692ee109597ef2,4.0,TRUE_IN_TOP5,1,binaerOpenColl_MP,11,11,0,3,3,0,11,0,18.940386576525977,x731,false
RFQ731-004533,G731ST-LT,CFG731_e03b41992c837b34,CFG731_e03b41992c837b34,1.0,CORRECT_TOP1,0,,9,9,0,6,6,0,9,0,25.32606577182213,G731ST-LT,false
RFQ731-004534,x731,CFG731_cd4f211fbf872f2e,CFG731_031d8f2fe50bf3d1,3.0,TRUE_IN_TOP3,1,stromSchaltbar,6,6,0,8,8,0,6,0,20.43182034864005,x731,false
RFQ731-004535,F731PW,CFG731_a9f22ebc14287e5d,CFG731_a9f22ebc14287e5d,1.0,CORRECT_TOP1,0,,8,8,0,4,4,0,8,0,28.56494696995293,F731PW,false
RFQ731-004536,x731,CFG731_8af4adfbdf504482,CFG731_8af4adfbdf504482,1.0,CORRECT_TOP1,0,,11,11,0,3,3,0,11,0,23.651532788209177,x731,false
RFQ731-004537,x731,CFG731_91e51485b56960b2,CFG731_ab67f4ca670c9841,2.0,TRUE_IN_TOP3,2,stromEingaenge|customUserFluid,12,12,0,3,3,0,12,0,21.49036305313753,x731,false
RFQ731-004538,G731ST-LT,CFG731_32b4b1ec4513af66,CFG731_68d95a26943b3650,2.0,TRUE_IN_TOP3,2,stromSchaltbar|temperaturEingaenge,9,9,0,5,5,0,9,0,24.12082663424291,G731ST-LT,false
RFQ731-004539,x731,CFG731_9fcbeaf9d5010d3a,CFG731_6be2d8f04f4b5682,6.0,TRUE_IN_TOP10,2,stromEingaenge|temperaturEingaenge,11,11,0,2,2,0,11,0,18.90569477446837,x731,false
RFQ731-004540,x731,CFG731_91e51485b56960b2,CFG731_91e51485b56960b2,1.0,CORRECT_TOP1,0,,12,12,0,5,5,0,12,0,23.976816455089697,x731,false
RFQ731-004541,x731,CFG731_8d07e19298d09d34,CFG731_cbbe948e572a42e8,3.0,TRUE_IN_TOP3,2,stromSchaltbar|temperaturEingaenge,12,12,0,2,2,0,12,0,21.112555307085135,x731,false
RFQ731-004542,x731,CFG731_91e51485b56960b2,CFG731_f57ccd8e79618aa1,3.0,TRUE_IN_TOP3,3,stromSchaltbar|temperaturEingaenge|binaerDigitalOpenColl_MN,11,11,0,3,3,0,11,0,19.184721888431515,x731,false
RFQ731-004543,x731,CFG731_78d3b084a795c836,CFG731_0b076e2e26216ca2,2.0,TRUE_IN_TOP3,2,stromSchaltbar|temperaturEingaenge,11,11,0,4,4,0,11,0,21.54372280408494,x731,false
RFQ731-004544,x731,CFG731_9fcbeaf9d5010d3a,CFG731_f2b6724ca609efbb,8.0,TRUE_IN_TOP10,2,stromEingaenge|customUserFluid,10,10,0,3,3,0,10,0,19.192801148470085,x731,false
RFQ731-004545,G731ST-LT,CFG731_a40ab19ad6671fbe,CFG731_a40ab19ad6671fbe,1.0,CORRECT_TOP1,0,,11,11,0,5,5,0,11,0,26.949215780743785,G731ST-LT,false
RFQ731-004546,x731,CFG731_2322a268d0a898f9,CFG731_631dadb7c0c7adf5,3.0,TRUE_IN_TOP3,1,stromEingaenge,8,8,0,6,6,0,8,0,20.627317924834923,x731,false
RFQ731-004547,x731,CFG731_162b59c5f8cf5a72,CFG731_162b59c5f8cf5a72,1.0,CORRECT_TOP1,0,,8,8,0,6,6,0,8,0,23.53714495525097,x731,false
RFQ731-004548,x731,CFG731_8a7a801f91254eeb,CFG731_8a7a801f91254eeb,1.0,CORRECT_TOP1,0,,10,10,0,4,4,0,10,0,22.51911009489971,x731,false
RFQ731-004549,x731,CFG731_7ffc09802c7b60bf,CFG731_7ffc09802c7b60bf,1.0,CORRECT_TOP1,0,,13,13,0,3,3,0,13,0,22.480540950086283,x731,false
RFQ731-004550,x731,CFG731_f8b0b03f1ea66d75,CFG731_f8b0b03f1ea66d75,1.0,CORRECT_TOP1,0,,13,13,0,2,2,0,13,0,21.86973282930321,x731,false
RFQ731-004551,x731,CFG731_cb9d6c11077bd307,CFG731_5e2afc74c0c26cfc,4.0,TRUE_IN_TOP5,1,stromSchaltbar,10,10,0,5,5,0,10,0,21.237461539824448,x731,false
RFQ731-004552,G731CA,CFG731_ed85647cd384c17a,CFG731_ed85647cd384c17a,1.0,CORRECT_TOP1,0,,12,12,0,2,2,0,12,0,32.43748271209297,G731CA,false
RFQ731-004553,G731ST-LT,CFG731_c050936f4a70e2a0,CFG731_9548d55d92816998,2.0,TRUE_IN_TOP3,1,temperaturEingaenge,11,11,0,3,3,0,11,0,24.252055929681507,G731ST-LT,false
RFQ731-004554,x731,CFG731_7630270d2245c283,CFG731_7630270d2245c283,1.0,CORRECT_TOP1,0,,13,13,0,3,3,0,13,0,23.306760777635297,x731,false
RFQ731-004555,G731ST-LT,CFG731_a57ffd88d58eb498,CFG731_e565a13ef4701c2d,4.0,TRUE_IN_TOP5,1,temperaturEingaenge,12,12,0,2,2,0,12,0,24.217851068992875,G731ST-LT,false
RFQ731-004556,x731,CFG731_5e61ce3b60d15e11,CFG731_d08d05393d04fb8a,2.0,TRUE_IN_TOP3,2,stromSchaltbar|dynamicGasMaster,11,11,0,4,4,0,11,0,21.77159203802485,x731,false
RFQ731-004557,F731WD_DualChannel,CFG731_cd1c2b236ffda331,CFG731_cd1c2b236ffda331,1.0,CORRECT_TOP1,0,,7,7,0,4,4,0,7,0,27.446541185083227,F731WD_DualChannel,false
RFQ731-004558,x731,CFG731_f97e51d1da57d99f,CFG731_b2ad61cdb45a54fb,2.0,TRUE_IN_TOP3,2,stromSchaltbar|stromEingaenge,10,10,0,4,4,0,10,0,21.33063731912753,x731,false
RFQ731-004559,x731,CFG731_df5f598a914fb1cc,CFG731_8bd839e0c8855562,,TRUE_UNRANKED,1,binaerDigitalOpenColl_MN,9,9,0,4,4,0,9,0,18.90645599941564,x731,false
RFQ731-004560,x731,CFG731_32b1041fd68aac23,CFG731_32b1041fd68aac23,1.0,CORRECT_TOP1,0,,12,12,0,4,4,0,12,0,22.781776281038827,x731,false
RFQ731-004561,x731,CFG731_fa2849b259355775,CFG731_fa2849b259355775,1.0,CORRECT_TOP1,0,,14,14,0,1,1,0,14,0,22.969309299781035,x731,false
RFQ731-004562,G731ST-LT,CFG731_455da2f832a6b66d,CFG731_23b68b2dd2793a5e,10.0,TRUE_IN_TOP10,2,temperaturEingaenge|binaerOpenColl_MP,11,11,0,2,2,0,11,0,21.733517370530496,G731ST-LT,false
RFQ731-004563,x731,CFG731_5be5a82ac0b29989,CFG731_5be5a82ac0b29989,1.0,CORRECT_TOP1,0,,9,9,0,4,4,0,9,0,22.247869374211067,x731,false
RFQ731-004564,F731PW,CFG731_a9f22ebc14287e5d,CFG731_a9f22ebc14287e5d,1.0,CORRECT_TOP1,0,,8,8,0,4,4,0,8,0,28.56494696995293,F731PW,false
RFQ731-004565,x731,CFG731_cb3a6f924677049e,CFG731_5d2495d91e9fa868,7.0,TRUE_IN_TOP10,1,temperaturEingaenge,12,12,0,2,2,0,12,0,20.510514512682487,x731,false
RFQ731-004566,G731ST-LT,CFG731_d5af433b36265df1,CFG731_d5af433b36265df1,1.0,CORRECT_TOP1,0,,9,9,0,6,6,0,9,0,25.64301101461933,G731ST-LT,false
RFQ731-004567,G731ST-HT,CFG731_bbffb73f3dff6787,CFG731_c0eb036469c0bf44,2.0,TRUE_IN_TOP3,1,stromSchaltbar,11,11,0,4,4,0,11,0,27.09962033475922,G731ST-HT,false
RFQ731-004568,x731,CFG731_c39096767a7ae083,CFG731_db8bcd9b778dd779,6.0,TRUE_IN_TOP10,3,stromEingaenge|temperaturEingaenge|dynamicGasMaster,8,8,0,6,6,0,8,0,19.8135728086293,x731,false
RFQ731-004569,G731CA,CFG731_495876b6233d3864,CFG731_495876b6233d3864,1.0,CORRECT_TOP1,0,,10,10,0,4,4,0,10,0,35.628547197002995,G731CA,false
RFQ731-004570,F731WD_SingleChannel,CFG731_a7d2a5a9ae465701,CFG731_ee8e327bbb737abf,2.0,TRUE_IN_TOP3,2,stromSchaltbar|binaerOpenColl_MP,6,6,0,5,5,0,6,0,25.90038174659436,F731WD_SingleChannel,false
RFQ731-004571,x731,CFG731_d27f5f5f307014a8,CFG731_9a3bcb48249a8b49,2.0,TRUE_IN_TOP3,1,dev_advMeterVerification,12,12,0,3,3,0,12,0,23.0511262883868,x731,false
RFQ731-004572,F731PW,CFG731_a9f22ebc14287e5d,CFG731_a9f22ebc14287e5d,1.0,CORRECT_TOP1,0,,8,8,0,4,4,0,8,0,28.56494696995293,F731PW,false
RFQ731-004573,x731,CFG731_c517a14f9cf12c39,CFG731_c517a14f9cf12c39,1.0,CORRECT_TOP1,0,,10,10,0,5,5,0,10,0,22.41665767541917,x731,false
RFQ731-004574,G731ST-LT,CFG731_0fdf5c36c9c41e69,CFG731_166343048c227f3c,2.0,TRUE_IN_TOP3,1,stromEingaenge,11,11,0,4,4,0,11,0,25.221509568854646,G731ST-LT,false
RFQ731-004575,x731,CFG731_bd855923d3e893b6,CFG731_bd855923d3e893b6,1.0,CORRECT_TOP1,0,,8,8,0,6,6,0,8,0,19.96038510477134,x731,false
RFQ731-004576,x731,CFG731_cb6654d77e7e4d72,CFG731_cb6654d77e7e4d72,1.0,CORRECT_TOP1,0,,10,10,0,3,3,0,10,0,22.01931799686645,x731,false
RFQ731-004577,x731,CFG731_59f11353d30c03ee,CFG731_e6cd7fd757de0523,8.0,TRUE_IN_TOP10,2,binaerOpenColl_MP|dev_advMeterVerification,13,13,0,1,1,0,13,0,19.560047606261065,x731,false
RFQ731-004578,F731TE,CFG731_3d8c1bbc0ef4249a,CFG731_3d8c1bbc0ef4249a,1.0,CORRECT_TOP1,0,,11,11,0,2,2,0,11,0,37.16435247185012,F731TE,false
RFQ731-004579,x731,CFG731_5e57a3f6d3b745b8,CFG731_5e57a3f6d3b745b8,1.0,CORRECT_TOP1,0,,14,14,0,0,0,0,14,0,23.79948084965176,x731,false
RFQ731-004580,x731,CFG731_a59cc7e57b856164,CFG731_3d3b1ab589678df9,3.0,TRUE_IN_TOP3,2,stromSchaltbar|dev_advMeterVerification,9,9,0,4,4,0,9,0,20.0861673664634,x731,false
RFQ731-004581,x731,CFG731_6b36d25fda044bf5,CFG731_6b36d25fda044bf5,1.0,CORRECT_TOP1,0,,11,11,0,5,5,0,11,0,22.46144945443148,x731,false
RFQ731-004582,G731ST-LT,CFG731_a57ffd88d58eb498,CFG731_a57ffd88d58eb498,1.0,CORRECT_TOP1,0,,11,11,0,4,4,0,11,0,25.573068279038505,G731ST-LT,false
RFQ731-004583,x731,CFG731_357a7724550c556f,CFG731_31b82ee906484bbd,3.0,TRUE_IN_TOP3,2,temperaturEingaenge|customUserFluid,9,9,0,4,4,0,9,0,18.75438972168244,x731,false
RFQ731-004584,x731,CFG731_40e06ca56bd88fa1,CFG731_3f43e18524472dbe,3.0,TRUE_IN_TOP3,2,dev_advMeterVerification|dynamicGasMaster,11,11,0,3,3,0,11,0,21.721401997418536,x731,false
RFQ731-004585,x731,CFG731_357a7724550c556f,CFG731_31b82ee906484bbd,3.0,TRUE_IN_TOP3,2,temperaturEingaenge|customUserFluid,9,9,0,4,4,0,9,0,18.75438972168244,x731,false
RFQ731-004586,x731,CFG731_241d60e6ef5278be,CFG731_b2229c50a5d9ad96,3.0,TRUE_IN_TOP3,1,binaerDigitalOpenColl_MN,14,14,0,1,1,0,14,0,20.968048933347927,x731,false
RFQ731-004587,x731,CFG731_db395082b1a3b8ac,CFG731_73e28cb740f9cabe,2.0,TRUE_IN_TOP3,1,stromSchaltbar,8,8,0,5,5,0,8,0,21.48653109986395,x731,false
RFQ731-004588,x731,CFG731_8f470181ad32eeae,CFG731_0893c2d75c71d33c,2.0,TRUE_IN_TOP3,2,stromSchaltbar|stromEingaenge,11,11,0,4,4,0,11,0,22.46439093332062,x731,false
RFQ731-004589,G731ST-HT,CFG731_8b18ac1c34209d63,CFG731_d44e54f35ee15977,2.0,TRUE_IN_TOP3,2,stromEingaenge|temperaturEingaenge,10,10,0,4,4,0,10,0,25.32079928115848,G731ST-HT,false
RFQ731-004590,G731VG,CFG731_cfb2b92dd8f09f39,CFG731_cfb2b92dd8f09f39,1.0,CORRECT_TOP1,0,,13,13,0,2,2,0,13,0,41.858304122441474,G731VG,false
RFQ731-004591,x731,CFG731_1b5b895b5e259903,CFG731_1b5b895b5e259903,1.0,CORRECT_TOP1,0,,12,12,0,2,2,0,12,0,23.62359653228389,x731,false
RFQ731-004592,x731,CFG731_9fa436b39059149d,CFG731_9fa436b39059149d,1.0,CORRECT_TOP1,0,,8,8,0,6,6,0,8,0,23.50155471574277,x731,false
RFQ731-004593,F731PW,CFG731_7fea22051dcc86b6,CFG731_7fea22051dcc86b6,1.0,CORRECT_TOP1,0,,6,6,0,6,6,0,6,0,34.67118328099436,F731PW,false
RFQ731-004594,G731CA,CFG731_7e4e2943182c4add,CFG731_04d132f563cdece8,2.0,TRUE_IN_TOP3,2,stromSchaltbar|binaerDigitalOpenColl_MN,9,9,0,3,3,0,9,0,28.24005367066773,G731CA,false
RFQ731-004595,x731,CFG731_aa082226d44cd876,CFG731_32dadb8e9fd49d04,3.0,TRUE_IN_TOP3,1,stromEingaenge,10,10,0,5,5,0,10,0,20.970140888063423,x731,false
RFQ731-004596,x731,CFG731_70b38ab75d3ca724,CFG731_70b38ab75d3ca724,1.0,CORRECT_TOP1,0,,12,12,0,3,3,0,12,0,21.363433715130576,x731,false
RFQ731-004597,x731,CFG731_36d7686aca1200ae,CFG731_36d7686aca1200ae,1.0,CORRECT_TOP1,0,,13,13,0,3,3,0,13,0,23.26013913928617,x731,false
RFQ731-004598,x731,CFG731_2b5aa7df11e558a1,CFG731_2b5aa7df11e558a1,1.0,CORRECT_TOP1,0,,11,11,0,3,3,0,11,0,19.85695924659881,x731,false
RFQ731-004599,x731,CFG731_3727d181b2806370,CFG731_3727d181b2806370,1.0,CORRECT_TOP1,0,,11,11,0,3,3,0,11,0,21.7869582661629,x731,false
RFQ731-004600,G731ST-LT,CFG731_ae2e4cfccaff4f50,CFG731_6e088ee30195b6c4,4.0,TRUE_IN_TOP5,1,stromEingaenge,11,11,0,3,3,0,11,0,24.118987838238063,G731ST-LT,false
RFQ731-004601,x731,CFG731_f87794e7a98d0b11,CFG731_dca3d8725270dd93,2.0,TRUE_IN_TOP3,1,stromSchaltbar,10,10,0,6,6,0,10,0,22.31147138196507,x731,false
RFQ731-004602,x731,CFG731_a9ec8cda9130252f,CFG731_a9ec8cda9130252f,1.0,CORRECT_TOP1,0,,11,11,0,3,3,0,11,0,21.61092631341104,x731,false
RFQ731-004603,F731WD_DualChannel,CFG731_35ed22cad11f9a11,CFG731_783ba1dc5751818d,2.0,TRUE_IN_TOP3,1,stromEingaenge,11,11,0,1,1,0,11,0,35.03279431957994,F731WD_DualChannel,false
RFQ731-004604,x731,CFG731_efc9d6b915117e15,CFG731_efc9d6b915117e15,1.0,CORRECT_TOP1,0,,11,11,0,4,4,0,11,0,21.21345564266417,x731,false
RFQ731-004605,x731,CFG731_1b5b895b5e259903,CFG731_1b5b895b5e259903,1.0,CORRECT_TOP1,0,,9,9,0,5,5,0,9,0,23.62359653228389,x731,false
RFQ731-004606,x731,CFG731_6b36d25fda044bf5,CFG731_312da2fbbd3df3eb,2.0,TRUE_IN_TOP3,1,temperaturEingaenge,10,10,0,5,5,0,10,0,21.106232244385847,x731,false
RFQ731-004607,G731ST-HT,CFG731_a4416ae9d698efa6,CFG731_a4416ae9d698efa6,1.0,CORRECT_TOP1,0,,11,11,0,3,3,0,11,0,25.72347283305394,G731ST-HT,false
RFQ731-004608,x731,CFG731_62d0f0f6bab9bdcb,CFG731_62d0f0f6bab9bdcb,1.0,CORRECT_TOP1,0,,13,13,0,3,3,0,13,0,23.13333499122269,x731,false
RFQ731-004609,x731,CFG731_32b1041fd68aac23,CFG731_7e8127b22098c853,2.0,TRUE_IN_TOP3,1,customUserFluid,11,11,0,4,4,0,11,0,21.713665444994916,x731,false
RFQ731-004610,G731ST-HT,CFG731_d03860c1f327a8d1,CFG731_d03860c1f327a8d1,1.0,CORRECT_TOP1,0,,12,12,0,3,3,0,12,0,27.107201931575528,G731ST-HT,false
RFQ731-004611,G731CA,CFG731_817824ee3a762453,CFG731_2cb814ee06486282,2.0,TRUE_IN_TOP3,2,stromSchaltbar|binaerOpenColl_MP,8,8,0,4,4,0,8,0,21.886727573199128,G731CA,false
RFQ731-004612,F731TE,CFG731_3d8c1bbc0ef4249a,CFG731_f79503cf8f87ea49,2.0,TRUE_IN_TOP3,2,stromSchaltbar|binaerOpenColl_MP,8,8,0,3,3,0,8,0,28.159756771445156,F731TE,false
RFQ731-004613,x731,CFG731_5ea309f998205da7,CFG731_b848918cab1cb35d,3.0,TRUE_IN_TOP3,1,stromEingaenge,10,10,0,5,5,0,10,0,22.018594545241225,x731,false
RFQ731-004614,F731TE,CFG731_ac57adca497d644f,CFG731_ac57adca497d644f,1.0,CORRECT_TOP1,0,,8,8,0,5,5,0,8,0,37.66588925450039,F731TE,false
RFQ731-004615,F731PW,CFG731_f9fd6a4462ec051a,CFG731_f9fd6a4462ec051a,1.0,CORRECT_TOP1,0,,9,9,0,3,3,0,9,0,34.02362848404934,F731PW,false
RFQ731-004616,G731ST-HT,CFG731_bbffb73f3dff6787,CFG731_920bf82480de0a61,2.0,TRUE_IN_TOP3,2,stromEingaenge|temperaturEingaenge,11,11,0,3,3,0,11,0,25.780140999605777,G731ST-HT,false
RFQ731-004617,G731CA,CFG731_817824ee3a762453,CFG731_2cb814ee06486282,2.0,TRUE_IN_TOP3,2,stromSchaltbar|binaerOpenColl_MP,8,8,0,4,4,0,8,0,21.886727573199128,G731CA,false
RFQ731-004618,x731,CFG731_83f956404d04e6cd,CFG731_b5a071e920590337,3.0,TRUE_IN_TOP3,2,stromSchaltbar|temperaturEingaenge,5,5,0,10,10,0,5,0,22.45757355360241,x731,false
RFQ731-004619,G731ST-LT,CFG731_d124ccffa669c3a2,CFG731_50a4a25852666336,3.0,TRUE_IN_TOP3,1,binaerDigitalOpenColl_MN,13,13,0,2,2,0,13,0,25.008613929134643,G731ST-LT,false
RFQ731-004620,x731,CFG731_ae4ea28b1eaeb3df,CFG731_48cdab7e27c13199,4.0,TRUE_IN_TOP5,2,stromSchaltbar|customUserFluid,13,13,0,1,1,0,13,0,19.62180633489964,x731,false
RFQ731-004621,x731,CFG731_4a3529e56644911e,CFG731_4a3529e56644911e,1.0,CORRECT_TOP1,0,,9,9,0,5,5,0,9,0,21.530890976525452,x731,false
RFQ731-004622,x731,CFG731_9fcbeaf9d5010d3a,CFG731_57b3b3a6958ee330,3.0,TRUE_IN_TOP3,1,stromEingaenge,10,10,0,4,4,0,10,0,20.260911984514,x731,false
RFQ731-004623,x731,CFG731_ad0a2fd7350b6cca,CFG731_9defb51135f6ef11,2.0,TRUE_IN_TOP3,2,stromSchaltbar|dynamicGasMaster,15,15,0,0,0,0,15,0,21.28303021624915,x731,false
RFQ731-004624,x731,CFG731_fe9a409c6b2ba9cc,CFG731_7986bd8f29a06f04,2.0,TRUE_IN_TOP3,2,stromSchaltbar|customUserFluid,12,12,0,1,1,0,12,0,18.923459289803645,x731,false
RFQ731-004625,x731,CFG731_3d652e6a54b1c68b,CFG731_3d652e6a54b1c68b,1.0,CORRECT_TOP1,0,,11,11,0,5,5,0,11,0,22.866510554842808,x731,false
RFQ731-004626,G731ST-HT,CFG731_4aa7d46b9cfa7d7b,CFG731_ff04d32ca467d2a5,3.0,TRUE_IN_TOP3,2,stromEingaenge|binaerDigitalOpenColl_MN,10,10,0,4,4,0,10,0,24.974426943297008,G731ST-HT,false
RFQ731-004627,x731,CFG731_214b093bf98ca9ef,CFG731_2451b1d5b9cd9ccd,7.0,TRUE_IN_TOP10,1,temperaturEingaenge,10,10,0,3,3,0,10,0,18.499855446248542,x731,false
RFQ731-004628,G731CA,CFG731_98ec9650b5463fd0,CFG731_98ec9650b5463fd0,1.0,CORRECT_TOP1,0,,10,10,0,2,2,0,10,0,28.170110935086907,G731CA,false
RFQ731-004629,G731ST-LT,CFG731_ae2e4cfccaff4f50,CFG731_ae2e4cfccaff4f50,1.0,CORRECT_TOP1,0,,9,9,0,6,6,0,9,0,25.537330404146317,G731ST-LT,false
RFQ731-004630,x731,CFG731_4d7e108ea05eeb07,CFG731_4d7e108ea05eeb07,1.0,CORRECT_TOP1,0,,12,12,0,2,2,0,12,0,24.41540546526024,x731,false
RFQ731-004631,x731,CFG731_70b38ab75d3ca724,CFG731_54eb49b16de55b41,4.0,TRUE_IN_TOP5,1,stromSchaltbar,11,11,0,3,3,0,11,0,19.909353274330137,x731,false
RFQ731-004632,x731,CFG731_2e57977cf2dd500a,CFG731_6d5d368a9b4b9e2f,4.0,TRUE_IN_TOP5,2,stromEingaenge|dynamicGasMaster,8,8,0,6,6,0,8,0,20.59892499901345,x731,false
RFQ731-004633,x731,CFG731_2a8793475d827bb6,CFG731_953eb2d6f6ffc3a0,3.0,TRUE_IN_TOP3,1,stromSchaltbar,11,11,0,3,3,0,11,0,21.18065924666112,x731,false
RFQ731-004634,G731ST-HT,CFG731_8b18ac1c34209d63,CFG731_8b18ac1c34209d63,1.0,CORRECT_TOP1,0,,13,13,0,3,3,0,13,0,28.09435905711236,G731ST-HT,false
RFQ731-004635,x731,CFG731_e8e7b7513a5c9544,CFG731_34247ec265566826,2.0,TRUE_IN_TOP3,1,stromEingaenge,11,11,0,4,4,0,11,0,21.76308400214706,x731,false
RFQ731-004636,x731,CFG731_086adbe1d654b214,CFG731_f3b867931d904122,4.0,TRUE_IN_TOP5,3,stromSchaltbar|temperaturEingaenge|dev_advMeterVerification,8,8,0,5,5,0,8,0,19.46258876727201,x731,false
RFQ731-004637,x731,CFG731_5dd42015f6f61801,CFG731_c7103e34e50d624a,3.0,TRUE_IN_TOP3,2,temperaturEingaenge|dev_advMeterVerification,9,9,0,6,6,0,9,0,21.491729680361576,x731,false
RFQ731-004638,x731,CFG731_2322a268d0a898f9,CFG731_7b9680fed3d10056,6.0,TRUE_IN_TOP10,2,stromEingaenge|customUserFluid,11,11,0,2,2,0,11,0,19.55920708879101,x731,false
RFQ731-004639,x731,CFG731_5d345c0f49f6f272,CFG731_5d345c0f49f6f272,1.0,CORRECT_TOP1,0,,14,14,0,2,2,0,14,0,24.103062913974124,x731,false
RFQ731-004640,x731,CFG731_241d60e6ef5278be,CFG731_7b80fca32fdc0db0,2.0,TRUE_IN_TOP3,1,stromSchaltbar,12,12,0,3,3,0,12,0,21.4967654083596,x731,false
RFQ731-004641,x731,CFG731_20e62aeb01c953da,CFG731_a9a3aec4d12a20b6,4.0,TRUE_IN_TOP5,2,temperaturEingaenge|dynamicGasMaster,12,12,0,2,2,0,12,0,19.963550881095703,x731,false
RFQ731-004642,x731,CFG731_fd7b09f495a568bc,CFG731_fd7b09f495a568bc,1.0,CORRECT_TOP1,0,,10,10,0,3,3,0,10,0,21.638759205504773,x731,false
RFQ731-004643,G731ST-LT,CFG731_1d59f25068204b01,CFG731_1d59f25068204b01,1.0,CORRECT_TOP1,0,,12,12,0,3,3,0,12,0,25.228534737181874,G731ST-LT,false
RFQ731-004644,x731,CFG731_5dd42015f6f61801,CFG731_5dd42015f6f61801,1.0,CORRECT_TOP1,0,,8,8,0,9,9,0,8,0,23.93462139088672,x731,false
RFQ731-004645,x731,CFG731_8d07e19298d09d34,CFG731_8d07e19298d09d34,1.0,CORRECT_TOP1,0,,11,11,0,5,5,0,11,0,23.921852957931208,x731,false
RFQ731-004646,G731ST-LT,CFG731_87d8ba5b87cf0a3f,CFG731_77fac91021549398,3.0,TRUE_IN_TOP3,2,temperaturEingaenge|binaerDigitalOpenColl_MN,9,9,0,4,4,0,9,0,22.1571212140856,G731ST-LT,false
RFQ731-004647,x731,CFG731_8189439864af87ea,CFG731_76d13dd0246c6ccc,2.0,TRUE_IN_TOP3,1,binaerDigitalOpenColl_MN,10,10,0,3,3,0,10,0,21.222180530276898,x731,false
RFQ731-004648,G731ST-HT,CFG731_bbffb73f3dff6787,CFG731_ff5d8da56ff22796,7.0,TRUE_IN_TOP10,3,stromEingaenge|temperaturEingaenge|binaerOpenColl_MP,11,11,0,2,2,0,11,0,23.507071933467586,G731ST-HT,false
RFQ731-004649,F731TE,CFG731_07fb816f7dc25bc8,CFG731_07fb816f7dc25bc8,1.0,CORRECT_TOP1,0,,10,10,0,3,3,0,10,0,33.41309765756593,F731TE,false
RFQ731-004650,x731,CFG731_0a1a1c7c495ec1de,CFG731_0a1a1c7c495ec1de,1.0,CORRECT_TOP1,0,,11,11,0,2,2,0,11,0,22.49537848131773,x731,false
RFQ731-004651,x731,CFG731_6513d2f5c85df9e4,CFG731_ca8649ba85200ffb,4.0,TRUE_IN_TOP5,1,temperaturEingaenge,7,7,0,6,6,0,7,0,20.2914469782576,x731,false
RFQ731-004652,G731ST-LT,CFG731_b86bbf24b1c3a419,CFG731_2db6c530f35d47b9,2.0,TRUE_IN_TOP3,1,stromEingaenge,14,14,0,1,1,0,14,0,25.68085128730194,G731ST-LT,false
RFQ731-004653,G731ST-HT,CFG731_2a989bd6dba74d9f,CFG731_31715eb409a1602f,2.0,TRUE_IN_TOP3,1,stromSchaltbar,11,11,0,4,4,0,11,0,27.00152132110252,G731ST-HT,false
RFQ731-004654,G731ST-LT,CFG731_3c070a82e4102784,CFG731_3c070a82e4102784,1.0,CORRECT_TOP1,0,,11,11,0,4,4,0,11,0,25.935385562735835,G731ST-LT,false
RFQ731-004655,G731ST-HT,CFG731_4aa7d46b9cfa7d7b,CFG731_ad49f2ad57627f46,2.0,TRUE_IN_TOP3,3,stromSchaltbar|stromEingaenge|temperaturEingaenge,9,9,0,4,4,0,9,0,24.14792620826305,G731ST-HT,false
RFQ731-004656,G731ST-HT,CFG731_6e53621a73b55f2c,CFG731_0c11243388e65244,3.0,TRUE_IN_TOP3,1,temperaturEingaenge,10,10,0,4,4,0,10,0,25.454130974387507,G731ST-HT,false
RFQ731-004657,x731,CFG731_9fcbeaf9d5010d3a,CFG731_9fcbeaf9d5010d3a,1.0,CORRECT_TOP1,0,,9,9,0,6,6,0,9,0,21.67925455042225,x731,false
RFQ731-004658,x731,CFG731_7f60255816247683,CFG731_39890affe81b5eb5,3.0,TRUE_IN_TOP3,1,dynamicGasMaster,11,11,0,4,4,0,11,0,20.376981085698574,x731,false
RFQ731-004659,x731,CFG731_9def6f7d289bea90,CFG731_82556c55b0de9a67,8.0,TRUE_IN_TOP10,1,stromSchaltbar,10,10,0,2,2,0,10,0,17.54731178809837,x731,false
RFQ731-004660,x731,CFG731_36d7686aca1200ae,CFG731_d2236ffbce524a06,10.0,TRUE_IN_TOP10,3,stromEingaenge|binaerDigitalOpenColl_MN|customUserFluid,8,8,0,5,5,0,8,0,18.790888821521897,x731,false
RFQ731-004661,x731,CFG731_77a90bfd81b5c2c1,CFG731_77a90bfd81b5c2c1,1.0,CORRECT_TOP1,0,,15,15,0,0,0,0,15,0,21.39374473161853,x731,false
RFQ731-004662,G731CA,CFG731_d2a75fda6f761c1b,CFG731_d2a75fda6f761c1b,1.0,CORRECT_TOP1,0,,13,13,0,1,1,0,13,0,34.49260001542188,G731CA,false
RFQ731-004663,F731TE,CFG731_0c3b33750ffab3ac,CFG731_0c3b33750ffab3ac,1.0,CORRECT_TOP1,0,,8,8,0,3,3,0,8,0,31.343400174165414,F731TE,false
RFQ731-004664,x731,CFG731_31d0a0df66872bf7,CFG731_ef4cf0e053e2d332,2.0,TRUE_IN_TOP3,1,temperaturEingaenge,13,13,0,2,2,0,13,0,22.597867631462087,x731,false
RFQ731-004665,x731,CFG731_fb1ab4b34e9c8a75,CFG731_5d42a8deb0fcb3d7,2.0,TRUE_IN_TOP3,1,stromEingaenge,10,10,0,5,5,0,10,0,21.073161564804494,x731,false
RFQ731-004666,G731ST-HT,CFG731_6e53621a73b55f2c,CFG731_30d0a49acd35b928,3.0,TRUE_IN_TOP3,1,stromEingaenge,11,11,0,3,3,0,11,0,25.391005618524886,G731ST-HT,false
RFQ731-004667,x731,CFG731_3ab6d9037260e8b1,CFG731_25c733523f45b8a2,6.0,TRUE_IN_TOP10,1,temperaturEingaenge,9,9,0,4,4,0,9,0,19.344145848160537,x731,false
RFQ731-004668,x731,CFG731_efc9d6b915117e15,CFG731_b1531976c0d80b4a,3.0,TRUE_IN_TOP3,1,customUserFluid,9,9,0,5,5,0,9,0,20.14534480662026,x731,false
RFQ731-004669,x731,CFG731_c11c5ee5deff9a1e,CFG731_c11c5ee5deff9a1e,1.0,CORRECT_TOP1,0,,6,6,0,9,9,0,6,0,22.0332054929492,x731,false
RFQ731-004670,G731CA,CFG731_95a64c12c70f922a,CFG731_95a64c12c70f922a,1.0,CORRECT_TOP1,0,,9,9,0,5,5,0,9,0,32.28750463962656,G731CA,false
RFQ731-004671,G731ST-LT,CFG731_7882c72c21497015,CFG731_7882c72c21497015,1.0,CORRECT_TOP1,0,,11,11,0,5,5,0,11,0,27.28168299527284,G731ST-LT,false
RFQ731-004672,x731,CFG731_3b2a32abbf148ca1,CFG731_ade755d80d357018,5.0,TRUE_IN_TOP5,3,stromSchaltbar|stromEingaenge|dynamicGasMaster,12,12,0,2,2,0,12,0,19.67251451367152,x731,false
RFQ731-004673,F731WD_DualChannel,CFG731_a4610f5f38e7d946,CFG731_a4610f5f38e7d946,1.0,CORRECT_TOP1,0,,8,8,0,5,5,0,8,0,36.30115881302178,F731WD_DualChannel,false
RFQ731-004674,G731ST-LT,CFG731_8b6ed3cfa9ed1e59,CFG731_5be384035f37d372,4.0,TRUE_IN_TOP5,2,stromEingaenge|binaerOpenColl_MP,9,9,0,4,4,0,9,0,22.19285908897779,G731ST-LT,false
RFQ731-004675,x731,CFG731_3727d181b2806370,CFG731_3727d181b2806370,1.0,CORRECT_TOP1,0,,13,13,0,1,1,0,13,0,21.7869582661629,x731,false
RFQ731-004676,G731ST-LT,CFG731_e6c0885eb14e429c,CFG731_e6c0885eb14e429c,1.0,CORRECT_TOP1,0,,10,10,0,5,5,0,10,0,25.926465785227208,G731ST-LT,false
RFQ731-004677,G731ST-LT,CFG731_32b4b1ec4513af66,CFG731_32b4b1ec4513af66,1.0,CORRECT_TOP1,0,,13,13,0,3,3,0,13,0,26.93012428508898,G731ST-LT,false
RFQ731-004678,G731ST-HT,CFG731_a4416ae9d698efa6,CFG731_1060da033d1aaed1,4.0,TRUE_IN_TOP5,1,temperaturEingaenge,11,11,0,2,2,0,11,0,24.36825562300831,G731ST-HT,false
RFQ731-004679,F731WD_DualChannel,CFG731_819cb4e76943eca6,CFG731_819cb4e76943eca6,1.0,CORRECT_TOP1,0,,12,12,0,1,1,0,12,0,32.30861569119556,F731WD_DualChannel,false
RFQ731-004680,x731,CFG731_d3db38843cf9fb81,CFG731_d3db38843cf9fb81,1.0,CORRECT_TOP1,0,,13,13,0,2,2,0,13,0,22.413276091609017,x731,false
RFQ731-004681,x731,CFG731_9a0f0b26c7f24725,CFG731_9a0f0b26c7f24725,1.0,CORRECT_TOP1,0,,14,14,0,2,2,0,14,0,23.84852863854023,x731,false
RFQ731-004682,G731ST-LT,CFG731_10085782ed0991cf,CFG731_10085782ed0991cf,1.0,CORRECT_TOP1,0,,11,11,0,5,5,0,11,0,27.141388917413163,G731ST-LT,false
RFQ731-004683,x731,CFG731_6f8c15548921e4c2,CFG731_6f8c15548921e4c2,1.0,CORRECT_TOP1,0,,10,10,0,4,4,0,10,0,22.773792005717592,x731,false
RFQ731-004684,x731,CFG731_243419c6708378b3,CFG731_243419c6708378b3,1.0,CORRECT_TOP1,0,,11,11,0,4,4,0,11,0,21.21421686761144,x731,false
RFQ731-004685,x731,CFG731_cf4bb519cec0df2f,CFG731_cf4bb519cec0df2f,1.0,CORRECT_TOP1,0,,11,11,0,5,5,0,11,0,22.206915178997583,x731,false
RFQ731-004686,G731CA,CFG731_b43582909c828d95,CFG731_b43582909c828d95,1.0,CORRECT_TOP1,0,,10,10,0,2,2,0,10,0,21.956670308779955,G731CA,false
RFQ731-004687,x731,CFG731_cf4bb519cec0df2f,CFG731_cf4bb519cec0df2f,1.0,CORRECT_TOP1,0,,13,13,0,3,3,0,13,0,22.206915178997583,x731,false
RFQ731-004688,x731,CFG731_fe9a409c6b2ba9cc,CFG731_fe9a409c6b2ba9cc,1.0,CORRECT_TOP1,0,,12,12,0,3,3,0,12,0,21.445650566648,x731,false
RFQ731-004689,G731CA,CFG731_4af82641f975d9aa,CFG731_4af82641f975d9aa,1.0,CORRECT_TOP1,0,,8,8,0,4,4,0,8,0,27.10410648908661,G731CA,false
RFQ731-004690,F731PW,CFG731_00f08838a21d3799,CFG731_00f08838a21d3799,1.0,CORRECT_TOP1,0,,9,9,0,2,2,0,9,0,28.231894322810824,F731PW,false
RFQ731-004691,x731,CFG731_f1355b6f00fd7f67,CFG731_0318c2a0a1c0c588,10.0,TRUE_IN_TOP10,1,binaerDigitalOpenColl_MN,10,10,0,4,4,0,10,0,20.240782564706148,x731,false
RFQ731-004692,x731,CFG731_31aa13473958d7d3,CFG731_205404302204a46b,3.0,TRUE_IN_TOP3,2,stromEingaenge|customUserFluid,8,8,0,7,7,0,8,0,21.710283861184763,x731,false
RFQ731-004693,x731,CFG731_5e50b9bcbfa0b051,CFG731_5e50b9bcbfa0b051,1.0,CORRECT_TOP1,0,,10,10,0,3,3,0,10,0,19.253962518384395,x731,false
RFQ731-004694,x731,CFG731_31aa13473958d7d3,CFG731_af5b0ebc51685059,2.0,TRUE_IN_TOP3,1,stromEingaenge,12,12,0,4,4,0,12,0,22.77839469722868,x731,false
RFQ731-004695,x731,CFG731_14299a2a74e42d7f,CFG731_14299a2a74e42d7f,1.0,CORRECT_TOP1,0,,9,9,0,5,5,0,9,0,24.12513331493416,x731,false
RFQ731-004696,x731,CFG731_75466cb810218a66,CFG731_33c8c685d7c8530a,4.0,TRUE_IN_TOP5,1,stromEingaenge,10,10,0,3,3,0,10,0,20.045771451360743,x731,false
RFQ731-004697,x731,CFG731_3a6a87d7cf07cb7c,CFG731_3a6a87d7cf07cb7c,1.0,CORRECT_TOP1,0,,10,10,0,5,5,0,10,0,21.16106161493284,x731,false
RFQ731-004698,G731ST-LT,CFG731_a57ffd88d58eb498,CFG731_e565a13ef4701c2d,4.0,TRUE_IN_TOP5,1,temperaturEingaenge,12,12,0,2,2,0,12,0,24.217851068992875,G731ST-LT,false
RFQ731-004699,G731ST-HT,CFG731_cc9ac35e4d9a1854,CFG731_143205a81a2e7efc,2.0,TRUE_IN_TOP3,1,stromSchaltbar,10,10,0,5,5,0,10,0,26.85154324863611,G731ST-HT,false
RFQ731-004700,x731,CFG731_800f2acd9158b556,CFG731_800f2acd9158b556,1.0,CORRECT_TOP1,0,,10,10,0,4,4,0,10,0,20.627639460303403,x731,false
RFQ731-004701,G731CA,CFG731_55e37d2b9d20276c,CFG731_55e37d2b9d20276c,1.0,CORRECT_TOP1,0,,8,8,0,6,6,0,8,0,31.78596785697629,G731CA,false
RFQ731-004702,G731ST-HT,CFG731_646d8903da63e1f0,CFG731_646d8903da63e1f0,1.0,CORRECT_TOP1,0,,8,8,0,7,7,0,8,0,26.99506413179173,G731ST-HT,false
RFQ731-004703,G731ST-HT,CFG731_8216f56c8f1b8479,CFG731_8216f56c8f1b8479,1.0,CORRECT_TOP1,0,,12,12,0,2,2,0,12,0,24.931663900077588,G731ST-HT,false
RFQ731-004704,x731,CFG731_2508e54db960a3b8,CFG731_2508e54db960a3b8,1.0,CORRECT_TOP1,0,,10,10,0,5,5,0,10,0,21.261179057500943,x731,false
RFQ731-004705,x731,CFG731_75466cb810218a66,CFG731_33c8c685d7c8530a,4.0,TRUE_IN_TOP5,1,stromEingaenge,9,9,0,4,4,0,9,0,20.045771451360743,x731,false
RFQ731-004706,x731,CFG731_7f60255816247683,CFG731_36045858c7c7e468,4.0,TRUE_IN_TOP5,1,customUserFluid,10,10,0,5,5,0,10,0,20.988826270487262,x731,false
RFQ731-004707,x731,CFG731_e8e7b7513a5c9544,CFG731_e8e7b7513a5c9544,1.0,CORRECT_TOP1,0,,11,11,0,5,5,0,11,0,23.18142656805531,x731,false
RFQ731-004708,F731TE,CFG731_54559f782190a122,CFG731_54559f782190a122,1.0,CORRECT_TOP1,0,,10,10,0,3,3,0,10,0,34.9592570960548,F731TE,false
RFQ731-004709,x731,CFG731_241d60e6ef5278be,CFG731_241d60e6ef5278be,1.0,CORRECT_TOP1,0,,11,11,0,5,5,0,11,0,22.95084584916004,x731,false
RFQ731-004710,x731,CFG731_618cb6c1c21feda4,CFG731_618cb6c1c21feda4,1.0,CORRECT_TOP1,0,,11,11,0,4,4,0,11,0,21.39466559870709,x731,false
RFQ731-004711,G731VG,CFG731_40b6e1db6c80bcc1,CFG731_40b6e1db6c80bcc1,1.0,CORRECT_TOP1,0,,11,11,0,4,4,0,11,0,38.77477620783847,G731VG,false
RFQ731-004712,x731,CFG731_36d7686aca1200ae,CFG731_ecb8a8742e9204c7,3.0,TRUE_IN_TOP3,1,binaerDigitalOpenColl_MN,12,12,0,3,3,0,12,0,21.27734222347406,x731,false
RFQ731-004713,G731CA,CFG731_452fb8d2c450816e,CFG731_452fb8d2c450816e,1.0,CORRECT_TOP1,0,,8,8,0,4,4,0,8,0,26.69389423217886,G731CA,false
RFQ731-004714,x731,CFG731_91e51485b56960b2,CFG731_c8d4383220ad607a,2.0,TRUE_IN_TOP3,2,stromEingaenge|dev_advMeterVerification,7,7,0,8,8,0,7,0,21.47079938870193,x731,false
RFQ731-004715,G731ST-LT,CFG731_32b4b1ec4513af66,CFG731_1138f8ea5fc95654,2.0,TRUE_IN_TOP3,1,stromSchaltbar,12,12,0,3,3,0,12,0,25.47604384428854,G731ST-LT,false
RFQ731-004716,x731,CFG731_6b36d25fda044bf5,CFG731_312da2fbbd3df3eb,2.0,TRUE_IN_TOP3,1,temperaturEingaenge,11,11,0,4,4,0,11,0,21.106232244385847,x731,false
RFQ731-004717,x731,CFG731_5a8170a3daa0efb9,CFG731_5a8170a3daa0efb9,1.0,CORRECT_TOP1,0,,10,10,0,4,4,0,10,0,23.425306860834265,x731,false
RFQ731-004718,x731,CFG731_59f11353d30c03ee,CFG731_ba17ab216ae91e1a,3.0,TRUE_IN_TOP3,1,dev_advMeterVerification,11,11,0,4,4,0,11,0,21.833116672399257,x731,false
RFQ731-004719,x731,CFG731_a41a2d2cef1a675f,CFG731_56310c55a01272a3,2.0,TRUE_IN_TOP3,1,stromSchaltbar,9,9,0,4,4,0,9,0,21.20532373195894,x731,false
RFQ731-004720,G731ST-LT,CFG731_ae2e4cfccaff4f50,CFG731_ae2e4cfccaff4f50,1.0,CORRECT_TOP1,0,,12,12,0,3,3,0,12,0,25.537330404146317,G731ST-LT,false
RFQ731-004721,x731,CFG731_8f470181ad32eeae,CFG731_147ff4a19b4bcc48,2.0,TRUE_IN_TOP3,1,temperaturEingaenge,10,10,0,6,6,0,10,0,23.98159672998368,x731,false
RFQ731-004722,G731ST-HT,CFG731_63eca10a00ae1f5d,CFG731_63eca10a00ae1f5d,1.0,CORRECT_TOP1,0,,13,13,0,3,3,0,13,0,28.59589583976263,G731ST-HT,false
RFQ731-004723,G731ST-HT,CFG731_c3a136a8630f644d,CFG731_efd04893c134641c,4.0,TRUE_IN_TOP5,2,stromSchaltbar|stromEingaenge,9,9,0,5,5,0,9,0,25.831255841317372,G731ST-HT,false
RFQ731-004724,G731ST-LT,CFG731_996314000fcfec4b,CFG731_22da0d6030817265,2.0,TRUE_IN_TOP3,1,temperaturEingaenge,11,11,0,4,4,0,11,0,25.424929002576945,G731ST-LT,false
RFQ731-004725,x731,CFG731_dc321f785d65411f,CFG731_dc321f785d65411f,1.0,CORRECT_TOP1,0,,10,10,0,6,6,0,10,0,22.941135078333545,x731,false
RFQ731-004726,G731ST-HT,CFG731_8b18ac1c34209d63,CFG731_8b18ac1c34209d63,1.0,CORRECT_TOP1,0,,11,11,0,5,5,0,11,0,28.09435905711236,G731ST-HT,false
RFQ731-004727,G731ST-HT,CFG731_288e4c99b4e02895,CFG731_288e4c99b4e02895,1.0,CORRECT_TOP1,0,,11,11,0,3,3,0,11,0,25.0305271308324,G731ST-HT,false
RFQ731-004728,F731WD_SingleChannel,CFG731_a7d2a5a9ae465701,CFG731_ee8e327bbb737abf,2.0,TRUE_IN_TOP3,2,stromSchaltbar|binaerOpenColl_MP,10,10,0,1,1,0,10,0,25.90038174659436,F731WD_SingleChannel,false
RFQ731-004729,x731,CFG731_4cb65cc21b5b9f68,CFG731_4cb65cc21b5b9f68,1.0,CORRECT_TOP1,0,,12,12,0,3,3,0,12,0,22.777900380209765,x731,false
RFQ731-004730,x731,CFG731_72e5000522fb6a51,CFG731_72e5000522fb6a51,1.0,CORRECT_TOP1,0,,8,8,0,6,6,0,8,0,24.345054122981388,x731,false
RFQ731-004731,G731ST-LT,CFG731_0fdf5c36c9c41e69,CFG731_0fdf5c36c9c41e69,1.0,CORRECT_TOP1,0,,12,12,0,4,4,0,12,0,26.639852134762897,G731ST-LT,false
RFQ731-004732,x731,CFG731_782638eae748ba9a,CFG731_6004951b9749cb7f,3.0,TRUE_IN_TOP3,1,stromEingaenge,10,10,0,4,4,0,10,0,20.406988510089665,x731,false
RFQ731-004733,G731ST-HT,CFG731_2a989bd6dba74d9f,CFG731_edb24692d2d3d7ca,2.0,TRUE_IN_TOP3,1,temperaturEingaenge,11,11,0,4,4,0,11,0,27.100384551857324,G731ST-HT,false
RFQ731-004734,G731ST-HT,CFG731_6e53621a73b55f2c,CFG731_30d0a49acd35b928,3.0,TRUE_IN_TOP3,1,stromEingaenge,10,10,0,4,4,0,10,0,25.391005618524886,G731ST-HT,false
RFQ731-004735,G731ST-LT,CFG731_d124ccffa669c3a2,CFG731_16700b9d004fb9de,2.0,TRUE_IN_TOP3,1,temperaturEingaenge,11,11,0,4,4,0,11,0,25.63619363490113,G731ST-LT,false
RFQ731-004736,G731ST-HT,CFG731_3f42c988dc83cb23,CFG731_3f42c988dc83cb23,1.0,CORRECT_TOP1,0,,8,8,0,7,7,0,8,0,27.17032728743815,G731ST-HT,false
RFQ731-004737,x731,CFG731_11da8cc369b71f5a,CFG731_11da8cc369b71f5a,1.0,CORRECT_TOP1,0,,11,11,0,6,6,0,11,0,24.37487161367921,x731,false
RFQ731-004738,G731ST-HT,CFG731_3f42c988dc83cb23,CFG731_b5710e5f11e2cbc2,4.0,TRUE_IN_TOP5,1,stromEingaenge,8,8,0,6,6,0,8,0,25.751984721529897,G731ST-HT,false
RFQ731-004739,x731,CFG731_219ac3d01befd6d1,CFG731_85b1e9bcb8b0b8be,4.0,TRUE_IN_TOP5,3,stromSchaltbar|temperaturEingaenge|dev_advMeterVerification,11,11,0,2,2,0,11,0,19.19416777569413,x731,false
RFQ731-004740,x731,CFG731_d3db38843cf9fb81,CFG731_d3db38843cf9fb81,1.0,CORRECT_TOP1,0,,10,10,0,5,5,0,10,0,22.413276091609017,x731,false
RFQ731-004741,x731,CFG731_6b36d25fda044bf5,CFG731_6b36d25fda044bf5,1.0,CORRECT_TOP1,0,,13,13,0,3,3,0,13,0,22.46144945443148,x731,false
RFQ731-004742,x731,CFG731_186348c5f967a6f7,CFG731_186348c5f967a6f7,1.0,CORRECT_TOP1,0,,12,12,0,3,3,0,12,0,21.82277543357787,x731,false
RFQ731-004743,x731,CFG731_c670511258ae4a49,CFG731_c670511258ae4a49,1.0,CORRECT_TOP1,0,,11,11,0,1,1,0,11,0,19.583769520937423,x731,false
RFQ731-004744,x731,CFG731_c775e192f3d489e9,CFG731_c775e192f3d489e9,1.0,CORRECT_TOP1,0,,11,11,0,3,3,0,11,0,23.09283964630521,x731,false
RFQ731-004745,G731ST-HT,CFG731_eb70dc35972dc4b7,CFG731_4d6c56202edf3f41,3.0,TRUE_IN_TOP3,1,stromSchaltbar,9,9,0,5,5,0,9,0,25.433200682727858,G731ST-HT,false
RFQ731-004746,G731VG,CFG731_6a47b38d62a9fed3,CFG731_6a47b38d62a9fed3,1.0,CORRECT_TOP1,0,,13,13,0,2,2,0,13,0,38.92475428030488,G731VG,false
RFQ731-004747,x731,CFG731_c7c53fc5541f1dc1,CFG731_48a4e554ffcf39e6,3.0,TRUE_IN_TOP3,1,customUserFluid,11,11,0,3,3,0,11,0,20.314414374741467,x731,false
RFQ731-004748,G731ST-LT,CFG731_87d8ba5b87cf0a3f,CFG731_87d8ba5b87cf0a3f,1.0,CORRECT_TOP1,0,,11,11,0,4,4,0,11,0,25.495135339943342,G731ST-LT,false
RFQ731-004749,x731,CFG731_555c215c4639435a,CFG731_555c215c4639435a,1.0,CORRECT_TOP1,0,,10,10,0,4,4,0,10,0,19.682206479866675,x731,false
RFQ731-004750,G731ST-LT,CFG731_4772bedc40328ae2,CFG731_4772bedc40328ae2,1.0,CORRECT_TOP1,0,,12,12,0,3,3,0,12,0,25.8276025544724,G731ST-LT,false
RFQ731-004751,x731,CFG731_8d07e19298d09d34,CFG731_5cded878b0996b37,4.0,TRUE_IN_TOP5,3,temperaturEingaenge|dev_advMeterVerification|customUserFluid,10,10,0,3,3,0,10,0,20.410850411362148,x731,false
RFQ731-004752,G731ST-HT,CFG731_4de012f7232f644d,CFG731_4b2c0e571415f5cc,3.0,TRUE_IN_TOP3,2,stromEingaenge|binaerDigitalOpenColl_MN,12,12,0,1,1,0,12,0,23.670324574962976,G731ST-HT,false
RFQ731-004753,x731,CFG731_fe9a409c6b2ba9cc,CFG731_fe9a409c6b2ba9cc,1.0,CORRECT_TOP1,0,,9,9,0,6,6,0,9,0,21.445650566648,x731,false
RFQ731-004754,x731,CFG731_a70e307c2ffca857,CFG731_695e540255cc94da,3.0,TRUE_IN_TOP3,1,binaerOpenColl_MP,11,11,0,2,2,0,11,0,20.845676825068484,x731,false
RFQ731-004755,x731,CFG731_1b365e0951e7dea4,CFG731_550d755cbeee6b89,6.0,TRUE_IN_TOP10,1,binaerDigitalOpenColl_MN,8,8,0,6,6,0,8,0,20.580457248263315,x731,false
RFQ731-004756,x731,CFG731_91e51485b56960b2,CFG731_6a549f48808d610a,,TRUE_UNRANKED,4,stromSchaltbar|stromEingaenge|temperaturEingaenge|binaerDigitalOpenColl_MN,8,8,0,5,5,0,8,0,17.766379322523264,x731,false
RFQ731-004757,x731,CFG731_5f9d5671c315ce06,CFG731_3e0ed59efd234410,3.0,TRUE_IN_TOP3,1,stromSchaltbar,11,11,0,3,3,0,11,0,20.196865761562822,x731,false
RFQ731-004758,F731WD_DualChannel,CFG731_c37386a371e13fa8,CFG731_d135404efcd6265d,4.0,TRUE_IN_TOP5,2,stromSchaltbar|binaerOpenColl_MP,7,7,0,3,3,0,7,0,21.885677424882346,F731WD_DualChannel,false
RFQ731-004759,G731CA,CFG731_95a64c12c70f922a,CFG731_95a64c12c70f922a,1.0,CORRECT_TOP1,0,,12,12,0,2,2,0,12,0,32.28750463962656,G731CA,false
RFQ731-004760,F731WD_SingleChannel,CFG731_9a761e6bfde35917,CFG731_9a761e6bfde35917,1.0,CORRECT_TOP1,0,,11,11,0,2,2,0,11,0,38.506254188817095,F731WD_SingleChannel,false
RFQ731-004761,G731ST-LT,CFG731_455da2f832a6b66d,CFG731_455da2f832a6b66d,1.0,CORRECT_TOP1,0,,12,12,0,3,3,0,12,0,25.36180364671432,G731ST-LT,false
RFQ731-004762,G731ST-HT,CFG731_cc9ac35e4d9a1854,CFG731_7c5284fb5f15d1d6,2.0,TRUE_IN_TOP3,2,stromSchaltbar|temperaturEingaenge,12,12,0,2,2,0,12,0,25.49632603859048,G731ST-HT,false
RFQ731-004763,G731ST-LT,CFG731_2469d1b04bd775f6,CFG731_2469d1b04bd775f6,1.0,CORRECT_TOP1,0,,9,9,0,6,6,0,9,0,25.13465685225086,G731ST-LT,false
RFQ731-004764,F731PW,CFG731_f9fd6a4462ec051a,CFG731_f9fd6a4462ec051a,1.0,CORRECT_TOP1,0,,8,8,0,4,4,0,8,0,34.02362848404934,F731PW,false
RFQ731-004765,x731,CFG731_6e096e946540ab4e,CFG731_6e096e946540ab4e,1.0,CORRECT_TOP1,0,,11,11,0,6,6,0,11,0,23.91552989523192,x731,false
RFQ731-004766,x731,CFG731_d67b44eae58dfe59,CFG731_d67b44eae58dfe59,1.0,CORRECT_TOP1,0,,11,11,0,3,3,0,11,0,20.09888003353069,x731,false
RFQ731-004767,x731,CFG731_5e50b9bcbfa0b051,CFG731_5e50b9bcbfa0b051,1.0,CORRECT_TOP1,0,,7,7,0,6,6,0,7,0,19.253962518384395,x731,false
RFQ731-004768,x731,CFG731_9fcbeaf9d5010d3a,CFG731_57b3b3a6958ee330,3.0,TRUE_IN_TOP3,1,stromEingaenge,10,10,0,4,4,0,10,0,20.260911984514,x731,false
RFQ731-004769,x731,CFG731_296392aa95929245,CFG731_296392aa95929245,1.0,CORRECT_TOP1,0,,11,11,0,3,3,0,11,0,20.10370792563136,x731,false
RFQ731-004770,x731,CFG731_8cf35251fcd54982,CFG731_8cf35251fcd54982,1.0,CORRECT_TOP1,0,,13,13,0,2,2,0,13,0,22.10933928294404,x731,false
RFQ731-004771,F731PW,CFG731_7fea22051dcc86b6,CFG731_7fea22051dcc86b6,1.0,CORRECT_TOP1,0,,10,10,0,2,2,0,10,0,34.67118328099436,F731PW,false
RFQ731-004772,G731ST-HT,CFG731_8b18ac1c34209d63,CFG731_8b18ac1c34209d63,1.0,CORRECT_TOP1,0,,12,12,0,4,4,0,12,0,28.09435905711236,G731ST-HT,false
RFQ731-004773,x731,CFG731_65c8e8738cafe259,CFG731_65c8e8738cafe259,1.0,CORRECT_TOP1,0,,8,8,0,5,5,0,8,0,20.325651838946232,x731,false
RFQ731-004774,x731,CFG731_6526112621a9ee97,CFG731_4afe4cfa02474e97,,TRUE_UNRANKED,3,binaerDigitalOpenColl_MN|dynamicGasMaster|customUserFluid,10,10,0,2,2,0,10,0,16.352639030937258,x731,false
RFQ731-004775,x731,CFG731_0db950a4979d2c52,CFG731_fa6b5a7df55858c0,2.0,TRUE_IN_TOP3,1,stromSchaltbar,12,12,0,4,4,0,12,0,23.16127590853137,x731,false
RFQ731-004776,F731WD_SingleChannel,CFG731_70b6eaf9262ca4d0,CFG731_400b0d973c930668,2.0,TRUE_IN_TOP3,2,stromSchaltbar|binaerOpenColl_MP,8,8,0,3,3,0,8,0,21.75786055230172,F731WD_SingleChannel,false
RFQ731-004777,x731,CFG731_81fb6648eb2086c4,CFG731_81fb6648eb2086c4,1.0,CORRECT_TOP1,0,,11,11,0,1,1,0,11,0,19.196620571245365,x731,false
RFQ731-004778,G731ST-LT,CFG731_d432b6fd40e9e78c,CFG731_13c87640928bf666,4.0,TRUE_IN_TOP5,1,stromEingaenge,8,8,0,5,5,0,8,0,23.054042778518514,G731ST-LT,false
RFQ731-004779,x731,CFG731_fd3397424975992e,CFG731_fd3397424975992e,1.0,CORRECT_TOP1,0,,12,12,0,3,3,0,12,0,21.48187663424205,x731,false
RFQ731-004780,x731,CFG731_8d07e19298d09d34,CFG731_cbbe948e572a42e8,3.0,TRUE_IN_TOP3,2,stromSchaltbar|temperaturEingaenge,9,9,0,5,5,0,9,0,21.112555307085135,x731,false
RFQ731-004781,F731TE,CFG731_ac57adca497d644f,CFG731_ac57adca497d644f,1.0,CORRECT_TOP1,0,,9,9,0,4,4,0,9,0,37.66588925450039,F731TE,false
RFQ731-004782,G731ST-LT,CFG731_e03b41992c837b34,CFG731_e03b41992c837b34,1.0,CORRECT_TOP1,0,,10,10,0,5,5,0,10,0,25.32606577182213,G731ST-LT,false
RFQ731-004783,x731,CFG731_8153d67c519453a2,CFG731_c4d0e2da53e6a22c,4.0,TRUE_IN_TOP5,1,stromSchaltbar,13,13,0,1,1,0,13,0,20.276080750119544,x731,false
RFQ731-004784,G731ST-LT,CFG731_d3e51804db148a52,CFG731_d3e51804db148a52,1.0,CORRECT_TOP1,0,,10,10,0,4,4,0,10,0,24.2877938045737,G731ST-LT,false
RFQ731-004785,F731PW,CFG731_92efd7a3c43da152,CFG731_92efd7a3c43da152,1.0,CORRECT_TOP1,0,,10,10,0,2,2,0,10,0,35.610524999026474,F731PW,false
RFQ731-004786,F731WD_DualChannel,CFG731_2688c6c5fd11ba8e,CFG731_2688c6c5fd11ba8e,1.0,CORRECT_TOP1,0,,6,6,0,5,5,0,6,0,26.90529673260837,F731WD_DualChannel,false
RFQ731-004787,x731,CFG731_353333bad447dbef,CFG731_353333bad447dbef,1.0,CORRECT_TOP1,0,,10,10,0,5,5,0,10,0,22.35353231955655,x731,false
RFQ731-004788,x731,CFG731_2683cf7e09782f5e,CFG731_2683cf7e09782f5e,1.0,CORRECT_TOP1,0,,10,10,0,6,6,0,10,0,22.62841662476227,x731,false
RFQ731-004789,x731,CFG731_e8f6cbe0006a0957,CFG731_3daa091181ed5329,3.0,TRUE_IN_TOP3,1,dev_advMeterVerification,11,11,0,3,3,0,11,0,21.98049803005633,x731,false
RFQ731-004790,G731ST-HT,CFG731_646d8903da63e1f0,CFG731_646d8903da63e1f0,1.0,CORRECT_TOP1,0,,12,12,0,3,3,0,12,0,26.99506413179173,G731ST-HT,false
RFQ731-004791,G731ST-LT,CFG731_10085782ed0991cf,CFG731_364810dcd7f32a0c,2.0,TRUE_IN_TOP3,1,temperaturEingaenge,12,12,0,3,3,0,12,0,25.786171707367533,G731ST-LT,false
RFQ731-004792,G731ST-HT,CFG731_7b2f69a7ca55041b,CFG731_617247356a7014fb,2.0,TRUE_IN_TOP3,1,stromEingaenge,9,9,0,6,6,0,9,0,26.385744340878027,G731ST-HT,false
RFQ731-004793,x731,CFG731_ee15b881a6032908,CFG731_038da5d3a7dc468b,2.0,TRUE_IN_TOP3,1,customUserFluid,11,11,0,3,3,0,11,0,20.739219076873123,x731,false
RFQ731-004794,x731,CFG731_2e5bd0d53757f625,CFG731_6a919c664c763f98,3.0,TRUE_IN_TOP3,1,stromSchaltbar,9,9,0,4,4,0,9,0,19.05250707061041,x731,false
RFQ731-004795,x731,CFG731_ae226e31119be9bd,CFG731_ae226e31119be9bd,1.0,CORRECT_TOP1,0,,9,9,0,5,5,0,9,0,23.233133724164887,x731,false
RFQ731-004796,x731,CFG731_5b4a5fddf8aa5e11,CFG731_c1a1465a132a9c1f,4.0,TRUE_IN_TOP5,2,temperaturEingaenge|dev_advMeterVerification,9,9,0,3,3,0,9,0,17.06897438423192,x731,false
RFQ731-004797,x731,CFG731_086adbe1d654b214,CFG731_960e69befde5f9f6,2.0,TRUE_IN_TOP3,2,stromEingaenge|temperaturEingaenge,12,12,0,2,2,0,12,0,20.58600114264372,x731,false
RFQ731-004798,x731,CFG731_214b093bf98ca9ef,CFG731_214b093bf98ca9ef,1.0,CORRECT_TOP1,0,,10,10,0,4,4,0,10,0,19.855072656294173,x731,false
RFQ731-004799,x731,CFG731_8c50542218db5cb0,CFG731_15f034f7c265528f,2.0,TRUE_IN_TOP3,1,temperaturEingaenge,10,10,0,5,5,0,10,0,22.126385525093088,x731,false
RFQ731-004800,x731,CFG731_3b2a32abbf148ca1,CFG731_ade755d80d357018,5.0,TRUE_IN_TOP5,3,stromSchaltbar|stromEingaenge|dynamicGasMaster,11,11,0,3,3,0,11,0,19.67251451367152,x731,false
RFQ731-004801,G731ST-HT,CFG731_a4416ae9d698efa6,CFG731_1060da033d1aaed1,4.0,TRUE_IN_TOP5,1,temperaturEingaenge,7,7,0,6,6,0,7,0,24.36825562300831,G731ST-HT,false
RFQ731-004802,x731,CFG731_7c358bf1aa4ea94e,CFG731_7a6e9e503add9a86,2.0,TRUE_IN_TOP3,1,dev_advMeterVerification,10,10,0,4,4,0,10,0,20.895738916412803,x731,false
RFQ731-004803,x731,CFG731_e049618b920d59b6,CFG731_8b6eb20d56ad0a7c,3.0,TRUE_IN_TOP3,2,temperaturEingaenge|dev_advMeterVerification,9,9,0,5,5,0,9,0,21.289863716237317,x731,false
RFQ731-004804,x731,CFG731_91e51485b56960b2,CFG731_cc0572630b0848e7,3.0,TRUE_IN_TOP3,3,stromSchaltbar|temperaturEingaenge|dev_advMeterVerification,11,11,0,3,3,0,11,0,20.07984430376411,x731,false
RFQ731-004805,G731ST-HT,CFG731_bbffb73f3dff6787,CFG731_9681c4eec01b7fad,2.0,TRUE_IN_TOP3,2,stromSchaltbar|temperaturEingaenge,12,12,0,2,2,0,12,0,25.74440312471359,G731ST-HT,false
RFQ731-004806,x731,CFG731_784eb334d1d77ae7,CFG731_784eb334d1d77ae7,1.0,CORRECT_TOP1,0,,12,12,0,4,4,0,12,0,23.768493301654647,x731,false
RFQ731-004807,F731WD_SingleChannel,CFG731_70b6eaf9262ca4d0,CFG731_70b6eaf9262ca4d0,1.0,CORRECT_TOP1,0,,7,7,0,6,6,0,7,0,30.762456252706688,F731WD_SingleChannel,false
RFQ731-004808,x731,CFG731_7b5593541cafaec0,CFG731_7b5593541cafaec0,1.0,CORRECT_TOP1,0,,9,9,0,6,6,0,9,0,21.65586060386874,x731,false
RFQ731-004809,x731,CFG731_2a8793475d827bb6,CFG731_16cd4692a5f070ba,4.0,TRUE_IN_TOP5,1,customUserFluid,10,10,0,4,4,0,10,0,21.566628851417644,x731,false
RFQ731-004810,x731,CFG731_3b2a32abbf148ca1,CFG731_8c429238b2628537,2.0,TRUE_IN_TOP3,1,stromSchaltbar,11,11,0,5,5,0,11,0,22.770813100412365,x731,false
RFQ731-004811,G731ST-LT,CFG731_7b1edd53e8bbad40,CFG731_7b1edd53e8bbad40,1.0,CORRECT_TOP1,0,,10,10,0,5,5,0,10,0,25.971123437628023,G731ST-LT,false
RFQ731-004812,x731,CFG731_9a0f0b26c7f24725,CFG731_9a0f0b26c7f24725,1.0,CORRECT_TOP1,0,,10,10,0,6,6,0,10,0,23.84852863854023,x731,false
RFQ731-004813,x731,CFG731_75466cb810218a66,CFG731_09db81b4dee54f57,4.0,TRUE_IN_TOP5,1,customUserFluid,8,8,0,5,5,0,8,0,20.396003181225083,x731,false
RFQ731-004814,G731VG,CFG731_cfb2b92dd8f09f39,CFG731_cfb2b92dd8f09f39,1.0,CORRECT_TOP1,0,,11,11,0,4,4,0,11,0,41.858304122441474,G731VG,false
RFQ731-004815,F731WD_DualChannel,CFG731_c37386a371e13fa8,CFG731_c37386a371e13fa8,1.0,CORRECT_TOP1,0,,8,8,0,4,4,0,8,0,30.890273125287308,F731WD_DualChannel,false
RFQ731-004816,G731ST-LT,CFG731_7203705eed387b0a,CFG731_7203705eed387b0a,1.0,CORRECT_TOP1,0,,12,12,0,4,4,0,12,0,27.389466003536278,G731ST-LT,false
RFQ731-004817,x731,CFG731_1642db5c21ada469,CFG731_ce5a041b3cf74b9a,8.0,TRUE_IN_TOP10,1,binaerDigitalOpenColl_MN,10,10,0,3,3,0,10,0,17.57470860317974,x731,false
RFQ731-004818,x731,CFG731_91e51485b56960b2,CFG731_b3ebba592f51e280,4.0,TRUE_IN_TOP5,3,stromEingaenge|temperaturEingaenge|dev_advMeterVerification,12,12,0,2,2,0,12,0,20.1155821786563,x731,false
RFQ731-004819,x731,CFG731_3399b9d467bfc71a,CFG731_3399b9d467bfc71a,1.0,CORRECT_TOP1,0,,12,12,0,2,2,0,12,0,21.936936338629312,x731,false
RFQ731-004820,x731,CFG731_3b2a32abbf148ca1,CFG731_d5a8b991307aace7,6.0,TRUE_IN_TOP10,3,dev_advMeterVerification|dynamicGasMaster|customUserFluid,10,10,0,4,4,0,10,0,20.389152183856776,x731,false
RFQ731-004821,x731,CFG731_9a0f0b26c7f24725,CFG731_f4dfffb8a9fa30f7,3.0,TRUE_IN_TOP3,1,stromSchaltbar,11,11,0,4,4,0,11,0,22.39444819773979,x731,false
RFQ731-004822,F731WD_SingleChannel,CFG731_6357400dd5c2804a,CFG731_6357400dd5c2804a,1.0,CORRECT_TOP1,0,,8,8,0,3,3,0,8,0,29.501658488412136,F731WD_SingleChannel,false
RFQ731-004823,x731,CFG731_cf543b1c3927ab71,CFG731_4b5262a517204cb5,2.0,TRUE_IN_TOP3,1,stromSchaltbar,10,10,0,5,5,0,10,0,22.59900181256937,x731,false
RFQ731-004824,G731ST-LT,CFG731_d432b6fd40e9e78c,CFG731_d432b6fd40e9e78c,1.0,CORRECT_TOP1,0,,11,11,0,3,3,0,11,0,24.472385344426765,G731ST-LT,false
RFQ731-004825,x731,CFG731_c9829182065e0285,CFG731_c9829182065e0285,1.0,CORRECT_TOP1,0,,12,12,0,2,2,0,12,0,22.870668805083568,x731,false
RFQ731-004826,F731TE,CFG731_7113759c5b95914d,CFG731_7113759c5b95914d,1.0,CORRECT_TOP1,0,,10,10,0,3,3,0,10,0,40.34799587457038,F731TE,false
RFQ731-004827,x731,CFG731_ab5177144fa1d704,CFG731_ab5177144fa1d704,1.0,CORRECT_TOP1,0,,12,12,0,1,1,0,12,0,21.33345064567715,x731,false
RFQ731-004828,x731,CFG731_9a0f0b26c7f24725,CFG731_399690ce112d8d2a,3.0,TRUE_IN_TOP3,1,customUserFluid,12,12,0,3,3,0,12,0,22.78041780249632,x731,false
RFQ731-004829,x731,CFG731_cf4bb519cec0df2f,CFG731_cf4bb519cec0df2f,1.0,CORRECT_TOP1,0,,15,15,0,1,1,0,15,0,22.206915178997583,x731,false
RFQ731-004830,x731,CFG731_b57057afc270e1f2,CFG731_b57057afc270e1f2,1.0,CORRECT_TOP1,0,,15,15,0,1,1,0,15,0,22.82873367676417,x731,false
RFQ731-004831,x731,CFG731_d3db38843cf9fb81,CFG731_4bd32ba44f2fdd5b,2.0,TRUE_IN_TOP3,1,stromSchaltbar,10,10,0,4,4,0,10,0,20.959195650808574,x731,false
RFQ731-004832,x731,CFG731_9a0f0b26c7f24725,CFG731_bb4f0886ba308d63,6.0,TRUE_IN_TOP10,2,dev_advMeterVerification|customUserFluid,13,13,0,1,1,0,13,0,21.6927433020168,x731,false
RFQ731-004833,x731,CFG731_70b38ab75d3ca724,CFG731_70b38ab75d3ca724,1.0,CORRECT_TOP1,0,,13,13,0,2,2,0,13,0,21.363433715130576,x731,false
RFQ731-004834,G731CA,CFG731_edf13ed38a4b54de,CFG731_edf13ed38a4b54de,1.0,CORRECT_TOP1,0,,11,11,0,3,3,0,11,0,37.03238511893273,G731CA,false
RFQ731-004835,x731,CFG731_2683cf7e09782f5e,CFG731_2683cf7e09782f5e,1.0,CORRECT_TOP1,0,,13,13,0,3,3,0,13,0,22.62841662476227,x731,false
RFQ731-004836,x731,CFG731_3c119308d8305ad4,CFG731_3c119308d8305ad4,1.0,CORRECT_TOP1,0,,12,12,0,3,3,0,12,0,20.701719896485542,x731,false
RFQ731-004837,G731VG,CFG731_6a47b38d62a9fed3,CFG731_6a47b38d62a9fed3,1.0,CORRECT_TOP1,0,,11,11,0,4,4,0,11,0,38.92475428030488,G731VG,false
RFQ731-004838,G731CA,CFG731_95a64c12c70f922a,CFG731_95a64c12c70f922a,1.0,CORRECT_TOP1,0,,10,10,0,4,4,0,10,0,32.28750463962656,G731CA,false
RFQ731-004839,x731,CFG731_0cf73cced42104be,CFG731_0cf73cced42104be,1.0,CORRECT_TOP1,0,,12,12,0,3,3,0,12,0,21.800924274829672,x731,false
RFQ731-004840,x731,CFG731_9a659fd01cd1d239,CFG731_9a659fd01cd1d239,1.0,CORRECT_TOP1,0,,10,10,0,3,3,0,10,0,21.792792364124445,x731,false
RFQ731-004841,G731ST-LT,CFG731_8da1da530d6ae54d,CFG731_8da1da530d6ae54d,1.0,CORRECT_TOP1,0,,11,11,0,5,5,0,11,0,27.431661067739245,G731ST-LT,false
RFQ731-004842,x731,CFG731_3bcde7f8df32303c,CFG731_8cfe8eddc16faf74,2.0,TRUE_IN_TOP3,2,temperaturEingaenge|dev_advMeterVerification,10,10,0,5,5,0,10,0,22.61271486159915,x731,false
RFQ731-004843,x731,CFG731_89772de94df83ba5,CFG731_c580e57f48a370de,2.0,TRUE_IN_TOP3,1,binaerDigitalOpenColl_MN,11,11,0,4,4,0,11,0,21.080186733131725,x731,false
RFQ731-004844,G731ST-HT,CFG731_e2d64e127f97296d,CFG731_a8031a74f6d1710d,2.0,TRUE_IN_TOP3,1,temperaturEingaenge,12,12,0,2,2,0,12,0,25.14476732840662,G731ST-HT,false
RFQ731-004845,G731ST-LT,CFG731_8b6ed3cfa9ed1e59,CFG731_5be384035f37d372,4.0,TRUE_IN_TOP5,2,stromEingaenge|binaerOpenColl_MP,9,9,0,4,4,0,9,0,22.19285908897779,G731ST-LT,false
RFQ731-004846,x731,CFG731_9e4fccece4d272d3,CFG731_e8d4d37dfb814e2d,2.0,TRUE_IN_TOP3,2,dev_advMeterVerification|dynamicGasMaster,12,12,0,2,2,0,12,0,19.92981046540948,x731,false
RFQ731-004847,F731TE,CFG731_0c3b33750ffab3ac,CFG731_0c3b33750ffab3ac,1.0,CORRECT_TOP1,0,,8,8,0,3,3,0,8,0,31.343400174165414,F731TE,false
RFQ731-004848,x731,CFG731_6e096e946540ab4e,CFG731_f693af423cd0a85a,2.0,TRUE_IN_TOP3,1,dynamicGasMaster,10,10,0,6,6,0,10,0,22.23557387439932,x731,false
RFQ731-004849,G731ST-HT,CFG731_288e4c99b4e02895,CFG731_7b17e78739264251,3.0,TRUE_IN_TOP3,1,stromSchaltbar,8,8,0,5,5,0,8,0,23.57644669003196,G731ST-HT,false
RFQ731-004850,x731,CFG731_ee15b881a6032908,CFG731_5e5ad5db2756273d,9.0,TRUE_IN_TOP10,2,dev_advMeterVerification|customUserFluid,10,10,0,3,3,0,10,0,19.651544576393608,x731,false
RFQ731-004851,x731,CFG731_618cb6c1c21feda4,CFG731_c9c2eeedbcdb5160,7.0,TRUE_IN_TOP10,1,temperaturEingaenge,12,12,0,2,2,0,12,0,20.03944838866146,x731,false
RFQ731-004852,F731TE,CFG731_874928f24c55285e,CFG731_874928f24c55285e,1.0,CORRECT_TOP1,0,,11,11,0,2,2,0,11,0,39.169853628786285,F731TE,false
RFQ731-004853,G731CA,CFG731_4af82641f975d9aa,CFG731_4af82641f975d9aa,1.0,CORRECT_TOP1,0,,8,8,0,4,4,0,8,0,27.10410648908661,G731CA,false
RFQ731-004854,G731ST-LT,CFG731_87d8ba5b87cf0a3f,CFG731_9e44a82e6c1db982,5.0,TRUE_IN_TOP5,2,stromEingaenge|temperaturEingaenge,12,12,0,1,1,0,12,0,22.72157556398946,G731ST-LT,false
RFQ731-004855,x731,CFG731_0fbee36816b7af98,CFG731_0fbee36816b7af98,1.0,CORRECT_TOP1,0,,9,9,0,8,8,0,9,0,24.76533442179821,x731,false
RFQ731-004856,x731,CFG731_f87794e7a98d0b11,CFG731_dca3d8725270dd93,2.0,TRUE_IN_TOP3,1,stromSchaltbar,11,11,0,5,5,0,11,0,22.31147138196507,x731,false
RFQ731-004857,x731,CFG731_8d07e19298d09d34,CFG731_0b33555ff08fcd28,2.0,TRUE_IN_TOP3,1,temperaturEingaenge,13,13,0,2,2,0,13,0,22.566635747885577,x731,false
RFQ731-004858,x731,CFG731_25765da4bfc4a3b0,CFG731_25765da4bfc4a3b0,1.0,CORRECT_TOP1,0,,9,9,0,5,5,0,9,0,23.387166882784555,x731,false
RFQ731-004859,G731ST-HT,CFG731_cc9ac35e4d9a1854,CFG731_348f97ec6945fbf8,2.0,TRUE_IN_TOP3,1,temperaturEingaenge,11,11,0,4,4,0,11,0,26.95040647939092,G731ST-HT,false
RFQ731-004860,x731,CFG731_2a8793475d827bb6,CFG731_65b9beb5d5675c99,4.0,TRUE_IN_TOP5,1,temperaturEingaenge,10,10,0,4,4,0,10,0,21.279522477415927,x731,false
RFQ731-004861,F731WD_SingleChannel,CFG731_a7d2a5a9ae465701,CFG731_a7d2a5a9ae465701,1.0,CORRECT_TOP1,0,,9,9,0,4,4,0,9,0,34.90497744699932,F731WD_SingleChannel,false
RFQ731-004862,x731,CFG731_dc326dfb039445c4,CFG731_dc326dfb039445c4,1.0,CORRECT_TOP1,0,,12,12,0,3,3,0,12,0,22.483623219223063,x731,false
RFQ731-004863,G731ST-HT,CFG731_bbffb73f3dff6787,CFG731_9681c4eec01b7fad,2.0,TRUE_IN_TOP3,2,stromSchaltbar|temperaturEingaenge,10,10,0,4,4,0,10,0,25.74440312471359,G731ST-HT,false
RFQ731-004864,x731,CFG731_cf543b1c3927ab71,CFG731_ede0b25f5f83644d,2.0,TRUE_IN_TOP3,3,stromSchaltbar|temperaturEingaenge|dev_advMeterVerification,11,11,0,2,2,0,11,0,20.156110102044224,x731,false
RFQ731-004865,x731,CFG731_3a824c7e49bfd8f4,CFG731_3a824c7e49bfd8f4,1.0,CORRECT_TOP1,0,,9,9,0,6,6,0,9,0,22.308866695567307,x731,false
RFQ731-004866,x731,CFG731_021f4647ad1035b8,CFG731_021f4647ad1035b8,1.0,CORRECT_TOP1,0,,13,13,0,4,4,0,13,0,24.2030423824646,x731,false
RFQ731-004867,G731ST-HT,CFG731_2a989bd6dba74d9f,CFG731_2a989bd6dba74d9f,1.0,CORRECT_TOP1,0,,12,12,0,4,4,0,12,0,28.455601761902955,G731ST-HT,false
RFQ731-004868,x731,CFG731_32a4bb12438a37ab,CFG731_45d35cf8bc922687,2.0,TRUE_IN_TOP3,1,dynamicGasMaster,12,12,0,4,4,0,12,0,23.5068798467303,x731,false
RFQ731-004869,x731,CFG731_59f86789e43d86f1,CFG731_59f86789e43d86f1,1.0,CORRECT_TOP1,0,,12,12,0,4,4,0,12,0,23.11716703108541,x731,false
RFQ731-004870,x731,CFG731_ae226e31119be9bd,CFG731_ae226e31119be9bd,1.0,CORRECT_TOP1,0,,9,9,0,5,5,0,9,0,23.233133724164887,x731,false
RFQ731-004871,x731,CFG731_fe9a409c6b2ba9cc,CFG731_fe9a409c6b2ba9cc,1.0,CORRECT_TOP1,0,,10,10,0,5,5,0,10,0,21.445650566648,x731,false
RFQ731-004872,x731,CFG731_cb9d6c11077bd307,CFG731_fe424f85d85e1c0c,5.0,TRUE_IN_TOP5,2,stromEingaenge|dev_advMeterVerification,12,12,0,2,2,0,12,0,20.185524914237124,x731,false
RFQ731-004873,x731,CFG731_ad0a2fd7350b6cca,CFG731_ad0a2fd7350b6cca,1.0,CORRECT_TOP1,0,,15,15,0,2,2,0,15,0,24.417066677882183,x731,false
RFQ731-004874,x731,CFG731_7393da73e12c3f06,CFG731_7393da73e12c3f06,1.0,CORRECT_TOP1,0,,12,12,0,2,2,0,12,0,23.579340019453937,x731,false
RFQ731-004875,G731ST-LT,CFG731_77dd17c48f15826c,CFG731_77dd17c48f15826c,1.0,CORRECT_TOP1,0,,13,13,0,2,2,0,13,0,25.792989087085736,G731ST-LT,false
RFQ731-004876,x731,CFG731_2692d4e8945eb6ee,CFG731_2692d4e8945eb6ee,1.0,CORRECT_TOP1,0,,9,9,0,5,5,0,9,0,19.80064939897815,x731,false
RFQ731-004877,x731,CFG731_5e50b9bcbfa0b051,CFG731_5e50b9bcbfa0b051,1.0,CORRECT_TOP1,0,,8,8,0,5,5,0,8,0,19.253962518384395,x731,false
RFQ731-004878,G731ST-HT,CFG731_8b18ac1c34209d63,CFG731_8a61c0ec32be5088,6.0,TRUE_IN_TOP10,2,temperaturEingaenge|binaerOpenColl_MP,12,12,0,2,2,0,12,0,24.46607278092853,G731ST-HT,false
RFQ731-004879,x731,CFG731_700e5b0584a9b0fc,CFG731_700e5b0584a9b0fc,1.0,CORRECT_TOP1,0,,10,10,0,3,3,0,10,0,18.57322755993931,x731,false
RFQ731-004880,G731CA,CFG731_495876b6233d3864,CFG731_495876b6233d3864,1.0,CORRECT_TOP1,0,,8,8,0,6,6,0,8,0,35.628547197002995,G731CA,false
RFQ731-004881,G731ST-HT,CFG731_c3a136a8630f644d,CFG731_c3a136a8630f644d,1.0,CORRECT_TOP1,0,,11,11,0,5,5,0,11,0,28.703678848026065,G731ST-HT,false
RFQ731-004882,F731PW,CFG731_b265e25b7baf721d,CFG731_b265e25b7baf721d,1.0,CORRECT_TOP1,0,,9,9,0,2,2,0,9,0,27.660414804579737,F731PW,false
RFQ731-004883,x731,CFG731_b4987f1c95e91d0d,CFG731_8d9f29ebcd8f04bd,2.0,TRUE_IN_TOP3,1,stromSchaltbar,12,12,0,3,3,0,12,0,20.8874456174459,x731,false
RFQ731-004884,x731,CFG731_2d0a81ff4ec49480,CFG731_e66ce98c9fc7fa3b,2.0,TRUE_IN_TOP3,1,dev_advMeterVerification,11,11,0,5,5,0,11,0,23.22750568176889,x731,false
RFQ731-004885,F731TE,CFG731_b27467571d893d92,CFG731_b27467571d893d92,1.0,CORRECT_TOP1,0,,9,9,0,2,2,0,9,0,30.20745299258429,F731TE,false
RFQ731-004886,F731WD_DualChannel,CFG731_819cb4e76943eca6,CFG731_819cb4e76943eca6,1.0,CORRECT_TOP1,0,,10,10,0,3,3,0,10,0,32.30861569119556,F731WD_DualChannel,false
RFQ731-004887,x731,CFG731_8d2d91c46ccfb471,CFG731_8d2d91c46ccfb471,1.0,CORRECT_TOP1,0,,12,12,0,5,5,0,12,0,25.116893131982074,x731,false
RFQ731-004888,x731,CFG731_cd4f211fbf872f2e,CFG731_6084e24782dc3f55,6.0,TRUE_IN_TOP10,2,stromSchaltbar|customUserFluid,12,12,0,1,1,0,12,0,19.363709512596134,x731,false
RFQ731-004889,x731,CFG731_04a53b6cc81d57d6,CFG731_644efca41c3e2def,10.0,TRUE_IN_TOP10,3,stromSchaltbar|dev_advMeterVerification|customUserFluid,9,9,0,3,3,0,9,0,18.03477530571172,x731,false
RFQ731-004890,G731ST-HT,CFG731_8216f56c8f1b8479,CFG731_8216f56c8f1b8479,1.0,CORRECT_TOP1,0,,12,12,0,2,2,0,12,0,24.931663900077588,G731ST-HT,false
RFQ731-004891,F731TE,CFG731_d8c69b7395beabbb,CFG731_d8c69b7395beabbb,1.0,CORRECT_TOP1,0,,8,8,0,5,5,0,8,0,38.80183643608151,F731TE,false
RFQ731-004892,x731,CFG731_5ea309f998205da7,CFG731_b848918cab1cb35d,3.0,TRUE_IN_TOP3,1,stromEingaenge,14,14,0,1,1,0,14,0,22.018594545241225,x731,false
RFQ731-004893,x731,CFG731_7f60255816247683,CFG731_39890affe81b5eb5,3.0,TRUE_IN_TOP3,1,dynamicGasMaster,10,10,0,5,5,0,10,0,20.376981085698574,x731,false
RFQ731-004894,x731,CFG731_241d60e6ef5278be,CFG731_981d84ac2d25a7ea,3.0,TRUE_IN_TOP3,2,stromSchaltbar|customUserFluid,6,6,0,8,8,0,6,0,20.428654572315686,x731,false
RFQ731-004895,G731ST-LT,CFG731_d5af433b36265df1,CFG731_d5af433b36265df1,1.0,CORRECT_TOP1,0,,10,10,0,5,5,0,10,0,25.64301101461933,G731ST-LT,false
RFQ731-004896,x731,CFG731_ae226e31119be9bd,CFG731_ae226e31119be9bd,1.0,CORRECT_TOP1,0,,9,9,0,5,5,0,9,0,23.233133724164887,x731,false
RFQ731-004897,x731,CFG731_7765429ffa27b59a,CFG731_7765429ffa27b59a,1.0,CORRECT_TOP1,0,,11,11,0,2,2,0,11,0,22.60976631427594,x731,false
RFQ731-004898,G731ST-HT,CFG731_c3a136a8630f644d,CFG731_a012df089e5e5862,2.0,TRUE_IN_TOP3,1,stromSchaltbar,9,9,0,6,6,0,9,0,27.249598407225623,G731ST-HT,false
RFQ731-004899,x731,CFG731_b1196e0942d6104e,CFG731_b1196e0942d6104e,1.0,CORRECT_TOP1,0,,10,10,0,3,3,0,10,0,21.48878113303836,x731,false
RFQ731-004900,x731,CFG731_ef980c35ed5ff3e4,CFG731_5b19041707affaab,3.0,TRUE_IN_TOP3,1,dev_advMeterVerification,11,11,0,4,4,0,11,0,21.319494335916,x731,false
RFQ731-004901,G731ST-HT,CFG731_eb70dc35972dc4b7,CFG731_c759934398f2381a,2.0,TRUE_IN_TOP3,1,binaerDigitalOpenColl_MN,13,13,0,1,1,0,13,0,24.904484207716184,G731ST-HT,false
RFQ731-004902,F731WD_SingleChannel,CFG731_a7d2a5a9ae465701,CFG731_a7d2a5a9ae465701,1.0,CORRECT_TOP1,0,,10,10,0,3,3,0,10,0,34.90497744699932,F731WD_SingleChannel,false
RFQ731-004903,x731,CFG731_63fe6cb51777cd72,CFG731_63fe6cb51777cd72,1.0,CORRECT_TOP1,0,,10,10,0,4,4,0,10,0,23.192191069761883,x731,false
RFQ731-004904,x731,CFG731_9fcbeaf9d5010d3a,CFG731_57b3b3a6958ee330,3.0,TRUE_IN_TOP3,1,stromEingaenge,11,11,0,3,3,0,11,0,20.260911984514,x731,false
RFQ731-004905,x731,CFG731_337790e6bbcf15f4,CFG731_de32c30417f0baf1,4.0,TRUE_IN_TOP5,1,customUserFluid,10,10,0,4,4,0,10,0,20.646881589270524,x731,false
RFQ731-004906,G731ST-LT,CFG731_1d89d7fdc7355744,CFG731_2eae9204301f61ab,3.0,TRUE_IN_TOP3,1,stromSchaltbar,9,9,0,5,5,0,9,0,24.559238061030555,G731ST-LT,false
RFQ731-004907,G731ST-HT,CFG731_6cc2f5d089c01baf,CFG731_6cc2f5d089c01baf,1.0,CORRECT_TOP1,0,,8,8,0,6,6,0,8,0,25.48986884927969,G731ST-HT,false
RFQ731-004908,x731,CFG731_1f978c234895178c,CFG731_1f978c234895178c,1.0,CORRECT_TOP1,0,,13,13,0,3,3,0,13,0,22.347209256857266,x731,false
RFQ731-004909,x731,CFG731_9228cc48e333917c,CFG731_b44b2e6818291871,5.0,TRUE_IN_TOP5,1,customUserFluid,11,11,0,3,3,0,11,0,20.88792593490823,x731,false
RFQ731-004910,x731,CFG731_57a2b410fc32b41a,CFG731_57a2b410fc32b41a,1.0,CORRECT_TOP1,0,,10,10,0,5,5,0,10,0,21.487845630850977,x731,false
RFQ731-004911,x731,CFG731_8d07e19298d09d34,CFG731_6d2ac57f5a8786db,3.0,TRUE_IN_TOP3,2,stromEingaenge|customUserFluid,10,10,0,4,4,0,10,0,21.435399555979043,x731,false
RFQ731-004912,x731,CFG731_086adbe1d654b214,CFG731_ab1e75de4ad74389,6.0,TRUE_IN_TOP10,3,stromEingaenge|temperaturEingaenge|binaerOpenColl_MP,11,11,0,2,2,0,11,0,18.31293207650552,x731,false
RFQ731-004913,x731,CFG731_75466cb810218a66,CFG731_33c8c685d7c8530a,4.0,TRUE_IN_TOP5,1,stromEingaenge,10,10,0,3,3,0,10,0,20.045771451360743,x731,false
RFQ731-004914,x731,CFG731_9a0f0b26c7f24725,CFG731_399690ce112d8d2a,3.0,TRUE_IN_TOP3,1,customUserFluid,13,13,0,2,2,0,13,0,22.78041780249632,x731,false
RFQ731-004915,G731ST-LT,CFG731_750dd83a06ba43cb,CFG731_750dd83a06ba43cb,1.0,CORRECT_TOP1,0,,11,11,0,4,4,0,11,0,25.785407490269424,G731ST-LT,false
RFQ731-004916,x731,CFG731_962b6fcde3072947,CFG731_3450383be0000281,4.0,TRUE_IN_TOP5,1,temperaturEingaenge,10,10,0,5,5,0,10,0,20.73037859188728,x731,false
RFQ731-004917,G731ST-LT,CFG731_a57ffd88d58eb498,CFG731_fa6ab94f1cf566b3,3.0,TRUE_IN_TOP3,1,binaerDigitalOpenColl_MN,10,10,0,4,4,0,10,0,23.590271363226396,G731ST-LT,false
RFQ731-004918,G731ST-HT,CFG731_4aa7d46b9cfa7d7b,CFG731_b3b502cc22fcd72e,4.0,TRUE_IN_TOP5,2,stromSchaltbar|temperaturEingaenge,9,9,0,5,5,0,9,0,25.566268774171306,G731ST-HT,false
RFQ731-004919,x731,CFG731_5c624ef6fa2b6510,CFG731_b2cfdbf46904c03f,7.0,TRUE_IN_TOP10,1,customUserFluid,8,8,0,6,6,0,8,0,19.99408754813412,x731,false
RFQ731-004920,x731,CFG731_5ea309f998205da7,CFG731_b848918cab1cb35d,3.0,TRUE_IN_TOP3,1,stromEingaenge,12,12,0,3,3,0,12,0,22.018594545241225,x731,false
RFQ731-004921,G731ST-LT,CFG731_1d89d7fdc7355744,CFG731_1d89d7fdc7355744,1.0,CORRECT_TOP1,0,,12,12,0,3,3,0,12,0,26.013318501830994,G731ST-LT,false
RFQ731-004922,x731,CFG731_31d0a0df66872bf7,CFG731_31d0a0df66872bf7,1.0,CORRECT_TOP1,0,,10,10,0,6,6,0,10,0,23.95308484150772,x731,false
RFQ731-004923,x731,CFG731_31c4aded40f9387f,CFG731_a41e221f51c9a405,2.0,TRUE_IN_TOP3,1,temperaturEingaenge,10,10,0,5,5,0,10,0,21.906244694895264,x731,false
RFQ731-004924,G731ST-HT,CFG731_a56f1437a0b4ca31,CFG731_a56f1437a0b4ca31,1.0,CORRECT_TOP1,0,,11,11,0,5,5,0,11,0,28.413406697699983,G731ST-HT,false
RFQ731-004925,G731ST-LT,CFG731_32b4b1ec4513af66,CFG731_58b9913d8024b015,5.0,TRUE_IN_TOP5,3,stromSchaltbar|stromEingaenge|temperaturEingaenge,9,9,0,4,4,0,9,0,22.70248406833466,G731ST-LT,false
RFQ731-004926,x731,CFG731_086adbe1d654b214,CFG731_960e69befde5f9f6,2.0,TRUE_IN_TOP3,2,stromEingaenge|temperaturEingaenge,7,7,0,7,7,0,7,0,20.58600114264372,x731,false
RFQ731-004927,G731CA,CFG731_e85a7fcdd0521e90,CFG731_e85a7fcdd0521e90,1.0,CORRECT_TOP1,0,,10,10,0,2,2,0,10,0,21.84453250899616,G731CA,false
RFQ731-004928,G731ST-LT,CFG731_49cd4cbef1081333,CFG731_5be9d749d8317fd3,2.0,TRUE_IN_TOP3,1,temperaturEingaenge,12,12,0,2,2,0,12,0,23.680576411450417,G731ST-LT,false
RFQ731-004929,x731,CFG731_02ec1e408c44cf5d,CFG731_2a1c7295f72ff6ac,2.0,TRUE_IN_TOP3,1,temperaturEingaenge,11,11,0,4,4,0,11,0,21.621655743180103,x731,false
RFQ731-004930,x731,CFG731_618cb6c1c21feda4,CFG731_618cb6c1c21feda4,1.0,CORRECT_TOP1,0,,14,14,0,1,1,0,14,0,21.39466559870709,x731,false
RFQ731-004931,x731,CFG731_1f978c234895178c,CFG731_007c0829be0a9482,2.0,TRUE_IN_TOP3,1,dev_advMeterVerification,13,13,0,2,2,0,13,0,21.259534756377747,x731,false
RFQ731-004932,F731PW,CFG731_ef211cb97feaddc8,CFG731_ef211cb97feaddc8,1.0,CORRECT_TOP1,0,,9,9,0,3,3,0,9,0,29.504288687985053,F731PW,false
RFQ731-004933,x731,CFG731_f97e51d1da57d99f,CFG731_9b7849ea5c974903,2.0,TRUE_IN_TOP3,2,stromSchaltbar|customUserFluid,10,10,0,4,4,0,10,0,21.680869048991863,x731,false
RFQ731-004934,F731WD_SingleChannel,CFG731_a7d2a5a9ae465701,CFG731_ee8e327bbb737abf,2.0,TRUE_IN_TOP3,2,stromSchaltbar|binaerOpenColl_MP,8,8,0,3,3,0,8,0,25.90038174659436,F731WD_SingleChannel,false
RFQ731-004935,x731,CFG731_5e61ce3b60d15e11,CFG731_5e61ce3b60d15e11,1.0,CORRECT_TOP1,0,,12,12,0,5,5,0,12,0,24.905628499657887,x731,false
RFQ731-004936,G731ST-HT,CFG731_eb70dc35972dc4b7,CFG731_baab4a7f51aced1f,2.0,TRUE_IN_TOP3,2,stromSchaltbar|temperaturEingaenge,8,8,0,5,5,0,8,0,24.077983472682227,G731ST-HT,false
RFQ731-004937,x731,CFG731_618cb6c1c21feda4,CFG731_618cb6c1c21feda4,1.0,CORRECT_TOP1,0,,10,10,0,5,5,0,10,0,21.39466559870709,x731,false
RFQ731-004938,x731,CFG731_d79264c74c1cd4e8,CFG731_d79264c74c1cd4e8,1.0,CORRECT_TOP1,0,,11,11,0,3,3,0,11,0,19.65502678750527,x731,false
RFQ731-004939,x731,CFG731_28ac43a93658ad6b,CFG731_aa82c10f35e81f8d,2.0,TRUE_IN_TOP3,1,customUserFluid,11,11,0,4,4,0,11,0,22.12890294737964,x731,false
RFQ731-004940,G731ST-LT,CFG731_87d8ba5b87cf0a3f,CFG731_d3944f427f0609b6,3.0,TRUE_IN_TOP3,1,temperaturEingaenge,12,12,0,2,2,0,12,0,24.139918129897712,G731ST-LT,false
RFQ731-004941,x731,CFG731_782638eae748ba9a,CFG731_3e782f59368b40db,2.0,TRUE_IN_TOP3,2,stromEingaenge|temperaturEingaenge,9,9,0,4,4,0,9,0,19.051771300044035,x731,false
RFQ731-004942,x731,CFG731_214b093bf98ca9ef,CFG731_214b093bf98ca9ef,1.0,CORRECT_TOP1,0,,11,11,0,3,3,0,11,0,19.855072656294173,x731,false
RFQ731-004943,x731,CFG731_7630270d2245c283,CFG731_69502d87794881ea,3.0,TRUE_IN_TOP3,3,binaerOpenColl_MP|dev_advMeterVerification|dynamicGasMaster,8,8,0,5,5,0,8,0,18.26606119018499,x731,false
RFQ731-004944,x731,CFG731_fd3397424975992e,CFG731_164e84569c2cee64,2.0,TRUE_IN_TOP3,2,temperaturEingaenge|customUserFluid,8,8,0,5,5,0,8,0,19.058548588152508,x731,false
RFQ731-004945,x731,CFG731_241d60e6ef5278be,CFG731_56dbee462245ee56,3.0,TRUE_IN_TOP3,3,binaerDigitalOpenColl_MN|dev_advMeterVerification|customUserFluid,9,9,0,4,4,0,9,0,18.812263596824497,x731,false
RFQ731-004946,x731,CFG731_1d3bf6638fef70ae,CFG731_1d3bf6638fef70ae,1.0,CORRECT_TOP1,0,,10,10,0,5,5,0,10,0,21.5577883664318,x731,false
RFQ731-004947,G731ST-HT,CFG731_bbffb73f3dff6787,CFG731_84352197821d09de,4.0,TRUE_IN_TOP5,2,stromSchaltbar|stromEingaenge,9,9,0,5,5,0,9,0,25.68127776885097,G731ST-HT,false
RFQ731-004948,G731ST-HT,CFG731_cc9ac35e4d9a1854,CFG731_348f97ec6945fbf8,2.0,TRUE_IN_TOP3,1,temperaturEingaenge,14,14,0,1,1,0,14,0,26.95040647939092,G731ST-HT,false
RFQ731-004949,x731,CFG731_073f991a6c9a4683,CFG731_59f73311cf3c5679,2.0,TRUE_IN_TOP3,1,dynamicGasMaster,10,10,0,6,6,0,10,0,22.81335851195809,x731,false
RFQ731-004950,x731,CFG731_5ae746dac49a854b,CFG731_341c747ed8aff14e,5.0,TRUE_IN_TOP5,1,dev_advMeterVerification,11,11,0,3,3,0,11,0,21.72694816270544,x731,false
RFQ731-004951,x731,CFG731_0ed9dfc7367bb0a0,CFG731_0ed9dfc7367bb0a0,1.0,CORRECT_TOP1,0,,11,11,0,2,2,0,11,0,18.615422624142283,x731,false
RFQ731-004952,F731TE,CFG731_7c93880f0c6b22c5,CFG731_7c93880f0c6b22c5,1.0,CORRECT_TOP1,0,,13,13,0,0,0,0,13,0,33.87243937601322,F731TE,false
RFQ731-004953,x731,CFG731_ac3a4ff61341aa72,CFG731_a93ee7be2372dea3,2.0,TRUE_IN_TOP3,1,stromSchaltbar,11,11,0,2,2,0,11,0,21.680954269707744,x731,false
RFQ731-004954,x731,CFG731_cf543b1c3927ab71,CFG731_4dd88391f253d6d5,2.0,TRUE_IN_TOP3,1,binaerDigitalOpenColl_MN,12,12,0,3,3,0,12,0,22.070285337557696,x731,false
RFQ731-004955,x731,CFG731_f1355b6f00fd7f67,CFG731_0318c2a0a1c0c588,10.0,TRUE_IN_TOP10,1,binaerDigitalOpenColl_MN,10,10,0,4,4,0,10,0,20.240782564706148,x731,false
RFQ731-004956,x731,CFG731_d3db38843cf9fb81,CFG731_47d923b0ef4cb37c,5.0,TRUE_IN_TOP5,2,stromSchaltbar|dynamicGasMaster,10,10,0,3,3,0,10,0,19.27923962997598,x731,false
RFQ731-004957,x731,CFG731_d723355141502003,CFG731_c691e1b97ac6f4f0,3.0,TRUE_IN_TOP3,2,stromSchaltbar|binaerOpenColl_MP,10,10,0,2,2,0,10,0,19.54157445673445,x731,false
RFQ731-004958,x731,CFG731_fb16e30f5bbb87f2,CFG731_214b769209164299,3.0,TRUE_IN_TOP3,1,dev_advMeterVerification,10,10,0,4,4,0,10,0,21.59136264897544,x731,false
RFQ731-004959,x731,CFG731_633572f6d3593691,CFG731_633572f6d3593691,1.0,CORRECT_TOP1,0,,12,12,0,2,2,0,12,0,21.71660692388405,x731,false
RFQ731-004960,G731ST-LT,CFG731_750dd83a06ba43cb,CFG731_750dd83a06ba43cb,1.0,CORRECT_TOP1,0,,8,8,0,7,7,0,8,0,25.785407490269424,G731ST-LT,false
RFQ731-004961,x731,CFG731_c39096767a7ae083,CFG731_ef02695e374fc418,2.0,TRUE_IN_TOP3,3,stromSchaltbar|temperaturEingaenge|dev_advMeterVerification,12,12,0,2,2,0,12,0,20.370116454090194,x731,false
RFQ731-004962,x731,CFG731_fd7b09f495a568bc,CFG731_fd7b09f495a568bc,1.0,CORRECT_TOP1,0,,9,9,0,4,4,0,9,0,21.638759205504773,x731,false
RFQ731-004963,F731TE,CFG731_7113759c5b95914d,CFG731_7113759c5b95914d,1.0,CORRECT_TOP1,0,,11,11,0,2,2,0,11,0,40.34799587457038,F731TE,false
RFQ731-004964,F731TE,CFG731_28454766bbc80cb9,CFG731_28454766bbc80cb9,1.0,CORRECT_TOP1,0,,10,10,0,3,3,0,10,0,40.615886614918985,F731TE,false
RFQ731-004965,x731,CFG731_7521d5a6673c8628,CFG731_6942facbe6ebb88b,7.0,TRUE_IN_TOP10,2,dynamicGasMaster|customUserFluid,12,12,0,1,1,0,12,0,18.89412908865333,x731,false
RFQ731-004966,x731,CFG731_1f978c234895178c,CFG731_04e7216b1ba7f935,6.0,TRUE_IN_TOP10,2,stromSchaltbar|temperaturEingaenge,11,11,0,3,3,0,11,0,19.53791160601119,x731,false
RFQ731-004967,F731WD_DualChannel,CFG731_af8fc23bebdac123,CFG731_af8fc23bebdac123,1.0,CORRECT_TOP1,0,,7,7,0,6,6,0,7,0,40.05241362730597,F731WD_DualChannel,false
RFQ731-004968,x731,CFG731_8c50542218db5cb0,CFG731_f7e6eb169c92689f,2.0,TRUE_IN_TOP3,1,stromSchaltbar,10,10,0,5,5,0,10,0,22.02752229433828,x731,false
RFQ731-004969,x731,CFG731_337790e6bbcf15f4,CFG731_3ada8d565667279d,6.0,TRUE_IN_TOP10,2,binaerOpenColl_MP|customUserFluid,11,11,0,2,2,0,11,0,18.37381252313233,x731,false
RFQ731-004970,x731,CFG731_516629085c122a4e,CFG731_27481a3518f630c6,2.0,TRUE_IN_TOP3,1,dev_advMeterVerification,7,7,0,8,8,0,7,0,21.71319327621412,x731,false
RFQ731-004971,F731PW,CFG731_956456fc074ebc5a,CFG731_956456fc074ebc5a,1.0,CORRECT_TOP1,0,,8,8,0,4,4,0,8,0,35.15118328057918,F731PW,false
RFQ731-004972,x731,CFG731_fde1ab2a4808b544,CFG731_5247c83d5f005ead,3.0,TRUE_IN_TOP3,1,customUserFluid,10,10,0,5,5,0,10,0,21.888418211727046,x731,false
RFQ731-004973,G731ST-LT,CFG731_b86bbf24b1c3a419,CFG731_2db6c530f35d47b9,2.0,TRUE_IN_TOP3,1,stromEingaenge,9,9,0,6,6,0,9,0,25.68085128730194,G731ST-LT,false
RFQ731-004974,x731,CFG731_df5f598a914fb1cc,CFG731_df5f598a914fb1cc,1.0,CORRECT_TOP1,0,,9,9,0,5,5,0,9,0,20.88925291522775,x731,false
RFQ731-004975,G731ST-HT,CFG731_63eca10a00ae1f5d,CFG731_63eca10a00ae1f5d,1.0,CORRECT_TOP1,0,,13,13,0,3,3,0,13,0,28.59589583976263,G731ST-HT,false
RFQ731-004976,x731,CFG731_96c2ea74f0083869,CFG731_96c2ea74f0083869,1.0,CORRECT_TOP1,0,,12,12,0,4,4,0,12,0,22.672714086755665,x731,false
RFQ731-004977,x731,CFG731_482678d927834b42,CFG731_0bc45368878bdc1d,2.0,TRUE_IN_TOP3,1,stromSchaltbar,13,13,0,0,0,0,13,0,21.623722796003232,x731,false
RFQ731-004978,x731,CFG731_241261e6f2e0673c,CFG731_241261e6f2e0673c,1.0,CORRECT_TOP1,0,,12,12,0,2,2,0,12,0,19.003511932388594,x731,false
RFQ731-004979,F731WD_DualChannel,CFG731_5076f1c2c0488d0e,CFG731_a4275023636f03e8,4.0,TRUE_IN_TOP5,1,stromEingaenge,10,10,0,0,0,0,10,0,29.62947536099276,F731WD_DualChannel,false
RFQ731-004980,G731ST-HT,CFG731_8b18ac1c34209d63,CFG731_80619ff0be976225,2.0,TRUE_IN_TOP3,1,stromEingaenge,10,10,0,5,5,0,10,0,26.67601649120411,G731ST-HT,false
RFQ731-004981,x731,CFG731_12089d5d54f581ac,CFG731_12089d5d54f581ac,1.0,CORRECT_TOP1,0,,8,8,0,6,6,0,8,0,19.928444769984942,x731,false
RFQ731-004982,x731,CFG731_88cb619bd3d90e89,CFG731_88cb619bd3d90e89,1.0,CORRECT_TOP1,0,,12,12,0,3,3,0,12,0,22.11636445127127,x731,false
RFQ731-004983,G731VG,CFG731_6a47b38d62a9fed3,CFG731_6a47b38d62a9fed3,1.0,CORRECT_TOP1,0,,10,10,0,5,5,0,10,0,38.92475428030488,G731VG,false
RFQ731-004984,x731,CFG731_2a8793475d827bb6,CFG731_65b9beb5d5675c99,4.0,TRUE_IN_TOP5,1,temperaturEingaenge,10,10,0,4,4,0,10,0,21.279522477415927,x731,false
RFQ731-004985,x731,CFG731_0836695982aaa38c,CFG731_0836695982aaa38c,1.0,CORRECT_TOP1,0,,8,8,0,8,8,0,8,0,23.551734055266976,x731,false
RFQ731-004986,x731,CFG731_fd7b09f495a568bc,CFG731_fd7b09f495a568bc,1.0,CORRECT_TOP1,0,,11,11,0,2,2,0,11,0,21.638759205504773,x731,false
RFQ731-004987,x731,CFG731_a5e5e12c08e4e838,CFG731_a5e5e12c08e4e838,1.0,CORRECT_TOP1,0,,11,11,0,4,4,0,11,0,22.92071188035599,x731,false
RFQ731-004988,x731,CFG731_8d07e19298d09d34,CFG731_8d07e19298d09d34,1.0,CORRECT_TOP1,0,,8,8,0,8,8,0,8,0,23.921852957931208,x731,false
RFQ731-004989,G731ST-HT,CFG731_ef8d68b6d278bfec,CFG731_f9cbe189d57c95a1,3.0,TRUE_IN_TOP3,1,stromEingaenge,11,11,0,3,3,0,11,0,25.22193605040367,G731ST-HT,false
RFQ731-004990,x731,CFG731_24648603ca730481,CFG731_ef6e203c92a71c88,3.0,TRUE_IN_TOP3,1,stromSchaltbar,9,9,0,5,5,0,9,0,20.30218618162841,x731,false
RFQ731-004991,F731TE,CFG731_3794187f0a0c3133,CFG731_3794187f0a0c3133,1.0,CORRECT_TOP1,0,,11,11,0,2,2,0,11,0,38.71051191033899,F731TE,false
RFQ731-004992,F731WD_SingleChannel,CFG731_9a761e6bfde35917,CFG731_9a761e6bfde35917,1.0,CORRECT_TOP1,0,,11,11,0,2,2,0,11,0,38.506254188817095,F731WD_SingleChannel,false
RFQ731-004993,x731,CFG731_243419c6708378b3,CFG731_243419c6708378b3,1.0,CORRECT_TOP1,0,,10,10,0,5,5,0,10,0,21.21421686761144,x731,false
RFQ731-004994,F731TE,CFG731_a72f99e8160efda6,CFG731_a72f99e8160efda6,1.0,CORRECT_TOP1,0,,10,10,0,3,3,0,10,0,39.06972717643011,F731TE,false
RFQ731-004995,G731CA,CFG731_5bfe9492c76587ec,CFG731_5bfe9492c76587ec,1.0,CORRECT_TOP1,0,,12,12,0,2,2,0,12,0,35.89643793735161,G731CA,false
RFQ731-004996,x731,CFG731_169a8482d2028dff,CFG731_169a8482d2028dff,1.0,CORRECT_TOP1,0,,11,11,0,5,5,0,11,0,23.877187333941965,x731,false
RFQ731-004997,G731ST-LT,CFG731_0dd81a588b2a1411,CFG731_0dd81a588b2a1411,1.0,CORRECT_TOP1,0,,11,11,0,3,3,0,11,0,24.32563407725631,G731ST-LT,false
RFQ731-004998,x731,CFG731_0db950a4979d2c52,CFG731_fa6b5a7df55858c0,2.0,TRUE_IN_TOP3,1,stromSchaltbar,12,12,0,4,4,0,12,0,23.16127590853137,x731,false
RFQ731-004999,x731,CFG731_8c8856d21252930e,CFG731_6472ab3bf7316498,3.0,TRUE_IN_TOP3,1,binaerOpenColl_MP,10,10,0,3,3,0,10,0,21.002259722229663,x731,false
RFQ731-005000,x731,CFG731_8189439864af87ea,CFG731_8189439864af87ea,1.0,CORRECT_TOP1,0,,12,12,0,2,2,0,12,0,23.20497744608901,x731,false
