synthetic_id,package_context,nearest_real_distance,technical_novelty_score,exact_match_to_real,technical_novelty
SYN_731_000001,x731,3,0.15789473684210525,False,True
SYN_731_000002,x731,1,0.05263157894736842,False,True
SYN_731_000003,x731,1,0.05263157894736842,False,True
SYN_731_000004,x731,1,0.05263157894736842,False,True
SYN_731_000005,x731,2,0.10526315789473684,False,True
SYN_731_000006,x731,2,0.10526315789473684,False,True
SYN_731_000007,G731ST-HT,1,0.05263157894736842,False,True
SYN_731_000008,x731,2,0.10526315789473684,False,True
SYN_731_000009,x731,1,0.05263157894736842,False,True
SYN_731_000010,x731,1,0.05263157894736842,False,True
SYN_731_000011,x731,1,0.05263157894736842,False,True
SYN_731_000012,x731,1,0.05263157894736842,False,True
SYN_731_000013,x731,2,0.10526315789473684,False,True
SYN_731_000014,x731,1,0.05263157894736842,False,True
SYN_731_000015,x731,1,0.05263157894736842,False,True
SYN_731_000016,x731,2,0.10526315789473684,False,True
SYN_731_000017,x731,1,0.05263157894736842,False,True
SYN_731_000018,x731,1,0.05263157894736842,False,True
SYN_731_000019,x731,1,0.05263157894736842,False,True
SYN_731_000020,G731ST-HT,1,0.05263157894736842,False,True
SYN_731_000021,x731,1,0.05263157894736842,False,True
SYN_731_000022,x731,1,0.05263157894736842,False,True
SYN_731_000023,x731,1,0.05263157894736842,False,True
SYN_731_000024,G731ST-LT,1,0.05263157894736842,False,True
SYN_731_000025,x731,2,0.10526315789473684,False,True
SYN_731_000026,G731ST-HT,1,0.05263157894736842,False,True
SYN_731_000027,x731,2,0.10526315789473684,False,True
SYN_731_000028,G731CA,1,0.05263157894736842,False,True
SYN_731_000029,x731,1,0.05263157894736842,False,True
SYN_731_000030,x731,1,0.05263157894736842,False,True
SYN_731_000031,x731,1,0.05263157894736842,False,True
SYN_731_000032,x731,1,0.05263157894736842,False,True
SYN_731_000033,x731,1,0.05263157894736842,False,True
SYN_731_000034,x731,2,0.10526315789473684,False,True
SYN_731_000035,x731,2,0.10526315789473684,False,True
SYN_731_000036,x731,1,0.05263157894736842,False,True
SYN_731_000037,x731,1,0.05263157894736842,False,True
SYN_731_000038,x731,1,0.05263157894736842,False,True
SYN_731_000039,x731,1,0.05263157894736842,False,True
SYN_731_000040,x731,1,0.05263157894736842,False,True
SYN_731_000041,x731,1,0.05263157894736842,False,True
SYN_731_000042,x731,1,0.05263157894736842,False,True
SYN_731_000043,x731,2,0.10526315789473684,False,True
SYN_731_000044,x731,1,0.05263157894736842,False,True
SYN_731_000045,x731,1,0.05263157894736842,False,True
SYN_731_000046,x731,1,0.05263157894736842,False,True
SYN_731_000047,x731,1,0.05263157894736842,False,True
SYN_731_000048,x731,2,0.10526315789473684,False,True
SYN_731_000049,x731,2,0.10526315789473684,False,True
SYN_731_000050,x731,1,0.05263157894736842,False,True
SYN_731_000051,G731ST-HT,1,0.05263157894736842,False,True
SYN_731_000052,x731,2,0.10526315789473684,False,True
SYN_731_000053,x731,1,0.05263157894736842,False,True
SYN_731_000054,x731,1,0.05263157894736842,False,True
SYN_731_000055,x731,1,0.05263157894736842,False,True
SYN_731_000056,x731,1,0.05263157894736842,False,True
SYN_731_000057,x731,3,0.15789473684210525,False,True
SYN_731_000058,x731,2,0.10526315789473684,False,True
SYN_731_000059,G731ST-LT,1,0.05263157894736842,False,True
SYN_731_000060,x731,1,0.05263157894736842,False,True
SYN_731_000061,x731,2,0.10526315789473684,False,True
SYN_731_000062,x731,2,0.10526315789473684,False,True
SYN_731_000063,x731,3,0.15789473684210525,False,True
SYN_731_000064,x731,1,0.05263157894736842,False,True
SYN_731_000065,x731,1,0.05263157894736842,False,True
SYN_731_000066,G731ST-HT,1,0.05263157894736842,False,True
SYN_731_000067,G731ST-HT,1,0.05263157894736842,False,True
SYN_731_000068,x731,2,0.10526315789473684,False,True
SYN_731_000069,x731,1,0.05263157894736842,False,True
SYN_731_000070,x731,1,0.05263157894736842,True,False
SYN_731_000071,x731,1,0.05263157894736842,False,True
SYN_731_000072,x731,1,0.05263157894736842,False,True
SYN_731_000073,x731,2,0.10526315789473684,False,True
SYN_731_000074,x731,1,0.05263157894736842,False,True
SYN_731_000075,x731,1,0.05263157894736842,False,True
SYN_731_000076,x731,2,0.10526315789473684,False,True
SYN_731_000077,G731ST-HT,1,0.05263157894736842,False,True
SYN_731_000078,x731,1,0.05263157894736842,False,True
SYN_731_000079,x731,1,0.05263157894736842,False,True
SYN_731_000080,x731,1,0.05263157894736842,False,True
SYN_731_000081,G731ST-HT,0,0.0,True,False
SYN_731_000082,x731,3,0.15789473684210525,False,True
SYN_731_000083,G731ST-HT,1,0.05263157894736842,False,True
SYN_731_000084,x731,1,0.05263157894736842,False,True
SYN_731_000085,x731,1,0.05263157894736842,False,True
SYN_731_000086,x731,2,0.10526315789473684,False,True
SYN_731_000087,x731,1,0.05263157894736842,False,True
SYN_731_000088,x731,3,0.15789473684210525,False,True
SYN_731_000089,x731,1,0.05263157894736842,False,True
SYN_731_000090,G731CA,1,0.05263157894736842,False,True
SYN_731_000091,x731,2,0.10526315789473684,False,True
SYN_731_000092,G731ST-LT,1,0.05263157894736842,False,True
SYN_731_000093,F731TE,1,0.05263157894736842,False,True
SYN_731_000094,x731,1,0.05263157894736842,False,True
SYN_731_000095,x731,2,0.10526315789473684,False,True
SYN_731_000096,x731,1,0.05263157894736842,False,True
SYN_731_000097,x731,1,0.05263157894736842,False,True
SYN_731_000098,x731,1,0.05263157894736842,False,True
SYN_731_000099,x731,2,0.10526315789473684,False,True
SYN_731_000100,x731,1,0.05263157894736842,False,True
SYN_731_000101,G731ST-LT,1,0.05263157894736842,False,True
SYN_731_000102,G731ST-HT,1,0.05263157894736842,False,True
SYN_731_000103,G731ST-HT,1,0.05263157894736842,False,True
SYN_731_000104,x731,2,0.10526315789473684,False,True
SYN_731_000105,x731,1,0.05263157894736842,False,True
SYN_731_000106,G731ST-LT,1,0.05263157894736842,False,True
SYN_731_000107,x731,2,0.10526315789473684,False,True
SYN_731_000108,G731ST-LT,1,0.05263157894736842,False,True
SYN_731_000109,x731,1,0.05263157894736842,False,True
SYN_731_000110,x731,1,0.05263157894736842,False,True
SYN_731_000111,x731,2,0.10526315789473684,False,True
SYN_731_000112,x731,2,0.10526315789473684,False,True
SYN_731_000113,x731,1,0.05263157894736842,False,True
SYN_731_000114,x731,2,0.10526315789473684,False,True
SYN_731_000115,x731,2,0.10526315789473684,False,True
SYN_731_000116,x731,1,0.05263157894736842,False,True
SYN_731_000117,G731CA,1,0.05263157894736842,False,True
SYN_731_000118,x731,2,0.10526315789473684,False,True
SYN_731_000119,x731,2,0.10526315789473684,False,True
SYN_731_000120,x731,1,0.05263157894736842,False,True
SYN_731_000121,x731,1,0.05263157894736842,False,True
SYN_731_000122,x731,1,0.05263157894736842,False,True
SYN_731_000123,x731,2,0.10526315789473684,False,True
SYN_731_000124,x731,1,0.05263157894736842,False,True
SYN_731_000125,x731,1,0.05263157894736842,False,True
SYN_731_000126,x731,1,0.05263157894736842,False,True
SYN_731_000127,x731,2,0.10526315789473684,False,True
SYN_731_000128,x731,2,0.10526315789473684,False,True
SYN_731_000129,G731ST-HT,1,0.05263157894736842,False,True
SYN_731_000130,x731,1,0.05263157894736842,False,True
SYN_731_000131,x731,1,0.05263157894736842,False,True
SYN_731_000132,G731ST-LT,1,0.05263157894736842,False,True
SYN_731_000133,x731,1,0.05263157894736842,False,True
SYN_731_000134,x731,2,0.10526315789473684,False,True
SYN_731_000135,x731,1,0.05263157894736842,False,True
SYN_731_000136,x731,2,0.10526315789473684,False,True
SYN_731_000137,x731,1,0.05263157894736842,False,True
SYN_731_000138,x731,1,0.05263157894736842,False,True
SYN_731_000139,x731,1,0.05263157894736842,False,True
SYN_731_000140,x731,1,0.05263157894736842,False,True
SYN_731_000141,x731,1,0.05263157894736842,False,True
SYN_731_000142,x731,2,0.10526315789473684,False,True
SYN_731_000143,x731,1,0.05263157894736842,False,True
SYN_731_000144,x731,1,0.05263157894736842,False,True
SYN_731_000145,x731,1,0.05263157894736842,False,True
SYN_731_000146,x731,1,0.05263157894736842,False,True
SYN_731_000147,x731,1,0.05263157894736842,False,True
SYN_731_000148,G731ST-HT,1,0.05263157894736842,False,True
SYN_731_000149,x731,1,0.05263157894736842,False,True
SYN_731_000150,x731,2,0.10526315789473684,False,True
SYN_731_000151,x731,1,0.05263157894736842,False,True
SYN_731_000152,x731,2,0.10526315789473684,False,True
SYN_731_000153,x731,3,0.15789473684210525,False,True
SYN_731_000154,G731ST-LT,1,0.05263157894736842,False,True
SYN_731_000155,G731ST-LT,1,0.05263157894736842,False,True
SYN_731_000156,x731,1,0.05263157894736842,False,True
SYN_731_000157,x731,1,0.05263157894736842,False,True
SYN_731_000158,x731,1,0.05263157894736842,True,False
SYN_731_000159,x731,2,0.10526315789473684,False,True
SYN_731_000160,x731,1,0.05263157894736842,False,True
SYN_731_000161,x731,1,0.05263157894736842,False,True
SYN_731_000162,x731,1,0.05263157894736842,False,True
SYN_731_000163,x731,1,0.05263157894736842,False,True
SYN_731_000164,G731ST-LT,1,0.05263157894736842,False,True
SYN_731_000165,x731,1,0.05263157894736842,False,True
SYN_731_000166,x731,1,0.05263157894736842,False,True
SYN_731_000167,x731,1,0.05263157894736842,False,True
SYN_731_000168,x731,2,0.10526315789473684,False,True
SYN_731_000169,x731,1,0.05263157894736842,False,True
SYN_731_000170,x731,1,0.05263157894736842,False,True
SYN_731_000171,x731,2,0.10526315789473684,False,True
SYN_731_000172,x731,1,0.05263157894736842,False,True
SYN_731_000173,G731ST-LT,1,0.05263157894736842,False,True
SYN_731_000174,x731,1,0.05263157894736842,False,True
SYN_731_000175,x731,1,0.05263157894736842,False,True
SYN_731_000176,x731,2,0.10526315789473684,False,True
SYN_731_000177,x731,1,0.05263157894736842,False,True
SYN_731_000178,G731ST-HT,1,0.05263157894736842,False,True
SYN_731_000179,x731,2,0.10526315789473684,False,True
SYN_731_000180,x731,1,0.05263157894736842,False,True
SYN_731_000181,x731,1,0.05263157894736842,False,True
SYN_731_000182,x731,2,0.10526315789473684,False,True
SYN_731_000183,x731,2,0.10526315789473684,False,True
SYN_731_000184,x731,1,0.05263157894736842,False,True
SYN_731_000185,G731ST-LT,1,0.05263157894736842,False,True
SYN_731_000186,x731,3,0.15789473684210525,False,True
SYN_731_000187,G731ST-LT,1,0.05263157894736842,False,True
SYN_731_000188,x731,2,0.10526315789473684,False,True
SYN_731_000189,x731,1,0.05263157894736842,False,True
SYN_731_000190,x731,2,0.10526315789473684,False,True
SYN_731_000191,x731,1,0.05263157894736842,False,True
SYN_731_000192,x731,3,0.15789473684210525,False,True
SYN_731_000193,x731,1,0.05263157894736842,False,True
SYN_731_000194,x731,1,0.05263157894736842,False,True
SYN_731_000195,x731,1,0.05263157894736842,False,True
SYN_731_000196,x731,1,0.05263157894736842,False,True
SYN_731_000197,x731,2,0.10526315789473684,False,True
SYN_731_000198,x731,1,0.05263157894736842,False,True
SYN_731_000199,x731,1,0.05263157894736842,False,True
SYN_731_000200,x731,1,0.05263157894736842,False,True
SYN_731_000201,F731WD_DualChannel,1,0.05263157894736842,False,True
SYN_731_000202,x731,1,0.05263157894736842,False,True
SYN_731_000203,x731,2,0.10526315789473684,False,True
SYN_731_000204,x731,2,0.10526315789473684,False,True
SYN_731_000205,G731ST-LT,1,0.05263157894736842,False,True
SYN_731_000206,x731,3,0.15789473684210525,False,True
SYN_731_000207,x731,1,0.05263157894736842,False,True
SYN_731_000208,G731CA,1,0.05263157894736842,False,True
SYN_731_000209,x731,1,0.05263157894736842,False,True
SYN_731_000210,x731,1,0.05263157894736842,False,True
SYN_731_000211,x731,3,0.15789473684210525,False,True
SYN_731_000212,x731,2,0.10526315789473684,False,True
SYN_731_000213,F731TE,1,0.05263157894736842,False,True
SYN_731_000214,x731,2,0.10526315789473684,False,True
SYN_731_000215,x731,1,0.05263157894736842,False,True
SYN_731_000216,G731ST-HT,1,0.05263157894736842,False,True
SYN_731_000217,x731,1,0.05263157894736842,False,True
SYN_731_000218,G731ST-HT,1,0.05263157894736842,False,True
SYN_731_000219,x731,1,0.05263157894736842,False,True
SYN_731_000220,x731,1,0.05263157894736842,False,True
SYN_731_000221,x731,1,0.05263157894736842,False,True
SYN_731_000222,F731WD_DualChannel,1,0.05263157894736842,False,True
SYN_731_000223,x731,1,0.05263157894736842,False,True
SYN_731_000224,x731,1,0.05263157894736842,False,True
SYN_731_000225,x731,1,0.05263157894736842,False,True
SYN_731_000226,x731,1,0.05263157894736842,False,True
SYN_731_000227,x731,1,0.05263157894736842,False,True
SYN_731_000228,x731,1,0.05263157894736842,False,True
SYN_731_000229,G731ST-LT,1,0.05263157894736842,False,True
SYN_731_000230,x731,3,0.15789473684210525,False,True
SYN_731_000231,x731,1,0.05263157894736842,False,True
SYN_731_000232,G731ST-HT,1,0.05263157894736842,False,True
SYN_731_000233,x731,1,0.05263157894736842,False,True
SYN_731_000234,G731ST-LT,1,0.05263157894736842,False,True
SYN_731_000235,x731,2,0.10526315789473684,False,True
SYN_731_000236,x731,1,0.05263157894736842,False,True
SYN_731_000237,x731,1,0.05263157894736842,False,True
SYN_731_000238,x731,1,0.05263157894736842,False,True
SYN_731_000239,x731,1,0.05263157894736842,False,True
SYN_731_000240,x731,2,0.10526315789473684,False,True
SYN_731_000241,x731,1,0.05263157894736842,False,True
SYN_731_000242,G731ST-HT,1,0.05263157894736842,False,True
SYN_731_000243,x731,1,0.05263157894736842,False,True
SYN_731_000244,x731,1,0.05263157894736842,False,True
SYN_731_000245,G731ST-HT,1,0.05263157894736842,False,True
SYN_731_000246,x731,1,0.05263157894736842,False,True
SYN_731_000247,x731,1,0.05263157894736842,False,True
SYN_731_000248,x731,1,0.05263157894736842,False,True
SYN_731_000249,x731,1,0.05263157894736842,False,True
SYN_731_000250,x731,2,0.10526315789473684,False,True
SYN_731_000251,x731,1,0.05263157894736842,False,True
SYN_731_000252,x731,1,0.05263157894736842,False,True
SYN_731_000253,x731,1,0.05263157894736842,False,True
SYN_731_000254,x731,1,0.05263157894736842,False,True
SYN_731_000255,x731,1,0.05263157894736842,False,True
SYN_731_000256,x731,2,0.10526315789473684,False,True
SYN_731_000257,x731,1,0.05263157894736842,False,True
SYN_731_000258,x731,1,0.05263157894736842,False,True
SYN_731_000259,x731,1,0.05263157894736842,True,False
SYN_731_000260,x731,2,0.10526315789473684,False,True
SYN_731_000261,x731,1,0.05263157894736842,False,True
SYN_731_000262,x731,1,0.05263157894736842,False,True
SYN_731_000263,x731,1,0.05263157894736842,False,True
SYN_731_000264,x731,1,0.05263157894736842,False,True
SYN_731_000265,x731,2,0.10526315789473684,False,True
SYN_731_000266,x731,1,0.05263157894736842,False,True
SYN_731_000267,x731,3,0.15789473684210525,False,True
SYN_731_000268,x731,3,0.15789473684210525,False,True
SYN_731_000269,G731ST-HT,1,0.05263157894736842,False,True
SYN_731_000270,x731,2,0.10526315789473684,False,True
SYN_731_000271,x731,2,0.10526315789473684,False,True
SYN_731_000272,G731ST-LT,1,0.05263157894736842,False,True
SYN_731_000273,x731,1,0.05263157894736842,False,True
SYN_731_000274,x731,1,0.05263157894736842,False,True
SYN_731_000275,x731,1,0.05263157894736842,False,True
SYN_731_000276,x731,1,0.05263157894736842,False,True
SYN_731_000277,x731,1,0.05263157894736842,False,True
SYN_731_000278,x731,2,0.10526315789473684,False,True
SYN_731_000279,x731,1,0.05263157894736842,False,True
SYN_731_000280,G731ST-LT,1,0.05263157894736842,False,True
SYN_731_000281,x731,2,0.10526315789473684,False,True
SYN_731_000282,x731,2,0.10526315789473684,False,True
SYN_731_000283,F731TE,1,0.05263157894736842,False,True
SYN_731_000284,x731,1,0.05263157894736842,False,True
SYN_731_000285,G731ST-LT,1,0.05263157894736842,False,True
SYN_731_000286,x731,3,0.15789473684210525,False,True
SYN_731_000287,G731ST-HT,1,0.05263157894736842,False,True
SYN_731_000288,F731WD_DualChannel,1,0.05263157894736842,False,True
SYN_731_000289,x731,1,0.05263157894736842,False,True
SYN_731_000290,x731,2,0.10526315789473684,False,True
SYN_731_000291,G731ST-HT,1,0.05263157894736842,False,True
SYN_731_000292,x731,1,0.05263157894736842,False,True
SYN_731_000293,x731,1,0.05263157894736842,False,True
SYN_731_000294,x731,2,0.10526315789473684,False,True
SYN_731_000295,G731ST-LT,1,0.05263157894736842,False,True
SYN_731_000296,G731ST-LT,1,0.05263157894736842,False,True
SYN_731_000297,G731ST-LT,1,0.05263157894736842,False,True
SYN_731_000298,x731,4,0.21052631578947367,False,True
SYN_731_000299,G731ST-LT,1,0.05263157894736842,False,True
SYN_731_000300,x731,1,0.05263157894736842,False,True
SYN_731_000301,x731,1,0.05263157894736842,False,True
SYN_731_000302,x731,1,0.05263157894736842,False,True
SYN_731_000303,G731ST-HT,1,0.05263157894736842,False,True
SYN_731_000304,x731,1,0.05263157894736842,False,True
SYN_731_000305,x731,2,0.10526315789473684,False,True
SYN_731_000306,F731PW,1,0.05263157894736842,True,False
SYN_731_000307,F731PW,0,0.0,True,False
SYN_731_000308,x731,1,0.05263157894736842,False,True
SYN_731_000309,x731,2,0.10526315789473684,False,True
SYN_731_000310,G731ST-HT,1,0.05263157894736842,False,True
SYN_731_000311,G731ST-LT,1,0.05263157894736842,False,True
SYN_731_000312,x731,1,0.05263157894736842,False,True
SYN_731_000313,x731,1,0.05263157894736842,False,True
SYN_731_000314,x731,2,0.10526315789473684,False,True
SYN_731_000315,x731,1,0.05263157894736842,False,True
SYN_731_000316,G731ST-HT,1,0.05263157894736842,False,True
SYN_731_000317,G731ST-HT,1,0.05263157894736842,False,True
SYN_731_000318,G731ST-HT,1,0.05263157894736842,False,True
SYN_731_000319,x731,1,0.05263157894736842,False,True
SYN_731_000320,G731ST-LT,1,0.05263157894736842,True,False
SYN_731_000321,x731,1,0.05263157894736842,False,True
SYN_731_000322,x731,1,0.05263157894736842,False,True
SYN_731_000323,x731,1,0.05263157894736842,False,True
SYN_731_000324,x731,1,0.05263157894736842,False,True
SYN_731_000325,x731,1,0.05263157894736842,False,True
SYN_731_000326,G731ST-HT,1,0.05263157894736842,False,True
SYN_731_000327,x731,1,0.05263157894736842,False,True
SYN_731_000328,x731,1,0.05263157894736842,False,True
SYN_731_000329,x731,1,0.05263157894736842,False,True
SYN_731_000330,x731,2,0.10526315789473684,False,True
SYN_731_000331,x731,1,0.05263157894736842,False,True
SYN_731_000332,x731,2,0.10526315789473684,False,True
SYN_731_000333,x731,2,0.10526315789473684,False,True
SYN_731_000334,G731ST-HT,1,0.05263157894736842,False,True
SYN_731_000335,G731ST-HT,1,0.05263157894736842,False,True
SYN_731_000336,x731,3,0.15789473684210525,False,True
SYN_731_000337,x731,1,0.05263157894736842,False,True
SYN_731_000338,x731,1,0.05263157894736842,False,True
SYN_731_000339,x731,1,0.05263157894736842,False,True
SYN_731_000340,x731,1,0.05263157894736842,False,True
SYN_731_000341,x731,1,0.05263157894736842,False,True
SYN_731_000342,x731,1,0.05263157894736842,False,True
SYN_731_000343,x731,2,0.10526315789473684,False,True
SYN_731_000344,x731,1,0.05263157894736842,False,True
SYN_731_000345,x731,1,0.05263157894736842,False,True
SYN_731_000346,F731PW,0,0.0,True,False
SYN_731_000347,x731,2,0.10526315789473684,False,True
SYN_731_000348,x731,2,0.10526315789473684,False,True
SYN_731_000349,x731,1,0.05263157894736842,False,True
SYN_731_000350,x731,1,0.05263157894736842,False,True
SYN_731_000351,G731CA,1,0.05263157894736842,True,False
SYN_731_000352,x731,1,0.05263157894736842,False,True
SYN_731_000353,G731ST-HT,1,0.05263157894736842,False,True
SYN_731_000354,x731,1,0.05263157894736842,False,True
SYN_731_000355,x731,1,0.05263157894736842,False,True
SYN_731_000356,F731TE,1,0.05263157894736842,False,True
SYN_731_000357,x731,1,0.05263157894736842,False,True
SYN_731_000358,x731,1,0.05263157894736842,False,True
SYN_731_000359,x731,1,0.05263157894736842,False,True
SYN_731_000360,x731,1,0.05263157894736842,False,True
SYN_731_000361,x731,1,0.05263157894736842,False,True
SYN_731_000362,x731,3,0.15789473684210525,False,True
SYN_731_000363,x731,1,0.05263157894736842,False,True
SYN_731_000364,x731,4,0.21052631578947367,False,True
SYN_731_000365,x731,1,0.05263157894736842,False,True
SYN_731_000366,x731,2,0.10526315789473684,False,True
SYN_731_000367,x731,2,0.10526315789473684,False,True
SYN_731_000368,x731,2,0.10526315789473684,False,True
SYN_731_000369,G731ST-LT,1,0.05263157894736842,False,True
SYN_731_000370,x731,1,0.05263157894736842,False,True
SYN_731_000371,x731,1,0.05263157894736842,False,True
SYN_731_000372,x731,3,0.15789473684210525,False,True
SYN_731_000373,G731ST-HT,1,0.05263157894736842,False,True
SYN_731_000374,x731,1,0.05263157894736842,False,True
SYN_731_000375,x731,1,0.05263157894736842,False,True
SYN_731_000376,x731,1,0.05263157894736842,False,True
SYN_731_000377,G731ST-LT,1,0.05263157894736842,False,True
SYN_731_000378,x731,1,0.05263157894736842,False,True
SYN_731_000379,x731,1,0.05263157894736842,False,True
SYN_731_000380,x731,2,0.10526315789473684,False,True
SYN_731_000381,x731,1,0.05263157894736842,False,True
SYN_731_000382,x731,1,0.05263157894736842,True,False
SYN_731_000383,x731,1,0.05263157894736842,False,True
SYN_731_000384,G731ST-HT,1,0.05263157894736842,False,True
SYN_731_000385,x731,3,0.15789473684210525,False,True
SYN_731_000386,x731,1,0.05263157894736842,False,True
SYN_731_000387,x731,1,0.05263157894736842,True,False
SYN_731_000388,x731,2,0.10526315789473684,False,True
SYN_731_000389,x731,2,0.10526315789473684,False,True
SYN_731_000390,x731,1,0.05263157894736842,False,True
SYN_731_000391,x731,1,0.05263157894736842,False,True
SYN_731_000392,x731,3,0.15789473684210525,False,True
SYN_731_000393,x731,2,0.10526315789473684,False,True
SYN_731_000394,G731ST-HT,1,0.05263157894736842,False,True
SYN_731_000395,x731,2,0.10526315789473684,False,True
SYN_731_000396,x731,3,0.15789473684210525,False,True
SYN_731_000397,x731,1,0.05263157894736842,False,True
SYN_731_000398,x731,1,0.05263157894736842,False,True
SYN_731_000399,G731ST-HT,1,0.05263157894736842,True,False
SYN_731_000400,x731,1,0.05263157894736842,False,True
SYN_731_000401,G731ST-HT,1,0.05263157894736842,False,True
SYN_731_000402,G731ST-HT,1,0.05263157894736842,False,True
SYN_731_000403,x731,2,0.10526315789473684,False,True
SYN_731_000404,x731,1,0.05263157894736842,False,True
SYN_731_000405,x731,1,0.05263157894736842,False,True
SYN_731_000406,x731,1,0.05263157894736842,False,True
SYN_731_000407,x731,1,0.05263157894736842,False,True
SYN_731_000408,G731ST-LT,1,0.05263157894736842,False,True
SYN_731_000409,G731ST-HT,1,0.05263157894736842,False,True
SYN_731_000410,x731,1,0.05263157894736842,False,True
SYN_731_000411,x731,1,0.05263157894736842,False,True
SYN_731_000412,x731,1,0.05263157894736842,False,True
SYN_731_000413,x731,1,0.05263157894736842,False,True
SYN_731_000414,x731,1,0.05263157894736842,False,True
SYN_731_000415,x731,1,0.05263157894736842,False,True
SYN_731_000416,G731ST-HT,1,0.05263157894736842,False,True
SYN_731_000417,G731ST-LT,1,0.05263157894736842,False,True
SYN_731_000418,x731,2,0.10526315789473684,False,True
SYN_731_000419,G731ST-HT,1,0.05263157894736842,False,True
SYN_731_000420,x731,2,0.10526315789473684,False,True
SYN_731_000421,x731,3,0.15789473684210525,False,True
SYN_731_000422,x731,2,0.10526315789473684,False,True
SYN_731_000423,x731,1,0.05263157894736842,False,True
SYN_731_000424,x731,1,0.05263157894736842,False,True
SYN_731_000425,x731,2,0.10526315789473684,False,True
SYN_731_000426,x731,1,0.05263157894736842,False,True
SYN_731_000427,x731,2,0.10526315789473684,False,True
SYN_731_000428,x731,1,0.05263157894736842,False,True
SYN_731_000429,x731,1,0.05263157894736842,False,True
SYN_731_000430,x731,3,0.15789473684210525,False,True
SYN_731_000431,x731,1,0.05263157894736842,False,True
SYN_731_000432,x731,1,0.05263157894736842,False,True
SYN_731_000433,x731,1,0.05263157894736842,False,True
SYN_731_000434,F731WD_DualChannel,1,0.05263157894736842,False,True
SYN_731_000435,x731,2,0.10526315789473684,False,True
SYN_731_000436,x731,2,0.10526315789473684,False,True
SYN_731_000437,x731,0,0.0,True,False
SYN_731_000438,x731,2,0.10526315789473684,False,True
SYN_731_000439,x731,1,0.05263157894736842,False,True
SYN_731_000440,x731,1,0.05263157894736842,False,True
SYN_731_000441,x731,1,0.05263157894736842,False,True
SYN_731_000442,x731,1,0.05263157894736842,False,True
SYN_731_000443,x731,3,0.15789473684210525,False,True
SYN_731_000444,x731,1,0.05263157894736842,False,True
SYN_731_000445,x731,1,0.05263157894736842,False,True
SYN_731_000446,x731,1,0.05263157894736842,False,True
SYN_731_000447,x731,2,0.10526315789473684,False,True
SYN_731_000448,x731,1,0.05263157894736842,False,True
SYN_731_000449,x731,2,0.10526315789473684,False,True
SYN_731_000450,x731,2,0.10526315789473684,False,True
SYN_731_000451,x731,2,0.10526315789473684,False,True
SYN_731_000452,x731,1,0.05263157894736842,False,True
SYN_731_000453,x731,1,0.05263157894736842,False,True
SYN_731_000454,x731,1,0.05263157894736842,False,True
SYN_731_000455,x731,1,0.05263157894736842,False,True
SYN_731_000456,x731,1,0.05263157894736842,False,True
SYN_731_000457,x731,1,0.05263157894736842,False,True
SYN_731_000458,x731,1,0.05263157894736842,False,True
SYN_731_000459,G731ST-LT,1,0.05263157894736842,False,True
SYN_731_000460,x731,2,0.10526315789473684,False,True
SYN_731_000461,x731,1,0.05263157894736842,False,True
SYN_731_000462,x731,1,0.05263157894736842,False,True
SYN_731_000463,x731,1,0.05263157894736842,False,True
SYN_731_000464,x731,1,0.05263157894736842,False,True
SYN_731_000465,x731,1,0.05263157894736842,False,True
SYN_731_000466,G731ST-HT,1,0.05263157894736842,False,True
SYN_731_000467,x731,1,0.05263157894736842,True,False
SYN_731_000468,G731ST-LT,1,0.05263157894736842,False,True
SYN_731_000469,F731PW,1,0.05263157894736842,True,False
SYN_731_000470,x731,1,0.05263157894736842,True,False
SYN_731_000471,x731,1,0.05263157894736842,False,True
SYN_731_000472,x731,1,0.05263157894736842,False,True
SYN_731_000473,G731ST-HT,1,0.05263157894736842,False,True
SYN_731_000474,x731,2,0.10526315789473684,False,True
SYN_731_000475,x731,2,0.10526315789473684,False,True
SYN_731_000476,x731,2,0.10526315789473684,False,True
SYN_731_000477,x731,1,0.05263157894736842,False,True
SYN_731_000478,G731ST-HT,1,0.05263157894736842,False,True
SYN_731_000479,x731,1,0.05263157894736842,False,True
SYN_731_000480,G731ST-HT,1,0.05263157894736842,False,True
SYN_731_000481,x731,2,0.10526315789473684,False,True
SYN_731_000482,x731,1,0.05263157894736842,False,True
SYN_731_000483,x731,1,0.05263157894736842,False,True
SYN_731_000484,F731PW,0,0.0,True,False
SYN_731_000485,F731WD_DualChannel,1,0.05263157894736842,False,True
SYN_731_000486,x731,2,0.10526315789473684,False,True
SYN_731_000487,x731,2,0.10526315789473684,False,True
SYN_731_000488,x731,1,0.05263157894736842,False,True
SYN_731_000489,x731,1,0.05263157894736842,False,True
SYN_731_000490,x731,1,0.05263157894736842,False,True
SYN_731_000491,G731ST-LT,1,0.05263157894736842,False,True
SYN_731_000492,x731,1,0.05263157894736842,False,True
SYN_731_000493,x731,1,0.05263157894736842,False,True
SYN_731_000494,x731,2,0.10526315789473684,False,True
SYN_731_000495,x731,1,0.05263157894736842,False,True
SYN_731_000496,G731ST-LT,1,0.05263157894736842,False,True
SYN_731_000497,F731WD_DualChannel,1,0.05263157894736842,False,True
SYN_731_000498,x731,1,0.05263157894736842,False,True
SYN_731_000499,x731,1,0.05263157894736842,False,True
SYN_731_000500,G731ST-LT,1,0.05263157894736842,False,True
SYN_731_000501,x731,1,0.05263157894736842,False,True
SYN_731_000502,F731WD_SingleChannel,1,0.05263157894736842,False,True
SYN_731_000503,x731,1,0.05263157894736842,False,True
SYN_731_000504,x731,1,0.05263157894736842,False,True
SYN_731_000505,x731,1,0.05263157894736842,False,True
SYN_731_000506,G731ST-HT,1,0.05263157894736842,False,True
SYN_731_000507,G731ST-LT,1,0.05263157894736842,False,True
SYN_731_000508,x731,2,0.10526315789473684,False,True
SYN_731_000509,x731,1,0.05263157894736842,False,True
SYN_731_000510,x731,1,0.05263157894736842,False,True
SYN_731_000511,x731,1,0.05263157894736842,False,True
SYN_731_000512,x731,1,0.05263157894736842,False,True
SYN_731_000513,G731ST-HT,1,0.05263157894736842,False,True
SYN_731_000514,G731ST-HT,1,0.05263157894736842,False,True
SYN_731_000515,G731ST-HT,1,0.05263157894736842,False,True
SYN_731_000516,x731,1,0.05263157894736842,False,True
SYN_731_000517,x731,1,0.05263157894736842,False,True
SYN_731_000518,x731,2,0.10526315789473684,False,True
SYN_731_000519,x731,1,0.05263157894736842,False,True
SYN_731_000520,x731,1,0.05263157894736842,False,True
SYN_731_000521,x731,1,0.05263157894736842,False,True
SYN_731_000522,x731,1,0.05263157894736842,False,True
SYN_731_000523,x731,1,0.05263157894736842,False,True
SYN_731_000524,G731CA,1,0.05263157894736842,False,True
SYN_731_000525,x731,1,0.05263157894736842,False,True
SYN_731_000526,x731,1,0.05263157894736842,False,True
SYN_731_000527,x731,1,0.05263157894736842,False,True
SYN_731_000528,x731,1,0.05263157894736842,False,True
SYN_731_000529,x731,1,0.05263157894736842,False,True
SYN_731_000530,x731,1,0.05263157894736842,False,True
SYN_731_000531,x731,1,0.05263157894736842,False,True
SYN_731_000532,G731ST-LT,1,0.05263157894736842,True,False
SYN_731_000533,G731ST-LT,1,0.05263157894736842,False,True
SYN_731_000534,x731,1,0.05263157894736842,False,True
SYN_731_000535,G731ST-LT,1,0.05263157894736842,False,True
SYN_731_000536,x731,1,0.05263157894736842,False,True
SYN_731_000537,G731ST-LT,1,0.05263157894736842,False,True
SYN_731_000538,x731,2,0.10526315789473684,False,True
SYN_731_000539,x731,1,0.05263157894736842,False,True
SYN_731_000540,x731,1,0.05263157894736842,False,True
SYN_731_000541,x731,2,0.10526315789473684,False,True
SYN_731_000542,x731,1,0.05263157894736842,False,True
SYN_731_000543,x731,1,0.05263157894736842,False,True
SYN_731_000544,x731,1,0.05263157894736842,False,True
SYN_731_000545,G731ST-LT,1,0.05263157894736842,False,True
SYN_731_000546,x731,3,0.15789473684210525,False,True
SYN_731_000547,x731,1,0.05263157894736842,False,True
SYN_731_000548,x731,1,0.05263157894736842,False,True
SYN_731_000549,x731,1,0.05263157894736842,False,True
SYN_731_000550,G731ST-HT,1,0.05263157894736842,False,True
SYN_731_000551,x731,1,0.05263157894736842,False,True
SYN_731_000552,G731ST-HT,0,0.0,True,False
SYN_731_000553,x731,2,0.10526315789473684,False,True
SYN_731_000554,x731,1,0.05263157894736842,False,True
SYN_731_000555,G731ST-LT,1,0.05263157894736842,False,True
SYN_731_000556,x731,2,0.10526315789473684,False,True
SYN_731_000557,x731,2,0.10526315789473684,False,True
SYN_731_000558,x731,1,0.05263157894736842,False,True
SYN_731_000559,x731,1,0.05263157894736842,False,True
SYN_731_000560,x731,2,0.10526315789473684,False,True
SYN_731_000561,x731,3,0.15789473684210525,False,True
SYN_731_000562,x731,2,0.10526315789473684,False,True
SYN_731_000563,x731,1,0.05263157894736842,False,True
SYN_731_000564,x731,1,0.05263157894736842,False,True
SYN_731_000565,G731ST-LT,1,0.05263157894736842,True,False
SYN_731_000566,x731,2,0.10526315789473684,False,True
SYN_731_000567,x731,2,0.10526315789473684,False,True
SYN_731_000568,x731,2,0.10526315789473684,False,True
SYN_731_000569,x731,1,0.05263157894736842,False,True
SYN_731_000570,x731,1,0.05263157894736842,False,True
SYN_731_000571,x731,2,0.10526315789473684,False,True
SYN_731_000572,G731ST-HT,1,0.05263157894736842,False,True
SYN_731_000573,G731ST-LT,1,0.05263157894736842,True,False
SYN_731_000574,x731,1,0.05263157894736842,False,True
SYN_731_000575,G731ST-HT,1,0.05263157894736842,False,True
SYN_731_000576,x731,1,0.05263157894736842,False,True
SYN_731_000577,x731,1,0.05263157894736842,False,True
SYN_731_000578,x731,1,0.05263157894736842,False,True
SYN_731_000579,x731,3,0.15789473684210525,False,True
SYN_731_000580,x731,1,0.05263157894736842,False,True
SYN_731_000581,x731,1,0.05263157894736842,False,True
SYN_731_000582,x731,1,0.05263157894736842,False,True
SYN_731_000583,x731,2,0.10526315789473684,False,True
SYN_731_000584,x731,1,0.05263157894736842,False,True
SYN_731_000585,G731ST-HT,1,0.05263157894736842,False,True
SYN_731_000586,x731,1,0.05263157894736842,False,True
SYN_731_000587,x731,2,0.10526315789473684,False,True
SYN_731_000588,G731ST-LT,1,0.05263157894736842,False,True
SYN_731_000589,G731ST-HT,1,0.05263157894736842,False,True
SYN_731_000590,x731,1,0.05263157894736842,False,True
SYN_731_000591,x731,1,0.05263157894736842,False,True
SYN_731_000592,x731,1,0.05263157894736842,False,True
SYN_731_000593,G731ST-HT,1,0.05263157894736842,False,True
SYN_731_000594,x731,1,0.05263157894736842,False,True
SYN_731_000595,x731,1,0.05263157894736842,False,True
SYN_731_000596,x731,1,0.05263157894736842,False,True
SYN_731_000597,G731ST-HT,1,0.05263157894736842,False,True
SYN_731_000598,G731ST-LT,1,0.05263157894736842,True,False
SYN_731_000599,x731,1,0.05263157894736842,False,True
SYN_731_000600,x731,1,0.05263157894736842,False,True
SYN_731_000601,x731,1,0.05263157894736842,False,True
SYN_731_000602,x731,1,0.05263157894736842,False,True
SYN_731_000603,x731,1,0.05263157894736842,False,True
SYN_731_000604,x731,1,0.05263157894736842,False,True
SYN_731_000605,G731ST-HT,1,0.05263157894736842,False,True
SYN_731_000606,x731,1,0.05263157894736842,True,False
SYN_731_000607,x731,3,0.15789473684210525,False,True
SYN_731_000608,x731,1,0.05263157894736842,False,True
SYN_731_000609,G731ST-HT,1,0.05263157894736842,False,True
SYN_731_000610,x731,1,0.05263157894736842,False,True
SYN_731_000611,x731,1,0.05263157894736842,False,True
SYN_731_000612,x731,2,0.10526315789473684,False,True
SYN_731_000613,x731,2,0.10526315789473684,False,True
SYN_731_000614,x731,1,0.05263157894736842,False,True
SYN_731_000615,x731,1,0.05263157894736842,False,True
SYN_731_000616,x731,2,0.10526315789473684,False,True
SYN_731_000617,x731,1,0.05263157894736842,False,True
SYN_731_000618,x731,2,0.10526315789473684,False,True
SYN_731_000619,G731ST-HT,1,0.05263157894736842,True,False
SYN_731_000620,x731,2,0.10526315789473684,False,True
SYN_731_000621,x731,1,0.05263157894736842,False,True
SYN_731_000622,x731,1,0.05263157894736842,False,True
SYN_731_000623,G731ST-LT,1,0.05263157894736842,False,True
SYN_731_000624,x731,2,0.10526315789473684,False,True
SYN_731_000625,x731,1,0.05263157894736842,False,True
SYN_731_000626,x731,1,0.05263157894736842,False,True
SYN_731_000627,x731,2,0.10526315789473684,False,True
SYN_731_000628,x731,2,0.10526315789473684,False,True
SYN_731_000629,x731,1,0.05263157894736842,False,True
SYN_731_000630,x731,1,0.05263157894736842,False,True
SYN_731_000631,G731ST-HT,1,0.05263157894736842,False,True
SYN_731_000632,x731,1,0.05263157894736842,False,True
SYN_731_000633,x731,1,0.05263157894736842,False,True
SYN_731_000634,x731,1,0.05263157894736842,False,True
SYN_731_000635,x731,3,0.15789473684210525,False,True
SYN_731_000636,x731,2,0.10526315789473684,False,True
SYN_731_000637,x731,1,0.05263157894736842,False,True
SYN_731_000638,x731,1,0.05263157894736842,False,True
SYN_731_000639,x731,1,0.05263157894736842,False,True
SYN_731_000640,G731ST-LT,1,0.05263157894736842,False,True
SYN_731_000641,G731ST-LT,1,0.05263157894736842,False,True
SYN_731_000642,G731ST-LT,1,0.05263157894736842,False,True
SYN_731_000643,x731,1,0.05263157894736842,False,True
SYN_731_000644,x731,2,0.10526315789473684,False,True
SYN_731_000645,x731,1,0.05263157894736842,False,True
SYN_731_000646,G731ST-HT,1,0.05263157894736842,False,True
SYN_731_000647,x731,1,0.05263157894736842,False,True
SYN_731_000648,x731,1,0.05263157894736842,False,True
SYN_731_000649,x731,1,0.05263157894736842,False,True
SYN_731_000650,G731ST-HT,1,0.05263157894736842,False,True
SYN_731_000651,x731,1,0.05263157894736842,False,True
SYN_731_000652,x731,1,0.05263157894736842,False,True
SYN_731_000653,G731ST-LT,1,0.05263157894736842,False,True
SYN_731_000654,x731,2,0.10526315789473684,False,True
SYN_731_000655,x731,1,0.05263157894736842,False,True
SYN_731_000656,x731,1,0.05263157894736842,False,True
SYN_731_000657,x731,1,0.05263157894736842,False,True
SYN_731_000658,x731,2,0.10526315789473684,False,True
SYN_731_000659,x731,1,0.05263157894736842,False,True
SYN_731_000660,G731ST-HT,0,0.0,True,False
SYN_731_000661,G731ST-HT,1,0.05263157894736842,False,True
SYN_731_000662,x731,1,0.05263157894736842,False,True
SYN_731_000663,x731,1,0.05263157894736842,False,True
SYN_731_000664,x731,2,0.10526315789473684,False,True
SYN_731_000665,x731,1,0.05263157894736842,False,True
SYN_731_000666,x731,2,0.10526315789473684,False,True
SYN_731_000667,x731,2,0.10526315789473684,False,True
SYN_731_000668,x731,1,0.05263157894736842,False,True
SYN_731_000669,G731ST-HT,1,0.05263157894736842,False,True
SYN_731_000670,x731,1,0.05263157894736842,False,True
SYN_731_000671,x731,1,0.05263157894736842,False,True
SYN_731_000672,F731TE,1,0.05263157894736842,False,True
SYN_731_000673,x731,1,0.05263157894736842,False,True
SYN_731_000674,x731,1,0.05263157894736842,False,True
SYN_731_000675,x731,1,0.05263157894736842,False,True
SYN_731_000676,x731,3,0.15789473684210525,False,True
SYN_731_000677,x731,1,0.05263157894736842,False,True
SYN_731_000678,x731,2,0.10526315789473684,False,True
SYN_731_000679,G731ST-HT,1,0.05263157894736842,False,True
SYN_731_000680,x731,3,0.15789473684210525,False,True
SYN_731_000681,x731,1,0.05263157894736842,False,True
SYN_731_000682,x731,1,0.05263157894736842,False,True
SYN_731_000683,x731,2,0.10526315789473684,False,True
SYN_731_000684,G731ST-HT,1,0.05263157894736842,False,True
SYN_731_000685,x731,1,0.05263157894736842,False,True
SYN_731_000686,x731,1,0.05263157894736842,False,True
SYN_731_000687,G731ST-HT,1,0.05263157894736842,False,True
SYN_731_000688,x731,1,0.05263157894736842,False,True
SYN_731_000689,x731,2,0.10526315789473684,False,True
SYN_731_000690,x731,3,0.15789473684210525,False,True
SYN_731_000691,G731ST-LT,1,0.05263157894736842,False,True
SYN_731_000692,x731,1,0.05263157894736842,False,True
SYN_731_000693,x731,2,0.10526315789473684,False,True
SYN_731_000694,x731,2,0.10526315789473684,False,True
SYN_731_000695,x731,1,0.05263157894736842,False,True
SYN_731_000696,x731,2,0.10526315789473684,False,True
SYN_731_000697,x731,1,0.05263157894736842,False,True
SYN_731_000698,G731CA,1,0.05263157894736842,False,True
SYN_731_000699,x731,2,0.10526315789473684,False,True
SYN_731_000700,x731,2,0.10526315789473684,False,True
SYN_731_000701,G731ST-LT,1,0.05263157894736842,False,True
SYN_731_000702,x731,1,0.05263157894736842,False,True
SYN_731_000703,x731,1,0.05263157894736842,False,True
SYN_731_000704,x731,1,0.05263157894736842,False,True
SYN_731_000705,x731,2,0.10526315789473684,False,True
SYN_731_000706,x731,1,0.05263157894736842,True,False
SYN_731_000707,x731,1,0.05263157894736842,False,True
SYN_731_000708,G731ST-HT,1,0.05263157894736842,False,True
SYN_731_000709,x731,2,0.10526315789473684,False,True
SYN_731_000710,x731,2,0.10526315789473684,False,True
SYN_731_000711,x731,3,0.15789473684210525,False,True
SYN_731_000712,G731ST-LT,1,0.05263157894736842,False,True
SYN_731_000713,x731,1,0.05263157894736842,False,True
SYN_731_000714,x731,1,0.05263157894736842,False,True
SYN_731_000715,x731,1,0.05263157894736842,False,True
SYN_731_000716,x731,1,0.05263157894736842,False,True
SYN_731_000717,x731,1,0.05263157894736842,False,True
SYN_731_000718,x731,1,0.05263157894736842,False,True
SYN_731_000719,G731ST-LT,1,0.05263157894736842,False,True
SYN_731_000720,x731,1,0.05263157894736842,False,True
SYN_731_000721,G731ST-HT,1,0.05263157894736842,False,True
SYN_731_000722,G731CA,1,0.05263157894736842,False,True
SYN_731_000723,x731,1,0.05263157894736842,False,True
SYN_731_000724,G731ST-HT,1,0.05263157894736842,False,True
SYN_731_000725,G731ST-HT,1,0.05263157894736842,False,True
SYN_731_000726,x731,1,0.05263157894736842,False,True
SYN_731_000727,x731,2,0.10526315789473684,False,True
SYN_731_000728,G731ST-LT,1,0.05263157894736842,False,True
SYN_731_000729,x731,2,0.10526315789473684,False,True
SYN_731_000730,x731,1,0.05263157894736842,False,True
SYN_731_000731,G731ST-HT,1,0.05263157894736842,False,True
SYN_731_000732,G731ST-HT,1,0.05263157894736842,True,False
SYN_731_000733,x731,1,0.05263157894736842,False,True
SYN_731_000734,x731,1,0.05263157894736842,False,True
SYN_731_000735,x731,2,0.10526315789473684,False,True
SYN_731_000736,x731,1,0.05263157894736842,False,True
SYN_731_000737,x731,1,0.05263157894736842,False,True
SYN_731_000738,x731,1,0.05263157894736842,False,True
SYN_731_000739,x731,2,0.10526315789473684,False,True
SYN_731_000740,x731,3,0.15789473684210525,False,True
SYN_731_000741,x731,1,0.05263157894736842,True,False
SYN_731_000742,G731ST-HT,1,0.05263157894736842,False,True
SYN_731_000743,x731,1,0.05263157894736842,False,True
SYN_731_000744,x731,2,0.10526315789473684,False,True
SYN_731_000745,x731,1,0.05263157894736842,False,True
SYN_731_000746,x731,3,0.15789473684210525,False,True
SYN_731_000747,x731,4,0.21052631578947367,False,True
SYN_731_000748,G731ST-LT,1,0.05263157894736842,False,True
SYN_731_000749,x731,1,0.05263157894736842,False,True
SYN_731_000750,x731,1,0.05263157894736842,False,True
SYN_731_000751,x731,2,0.10526315789473684,False,True
SYN_731_000752,F731WD_DualChannel,1,0.05263157894736842,False,True
SYN_731_000753,G731ST-HT,1,0.05263157894736842,True,False
SYN_731_000754,x731,1,0.05263157894736842,False,True
SYN_731_000755,x731,1,0.05263157894736842,False,True
SYN_731_000756,x731,1,0.05263157894736842,False,True
SYN_731_000757,G731ST-LT,1,0.05263157894736842,False,True
SYN_731_000758,x731,2,0.10526315789473684,False,True
SYN_731_000759,x731,1,0.05263157894736842,False,True
SYN_731_000760,x731,3,0.15789473684210525,False,True
SYN_731_000761,x731,1,0.05263157894736842,False,True
SYN_731_000762,G731ST-LT,1,0.05263157894736842,False,True
SYN_731_000763,x731,1,0.05263157894736842,False,True
SYN_731_000764,x731,3,0.15789473684210525,False,True
SYN_731_000765,x731,2,0.10526315789473684,False,True
SYN_731_000766,x731,2,0.10526315789473684,False,True
SYN_731_000767,x731,2,0.10526315789473684,False,True
SYN_731_000768,x731,1,0.05263157894736842,False,True
SYN_731_000769,x731,1,0.05263157894736842,False,True
SYN_731_000770,x731,1,0.05263157894736842,False,True
SYN_731_000771,x731,1,0.05263157894736842,False,True
SYN_731_000772,x731,1,0.05263157894736842,False,True
SYN_731_000773,x731,1,0.05263157894736842,False,True
SYN_731_000774,x731,2,0.10526315789473684,False,True
SYN_731_000775,x731,1,0.05263157894736842,False,True
SYN_731_000776,x731,1,0.05263157894736842,False,True
SYN_731_000777,x731,1,0.05263157894736842,False,True
SYN_731_000778,x731,2,0.10526315789473684,False,True
SYN_731_000779,x731,1,0.05263157894736842,False,True
SYN_731_000780,x731,1,0.05263157894736842,False,True
SYN_731_000781,x731,3,0.15789473684210525,False,True
SYN_731_000782,x731,2,0.10526315789473684,False,True
SYN_731_000783,x731,2,0.10526315789473684,False,True
SYN_731_000784,x731,1,0.05263157894736842,False,True
SYN_731_000785,x731,1,0.05263157894736842,False,True
SYN_731_000786,G731ST-LT,1,0.05263157894736842,False,True
SYN_731_000787,x731,2,0.10526315789473684,False,True
SYN_731_000788,x731,1,0.05263157894736842,False,True
SYN_731_000789,x731,3,0.15789473684210525,False,True
SYN_731_000790,x731,1,0.05263157894736842,False,True
SYN_731_000791,x731,2,0.10526315789473684,False,True
SYN_731_000792,G731ST-HT,1,0.05263157894736842,False,True
SYN_731_000793,G731CA,1,0.05263157894736842,False,True
SYN_731_000794,x731,1,0.05263157894736842,False,True
SYN_731_000795,G731ST-HT,1,0.05263157894736842,False,True
SYN_731_000796,x731,2,0.10526315789473684,False,True
SYN_731_000797,G731ST-HT,1,0.05263157894736842,False,True
SYN_731_000798,x731,1,0.05263157894736842,False,True
SYN_731_000799,x731,1,0.05263157894736842,False,True
SYN_731_000800,x731,1,0.05263157894736842,False,True
SYN_731_000801,x731,1,0.05263157894736842,False,True
SYN_731_000802,G731ST-LT,1,0.05263157894736842,True,False
SYN_731_000803,x731,1,0.05263157894736842,False,True
SYN_731_000804,x731,1,0.05263157894736842,False,True
SYN_731_000805,x731,1,0.05263157894736842,False,True
SYN_731_000806,x731,1,0.05263157894736842,False,True
SYN_731_000807,x731,1,0.05263157894736842,False,True
SYN_731_000808,x731,1,0.05263157894736842,False,True
SYN_731_000809,x731,2,0.10526315789473684,False,True
SYN_731_000810,x731,1,0.05263157894736842,False,True
SYN_731_000811,x731,2,0.10526315789473684,False,True
SYN_731_000812,x731,1,0.05263157894736842,False,True
SYN_731_000813,x731,1,0.05263157894736842,False,True
SYN_731_000814,x731,1,0.05263157894736842,False,True
SYN_731_000815,x731,1,0.05263157894736842,False,True
SYN_731_000816,G731ST-LT,1,0.05263157894736842,False,True
SYN_731_000817,F731WD_SingleChannel,1,0.05263157894736842,False,True
SYN_731_000818,G731ST-HT,1,0.05263157894736842,False,True
SYN_731_000819,x731,1,0.05263157894736842,False,True
SYN_731_000820,G731ST-HT,1,0.05263157894736842,False,True
SYN_731_000821,x731,1,0.05263157894736842,False,True
SYN_731_000822,x731,1,0.05263157894736842,False,True
SYN_731_000823,G731ST-HT,1,0.05263157894736842,False,True
SYN_731_000824,x731,1,0.05263157894736842,False,True
SYN_731_000825,x731,1,0.05263157894736842,False,True
SYN_731_000826,F731WD_SingleChannel,1,0.05263157894736842,False,True
SYN_731_000827,x731,1,0.05263157894736842,False,True
SYN_731_000828,x731,1,0.05263157894736842,True,False
SYN_731_000829,x731,1,0.05263157894736842,False,True
SYN_731_000830,x731,1,0.05263157894736842,False,True
SYN_731_000831,x731,1,0.05263157894736842,False,True
SYN_731_000832,x731,1,0.05263157894736842,False,True
SYN_731_000833,G731ST-LT,1,0.05263157894736842,False,True
SYN_731_000834,x731,1,0.05263157894736842,False,True
SYN_731_000835,x731,1,0.05263157894736842,False,True
SYN_731_000836,x731,1,0.05263157894736842,False,True
SYN_731_000837,x731,1,0.05263157894736842,False,True
SYN_731_000838,x731,1,0.05263157894736842,False,True
SYN_731_000839,x731,1,0.05263157894736842,True,False
SYN_731_000840,x731,1,0.05263157894736842,False,True
SYN_731_000841,x731,2,0.10526315789473684,False,True
SYN_731_000842,x731,2,0.10526315789473684,False,True
SYN_731_000843,x731,2,0.10526315789473684,False,True
SYN_731_000844,x731,1,0.05263157894736842,False,True
SYN_731_000845,G731ST-LT,1,0.05263157894736842,False,True
SYN_731_000846,x731,2,0.10526315789473684,False,True
SYN_731_000847,G731ST-HT,1,0.05263157894736842,False,True
SYN_731_000848,x731,1,0.05263157894736842,False,True
SYN_731_000849,x731,1,0.05263157894736842,False,True
SYN_731_000850,x731,2,0.10526315789473684,False,True
SYN_731_000851,x731,1,0.05263157894736842,False,True
SYN_731_000852,x731,3,0.15789473684210525,False,True
SYN_731_000853,x731,2,0.10526315789473684,False,True
SYN_731_000854,x731,1,0.05263157894736842,False,True
SYN_731_000855,G731ST-HT,1,0.05263157894736842,False,True
SYN_731_000856,x731,1,0.05263157894736842,False,True
SYN_731_000857,G731ST-LT,1,0.05263157894736842,False,True
SYN_731_000858,G731ST-HT,1,0.05263157894736842,False,True
SYN_731_000859,x731,1,0.05263157894736842,False,True
SYN_731_000860,x731,1,0.05263157894736842,False,True
SYN_731_000861,G731ST-HT,1,0.05263157894736842,False,True
SYN_731_000862,G731ST-HT,1,0.05263157894736842,False,True
SYN_731_000863,x731,3,0.15789473684210525,False,True
SYN_731_000864,G731ST-HT,1,0.05263157894736842,False,True
SYN_731_000865,x731,1,0.05263157894736842,False,True
SYN_731_000866,G731ST-HT,1,0.05263157894736842,False,True
SYN_731_000867,x731,1,0.05263157894736842,False,True
SYN_731_000868,G731ST-HT,1,0.05263157894736842,False,True
SYN_731_000869,x731,1,0.05263157894736842,False,True
SYN_731_000870,x731,1,0.05263157894736842,False,True
SYN_731_000871,x731,1,0.05263157894736842,False,True
SYN_731_000872,x731,1,0.05263157894736842,False,True
SYN_731_000873,x731,1,0.05263157894736842,False,True
SYN_731_000874,x731,1,0.05263157894736842,False,True
SYN_731_000875,G731ST-HT,1,0.05263157894736842,False,True
SYN_731_000876,x731,1,0.05263157894736842,False,True
SYN_731_000877,G731ST-HT,1,0.05263157894736842,False,True
SYN_731_000878,G731ST-LT,1,0.05263157894736842,False,True
SYN_731_000879,x731,2,0.10526315789473684,False,True
SYN_731_000880,G731ST-LT,1,0.05263157894736842,False,True
SYN_731_000881,x731,2,0.10526315789473684,False,True
SYN_731_000882,x731,1,0.05263157894736842,False,True
SYN_731_000883,x731,1,0.05263157894736842,False,True
SYN_731_000884,x731,1,0.05263157894736842,False,True
SYN_731_000885,x731,1,0.05263157894736842,False,True
SYN_731_000886,x731,3,0.15789473684210525,False,True
SYN_731_000887,x731,1,0.05263157894736842,False,True
SYN_731_000888,x731,2,0.10526315789473684,False,True
SYN_731_000889,x731,1,0.05263157894736842,False,True
SYN_731_000890,x731,1,0.05263157894736842,False,True
SYN_731_000891,x731,1,0.05263157894736842,False,True
SYN_731_000892,x731,1,0.05263157894736842,False,True
SYN_731_000893,x731,2,0.10526315789473684,False,True
SYN_731_000894,G731CA,1,0.05263157894736842,False,True
SYN_731_000895,x731,3,0.15789473684210525,False,True
SYN_731_000896,x731,1,0.05263157894736842,False,True
SYN_731_000897,x731,1,0.05263157894736842,False,True
SYN_731_000898,x731,2,0.10526315789473684,False,True
SYN_731_000899,G731ST-LT,1,0.05263157894736842,False,True
SYN_731_000900,x731,1,0.05263157894736842,False,True
SYN_731_000901,x731,1,0.05263157894736842,False,True
SYN_731_000902,x731,1,0.05263157894736842,False,True
SYN_731_000903,x731,3,0.15789473684210525,False,True
SYN_731_000904,x731,2,0.10526315789473684,False,True
SYN_731_000905,x731,1,0.05263157894736842,False,True
SYN_731_000906,x731,2,0.10526315789473684,False,True
SYN_731_000907,x731,1,0.05263157894736842,False,True
SYN_731_000908,x731,1,0.05263157894736842,False,True
SYN_731_000909,G731CA,1,0.05263157894736842,False,True
SYN_731_000910,x731,1,0.05263157894736842,False,True
SYN_731_000911,G731ST-HT,1,0.05263157894736842,False,True
SYN_731_000912,x731,1,0.05263157894736842,False,True
SYN_731_000913,x731,1,0.05263157894736842,False,True
SYN_731_000914,x731,1,0.05263157894736842,False,True
SYN_731_000915,F731PW,1,0.05263157894736842,False,True
SYN_731_000916,x731,1,0.05263157894736842,False,True
SYN_731_000917,x731,1,0.05263157894736842,False,True
SYN_731_000918,x731,1,0.05263157894736842,False,True
SYN_731_000919,x731,1,0.05263157894736842,False,True
SYN_731_000920,x731,2,0.10526315789473684,False,True
SYN_731_000921,G731ST-HT,1,0.05263157894736842,False,True
SYN_731_000922,x731,2,0.10526315789473684,False,True
SYN_731_000923,x731,1,0.05263157894736842,False,True
SYN_731_000924,x731,1,0.05263157894736842,False,True
SYN_731_000925,G731ST-LT,1,0.05263157894736842,False,True
SYN_731_000926,x731,2,0.10526315789473684,False,True
SYN_731_000927,x731,1,0.05263157894736842,False,True
SYN_731_000928,x731,1,0.05263157894736842,False,True
SYN_731_000929,x731,1,0.05263157894736842,False,True
SYN_731_000930,G731ST-HT,1,0.05263157894736842,False,True
SYN_731_000931,x731,1,0.05263157894736842,False,True
SYN_731_000932,x731,1,0.05263157894736842,False,True
SYN_731_000933,x731,2,0.10526315789473684,False,True
SYN_731_000934,x731,1,0.05263157894736842,False,True
SYN_731_000935,x731,1,0.05263157894736842,False,True
SYN_731_000936,x731,1,0.05263157894736842,False,True
SYN_731_000937,x731,2,0.10526315789473684,False,True
SYN_731_000938,G731CA,1,0.05263157894736842,False,True
SYN_731_000939,x731,2,0.10526315789473684,False,True
SYN_731_000940,x731,1,0.05263157894736842,False,True
SYN_731_000941,x731,2,0.10526315789473684,False,True
SYN_731_000942,G731ST-LT,1,0.05263157894736842,False,True
SYN_731_000943,x731,1,0.05263157894736842,False,True
SYN_731_000944,x731,1,0.05263157894736842,False,True
SYN_731_000945,x731,2,0.10526315789473684,False,True
SYN_731_000946,x731,2,0.10526315789473684,False,True
SYN_731_000947,x731,1,0.05263157894736842,False,True
SYN_731_000948,x731,1,0.05263157894736842,False,True
SYN_731_000949,x731,1,0.05263157894736842,False,True
SYN_731_000950,x731,1,0.05263157894736842,False,True
SYN_731_000951,x731,1,0.05263157894736842,False,True
SYN_731_000952,x731,1,0.05263157894736842,False,True
SYN_731_000953,x731,1,0.05263157894736842,False,True
SYN_731_000954,F731WD_DualChannel,1,0.05263157894736842,False,True
SYN_731_000955,x731,3,0.15789473684210525,False,True
SYN_731_000956,x731,3,0.15789473684210525,False,True
SYN_731_000957,x731,1,0.05263157894736842,False,True
SYN_731_000958,x731,1,0.05263157894736842,False,True
SYN_731_000959,x731,1,0.05263157894736842,False,True
SYN_731_000960,x731,2,0.10526315789473684,False,True
SYN_731_000961,G731ST-LT,1,0.05263157894736842,False,True
SYN_731_000962,x731,1,0.05263157894736842,False,True
SYN_731_000963,x731,1,0.05263157894736842,False,True
SYN_731_000964,x731,1,0.05263157894736842,False,True
SYN_731_000965,x731,1,0.05263157894736842,False,True
SYN_731_000966,x731,2,0.10526315789473684,False,True
SYN_731_000967,x731,3,0.15789473684210525,False,True
SYN_731_000968,x731,1,0.05263157894736842,False,True
SYN_731_000969,x731,1,0.05263157894736842,False,True
SYN_731_000970,x731,3,0.15789473684210525,False,True
SYN_731_000971,x731,2,0.10526315789473684,False,True
SYN_731_000972,x731,2,0.10526315789473684,False,True
SYN_731_000973,x731,1,0.05263157894736842,False,True
SYN_731_000974,x731,1,0.05263157894736842,False,True
SYN_731_000975,G731ST-LT,1,0.05263157894736842,True,False
SYN_731_000976,G731ST-LT,1,0.05263157894736842,False,True
SYN_731_000977,x731,1,0.05263157894736842,False,True
SYN_731_000978,F731WD_SingleChannel,1,0.05263157894736842,False,True
SYN_731_000979,x731,2,0.10526315789473684,False,True
SYN_731_000980,x731,1,0.05263157894736842,False,True
SYN_731_000981,x731,1,0.05263157894736842,False,True
SYN_731_000982,x731,3,0.15789473684210525,False,True
SYN_731_000983,x731,1,0.05263157894736842,False,True
SYN_731_000984,G731ST-LT,1,0.05263157894736842,False,True
SYN_731_000985,x731,1,0.05263157894736842,False,True
SYN_731_000986,G731CA,1,0.05263157894736842,True,False
SYN_731_000987,x731,1,0.05263157894736842,False,True
SYN_731_000988,G731ST-HT,1,0.05263157894736842,False,True
SYN_731_000989,x731,1,0.05263157894736842,False,True
SYN_731_000990,x731,1,0.05263157894736842,False,True
SYN_731_000991,x731,2,0.10526315789473684,False,True
SYN_731_000992,x731,2,0.10526315789473684,False,True
SYN_731_000993,x731,1,0.05263157894736842,False,True
SYN_731_000994,x731,2,0.10526315789473684,False,True
SYN_731_000995,x731,1,0.05263157894736842,False,True
SYN_731_000996,x731,2,0.10526315789473684,False,True
SYN_731_000997,x731,1,0.05263157894736842,False,True
SYN_731_000998,G731ST-LT,1,0.05263157894736842,False,True
SYN_731_000999,x731,1,0.05263157894736842,False,True
SYN_731_001000,x731,3,0.15789473684210525,False,True
SYN_731_001001,x731,1,0.05263157894736842,False,True
SYN_731_001002,x731,1,0.05263157894736842,False,True
SYN_731_001003,x731,1,0.05263157894736842,False,True
SYN_731_001004,x731,1,0.05263157894736842,False,True
SYN_731_001005,x731,1,0.05263157894736842,False,True
SYN_731_001006,x731,1,0.05263157894736842,False,True
SYN_731_001007,x731,2,0.10526315789473684,False,True
SYN_731_001008,x731,1,0.05263157894736842,False,True
SYN_731_001009,x731,1,0.05263157894736842,False,True
SYN_731_001010,x731,1,0.05263157894736842,False,True
SYN_731_001011,x731,1,0.05263157894736842,False,True
SYN_731_001012,x731,1,0.05263157894736842,False,True
SYN_731_001013,G731ST-HT,1,0.05263157894736842,False,True
SYN_731_001014,G731ST-HT,1,0.05263157894736842,False,True
SYN_731_001015,x731,1,0.05263157894736842,False,True
SYN_731_001016,G731ST-LT,1,0.05263157894736842,False,True
SYN_731_001017,x731,1,0.05263157894736842,False,True
SYN_731_001018,x731,1,0.05263157894736842,False,True
SYN_731_001019,x731,2,0.10526315789473684,False,True
SYN_731_001020,x731,1,0.05263157894736842,False,True
SYN_731_001021,x731,2,0.10526315789473684,False,True
SYN_731_001022,x731,2,0.10526315789473684,False,True
SYN_731_001023,x731,3,0.15789473684210525,False,True
SYN_731_001024,x731,1,0.05263157894736842,False,True
SYN_731_001025,x731,1,0.05263157894736842,False,True
SYN_731_001026,x731,1,0.05263157894736842,False,True
SYN_731_001027,x731,1,0.05263157894736842,False,True
SYN_731_001028,x731,2,0.10526315789473684,False,True
SYN_731_001029,G731ST-HT,1,0.05263157894736842,True,False
SYN_731_001030,x731,2,0.10526315789473684,False,True
SYN_731_001031,x731,1,0.05263157894736842,False,True
SYN_731_001032,G731ST-LT,1,0.05263157894736842,False,True
SYN_731_001033,x731,1,0.05263157894736842,False,True
SYN_731_001034,x731,1,0.05263157894736842,False,True
SYN_731_001035,x731,1,0.05263157894736842,False,True
SYN_731_001036,x731,1,0.05263157894736842,False,True
SYN_731_001037,x731,1,0.05263157894736842,False,True
SYN_731_001038,x731,1,0.05263157894736842,False,True
SYN_731_001039,x731,1,0.05263157894736842,False,True
SYN_731_001040,x731,2,0.10526315789473684,False,True
SYN_731_001041,x731,2,0.10526315789473684,False,True
SYN_731_001042,x731,1,0.05263157894736842,False,True
SYN_731_001043,x731,2,0.10526315789473684,False,True
SYN_731_001044,x731,2,0.10526315789473684,False,True
SYN_731_001045,x731,1,0.05263157894736842,False,True
SYN_731_001046,G731ST-LT,1,0.05263157894736842,False,True
SYN_731_001047,x731,2,0.10526315789473684,False,True
SYN_731_001048,x731,1,0.05263157894736842,False,True
SYN_731_001049,x731,1,0.05263157894736842,False,True
SYN_731_001050,x731,1,0.05263157894736842,False,True
SYN_731_001051,G731ST-LT,1,0.05263157894736842,False,True
SYN_731_001052,x731,1,0.05263157894736842,False,True
SYN_731_001053,x731,1,0.05263157894736842,False,True
SYN_731_001054,x731,3,0.15789473684210525,False,True
SYN_731_001055,x731,1,0.05263157894736842,False,True
SYN_731_001056,G731ST-LT,1,0.05263157894736842,False,True
SYN_731_001057,x731,1,0.05263157894736842,False,True
SYN_731_001058,x731,1,0.05263157894736842,False,True
SYN_731_001059,x731,2,0.10526315789473684,False,True
SYN_731_001060,x731,1,0.05263157894736842,False,True
SYN_731_001061,G731ST-LT,1,0.05263157894736842,False,True
SYN_731_001062,x731,1,0.05263157894736842,False,True
SYN_731_001063,x731,1,0.05263157894736842,False,True
SYN_731_001064,G731ST-HT,1,0.05263157894736842,False,True
SYN_731_001065,G731ST-LT,1,0.05263157894736842,False,True
SYN_731_001066,x731,1,0.05263157894736842,False,True
SYN_731_001067,x731,1,0.05263157894736842,False,True
SYN_731_001068,x731,1,0.05263157894736842,False,True
SYN_731_001069,x731,2,0.10526315789473684,False,True
SYN_731_001070,x731,1,0.05263157894736842,False,True
SYN_731_001071,x731,1,0.05263157894736842,False,True
SYN_731_001072,x731,1,0.05263157894736842,False,True
SYN_731_001073,x731,2,0.10526315789473684,False,True
SYN_731_001074,G731ST-HT,1,0.05263157894736842,False,True
SYN_731_001075,G731ST-HT,1,0.05263157894736842,False,True
SYN_731_001076,x731,2,0.10526315789473684,False,True
SYN_731_001077,x731,1,0.05263157894736842,False,True
SYN_731_001078,x731,1,0.05263157894736842,False,True
SYN_731_001079,x731,2,0.10526315789473684,False,True
SYN_731_001080,x731,1,0.05263157894736842,False,True
SYN_731_001081,x731,1,0.05263157894736842,False,True
SYN_731_001082,x731,1,0.05263157894736842,False,True
SYN_731_001083,x731,1,0.05263157894736842,False,True
SYN_731_001084,x731,1,0.05263157894736842,True,False
SYN_731_001085,x731,1,0.05263157894736842,False,True
SYN_731_001086,x731,3,0.15789473684210525,False,True
SYN_731_001087,F731WD_DualChannel,1,0.05263157894736842,False,True
SYN_731_001088,x731,1,0.05263157894736842,False,True
SYN_731_001089,x731,1,0.05263157894736842,False,True
SYN_731_001090,G731ST-LT,1,0.05263157894736842,False,True
SYN_731_001091,x731,1,0.05263157894736842,False,True
SYN_731_001092,x731,3,0.15789473684210525,False,True
SYN_731_001093,x731,2,0.10526315789473684,False,True
SYN_731_001094,x731,1,0.05263157894736842,False,True
SYN_731_001095,x731,1,0.05263157894736842,False,True
SYN_731_001096,x731,3,0.15789473684210525,False,True
SYN_731_001097,x731,2,0.10526315789473684,False,True
SYN_731_001098,G731ST-LT,1,0.05263157894736842,False,True
SYN_731_001099,x731,1,0.05263157894736842,False,True
SYN_731_001100,x731,1,0.05263157894736842,False,True
SYN_731_001101,G731ST-HT,1,0.05263157894736842,False,True
SYN_731_001102,x731,1,0.05263157894736842,False,True
SYN_731_001103,G731ST-LT,1,0.05263157894736842,False,True
SYN_731_001104,x731,1,0.05263157894736842,False,True
SYN_731_001105,G731ST-LT,1,0.05263157894736842,False,True
SYN_731_001106,x731,1,0.05263157894736842,False,True
SYN_731_001107,x731,1,0.05263157894736842,False,True
SYN_731_001108,x731,2,0.10526315789473684,False,True
SYN_731_001109,G731ST-LT,1,0.05263157894736842,False,True
SYN_731_001110,x731,1,0.05263157894736842,False,True
SYN_731_001111,G731ST-LT,1,0.05263157894736842,False,True
SYN_731_001112,x731,1,0.05263157894736842,False,True
SYN_731_001113,F731WD_DualChannel,1,0.05263157894736842,False,True
SYN_731_001114,F731PW,1,0.05263157894736842,False,True
SYN_731_001115,F731PW,1,0.05263157894736842,True,False
SYN_731_001116,G731ST-HT,1,0.05263157894736842,False,True
SYN_731_001117,G731CA,1,0.05263157894736842,False,True
SYN_731_001118,F731TE,1,0.05263157894736842,False,True
SYN_731_001119,x731,1,0.05263157894736842,False,True
SYN_731_001120,G731ST-LT,1,0.05263157894736842,False,True
SYN_731_001121,G731ST-HT,1,0.05263157894736842,False,True
SYN_731_001122,G731ST-HT,0,0.0,True,False
SYN_731_001123,x731,1,0.05263157894736842,False,True
SYN_731_001124,x731,3,0.15789473684210525,False,True
SYN_731_001125,G731CA,1,0.05263157894736842,False,True
SYN_731_001126,x731,1,0.05263157894736842,False,True
SYN_731_001127,x731,1,0.05263157894736842,False,True
SYN_731_001128,x731,1,0.05263157894736842,False,True
SYN_731_001129,x731,1,0.05263157894736842,False,True
SYN_731_001130,x731,1,0.05263157894736842,False,True
SYN_731_001131,x731,2,0.10526315789473684,False,True
SYN_731_001132,G731ST-LT,1,0.05263157894736842,False,True
SYN_731_001133,x731,1,0.05263157894736842,False,True
SYN_731_001134,x731,1,0.05263157894736842,False,True
SYN_731_001135,x731,1,0.05263157894736842,False,True
SYN_731_001136,x731,2,0.10526315789473684,False,True
SYN_731_001137,x731,1,0.05263157894736842,False,True
SYN_731_001138,x731,1,0.05263157894736842,False,True
SYN_731_001139,x731,1,0.05263157894736842,False,True
SYN_731_001140,G731CA,1,0.05263157894736842,False,True
SYN_731_001141,x731,1,0.05263157894736842,False,True
SYN_731_001142,x731,1,0.05263157894736842,False,True
SYN_731_001143,x731,1,0.05263157894736842,False,True
SYN_731_001144,x731,1,0.05263157894736842,False,True
SYN_731_001145,x731,1,0.05263157894736842,False,True
SYN_731_001146,G731ST-LT,1,0.05263157894736842,False,True
SYN_731_001147,x731,2,0.10526315789473684,False,True
SYN_731_001148,G731ST-HT,1,0.05263157894736842,False,True
SYN_731_001149,F731TE,1,0.05263157894736842,False,True
SYN_731_001150,G731ST-HT,1,0.05263157894736842,False,True
SYN_731_001151,x731,2,0.10526315789473684,False,True
SYN_731_001152,x731,2,0.10526315789473684,False,True
SYN_731_001153,x731,2,0.10526315789473684,False,True
SYN_731_001154,x731,1,0.05263157894736842,False,True
SYN_731_001155,x731,1,0.05263157894736842,False,True
SYN_731_001156,G731ST-HT,1,0.05263157894736842,False,True
SYN_731_001157,x731,1,0.05263157894736842,False,True
SYN_731_001158,x731,1,0.05263157894736842,False,True
SYN_731_001159,G731ST-LT,1,0.05263157894736842,False,True
SYN_731_001160,G731ST-LT,1,0.05263157894736842,False,True
SYN_731_001161,x731,1,0.05263157894736842,False,True
SYN_731_001162,x731,1,0.05263157894736842,False,True
SYN_731_001163,x731,2,0.10526315789473684,False,True
SYN_731_001164,x731,1,0.05263157894736842,False,True
SYN_731_001165,x731,3,0.15789473684210525,False,True
SYN_731_001166,x731,1,0.05263157894736842,False,True
SYN_731_001167,x731,1,0.05263157894736842,False,True
SYN_731_001168,G731ST-LT,1,0.05263157894736842,False,True
SYN_731_001169,x731,1,0.05263157894736842,False,True
SYN_731_001170,x731,1,0.05263157894736842,False,True
SYN_731_001171,x731,1,0.05263157894736842,False,True
SYN_731_001172,x731,1,0.05263157894736842,False,True
SYN_731_001173,x731,1,0.05263157894736842,False,True
SYN_731_001174,x731,1,0.05263157894736842,False,True
SYN_731_001175,x731,1,0.05263157894736842,False,True
SYN_731_001176,x731,2,0.10526315789473684,False,True
SYN_731_001177,x731,1,0.05263157894736842,False,True
SYN_731_001178,G731ST-LT,1,0.05263157894736842,False,True
SYN_731_001179,x731,2,0.10526315789473684,False,True
SYN_731_001180,G731ST-HT,1,0.05263157894736842,False,True
SYN_731_001181,x731,1,0.05263157894736842,False,True
SYN_731_001182,x731,1,0.05263157894736842,False,True
SYN_731_001183,x731,1,0.05263157894736842,False,True
SYN_731_001184,x731,1,0.05263157894736842,False,True
SYN_731_001185,x731,1,0.05263157894736842,False,True
SYN_731_001186,x731,1,0.05263157894736842,False,True
SYN_731_001187,G731CA,1,0.05263157894736842,False,True
SYN_731_001188,x731,1,0.05263157894736842,False,True
SYN_731_001189,x731,1,0.05263157894736842,False,True
SYN_731_001190,x731,1,0.05263157894736842,False,True
SYN_731_001191,x731,1,0.05263157894736842,False,True
SYN_731_001192,x731,1,0.05263157894736842,False,True
SYN_731_001193,G731CA,1,0.05263157894736842,False,True
SYN_731_001194,x731,1,0.05263157894736842,False,True
SYN_731_001195,x731,1,0.05263157894736842,False,True
SYN_731_001196,x731,1,0.05263157894736842,False,True
SYN_731_001197,x731,2,0.10526315789473684,False,True
SYN_731_001198,x731,1,0.05263157894736842,False,True
SYN_731_001199,x731,1,0.05263157894736842,False,True
SYN_731_001200,x731,1,0.05263157894736842,False,True
SYN_731_001201,G731ST-HT,1,0.05263157894736842,False,True
SYN_731_001202,x731,1,0.05263157894736842,False,True
SYN_731_001203,G731ST-HT,1,0.05263157894736842,False,True
SYN_731_001204,x731,1,0.05263157894736842,False,True
SYN_731_001205,x731,2,0.10526315789473684,False,True
SYN_731_001206,x731,1,0.05263157894736842,False,True
SYN_731_001207,x731,1,0.05263157894736842,False,True
SYN_731_001208,x731,1,0.05263157894736842,False,True
SYN_731_001209,x731,4,0.21052631578947367,False,True
SYN_731_001210,x731,2,0.10526315789473684,False,True
SYN_731_001211,x731,1,0.05263157894736842,False,True
SYN_731_001212,G731ST-HT,1,0.05263157894736842,False,True
SYN_731_001213,x731,1,0.05263157894736842,False,True
SYN_731_001214,x731,1,0.05263157894736842,False,True
SYN_731_001215,x731,1,0.05263157894736842,False,True
SYN_731_001216,x731,1,0.05263157894736842,False,True
SYN_731_001217,x731,2,0.10526315789473684,False,True
SYN_731_001218,G731ST-HT,1,0.05263157894736842,False,True
SYN_731_001219,x731,1,0.05263157894736842,False,True
SYN_731_001220,G731ST-HT,1,0.05263157894736842,True,False
SYN_731_001221,x731,1,0.05263157894736842,False,True
SYN_731_001222,x731,1,0.05263157894736842,False,True
SYN_731_001223,x731,1,0.05263157894736842,False,True
SYN_731_001224,G731ST-HT,1,0.05263157894736842,False,True
SYN_731_001225,x731,1,0.05263157894736842,False,True
SYN_731_001226,G731ST-LT,1,0.05263157894736842,True,False
SYN_731_001227,x731,2,0.10526315789473684,False,True
SYN_731_001228,F731PW,1,0.05263157894736842,False,True
SYN_731_001229,x731,1,0.05263157894736842,False,True
SYN_731_001230,x731,1,0.05263157894736842,False,True
SYN_731_001231,x731,1,0.05263157894736842,False,True
SYN_731_001232,x731,1,0.05263157894736842,False,True
SYN_731_001233,x731,3,0.15789473684210525,False,True
SYN_731_001234,x731,1,0.05263157894736842,False,True
SYN_731_001235,x731,1,0.05263157894736842,False,True
SYN_731_001236,x731,1,0.05263157894736842,False,True
SYN_731_001237,x731,1,0.05263157894736842,False,True
SYN_731_001238,G731ST-LT,1,0.05263157894736842,False,True
SYN_731_001239,x731,1,0.05263157894736842,False,True
SYN_731_001240,x731,1,0.05263157894736842,False,True
SYN_731_001241,x731,2,0.10526315789473684,False,True
SYN_731_001242,x731,2,0.10526315789473684,False,True
SYN_731_001243,x731,1,0.05263157894736842,False,True
SYN_731_001244,x731,3,0.15789473684210525,False,True
SYN_731_001245,x731,1,0.05263157894736842,False,True
SYN_731_001246,G731ST-LT,1,0.05263157894736842,False,True
SYN_731_001247,G731ST-HT,1,0.05263157894736842,False,True
SYN_731_001248,x731,3,0.15789473684210525,False,True
SYN_731_001249,G731CA,1,0.05263157894736842,False,True
SYN_731_001250,G731ST-HT,1,0.05263157894736842,False,True
SYN_731_001251,x731,1,0.05263157894736842,False,True
SYN_731_001252,x731,1,0.05263157894736842,False,True
SYN_731_001253,x731,1,0.05263157894736842,False,True
SYN_731_001254,x731,1,0.05263157894736842,False,True
SYN_731_001255,x731,2,0.10526315789473684,False,True
SYN_731_001256,x731,1,0.05263157894736842,False,True
SYN_731_001257,x731,2,0.10526315789473684,False,True
SYN_731_001258,x731,2,0.10526315789473684,False,True
SYN_731_001259,x731,2,0.10526315789473684,False,True
SYN_731_001260,x731,1,0.05263157894736842,False,True
SYN_731_001261,x731,1,0.05263157894736842,False,True
SYN_731_001262,G731ST-LT,1,0.05263157894736842,False,True
SYN_731_001263,x731,2,0.10526315789473684,False,True
SYN_731_001264,x731,1,0.05263157894736842,False,True
SYN_731_001265,x731,2,0.10526315789473684,False,True
SYN_731_001266,G731ST-HT,1,0.05263157894736842,False,True
SYN_731_001267,x731,1,0.05263157894736842,False,True
SYN_731_001268,x731,1,0.05263157894736842,False,True
SYN_731_001269,x731,2,0.10526315789473684,False,True
SYN_731_001270,x731,1,0.05263157894736842,False,True
SYN_731_001271,G731ST-HT,1,0.05263157894736842,False,True
SYN_731_001272,x731,3,0.15789473684210525,False,True
SYN_731_001273,x731,1,0.05263157894736842,False,True
SYN_731_001274,x731,1,0.05263157894736842,False,True
SYN_731_001275,x731,2,0.10526315789473684,False,True
SYN_731_001276,x731,2,0.10526315789473684,False,True
SYN_731_001277,G731ST-LT,1,0.05263157894736842,False,True
SYN_731_001278,x731,1,0.05263157894736842,False,True
SYN_731_001279,x731,1,0.05263157894736842,False,True
SYN_731_001280,x731,3,0.15789473684210525,False,True
SYN_731_001281,x731,2,0.10526315789473684,False,True
SYN_731_001282,x731,1,0.05263157894736842,False,True
SYN_731_001283,x731,1,0.05263157894736842,False,True
SYN_731_001284,x731,2,0.10526315789473684,False,True
SYN_731_001285,x731,1,0.05263157894736842,False,True
SYN_731_001286,x731,2,0.10526315789473684,False,True
SYN_731_001287,x731,1,0.05263157894736842,False,True
SYN_731_001288,G731ST-LT,1,0.05263157894736842,False,True
SYN_731_001289,G731ST-LT,1,0.05263157894736842,False,True
SYN_731_001290,x731,1,0.05263157894736842,False,True
SYN_731_001291,x731,2,0.10526315789473684,False,True
SYN_731_001292,G731ST-LT,1,0.05263157894736842,False,True
SYN_731_001293,x731,1,0.05263157894736842,False,True
SYN_731_001294,G731ST-HT,1,0.05263157894736842,False,True
SYN_731_001295,x731,1,0.05263157894736842,False,True
SYN_731_001296,G731ST-LT,1,0.05263157894736842,False,True
SYN_731_001297,x731,1,0.05263157894736842,False,True
SYN_731_001298,x731,1,0.05263157894736842,False,True
SYN_731_001299,x731,1,0.05263157894736842,False,True
SYN_731_001300,x731,1,0.05263157894736842,False,True
SYN_731_001301,x731,2,0.10526315789473684,False,True
SYN_731_001302,G731CA,1,0.05263157894736842,False,True
SYN_731_001303,x731,1,0.05263157894736842,False,True
SYN_731_001304,x731,1,0.05263157894736842,False,True
SYN_731_001305,G731ST-HT,1,0.05263157894736842,False,True
SYN_731_001306,x731,2,0.10526315789473684,False,True
SYN_731_001307,x731,1,0.05263157894736842,False,True
SYN_731_001308,x731,2,0.10526315789473684,False,True
SYN_731_001309,x731,2,0.10526315789473684,False,True
SYN_731_001310,x731,2,0.10526315789473684,False,True
SYN_731_001311,x731,1,0.05263157894736842,False,True
SYN_731_001312,G731ST-LT,1,0.05263157894736842,True,False
SYN_731_001313,x731,2,0.10526315789473684,False,True
SYN_731_001314,x731,1,0.05263157894736842,False,True
SYN_731_001315,G731ST-LT,1,0.05263157894736842,False,True
SYN_731_001316,x731,2,0.10526315789473684,False,True
SYN_731_001317,x731,2,0.10526315789473684,False,True
SYN_731_001318,x731,1,0.05263157894736842,False,True
SYN_731_001319,x731,1,0.05263157894736842,False,True
SYN_731_001320,x731,1,0.05263157894736842,False,True
SYN_731_001321,x731,2,0.10526315789473684,False,True
SYN_731_001322,x731,1,0.05263157894736842,False,True
SYN_731_001323,G731ST-LT,1,0.05263157894736842,False,True
SYN_731_001324,G731ST-HT,1,0.05263157894736842,False,True
SYN_731_001325,G731ST-HT,1,0.05263157894736842,False,True
SYN_731_001326,x731,2,0.10526315789473684,False,True
SYN_731_001327,x731,1,0.05263157894736842,False,True
SYN_731_001328,x731,1,0.05263157894736842,False,True
SYN_731_001329,x731,1,0.05263157894736842,False,True
SYN_731_001330,G731ST-HT,1,0.05263157894736842,False,True
SYN_731_001331,x731,1,0.05263157894736842,False,True
SYN_731_001332,G731ST-LT,1,0.05263157894736842,False,True
SYN_731_001333,G731ST-LT,1,0.05263157894736842,False,True
SYN_731_001334,G731ST-HT,1,0.05263157894736842,False,True
SYN_731_001335,x731,1,0.05263157894736842,False,True
SYN_731_001336,x731,1,0.05263157894736842,False,True
SYN_731_001337,x731,1,0.05263157894736842,False,True
SYN_731_001338,x731,1,0.05263157894736842,False,True
SYN_731_001339,x731,1,0.05263157894736842,False,True
SYN_731_001340,x731,1,0.05263157894736842,False,True
SYN_731_001341,x731,2,0.10526315789473684,False,True
SYN_731_001342,x731,3,0.15789473684210525,False,True
SYN_731_001343,x731,2,0.10526315789473684,False,True
SYN_731_001344,x731,1,0.05263157894736842,False,True
SYN_731_001345,G731ST-LT,1,0.05263157894736842,False,True
SYN_731_001346,x731,1,0.05263157894736842,False,True
SYN_731_001347,G731ST-LT,1,0.05263157894736842,False,True
SYN_731_001348,G731ST-LT,1,0.05263157894736842,False,True
SYN_731_001349,x731,3,0.15789473684210525,False,True
SYN_731_001350,x731,1,0.05263157894736842,False,True
SYN_731_001351,x731,1,0.05263157894736842,False,True
SYN_731_001352,x731,1,0.05263157894736842,False,True
SYN_731_001353,F731WD_SingleChannel,1,0.05263157894736842,False,True
SYN_731_001354,G731ST-LT,1,0.05263157894736842,False,True
SYN_731_001355,x731,1,0.05263157894736842,False,True
SYN_731_001356,x731,2,0.10526315789473684,False,True
SYN_731_001357,x731,1,0.05263157894736842,False,True
SYN_731_001358,x731,1,0.05263157894736842,False,True
SYN_731_001359,x731,1,0.05263157894736842,False,True
SYN_731_001360,G731ST-LT,1,0.05263157894736842,False,True
SYN_731_001361,x731,1,0.05263157894736842,False,True
SYN_731_001362,x731,2,0.10526315789473684,False,True
SYN_731_001363,x731,1,0.05263157894736842,False,True
SYN_731_001364,x731,1,0.05263157894736842,False,True
SYN_731_001365,x731,1,0.05263157894736842,False,True
SYN_731_001366,x731,1,0.05263157894736842,False,True
SYN_731_001367,G731ST-HT,1,0.05263157894736842,False,True
SYN_731_001368,x731,1,0.05263157894736842,False,True
SYN_731_001369,x731,1,0.05263157894736842,False,True
SYN_731_001370,x731,1,0.05263157894736842,False,True
SYN_731_001371,x731,1,0.05263157894736842,False,True
SYN_731_001372,G731ST-LT,1,0.05263157894736842,False,True
SYN_731_001373,G731ST-LT,1,0.05263157894736842,False,True
SYN_731_001374,x731,1,0.05263157894736842,False,True
SYN_731_001375,x731,1,0.05263157894736842,False,True
SYN_731_001376,x731,2,0.10526315789473684,False,True
SYN_731_001377,x731,2,0.10526315789473684,False,True
SYN_731_001378,x731,2,0.10526315789473684,False,True
SYN_731_001379,x731,1,0.05263157894736842,False,True
SYN_731_001380,x731,1,0.05263157894736842,False,True
SYN_731_001381,x731,2,0.10526315789473684,False,True
SYN_731_001382,x731,2,0.10526315789473684,False,True
SYN_731_001383,x731,1,0.05263157894736842,False,True
SYN_731_001384,x731,2,0.10526315789473684,False,True
SYN_731_001385,F731WD_DualChannel,1,0.05263157894736842,False,True
SYN_731_001386,x731,1,0.05263157894736842,False,True
SYN_731_001387,G731ST-HT,1,0.05263157894736842,False,True
SYN_731_001388,x731,1,0.05263157894736842,False,True
SYN_731_001389,x731,1,0.05263157894736842,False,True
SYN_731_001390,x731,3,0.15789473684210525,False,True
SYN_731_001391,x731,2,0.10526315789473684,False,True
SYN_731_001392,x731,1,0.05263157894736842,False,True
SYN_731_001393,x731,1,0.05263157894736842,False,True
SYN_731_001394,x731,1,0.05263157894736842,False,True
SYN_731_001395,x731,1,0.05263157894736842,False,True
SYN_731_001396,x731,2,0.10526315789473684,False,True
SYN_731_001397,x731,2,0.10526315789473684,False,True
SYN_731_001398,x731,1,0.05263157894736842,False,True
SYN_731_001399,x731,2,0.10526315789473684,False,True
SYN_731_001400,x731,1,0.05263157894736842,False,True
SYN_731_001401,x731,1,0.05263157894736842,False,True
SYN_731_001402,x731,1,0.05263157894736842,False,True
SYN_731_001403,x731,1,0.05263157894736842,False,True
SYN_731_001404,x731,1,0.05263157894736842,False,True
SYN_731_001405,G731ST-HT,1,0.05263157894736842,False,True
SYN_731_001406,x731,1,0.05263157894736842,False,True
SYN_731_001407,x731,1,0.05263157894736842,False,True
SYN_731_001408,G731ST-LT,1,0.05263157894736842,False,True
SYN_731_001409,x731,1,0.05263157894736842,False,True
SYN_731_001410,x731,1,0.05263157894736842,False,True
SYN_731_001411,x731,1,0.05263157894736842,False,True
SYN_731_001412,x731,2,0.10526315789473684,False,True
SYN_731_001413,x731,1,0.05263157894736842,False,True
SYN_731_001414,x731,1,0.05263157894736842,False,True
SYN_731_001415,x731,1,0.05263157894736842,False,True
SYN_731_001416,x731,1,0.05263157894736842,False,True
SYN_731_001417,G731ST-LT,1,0.05263157894736842,False,True
SYN_731_001418,x731,1,0.05263157894736842,False,True
SYN_731_001419,x731,1,0.05263157894736842,False,True
SYN_731_001420,x731,1,0.05263157894736842,False,True
SYN_731_001421,G731ST-HT,1,0.05263157894736842,False,True
SYN_731_001422,x731,1,0.05263157894736842,False,True
SYN_731_001423,x731,1,0.05263157894736842,False,True
SYN_731_001424,x731,1,0.05263157894736842,False,True
SYN_731_001425,x731,1,0.05263157894736842,False,True
SYN_731_001426,x731,1,0.05263157894736842,False,True
SYN_731_001427,x731,1,0.05263157894736842,False,True
SYN_731_001428,x731,3,0.15789473684210525,False,True
SYN_731_001429,G731ST-HT,1,0.05263157894736842,False,True
SYN_731_001430,x731,1,0.05263157894736842,False,True
SYN_731_001431,x731,0,0.0,True,False
SYN_731_001432,x731,2,0.10526315789473684,False,True
SYN_731_001433,x731,1,0.05263157894736842,False,True
SYN_731_001434,x731,1,0.05263157894736842,False,True
SYN_731_001435,x731,1,0.05263157894736842,True,False
SYN_731_001436,x731,2,0.10526315789473684,False,True
SYN_731_001437,x731,1,0.05263157894736842,False,True
SYN_731_001438,F731PW,0,0.0,True,False
SYN_731_001439,x731,1,0.05263157894736842,False,True
SYN_731_001440,x731,1,0.05263157894736842,False,True
SYN_731_001441,x731,3,0.15789473684210525,False,True
SYN_731_001442,x731,1,0.05263157894736842,False,True
SYN_731_001443,x731,1,0.05263157894736842,False,True
SYN_731_001444,G731ST-LT,1,0.05263157894736842,False,True
SYN_731_001445,F731PW,1,0.05263157894736842,False,True
SYN_731_001446,x731,1,0.05263157894736842,False,True
SYN_731_001447,x731,1,0.05263157894736842,False,True
SYN_731_001448,x731,1,0.05263157894736842,False,True
SYN_731_001449,x731,2,0.10526315789473684,False,True
SYN_731_001450,x731,1,0.05263157894736842,False,True
SYN_731_001451,G731ST-LT,1,0.05263157894736842,False,True
SYN_731_001452,x731,2,0.10526315789473684,False,True
SYN_731_001453,x731,1,0.05263157894736842,False,True
SYN_731_001454,x731,1,0.05263157894736842,False,True
SYN_731_001455,x731,3,0.15789473684210525,False,True
SYN_731_001456,x731,1,0.05263157894736842,False,True
SYN_731_001457,x731,1,0.05263157894736842,False,True
SYN_731_001458,x731,2,0.10526315789473684,False,True
SYN_731_001459,x731,1,0.05263157894736842,False,True
SYN_731_001460,x731,2,0.10526315789473684,False,True
SYN_731_001461,x731,1,0.05263157894736842,False,True
SYN_731_001462,x731,2,0.10526315789473684,False,True
SYN_731_001463,x731,1,0.05263157894736842,False,True
SYN_731_001464,G731ST-HT,0,0.0,True,False
SYN_731_001465,G731ST-LT,1,0.05263157894736842,False,True
SYN_731_001466,x731,2,0.10526315789473684,False,True
SYN_731_001467,x731,1,0.05263157894736842,False,True
SYN_731_001468,x731,2,0.10526315789473684,False,True
SYN_731_001469,x731,2,0.10526315789473684,False,True
SYN_731_001470,x731,1,0.05263157894736842,False,True
SYN_731_001471,G731ST-HT,1,0.05263157894736842,False,True
SYN_731_001472,x731,1,0.05263157894736842,False,True
SYN_731_001473,G731ST-HT,1,0.05263157894736842,False,True
SYN_731_001474,x731,1,0.05263157894736842,False,True
SYN_731_001475,x731,1,0.05263157894736842,False,True
SYN_731_001476,x731,1,0.05263157894736842,False,True
SYN_731_001477,x731,1,0.05263157894736842,False,True
SYN_731_001478,x731,1,0.05263157894736842,False,True
SYN_731_001479,x731,1,0.05263157894736842,False,True
SYN_731_001480,G731ST-LT,1,0.05263157894736842,False,True
SYN_731_001481,G731ST-HT,1,0.05263157894736842,True,False
SYN_731_001482,x731,1,0.05263157894736842,False,True
SYN_731_001483,x731,2,0.10526315789473684,False,True
SYN_731_001484,G731ST-LT,1,0.05263157894736842,True,False
SYN_731_001485,x731,1,0.05263157894736842,False,True
SYN_731_001486,G731ST-LT,1,0.05263157894736842,False,True
SYN_731_001487,x731,2,0.10526315789473684,False,True
SYN_731_001488,x731,1,0.05263157894736842,False,True
SYN_731_001489,x731,1,0.05263157894736842,False,True
SYN_731_001490,x731,1,0.05263157894736842,False,True
SYN_731_001491,x731,1,0.05263157894736842,False,True
SYN_731_001492,G731ST-HT,1,0.05263157894736842,False,True
SYN_731_001493,x731,1,0.05263157894736842,False,True
SYN_731_001494,x731,1,0.05263157894736842,False,True
SYN_731_001495,x731,1,0.05263157894736842,False,True
SYN_731_001496,x731,1,0.05263157894736842,False,True
SYN_731_001497,x731,1,0.05263157894736842,False,True
SYN_731_001498,x731,2,0.10526315789473684,False,True
SYN_731_001499,G731ST-LT,1,0.05263157894736842,False,True
SYN_731_001500,x731,1,0.05263157894736842,False,True
SYN_731_001501,x731,1,0.05263157894736842,False,True
SYN_731_001502,G731ST-LT,1,0.05263157894736842,False,True
SYN_731_001503,x731,1,0.05263157894736842,False,True
SYN_731_001504,x731,3,0.15789473684210525,False,True
SYN_731_001505,x731,1,0.05263157894736842,False,True
SYN_731_001506,G731ST-LT,1,0.05263157894736842,False,True
SYN_731_001507,G731ST-HT,1,0.05263157894736842,False,True
SYN_731_001508,x731,1,0.05263157894736842,False,True
SYN_731_001509,x731,1,0.05263157894736842,False,True
SYN_731_001510,x731,2,0.10526315789473684,False,True
SYN_731_001511,x731,1,0.05263157894736842,False,True
SYN_731_001512,x731,1,0.05263157894736842,True,False
SYN_731_001513,x731,2,0.10526315789473684,False,True
SYN_731_001514,x731,1,0.05263157894736842,False,True
SYN_731_001515,x731,1,0.05263157894736842,True,False
SYN_731_001516,x731,1,0.05263157894736842,False,True
SYN_731_001517,x731,1,0.05263157894736842,False,True
SYN_731_001518,G731ST-HT,1,0.05263157894736842,False,True
SYN_731_001519,x731,1,0.05263157894736842,False,True
SYN_731_001520,x731,1,0.05263157894736842,False,True
SYN_731_001521,x731,1,0.05263157894736842,False,True
SYN_731_001522,x731,1,0.05263157894736842,False,True
SYN_731_001523,G731ST-LT,1,0.05263157894736842,True,False
SYN_731_001524,x731,1,0.05263157894736842,False,True
SYN_731_001525,G731ST-LT,1,0.05263157894736842,False,True
SYN_731_001526,x731,1,0.05263157894736842,False,True
SYN_731_001527,F731TE,1,0.05263157894736842,False,True
SYN_731_001528,x731,1,0.05263157894736842,False,True
SYN_731_001529,x731,1,0.05263157894736842,False,True
SYN_731_001530,x731,1,0.05263157894736842,False,True
SYN_731_001531,x731,0,0.0,True,False
SYN_731_001532,x731,1,0.05263157894736842,False,True
SYN_731_001533,x731,1,0.05263157894736842,False,True
SYN_731_001534,x731,1,0.05263157894736842,False,True
SYN_731_001535,x731,2,0.10526315789473684,False,True
SYN_731_001536,G731ST-HT,0,0.0,True,False
SYN_731_001537,x731,2,0.10526315789473684,False,True
SYN_731_001538,G731ST-HT,1,0.05263157894736842,False,True
SYN_731_001539,x731,1,0.05263157894736842,False,True
SYN_731_001540,G731ST-HT,1,0.05263157894736842,False,True
SYN_731_001541,x731,2,0.10526315789473684,False,True
SYN_731_001542,x731,1,0.05263157894736842,False,True
SYN_731_001543,G731ST-HT,1,0.05263157894736842,False,True
SYN_731_001544,x731,2,0.10526315789473684,False,True
SYN_731_001545,G731ST-LT,1,0.05263157894736842,False,True
SYN_731_001546,G731ST-HT,1,0.05263157894736842,False,True
SYN_731_001547,x731,1,0.05263157894736842,False,True
SYN_731_001548,G731ST-HT,1,0.05263157894736842,False,True
SYN_731_001549,x731,1,0.05263157894736842,False,True
SYN_731_001550,x731,2,0.10526315789473684,False,True
SYN_731_001551,x731,1,0.05263157894736842,False,True
SYN_731_001552,x731,1,0.05263157894736842,False,True
SYN_731_001553,x731,1,0.05263157894736842,False,True
SYN_731_001554,x731,1,0.05263157894736842,False,True
SYN_731_001555,x731,1,0.05263157894736842,False,True
SYN_731_001556,x731,1,0.05263157894736842,False,True
SYN_731_001557,x731,2,0.10526315789473684,False,True
SYN_731_001558,x731,1,0.05263157894736842,False,True
SYN_731_001559,G731CA,1,0.05263157894736842,False,True
SYN_731_001560,F731WD_DualChannel,1,0.05263157894736842,False,True
SYN_731_001561,F731WD_DualChannel,1,0.05263157894736842,False,True
SYN_731_001562,x731,2,0.10526315789473684,False,True
SYN_731_001563,G731ST-HT,1,0.05263157894736842,False,True
SYN_731_001564,x731,1,0.05263157894736842,False,True
SYN_731_001565,F731WD_DualChannel,1,0.05263157894736842,False,True
SYN_731_001566,x731,1,0.05263157894736842,False,True
SYN_731_001567,G731ST-LT,1,0.05263157894736842,False,True
SYN_731_001568,G731ST-LT,1,0.05263157894736842,False,True
SYN_731_001569,x731,2,0.10526315789473684,False,True
SYN_731_001570,x731,2,0.10526315789473684,False,True
SYN_731_001571,x731,1,0.05263157894736842,False,True
SYN_731_001572,G731ST-HT,1,0.05263157894736842,False,True
SYN_731_001573,x731,2,0.10526315789473684,False,True
SYN_731_001574,G731ST-LT,1,0.05263157894736842,False,True
SYN_731_001575,G731ST-LT,1,0.05263157894736842,False,True
SYN_731_001576,x731,1,0.05263157894736842,False,True
SYN_731_001577,x731,1,0.05263157894736842,False,True
SYN_731_001578,x731,1,0.05263157894736842,False,True
SYN_731_001579,x731,2,0.10526315789473684,False,True
SYN_731_001580,G731ST-HT,1,0.05263157894736842,False,True
SYN_731_001581,x731,2,0.10526315789473684,False,True
SYN_731_001582,x731,1,0.05263157894736842,False,True
SYN_731_001583,x731,1,0.05263157894736842,False,True
SYN_731_001584,x731,1,0.05263157894736842,False,True
SYN_731_001585,G731ST-HT,1,0.05263157894736842,False,True
SYN_731_001586,x731,2,0.10526315789473684,False,True
SYN_731_001587,x731,2,0.10526315789473684,False,True
SYN_731_001588,G731ST-HT,1,0.05263157894736842,False,True
SYN_731_001589,G731ST-LT,1,0.05263157894736842,False,True
SYN_731_001590,x731,2,0.10526315789473684,False,True
SYN_731_001591,G731ST-HT,1,0.05263157894736842,True,False
SYN_731_001592,x731,1,0.05263157894736842,False,True
SYN_731_001593,x731,1,0.05263157894736842,False,True
SYN_731_001594,G731ST-HT,1,0.05263157894736842,False,True
SYN_731_001595,x731,1,0.05263157894736842,False,True
SYN_731_001596,x731,1,0.05263157894736842,False,True
SYN_731_001597,x731,1,0.05263157894736842,False,True
SYN_731_001598,x731,1,0.05263157894736842,False,True
SYN_731_001599,G731ST-LT,1,0.05263157894736842,False,True
SYN_731_001600,x731,1,0.05263157894736842,False,True
SYN_731_001601,x731,1,0.05263157894736842,False,True
SYN_731_001602,x731,1,0.05263157894736842,False,True
SYN_731_001603,x731,1,0.05263157894736842,False,True
SYN_731_001604,x731,2,0.10526315789473684,False,True
SYN_731_001605,x731,2,0.10526315789473684,False,True
SYN_731_001606,x731,1,0.05263157894736842,False,True
SYN_731_001607,x731,1,0.05263157894736842,False,True
SYN_731_001608,x731,1,0.05263157894736842,False,True
SYN_731_001609,x731,1,0.05263157894736842,False,True
SYN_731_001610,G731ST-HT,1,0.05263157894736842,False,True
SYN_731_001611,x731,1,0.05263157894736842,False,True
SYN_731_001612,x731,1,0.05263157894736842,False,True
SYN_731_001613,x731,1,0.05263157894736842,False,True
SYN_731_001614,x731,2,0.10526315789473684,False,True
SYN_731_001615,G731ST-HT,1,0.05263157894736842,False,True
SYN_731_001616,x731,1,0.05263157894736842,False,True
SYN_731_001617,F731TE,1,0.05263157894736842,False,True
SYN_731_001618,x731,1,0.05263157894736842,False,True
SYN_731_001619,G731ST-HT,1,0.05263157894736842,False,True
SYN_731_001620,G731ST-HT,1,0.05263157894736842,False,True
SYN_731_001621,x731,1,0.05263157894736842,False,True
SYN_731_001622,F731TE,1,0.05263157894736842,False,True
SYN_731_001623,x731,1,0.05263157894736842,False,True
SYN_731_001624,G731CA,1,0.05263157894736842,False,True
SYN_731_001625,x731,2,0.10526315789473684,False,True
SYN_731_001626,x731,3,0.15789473684210525,False,True
SYN_731_001627,x731,3,0.15789473684210525,False,True
SYN_731_001628,x731,1,0.05263157894736842,False,True
SYN_731_001629,F731PW,1,0.05263157894736842,True,False
SYN_731_001630,x731,1,0.05263157894736842,False,True
SYN_731_001631,x731,1,0.05263157894736842,False,True
SYN_731_001632,G731ST-HT,1,0.05263157894736842,True,False
SYN_731_001633,x731,2,0.10526315789473684,False,True
SYN_731_001634,F731WD_DualChannel,1,0.05263157894736842,False,True
SYN_731_001635,x731,1,0.05263157894736842,False,True
SYN_731_001636,G731CA,1,0.05263157894736842,False,True
SYN_731_001637,G731ST-LT,1,0.05263157894736842,False,True
SYN_731_001638,x731,1,0.05263157894736842,False,True
SYN_731_001639,G731ST-HT,1,0.05263157894736842,False,True
SYN_731_001640,G731ST-LT,1,0.05263157894736842,False,True
SYN_731_001641,x731,2,0.10526315789473684,False,True
SYN_731_001642,x731,2,0.10526315789473684,False,True
SYN_731_001643,x731,1,0.05263157894736842,False,True
SYN_731_001644,G731ST-HT,1,0.05263157894736842,False,True
SYN_731_001645,x731,1,0.05263157894736842,False,True
SYN_731_001646,x731,2,0.10526315789473684,False,True
SYN_731_001647,x731,1,0.05263157894736842,False,True
SYN_731_001648,x731,2,0.10526315789473684,False,True
SYN_731_001649,x731,2,0.10526315789473684,False,True
SYN_731_001650,x731,1,0.05263157894736842,False,True
SYN_731_001651,x731,2,0.10526315789473684,False,True
SYN_731_001652,x731,1,0.05263157894736842,False,True
SYN_731_001653,x731,1,0.05263157894736842,False,True
SYN_731_001654,x731,1,0.05263157894736842,False,True
SYN_731_001655,x731,1,0.05263157894736842,False,True
SYN_731_001656,x731,1,0.05263157894736842,False,True
SYN_731_001657,x731,1,0.05263157894736842,False,True
SYN_731_001658,G731ST-HT,1,0.05263157894736842,False,True
SYN_731_001659,x731,1,0.05263157894736842,False,True
SYN_731_001660,x731,1,0.05263157894736842,False,True
SYN_731_001661,x731,2,0.10526315789473684,False,True
SYN_731_001662,x731,1,0.05263157894736842,False,True
SYN_731_001663,x731,1,0.05263157894736842,False,True
SYN_731_001664,x731,1,0.05263157894736842,False,True
SYN_731_001665,G731ST-LT,1,0.05263157894736842,False,True
SYN_731_001666,x731,3,0.15789473684210525,False,True
SYN_731_001667,x731,2,0.10526315789473684,False,True
SYN_731_001668,F731TE,1,0.05263157894736842,False,True
SYN_731_001669,x731,1,0.05263157894736842,False,True
SYN_731_001670,x731,3,0.15789473684210525,False,True
SYN_731_001671,x731,2,0.10526315789473684,False,True
SYN_731_001672,x731,1,0.05263157894736842,False,True
SYN_731_001673,x731,1,0.05263157894736842,False,True
SYN_731_001674,x731,1,0.05263157894736842,False,True
SYN_731_001675,x731,2,0.10526315789473684,False,True
SYN_731_001676,x731,1,0.05263157894736842,False,True
SYN_731_001677,G731ST-HT,1,0.05263157894736842,False,True
SYN_731_001678,x731,1,0.05263157894736842,False,True
SYN_731_001679,x731,2,0.10526315789473684,False,True
SYN_731_001680,x731,1,0.05263157894736842,False,True
SYN_731_001681,x731,1,0.05263157894736842,False,True
SYN_731_001682,G731ST-LT,1,0.05263157894736842,False,True
SYN_731_001683,x731,1,0.05263157894736842,False,True
SYN_731_001684,x731,1,0.05263157894736842,False,True
SYN_731_001685,x731,1,0.05263157894736842,False,True
SYN_731_001686,x731,2,0.10526315789473684,False,True
SYN_731_001687,x731,2,0.10526315789473684,False,True
SYN_731_001688,G731ST-HT,1,0.05263157894736842,False,True
SYN_731_001689,x731,1,0.05263157894736842,False,True
SYN_731_001690,G731ST-HT,1,0.05263157894736842,False,True
SYN_731_001691,G731CA,1,0.05263157894736842,False,True
SYN_731_001692,x731,2,0.10526315789473684,False,True
SYN_731_001693,F731TE,1,0.05263157894736842,False,True
SYN_731_001694,x731,3,0.15789473684210525,False,True
SYN_731_001695,x731,1,0.05263157894736842,False,True
SYN_731_001696,x731,1,0.05263157894736842,False,True
SYN_731_001697,x731,2,0.10526315789473684,False,True
SYN_731_001698,G731ST-HT,1,0.05263157894736842,False,True
SYN_731_001699,G731ST-LT,1,0.05263157894736842,True,False
SYN_731_001700,x731,2,0.10526315789473684,False,True
SYN_731_001701,G731ST-LT,1,0.05263157894736842,False,True
SYN_731_001702,G731ST-LT,1,0.05263157894736842,False,True
SYN_731_001703,G731ST-LT,1,0.05263157894736842,False,True
SYN_731_001704,x731,1,0.05263157894736842,False,True
SYN_731_001705,x731,1,0.05263157894736842,False,True
SYN_731_001706,G731ST-HT,1,0.05263157894736842,False,True
SYN_731_001707,x731,1,0.05263157894736842,False,True
SYN_731_001708,x731,1,0.05263157894736842,False,True
SYN_731_001709,x731,1,0.05263157894736842,False,True
SYN_731_001710,x731,2,0.10526315789473684,False,True
SYN_731_001711,x731,1,0.05263157894736842,False,True
SYN_731_001712,G731ST-LT,1,0.05263157894736842,False,True
SYN_731_001713,x731,1,0.05263157894736842,False,True
SYN_731_001714,x731,1,0.05263157894736842,False,True
SYN_731_001715,x731,1,0.05263157894736842,False,True
SYN_731_001716,x731,1,0.05263157894736842,False,True
SYN_731_001717,x731,2,0.10526315789473684,False,True
SYN_731_001718,x731,1,0.05263157894736842,False,True
SYN_731_001719,x731,1,0.05263157894736842,False,True
SYN_731_001720,x731,1,0.05263157894736842,False,True
SYN_731_001721,x731,1,0.05263157894736842,False,True
SYN_731_001722,x731,1,0.05263157894736842,False,True
SYN_731_001723,x731,1,0.05263157894736842,False,True
SYN_731_001724,x731,1,0.05263157894736842,False,True
SYN_731_001725,x731,2,0.10526315789473684,False,True
SYN_731_001726,x731,1,0.05263157894736842,False,True
SYN_731_001727,F731WD_DualChannel,1,0.05263157894736842,False,True
SYN_731_001728,x731,1,0.05263157894736842,False,True
SYN_731_001729,x731,1,0.05263157894736842,False,True
SYN_731_001730,x731,1,0.05263157894736842,False,True
SYN_731_001731,G731ST-HT,1,0.05263157894736842,False,True
SYN_731_001732,x731,2,0.10526315789473684,False,True
SYN_731_001733,x731,1,0.05263157894736842,False,True
SYN_731_001734,x731,1,0.05263157894736842,False,True
SYN_731_001735,x731,1,0.05263157894736842,False,True
SYN_731_001736,G731ST-LT,1,0.05263157894736842,False,True
SYN_731_001737,G731ST-LT,1,0.05263157894736842,False,True
SYN_731_001738,x731,1,0.05263157894736842,False,True
SYN_731_001739,x731,2,0.10526315789473684,False,True
SYN_731_001740,x731,1,0.05263157894736842,False,True
SYN_731_001741,x731,1,0.05263157894736842,False,True
SYN_731_001742,x731,2,0.10526315789473684,False,True
SYN_731_001743,x731,1,0.05263157894736842,False,True
SYN_731_001744,x731,1,0.05263157894736842,False,True
SYN_731_001745,x731,1,0.05263157894736842,False,True
SYN_731_001746,x731,1,0.05263157894736842,False,True
SYN_731_001747,x731,2,0.10526315789473684,False,True
SYN_731_001748,G731ST-HT,1,0.05263157894736842,False,True
SYN_731_001749,x731,1,0.05263157894736842,False,True
SYN_731_001750,G731ST-HT,1,0.05263157894736842,False,True
SYN_731_001751,x731,2,0.10526315789473684,False,True
SYN_731_001752,x731,1,0.05263157894736842,False,True
SYN_731_001753,x731,1,0.05263157894736842,False,True
SYN_731_001754,x731,1,0.05263157894736842,False,True
SYN_731_001755,G731ST-LT,1,0.05263157894736842,False,True
SYN_731_001756,x731,1,0.05263157894736842,False,True
SYN_731_001757,G731ST-HT,1,0.05263157894736842,False,True
SYN_731_001758,x731,2,0.10526315789473684,False,True
SYN_731_001759,G731ST-LT,1,0.05263157894736842,False,True
SYN_731_001760,x731,2,0.10526315789473684,False,True
SYN_731_001761,x731,1,0.05263157894736842,False,True
SYN_731_001762,x731,1,0.05263157894736842,False,True
SYN_731_001763,x731,1,0.05263157894736842,False,True
SYN_731_001764,x731,2,0.10526315789473684,False,True
SYN_731_001765,x731,0,0.0,True,False
SYN_731_001766,x731,1,0.05263157894736842,False,True
SYN_731_001767,x731,1,0.05263157894736842,False,True
SYN_731_001768,x731,1,0.05263157894736842,False,True
SYN_731_001769,x731,3,0.15789473684210525,False,True
SYN_731_001770,x731,1,0.05263157894736842,False,True
SYN_731_001771,G731ST-HT,1,0.05263157894736842,True,False
SYN_731_001772,G731ST-LT,1,0.05263157894736842,False,True
SYN_731_001773,x731,1,0.05263157894736842,False,True
SYN_731_001774,x731,1,0.05263157894736842,False,True
SYN_731_001775,G731ST-HT,1,0.05263157894736842,False,True
SYN_731_001776,x731,1,0.05263157894736842,False,True
SYN_731_001777,F731PW,1,0.05263157894736842,True,False
SYN_731_001778,x731,1,0.05263157894736842,False,True
SYN_731_001779,G731ST-HT,1,0.05263157894736842,False,True
SYN_731_001780,x731,1,0.05263157894736842,False,True
SYN_731_001781,G731ST-HT,1,0.05263157894736842,False,True
SYN_731_001782,x731,1,0.05263157894736842,False,True
SYN_731_001783,G731ST-HT,1,0.05263157894736842,False,True
SYN_731_001784,x731,2,0.10526315789473684,False,True
SYN_731_001785,G731ST-HT,1,0.05263157894736842,False,True
SYN_731_001786,G731ST-HT,1,0.05263157894736842,False,True
SYN_731_001787,x731,2,0.10526315789473684,False,True
SYN_731_001788,x731,1,0.05263157894736842,False,True
SYN_731_001789,F731TE,1,0.05263157894736842,False,True
SYN_731_001790,x731,2,0.10526315789473684,False,True
SYN_731_001791,x731,1,0.05263157894736842,False,True
SYN_731_001792,x731,1,0.05263157894736842,False,True
SYN_731_001793,x731,1,0.05263157894736842,False,True
SYN_731_001794,x731,1,0.05263157894736842,True,False
SYN_731_001795,x731,1,0.05263157894736842,False,True
SYN_731_001796,x731,2,0.10526315789473684,False,True
SYN_731_001797,x731,1,0.05263157894736842,False,True
SYN_731_001798,G731ST-LT,1,0.05263157894736842,False,True
SYN_731_001799,x731,1,0.05263157894736842,False,True
SYN_731_001800,x731,1,0.05263157894736842,False,True
SYN_731_001801,x731,2,0.10526315789473684,False,True
SYN_731_001802,x731,1,0.05263157894736842,False,True
SYN_731_001803,x731,1,0.05263157894736842,False,True
SYN_731_001804,F731WD_DualChannel,1,0.05263157894736842,False,True
SYN_731_001805,G731ST-HT,1,0.05263157894736842,False,True
SYN_731_001806,x731,1,0.05263157894736842,False,True
SYN_731_001807,x731,2,0.10526315789473684,False,True
SYN_731_001808,x731,1,0.05263157894736842,False,True
SYN_731_001809,x731,1,0.05263157894736842,False,True
SYN_731_001810,G731ST-LT,1,0.05263157894736842,False,True
SYN_731_001811,x731,1,0.05263157894736842,False,True
SYN_731_001812,x731,1,0.05263157894736842,False,True
SYN_731_001813,G731ST-HT,1,0.05263157894736842,False,True
SYN_731_001814,x731,1,0.05263157894736842,False,True
SYN_731_001815,x731,1,0.05263157894736842,False,True
SYN_731_001816,x731,1,0.05263157894736842,False,True
SYN_731_001817,x731,2,0.10526315789473684,False,True
SYN_731_001818,x731,1,0.05263157894736842,False,True
SYN_731_001819,G731ST-LT,1,0.05263157894736842,False,True
SYN_731_001820,x731,1,0.05263157894736842,False,True
SYN_731_001821,x731,1,0.05263157894736842,False,True
SYN_731_001822,G731ST-HT,1,0.05263157894736842,True,False
SYN_731_001823,x731,1,0.05263157894736842,False,True
SYN_731_001824,x731,1,0.05263157894736842,False,True
SYN_731_001825,x731,1,0.05263157894736842,False,True
SYN_731_001826,x731,2,0.10526315789473684,False,True
SYN_731_001827,G731ST-HT,1,0.05263157894736842,False,True
SYN_731_001828,x731,0,0.0,True,False
SYN_731_001829,x731,2,0.10526315789473684,False,True
SYN_731_001830,x731,2,0.10526315789473684,False,True
SYN_731_001831,x731,2,0.10526315789473684,False,True
SYN_731_001832,x731,1,0.05263157894736842,False,True
SYN_731_001833,x731,1,0.05263157894736842,False,True
SYN_731_001834,x731,1,0.05263157894736842,False,True
SYN_731_001835,x731,4,0.21052631578947367,False,True
SYN_731_001836,x731,1,0.05263157894736842,False,True
SYN_731_001837,x731,1,0.05263157894736842,False,True
SYN_731_001838,G731ST-LT,1,0.05263157894736842,False,True
SYN_731_001839,G731ST-LT,0,0.0,True,False
SYN_731_001840,x731,1,0.05263157894736842,False,True
SYN_731_001841,G731ST-HT,1,0.05263157894736842,False,True
SYN_731_001842,x731,1,0.05263157894736842,False,True
SYN_731_001843,x731,2,0.10526315789473684,False,True
SYN_731_001844,G731ST-HT,1,0.05263157894736842,False,True
SYN_731_001845,x731,1,0.05263157894736842,False,True
SYN_731_001846,x731,1,0.05263157894736842,False,True
SYN_731_001847,x731,1,0.05263157894736842,False,True
SYN_731_001848,x731,1,0.05263157894736842,False,True
SYN_731_001849,x731,1,0.05263157894736842,False,True
SYN_731_001850,x731,1,0.05263157894736842,False,True
SYN_731_001851,x731,3,0.15789473684210525,False,True
SYN_731_001852,x731,2,0.10526315789473684,False,True
SYN_731_001853,x731,1,0.05263157894736842,False,True
SYN_731_001854,x731,1,0.05263157894736842,False,True
SYN_731_001855,x731,1,0.05263157894736842,False,True
SYN_731_001856,x731,1,0.05263157894736842,False,True
SYN_731_001857,G731ST-LT,1,0.05263157894736842,False,True
SYN_731_001858,x731,1,0.05263157894736842,False,True
SYN_731_001859,x731,1,0.05263157894736842,False,True
SYN_731_001860,x731,1,0.05263157894736842,False,True
SYN_731_001861,x731,1,0.05263157894736842,False,True
SYN_731_001862,G731ST-LT,1,0.05263157894736842,False,True
SYN_731_001863,x731,1,0.05263157894736842,False,True
SYN_731_001864,x731,1,0.05263157894736842,False,True
SYN_731_001865,x731,1,0.05263157894736842,False,True
SYN_731_001866,x731,1,0.05263157894736842,False,True
SYN_731_001867,x731,1,0.05263157894736842,False,True
SYN_731_001868,F731PW,0,0.0,True,False
SYN_731_001869,x731,2,0.10526315789473684,False,True
SYN_731_001870,x731,2,0.10526315789473684,False,True
SYN_731_001871,x731,2,0.10526315789473684,False,True
SYN_731_001872,x731,1,0.05263157894736842,False,True
SYN_731_001873,x731,1,0.05263157894736842,False,True
SYN_731_001874,x731,2,0.10526315789473684,False,True
SYN_731_001875,G731ST-LT,1,0.05263157894736842,False,True
SYN_731_001876,x731,1,0.05263157894736842,False,True
SYN_731_001877,F731TE,1,0.05263157894736842,False,True
SYN_731_001878,x731,1,0.05263157894736842,False,True
SYN_731_001879,G731ST-LT,1,0.05263157894736842,False,True
SYN_731_001880,G731ST-HT,1,0.05263157894736842,False,True
SYN_731_001881,x731,2,0.10526315789473684,False,True
SYN_731_001882,F731PW,1,0.05263157894736842,True,False
SYN_731_001883,x731,1,0.05263157894736842,False,True
SYN_731_001884,G731ST-LT,1,0.05263157894736842,False,True
SYN_731_001885,x731,1,0.05263157894736842,False,True
SYN_731_001886,x731,2,0.10526315789473684,False,True
SYN_731_001887,F731WD_DualChannel,1,0.05263157894736842,False,True
SYN_731_001888,x731,1,0.05263157894736842,False,True
SYN_731_001889,x731,1,0.05263157894736842,False,True
SYN_731_001890,x731,2,0.10526315789473684,False,True
SYN_731_001891,x731,1,0.05263157894736842,False,True
SYN_731_001892,x731,1,0.05263157894736842,False,True
SYN_731_001893,x731,1,0.05263157894736842,False,True
SYN_731_001894,x731,1,0.05263157894736842,False,True
SYN_731_001895,x731,1,0.05263157894736842,False,True
SYN_731_001896,x731,1,0.05263157894736842,False,True
SYN_731_001897,x731,1,0.05263157894736842,False,True
SYN_731_001898,x731,1,0.05263157894736842,False,True
SYN_731_001899,x731,1,0.05263157894736842,False,True
SYN_731_001900,x731,2,0.10526315789473684,False,True
SYN_731_001901,x731,1,0.05263157894736842,False,True
SYN_731_001902,x731,1,0.05263157894736842,False,True
SYN_731_001903,x731,1,0.05263157894736842,False,True
SYN_731_001904,x731,1,0.05263157894736842,False,True
SYN_731_001905,x731,2,0.10526315789473684,False,True
SYN_731_001906,x731,1,0.05263157894736842,False,True
SYN_731_001907,x731,1,0.05263157894736842,False,True
SYN_731_001908,G731ST-LT,1,0.05263157894736842,False,True
SYN_731_001909,x731,2,0.10526315789473684,False,True
SYN_731_001910,x731,2,0.10526315789473684,False,True
SYN_731_001911,G731CA,1,0.05263157894736842,False,True
SYN_731_001912,x731,2,0.10526315789473684,False,True
SYN_731_001913,G731ST-HT,1,0.05263157894736842,False,True
SYN_731_001914,x731,1,0.05263157894736842,False,True
SYN_731_001915,G731ST-LT,1,0.05263157894736842,True,False
SYN_731_001916,G731ST-LT,1,0.05263157894736842,False,True
SYN_731_001917,x731,2,0.10526315789473684,False,True
SYN_731_001918,x731,1,0.05263157894736842,False,True
SYN_731_001919,x731,1,0.05263157894736842,False,True
SYN_731_001920,x731,1,0.05263157894736842,False,True
SYN_731_001921,G731ST-HT,1,0.05263157894736842,False,True
SYN_731_001922,x731,1,0.05263157894736842,False,True
SYN_731_001923,x731,1,0.05263157894736842,False,True
SYN_731_001924,G731ST-LT,1,0.05263157894736842,False,True
SYN_731_001925,x731,1,0.05263157894736842,False,True
SYN_731_001926,x731,2,0.10526315789473684,False,True
SYN_731_001927,x731,1,0.05263157894736842,False,True
SYN_731_001928,G731ST-LT,1,0.05263157894736842,False,True
SYN_731_001929,x731,1,0.05263157894736842,False,True
SYN_731_001930,x731,1,0.05263157894736842,False,True
SYN_731_001931,x731,1,0.05263157894736842,False,True
SYN_731_001932,x731,1,0.05263157894736842,False,True
SYN_731_001933,x731,2,0.10526315789473684,False,True
SYN_731_001934,x731,2,0.10526315789473684,False,True
SYN_731_001935,x731,3,0.15789473684210525,False,True
SYN_731_001936,x731,2,0.10526315789473684,False,True
SYN_731_001937,x731,1,0.05263157894736842,False,True
SYN_731_001938,x731,1,0.05263157894736842,False,True
SYN_731_001939,x731,1,0.05263157894736842,False,True
SYN_731_001940,x731,1,0.05263157894736842,False,True
SYN_731_001941,x731,2,0.10526315789473684,False,True
SYN_731_001942,x731,3,0.15789473684210525,False,True
SYN_731_001943,x731,1,0.05263157894736842,False,True
SYN_731_001944,x731,1,0.05263157894736842,False,True
SYN_731_001945,x731,1,0.05263157894736842,False,True
SYN_731_001946,x731,1,0.05263157894736842,False,True
SYN_731_001947,G731ST-LT,1,0.05263157894736842,False,True
SYN_731_001948,x731,2,0.10526315789473684,False,True
SYN_731_001949,x731,1,0.05263157894736842,False,True
SYN_731_001950,x731,1,0.05263157894736842,False,True
SYN_731_001951,x731,1,0.05263157894736842,False,True
SYN_731_001952,x731,1,0.05263157894736842,False,True
SYN_731_001953,G731ST-HT,1,0.05263157894736842,False,True
SYN_731_001954,x731,1,0.05263157894736842,False,True
SYN_731_001955,x731,1,0.05263157894736842,False,True
SYN_731_001956,x731,1,0.05263157894736842,False,True
SYN_731_001957,x731,1,0.05263157894736842,False,True
SYN_731_001958,x731,1,0.05263157894736842,False,True
SYN_731_001959,G731ST-HT,1,0.05263157894736842,False,True
SYN_731_001960,x731,1,0.05263157894736842,False,True
SYN_731_001961,x731,3,0.15789473684210525,False,True
SYN_731_001962,x731,1,0.05263157894736842,False,True
SYN_731_001963,x731,2,0.10526315789473684,False,True
SYN_731_001964,F731PW,1,0.05263157894736842,True,False
SYN_731_001965,G731ST-HT,1,0.05263157894736842,False,True
SYN_731_001966,F731TE,1,0.05263157894736842,False,True
SYN_731_001967,x731,1,0.05263157894736842,False,True
SYN_731_001968,x731,3,0.15789473684210525,False,True
SYN_731_001969,x731,1,0.05263157894736842,False,True
SYN_731_001970,G731ST-LT,1,0.05263157894736842,False,True
SYN_731_001971,x731,1,0.05263157894736842,False,True
SYN_731_001972,F731WD_SingleChannel,1,0.05263157894736842,False,True
SYN_731_001973,x731,1,0.05263157894736842,False,True
SYN_731_001974,x731,1,0.05263157894736842,False,True
SYN_731_001975,x731,1,0.05263157894736842,False,True
SYN_731_001976,x731,1,0.05263157894736842,False,True
SYN_731_001977,x731,1,0.05263157894736842,False,True
SYN_731_001978,G731ST-LT,1,0.05263157894736842,False,True
SYN_731_001979,x731,1,0.05263157894736842,False,True
SYN_731_001980,x731,1,0.05263157894736842,False,True
SYN_731_001981,x731,3,0.15789473684210525,False,True
SYN_731_001982,G731ST-HT,1,0.05263157894736842,False,True
SYN_731_001983,x731,1,0.05263157894736842,False,True
SYN_731_001984,G731ST-LT,0,0.0,True,False
SYN_731_001985,x731,1,0.05263157894736842,False,True
SYN_731_001986,x731,1,0.05263157894736842,False,True
SYN_731_001987,x731,1,0.05263157894736842,False,True
SYN_731_001988,x731,1,0.05263157894736842,False,True
SYN_731_001989,x731,1,0.05263157894736842,False,True
SYN_731_001990,x731,1,0.05263157894736842,False,True
SYN_731_001991,x731,1,0.05263157894736842,False,True
SYN_731_001992,x731,2,0.10526315789473684,False,True
SYN_731_001993,x731,1,0.05263157894736842,False,True
SYN_731_001994,x731,2,0.10526315789473684,False,True
SYN_731_001995,x731,2,0.10526315789473684,False,True
SYN_731_001996,x731,1,0.05263157894736842,True,False
SYN_731_001997,x731,1,0.05263157894736842,False,True
SYN_731_001998,x731,1,0.05263157894736842,False,True
SYN_731_001999,x731,2,0.10526315789473684,False,True
SYN_731_002000,x731,1,0.05263157894736842,True,False
SYN_731_002001,x731,1,0.05263157894736842,False,True
SYN_731_002002,x731,2,0.10526315789473684,False,True
SYN_731_002003,x731,2,0.10526315789473684,False,True
SYN_731_002004,G731ST-HT,1,0.05263157894736842,False,True
SYN_731_002005,G731ST-HT,1,0.05263157894736842,False,True
SYN_731_002006,x731,2,0.10526315789473684,False,True
SYN_731_002007,x731,1,0.05263157894736842,False,True
SYN_731_002008,x731,1,0.05263157894736842,False,True
SYN_731_002009,x731,1,0.05263157894736842,False,True
SYN_731_002010,G731ST-HT,1,0.05263157894736842,True,False
SYN_731_002011,x731,2,0.10526315789473684,False,True
SYN_731_002012,x731,1,0.05263157894736842,False,True
SYN_731_002013,x731,3,0.15789473684210525,False,True
SYN_731_002014,x731,2,0.10526315789473684,False,True
SYN_731_002015,x731,1,0.05263157894736842,False,True
SYN_731_002016,x731,2,0.10526315789473684,False,True
SYN_731_002017,x731,1,0.05263157894736842,False,True
SYN_731_002018,x731,1,0.05263157894736842,False,True
SYN_731_002019,x731,1,0.05263157894736842,False,True
SYN_731_002020,x731,1,0.05263157894736842,False,True
SYN_731_002021,x731,1,0.05263157894736842,False,True
SYN_731_002022,x731,1,0.05263157894736842,False,True
SYN_731_002023,x731,1,0.05263157894736842,False,True
SYN_731_002024,x731,2,0.10526315789473684,False,True
SYN_731_002025,x731,1,0.05263157894736842,False,True
SYN_731_002026,F731PW,0,0.0,True,False
SYN_731_002027,x731,1,0.05263157894736842,False,True
SYN_731_002028,G731ST-HT,1,0.05263157894736842,False,True
SYN_731_002029,x731,1,0.05263157894736842,False,True
SYN_731_002030,x731,2,0.10526315789473684,False,True
SYN_731_002031,x731,1,0.05263157894736842,False,True
SYN_731_002032,x731,1,0.05263157894736842,False,True
SYN_731_002033,x731,1,0.05263157894736842,False,True
SYN_731_002034,x731,2,0.10526315789473684,False,True
SYN_731_002035,x731,1,0.05263157894736842,False,True
SYN_731_002036,x731,2,0.10526315789473684,False,True
SYN_731_002037,x731,1,0.05263157894736842,False,True
SYN_731_002038,x731,3,0.15789473684210525,False,True
SYN_731_002039,x731,1,0.05263157894736842,False,True
SYN_731_002040,G731ST-LT,1,0.05263157894736842,False,True
SYN_731_002041,x731,1,0.05263157894736842,False,True
SYN_731_002042,G731ST-HT,1,0.05263157894736842,False,True
SYN_731_002043,x731,1,0.05263157894736842,False,True
SYN_731_002044,x731,3,0.15789473684210525,False,True
SYN_731_002045,G731ST-HT,1,0.05263157894736842,False,True
SYN_731_002046,x731,2,0.10526315789473684,False,True
SYN_731_002047,x731,2,0.10526315789473684,False,True
SYN_731_002048,x731,1,0.05263157894736842,False,True
SYN_731_002049,x731,1,0.05263157894736842,False,True
SYN_731_002050,x731,1,0.05263157894736842,False,True
SYN_731_002051,x731,2,0.10526315789473684,False,True
SYN_731_002052,G731ST-HT,1,0.05263157894736842,True,False
SYN_731_002053,x731,1,0.05263157894736842,False,True
SYN_731_002054,G731ST-LT,1,0.05263157894736842,False,True
SYN_731_002055,x731,2,0.10526315789473684,False,True
SYN_731_002056,F731PW,1,0.05263157894736842,True,False
SYN_731_002057,x731,2,0.10526315789473684,False,True
SYN_731_002058,x731,2,0.10526315789473684,False,True
SYN_731_002059,G731ST-HT,1,0.05263157894736842,False,True
SYN_731_002060,x731,2,0.10526315789473684,False,True
SYN_731_002061,x731,2,0.10526315789473684,False,True
SYN_731_002062,x731,1,0.05263157894736842,False,True
SYN_731_002063,x731,1,0.05263157894736842,False,True
SYN_731_002064,x731,1,0.05263157894736842,False,True
SYN_731_002065,x731,1,0.05263157894736842,False,True
SYN_731_002066,x731,1,0.05263157894736842,False,True
SYN_731_002067,x731,1,0.05263157894736842,False,True
SYN_731_002068,G731ST-HT,0,0.0,True,False
SYN_731_002069,F731PW,0,0.0,True,False
SYN_731_002070,G731ST-LT,1,0.05263157894736842,True,False
SYN_731_002071,x731,3,0.15789473684210525,False,True
SYN_731_002072,x731,1,0.05263157894736842,False,True
SYN_731_002073,G731ST-HT,1,0.05263157894736842,False,True
SYN_731_002074,x731,1,0.05263157894736842,False,True
SYN_731_002075,x731,2,0.10526315789473684,False,True
SYN_731_002076,x731,1,0.05263157894736842,False,True
SYN_731_002077,x731,1,0.05263157894736842,False,True
SYN_731_002078,x731,1,0.05263157894736842,False,True
SYN_731_002079,x731,1,0.05263157894736842,False,True
SYN_731_002080,x731,2,0.10526315789473684,False,True
SYN_731_002081,x731,1,0.05263157894736842,False,True
SYN_731_002082,x731,1,0.05263157894736842,False,True
SYN_731_002083,G731ST-LT,1,0.05263157894736842,False,True
SYN_731_002084,x731,1,0.05263157894736842,False,True
SYN_731_002085,G731ST-LT,1,0.05263157894736842,False,True
SYN_731_002086,x731,2,0.10526315789473684,False,True
SYN_731_002087,x731,1,0.05263157894736842,False,True
SYN_731_002088,x731,1,0.05263157894736842,False,True
SYN_731_002089,x731,1,0.05263157894736842,False,True
SYN_731_002090,x731,1,0.05263157894736842,False,True
SYN_731_002091,x731,1,0.05263157894736842,False,True
SYN_731_002092,x731,1,0.05263157894736842,False,True
SYN_731_002093,x731,1,0.05263157894736842,False,True
SYN_731_002094,x731,1,0.05263157894736842,False,True
SYN_731_002095,x731,1,0.05263157894736842,False,True
SYN_731_002096,x731,2,0.10526315789473684,False,True
SYN_731_002097,x731,1,0.05263157894736842,False,True
SYN_731_002098,x731,3,0.15789473684210525,False,True
SYN_731_002099,G731ST-HT,1,0.05263157894736842,False,True
SYN_731_002100,x731,1,0.05263157894736842,False,True
SYN_731_002101,x731,2,0.10526315789473684,False,True
SYN_731_002102,x731,1,0.05263157894736842,True,False
SYN_731_002103,x731,1,0.05263157894736842,False,True
SYN_731_002104,x731,2,0.10526315789473684,False,True
SYN_731_002105,x731,1,0.05263157894736842,False,True
SYN_731_002106,x731,1,0.05263157894736842,False,True
SYN_731_002107,x731,1,0.05263157894736842,False,True
SYN_731_002108,G731ST-LT,1,0.05263157894736842,False,True
SYN_731_002109,G731ST-HT,1,0.05263157894736842,False,True
SYN_731_002110,G731ST-LT,1,0.05263157894736842,False,True
SYN_731_002111,x731,1,0.05263157894736842,False,True
SYN_731_002112,x731,2,0.10526315789473684,False,True
SYN_731_002113,x731,2,0.10526315789473684,False,True
SYN_731_002114,x731,1,0.05263157894736842,False,True
SYN_731_002115,x731,3,0.15789473684210525,False,True
SYN_731_002116,x731,3,0.15789473684210525,False,True
SYN_731_002117,x731,1,0.05263157894736842,False,True
SYN_731_002118,G731ST-LT,1,0.05263157894736842,False,True
SYN_731_002119,x731,3,0.15789473684210525,False,True
SYN_731_002120,x731,1,0.05263157894736842,False,True
SYN_731_002121,x731,2,0.10526315789473684,False,True
SYN_731_002122,x731,4,0.21052631578947367,False,True
SYN_731_002123,F731WD_SingleChannel,1,0.05263157894736842,False,True
SYN_731_002124,x731,1,0.05263157894736842,False,True
SYN_731_002125,x731,1,0.05263157894736842,False,True
SYN_731_002126,x731,1,0.05263157894736842,False,True
SYN_731_002127,x731,1,0.05263157894736842,False,True
SYN_731_002128,x731,1,0.05263157894736842,False,True
SYN_731_002129,G731ST-LT,1,0.05263157894736842,False,True
SYN_731_002130,F731PW,1,0.05263157894736842,True,False
SYN_731_002131,x731,1,0.05263157894736842,False,True
SYN_731_002132,F731WD_DualChannel,1,0.05263157894736842,False,True
SYN_731_002133,x731,1,0.05263157894736842,False,True
SYN_731_002134,x731,1,0.05263157894736842,False,True
SYN_731_002135,x731,1,0.05263157894736842,False,True
SYN_731_002136,G731ST-HT,1,0.05263157894736842,False,True
SYN_731_002137,F731TE,1,0.05263157894736842,False,True
SYN_731_002138,x731,1,0.05263157894736842,False,True
SYN_731_002139,x731,1,0.05263157894736842,False,True
SYN_731_002140,G731ST-HT,1,0.05263157894736842,False,True
SYN_731_002141,G731ST-HT,1,0.05263157894736842,False,True
SYN_731_002142,x731,1,0.05263157894736842,False,True
SYN_731_002143,x731,2,0.10526315789473684,False,True
SYN_731_002144,x731,1,0.05263157894736842,False,True
SYN_731_002145,x731,1,0.05263157894736842,False,True
SYN_731_002146,x731,1,0.05263157894736842,False,True
SYN_731_002147,x731,1,0.05263157894736842,False,True
SYN_731_002148,G731ST-HT,1,0.05263157894736842,False,True
SYN_731_002149,x731,1,0.05263157894736842,False,True
SYN_731_002150,x731,2,0.10526315789473684,False,True
SYN_731_002151,x731,1,0.05263157894736842,False,True
SYN_731_002152,x731,1,0.05263157894736842,False,True
SYN_731_002153,x731,2,0.10526315789473684,False,True
SYN_731_002154,G731ST-LT,1,0.05263157894736842,False,True
SYN_731_002155,x731,1,0.05263157894736842,False,True
SYN_731_002156,F731PW,1,0.05263157894736842,False,True
SYN_731_002157,x731,1,0.05263157894736842,False,True
SYN_731_002158,x731,1,0.05263157894736842,False,True
SYN_731_002159,x731,0,0.0,True,False
SYN_731_002160,G731ST-HT,1,0.05263157894736842,False,True
SYN_731_002161,x731,1,0.05263157894736842,False,True
SYN_731_002162,x731,1,0.05263157894736842,False,True
SYN_731_002163,G731ST-HT,1,0.05263157894736842,False,True
SYN_731_002164,x731,1,0.05263157894736842,False,True
SYN_731_002165,x731,1,0.05263157894736842,False,True
SYN_731_002166,x731,1,0.05263157894736842,False,True
SYN_731_002167,G731ST-LT,1,0.05263157894736842,False,True
SYN_731_002168,x731,1,0.05263157894736842,False,True
SYN_731_002169,x731,1,0.05263157894736842,False,True
SYN_731_002170,x731,1,0.05263157894736842,False,True
SYN_731_002171,x731,2,0.10526315789473684,False,True
SYN_731_002172,x731,1,0.05263157894736842,False,True
SYN_731_002173,x731,1,0.05263157894736842,False,True
SYN_731_002174,G731ST-HT,1,0.05263157894736842,False,True
SYN_731_002175,x731,2,0.10526315789473684,False,True
SYN_731_002176,x731,1,0.05263157894736842,False,True
SYN_731_002177,x731,2,0.10526315789473684,False,True
SYN_731_002178,x731,2,0.10526315789473684,False,True
SYN_731_002179,G731ST-LT,1,0.05263157894736842,False,True
SYN_731_002180,x731,2,0.10526315789473684,False,True
SYN_731_002181,x731,1,0.05263157894736842,False,True
SYN_731_002182,x731,1,0.05263157894736842,False,True
SYN_731_002183,G731ST-LT,1,0.05263157894736842,False,True
SYN_731_002184,x731,1,0.05263157894736842,False,True
SYN_731_002185,x731,1,0.05263157894736842,False,True
SYN_731_002186,x731,3,0.15789473684210525,False,True
SYN_731_002187,x731,1,0.05263157894736842,False,True
SYN_731_002188,x731,2,0.10526315789473684,False,True
SYN_731_002189,x731,1,0.05263157894736842,False,True
SYN_731_002190,x731,2,0.10526315789473684,False,True
SYN_731_002191,x731,3,0.15789473684210525,False,True
SYN_731_002192,x731,2,0.10526315789473684,False,True
SYN_731_002193,x731,2,0.10526315789473684,False,True
SYN_731_002194,x731,1,0.05263157894736842,False,True
SYN_731_002195,F731TE,1,0.05263157894736842,False,True
SYN_731_002196,x731,1,0.05263157894736842,False,True
SYN_731_002197,x731,1,0.05263157894736842,False,True
SYN_731_002198,x731,1,0.05263157894736842,False,True
SYN_731_002199,G731ST-LT,1,0.05263157894736842,False,True
SYN_731_002200,x731,1,0.05263157894736842,False,True
SYN_731_002201,x731,1,0.05263157894736842,False,True
SYN_731_002202,x731,1,0.05263157894736842,False,True
SYN_731_002203,x731,2,0.10526315789473684,False,True
SYN_731_002204,x731,1,0.05263157894736842,False,True
SYN_731_002205,x731,1,0.05263157894736842,False,True
SYN_731_002206,x731,1,0.05263157894736842,False,True
SYN_731_002207,x731,1,0.05263157894736842,False,True
SYN_731_002208,x731,1,0.05263157894736842,False,True
SYN_731_002209,x731,1,0.05263157894736842,False,True
SYN_731_002210,x731,1,0.05263157894736842,False,True
SYN_731_002211,x731,1,0.05263157894736842,False,True
SYN_731_002212,x731,1,0.05263157894736842,False,True
SYN_731_002213,x731,1,0.05263157894736842,False,True
SYN_731_002214,x731,1,0.05263157894736842,False,True
SYN_731_002215,x731,1,0.05263157894736842,False,True
SYN_731_002216,x731,2,0.10526315789473684,False,True
SYN_731_002217,x731,1,0.05263157894736842,False,True
SYN_731_002218,x731,1,0.05263157894736842,False,True
SYN_731_002219,x731,1,0.05263157894736842,False,True
SYN_731_002220,x731,2,0.10526315789473684,False,True
SYN_731_002221,G731ST-LT,1,0.05263157894736842,False,True
SYN_731_002222,G731ST-HT,1,0.05263157894736842,False,True
SYN_731_002223,F731PW,1,0.05263157894736842,False,True
SYN_731_002224,x731,2,0.10526315789473684,False,True
SYN_731_002225,x731,1,0.05263157894736842,False,True
SYN_731_002226,x731,1,0.05263157894736842,False,True
SYN_731_002227,x731,3,0.15789473684210525,False,True
SYN_731_002228,x731,1,0.05263157894736842,False,True
SYN_731_002229,x731,1,0.05263157894736842,False,True
SYN_731_002230,x731,1,0.05263157894736842,False,True
SYN_731_002231,x731,1,0.05263157894736842,False,True
SYN_731_002232,x731,3,0.15789473684210525,False,True
SYN_731_002233,x731,1,0.05263157894736842,False,True
SYN_731_002234,x731,2,0.10526315789473684,False,True
SYN_731_002235,x731,1,0.05263157894736842,False,True
SYN_731_002236,x731,1,0.05263157894736842,False,True
SYN_731_002237,x731,2,0.10526315789473684,False,True
SYN_731_002238,x731,1,0.05263157894736842,False,True
SYN_731_002239,x731,1,0.05263157894736842,False,True
SYN_731_002240,x731,1,0.05263157894736842,False,True
SYN_731_002241,x731,1,0.05263157894736842,False,True
SYN_731_002242,F731WD_SingleChannel,1,0.05263157894736842,False,True
SYN_731_002243,x731,1,0.05263157894736842,False,True
SYN_731_002244,x731,1,0.05263157894736842,False,True
SYN_731_002245,G731ST-LT,1,0.05263157894736842,False,True
SYN_731_002246,G731ST-HT,1,0.05263157894736842,False,True
SYN_731_002247,x731,3,0.15789473684210525,False,True
SYN_731_002248,G731ST-LT,1,0.05263157894736842,True,False
SYN_731_002249,x731,1,0.05263157894736842,False,True
SYN_731_002250,x731,2,0.10526315789473684,False,True
SYN_731_002251,x731,1,0.05263157894736842,False,True
SYN_731_002252,x731,1,0.05263157894736842,False,True
SYN_731_002253,G731ST-LT,1,0.05263157894736842,False,True
SYN_731_002254,x731,1,0.05263157894736842,False,True
SYN_731_002255,x731,1,0.05263157894736842,False,True
SYN_731_002256,x731,3,0.15789473684210525,False,True
SYN_731_002257,G731ST-LT,1,0.05263157894736842,False,True
SYN_731_002258,x731,2,0.10526315789473684,False,True
SYN_731_002259,G731ST-HT,1,0.05263157894736842,False,True
SYN_731_002260,G731ST-LT,1,0.05263157894736842,False,True
SYN_731_002261,x731,1,0.05263157894736842,False,True
SYN_731_002262,x731,1,0.05263157894736842,False,True
SYN_731_002263,x731,1,0.05263157894736842,False,True
SYN_731_002264,x731,1,0.05263157894736842,False,True
SYN_731_002265,x731,2,0.10526315789473684,False,True
SYN_731_002266,x731,3,0.15789473684210525,False,True
SYN_731_002267,x731,2,0.10526315789473684,False,True
SYN_731_002268,G731ST-HT,1,0.05263157894736842,False,True
SYN_731_002269,x731,1,0.05263157894736842,False,True
SYN_731_002270,x731,1,0.05263157894736842,False,True
SYN_731_002271,G731ST-HT,1,0.05263157894736842,False,True
SYN_731_002272,x731,1,0.05263157894736842,False,True
SYN_731_002273,G731CA,1,0.05263157894736842,False,True
SYN_731_002274,x731,1,0.05263157894736842,False,True
SYN_731_002275,x731,2,0.10526315789473684,False,True
SYN_731_002276,x731,1,0.05263157894736842,False,True
SYN_731_002277,x731,1,0.05263157894736842,False,True
SYN_731_002278,x731,1,0.05263157894736842,False,True
SYN_731_002279,x731,1,0.05263157894736842,False,True
SYN_731_002280,x731,1,0.05263157894736842,False,True
SYN_731_002281,x731,1,0.05263157894736842,False,True
SYN_731_002282,x731,1,0.05263157894736842,False,True
SYN_731_002283,G731ST-HT,0,0.0,True,False
SYN_731_002284,x731,2,0.10526315789473684,False,True
SYN_731_002285,x731,1,0.05263157894736842,False,True
SYN_731_002286,G731CA,1,0.05263157894736842,False,True
SYN_731_002287,G731ST-HT,1,0.05263157894736842,False,True
SYN_731_002288,x731,1,0.05263157894736842,False,True
SYN_731_002289,x731,1,0.05263157894736842,False,True
SYN_731_002290,x731,1,0.05263157894736842,False,True
SYN_731_002291,x731,1,0.05263157894736842,False,True
SYN_731_002292,x731,1,0.05263157894736842,False,True
SYN_731_002293,x731,2,0.10526315789473684,False,True
SYN_731_002294,x731,1,0.05263157894736842,False,True
SYN_731_002295,x731,1,0.05263157894736842,False,True
SYN_731_002296,x731,1,0.05263157894736842,False,True
SYN_731_002297,x731,1,0.05263157894736842,False,True
SYN_731_002298,G731ST-HT,1,0.05263157894736842,False,True
SYN_731_002299,x731,1,0.05263157894736842,False,True
SYN_731_002300,x731,1,0.05263157894736842,False,True
SYN_731_002301,x731,1,0.05263157894736842,False,True
SYN_731_002302,x731,1,0.05263157894736842,False,True
SYN_731_002303,x731,1,0.05263157894736842,False,True
SYN_731_002304,F731PW,1,0.05263157894736842,True,False
SYN_731_002305,x731,2,0.10526315789473684,False,True
SYN_731_002306,G731ST-LT,1,0.05263157894736842,False,True
SYN_731_002307,G731ST-HT,1,0.05263157894736842,True,False
SYN_731_002308,x731,1,0.05263157894736842,False,True
SYN_731_002309,x731,1,0.05263157894736842,False,True
SYN_731_002310,x731,1,0.05263157894736842,False,True
SYN_731_002311,x731,1,0.05263157894736842,False,True
SYN_731_002312,x731,1,0.05263157894736842,False,True
SYN_731_002313,x731,1,0.05263157894736842,False,True
SYN_731_002314,x731,1,0.05263157894736842,False,True
SYN_731_002315,F731WD_SingleChannel,1,0.05263157894736842,False,True
SYN_731_002316,x731,1,0.05263157894736842,False,True
SYN_731_002317,x731,1,0.05263157894736842,False,True
SYN_731_002318,x731,1,0.05263157894736842,False,True
SYN_731_002319,x731,1,0.05263157894736842,False,True
SYN_731_002320,x731,2,0.10526315789473684,False,True
SYN_731_002321,x731,2,0.10526315789473684,False,True
SYN_731_002322,x731,1,0.05263157894736842,False,True
SYN_731_002323,x731,2,0.10526315789473684,False,True
SYN_731_002324,x731,2,0.10526315789473684,False,True
SYN_731_002325,x731,2,0.10526315789473684,False,True
SYN_731_002326,x731,1,0.05263157894736842,False,True
SYN_731_002327,x731,1,0.05263157894736842,False,True
SYN_731_002328,x731,3,0.15789473684210525,False,True
SYN_731_002329,x731,1,0.05263157894736842,False,True
SYN_731_002330,x731,2,0.10526315789473684,False,True
SYN_731_002331,x731,1,0.05263157894736842,False,True
SYN_731_002332,x731,1,0.05263157894736842,False,True
SYN_731_002333,x731,2,0.10526315789473684,False,True
SYN_731_002334,x731,2,0.10526315789473684,False,True
SYN_731_002335,G731ST-HT,1,0.05263157894736842,False,True
SYN_731_002336,x731,1,0.05263157894736842,False,True
SYN_731_002337,G731CA,1,0.05263157894736842,False,True
SYN_731_002338,x731,1,0.05263157894736842,False,True
SYN_731_002339,x731,1,0.05263157894736842,False,True
SYN_731_002340,x731,2,0.10526315789473684,False,True
SYN_731_002341,x731,1,0.05263157894736842,False,True
SYN_731_002342,x731,1,0.05263157894736842,False,True
SYN_731_002343,G731ST-LT,1,0.05263157894736842,False,True
SYN_731_002344,x731,1,0.05263157894736842,False,True
SYN_731_002345,x731,1,0.05263157894736842,False,True
SYN_731_002346,x731,2,0.10526315789473684,False,True
SYN_731_002347,x731,2,0.10526315789473684,False,True
SYN_731_002348,x731,2,0.10526315789473684,False,True
SYN_731_002349,x731,1,0.05263157894736842,False,True
SYN_731_002350,x731,1,0.05263157894736842,False,True
SYN_731_002351,x731,1,0.05263157894736842,False,True
SYN_731_002352,x731,1,0.05263157894736842,False,True
SYN_731_002353,x731,1,0.05263157894736842,False,True
SYN_731_002354,x731,1,0.05263157894736842,False,True
SYN_731_002355,x731,1,0.05263157894736842,False,True
SYN_731_002356,x731,1,0.05263157894736842,False,True
SYN_731_002357,x731,1,0.05263157894736842,False,True
SYN_731_002358,G731CA,1,0.05263157894736842,False,True
SYN_731_002359,G731ST-LT,0,0.0,True,False
SYN_731_002360,x731,1,0.05263157894736842,False,True
SYN_731_002361,x731,4,0.21052631578947367,False,True
SYN_731_002362,x731,2,0.10526315789473684,False,True
SYN_731_002363,x731,1,0.05263157894736842,False,True
SYN_731_002364,G731ST-HT,1,0.05263157894736842,False,True
SYN_731_002365,x731,2,0.10526315789473684,False,True
SYN_731_002366,x731,2,0.10526315789473684,False,True
SYN_731_002367,x731,1,0.05263157894736842,False,True
SYN_731_002368,x731,2,0.10526315789473684,False,True
SYN_731_002369,x731,1,0.05263157894736842,False,True
SYN_731_002370,G731ST-HT,1,0.05263157894736842,False,True
SYN_731_002371,x731,3,0.15789473684210525,False,True
SYN_731_002372,x731,1,0.05263157894736842,False,True
SYN_731_002373,F731TE,1,0.05263157894736842,False,True
SYN_731_002374,x731,1,0.05263157894736842,False,True
SYN_731_002375,x731,1,0.05263157894736842,False,True
SYN_731_002376,F731WD_SingleChannel,1,0.05263157894736842,False,True
SYN_731_002377,x731,1,0.05263157894736842,False,True
SYN_731_002378,x731,2,0.10526315789473684,False,True
SYN_731_002379,x731,1,0.05263157894736842,False,True
SYN_731_002380,x731,1,0.05263157894736842,False,True
SYN_731_002381,x731,2,0.10526315789473684,False,True
SYN_731_002382,x731,2,0.10526315789473684,False,True
SYN_731_002383,G731ST-HT,1,0.05263157894736842,False,True
SYN_731_002384,x731,2,0.10526315789473684,False,True
SYN_731_002385,x731,3,0.15789473684210525,False,True
SYN_731_002386,x731,1,0.05263157894736842,False,True
SYN_731_002387,G731ST-LT,1,0.05263157894736842,False,True
SYN_731_002388,x731,2,0.10526315789473684,False,True
SYN_731_002389,x731,1,0.05263157894736842,False,True
SYN_731_002390,x731,3,0.15789473684210525,False,True
SYN_731_002391,x731,1,0.05263157894736842,False,True
SYN_731_002392,G731ST-HT,1,0.05263157894736842,False,True
SYN_731_002393,F731PW,1,0.05263157894736842,False,True
SYN_731_002394,x731,2,0.10526315789473684,False,True
SYN_731_002395,x731,1,0.05263157894736842,False,True
SYN_731_002396,x731,1,0.05263157894736842,False,True
SYN_731_002397,x731,1,0.05263157894736842,False,True
SYN_731_002398,G731ST-LT,1,0.05263157894736842,False,True
SYN_731_002399,x731,1,0.05263157894736842,False,True
SYN_731_002400,x731,3,0.15789473684210525,False,True
SYN_731_002401,x731,1,0.05263157894736842,False,True
SYN_731_002402,x731,2,0.10526315789473684,False,True
SYN_731_002403,x731,1,0.05263157894736842,False,True
SYN_731_002404,x731,1,0.05263157894736842,False,True
SYN_731_002405,x731,1,0.05263157894736842,False,True
SYN_731_002406,F731WD_DualChannel,1,0.05263157894736842,False,True
SYN_731_002407,x731,1,0.05263157894736842,False,True
SYN_731_002408,x731,1,0.05263157894736842,False,True
SYN_731_002409,x731,1,0.05263157894736842,False,True
SYN_731_002410,G731ST-LT,1,0.05263157894736842,False,True
SYN_731_002411,x731,1,0.05263157894736842,False,True
SYN_731_002412,x731,1,0.05263157894736842,False,True
SYN_731_002413,x731,2,0.10526315789473684,False,True
SYN_731_002414,x731,1,0.05263157894736842,False,True
SYN_731_002415,x731,3,0.15789473684210525,False,True
SYN_731_002416,x731,1,0.05263157894736842,False,True
SYN_731_002417,G731ST-LT,1,0.05263157894736842,False,True
SYN_731_002418,x731,1,0.05263157894736842,False,True
SYN_731_002419,x731,1,0.05263157894736842,False,True
SYN_731_002420,G731ST-HT,1,0.05263157894736842,False,True
SYN_731_002421,G731ST-LT,1,0.05263157894736842,True,False
SYN_731_002422,G731ST-HT,1,0.05263157894736842,False,True
SYN_731_002423,x731,2,0.10526315789473684,False,True
SYN_731_002424,x731,2,0.10526315789473684,False,True
SYN_731_002425,x731,2,0.10526315789473684,False,True
SYN_731_002426,G731ST-LT,1,0.05263157894736842,False,True
SYN_731_002427,x731,1,0.05263157894736842,False,True
SYN_731_002428,x731,2,0.10526315789473684,False,True
SYN_731_002429,x731,1,0.05263157894736842,False,True
SYN_731_002430,x731,1,0.05263157894736842,False,True
SYN_731_002431,x731,2,0.10526315789473684,False,True
SYN_731_002432,x731,1,0.05263157894736842,False,True
SYN_731_002433,x731,1,0.05263157894736842,False,True
SYN_731_002434,x731,2,0.10526315789473684,False,True
SYN_731_002435,x731,1,0.05263157894736842,False,True
SYN_731_002436,G731ST-HT,1,0.05263157894736842,False,True
SYN_731_002437,x731,1,0.05263157894736842,False,True
SYN_731_002438,x731,1,0.05263157894736842,False,True
SYN_731_002439,x731,1,0.05263157894736842,False,True
SYN_731_002440,x731,1,0.05263157894736842,False,True
SYN_731_002441,x731,1,0.05263157894736842,False,True
SYN_731_002442,x731,1,0.05263157894736842,False,True
SYN_731_002443,x731,1,0.05263157894736842,False,True
SYN_731_002444,G731ST-HT,1,0.05263157894736842,False,True
SYN_731_002445,x731,2,0.10526315789473684,False,True
SYN_731_002446,x731,1,0.05263157894736842,False,True
SYN_731_002447,x731,1,0.05263157894736842,False,True
SYN_731_002448,x731,1,0.05263157894736842,False,True
SYN_731_002449,x731,1,0.05263157894736842,False,True
SYN_731_002450,x731,1,0.05263157894736842,False,True
SYN_731_002451,x731,1,0.05263157894736842,False,True
SYN_731_002452,x731,2,0.10526315789473684,False,True
SYN_731_002453,x731,1,0.05263157894736842,True,False
SYN_731_002454,x731,1,0.05263157894736842,False,True
SYN_731_002455,x731,2,0.10526315789473684,False,True
SYN_731_002456,x731,1,0.05263157894736842,False,True
SYN_731_002457,x731,1,0.05263157894736842,False,True
SYN_731_002458,x731,1,0.05263157894736842,False,True
SYN_731_002459,x731,1,0.05263157894736842,False,True
SYN_731_002460,G731CA,1,0.05263157894736842,True,False
SYN_731_002461,x731,2,0.10526315789473684,False,True
SYN_731_002462,x731,2,0.10526315789473684,False,True
SYN_731_002463,x731,2,0.10526315789473684,False,True
SYN_731_002464,x731,1,0.05263157894736842,False,True
SYN_731_002465,x731,1,0.05263157894736842,False,True
SYN_731_002466,x731,1,0.05263157894736842,False,True
SYN_731_002467,G731ST-HT,1,0.05263157894736842,False,True
SYN_731_002468,x731,1,0.05263157894736842,False,True
SYN_731_002469,G731ST-LT,1,0.05263157894736842,False,True
SYN_731_002470,x731,1,0.05263157894736842,False,True
SYN_731_002471,x731,1,0.05263157894736842,False,True
SYN_731_002472,x731,3,0.15789473684210525,False,True
SYN_731_002473,x731,1,0.05263157894736842,False,True
SYN_731_002474,x731,1,0.05263157894736842,False,True
SYN_731_002475,x731,1,0.05263157894736842,False,True
SYN_731_002476,x731,1,0.05263157894736842,False,True
SYN_731_002477,G731ST-HT,1,0.05263157894736842,False,True
SYN_731_002478,x731,3,0.15789473684210525,False,True
SYN_731_002479,x731,1,0.05263157894736842,False,True
SYN_731_002480,x731,1,0.05263157894736842,False,True
SYN_731_002481,F731PW,1,0.05263157894736842,False,True
SYN_731_002482,x731,2,0.10526315789473684,False,True
SYN_731_002483,x731,1,0.05263157894736842,False,True
SYN_731_002484,G731ST-HT,1,0.05263157894736842,False,True
SYN_731_002485,x731,2,0.10526315789473684,False,True
SYN_731_002486,x731,2,0.10526315789473684,False,True
SYN_731_002487,x731,1,0.05263157894736842,False,True
SYN_731_002488,x731,2,0.10526315789473684,False,True
SYN_731_002489,x731,1,0.05263157894736842,False,True
SYN_731_002490,x731,1,0.05263157894736842,False,True
SYN_731_002491,G731CA,1,0.05263157894736842,False,True
SYN_731_002492,x731,1,0.05263157894736842,False,True
SYN_731_002493,x731,2,0.10526315789473684,False,True
SYN_731_002494,x731,1,0.05263157894736842,False,True
SYN_731_002495,x731,1,0.05263157894736842,False,True
SYN_731_002496,x731,1,0.05263157894736842,False,True
SYN_731_002497,G731ST-HT,1,0.05263157894736842,False,True
SYN_731_002498,G731ST-LT,1,0.05263157894736842,False,True
SYN_731_002499,x731,1,0.05263157894736842,False,True
SYN_731_002500,x731,1,0.05263157894736842,False,True
SYN_731_002501,G731ST-HT,1,0.05263157894736842,False,True
SYN_731_002502,x731,2,0.10526315789473684,False,True
SYN_731_002503,x731,1,0.05263157894736842,False,True
SYN_731_002504,G731ST-HT,1,0.05263157894736842,False,True
SYN_731_002505,x731,1,0.05263157894736842,False,True
SYN_731_002506,x731,1,0.05263157894736842,False,True
SYN_731_002507,G731ST-LT,0,0.0,True,False
SYN_731_002508,x731,1,0.05263157894736842,False,True
SYN_731_002509,x731,3,0.15789473684210525,False,True
SYN_731_002510,x731,1,0.05263157894736842,False,True
SYN_731_002511,G731ST-LT,1,0.05263157894736842,True,False
SYN_731_002512,x731,1,0.05263157894736842,False,True
SYN_731_002513,x731,2,0.10526315789473684,False,True
SYN_731_002514,x731,1,0.05263157894736842,False,True
SYN_731_002515,x731,1,0.05263157894736842,False,True
SYN_731_002516,x731,1,0.05263157894736842,False,True
SYN_731_002517,x731,1,0.05263157894736842,False,True
SYN_731_002518,x731,1,0.05263157894736842,False,True
SYN_731_002519,x731,2,0.10526315789473684,False,True
SYN_731_002520,x731,2,0.10526315789473684,False,True
SYN_731_002521,x731,1,0.05263157894736842,False,True
SYN_731_002522,x731,1,0.05263157894736842,False,True
SYN_731_002523,x731,1,0.05263157894736842,False,True
SYN_731_002524,x731,1,0.05263157894736842,False,True
SYN_731_002525,x731,1,0.05263157894736842,False,True
SYN_731_002526,x731,1,0.05263157894736842,False,True
SYN_731_002527,x731,1,0.05263157894736842,False,True
SYN_731_002528,x731,3,0.15789473684210525,False,True
SYN_731_002529,x731,1,0.05263157894736842,False,True
SYN_731_002530,x731,1,0.05263157894736842,False,True
SYN_731_002531,x731,2,0.10526315789473684,False,True
SYN_731_002532,x731,1,0.05263157894736842,False,True
SYN_731_002533,x731,1,0.05263157894736842,False,True
SYN_731_002534,x731,2,0.10526315789473684,False,True
SYN_731_002535,x731,3,0.15789473684210525,False,True
SYN_731_002536,x731,2,0.10526315789473684,False,True
SYN_731_002537,x731,1,0.05263157894736842,False,True
SYN_731_002538,x731,2,0.10526315789473684,False,True
SYN_731_002539,x731,1,0.05263157894736842,False,True
SYN_731_002540,x731,1,0.05263157894736842,False,True
SYN_731_002541,x731,1,0.05263157894736842,False,True
SYN_731_002542,G731ST-LT,1,0.05263157894736842,False,True
SYN_731_002543,G731ST-LT,0,0.0,True,False
SYN_731_002544,x731,2,0.10526315789473684,False,True
SYN_731_002545,G731ST-HT,1,0.05263157894736842,False,True
SYN_731_002546,x731,1,0.05263157894736842,False,True
SYN_731_002547,x731,1,0.05263157894736842,False,True
SYN_731_002548,x731,1,0.05263157894736842,False,True
SYN_731_002549,G731ST-LT,1,0.05263157894736842,False,True
SYN_731_002550,x731,1,0.05263157894736842,False,True
SYN_731_002551,G731CA,1,0.05263157894736842,False,True
SYN_731_002552,x731,2,0.10526315789473684,False,True
SYN_731_002553,x731,1,0.05263157894736842,False,True
SYN_731_002554,x731,1,0.05263157894736842,False,True
SYN_731_002555,x731,2,0.10526315789473684,False,True
SYN_731_002556,x731,1,0.05263157894736842,False,True
SYN_731_002557,G731ST-HT,1,0.05263157894736842,False,True
SYN_731_002558,x731,2,0.10526315789473684,False,True
SYN_731_002559,G731ST-HT,1,0.05263157894736842,False,True
SYN_731_002560,x731,1,0.05263157894736842,False,True
SYN_731_002561,x731,1,0.05263157894736842,False,True
SYN_731_002562,x731,1,0.05263157894736842,False,True
SYN_731_002563,G731ST-LT,1,0.05263157894736842,False,True
SYN_731_002564,x731,1,0.05263157894736842,False,True
SYN_731_002565,x731,1,0.05263157894736842,False,True
SYN_731_002566,x731,1,0.05263157894736842,False,True
SYN_731_002567,x731,2,0.10526315789473684,False,True
SYN_731_002568,x731,1,0.05263157894736842,False,True
SYN_731_002569,G731ST-HT,1,0.05263157894736842,False,True
SYN_731_002570,x731,1,0.05263157894736842,False,True
SYN_731_002571,G731ST-HT,1,0.05263157894736842,True,False
SYN_731_002572,x731,1,0.05263157894736842,False,True
SYN_731_002573,G731ST-LT,1,0.05263157894736842,False,True
SYN_731_002574,x731,1,0.05263157894736842,False,True
SYN_731_002575,F731WD_SingleChannel,1,0.05263157894736842,False,True
SYN_731_002576,x731,1,0.05263157894736842,False,True
SYN_731_002577,x731,1,0.05263157894736842,False,True
SYN_731_002578,x731,1,0.05263157894736842,False,True
SYN_731_002579,F731WD_DualChannel,1,0.05263157894736842,False,True
SYN_731_002580,x731,1,0.05263157894736842,False,True
SYN_731_002581,x731,2,0.10526315789473684,False,True
SYN_731_002582,x731,1,0.05263157894736842,False,True
SYN_731_002583,x731,1,0.05263157894736842,False,True
SYN_731_002584,x731,1,0.05263157894736842,False,True
SYN_731_002585,x731,1,0.05263157894736842,False,True
SYN_731_002586,x731,2,0.10526315789473684,False,True
SYN_731_002587,x731,1,0.05263157894736842,False,True
SYN_731_002588,x731,1,0.05263157894736842,False,True
SYN_731_002589,x731,2,0.10526315789473684,False,True
SYN_731_002590,x731,1,0.05263157894736842,False,True
SYN_731_002591,x731,1,0.05263157894736842,False,True
SYN_731_002592,x731,2,0.10526315789473684,False,True
SYN_731_002593,x731,1,0.05263157894736842,False,True
SYN_731_002594,x731,1,0.05263157894736842,False,True
SYN_731_002595,x731,1,0.05263157894736842,False,True
SYN_731_002596,x731,1,0.05263157894736842,False,True
SYN_731_002597,x731,1,0.05263157894736842,False,True
SYN_731_002598,G731ST-LT,1,0.05263157894736842,False,True
SYN_731_002599,x731,1,0.05263157894736842,False,True
SYN_731_002600,x731,2,0.10526315789473684,False,True
SYN_731_002601,x731,2,0.10526315789473684,False,True
SYN_731_002602,x731,3,0.15789473684210525,False,True
SYN_731_002603,x731,2,0.10526315789473684,False,True
SYN_731_002604,x731,1,0.05263157894736842,False,True
SYN_731_002605,x731,2,0.10526315789473684,False,True
SYN_731_002606,G731ST-LT,1,0.05263157894736842,False,True
SYN_731_002607,x731,1,0.05263157894736842,False,True
SYN_731_002608,x731,1,0.05263157894736842,False,True
SYN_731_002609,x731,1,0.05263157894736842,False,True
SYN_731_002610,x731,1,0.05263157894736842,False,True
SYN_731_002611,G731ST-HT,1,0.05263157894736842,False,True
SYN_731_002612,x731,1,0.05263157894736842,False,True
SYN_731_002613,x731,1,0.05263157894736842,False,True
SYN_731_002614,x731,2,0.10526315789473684,False,True
SYN_731_002615,x731,2,0.10526315789473684,False,True
SYN_731_002616,G731ST-HT,1,0.05263157894736842,False,True
SYN_731_002617,x731,1,0.05263157894736842,False,True
SYN_731_002618,x731,1,0.05263157894736842,False,True
SYN_731_002619,x731,1,0.05263157894736842,False,True
SYN_731_002620,x731,1,0.05263157894736842,False,True
SYN_731_002621,x731,1,0.05263157894736842,False,True
SYN_731_002622,G731ST-LT,1,0.05263157894736842,False,True
SYN_731_002623,x731,1,0.05263157894736842,False,True
SYN_731_002624,x731,3,0.15789473684210525,False,True
SYN_731_002625,x731,1,0.05263157894736842,False,True
SYN_731_002626,x731,1,0.05263157894736842,False,True
SYN_731_002627,x731,1,0.05263157894736842,False,True
SYN_731_002628,x731,1,0.05263157894736842,False,True
SYN_731_002629,x731,2,0.10526315789473684,False,True
SYN_731_002630,x731,1,0.05263157894736842,False,True
SYN_731_002631,G731ST-LT,1,0.05263157894736842,False,True
SYN_731_002632,x731,1,0.05263157894736842,False,True
SYN_731_002633,x731,1,0.05263157894736842,False,True
SYN_731_002634,x731,1,0.05263157894736842,False,True
SYN_731_002635,x731,1,0.05263157894736842,False,True
SYN_731_002636,x731,3,0.15789473684210525,False,True
SYN_731_002637,G731ST-LT,1,0.05263157894736842,False,True
SYN_731_002638,x731,1,0.05263157894736842,False,True
SYN_731_002639,x731,1,0.05263157894736842,False,True
SYN_731_002640,x731,3,0.15789473684210525,False,True
SYN_731_002641,x731,2,0.10526315789473684,False,True
SYN_731_002642,x731,1,0.05263157894736842,False,True
SYN_731_002643,x731,2,0.10526315789473684,False,True
SYN_731_002644,G731ST-LT,1,0.05263157894736842,True,False
SYN_731_002645,x731,2,0.10526315789473684,False,True
SYN_731_002646,x731,2,0.10526315789473684,False,True
SYN_731_002647,x731,2,0.10526315789473684,False,True
SYN_731_002648,x731,2,0.10526315789473684,False,True
SYN_731_002649,x731,1,0.05263157894736842,False,True
SYN_731_002650,x731,2,0.10526315789473684,False,True
SYN_731_002651,G731ST-LT,1,0.05263157894736842,False,True
SYN_731_002652,x731,1,0.05263157894736842,False,True
SYN_731_002653,x731,1,0.05263157894736842,False,True
SYN_731_002654,G731ST-LT,1,0.05263157894736842,False,True
SYN_731_002655,x731,1,0.05263157894736842,False,True
SYN_731_002656,x731,2,0.10526315789473684,False,True
SYN_731_002657,G731ST-HT,1,0.05263157894736842,False,True
SYN_731_002658,x731,1,0.05263157894736842,False,True
SYN_731_002659,x731,3,0.15789473684210525,False,True
SYN_731_002660,x731,2,0.10526315789473684,False,True
SYN_731_002661,G731ST-LT,1,0.05263157894736842,False,True
SYN_731_002662,x731,1,0.05263157894736842,False,True
SYN_731_002663,x731,1,0.05263157894736842,False,True
SYN_731_002664,x731,1,0.05263157894736842,False,True
SYN_731_002665,G731ST-HT,1,0.05263157894736842,False,True
SYN_731_002666,x731,2,0.10526315789473684,False,True
SYN_731_002667,x731,2,0.10526315789473684,False,True
SYN_731_002668,x731,1,0.05263157894736842,False,True
SYN_731_002669,x731,1,0.05263157894736842,False,True
SYN_731_002670,F731PW,1,0.05263157894736842,True,False
SYN_731_002671,x731,2,0.10526315789473684,False,True
SYN_731_002672,x731,1,0.05263157894736842,False,True
SYN_731_002673,x731,1,0.05263157894736842,False,True
SYN_731_002674,x731,1,0.05263157894736842,False,True
SYN_731_002675,x731,4,0.21052631578947367,False,True
SYN_731_002676,x731,1,0.05263157894736842,False,True
SYN_731_002677,G731ST-HT,1,0.05263157894736842,False,True
SYN_731_002678,x731,1,0.05263157894736842,False,True
SYN_731_002679,x731,1,0.05263157894736842,False,True
SYN_731_002680,x731,1,0.05263157894736842,False,True
SYN_731_002681,x731,1,0.05263157894736842,False,True
SYN_731_002682,G731ST-LT,1,0.05263157894736842,False,True
SYN_731_002683,x731,1,0.05263157894736842,False,True
SYN_731_002684,x731,1,0.05263157894736842,False,True
SYN_731_002685,G731ST-HT,1,0.05263157894736842,False,True
SYN_731_002686,x731,1,0.05263157894736842,False,True
SYN_731_002687,x731,1,0.05263157894736842,False,True
SYN_731_002688,x731,1,0.05263157894736842,False,True
SYN_731_002689,x731,1,0.05263157894736842,False,True
SYN_731_002690,x731,1,0.05263157894736842,False,True
SYN_731_002691,x731,1,0.05263157894736842,False,True
SYN_731_002692,x731,1,0.05263157894736842,False,True
SYN_731_002693,x731,1,0.05263157894736842,False,True
SYN_731_002694,x731,1,0.05263157894736842,False,True
SYN_731_002695,x731,2,0.10526315789473684,False,True
SYN_731_002696,x731,1,0.05263157894736842,False,True
SYN_731_002697,x731,2,0.10526315789473684,False,True
SYN_731_002698,x731,2,0.10526315789473684,False,True
SYN_731_002699,x731,2,0.10526315789473684,False,True
SYN_731_002700,x731,2,0.10526315789473684,False,True
SYN_731_002701,x731,1,0.05263157894736842,False,True
SYN_731_002702,G731ST-HT,1,0.05263157894736842,False,True
SYN_731_002703,G731ST-HT,1,0.05263157894736842,False,True
SYN_731_002704,x731,1,0.05263157894736842,True,False
SYN_731_002705,x731,1,0.05263157894736842,False,True
SYN_731_002706,G731ST-LT,1,0.05263157894736842,False,True
SYN_731_002707,G731ST-LT,1,0.05263157894736842,False,True
SYN_731_002708,G731ST-HT,1,0.05263157894736842,False,True
SYN_731_002709,x731,3,0.15789473684210525,False,True
SYN_731_002710,G731ST-LT,1,0.05263157894736842,False,True
SYN_731_002711,x731,2,0.10526315789473684,False,True
SYN_731_002712,x731,2,0.10526315789473684,False,True
SYN_731_002713,x731,1,0.05263157894736842,False,True
SYN_731_002714,x731,1,0.05263157894736842,False,True
SYN_731_002715,G731ST-LT,1,0.05263157894736842,True,False
SYN_731_002716,x731,1,0.05263157894736842,False,True
SYN_731_002717,x731,3,0.15789473684210525,False,True
SYN_731_002718,x731,1,0.05263157894736842,False,True
SYN_731_002719,x731,1,0.05263157894736842,False,True
SYN_731_002720,x731,1,0.05263157894736842,False,True
SYN_731_002721,F731PW,0,0.0,True,False
SYN_731_002722,x731,1,0.05263157894736842,False,True
SYN_731_002723,x731,1,0.05263157894736842,False,True
SYN_731_002724,x731,1,0.05263157894736842,False,True
SYN_731_002725,x731,2,0.10526315789473684,False,True
SYN_731_002726,G731ST-HT,1,0.05263157894736842,False,True
SYN_731_002727,x731,1,0.05263157894736842,False,True
SYN_731_002728,x731,2,0.10526315789473684,False,True
SYN_731_002729,x731,1,0.05263157894736842,False,True
SYN_731_002730,G731ST-LT,1,0.05263157894736842,False,True
SYN_731_002731,x731,1,0.05263157894736842,False,True
SYN_731_002732,x731,1,0.05263157894736842,False,True
SYN_731_002733,x731,2,0.10526315789473684,False,True
SYN_731_002734,x731,1,0.05263157894736842,False,True
SYN_731_002735,x731,2,0.10526315789473684,False,True
SYN_731_002736,x731,1,0.05263157894736842,False,True
SYN_731_002737,x731,2,0.10526315789473684,False,True
SYN_731_002738,x731,1,0.05263157894736842,False,True
SYN_731_002739,x731,1,0.05263157894736842,False,True
SYN_731_002740,x731,1,0.05263157894736842,False,True
SYN_731_002741,x731,1,0.05263157894736842,False,True
SYN_731_002742,F731WD_DualChannel,1,0.05263157894736842,False,True
SYN_731_002743,x731,1,0.05263157894736842,False,True
SYN_731_002744,G731ST-HT,1,0.05263157894736842,True,False
SYN_731_002745,F731WD_DualChannel,1,0.05263157894736842,False,True
SYN_731_002746,x731,1,0.05263157894736842,False,True
SYN_731_002747,x731,2,0.10526315789473684,False,True
SYN_731_002748,x731,1,0.05263157894736842,False,True
SYN_731_002749,x731,1,0.05263157894736842,False,True
SYN_731_002750,x731,1,0.05263157894736842,False,True
SYN_731_002751,x731,1,0.05263157894736842,False,True
SYN_731_002752,x731,3,0.15789473684210525,False,True
SYN_731_002753,G731ST-LT,1,0.05263157894736842,False,True
SYN_731_002754,x731,1,0.05263157894736842,False,True
SYN_731_002755,x731,2,0.10526315789473684,False,True
SYN_731_002756,x731,1,0.05263157894736842,False,True
SYN_731_002757,G731ST-HT,1,0.05263157894736842,False,True
SYN_731_002758,x731,2,0.10526315789473684,False,True
SYN_731_002759,x731,1,0.05263157894736842,False,True
SYN_731_002760,x731,2,0.10526315789473684,False,True
SYN_731_002761,x731,1,0.05263157894736842,False,True
SYN_731_002762,G731ST-LT,1,0.05263157894736842,True,False
SYN_731_002763,x731,1,0.05263157894736842,False,True
SYN_731_002764,x731,1,0.05263157894736842,False,True
SYN_731_002765,x731,1,0.05263157894736842,False,True
SYN_731_002766,G731ST-LT,1,0.05263157894736842,True,False
SYN_731_002767,x731,1,0.05263157894736842,False,True
SYN_731_002768,x731,1,0.05263157894736842,False,True
SYN_731_002769,G731ST-LT,1,0.05263157894736842,False,True
SYN_731_002770,x731,2,0.10526315789473684,False,True
SYN_731_002771,x731,2,0.10526315789473684,False,True
SYN_731_002772,x731,1,0.05263157894736842,False,True
SYN_731_002773,x731,1,0.05263157894736842,False,True
SYN_731_002774,x731,2,0.10526315789473684,False,True
SYN_731_002775,x731,1,0.05263157894736842,False,True
SYN_731_002776,x731,1,0.05263157894736842,False,True
SYN_731_002777,x731,1,0.05263157894736842,False,True
SYN_731_002778,x731,3,0.15789473684210525,False,True
SYN_731_002779,G731ST-LT,1,0.05263157894736842,False,True
SYN_731_002780,x731,1,0.05263157894736842,False,True
SYN_731_002781,x731,1,0.05263157894736842,False,True
SYN_731_002782,G731ST-HT,1,0.05263157894736842,False,True
SYN_731_002783,x731,1,0.05263157894736842,False,True
SYN_731_002784,x731,2,0.10526315789473684,False,True
SYN_731_002785,F731TE,1,0.05263157894736842,False,True
SYN_731_002786,x731,1,0.05263157894736842,False,True
SYN_731_002787,x731,2,0.10526315789473684,False,True
SYN_731_002788,x731,1,0.05263157894736842,False,True
SYN_731_002789,x731,1,0.05263157894736842,False,True
SYN_731_002790,G731ST-HT,1,0.05263157894736842,True,False
SYN_731_002791,x731,1,0.05263157894736842,False,True
SYN_731_002792,x731,1,0.05263157894736842,False,True
SYN_731_002793,x731,1,0.05263157894736842,False,True
SYN_731_002794,x731,1,0.05263157894736842,False,True
SYN_731_002795,x731,1,0.05263157894736842,False,True
SYN_731_002796,x731,2,0.10526315789473684,False,True
SYN_731_002797,G731ST-LT,1,0.05263157894736842,False,True
SYN_731_002798,x731,1,0.05263157894736842,False,True
SYN_731_002799,x731,2,0.10526315789473684,False,True
SYN_731_002800,G731ST-LT,1,0.05263157894736842,False,True
SYN_731_002801,x731,1,0.05263157894736842,False,True
SYN_731_002802,x731,1,0.05263157894736842,False,True
SYN_731_002803,x731,1,0.05263157894736842,False,True
SYN_731_002804,x731,1,0.05263157894736842,False,True
SYN_731_002805,x731,1,0.05263157894736842,False,True
SYN_731_002806,x731,1,0.05263157894736842,False,True
SYN_731_002807,x731,1,0.05263157894736842,False,True
SYN_731_002808,G731ST-HT,1,0.05263157894736842,False,True
SYN_731_002809,x731,2,0.10526315789473684,False,True
SYN_731_002810,x731,2,0.10526315789473684,False,True
SYN_731_002811,x731,2,0.10526315789473684,False,True
SYN_731_002812,x731,1,0.05263157894736842,False,True
SYN_731_002813,x731,1,0.05263157894736842,False,True
SYN_731_002814,x731,1,0.05263157894736842,False,True
SYN_731_002815,x731,2,0.10526315789473684,False,True
SYN_731_002816,x731,1,0.05263157894736842,False,True
SYN_731_002817,x731,1,0.05263157894736842,False,True
SYN_731_002818,x731,1,0.05263157894736842,False,True
SYN_731_002819,x731,1,0.05263157894736842,False,True
SYN_731_002820,x731,2,0.10526315789473684,False,True
SYN_731_002821,G731ST-LT,1,0.05263157894736842,False,True
SYN_731_002822,x731,1,0.05263157894736842,False,True
SYN_731_002823,G731ST-LT,1,0.05263157894736842,False,True
SYN_731_002824,x731,2,0.10526315789473684,False,True
SYN_731_002825,x731,1,0.05263157894736842,False,True
SYN_731_002826,x731,1,0.05263157894736842,False,True
SYN_731_002827,x731,1,0.05263157894736842,False,True
SYN_731_002828,F731TE,1,0.05263157894736842,False,True
SYN_731_002829,x731,2,0.10526315789473684,False,True
SYN_731_002830,G731CA,1,0.05263157894736842,False,True
SYN_731_002831,x731,1,0.05263157894736842,False,True
SYN_731_002832,x731,1,0.05263157894736842,False,True
SYN_731_002833,x731,2,0.10526315789473684,False,True
SYN_731_002834,x731,1,0.05263157894736842,False,True
SYN_731_002835,F731WD_DualChannel,1,0.05263157894736842,False,True
SYN_731_002836,x731,2,0.10526315789473684,False,True
SYN_731_002837,x731,1,0.05263157894736842,False,True
SYN_731_002838,x731,1,0.05263157894736842,False,True
SYN_731_002839,x731,1,0.05263157894736842,False,True
SYN_731_002840,x731,2,0.10526315789473684,False,True
SYN_731_002841,G731ST-LT,1,0.05263157894736842,False,True
SYN_731_002842,x731,1,0.05263157894736842,False,True
SYN_731_002843,x731,2,0.10526315789473684,False,True
SYN_731_002844,x731,1,0.05263157894736842,False,True
SYN_731_002845,x731,2,0.10526315789473684,False,True
SYN_731_002846,x731,2,0.10526315789473684,False,True
SYN_731_002847,x731,1,0.05263157894736842,False,True
SYN_731_002848,x731,1,0.05263157894736842,False,True
SYN_731_002849,x731,1,0.05263157894736842,False,True
SYN_731_002850,x731,1,0.05263157894736842,False,True
SYN_731_002851,x731,1,0.05263157894736842,False,True
SYN_731_002852,x731,1,0.05263157894736842,False,True
SYN_731_002853,x731,2,0.10526315789473684,False,True
SYN_731_002854,x731,1,0.05263157894736842,False,True
SYN_731_002855,x731,1,0.05263157894736842,False,True
SYN_731_002856,x731,1,0.05263157894736842,False,True
SYN_731_002857,x731,3,0.15789473684210525,False,True
SYN_731_002858,x731,1,0.05263157894736842,False,True
SYN_731_002859,x731,1,0.05263157894736842,False,True
SYN_731_002860,x731,2,0.10526315789473684,False,True
SYN_731_002861,x731,3,0.15789473684210525,False,True
SYN_731_002862,x731,1,0.05263157894736842,True,False
SYN_731_002863,x731,3,0.15789473684210525,False,True
SYN_731_002864,x731,1,0.05263157894736842,False,True
SYN_731_002865,x731,2,0.10526315789473684,False,True
SYN_731_002866,x731,1,0.05263157894736842,False,True
SYN_731_002867,x731,1,0.05263157894736842,False,True
SYN_731_002868,x731,1,0.05263157894736842,True,False
SYN_731_002869,x731,1,0.05263157894736842,False,True
SYN_731_002870,G731ST-HT,1,0.05263157894736842,False,True
SYN_731_002871,x731,2,0.10526315789473684,False,True
SYN_731_002872,x731,2,0.10526315789473684,False,True
SYN_731_002873,x731,2,0.10526315789473684,False,True
SYN_731_002874,G731ST-LT,1,0.05263157894736842,False,True
SYN_731_002875,x731,1,0.05263157894736842,False,True
SYN_731_002876,x731,1,0.05263157894736842,True,False
SYN_731_002877,x731,1,0.05263157894736842,False,True
SYN_731_002878,x731,1,0.05263157894736842,False,True
SYN_731_002879,x731,1,0.05263157894736842,True,False
SYN_731_002880,x731,2,0.10526315789473684,False,True
SYN_731_002881,G731CA,1,0.05263157894736842,False,True
SYN_731_002882,x731,0,0.0,True,False
SYN_731_002883,G731ST-HT,1,0.05263157894736842,True,False
SYN_731_002884,x731,2,0.10526315789473684,False,True
SYN_731_002885,x731,1,0.05263157894736842,False,True
SYN_731_002886,x731,1,0.05263157894736842,False,True
SYN_731_002887,x731,2,0.10526315789473684,False,True
SYN_731_002888,x731,1,0.05263157894736842,False,True
SYN_731_002889,x731,1,0.05263157894736842,False,True
SYN_731_002890,x731,2,0.10526315789473684,False,True
SYN_731_002891,G731ST-HT,1,0.05263157894736842,True,False
SYN_731_002892,G731ST-HT,1,0.05263157894736842,False,True
SYN_731_002893,x731,2,0.10526315789473684,False,True
SYN_731_002894,x731,2,0.10526315789473684,False,True
SYN_731_002895,G731ST-LT,1,0.05263157894736842,False,True
SYN_731_002896,x731,1,0.05263157894736842,False,True
SYN_731_002897,G731ST-LT,1,0.05263157894736842,False,True
SYN_731_002898,G731ST-LT,0,0.0,True,False
SYN_731_002899,x731,1,0.05263157894736842,False,True
SYN_731_002900,x731,1,0.05263157894736842,False,True
SYN_731_002901,x731,1,0.05263157894736842,False,True
SYN_731_002902,x731,2,0.10526315789473684,False,True
SYN_731_002903,x731,1,0.05263157894736842,False,True
SYN_731_002904,x731,1,0.05263157894736842,False,True
SYN_731_002905,x731,1,0.05263157894736842,False,True
SYN_731_002906,G731ST-LT,1,0.05263157894736842,False,True
SYN_731_002907,x731,2,0.10526315789473684,False,True
SYN_731_002908,x731,1,0.05263157894736842,False,True
SYN_731_002909,x731,1,0.05263157894736842,False,True
SYN_731_002910,x731,3,0.15789473684210525,False,True
SYN_731_002911,x731,2,0.10526315789473684,False,True
SYN_731_002912,x731,1,0.05263157894736842,False,True
SYN_731_002913,x731,1,0.05263157894736842,False,True
SYN_731_002914,x731,1,0.05263157894736842,False,True
SYN_731_002915,x731,1,0.05263157894736842,False,True
SYN_731_002916,x731,1,0.05263157894736842,False,True
SYN_731_002917,x731,1,0.05263157894736842,False,True
SYN_731_002918,x731,1,0.05263157894736842,False,True
SYN_731_002919,x731,1,0.05263157894736842,False,True
SYN_731_002920,x731,2,0.10526315789473684,False,True
SYN_731_002921,x731,1,0.05263157894736842,False,True
SYN_731_002922,x731,1,0.05263157894736842,False,True
SYN_731_002923,x731,1,0.05263157894736842,False,True
SYN_731_002924,x731,1,0.05263157894736842,False,True
SYN_731_002925,x731,1,0.05263157894736842,False,True
SYN_731_002926,x731,1,0.05263157894736842,False,True
SYN_731_002927,x731,1,0.05263157894736842,False,True
SYN_731_002928,x731,1,0.05263157894736842,False,True
SYN_731_002929,x731,1,0.05263157894736842,False,True
SYN_731_002930,x731,1,0.05263157894736842,False,True
SYN_731_002931,x731,1,0.05263157894736842,False,True
SYN_731_002932,x731,1,0.05263157894736842,False,True
SYN_731_002933,x731,2,0.10526315789473684,False,True
SYN_731_002934,x731,1,0.05263157894736842,False,True
SYN_731_002935,x731,1,0.05263157894736842,False,True
SYN_731_002936,x731,1,0.05263157894736842,False,True
SYN_731_002937,x731,2,0.10526315789473684,False,True
SYN_731_002938,x731,1,0.05263157894736842,False,True
SYN_731_002939,x731,1,0.05263157894736842,False,True
SYN_731_002940,G731ST-LT,1,0.05263157894736842,False,True
SYN_731_002941,x731,2,0.10526315789473684,False,True
SYN_731_002942,F731TE,1,0.05263157894736842,False,True
SYN_731_002943,G731ST-HT,1,0.05263157894736842,False,True
SYN_731_002944,x731,2,0.10526315789473684,False,True
SYN_731_002945,G731ST-HT,1,0.05263157894736842,False,True
SYN_731_002946,x731,2,0.10526315789473684,False,True
SYN_731_002947,G731ST-LT,1,0.05263157894736842,False,True
SYN_731_002948,x731,1,0.05263157894736842,False,True
SYN_731_002949,x731,1,0.05263157894736842,False,True
SYN_731_002950,G731ST-LT,1,0.05263157894736842,False,True
SYN_731_002951,x731,1,0.05263157894736842,False,True
SYN_731_002952,x731,1,0.05263157894736842,False,True
SYN_731_002953,G731ST-HT,1,0.05263157894736842,False,True
SYN_731_002954,x731,1,0.05263157894736842,False,True
SYN_731_002955,x731,2,0.10526315789473684,False,True
SYN_731_002956,F731TE,1,0.05263157894736842,False,True
SYN_731_002957,x731,1,0.05263157894736842,False,True
SYN_731_002958,F731PW,1,0.05263157894736842,False,True
SYN_731_002959,x731,1,0.05263157894736842,False,True
SYN_731_002960,x731,1,0.05263157894736842,False,True
SYN_731_002961,G731ST-LT,1,0.05263157894736842,False,True
SYN_731_002962,x731,1,0.05263157894736842,False,True
SYN_731_002963,x731,1,0.05263157894736842,False,True
SYN_731_002964,x731,1,0.05263157894736842,False,True
SYN_731_002965,G731ST-HT,1,0.05263157894736842,True,False
SYN_731_002966,x731,2,0.10526315789473684,False,True
SYN_731_002967,G731ST-LT,1,0.05263157894736842,False,True
SYN_731_002968,G731ST-HT,1,0.05263157894736842,False,True
SYN_731_002969,G731ST-LT,1,0.05263157894736842,False,True
SYN_731_002970,G731ST-LT,1,0.05263157894736842,False,True
SYN_731_002971,x731,1,0.05263157894736842,False,True
SYN_731_002972,x731,1,0.05263157894736842,False,True
SYN_731_002973,x731,2,0.10526315789473684,False,True
SYN_731_002974,x731,1,0.05263157894736842,False,True
SYN_731_002975,x731,1,0.05263157894736842,False,True
SYN_731_002976,x731,1,0.05263157894736842,False,True
SYN_731_002977,x731,2,0.10526315789473684,False,True
SYN_731_002978,G731CA,1,0.05263157894736842,False,True
SYN_731_002979,x731,1,0.05263157894736842,False,True
SYN_731_002980,x731,1,0.05263157894736842,False,True
SYN_731_002981,x731,1,0.05263157894736842,False,True
SYN_731_002982,x731,1,0.05263157894736842,False,True
SYN_731_002983,x731,1,0.05263157894736842,False,True
SYN_731_002984,G731ST-HT,1,0.05263157894736842,False,True
SYN_731_002985,x731,1,0.05263157894736842,False,True
SYN_731_002986,G731ST-LT,1,0.05263157894736842,False,True
SYN_731_002987,x731,1,0.05263157894736842,False,True
SYN_731_002988,x731,1,0.05263157894736842,False,True
SYN_731_002989,x731,1,0.05263157894736842,False,True
SYN_731_002990,x731,1,0.05263157894736842,False,True
SYN_731_002991,x731,1,0.05263157894736842,False,True
SYN_731_002992,x731,1,0.05263157894736842,False,True
SYN_731_002993,x731,2,0.10526315789473684,False,True
SYN_731_002994,x731,1,0.05263157894736842,False,True
SYN_731_002995,G731ST-LT,1,0.05263157894736842,False,True
SYN_731_002996,x731,1,0.05263157894736842,False,True
SYN_731_002997,x731,1,0.05263157894736842,False,True
SYN_731_002998,x731,1,0.05263157894736842,False,True
SYN_731_002999,x731,1,0.05263157894736842,False,True
SYN_731_003000,x731,1,0.05263157894736842,False,True
SYN_731_003001,x731,1,0.05263157894736842,False,True
SYN_731_003002,x731,2,0.10526315789473684,False,True
SYN_731_003003,x731,1,0.05263157894736842,False,True
SYN_731_003004,G731ST-HT,1,0.05263157894736842,False,True
SYN_731_003005,x731,1,0.05263157894736842,False,True
SYN_731_003006,x731,3,0.15789473684210525,False,True
SYN_731_003007,x731,1,0.05263157894736842,False,True
SYN_731_003008,x731,1,0.05263157894736842,False,True
SYN_731_003009,x731,2,0.10526315789473684,False,True
SYN_731_003010,x731,1,0.05263157894736842,False,True
SYN_731_003011,G731ST-HT,1,0.05263157894736842,False,True
SYN_731_003012,x731,2,0.10526315789473684,False,True
SYN_731_003013,x731,1,0.05263157894736842,False,True
SYN_731_003014,x731,2,0.10526315789473684,False,True
SYN_731_003015,x731,2,0.10526315789473684,False,True
SYN_731_003016,x731,1,0.05263157894736842,False,True
SYN_731_003017,x731,2,0.10526315789473684,False,True
SYN_731_003018,x731,1,0.05263157894736842,False,True
SYN_731_003019,x731,2,0.10526315789473684,False,True
SYN_731_003020,x731,1,0.05263157894736842,False,True
SYN_731_003021,x731,1,0.05263157894736842,True,False
SYN_731_003022,x731,1,0.05263157894736842,False,True
SYN_731_003023,G731ST-HT,1,0.05263157894736842,False,True
SYN_731_003024,x731,1,0.05263157894736842,False,True
SYN_731_003025,x731,1,0.05263157894736842,False,True
SYN_731_003026,x731,1,0.05263157894736842,False,True
SYN_731_003027,x731,1,0.05263157894736842,False,True
SYN_731_003028,x731,1,0.05263157894736842,False,True
SYN_731_003029,x731,2,0.10526315789473684,False,True
SYN_731_003030,x731,1,0.05263157894736842,False,True
SYN_731_003031,x731,1,0.05263157894736842,False,True
SYN_731_003032,x731,1,0.05263157894736842,False,True
SYN_731_003033,x731,1,0.05263157894736842,False,True
SYN_731_003034,x731,2,0.10526315789473684,False,True
SYN_731_003035,G731CA,1,0.05263157894736842,False,True
SYN_731_003036,x731,2,0.10526315789473684,False,True
SYN_731_003037,x731,1,0.05263157894736842,False,True
SYN_731_003038,x731,1,0.05263157894736842,False,True
SYN_731_003039,x731,1,0.05263157894736842,False,True
SYN_731_003040,x731,1,0.05263157894736842,False,True
SYN_731_003041,F731TE,1,0.05263157894736842,False,True
SYN_731_003042,x731,1,0.05263157894736842,False,True
SYN_731_003043,x731,1,0.05263157894736842,False,True
SYN_731_003044,x731,2,0.10526315789473684,False,True
SYN_731_003045,x731,2,0.10526315789473684,False,True
SYN_731_003046,x731,1,0.05263157894736842,False,True
SYN_731_003047,x731,1,0.05263157894736842,False,True
SYN_731_003048,x731,1,0.05263157894736842,False,True
SYN_731_003049,G731ST-LT,1,0.05263157894736842,False,True
SYN_731_003050,G731ST-LT,1,0.05263157894736842,True,False
SYN_731_003051,x731,2,0.10526315789473684,False,True
SYN_731_003052,x731,1,0.05263157894736842,False,True
SYN_731_003053,x731,2,0.10526315789473684,False,True
SYN_731_003054,x731,1,0.05263157894736842,False,True
SYN_731_003055,x731,1,0.05263157894736842,False,True
SYN_731_003056,x731,2,0.10526315789473684,False,True
SYN_731_003057,x731,1,0.05263157894736842,False,True
SYN_731_003058,G731ST-LT,1,0.05263157894736842,False,True
SYN_731_003059,x731,1,0.05263157894736842,False,True
SYN_731_003060,x731,2,0.10526315789473684,False,True
SYN_731_003061,x731,2,0.10526315789473684,False,True
SYN_731_003062,x731,1,0.05263157894736842,False,True
SYN_731_003063,x731,1,0.05263157894736842,False,True
SYN_731_003064,x731,1,0.05263157894736842,False,True
SYN_731_003065,x731,1,0.05263157894736842,False,True
SYN_731_003066,G731ST-LT,1,0.05263157894736842,False,True
SYN_731_003067,x731,1,0.05263157894736842,False,True
SYN_731_003068,G731ST-HT,1,0.05263157894736842,False,True
SYN_731_003069,x731,1,0.05263157894736842,False,True
SYN_731_003070,x731,1,0.05263157894736842,False,True
SYN_731_003071,G731ST-LT,1,0.05263157894736842,False,True
SYN_731_003072,x731,1,0.05263157894736842,False,True
SYN_731_003073,x731,1,0.05263157894736842,False,True
SYN_731_003074,x731,1,0.05263157894736842,False,True
SYN_731_003075,x731,2,0.10526315789473684,False,True
SYN_731_003076,x731,1,0.05263157894736842,False,True
SYN_731_003077,x731,3,0.15789473684210525,False,True
SYN_731_003078,x731,2,0.10526315789473684,False,True
SYN_731_003079,x731,2,0.10526315789473684,False,True
SYN_731_003080,x731,1,0.05263157894736842,False,True
SYN_731_003081,x731,1,0.05263157894736842,False,True
SYN_731_003082,x731,1,0.05263157894736842,False,True
SYN_731_003083,x731,1,0.05263157894736842,False,True
SYN_731_003084,x731,1,0.05263157894736842,False,True
SYN_731_003085,x731,1,0.05263157894736842,False,True
SYN_731_003086,x731,1,0.05263157894736842,False,True
SYN_731_003087,x731,1,0.05263157894736842,False,True
SYN_731_003088,x731,1,0.05263157894736842,False,True
SYN_731_003089,F731PW,0,0.0,True,False
SYN_731_003090,G731ST-LT,1,0.05263157894736842,False,True
SYN_731_003091,G731ST-LT,1,0.05263157894736842,False,True
SYN_731_003092,x731,1,0.05263157894736842,False,True
SYN_731_003093,x731,2,0.10526315789473684,False,True
SYN_731_003094,x731,2,0.10526315789473684,False,True
SYN_731_003095,x731,1,0.05263157894736842,False,True
SYN_731_003096,x731,2,0.10526315789473684,False,True
SYN_731_003097,G731ST-HT,1,0.05263157894736842,False,True
SYN_731_003098,G731ST-LT,1,0.05263157894736842,False,True
SYN_731_003099,x731,1,0.05263157894736842,False,True
SYN_731_003100,G731ST-HT,1,0.05263157894736842,False,True
SYN_731_003101,x731,1,0.05263157894736842,False,True
SYN_731_003102,x731,1,0.05263157894736842,False,True
SYN_731_003103,x731,1,0.05263157894736842,False,True
SYN_731_003104,x731,1,0.05263157894736842,False,True
SYN_731_003105,x731,0,0.0,True,False
SYN_731_003106,x731,1,0.05263157894736842,False,True
SYN_731_003107,x731,1,0.05263157894736842,False,True
SYN_731_003108,x731,1,0.05263157894736842,False,True
SYN_731_003109,x731,1,0.05263157894736842,False,True
SYN_731_003110,x731,2,0.10526315789473684,False,True
SYN_731_003111,x731,1,0.05263157894736842,False,True
SYN_731_003112,G731ST-LT,1,0.05263157894736842,False,True
SYN_731_003113,G731ST-LT,1,0.05263157894736842,False,True
SYN_731_003114,x731,1,0.05263157894736842,False,True
SYN_731_003115,G731ST-LT,1,0.05263157894736842,True,False
SYN_731_003116,x731,1,0.05263157894736842,False,True
SYN_731_003117,x731,1,0.05263157894736842,False,True
SYN_731_003118,x731,1,0.05263157894736842,False,True
SYN_731_003119,x731,1,0.05263157894736842,False,True
SYN_731_003120,x731,1,0.05263157894736842,False,True
SYN_731_003121,x731,1,0.05263157894736842,False,True
SYN_731_003122,x731,1,0.05263157894736842,False,True
SYN_731_003123,x731,1,0.05263157894736842,False,True
SYN_731_003124,x731,2,0.10526315789473684,False,True
SYN_731_003125,x731,2,0.10526315789473684,False,True
SYN_731_003126,x731,1,0.05263157894736842,False,True
SYN_731_003127,x731,3,0.15789473684210525,False,True
SYN_731_003128,x731,1,0.05263157894736842,False,True
SYN_731_003129,x731,1,0.05263157894736842,False,True
SYN_731_003130,x731,1,0.05263157894736842,False,True
SYN_731_003131,x731,1,0.05263157894736842,False,True
SYN_731_003132,x731,1,0.05263157894736842,False,True
SYN_731_003133,x731,1,0.05263157894736842,False,True
SYN_731_003134,x731,1,0.05263157894736842,False,True
SYN_731_003135,x731,1,0.05263157894736842,False,True
SYN_731_003136,x731,2,0.10526315789473684,False,True
SYN_731_003137,F731WD_DualChannel,1,0.05263157894736842,False,True
SYN_731_003138,x731,1,0.05263157894736842,False,True
SYN_731_003139,x731,1,0.05263157894736842,False,True
SYN_731_003140,x731,1,0.05263157894736842,False,True
SYN_731_003141,x731,1,0.05263157894736842,False,True
SYN_731_003142,x731,1,0.05263157894736842,False,True
SYN_731_003143,x731,1,0.05263157894736842,False,True
SYN_731_003144,x731,2,0.10526315789473684,False,True
SYN_731_003145,G731ST-LT,1,0.05263157894736842,False,True
SYN_731_003146,x731,1,0.05263157894736842,False,True
SYN_731_003147,x731,1,0.05263157894736842,False,True
SYN_731_003148,x731,1,0.05263157894736842,False,True
SYN_731_003149,x731,1,0.05263157894736842,False,True
SYN_731_003150,x731,1,0.05263157894736842,False,True
SYN_731_003151,G731ST-LT,0,0.0,True,False
SYN_731_003152,x731,1,0.05263157894736842,False,True
SYN_731_003153,x731,1,0.05263157894736842,False,True
SYN_731_003154,x731,1,0.05263157894736842,False,True
SYN_731_003155,x731,1,0.05263157894736842,False,True
SYN_731_003156,x731,3,0.15789473684210525,False,True
SYN_731_003157,x731,1,0.05263157894736842,False,True
SYN_731_003158,x731,1,0.05263157894736842,False,True
SYN_731_003159,x731,1,0.05263157894736842,False,True
SYN_731_003160,x731,2,0.10526315789473684,False,True
SYN_731_003161,x731,2,0.10526315789473684,False,True
SYN_731_003162,G731ST-HT,1,0.05263157894736842,False,True
SYN_731_003163,x731,2,0.10526315789473684,False,True
SYN_731_003164,x731,2,0.10526315789473684,False,True
SYN_731_003165,x731,1,0.05263157894736842,False,True
SYN_731_003166,x731,1,0.05263157894736842,False,True
SYN_731_003167,x731,1,0.05263157894736842,False,True
SYN_731_003168,x731,1,0.05263157894736842,False,True
SYN_731_003169,G731ST-LT,1,0.05263157894736842,False,True
SYN_731_003170,x731,2,0.10526315789473684,False,True
SYN_731_003171,x731,2,0.10526315789473684,False,True
SYN_731_003172,x731,1,0.05263157894736842,False,True
SYN_731_003173,x731,1,0.05263157894736842,False,True
SYN_731_003174,x731,1,0.05263157894736842,False,True
SYN_731_003175,x731,2,0.10526315789473684,False,True
SYN_731_003176,x731,3,0.15789473684210525,False,True
SYN_731_003177,x731,1,0.05263157894736842,False,True
SYN_731_003178,G731ST-HT,1,0.05263157894736842,False,True
SYN_731_003179,F731TE,1,0.05263157894736842,True,False
SYN_731_003180,x731,1,0.05263157894736842,False,True
SYN_731_003181,x731,1,0.05263157894736842,False,True
SYN_731_003182,G731ST-LT,1,0.05263157894736842,False,True
SYN_731_003183,x731,1,0.05263157894736842,False,True
SYN_731_003184,G731ST-LT,1,0.05263157894736842,False,True
SYN_731_003185,G731ST-LT,1,0.05263157894736842,False,True
SYN_731_003186,x731,3,0.15789473684210525,False,True
SYN_731_003187,x731,1,0.05263157894736842,False,True
SYN_731_003188,x731,1,0.05263157894736842,False,True
SYN_731_003189,x731,2,0.10526315789473684,False,True
SYN_731_003190,x731,2,0.10526315789473684,False,True
SYN_731_003191,x731,1,0.05263157894736842,False,True
SYN_731_003192,x731,1,0.05263157894736842,False,True
SYN_731_003193,x731,1,0.05263157894736842,False,True
SYN_731_003194,x731,2,0.10526315789473684,False,True
SYN_731_003195,x731,1,0.05263157894736842,False,True
SYN_731_003196,G731ST-LT,1,0.05263157894736842,False,True
SYN_731_003197,x731,2,0.10526315789473684,False,True
SYN_731_003198,x731,1,0.05263157894736842,False,True
SYN_731_003199,x731,1,0.05263157894736842,False,True
SYN_731_003200,G731ST-HT,1,0.05263157894736842,False,True
SYN_731_003201,G731ST-LT,1,0.05263157894736842,False,True
SYN_731_003202,G731ST-LT,1,0.05263157894736842,False,True
SYN_731_003203,x731,1,0.05263157894736842,False,True
SYN_731_003204,G731ST-HT,1,0.05263157894736842,False,True
SYN_731_003205,x731,2,0.10526315789473684,False,True
SYN_731_003206,G731ST-LT,1,0.05263157894736842,False,True
SYN_731_003207,x731,1,0.05263157894736842,False,True
SYN_731_003208,x731,1,0.05263157894736842,False,True
SYN_731_003209,x731,2,0.10526315789473684,False,True
SYN_731_003210,G731ST-HT,1,0.05263157894736842,False,True
SYN_731_003211,G731ST-LT,1,0.05263157894736842,False,True
SYN_731_003212,x731,1,0.05263157894736842,False,True
SYN_731_003213,x731,2,0.10526315789473684,False,True
SYN_731_003214,x731,2,0.10526315789473684,False,True
SYN_731_003215,x731,1,0.05263157894736842,False,True
SYN_731_003216,x731,1,0.05263157894736842,False,True
SYN_731_003217,x731,1,0.05263157894736842,False,True
SYN_731_003218,x731,1,0.05263157894736842,False,True
SYN_731_003219,x731,1,0.05263157894736842,False,True
SYN_731_003220,x731,1,0.05263157894736842,False,True
SYN_731_003221,x731,1,0.05263157894736842,False,True
SYN_731_003222,F731TE,1,0.05263157894736842,False,True
SYN_731_003223,x731,1,0.05263157894736842,False,True
SYN_731_003224,x731,2,0.10526315789473684,False,True
SYN_731_003225,x731,1,0.05263157894736842,False,True
SYN_731_003226,x731,3,0.15789473684210525,False,True
SYN_731_003227,x731,1,0.05263157894736842,False,True
SYN_731_003228,x731,1,0.05263157894736842,False,True
SYN_731_003229,x731,2,0.10526315789473684,False,True
SYN_731_003230,x731,1,0.05263157894736842,False,True
SYN_731_003231,G731ST-LT,1,0.05263157894736842,False,True
SYN_731_003232,x731,2,0.10526315789473684,False,True
SYN_731_003233,x731,2,0.10526315789473684,False,True
SYN_731_003234,x731,1,0.05263157894736842,False,True
SYN_731_003235,x731,1,0.05263157894736842,False,True
SYN_731_003236,x731,1,0.05263157894736842,False,True
SYN_731_003237,x731,1,0.05263157894736842,False,True
SYN_731_003238,x731,1,0.05263157894736842,False,True
SYN_731_003239,x731,2,0.10526315789473684,False,True
SYN_731_003240,x731,2,0.10526315789473684,False,True
SYN_731_003241,x731,1,0.05263157894736842,False,True
SYN_731_003242,x731,2,0.10526315789473684,False,True
SYN_731_003243,x731,2,0.10526315789473684,False,True
SYN_731_003244,x731,1,0.05263157894736842,False,True
SYN_731_003245,x731,1,0.05263157894736842,False,True
SYN_731_003246,G731ST-LT,1,0.05263157894736842,False,True
SYN_731_003247,G731ST-HT,1,0.05263157894736842,False,True
SYN_731_003248,x731,2,0.10526315789473684,False,True
SYN_731_003249,x731,1,0.05263157894736842,False,True
SYN_731_003250,x731,2,0.10526315789473684,False,True
SYN_731_003251,x731,2,0.10526315789473684,False,True
SYN_731_003252,x731,1,0.05263157894736842,False,True
SYN_731_003253,x731,1,0.05263157894736842,False,True
SYN_731_003254,x731,1,0.05263157894736842,False,True
SYN_731_003255,G731ST-HT,1,0.05263157894736842,False,True
SYN_731_003256,x731,1,0.05263157894736842,False,True
SYN_731_003257,x731,1,0.05263157894736842,False,True
SYN_731_003258,x731,1,0.05263157894736842,False,True
SYN_731_003259,x731,1,0.05263157894736842,False,True
SYN_731_003260,F731TE,1,0.05263157894736842,False,True
SYN_731_003261,x731,1,0.05263157894736842,False,True
SYN_731_003262,x731,1,0.05263157894736842,False,True
SYN_731_003263,x731,1,0.05263157894736842,False,True
SYN_731_003264,x731,3,0.15789473684210525,False,True
SYN_731_003265,x731,2,0.10526315789473684,False,True
SYN_731_003266,x731,3,0.15789473684210525,False,True
SYN_731_003267,x731,1,0.05263157894736842,False,True
SYN_731_003268,G731ST-HT,1,0.05263157894736842,False,True
SYN_731_003269,x731,2,0.10526315789473684,False,True
SYN_731_003270,x731,1,0.05263157894736842,False,True
SYN_731_003271,x731,1,0.05263157894736842,False,True
SYN_731_003272,x731,1,0.05263157894736842,False,True
SYN_731_003273,x731,2,0.10526315789473684,False,True
SYN_731_003274,G731ST-LT,1,0.05263157894736842,False,True
SYN_731_003275,x731,1,0.05263157894736842,False,True
SYN_731_003276,x731,1,0.05263157894736842,False,True
SYN_731_003277,x731,2,0.10526315789473684,False,True
SYN_731_003278,x731,1,0.05263157894736842,True,False
SYN_731_003279,x731,1,0.05263157894736842,False,True
SYN_731_003280,x731,1,0.05263157894736842,False,True
SYN_731_003281,x731,2,0.10526315789473684,False,True
SYN_731_003282,x731,1,0.05263157894736842,False,True
SYN_731_003283,x731,1,0.05263157894736842,False,True
SYN_731_003284,x731,1,0.05263157894736842,False,True
SYN_731_003285,x731,1,0.05263157894736842,False,True
SYN_731_003286,x731,1,0.05263157894736842,False,True
SYN_731_003287,x731,1,0.05263157894736842,False,True
SYN_731_003288,x731,2,0.10526315789473684,False,True
SYN_731_003289,x731,1,0.05263157894736842,False,True
SYN_731_003290,G731ST-LT,1,0.05263157894736842,False,True
SYN_731_003291,x731,1,0.05263157894736842,False,True
SYN_731_003292,G731ST-HT,1,0.05263157894736842,False,True
SYN_731_003293,x731,1,0.05263157894736842,False,True
SYN_731_003294,x731,1,0.05263157894736842,False,True
SYN_731_003295,x731,1,0.05263157894736842,False,True
SYN_731_003296,x731,1,0.05263157894736842,False,True
SYN_731_003297,G731ST-LT,1,0.05263157894736842,False,True
SYN_731_003298,x731,1,0.05263157894736842,False,True
SYN_731_003299,x731,3,0.15789473684210525,False,True
SYN_731_003300,x731,2,0.10526315789473684,False,True
SYN_731_003301,G731ST-HT,1,0.05263157894736842,False,True
SYN_731_003302,x731,1,0.05263157894736842,False,True
SYN_731_003303,x731,2,0.10526315789473684,False,True
SYN_731_003304,x731,1,0.05263157894736842,False,True
SYN_731_003305,x731,2,0.10526315789473684,False,True
SYN_731_003306,G731ST-LT,1,0.05263157894736842,False,True
SYN_731_003307,G731ST-LT,1,0.05263157894736842,False,True
SYN_731_003308,x731,1,0.05263157894736842,False,True
SYN_731_003309,x731,1,0.05263157894736842,False,True
SYN_731_003310,x731,0,0.0,True,False
SYN_731_003311,x731,3,0.15789473684210525,False,True
SYN_731_003312,x731,2,0.10526315789473684,False,True
SYN_731_003313,x731,1,0.05263157894736842,False,True
SYN_731_003314,G731ST-LT,1,0.05263157894736842,False,True
SYN_731_003315,G731CA,1,0.05263157894736842,False,True
SYN_731_003316,x731,1,0.05263157894736842,False,True
SYN_731_003317,x731,2,0.10526315789473684,False,True
SYN_731_003318,x731,1,0.05263157894736842,False,True
SYN_731_003319,G731ST-HT,1,0.05263157894736842,True,False
SYN_731_003320,x731,1,0.05263157894736842,False,True
SYN_731_003321,x731,1,0.05263157894736842,False,True
SYN_731_003322,G731ST-LT,1,0.05263157894736842,False,True
SYN_731_003323,x731,1,0.05263157894736842,False,True
SYN_731_003324,x731,1,0.05263157894736842,False,True
SYN_731_003325,x731,1,0.05263157894736842,False,True
SYN_731_003326,x731,2,0.10526315789473684,False,True
SYN_731_003327,x731,1,0.05263157894736842,False,True
SYN_731_003328,x731,1,0.05263157894736842,False,True
SYN_731_003329,x731,1,0.05263157894736842,False,True
SYN_731_003330,x731,1,0.05263157894736842,False,True
SYN_731_003331,x731,1,0.05263157894736842,False,True
SYN_731_003332,x731,1,0.05263157894736842,False,True
SYN_731_003333,x731,1,0.05263157894736842,False,True
SYN_731_003334,x731,1,0.05263157894736842,False,True
SYN_731_003335,x731,1,0.05263157894736842,False,True
SYN_731_003336,x731,1,0.05263157894736842,False,True
SYN_731_003337,x731,2,0.10526315789473684,False,True
SYN_731_003338,G731ST-HT,1,0.05263157894736842,False,True
SYN_731_003339,x731,1,0.05263157894736842,False,True
SYN_731_003340,x731,2,0.10526315789473684,False,True
SYN_731_003341,G731ST-LT,1,0.05263157894736842,False,True
SYN_731_003342,G731ST-HT,1,0.05263157894736842,False,True
SYN_731_003343,G731ST-LT,1,0.05263157894736842,False,True
SYN_731_003344,x731,1,0.05263157894736842,False,True
SYN_731_003345,x731,1,0.05263157894736842,False,True
SYN_731_003346,x731,1,0.05263157894736842,False,True
SYN_731_003347,G731ST-LT,1,0.05263157894736842,False,True
SYN_731_003348,G731ST-LT,1,0.05263157894736842,False,True
SYN_731_003349,G731ST-HT,1,0.05263157894736842,False,True
SYN_731_003350,G731ST-HT,1,0.05263157894736842,True,False
SYN_731_003351,x731,1,0.05263157894736842,False,True
SYN_731_003352,G731ST-HT,1,0.05263157894736842,False,True
SYN_731_003353,G731ST-HT,1,0.05263157894736842,False,True
SYN_731_003354,x731,1,0.05263157894736842,False,True
SYN_731_003355,G731ST-HT,1,0.05263157894736842,False,True
SYN_731_003356,x731,1,0.05263157894736842,False,True
SYN_731_003357,x731,1,0.05263157894736842,False,True
SYN_731_003358,x731,1,0.05263157894736842,False,True
SYN_731_003359,x731,1,0.05263157894736842,False,True
SYN_731_003360,G731ST-HT,1,0.05263157894736842,False,True
SYN_731_003361,x731,1,0.05263157894736842,False,True
SYN_731_003362,x731,1,0.05263157894736842,False,True
SYN_731_003363,x731,2,0.10526315789473684,False,True
SYN_731_003364,x731,1,0.05263157894736842,False,True
SYN_731_003365,x731,3,0.15789473684210525,False,True
SYN_731_003366,x731,1,0.05263157894736842,False,True
SYN_731_003367,x731,1,0.05263157894736842,False,True
SYN_731_003368,x731,1,0.05263157894736842,False,True
SYN_731_003369,x731,1,0.05263157894736842,False,True
SYN_731_003370,x731,1,0.05263157894736842,False,True
SYN_731_003371,G731CA,1,0.05263157894736842,False,True
SYN_731_003372,x731,1,0.05263157894736842,False,True
SYN_731_003373,x731,2,0.10526315789473684,False,True
SYN_731_003374,x731,3,0.15789473684210525,False,True
SYN_731_003375,x731,1,0.05263157894736842,False,True
SYN_731_003376,x731,1,0.05263157894736842,False,True
SYN_731_003377,x731,2,0.10526315789473684,False,True
SYN_731_003378,x731,2,0.10526315789473684,False,True
SYN_731_003379,x731,1,0.05263157894736842,False,True
SYN_731_003380,x731,1,0.05263157894736842,False,True
SYN_731_003381,x731,1,0.05263157894736842,False,True
SYN_731_003382,x731,1,0.05263157894736842,False,True
SYN_731_003383,x731,1,0.05263157894736842,False,True
SYN_731_003384,G731ST-HT,1,0.05263157894736842,False,True
SYN_731_003385,x731,1,0.05263157894736842,False,True
SYN_731_003386,x731,1,0.05263157894736842,False,True
SYN_731_003387,x731,1,0.05263157894736842,False,True
SYN_731_003388,x731,1,0.05263157894736842,False,True
SYN_731_003389,x731,1,0.05263157894736842,False,True
SYN_731_003390,x731,1,0.05263157894736842,False,True
SYN_731_003391,x731,2,0.10526315789473684,False,True
SYN_731_003392,x731,2,0.10526315789473684,False,True
SYN_731_003393,x731,1,0.05263157894736842,False,True
SYN_731_003394,x731,1,0.05263157894736842,False,True
SYN_731_003395,x731,2,0.10526315789473684,False,True
SYN_731_003396,F731WD_DualChannel,1,0.05263157894736842,False,True
SYN_731_003397,G731ST-HT,1,0.05263157894736842,False,True
SYN_731_003398,G731ST-LT,1,0.05263157894736842,False,True
SYN_731_003399,x731,1,0.05263157894736842,True,False
SYN_731_003400,G731ST-HT,1,0.05263157894736842,False,True
SYN_731_003401,x731,1,0.05263157894736842,False,True
SYN_731_003402,x731,2,0.10526315789473684,False,True
SYN_731_003403,x731,1,0.05263157894736842,False,True
SYN_731_003404,x731,1,0.05263157894736842,False,True
SYN_731_003405,x731,1,0.05263157894736842,False,True
SYN_731_003406,x731,1,0.05263157894736842,False,True
SYN_731_003407,x731,2,0.10526315789473684,False,True
SYN_731_003408,x731,1,0.05263157894736842,False,True
SYN_731_003409,G731ST-HT,1,0.05263157894736842,False,True
SYN_731_003410,x731,1,0.05263157894736842,False,True
SYN_731_003411,x731,3,0.15789473684210525,False,True
SYN_731_003412,x731,1,0.05263157894736842,False,True
SYN_731_003413,G731ST-HT,1,0.05263157894736842,False,True
SYN_731_003414,G731ST-HT,1,0.05263157894736842,False,True
SYN_731_003415,x731,1,0.05263157894736842,False,True
SYN_731_003416,x731,1,0.05263157894736842,False,True
SYN_731_003417,G731ST-HT,1,0.05263157894736842,False,True
SYN_731_003418,x731,1,0.05263157894736842,False,True
SYN_731_003419,x731,2,0.10526315789473684,False,True
SYN_731_003420,x731,1,0.05263157894736842,False,True
SYN_731_003421,G731ST-HT,1,0.05263157894736842,False,True
SYN_731_003422,G731ST-HT,1,0.05263157894736842,False,True
SYN_731_003423,x731,1,0.05263157894736842,False,True
SYN_731_003424,x731,1,0.05263157894736842,False,True
SYN_731_003425,G731ST-LT,1,0.05263157894736842,False,True
SYN_731_003426,x731,2,0.10526315789473684,False,True
SYN_731_003427,G731ST-HT,1,0.05263157894736842,False,True
SYN_731_003428,x731,1,0.05263157894736842,False,True
SYN_731_003429,x731,1,0.05263157894736842,False,True
SYN_731_003430,x731,1,0.05263157894736842,False,True
SYN_731_003431,G731ST-LT,1,0.05263157894736842,True,False
SYN_731_003432,x731,2,0.10526315789473684,False,True
SYN_731_003433,x731,1,0.05263157894736842,False,True
SYN_731_003434,x731,1,0.05263157894736842,False,True
SYN_731_003435,x731,1,0.05263157894736842,False,True
SYN_731_003436,x731,1,0.05263157894736842,False,True
SYN_731_003437,x731,1,0.05263157894736842,False,True
SYN_731_003438,G731ST-LT,1,0.05263157894736842,False,True
SYN_731_003439,x731,1,0.05263157894736842,False,True
SYN_731_003440,x731,1,0.05263157894736842,False,True
SYN_731_003441,G731ST-HT,1,0.05263157894736842,False,True
SYN_731_003442,x731,1,0.05263157894736842,False,True
SYN_731_003443,F731PW,0,0.0,True,False
SYN_731_003444,x731,1,0.05263157894736842,False,True
SYN_731_003445,G731ST-HT,1,0.05263157894736842,False,True
SYN_731_003446,x731,1,0.05263157894736842,False,True
SYN_731_003447,x731,1,0.05263157894736842,False,True
SYN_731_003448,x731,1,0.05263157894736842,False,True
SYN_731_003449,x731,1,0.05263157894736842,False,True
SYN_731_003450,x731,1,0.05263157894736842,False,True
SYN_731_003451,x731,1,0.05263157894736842,False,True
SYN_731_003452,G731ST-HT,1,0.05263157894736842,False,True
SYN_731_003453,x731,1,0.05263157894736842,False,True
SYN_731_003454,G731ST-LT,1,0.05263157894736842,False,True
SYN_731_003455,x731,1,0.05263157894736842,False,True
SYN_731_003456,x731,1,0.05263157894736842,True,False
SYN_731_003457,F731TE,1,0.05263157894736842,True,False
SYN_731_003458,x731,2,0.10526315789473684,False,True
SYN_731_003459,x731,1,0.05263157894736842,False,True
SYN_731_003460,G731ST-HT,1,0.05263157894736842,False,True
SYN_731_003461,x731,1,0.05263157894736842,False,True
SYN_731_003462,x731,1,0.05263157894736842,False,True
SYN_731_003463,x731,3,0.15789473684210525,False,True
SYN_731_003464,x731,1,0.05263157894736842,False,True
SYN_731_003465,G731ST-HT,1,0.05263157894736842,False,True
SYN_731_003466,x731,1,0.05263157894736842,False,True
SYN_731_003467,G731ST-HT,1,0.05263157894736842,True,False
SYN_731_003468,G731ST-LT,1,0.05263157894736842,False,True
SYN_731_003469,x731,2,0.10526315789473684,False,True
SYN_731_003470,x731,2,0.10526315789473684,False,True
SYN_731_003471,x731,1,0.05263157894736842,False,True
SYN_731_003472,x731,1,0.05263157894736842,False,True
SYN_731_003473,x731,2,0.10526315789473684,False,True
SYN_731_003474,G731ST-LT,1,0.05263157894736842,False,True
SYN_731_003475,x731,1,0.05263157894736842,False,True
SYN_731_003476,x731,1,0.05263157894736842,False,True
SYN_731_003477,G731CA,1,0.05263157894736842,True,False
SYN_731_003478,x731,1,0.05263157894736842,False,True
SYN_731_003479,x731,1,0.05263157894736842,False,True
SYN_731_003480,G731ST-HT,1,0.05263157894736842,False,True
SYN_731_003481,x731,1,0.05263157894736842,False,True
SYN_731_003482,x731,1,0.05263157894736842,False,True
SYN_731_003483,G731ST-LT,1,0.05263157894736842,False,True
SYN_731_003484,x731,1,0.05263157894736842,False,True
SYN_731_003485,G731CA,1,0.05263157894736842,False,True
SYN_731_003486,x731,1,0.05263157894736842,False,True
SYN_731_003487,G731ST-HT,1,0.05263157894736842,False,True
SYN_731_003488,x731,1,0.05263157894736842,False,True
SYN_731_003489,x731,1,0.05263157894736842,False,True
SYN_731_003490,x731,2,0.10526315789473684,False,True
SYN_731_003491,x731,1,0.05263157894736842,False,True
SYN_731_003492,x731,1,0.05263157894736842,False,True
SYN_731_003493,x731,1,0.05263157894736842,False,True
SYN_731_003494,G731ST-LT,1,0.05263157894736842,False,True
SYN_731_003495,x731,2,0.10526315789473684,False,True
SYN_731_003496,x731,1,0.05263157894736842,False,True
SYN_731_003497,x731,1,0.05263157894736842,False,True
SYN_731_003498,x731,1,0.05263157894736842,False,True
SYN_731_003499,x731,1,0.05263157894736842,True,False
SYN_731_003500,x731,1,0.05263157894736842,False,True
SYN_731_003501,x731,1,0.05263157894736842,False,True
SYN_731_003502,G731ST-HT,1,0.05263157894736842,True,False
SYN_731_003503,G731ST-LT,1,0.05263157894736842,False,True
SYN_731_003504,x731,2,0.10526315789473684,False,True
SYN_731_003505,x731,1,0.05263157894736842,False,True
SYN_731_003506,G731ST-LT,1,0.05263157894736842,False,True
SYN_731_003507,F731TE,1,0.05263157894736842,False,True
SYN_731_003508,x731,1,0.05263157894736842,False,True
SYN_731_003509,x731,1,0.05263157894736842,False,True
SYN_731_003510,G731ST-HT,1,0.05263157894736842,False,True
SYN_731_003511,x731,2,0.10526315789473684,False,True
SYN_731_003512,x731,1,0.05263157894736842,False,True
SYN_731_003513,G731ST-HT,0,0.0,True,False
SYN_731_003514,x731,1,0.05263157894736842,False,True
SYN_731_003515,x731,1,0.05263157894736842,False,True
SYN_731_003516,x731,1,0.05263157894736842,False,True
SYN_731_003517,x731,1,0.05263157894736842,False,True
SYN_731_003518,x731,1,0.05263157894736842,False,True
SYN_731_003519,G731ST-LT,1,0.05263157894736842,False,True
SYN_731_003520,G731ST-HT,1,0.05263157894736842,False,True
SYN_731_003521,x731,1,0.05263157894736842,False,True
SYN_731_003522,x731,1,0.05263157894736842,False,True
SYN_731_003523,x731,1,0.05263157894736842,False,True
SYN_731_003524,x731,1,0.05263157894736842,False,True
SYN_731_003525,x731,1,0.05263157894736842,False,True
SYN_731_003526,x731,2,0.10526315789473684,False,True
SYN_731_003527,x731,1,0.05263157894736842,False,True
SYN_731_003528,x731,1,0.05263157894736842,False,True
SYN_731_003529,G731ST-HT,1,0.05263157894736842,False,True
SYN_731_003530,G731ST-LT,1,0.05263157894736842,False,True
SYN_731_003531,G731ST-LT,1,0.05263157894736842,False,True
SYN_731_003532,x731,1,0.05263157894736842,False,True
SYN_731_003533,G731CA,1,0.05263157894736842,False,True
SYN_731_003534,x731,1,0.05263157894736842,False,True
SYN_731_003535,x731,1,0.05263157894736842,False,True
SYN_731_003536,x731,1,0.05263157894736842,False,True
SYN_731_003537,F731PW,1,0.05263157894736842,True,False
SYN_731_003538,x731,1,0.05263157894736842,False,True
SYN_731_003539,G731ST-HT,1,0.05263157894736842,False,True
SYN_731_003540,G731ST-HT,1,0.05263157894736842,False,True
SYN_731_003541,x731,1,0.05263157894736842,False,True
SYN_731_003542,x731,3,0.15789473684210525,False,True
SYN_731_003543,x731,2,0.10526315789473684,False,True
SYN_731_003544,x731,1,0.05263157894736842,False,True
SYN_731_003545,x731,3,0.15789473684210525,False,True
SYN_731_003546,x731,1,0.05263157894736842,False,True
SYN_731_003547,x731,2,0.10526315789473684,False,True
SYN_731_003548,x731,1,0.05263157894736842,False,True
SYN_731_003549,x731,1,0.05263157894736842,False,True
SYN_731_003550,x731,1,0.05263157894736842,False,True
SYN_731_003551,x731,1,0.05263157894736842,False,True
SYN_731_003552,x731,1,0.05263157894736842,False,True
SYN_731_003553,x731,1,0.05263157894736842,False,True
SYN_731_003554,x731,2,0.10526315789473684,False,True
SYN_731_003555,x731,2,0.10526315789473684,False,True
SYN_731_003556,G731ST-HT,1,0.05263157894736842,False,True
SYN_731_003557,x731,1,0.05263157894736842,False,True
SYN_731_003558,x731,1,0.05263157894736842,False,True
SYN_731_003559,x731,1,0.05263157894736842,False,True
SYN_731_003560,x731,1,0.05263157894736842,False,True
SYN_731_003561,x731,1,0.05263157894736842,False,True
SYN_731_003562,x731,2,0.10526315789473684,False,True
SYN_731_003563,x731,1,0.05263157894736842,False,True
SYN_731_003564,G731ST-HT,1,0.05263157894736842,False,True
SYN_731_003565,x731,1,0.05263157894736842,False,True
SYN_731_003566,G731ST-HT,1,0.05263157894736842,False,True
SYN_731_003567,G731ST-LT,1,0.05263157894736842,False,True
SYN_731_003568,G731ST-HT,1,0.05263157894736842,False,True
SYN_731_003569,G731ST-HT,1,0.05263157894736842,False,True
SYN_731_003570,x731,1,0.05263157894736842,False,True
SYN_731_003571,x731,2,0.10526315789473684,False,True
SYN_731_003572,G731ST-HT,1,0.05263157894736842,False,True
SYN_731_003573,x731,1,0.05263157894736842,False,True
SYN_731_003574,x731,1,0.05263157894736842,False,True
SYN_731_003575,x731,2,0.10526315789473684,False,True
SYN_731_003576,x731,1,0.05263157894736842,False,True
SYN_731_003577,x731,1,0.05263157894736842,False,True
SYN_731_003578,x731,1,0.05263157894736842,False,True
SYN_731_003579,x731,1,0.05263157894736842,False,True
SYN_731_003580,G731ST-HT,1,0.05263157894736842,False,True
SYN_731_003581,x731,1,0.05263157894736842,False,True
SYN_731_003582,G731ST-HT,1,0.05263157894736842,False,True
SYN_731_003583,x731,2,0.10526315789473684,False,True
SYN_731_003584,x731,1,0.05263157894736842,False,True
SYN_731_003585,G731ST-HT,1,0.05263157894736842,False,True
SYN_731_003586,x731,2,0.10526315789473684,False,True
SYN_731_003587,x731,1,0.05263157894736842,True,False
SYN_731_003588,x731,3,0.15789473684210525,False,True
SYN_731_003589,x731,1,0.05263157894736842,False,True
SYN_731_003590,x731,1,0.05263157894736842,False,True
SYN_731_003591,x731,1,0.05263157894736842,False,True
SYN_731_003592,x731,1,0.05263157894736842,False,True
SYN_731_003593,G731ST-LT,1,0.05263157894736842,False,True
SYN_731_003594,G731CA,1,0.05263157894736842,False,True
SYN_731_003595,x731,0,0.0,True,False
SYN_731_003596,x731,1,0.05263157894736842,False,True
SYN_731_003597,x731,1,0.05263157894736842,False,True
SYN_731_003598,x731,2,0.10526315789473684,False,True
SYN_731_003599,x731,2,0.10526315789473684,False,True
SYN_731_003600,x731,1,0.05263157894736842,False,True
SYN_731_003601,x731,1,0.05263157894736842,False,True
SYN_731_003602,x731,1,0.05263157894736842,False,True
SYN_731_003603,x731,1,0.05263157894736842,False,True
SYN_731_003604,x731,1,0.05263157894736842,False,True
SYN_731_003605,x731,1,0.05263157894736842,False,True
SYN_731_003606,G731ST-LT,1,0.05263157894736842,False,True
SYN_731_003607,x731,3,0.15789473684210525,False,True
SYN_731_003608,F731PW,0,0.0,True,False
SYN_731_003609,x731,1,0.05263157894736842,False,True
SYN_731_003610,x731,1,0.05263157894736842,False,True
SYN_731_003611,x731,2,0.10526315789473684,False,True
SYN_731_003612,x731,1,0.05263157894736842,False,True
SYN_731_003613,x731,1,0.05263157894736842,False,True
SYN_731_003614,G731ST-HT,1,0.05263157894736842,False,True
SYN_731_003615,G731ST-HT,1,0.05263157894736842,False,True
SYN_731_003616,x731,1,0.05263157894736842,False,True
SYN_731_003617,x731,1,0.05263157894736842,False,True
SYN_731_003618,x731,1,0.05263157894736842,False,True
SYN_731_003619,x731,1,0.05263157894736842,False,True
SYN_731_003620,x731,1,0.05263157894736842,False,True
SYN_731_003621,x731,1,0.05263157894736842,False,True
SYN_731_003622,x731,1,0.05263157894736842,False,True
SYN_731_003623,x731,2,0.10526315789473684,False,True
SYN_731_003624,x731,1,0.05263157894736842,False,True
SYN_731_003625,x731,2,0.10526315789473684,False,True
SYN_731_003626,x731,1,0.05263157894736842,False,True
SYN_731_003627,x731,3,0.15789473684210525,False,True
SYN_731_003628,x731,2,0.10526315789473684,False,True
SYN_731_003629,x731,1,0.05263157894736842,False,True
SYN_731_003630,x731,2,0.10526315789473684,False,True
SYN_731_003631,x731,1,0.05263157894736842,False,True
SYN_731_003632,x731,1,0.05263157894736842,False,True
SYN_731_003633,G731ST-HT,1,0.05263157894736842,False,True
SYN_731_003634,x731,1,0.05263157894736842,False,True
SYN_731_003635,x731,2,0.10526315789473684,False,True
SYN_731_003636,G731ST-HT,1,0.05263157894736842,False,True
SYN_731_003637,F731PW,1,0.05263157894736842,True,False
SYN_731_003638,x731,1,0.05263157894736842,False,True
SYN_731_003639,x731,2,0.10526315789473684,False,True
SYN_731_003640,x731,2,0.10526315789473684,False,True
SYN_731_003641,x731,1,0.05263157894736842,False,True
SYN_731_003642,G731ST-LT,1,0.05263157894736842,False,True
SYN_731_003643,x731,2,0.10526315789473684,False,True
SYN_731_003644,x731,1,0.05263157894736842,False,True
SYN_731_003645,x731,1,0.05263157894736842,False,True
SYN_731_003646,x731,1,0.05263157894736842,False,True
SYN_731_003647,x731,1,0.05263157894736842,False,True
SYN_731_003648,x731,2,0.10526315789473684,False,True
SYN_731_003649,x731,1,0.05263157894736842,False,True
SYN_731_003650,x731,1,0.05263157894736842,False,True
SYN_731_003651,x731,2,0.10526315789473684,False,True
SYN_731_003652,x731,1,0.05263157894736842,False,True
SYN_731_003653,x731,1,0.05263157894736842,False,True
SYN_731_003654,x731,1,0.05263157894736842,False,True
SYN_731_003655,x731,2,0.10526315789473684,False,True
SYN_731_003656,x731,1,0.05263157894736842,False,True
SYN_731_003657,x731,2,0.10526315789473684,False,True
SYN_731_003658,x731,1,0.05263157894736842,False,True
SYN_731_003659,G731ST-LT,1,0.05263157894736842,False,True
SYN_731_003660,x731,2,0.10526315789473684,False,True
SYN_731_003661,G731ST-HT,1,0.05263157894736842,False,True
SYN_731_003662,x731,1,0.05263157894736842,False,True
SYN_731_003663,G731CA,1,0.05263157894736842,False,True
SYN_731_003664,x731,1,0.05263157894736842,False,True
SYN_731_003665,x731,1,0.05263157894736842,False,True
SYN_731_003666,x731,3,0.15789473684210525,False,True
SYN_731_003667,x731,2,0.10526315789473684,False,True
SYN_731_003668,x731,1,0.05263157894736842,False,True
SYN_731_003669,x731,1,0.05263157894736842,False,True
SYN_731_003670,x731,2,0.10526315789473684,False,True
SYN_731_003671,x731,1,0.05263157894736842,False,True
SYN_731_003672,x731,1,0.05263157894736842,False,True
SYN_731_003673,F731TE,1,0.05263157894736842,False,True
SYN_731_003674,x731,1,0.05263157894736842,False,True
SYN_731_003675,F731TE,1,0.05263157894736842,False,True
SYN_731_003676,x731,1,0.05263157894736842,False,True
SYN_731_003677,x731,3,0.15789473684210525,False,True
SYN_731_003678,G731ST-LT,1,0.05263157894736842,False,True
SYN_731_003679,x731,1,0.05263157894736842,False,True
SYN_731_003680,x731,1,0.05263157894736842,True,False
SYN_731_003681,x731,1,0.05263157894736842,False,True
SYN_731_003682,x731,1,0.05263157894736842,False,True
SYN_731_003683,G731ST-LT,1,0.05263157894736842,False,True
SYN_731_003684,x731,1,0.05263157894736842,False,True
SYN_731_003685,x731,1,0.05263157894736842,False,True
SYN_731_003686,x731,2,0.10526315789473684,False,True
SYN_731_003687,G731ST-HT,1,0.05263157894736842,False,True
SYN_731_003688,x731,1,0.05263157894736842,False,True
SYN_731_003689,x731,2,0.10526315789473684,False,True
SYN_731_003690,x731,2,0.10526315789473684,False,True
SYN_731_003691,x731,1,0.05263157894736842,False,True
SYN_731_003692,x731,1,0.05263157894736842,False,True
SYN_731_003693,x731,2,0.10526315789473684,False,True
SYN_731_003694,G731CA,1,0.05263157894736842,False,True
SYN_731_003695,G731ST-LT,1,0.05263157894736842,False,True
SYN_731_003696,x731,1,0.05263157894736842,False,True
SYN_731_003697,G731CA,1,0.05263157894736842,False,True
SYN_731_003698,G731ST-LT,1,0.05263157894736842,False,True
SYN_731_003699,x731,1,0.05263157894736842,False,True
SYN_731_003700,x731,1,0.05263157894736842,False,True
SYN_731_003701,x731,1,0.05263157894736842,False,True
SYN_731_003702,x731,1,0.05263157894736842,False,True
SYN_731_003703,x731,1,0.05263157894736842,False,True
SYN_731_003704,x731,1,0.05263157894736842,False,True
SYN_731_003705,G731ST-HT,1,0.05263157894736842,False,True
SYN_731_003706,x731,2,0.10526315789473684,False,True
SYN_731_003707,x731,1,0.05263157894736842,False,True
SYN_731_003708,x731,1,0.05263157894736842,False,True
SYN_731_003709,x731,2,0.10526315789473684,False,True
SYN_731_003710,x731,1,0.05263157894736842,False,True
SYN_731_003711,x731,1,0.05263157894736842,False,True
SYN_731_003712,G731ST-HT,1,0.05263157894736842,False,True
SYN_731_003713,x731,2,0.10526315789473684,False,True
SYN_731_003714,x731,1,0.05263157894736842,False,True
SYN_731_003715,F731PW,0,0.0,True,False
SYN_731_003716,x731,1,0.05263157894736842,False,True
SYN_731_003717,x731,1,0.05263157894736842,False,True
SYN_731_003718,x731,2,0.10526315789473684,False,True
SYN_731_003719,F731TE,1,0.05263157894736842,False,True
SYN_731_003720,x731,1,0.05263157894736842,False,True
SYN_731_003721,x731,1,0.05263157894736842,False,True
SYN_731_003722,x731,1,0.05263157894736842,False,True
SYN_731_003723,x731,2,0.10526315789473684,False,True
SYN_731_003724,x731,1,0.05263157894736842,False,True
SYN_731_003725,x731,1,0.05263157894736842,False,True
SYN_731_003726,x731,2,0.10526315789473684,False,True
SYN_731_003727,x731,1,0.05263157894736842,False,True
SYN_731_003728,x731,1,0.05263157894736842,False,True
SYN_731_003729,x731,1,0.05263157894736842,False,True
SYN_731_003730,x731,2,0.10526315789473684,False,True
SYN_731_003731,x731,3,0.15789473684210525,False,True
SYN_731_003732,x731,2,0.10526315789473684,False,True
SYN_731_003733,x731,1,0.05263157894736842,False,True
SYN_731_003734,x731,2,0.10526315789473684,False,True
SYN_731_003735,x731,3,0.15789473684210525,False,True
SYN_731_003736,x731,1,0.05263157894736842,False,True
SYN_731_003737,G731ST-LT,1,0.05263157894736842,False,True
SYN_731_003738,x731,2,0.10526315789473684,False,True
SYN_731_003739,x731,1,0.05263157894736842,False,True
SYN_731_003740,x731,1,0.05263157894736842,False,True
SYN_731_003741,x731,3,0.15789473684210525,False,True
SYN_731_003742,x731,1,0.05263157894736842,False,True
SYN_731_003743,x731,1,0.05263157894736842,False,True
SYN_731_003744,x731,1,0.05263157894736842,False,True
SYN_731_003745,x731,2,0.10526315789473684,False,True
SYN_731_003746,x731,3,0.15789473684210525,False,True
SYN_731_003747,G731ST-LT,1,0.05263157894736842,False,True
SYN_731_003748,x731,2,0.10526315789473684,False,True
SYN_731_003749,x731,1,0.05263157894736842,False,True
SYN_731_003750,x731,1,0.05263157894736842,False,True
SYN_731_003751,x731,1,0.05263157894736842,False,True
SYN_731_003752,G731ST-HT,1,0.05263157894736842,False,True
SYN_731_003753,x731,1,0.05263157894736842,False,True
SYN_731_003754,x731,1,0.05263157894736842,False,True
SYN_731_003755,x731,1,0.05263157894736842,False,True
SYN_731_003756,x731,2,0.10526315789473684,False,True
SYN_731_003757,x731,1,0.05263157894736842,False,True
SYN_731_003758,x731,3,0.15789473684210525,False,True
SYN_731_003759,x731,3,0.15789473684210525,False,True
SYN_731_003760,x731,2,0.10526315789473684,False,True
SYN_731_003761,x731,2,0.10526315789473684,False,True
SYN_731_003762,x731,1,0.05263157894736842,False,True
SYN_731_003763,F731TE,1,0.05263157894736842,False,True
SYN_731_003764,x731,1,0.05263157894736842,False,True
SYN_731_003765,x731,1,0.05263157894736842,False,True
SYN_731_003766,x731,2,0.10526315789473684,False,True
SYN_731_003767,x731,1,0.05263157894736842,False,True
SYN_731_003768,x731,1,0.05263157894736842,False,True
SYN_731_003769,F731TE,0,0.0,True,False
SYN_731_003770,x731,2,0.10526315789473684,False,True
SYN_731_003771,F731PW,0,0.0,True,False
SYN_731_003772,G731ST-LT,1,0.05263157894736842,False,True
SYN_731_003773,x731,1,0.05263157894736842,False,True
SYN_731_003774,x731,2,0.10526315789473684,False,True
SYN_731_003775,x731,1,0.05263157894736842,False,True
SYN_731_003776,G731ST-LT,1,0.05263157894736842,False,True
SYN_731_003777,x731,1,0.05263157894736842,False,True
SYN_731_003778,x731,2,0.10526315789473684,False,True
SYN_731_003779,x731,2,0.10526315789473684,False,True
SYN_731_003780,x731,2,0.10526315789473684,False,True
SYN_731_003781,x731,1,0.05263157894736842,False,True
SYN_731_003782,x731,1,0.05263157894736842,False,True
SYN_731_003783,x731,1,0.05263157894736842,False,True
SYN_731_003784,x731,1,0.05263157894736842,False,True
SYN_731_003785,x731,1,0.05263157894736842,False,True
SYN_731_003786,x731,2,0.10526315789473684,False,True
SYN_731_003787,x731,1,0.05263157894736842,False,True
SYN_731_003788,F731PW,1,0.05263157894736842,False,True
SYN_731_003789,x731,2,0.10526315789473684,False,True
SYN_731_003790,x731,1,0.05263157894736842,False,True
SYN_731_003791,x731,2,0.10526315789473684,False,True
SYN_731_003792,x731,1,0.05263157894736842,False,True
SYN_731_003793,G731ST-HT,1,0.05263157894736842,False,True
SYN_731_003794,x731,2,0.10526315789473684,False,True
SYN_731_003795,G731ST-HT,1,0.05263157894736842,False,True
SYN_731_003796,x731,1,0.05263157894736842,False,True
SYN_731_003797,x731,1,0.05263157894736842,False,True
SYN_731_003798,x731,2,0.10526315789473684,False,True
SYN_731_003799,x731,1,0.05263157894736842,False,True
SYN_731_003800,x731,1,0.05263157894736842,False,True
SYN_731_003801,x731,1,0.05263157894736842,True,False
SYN_731_003802,x731,1,0.05263157894736842,False,True
SYN_731_003803,x731,1,0.05263157894736842,False,True
SYN_731_003804,x731,1,0.05263157894736842,False,True
SYN_731_003805,x731,1,0.05263157894736842,False,True
SYN_731_003806,x731,1,0.05263157894736842,False,True
SYN_731_003807,F731PW,1,0.05263157894736842,True,False
SYN_731_003808,x731,1,0.05263157894736842,False,True
SYN_731_003809,x731,1,0.05263157894736842,False,True
SYN_731_003810,x731,1,0.05263157894736842,False,True
SYN_731_003811,x731,1,0.05263157894736842,False,True
SYN_731_003812,x731,2,0.10526315789473684,False,True
SYN_731_003813,F731WD_SingleChannel,1,0.05263157894736842,False,True
SYN_731_003814,x731,2,0.10526315789473684,False,True
SYN_731_003815,x731,1,0.05263157894736842,False,True
SYN_731_003816,x731,1,0.05263157894736842,False,True
SYN_731_003817,x731,1,0.05263157894736842,True,False
SYN_731_003818,G731ST-HT,0,0.0,True,False
SYN_731_003819,x731,1,0.05263157894736842,False,True
SYN_731_003820,x731,2,0.10526315789473684,False,True
SYN_731_003821,G731ST-HT,1,0.05263157894736842,False,True
SYN_731_003822,x731,1,0.05263157894736842,False,True
SYN_731_003823,x731,1,0.05263157894736842,False,True
SYN_731_003824,G731ST-HT,1,0.05263157894736842,False,True
SYN_731_003825,x731,3,0.15789473684210525,False,True
SYN_731_003826,x731,1,0.05263157894736842,False,True
SYN_731_003827,G731ST-LT,1,0.05263157894736842,False,True
SYN_731_003828,x731,2,0.10526315789473684,False,True
SYN_731_003829,x731,1,0.05263157894736842,False,True
SYN_731_003830,G731ST-HT,1,0.05263157894736842,False,True
SYN_731_003831,x731,2,0.10526315789473684,False,True
SYN_731_003832,x731,2,0.10526315789473684,False,True
SYN_731_003833,x731,2,0.10526315789473684,False,True
SYN_731_003834,G731ST-LT,1,0.05263157894736842,False,True
SYN_731_003835,x731,1,0.05263157894736842,False,True
SYN_731_003836,x731,1,0.05263157894736842,False,True
SYN_731_003837,x731,1,0.05263157894736842,False,True
SYN_731_003838,x731,1,0.05263157894736842,False,True
SYN_731_003839,F731WD_DualChannel,1,0.05263157894736842,False,True
SYN_731_003840,F731PW,1,0.05263157894736842,False,True
SYN_731_003841,x731,1,0.05263157894736842,False,True
SYN_731_003842,x731,1,0.05263157894736842,False,True
SYN_731_003843,x731,1,0.05263157894736842,False,True
SYN_731_003844,x731,1,0.05263157894736842,False,True
SYN_731_003845,x731,1,0.05263157894736842,False,True
SYN_731_003846,x731,1,0.05263157894736842,False,True
SYN_731_003847,G731ST-LT,1,0.05263157894736842,False,True
SYN_731_003848,x731,1,0.05263157894736842,False,True
SYN_731_003849,x731,1,0.05263157894736842,False,True
SYN_731_003850,x731,1,0.05263157894736842,False,True
SYN_731_003851,G731ST-HT,1,0.05263157894736842,False,True
SYN_731_003852,x731,1,0.05263157894736842,False,True
SYN_731_003853,x731,1,0.05263157894736842,False,True
SYN_731_003854,x731,3,0.15789473684210525,False,True
SYN_731_003855,x731,2,0.10526315789473684,False,True
SYN_731_003856,x731,1,0.05263157894736842,False,True
SYN_731_003857,G731ST-LT,1,0.05263157894736842,False,True
SYN_731_003858,x731,3,0.15789473684210525,False,True
SYN_731_003859,x731,2,0.10526315789473684,False,True
SYN_731_003860,x731,1,0.05263157894736842,False,True
SYN_731_003861,x731,1,0.05263157894736842,False,True
SYN_731_003862,G731ST-LT,1,0.05263157894736842,False,True
SYN_731_003863,G731ST-LT,1,0.05263157894736842,False,True
SYN_731_003864,x731,1,0.05263157894736842,False,True
SYN_731_003865,x731,1,0.05263157894736842,False,True
SYN_731_003866,F731WD_DualChannel,1,0.05263157894736842,False,True
SYN_731_003867,x731,1,0.05263157894736842,False,True
SYN_731_003868,x731,1,0.05263157894736842,False,True
SYN_731_003869,x731,1,0.05263157894736842,False,True
SYN_731_003870,F731WD_DualChannel,1,0.05263157894736842,False,True
SYN_731_003871,x731,1,0.05263157894736842,False,True
SYN_731_003872,G731ST-HT,1,0.05263157894736842,False,True
SYN_731_003873,x731,1,0.05263157894736842,False,True
SYN_731_003874,x731,0,0.0,True,False
SYN_731_003875,x731,1,0.05263157894736842,False,True
SYN_731_003876,x731,1,0.05263157894736842,False,True
SYN_731_003877,G731ST-HT,1,0.05263157894736842,False,True
SYN_731_003878,x731,1,0.05263157894736842,False,True
SYN_731_003879,x731,2,0.10526315789473684,False,True
SYN_731_003880,x731,1,0.05263157894736842,False,True
SYN_731_003881,x731,1,0.05263157894736842,False,True
SYN_731_003882,x731,1,0.05263157894736842,False,True
SYN_731_003883,G731ST-LT,1,0.05263157894736842,False,True
SYN_731_003884,G731ST-LT,1,0.05263157894736842,False,True
SYN_731_003885,x731,3,0.15789473684210525,False,True
SYN_731_003886,x731,1,0.05263157894736842,False,True
SYN_731_003887,x731,1,0.05263157894736842,False,True
SYN_731_003888,G731ST-HT,1,0.05263157894736842,False,True
SYN_731_003889,x731,1,0.05263157894736842,False,True
SYN_731_003890,x731,1,0.05263157894736842,False,True
SYN_731_003891,x731,1,0.05263157894736842,False,True
SYN_731_003892,x731,1,0.05263157894736842,False,True
SYN_731_003893,x731,1,0.05263157894736842,False,True
SYN_731_003894,F731TE,1,0.05263157894736842,False,True
SYN_731_003895,x731,1,0.05263157894736842,False,True
SYN_731_003896,x731,1,0.05263157894736842,False,True
SYN_731_003897,x731,1,0.05263157894736842,True,False
SYN_731_003898,x731,2,0.10526315789473684,False,True
SYN_731_003899,G731ST-HT,1,0.05263157894736842,False,True
SYN_731_003900,x731,1,0.05263157894736842,False,True
SYN_731_003901,x731,1,0.05263157894736842,False,True
SYN_731_003902,x731,1,0.05263157894736842,True,False
SYN_731_003903,G731ST-LT,1,0.05263157894736842,True,False
SYN_731_003904,F731WD_DualChannel,1,0.05263157894736842,False,True
SYN_731_003905,G731CA,1,0.05263157894736842,False,True
SYN_731_003906,x731,1,0.05263157894736842,False,True
SYN_731_003907,x731,2,0.10526315789473684,False,True
SYN_731_003908,x731,1,0.05263157894736842,False,True
SYN_731_003909,x731,1,0.05263157894736842,False,True
SYN_731_003910,x731,1,0.05263157894736842,False,True
SYN_731_003911,x731,1,0.05263157894736842,False,True
SYN_731_003912,x731,1,0.05263157894736842,False,True
SYN_731_003913,x731,2,0.10526315789473684,False,True
SYN_731_003914,F731WD_SingleChannel,1,0.05263157894736842,False,True
SYN_731_003915,x731,2,0.10526315789473684,False,True
SYN_731_003916,x731,1,0.05263157894736842,False,True
SYN_731_003917,x731,1,0.05263157894736842,False,True
SYN_731_003918,x731,2,0.10526315789473684,False,True
SYN_731_003919,x731,1,0.05263157894736842,False,True
SYN_731_003920,x731,2,0.10526315789473684,False,True
SYN_731_003921,x731,1,0.05263157894736842,False,True
SYN_731_003922,G731ST-LT,1,0.05263157894736842,False,True
SYN_731_003923,x731,1,0.05263157894736842,False,True
SYN_731_003924,x731,1,0.05263157894736842,False,True
SYN_731_003925,x731,1,0.05263157894736842,False,True
SYN_731_003926,x731,2,0.10526315789473684,False,True
SYN_731_003927,G731ST-HT,1,0.05263157894736842,False,True
SYN_731_003928,F731PW,1,0.05263157894736842,False,True
SYN_731_003929,x731,1,0.05263157894736842,False,True
SYN_731_003930,G731ST-HT,1,0.05263157894736842,False,True
SYN_731_003931,x731,3,0.15789473684210525,False,True
SYN_731_003932,x731,1,0.05263157894736842,False,True
SYN_731_003933,x731,1,0.05263157894736842,False,True
SYN_731_003934,x731,1,0.05263157894736842,False,True
SYN_731_003935,x731,3,0.15789473684210525,False,True
SYN_731_003936,x731,3,0.15789473684210525,False,True
SYN_731_003937,G731ST-LT,1,0.05263157894736842,True,False
SYN_731_003938,x731,2,0.10526315789473684,False,True
SYN_731_003939,x731,2,0.10526315789473684,False,True
SYN_731_003940,G731ST-HT,1,0.05263157894736842,False,True
SYN_731_003941,x731,1,0.05263157894736842,False,True
SYN_731_003942,x731,1,0.05263157894736842,True,False
SYN_731_003943,x731,1,0.05263157894736842,False,True
SYN_731_003944,x731,1,0.05263157894736842,False,True
SYN_731_003945,x731,1,0.05263157894736842,False,True
SYN_731_003946,x731,1,0.05263157894736842,False,True
SYN_731_003947,x731,2,0.10526315789473684,False,True
SYN_731_003948,G731ST-HT,1,0.05263157894736842,False,True
SYN_731_003949,x731,1,0.05263157894736842,False,True
SYN_731_003950,x731,1,0.05263157894736842,False,True
SYN_731_003951,x731,1,0.05263157894736842,False,True
SYN_731_003952,x731,1,0.05263157894736842,False,True
SYN_731_003953,x731,1,0.05263157894736842,False,True
SYN_731_003954,x731,1,0.05263157894736842,False,True
SYN_731_003955,G731ST-HT,1,0.05263157894736842,False,True
SYN_731_003956,x731,2,0.10526315789473684,False,True
SYN_731_003957,x731,1,0.05263157894736842,False,True
SYN_731_003958,x731,1,0.05263157894736842,False,True
SYN_731_003959,x731,3,0.15789473684210525,False,True
SYN_731_003960,x731,1,0.05263157894736842,False,True
SYN_731_003961,x731,1,0.05263157894736842,False,True
SYN_731_003962,x731,1,0.05263157894736842,True,False
SYN_731_003963,x731,1,0.05263157894736842,False,True
SYN_731_003964,G731ST-LT,1,0.05263157894736842,False,True
SYN_731_003965,x731,2,0.10526315789473684,False,True
SYN_731_003966,x731,2,0.10526315789473684,False,True
SYN_731_003967,x731,1,0.05263157894736842,False,True
SYN_731_003968,G731ST-HT,1,0.05263157894736842,False,True
SYN_731_003969,x731,1,0.05263157894736842,False,True
SYN_731_003970,x731,1,0.05263157894736842,False,True
SYN_731_003971,x731,1,0.05263157894736842,False,True
SYN_731_003972,x731,1,0.05263157894736842,False,True
SYN_731_003973,G731ST-HT,1,0.05263157894736842,False,True
SYN_731_003974,G731ST-HT,1,0.05263157894736842,True,False
SYN_731_003975,G731ST-HT,1,0.05263157894736842,True,False
SYN_731_003976,x731,1,0.05263157894736842,False,True
SYN_731_003977,x731,1,0.05263157894736842,False,True
SYN_731_003978,x731,1,0.05263157894736842,False,True
SYN_731_003979,x731,1,0.05263157894736842,False,True
SYN_731_003980,x731,2,0.10526315789473684,False,True
SYN_731_003981,x731,1,0.05263157894736842,False,True
SYN_731_003982,x731,2,0.10526315789473684,False,True
SYN_731_003983,x731,1,0.05263157894736842,False,True
SYN_731_003984,x731,1,0.05263157894736842,False,True
SYN_731_003985,G731ST-HT,1,0.05263157894736842,False,True
SYN_731_003986,x731,1,0.05263157894736842,False,True
SYN_731_003987,x731,1,0.05263157894736842,False,True
SYN_731_003988,x731,1,0.05263157894736842,False,True
SYN_731_003989,x731,1,0.05263157894736842,False,True
SYN_731_003990,x731,1,0.05263157894736842,False,True
SYN_731_003991,x731,1,0.05263157894736842,False,True
SYN_731_003992,x731,3,0.15789473684210525,False,True
SYN_731_003993,x731,1,0.05263157894736842,False,True
SYN_731_003994,x731,1,0.05263157894736842,True,False
SYN_731_003995,G731ST-LT,1,0.05263157894736842,False,True
SYN_731_003996,x731,2,0.10526315789473684,False,True
SYN_731_003997,x731,1,0.05263157894736842,False,True
SYN_731_003998,x731,1,0.05263157894736842,False,True
SYN_731_003999,x731,1,0.05263157894736842,False,True
SYN_731_004000,x731,1,0.05263157894736842,False,True
SYN_731_004001,G731ST-LT,1,0.05263157894736842,False,True
SYN_731_004002,G731ST-HT,1,0.05263157894736842,False,True
SYN_731_004003,x731,1,0.05263157894736842,False,True
SYN_731_004004,x731,1,0.05263157894736842,False,True
SYN_731_004005,x731,1,0.05263157894736842,False,True
SYN_731_004006,G731ST-HT,1,0.05263157894736842,False,True
SYN_731_004007,x731,1,0.05263157894736842,False,True
SYN_731_004008,x731,1,0.05263157894736842,False,True
SYN_731_004009,x731,1,0.05263157894736842,False,True
SYN_731_004010,x731,1,0.05263157894736842,False,True
SYN_731_004011,x731,4,0.21052631578947367,False,True
SYN_731_004012,x731,1,0.05263157894736842,False,True
SYN_731_004013,F731WD_DualChannel,1,0.05263157894736842,False,True
SYN_731_004014,x731,1,0.05263157894736842,False,True
SYN_731_004015,x731,1,0.05263157894736842,False,True
SYN_731_004016,x731,2,0.10526315789473684,False,True
SYN_731_004017,x731,1,0.05263157894736842,False,True
SYN_731_004018,G731ST-LT,1,0.05263157894736842,False,True
SYN_731_004019,x731,1,0.05263157894736842,False,True
SYN_731_004020,x731,1,0.05263157894736842,False,True
SYN_731_004021,x731,1,0.05263157894736842,False,True
SYN_731_004022,G731ST-LT,1,0.05263157894736842,False,True
SYN_731_004023,G731ST-LT,1,0.05263157894736842,False,True
SYN_731_004024,x731,1,0.05263157894736842,False,True
SYN_731_004025,x731,1,0.05263157894736842,False,True
SYN_731_004026,x731,1,0.05263157894736842,False,True
SYN_731_004027,x731,1,0.05263157894736842,False,True
SYN_731_004028,x731,2,0.10526315789473684,False,True
SYN_731_004029,x731,1,0.05263157894736842,False,True
SYN_731_004030,x731,1,0.05263157894736842,False,True
SYN_731_004031,x731,1,0.05263157894736842,False,True
SYN_731_004032,G731ST-LT,1,0.05263157894736842,False,True
SYN_731_004033,G731ST-LT,1,0.05263157894736842,False,True
SYN_731_004034,x731,1,0.05263157894736842,False,True
SYN_731_004035,x731,1,0.05263157894736842,False,True
SYN_731_004036,G731ST-HT,1,0.05263157894736842,False,True
SYN_731_004037,G731ST-LT,1,0.05263157894736842,False,True
SYN_731_004038,x731,1,0.05263157894736842,False,True
SYN_731_004039,x731,3,0.15789473684210525,False,True
SYN_731_004040,x731,1,0.05263157894736842,False,True
SYN_731_004041,x731,1,0.05263157894736842,False,True
SYN_731_004042,G731ST-HT,1,0.05263157894736842,False,True
SYN_731_004043,G731ST-HT,0,0.0,True,False
SYN_731_004044,x731,1,0.05263157894736842,False,True
SYN_731_004045,G731ST-LT,1,0.05263157894736842,False,True
SYN_731_004046,x731,1,0.05263157894736842,False,True
SYN_731_004047,x731,1,0.05263157894736842,False,True
SYN_731_004048,x731,3,0.15789473684210525,False,True
SYN_731_004049,x731,3,0.15789473684210525,False,True
SYN_731_004050,x731,1,0.05263157894736842,False,True
SYN_731_004051,x731,2,0.10526315789473684,False,True
SYN_731_004052,x731,1,0.05263157894736842,False,True
SYN_731_004053,x731,1,0.05263157894736842,False,True
SYN_731_004054,x731,1,0.05263157894736842,False,True
SYN_731_004055,G731ST-LT,1,0.05263157894736842,False,True
SYN_731_004056,x731,1,0.05263157894736842,False,True
SYN_731_004057,x731,2,0.10526315789473684,False,True
SYN_731_004058,x731,1,0.05263157894736842,False,True
SYN_731_004059,x731,1,0.05263157894736842,False,True
SYN_731_004060,x731,2,0.10526315789473684,False,True
SYN_731_004061,x731,1,0.05263157894736842,False,True
SYN_731_004062,x731,1,0.05263157894736842,False,True
SYN_731_004063,x731,2,0.10526315789473684,False,True
SYN_731_004064,x731,1,0.05263157894736842,False,True
SYN_731_004065,x731,1,0.05263157894736842,False,True
SYN_731_004066,x731,1,0.05263157894736842,False,True
SYN_731_004067,x731,1,0.05263157894736842,False,True
SYN_731_004068,G731CA,1,0.05263157894736842,False,True
SYN_731_004069,G731ST-LT,1,0.05263157894736842,False,True
SYN_731_004070,x731,1,0.05263157894736842,False,True
SYN_731_004071,x731,2,0.10526315789473684,False,True
SYN_731_004072,x731,1,0.05263157894736842,False,True
SYN_731_004073,x731,1,0.05263157894736842,False,True
SYN_731_004074,x731,3,0.15789473684210525,False,True
SYN_731_004075,x731,1,0.05263157894736842,False,True
SYN_731_004076,x731,1,0.05263157894736842,False,True
SYN_731_004077,x731,1,0.05263157894736842,False,True
SYN_731_004078,x731,2,0.10526315789473684,False,True
SYN_731_004079,x731,1,0.05263157894736842,False,True
SYN_731_004080,G731ST-HT,1,0.05263157894736842,False,True
SYN_731_004081,x731,3,0.15789473684210525,False,True
SYN_731_004082,G731ST-LT,1,0.05263157894736842,False,True
SYN_731_004083,x731,1,0.05263157894736842,False,True
SYN_731_004084,x731,2,0.10526315789473684,False,True
SYN_731_004085,G731ST-LT,1,0.05263157894736842,False,True
SYN_731_004086,x731,2,0.10526315789473684,False,True
SYN_731_004087,G731ST-LT,1,0.05263157894736842,False,True
SYN_731_004088,x731,2,0.10526315789473684,False,True
SYN_731_004089,x731,1,0.05263157894736842,False,True
SYN_731_004090,x731,1,0.05263157894736842,False,True
SYN_731_004091,x731,1,0.05263157894736842,False,True
SYN_731_004092,G731ST-HT,1,0.05263157894736842,True,False
SYN_731_004093,x731,3,0.15789473684210525,False,True
SYN_731_004094,x731,1,0.05263157894736842,False,True
SYN_731_004095,x731,1,0.05263157894736842,False,True
SYN_731_004096,G731ST-HT,1,0.05263157894736842,False,True
SYN_731_004097,x731,1,0.05263157894736842,False,True
SYN_731_004098,x731,3,0.15789473684210525,False,True
SYN_731_004099,x731,1,0.05263157894736842,True,False
SYN_731_004100,x731,1,0.05263157894736842,False,True
SYN_731_004101,x731,3,0.15789473684210525,False,True
SYN_731_004102,x731,2,0.10526315789473684,False,True
SYN_731_004103,x731,1,0.05263157894736842,False,True
SYN_731_004104,x731,1,0.05263157894736842,False,True
SYN_731_004105,x731,1,0.05263157894736842,False,True
SYN_731_004106,x731,1,0.05263157894736842,False,True
SYN_731_004107,x731,1,0.05263157894736842,False,True
SYN_731_004108,G731CA,1,0.05263157894736842,False,True
SYN_731_004109,x731,1,0.05263157894736842,False,True
SYN_731_004110,x731,2,0.10526315789473684,False,True
SYN_731_004111,G731ST-HT,1,0.05263157894736842,False,True
SYN_731_004112,x731,1,0.05263157894736842,False,True
SYN_731_004113,x731,3,0.15789473684210525,False,True
SYN_731_004114,G731ST-LT,1,0.05263157894736842,False,True
SYN_731_004115,x731,1,0.05263157894736842,False,True
SYN_731_004116,x731,3,0.15789473684210525,False,True
SYN_731_004117,x731,1,0.05263157894736842,False,True
SYN_731_004118,x731,1,0.05263157894736842,False,True
SYN_731_004119,x731,1,0.05263157894736842,False,True
SYN_731_004120,x731,2,0.10526315789473684,False,True
SYN_731_004121,x731,1,0.05263157894736842,False,True
SYN_731_004122,x731,1,0.05263157894736842,False,True
SYN_731_004123,x731,1,0.05263157894736842,False,True
SYN_731_004124,G731ST-LT,1,0.05263157894736842,False,True
SYN_731_004125,G731ST-HT,1,0.05263157894736842,False,True
SYN_731_004126,x731,1,0.05263157894736842,True,False
SYN_731_004127,x731,1,0.05263157894736842,False,True
SYN_731_004128,x731,1,0.05263157894736842,False,True
SYN_731_004129,G731ST-HT,1,0.05263157894736842,False,True
SYN_731_004130,x731,1,0.05263157894736842,False,True
SYN_731_004131,G731ST-LT,1,0.05263157894736842,False,True
SYN_731_004132,G731ST-LT,1,0.05263157894736842,False,True
SYN_731_004133,x731,1,0.05263157894736842,False,True
SYN_731_004134,x731,1,0.05263157894736842,False,True
SYN_731_004135,x731,1,0.05263157894736842,False,True
SYN_731_004136,x731,1,0.05263157894736842,False,True
SYN_731_004137,F731TE,1,0.05263157894736842,False,True
SYN_731_004138,x731,1,0.05263157894736842,False,True
SYN_731_004139,G731ST-LT,1,0.05263157894736842,False,True
SYN_731_004140,x731,2,0.10526315789473684,False,True
SYN_731_004141,x731,2,0.10526315789473684,False,True
SYN_731_004142,x731,1,0.05263157894736842,False,True
SYN_731_004143,x731,1,0.05263157894736842,False,True
SYN_731_004144,G731CA,1,0.05263157894736842,False,True
SYN_731_004145,x731,1,0.05263157894736842,False,True
SYN_731_004146,x731,1,0.05263157894736842,False,True
SYN_731_004147,x731,2,0.10526315789473684,False,True
SYN_731_004148,x731,2,0.10526315789473684,False,True
SYN_731_004149,x731,1,0.05263157894736842,False,True
SYN_731_004150,x731,1,0.05263157894736842,False,True
SYN_731_004151,G731ST-HT,1,0.05263157894736842,False,True
SYN_731_004152,x731,3,0.15789473684210525,False,True
SYN_731_004153,x731,1,0.05263157894736842,False,True
SYN_731_004154,x731,1,0.05263157894736842,False,True
SYN_731_004155,G731ST-LT,1,0.05263157894736842,False,True
SYN_731_004156,G731ST-HT,1,0.05263157894736842,False,True
SYN_731_004157,G731CA,1,0.05263157894736842,False,True
SYN_731_004158,x731,1,0.05263157894736842,False,True
SYN_731_004159,x731,1,0.05263157894736842,False,True
SYN_731_004160,x731,1,0.05263157894736842,False,True
SYN_731_004161,x731,2,0.10526315789473684,False,True
SYN_731_004162,G731ST-LT,1,0.05263157894736842,False,True
SYN_731_004163,x731,1,0.05263157894736842,False,True
SYN_731_004164,x731,1,0.05263157894736842,False,True
SYN_731_004165,x731,1,0.05263157894736842,False,True
SYN_731_004166,G731ST-HT,1,0.05263157894736842,False,True
SYN_731_004167,x731,1,0.05263157894736842,False,True
SYN_731_004168,x731,1,0.05263157894736842,False,True
SYN_731_004169,x731,1,0.05263157894736842,False,True
SYN_731_004170,x731,2,0.10526315789473684,False,True
SYN_731_004171,G731ST-LT,1,0.05263157894736842,False,True
SYN_731_004172,G731ST-HT,1,0.05263157894736842,False,True
SYN_731_004173,x731,1,0.05263157894736842,False,True
SYN_731_004174,G731ST-HT,1,0.05263157894736842,True,False
SYN_731_004175,x731,1,0.05263157894736842,False,True
SYN_731_004176,x731,2,0.10526315789473684,False,True
SYN_731_004177,x731,1,0.05263157894736842,False,True
SYN_731_004178,x731,1,0.05263157894736842,False,True
SYN_731_004179,x731,1,0.05263157894736842,False,True
SYN_731_004180,x731,2,0.10526315789473684,False,True
SYN_731_004181,x731,1,0.05263157894736842,True,False
SYN_731_004182,x731,1,0.05263157894736842,False,True
SYN_731_004183,G731ST-HT,1,0.05263157894736842,False,True
SYN_731_004184,x731,0,0.0,True,False
SYN_731_004185,x731,1,0.05263157894736842,False,True
SYN_731_004186,x731,1,0.05263157894736842,False,True
SYN_731_004187,x731,1,0.05263157894736842,False,True
SYN_731_004188,x731,1,0.05263157894736842,False,True
SYN_731_004189,x731,2,0.10526315789473684,False,True
SYN_731_004190,x731,1,0.05263157894736842,False,True
SYN_731_004191,G731ST-HT,1,0.05263157894736842,False,True
SYN_731_004192,x731,1,0.05263157894736842,False,True
SYN_731_004193,G731ST-HT,1,0.05263157894736842,False,True
SYN_731_004194,x731,1,0.05263157894736842,False,True
SYN_731_004195,G731ST-LT,1,0.05263157894736842,False,True
SYN_731_004196,G731ST-LT,1,0.05263157894736842,False,True
SYN_731_004197,G731ST-HT,1,0.05263157894736842,False,True
SYN_731_004198,x731,1,0.05263157894736842,False,True
SYN_731_004199,x731,1,0.05263157894736842,False,True
SYN_731_004200,x731,2,0.10526315789473684,False,True
SYN_731_004201,x731,1,0.05263157894736842,False,True
SYN_731_004202,x731,2,0.10526315789473684,False,True
SYN_731_004203,x731,2,0.10526315789473684,False,True
SYN_731_004204,x731,2,0.10526315789473684,False,True
SYN_731_004205,x731,1,0.05263157894736842,False,True
SYN_731_004206,x731,2,0.10526315789473684,False,True
SYN_731_004207,x731,1,0.05263157894736842,False,True
SYN_731_004208,x731,1,0.05263157894736842,False,True
SYN_731_004209,x731,1,0.05263157894736842,False,True
SYN_731_004210,x731,3,0.15789473684210525,False,True
SYN_731_004211,x731,1,0.05263157894736842,False,True
SYN_731_004212,x731,1,0.05263157894736842,False,True
SYN_731_004213,x731,2,0.10526315789473684,False,True
SYN_731_004214,x731,1,0.05263157894736842,False,True
SYN_731_004215,x731,1,0.05263157894736842,False,True
SYN_731_004216,x731,2,0.10526315789473684,False,True
SYN_731_004217,x731,1,0.05263157894736842,False,True
SYN_731_004218,x731,1,0.05263157894736842,False,True
SYN_731_004219,x731,3,0.15789473684210525,False,True
SYN_731_004220,x731,1,0.05263157894736842,False,True
SYN_731_004221,G731ST-LT,1,0.05263157894736842,False,True
SYN_731_004222,x731,1,0.05263157894736842,False,True
SYN_731_004223,x731,1,0.05263157894736842,False,True
SYN_731_004224,x731,2,0.10526315789473684,False,True
SYN_731_004225,x731,2,0.10526315789473684,False,True
SYN_731_004226,F731PW,1,0.05263157894736842,False,True
SYN_731_004227,x731,1,0.05263157894736842,False,True
SYN_731_004228,x731,1,0.05263157894736842,False,True
SYN_731_004229,x731,1,0.05263157894736842,False,True
SYN_731_004230,x731,2,0.10526315789473684,False,True
SYN_731_004231,x731,2,0.10526315789473684,False,True
SYN_731_004232,G731ST-HT,1,0.05263157894736842,True,False
SYN_731_004233,x731,2,0.10526315789473684,False,True
SYN_731_004234,x731,2,0.10526315789473684,False,True
SYN_731_004235,x731,1,0.05263157894736842,False,True
SYN_731_004236,x731,1,0.05263157894736842,False,True
SYN_731_004237,x731,2,0.10526315789473684,False,True
SYN_731_004238,x731,1,0.05263157894736842,False,True
SYN_731_004239,x731,2,0.10526315789473684,False,True
SYN_731_004240,x731,1,0.05263157894736842,False,True
SYN_731_004241,x731,2,0.10526315789473684,False,True
SYN_731_004242,x731,1,0.05263157894736842,False,True
SYN_731_004243,x731,1,0.05263157894736842,False,True
SYN_731_004244,x731,1,0.05263157894736842,False,True
SYN_731_004245,G731ST-HT,0,0.0,True,False
SYN_731_004246,G731ST-HT,1,0.05263157894736842,False,True
SYN_731_004247,G731ST-LT,1,0.05263157894736842,False,True
SYN_731_004248,x731,2,0.10526315789473684,False,True
SYN_731_004249,x731,1,0.05263157894736842,False,True
SYN_731_004250,x731,1,0.05263157894736842,False,True
SYN_731_004251,x731,1,0.05263157894736842,False,True
SYN_731_004252,x731,1,0.05263157894736842,False,True
SYN_731_004253,x731,1,0.05263157894736842,False,True
SYN_731_004254,x731,1,0.05263157894736842,False,True
SYN_731_004255,x731,1,0.05263157894736842,False,True
SYN_731_004256,G731ST-LT,1,0.05263157894736842,False,True
SYN_731_004257,x731,2,0.10526315789473684,False,True
SYN_731_004258,F731PW,1,0.05263157894736842,True,False
SYN_731_004259,x731,1,0.05263157894736842,False,True
SYN_731_004260,x731,1,0.05263157894736842,False,True
SYN_731_004261,G731ST-LT,1,0.05263157894736842,False,True
SYN_731_004262,x731,2,0.10526315789473684,False,True
SYN_731_004263,G731ST-LT,1,0.05263157894736842,True,False
SYN_731_004264,x731,1,0.05263157894736842,False,True
SYN_731_004265,G731ST-LT,1,0.05263157894736842,False,True
SYN_731_004266,x731,3,0.15789473684210525,False,True
SYN_731_004267,G731CA,1,0.05263157894736842,False,True
SYN_731_004268,x731,1,0.05263157894736842,False,True
SYN_731_004269,x731,1,0.05263157894736842,False,True
SYN_731_004270,x731,1,0.05263157894736842,False,True
SYN_731_004271,x731,1,0.05263157894736842,False,True
SYN_731_004272,x731,1,0.05263157894736842,False,True
SYN_731_004273,G731ST-HT,1,0.05263157894736842,False,True
SYN_731_004274,F731WD_DualChannel,1,0.05263157894736842,False,True
SYN_731_004275,x731,2,0.10526315789473684,False,True
SYN_731_004276,x731,1,0.05263157894736842,False,True
SYN_731_004277,G731ST-HT,1,0.05263157894736842,False,True
SYN_731_004278,x731,3,0.15789473684210525,False,True
SYN_731_004279,x731,1,0.05263157894736842,False,True
SYN_731_004280,x731,1,0.05263157894736842,False,True
SYN_731_004281,x731,1,0.05263157894736842,False,True
SYN_731_004282,G731ST-LT,1,0.05263157894736842,False,True
SYN_731_004283,x731,1,0.05263157894736842,False,True
SYN_731_004284,x731,1,0.05263157894736842,False,True
SYN_731_004285,x731,2,0.10526315789473684,False,True
SYN_731_004286,x731,1,0.05263157894736842,False,True
SYN_731_004287,G731ST-HT,1,0.05263157894736842,False,True
SYN_731_004288,x731,1,0.05263157894736842,False,True
SYN_731_004289,x731,1,0.05263157894736842,False,True
SYN_731_004290,x731,1,0.05263157894736842,False,True
SYN_731_004291,x731,1,0.05263157894736842,False,True
SYN_731_004292,G731ST-LT,1,0.05263157894736842,False,True
SYN_731_004293,x731,1,0.05263157894736842,False,True
SYN_731_004294,x731,0,0.0,True,False
SYN_731_004295,G731CA,1,0.05263157894736842,False,True
SYN_731_004296,x731,1,0.05263157894736842,False,True
SYN_731_004297,G731ST-LT,1,0.05263157894736842,False,True
SYN_731_004298,x731,2,0.10526315789473684,False,True
SYN_731_004299,x731,1,0.05263157894736842,False,True
SYN_731_004300,x731,1,0.05263157894736842,False,True
SYN_731_004301,x731,1,0.05263157894736842,False,True
SYN_731_004302,x731,1,0.05263157894736842,False,True
SYN_731_004303,G731ST-HT,1,0.05263157894736842,False,True
SYN_731_004304,x731,1,0.05263157894736842,False,True
SYN_731_004305,x731,2,0.10526315789473684,False,True
SYN_731_004306,x731,1,0.05263157894736842,False,True
SYN_731_004307,x731,1,0.05263157894736842,False,True
SYN_731_004308,x731,1,0.05263157894736842,False,True
SYN_731_004309,x731,3,0.15789473684210525,False,True
SYN_731_004310,x731,1,0.05263157894736842,False,True
SYN_731_004311,x731,3,0.15789473684210525,False,True
SYN_731_004312,x731,1,0.05263157894736842,False,True
SYN_731_004313,x731,1,0.05263157894736842,False,True
SYN_731_004314,F731TE,1,0.05263157894736842,False,True
SYN_731_004315,x731,1,0.05263157894736842,False,True
SYN_731_004316,x731,1,0.05263157894736842,False,True
SYN_731_004317,G731ST-HT,1,0.05263157894736842,False,True
SYN_731_004318,x731,2,0.10526315789473684,False,True
SYN_731_004319,x731,1,0.05263157894736842,False,True
SYN_731_004320,G731ST-HT,1,0.05263157894736842,False,True
SYN_731_004321,x731,3,0.15789473684210525,False,True
SYN_731_004322,x731,1,0.05263157894736842,False,True
SYN_731_004323,x731,1,0.05263157894736842,False,True
SYN_731_004324,G731ST-HT,1,0.05263157894736842,False,True
SYN_731_004325,x731,2,0.10526315789473684,False,True
SYN_731_004326,x731,1,0.05263157894736842,False,True
SYN_731_004327,x731,1,0.05263157894736842,False,True
SYN_731_004328,x731,2,0.10526315789473684,False,True
SYN_731_004329,x731,3,0.15789473684210525,False,True
SYN_731_004330,x731,1,0.05263157894736842,False,True
SYN_731_004331,G731ST-HT,1,0.05263157894736842,False,True
SYN_731_004332,x731,2,0.10526315789473684,False,True
SYN_731_004333,x731,2,0.10526315789473684,False,True
SYN_731_004334,x731,2,0.10526315789473684,False,True
SYN_731_004335,x731,1,0.05263157894736842,False,True
SYN_731_004336,x731,1,0.05263157894736842,False,True
SYN_731_004337,x731,2,0.10526315789473684,False,True
SYN_731_004338,x731,2,0.10526315789473684,False,True
SYN_731_004339,x731,1,0.05263157894736842,False,True
SYN_731_004340,x731,1,0.05263157894736842,False,True
SYN_731_004341,x731,2,0.10526315789473684,False,True
SYN_731_004342,x731,1,0.05263157894736842,False,True
SYN_731_004343,G731ST-HT,1,0.05263157894736842,False,True
SYN_731_004344,G731ST-LT,1,0.05263157894736842,True,False
SYN_731_004345,x731,1,0.05263157894736842,False,True
SYN_731_004346,x731,1,0.05263157894736842,False,True
SYN_731_004347,x731,2,0.10526315789473684,False,True
SYN_731_004348,x731,1,0.05263157894736842,False,True
SYN_731_004349,x731,1,0.05263157894736842,False,True
SYN_731_004350,F731PW,0,0.0,True,False
SYN_731_004351,G731ST-HT,1,0.05263157894736842,False,True
SYN_731_004352,x731,1,0.05263157894736842,False,True
SYN_731_004353,x731,2,0.10526315789473684,False,True
SYN_731_004354,x731,1,0.05263157894736842,False,True
SYN_731_004355,x731,1,0.05263157894736842,True,False
SYN_731_004356,x731,1,0.05263157894736842,False,True
SYN_731_004357,x731,1,0.05263157894736842,False,True
SYN_731_004358,x731,2,0.10526315789473684,False,True
SYN_731_004359,x731,1,0.05263157894736842,False,True
SYN_731_004360,x731,2,0.10526315789473684,False,True
SYN_731_004361,x731,1,0.05263157894736842,False,True
SYN_731_004362,x731,3,0.15789473684210525,False,True
SYN_731_004363,x731,3,0.15789473684210525,False,True
SYN_731_004364,x731,2,0.10526315789473684,False,True
SYN_731_004365,x731,1,0.05263157894736842,False,True
SYN_731_004366,x731,1,0.05263157894736842,False,True
SYN_731_004367,x731,3,0.15789473684210525,False,True
SYN_731_004368,x731,1,0.05263157894736842,False,True
SYN_731_004369,G731ST-HT,1,0.05263157894736842,False,True
SYN_731_004370,x731,1,0.05263157894736842,False,True
SYN_731_004371,G731ST-LT,1,0.05263157894736842,False,True
SYN_731_004372,G731ST-LT,1,0.05263157894736842,False,True
SYN_731_004373,x731,2,0.10526315789473684,False,True
SYN_731_004374,x731,1,0.05263157894736842,False,True
SYN_731_004375,x731,2,0.10526315789473684,False,True
SYN_731_004376,x731,1,0.05263157894736842,False,True
SYN_731_004377,G731ST-LT,1,0.05263157894736842,False,True
SYN_731_004378,x731,1,0.05263157894736842,False,True
SYN_731_004379,G731ST-LT,1,0.05263157894736842,False,True
SYN_731_004380,G731ST-LT,1,0.05263157894736842,False,True
SYN_731_004381,x731,3,0.15789473684210525,False,True
SYN_731_004382,G731ST-HT,1,0.05263157894736842,True,False
SYN_731_004383,x731,2,0.10526315789473684,False,True
SYN_731_004384,x731,1,0.05263157894736842,False,True
SYN_731_004385,x731,2,0.10526315789473684,False,True
SYN_731_004386,G731ST-HT,1,0.05263157894736842,False,True
SYN_731_004387,x731,1,0.05263157894736842,False,True
SYN_731_004388,x731,1,0.05263157894736842,False,True
SYN_731_004389,x731,1,0.05263157894736842,False,True
SYN_731_004390,x731,0,0.0,True,False
SYN_731_004391,x731,1,0.05263157894736842,False,True
SYN_731_004392,x731,1,0.05263157894736842,False,True
SYN_731_004393,x731,1,0.05263157894736842,False,True
SYN_731_004394,x731,1,0.05263157894736842,False,True
SYN_731_004395,x731,1,0.05263157894736842,False,True
SYN_731_004396,G731ST-HT,1,0.05263157894736842,False,True
SYN_731_004397,G731ST-LT,1,0.05263157894736842,False,True
SYN_731_004398,x731,1,0.05263157894736842,False,True
SYN_731_004399,x731,2,0.10526315789473684,False,True
SYN_731_004400,x731,1,0.05263157894736842,False,True
SYN_731_004401,x731,1,0.05263157894736842,False,True
SYN_731_004402,x731,1,0.05263157894736842,False,True
SYN_731_004403,x731,2,0.10526315789473684,False,True
SYN_731_004404,x731,1,0.05263157894736842,False,True
SYN_731_004405,x731,1,0.05263157894736842,False,True
SYN_731_004406,x731,1,0.05263157894736842,False,True
SYN_731_004407,x731,1,0.05263157894736842,False,True
SYN_731_004408,x731,2,0.10526315789473684,False,True
SYN_731_004409,x731,1,0.05263157894736842,False,True
SYN_731_004410,x731,1,0.05263157894736842,False,True
SYN_731_004411,x731,1,0.05263157894736842,False,True
SYN_731_004412,x731,2,0.10526315789473684,False,True
SYN_731_004413,x731,2,0.10526315789473684,False,True
SYN_731_004414,x731,1,0.05263157894736842,False,True
SYN_731_004415,x731,1,0.05263157894736842,False,True
SYN_731_004416,x731,1,0.05263157894736842,False,True
SYN_731_004417,x731,2,0.10526315789473684,False,True
SYN_731_004418,x731,1,0.05263157894736842,False,True
SYN_731_004419,x731,3,0.15789473684210525,False,True
SYN_731_004420,x731,2,0.10526315789473684,False,True
SYN_731_004421,x731,1,0.05263157894736842,False,True
SYN_731_004422,x731,1,0.05263157894736842,False,True
SYN_731_004423,x731,1,0.05263157894736842,False,True
SYN_731_004424,x731,1,0.05263157894736842,False,True
SYN_731_004425,x731,1,0.05263157894736842,False,True
SYN_731_004426,x731,3,0.15789473684210525,False,True
SYN_731_004427,x731,1,0.05263157894736842,False,True
SYN_731_004428,G731ST-HT,1,0.05263157894736842,False,True
SYN_731_004429,x731,2,0.10526315789473684,False,True
SYN_731_004430,G731ST-HT,1,0.05263157894736842,False,True
SYN_731_004431,x731,1,0.05263157894736842,False,True
SYN_731_004432,x731,1,0.05263157894736842,False,True
SYN_731_004433,x731,1,0.05263157894736842,False,True
SYN_731_004434,G731ST-LT,1,0.05263157894736842,False,True
SYN_731_004435,x731,2,0.10526315789473684,False,True
SYN_731_004436,x731,1,0.05263157894736842,False,True
SYN_731_004437,G731ST-LT,0,0.0,True,False
SYN_731_004438,x731,1,0.05263157894736842,False,True
SYN_731_004439,x731,1,0.05263157894736842,False,True
SYN_731_004440,x731,2,0.10526315789473684,False,True
SYN_731_004441,x731,1,0.05263157894736842,False,True
SYN_731_004442,x731,2,0.10526315789473684,False,True
SYN_731_004443,G731ST-LT,1,0.05263157894736842,False,True
SYN_731_004444,x731,3,0.15789473684210525,False,True
SYN_731_004445,G731ST-LT,1,0.05263157894736842,False,True
SYN_731_004446,x731,1,0.05263157894736842,True,False
SYN_731_004447,x731,1,0.05263157894736842,False,True
SYN_731_004448,x731,1,0.05263157894736842,False,True
SYN_731_004449,x731,1,0.05263157894736842,False,True
SYN_731_004450,x731,3,0.15789473684210525,False,True
SYN_731_004451,G731CA,1,0.05263157894736842,False,True
SYN_731_004452,G731ST-HT,1,0.05263157894736842,False,True
SYN_731_004453,x731,2,0.10526315789473684,False,True
SYN_731_004454,G731ST-HT,1,0.05263157894736842,False,True
SYN_731_004455,x731,1,0.05263157894736842,False,True
SYN_731_004456,x731,1,0.05263157894736842,False,True
SYN_731_004457,G731ST-HT,1,0.05263157894736842,False,True
SYN_731_004458,x731,1,0.05263157894736842,False,True
SYN_731_004459,x731,1,0.05263157894736842,False,True
SYN_731_004460,F731WD_SingleChannel,1,0.05263157894736842,False,True
SYN_731_004461,G731ST-LT,1,0.05263157894736842,False,True
SYN_731_004462,x731,1,0.05263157894736842,False,True
SYN_731_004463,x731,1,0.05263157894736842,False,True
SYN_731_004464,G731ST-HT,1,0.05263157894736842,False,True
SYN_731_004465,x731,2,0.10526315789473684,False,True
SYN_731_004466,G731ST-LT,1,0.05263157894736842,True,False
SYN_731_004467,x731,1,0.05263157894736842,False,True
SYN_731_004468,x731,1,0.05263157894736842,True,False
SYN_731_004469,x731,2,0.10526315789473684,False,True
SYN_731_004470,x731,1,0.05263157894736842,False,True
SYN_731_004471,x731,1,0.05263157894736842,False,True
SYN_731_004472,x731,2,0.10526315789473684,False,True
SYN_731_004473,x731,1,0.05263157894736842,False,True
SYN_731_004474,x731,1,0.05263157894736842,False,True
SYN_731_004475,x731,1,0.05263157894736842,False,True
SYN_731_004476,x731,1,0.05263157894736842,False,True
SYN_731_004477,G731ST-LT,1,0.05263157894736842,False,True
SYN_731_004478,x731,2,0.10526315789473684,False,True
SYN_731_004479,x731,1,0.05263157894736842,False,True
SYN_731_004480,x731,1,0.05263157894736842,False,True
SYN_731_004481,G731CA,1,0.05263157894736842,False,True
SYN_731_004482,x731,1,0.05263157894736842,False,True
SYN_731_004483,x731,1,0.05263157894736842,False,True
SYN_731_004484,x731,1,0.05263157894736842,False,True
SYN_731_004485,x731,2,0.10526315789473684,False,True
SYN_731_004486,x731,1,0.05263157894736842,False,True
SYN_731_004487,G731ST-LT,1,0.05263157894736842,False,True
SYN_731_004488,G731CA,1,0.05263157894736842,False,True
SYN_731_004489,x731,2,0.10526315789473684,False,True
SYN_731_004490,x731,3,0.15789473684210525,False,True
SYN_731_004491,x731,1,0.05263157894736842,False,True
SYN_731_004492,x731,1,0.05263157894736842,False,True
SYN_731_004493,x731,1,0.05263157894736842,False,True
SYN_731_004494,G731ST-LT,1,0.05263157894736842,True,False
SYN_731_004495,x731,2,0.10526315789473684,False,True
SYN_731_004496,x731,2,0.10526315789473684,False,True
SYN_731_004497,x731,1,0.05263157894736842,True,False
SYN_731_004498,x731,2,0.10526315789473684,False,True
SYN_731_004499,x731,1,0.05263157894736842,False,True
SYN_731_004500,x731,1,0.05263157894736842,False,True
SYN_731_004501,x731,1,0.05263157894736842,False,True
SYN_731_004502,G731ST-HT,1,0.05263157894736842,False,True
SYN_731_004503,F731WD_DualChannel,1,0.05263157894736842,False,True
SYN_731_004504,x731,1,0.05263157894736842,False,True
SYN_731_004505,x731,1,0.05263157894736842,False,True
SYN_731_004506,x731,1,0.05263157894736842,False,True
SYN_731_004507,x731,1,0.05263157894736842,False,True
SYN_731_004508,x731,2,0.10526315789473684,False,True
SYN_731_004509,x731,1,0.05263157894736842,False,True
SYN_731_004510,G731ST-LT,1,0.05263157894736842,False,True
SYN_731_004511,x731,1,0.05263157894736842,False,True
SYN_731_004512,x731,2,0.10526315789473684,False,True
SYN_731_004513,x731,1,0.05263157894736842,False,True
SYN_731_004514,x731,2,0.10526315789473684,False,True
SYN_731_004515,x731,1,0.05263157894736842,True,False
SYN_731_004516,x731,1,0.05263157894736842,False,True
SYN_731_004517,x731,1,0.05263157894736842,False,True
SYN_731_004518,G731ST-HT,1,0.05263157894736842,False,True
SYN_731_004519,x731,1,0.05263157894736842,False,True
SYN_731_004520,x731,1,0.05263157894736842,False,True
SYN_731_004521,x731,1,0.05263157894736842,False,True
SYN_731_004522,x731,2,0.10526315789473684,False,True
SYN_731_004523,G731ST-HT,1,0.05263157894736842,True,False
SYN_731_004524,x731,2,0.10526315789473684,False,True
SYN_731_004525,x731,1,0.05263157894736842,False,True
SYN_731_004526,x731,1,0.05263157894736842,False,True
SYN_731_004527,x731,1,0.05263157894736842,False,True
SYN_731_004528,x731,3,0.15789473684210525,False,True
SYN_731_004529,x731,1,0.05263157894736842,False,True
SYN_731_004530,x731,2,0.10526315789473684,False,True
SYN_731_004531,x731,2,0.10526315789473684,False,True
SYN_731_004532,x731,1,0.05263157894736842,False,True
SYN_731_004533,x731,1,0.05263157894736842,False,True
SYN_731_004534,x731,1,0.05263157894736842,False,True
SYN_731_004535,x731,1,0.05263157894736842,False,True
SYN_731_004536,x731,1,0.05263157894736842,False,True
SYN_731_004537,x731,1,0.05263157894736842,False,True
SYN_731_004538,x731,2,0.10526315789473684,False,True
SYN_731_004539,x731,2,0.10526315789473684,False,True
SYN_731_004540,G731ST-HT,1,0.05263157894736842,False,True
SYN_731_004541,x731,1,0.05263157894736842,False,True
SYN_731_004542,x731,1,0.05263157894736842,False,True
SYN_731_004543,G731ST-HT,1,0.05263157894736842,False,True
SYN_731_004544,x731,2,0.10526315789473684,False,True
SYN_731_004545,G731ST-LT,1,0.05263157894736842,False,True
SYN_731_004546,x731,2,0.10526315789473684,False,True
SYN_731_004547,x731,1,0.05263157894736842,False,True
SYN_731_004548,x731,1,0.05263157894736842,False,True
SYN_731_004549,x731,1,0.05263157894736842,False,True
SYN_731_004550,G731ST-LT,1,0.05263157894736842,False,True
SYN_731_004551,x731,1,0.05263157894736842,False,True
SYN_731_004552,x731,1,0.05263157894736842,False,True
SYN_731_004553,x731,2,0.10526315789473684,False,True
SYN_731_004554,G731ST-HT,1,0.05263157894736842,False,True
SYN_731_004555,x731,1,0.05263157894736842,False,True
SYN_731_004556,x731,0,0.0,True,False
SYN_731_004557,x731,1,0.05263157894736842,False,True
SYN_731_004558,x731,1,0.05263157894736842,True,False
SYN_731_004559,x731,1,0.05263157894736842,False,True
SYN_731_004560,G731CA,1,0.05263157894736842,False,True
SYN_731_004561,x731,1,0.05263157894736842,False,True
SYN_731_004562,x731,1,0.05263157894736842,False,True
SYN_731_004563,G731ST-HT,1,0.05263157894736842,False,True
SYN_731_004564,x731,1,0.05263157894736842,False,True
SYN_731_004565,x731,1,0.05263157894736842,False,True
SYN_731_004566,x731,1,0.05263157894736842,False,True
SYN_731_004567,x731,1,0.05263157894736842,False,True
SYN_731_004568,x731,1,0.05263157894736842,False,True
SYN_731_004569,G731ST-LT,1,0.05263157894736842,False,True
SYN_731_004570,x731,1,0.05263157894736842,True,False
SYN_731_004571,x731,1,0.05263157894736842,False,True
SYN_731_004572,G731ST-HT,1,0.05263157894736842,False,True
SYN_731_004573,x731,2,0.10526315789473684,False,True
SYN_731_004574,x731,3,0.15789473684210525,False,True
SYN_731_004575,x731,1,0.05263157894736842,False,True
SYN_731_004576,x731,1,0.05263157894736842,False,True
SYN_731_004577,x731,1,0.05263157894736842,False,True
SYN_731_004578,x731,2,0.10526315789473684,False,True
SYN_731_004579,G731ST-LT,1,0.05263157894736842,False,True
SYN_731_004580,x731,1,0.05263157894736842,False,True
SYN_731_004581,x731,2,0.10526315789473684,False,True
SYN_731_004582,x731,2,0.10526315789473684,False,True
SYN_731_004583,F731WD_DualChannel,1,0.05263157894736842,False,True
SYN_731_004584,x731,1,0.05263157894736842,False,True
SYN_731_004585,x731,2,0.10526315789473684,False,True
SYN_731_004586,G731ST-HT,1,0.05263157894736842,False,True
SYN_731_004587,x731,1,0.05263157894736842,False,True
SYN_731_004588,x731,1,0.05263157894736842,False,True
SYN_731_004589,G731ST-HT,1,0.05263157894736842,False,True
SYN_731_004590,x731,1,0.05263157894736842,False,True
SYN_731_004591,x731,1,0.05263157894736842,False,True
SYN_731_004592,x731,1,0.05263157894736842,False,True
SYN_731_004593,x731,2,0.10526315789473684,False,True
SYN_731_004594,x731,1,0.05263157894736842,False,True
SYN_731_004595,G731ST-LT,1,0.05263157894736842,False,True
SYN_731_004596,x731,1,0.05263157894736842,False,True
SYN_731_004597,G731ST-HT,1,0.05263157894736842,False,True
SYN_731_004598,G731ST-LT,1,0.05263157894736842,False,True
SYN_731_004599,x731,2,0.10526315789473684,False,True
SYN_731_004600,x731,1,0.05263157894736842,False,True
SYN_731_004601,x731,1,0.05263157894736842,False,True
SYN_731_004602,x731,1,0.05263157894736842,False,True
SYN_731_004603,F731TE,1,0.05263157894736842,False,True
SYN_731_004604,x731,1,0.05263157894736842,False,True
SYN_731_004605,x731,1,0.05263157894736842,False,True
SYN_731_004606,x731,1,0.05263157894736842,False,True
SYN_731_004607,x731,1,0.05263157894736842,False,True
SYN_731_004608,x731,1,0.05263157894736842,False,True
SYN_731_004609,G731ST-HT,1,0.05263157894736842,False,True
SYN_731_004610,x731,1,0.05263157894736842,False,True
SYN_731_004611,G731ST-LT,1,0.05263157894736842,False,True
SYN_731_004612,x731,2,0.10526315789473684,False,True
SYN_731_004613,G731ST-LT,1,0.05263157894736842,False,True
SYN_731_004614,x731,1,0.05263157894736842,False,True
SYN_731_004615,G731ST-LT,1,0.05263157894736842,False,True
SYN_731_004616,x731,2,0.10526315789473684,False,True
SYN_731_004617,x731,1,0.05263157894736842,False,True
SYN_731_004618,G731ST-HT,0,0.0,True,False
SYN_731_004619,x731,1,0.05263157894736842,False,True
SYN_731_004620,G731ST-HT,1,0.05263157894736842,False,True
SYN_731_004621,G731CA,1,0.05263157894736842,False,True
SYN_731_004622,x731,1,0.05263157894736842,False,True
SYN_731_004623,x731,3,0.15789473684210525,False,True
SYN_731_004624,G731ST-HT,1,0.05263157894736842,False,True
SYN_731_004625,x731,1,0.05263157894736842,False,True
SYN_731_004626,G731ST-LT,1,0.05263157894736842,False,True
SYN_731_004627,x731,1,0.05263157894736842,False,True
SYN_731_004628,G731ST-HT,1,0.05263157894736842,False,True
SYN_731_004629,x731,1,0.05263157894736842,False,True
SYN_731_004630,x731,2,0.10526315789473684,False,True
SYN_731_004631,G731ST-HT,1,0.05263157894736842,False,True
SYN_731_004632,x731,2,0.10526315789473684,False,True
SYN_731_004633,G731ST-LT,1,0.05263157894736842,False,True
SYN_731_004634,x731,0,0.0,True,False
SYN_731_004635,x731,1,0.05263157894736842,True,False
SYN_731_004636,F731WD_DualChannel,1,0.05263157894736842,False,True
SYN_731_004637,G731ST-LT,1,0.05263157894736842,False,True
SYN_731_004638,x731,2,0.10526315789473684,False,True
SYN_731_004639,x731,1,0.05263157894736842,False,True
SYN_731_004640,x731,1,0.05263157894736842,False,True
SYN_731_004641,x731,1,0.05263157894736842,False,True
SYN_731_004642,G731ST-LT,1,0.05263157894736842,False,True
SYN_731_004643,x731,2,0.10526315789473684,False,True
SYN_731_004644,F731WD_SingleChannel,1,0.05263157894736842,False,True
SYN_731_004645,x731,1,0.05263157894736842,False,True
SYN_731_004646,x731,1,0.05263157894736842,False,True
SYN_731_004647,x731,1,0.05263157894736842,False,True
SYN_731_004648,x731,1,0.05263157894736842,False,True
SYN_731_004649,x731,1,0.05263157894736842,False,True
SYN_731_004650,G731ST-HT,1,0.05263157894736842,False,True
SYN_731_004651,G731ST-HT,1,0.05263157894736842,False,True
SYN_731_004652,G731ST-LT,1,0.05263157894736842,False,True
SYN_731_004653,x731,1,0.05263157894736842,False,True
SYN_731_004654,x731,2,0.10526315789473684,False,True
SYN_731_004655,x731,2,0.10526315789473684,False,True
SYN_731_004656,x731,1,0.05263157894736842,False,True
SYN_731_004657,G731ST-HT,1,0.05263157894736842,False,True
SYN_731_004658,x731,2,0.10526315789473684,False,True
SYN_731_004659,x731,1,0.05263157894736842,False,True
SYN_731_004660,x731,1,0.05263157894736842,False,True
SYN_731_004661,x731,1,0.05263157894736842,False,True
SYN_731_004662,x731,1,0.05263157894736842,False,True
SYN_731_004663,x731,1,0.05263157894736842,False,True
SYN_731_004664,G731ST-HT,1,0.05263157894736842,False,True
SYN_731_004665,x731,1,0.05263157894736842,False,True
SYN_731_004666,x731,1,0.05263157894736842,False,True
SYN_731_004667,G731ST-HT,1,0.05263157894736842,False,True
SYN_731_004668,x731,2,0.10526315789473684,False,True
SYN_731_004669,x731,1,0.05263157894736842,False,True
SYN_731_004670,x731,1,0.05263157894736842,False,True
SYN_731_004671,x731,2,0.10526315789473684,False,True
SYN_731_004672,x731,1,0.05263157894736842,False,True
SYN_731_004673,x731,2,0.10526315789473684,False,True
SYN_731_004674,x731,1,0.05263157894736842,False,True
SYN_731_004675,x731,1,0.05263157894736842,False,True
SYN_731_004676,x731,2,0.10526315789473684,False,True
SYN_731_004677,G731ST-LT,1,0.05263157894736842,False,True
SYN_731_004678,x731,1,0.05263157894736842,False,True
SYN_731_004679,x731,3,0.15789473684210525,False,True
SYN_731_004680,x731,2,0.10526315789473684,False,True
SYN_731_004681,x731,1,0.05263157894736842,False,True
SYN_731_004682,x731,1,0.05263157894736842,False,True
SYN_731_004683,x731,1,0.05263157894736842,False,True
SYN_731_004684,x731,2,0.10526315789473684,False,True
SYN_731_004685,x731,2,0.10526315789473684,False,True
SYN_731_004686,x731,1,0.05263157894736842,False,True
SYN_731_004687,x731,3,0.15789473684210525,False,True
SYN_731_004688,F731WD_SingleChannel,1,0.05263157894736842,False,True
SYN_731_004689,x731,2,0.10526315789473684,False,True
SYN_731_004690,x731,2,0.10526315789473684,False,True
SYN_731_004691,x731,1,0.05263157894736842,False,True
SYN_731_004692,x731,1,0.05263157894736842,False,True
SYN_731_004693,x731,1,0.05263157894736842,False,True
SYN_731_004694,G731ST-LT,1,0.05263157894736842,False,True
SYN_731_004695,x731,1,0.05263157894736842,False,True
SYN_731_004696,G731ST-LT,1,0.05263157894736842,False,True
SYN_731_004697,x731,1,0.05263157894736842,False,True
SYN_731_004698,x731,2,0.10526315789473684,False,True
SYN_731_004699,x731,1,0.05263157894736842,False,True
SYN_731_004700,x731,1,0.05263157894736842,False,True
SYN_731_004701,F731TE,1,0.05263157894736842,False,True
SYN_731_004702,x731,2,0.10526315789473684,False,True
SYN_731_004703,x731,1,0.05263157894736842,False,True
SYN_731_004704,x731,1,0.05263157894736842,False,True
SYN_731_004705,x731,1,0.05263157894736842,False,True
SYN_731_004706,x731,1,0.05263157894736842,False,True
SYN_731_004707,G731ST-HT,1,0.05263157894736842,False,True
SYN_731_004708,x731,1,0.05263157894736842,False,True
SYN_731_004709,x731,1,0.05263157894736842,False,True
SYN_731_004710,x731,1,0.05263157894736842,False,True
SYN_731_004711,x731,2,0.10526315789473684,False,True
SYN_731_004712,G731ST-HT,1,0.05263157894736842,False,True
SYN_731_004713,x731,1,0.05263157894736842,False,True
SYN_731_004714,x731,2,0.10526315789473684,False,True
SYN_731_004715,x731,3,0.15789473684210525,False,True
SYN_731_004716,G731ST-HT,1,0.05263157894736842,False,True
SYN_731_004717,G731ST-HT,1,0.05263157894736842,False,True
SYN_731_004718,x731,1,0.05263157894736842,False,True
SYN_731_004719,F731TE,1,0.05263157894736842,False,True
SYN_731_004720,x731,1,0.05263157894736842,False,True
SYN_731_004721,x731,1,0.05263157894736842,False,True
SYN_731_004722,G731ST-HT,1,0.05263157894736842,False,True
SYN_731_004723,x731,1,0.05263157894736842,False,True
SYN_731_004724,G731ST-HT,1,0.05263157894736842,False,True
SYN_731_004725,x731,2,0.10526315789473684,False,True
SYN_731_004726,x731,1,0.05263157894736842,False,True
SYN_731_004727,x731,1,0.05263157894736842,False,True
SYN_731_004728,x731,1,0.05263157894736842,False,True
SYN_731_004729,x731,1,0.05263157894736842,False,True
SYN_731_004730,x731,2,0.10526315789473684,False,True
SYN_731_004731,x731,1,0.05263157894736842,False,True
SYN_731_004732,x731,1,0.05263157894736842,False,True
SYN_731_004733,x731,2,0.10526315789473684,False,True
SYN_731_004734,x731,2,0.10526315789473684,False,True
SYN_731_004735,x731,1,0.05263157894736842,False,True
SYN_731_004736,x731,1,0.05263157894736842,False,True
SYN_731_004737,x731,1,0.05263157894736842,False,True
SYN_731_004738,x731,1,0.05263157894736842,False,True
SYN_731_004739,G731ST-LT,1,0.05263157894736842,False,True
SYN_731_004740,x731,2,0.10526315789473684,False,True
SYN_731_004741,x731,1,0.05263157894736842,False,True
SYN_731_004742,x731,1,0.05263157894736842,False,True
SYN_731_004743,x731,3,0.15789473684210525,False,True
SYN_731_004744,x731,1,0.05263157894736842,False,True
SYN_731_004745,x731,1,0.05263157894736842,True,False
SYN_731_004746,x731,1,0.05263157894736842,False,True
SYN_731_004747,x731,1,0.05263157894736842,False,True
SYN_731_004748,x731,1,0.05263157894736842,False,True
SYN_731_004749,G731ST-HT,1,0.05263157894736842,False,True
SYN_731_004750,x731,1,0.05263157894736842,False,True
SYN_731_004751,x731,3,0.15789473684210525,False,True
SYN_731_004752,x731,1,0.05263157894736842,False,True
SYN_731_004753,G731ST-LT,1,0.05263157894736842,False,True
SYN_731_004754,G731ST-LT,1,0.05263157894736842,False,True
SYN_731_004755,G731ST-LT,1,0.05263157894736842,False,True
SYN_731_004756,x731,1,0.05263157894736842,False,True
SYN_731_004757,G731ST-HT,1,0.05263157894736842,True,False
SYN_731_004758,x731,1,0.05263157894736842,False,True
SYN_731_004759,x731,1,0.05263157894736842,False,True
SYN_731_004760,x731,1,0.05263157894736842,False,True
SYN_731_004761,x731,1,0.05263157894736842,False,True
SYN_731_004762,x731,2,0.10526315789473684,False,True
SYN_731_004763,x731,2,0.10526315789473684,False,True
SYN_731_004764,x731,3,0.15789473684210525,False,True
SYN_731_004765,F731TE,1,0.05263157894736842,False,True
SYN_731_004766,x731,1,0.05263157894736842,False,True
SYN_731_004767,x731,1,0.05263157894736842,False,True
SYN_731_004768,x731,2,0.10526315789473684,False,True
SYN_731_004769,x731,1,0.05263157894736842,False,True
SYN_731_004770,x731,1,0.05263157894736842,False,True
SYN_731_004771,x731,1,0.05263157894736842,False,True
SYN_731_004772,G731CA,1,0.05263157894736842,False,True
SYN_731_004773,G731ST-LT,1,0.05263157894736842,True,False
SYN_731_004774,x731,1,0.05263157894736842,False,True
SYN_731_004775,G731ST-HT,1,0.05263157894736842,False,True
SYN_731_004776,x731,2,0.10526315789473684,False,True
SYN_731_004777,x731,1,0.05263157894736842,False,True
SYN_731_004778,G731ST-HT,1,0.05263157894736842,False,True
SYN_731_004779,x731,1,0.05263157894736842,False,True
SYN_731_004780,x731,2,0.10526315789473684,False,True
SYN_731_004781,x731,1,0.05263157894736842,False,True
SYN_731_004782,x731,2,0.10526315789473684,False,True
SYN_731_004783,x731,1,0.05263157894736842,False,True
SYN_731_004784,x731,1,0.05263157894736842,False,True
SYN_731_004785,x731,1,0.05263157894736842,False,True
SYN_731_004786,x731,3,0.15789473684210525,False,True
SYN_731_004787,F731WD_SingleChannel,1,0.05263157894736842,False,True
SYN_731_004788,x731,3,0.15789473684210525,False,True
SYN_731_004789,x731,2,0.10526315789473684,False,True
SYN_731_004790,x731,1,0.05263157894736842,False,True
SYN_731_004791,x731,1,0.05263157894736842,False,True
SYN_731_004792,x731,1,0.05263157894736842,False,True
SYN_731_004793,x731,1,0.05263157894736842,False,True
SYN_731_004794,G731ST-HT,1,0.05263157894736842,True,False
SYN_731_004795,x731,1,0.05263157894736842,False,True
SYN_731_004796,x731,1,0.05263157894736842,False,True
SYN_731_004797,G731ST-LT,1,0.05263157894736842,False,True
SYN_731_004798,F731WD_DualChannel,1,0.05263157894736842,False,True
SYN_731_004799,x731,2,0.10526315789473684,False,True
SYN_731_004800,F731PW,1,0.05263157894736842,True,False
SYN_731_004801,G731ST-LT,1,0.05263157894736842,False,True
SYN_731_004802,F731PW,1,0.05263157894736842,True,False
SYN_731_004803,G731ST-LT,1,0.05263157894736842,True,False
SYN_731_004804,G731ST-HT,1,0.05263157894736842,False,True
SYN_731_004805,x731,2,0.10526315789473684,False,True
SYN_731_004806,G731ST-LT,1,0.05263157894736842,False,True
SYN_731_004807,x731,1,0.05263157894736842,False,True
SYN_731_004808,x731,1,0.05263157894736842,False,True
SYN_731_004809,x731,2,0.10526315789473684,False,True
SYN_731_004810,x731,1,0.05263157894736842,False,True
SYN_731_004811,x731,0,0.0,True,False
SYN_731_004812,x731,1,0.05263157894736842,False,True
SYN_731_004813,x731,1,0.05263157894736842,False,True
SYN_731_004814,x731,1,0.05263157894736842,False,True
SYN_731_004815,G731ST-LT,1,0.05263157894736842,False,True
SYN_731_004816,G731ST-HT,1,0.05263157894736842,False,True
SYN_731_004817,x731,1,0.05263157894736842,False,True
SYN_731_004818,x731,1,0.05263157894736842,False,True
SYN_731_004819,x731,1,0.05263157894736842,False,True
SYN_731_004820,x731,2,0.10526315789473684,False,True
SYN_731_004821,x731,1,0.05263157894736842,False,True
SYN_731_004822,G731ST-HT,1,0.05263157894736842,False,True
SYN_731_004823,x731,1,0.05263157894736842,False,True
SYN_731_004824,x731,2,0.10526315789473684,False,True
SYN_731_004825,x731,1,0.05263157894736842,False,True
SYN_731_004826,x731,1,0.05263157894736842,False,True
SYN_731_004827,x731,1,0.05263157894736842,False,True
SYN_731_004828,x731,1,0.05263157894736842,False,True
SYN_731_004829,x731,1,0.05263157894736842,False,True
SYN_731_004830,x731,2,0.10526315789473684,False,True
SYN_731_004831,x731,2,0.10526315789473684,False,True
SYN_731_004832,x731,1,0.05263157894736842,False,True
SYN_731_004833,x731,1,0.05263157894736842,True,False
SYN_731_004834,F731TE,1,0.05263157894736842,False,True
SYN_731_004835,x731,1,0.05263157894736842,False,True
SYN_731_004836,x731,2,0.10526315789473684,False,True
SYN_731_004837,x731,3,0.15789473684210525,False,True
SYN_731_004838,x731,1,0.05263157894736842,False,True
SYN_731_004839,x731,1,0.05263157894736842,False,True
SYN_731_004840,x731,1,0.05263157894736842,False,True
SYN_731_004841,x731,1,0.05263157894736842,False,True
SYN_731_004842,x731,1,0.05263157894736842,False,True
SYN_731_004843,x731,1,0.05263157894736842,False,True
SYN_731_004844,x731,1,0.05263157894736842,False,True
SYN_731_004845,x731,1,0.05263157894736842,False,True
SYN_731_004846,x731,1,0.05263157894736842,False,True
SYN_731_004847,x731,1,0.05263157894736842,False,True
SYN_731_004848,x731,1,0.05263157894736842,False,True
SYN_731_004849,x731,1,0.05263157894736842,False,True
SYN_731_004850,x731,1,0.05263157894736842,False,True
SYN_731_004851,x731,2,0.10526315789473684,False,True
SYN_731_004852,x731,1,0.05263157894736842,False,True
SYN_731_004853,x731,1,0.05263157894736842,False,True
SYN_731_004854,x731,1,0.05263157894736842,False,True
SYN_731_004855,x731,1,0.05263157894736842,False,True
SYN_731_004856,G731ST-HT,1,0.05263157894736842,False,True
SYN_731_004857,x731,2,0.10526315789473684,False,True
SYN_731_004858,x731,1,0.05263157894736842,False,True
SYN_731_004859,x731,1,0.05263157894736842,False,True
SYN_731_004860,x731,1,0.05263157894736842,False,True
SYN_731_004861,x731,2,0.10526315789473684,False,True
SYN_731_004862,x731,1,0.05263157894736842,False,True
SYN_731_004863,F731PW,0,0.0,True,False
SYN_731_004864,x731,1,0.05263157894736842,False,True
SYN_731_004865,x731,1,0.05263157894736842,False,True
SYN_731_004866,x731,1,0.05263157894736842,False,True
SYN_731_004867,x731,1,0.05263157894736842,False,True
SYN_731_004868,G731ST-LT,1,0.05263157894736842,False,True
SYN_731_004869,G731ST-HT,1,0.05263157894736842,True,False
SYN_731_004870,x731,2,0.10526315789473684,False,True
SYN_731_004871,x731,1,0.05263157894736842,False,True
SYN_731_004872,x731,1,0.05263157894736842,False,True
SYN_731_004873,x731,3,0.15789473684210525,False,True
SYN_731_004874,x731,1,0.05263157894736842,False,True
SYN_731_004875,x731,1,0.05263157894736842,False,True
SYN_731_004876,x731,2,0.10526315789473684,False,True
SYN_731_004877,x731,1,0.05263157894736842,False,True
SYN_731_004878,x731,1,0.05263157894736842,False,True
SYN_731_004879,x731,3,0.15789473684210525,False,True
SYN_731_004880,x731,2,0.10526315789473684,False,True
SYN_731_004881,G731ST-HT,1,0.05263157894736842,False,True
SYN_731_004882,x731,1,0.05263157894736842,False,True
SYN_731_004883,x731,1,0.05263157894736842,False,True
SYN_731_004884,x731,1,0.05263157894736842,False,True
SYN_731_004885,x731,2,0.10526315789473684,False,True
SYN_731_004886,x731,1,0.05263157894736842,False,True
SYN_731_004887,G731ST-HT,1,0.05263157894736842,False,True
SYN_731_004888,G731ST-LT,1,0.05263157894736842,True,False
SYN_731_004889,x731,1,0.05263157894736842,False,True
SYN_731_004890,G731ST-HT,1,0.05263157894736842,False,True
SYN_731_004891,x731,1,0.05263157894736842,False,True
SYN_731_004892,x731,1,0.05263157894736842,False,True
SYN_731_004893,x731,1,0.05263157894736842,False,True
SYN_731_004894,x731,2,0.10526315789473684,False,True
SYN_731_004895,F731WD_DualChannel,1,0.05263157894736842,False,True
SYN_731_004896,x731,1,0.05263157894736842,False,True
SYN_731_004897,x731,1,0.05263157894736842,False,True
SYN_731_004898,G731ST-HT,1,0.05263157894736842,False,True
SYN_731_004899,F731TE,1,0.05263157894736842,False,True
SYN_731_004900,x731,2,0.10526315789473684,False,True
SYN_731_004901,x731,2,0.10526315789473684,False,True
SYN_731_004902,x731,1,0.05263157894736842,False,True
SYN_731_004903,x731,1,0.05263157894736842,False,True
SYN_731_004904,x731,1,0.05263157894736842,False,True
SYN_731_004905,x731,1,0.05263157894736842,False,True
SYN_731_004906,x731,1,0.05263157894736842,False,True
SYN_731_004907,x731,2,0.10526315789473684,False,True
SYN_731_004908,x731,1,0.05263157894736842,False,True
SYN_731_004909,G731ST-HT,1,0.05263157894736842,False,True
SYN_731_004910,x731,1,0.05263157894736842,False,True
SYN_731_004911,x731,1,0.05263157894736842,False,True
SYN_731_004912,x731,1,0.05263157894736842,False,True
SYN_731_004913,x731,1,0.05263157894736842,False,True
SYN_731_004914,G731ST-HT,1,0.05263157894736842,False,True
SYN_731_004915,x731,2,0.10526315789473684,False,True
SYN_731_004916,x731,2,0.10526315789473684,False,True
SYN_731_004917,x731,2,0.10526315789473684,False,True
SYN_731_004918,x731,1,0.05263157894736842,False,True
SYN_731_004919,G731ST-LT,1,0.05263157894736842,False,True
SYN_731_004920,x731,2,0.10526315789473684,False,True
SYN_731_004921,x731,1,0.05263157894736842,False,True
SYN_731_004922,x731,2,0.10526315789473684,False,True
SYN_731_004923,G731ST-HT,1,0.05263157894736842,False,True
SYN_731_004924,x731,1,0.05263157894736842,False,True
SYN_731_004925,x731,1,0.05263157894736842,False,True
SYN_731_004926,G731ST-HT,1,0.05263157894736842,False,True
SYN_731_004927,x731,1,0.05263157894736842,False,True
SYN_731_004928,G731ST-HT,1,0.05263157894736842,False,True
SYN_731_004929,x731,1,0.05263157894736842,False,True
SYN_731_004930,x731,1,0.05263157894736842,False,True
SYN_731_004931,x731,1,0.05263157894736842,False,True
SYN_731_004932,x731,2,0.10526315789473684,False,True
SYN_731_004933,x731,1,0.05263157894736842,False,True
SYN_731_004934,x731,1,0.05263157894736842,False,True
SYN_731_004935,x731,1,0.05263157894736842,False,True
SYN_731_004936,G731ST-HT,1,0.05263157894736842,False,True
SYN_731_004937,F731WD_DualChannel,1,0.05263157894736842,False,True
SYN_731_004938,G731ST-HT,1,0.05263157894736842,False,True
SYN_731_004939,x731,2,0.10526315789473684,False,True
SYN_731_004940,x731,1,0.05263157894736842,False,True
SYN_731_004941,x731,2,0.10526315789473684,False,True
SYN_731_004942,G731ST-LT,1,0.05263157894736842,False,True
SYN_731_004943,x731,1,0.05263157894736842,False,True
SYN_731_004944,x731,1,0.05263157894736842,False,True
SYN_731_004945,G731ST-HT,1,0.05263157894736842,False,True
SYN_731_004946,x731,1,0.05263157894736842,False,True
SYN_731_004947,x731,3,0.15789473684210525,False,True
SYN_731_004948,x731,3,0.15789473684210525,False,True
SYN_731_004949,x731,1,0.05263157894736842,False,True
SYN_731_004950,x731,1,0.05263157894736842,False,True
SYN_731_004951,x731,1,0.05263157894736842,False,True
SYN_731_004952,G731ST-HT,1,0.05263157894736842,False,True
SYN_731_004953,x731,3,0.15789473684210525,False,True
SYN_731_004954,x731,1,0.05263157894736842,False,True
SYN_731_004955,x731,1,0.05263157894736842,False,True
SYN_731_004956,G731ST-HT,0,0.0,True,False
SYN_731_004957,x731,2,0.10526315789473684,False,True
SYN_731_004958,x731,1,0.05263157894736842,False,True
SYN_731_004959,x731,1,0.05263157894736842,False,True
SYN_731_004960,x731,1,0.05263157894736842,False,True
SYN_731_004961,x731,3,0.15789473684210525,False,True
SYN_731_004962,G731ST-LT,1,0.05263157894736842,False,True
SYN_731_004963,x731,1,0.05263157894736842,False,True
SYN_731_004964,x731,1,0.05263157894736842,False,True
SYN_731_004965,x731,1,0.05263157894736842,False,True
SYN_731_004966,x731,1,0.05263157894736842,False,True
SYN_731_004967,x731,2,0.10526315789473684,False,True
SYN_731_004968,x731,2,0.10526315789473684,False,True
SYN_731_004969,x731,2,0.10526315789473684,False,True
SYN_731_004970,x731,1,0.05263157894736842,False,True
SYN_731_004971,x731,1,0.05263157894736842,False,True
SYN_731_004972,x731,2,0.10526315789473684,False,True
SYN_731_004973,G731ST-HT,1,0.05263157894736842,False,True
SYN_731_004974,x731,1,0.05263157894736842,False,True
SYN_731_004975,x731,2,0.10526315789473684,False,True
SYN_731_004976,x731,1,0.05263157894736842,False,True
SYN_731_004977,F731TE,1,0.05263157894736842,False,True
SYN_731_004978,x731,2,0.10526315789473684,False,True
SYN_731_004979,x731,2,0.10526315789473684,False,True
SYN_731_004980,x731,1,0.05263157894736842,False,True
SYN_731_004981,F731WD_DualChannel,1,0.05263157894736842,False,True
SYN_731_004982,x731,1,0.05263157894736842,False,True
SYN_731_004983,x731,1,0.05263157894736842,False,True
SYN_731_004984,x731,1,0.05263157894736842,False,True
SYN_731_004985,x731,2,0.10526315789473684,False,True
SYN_731_004986,G731ST-HT,1,0.05263157894736842,False,True
SYN_731_004987,G731ST-HT,1,0.05263157894736842,False,True
SYN_731_004988,x731,2,0.10526315789473684,False,True
SYN_731_004989,x731,2,0.10526315789473684,False,True
SYN_731_004990,x731,1,0.05263157894736842,False,True
SYN_731_004991,x731,1,0.05263157894736842,False,True
SYN_731_004992,G731ST-HT,1,0.05263157894736842,False,True
SYN_731_004993,x731,1,0.05263157894736842,False,True
SYN_731_004994,x731,1,0.05263157894736842,False,True
SYN_731_004995,x731,2,0.10526315789473684,False,True
SYN_731_004996,x731,2,0.10526315789473684,False,True
SYN_731_004997,x731,1,0.05263157894736842,False,True
SYN_731_004998,x731,1,0.05263157894736842,False,True
SYN_731_004999,G731ST-LT,1,0.05263157894736842,False,True
SYN_731_005000,x731,1,0.05263157894736842,False,True
