rfq_id,characteristic,internal_value,error_type
RFQ731-004153,temperaturEingaenge,TT1,FALSE_POSITIVE
RFQ731-000524,certification,CN,FALSE_POSITIVE
RFQ731-001164,stromEingaenge,IS1,FALSE_POSITIVE
RFQ731-000724,temperaturEingaenge,TT1,FALSE_POSITIVE
RFQ731-002723,explosionApproval,A,FALSE_POSITIVE
RFQ731-003734,certification,CN,FALSE_POSITIVE
RFQ731-003519,explosionApproval,A,FALSE_POSITIVE
RFQ731-003104,temperaturEingaenge,TT1,FALSE_POSITIVE
RFQ731-003543,dynamicGasMaster,1,FALSE_POSITIVE
RFQ731-004792,binaerOpenColl_MP,MP1,FALSE_POSITIVE
RFQ731-003148,binaerOpenColl_MP,MP1,FALSE_POSITIVE
RFQ731-000289,certification,CN,FALSE_POSITIVE
RFQ731-001472,binaerOpenColl_MP,MP1,FALSE_POSITIVE
RFQ731-001264,temperaturEingaenge,TT1,FALSE_POSITIVE
RFQ731-001895,binaerDigitalOpenColl_MN,MN2,FALSE_POSITIVE
RFQ731-001592,explosionApproval,A,FALSE_POSITIVE
RFQ731-004800,explosionApproval,A,FALSE_POSITIVE
RFQ731-003540,explosionApproval,A,FALSE_POSITIVE
RFQ731-001949,binaerDigitalOpenColl_MN,MN1,FALSE_POSITIVE
RFQ731-000018,temperaturEingaenge,TT1,FALSE_POSITIVE
RFQ731-001688,binaerOpenColl_MP,MP1,FALSE_POSITIVE
RFQ731-003199,explosionApproval,A,FALSE_POSITIVE
RFQ731-001943,explosionApproval,A,FALSE_POSITIVE
RFQ731-002888,dynamicGasMaster,1,FALSE_POSITIVE
RFQ731-004252,temperaturEingaenge,TT1,FALSE_POSITIVE
RFQ731-003583,dynamicGasMaster,1,FALSE_POSITIVE
RFQ731-000146,explosionApproval,A,FALSE_POSITIVE
RFQ731-004527,dynamicGasMaster,1,FALSE_POSITIVE
RFQ731-003963,binaerOpenColl_MP,MP1,FALSE_POSITIVE
RFQ731-003004,temperaturEingaenge,TT1,FALSE_POSITIVE
RFQ731-001490,binaerOpenColl_MP,MP1,FALSE_POSITIVE
RFQ731-002052,devCategory,F,FALSE_POSITIVE
RFQ731-002778,binaerOpenColl_MP,MP1,FALSE_POSITIVE
RFQ731-000647,binaerOpenColl_MP,MP1,FALSE_POSITIVE
RFQ731-003237,certification,CN,FALSE_POSITIVE
RFQ731-002276,dynamicGasMaster,1,FALSE_POSITIVE
RFQ731-004357,dynamicGasMaster,1,FALSE_POSITIVE
RFQ731-001725,explosionApproval,A,FALSE_POSITIVE
RFQ731-002376,certification,CN,FALSE_POSITIVE
RFQ731-000066,binaerDigitalOpenColl_MN,MN2,FALSE_POSITIVE
RFQ731-001042,explosionApproval,A,FALSE_POSITIVE
RFQ731-002873,temperaturEingaenge,TT1,FALSE_POSITIVE
RFQ731-003295,devCategory,F,FALSE_POSITIVE
RFQ731-001433,dynamicGasMaster,1,FALSE_POSITIVE
RFQ731-004241,binaerOpenColl_MP,MP1,FALSE_POSITIVE
RFQ731-003838,explosionApproval,A,FALSE_POSITIVE
RFQ731-000621,temperaturEingaenge,TT1,FALSE_POSITIVE
RFQ731-002773,dynamicGasMaster,1,FALSE_POSITIVE
RFQ731-004661,temperaturEingaenge,TT1,FALSE_POSITIVE
RFQ731-001167,dynamicGasMaster,1,FALSE_POSITIVE
RFQ731-001996,explosionApproval,A,FALSE_POSITIVE
RFQ731-004920,dynamicGasMaster,1,FALSE_POSITIVE
RFQ731-002338,explosionApproval,A,FALSE_POSITIVE
RFQ731-003799,certification,CN,FALSE_POSITIVE
RFQ731-004700,temperaturEingaenge,TT1,FALSE_POSITIVE
RFQ731-003764,dynamicGasMaster,1,FALSE_POSITIVE
RFQ731-004453,explosionApproval,A,FALSE_POSITIVE
RFQ731-002796,explosionApproval,A,FALSE_POSITIVE
RFQ731-003047,temperaturEingaenge,TT1,FALSE_POSITIVE
RFQ731-000302,explosionApproval,A,FALSE_POSITIVE
RFQ731-004927,waveInjector,FWI,FALSE_POSITIVE
RFQ731-000853,certification,CN,FALSE_POSITIVE
RFQ731-000298,explosionApproval,A,FALSE_POSITIVE
RFQ731-001517,devCategory,F,FALSE_POSITIVE
RFQ731-004381,explosionApproval,A,FALSE_POSITIVE
RFQ731-002450,devCategory,F,FALSE_POSITIVE
RFQ731-004280,binaerOpenColl_MP,MP1,FALSE_POSITIVE
RFQ731-003573,binaerOpenColl_MP,MP1,FALSE_POSITIVE
RFQ731-003939,binaerOpenColl_MP,MP1,FALSE_POSITIVE
RFQ731-004738,explosionApproval,A,FALSE_POSITIVE
RFQ731-002437,dynamicGasMaster,1,FALSE_POSITIVE
RFQ731-004212,numberOfChannels,1,FALSE_POSITIVE
RFQ731-000642,explosionApproval,A,FALSE_POSITIVE
RFQ731-002612,powerSupply,1,FALSE_POSITIVE
RFQ731-001250,explosionApproval,A,FALSE_POSITIVE
RFQ731-003107,temperaturEingaenge,TT1,FALSE_POSITIVE
RFQ731-002637,numberOfChannels,1,FALSE_POSITIVE
RFQ731-003159,explosionApproval,A,FALSE_POSITIVE
RFQ731-000121,temperaturEingaenge,TT1,FALSE_POSITIVE
RFQ731-000296,certification,CN,FALSE_POSITIVE
RFQ731-001757,binaerOpenColl_MP,MP1,FALSE_POSITIVE
RFQ731-003405,explosionApproval,A,FALSE_POSITIVE
RFQ731-000434,dev_advMeterVerification,1,FALSE_POSITIVE
RFQ731-001872,waveInjector,FWI,FALSE_POSITIVE
RFQ731-001722,waveInjector,FWI,FALSE_POSITIVE
RFQ731-004178,waveInjector,FWI,FALSE_POSITIVE
RFQ731-001558,numberOfChannels,1,FALSE_POSITIVE
RFQ731-004897,certification,CN,FALSE_POSITIVE
RFQ731-004560,binaerDigitalOpenColl_MN,MN1,FALSE_POSITIVE
RFQ731-000866,certification,CN,FALSE_POSITIVE
RFQ731-000474,explosionApproval,A,FALSE_POSITIVE
RFQ731-002673,waveInjector,FWI,FALSE_POSITIVE
RFQ731-002067,explosionApproval,A,FALSE_POSITIVE
RFQ731-000176,stromEingaenge,IS1,FALSE_POSITIVE
RFQ731-002577,certification,CN,FALSE_POSITIVE
RFQ731-004132,binaerOpenColl_MP,MP1,FALSE_POSITIVE
RFQ731-000471,dev_advMeterVerification,1,FALSE_POSITIVE
RFQ731-002838,temperaturEingaenge,TT1,FALSE_POSITIVE
RFQ731-002510,waveInjector,FWI,FALSE_POSITIVE
RFQ731-002854,stromEingaenge,IS1,FALSE_POSITIVE
RFQ731-000916,binaerOpenColl_MP,MP1,FALSE_POSITIVE
RFQ731-003857,certification,CN,FALSE_POSITIVE
RFQ731-004949,explosionApproval,A,FALSE_POSITIVE
RFQ731-001674,explosionApproval,A,FALSE_POSITIVE
RFQ731-000357,explosionApproval,A,FALSE_POSITIVE
RFQ731-001612,waveInjector,FWI,FALSE_POSITIVE
RFQ731-003065,temperaturEingaenge,TT1,FALSE_POSITIVE
RFQ731-002494,dynamicGasMaster,1,FALSE_POSITIVE
RFQ731-004804,explosionApproval,A,FALSE_POSITIVE
RFQ731-000395,explosionApproval,A,FALSE_POSITIVE
RFQ731-000983,certification,CN,FALSE_POSITIVE
RFQ731-001610,stromEingaenge,IS1,FALSE_POSITIVE
RFQ731-000272,certification,CN,FALSE_POSITIVE
RFQ731-001407,certification,CN,FALSE_POSITIVE
RFQ731-000073,binaerOpenColl_MP,MP1,FALSE_POSITIVE
RFQ731-000709,binaerDigitalOpenColl_MN,MN1,FALSE_POSITIVE
RFQ731-001787,explosionApproval,A,FALSE_POSITIVE
RFQ731-000426,binaerOpenColl_MP,MP1,FALSE_POSITIVE
RFQ731-001975,waveInjector,FWI,FALSE_POSITIVE
RFQ731-001248,explosionApproval,A,FALSE_POSITIVE
RFQ731-004367,binaerOpenColl_MP,MP1,FALSE_POSITIVE
RFQ731-004607,dynamicGasMaster,1,FALSE_POSITIVE
RFQ731-000397,dynamicGasMaster,1,FALSE_POSITIVE
RFQ731-001025,temperaturEingaenge,TT1,FALSE_POSITIVE
RFQ731-001165,explosionApproval,A,FALSE_POSITIVE
RFQ731-004509,temperaturEingaenge,TT1,FALSE_POSITIVE
RFQ731-004157,explosionApproval,A,FALSE_POSITIVE
RFQ731-003589,binaerOpenColl_MP,MP1,FALSE_POSITIVE
RFQ731-000605,devCategory,F,FALSE_POSITIVE
RFQ731-000604,temperaturEingaenge,TT1,FALSE_POSITIVE
RFQ731-002683,binaerOpenColl_MP,MP1,FALSE_POSITIVE
RFQ731-001789,certification,CN,FALSE_POSITIVE
RFQ731-001936,certification,CN,FALSE_POSITIVE
RFQ731-000773,certification,CN,FALSE_POSITIVE
RFQ731-002764,binaerDigitalOpenColl_MN,MN1,FALSE_POSITIVE
RFQ731-002206,explosionApproval,A,FALSE_POSITIVE
RFQ731-002560,certification,CN,FALSE_POSITIVE
RFQ731-001836,explosionApproval,A,FALSE_POSITIVE
RFQ731-002223,waveInjector,FWI,FALSE_POSITIVE
RFQ731-004593,explosionApproval,A,FALSE_POSITIVE
RFQ731-004749,binaerOpenColl_MP,MP1,FALSE_POSITIVE
RFQ731-001230,explosionApproval,A,FALSE_POSITIVE
RFQ731-000542,binaerOpenColl_MP,MP1,FALSE_POSITIVE
RFQ731-004403,certification,CN,FALSE_POSITIVE
RFQ731-002876,temperaturEingaenge,TT1,FALSE_POSITIVE
RFQ731-001509,certification,CN,FALSE_POSITIVE
RFQ731-003698,explosionApproval,A,FALSE_POSITIVE
RFQ731-003782,temperaturEingaenge,TT1,FALSE_POSITIVE
RFQ731-000552,binaerOpenColl_MP,MP1,FALSE_POSITIVE
RFQ731-000584,temperaturEingaenge,TT1,FALSE_POSITIVE
RFQ731-002518,stromEingaenge,IS1,FALSE_POSITIVE
RFQ731-001954,powerSupply,1,FALSE_POSITIVE
RFQ731-004586,explosionApproval,A,FALSE_POSITIVE
RFQ731-003314,waveInjector,FWI,FALSE_POSITIVE
RFQ731-004080,dev_advMeterVerification,1,FALSE_POSITIVE
RFQ731-000953,certification,CN,FALSE_POSITIVE
RFQ731-004293,explosionApproval,A,FALSE_POSITIVE
RFQ731-000888,explosionApproval,A,FALSE_POSITIVE
RFQ731-002272,dynamicGasMaster,1,FALSE_POSITIVE
RFQ731-004420,binaerOpenColl_MP,MP1,FALSE_POSITIVE
RFQ731-000020,certification,CN,FALSE_POSITIVE
RFQ731-001316,stromEingaenge,IS1,FALSE_POSITIVE
RFQ731-003042,devCategory,G,FALSE_POSITIVE
RFQ731-000943,explosionApproval,A,FALSE_POSITIVE
RFQ731-000972,binaerDigitalOpenColl_MN,MN2,FALSE_POSITIVE
RFQ731-003364,temperaturEingaenge,TT1,FALSE_POSITIVE
RFQ731-003869,stromSchaltbar,CS1,FALSE_POSITIVE
RFQ731-001627,dynamicGasMaster,1,FALSE_POSITIVE
RFQ731-002647,explosionApproval,A,FALSE_POSITIVE
RFQ731-001161,certification,CN,FALSE_POSITIVE
RFQ731-002455,explosionApproval,A,FALSE_POSITIVE
RFQ731-002134,temperaturEingaenge,TT1,FALSE_POSITIVE
RFQ731-000688,binaerOpenColl_MP,MP1,FALSE_POSITIVE
RFQ731-004956,binaerOpenColl_MP,MP1,FALSE_POSITIVE
RFQ731-004682,binaerOpenColl_MP,MP1,FALSE_POSITIVE
RFQ731-003746,certification,CN,FALSE_POSITIVE
RFQ731-003375,explosionApproval,A,FALSE_POSITIVE
RFQ731-000775,dynamicGasMaster,1,FALSE_POSITIVE
RFQ731-003290,explosionApproval,A,FALSE_POSITIVE
RFQ731-002421,explosionApproval,A,FALSE_POSITIVE
RFQ731-000577,dev_advMeterVerification,1,FALSE_POSITIVE
RFQ731-000891,binaerOpenColl_MP,MP1,FALSE_POSITIVE
RFQ731-000153,certification,CN,FALSE_POSITIVE
RFQ731-002002,binaerOpenColl_MP,MP1,FALSE_POSITIVE
RFQ731-003569,devCategory,F,FALSE_POSITIVE
RFQ731-004553,explosionApproval,A,FALSE_POSITIVE
RFQ731-001952,certification,CN,FALSE_POSITIVE
RFQ731-001141,explosionApproval,A,FALSE_POSITIVE
RFQ731-000323,stromEingaenge,IS1,FALSE_POSITIVE
RFQ731-004372,certification,CN,FALSE_POSITIVE
RFQ731-000248,explosionApproval,A,FALSE_POSITIVE
RFQ731-003591,binaerDigitalOpenColl_MN,MN2,FALSE_POSITIVE
RFQ731-001692,numberOfChannels,1,FALSE_POSITIVE
RFQ731-004775,binaerOpenColl_MP,MP1,FALSE_POSITIVE
RFQ731-001941,explosionApproval,A,FALSE_POSITIVE
RFQ731-002496,explosionApproval,A,FALSE_POSITIVE
RFQ731-001537,binaerDigitalOpenColl_MN,MN1,FALSE_POSITIVE
RFQ731-004340,temperaturEingaenge,TT1,FALSE_POSITIVE
RFQ731-000610,stromEingaenge,IS1,FALSE_POSITIVE
RFQ731-003917,explosionApproval,A,FALSE_POSITIVE
RFQ731-001876,explosionApproval,A,FALSE_POSITIVE
RFQ731-002224,explosionApproval,A,FALSE_POSITIVE
RFQ731-003965,stromEingaenge,IS1,FALSE_POSITIVE
RFQ731-000491,stromEingaenge,IS1,FALSE_POSITIVE
RFQ731-003041,dynamicGasMaster,1,FALSE_POSITIVE
RFQ731-003796,temperaturEingaenge,TT1,FALSE_POSITIVE
RFQ731-000072,explosionApproval,A,FALSE_POSITIVE
RFQ731-002335,waveInjector,FWI,FALSE_POSITIVE
RFQ731-000539,numberOfChannels,1,FALSE_POSITIVE
RFQ731-004531,temperaturEingaenge,TT1,FALSE_POSITIVE
RFQ731-003931,waveInjector,FWI,FALSE_POSITIVE
RFQ731-001944,certification,CN,FALSE_POSITIVE
RFQ731-001135,temperaturEingaenge,TT1,FALSE_POSITIVE
RFQ731-001143,temperaturEingaenge,TT1,FALSE_POSITIVE
RFQ731-000932,temperaturEingaenge,TT1,FALSE_POSITIVE
RFQ731-002075,binaerDigitalOpenColl_MN,MN2,FALSE_POSITIVE
RFQ731-001828,binaerDigitalOpenColl_MN,MN2,FALSE_POSITIVE
RFQ731-000394,stromEingaenge,IS1,FALSE_POSITIVE
RFQ731-000344,explosionApproval,A,FALSE_POSITIVE
RFQ731-002199,stromSchaltbar,CS1,FALSE_POSITIVE
RFQ731-001553,powerSupply,1,FALSE_POSITIVE
RFQ731-000029,explosionApproval,A,FALSE_POSITIVE
RFQ731-003313,stromEingaenge,IS1,FALSE_POSITIVE
RFQ731-000363,temperaturEingaenge,TT1,FALSE_POSITIVE
RFQ731-001494,numberOfChannels,1,FALSE_POSITIVE
RFQ731-004321,certification,CN,FALSE_POSITIVE
RFQ731-004216,explosionApproval,A,FALSE_POSITIVE
RFQ731-004283,devCategory,G,FALSE_POSITIVE
RFQ731-003595,explosionApproval,A,FALSE_POSITIVE
RFQ731-000350,explosionApproval,A,FALSE_POSITIVE
RFQ731-001504,temperaturEingaenge,TT1,FALSE_POSITIVE
RFQ731-002390,certification,CN,FALSE_POSITIVE
RFQ731-004845,explosionApproval,A,FALSE_POSITIVE
RFQ731-000809,waveInjector,FWI,FALSE_POSITIVE
RFQ731-000310,waveInjector,FWI,FALSE_POSITIVE
RFQ731-004462,stromEingaenge,IS1,FALSE_POSITIVE
RFQ731-003244,certification,CN,FALSE_POSITIVE
RFQ731-003868,binaerOpenColl_MP,MP1,FALSE_POSITIVE
RFQ731-000893,dynamicGasMaster,1,FALSE_POSITIVE
RFQ731-000436,dynamicGasMaster,1,FALSE_POSITIVE
RFQ731-004574,waveInjector,FWI,FALSE_POSITIVE
RFQ731-001988,powerSupply,1,FALSE_POSITIVE
RFQ731-000026,temperaturEingaenge,TT1,FALSE_POSITIVE
RFQ731-004814,waveInjector,FWI,FALSE_POSITIVE
RFQ731-002014,explosionApproval,A,FALSE_POSITIVE
RFQ731-000567,temperaturEingaenge,TT1,FALSE_POSITIVE
RFQ731-002947,temperaturEingaenge,TT1,FALSE_POSITIVE
RFQ731-000709,explosionApproval,A,FALSE_POSITIVE
RFQ731-002953,dynamicGasMaster,1,FALSE_POSITIVE
RFQ731-003038,certification,CN,FALSE_POSITIVE
RFQ731-000422,temperaturEingaenge,TT1,FALSE_POSITIVE
RFQ731-001189,explosionApproval,A,FALSE_POSITIVE
RFQ731-004288,binaerOpenColl_MP,MP1,FALSE_POSITIVE
RFQ731-001039,temperaturEingaenge,TT1,FALSE_POSITIVE
RFQ731-003276,binaerOpenColl_MP,MP1,FALSE_POSITIVE
RFQ731-003572,explosionApproval,A,FALSE_POSITIVE
RFQ731-002347,binaerOpenColl_MP,MP1,FALSE_POSITIVE
RFQ731-000098,stromEingaenge,IS1,FALSE_POSITIVE
RFQ731-004391,numberOfChannels,1,FALSE_POSITIVE
RFQ731-004869,binaerDigitalOpenColl_MN,MN1,FALSE_POSITIVE
RFQ731-004000,binaerOpenColl_MP,MP1,FALSE_POSITIVE
RFQ731-003327,waveInjector,FWI,FALSE_POSITIVE
RFQ731-000420,binaerOpenColl_MP,MP1,FALSE_POSITIVE
RFQ731-000372,numberOfChannels,1,FALSE_POSITIVE
RFQ731-000919,explosionApproval,A,FALSE_POSITIVE
RFQ731-002571,certification,CN,FALSE_POSITIVE
RFQ731-002871,temperaturEingaenge,TT1,FALSE_POSITIVE
RFQ731-003566,binaerOpenColl_MP,MP1,FALSE_POSITIVE
RFQ731-002264,explosionApproval,A,FALSE_POSITIVE
RFQ731-003718,dynamicGasMaster,1,FALSE_POSITIVE
RFQ731-000846,certification,CN,FALSE_POSITIVE
RFQ731-000521,explosionApproval,A,FALSE_POSITIVE
RFQ731-001957,explosionApproval,A,FALSE_POSITIVE
RFQ731-001448,explosionApproval,A,FALSE_POSITIVE
RFQ731-000099,explosionApproval,A,FALSE_POSITIVE
RFQ731-004828,binaerOpenColl_MP,MP1,FALSE_POSITIVE
RFQ731-003473,binaerOpenColl_MP,MP1,FALSE_POSITIVE
RFQ731-002812,explosionApproval,A,FALSE_POSITIVE
RFQ731-002176,binaerOpenColl_MP,MP1,FALSE_POSITIVE
RFQ731-002454,explosionApproval,A,FALSE_POSITIVE
RFQ731-000087,binaerOpenColl_MP,MP1,FALSE_POSITIVE
RFQ731-000356,explosionApproval,A,FALSE_POSITIVE
RFQ731-003007,explosionApproval,A,FALSE_POSITIVE
RFQ731-004984,explosionApproval,A,FALSE_POSITIVE
RFQ731-004977,devCategory,G,FALSE_POSITIVE
RFQ731-001842,stromSchaltbar,CS1,FALSE_POSITIVE
RFQ731-004361,certification,CN,FALSE_POSITIVE
RFQ731-004199,binaerOpenColl_MP,MP1,FALSE_POSITIVE
RFQ731-000497,binaerOpenColl_MP,MP1,FALSE_POSITIVE
RFQ731-004408,binaerOpenColl_MP,MP1,FALSE_POSITIVE
RFQ731-000386,dynamicGasMaster,1,FALSE_POSITIVE
RFQ731-002562,waveInjector,FWI,FALSE_POSITIVE
RFQ731-001306,explosionApproval,A,FALSE_POSITIVE
RFQ731-003127,explosionApproval,A,FALSE_POSITIVE
RFQ731-000548,waveInjector,FWI,FALSE_POSITIVE
RFQ731-002670,explosionApproval,A,FALSE_POSITIVE
RFQ731-003928,explosionApproval,A,FALSE_POSITIVE
RFQ731-001854,explosionApproval,A,FALSE_POSITIVE
RFQ731-000325,waveInjector,FWI,FALSE_POSITIVE
RFQ731-003700,explosionApproval,A,FALSE_POSITIVE
RFQ731-004437,explosionApproval,A,FALSE_POSITIVE
RFQ731-000877,temperaturEingaenge,TT1,FALSE_POSITIVE
RFQ731-003593,waveInjector,FWI,FALSE_POSITIVE
RFQ731-004444,certification,CN,FALSE_POSITIVE
RFQ731-002049,certification,CN,FALSE_POSITIVE
RFQ731-000611,temperaturEingaenge,TT1,FALSE_POSITIVE
RFQ731-001227,temperaturEingaenge,TT1,FALSE_POSITIVE
RFQ731-002133,explosionApproval,A,FALSE_POSITIVE
RFQ731-001175,dev_advMeterVerification,1,FALSE_POSITIVE
RFQ731-004893,binaerOpenColl_MP,MP1,FALSE_POSITIVE
RFQ731-004783,certification,CN,FALSE_POSITIVE
RFQ731-002883,certification,CN,FALSE_POSITIVE
RFQ731-003101,temperaturEingaenge,TT1,FALSE_POSITIVE
RFQ731-004492,certification,NN,FALSE_POSITIVE
RFQ731-002995,waveInjector,FWI,FALSE_POSITIVE
RFQ731-002639,dynamicGasMaster,1,FALSE_POSITIVE
RFQ731-003239,certification,CN,FALSE_POSITIVE
RFQ731-004504,binaerOpenColl_MP,MP1,FALSE_POSITIVE
RFQ731-003789,waveInjector,FWI,FALSE_POSITIVE
RFQ731-000273,explosionApproval,A,FALSE_POSITIVE
RFQ731-004024,certification,CN,FALSE_POSITIVE
RFQ731-002615,explosionApproval,A,FALSE_POSITIVE
RFQ731-004955,certification,CN,FALSE_POSITIVE
RFQ731-000239,binaerOpenColl_MP,MP1,FALSE_POSITIVE
RFQ731-004261,certification,CN,FALSE_POSITIVE
RFQ731-004550,temperaturEingaenge,TT1,FALSE_POSITIVE
RFQ731-001409,temperaturEingaenge,TT1,FALSE_POSITIVE
RFQ731-002334,temperaturEingaenge,TT1,FALSE_POSITIVE
RFQ731-004754,dynamicGasMaster,1,FALSE_POSITIVE
RFQ731-001082,stromEingaenge,IS1,FALSE_POSITIVE
RFQ731-004612,stromEingaenge,IS1,FALSE_POSITIVE
RFQ731-003900,explosionApproval,A,FALSE_POSITIVE
RFQ731-004740,explosionApproval,A,FALSE_POSITIVE
RFQ731-000451,certification,CN,FALSE_POSITIVE
RFQ731-003207,waveInjector,FWI,FALSE_POSITIVE
RFQ731-002698,explosionApproval,A,FALSE_POSITIVE
RFQ731-003991,certification,CN,FALSE_POSITIVE
RFQ731-003670,certification,CN,FALSE_POSITIVE
RFQ731-003528,binaerOpenColl_MP,MP1,FALSE_POSITIVE
RFQ731-003686,dynamicGasMaster,1,FALSE_POSITIVE
RFQ731-003280,certification,CN,FALSE_POSITIVE
RFQ731-004271,stromSchaltbar,CS1,FALSE_POSITIVE
RFQ731-002673,explosionApproval,A,FALSE_POSITIVE
RFQ731-001633,explosionApproval,A,FALSE_POSITIVE
RFQ731-004471,certification,CN,FALSE_POSITIVE
RFQ731-003878,waveInjector,FWI,FALSE_POSITIVE
RFQ731-004493,explosionApproval,A,FALSE_POSITIVE
RFQ731-000901,temperaturEingaenge,TT1,FALSE_POSITIVE
RFQ731-001578,devCategory,F,FALSE_POSITIVE
RFQ731-002029,explosionApproval,A,FALSE_POSITIVE
RFQ731-001341,binaerDigitalOpenColl_MN,MN2,FALSE_POSITIVE
RFQ731-004065,explosionApproval,A,FALSE_POSITIVE
RFQ731-004702,explosionApproval,A,FALSE_POSITIVE
RFQ731-001746,binaerOpenColl_MP,MP1,FALSE_POSITIVE
RFQ731-004013,binaerOpenColl_MP,MP1,FALSE_POSITIVE
RFQ731-003877,explosionApproval,A,FALSE_POSITIVE
RFQ731-001127,temperaturEingaenge,TT1,FALSE_POSITIVE
RFQ731-004399,explosionApproval,A,FALSE_POSITIVE
RFQ731-002608,dev_advMeterVerification,1,FALSE_POSITIVE
RFQ731-002754,explosionApproval,A,FALSE_POSITIVE
RFQ731-000515,binaerDigitalOpenColl_MN,MN2,FALSE_POSITIVE
RFQ731-002147,explosionApproval,A,FALSE_POSITIVE
RFQ731-000055,temperaturEingaenge,TT1,FALSE_POSITIVE
RFQ731-001676,explosionApproval,A,FALSE_POSITIVE
RFQ731-002600,explosionApproval,A,FALSE_POSITIVE
RFQ731-004847,temperaturEingaenge,TT1,FALSE_POSITIVE
RFQ731-000153,binaerOpenColl_MP,MP1,FALSE_POSITIVE
RFQ731-002865,certification,CN,FALSE_POSITIVE
RFQ731-003663,explosionApproval,A,FALSE_POSITIVE
RFQ731-000685,binaerOpenColl_MP,MP1,FALSE_POSITIVE
RFQ731-000635,explosionApproval,A,FALSE_POSITIVE
RFQ731-001975,explosionApproval,A,FALSE_POSITIVE
RFQ731-003497,waveInjector,FWI,FALSE_POSITIVE
RFQ731-004878,temperaturEingaenge,TT1,FALSE_POSITIVE
RFQ731-001608,certification,CN,FALSE_POSITIVE
RFQ731-002687,dynamicGasMaster,1,FALSE_POSITIVE
RFQ731-004549,explosionApproval,A,FALSE_POSITIVE
RFQ731-000963,dynamicGasMaster,1,FALSE_POSITIVE
RFQ731-002590,temperaturEingaenge,TT1,FALSE_POSITIVE
RFQ731-003862,explosionApproval,A,FALSE_POSITIVE
RFQ731-000332,temperaturEingaenge,TT1,FALSE_POSITIVE
RFQ731-001983,explosionApproval,A,FALSE_POSITIVE
RFQ731-002588,explosionApproval,A,FALSE_POSITIVE
RFQ731-001584,explosionApproval,A,FALSE_POSITIVE
RFQ731-000656,dev_advMeterVerification,1,FALSE_POSITIVE
RFQ731-003443,binaerOpenColl_MP,MP1,FALSE_POSITIVE
RFQ731-002996,temperaturEingaenge,TT1,FALSE_POSITIVE
RFQ731-004362,certification,CN,FALSE_POSITIVE
RFQ731-002393,explosionApproval,A,FALSE_POSITIVE
RFQ731-004803,certification,CN,FALSE_POSITIVE
RFQ731-002284,waveInjector,FWI,FALSE_POSITIVE
RFQ731-002112,temperaturEingaenge,TT1,FALSE_POSITIVE
RFQ731-004887,binaerOpenColl_MP,MP1,FALSE_POSITIVE
RFQ731-000843,waveInjector,FWI,FALSE_POSITIVE
RFQ731-002540,temperaturEingaenge,TT1,FALSE_POSITIVE
RFQ731-000413,devCategory,G,FALSE_POSITIVE
RFQ731-002083,explosionApproval,A,FALSE_POSITIVE
RFQ731-003312,binaerOpenColl_MP,MP1,FALSE_POSITIVE
RFQ731-000811,binaerOpenColl_MP,MP1,FALSE_POSITIVE
RFQ731-004021,temperaturEingaenge,TT1,FALSE_POSITIVE
RFQ731-002862,dev_advMeterVerification,1,FALSE_POSITIVE
RFQ731-000470,explosionApproval,A,FALSE_POSITIVE
RFQ731-002738,binaerDigitalOpenColl_MN,MN1,FALSE_POSITIVE
RFQ731-004808,explosionApproval,A,FALSE_POSITIVE
RFQ731-000769,binaerOpenColl_MP,MP1,FALSE_POSITIVE
RFQ731-002429,binaerOpenColl_MP,MP1,FALSE_POSITIVE
RFQ731-004946,explosionApproval,A,FALSE_POSITIVE
RFQ731-003314,explosionApproval,A,FALSE_POSITIVE
RFQ731-000627,temperaturEingaenge,TT1,FALSE_POSITIVE
RFQ731-002377,waveInjector,FWI,FALSE_POSITIVE
RFQ731-000608,waveInjector,FWI,FALSE_POSITIVE
RFQ731-002541,temperaturEingaenge,TT1,FALSE_POSITIVE
RFQ731-003309,explosionApproval,A,FALSE_POSITIVE
RFQ731-002502,explosionApproval,A,FALSE_POSITIVE
RFQ731-003997,dynamicGasMaster,1,FALSE_POSITIVE
RFQ731-000999,explosionApproval,A,FALSE_POSITIVE
RFQ731-004439,explosionApproval,A,FALSE_POSITIVE
RFQ731-004879,explosionApproval,A,FALSE_POSITIVE
RFQ731-001860,stromEingaenge,IS1,FALSE_POSITIVE
RFQ731-004117,certification,CN,FALSE_POSITIVE
RFQ731-002379,numberOfChannels,1,FALSE_POSITIVE
RFQ731-003915,temperaturEingaenge,TT1,FALSE_POSITIVE
RFQ731-004951,temperaturEingaenge,TT1,FALSE_POSITIVE
RFQ731-001006,explosionApproval,A,FALSE_POSITIVE
RFQ731-004136,binaerOpenColl_MP,MP1,FALSE_POSITIVE
RFQ731-003804,certification,CN,FALSE_POSITIVE
RFQ731-001174,explosionApproval,A,FALSE_POSITIVE
RFQ731-001098,temperaturEingaenge,TT1,FALSE_POSITIVE
RFQ731-004722,numberOfChannels,1,FALSE_POSITIVE
RFQ731-002388,explosionApproval,A,FALSE_POSITIVE
RFQ731-000342,stromEingaenge,IS1,FALSE_POSITIVE
RFQ731-001391,waveInjector,FWI,FALSE_POSITIVE
RFQ731-000377,temperaturEingaenge,TT1,FALSE_POSITIVE
RFQ731-001387,temperaturEingaenge,TT1,FALSE_POSITIVE
RFQ731-002346,explosionApproval,A,FALSE_POSITIVE
RFQ731-003952,explosionApproval,A,FALSE_POSITIVE
RFQ731-003607,explosionApproval,A,FALSE_POSITIVE
RFQ731-000295,dynamicGasMaster,1,FALSE_POSITIVE
RFQ731-000911,binaerDigitalOpenColl_MN,MN1,FALSE_POSITIVE
RFQ731-001115,explosionApproval,A,FALSE_POSITIVE
RFQ731-003458,explosionApproval,A,FALSE_POSITIVE
RFQ731-000045,waveInjector,FWI,FALSE_POSITIVE
RFQ731-003434,temperaturEingaenge,TT1,FALSE_POSITIVE
RFQ731-000205,dynamicGasMaster,1,FALSE_POSITIVE
RFQ731-000727,temperaturEingaenge,TT1,FALSE_POSITIVE
RFQ731-000648,certification,CN,FALSE_POSITIVE
RFQ731-001647,stromSchaltbar,CS1,FALSE_POSITIVE
RFQ731-000407,numberOfChannels,1,FALSE_POSITIVE
RFQ731-000222,temperaturEingaenge,TT1,FALSE_POSITIVE
RFQ731-003505,explosionApproval,A,FALSE_POSITIVE
RFQ731-004472,temperaturEingaenge,TT1,FALSE_POSITIVE
RFQ731-004134,explosionApproval,A,FALSE_POSITIVE
RFQ731-002461,certification,CN,FALSE_POSITIVE
RFQ731-001033,certification,CN,FALSE_POSITIVE
RFQ731-004860,binaerOpenColl_MP,MP1,FALSE_POSITIVE
RFQ731-001317,waveInjector,FWI,FALSE_POSITIVE
RFQ731-000252,explosionApproval,A,FALSE_POSITIVE
RFQ731-001891,certification,CN,FALSE_POSITIVE
RFQ731-003053,temperaturEingaenge,TT1,FALSE_POSITIVE
RFQ731-004187,stromEingaenge,IS1,FALSE_POSITIVE
RFQ731-004433,certification,CN,FALSE_POSITIVE
RFQ731-003764,certification,CN,FALSE_POSITIVE
RFQ731-000323,temperaturEingaenge,TT1,FALSE_POSITIVE
RFQ731-004184,explosionApproval,A,FALSE_POSITIVE
RFQ731-002862,powerSupply,1,FALSE_POSITIVE
RFQ731-002229,binaerOpenColl_MP,MP1,FALSE_POSITIVE
RFQ731-002850,explosionApproval,A,FALSE_POSITIVE
RFQ731-000283,temperaturEingaenge,TT1,FALSE_POSITIVE
RFQ731-002144,devCategory,G,FALSE_POSITIVE
RFQ731-003068,devCategory,G,FALSE_POSITIVE
RFQ731-002596,dynamicGasMaster,1,FALSE_POSITIVE
RFQ731-002046,temperaturEingaenge,TT1,FALSE_POSITIVE
RFQ731-002946,explosionApproval,A,FALSE_POSITIVE
RFQ731-004602,certification,CN,FALSE_POSITIVE
RFQ731-000244,certification,CN,FALSE_POSITIVE
RFQ731-003810,waveInjector,FWI,FALSE_POSITIVE
RFQ731-003730,binaerOpenColl_MP,MP1,FALSE_POSITIVE
RFQ731-000445,binaerOpenColl_MP,MP1,FALSE_POSITIVE
RFQ731-001149,temperaturEingaenge,TT1,FALSE_POSITIVE
RFQ731-004160,explosionApproval,A,FALSE_POSITIVE
RFQ731-002656,waveInjector,FWI,FALSE_POSITIVE
RFQ731-004986,binaerOpenColl_MP,MP1,FALSE_POSITIVE
RFQ731-003918,explosionApproval,A,FALSE_POSITIVE
RFQ731-004090,temperaturEingaenge,TT1,FALSE_POSITIVE
RFQ731-001382,binaerOpenColl_MP,MP1,FALSE_POSITIVE
RFQ731-002325,binaerOpenColl_MP,MP1,FALSE_POSITIVE
RFQ731-003592,binaerDigitalOpenColl_MN,MN2,FALSE_POSITIVE
RFQ731-004221,temperaturEingaenge,TT1,FALSE_POSITIVE
RFQ731-001928,waveInjector,FWI,FALSE_POSITIVE
RFQ731-002043,explosionApproval,A,FALSE_POSITIVE
RFQ731-004038,explosionApproval,A,FALSE_POSITIVE
RFQ731-004751,certification,CN,FALSE_POSITIVE
RFQ731-002127,explosionApproval,A,FALSE_POSITIVE
RFQ731-000649,temperaturEingaenge,TT1,FALSE_POSITIVE
RFQ731-001208,explosionApproval,A,FALSE_POSITIVE
RFQ731-003256,certification,CN,FALSE_POSITIVE
RFQ731-000061,temperaturEingaenge,TT1,FALSE_POSITIVE
RFQ731-001041,binaerOpenColl_MP,MP1,FALSE_POSITIVE
RFQ731-001749,dynamicGasMaster,1,FALSE_POSITIVE
RFQ731-001659,certification,CN,FALSE_POSITIVE
RFQ731-001062,devCategory,G,FALSE_POSITIVE
RFQ731-004262,waveInjector,FWI,FALSE_POSITIVE
RFQ731-004568,temperaturEingaenge,TT1,FALSE_POSITIVE
RFQ731-002649,waveInjector,FWI,FALSE_POSITIVE
RFQ731-001466,explosionApproval,A,FALSE_POSITIVE
RFQ731-003586,binaerOpenColl_MP,MP1,FALSE_POSITIVE
RFQ731-004126,temperaturEingaenge,TT1,FALSE_POSITIVE
RFQ731-000397,certification,CN,FALSE_POSITIVE
RFQ731-004580,temperaturEingaenge,TT1,FALSE_POSITIVE
RFQ731-003389,dev_advMeterVerification,1,FALSE_POSITIVE
RFQ731-001662,numberOfChannels,1,FALSE_POSITIVE
RFQ731-004583,temperaturEingaenge,TT1,FALSE_POSITIVE
RFQ731-001326,explosionApproval,A,FALSE_POSITIVE
RFQ731-001216,temperaturEingaenge,TT1,FALSE_POSITIVE
RFQ731-002240,waveInjector,FWI,FALSE_POSITIVE
RFQ731-002470,waveInjector,FWI,FALSE_POSITIVE
RFQ731-003594,waveInjector,FWI,FALSE_POSITIVE
RFQ731-003850,explosionApproval,A,FALSE_POSITIVE
RFQ731-000754,binaerOpenColl_MP,MP1,FALSE_POSITIVE
RFQ731-002325,dev_advMeterVerification,1,FALSE_POSITIVE
RFQ731-004326,temperaturEingaenge,TT1,FALSE_POSITIVE
RFQ731-004826,temperaturEingaenge,TT1,FALSE_POSITIVE
RFQ731-004962,dynamicGasMaster,1,FALSE_POSITIVE
RFQ731-001537,certification,NN,FALSE_POSITIVE
RFQ731-000162,binaerOpenColl_MP,MP1,FALSE_POSITIVE
RFQ731-004466,dynamicGasMaster,1,FALSE_POSITIVE
RFQ731-002885,explosionApproval,A,FALSE_POSITIVE
RFQ731-003144,certification,CN,FALSE_POSITIVE
RFQ731-004658,binaerOpenColl_MP,MP1,FALSE_POSITIVE
RFQ731-001712,dynamicGasMaster,1,FALSE_POSITIVE
RFQ731-004626,explosionApproval,A,FALSE_POSITIVE
RFQ731-003424,dev_advMeterVerification,1,FALSE_POSITIVE
RFQ731-003058,certification,CN,FALSE_POSITIVE
RFQ731-001422,waveInjector,FWI,FALSE_POSITIVE
RFQ731-002242,temperaturEingaenge,TT1,FALSE_POSITIVE
RFQ731-003393,dynamicGasMaster,1,FALSE_POSITIVE
RFQ731-004740,certification,NN,FALSE_POSITIVE
RFQ731-002495,certification,CN,FALSE_POSITIVE
RFQ731-002330,stromEingaenge,IS1,FALSE_POSITIVE
RFQ731-001409,waveInjector,FWI,FALSE_POSITIVE
RFQ731-000651,devCategory,G,FALSE_POSITIVE
RFQ731-000585,certification,NN,FALSE_POSITIVE
RFQ731-003600,explosionApproval,A,FALSE_POSITIVE
RFQ731-002650,binaerOpenColl_MP,MP1,FALSE_POSITIVE
RFQ731-004478,waveInjector,FWI,FALSE_POSITIVE
RFQ731-002105,binaerDigitalOpenColl_MN,MN2,FALSE_POSITIVE
RFQ731-003760,certification,CN,FALSE_POSITIVE
RFQ731-000018,explosionApproval,A,FALSE_POSITIVE
RFQ731-003859,stromEingaenge,IS1,FALSE_POSITIVE
RFQ731-001512,binaerOpenColl_MP,MP1,FALSE_POSITIVE
RFQ731-001275,waveInjector,FWI,FALSE_POSITIVE
RFQ731-000331,binaerOpenColl_MP,MP1,FALSE_POSITIVE
RFQ731-000990,explosionApproval,A,FALSE_POSITIVE
RFQ731-000148,explosionApproval,A,FALSE_POSITIVE
RFQ731-002939,explosionApproval,A,FALSE_POSITIVE
RFQ731-003461,binaerOpenColl_MP,MP1,FALSE_POSITIVE
RFQ731-004401,temperaturEingaenge,TT1,FALSE_POSITIVE
RFQ731-000232,temperaturEingaenge,TT1,FALSE_POSITIVE
RFQ731-002259,waveInjector,FWI,FALSE_POSITIVE
RFQ731-000399,certification,NN,FALSE_POSITIVE
RFQ731-000076,waveInjector,FWI,FALSE_POSITIVE
RFQ731-001801,temperaturEingaenge,TT1,FALSE_POSITIVE
RFQ731-001171,explosionApproval,A,FALSE_POSITIVE
RFQ731-004730,explosionApproval,A,FALSE_POSITIVE
RFQ731-003665,binaerOpenColl_MP,MP1,FALSE_POSITIVE
RFQ731-004286,binaerDigitalOpenColl_MN,MN1,FALSE_POSITIVE
RFQ731-001388,explosionApproval,A,FALSE_POSITIVE
RFQ731-003345,devCategory,F,FALSE_POSITIVE
RFQ731-004997,explosionApproval,A,FALSE_POSITIVE
RFQ731-003080,explosionApproval,A,FALSE_POSITIVE
RFQ731-002713,waveInjector,FWI,FALSE_POSITIVE
RFQ731-002619,explosionApproval,A,FALSE_POSITIVE
RFQ731-000992,explosionApproval,A,FALSE_POSITIVE
RFQ731-001953,temperaturEingaenge,TT1,FALSE_POSITIVE
RFQ731-001620,explosionApproval,A,FALSE_POSITIVE
RFQ731-003157,binaerOpenColl_MP,MP1,FALSE_POSITIVE
RFQ731-000775,certification,CN,FALSE_POSITIVE
RFQ731-003693,temperaturEingaenge,TT1,FALSE_POSITIVE
RFQ731-000471,temperaturEingaenge,TT1,FALSE_POSITIVE
RFQ731-000663,temperaturEingaenge,TT1,FALSE_POSITIVE
RFQ731-000568,explosionApproval,A,FALSE_POSITIVE
RFQ731-002979,explosionApproval,A,FALSE_POSITIVE
RFQ731-003358,temperaturEingaenge,TT1,FALSE_POSITIVE
RFQ731-003136,waveInjector,FWI,FALSE_POSITIVE
RFQ731-004872,temperaturEingaenge,TT1,FALSE_POSITIVE
RFQ731-000129,temperaturEingaenge,TT1,FALSE_POSITIVE
RFQ731-003696,temperaturEingaenge,TT1,FALSE_POSITIVE
RFQ731-000934,explosionApproval,A,FALSE_POSITIVE
RFQ731-004561,dynamicGasMaster,1,FALSE_POSITIVE
RFQ731-000006,temperaturEingaenge,TT1,FALSE_POSITIVE
RFQ731-001179,binaerOpenColl_MP,MP1,FALSE_POSITIVE
RFQ731-003400,stromEingaenge,IS1,FALSE_POSITIVE
RFQ731-002288,binaerOpenColl_MP,MP1,FALSE_POSITIVE
RFQ731-004803,binaerOpenColl_MP,MP1,FALSE_POSITIVE
RFQ731-002466,certification,CN,FALSE_POSITIVE
RFQ731-002165,devCategory,F,FALSE_POSITIVE
RFQ731-004446,stromEingaenge,IS1,FALSE_POSITIVE
RFQ731-002362,explosionApproval,A,FALSE_POSITIVE
RFQ731-003630,explosionApproval,A,FALSE_POSITIVE
RFQ731-001384,certification,CN,FALSE_POSITIVE
RFQ731-000517,dynamicGasMaster,1,FALSE_POSITIVE
RFQ731-001964,explosionApproval,A,FALSE_POSITIVE
RFQ731-001547,temperaturEingaenge,TT1,FALSE_POSITIVE
RFQ731-002481,waveInjector,FWI,FALSE_POSITIVE
RFQ731-001479,numberOfChannels,1,FALSE_POSITIVE
RFQ731-002966,dev_advMeterVerification,1,FALSE_POSITIVE
RFQ731-003685,devCategory,F,FALSE_POSITIVE
RFQ731-004715,dynamicGasMaster,1,FALSE_POSITIVE
RFQ731-002084,explosionApproval,A,FALSE_POSITIVE
RFQ731-000754,dev_advMeterVerification,1,FALSE_POSITIVE
RFQ731-003497,explosionApproval,A,FALSE_POSITIVE
RFQ731-004726,numberOfChannels,1,FALSE_POSITIVE
RFQ731-003941,temperaturEingaenge,TT1,FALSE_POSITIVE
RFQ731-004226,dynamicGasMaster,1,FALSE_POSITIVE
RFQ731-000740,explosionApproval,A,FALSE_POSITIVE
RFQ731-002323,dynamicGasMaster,1,FALSE_POSITIVE
RFQ731-001106,dynamicGasMaster,1,FALSE_POSITIVE
RFQ731-004392,dynamicGasMaster,1,FALSE_POSITIVE
RFQ731-001996,waveInjector,FWI,FALSE_POSITIVE
RFQ731-002472,temperaturEingaenge,TT1,FALSE_POSITIVE
RFQ731-000302,waveInjector,FWI,FALSE_POSITIVE
RFQ731-000345,binaerOpenColl_MP,MP1,FALSE_POSITIVE
RFQ731-001733,certification,CN,FALSE_POSITIVE
RFQ731-003940,explosionApproval,A,FALSE_POSITIVE
RFQ731-002962,binaerOpenColl_MP,MP1,FALSE_POSITIVE
RFQ731-002933,certification,NN,FALSE_POSITIVE
RFQ731-003781,waveInjector,FWI,FALSE_POSITIVE
RFQ731-004329,temperaturEingaenge,TT1,FALSE_POSITIVE
RFQ731-001874,certification,CN,FALSE_POSITIVE
RFQ731-000084,explosionApproval,A,FALSE_POSITIVE
RFQ731-003045,explosionApproval,A,FALSE_POSITIVE
RFQ731-000056,waveInjector,FWI,FALSE_POSITIVE
RFQ731-000912,stromEingaenge,IS1,FALSE_POSITIVE
RFQ731-004287,explosionApproval,A,FALSE_POSITIVE
RFQ731-000582,waveInjector,FWI,FALSE_POSITIVE
RFQ731-001624,powerSupply,1,FALSE_POSITIVE
RFQ731-000776,stromEingaenge,IS1,FALSE_POSITIVE
RFQ731-001668,explosionApproval,A,FALSE_POSITIVE
RFQ731-001181,stromEingaenge,IS1,FALSE_POSITIVE
RFQ731-003616,binaerOpenColl_MP,MP1,FALSE_POSITIVE
RFQ731-001265,explosionApproval,A,FALSE_POSITIVE
RFQ731-001833,certification,CN,FALSE_POSITIVE
RFQ731-003506,dynamicGasMaster,1,FALSE_POSITIVE
RFQ731-001395,binaerOpenColl_MP,MP1,FALSE_POSITIVE
RFQ731-000607,certification,NN,FALSE_POSITIVE
RFQ731-004241,certification,CN,FALSE_POSITIVE
RFQ731-003427,binaerOpenColl_MP,MP1,FALSE_POSITIVE
RFQ731-000474,waveInjector,FWI,FALSE_POSITIVE
RFQ731-002053,certification,CN,FALSE_POSITIVE
RFQ731-002956,dynamicGasMaster,1,FALSE_POSITIVE
RFQ731-002414,waveInjector,FWI,FALSE_POSITIVE
RFQ731-002859,explosionApproval,A,FALSE_POSITIVE
RFQ731-002730,binaerDigitalOpenColl_MN,MN1,FALSE_POSITIVE
RFQ731-003392,temperaturEingaenge,TT1,FALSE_POSITIVE
RFQ731-001701,explosionApproval,A,FALSE_POSITIVE
RFQ731-002143,dynamicGasMaster,1,FALSE_POSITIVE
RFQ731-004753,explosionApproval,A,FALSE_POSITIVE
RFQ731-002816,explosionApproval,A,FALSE_POSITIVE
RFQ731-002568,explosionApproval,A,FALSE_POSITIVE
RFQ731-004562,waveInjector,FWI,FALSE_POSITIVE
RFQ731-003524,temperaturEingaenge,TT1,FALSE_POSITIVE
RFQ731-001649,explosionApproval,A,FALSE_POSITIVE
RFQ731-001136,devCategory,F,FALSE_POSITIVE
RFQ731-002203,temperaturEingaenge,TT1,FALSE_POSITIVE
RFQ731-002186,explosionApproval,A,FALSE_POSITIVE
RFQ731-002132,explosionApproval,A,FALSE_POSITIVE
RFQ731-004749,temperaturEingaenge,TT1,FALSE_POSITIVE
RFQ731-002881,explosionApproval,A,FALSE_POSITIVE
RFQ731-001183,explosionApproval,A,FALSE_POSITIVE
RFQ731-001748,waveInjector,FWI,FALSE_POSITIVE
RFQ731-003394,binaerDigitalOpenColl_MN,MN2,FALSE_POSITIVE
RFQ731-004916,temperaturEingaenge,TT1,FALSE_POSITIVE
RFQ731-000619,certification,CN,FALSE_POSITIVE
RFQ731-004597,certification,CN,FALSE_POSITIVE
RFQ731-004624,temperaturEingaenge,TT1,FALSE_POSITIVE
RFQ731-004853,explosionApproval,A,FALSE_POSITIVE
RFQ731-004744,explosionApproval,A,FALSE_POSITIVE
RFQ731-004372,devCategory,F,FALSE_POSITIVE
RFQ731-002465,explosionApproval,A,FALSE_POSITIVE
RFQ731-000058,explosionApproval,A,FALSE_POSITIVE
RFQ731-002882,temperaturEingaenge,TT1,FALSE_POSITIVE
RFQ731-004591,certification,CN,FALSE_POSITIVE
RFQ731-000149,explosionApproval,A,FALSE_POSITIVE
RFQ731-004973,binaerOpenColl_MP,MP1,FALSE_POSITIVE
RFQ731-003841,temperaturEingaenge,TT1,FALSE_POSITIVE
RFQ731-000311,temperaturEingaenge,TT1,FALSE_POSITIVE
RFQ731-004009,temperaturEingaenge,TT1,FALSE_POSITIVE
RFQ731-000773,binaerDigitalOpenColl_MN,MN1,FALSE_POSITIVE
RFQ731-002254,explosionApproval,A,FALSE_POSITIVE
RFQ731-000001,binaerOpenColl_MP,MP1,FALSE_POSITIVE
RFQ731-001475,temperaturEingaenge,TT1,FALSE_POSITIVE
RFQ731-001461,temperaturEingaenge,TT1,FALSE_POSITIVE
RFQ731-001570,dynamicGasMaster,1,FALSE_POSITIVE
RFQ731-003094,temperaturEingaenge,TT1,FALSE_POSITIVE
RFQ731-000513,explosionApproval,A,FALSE_POSITIVE
RFQ731-003836,explosionApproval,A,FALSE_POSITIVE
RFQ731-003828,certification,CN,FALSE_POSITIVE
RFQ731-003945,certification,CN,FALSE_POSITIVE
RFQ731-000258,temperaturEingaenge,TT1,FALSE_POSITIVE
RFQ731-001333,dev_advMeterVerification,1,FALSE_POSITIVE
RFQ731-000456,waveInjector,FWI,FALSE_POSITIVE
RFQ731-001999,explosionApproval,A,FALSE_POSITIVE
RFQ731-003146,certification,CN,FALSE_POSITIVE
RFQ731-004510,explosionApproval,A,FALSE_POSITIVE
RFQ731-003297,temperaturEingaenge,TT1,FALSE_POSITIVE
RFQ731-004471,dynamicGasMaster,1,FALSE_POSITIVE
RFQ731-000410,explosionApproval,A,FALSE_POSITIVE
RFQ731-004197,temperaturEingaenge,TT1,FALSE_POSITIVE
RFQ731-000771,explosionApproval,A,FALSE_POSITIVE
RFQ731-004729,certification,CN,FALSE_POSITIVE
RFQ731-003086,binaerOpenColl_MP,MP1,FALSE_POSITIVE
RFQ731-004836,binaerOpenColl_MP,MP1,FALSE_POSITIVE
RFQ731-004739,explosionApproval,A,FALSE_POSITIVE
RFQ731-000603,binaerOpenColl_MP,MP1,FALSE_POSITIVE
RFQ731-003812,explosionApproval,A,FALSE_POSITIVE
RFQ731-002106,temperaturEingaenge,TT1,FALSE_POSITIVE
RFQ731-000797,explosionApproval,A,FALSE_POSITIVE
RFQ731-003914,explosionApproval,A,FALSE_POSITIVE
RFQ731-002478,binaerOpenColl_MP,MP1,FALSE_POSITIVE
RFQ731-002139,explosionApproval,A,FALSE_POSITIVE
RFQ731-000092,certification,CN,FALSE_POSITIVE
RFQ731-000328,certification,CN,FALSE_POSITIVE
RFQ731-004866,explosionApproval,A,FALSE_POSITIVE
RFQ731-004551,explosionApproval,A,FALSE_POSITIVE
RFQ731-002656,explosionApproval,A,FALSE_POSITIVE
RFQ731-001030,explosionApproval,A,FALSE_POSITIVE
RFQ731-002066,binaerOpenColl_MP,MP1,FALSE_POSITIVE
RFQ731-000344,waveInjector,FWI,FALSE_POSITIVE
RFQ731-000204,temperaturEingaenge,TT1,FALSE_POSITIVE
RFQ731-000774,certification,CN,FALSE_POSITIVE
RFQ731-002744,certification,CN,FALSE_POSITIVE
RFQ731-001192,binaerOpenColl_MP,MP1,FALSE_POSITIVE
RFQ731-004005,certification,CN,FALSE_POSITIVE
RFQ731-003077,explosionApproval,A,FALSE_POSITIVE
RFQ731-003857,explosionApproval,A,FALSE_POSITIVE
RFQ731-001260,explosionApproval,A,FALSE_POSITIVE
RFQ731-003286,explosionApproval,A,FALSE_POSITIVE
RFQ731-002091,temperaturEingaenge,TT1,FALSE_POSITIVE
RFQ731-004253,explosionApproval,A,FALSE_POSITIVE
RFQ731-000813,binaerDigitalOpenColl_MN,MN2,FALSE_POSITIVE
RFQ731-002256,explosionApproval,A,FALSE_POSITIVE
RFQ731-004966,temperaturEingaenge,TT1,FALSE_POSITIVE
RFQ731-001066,temperaturEingaenge,TT1,FALSE_POSITIVE
RFQ731-003172,explosionApproval,A,FALSE_POSITIVE
RFQ731-002740,temperaturEingaenge,TT1,FALSE_POSITIVE
RFQ731-002822,explosionApproval,A,FALSE_POSITIVE
RFQ731-002253,explosionApproval,A,FALSE_POSITIVE
RFQ731-002019,temperaturEingaenge,TT1,FALSE_POSITIVE
RFQ731-002417,explosionApproval,A,FALSE_POSITIVE
RFQ731-000706,certification,CN,FALSE_POSITIVE
RFQ731-004972,stromEingaenge,IS1,FALSE_POSITIVE
RFQ731-000217,explosionApproval,A,FALSE_POSITIVE
RFQ731-004592,explosionApproval,A,FALSE_POSITIVE
RFQ731-004004,temperaturEingaenge,TT1,FALSE_POSITIVE
RFQ731-002717,explosionApproval,A,FALSE_POSITIVE
RFQ731-003574,stromSchaltbar,CS1,FALSE_POSITIVE
RFQ731-000903,explosionApproval,A,FALSE_POSITIVE
RFQ731-002238,waveInjector,FWI,FALSE_POSITIVE
RFQ731-003929,explosionApproval,A,FALSE_POSITIVE
RFQ731-002090,waveInjector,FWI,FALSE_POSITIVE
RFQ731-001079,temperaturEingaenge,TT1,FALSE_POSITIVE
RFQ731-002487,binaerDigitalOpenColl_MN,MN2,FALSE_POSITIVE
RFQ731-003656,explosionApproval,A,FALSE_POSITIVE
RFQ731-001654,explosionApproval,A,FALSE_POSITIVE
RFQ731-000139,explosionApproval,A,FALSE_POSITIVE
RFQ731-002684,temperaturEingaenge,TT1,FALSE_POSITIVE
RFQ731-000419,temperaturEingaenge,TT1,FALSE_POSITIVE
RFQ731-004325,explosionApproval,A,FALSE_POSITIVE
RFQ731-000531,temperaturEingaenge,TT2,FALSE_POSITIVE
RFQ731-003967,explosionApproval,A,FALSE_POSITIVE
RFQ731-001819,waveInjector,FWI,FALSE_POSITIVE
RFQ731-003240,explosionApproval,A,FALSE_POSITIVE
RFQ731-004882,waveInjector,FWI,FALSE_POSITIVE
RFQ731-003264,temperaturEingaenge,TT1,FALSE_POSITIVE
RFQ731-003130,temperaturEingaenge,TT1,FALSE_POSITIVE
RFQ731-001884,devCategory,F,FALSE_POSITIVE
RFQ731-004250,explosionApproval,A,FALSE_POSITIVE
RFQ731-002542,binaerOpenColl_MP,MP1,FALSE_POSITIVE
RFQ731-000840,binaerOpenColl_MP,MP1,FALSE_POSITIVE
RFQ731-004478,explosionApproval,A,FALSE_POSITIVE
RFQ731-002948,explosionApproval,A,FALSE_POSITIVE
RFQ731-002749,explosionApproval,A,FALSE_POSITIVE
RFQ731-001541,explosionApproval,A,FALSE_POSITIVE
RFQ731-003366,temperaturEingaenge,TT1,FALSE_POSITIVE
RFQ731-003321,dev_advMeterVerification,1,FALSE_POSITIVE
RFQ731-004646,explosionApproval,A,FALSE_POSITIVE
RFQ731-000132,binaerDigitalOpenColl_MN,MN1,FALSE_POSITIVE
RFQ731-001543,binaerOpenColl_MP,MP1,FALSE_POSITIVE
RFQ731-003480,explosionApproval,A,FALSE_POSITIVE
RFQ731-002331,explosionApproval,A,FALSE_POSITIVE
RFQ731-003128,binaerOpenColl_MP,MP1,FALSE_POSITIVE
RFQ731-002087,certification,CN,FALSE_POSITIVE
RFQ731-004516,explosionApproval,A,FALSE_POSITIVE
RFQ731-001313,binaerOpenColl_MP,MP1,FALSE_POSITIVE
RFQ731-003093,explosionApproval,A,FALSE_POSITIVE
RFQ731-001685,powerSupply,1,FALSE_POSITIVE
RFQ731-004673,temperaturEingaenge,TT1,FALSE_POSITIVE
RFQ731-004235,explosionApproval,A,FALSE_POSITIVE
RFQ731-004406,waveInjector,FWI,FALSE_POSITIVE
RFQ731-001365,explosionApproval,A,FALSE_POSITIVE
RFQ731-000768,binaerDigitalOpenColl_MN,MN2,FALSE_POSITIVE
RFQ731-003023,temperaturEingaenge,TT1,FALSE_POSITIVE
RFQ731-001987,binaerOpenColl_MP,MP1,FALSE_POSITIVE
RFQ731-004162,binaerOpenColl_MP,MP1,FALSE_POSITIVE
RFQ731-001000,dev_advMeterVerification,1,FALSE_POSITIVE
RFQ731-003445,binaerOpenColl_MP,MP1,FALSE_POSITIVE
RFQ731-002177,temperaturEingaenge,TT1,FALSE_POSITIVE
RFQ731-002466,binaerOpenColl_MP,MP1,FALSE_POSITIVE
RFQ731-002001,temperaturEingaenge,TT1,FALSE_POSITIVE
RFQ731-001785,explosionApproval,A,FALSE_POSITIVE
RFQ731-003510,certification,CN,FALSE_POSITIVE
RFQ731-002713,explosionApproval,A,FALSE_POSITIVE
RFQ731-004542,temperaturEingaenge,TT1,FALSE_POSITIVE
RFQ731-003868,certification,CN,FALSE_POSITIVE
RFQ731-001381,explosionApproval,A,FALSE_POSITIVE
RFQ731-000160,stromEingaenge,IS1,FALSE_POSITIVE
RFQ731-004653,explosionApproval,A,FALSE_POSITIVE
RFQ731-001766,explosionApproval,A,FALSE_POSITIVE
RFQ731-002895,binaerOpenColl_MP,MP1,FALSE_POSITIVE
RFQ731-003019,explosionApproval,A,FALSE_POSITIVE
RFQ731-003773,explosionApproval,A,FALSE_POSITIVE
RFQ731-000566,dev_advMeterVerification,1,FALSE_POSITIVE
RFQ731-004569,waveInjector,FWI,FALSE_POSITIVE
RFQ731-004954,certification,CN,FALSE_POSITIVE
RFQ731-001451,temperaturEingaenge,TT1,FALSE_POSITIVE
RFQ731-001194,devCategory,G,FALSE_POSITIVE
RFQ731-002690,temperaturEingaenge,TT1,FALSE_POSITIVE
RFQ731-002847,explosionApproval,A,FALSE_POSITIVE
RFQ731-002899,dev_advMeterVerification,1,FALSE_POSITIVE
RFQ731-001131,temperaturEingaenge,TT1,FALSE_POSITIVE
RFQ731-004138,binaerOpenColl_MP,MP1,FALSE_POSITIVE
RFQ731-002020,temperaturEingaenge,TT1,FALSE_POSITIVE
RFQ731-002828,waveInjector,FWI,FALSE_POSITIVE
RFQ731-004758,waveInjector,FWI,FALSE_POSITIVE
RFQ731-000984,binaerOpenColl_MP,MP1,FALSE_POSITIVE
RFQ731-004799,certification,CN,FALSE_POSITIVE
RFQ731-000816,dynamicGasMaster,1,FALSE_POSITIVE
RFQ731-002921,temperaturEingaenge,TT1,FALSE_POSITIVE
RFQ731-001037,dynamicGasMaster,1,FALSE_POSITIVE
RFQ731-001808,explosionApproval,A,FALSE_POSITIVE
RFQ731-002102,waveInjector,FWI,FALSE_POSITIVE
RFQ731-002677,binaerOpenColl_MP,MP1,FALSE_POSITIVE
RFQ731-002599,binaerOpenColl_MP,MP1,FALSE_POSITIVE
RFQ731-000569,explosionApproval,A,FALSE_POSITIVE
RFQ731-003253,dynamicGasMaster,1,FALSE_POSITIVE
RFQ731-001199,explosionApproval,A,FALSE_POSITIVE
RFQ731-002559,temperaturEingaenge,TT1,FALSE_POSITIVE
RFQ731-004864,certification,CN,FALSE_POSITIVE
RFQ731-003430,explosionApproval,A,FALSE_POSITIVE
RFQ731-000697,binaerOpenColl_MP,MP1,FALSE_POSITIVE
RFQ731-003743,waveInjector,FWI,FALSE_POSITIVE
RFQ731-002817,certification,CN,FALSE_POSITIVE
RFQ731-000337,explosionApproval,A,FALSE_POSITIVE
RFQ731-001855,dynamicGasMaster,1,FALSE_POSITIVE
RFQ731-004751,dynamicGasMaster,1,FALSE_POSITIVE
RFQ731-000481,dev_advMeterVerification,1,FALSE_POSITIVE
RFQ731-004105,explosionApproval,A,FALSE_POSITIVE
RFQ731-002032,numberOfChannels,1,FALSE_POSITIVE
RFQ731-002511,dev_advMeterVerification,1,FALSE_POSITIVE
RFQ731-002394,temperaturEingaenge,TT1,FALSE_POSITIVE
RFQ731-001440,dev_advMeterVerification,1,FALSE_POSITIVE
RFQ731-002159,binaerOpenColl_MP,MP1,FALSE_POSITIVE
RFQ731-002481,explosionApproval,A,FALSE_POSITIVE
RFQ731-000695,explosionApproval,A,FALSE_POSITIVE
RFQ731-001933,binaerDigitalOpenColl_MN,MN2,FALSE_POSITIVE
RFQ731-002722,waveInjector,FWI,FALSE_POSITIVE
RFQ731-004071,binaerOpenColl_MP,MP1,FALSE_POSITIVE
RFQ731-004482,waveInjector,FWI,FALSE_POSITIVE
RFQ731-000217,binaerOpenColl_MP,MP4,FALSE_POSITIVE
RFQ731-004128,explosionApproval,A,FALSE_POSITIVE
RFQ731-004697,binaerOpenColl_MP,MP1,FALSE_POSITIVE
RFQ731-000506,certification,CN,FALSE_POSITIVE
RFQ731-004295,binaerOpenColl_MP,MP1,FALSE_POSITIVE
RFQ731-004104,certification,CN,FALSE_POSITIVE
RFQ731-004124,dynamicGasMaster,1,FALSE_POSITIVE
RFQ731-002949,binaerOpenColl_MP,MP1,FALSE_POSITIVE
RFQ731-003580,temperaturEingaenge,TT1,FALSE_POSITIVE
RFQ731-003336,binaerDigitalOpenColl_MN,MN1,FALSE_POSITIVE
RFQ731-004755,certification,CN,FALSE_POSITIVE
RFQ731-004195,certification,CN,FALSE_POSITIVE
RFQ731-003824,explosionApproval,A,FALSE_POSITIVE
RFQ731-003867,temperaturEingaenge,TT1,FALSE_POSITIVE
RFQ731-002295,explosionApproval,A,FALSE_POSITIVE
RFQ731-003691,binaerOpenColl_MP,MP1,FALSE_POSITIVE
RFQ731-001102,explosionApproval,A,FALSE_POSITIVE
RFQ731-003201,binaerOpenColl_MP,MP1,FALSE_POSITIVE
RFQ731-004003,certification,CN,FALSE_POSITIVE
RFQ731-003772,binaerOpenColl_MP,MP1,FALSE_POSITIVE
RFQ731-002488,waveInjector,FWI,FALSE_POSITIVE
RFQ731-001145,explosionApproval,A,FALSE_POSITIVE
RFQ731-002567,temperaturEingaenge,TT1,FALSE_POSITIVE
RFQ731-000856,explosionApproval,A,FALSE_POSITIVE
RFQ731-004372,temperaturEingaenge,TT1,FALSE_POSITIVE
RFQ731-000068,temperaturEingaenge,TT1,FALSE_POSITIVE
RFQ731-001485,temperaturEingaenge,TT1,FALSE_POSITIVE
RFQ731-003012,dynamicGasMaster,1,FALSE_POSITIVE
RFQ731-004981,devCategory,G,FALSE_POSITIVE
RFQ731-003409,explosionApproval,A,FALSE_POSITIVE
RFQ731-000969,waveInjector,FWI,FALSE_POSITIVE
RFQ731-000328,binaerOpenColl_MP,MP1,FALSE_POSITIVE
RFQ731-004194,devCategory,F,FALSE_POSITIVE
RFQ731-003523,temperaturEingaenge,TT1,FALSE_POSITIVE
RFQ731-004434,explosionApproval,A,FALSE_POSITIVE
RFQ731-003889,waveInjector,FWI,FALSE_POSITIVE
RFQ731-003829,dynamicGasMaster,1,FALSE_POSITIVE
RFQ731-004044,waveInjector,FWI,FALSE_POSITIVE
RFQ731-003410,temperaturEingaenge,TT1,FALSE_POSITIVE
RFQ731-000553,certification,CN,FALSE_POSITIVE
RFQ731-004572,temperaturEingaenge,TT1,FALSE_POSITIVE
RFQ731-001976,explosionApproval,A,FALSE_POSITIVE
RFQ731-002305,explosionApproval,A,FALSE_POSITIVE
RFQ731-004964,explosionApproval,A,FALSE_POSITIVE
RFQ731-002017,explosionApproval,A,FALSE_POSITIVE
RFQ731-001913,explosionApproval,A,FALSE_POSITIVE
RFQ731-003234,numberOfChannels,1,FALSE_POSITIVE
RFQ731-000743,stromSchaltbar,CS1,FALSE_POSITIVE
RFQ731-000949,waveInjector,FWI,FALSE_POSITIVE
RFQ731-001540,temperaturEingaenge,TT1,FALSE_POSITIVE
RFQ731-003268,certification,CN,FALSE_POSITIVE
RFQ731-002475,certification,CN,FALSE_POSITIVE
RFQ731-004945,explosionApproval,A,FALSE_POSITIVE
RFQ731-003412,certification,CN,FALSE_POSITIVE
RFQ731-000721,binaerOpenColl_MP,MP1,FALSE_POSITIVE
RFQ731-003468,dev_advMeterVerification,1,FALSE_POSITIVE
RFQ731-003073,explosionApproval,A,FALSE_POSITIVE
RFQ731-004729,binaerOpenColl_MP,MP1,FALSE_POSITIVE
RFQ731-004209,explosionApproval,A,FALSE_POSITIVE
RFQ731-003627,dynamicGasMaster,1,FALSE_POSITIVE
RFQ731-001369,temperaturEingaenge,TT1,FALSE_POSITIVE
RFQ731-004113,certification,CN,FALSE_POSITIVE
RFQ731-000147,temperaturEingaenge,TT1,FALSE_POSITIVE
RFQ731-000602,explosionApproval,A,FALSE_POSITIVE
RFQ731-002872,waveInjector,FWI,FALSE_POSITIVE
RFQ731-004771,temperaturEingaenge,TT1,FALSE_POSITIVE
RFQ731-004692,binaerOpenColl_MP,MP1,FALSE_POSITIVE
RFQ731-004248,binaerOpenColl_MP,MP1,FALSE_POSITIVE
RFQ731-001324,binaerOpenColl_MP,MP1,FALSE_POSITIVE
RFQ731-002368,waveInjector,FWI,FALSE_POSITIVE
RFQ731-002406,binaerDigitalOpenColl_MN,MN1,FALSE_POSITIVE
RFQ731-002340,dev_advMeterVerification,1,FALSE_POSITIVE
RFQ731-002112,devCategory,F,FALSE_POSITIVE
RFQ731-000314,binaerOpenColl_MP,MP1,FALSE_POSITIVE
RFQ731-001303,certification,CN,FALSE_POSITIVE
RFQ731-002105,temperaturEingaenge,TT1,FALSE_POSITIVE
RFQ731-003078,explosionApproval,A,FALSE_POSITIVE
RFQ731-001795,dev_advMeterVerification,1,FALSE_POSITIVE
RFQ731-001712,certification,CN,FALSE_POSITIVE
RFQ731-002634,explosionApproval,A,FALSE_POSITIVE
RFQ731-004863,explosionApproval,A,FALSE_POSITIVE
RFQ731-002887,binaerOpenColl_MP,MP1,FALSE_POSITIVE
RFQ731-000960,temperaturEingaenge,TT1,FALSE_POSITIVE
RFQ731-000718,waveInjector,FWI,FALSE_POSITIVE
RFQ731-002937,certification,CN,FALSE_POSITIVE
RFQ731-004567,explosionApproval,A,FALSE_POSITIVE
RFQ731-004627,binaerOpenColl_MP,MP1,FALSE_POSITIVE
RFQ731-000824,dynamicGasMaster,1,FALSE_POSITIVE
RFQ731-001666,temperaturEingaenge,TT1,FALSE_POSITIVE
RFQ731-000456,explosionApproval,A,FALSE_POSITIVE
RFQ731-004307,waveInjector,FWI,FALSE_POSITIVE
RFQ731-001139,explosionApproval,A,FALSE_POSITIVE
RFQ731-000280,binaerOpenColl_MP,MP1,FALSE_POSITIVE
RFQ731-001437,certification,CN,FALSE_POSITIVE
RFQ731-001399,waveInjector,FWI,FALSE_POSITIVE
RFQ731-000186,temperaturEingaenge,TT1,FALSE_POSITIVE
RFQ731-001823,temperaturEingaenge,TT1,FALSE_POSITIVE
RFQ731-002111,explosionApproval,A,FALSE_POSITIVE
RFQ731-003984,binaerDigitalOpenColl_MN,MN1,FALSE_POSITIVE
RFQ731-002666,binaerDigitalOpenColl_MN,MN2,FALSE_POSITIVE
RFQ731-001206,waveInjector,FWI,FALSE_POSITIVE
RFQ731-002011,binaerOpenColl_MP,MP1,FALSE_POSITIVE
RFQ731-003365,temperaturEingaenge,TT1,FALSE_POSITIVE
RFQ731-000107,binaerOpenColl_MP,MP1,FALSE_POSITIVE
RFQ731-001667,binaerOpenColl_MP,MP1,FALSE_POSITIVE
RFQ731-000126,temperaturEingaenge,TT1,FALSE_POSITIVE
RFQ731-001656,certification,CN,FALSE_POSITIVE
RFQ731-000426,dev_advMeterVerification,1,FALSE_POSITIVE
RFQ731-002035,certification,CN,FALSE_POSITIVE
RFQ731-001646,explosionApproval,A,FALSE_POSITIVE
RFQ731-002988,explosionApproval,A,FALSE_POSITIVE
RFQ731-001334,explosionApproval,A,FALSE_POSITIVE
RFQ731-000702,explosionApproval,A,FALSE_POSITIVE
RFQ731-000836,certification,CN,FALSE_POSITIVE
RFQ731-000713,devCategory,F,FALSE_POSITIVE
RFQ731-004690,explosionApproval,A,FALSE_POSITIVE
RFQ731-003179,certification,CN,FALSE_POSITIVE
RFQ731-001820,binaerOpenColl_MP,MP1,FALSE_POSITIVE
RFQ731-004860,temperaturEingaenge,TT1,FALSE_POSITIVE
RFQ731-004625,explosionApproval,A,FALSE_POSITIVE
RFQ731-000284,explosionApproval,A,FALSE_POSITIVE
RFQ731-002321,dynamicGasMaster,1,FALSE_POSITIVE
RFQ731-003968,temperaturEingaenge,TT1,FALSE_POSITIVE
RFQ731-003010,temperaturEingaenge,TT1,FALSE_POSITIVE
RFQ731-000819,binaerOpenColl_MP,MP1,FALSE_POSITIVE
RFQ731-003684,explosionApproval,A,FALSE_POSITIVE
RFQ731-001552,certification,CN,FALSE_POSITIVE
RFQ731-000135,certification,CN,FALSE_POSITIVE
RFQ731-004943,dev_advMeterVerification,1,FALSE_POSITIVE
RFQ731-000552,dev_advMeterVerification,1,FALSE_POSITIVE
RFQ731-004948,temperaturEingaenge,TT1,FALSE_POSITIVE
RFQ731-001354,certification,CN,FALSE_POSITIVE
RFQ731-002414,binaerOpenColl_MP,MP4,FALSE_POSITIVE
RFQ731-000354,explosionApproval,A,FALSE_POSITIVE
RFQ731-003621,temperaturEingaenge,TT1,FALSE_POSITIVE
RFQ731-004006,temperaturEingaenge,TT1,FALSE_POSITIVE
RFQ731-002824,temperaturEingaenge,TT1,FALSE_POSITIVE
RFQ731-000623,explosionApproval,A,FALSE_POSITIVE
RFQ731-000383,binaerOpenColl_MP,MP1,FALSE_POSITIVE
RFQ731-000174,explosionApproval,A,FALSE_POSITIVE
RFQ731-003745,binaerOpenColl_MP,MP1,FALSE_POSITIVE
RFQ731-004418,explosionApproval,A,FALSE_POSITIVE
RFQ731-002793,certification,CN,FALSE_POSITIVE
RFQ731-003522,explosionApproval,A,FALSE_POSITIVE
RFQ731-003802,binaerOpenColl_MP,MP1,FALSE_POSITIVE
RFQ731-004734,binaerOpenColl_MP,MP1,FALSE_POSITIVE
RFQ731-001643,temperaturEingaenge,TT1,FALSE_POSITIVE
RFQ731-000941,certification,CN,FALSE_POSITIVE
RFQ731-002878,explosionApproval,A,FALSE_POSITIVE
RFQ731-001224,waveInjector,FWI,FALSE_POSITIVE
RFQ731-004776,temperaturEingaenge,TT1,FALSE_POSITIVE
RFQ731-004267,explosionApproval,A,FALSE_POSITIVE
RFQ731-002716,binaerOpenColl_MP,MP1,FALSE_POSITIVE
RFQ731-000394,explosionApproval,A,FALSE_POSITIVE
RFQ731-002991,stromEingaenge,IS1,FALSE_POSITIVE
RFQ731-004681,binaerOpenColl_MP,MP1,FALSE_POSITIVE
RFQ731-004050,explosionApproval,A,FALSE_POSITIVE
RFQ731-000800,dynamicGasMaster,1,FALSE_POSITIVE
RFQ731-003448,explosionApproval,A,FALSE_POSITIVE
RFQ731-002736,temperaturEingaenge,TT1,FALSE_POSITIVE
RFQ731-003442,certification,NN,FALSE_POSITIVE
RFQ731-001094,dynamicGasMaster,1,FALSE_POSITIVE
RFQ731-003429,dynamicGasMaster,1,FALSE_POSITIVE
RFQ731-000364,explosionApproval,A,FALSE_POSITIVE
RFQ731-003679,explosionApproval,A,FALSE_POSITIVE
RFQ731-001134,temperaturEingaenge,TT1,FALSE_POSITIVE
RFQ731-004871,explosionApproval,A,FALSE_POSITIVE
RFQ731-002187,binaerOpenColl_MP,MP1,FALSE_POSITIVE
RFQ731-001326,waveInjector,FWI,FALSE_POSITIVE
RFQ731-003311,explosionApproval,A,FALSE_POSITIVE
RFQ731-000465,temperaturEingaenge,TT1,FALSE_POSITIVE
RFQ731-000048,explosionApproval,A,FALSE_POSITIVE
RFQ731-001899,binaerDigitalOpenColl_MN,MN1,FALSE_POSITIVE
RFQ731-003386,waveInjector,FWI,FALSE_POSITIVE
RFQ731-003170,certification,CN,FALSE_POSITIVE
RFQ731-003555,binaerOpenColl_MP,MP1,FALSE_POSITIVE
RFQ731-000238,binaerOpenColl_MP,MP1,FALSE_POSITIVE
RFQ731-003635,explosionApproval,A,FALSE_POSITIVE
RFQ731-002175,dev_advMeterVerification,1,FALSE_POSITIVE
RFQ731-004212,temperaturEingaenge,TT1,FALSE_POSITIVE
RFQ731-002714,certification,CN,FALSE_POSITIVE
RFQ731-004117,explosionApproval,A,FALSE_POSITIVE
RFQ731-002310,explosionApproval,A,FALSE_POSITIVE
RFQ731-002021,binaerOpenColl_MP,MP1,FALSE_POSITIVE
RFQ731-000323,devCategory,G,FALSE_POSITIVE
RFQ731-003954,explosionApproval,A,FALSE_POSITIVE
RFQ731-001390,waveInjector,FWI,FALSE_POSITIVE
RFQ731-004327,stromSchaltbar,CS1,FALSE_POSITIVE
RFQ731-004544,dynamicGasMaster,1,FALSE_POSITIVE
RFQ731-004837,waveInjector,FWI,FALSE_POSITIVE
RFQ731-000145,certification,CN,FALSE_POSITIVE
RFQ731-000162,temperaturEingaenge,TT1,FALSE_POSITIVE
RFQ731-001508,binaerOpenColl_MP,MP1,FALSE_POSITIVE
RFQ731-003517,temperaturEingaenge,TT1,FALSE_POSITIVE
RFQ731-001299,temperaturEingaenge,TT1,FALSE_POSITIVE
RFQ731-002231,explosionApproval,A,FALSE_POSITIVE
RFQ731-003486,dynamicGasMaster,1,FALSE_POSITIVE
RFQ731-000018,waveInjector,FWI,FALSE_POSITIVE
RFQ731-001060,binaerOpenColl_MP,MP1,FALSE_POSITIVE
RFQ731-004867,binaerOpenColl_MP,MP1,FALSE_POSITIVE
RFQ731-001904,binaerOpenColl_MP,MP1,FALSE_POSITIVE
RFQ731-003619,explosionApproval,A,FALSE_POSITIVE
RFQ731-004647,explosionApproval,A,FALSE_POSITIVE
RFQ731-003649,certification,CN,FALSE_POSITIVE
RFQ731-001683,dynamicGasMaster,1,FALSE_POSITIVE
RFQ731-002954,binaerOpenColl_MP,MP1,FALSE_POSITIVE
RFQ731-002385,dynamicGasMaster,1,FALSE_POSITIVE
RFQ731-001836,binaerOpenColl_MP,MP1,FALSE_POSITIVE
RFQ731-002095,binaerOpenColl_MP,MP1,FALSE_POSITIVE
RFQ731-002896,binaerDigitalOpenColl_MN,MN1,FALSE_POSITIVE
RFQ731-004654,binaerDigitalOpenColl_MN,MN1,FALSE_POSITIVE
RFQ731-000835,temperaturEingaenge,TT1,FALSE_POSITIVE
RFQ731-004546,explosionApproval,A,FALSE_POSITIVE
RFQ731-004974,temperaturEingaenge,TT1,FALSE_POSITIVE
RFQ731-003071,temperaturEingaenge,TT1,FALSE_POSITIVE
RFQ731-004718,explosionApproval,A,FALSE_POSITIVE
RFQ731-002831,numberOfChannels,1,FALSE_POSITIVE
RFQ731-002396,temperaturEingaenge,TT1,FALSE_POSITIVE
RFQ731-003749,temperaturEingaenge,TT1,FALSE_POSITIVE
RFQ731-003703,explosionApproval,A,FALSE_POSITIVE
RFQ731-001570,certification,CN,FALSE_POSITIVE
RFQ731-004659,binaerOpenColl_MP,MP1,FALSE_POSITIVE
RFQ731-003719,dynamicGasMaster,1,FALSE_POSITIVE
RFQ731-000307,temperaturEingaenge,TT1,FALSE_POSITIVE
RFQ731-001738,explosionApproval,A,FALSE_POSITIVE
RFQ731-004465,waveInjector,FWI,FALSE_POSITIVE
RFQ731-000306,dynamicGasMaster,1,FALSE_POSITIVE
RFQ731-004816,waveInjector,FWI,FALSE_POSITIVE
RFQ731-004775,certification,CN,FALSE_POSITIVE
RFQ731-004793,certification,CN,FALSE_POSITIVE
RFQ731-002443,certification,CN,FALSE_POSITIVE
RFQ731-002018,dynamicGasMaster,1,FALSE_POSITIVE
RFQ731-002836,waveInjector,FWI,FALSE_POSITIVE
RFQ731-004483,explosionApproval,A,FALSE_POSITIVE
RFQ731-004840,explosionApproval,A,FALSE_POSITIVE
RFQ731-002788,explosionApproval,A,FALSE_POSITIVE
RFQ731-001915,certification,CN,FALSE_POSITIVE
RFQ731-004746,explosionApproval,A,FALSE_POSITIVE
RFQ731-001289,explosionApproval,A,FALSE_POSITIVE
RFQ731-004246,binaerOpenColl_MP,MP1,FALSE_POSITIVE
RFQ731-001914,certification,CN,FALSE_POSITIVE
RFQ731-001404,explosionApproval,A,FALSE_POSITIVE
RFQ731-001034,explosionApproval,A,FALSE_POSITIVE
RFQ731-003161,certification,CN,FALSE_POSITIVE
RFQ731-001125,binaerOpenColl_MP,MP1,FALSE_POSITIVE
RFQ731-000548,temperaturEingaenge,TT2,FALSE_POSITIVE
RFQ731-001345,stromEingaenge,IS1,FALSE_POSITIVE
RFQ731-000399,explosionApproval,A,FALSE_POSITIVE
RFQ731-001017,certification,CN,FALSE_POSITIVE
RFQ731-003411,certification,CN,FALSE_POSITIVE
RFQ731-001637,binaerOpenColl_MP,MP1,FALSE_POSITIVE
RFQ731-003537,binaerOpenColl_MP,MP1,FALSE_POSITIVE
RFQ731-000141,binaerOpenColl_MP,MP1,FALSE_POSITIVE
RFQ731-001825,binaerOpenColl_MP,MP1,FALSE_POSITIVE
RFQ731-003107,waveInjector,FWI,FALSE_POSITIVE
RFQ731-004803,temperaturEingaenge,TT1,FALSE_POSITIVE
RFQ731-003521,temperaturEingaenge,TT1,FALSE_POSITIVE
RFQ731-004308,explosionApproval,A,FALSE_POSITIVE
RFQ731-004997,waveInjector,FWI,FALSE_POSITIVE
RFQ731-003080,waveInjector,FWI,FALSE_POSITIVE
RFQ731-002009,explosionApproval,A,FALSE_POSITIVE
RFQ731-003137,binaerOpenColl_MP,MP1,FALSE_POSITIVE
RFQ731-000910,waveInjector,FWI,FALSE_POSITIVE
RFQ731-002486,explosionApproval,A,FALSE_POSITIVE
RFQ731-001852,certification,CN,FALSE_POSITIVE
RFQ731-000962,waveInjector,FWI,FALSE_POSITIVE
RFQ731-004508,binaerOpenColl_MP,MP1,FALSE_POSITIVE
RFQ731-004639,certification,CN,FALSE_POSITIVE
RFQ731-000689,explosionApproval,A,FALSE_POSITIVE
RFQ731-002587,certification,CN,FALSE_POSITIVE
RFQ731-004760,stromSchaltbar,CS1,FALSE_POSITIVE
RFQ731-002558,certification,CN,FALSE_POSITIVE
RFQ731-000331,certification,CN,FALSE_POSITIVE
RFQ731-004884,explosionApproval,A,FALSE_POSITIVE
RFQ731-001514,certification,CN,FALSE_POSITIVE
RFQ731-000072,binaerOpenColl_MP,MP1,FALSE_POSITIVE
RFQ731-001040,temperaturEingaenge,TT1,FALSE_POSITIVE
RFQ731-004563,dynamicGasMaster,1,FALSE_POSITIVE
RFQ731-002003,certification,CN,FALSE_POSITIVE
RFQ731-001593,explosionApproval,A,FALSE_POSITIVE
RFQ731-003757,explosionApproval,A,FALSE_POSITIVE
RFQ731-003724,binaerOpenColl_MP,MP1,FALSE_POSITIVE
RFQ731-001355,temperaturEingaenge,TT1,FALSE_POSITIVE
RFQ731-001977,binaerDigitalOpenColl_MN,MN1,FALSE_POSITIVE
RFQ731-002257,waveInjector,FWI,FALSE_POSITIVE
RFQ731-000095,explosionApproval,A,FALSE_POSITIVE
RFQ731-004616,dynamicGasMaster,1,FALSE_POSITIVE
RFQ731-002487,temperaturEingaenge,TT1,FALSE_POSITIVE
RFQ731-002262,binaerOpenColl_MP,MP1,FALSE_POSITIVE
RFQ731-000378,numberOfChannels,1,FALSE_POSITIVE
RFQ731-003630,waveInjector,FWI,FALSE_POSITIVE
RFQ731-004509,waveInjector,FWI,FALSE_POSITIVE
RFQ731-001413,temperaturEingaenge,TT1,FALSE_POSITIVE
RFQ731-001634,explosionApproval,A,FALSE_POSITIVE
RFQ731-002715,waveInjector,FWI,FALSE_POSITIVE
RFQ731-000010,temperaturEingaenge,TT1,FALSE_POSITIVE
RFQ731-002038,dynamicGasMaster,1,FALSE_POSITIVE
RFQ731-000600,explosionApproval,A,FALSE_POSITIVE
RFQ731-003769,temperaturEingaenge,TT1,FALSE_POSITIVE
RFQ731-000041,explosionApproval,A,FALSE_POSITIVE
RFQ731-002472,devCategory,F,FALSE_POSITIVE
RFQ731-001564,certification,CN,FALSE_POSITIVE
RFQ731-003888,explosionApproval,A,FALSE_POSITIVE
RFQ731-002107,explosionApproval,A,FALSE_POSITIVE
RFQ731-001438,explosionApproval,A,FALSE_POSITIVE
RFQ731-000748,binaerOpenColl_MP,MP1,FALSE_POSITIVE
RFQ731-003542,waveInjector,FWI,FALSE_POSITIVE
RFQ731-004118,explosionApproval,A,FALSE_POSITIVE
RFQ731-003848,explosionApproval,A,FALSE_POSITIVE
RFQ731-000193,binaerOpenColl_MP,MP1,FALSE_POSITIVE
RFQ731-002368,explosionApproval,A,FALSE_POSITIVE
RFQ731-002283,explosionApproval,A,FALSE_POSITIVE
RFQ731-001670,explosionApproval,A,FALSE_POSITIVE
RFQ731-001315,explosionApproval,A,FALSE_POSITIVE
RFQ731-002566,explosionApproval,A,FALSE_POSITIVE
RFQ731-004736,binaerOpenColl_MP,MP1,FALSE_POSITIVE
RFQ731-003819,stromEingaenge,IS1,FALSE_POSITIVE
RFQ731-004268,binaerOpenColl_MP,MP1,FALSE_POSITIVE
RFQ731-002712,binaerOpenColl_MP,MP1,FALSE_POSITIVE
RFQ731-002549,waveInjector,FWI,FALSE_POSITIVE
RFQ731-000960,waveInjector,FWI,FALSE_POSITIVE
RFQ731-003711,explosionApproval,A,FALSE_POSITIVE
RFQ731-000874,temperaturEingaenge,TT1,FALSE_POSITIVE
RFQ731-003622,binaerOpenColl_MP,MP1,FALSE_POSITIVE
RFQ731-002452,explosionApproval,A,FALSE_POSITIVE
RFQ731-000066,temperaturEingaenge,TT1,FALSE_POSITIVE
RFQ731-001108,explosionApproval,A,FALSE_POSITIVE
RFQ731-001481,certification,CN,FALSE_POSITIVE
RFQ731-002908,certification,CN,FALSE_POSITIVE
RFQ731-003548,waveInjector,FWI,FALSE_POSITIVE
RFQ731-000593,explosionApproval,A,FALSE_POSITIVE
RFQ731-003310,explosionApproval,A,FALSE_POSITIVE
RFQ731-004852,waveInjector,FWI,FALSE_POSITIVE
RFQ731-003195,explosionApproval,A,FALSE_POSITIVE
RFQ731-001891,temperaturEingaenge,TT1,FALSE_POSITIVE
RFQ731-003612,explosionApproval,A,FALSE_POSITIVE
RFQ731-002201,temperaturEingaenge,TT1,FALSE_POSITIVE
RFQ731-000828,explosionApproval,A,FALSE_POSITIVE
RFQ731-003221,temperaturEingaenge,TT2,FALSE_POSITIVE
RFQ731-000180,temperaturEingaenge,TT1,FALSE_POSITIVE
RFQ731-003835,binaerOpenColl_MP,MP1,FALSE_POSITIVE
RFQ731-001860,explosionApproval,A,FALSE_POSITIVE
RFQ731-001939,waveInjector,FWI,FALSE_POSITIVE
RFQ731-004917,explosionApproval,A,FALSE_POSITIVE
RFQ731-000774,devCategory,F,FALSE_POSITIVE
RFQ731-001297,temperaturEingaenge,TT1,FALSE_POSITIVE
RFQ731-000823,certification,CN,FALSE_POSITIVE
RFQ731-000786,binaerDigitalOpenColl_MN,MN2,FALSE_POSITIVE
RFQ731-000714,temperaturEingaenge,TT1,FALSE_POSITIVE
RFQ731-000357,dynamicGasMaster,1,FALSE_POSITIVE
RFQ731-000731,explosionApproval,A,FALSE_POSITIVE
RFQ731-003229,explosionApproval,A,FALSE_POSITIVE
RFQ731-000211,waveInjector,FWI,FALSE_POSITIVE
RFQ731-001214,explosionApproval,A,FALSE_POSITIVE
RFQ731-002280,temperaturEingaenge,TT1,FALSE_POSITIVE
RFQ731-002740,explosionApproval,A,FALSE_POSITIVE
RFQ731-002488,binaerOpenColl_MP,MP4,FALSE_POSITIVE
RFQ731-002482,temperaturEingaenge,TT1,FALSE_POSITIVE
RFQ731-002196,binaerOpenColl_MP,MP1,FALSE_POSITIVE
RFQ731-003657,binaerOpenColl_MP,MP1,FALSE_POSITIVE
RFQ731-002493,temperaturEingaenge,TT1,FALSE_POSITIVE
RFQ731-004767,temperaturEingaenge,TT1,FALSE_POSITIVE
RFQ731-001089,certification,CN,FALSE_POSITIVE
RFQ731-001793,explosionApproval,A,FALSE_POSITIVE
RFQ731-003729,explosionApproval,A,FALSE_POSITIVE
RFQ731-004191,certification,NN,FALSE_POSITIVE
RFQ731-000816,certification,CN,FALSE_POSITIVE
RFQ731-002272,explosionApproval,A,FALSE_POSITIVE
RFQ731-000191,explosionApproval,A,FALSE_POSITIVE
RFQ731-002254,waveInjector,FWI,FALSE_POSITIVE
RFQ731-001639,temperaturEingaenge,TT1,FALSE_POSITIVE
RFQ731-001546,binaerOpenColl_MP,MP1,FALSE_POSITIVE
RFQ731-002102,stromSchaltbar,CS1,FALSE_POSITIVE
RFQ731-002576,dynamicGasMaster,1,FALSE_POSITIVE
RFQ731-004018,explosionApproval,A,FALSE_POSITIVE
RFQ731-001724,explosionApproval,A,FALSE_POSITIVE
RFQ731-002225,explosionApproval,A,FALSE_POSITIVE
RFQ731-001934,binaerDigitalOpenColl_MN,MN1,FALSE_POSITIVE
RFQ731-004986,dynamicGasMaster,1,FALSE_POSITIVE
RFQ731-002752,explosionApproval,A,FALSE_POSITIVE
RFQ731-003426,explosionApproval,A,FALSE_POSITIVE
RFQ731-002451,explosionApproval,A,FALSE_POSITIVE
RFQ731-003269,explosionApproval,A,FALSE_POSITIVE
RFQ731-002607,binaerOpenColl_MP,MP1,FALSE_POSITIVE
RFQ731-002192,certification,CN,FALSE_POSITIVE
RFQ731-002618,certification,CN,FALSE_POSITIVE
RFQ731-002665,temperaturEingaenge,TT1,FALSE_POSITIVE
RFQ731-004111,certification,CN,FALSE_POSITIVE
RFQ731-003083,binaerOpenColl_MP,MP1,FALSE_POSITIVE
RFQ731-002022,temperaturEingaenge,TT1,FALSE_POSITIVE
RFQ731-003324,explosionApproval,A,FALSE_POSITIVE
RFQ731-001411,certification,CN,FALSE_POSITIVE
RFQ731-002297,explosionApproval,A,FALSE_POSITIVE
RFQ731-004170,explosionApproval,A,FALSE_POSITIVE
RFQ731-003373,explosionApproval,A,FALSE_POSITIVE
RFQ731-001386,binaerDigitalOpenColl_MN,MN1,FALSE_POSITIVE
RFQ731-003001,explosionApproval,A,FALSE_POSITIVE
RFQ731-004158,numberOfChannels,1,FALSE_POSITIVE
RFQ731-001344,certification,CN,FALSE_POSITIVE
RFQ731-002495,temperaturEingaenge,TT1,FALSE_POSITIVE
RFQ731-003655,explosionApproval,A,FALSE_POSITIVE
RFQ731-003060,temperaturEingaenge,TT1,FALSE_POSITIVE
RFQ731-000497,stromEingaenge,IS1,FALSE_POSITIVE
RFQ731-003717,powerSupply,1,FALSE_POSITIVE
RFQ731-002265,temperaturEingaenge,TT1,FALSE_POSITIVE
RFQ731-003807,dynamicGasMaster,1,FALSE_POSITIVE
RFQ731-000287,dynamicGasMaster,1,FALSE_POSITIVE
RFQ731-001213,explosionApproval,A,FALSE_POSITIVE
RFQ731-002753,binaerOpenColl_MP,MP1,FALSE_POSITIVE
RFQ731-000437,certification,CN,FALSE_POSITIVE
RFQ731-002268,certification,CN,FALSE_POSITIVE
RFQ731-000225,temperaturEingaenge,TT1,FALSE_POSITIVE
RFQ731-001472,temperaturEingaenge,TT1,FALSE_POSITIVE
RFQ731-001390,explosionApproval,A,FALSE_POSITIVE
RFQ731-000821,waveInjector,FWI,FALSE_POSITIVE
RFQ731-003322,dynamicGasMaster,1,FALSE_POSITIVE
RFQ731-000754,dynamicGasMaster,1,FALSE_POSITIVE
RFQ731-004342,explosionApproval,A,FALSE_POSITIVE
RFQ731-002041,numberOfChannels,1,FALSE_POSITIVE
RFQ731-001278,certification,CN,FALSE_POSITIVE
RFQ731-002353,explosionApproval,A,FALSE_POSITIVE
RFQ731-001144,waveInjector,FWI,FALSE_POSITIVE
RFQ731-003274,explosionApproval,A,FALSE_POSITIVE
RFQ731-002266,explosionApproval,A,FALSE_POSITIVE
RFQ731-003689,explosionApproval,A,FALSE_POSITIVE
RFQ731-002653,temperaturEingaenge,TT1,FALSE_POSITIVE
RFQ731-003447,binaerOpenColl_MP,MP1,FALSE_POSITIVE
RFQ731-000102,explosionApproval,A,FALSE_POSITIVE
RFQ731-004314,waveInjector,FWI,FALSE_POSITIVE
RFQ731-003292,explosionApproval,A,FALSE_POSITIVE
RFQ731-001354,powerSupply,1,FALSE_POSITIVE
RFQ731-003277,explosionApproval,A,FALSE_POSITIVE
RFQ731-002072,stromEingaenge,IS1,FALSE_POSITIVE
RFQ731-002575,waveInjector,FWI,FALSE_POSITIVE
RFQ731-000142,binaerOpenColl_MP,MP1,FALSE_POSITIVE
RFQ731-001563,temperaturEingaenge,TT1,FALSE_POSITIVE
RFQ731-001837,binaerOpenColl_MP,MP1,FALSE_POSITIVE
RFQ731-004032,temperaturEingaenge,TT1,FALSE_POSITIVE
RFQ731-000935,certification,CN,FALSE_POSITIVE
RFQ731-003725,explosionApproval,A,FALSE_POSITIVE
RFQ731-004918,binaerOpenColl_MP,MP1,FALSE_POSITIVE
RFQ731-004040,explosionApproval,A,FALSE_POSITIVE
RFQ731-002551,dev_advMeterVerification,1,FALSE_POSITIVE
RFQ731-002466,temperaturEingaenge,TT1,FALSE_POSITIVE
RFQ731-000283,binaerOpenColl_MP,MP1,FALSE_POSITIVE
RFQ731-001146,certification,CN,FALSE_POSITIVE
RFQ731-000409,temperaturEingaenge,TT1,FALSE_POSITIVE
RFQ731-001881,binaerOpenColl_MP,MP1,FALSE_POSITIVE
RFQ731-002639,explosionApproval,A,FALSE_POSITIVE
RFQ731-004830,temperaturEingaenge,TT1,FALSE_POSITIVE
RFQ731-001406,temperaturEingaenge,TT1,FALSE_POSITIVE
RFQ731-004394,temperaturEingaenge,TT1,FALSE_POSITIVE
RFQ731-004294,waveInjector,FWI,FALSE_POSITIVE
RFQ731-002187,numberOfChannels,1,FALSE_POSITIVE
RFQ731-002119,certification,CN,FALSE_POSITIVE
RFQ731-001076,explosionApproval,A,FALSE_POSITIVE
RFQ731-001185,binaerDigitalOpenColl_MN,MN1,FALSE_POSITIVE
RFQ731-003248,explosionApproval,A,FALSE_POSITIVE
RFQ731-002586,explosionApproval,A,FALSE_POSITIVE
RFQ731-000386,explosionApproval,A,FALSE_POSITIVE
RFQ731-003499,certification,CN,FALSE_POSITIVE
RFQ731-001449,binaerOpenColl_MP,MP1,FALSE_POSITIVE
RFQ731-001638,binaerOpenColl_MP,MP1,FALSE_POSITIVE
RFQ731-002910,binaerOpenColl_MP,MP1,FALSE_POSITIVE
RFQ731-002759,binaerOpenColl_MP,MP1,FALSE_POSITIVE
RFQ731-004198,temperaturEingaenge,TT1,FALSE_POSITIVE
RFQ731-004056,waveInjector,FWI,FALSE_POSITIVE
RFQ731-001786,binaerOpenColl_MP,MP1,FALSE_POSITIVE
RFQ731-003631,certification,CN,FALSE_POSITIVE
RFQ731-002980,dynamicGasMaster,1,FALSE_POSITIVE
RFQ731-002817,binaerOpenColl_MP,MP1,FALSE_POSITIVE
RFQ731-004795,explosionApproval,A,FALSE_POSITIVE
RFQ731-000499,certification,CN,FALSE_POSITIVE
RFQ731-001232,temperaturEingaenge,TT1,FALSE_POSITIVE
RFQ731-000184,explosionApproval,A,FALSE_POSITIVE
RFQ731-000862,binaerOpenColl_MP,MP1,FALSE_POSITIVE
RFQ731-004462,binaerOpenColl_MP,MP1,FALSE_POSITIVE
RFQ731-000921,temperaturEingaenge,TT1,FALSE_POSITIVE
RFQ731-002012,binaerOpenColl_MP,MP1,FALSE_POSITIVE
RFQ731-003591,temperaturEingaenge,TT1,FALSE_POSITIVE
RFQ731-000285,temperaturEingaenge,TT1,FALSE_POSITIVE
RFQ731-001242,certification,CN,FALSE_POSITIVE
RFQ731-000079,devCategory,F,FALSE_POSITIVE
RFQ731-001934,explosionApproval,A,FALSE_POSITIVE
RFQ731-001521,certification,CN,FALSE_POSITIVE
RFQ731-003202,numberOfChannels,1,FALSE_POSITIVE
RFQ731-000562,binaerOpenColl_MP,MP1,FALSE_POSITIVE
RFQ731-000887,temperaturEingaenge,TT1,FALSE_POSITIVE
RFQ731-003484,explosionApproval,A,FALSE_POSITIVE
RFQ731-003801,temperaturEingaenge,TT1,FALSE_POSITIVE
RFQ731-002992,waveInjector,FWI,FALSE_POSITIVE
RFQ731-000150,temperaturEingaenge,TT1,FALSE_POSITIVE
RFQ731-004474,explosionApproval,A,FALSE_POSITIVE
RFQ731-003933,explosionApproval,A,FALSE_POSITIVE
RFQ731-000639,certification,NN,FALSE_POSITIVE
RFQ731-004144,binaerOpenColl_MP,MP1,FALSE_POSITIVE
RFQ731-002962,dynamicGasMaster,1,FALSE_POSITIVE
RFQ731-004754,explosionApproval,A,FALSE_POSITIVE
RFQ731-001647,binaerDigitalOpenColl_MN,MN2,FALSE_POSITIVE
RFQ731-003754,temperaturEingaenge,TT1,FALSE_POSITIVE
RFQ731-004651,certification,CN,FALSE_POSITIVE
RFQ731-004614,temperaturEingaenge,TT1,FALSE_POSITIVE
RFQ731-003043,binaerOpenColl_MP,MP1,FALSE_POSITIVE
RFQ731-003341,binaerDigitalOpenColl_MN,MN1,FALSE_POSITIVE
RFQ731-003978,temperaturEingaenge,TT1,FALSE_POSITIVE
RFQ731-001408,explosionApproval,A,FALSE_POSITIVE
RFQ731-004881,dynamicGasMaster,1,FALSE_POSITIVE
RFQ731-002728,explosionApproval,A,FALSE_POSITIVE
RFQ731-000929,temperaturEingaenge,TT1,FALSE_POSITIVE
RFQ731-002920,dev_advMeterVerification,1,FALSE_POSITIVE
RFQ731-001665,dev_advMeterVerification,1,FALSE_POSITIVE
RFQ731-002908,binaerOpenColl_MP,MP1,FALSE_POSITIVE
RFQ731-001432,certification,CN,FALSE_POSITIVE
RFQ731-002287,temperaturEingaenge,TT1,FALSE_POSITIVE
RFQ731-003250,dynamicGasMaster,1,FALSE_POSITIVE
RFQ731-003597,certification,NN,FALSE_POSITIVE
RFQ731-000792,temperaturEingaenge,TT1,FALSE_POSITIVE
RFQ731-000281,temperaturEingaenge,TT1,FALSE_POSITIVE
RFQ731-000827,temperaturEingaenge,TT1,FALSE_POSITIVE
RFQ731-001660,devCategory,F,FALSE_POSITIVE
RFQ731-001323,certification,CN,FALSE_POSITIVE
RFQ731-003930,explosionApproval,A,FALSE_POSITIVE
RFQ731-001754,explosionApproval,A,FALSE_POSITIVE
RFQ731-004631,binaerDigitalOpenColl_MN,MN1,FALSE_POSITIVE
RFQ731-000912,explosionApproval,A,FALSE_POSITIVE
RFQ731-001268,explosionApproval,A,FALSE_POSITIVE
RFQ731-000794,explosionApproval,A,FALSE_POSITIVE
RFQ731-003837,waveInjector,FWI,FALSE_POSITIVE
RFQ731-000453,binaerOpenColl_MP,MP1,FALSE_POSITIVE
RFQ731-001397,certification,CN,FALSE_POSITIVE
RFQ731-002302,dynamicGasMaster,1,FALSE_POSITIVE
RFQ731-001465,binaerOpenColl_MP,MP1,FALSE_POSITIVE
RFQ731-003054,explosionApproval,A,FALSE_POSITIVE
RFQ731-000365,binaerOpenColl_MP,MP1,FALSE_POSITIVE
RFQ731-004421,binaerOpenColl_MP,MP1,FALSE_POSITIVE
RFQ731-004312,dev_advMeterVerification,1,FALSE_POSITIVE
RFQ731-001093,binaerOpenColl_MP,MP1,FALSE_POSITIVE
RFQ731-004729,temperaturEingaenge,TT1,FALSE_POSITIVE
RFQ731-004125,temperaturEingaenge,TT1,FALSE_POSITIVE
RFQ731-002541,waveInjector,FWI,FALSE_POSITIVE
RFQ731-001732,waveInjector,FWI,FALSE_POSITIVE
RFQ731-002282,certification,CN,FALSE_POSITIVE
RFQ731-002034,dynamicGasMaster,1,FALSE_POSITIVE
RFQ731-001191,waveInjector,FWI,FALSE_POSITIVE
RFQ731-000220,dynamicGasMaster,1,FALSE_POSITIVE
RFQ731-004159,explosionApproval,A,FALSE_POSITIVE
RFQ731-003203,dev_advMeterVerification,1,FALSE_POSITIVE
RFQ731-003987,certification,CN,FALSE_POSITIVE
RFQ731-004419,binaerOpenColl_MP,MP1,FALSE_POSITIVE
RFQ731-004964,waveInjector,FWI,FALSE_POSITIVE
RFQ731-001069,temperaturEingaenge,TT1,FALSE_POSITIVE
RFQ731-000542,temperaturEingaenge,TT1,FALSE_POSITIVE
RFQ731-002412,explosionApproval,A,FALSE_POSITIVE
RFQ731-003751,explosionApproval,A,FALSE_POSITIVE
RFQ731-001794,explosionApproval,A,FALSE_POSITIVE
RFQ731-001122,binaerOpenColl_MP,MP1,FALSE_POSITIVE
RFQ731-004554,explosionApproval,A,FALSE_POSITIVE
RFQ731-002146,certification,CN,FALSE_POSITIVE
RFQ731-000115,explosionApproval,A,FALSE_POSITIVE
RFQ731-001745,explosionApproval,A,FALSE_POSITIVE
RFQ731-004875,explosionApproval,A,FALSE_POSITIVE
RFQ731-000351,binaerOpenColl_MP,MP1,FALSE_POSITIVE
RFQ731-001078,dynamicGasMaster,1,FALSE_POSITIVE
RFQ731-002771,certification,CN,FALSE_POSITIVE
RFQ731-000975,explosionApproval,A,FALSE_POSITIVE
RFQ731-003969,numberOfChannels,1,FALSE_POSITIVE
RFQ731-000192,explosionApproval,A,FALSE_POSITIVE
RFQ731-002178,binaerOpenColl_MP,MP1,FALSE_POSITIVE
RFQ731-001341,temperaturEingaenge,TT1,FALSE_POSITIVE
RFQ731-000313,binaerOpenColl_MP,MP1,FALSE_POSITIVE
RFQ731-002515,temperaturEingaenge,TT1,FALSE_POSITIVE
RFQ731-001822,dynamicGasMaster,1,FALSE_POSITIVE
RFQ731-002189,binaerOpenColl_MP,MP1,FALSE_POSITIVE
RFQ731-001298,temperaturEingaenge,TT1,FALSE_POSITIVE
RFQ731-000148,binaerOpenColl_MP,MP1,FALSE_POSITIVE
RFQ731-004229,explosionApproval,A,FALSE_POSITIVE
RFQ731-000338,dynamicGasMaster,1,FALSE_POSITIVE
RFQ731-000646,explosionApproval,A,FALSE_POSITIVE
RFQ731-001932,certification,CN,FALSE_POSITIVE
RFQ731-002221,devCategory,G,FALSE_POSITIVE
RFQ731-002914,explosionApproval,A,FALSE_POSITIVE
RFQ731-002543,dynamicGasMaster,1,FALSE_POSITIVE
RFQ731-004329,binaerOpenColl_MP,MP1,FALSE_POSITIVE
RFQ731-001248,temperaturEingaenge,TT2,FALSE_POSITIVE
RFQ731-004926,powerSupply,1,FALSE_POSITIVE
RFQ731-003233,waveInjector,FWI,FALSE_POSITIVE
RFQ731-002675,stromEingaenge,IS1,FALSE_POSITIVE
RFQ731-002386,certification,CN,FALSE_POSITIVE
RFQ731-001143,explosionApproval,A,FALSE_POSITIVE
RFQ731-003452,binaerOpenColl_MP,MP1,FALSE_POSITIVE
RFQ731-001806,explosionApproval,A,FALSE_POSITIVE
RFQ731-004248,certification,CN,FALSE_POSITIVE
RFQ731-002696,temperaturEingaenge,TT1,FALSE_POSITIVE
RFQ731-004365,certification,CN,FALSE_POSITIVE
RFQ731-002002,temperaturEingaenge,TT1,FALSE_POSITIVE
RFQ731-002768,binaerOpenColl_MP,MP1,FALSE_POSITIVE
RFQ731-003880,temperaturEingaenge,TT1,FALSE_POSITIVE
RFQ731-004168,dynamicGasMaster,1,FALSE_POSITIVE
RFQ731-002527,temperaturEingaenge,TT1,FALSE_POSITIVE
RFQ731-002311,certification,CN,FALSE_POSITIVE
RFQ731-000469,binaerOpenColl_MP,MP1,FALSE_POSITIVE
RFQ731-002623,numberOfChannels,1,FALSE_POSITIVE
RFQ731-004067,temperaturEingaenge,TT1,FALSE_POSITIVE
RFQ731-004831,certification,CN,FALSE_POSITIVE
RFQ731-000904,explosionApproval,A,FALSE_POSITIVE
RFQ731-001414,temperaturEingaenge,TT1,FALSE_POSITIVE
RFQ731-000422,explosionApproval,A,FALSE_POSITIVE
RFQ731-002617,explosionApproval,A,FALSE_POSITIVE
RFQ731-004019,binaerOpenColl_MP,MP1,FALSE_POSITIVE
RFQ731-004086,binaerOpenColl_MP,MP1,FALSE_POSITIVE
RFQ731-000001,dev_advMeterVerification,1,FALSE_POSITIVE
RFQ731-004711,waveInjector,FWI,FALSE_POSITIVE
RFQ731-001704,explosionApproval,A,FALSE_POSITIVE
RFQ731-001698,binaerOpenColl_MP,MP1,FALSE_POSITIVE
RFQ731-002883,stromEingaenge,IS1,FALSE_POSITIVE
RFQ731-001749,explosionApproval,A,FALSE_POSITIVE
RFQ731-001420,binaerOpenColl_MP,MP1,FALSE_POSITIVE
RFQ731-001133,waveInjector,FWI,FALSE_POSITIVE
RFQ731-001337,waveInjector,FWI,FALSE_POSITIVE
RFQ731-000572,temperaturEingaenge,TT1,FALSE_POSITIVE
RFQ731-001667,certification,CN,FALSE_POSITIVE
RFQ731-001180,explosionApproval,A,FALSE_POSITIVE
RFQ731-003669,explosionApproval,A,FALSE_POSITIVE
RFQ731-003692,temperaturEingaenge,TT1,FALSE_POSITIVE
RFQ731-004748,explosionApproval,A,FALSE_POSITIVE
RFQ731-000983,explosionApproval,A,FALSE_POSITIVE
RFQ731-001064,numberOfChannels,1,FALSE_POSITIVE
RFQ731-000535,certification,CN,FALSE_POSITIVE
RFQ731-004112,binaerOpenColl_MP,MP1,FALSE_POSITIVE
RFQ731-002574,explosionApproval,A,FALSE_POSITIVE
RFQ731-003529,binaerOpenColl_MP,MP1,FALSE_POSITIVE
RFQ731-003602,explosionApproval,A,FALSE_POSITIVE
RFQ731-003633,certification,NN,FALSE_POSITIVE
RFQ731-000809,binaerDigitalOpenColl_MN,MN2,FALSE_POSITIVE
RFQ731-001425,explosionApproval,A,FALSE_POSITIVE
RFQ731-000654,certification,CN,FALSE_POSITIVE
RFQ731-002680,dynamicGasMaster,1,FALSE_POSITIVE
RFQ731-000485,explosionApproval,A,FALSE_POSITIVE
RFQ731-004972,explosionApproval,A,FALSE_POSITIVE
RFQ731-004574,dynamicGasMaster,1,FALSE_POSITIVE
RFQ731-000556,explosionApproval,A,FALSE_POSITIVE
RFQ731-004941,binaerOpenColl_MP,MP1,FALSE_POSITIVE
RFQ731-004038,binaerDigitalOpenColl_MN,MN2,FALSE_POSITIVE
RFQ731-003937,explosionApproval,A,FALSE_POSITIVE
RFQ731-001339,explosionApproval,A,FALSE_POSITIVE
RFQ731-004026,waveInjector,FWI,FALSE_POSITIVE
RFQ731-003639,certification,CN,FALSE_POSITIVE
RFQ731-002633,explosionApproval,A,FALSE_POSITIVE
RFQ731-000200,dynamicGasMaster,1,FALSE_POSITIVE
RFQ731-001204,explosionApproval,A,FALSE_POSITIVE
RFQ731-000367,certification,CN,FALSE_POSITIVE
RFQ731-002508,binaerOpenColl_MP,MP1,FALSE_POSITIVE
RFQ731-001420,dev_advMeterVerification,1,FALSE_POSITIVE
RFQ731-003448,waveInjector,FWI,FALSE_POSITIVE
RFQ731-002927,explosionApproval,A,FALSE_POSITIVE
RFQ731-001640,explosionApproval,A,FALSE_POSITIVE
RFQ731-000652,explosionApproval,A,FALSE_POSITIVE
RFQ731-004101,waveInjector,FWI,FALSE_POSITIVE
RFQ731-002710,dynamicGasMaster,1,FALSE_POSITIVE
RFQ731-004477,temperaturEingaenge,TT1,FALSE_POSITIVE
RFQ731-003701,binaerDigitalOpenColl_MN,MN2,FALSE_POSITIVE
RFQ731-000112,explosionApproval,A,FALSE_POSITIVE
RFQ731-002601,explosionApproval,A,FALSE_POSITIVE
RFQ731-001473,explosionApproval,A,FALSE_POSITIVE
RFQ731-000028,numberOfChannels,1,FALSE_POSITIVE
RFQ731-001427,explosionApproval,A,FALSE_POSITIVE
RFQ731-000226,explosionApproval,A,FALSE_POSITIVE
RFQ731-003560,temperaturEingaenge,TT1,FALSE_POSITIVE
RFQ731-002072,temperaturEingaenge,TT1,FALSE_POSITIVE
RFQ731-003478,temperaturEingaenge,TT1,FALSE_POSITIVE
RFQ731-001191,numberOfChannels,1,FALSE_POSITIVE
RFQ731-000469,dev_advMeterVerification,1,FALSE_POSITIVE
RFQ731-002797,certification,CN,FALSE_POSITIVE
RFQ731-003486,temperaturEingaenge,TT1,FALSE_POSITIVE
RFQ731-004615,explosionApproval,A,FALSE_POSITIVE
RFQ731-003697,temperaturEingaenge,TT1,FALSE_POSITIVE
RFQ731-003076,certification,CN,FALSE_POSITIVE
RFQ731-002085,stromEingaenge,IS1,FALSE_POSITIVE
RFQ731-002695,explosionApproval,A,FALSE_POSITIVE
RFQ731-004805,explosionApproval,A,FALSE_POSITIVE
RFQ731-001992,temperaturEingaenge,TT1,FALSE_POSITIVE
RFQ731-002931,explosionApproval,A,FALSE_POSITIVE
RFQ731-000663,waveInjector,FWI,FALSE_POSITIVE
RFQ731-001857,temperaturEingaenge,TT1,FALSE_POSITIVE
RFQ731-003042,certification,CN,FALSE_POSITIVE
RFQ731-001769,temperaturEingaenge,TT1,FALSE_POSITIVE
RFQ731-001120,binaerOpenColl_MP,MP1,FALSE_POSITIVE
RFQ731-000002,certification,CN,FALSE_POSITIVE
RFQ731-000808,explosionApproval,A,FALSE_POSITIVE
RFQ731-003111,stromEingaenge,IS1,FALSE_POSITIVE
RFQ731-002069,certification,CN,FALSE_POSITIVE
RFQ731-001918,temperaturEingaenge,TT1,FALSE_POSITIVE
RFQ731-002693,explosionApproval,A,FALSE_POSITIVE
RFQ731-004166,temperaturEingaenge,TT1,FALSE_POSITIVE
RFQ731-003696,waveInjector,FWI,FALSE_POSITIVE
RFQ731-002658,binaerOpenColl_MP,MP1,FALSE_POSITIVE
RFQ731-002462,certification,CN,FALSE_POSITIVE
RFQ731-000518,temperaturEingaenge,TT1,FALSE_POSITIVE
RFQ731-004260,dynamicGasMaster,1,FALSE_POSITIVE
RFQ731-001071,explosionApproval,A,FALSE_POSITIVE
RFQ731-004995,explosionApproval,A,FALSE_POSITIVE
RFQ731-000837,explosionApproval,A,FALSE_POSITIVE
RFQ731-000256,explosionApproval,A,FALSE_POSITIVE
RFQ731-001804,explosionApproval,A,FALSE_POSITIVE
RFQ731-004219,binaerOpenColl_MP,MP1,FALSE_POSITIVE
RFQ731-003205,explosionApproval,A,FALSE_POSITIVE
RFQ731-001763,explosionApproval,A,FALSE_POSITIVE
RFQ731-000920,explosionApproval,A,FALSE_POSITIVE
RFQ731-002306,binaerOpenColl_MP,MP1,FALSE_POSITIVE
RFQ731-001500,certification,CN,FALSE_POSITIVE
RFQ731-002954,certification,CN,FALSE_POSITIVE
RFQ731-002592,certification,CN,FALSE_POSITIVE
RFQ731-003088,explosionApproval,A,FALSE_POSITIVE
RFQ731-002926,explosionApproval,A,FALSE_POSITIVE
RFQ731-004746,waveInjector,FWI,FALSE_POSITIVE
RFQ731-002792,numberOfChannels,1,FALSE_POSITIVE
RFQ731-004500,explosionApproval,A,FALSE_POSITIVE
RFQ731-002905,explosionApproval,A,FALSE_POSITIVE
RFQ731-001430,binaerOpenColl_MP,MP1,FALSE_POSITIVE
RFQ731-001375,explosionApproval,A,FALSE_POSITIVE
RFQ731-004369,waveInjector,FWI,FALSE_POSITIVE
RFQ731-003958,dynamicGasMaster,1,FALSE_POSITIVE
RFQ731-002655,explosionApproval,A,FALSE_POSITIVE
RFQ731-000923,waveInjector,FWI,FALSE_POSITIVE
RFQ731-003135,waveInjector,FWI,FALSE_POSITIVE
RFQ731-004088,devCategory,F,FALSE_POSITIVE
RFQ731-004034,explosionApproval,A,FALSE_POSITIVE
RFQ731-000064,temperaturEingaenge,TT1,FALSE_POSITIVE
RFQ731-002366,waveInjector,FWI,FALSE_POSITIVE
RFQ731-004513,dynamicGasMaster,1,FALSE_POSITIVE
RFQ731-004341,temperaturEingaenge,TT1,FALSE_POSITIVE
RFQ731-004943,dynamicGasMaster,1,FALSE_POSITIVE
RFQ731-003509,numberOfChannels,1,FALSE_POSITIVE
RFQ731-001645,explosionApproval,A,FALSE_POSITIVE
RFQ731-003750,certification,CN,FALSE_POSITIVE
RFQ731-002044,explosionApproval,A,FALSE_POSITIVE
RFQ731-004907,explosionApproval,A,FALSE_POSITIVE
RFQ731-000247,explosionApproval,A,FALSE_POSITIVE
RFQ731-003106,explosionApproval,A,FALSE_POSITIVE
RFQ731-002890,explosionApproval,A,FALSE_POSITIVE
RFQ731-000172,explosionApproval,A,FALSE_POSITIVE
RFQ731-004392,explosionApproval,A,FALSE_POSITIVE
RFQ731-004575,binaerOpenColl_MP,MP1,FALSE_POSITIVE
RFQ731-002641,certification,CN,FALSE_POSITIVE
RFQ731-003855,explosionApproval,A,FALSE_POSITIVE
RFQ731-001147,explosionApproval,A,FALSE_POSITIVE
RFQ731-002771,binaerOpenColl_MP,MP1,FALSE_POSITIVE
RFQ731-003351,binaerDigitalOpenColl_MN,MN1,FALSE_POSITIVE
RFQ731-002657,temperaturEingaenge,TT1,FALSE_POSITIVE
RFQ731-003192,binaerOpenColl_MP,MP1,FALSE_POSITIVE
RFQ731-003649,explosionApproval,A,FALSE_POSITIVE
RFQ731-002157,explosionApproval,A,FALSE_POSITIVE
RFQ731-003160,dynamicGasMaster,1,FALSE_POSITIVE
RFQ731-002584,explosionApproval,A,FALSE_POSITIVE
RFQ731-002365,certification,CN,FALSE_POSITIVE
RFQ731-004056,binaerOpenColl_MP,MP4,FALSE_POSITIVE
RFQ731-002785,explosionApproval,A,FALSE_POSITIVE
RFQ731-003334,explosionApproval,A,FALSE_POSITIVE
RFQ731-003008,temperaturEingaenge,TT1,FALSE_POSITIVE
RFQ731-004095,binaerOpenColl_MP,MP1,FALSE_POSITIVE
RFQ731-004834,binaerDigitalOpenColl_MN,MN2,FALSE_POSITIVE
RFQ731-002703,explosionApproval,A,FALSE_POSITIVE
RFQ731-002239,explosionApproval,A,FALSE_POSITIVE
RFQ731-003063,temperaturEingaenge,TT1,FALSE_POSITIVE
RFQ731-003075,binaerOpenColl_MP,MP1,FALSE_POSITIVE
RFQ731-003905,certification,CN,FALSE_POSITIVE
RFQ731-003888,waveInjector,FWI,FALSE_POSITIVE
RFQ731-002943,temperaturEingaenge,TT1,FALSE_POSITIVE
RFQ731-003917,certification,CN,FALSE_POSITIVE
RFQ731-004630,explosionApproval,A,FALSE_POSITIVE
RFQ731-000155,explosionApproval,A,FALSE_POSITIVE
RFQ731-003848,waveInjector,FWI,FALSE_POSITIVE
RFQ731-001552,temperaturEingaenge,TT1,FALSE_POSITIVE
RFQ731-000135,temperaturEingaenge,TT1,FALSE_POSITIVE
RFQ731-000845,binaerDigitalOpenColl_MN,MN2,FALSE_POSITIVE
RFQ731-002419,explosionApproval,A,FALSE_POSITIVE
RFQ731-000105,binaerOpenColl_MP,MP1,FALSE_POSITIVE
RFQ731-001458,temperaturEingaenge,TT1,FALSE_POSITIVE
RFQ731-002578,explosionApproval,A,FALSE_POSITIVE
RFQ731-003911,temperaturEingaenge,TT1,FALSE_POSITIVE
RFQ731-000107,dynamicGasMaster,1,FALSE_POSITIVE
RFQ731-003793,explosionApproval,A,FALSE_POSITIVE
RFQ731-000793,numberOfChannels,1,FALSE_POSITIVE
RFQ731-004618,certification,CN,FALSE_POSITIVE
RFQ731-000731,waveInjector,FWI,FALSE_POSITIVE
RFQ731-001924,dynamicGasMaster,1,FALSE_POSITIVE
RFQ731-001311,binaerOpenColl_MP,MP1,FALSE_POSITIVE
RFQ731-002445,waveInjector,FWI,FALSE_POSITIVE
RFQ731-000257,explosionApproval,A,FALSE_POSITIVE
RFQ731-001418,temperaturEingaenge,TT1,FALSE_POSITIVE
RFQ731-002033,explosionApproval,A,FALSE_POSITIVE
RFQ731-003455,binaerOpenColl_MP,MP1,FALSE_POSITIVE
RFQ731-004265,binaerOpenColl_MP,MP1,FALSE_POSITIVE
RFQ731-003652,binaerOpenColl_MP,MP1,FALSE_POSITIVE
RFQ731-004011,binaerOpenColl_MP,MP1,FALSE_POSITIVE
RFQ731-001219,certification,CN,FALSE_POSITIVE
RFQ731-000607,waveInjector,FWI,FALSE_POSITIVE
RFQ731-001481,binaerDigitalOpenColl_MN,MN1,FALSE_POSITIVE
RFQ731-001288,temperaturEingaenge,TT1,FALSE_POSITIVE
RFQ731-004950,explosionApproval,A,FALSE_POSITIVE
RFQ731-002713,binaerOpenColl_MP,MP1,FALSE_POSITIVE
RFQ731-002674,waveInjector,FWI,FALSE_POSITIVE
RFQ731-002226,explosionApproval,A,FALSE_POSITIVE
RFQ731-003985,explosionApproval,A,FALSE_POSITIVE
RFQ731-002080,explosionApproval,A,FALSE_POSITIVE
RFQ731-002174,explosionApproval,A,FALSE_POSITIVE
RFQ731-002668,explosionApproval,A,FALSE_POSITIVE
RFQ731-003184,waveInjector,FWI,FALSE_POSITIVE
RFQ731-004923,temperaturEingaenge,TT1,FALSE_POSITIVE
RFQ731-001029,explosionApproval,A,FALSE_POSITIVE
RFQ731-003289,certification,CN,FALSE_POSITIVE
RFQ731-001149,explosionApproval,A,FALSE_POSITIVE
RFQ731-000204,waveInjector,FWI,FALSE_POSITIVE
RFQ731-002325,temperaturEingaenge,TT1,FALSE_POSITIVE
RFQ731-003683,binaerOpenColl_MP,MP1,FALSE_POSITIVE
RFQ731-004360,binaerOpenColl_MP,MP1,FALSE_POSITIVE
RFQ731-003495,explosionApproval,A,FALSE_POSITIVE
RFQ731-001614,binaerOpenColl_MP,MP1,FALSE_POSITIVE
RFQ731-002115,explosionApproval,A,FALSE_POSITIVE
RFQ731-004529,certification,CN,FALSE_POSITIVE
RFQ731-001241,waveInjector,FWI,FALSE_POSITIVE
RFQ731-002551,temperaturEingaenge,TT1,FALSE_POSITIVE
RFQ731-004765,binaerDigitalOpenColl_MN,MN1,FALSE_POSITIVE
RFQ731-001761,certification,CN,FALSE_POSITIVE
RFQ731-003015,temperaturEingaenge,TT1,FALSE_POSITIVE
RFQ731-002629,binaerDigitalOpenColl_MN,MN1,FALSE_POSITIVE
RFQ731-000071,waveInjector,FWI,FALSE_POSITIVE
RFQ731-002300,explosionApproval,A,FALSE_POSITIVE
RFQ731-000822,binaerOpenColl_MP,MP1,FALSE_POSITIVE
RFQ731-003340,explosionApproval,A,FALSE_POSITIVE
RFQ731-004476,explosionApproval,A,FALSE_POSITIVE
RFQ731-001548,binaerOpenColl_MP,MP1,FALSE_POSITIVE
RFQ731-002607,temperaturEingaenge,TT1,FALSE_POSITIVE
RFQ731-001267,explosionApproval,A,FALSE_POSITIVE
RFQ731-003527,explosionApproval,A,FALSE_POSITIVE
RFQ731-000472,explosionApproval,A,FALSE_POSITIVE
RFQ731-001385,explosionApproval,A,FALSE_POSITIVE
RFQ731-000241,binaerOpenColl_MP,MP1,FALSE_POSITIVE
RFQ731-002909,binaerDigitalOpenColl_MN,MN1,FALSE_POSITIVE
RFQ731-000145,temperaturEingaenge,TT1,FALSE_POSITIVE
RFQ731-000756,binaerOpenColl_MP,MP1,FALSE_POSITIVE
RFQ731-000214,waveInjector,FWI,FALSE_POSITIVE
RFQ731-001605,temperaturEingaenge,TT1,FALSE_POSITIVE
RFQ731-004959,dynamicGasMaster,1,FALSE_POSITIVE
RFQ731-000098,explosionApproval,A,FALSE_POSITIVE
RFQ731-001774,certification,CN,FALSE_POSITIVE
RFQ731-004436,explosionApproval,A,FALSE_POSITIVE
RFQ731-002775,binaerDigitalOpenColl_MN,MN2,FALSE_POSITIVE
RFQ731-004338,explosionApproval,A,FALSE_POSITIVE
RFQ731-000522,devCategory,F,FALSE_POSITIVE
RFQ731-003981,waveInjector,FWI,FALSE_POSITIVE
RFQ731-000620,dynamicGasMaster,1,FALSE_POSITIVE
RFQ731-004381,binaerOpenColl_MP,MP1,FALSE_POSITIVE
RFQ731-000210,explosionApproval,A,FALSE_POSITIVE
RFQ731-002134,binaerOpenColl_MP,MP1,FALSE_POSITIVE
RFQ731-001216,explosionApproval,A,FALSE_POSITIVE
RFQ731-000532,temperaturEingaenge,TT1,FALSE_POSITIVE
RFQ731-001079,waveInjector,FWI,FALSE_POSITIVE
RFQ731-004328,explosionApproval,A,FALSE_POSITIVE
RFQ731-003657,certification,CN,FALSE_POSITIVE
RFQ731-003456,explosionApproval,A,FALSE_POSITIVE
RFQ731-004667,dynamicGasMaster,1,FALSE_POSITIVE
RFQ731-003090,temperaturEingaenge,TT1,FALSE_POSITIVE
RFQ731-000856,binaerOpenColl_MP,MP1,FALSE_POSITIVE
RFQ731-003883,explosionApproval,A,FALSE_POSITIVE
RFQ731-000865,explosionApproval,A,FALSE_POSITIVE
RFQ731-000913,explosionApproval,A,FALSE_POSITIVE
RFQ731-003020,explosionApproval,A,FALSE_POSITIVE
RFQ731-004450,certification,CN,FALSE_POSITIVE
RFQ731-003142,explosionApproval,A,FALSE_POSITIVE
RFQ731-003382,temperaturEingaenge,TT1,FALSE_POSITIVE
RFQ731-003091,explosionApproval,A,FALSE_POSITIVE
RFQ731-003926,explosionApproval,A,FALSE_POSITIVE
RFQ731-002906,explosionApproval,A,FALSE_POSITIVE
RFQ731-001545,explosionApproval,A,FALSE_POSITIVE
RFQ731-002214,waveInjector,FWI,FALSE_POSITIVE
RFQ731-003457,binaerOpenColl_MP,MP1,FALSE_POSITIVE
RFQ731-001222,explosionApproval,A,FALSE_POSITIVE
RFQ731-000273,certification,CN,FALSE_POSITIVE
RFQ731-004208,binaerOpenColl_MP,MP1,FALSE_POSITIVE
RFQ731-003017,explosionApproval,A,FALSE_POSITIVE
RFQ731-002313,certification,CN,FALSE_POSITIVE
RFQ731-004940,temperaturEingaenge,TT1,FALSE_POSITIVE
RFQ731-001336,temperaturEingaenge,TT1,FALSE_POSITIVE
RFQ731-002041,dev_advMeterVerification,1,FALSE_POSITIVE
RFQ731-003670,temperaturEingaenge,TT1,FALSE_POSITIVE
RFQ731-000941,temperaturEingaenge,TT1,FALSE_POSITIVE
RFQ731-003771,temperaturEingaenge,TT1,FALSE_POSITIVE
RFQ731-003854,explosionApproval,A,FALSE_POSITIVE
RFQ731-003539,temperaturEingaenge,TT1,FALSE_POSITIVE
RFQ731-002636,stromEingaenge,IS1,FALSE_POSITIVE
RFQ731-003155,waveInjector,FWI,FALSE_POSITIVE
RFQ731-001537,certification,CN,FALSE_POSITIVE
RFQ731-000065,explosionApproval,A,FALSE_POSITIVE
RFQ731-001981,temperaturEingaenge,TT1,FALSE_POSITIVE
RFQ731-002798,stromEingaenge,IS1,FALSE_POSITIVE
RFQ731-003021,binaerOpenColl_MP,MP1,FALSE_POSITIVE
RFQ731-000554,waveInjector,FWI,FALSE_POSITIVE
RFQ731-001212,temperaturEingaenge,TT1,FALSE_POSITIVE
RFQ731-001370,temperaturEingaenge,TT1,FALSE_POSITIVE
RFQ731-003543,explosionApproval,A,FALSE_POSITIVE
RFQ731-001490,explosionApproval,A,FALSE_POSITIVE
RFQ731-001954,explosionApproval,A,FALSE_POSITIVE
RFQ731-002689,explosionApproval,A,FALSE_POSITIVE
RFQ731-001847,certification,CN,FALSE_POSITIVE
RFQ731-004740,certification,CN,FALSE_POSITIVE
RFQ731-004680,temperaturEingaenge,TT1,FALSE_POSITIVE
RFQ731-002966,temperaturEingaenge,TT1,FALSE_POSITIVE
RFQ731-001810,binaerDigitalOpenColl_MN,MN1,FALSE_POSITIVE
RFQ731-002637,temperaturEingaenge,TT1,FALSE_POSITIVE
RFQ731-004041,explosionApproval,A,FALSE_POSITIVE
RFQ731-003104,waveInjector,FWI,FALSE_POSITIVE
RFQ731-000585,certification,CN,FALSE_POSITIVE
RFQ731-004669,certification,CN,FALSE_POSITIVE
RFQ731-000736,binaerOpenColl_MP,MP1,FALSE_POSITIVE
RFQ731-004266,waveInjector,FWI,FALSE_POSITIVE
RFQ731-004704,explosionApproval,A,FALSE_POSITIVE
RFQ731-000844,explosionApproval,A,FALSE_POSITIVE
RFQ731-001454,waveInjector,FWI,FALSE_POSITIVE
RFQ731-004424,explosionApproval,A,FALSE_POSITIVE
RFQ731-003748,stromEingaenge,IS1,FALSE_POSITIVE
RFQ731-004172,explosionApproval,A,FALSE_POSITIVE
RFQ731-004784,explosionApproval,A,FALSE_POSITIVE
RFQ731-003223,certification,NN,FALSE_POSITIVE
RFQ731-001221,temperaturEingaenge,TT1,FALSE_POSITIVE
RFQ731-003457,dev_advMeterVerification,1,FALSE_POSITIVE
RFQ731-004488,waveInjector,FWI,FALSE_POSITIVE
RFQ731-000663,explosionApproval,A,FALSE_POSITIVE
RFQ731-001194,binaerOpenColl_MP,MP1,FALSE_POSITIVE
RFQ731-002650,temperaturEingaenge,TT1,FALSE_POSITIVE
RFQ731-003531,certification,CN,FALSE_POSITIVE
RFQ731-000334,explosionApproval,A,FALSE_POSITIVE
RFQ731-004872,explosionApproval,A,FALSE_POSITIVE
RFQ731-003253,explosionApproval,A,FALSE_POSITIVE
RFQ731-004956,certification,CN,FALSE_POSITIVE
RFQ731-004217,explosionApproval,A,FALSE_POSITIVE
RFQ731-004914,certification,CN,FALSE_POSITIVE
RFQ731-002357,temperaturEingaenge,TT1,FALSE_POSITIVE
RFQ731-002276,explosionApproval,A,FALSE_POSITIVE
RFQ731-002028,waveInjector,FWI,FALSE_POSITIVE
RFQ731-002564,explosionApproval,A,FALSE_POSITIVE
RFQ731-003333,binaerOpenColl_MP,MP1,FALSE_POSITIVE
RFQ731-004333,explosionApproval,A,FALSE_POSITIVE
RFQ731-004048,explosionApproval,A,FALSE_POSITIVE
RFQ731-003018,devCategory,F,FALSE_POSITIVE
RFQ731-001941,binaerOpenColl_MP,MP1,FALSE_POSITIVE
RFQ731-002461,explosionApproval,A,FALSE_POSITIVE
RFQ731-001591,binaerOpenColl_MP,MP1,FALSE_POSITIVE
RFQ731-001566,waveInjector,FWI,FALSE_POSITIVE
RFQ731-004947,stromEingaenge,IS1,FALSE_POSITIVE
RFQ731-004350,stromEingaenge,IS1,FALSE_POSITIVE
RFQ731-002021,dev_advMeterVerification,1,FALSE_POSITIVE
RFQ731-003372,temperaturEingaenge,TT1,FALSE_POSITIVE
RFQ731-001742,binaerOpenColl_MP,MP1,FALSE_POSITIVE
RFQ731-003565,temperaturEingaenge,TT1,FALSE_POSITIVE
RFQ731-002448,explosionApproval,A,FALSE_POSITIVE
RFQ731-002873,waveInjector,FWI,FALSE_POSITIVE
RFQ731-001870,explosionApproval,A,FALSE_POSITIVE
RFQ731-002350,certification,CN,FALSE_POSITIVE
RFQ731-000385,explosionApproval,A,FALSE_POSITIVE
RFQ731-003447,certification,CN,FALSE_POSITIVE
RFQ731-003764,explosionApproval,A,FALSE_POSITIVE
RFQ731-002660,binaerOpenColl_MP,MP1,FALSE_POSITIVE
RFQ731-004809,explosionApproval,A,FALSE_POSITIVE
RFQ731-000599,explosionApproval,A,FALSE_POSITIVE
RFQ731-003956,binaerOpenColl_MP,MP1,FALSE_POSITIVE
RFQ731-000118,explosionApproval,A,FALSE_POSITIVE
RFQ731-003859,waveInjector,FWI,FALSE_POSITIVE
RFQ731-003259,explosionApproval,A,FALSE_POSITIVE
RFQ731-004150,explosionApproval,A,FALSE_POSITIVE
RFQ731-004598,explosionApproval,A,FALSE_POSITIVE
RFQ731-000516,explosionApproval,A,FALSE_POSITIVE
RFQ731-001263,stromEingaenge,IS1,FALSE_POSITIVE
RFQ731-001808,binaerDigitalOpenColl_MN,MN2,FALSE_POSITIVE
RFQ731-000839,binaerOpenColl_MP,MP1,FALSE_POSITIVE
RFQ731-004251,binaerOpenColl_MP,MP1,FALSE_POSITIVE
RFQ731-003844,binaerOpenColl_MP,MP1,FALSE_POSITIVE
RFQ731-003520,binaerOpenColl_MP,MP1,FALSE_POSITIVE
RFQ731-002676,explosionApproval,A,FALSE_POSITIVE
RFQ731-003379,explosionApproval,A,FALSE_POSITIVE
RFQ731-001560,binaerOpenColl_MP,MP1,FALSE_POSITIVE
RFQ731-001826,binaerOpenColl_MP,MP1,FALSE_POSITIVE
RFQ731-003112,explosionApproval,A,FALSE_POSITIVE
RFQ731-000265,stromEingaenge,IS1,FALSE_POSITIVE
RFQ731-003347,binaerOpenColl_MP,MP1,FALSE_POSITIVE
RFQ731-003012,explosionApproval,A,FALSE_POSITIVE
RFQ731-000764,numberOfChannels,1,FALSE_POSITIVE
RFQ731-002815,temperaturEingaenge,TT1,FALSE_POSITIVE
RFQ731-000476,binaerOpenColl_MP,MP1,FALSE_POSITIVE
RFQ731-002933,certification,CN,FALSE_POSITIVE
RFQ731-004692,stromEingaenge,IS1,FALSE_POSITIVE
RFQ731-001002,explosionApproval,A,FALSE_POSITIVE
RFQ731-002494,explosionApproval,A,FALSE_POSITIVE
RFQ731-004176,dynamicGasMaster,1,FALSE_POSITIVE
RFQ731-000407,explosionApproval,A,FALSE_POSITIVE
RFQ731-003217,temperaturEingaenge,TT1,FALSE_POSITIVE
RFQ731-004486,temperaturEingaenge,TT1,FALSE_POSITIVE
RFQ731-004741,binaerDigitalOpenColl_MN,MN1,FALSE_POSITIVE
RFQ731-003356,certification,CN,FALSE_POSITIVE
RFQ731-000120,explosionApproval,A,FALSE_POSITIVE
RFQ731-001012,dynamicGasMaster,1,FALSE_POSITIVE
RFQ731-004770,certification,CN,FALSE_POSITIVE
RFQ731-003304,binaerOpenColl_MP,MP1,FALSE_POSITIVE
RFQ731-004988,certification,CN,FALSE_POSITIVE
RFQ731-004119,explosionApproval,A,FALSE_POSITIVE
RFQ731-003791,explosionApproval,A,FALSE_POSITIVE
RFQ731-003467,binaerDigitalOpenColl_MN,MN1,FALSE_POSITIVE
RFQ731-002334,binaerOpenColl_MP,MP1,FALSE_POSITIVE
RFQ731-001238,certification,CN,FALSE_POSITIVE
RFQ731-001033,temperaturEingaenge,TT1,FALSE_POSITIVE
RFQ731-001205,binaerOpenColl_MP,MP1,FALSE_POSITIVE
RFQ731-000577,explosionApproval,A,FALSE_POSITIVE
RFQ731-001136,waveInjector,FWI,FALSE_POSITIVE
RFQ731-003458,certification,CN,FALSE_POSITIVE
RFQ731-002450,binaerOpenColl_MP,MP1,FALSE_POSITIVE
RFQ731-002699,binaerOpenColl_MP,MP1,FALSE_POSITIVE
RFQ731-004654,explosionApproval,A,FALSE_POSITIVE
RFQ731-004146,binaerOpenColl_MP,MP1,FALSE_POSITIVE
RFQ731-003395,explosionApproval,A,FALSE_POSITIVE
RFQ731-003139,temperaturEingaenge,TT1,FALSE_POSITIVE
RFQ731-001369,waveInjector,FWI,FALSE_POSITIVE
RFQ731-002889,explosionApproval,A,FALSE_POSITIVE
RFQ731-001100,explosionApproval,A,FALSE_POSITIVE
RFQ731-000489,certification,CN,FALSE_POSITIVE
RFQ731-002993,explosionApproval,A,FALSE_POSITIVE
RFQ731-000429,temperaturEingaenge,TT1,FALSE_POSITIVE
RFQ731-003119,temperaturEingaenge,TT1,FALSE_POSITIVE
RFQ731-000365,temperaturEingaenge,TT1,FALSE_POSITIVE
RFQ731-000216,temperaturEingaenge,TT1,FALSE_POSITIVE
RFQ731-001840,temperaturEingaenge,TT1,FALSE_POSITIVE
RFQ731-002499,waveInjector,FWI,FALSE_POSITIVE
RFQ731-003427,temperaturEingaenge,TT1,FALSE_POSITIVE
RFQ731-001642,certification,CN,FALSE_POSITIVE
RFQ731-002496,dev_advMeterVerification,1,FALSE_POSITIVE
RFQ731-003995,certification,CN,FALSE_POSITIVE
RFQ731-000824,explosionApproval,A,FALSE_POSITIVE
RFQ731-001244,explosionApproval,A,FALSE_POSITIVE
RFQ731-003819,explosionApproval,A,FALSE_POSITIVE
RFQ731-004069,explosionApproval,A,FALSE_POSITIVE
RFQ731-001485,waveInjector,FWI,FALSE_POSITIVE
RFQ731-002677,certification,CN,FALSE_POSITIVE
RFQ731-001089,temperaturEingaenge,TT1,FALSE_POSITIVE
RFQ731-002775,numberOfChannels,1,FALSE_POSITIVE
RFQ731-001189,binaerOpenColl_MP,MP1,FALSE_POSITIVE
RFQ731-003429,binaerDigitalOpenColl_MN,MN1,FALSE_POSITIVE
RFQ731-002770,temperaturEingaenge,TT1,FALSE_POSITIVE
RFQ731-001194,powerSupply,1,FALSE_POSITIVE
RFQ731-000258,explosionApproval,A,FALSE_POSITIVE
RFQ731-002644,waveInjector,FWI,FALSE_POSITIVE
RFQ731-002171,temperaturEingaenge,TT1,FALSE_POSITIVE
RFQ731-000152,certification,CN,FALSE_POSITIVE
RFQ731-002354,dynamicGasMaster,1,FALSE_POSITIVE
RFQ731-004107,explosionApproval,A,FALSE_POSITIVE
RFQ731-003451,binaerOpenColl_MP,MP1,FALSE_POSITIVE
RFQ731-002929,temperaturEingaenge,TT1,FALSE_POSITIVE
RFQ731-003752,certification,CN,FALSE_POSITIVE
RFQ731-000325,temperaturEingaenge,TT1,FALSE_POSITIVE
RFQ731-001209,explosionApproval,A,FALSE_POSITIVE
RFQ731-000858,waveInjector,FWI,FALSE_POSITIVE
RFQ731-000891,explosionApproval,A,FALSE_POSITIVE
RFQ731-001802,stromEingaenge,IS1,FALSE_POSITIVE
RFQ731-004843,explosionApproval,A,FALSE_POSITIVE
RFQ731-001026,certification,CN,FALSE_POSITIVE
RFQ731-000099,binaerOpenColl_MP,MP1,FALSE_POSITIVE
RFQ731-001778,explosionApproval,A,FALSE_POSITIVE
RFQ731-000105,devCategory,F,FALSE_POSITIVE
RFQ731-003627,explosionApproval,A,FALSE_POSITIVE
RFQ731-003997,waveInjector,FWI,FALSE_POSITIVE
RFQ731-000263,binaerOpenColl_MP,MP1,FALSE_POSITIVE
RFQ731-001253,binaerOpenColl_MP,MP1,FALSE_POSITIVE
RFQ731-004180,explosionApproval,A,FALSE_POSITIVE
RFQ731-004371,waveInjector,FWI,FALSE_POSITIVE
RFQ731-004229,waveInjector,FWI,FALSE_POSITIVE
RFQ731-003230,binaerOpenColl_MP,MP1,FALSE_POSITIVE
RFQ731-004801,temperaturEingaenge,TT1,FALSE_POSITIVE
RFQ731-002373,explosionApproval,A,FALSE_POSITIVE
RFQ731-001090,temperaturEingaenge,TT1,FALSE_POSITIVE
RFQ731-000579,explosionApproval,A,FALSE_POSITIVE
RFQ731-004970,explosionApproval,A,FALSE_POSITIVE
RFQ731-001191,dynamicGasMaster,1,FALSE_POSITIVE
RFQ731-003177,binaerOpenColl_MP,MP1,FALSE_POSITIVE
RFQ731-002468,certification,CN,FALSE_POSITIVE
RFQ731-000372,temperaturEingaenge,TT1,FALSE_POSITIVE
RFQ731-003158,binaerOpenColl_MP,MP1,FALSE_POSITIVE
RFQ731-001465,certification,CN,FALSE_POSITIVE
RFQ731-003751,waveInjector,FWI,FALSE_POSITIVE
RFQ731-000864,certification,CN,FALSE_POSITIVE
RFQ731-001450,waveInjector,FWI,FALSE_POSITIVE
RFQ731-000242,explosionApproval,A,FALSE_POSITIVE
RFQ731-000970,explosionApproval,A,FALSE_POSITIVE
RFQ731-000179,explosionApproval,A,FALSE_POSITIVE
RFQ731-004817,temperaturEingaenge,TT1,FALSE_POSITIVE
RFQ731-000359,temperaturEingaenge,TT1,FALSE_POSITIVE
RFQ731-001893,explosionApproval,A,FALSE_POSITIVE
RFQ731-001443,temperaturEingaenge,TT1,FALSE_POSITIVE
RFQ731-002500,binaerOpenColl_MP,MP1,FALSE_POSITIVE
RFQ731-002183,explosionApproval,A,FALSE_POSITIVE
RFQ731-002247,explosionApproval,A,FALSE_POSITIVE
RFQ731-003666,temperaturEingaenge,TT1,FALSE_POSITIVE
RFQ731-004666,binaerOpenColl_MP,MP1,FALSE_POSITIVE
RFQ731-000099,dev_advMeterVerification,1,FALSE_POSITIVE
RFQ731-004340,waveInjector,FWI,FALSE_POSITIVE
RFQ731-000209,powerSupply,1,FALSE_POSITIVE
RFQ731-001764,explosionApproval,A,FALSE_POSITIVE
RFQ731-004694,explosionApproval,A,FALSE_POSITIVE
RFQ731-001686,dynamicGasMaster,1,FALSE_POSITIVE
RFQ731-002490,explosionApproval,A,FALSE_POSITIVE
RFQ731-003564,powerSupply,1,FALSE_POSITIVE
RFQ731-000187,explosionApproval,A,FALSE_POSITIVE
RFQ731-003750,dynamicGasMaster,1,FALSE_POSITIVE
RFQ731-001048,temperaturEingaenge,TT1,FALSE_POSITIVE
RFQ731-001676,binaerOpenColl_MP,MP1,FALSE_POSITIVE
RFQ731-002089,binaerOpenColl_MP,MP1,FALSE_POSITIVE
RFQ731-003455,numberOfChannels,1,FALSE_POSITIVE
RFQ731-002583,temperaturEingaenge,TT1,FALSE_POSITIVE
RFQ731-001635,explosionApproval,A,FALSE_POSITIVE
RFQ731-003614,temperaturEingaenge,TT1,FALSE_POSITIVE
RFQ731-003809,certification,CN,FALSE_POSITIVE
RFQ731-004487,dev_advMeterVerification,1,FALSE_POSITIVE
RFQ731-002684,explosionApproval,A,FALSE_POSITIVE
RFQ731-000492,certification,CN,FALSE_POSITIVE
RFQ731-004952,explosionApproval,A,FALSE_POSITIVE
RFQ731-003961,devCategory,F,FALSE_POSITIVE
RFQ731-004740,binaerOpenColl_MP,MP1,FALSE_POSITIVE
RFQ731-004929,temperaturEingaenge,TT1,FALSE_POSITIVE
RFQ731-000882,explosionApproval,A,FALSE_POSITIVE
RFQ731-002458,waveInjector,FWI,FALSE_POSITIVE
RFQ731-000875,explosionApproval,A,FALSE_POSITIVE
RFQ731-001737,certification,CN,FALSE_POSITIVE
RFQ731-000382,binaerOpenColl_MP,MP1,FALSE_POSITIVE
RFQ731-001045,explosionApproval,A,FALSE_POSITIVE
RFQ731-004919,explosionApproval,A,FALSE_POSITIVE
RFQ731-003662,temperaturEingaenge,TT1,FALSE_POSITIVE
RFQ731-003130,explosionApproval,A,FALSE_POSITIVE
RFQ731-000057,explosionApproval,A,FALSE_POSITIVE
RFQ731-003648,certification,CN,FALSE_POSITIVE
RFQ731-001043,explosionApproval,A,FALSE_POSITIVE
RFQ731-002214,explosionApproval,A,FALSE_POSITIVE
RFQ731-000990,certification,CN,FALSE_POSITIVE
RFQ731-001835,binaerOpenColl_MP,MP1,FALSE_POSITIVE
RFQ731-001743,certification,CN,FALSE_POSITIVE
RFQ731-003707,certification,CN,FALSE_POSITIVE
RFQ731-002826,explosionApproval,A,FALSE_POSITIVE
RFQ731-000805,explosionApproval,A,FALSE_POSITIVE
RFQ731-001777,certification,CN,FALSE_POSITIVE
RFQ731-001972,explosionApproval,A,FALSE_POSITIVE
RFQ731-001245,explosionApproval,A,FALSE_POSITIVE
RFQ731-001455,explosionApproval,A,FALSE_POSITIVE
RFQ731-002224,binaerDigitalOpenColl_MN,MN2,FALSE_POSITIVE
RFQ731-004925,waveInjector,FWI,FALSE_POSITIVE
RFQ731-000497,explosionApproval,A,FALSE_POSITIVE
RFQ731-003117,temperaturEingaenge,TT1,FALSE_POSITIVE
RFQ731-000003,explosionApproval,A,FALSE_POSITIVE
RFQ731-002884,certification,CN,FALSE_POSITIVE
RFQ731-001620,certification,CN,FALSE_POSITIVE
RFQ731-000554,explosionApproval,A,FALSE_POSITIVE
RFQ731-003718,explosionApproval,A,FALSE_POSITIVE
RFQ731-004386,certification,CN,FALSE_POSITIVE
RFQ731-000635,binaerOpenColl_MP,MP1,FALSE_POSITIVE
RFQ731-001524,binaerOpenColl_MP,MP1,FALSE_POSITIVE
RFQ731-001877,certification,CN,FALSE_POSITIVE
RFQ731-003363,certification,CN,FALSE_POSITIVE
RFQ731-002010,explosionApproval,A,FALSE_POSITIVE
RFQ731-004865,certification,CN,FALSE_POSITIVE
RFQ731-003429,explosionApproval,A,FALSE_POSITIVE
RFQ731-001113,temperaturEingaenge,TT1,FALSE_POSITIVE
RFQ731-000221,temperaturEingaenge,TT1,FALSE_POSITIVE
RFQ731-004118,binaerOpenColl_MP,MP1,FALSE_POSITIVE
RFQ731-004353,temperaturEingaenge,TT1,FALSE_POSITIVE
RFQ731-004590,binaerDigitalOpenColl_MN,MN1,FALSE_POSITIVE
RFQ731-000619,explosionApproval,A,FALSE_POSITIVE
RFQ731-002446,binaerOpenColl_MP,MP1,FALSE_POSITIVE
RFQ731-000972,temperaturEingaenge,TT1,FALSE_POSITIVE
RFQ731-003494,explosionApproval,A,FALSE_POSITIVE
RFQ731-001697,explosionApproval,A,FALSE_POSITIVE
RFQ731-004488,explosionApproval,A,FALSE_POSITIVE
RFQ731-004221,binaerOpenColl_MP,MP1,FALSE_POSITIVE
RFQ731-002686,explosionApproval,A,FALSE_POSITIVE
RFQ731-002517,binaerOpenColl_MP,MP1,FALSE_POSITIVE
RFQ731-000181,explosionApproval,A,FALSE_POSITIVE
RFQ731-000580,binaerOpenColl_MP,MP1,FALSE_POSITIVE
RFQ731-003582,temperaturEingaenge,TT1,FALSE_POSITIVE
RFQ731-004742,explosionApproval,A,FALSE_POSITIVE
RFQ731-000470,binaerOpenColl_MP,MP1,FALSE_POSITIVE
RFQ731-000307,waveInjector,FWI,FALSE_POSITIVE
RFQ731-001399,binaerOpenColl_MP,MP1,FALSE_POSITIVE
RFQ731-001067,explosionApproval,A,FALSE_POSITIVE
RFQ731-004173,binaerOpenColl_MP,MP1,FALSE_POSITIVE
RFQ731-000624,dynamicGasMaster,1,FALSE_POSITIVE
RFQ731-000740,certification,CN,FALSE_POSITIVE
RFQ731-004494,waveInjector,FWI,FALSE_POSITIVE
RFQ731-003923,certification,NN,FALSE_POSITIVE
RFQ731-004091,certification,CN,FALSE_POSITIVE
RFQ731-002924,certification,CN,FALSE_POSITIVE
RFQ731-000986,waveInjector,FWI,FALSE_POSITIVE
RFQ731-000798,certification,NN,FALSE_POSITIVE
RFQ731-004298,dynamicGasMaster,1,FALSE_POSITIVE
RFQ731-002022,binaerOpenColl_MP,MP1,FALSE_POSITIVE
RFQ731-003337,explosionApproval,A,FALSE_POSITIVE
RFQ731-000084,certification,CN,FALSE_POSITIVE
RFQ731-001453,temperaturEingaenge,TT1,FALSE_POSITIVE
RFQ731-003813,certification,CN,FALSE_POSITIVE
RFQ731-003832,dev_advMeterVerification,1,FALSE_POSITIVE
RFQ731-002933,binaerOpenColl_MP,MP1,FALSE_POSITIVE
RFQ731-004628,explosionApproval,A,FALSE_POSITIVE
RFQ731-004231,binaerOpenColl_MP,MP1,FALSE_POSITIVE
RFQ731-000979,explosionApproval,A,FALSE_POSITIVE
RFQ731-002204,dev_advMeterVerification,1,FALSE_POSITIVE
RFQ731-001214,binaerOpenColl_MP,MP1,FALSE_POSITIVE
RFQ731-003521,waveInjector,FWI,FALSE_POSITIVE
RFQ731-004013,explosionApproval,A,FALSE_POSITIVE
RFQ731-002508,certification,CN,FALSE_POSITIVE
RFQ731-004232,binaerOpenColl_MP,MP1,FALSE_POSITIVE
RFQ731-002185,temperaturEingaenge,TT1,FALSE_POSITIVE
RFQ731-003571,explosionApproval,A,FALSE_POSITIVE
RFQ731-003199,temperaturEingaenge,TT2,FALSE_POSITIVE
RFQ731-002926,waveInjector,FWI,FALSE_POSITIVE
RFQ731-002076,dynamicGasMaster,1,FALSE_POSITIVE
RFQ731-003324,binaerOpenColl_MP,MP4,FALSE_POSITIVE
RFQ731-002879,explosionApproval,A,FALSE_POSITIVE
RFQ731-002498,powerSupply,1,FALSE_POSITIVE
RFQ731-002624,explosionApproval,A,FALSE_POSITIVE
RFQ731-002086,temperaturEingaenge,TT1,FALSE_POSITIVE
RFQ731-004027,devCategory,F,FALSE_POSITIVE
RFQ731-003381,binaerOpenColl_MP,MP1,FALSE_POSITIVE
RFQ731-000831,binaerOpenColl_MP,MP1,FALSE_POSITIVE
RFQ731-004519,explosionApproval,A,FALSE_POSITIVE
RFQ731-004517,dynamicGasMaster,1,FALSE_POSITIVE
RFQ731-004650,certification,CN,FALSE_POSITIVE
RFQ731-002720,waveInjector,FWI,FALSE_POSITIVE
RFQ731-002792,dev_advMeterVerification,1,FALSE_POSITIVE
RFQ731-000459,binaerDigitalOpenColl_MN,MN2,FALSE_POSITIVE
RFQ731-001798,temperaturEingaenge,TT1,FALSE_POSITIVE
RFQ731-000202,explosionApproval,A,FALSE_POSITIVE
RFQ731-001768,binaerOpenColl_MP,MP1,FALSE_POSITIVE
RFQ731-000403,explosionApproval,A,FALSE_POSITIVE
RFQ731-001348,binaerOpenColl_MP,MP1,FALSE_POSITIVE
RFQ731-003979,devCategory,G,FALSE_POSITIVE
RFQ731-003962,dev_advMeterVerification,1,FALSE_POSITIVE
RFQ731-002427,stromEingaenge,IS1,FALSE_POSITIVE
RFQ731-003945,temperaturEingaenge,TT1,FALSE_POSITIVE
RFQ731-003949,temperaturEingaenge,TT1,FALSE_POSITIVE
RFQ731-001261,explosionApproval,A,FALSE_POSITIVE
RFQ731-001023,temperaturEingaenge,TT1,FALSE_POSITIVE
RFQ731-004959,certification,CN,FALSE_POSITIVE
RFQ731-004877,binaerOpenColl_MP,MP1,FALSE_POSITIVE
RFQ731-001390,binaerOpenColl_MP,MP4,FALSE_POSITIVE
RFQ731-000113,explosionApproval,A,FALSE_POSITIVE
RFQ731-003680,temperaturEingaenge,TT1,FALSE_POSITIVE
RFQ731-002323,waveInjector,FWI,FALSE_POSITIVE
RFQ731-002250,explosionApproval,A,FALSE_POSITIVE
RFQ731-004640,dynamicGasMaster,1,FALSE_POSITIVE
RFQ731-003767,explosionApproval,A,FALSE_POSITIVE
RFQ731-001369,explosionApproval,A,FALSE_POSITIVE
RFQ731-000413,dynamicGasMaster,1,FALSE_POSITIVE
RFQ731-002258,binaerOpenColl_MP,MP1,FALSE_POSITIVE
RFQ731-001615,dynamicGasMaster,1,FALSE_POSITIVE
RFQ731-001896,binaerOpenColl_MP,MP4,FALSE_POSITIVE
RFQ731-004272,devCategory,F,FALSE_POSITIVE
RFQ731-003836,certification,CN,FALSE_POSITIVE
RFQ731-001134,numberOfChannels,1,FALSE_POSITIVE
RFQ731-002552,binaerOpenColl_MP,MP1,FALSE_POSITIVE
RFQ731-003861,explosionApproval,A,FALSE_POSITIVE
RFQ731-000948,explosionApproval,A,FALSE_POSITIVE
RFQ731-002673,binaerDigitalOpenColl_MN,MN2,FALSE_POSITIVE
RFQ731-004973,dynamicGasMaster,1,FALSE_POSITIVE
RFQ731-002223,binaerDigitalOpenColl_MN,MN2,FALSE_POSITIVE
RFQ731-000560,temperaturEingaenge,TT1,FALSE_POSITIVE
RFQ731-002369,temperaturEingaenge,TT1,FALSE_POSITIVE
RFQ731-003891,binaerOpenColl_MP,MP1,FALSE_POSITIVE
RFQ731-002484,explosionApproval,A,FALSE_POSITIVE
RFQ731-002947,numberOfChannels,1,FALSE_POSITIVE
RFQ731-004092,explosionApproval,A,FALSE_POSITIVE
RFQ731-002644,explosionApproval,A,FALSE_POSITIVE
RFQ731-001185,explosionApproval,A,FALSE_POSITIVE
RFQ731-001985,certification,CN,FALSE_POSITIVE
RFQ731-004590,explosionApproval,A,FALSE_POSITIVE
RFQ731-002997,stromEingaenge,IS1,FALSE_POSITIVE
RFQ731-004410,explosionApproval,A,FALSE_POSITIVE
RFQ731-000384,binaerOpenColl_MP,MP1,FALSE_POSITIVE
RFQ731-000611,numberOfChannels,1,FALSE_POSITIVE
RFQ731-000362,certification,CN,FALSE_POSITIVE
RFQ731-002088,temperaturEingaenge,TT1,FALSE_POSITIVE
RFQ731-004663,temperaturEingaenge,TT1,FALSE_POSITIVE
RFQ731-001234,certification,CN,FALSE_POSITIVE
RFQ731-001826,numberOfChannels,1,FALSE_POSITIVE
RFQ731-003433,temperaturEingaenge,TT1,FALSE_POSITIVE
RFQ731-001274,explosionApproval,A,FALSE_POSITIVE
RFQ731-001603,dynamicGasMaster,1,FALSE_POSITIVE
RFQ731-001753,explosionApproval,A,FALSE_POSITIVE
RFQ731-003106,waveInjector,FWI,FALSE_POSITIVE
RFQ731-003606,binaerOpenColl_MP,MP1,FALSE_POSITIVE
RFQ731-004565,stromEingaenge,IS1,FALSE_POSITIVE
RFQ731-000040,explosionApproval,A,FALSE_POSITIVE
RFQ731-000591,explosionApproval,A,FALSE_POSITIVE
RFQ731-000505,temperaturEingaenge,TT1,FALSE_POSITIVE
RFQ731-000741,certification,CN,FALSE_POSITIVE
RFQ731-001171,binaerOpenColl_MP,MP1,FALSE_POSITIVE
RFQ731-002387,certification,CN,FALSE_POSITIVE
RFQ731-001839,explosionApproval,A,FALSE_POSITIVE
RFQ731-002520,certification,NN,FALSE_POSITIVE
RFQ731-002965,explosionApproval,A,FALSE_POSITIVE
RFQ731-001864,explosionApproval,A,FALSE_POSITIVE
RFQ731-002161,explosionApproval,A,FALSE_POSITIVE
RFQ731-000391,numberOfChannels,1,FALSE_POSITIVE
RFQ731-004539,temperaturEingaenge,TT1,FALSE_POSITIVE
RFQ731-000343,explosionApproval,A,FALSE_POSITIVE
RFQ731-004956,temperaturEingaenge,TT1,FALSE_POSITIVE
RFQ731-001679,binaerOpenColl_MP,MP1,FALSE_POSITIVE
RFQ731-002822,certification,CN,FALSE_POSITIVE
RFQ731-001957,devCategory,F,FALSE_POSITIVE
RFQ731-001132,binaerOpenColl_MP,MP1,FALSE_POSITIVE
RFQ731-003307,devCategory,F,FALSE_POSITIVE
RFQ731-004954,explosionApproval,A,FALSE_POSITIVE
RFQ731-001729,certification,CN,FALSE_POSITIVE
RFQ731-003271,binaerOpenColl_MP,MP1,FALSE_POSITIVE
RFQ731-003362,binaerOpenColl_MP,MP1,FALSE_POSITIVE
RFQ731-002493,waveInjector,FWI,FALSE_POSITIVE
RFQ731-000280,temperaturEingaenge,TT1,FALSE_POSITIVE
RFQ731-001387,waveInjector,FWI,FALSE_POSITIVE
RFQ731-001599,certification,CN,FALSE_POSITIVE
RFQ731-002051,devCategory,F,FALSE_POSITIVE
RFQ731-001450,explosionApproval,A,FALSE_POSITIVE
RFQ731-001747,temperaturEingaenge,TT1,FALSE_POSITIVE
RFQ731-001215,explosionApproval,A,FALSE_POSITIVE
RFQ731-000453,dev_advMeterVerification,1,FALSE_POSITIVE
RFQ731-000587,waveInjector,FWI,FALSE_POSITIVE
RFQ731-000155,waveInjector,FWI,FALSE_POSITIVE
RFQ731-000985,explosionApproval,A,FALSE_POSITIVE
RFQ731-002403,explosionApproval,A,FALSE_POSITIVE
RFQ731-001346,stromEingaenge,IS1,FALSE_POSITIVE
RFQ731-003183,binaerOpenColl_MP,MP1,FALSE_POSITIVE
RFQ731-003660,temperaturEingaenge,TT1,FALSE_POSITIVE
RFQ731-004889,explosionApproval,A,FALSE_POSITIVE
RFQ731-000700,explosionApproval,A,FALSE_POSITIVE
RFQ731-001515,waveInjector,FWI,FALSE_POSITIVE
RFQ731-003532,temperaturEingaenge,TT1,FALSE_POSITIVE
RFQ731-001943,temperaturEingaenge,TT1,FALSE_POSITIVE
RFQ731-001321,explosionApproval,A,FALSE_POSITIVE
RFQ731-003279,explosionApproval,A,FALSE_POSITIVE
RFQ731-002364,binaerOpenColl_MP,MP1,FALSE_POSITIVE
RFQ731-001492,explosionApproval,A,FALSE_POSITIVE
RFQ731-000198,binaerOpenColl_MP,MP1,FALSE_POSITIVE
RFQ731-003482,certification,CN,FALSE_POSITIVE
RFQ731-002271,certification,CN,FALSE_POSITIVE
RFQ731-004675,explosionApproval,A,FALSE_POSITIVE
RFQ731-004664,certification,CN,FALSE_POSITIVE
RFQ731-000799,dynamicGasMaster,1,FALSE_POSITIVE
RFQ731-002005,binaerOpenColl_MP,MP1,FALSE_POSITIVE
RFQ731-003964,temperaturEingaenge,TT1,FALSE_POSITIVE
RFQ731-002383,explosionApproval,A,FALSE_POSITIVE
RFQ731-003437,explosionApproval,A,FALSE_POSITIVE
RFQ731-003440,explosionApproval,A,FALSE_POSITIVE
RFQ731-004624,binaerOpenColl_MP,MP1,FALSE_POSITIVE
RFQ731-004780,certification,CN,FALSE_POSITIVE
RFQ731-002217,explosionApproval,A,FALSE_POSITIVE
RFQ731-003739,binaerOpenColl_MP,MP1,FALSE_POSITIVE
RFQ731-003285,waveInjector,FWI,FALSE_POSITIVE
RFQ731-001320,explosionApproval,A,FALSE_POSITIVE
RFQ731-002767,explosionApproval,A,FALSE_POSITIVE
RFQ731-003063,devCategory,G,FALSE_POSITIVE
RFQ731-000473,certification,CN,FALSE_POSITIVE
RFQ731-004017,temperaturEingaenge,TT1,FALSE_POSITIVE
RFQ731-002619,binaerOpenColl_MP,MP1,FALSE_POSITIVE
RFQ731-001620,binaerOpenColl_MP,MP1,FALSE_POSITIVE
RFQ731-000448,temperaturEingaenge,TT1,FALSE_POSITIVE
RFQ731-004825,binaerOpenColl_MP,MP1,FALSE_POSITIVE
RFQ731-003986,explosionApproval,A,FALSE_POSITIVE
RFQ731-000822,temperaturEingaenge,TT1,FALSE_POSITIVE
RFQ731-002524,certification,CN,FALSE_POSITIVE
RFQ731-003097,explosionApproval,A,FALSE_POSITIVE
RFQ731-004089,dev_advMeterVerification,1,FALSE_POSITIVE
RFQ731-001760,binaerOpenColl_MP,MP1,FALSE_POSITIVE
RFQ731-004179,explosionApproval,A,FALSE_POSITIVE
RFQ731-000735,explosionApproval,A,FALSE_POSITIVE
RFQ731-003184,dynamicGasMaster,1,FALSE_POSITIVE
RFQ731-004823,explosionApproval,A,FALSE_POSITIVE
RFQ731-003807,explosionApproval,A,FALSE_POSITIVE
RFQ731-000416,dev_advMeterVerification,1,FALSE_POSITIVE
RFQ731-002056,binaerOpenColl_MP,MP1,FALSE_POSITIVE
RFQ731-000287,explosionApproval,A,FALSE_POSITIVE
RFQ731-003908,certification,CN,FALSE_POSITIVE
RFQ731-004412,temperaturEingaenge,TT1,FALSE_POSITIVE
RFQ731-003674,explosionApproval,A,FALSE_POSITIVE
RFQ731-000869,certification,CN,FALSE_POSITIVE
RFQ731-000525,dynamicGasMaster,1,FALSE_POSITIVE
RFQ731-000947,explosionApproval,A,FALSE_POSITIVE
RFQ731-001624,explosionApproval,A,FALSE_POSITIVE
RFQ731-000668,binaerDigitalOpenColl_MN,MN2,FALSE_POSITIVE
RFQ731-001862,temperaturEingaenge,TT1,FALSE_POSITIVE
RFQ731-003442,certification,CN,FALSE_POSITIVE
RFQ731-003322,explosionApproval,A,FALSE_POSITIVE
RFQ731-000254,certification,CN,FALSE_POSITIVE
RFQ731-001472,waveInjector,FWI,FALSE_POSITIVE
RFQ731-004799,temperaturEingaenge,TT1,FALSE_POSITIVE
RFQ731-000225,waveInjector,FWI,FALSE_POSITIVE
RFQ731-003293,binaerOpenColl_MP,MP1,FALSE_POSITIVE
RFQ731-001371,explosionApproval,A,FALSE_POSITIVE
RFQ731-002300,waveInjector,FWI,FALSE_POSITIVE
RFQ731-001508,temperaturEingaenge,TT1,FALSE_POSITIVE
RFQ731-001086,binaerOpenColl_MP,MP1,FALSE_POSITIVE
RFQ731-004960,explosionApproval,A,FALSE_POSITIVE
RFQ731-003710,explosionApproval,A,FALSE_POSITIVE
RFQ731-001299,explosionApproval,A,FALSE_POSITIVE
RFQ731-001811,dynamicGasMaster,1,FALSE_POSITIVE
RFQ731-001385,waveInjector,FWI,FALSE_POSITIVE
RFQ731-002032,explosionApproval,A,FALSE_POSITIVE
RFQ731-004862,explosionApproval,A,FALSE_POSITIVE
RFQ731-003457,temperaturEingaenge,TT1,FALSE_POSITIVE
RFQ731-004160,binaerDigitalOpenColl_MN,MN2,FALSE_POSITIVE
RFQ731-002782,binaerOpenColl_MP,MP1,FALSE_POSITIVE
RFQ731-003940,binaerOpenColl_MP,MP1,FALSE_POSITIVE
RFQ731-002485,explosionApproval,A,FALSE_POSITIVE
RFQ731-000858,stromSchaltbar,CS1,FALSE_POSITIVE
RFQ731-002922,waveInjector,FWI,FALSE_POSITIVE
RFQ731-000227,explosionApproval,A,FALSE_POSITIVE
RFQ731-002343,certification,CN,FALSE_POSITIVE
RFQ731-004885,explosionApproval,A,FALSE_POSITIVE
RFQ731-003820,explosionApproval,A,FALSE_POSITIVE
RFQ731-001708,explosionApproval,A,FALSE_POSITIVE
RFQ731-004015,binaerOpenColl_MP,MP1,FALSE_POSITIVE
RFQ731-003581,explosionApproval,A,FALSE_POSITIVE
RFQ731-000547,binaerDigitalOpenColl_MN,MN1,FALSE_POSITIVE
RFQ731-004744,binaerOpenColl_MP,MP1,FALSE_POSITIVE
RFQ731-004962,explosionApproval,A,FALSE_POSITIVE
RFQ731-004104,temperaturEingaenge,TT1,FALSE_POSITIVE
RFQ731-004466,explosionApproval,A,FALSE_POSITIVE
RFQ731-002322,explosionApproval,A,FALSE_POSITIVE
RFQ731-002396,explosionApproval,A,FALSE_POSITIVE
RFQ731-001393,explosionApproval,A,FALSE_POSITIVE
RFQ731-004063,certification,CN,FALSE_POSITIVE
RFQ731-003675,temperaturEingaenge,TT1,FALSE_POSITIVE
RFQ731-004659,temperaturEingaenge,TT1,FALSE_POSITIVE
RFQ731-000981,explosionApproval,A,FALSE_POSITIVE
RFQ731-000149,binaerOpenColl_MP,MP1,FALSE_POSITIVE
RFQ731-002791,waveInjector,FWI,FALSE_POSITIVE
RFQ731-004492,certification,CN,FALSE_POSITIVE
RFQ731-001031,explosionApproval,A,FALSE_POSITIVE
RFQ731-001265,binaerOpenColl_MP,MP1,FALSE_POSITIVE
RFQ731-000675,temperaturEingaenge,TT1,FALSE_POSITIVE
RFQ731-004271,explosionApproval,A,FALSE_POSITIVE
RFQ731-002015,binaerOpenColl_MP,MP4,FALSE_POSITIVE
RFQ731-000558,explosionApproval,A,FALSE_POSITIVE
RFQ731-003418,binaerOpenColl_MP,MP1,FALSE_POSITIVE
RFQ731-004494,explosionApproval,A,FALSE_POSITIVE
RFQ731-004051,dev_advMeterVerification,1,FALSE_POSITIVE
RFQ731-002354,certification,CN,FALSE_POSITIVE
RFQ731-003378,explosionApproval,A,FALSE_POSITIVE
RFQ731-002026,dev_advMeterVerification,1,FALSE_POSITIVE
RFQ731-004763,temperaturEingaenge,TT1,FALSE_POSITIVE
RFQ731-002796,certification,CN,FALSE_POSITIVE
RFQ731-004753,binaerOpenColl_MP,MP1,FALSE_POSITIVE
RFQ731-004709,explosionApproval,A,FALSE_POSITIVE
RFQ731-002474,numberOfChannels,1,FALSE_POSITIVE
RFQ731-004001,explosionApproval,A,FALSE_POSITIVE
RFQ731-000300,binaerOpenColl_MP,MP1,FALSE_POSITIVE
RFQ731-000608,binaerOpenColl_MP,MP1,FALSE_POSITIVE
RFQ731-002964,binaerOpenColl_MP,MP1,FALSE_POSITIVE
RFQ731-001649,binaerOpenColl_MP,MP1,FALSE_POSITIVE
RFQ731-001505,numberOfChannels,1,FALSE_POSITIVE
RFQ731-003573,waveInjector,FWI,FALSE_POSITIVE
RFQ731-001656,explosionApproval,A,FALSE_POSITIVE
RFQ731-002594,explosionApproval,A,FALSE_POSITIVE
RFQ731-000952,temperaturEingaenge,TT1,FALSE_POSITIVE
RFQ731-000772,dev_advMeterVerification,1,FALSE_POSITIVE
RFQ731-003219,certification,CN,FALSE_POSITIVE
RFQ731-001102,certification,CN,FALSE_POSITIVE
RFQ731-002798,waveInjector,FWI,FALSE_POSITIVE
RFQ731-002095,temperaturEingaenge,TT1,FALSE_POSITIVE
RFQ731-000980,numberOfChannels,1,FALSE_POSITIVE
RFQ731-003306,binaerOpenColl_MP,MP1,FALSE_POSITIVE
RFQ731-002697,explosionApproval,A,FALSE_POSITIVE
RFQ731-003770,temperaturEingaenge,TT1,FALSE_POSITIVE
RFQ731-002934,binaerDigitalOpenColl_MN,MN1,FALSE_POSITIVE
RFQ731-002412,binaerOpenColl_MP,MP1,FALSE_POSITIVE
RFQ731-001711,binaerOpenColl_MP,MP1,FALSE_POSITIVE
RFQ731-002145,certification,CN,FALSE_POSITIVE
RFQ731-000047,explosionApproval,A,FALSE_POSITIVE
RFQ731-004198,waveInjector,FWI,FALSE_POSITIVE
RFQ731-001756,certification,CN,FALSE_POSITIVE
RFQ731-003315,numberOfChannels,1,FALSE_POSITIVE
RFQ731-000894,explosionApproval,A,FALSE_POSITIVE
RFQ731-003138,temperaturEingaenge,TT1,FALSE_POSITIVE
RFQ731-001811,dev_advMeterVerification,1,FALSE_POSITIVE
RFQ731-003137,temperaturEingaenge,TT1,FALSE_POSITIVE
RFQ731-001702,temperaturEingaenge,TT1,FALSE_POSITIVE
RFQ731-004529,explosionApproval,A,FALSE_POSITIVE
RFQ731-002465,binaerOpenColl_MP,MP1,FALSE_POSITIVE
RFQ731-002222,explosionApproval,A,FALSE_POSITIVE
RFQ731-003826,explosionApproval,A,FALSE_POSITIVE
RFQ731-002431,dynamicGasMaster,1,FALSE_POSITIVE
RFQ731-002085,explosionApproval,A,FALSE_POSITIVE
RFQ731-003591,waveInjector,FWI,FALSE_POSITIVE
RFQ731-000829,temperaturEingaenge,TT1,FALSE_POSITIVE
RFQ731-003646,temperaturEingaenge,TT1,FALSE_POSITIVE
RFQ731-003193,explosionApproval,A,FALSE_POSITIVE
RFQ731-002196,explosionApproval,A,FALSE_POSITIVE
RFQ731-002908,stromEingaenge,IS1,FALSE_POSITIVE
RFQ731-002492,explosionApproval,A,FALSE_POSITIVE
RFQ731-002702,waveInjector,FWI,FALSE_POSITIVE
RFQ731-004534,temperaturEingaenge,TT1,FALSE_POSITIVE
RFQ731-000738,temperaturEingaenge,TT1,FALSE_POSITIVE
RFQ731-004215,certification,CN,FALSE_POSITIVE
RFQ731-002117,temperaturEingaenge,TT1,FALSE_POSITIVE
RFQ731-002999,temperaturEingaenge,TT1,FALSE_POSITIVE
RFQ731-004299,temperaturEingaenge,TT1,FALSE_POSITIVE
RFQ731-003049,explosionApproval,A,FALSE_POSITIVE
RFQ731-002017,certification,CN,FALSE_POSITIVE
RFQ731-000129,waveInjector,FWI,FALSE_POSITIVE
RFQ731-000345,explosionApproval,A,FALSE_POSITIVE
RFQ731-001114,dynamicGasMaster,1,FALSE_POSITIVE
RFQ731-001249,devCategory,F,FALSE_POSITIVE
RFQ731-004770,devCategory,F,FALSE_POSITIVE
RFQ731-002256,binaerOpenColl_MP,MP1,FALSE_POSITIVE
RFQ731-002661,explosionApproval,A,FALSE_POSITIVE
RFQ731-003246,binaerOpenColl_MP,MP1,FALSE_POSITIVE
RFQ731-000771,binaerOpenColl_MP,MP1,FALSE_POSITIVE
RFQ731-000517,explosionApproval,A,FALSE_POSITIVE
RFQ731-003975,certification,CN,FALSE_POSITIVE
RFQ731-003754,waveInjector,FWI,FALSE_POSITIVE
RFQ731-001589,temperaturEingaenge,TT1,FALSE_POSITIVE
RFQ731-003503,certification,CN,FALSE_POSITIVE
RFQ731-004189,explosionApproval,A,FALSE_POSITIVE
RFQ731-004099,temperaturEingaenge,TT1,FALSE_POSITIVE
RFQ731-002289,explosionApproval,A,FALSE_POSITIVE
RFQ731-002530,temperaturEingaenge,TT1,FALSE_POSITIVE
RFQ731-004240,certification,CN,FALSE_POSITIVE
RFQ731-003858,waveInjector,FWI,FALSE_POSITIVE
RFQ731-000385,waveInjector,FWI,FALSE_POSITIVE
RFQ731-000209,temperaturEingaenge,TT1,FALSE_POSITIVE
RFQ731-001234,binaerOpenColl_MP,MP1,FALSE_POSITIVE
RFQ731-000118,waveInjector,FWI,FALSE_POSITIVE
RFQ731-002479,binaerOpenColl_MP,MP1,FALSE_POSITIVE
RFQ731-002593,waveInjector,FWI,FALSE_POSITIVE
RFQ731-002381,binaerDigitalOpenColl_MN,MN1,FALSE_POSITIVE
RFQ731-004106,temperaturEingaenge,TT1,FALSE_POSITIVE
RFQ731-002972,certification,CN,FALSE_POSITIVE
RFQ731-002742,temperaturEingaenge,TT1,FALSE_POSITIVE
RFQ731-003423,temperaturEingaenge,TT1,FALSE_POSITIVE
RFQ731-004898,binaerDigitalOpenColl_MN,MN1,FALSE_POSITIVE
RFQ731-004916,dynamicGasMaster,1,FALSE_POSITIVE
RFQ731-004061,waveInjector,FWI,FALSE_POSITIVE
RFQ731-002786,dev_advMeterVerification,1,FALSE_POSITIVE
RFQ731-002725,waveInjector,FWI,FALSE_POSITIVE
RFQ731-001941,certification,CN,FALSE_POSITIVE
RFQ731-002339,explosionApproval,A,FALSE_POSITIVE
RFQ731-002559,binaerOpenColl_MP,MP1,FALSE_POSITIVE
RFQ731-000108,binaerOpenColl_MP,MP1,FALSE_POSITIVE
RFQ731-000052,binaerOpenColl_MP,MP1,FALSE_POSITIVE
RFQ731-000374,binaerOpenColl_MP,MP1,FALSE_POSITIVE
RFQ731-001507,binaerOpenColl_MP,MP1,FALSE_POSITIVE
RFQ731-003506,explosionApproval,A,FALSE_POSITIVE
RFQ731-001291,explosionApproval,A,FALSE_POSITIVE
RFQ731-001597,explosionApproval,A,FALSE_POSITIVE
RFQ731-002000,certification,CN,FALSE_POSITIVE
RFQ731-003420,explosionApproval,A,FALSE_POSITIVE
RFQ731-003172,binaerOpenColl_MP,MP1,FALSE_POSITIVE
RFQ731-004367,waveInjector,FWI,FALSE_POSITIVE
RFQ731-001316,certification,CN,FALSE_POSITIVE
RFQ731-001229,certification,CN,FALSE_POSITIVE
RFQ731-000224,temperaturEingaenge,TT1,FALSE_POSITIVE
RFQ731-003819,waveInjector,FWI,FALSE_POSITIVE
RFQ731-002143,explosionApproval,A,FALSE_POSITIVE
RFQ731-001425,binaerOpenColl_MP,MP1,FALSE_POSITIVE
RFQ731-000017,waveInjector,FWI,FALSE_POSITIVE
RFQ731-004971,temperaturEingaenge,TT1,FALSE_POSITIVE
RFQ731-002994,explosionApproval,A,FALSE_POSITIVE
RFQ731-003397,temperaturEingaenge,TT1,FALSE_POSITIVE
RFQ731-001692,explosionApproval,A,FALSE_POSITIVE
RFQ731-000547,explosionApproval,A,FALSE_POSITIVE
RFQ731-000294,certification,CN,FALSE_POSITIVE
RFQ731-004138,certification,CN,FALSE_POSITIVE
RFQ731-002511,binaerDigitalOpenColl_MN,MN1,FALSE_POSITIVE
RFQ731-003047,binaerOpenColl_MP,MP1,FALSE_POSITIVE
RFQ731-000556,binaerOpenColl_MP,MP1,FALSE_POSITIVE
RFQ731-001022,explosionApproval,A,FALSE_POSITIVE
RFQ731-003250,explosionApproval,A,FALSE_POSITIVE
RFQ731-001033,devCategory,F,FALSE_POSITIVE
RFQ731-001685,explosionApproval,A,FALSE_POSITIVE
RFQ731-002701,explosionApproval,A,FALSE_POSITIVE
RFQ731-002287,waveInjector,FWI,FALSE_POSITIVE
RFQ731-004007,explosionApproval,A,FALSE_POSITIVE
RFQ731-003519,binaerOpenColl_MP,MP1,FALSE_POSITIVE
RFQ731-004186,binaerOpenColl_MP,MP1,FALSE_POSITIVE
RFQ731-004515,explosionApproval,A,FALSE_POSITIVE
RFQ731-003482,binaerOpenColl_MP,MP1,FALSE_POSITIVE
RFQ731-003140,explosionApproval,A,FALSE_POSITIVE
RFQ731-001878,dynamicGasMaster,1,FALSE_POSITIVE
RFQ731-000539,explosionApproval,A,FALSE_POSITIVE
RFQ731-004445,dev_advMeterVerification,1,FALSE_POSITIVE
RFQ731-002642,devCategory,F,FALSE_POSITIVE
RFQ731-001078,explosionApproval,A,FALSE_POSITIVE
RFQ731-004654,waveInjector,FWI,FALSE_POSITIVE
RFQ731-001265,binaerDigitalOpenColl_MN,MN2,FALSE_POSITIVE
RFQ731-002359,dynamicGasMaster,1,FALSE_POSITIVE
RFQ731-001562,explosionApproval,A,FALSE_POSITIVE
RFQ731-001427,binaerOpenColl_MP,MP1,FALSE_POSITIVE
RFQ731-003087,binaerOpenColl_MP,MP1,FALSE_POSITIVE
RFQ731-002503,temperaturEingaenge,TT1,FALSE_POSITIVE
RFQ731-002749,binaerOpenColl_MP,MP1,FALSE_POSITIVE
RFQ731-002447,explosionApproval,A,FALSE_POSITIVE
RFQ731-003231,temperaturEingaenge,TT1,FALSE_POSITIVE
RFQ731-001294,explosionApproval,A,FALSE_POSITIVE
RFQ731-001741,explosionApproval,A,FALSE_POSITIVE
RFQ731-000394,certification,CN,FALSE_POSITIVE
RFQ731-002241,numberOfChannels,1,FALSE_POSITIVE
RFQ731-002068,explosionApproval,A,FALSE_POSITIVE
RFQ731-004305,certification,CN,FALSE_POSITIVE
RFQ731-000029,certification,CN,FALSE_POSITIVE
RFQ731-001090,stromEingaenge,IS1,FALSE_POSITIVE
RFQ731-004859,temperaturEingaenge,TT1,FALSE_POSITIVE
RFQ731-001647,temperaturEingaenge,TT1,FALSE_POSITIVE
RFQ731-003402,certification,CN,FALSE_POSITIVE
RFQ731-001567,certification,CN,FALSE_POSITIVE
RFQ731-002030,binaerOpenColl_MP,MP1,FALSE_POSITIVE
RFQ731-000211,dynamicGasMaster,1,FALSE_POSITIVE
RFQ731-001318,explosionApproval,A,FALSE_POSITIVE
RFQ731-001420,stromEingaenge,IS1,FALSE_POSITIVE
RFQ731-002395,powerSupply,1,FALSE_POSITIVE
RFQ731-003403,dynamicGasMaster,1,FALSE_POSITIVE
RFQ731-001872,temperaturEingaenge,TT1,FALSE_POSITIVE
RFQ731-001270,devCategory,F,FALSE_POSITIVE
RFQ731-001502,temperaturEingaenge,TT1,FALSE_POSITIVE
RFQ731-000274,binaerOpenColl_MP,MP1,FALSE_POSITIVE
RFQ731-002209,binaerOpenColl_MP,MP1,FALSE_POSITIVE
RFQ731-001319,waveInjector,FWI,FALSE_POSITIVE
RFQ731-004097,explosionApproval,A,FALSE_POSITIVE
RFQ731-003928,certification,CN,FALSE_POSITIVE
RFQ731-004496,dynamicGasMaster,1,FALSE_POSITIVE
RFQ731-001854,certification,CN,FALSE_POSITIVE
RFQ731-003500,certification,CN,FALSE_POSITIVE
RFQ731-002582,certification,CN,FALSE_POSITIVE
RFQ731-001546,temperaturEingaenge,TT1,FALSE_POSITIVE
RFQ731-004600,binaerOpenColl_MP,MP1,FALSE_POSITIVE
RFQ731-001226,explosionApproval,A,FALSE_POSITIVE
RFQ731-003034,temperaturEingaenge,TT1,FALSE_POSITIVE
RFQ731-001000,explosionApproval,A,FALSE_POSITIVE
RFQ731-000882,waveInjector,FWI,FALSE_POSITIVE
RFQ731-001604,dev_advMeterVerification,1,FALSE_POSITIVE
RFQ731-001831,explosionApproval,A,FALSE_POSITIVE
RFQ731-004582,waveInjector,FWI,FALSE_POSITIVE
RFQ731-001784,explosionApproval,A,FALSE_POSITIVE
RFQ731-004337,explosionApproval,A,FALSE_POSITIVE
RFQ731-004898,explosionApproval,A,FALSE_POSITIVE
RFQ731-004168,explosionApproval,A,FALSE_POSITIVE
RFQ731-000566,explosionApproval,A,FALSE_POSITIVE
RFQ731-004901,explosionApproval,A,FALSE_POSITIVE
RFQ731-002424,binaerOpenColl_MP,MP1,FALSE_POSITIVE
RFQ731-000305,binaerOpenColl_MP,MP1,FALSE_POSITIVE
RFQ731-002443,temperaturEingaenge,TT1,FALSE_POSITIVE
RFQ731-002635,binaerOpenColl_MP,MP1,FALSE_POSITIVE
RFQ731-002653,explosionApproval,A,FALSE_POSITIVE
RFQ731-004673,waveInjector,FWI,FALSE_POSITIVE
RFQ731-002542,explosionApproval,A,FALSE_POSITIVE
RFQ731-002868,binaerOpenColl_MP,MP1,FALSE_POSITIVE
RFQ731-000959,dynamicGasMaster,1,FALSE_POSITIVE
RFQ731-001564,explosionApproval,A,FALSE_POSITIVE
RFQ731-000226,dynamicGasMaster,1,FALSE_POSITIVE
RFQ731-002899,explosionApproval,A,FALSE_POSITIVE
RFQ731-004721,explosionApproval,A,FALSE_POSITIVE
RFQ731-002857,explosionApproval,A,FALSE_POSITIVE
RFQ731-002821,dev_advMeterVerification,1,FALSE_POSITIVE
RFQ731-002922,explosionApproval,A,FALSE_POSITIVE
RFQ731-001158,explosionApproval,A,FALSE_POSITIVE
RFQ731-003511,temperaturEingaenge,TT1,FALSE_POSITIVE
RFQ731-003899,certification,CN,FALSE_POSITIVE
RFQ731-000551,waveInjector,FWI,FALSE_POSITIVE
RFQ731-001218,binaerOpenColl_MP,MP1,FALSE_POSITIVE
RFQ731-004263,certification,CN,FALSE_POSITIVE
RFQ731-004747,dynamicGasMaster,1,FALSE_POSITIVE
RFQ731-002901,certification,CN,FALSE_POSITIVE
RFQ731-003535,temperaturEingaenge,TT1,FALSE_POSITIVE
RFQ731-001096,explosionApproval,A,FALSE_POSITIVE
RFQ731-001016,binaerOpenColl_MP,MP1,FALSE_POSITIVE
RFQ731-002561,certification,CN,FALSE_POSITIVE
RFQ731-000080,certification,CN,FALSE_POSITIVE
RFQ731-003078,binaerOpenColl_MP,MP1,FALSE_POSITIVE
RFQ731-002704,waveInjector,FWI,FALSE_POSITIVE
RFQ731-000363,dynamicGasMaster,1,FALSE_POSITIVE
RFQ731-003847,explosionApproval,A,FALSE_POSITIVE
RFQ731-003957,dynamicGasMaster,1,FALSE_POSITIVE
RFQ731-001468,dynamicGasMaster,1,FALSE_POSITIVE
RFQ731-003151,explosionApproval,A,FALSE_POSITIVE
RFQ731-002135,binaerOpenColl_MP,MP1,FALSE_POSITIVE
RFQ731-004915,explosionApproval,A,FALSE_POSITIVE
RFQ731-001676,certification,CN,FALSE_POSITIVE
RFQ731-003659,binaerDigitalOpenColl_MN,MN2,FALSE_POSITIVE
RFQ731-001291,stromSchaltbar,CS1,FALSE_POSITIVE
RFQ731-004603,dynamicGasMaster,1,FALSE_POSITIVE
RFQ731-003366,waveInjector,FWI,FALSE_POSITIVE
RFQ731-002063,temperaturEingaenge,TT1,FALSE_POSITIVE
RFQ731-004696,certification,CN,FALSE_POSITIVE
RFQ731-004747,binaerOpenColl_MP,MP1,FALSE_POSITIVE
RFQ731-000972,explosionApproval,A,FALSE_POSITIVE
RFQ731-002755,certification,CN,FALSE_POSITIVE
RFQ731-000691,explosionApproval,A,FALSE_POSITIVE
RFQ731-004308,certification,CN,FALSE_POSITIVE
RFQ731-004841,waveInjector,FWI,FALSE_POSITIVE
RFQ731-001723,devCategory,F,FALSE_POSITIVE
RFQ731-001088,explosionApproval,A,FALSE_POSITIVE
RFQ731-002858,explosionApproval,A,FALSE_POSITIVE
RFQ731-004301,explosionApproval,A,FALSE_POSITIVE
RFQ731-002017,binaerOpenColl_MP,MP1,FALSE_POSITIVE
RFQ731-003637,explosionApproval,A,FALSE_POSITIVE
RFQ731-003588,explosionApproval,A,FALSE_POSITIVE
RFQ731-004707,explosionApproval,A,FALSE_POSITIVE
RFQ731-000996,binaerOpenColl_MP,MP1,FALSE_POSITIVE
RFQ731-001665,temperaturEingaenge,TT1,FALSE_POSITIVE
RFQ731-004475,devCategory,F,FALSE_POSITIVE
RFQ731-000612,certification,CN,FALSE_POSITIVE
RFQ731-003975,binaerOpenColl_MP,MP1,FALSE_POSITIVE
RFQ731-002246,binaerOpenColl_MP,MP1,FALSE_POSITIVE
RFQ731-004122,binaerDigitalOpenColl_MN,MN1,FALSE_POSITIVE
RFQ731-003685,waveInjector,FWI,FALSE_POSITIVE
RFQ731-003591,explosionApproval,A,FALSE_POSITIVE
RFQ731-004223,explosionApproval,A,FALSE_POSITIVE
RFQ731-003124,explosionApproval,A,FALSE_POSITIVE
RFQ731-000436,explosionApproval,A,FALSE_POSITIVE
RFQ731-002806,explosionApproval,A,FALSE_POSITIVE
RFQ731-004686,explosionApproval,A,FALSE_POSITIVE
RFQ731-000681,binaerOpenColl_MP,MP1,FALSE_POSITIVE
RFQ731-000887,explosionApproval,A,FALSE_POSITIVE
RFQ731-003732,certification,CN,FALSE_POSITIVE
RFQ731-002702,explosionApproval,A,FALSE_POSITIVE
RFQ731-001037,explosionApproval,A,FALSE_POSITIVE
RFQ731-003673,waveInjector,FWI,FALSE_POSITIVE
RFQ731-003108,devCategory,F,FALSE_POSITIVE
RFQ731-002248,binaerOpenColl_MP,MP1,FALSE_POSITIVE
RFQ731-002153,binaerOpenColl_MP,MP1,FALSE_POSITIVE
RFQ731-001087,dynamicGasMaster,1,FALSE_POSITIVE
RFQ731-000073,explosionApproval,A,FALSE_POSITIVE
RFQ731-002107,certification,CN,FALSE_POSITIVE
RFQ731-004693,dynamicGasMaster,1,FALSE_POSITIVE
RFQ731-002144,certification,CN,FALSE_POSITIVE
RFQ731-002833,binaerOpenColl_MP,MP1,FALSE_POSITIVE
RFQ731-000324,explosionApproval,A,FALSE_POSITIVE
RFQ731-004303,explosionApproval,A,FALSE_POSITIVE
RFQ731-001484,binaerOpenColl_MP,MP1,FALSE_POSITIVE
RFQ731-004947,explosionApproval,A,FALSE_POSITIVE
RFQ731-004118,certification,CN,FALSE_POSITIVE
RFQ731-004082,explosionApproval,A,FALSE_POSITIVE
RFQ731-000500,certification,CN,FALSE_POSITIVE
RFQ731-002581,temperaturEingaenge,TT1,FALSE_POSITIVE
RFQ731-001584,certification,CN,FALSE_POSITIVE
RFQ731-004902,temperaturEingaenge,TT1,FALSE_POSITIVE
RFQ731-003449,explosionApproval,A,FALSE_POSITIVE
RFQ731-000842,explosionApproval,A,FALSE_POSITIVE
RFQ731-003283,temperaturEingaenge,TT1,FALSE_POSITIVE
RFQ731-001116,certification,CN,FALSE_POSITIVE
RFQ731-002708,temperaturEingaenge,TT1,FALSE_POSITIVE
RFQ731-000271,binaerOpenColl_MP,MP4,FALSE_POSITIVE
RFQ731-003407,certification,CN,FALSE_POSITIVE
RFQ731-002803,certification,CN,FALSE_POSITIVE
RFQ731-001713,waveInjector,FWI,FALSE_POSITIVE
RFQ731-002995,explosionApproval,A,FALSE_POSITIVE
RFQ731-004660,temperaturEingaenge,TT1,FALSE_POSITIVE
RFQ731-001091,binaerDigitalOpenColl_MN,MN1,FALSE_POSITIVE
RFQ731-003648,explosionApproval,A,FALSE_POSITIVE
RFQ731-004050,binaerOpenColl_MP,MP1,FALSE_POSITIVE
RFQ731-001920,certification,CN,FALSE_POSITIVE
RFQ731-002756,explosionApproval,A,FALSE_POSITIVE
RFQ731-004513,explosionApproval,A,FALSE_POSITIVE
RFQ731-000341,dynamicGasMaster,1,FALSE_POSITIVE
RFQ731-000208,explosionApproval,A,FALSE_POSITIVE
RFQ731-001055,explosionApproval,A,FALSE_POSITIVE
RFQ731-000552,explosionApproval,A,FALSE_POSITIVE
RFQ731-001898,explosionApproval,A,FALSE_POSITIVE
RFQ731-004757,binaerOpenColl_MP,MP1,FALSE_POSITIVE
RFQ731-001424,temperaturEingaenge,TT1,FALSE_POSITIVE
RFQ731-001295,waveInjector,FWI,FALSE_POSITIVE
RFQ731-003720,binaerOpenColl_MP,MP1,FALSE_POSITIVE
RFQ731-000350,binaerOpenColl_MP,MP1,FALSE_POSITIVE
RFQ731-004896,explosionApproval,A,FALSE_POSITIVE
RFQ731-000736,powerSupply,1,FALSE_POSITIVE
RFQ731-004877,temperaturEingaenge,TT1,FALSE_POSITIVE
RFQ731-004346,explosionApproval,A,FALSE_POSITIVE
RFQ731-000679,certification,CN,FALSE_POSITIVE
RFQ731-000685,waveInjector,FWI,FALSE_POSITIVE
RFQ731-001627,certification,CN,FALSE_POSITIVE
RFQ731-001353,temperaturEingaenge,TT1,FALSE_POSITIVE
RFQ731-000396,explosionApproval,A,FALSE_POSITIVE
RFQ731-001907,explosionApproval,A,FALSE_POSITIVE
RFQ731-002172,certification,CN,FALSE_POSITIVE
RFQ731-000730,temperaturEingaenge,TT1,FALSE_POSITIVE
RFQ731-002483,explosionApproval,A,FALSE_POSITIVE
RFQ731-001810,explosionApproval,A,FALSE_POSITIVE
RFQ731-000341,binaerOpenColl_MP,MP1,FALSE_POSITIVE
RFQ731-001258,explosionApproval,A,FALSE_POSITIVE
RFQ731-003572,binaerOpenColl_MP,MP1,FALSE_POSITIVE
RFQ731-004981,binaerOpenColl_MP,MP1,FALSE_POSITIVE
RFQ731-000051,temperaturEingaenge,TT1,FALSE_POSITIVE
RFQ731-004418,binaerOpenColl_MP,MP1,FALSE_POSITIVE
RFQ731-002681,temperaturEingaenge,TT1,FALSE_POSITIVE
RFQ731-003024,explosionApproval,A,FALSE_POSITIVE
RFQ731-002683,explosionApproval,A,FALSE_POSITIVE
RFQ731-003523,waveInjector,FWI,FALSE_POSITIVE
RFQ731-000478,waveInjector,FWI,FALSE_POSITIVE
RFQ731-004275,explosionApproval,A,FALSE_POSITIVE
RFQ731-004572,waveInjector,FWI,FALSE_POSITIVE
RFQ731-000322,certification,CN,FALSE_POSITIVE
RFQ731-000848,certification,CN,FALSE_POSITIVE
RFQ731-002689,binaerOpenColl_MP,MP4,FALSE_POSITIVE
RFQ731-002271,stromEingaenge,IS1,FALSE_POSITIVE
RFQ731-003549,explosionApproval,A,FALSE_POSITIVE
RFQ731-001989,certification,CN,FALSE_POSITIVE
RFQ731-004397,stromEingaenge,IS1,FALSE_POSITIVE
RFQ731-000734,explosionApproval,A,FALSE_POSITIVE
RFQ731-003327,temperaturEingaenge,TT1,FALSE_POSITIVE
RFQ731-000183,explosionApproval,A,FALSE_POSITIVE
RFQ731-004788,binaerOpenColl_MP,MP1,FALSE_POSITIVE
RFQ731-000278,binaerOpenColl_MP,MP1,FALSE_POSITIVE
RFQ731-004025,waveInjector,FWI,FALSE_POSITIVE
RFQ731-000889,explosionApproval,A,FALSE_POSITIVE
RFQ731-001678,explosionApproval,A,FALSE_POSITIVE
RFQ731-004245,temperaturEingaenge,TT1,FALSE_POSITIVE
RFQ731-002294,dynamicGasMaster,1,FALSE_POSITIVE
RFQ731-001717,explosionApproval,A,FALSE_POSITIVE
RFQ731-001004,certification,CN,FALSE_POSITIVE
RFQ731-002809,temperaturEingaenge,TT1,FALSE_POSITIVE
RFQ731-002642,temperaturEingaenge,TT1,FALSE_POSITIVE
RFQ731-001924,explosionApproval,A,FALSE_POSITIVE
RFQ731-003956,powerSupply,1,FALSE_POSITIVE
RFQ731-004395,binaerDigitalOpenColl_MN,MN1,FALSE_POSITIVE
RFQ731-000348,certification,CN,FALSE_POSITIVE
RFQ731-000684,explosionApproval,A,FALSE_POSITIVE
RFQ731-004752,explosionApproval,A,FALSE_POSITIVE
RFQ731-004158,explosionApproval,A,FALSE_POSITIVE
RFQ731-002484,waveInjector,FWI,FALSE_POSITIVE
RFQ731-002854,dynamicGasMaster,1,FALSE_POSITIVE
RFQ731-001657,binaerOpenColl_MP,MP1,FALSE_POSITIVE
RFQ731-004434,binaerDigitalOpenColl_MN,MN2,FALSE_POSITIVE
RFQ731-000146,stromEingaenge,IS1,FALSE_POSITIVE
RFQ731-004991,temperaturEingaenge,TT1,FALSE_POSITIVE
RFQ731-004117,binaerOpenColl_MP,MP1,FALSE_POSITIVE
RFQ731-001349,temperaturEingaenge,TT1,FALSE_POSITIVE
RFQ731-001976,binaerDigitalOpenColl_MN,MN2,FALSE_POSITIVE
RFQ731-004136,waveInjector,FWI,FALSE_POSITIVE
RFQ731-000895,dynamicGasMaster,1,FALSE_POSITIVE
RFQ731-002967,certification,CN,FALSE_POSITIVE
RFQ731-004964,binaerDigitalOpenColl_MN,MN2,FALSE_POSITIVE
RFQ731-002652,temperaturEingaenge,TT1,FALSE_POSITIVE
RFQ731-000692,temperaturEingaenge,TT1,FALSE_POSITIVE
RFQ731-003071,dev_advMeterVerification,1,FALSE_POSITIVE
RFQ731-004460,certification,CN,FALSE_POSITIVE
RFQ731-000550,temperaturEingaenge,TT1,FALSE_POSITIVE
RFQ731-004712,temperaturEingaenge,TT1,FALSE_POSITIVE
RFQ731-001160,certification,NN,FALSE_POSITIVE
RFQ731-003636,explosionApproval,A,FALSE_POSITIVE
RFQ731-001802,explosionApproval,A,FALSE_POSITIVE
RFQ731-001909,explosionApproval,A,FALSE_POSITIVE
RFQ731-001274,waveInjector,FWI,FALSE_POSITIVE
RFQ731-000025,dynamicGasMaster,1,FALSE_POSITIVE
RFQ731-004438,temperaturEingaenge,TT1,FALSE_POSITIVE
RFQ731-003557,binaerOpenColl_MP,MP1,FALSE_POSITIVE
RFQ731-001228,binaerOpenColl_MP,MP1,FALSE_POSITIVE
RFQ731-003408,explosionApproval,A,FALSE_POSITIVE
RFQ731-004982,explosionApproval,A,FALSE_POSITIVE
RFQ731-001178,explosionApproval,A,FALSE_POSITIVE
RFQ731-001334,binaerDigitalOpenColl_MN,MN2,FALSE_POSITIVE
RFQ731-003083,dynamicGasMaster,1,FALSE_POSITIVE
RFQ731-003014,explosionApproval,A,FALSE_POSITIVE
RFQ731-004475,explosionApproval,A,FALSE_POSITIVE
RFQ731-002369,devCategory,G,FALSE_POSITIVE
RFQ731-000334,binaerOpenColl_MP,MP1,FALSE_POSITIVE
RFQ731-000416,temperaturEingaenge,TT1,FALSE_POSITIVE
RFQ731-004900,dev_advMeterVerification,1,FALSE_POSITIVE
RFQ731-000028,dynamicGasMaster,1,FALSE_POSITIVE
RFQ731-002431,certification,CN,FALSE_POSITIVE
RFQ731-002175,explosionApproval,A,FALSE_POSITIVE
RFQ731-004023,explosionApproval,A,FALSE_POSITIVE
RFQ731-000605,binaerOpenColl_MP,MP1,FALSE_POSITIVE
RFQ731-001864,waveInjector,FWI,FALSE_POSITIVE
RFQ731-000148,temperaturEingaenge,TT1,FALSE_POSITIVE
RFQ731-002529,binaerOpenColl_MP,MP1,FALSE_POSITIVE
RFQ731-004734,explosionApproval,A,FALSE_POSITIVE
RFQ731-004084,dev_advMeterVerification,1,FALSE_POSITIVE
RFQ731-002769,temperaturEingaenge,TT1,FALSE_POSITIVE
RFQ731-003015,waveInjector,FWI,FALSE_POSITIVE
RFQ731-000197,explosionApproval,A,FALSE_POSITIVE
RFQ731-000392,explosionApproval,A,FALSE_POSITIVE
RFQ731-004070,certification,CN,FALSE_POSITIVE
RFQ731-001264,certification,CN,FALSE_POSITIVE
RFQ731-000886,waveInjector,FWI,FALSE_POSITIVE
RFQ731-000501,waveInjector,FWI,FALSE_POSITIVE
RFQ731-001396,powerSupply,1,FALSE_POSITIVE
RFQ731-003141,waveInjector,FWI,FALSE_POSITIVE
RFQ731-000572,explosionApproval,A,FALSE_POSITIVE
RFQ731-004757,powerSupply,1,FALSE_POSITIVE
RFQ731-002212,explosionApproval,A,FALSE_POSITIVE
RFQ731-004681,explosionApproval,A,FALSE_POSITIVE
RFQ731-004407,explosionApproval,A,FALSE_POSITIVE
RFQ731-004120,dynamicGasMaster,1,FALSE_POSITIVE
RFQ731-003852,certification,CN,FALSE_POSITIVE
RFQ731-002901,binaerOpenColl_MP,MP1,FALSE_POSITIVE
RFQ731-003473,explosionApproval,A,FALSE_POSITIVE
RFQ731-000716,powerSupply,1,FALSE_POSITIVE
RFQ731-003529,temperaturEingaenge,TT1,FALSE_POSITIVE
RFQ731-004773,certification,CN,FALSE_POSITIVE
RFQ731-000806,binaerDigitalOpenColl_MN,MN1,FALSE_POSITIVE
RFQ731-001605,waveInjector,FWI,FALSE_POSITIVE
RFQ731-002824,waveInjector,FWI,FALSE_POSITIVE
RFQ731-004322,certification,CN,FALSE_POSITIVE
RFQ731-001695,binaerOpenColl_MP,MP1,FALSE_POSITIVE
RFQ731-001289,binaerOpenColl_MP,MP1,FALSE_POSITIVE
RFQ731-002537,explosionApproval,A,FALSE_POSITIVE
RFQ731-000428,dev_advMeterVerification,1,FALSE_POSITIVE
RFQ731-001845,dev_advMeterVerification,1,FALSE_POSITIVE
RFQ731-004941,temperaturEingaenge,TT1,FALSE_POSITIVE
RFQ731-003651,binaerDigitalOpenColl_MN,MN1,FALSE_POSITIVE
RFQ731-000752,binaerOpenColl_MP,MP1,FALSE_POSITIVE
RFQ731-004546,dev_advMeterVerification,1,FALSE_POSITIVE
RFQ731-004667,explosionApproval,A,FALSE_POSITIVE
RFQ731-002056,temperaturEingaenge,TT1,FALSE_POSITIVE
RFQ731-001402,explosionApproval,A,FALSE_POSITIVE
RFQ731-001487,certification,CN,FALSE_POSITIVE
RFQ731-004411,temperaturEingaenge,TT1,FALSE_POSITIVE
RFQ731-004040,certification,CN,FALSE_POSITIVE
RFQ731-002194,explosionApproval,A,FALSE_POSITIVE
RFQ731-001583,explosionApproval,A,FALSE_POSITIVE
RFQ731-004269,dev_advMeterVerification,1,FALSE_POSITIVE
RFQ731-000557,explosionApproval,A,FALSE_POSITIVE
RFQ731-004806,explosionApproval,A,FALSE_POSITIVE
RFQ731-002436,devCategory,F,FALSE_POSITIVE
RFQ731-001892,binaerOpenColl_MP,MP1,FALSE_POSITIVE
RFQ731-001479,explosionApproval,A,FALSE_POSITIVE
RFQ731-003344,temperaturEingaenge,TT1,FALSE_POSITIVE
RFQ731-000078,waveInjector,FWI,FALSE_POSITIVE
RFQ731-004051,temperaturEingaenge,TT1,FALSE_POSITIVE
RFQ731-000067,dynamicGasMaster,1,FALSE_POSITIVE
RFQ731-004700,certification,CN,FALSE_POSITIVE
RFQ731-001271,explosionApproval,A,FALSE_POSITIVE
RFQ731-003497,temperaturEingaenge,TT1,FALSE_POSITIVE
RFQ731-003820,waveInjector,FWI,FALSE_POSITIVE
RFQ731-004573,certification,CN,FALSE_POSITIVE
RFQ731-001242,temperaturEingaenge,TT1,FALSE_POSITIVE
RFQ731-001841,certification,CN,FALSE_POSITIVE
RFQ731-001212,waveInjector,FWI,FALSE_POSITIVE
RFQ731-000980,binaerOpenColl_MP,MP1,FALSE_POSITIVE
RFQ731-001474,explosionApproval,A,FALSE_POSITIVE
RFQ731-002878,binaerDigitalOpenColl_MN,MN2,FALSE_POSITIVE
RFQ731-003005,certification,CN,FALSE_POSITIVE
RFQ731-001013,certification,CN,FALSE_POSITIVE
RFQ731-002666,temperaturEingaenge,TT1,FALSE_POSITIVE
RFQ731-002122,certification,CN,FALSE_POSITIVE
RFQ731-000203,dev_advMeterVerification,1,FALSE_POSITIVE
RFQ731-003935,explosionApproval,A,FALSE_POSITIVE
RFQ731-003486,explosionApproval,A,FALSE_POSITIVE
RFQ731-004395,explosionApproval,A,FALSE_POSITIVE
RFQ731-004334,powerSupply,1,FALSE_POSITIVE
RFQ731-004868,explosionApproval,A,FALSE_POSITIVE
RFQ731-000591,devCategory,G,FALSE_POSITIVE
RFQ731-004651,temperaturEingaenge,TT1,FALSE_POSITIVE
RFQ731-001713,explosionApproval,A,FALSE_POSITIVE
RFQ731-001670,binaerOpenColl_MP,MP1,FALSE_POSITIVE
RFQ731-002649,explosionApproval,A,FALSE_POSITIVE
RFQ731-002371,certification,CN,FALSE_POSITIVE
RFQ731-004753,temperaturEingaenge,TT1,FALSE_POSITIVE
RFQ731-001906,devCategory,F,FALSE_POSITIVE
RFQ731-004246,explosionApproval,A,FALSE_POSITIVE
RFQ731-002116,dynamicGasMaster,1,FALSE_POSITIVE
RFQ731-001252,temperaturEingaenge,TT1,FALSE_POSITIVE
RFQ731-001162,explosionApproval,A,FALSE_POSITIVE
RFQ731-001259,certification,CN,FALSE_POSITIVE
RFQ731-000379,waveInjector,FWI,FALSE_POSITIVE
RFQ731-003736,binaerOpenColl_MP,MP1,FALSE_POSITIVE
RFQ731-001787,numberOfChannels,1,FALSE_POSITIVE
RFQ731-001200,explosionApproval,A,FALSE_POSITIVE
RFQ731-002156,dev_advMeterVerification,1,FALSE_POSITIVE
RFQ731-000649,binaerOpenColl_MP,MP1,FALSE_POSITIVE
RFQ731-003537,explosionApproval,A,FALSE_POSITIVE
RFQ731-001423,binaerOpenColl_MP,MP1,FALSE_POSITIVE
RFQ731-000980,dev_advMeterVerification,1,FALSE_POSITIVE
RFQ731-003029,binaerOpenColl_MP,MP1,FALSE_POSITIVE
RFQ731-003136,temperaturEingaenge,TT1,FALSE_POSITIVE
RFQ731-002728,certification,CN,FALSE_POSITIVE
RFQ731-004584,dynamicGasMaster,1,FALSE_POSITIVE
RFQ731-003643,temperaturEingaenge,TT1,FALSE_POSITIVE
RFQ731-000604,certification,CN,FALSE_POSITIVE
RFQ731-002963,explosionApproval,A,FALSE_POSITIVE
RFQ731-003900,powerSupply,1,FALSE_POSITIVE
RFQ731-003195,binaerOpenColl_MP,MP1,FALSE_POSITIVE
RFQ731-001392,temperaturEingaenge,TT1,FALSE_POSITIVE
RFQ731-000748,stromEingaenge,IS1,FALSE_POSITIVE
RFQ731-002231,binaerDigitalOpenColl_MN,MN2,FALSE_POSITIVE
RFQ731-002386,explosionApproval,A,FALSE_POSITIVE
RFQ731-000570,explosionApproval,A,FALSE_POSITIVE
RFQ731-003122,explosionApproval,A,FALSE_POSITIVE
RFQ731-000405,explosionApproval,A,FALSE_POSITIVE
RFQ731-004525,certification,CN,FALSE_POSITIVE
RFQ731-003547,explosionApproval,A,FALSE_POSITIVE
RFQ731-004697,temperaturEingaenge,TT1,FALSE_POSITIVE
RFQ731-003528,explosionApproval,A,FALSE_POSITIVE
RFQ731-003578,explosionApproval,A,FALSE_POSITIVE
RFQ731-001928,temperaturEingaenge,TT1,FALSE_POSITIVE
RFQ731-000763,explosionApproval,A,FALSE_POSITIVE
RFQ731-001275,explosionApproval,A,FALSE_POSITIVE
RFQ731-003269,binaerOpenColl_MP,MP1,FALSE_POSITIVE
RFQ731-000007,certification,CN,FALSE_POSITIVE
RFQ731-003241,explosionApproval,A,FALSE_POSITIVE
RFQ731-004221,dev_advMeterVerification,1,FALSE_POSITIVE
RFQ731-004343,explosionApproval,A,FALSE_POSITIVE
RFQ731-002991,binaerOpenColl_MP,MP1,FALSE_POSITIVE
RFQ731-002606,temperaturEingaenge,TT1,FALSE_POSITIVE
RFQ731-001676,powerSupply,1,FALSE_POSITIVE
RFQ731-003234,waveInjector,FWI,FALSE_POSITIVE
RFQ731-000924,certification,CN,FALSE_POSITIVE
RFQ731-003113,powerSupply,1,FALSE_POSITIVE
RFQ731-000649,dev_advMeterVerification,1,FALSE_POSITIVE
RFQ731-004313,explosionApproval,A,FALSE_POSITIVE
RFQ731-001304,explosionApproval,A,FALSE_POSITIVE
RFQ731-000232,dynamicGasMaster,1,FALSE_POSITIVE
RFQ731-002262,explosionApproval,A,FALSE_POSITIVE
RFQ731-004739,temperaturEingaenge,TT1,FALSE_POSITIVE
RFQ731-001821,temperaturEingaenge,TT1,FALSE_POSITIVE
RFQ731-000861,binaerOpenColl_MP,MP1,FALSE_POSITIVE
RFQ731-003174,waveInjector,FWI,FALSE_POSITIVE
RFQ731-000463,dynamicGasMaster,1,FALSE_POSITIVE
RFQ731-002085,waveInjector,FWI,FALSE_POSITIVE
RFQ731-003647,dynamicGasMaster,1,FALSE_POSITIVE
RFQ731-003743,dynamicGasMaster,1,FALSE_POSITIVE
RFQ731-003575,explosionApproval,A,FALSE_POSITIVE
RFQ731-000127,certification,CN,FALSE_POSITIVE
RFQ731-003918,binaerOpenColl_MP,MP1,FALSE_POSITIVE
RFQ731-000406,binaerDigitalOpenColl_MN,MN1,FALSE_POSITIVE
RFQ731-003632,binaerDigitalOpenColl_MN,MN1,FALSE_POSITIVE
RFQ731-002737,explosionApproval,A,FALSE_POSITIVE
RFQ731-004522,explosionApproval,A,FALSE_POSITIVE
RFQ731-001126,certification,CN,FALSE_POSITIVE
RFQ731-001421,explosionApproval,A,FALSE_POSITIVE
RFQ731-000034,explosionApproval,A,FALSE_POSITIVE
RFQ731-000672,waveInjector,FWI,FALSE_POSITIVE
RFQ731-004019,dynamicGasMaster,1,FALSE_POSITIVE
RFQ731-002101,explosionApproval,A,FALSE_POSITIVE
RFQ731-004563,explosionApproval,A,FALSE_POSITIVE
RFQ731-001012,explosionApproval,A,FALSE_POSITIVE
RFQ731-003049,waveInjector,FWI,FALSE_POSITIVE
RFQ731-000255,explosionApproval,A,FALSE_POSITIVE
RFQ731-000109,dev_advMeterVerification,1,FALSE_POSITIVE
RFQ731-004277,waveInjector,FWI,FALSE_POSITIVE
RFQ731-000712,binaerDigitalOpenColl_MN,MN1,FALSE_POSITIVE
RFQ731-001208,binaerOpenColl_MP,MP1,FALSE_POSITIVE
RFQ731-004616,explosionApproval,A,FALSE_POSITIVE
RFQ731-000022,explosionApproval,A,FALSE_POSITIVE
RFQ731-004564,temperaturEingaenge,TT1,FALSE_POSITIVE
RFQ731-004553,devCategory,F,FALSE_POSITIVE
RFQ731-002487,waveInjector,FWI,FALSE_POSITIVE
RFQ731-004211,explosionApproval,A,FALSE_POSITIVE
RFQ731-000470,powerSupply,1,FALSE_POSITIVE
RFQ731-004821,certification,CN,FALSE_POSITIVE
RFQ731-002353,binaerOpenColl_MP,MP1,FALSE_POSITIVE
RFQ731-001692,waveInjector,FWI,FALSE_POSITIVE
RFQ731-003312,explosionApproval,A,FALSE_POSITIVE
RFQ731-001752,temperaturEingaenge,TT1,FALSE_POSITIVE
RFQ731-004789,explosionApproval,A,FALSE_POSITIVE
RFQ731-001038,temperaturEingaenge,TT1,FALSE_POSITIVE
RFQ731-001395,waveInjector,FWI,FALSE_POSITIVE
RFQ731-003530,explosionApproval,A,FALSE_POSITIVE
RFQ731-004438,dynamicGasMaster,1,FALSE_POSITIVE
RFQ731-001729,temperaturEingaenge,TT1,FALSE_POSITIVE
RFQ731-004990,explosionApproval,A,FALSE_POSITIVE
RFQ731-000646,certification,CN,FALSE_POSITIVE
RFQ731-003190,waveInjector,FWI,FALSE_POSITIVE
RFQ731-001207,binaerOpenColl_MP,MP1,FALSE_POSITIVE
RFQ731-000384,dynamicGasMaster,1,FALSE_POSITIVE
RFQ731-003607,dev_advMeterVerification,1,FALSE_POSITIVE
RFQ731-003114,explosionApproval,A,FALSE_POSITIVE
RFQ731-003786,explosionApproval,A,FALSE_POSITIVE
RFQ731-003839,binaerOpenColl_MP,MP1,FALSE_POSITIVE
RFQ731-000729,stromEingaenge,IS1,FALSE_POSITIVE
RFQ731-000539,waveInjector,FWI,FALSE_POSITIVE
RFQ731-002171,waveInjector,FWI,FALSE_POSITIVE
RFQ731-001739,binaerOpenColl_MP,MP1,FALSE_POSITIVE
RFQ731-001417,waveInjector,FWI,FALSE_POSITIVE
RFQ731-000849,explosionApproval,A,FALSE_POSITIVE
RFQ731-001593,binaerDigitalOpenColl_MN,MN2,FALSE_POSITIVE
RFQ731-001499,certification,CN,FALSE_POSITIVE
RFQ731-002131,explosionApproval,A,FALSE_POSITIVE
RFQ731-002380,certification,CN,FALSE_POSITIVE
RFQ731-004040,binaerOpenColl_MP,MP1,FALSE_POSITIVE
RFQ731-003482,temperaturEingaenge,TT1,FALSE_POSITIVE
RFQ731-001494,waveInjector,FWI,FALSE_POSITIVE
RFQ731-004778,binaerDigitalOpenColl_MN,MN1,FALSE_POSITIVE
RFQ731-004890,binaerOpenColl_MP,MP1,FALSE_POSITIVE
RFQ731-004664,temperaturEingaenge,TT1,FALSE_POSITIVE
RFQ731-000318,stromEingaenge,IS1,FALSE_POSITIVE
RFQ731-000282,certification,CN,FALSE_POSITIVE
RFQ731-004379,certification,CN,FALSE_POSITIVE
RFQ731-001356,dynamicGasMaster,1,FALSE_POSITIVE
RFQ731-002034,waveInjector,FWI,FALSE_POSITIVE
RFQ731-004463,explosionApproval,A,FALSE_POSITIVE
RFQ731-000838,binaerOpenColl_MP,MP1,FALSE_POSITIVE
RFQ731-000677,explosionApproval,A,FALSE_POSITIVE
RFQ731-001605,explosionApproval,A,FALSE_POSITIVE
RFQ731-004780,temperaturEingaenge,TT1,FALSE_POSITIVE
RFQ731-004255,explosionApproval,A,FALSE_POSITIVE
RFQ731-000386,binaerOpenColl_MP,MP1,FALSE_POSITIVE
RFQ731-003996,waveInjector,FWI,FALSE_POSITIVE
RFQ731-001256,waveInjector,FWI,FALSE_POSITIVE
RFQ731-001697,binaerOpenColl_MP,MP1,FALSE_POSITIVE
RFQ731-001117,explosionApproval,A,FALSE_POSITIVE
RFQ731-000013,dev_advMeterVerification,1,FALSE_POSITIVE
RFQ731-001889,waveInjector,FWI,FALSE_POSITIVE
RFQ731-004655,devCategory,F,FALSE_POSITIVE
RFQ731-003087,temperaturEingaenge,TT1,FALSE_POSITIVE
RFQ731-003076,explosionApproval,A,FALSE_POSITIVE
RFQ731-002232,explosionApproval,A,FALSE_POSITIVE
RFQ731-001345,binaerOpenColl_MP,MP1,FALSE_POSITIVE
RFQ731-002121,dev_advMeterVerification,1,FALSE_POSITIVE
RFQ731-002037,certification,CN,FALSE_POSITIVE
RFQ731-004148,temperaturEingaenge,TT1,FALSE_POSITIVE
RFQ731-001905,waveInjector,FWI,FALSE_POSITIVE
RFQ731-000250,certification,CN,FALSE_POSITIVE
RFQ731-002123,temperaturEingaenge,TT1,FALSE_POSITIVE
RFQ731-000052,certification,CN,FALSE_POSITIVE
RFQ731-000374,certification,CN,FALSE_POSITIVE
RFQ731-002110,explosionApproval,A,FALSE_POSITIVE
RFQ731-002572,binaerOpenColl_MP,MP1,FALSE_POSITIVE
RFQ731-003172,certification,CN,FALSE_POSITIVE
RFQ731-002241,dev_advMeterVerification,1,FALSE_POSITIVE
RFQ731-003644,temperaturEingaenge,TT1,FALSE_POSITIVE
RFQ731-003261,temperaturEingaenge,TT1,FALSE_POSITIVE
RFQ731-002243,binaerOpenColl_MP,MP4,FALSE_POSITIVE
RFQ731-001107,dynamicGasMaster,1,FALSE_POSITIVE
RFQ731-004523,certification,CN,FALSE_POSITIVE
RFQ731-000886,explosionApproval,A,FALSE_POSITIVE
RFQ731-002482,waveInjector,FWI,FALSE_POSITIVE
RFQ731-000188,explosionApproval,A,FALSE_POSITIVE
RFQ731-003827,explosionApproval,A,FALSE_POSITIVE
RFQ731-001099,dynamicGasMaster,1,FALSE_POSITIVE
RFQ731-000715,temperaturEingaenge,TT1,FALSE_POSITIVE
RFQ731-001346,explosionApproval,A,FALSE_POSITIVE
RFQ731-002950,explosionApproval,A,FALSE_POSITIVE
RFQ731-001330,dynamicGasMaster,1,FALSE_POSITIVE
RFQ731-000929,binaerOpenColl_MP,MP1,FALSE_POSITIVE
RFQ731-001997,binaerOpenColl_MP,MP1,FALSE_POSITIVE
RFQ731-003723,dynamicGasMaster,1,FALSE_POSITIVE
RFQ731-001559,explosionApproval,A,FALSE_POSITIVE
RFQ731-001835,stromEingaenge,IS1,FALSE_POSITIVE
RFQ731-003781,temperaturEingaenge,TT1,FALSE_POSITIVE
RFQ731-000266,certification,CN,FALSE_POSITIVE
RFQ731-004688,explosionApproval,A,FALSE_POSITIVE
RFQ731-003248,binaerOpenColl_MP,MP1,FALSE_POSITIVE
RFQ731-002802,binaerOpenColl_MP,MP1,FALSE_POSITIVE
RFQ731-001500,explosionApproval,A,FALSE_POSITIVE
RFQ731-004986,explosionApproval,A,FALSE_POSITIVE
RFQ731-000009,dev_advMeterVerification,1,FALSE_POSITIVE
RFQ731-004072,explosionApproval,A,FALSE_POSITIVE
RFQ731-004738,temperaturEingaenge,TT1,FALSE_POSITIVE
RFQ731-001970,waveInjector,FWI,FALSE_POSITIVE
RFQ731-001654,certification,CN,FALSE_POSITIVE
RFQ731-004850,certification,CN,FALSE_POSITIVE
RFQ731-001192,waveInjector,FWI,FALSE_POSITIVE
RFQ731-001035,explosionApproval,A,FALSE_POSITIVE
RFQ731-002374,temperaturEingaenge,TT1,FALSE_POSITIVE
RFQ731-001199,temperaturEingaenge,TT1,FALSE_POSITIVE
RFQ731-000390,temperaturEingaenge,TT1,FALSE_POSITIVE
RFQ731-002797,temperaturEingaenge,TT1,FALSE_POSITIVE
RFQ731-003210,temperaturEingaenge,TT1,FALSE_POSITIVE
RFQ731-002762,binaerOpenColl_MP,MP1,FALSE_POSITIVE
RFQ731-003662,waveInjector,FWI,FALSE_POSITIVE
RFQ731-003016,temperaturEingaenge,TT1,FALSE_POSITIVE
RFQ731-000288,explosionApproval,A,FALSE_POSITIVE
RFQ731-004097,waveInjector,FWI,FALSE_POSITIVE
RFQ731-001362,explosionApproval,A,FALSE_POSITIVE
RFQ731-001793,dynamicGasMaster,1,FALSE_POSITIVE
RFQ731-004384,temperaturEingaenge,TT1,FALSE_POSITIVE
RFQ731-004839,dynamicGasMaster,1,FALSE_POSITIVE
RFQ731-002849,waveInjector,FWI,FALSE_POSITIVE
RFQ731-003338,certification,CN,FALSE_POSITIVE
RFQ731-002337,explosionApproval,A,FALSE_POSITIVE
RFQ731-001300,certification,CN,FALSE_POSITIVE
RFQ731-002646,explosionApproval,A,FALSE_POSITIVE
RFQ731-002515,binaerOpenColl_MP,MP1,FALSE_POSITIVE
RFQ731-002244,explosionApproval,A,FALSE_POSITIVE
RFQ731-003756,dynamicGasMaster,1,FALSE_POSITIVE
RFQ731-003070,temperaturEingaenge,TT1,FALSE_POSITIVE
RFQ731-002416,dynamicGasMaster,1,FALSE_POSITIVE
RFQ731-004804,temperaturEingaenge,TT1,FALSE_POSITIVE
RFQ731-003539,explosionApproval,A,FALSE_POSITIVE
RFQ731-003894,temperaturEingaenge,TT1,FALSE_POSITIVE
RFQ731-003461,explosionApproval,A,FALSE_POSITIVE
RFQ731-003185,explosionApproval,A,FALSE_POSITIVE
RFQ731-002659,binaerOpenColl_MP,MP1,FALSE_POSITIVE
RFQ731-003002,explosionApproval,A,FALSE_POSITIVE
RFQ731-000671,certification,CN,FALSE_POSITIVE
RFQ731-004276,binaerOpenColl_MP,MP1,FALSE_POSITIVE
RFQ731-001102,temperaturEingaenge,TT1,FALSE_POSITIVE
RFQ731-004157,temperaturEingaenge,TT1,FALSE_POSITIVE
RFQ731-001831,waveInjector,FWI,FALSE_POSITIVE
RFQ731-000754,explosionApproval,A,FALSE_POSITIVE
RFQ731-000126,binaerOpenColl_MP,MP4,FALSE_POSITIVE
RFQ731-001575,binaerOpenColl_MP,MP1,FALSE_POSITIVE
RFQ731-004994,binaerDigitalOpenColl_MN,MN2,FALSE_POSITIVE
RFQ731-000666,explosionApproval,A,FALSE_POSITIVE
RFQ731-002297,binaerDigitalOpenColl_MN,MN2,FALSE_POSITIVE
RFQ731-002167,certification,CN,FALSE_POSITIVE
RFQ731-003624,binaerOpenColl_MP,MP1,FALSE_POSITIVE
RFQ731-002685,explosionApproval,A,FALSE_POSITIVE
RFQ731-001836,temperaturEingaenge,TT1,FALSE_POSITIVE
RFQ731-004351,waveInjector,FWI,FALSE_POSITIVE
RFQ731-004507,explosionApproval,A,FALSE_POSITIVE
RFQ731-002650,explosionApproval,A,FALSE_POSITIVE
RFQ731-000290,explosionApproval,A,FALSE_POSITIVE
RFQ731-000011,dynamicGasMaster,1,FALSE_POSITIVE
RFQ731-004635,explosionApproval,A,FALSE_POSITIVE
RFQ731-001327,explosionApproval,A,FALSE_POSITIVE
RFQ731-003377,temperaturEingaenge,TT1,FALSE_POSITIVE
RFQ731-002456,explosionApproval,A,FALSE_POSITIVE
RFQ731-003528,certification,CN,FALSE_POSITIVE
RFQ731-002238,explosionApproval,A,FALSE_POSITIVE
RFQ731-003309,binaerOpenColl_MP,MP1,FALSE_POSITIVE
RFQ731-003252,certification,CN,FALSE_POSITIVE
RFQ731-003225,explosionApproval,A,FALSE_POSITIVE
RFQ731-001770,binaerOpenColl_MP,MP1,FALSE_POSITIVE
RFQ731-002090,explosionApproval,A,FALSE_POSITIVE
RFQ731-003016,certification,CN,FALSE_POSITIVE
RFQ731-002691,explosionApproval,A,FALSE_POSITIVE
RFQ731-002000,temperaturEingaenge,TT1,FALSE_POSITIVE
RFQ731-002806,waveInjector,FWI,FALSE_POSITIVE
RFQ731-000249,explosionApproval,A,FALSE_POSITIVE
RFQ731-004759,devCategory,F,FALSE_POSITIVE
RFQ731-002106,dev_advMeterVerification,1,FALSE_POSITIVE
RFQ731-000641,certification,CN,FALSE_POSITIVE
RFQ731-001930,dynamicGasMaster,1,FALSE_POSITIVE
RFQ731-002249,dynamicGasMaster,1,FALSE_POSITIVE
RFQ731-004386,powerSupply,1,FALSE_POSITIVE
RFQ731-002344,dynamicGasMaster,1,FALSE_POSITIVE
RFQ731-000943,temperaturEingaenge,TT1,FALSE_POSITIVE
RFQ731-001901,explosionApproval,A,FALSE_POSITIVE
RFQ731-004489,temperaturEingaenge,TT1,FALSE_POSITIVE
RFQ731-001760,powerSupply,1,FALSE_POSITIVE
RFQ731-002914,binaerOpenColl_MP,MP1,FALSE_POSITIVE
RFQ731-004093,explosionApproval,A,FALSE_POSITIVE
RFQ731-002655,certification,CN,FALSE_POSITIVE
RFQ731-001574,certification,CN,FALSE_POSITIVE
RFQ731-000189,binaerOpenColl_MP,MP4,FALSE_POSITIVE
RFQ731-001235,certification,CN,FALSE_POSITIVE
RFQ731-000853,binaerOpenColl_MP,MP1,FALSE_POSITIVE
RFQ731-002597,binaerOpenColl_MP,MP1,FALSE_POSITIVE
RFQ731-001279,temperaturEingaenge,TT1,FALSE_POSITIVE
RFQ731-004655,explosionApproval,A,FALSE_POSITIVE
RFQ731-004024,devCategory,G,FALSE_POSITIVE
RFQ731-002261,explosionApproval,A,FALSE_POSITIVE
RFQ731-001360,binaerOpenColl_MP,MP1,FALSE_POSITIVE
RFQ731-000456,temperaturEingaenge,TT1,FALSE_POSITIVE
RFQ731-000054,explosionApproval,A,FALSE_POSITIVE
RFQ731-000019,certification,CN,FALSE_POSITIVE
RFQ731-003761,temperaturEingaenge,TT1,FALSE_POSITIVE
RFQ731-002142,explosionApproval,A,FALSE_POSITIVE
RFQ731-001085,numberOfChannels,1,FALSE_POSITIVE
RFQ731-003994,explosionApproval,A,FALSE_POSITIVE
RFQ731-000243,dynamicGasMaster,1,FALSE_POSITIVE
RFQ731-002126,explosionApproval,A,FALSE_POSITIVE
RFQ731-001419,certification,CN,FALSE_POSITIVE
RFQ731-001141,temperaturEingaenge,TT1,FALSE_POSITIVE
RFQ731-000378,waveInjector,FWI,FALSE_POSITIVE
RFQ731-003234,explosionApproval,A,FALSE_POSITIVE
RFQ731-004855,certification,CN,FALSE_POSITIVE
RFQ731-000279,certification,CN,FALSE_POSITIVE
RFQ731-000444,explosionApproval,A,FALSE_POSITIVE
RFQ731-001642,devCategory,F,FALSE_POSITIVE
RFQ731-000975,binaerOpenColl_MP,MP1,FALSE_POSITIVE
RFQ731-001128,temperaturEingaenge,TT1,FALSE_POSITIVE
RFQ731-002605,waveInjector,FWI,FALSE_POSITIVE
RFQ731-003264,binaerOpenColl_MP,MP1,FALSE_POSITIVE
RFQ731-004548,dynamicGasMaster,1,FALSE_POSITIVE
RFQ731-000436,waveInjector,FWI,FALSE_POSITIVE
RFQ731-001980,explosionApproval,A,FALSE_POSITIVE
RFQ731-000538,binaerOpenColl_MP,MP1,FALSE_POSITIVE
RFQ731-002309,explosionApproval,A,FALSE_POSITIVE
RFQ731-001169,binaerOpenColl_MP,MP1,FALSE_POSITIVE
RFQ731-000127,dev_advMeterVerification,1,FALSE_POSITIVE
RFQ731-000128,explosionApproval,A,FALSE_POSITIVE
RFQ731-001758,certification,CN,FALSE_POSITIVE
RFQ731-001940,certification,CN,FALSE_POSITIVE
RFQ731-004618,temperaturEingaenge,TT1,FALSE_POSITIVE
RFQ731-003949,waveInjector,FWI,FALSE_POSITIVE
RFQ731-003023,binaerOpenColl_MP,MP1,FALSE_POSITIVE
RFQ731-002450,temperaturEingaenge,TT1,FALSE_POSITIVE
RFQ731-002699,temperaturEingaenge,TT1,FALSE_POSITIVE
RFQ731-003084,numberOfChannels,1,FALSE_POSITIVE
RFQ731-000942,dynamicGasMaster,1,FALSE_POSITIVE
RFQ731-000964,stromEingaenge,IS1,FALSE_POSITIVE
RFQ731-004630,certification,CN,FALSE_POSITIVE
RFQ731-000324,waveInjector,FWI,FALSE_POSITIVE
RFQ731-004794,devCategory,G,FALSE_POSITIVE
RFQ731-002163,explosionApproval,A,FALSE_POSITIVE
RFQ731-004195,binaerOpenColl_MP,MP1,FALSE_POSITIVE
RFQ731-000578,certification,CN,FALSE_POSITIVE
RFQ731-004881,explosionApproval,A,FALSE_POSITIVE
RFQ731-001819,temperaturEingaenge,TT1,FALSE_POSITIVE
RFQ731-000350,temperaturEingaenge,TT1,FALSE_POSITIVE
RFQ731-000677,certification,NN,FALSE_POSITIVE
RFQ731-002866,certification,CN,FALSE_POSITIVE
RFQ731-001157,explosionApproval,A,FALSE_POSITIVE
RFQ731-001722,explosionApproval,A,FALSE_POSITIVE
RFQ731-003619,temperaturEingaenge,TT2,FALSE_POSITIVE
RFQ731-004973,explosionApproval,A,FALSE_POSITIVE
RFQ731-003969,temperaturEingaenge,TT1,FALSE_POSITIVE
RFQ731-000425,binaerOpenColl_MP,MP1,FALSE_POSITIVE
RFQ731-001138,explosionApproval,A,FALSE_POSITIVE
RFQ731-003323,binaerOpenColl_MP,MP1,FALSE_POSITIVE
RFQ731-001789,binaerOpenColl_MP,MP1,FALSE_POSITIVE
RFQ731-004482,explosionApproval,A,FALSE_POSITIVE
RFQ731-005000,explosionApproval,A,FALSE_POSITIVE
RFQ731-003872,temperaturEingaenge,TT1,FALSE_POSITIVE
RFQ731-000866,binaerOpenColl_MP,MP1,FALSE_POSITIVE
RFQ731-004279,temperaturEingaenge,TT1,FALSE_POSITIVE
RFQ731-000545,temperaturEingaenge,TT1,FALSE_POSITIVE
RFQ731-003515,certification,CN,FALSE_POSITIVE
RFQ731-001704,binaerOpenColl_MP,MP1,FALSE_POSITIVE
RFQ731-004927,explosionApproval,A,FALSE_POSITIVE
RFQ731-000616,binaerOpenColl_MP,MP1,FALSE_POSITIVE
RFQ731-002171,explosionApproval,A,FALSE_POSITIVE
RFQ731-000919,temperaturEingaenge,TT1,FALSE_POSITIVE
RFQ731-001184,binaerDigitalOpenColl_MN,MN1,FALSE_POSITIVE
RFQ731-000755,certification,CN,FALSE_POSITIVE
RFQ731-001417,explosionApproval,A,FALSE_POSITIVE
RFQ731-003184,binaerDigitalOpenColl_MN,MN1,FALSE_POSITIVE
RFQ731-003455,dynamicGasMaster,1,FALSE_POSITIVE
RFQ731-003967,binaerOpenColl_MP,MP1,FALSE_POSITIVE
RFQ731-000174,certification,CN,FALSE_POSITIVE
RFQ731-003240,binaerOpenColl_MP,MP1,FALSE_POSITIVE
RFQ731-003811,numberOfChannels,1,FALSE_POSITIVE
RFQ731-000099,temperaturEingaenge,TT1,FALSE_POSITIVE
RFQ731-003307,temperaturEingaenge,TT1,FALSE_POSITIVE
RFQ731-002440,explosionApproval,A,FALSE_POSITIVE
RFQ731-002454,temperaturEingaenge,TT1,FALSE_POSITIVE
RFQ731-000460,explosionApproval,A,FALSE_POSITIVE
RFQ731-004854,binaerOpenColl_MP,MP1,FALSE_POSITIVE
RFQ731-003730,certification,NN,FALSE_POSITIVE
RFQ731-000851,certification,CN,FALSE_POSITIVE
RFQ731-003024,waveInjector,FWI,FALSE_POSITIVE
RFQ731-002066,explosionApproval,A,FALSE_POSITIVE
RFQ731-002612,certification,CN,FALSE_POSITIVE
RFQ731-000313,explosionApproval,A,FALSE_POSITIVE
RFQ731-000757,devCategory,G,FALSE_POSITIVE
RFQ731-004637,explosionApproval,A,FALSE_POSITIVE
RFQ731-004275,waveInjector,FWI,FALSE_POSITIVE
RFQ731-001007,certification,CN,FALSE_POSITIVE
RFQ731-000061,certification,CN,FALSE_POSITIVE
RFQ731-004682,waveInjector,FWI,FALSE_POSITIVE
RFQ731-001905,explosionApproval,A,FALSE_POSITIVE
RFQ731-002919,certification,CN,FALSE_POSITIVE
RFQ731-004244,binaerOpenColl_MP,MP1,FALSE_POSITIVE
RFQ731-004191,certification,CN,FALSE_POSITIVE
RFQ731-003335,dynamicGasMaster,1,FALSE_POSITIVE
RFQ731-000987,explosionApproval,A,FALSE_POSITIVE
RFQ731-003549,waveInjector,FWI,FALSE_POSITIVE
RFQ731-003700,temperaturEingaenge,TT1,FALSE_POSITIVE
RFQ731-002560,binaerOpenColl_MP,MP1,FALSE_POSITIVE
RFQ731-004547,explosionApproval,A,FALSE_POSITIVE
RFQ731-000832,binaerOpenColl_MP,MP1,FALSE_POSITIVE
RFQ731-001660,binaerOpenColl_MP,MP1,FALSE_POSITIVE
RFQ731-004329,stromEingaenge,IS1,FALSE_POSITIVE
RFQ731-000776,dynamicGasMaster,1,FALSE_POSITIVE
RFQ731-002180,explosionApproval,A,FALSE_POSITIVE
RFQ731-002559,dev_advMeterVerification,1,FALSE_POSITIVE
RFQ731-004817,explosionApproval,A,FALSE_POSITIVE
RFQ731-004067,waveInjector,FWI,FALSE_POSITIVE
RFQ731-001359,dynamicGasMaster,1,FALSE_POSITIVE
RFQ731-004642,dynamicGasMaster,1,FALSE_POSITIVE
RFQ731-004372,binaerOpenColl_MP,MP1,FALSE_POSITIVE
RFQ731-001540,dynamicGasMaster,1,FALSE_POSITIVE
RFQ731-000100,explosionApproval,A,FALSE_POSITIVE
RFQ731-001717,waveInjector,FWI,FALSE_POSITIVE
RFQ731-002420,binaerDigitalOpenColl_MN,MN2,FALSE_POSITIVE
RFQ731-002768,explosionApproval,A,FALSE_POSITIVE
RFQ731-001822,explosionApproval,A,FALSE_POSITIVE
RFQ731-003990,explosionApproval,A,FALSE_POSITIVE
RFQ731-000799,explosionApproval,A,FALSE_POSITIVE
RFQ731-000428,temperaturEingaenge,TT1,FALSE_POSITIVE
RFQ731-000951,explosionApproval,A,FALSE_POSITIVE
RFQ731-001036,explosionApproval,A,FALSE_POSITIVE
RFQ731-004737,explosionApproval,A,FALSE_POSITIVE
RFQ731-004891,temperaturEingaenge,TT1,FALSE_POSITIVE
RFQ731-000008,dynamicGasMaster,1,FALSE_POSITIVE
RFQ731-003964,waveInjector,FWI,FALSE_POSITIVE
RFQ731-002543,explosionApproval,A,FALSE_POSITIVE
RFQ731-002478,explosionApproval,A,FALSE_POSITIVE
RFQ731-003357,temperaturEingaenge,TT1,FALSE_POSITIVE
RFQ731-002035,binaerOpenColl_MP,MP1,FALSE_POSITIVE
RFQ731-000077,explosionApproval,A,FALSE_POSITIVE
RFQ731-000894,binaerOpenColl_MP,MP1,FALSE_POSITIVE
RFQ731-002811,temperaturEingaenge,TT1,FALSE_POSITIVE
RFQ731-004558,explosionApproval,A,FALSE_POSITIVE
RFQ731-003020,certification,CN,FALSE_POSITIVE
RFQ731-001681,explosionApproval,A,FALSE_POSITIVE
RFQ731-001970,explosionApproval,A,FALSE_POSITIVE
RFQ731-001537,temperaturEingaenge,TT1,FALSE_POSITIVE
RFQ731-003466,certification,CN,FALSE_POSITIVE
RFQ731-004269,temperaturEingaenge,TT1,FALSE_POSITIVE
RFQ731-004599,certification,CN,FALSE_POSITIVE
RFQ731-003325,waveInjector,FWI,FALSE_POSITIVE
RFQ731-003703,temperaturEingaenge,TT1,FALSE_POSITIVE
RFQ731-000907,explosionApproval,A,FALSE_POSITIVE
RFQ731-002827,explosionApproval,A,FALSE_POSITIVE
RFQ731-003000,explosionApproval,A,FALSE_POSITIVE
RFQ731-003088,binaerOpenColl_MP,MP1,FALSE_POSITIVE
RFQ731-003541,binaerOpenColl_MP,MP1,FALSE_POSITIVE
RFQ731-000694,explosionApproval,A,FALSE_POSITIVE
RFQ731-000832,dev_advMeterVerification,1,FALSE_POSITIVE
RFQ731-001847,temperaturEingaenge,TT1,FALSE_POSITIVE
RFQ731-000440,certification,CN,FALSE_POSITIVE
RFQ731-002044,characteristic,WD,FALSE_POSITIVE
RFQ731-003714,temperaturEingaenge,TT1,FALSE_POSITIVE
RFQ731-003746,binaerOpenColl_MP,MP1,FALSE_POSITIVE
RFQ731-004321,binaerOpenColl_MP,MP1,FALSE_POSITIVE
RFQ731-002139,binaerDigitalOpenColl_MN,MN2,FALSE_POSITIVE
RFQ731-002500,temperaturEingaenge,TT1,FALSE_POSITIVE
RFQ731-004296,dynamicGasMaster,1,FALSE_POSITIVE
RFQ731-001178,waveInjector,FWI,FALSE_POSITIVE
RFQ731-004493,temperaturEingaenge,TT1,FALSE_POSITIVE
RFQ731-000679,explosionApproval,A,FALSE_POSITIVE
RFQ731-003244,binaerOpenColl_MP,MP1,FALSE_POSITIVE
RFQ731-000803,certification,CN,FALSE_POSITIVE
RFQ731-004254,explosionApproval,A,FALSE_POSITIVE
RFQ731-003370,explosionApproval,A,FALSE_POSITIVE
RFQ731-002392,devCategory,F,FALSE_POSITIVE
RFQ731-000847,temperaturEingaenge,TT1,FALSE_POSITIVE
RFQ731-002942,dynamicGasMaster,1,FALSE_POSITIVE
RFQ731-004310,explosionApproval,A,FALSE_POSITIVE
RFQ731-004370,explosionApproval,A,FALSE_POSITIVE
RFQ731-004135,waveInjector,FWI,FALSE_POSITIVE
RFQ731-002598,waveInjector,FWI,FALSE_POSITIVE
RFQ731-002836,binaerDigitalOpenColl_MN,MN1,FALSE_POSITIVE
RFQ731-002023,explosionApproval,A,FALSE_POSITIVE
RFQ731-003221,stromEingaenge,IS1,FALSE_POSITIVE
RFQ731-001092,certification,CN,FALSE_POSITIVE
RFQ731-004827,binaerOpenColl_MP,MP1,FALSE_POSITIVE
RFQ731-003374,explosionApproval,A,FALSE_POSITIVE
RFQ731-000572,waveInjector,FWI,FALSE_POSITIVE
RFQ731-002888,certification,CN,FALSE_POSITIVE
RFQ731-002054,explosionApproval,A,FALSE_POSITIVE
RFQ731-003485,numberOfChannels,1,FALSE_POSITIVE
RFQ731-004834,explosionApproval,A,FALSE_POSITIVE
RFQ731-003583,certification,CN,FALSE_POSITIVE
RFQ731-003693,certification,CN,FALSE_POSITIVE
RFQ731-001412,explosionApproval,A,FALSE_POSITIVE
RFQ731-003762,waveInjector,FWI,FALSE_POSITIVE
RFQ731-002588,temperaturEingaenge,TT1,FALSE_POSITIVE
RFQ731-000301,dev_advMeterVerification,1,FALSE_POSITIVE
RFQ731-000286,dynamicGasMaster,1,FALSE_POSITIVE
RFQ731-004786,waveInjector,FWI,FALSE_POSITIVE
RFQ731-000373,binaerDigitalOpenColl_MN,MN2,FALSE_POSITIVE
RFQ731-004968,dynamicGasMaster,1,FALSE_POSITIVE
RFQ731-002678,stromEingaenge,IS1,FALSE_POSITIVE
RFQ731-001184,explosionApproval,A,FALSE_POSITIVE
RFQ731-000489,explosionApproval,A,FALSE_POSITIVE
RFQ731-002902,dynamicGasMaster,1,FALSE_POSITIVE
RFQ731-004331,temperaturEingaenge,TT1,FALSE_POSITIVE
RFQ731-002204,temperaturEingaenge,TT1,FALSE_POSITIVE
RFQ731-002790,explosionApproval,A,FALSE_POSITIVE
RFQ731-000944,explosionApproval,A,FALSE_POSITIVE
RFQ731-003105,waveInjector,FWI,FALSE_POSITIVE
RFQ731-003845,stromEingaenge,IS1,FALSE_POSITIVE
RFQ731-001373,explosionApproval,A,FALSE_POSITIVE
RFQ731-003170,binaerOpenColl_MP,MP1,FALSE_POSITIVE
RFQ731-002669,explosionApproval,A,FALSE_POSITIVE
RFQ731-000320,binaerOpenColl_MP,MP1,FALSE_POSITIVE
RFQ731-001547,certification,CN,FALSE_POSITIVE
RFQ731-001399,temperaturEingaenge,TT1,FALSE_POSITIVE
RFQ731-004457,explosionApproval,A,FALSE_POSITIVE
RFQ731-001167,certification,CN,FALSE_POSITIVE
RFQ731-000954,explosionApproval,A,FALSE_POSITIVE
RFQ731-001206,temperaturEingaenge,TT1,FALSE_POSITIVE
RFQ731-001308,dynamicGasMaster,1,FALSE_POSITIVE
RFQ731-003032,explosionApproval,A,FALSE_POSITIVE
RFQ731-002493,binaerOpenColl_MP,MP4,FALSE_POSITIVE
RFQ731-002143,binaerOpenColl_MP,MP1,FALSE_POSITIVE
RFQ731-000493,binaerOpenColl_MP,MP1,FALSE_POSITIVE
RFQ731-004576,explosionApproval,A,FALSE_POSITIVE
RFQ731-003677,explosionApproval,A,FALSE_POSITIVE
RFQ731-004456,temperaturEingaenge,TT1,FALSE_POSITIVE
RFQ731-002792,temperaturEingaenge,TT1,FALSE_POSITIVE
RFQ731-003102,devCategory,G,FALSE_POSITIVE
RFQ731-000518,waveInjector,FWI,FALSE_POSITIVE
RFQ731-003187,certification,CN,FALSE_POSITIVE
RFQ731-001797,explosionApproval,A,FALSE_POSITIVE
RFQ731-001006,temperaturEingaenge,TT1,FALSE_POSITIVE
RFQ731-003962,temperaturEingaenge,TT1,FALSE_POSITIVE
RFQ731-002372,certification,CN,FALSE_POSITIVE
RFQ731-003937,binaerDigitalOpenColl_MN,MN2,FALSE_POSITIVE
RFQ731-004261,binaerOpenColl_MP,MP1,FALSE_POSITIVE
RFQ731-003691,explosionApproval,A,FALSE_POSITIVE
RFQ731-003356,temperaturEingaenge,TT1,FALSE_POSITIVE
RFQ731-003779,dynamicGasMaster,1,FALSE_POSITIVE
RFQ731-003593,explosionApproval,A,FALSE_POSITIVE
RFQ731-002071,stromEingaenge,IS1,FALSE_POSITIVE
RFQ731-001988,certification,CN,FALSE_POSITIVE
RFQ731-000482,explosionApproval,A,FALSE_POSITIVE
RFQ731-000451,binaerOpenColl_MP,MP1,FALSE_POSITIVE
RFQ731-000639,certification,CN,FALSE_POSITIVE
RFQ731-000015,explosionApproval,A,FALSE_POSITIVE
RFQ731-003078,dev_advMeterVerification,1,FALSE_POSITIVE
RFQ731-002419,binaerOpenColl_MP,MP1,FALSE_POSITIVE
RFQ731-002159,explosionApproval,A,FALSE_POSITIVE
RFQ731-004863,dev_advMeterVerification,1,FALSE_POSITIVE
RFQ731-004335,explosionApproval,A,FALSE_POSITIVE
RFQ731-001963,certification,CN,FALSE_POSITIVE
RFQ731-001065,binaerOpenColl_MP,MP1,FALSE_POSITIVE
RFQ731-001415,certification,CN,FALSE_POSITIVE
RFQ731-000095,certification,CN,FALSE_POSITIVE
RFQ731-002775,explosionApproval,A,FALSE_POSITIVE
RFQ731-003004,explosionApproval,A,FALSE_POSITIVE
RFQ731-002849,stromSchaltbar,CS1,FALSE_POSITIVE
RFQ731-001745,devCategory,F,FALSE_POSITIVE
RFQ731-002945,temperaturEingaenge,TT1,FALSE_POSITIVE
RFQ731-002625,waveInjector,FWI,FALSE_POSITIVE
RFQ731-002940,explosionApproval,A,FALSE_POSITIVE
RFQ731-002535,certification,CN,FALSE_POSITIVE
RFQ731-002675,dev_advMeterVerification,1,FALSE_POSITIVE
RFQ731-002930,certification,CN,FALSE_POSITIVE
RFQ731-001003,waveInjector,FWI,FALSE_POSITIVE
RFQ731-003742,explosionApproval,A,FALSE_POSITIVE
RFQ731-002865,binaerOpenColl_MP,MP1,FALSE_POSITIVE
RFQ731-000994,temperaturEingaenge,TT1,FALSE_POSITIVE
RFQ731-001001,binaerOpenColl_MP,MP1,FALSE_POSITIVE
RFQ731-004706,binaerOpenColl_MP,MP1,FALSE_POSITIVE
RFQ731-000946,explosionApproval,A,FALSE_POSITIVE
RFQ731-000854,explosionApproval,A,FALSE_POSITIVE
RFQ731-004816,explosionApproval,A,FALSE_POSITIVE
RFQ731-004924,explosionApproval,A,FALSE_POSITIVE
RFQ731-001188,explosionApproval,A,FALSE_POSITIVE
RFQ731-000166,certification,CN,FALSE_POSITIVE
RFQ731-000707,certification,CN,FALSE_POSITIVE
RFQ731-000710,explosionApproval,A,FALSE_POSITIVE
RFQ731-001432,devCategory,G,FALSE_POSITIVE
RFQ731-000044,dynamicGasMaster,1,FALSE_POSITIVE
RFQ731-003958,explosionApproval,A,FALSE_POSITIVE
RFQ731-000849,temperaturEingaenge,TT1,FALSE_POSITIVE
RFQ731-004362,binaerOpenColl_MP,MP1,FALSE_POSITIVE
RFQ731-003913,certification,CN,FALSE_POSITIVE
RFQ731-002533,numberOfChannels,1,FALSE_POSITIVE
RFQ731-001456,explosionApproval,A,FALSE_POSITIVE
RFQ731-003610,certification,CN,FALSE_POSITIVE
RFQ731-000955,stromEingaenge,IS1,FALSE_POSITIVE
RFQ731-003508,dynamicGasMaster,1,FALSE_POSITIVE
RFQ731-002115,binaerOpenColl_MP,MP1,FALSE_POSITIVE
RFQ731-001793,certification,CN,FALSE_POSITIVE
RFQ731-002272,certification,CN,FALSE_POSITIVE
RFQ731-000891,certification,CN,FALSE_POSITIVE
RFQ731-001719,dynamicGasMaster,1,FALSE_POSITIVE
RFQ731-004943,explosionApproval,A,FALSE_POSITIVE
RFQ731-002190,explosionApproval,A,FALSE_POSITIVE
RFQ731-004180,certification,CN,FALSE_POSITIVE
RFQ731-000453,temperaturEingaenge,TT1,FALSE_POSITIVE
RFQ731-004995,binaerDigitalOpenColl_MN,MN2,FALSE_POSITIVE
RFQ731-002130,certification,CN,FALSE_POSITIVE
RFQ731-003340,binaerOpenColl_MP,MP1,FALSE_POSITIVE
RFQ731-003565,binaerOpenColl_MP,MP1,FALSE_POSITIVE
RFQ731-004996,certification,CN,FALSE_POSITIVE
RFQ731-000602,powerSupply,1,FALSE_POSITIVE
RFQ731-003550,numberOfChannels,1,FALSE_POSITIVE
RFQ731-000910,explosionApproval,A,FALSE_POSITIVE
RFQ731-000034,waveInjector,FWI,FALSE_POSITIVE
RFQ731-001342,explosionApproval,A,FALSE_POSITIVE
RFQ731-004320,binaerOpenColl_MP,MP1,FALSE_POSITIVE
RFQ731-001104,explosionApproval,A,FALSE_POSITIVE
RFQ731-001845,dynamicGasMaster,1,FALSE_POSITIVE
RFQ731-001312,explosionApproval,A,FALSE_POSITIVE
RFQ731-003959,certification,CN,FALSE_POSITIVE
RFQ731-003839,temperaturEingaenge,TT1,FALSE_POSITIVE
RFQ731-001231,certification,CN,FALSE_POSITIVE
RFQ731-002556,dynamicGasMaster,1,FALSE_POSITIVE
RFQ731-004956,explosionApproval,A,FALSE_POSITIVE
RFQ731-002359,explosionApproval,A,FALSE_POSITIVE
RFQ731-004265,explosionApproval,A,FALSE_POSITIVE
RFQ731-000412,certification,CN,FALSE_POSITIVE
RFQ731-002822,devCategory,F,FALSE_POSITIVE
RFQ731-003456,binaerOpenColl_MP,MP1,FALSE_POSITIVE
RFQ731-004211,waveInjector,FWI,FALSE_POSITIVE
RFQ731-003920,explosionApproval,A,FALSE_POSITIVE
RFQ731-000063,explosionApproval,A,FALSE_POSITIVE
RFQ731-004813,certification,CN,FALSE_POSITIVE
RFQ731-001129,temperaturEingaenge,TT1,FALSE_POSITIVE
RFQ731-000751,stromEingaenge,IS1,FALSE_POSITIVE
RFQ731-003020,binaerOpenColl_MP,MP1,FALSE_POSITIVE
RFQ731-003142,binaerOpenColl_MP,MP1,FALSE_POSITIVE
RFQ731-000233,binaerOpenColl_MP,MP1,FALSE_POSITIVE
RFQ731-004818,binaerOpenColl_MP,MP1,FALSE_POSITIVE
RFQ731-000475,binaerOpenColl_MP,MP1,FALSE_POSITIVE
RFQ731-004390,numberOfChannels,1,FALSE_POSITIVE
RFQ731-001626,waveInjector,FWI,FALSE_POSITIVE
RFQ731-003722,certification,CN,FALSE_POSITIVE
RFQ731-001293,certification,CN,FALSE_POSITIVE
RFQ731-002550,explosionApproval,A,FALSE_POSITIVE
RFQ731-000182,explosionApproval,A,FALSE_POSITIVE
RFQ731-001609,explosionApproval,A,FALSE_POSITIVE
RFQ731-004621,certification,CN,FALSE_POSITIVE
RFQ731-004543,explosionApproval,A,FALSE_POSITIVE
RFQ731-002981,explosionApproval,A,FALSE_POSITIVE
RFQ731-002771,devCategory,G,FALSE_POSITIVE
RFQ731-003769,dynamicGasMaster,1,FALSE_POSITIVE
RFQ731-002178,temperaturEingaenge,TT1,FALSE_POSITIVE
RFQ731-000857,certification,CN,FALSE_POSITIVE
RFQ731-000544,binaerOpenColl_MP,MP1,FALSE_POSITIVE
RFQ731-003854,binaerOpenColl_MP,MP1,FALSE_POSITIVE
RFQ731-002512,certification,CN,FALSE_POSITIVE
RFQ731-003789,temperaturEingaenge,TT1,FALSE_POSITIVE
RFQ731-003512,explosionApproval,A,FALSE_POSITIVE
RFQ731-001228,dynamicGasMaster,1,FALSE_POSITIVE
RFQ731-003964,explosionApproval,A,FALSE_POSITIVE
RFQ731-002363,temperaturEingaenge,TT1,FALSE_POSITIVE
RFQ731-001418,waveInjector,FWI,FALSE_POSITIVE
RFQ731-000419,certification,CN,FALSE_POSITIVE
RFQ731-000358,binaerOpenColl_MP,MP1,FALSE_POSITIVE
RFQ731-002422,temperaturEingaenge,TT1,FALSE_POSITIVE
RFQ731-004652,explosionApproval,A,FALSE_POSITIVE
RFQ731-000523,explosionApproval,A,FALSE_POSITIVE
RFQ731-004997,temperaturEingaenge,TT1,FALSE_POSITIVE
RFQ731-001175,certification,CN,FALSE_POSITIVE
RFQ731-003764,binaerOpenColl_MP,MP1,FALSE_POSITIVE
RFQ731-004594,explosionApproval,A,FALSE_POSITIVE
RFQ731-001620,temperaturEingaenge,TT1,FALSE_POSITIVE
RFQ731-001043,certification,CN,FALSE_POSITIVE
RFQ731-000850,binaerOpenColl_MP,MP1,FALSE_POSITIVE
RFQ731-002953,certification,CN,FALSE_POSITIVE
RFQ731-003271,temperaturEingaenge,TT1,FALSE_POSITIVE
RFQ731-004756,temperaturEingaenge,TT1,FALSE_POSITIVE
RFQ731-000259,explosionApproval,A,FALSE_POSITIVE
RFQ731-003320,explosionApproval,A,FALSE_POSITIVE
RFQ731-001783,binaerOpenColl_MP,MP1,FALSE_POSITIVE
RFQ731-004852,explosionApproval,A,FALSE_POSITIVE
RFQ731-001548,explosionApproval,A,FALSE_POSITIVE
RFQ731-001959,temperaturEingaenge,TT1,FALSE_POSITIVE
RFQ731-003672,certification,CN,FALSE_POSITIVE
RFQ731-001716,certification,CN,FALSE_POSITIVE
RFQ731-000568,temperaturEingaenge,TT1,FALSE_POSITIVE
RFQ731-000727,dynamicGasMaster,1,FALSE_POSITIVE
RFQ731-000402,temperaturEingaenge,TT1,FALSE_POSITIVE
RFQ731-001939,explosionApproval,A,FALSE_POSITIVE
RFQ731-003253,binaerOpenColl_MP,MP1,FALSE_POSITIVE
RFQ731-001622,waveInjector,FWI,FALSE_POSITIVE
RFQ731-002276,binaerOpenColl_MP,MP1,FALSE_POSITIVE
RFQ731-000648,binaerOpenColl_MP,MP1,FALSE_POSITIVE
RFQ731-003498,certification,CN,FALSE_POSITIVE
RFQ731-004573,temperaturEingaenge,TT1,FALSE_POSITIVE
RFQ731-004309,temperaturEingaenge,TT1,FALSE_POSITIVE
RFQ731-004094,explosionApproval,A,FALSE_POSITIVE
RFQ731-001081,explosionApproval,A,FALSE_POSITIVE
RFQ731-002001,certification,CN,FALSE_POSITIVE
RFQ731-003630,temperaturEingaenge,TT1,FALSE_POSITIVE
RFQ731-004048,binaerOpenColl_MP,MP1,FALSE_POSITIVE
RFQ731-003633,certification,CN,FALSE_POSITIVE
RFQ731-001053,explosionApproval,A,FALSE_POSITIVE
RFQ731-001297,dynamicGasMaster,1,FALSE_POSITIVE
RFQ731-001148,dev_advMeterVerification,1,FALSE_POSITIVE
RFQ731-002389,temperaturEingaenge,TT1,FALSE_POSITIVE
RFQ731-003879,explosionApproval,A,FALSE_POSITIVE
RFQ731-000386,certification,CN,FALSE_POSITIVE
RFQ731-003916,explosionApproval,A,FALSE_POSITIVE
RFQ731-004920,binaerOpenColl_MP,MP1,FALSE_POSITIVE
RFQ731-003938,certification,CN,FALSE_POSITIVE
RFQ731-002989,dev_advMeterVerification,1,FALSE_POSITIVE
RFQ731-004433,binaerOpenColl_MP,MP1,FALSE_POSITIVE
RFQ731-003224,certification,CN,FALSE_POSITIVE
RFQ731-004112,temperaturEingaenge,TT1,FALSE_POSITIVE
RFQ731-003346,powerSupply,1,FALSE_POSITIVE
RFQ731-003925,waveInjector,FWI,FALSE_POSITIVE
RFQ731-002061,certification,CN,FALSE_POSITIVE
RFQ731-003998,explosionApproval,A,FALSE_POSITIVE
RFQ731-002938,powerSupply,1,FALSE_POSITIVE
RFQ731-004959,explosionApproval,A,FALSE_POSITIVE
RFQ731-004135,explosionApproval,A,FALSE_POSITIVE
RFQ731-003457,explosionApproval,A,FALSE_POSITIVE
RFQ731-003940,temperaturEingaenge,TT1,FALSE_POSITIVE
RFQ731-000507,dynamicGasMaster,1,FALSE_POSITIVE
RFQ731-002187,explosionApproval,A,FALSE_POSITIVE
RFQ731-002718,explosionApproval,A,FALSE_POSITIVE
RFQ731-002884,dynamicGasMaster,1,FALSE_POSITIVE
RFQ731-003495,binaerDigitalOpenColl_MN,MN2,FALSE_POSITIVE
RFQ731-000807,explosionApproval,A,FALSE_POSITIVE
RFQ731-001668,temperaturEingaenge,TT1,FALSE_POSITIVE
RFQ731-003150,waveInjector,FWI,FALSE_POSITIVE
RFQ731-001265,temperaturEingaenge,TT1,FALSE_POSITIVE
RFQ731-002517,dynamicGasMaster,1,FALSE_POSITIVE
RFQ731-001317,explosionApproval,A,FALSE_POSITIVE
RFQ731-001423,dynamicGasMaster,1,FALSE_POSITIVE
RFQ731-003823,explosionApproval,A,FALSE_POSITIVE
RFQ731-000363,explosionApproval,A,FALSE_POSITIVE
RFQ731-003012,binaerOpenColl_MP,MP1,FALSE_POSITIVE
RFQ731-001535,explosionApproval,A,FALSE_POSITIVE
RFQ731-001663,temperaturEingaenge,TT1,FALSE_POSITIVE
RFQ731-001709,certification,CN,FALSE_POSITIVE
RFQ731-000804,explosionApproval,A,FALSE_POSITIVE
RFQ731-003688,explosionApproval,A,FALSE_POSITIVE
RFQ731-000996,stromEingaenge,IS1,FALSE_POSITIVE
RFQ731-004415,explosionApproval,A,FALSE_POSITIVE
RFQ731-001315,binaerOpenColl_MP,MP1,FALSE_POSITIVE
RFQ731-002715,temperaturEingaenge,TT1,FALSE_POSITIVE
RFQ731-001408,temperaturEingaenge,TT1,FALSE_POSITIVE
RFQ731-002816,temperaturEingaenge,TT1,FALSE_POSITIVE
RFQ731-000608,temperaturEingaenge,TT1,FALSE_POSITIVE
RFQ731-004227,binaerOpenColl_MP,MP1,FALSE_POSITIVE
RFQ731-000778,explosionApproval,A,FALSE_POSITIVE
RFQ731-003982,explosionApproval,A,FALSE_POSITIVE
RFQ731-004723,explosionApproval,A,FALSE_POSITIVE
RFQ731-001048,binaerOpenColl_MP,MP1,FALSE_POSITIVE
RFQ731-002494,binaerOpenColl_MP,MP1,FALSE_POSITIVE
RFQ731-002460,explosionApproval,A,FALSE_POSITIVE
RFQ731-001386,certification,CN,FALSE_POSITIVE
RFQ731-001194,explosionApproval,A,FALSE_POSITIVE
RFQ731-004932,binaerOpenColl_MP,MP4,FALSE_POSITIVE
RFQ731-000120,binaerOpenColl_MP,MP1,FALSE_POSITIVE
RFQ731-001637,explosionApproval,A,FALSE_POSITIVE
RFQ731-003571,certification,CN,FALSE_POSITIVE
RFQ731-000141,explosionApproval,A,FALSE_POSITIVE
RFQ731-004610,explosionApproval,A,FALSE_POSITIVE
RFQ731-001370,waveInjector,FWI,FALSE_POSITIVE
RFQ731-001403,certification,CN,FALSE_POSITIVE
RFQ731-001636,explosionApproval,A,FALSE_POSITIVE
RFQ731-001391,temperaturEingaenge,TT1,FALSE_POSITIVE
RFQ731-004414,explosionApproval,A,FALSE_POSITIVE
RFQ731-004495,certification,CN,FALSE_POSITIVE
RFQ731-000269,certification,CN,FALSE_POSITIVE
RFQ731-003153,dynamicGasMaster,1,FALSE_POSITIVE
RFQ731-002402,explosionApproval,A,FALSE_POSITIVE
RFQ731-002991,dynamicGasMaster,1,FALSE_POSITIVE
RFQ731-003395,binaerOpenColl_MP,MP1,FALSE_POSITIVE
RFQ731-002506,temperaturEingaenge,TT1,FALSE_POSITIVE
RFQ731-001422,explosionApproval,A,FALSE_POSITIVE
RFQ731-000058,temperaturEingaenge,TT1,FALSE_POSITIVE
RFQ731-004155,explosionApproval,A,FALSE_POSITIVE
RFQ731-002842,explosionApproval,A,FALSE_POSITIVE
RFQ731-002734,temperaturEingaenge,TT1,FALSE_POSITIVE
RFQ731-004077,explosionApproval,A,FALSE_POSITIVE
RFQ731-003734,temperaturEingaenge,TT1,FALSE_POSITIVE
RFQ731-002254,temperaturEingaenge,TT1,FALSE_POSITIVE
RFQ731-004842,temperaturEingaenge,TT1,FALSE_POSITIVE
RFQ731-003061,binaerOpenColl_MP,MP1,FALSE_POSITIVE
RFQ731-002566,dev_advMeterVerification,1,FALSE_POSITIVE
RFQ731-000650,waveInjector,FWI,FALSE_POSITIVE
RFQ731-001144,explosionApproval,A,FALSE_POSITIVE
RFQ731-003957,explosionApproval,A,FALSE_POSITIVE
RFQ731-003932,explosionApproval,A,FALSE_POSITIVE
RFQ731-001929,stromSchaltbar,CS1,FALSE_POSITIVE
RFQ731-003836,temperaturEingaenge,TT1,FALSE_POSITIVE
RFQ731-002952,temperaturEingaenge,TT1,FALSE_POSITIVE
RFQ731-002916,explosionApproval,A,FALSE_POSITIVE
RFQ731-004636,powerSupply,1,FALSE_POSITIVE
RFQ731-001816,explosionApproval,A,FALSE_POSITIVE
RFQ731-001601,explosionApproval,A,FALSE_POSITIVE
RFQ731-003994,waveInjector,FWI,FALSE_POSITIVE
RFQ731-003257,certification,CN,FALSE_POSITIVE
RFQ731-001829,explosionApproval,A,FALSE_POSITIVE
RFQ731-002687,certification,CN,FALSE_POSITIVE
RFQ731-003216,explosionApproval,A,FALSE_POSITIVE
RFQ731-001948,certification,CN,FALSE_POSITIVE
RFQ731-004423,certification,CN,FALSE_POSITIVE
RFQ731-000963,certification,CN,FALSE_POSITIVE
RFQ731-000277,certification,CN,FALSE_POSITIVE
RFQ731-000267,certification,CN,FALSE_POSITIVE
RFQ731-000839,explosionApproval,A,FALSE_POSITIVE
RFQ731-002625,explosionApproval,A,FALSE_POSITIVE
RFQ731-001360,temperaturEingaenge,TT1,FALSE_POSITIVE
RFQ731-001249,waveInjector,FWI,FALSE_POSITIVE
RFQ731-004633,binaerOpenColl_MP,MP1,FALSE_POSITIVE
RFQ731-001340,explosionApproval,A,FALSE_POSITIVE
RFQ731-002880,dev_advMeterVerification,1,FALSE_POSITIVE
RFQ731-003844,explosionApproval,A,FALSE_POSITIVE
RFQ731-002854,binaerDigitalOpenColl_MN,MN1,FALSE_POSITIVE
RFQ731-003729,binaerOpenColl_MP,MP1,FALSE_POSITIVE
RFQ731-001825,explosionApproval,A,FALSE_POSITIVE
RFQ731-002832,explosionApproval,A,FALSE_POSITIVE
RFQ731-001434,explosionApproval,A,FALSE_POSITIVE
RFQ731-002808,temperaturEingaenge,TT1,FALSE_POSITIVE
RFQ731-003275,waveInjector,FWI,FALSE_POSITIVE
RFQ731-001560,explosionApproval,A,FALSE_POSITIVE
RFQ731-001882,explosionApproval,A,FALSE_POSITIVE
RFQ731-001826,explosionApproval,A,FALSE_POSITIVE
RFQ731-001497,binaerOpenColl_MP,MP1,FALSE_POSITIVE
RFQ731-003347,explosionApproval,A,FALSE_POSITIVE
RFQ731-001325,certification,CN,FALSE_POSITIVE
RFQ731-000486,binaerOpenColl_MP,MP1,FALSE_POSITIVE
RFQ731-003564,explosionApproval,A,FALSE_POSITIVE
RFQ731-004018,binaerOpenColl_MP,MP1,FALSE_POSITIVE
RFQ731-004459,explosionApproval,A,FALSE_POSITIVE
RFQ731-004736,explosionApproval,A,FALSE_POSITIVE
RFQ731-000922,dynamicGasMaster,1,FALSE_POSITIVE
RFQ731-004294,explosionApproval,A,FALSE_POSITIVE
RFQ731-001030,temperaturEingaenge,TT1,FALSE_POSITIVE
RFQ731-000687,explosionApproval,A,FALSE_POSITIVE
RFQ731-004081,explosionApproval,A,FALSE_POSITIVE
RFQ731-002062,binaerOpenColl_MP,MP1,FALSE_POSITIVE
RFQ731-004970,binaerOpenColl_MP,MP1,FALSE_POSITIVE
RFQ731-000741,temperaturEingaenge,TT1,FALSE_POSITIVE
RFQ731-001720,temperaturEingaenge,TT1,FALSE_POSITIVE
RFQ731-003365,certification,CN,FALSE_POSITIVE
RFQ731-004485,certification,CN,FALSE_POSITIVE
RFQ731-001673,temperaturEingaenge,TT1,FALSE_POSITIVE
RFQ731-003701,waveInjector,FWI,FALSE_POSITIVE
RFQ731-002822,temperaturEingaenge,TT1,FALSE_POSITIVE
RFQ731-000970,binaerOpenColl_MP,MP1,FALSE_POSITIVE
RFQ731-003654,explosionApproval,A,FALSE_POSITIVE
RFQ731-004170,binaerOpenColl_MP,MP1,FALSE_POSITIVE
RFQ731-004146,explosionApproval,A,FALSE_POSITIVE
RFQ731-000536,explosionApproval,A,FALSE_POSITIVE
RFQ731-000785,dynamicGasMaster,1,FALSE_POSITIVE
RFQ731-000133,devCategory,F,FALSE_POSITIVE
RFQ731-002987,stromEingaenge,IS1,FALSE_POSITIVE
RFQ731-000160,explosionApproval,A,FALSE_POSITIVE
RFQ731-002623,explosionApproval,A,FALSE_POSITIVE
RFQ731-004694,binaerOpenColl_MP,MP1,FALSE_POSITIVE
RFQ731-002918,waveInjector,FWI,FALSE_POSITIVE
RFQ731-001707,temperaturEingaenge,TT1,FALSE_POSITIVE
RFQ731-001789,temperaturEingaenge,TT1,FALSE_POSITIVE
RFQ731-003217,waveInjector,FWI,FALSE_POSITIVE
RFQ731-000193,explosionApproval,A,FALSE_POSITIVE
RFQ731-003988,explosionApproval,A,FALSE_POSITIVE
RFQ731-004318,powerSupply,1,FALSE_POSITIVE
RFQ731-002575,temperaturEingaenge,TT1,FALSE_POSITIVE
RFQ731-003942,explosionApproval,A,FALSE_POSITIVE
RFQ731-000295,certification,CN,FALSE_POSITIVE
RFQ731-000916,dynamicGasMaster,1,FALSE_POSITIVE
RFQ731-001252,binaerOpenColl_MP,MP1,FALSE_POSITIVE
RFQ731-000906,binaerOpenColl_MP,MP1,FALSE_POSITIVE
RFQ731-004084,stromEingaenge,IS1,FALSE_POSITIVE
RFQ731-004368,binaerOpenColl_MP,MP1,FALSE_POSITIVE
RFQ731-004970,dev_advMeterVerification,1,FALSE_POSITIVE
RFQ731-003242,explosionApproval,A,FALSE_POSITIVE
RFQ731-001956,devCategory,G,FALSE_POSITIVE
RFQ731-002841,waveInjector,FWI,FALSE_POSITIVE
RFQ731-000985,certification,CN,FALSE_POSITIVE
RFQ731-001323,binaerOpenColl_MP,MP1,FALSE_POSITIVE
RFQ731-002663,explosionApproval,A,FALSE_POSITIVE
RFQ731-002294,explosionApproval,A,FALSE_POSITIVE
RFQ731-001874,binaerOpenColl_MP,MP1,FALSE_POSITIVE
RFQ731-002366,dynamicGasMaster,1,FALSE_POSITIVE
RFQ731-003451,explosionApproval,A,FALSE_POSITIVE
RFQ731-004043,waveInjector,FWI,FALSE_POSITIVE
RFQ731-003119,waveInjector,FWI,FALSE_POSITIVE
RFQ731-003622,explosionApproval,A,FALSE_POSITIVE
RFQ731-004976,explosionApproval,A,FALSE_POSITIVE
RFQ731-001859,explosionApproval,A,FALSE_POSITIVE
RFQ731-004973,waveInjector,FWI,FALSE_POSITIVE
RFQ731-004844,binaerOpenColl_MP,MP1,FALSE_POSITIVE
RFQ731-004675,certification,CN,FALSE_POSITIVE
RFQ731-001007,binaerDigitalOpenColl_MN,MN1,FALSE_POSITIVE
RFQ731-004492,explosionApproval,A,FALSE_POSITIVE
RFQ731-003469,waveInjector,FWI,FALSE_POSITIVE
RFQ731-001406,dev_advMeterVerification,1,FALSE_POSITIVE
RFQ731-004066,dynamicGasMaster,1,FALSE_POSITIVE
RFQ731-001429,explosionApproval,A,FALSE_POSITIVE
RFQ731-001997,dynamicGasMaster,1,FALSE_POSITIVE
RFQ731-004116,waveInjector,FWI,FALSE_POSITIVE
RFQ731-001285,binaerOpenColl_MP,MP1,FALSE_POSITIVE
RFQ731-000940,certification,CN,FALSE_POSITIVE
RFQ731-001320,certification,CN,FALSE_POSITIVE
RFQ731-001365,temperaturEingaenge,TT1,FALSE_POSITIVE
RFQ731-002627,binaerOpenColl_MP,MP1,FALSE_POSITIVE
RFQ731-003873,dynamicGasMaster,1,FALSE_POSITIVE
RFQ731-000003,binaerOpenColl_MP,MP1,FALSE_POSITIVE
RFQ731-004314,temperaturEingaenge,TT1,FALSE_POSITIVE
RFQ731-003455,temperaturEingaenge,TT1,FALSE_POSITIVE
RFQ731-004174,dynamicGasMaster,1,FALSE_POSITIVE
RFQ731-001119,binaerOpenColl_MP,MP1,FALSE_POSITIVE
RFQ731-003937,temperaturEingaenge,TT1,FALSE_POSITIVE
RFQ731-004119,binaerDigitalOpenColl_MN,MN2,FALSE_POSITIVE
RFQ731-001919,binaerOpenColl_MP,MP1,FALSE_POSITIVE
RFQ731-001443,waveInjector,FWI,FALSE_POSITIVE
RFQ731-004244,temperaturEingaenge,TT1,FALSE_POSITIVE
RFQ731-004035,binaerOpenColl_MP,MP1,FALSE_POSITIVE
RFQ731-003177,explosionApproval,A,FALSE_POSITIVE
RFQ731-000056,explosionApproval,A,FALSE_POSITIVE
RFQ731-001003,binaerOpenColl_MP,MP4,FALSE_POSITIVE
RFQ731-003837,explosionApproval,A,FALSE_POSITIVE
RFQ731-001381,temperaturEingaenge,TT1,FALSE_POSITIVE
RFQ731-004472,certification,CN,FALSE_POSITIVE
RFQ731-000660,explosionApproval,A,FALSE_POSITIVE
RFQ731-002010,binaerOpenColl_MP,MP1,FALSE_POSITIVE
RFQ731-002920,numberOfChannels,1,FALSE_POSITIVE
RFQ731-001028,explosionApproval,A,FALSE_POSITIVE
RFQ731-003028,explosionApproval,A,FALSE_POSITIVE
RFQ731-000024,stromEingaenge,IS1,FALSE_POSITIVE
RFQ731-000619,binaerOpenColl_MP,MP1,FALSE_POSITIVE
RFQ731-001650,certification,CN,FALSE_POSITIVE
RFQ731-001611,explosionApproval,A,FALSE_POSITIVE
RFQ731-004938,explosionApproval,A,FALSE_POSITIVE
RFQ731-002821,temperaturEingaenge,TT1,FALSE_POSITIVE
RFQ731-003493,binaerOpenColl_MP,MP1,FALSE_POSITIVE
RFQ731-004327,explosionApproval,A,FALSE_POSITIVE
RFQ731-001204,certification,CN,FALSE_POSITIVE
RFQ731-000914,temperaturEingaenge,TT1,FALSE_POSITIVE
RFQ731-001624,certification,CN,FALSE_POSITIVE
RFQ731-000125,powerSupply,1,FALSE_POSITIVE
RFQ731-002745,certification,CN,FALSE_POSITIVE
RFQ731-002061,binaerOpenColl_MP,MP1,FALSE_POSITIVE
RFQ731-000692,numberOfChannels,1,FALSE_POSITIVE
RFQ731-003571,binaerOpenColl_MP,MP1,FALSE_POSITIVE
RFQ731-001808,temperaturEingaenge,TT1,FALSE_POSITIVE
RFQ731-001027,temperaturEingaenge,TT1,FALSE_POSITIVE
RFQ731-001180,certification,CN,FALSE_POSITIVE
RFQ731-002328,binaerOpenColl_MP,MP1,FALSE_POSITIVE
RFQ731-000203,explosionApproval,A,FALSE_POSITIVE
RFQ731-001932,binaerOpenColl_MP,MP1,FALSE_POSITIVE
RFQ731-004107,binaerDigitalOpenColl_MN,MN2,FALSE_POSITIVE
RFQ731-000337,temperaturEingaenge,TT1,FALSE_POSITIVE
RFQ731-004105,temperaturEingaenge,TT1,FALSE_POSITIVE
RFQ731-001748,explosionApproval,A,FALSE_POSITIVE
RFQ731-001762,numberOfChannels,1,FALSE_POSITIVE
RFQ731-001755,dev_advMeterVerification,1,FALSE_POSITIVE
RFQ731-002252,certification,CN,FALSE_POSITIVE
RFQ731-002498,explosionApproval,A,FALSE_POSITIVE
RFQ731-003793,temperaturEingaenge,TT2,FALSE_POSITIVE
RFQ731-002124,certification,NN,FALSE_POSITIVE
RFQ731-004078,binaerOpenColl_MP,MP1,FALSE_POSITIVE
RFQ731-004479,explosionApproval,A,FALSE_POSITIVE
RFQ731-000780,temperaturEingaenge,TT1,FALSE_POSITIVE
RFQ731-003990,waveInjector,FWI,FALSE_POSITIVE
RFQ731-001203,explosionApproval,A,FALSE_POSITIVE
RFQ731-002931,temperaturEingaenge,TT1,FALSE_POSITIVE
RFQ731-004629,binaerOpenColl_MP,MP1,FALSE_POSITIVE
RFQ731-003569,stromEingaenge,IS1,FALSE_POSITIVE
RFQ731-000302,temperaturEingaenge,TT1,FALSE_POSITIVE
RFQ731-001800,explosionApproval,A,FALSE_POSITIVE
RFQ731-000706,binaerOpenColl_MP,MP1,FALSE_POSITIVE
RFQ731-004570,waveInjector,FWI,FALSE_POSITIVE
RFQ731-001009,explosionApproval,A,FALSE_POSITIVE
RFQ731-002472,dev_advMeterVerification,1,FALSE_POSITIVE
RFQ731-003393,certification,CN,FALSE_POSITIVE
RFQ731-002423,explosionApproval,A,FALSE_POSITIVE
RFQ731-004831,binaerOpenColl_MP,MP1,FALSE_POSITIVE
RFQ731-004888,explosionApproval,A,FALSE_POSITIVE
RFQ731-003511,explosionApproval,A,FALSE_POSITIVE
RFQ731-000582,temperaturEingaenge,TT1,FALSE_POSITIVE
RFQ731-003481,explosionApproval,A,FALSE_POSITIVE
RFQ731-004237,dynamicGasMaster,1,FALSE_POSITIVE
RFQ731-004210,waveInjector,FWI,FALSE_POSITIVE
RFQ731-003159,temperaturEingaenge,TT1,FALSE_POSITIVE
RFQ731-003377,certification,NN,FALSE_POSITIVE
RFQ731-004672,explosionApproval,A,FALSE_POSITIVE
RFQ731-001123,explosionApproval,A,FALSE_POSITIVE
RFQ731-003404,explosionApproval,A,FALSE_POSITIVE
RFQ731-003973,explosionApproval,A,FALSE_POSITIVE
RFQ731-004918,explosionApproval,A,FALSE_POSITIVE
RFQ731-004147,stromEingaenge,IS1,FALSE_POSITIVE
RFQ731-003792,binaerOpenColl_MP,MP1,FALSE_POSITIVE
RFQ731-003545,certification,CN,FALSE_POSITIVE
RFQ731-004279,stromSchaltbar,CS1,FALSE_POSITIVE
RFQ731-003590,explosionApproval,A,FALSE_POSITIVE
RFQ731-004505,waveInjector,FWI,FALSE_POSITIVE
RFQ731-004062,explosionApproval,A,FALSE_POSITIVE
RFQ731-004276,dynamicGasMaster,1,FALSE_POSITIVE
RFQ731-002594,certification,CN,FALSE_POSITIVE
RFQ731-003470,temperaturEingaenge,TT1,FALSE_POSITIVE
RFQ731-004211,stromSchaltbar,CS1,FALSE_POSITIVE
RFQ731-000190,waveInjector,FWI,FALSE_POSITIVE
RFQ731-003433,binaerOpenColl_MP,MP1,FALSE_POSITIVE
RFQ731-004778,explosionApproval,A,FALSE_POSITIVE
RFQ731-004431,explosionApproval,A,FALSE_POSITIVE
RFQ731-000997,binaerOpenColl_MP,MP1,FALSE_POSITIVE
RFQ731-001546,devCategory,G,FALSE_POSITIVE
RFQ731-003832,explosionApproval,A,FALSE_POSITIVE
RFQ731-004562,temperaturEingaenge,TT1,FALSE_POSITIVE
RFQ731-001140,binaerOpenColl_MP,MP1,FALSE_POSITIVE
RFQ731-002830,explosionApproval,A,FALSE_POSITIVE
RFQ731-004215,temperaturEingaenge,TT1,FALSE_POSITIVE
RFQ731-002910,explosionApproval,A,FALSE_POSITIVE
RFQ731-000326,waveInjector,FWI,FALSE_POSITIVE
RFQ731-004964,temperaturEingaenge,TT1,FALSE_POSITIVE
RFQ731-001818,explosionApproval,A,FALSE_POSITIVE
RFQ731-003624,dynamicGasMaster,1,FALSE_POSITIVE
RFQ731-003030,waveInjector,FWI,FALSE_POSITIVE
RFQ731-002666,waveInjector,FWI,FALSE_POSITIVE
RFQ731-001865,certification,NN,FALSE_POSITIVE
RFQ731-001574,temperaturEingaenge,TT1,FALSE_POSITIVE
RFQ731-004880,stromSchaltbar,CS1,FALSE_POSITIVE
RFQ731-004566,binaerOpenColl_MP,MP1,FALSE_POSITIVE
RFQ731-003783,temperaturEingaenge,TT1,FALSE_POSITIVE
RFQ731-003975,temperaturEingaenge,TT1,FALSE_POSITIVE
RFQ731-003795,certification,CN,FALSE_POSITIVE
RFQ731-001715,dynamicGasMaster,1,FALSE_POSITIVE
RFQ731-001582,waveInjector,FWI,FALSE_POSITIVE
RFQ731-001403,dev_advMeterVerification,1,FALSE_POSITIVE
RFQ731-002370,dynamicGasMaster,1,FALSE_POSITIVE
RFQ731-002150,waveInjector,FWI,FALSE_POSITIVE
RFQ731-004561,certification,CN,FALSE_POSITIVE
RFQ731-002527,binaerOpenColl_MP,MP1,FALSE_POSITIVE
RFQ731-003561,certification,CN,FALSE_POSITIVE
RFQ731-004008,explosionApproval,A,FALSE_POSITIVE
RFQ731-004863,temperaturEingaenge,TT1,FALSE_POSITIVE
RFQ731-002285,explosionApproval,A,FALSE_POSITIVE
RFQ731-000828,stromEingaenge,IS1,FALSE_POSITIVE
RFQ731-001476,explosionApproval,A,FALSE_POSITIVE
RFQ731-002248,temperaturEingaenge,TT1,FALSE_POSITIVE
RFQ731-000984,waveInjector,FWI,FALSE_POSITIVE
RFQ731-001139,temperaturEingaenge,TT1,FALSE_POSITIVE
RFQ731-002008,explosionApproval,A,FALSE_POSITIVE
RFQ731-001301,binaerOpenColl_MP,MP1,FALSE_POSITIVE
RFQ731-001489,dynamicGasMaster,1,FALSE_POSITIVE
RFQ731-000728,numberOfChannels,1,FALSE_POSITIVE
RFQ731-000483,explosionApproval,A,FALSE_POSITIVE
RFQ731-004587,binaerOpenColl_MP,MP1,FALSE_POSITIVE
RFQ731-002332,binaerOpenColl_MP,MP1,FALSE_POSITIVE
RFQ731-003759,temperaturEingaenge,TT1,FALSE_POSITIVE
RFQ731-004326,explosionApproval,A,FALSE_POSITIVE
RFQ731-004385,binaerOpenColl_MP,MP1,FALSE_POSITIVE
RFQ731-001286,certification,CN,FALSE_POSITIVE
RFQ731-004864,binaerOpenColl_MP,MP1,FALSE_POSITIVE
RFQ731-004735,binaerOpenColl_MP,MP1,FALSE_POSITIVE
RFQ731-004298,explosionApproval,A,FALSE_POSITIVE
RFQ731-003043,explosionApproval,A,FALSE_POSITIVE
RFQ731-001097,temperaturEingaenge,TT1,FALSE_POSITIVE
RFQ731-001142,explosionApproval,A,FALSE_POSITIVE
RFQ731-003509,explosionApproval,A,FALSE_POSITIVE
RFQ731-003397,certification,NN,FALSE_POSITIVE
RFQ731-003343,explosionApproval,A,FALSE_POSITIVE
RFQ731-003708,explosionApproval,A,FALSE_POSITIVE
RFQ731-001333,certification,CN,FALSE_POSITIVE
RFQ731-000440,explosionApproval,A,FALSE_POSITIVE
RFQ731-000826,explosionApproval,A,FALSE_POSITIVE
RFQ731-002569,certification,CN,FALSE_POSITIVE
RFQ731-001334,temperaturEingaenge,TT1,FALSE_POSITIVE
RFQ731-000702,temperaturEingaenge,TT1,FALSE_POSITIVE
RFQ731-003518,binaerOpenColl_MP,MP1,FALSE_POSITIVE
RFQ731-002181,dynamicGasMaster,1,FALSE_POSITIVE
RFQ731-003510,binaerOpenColl_MP,MP1,FALSE_POSITIVE
RFQ731-002418,explosionApproval,A,FALSE_POSITIVE
RFQ731-001674,binaerOpenColl_MP,MP1,FALSE_POSITIVE
RFQ731-001839,binaerOpenColl_MP,MP1,FALSE_POSITIVE
RFQ731-000309,explosionApproval,A,FALSE_POSITIVE
RFQ731-004897,dynamicGasMaster,1,FALSE_POSITIVE
RFQ731-001325,dev_advMeterVerification,1,FALSE_POSITIVE
RFQ731-001477,explosionApproval,A,FALSE_POSITIVE
RFQ731-003919,explosionApproval,A,FALSE_POSITIVE
RFQ731-003027,certification,CN,FALSE_POSITIVE
RFQ731-002027,temperaturEingaenge,TT1,FALSE_POSITIVE
RFQ731-000431,explosionApproval,A,FALSE_POSITIVE
RFQ731-001424,explosionApproval,A,FALSE_POSITIVE
RFQ731-002076,explosionApproval,A,FALSE_POSITIVE
RFQ731-000295,binaerOpenColl_MP,MP1,FALSE_POSITIVE
RFQ731-004566,devCategory,F,FALSE_POSITIVE
RFQ731-004841,dynamicGasMaster,1,FALSE_POSITIVE
RFQ731-004584,explosionApproval,A,FALSE_POSITIVE
RFQ731-003827,binaerOpenColl_MP,MP1,FALSE_POSITIVE
RFQ731-002201,certification,CN,FALSE_POSITIVE
RFQ731-003388,certification,CN,FALSE_POSITIVE
RFQ731-003701,explosionApproval,A,FALSE_POSITIVE
RFQ731-000069,dev_advMeterVerification,1,FALSE_POSITIVE
RFQ731-004219,waveInjector,FWI,FALSE_POSITIVE
RFQ731-004222,explosionApproval,A,FALSE_POSITIVE
RFQ731-000093,binaerOpenColl_MP,MP1,FALSE_POSITIVE
RFQ731-001237,explosionApproval,A,FALSE_POSITIVE
RFQ731-000418,explosionApproval,A,FALSE_POSITIVE
RFQ731-000264,stromEingaenge,IS1,FALSE_POSITIVE
RFQ731-000272,dynamicGasMaster,1,FALSE_POSITIVE
RFQ731-004517,explosionApproval,A,FALSE_POSITIVE
RFQ731-004848,dynamicGasMaster,1,FALSE_POSITIVE
RFQ731-002361,explosionApproval,A,FALSE_POSITIVE
RFQ731-004418,temperaturEingaenge,TT1,FALSE_POSITIVE
RFQ731-000892,binaerOpenColl_MP,MP4,FALSE_POSITIVE
RFQ731-003522,temperaturEingaenge,TT1,FALSE_POSITIVE
RFQ731-003629,explosionApproval,A,FALSE_POSITIVE
RFQ731-002813,binaerOpenColl_MP,MP1,FALSE_POSITIVE
RFQ731-004674,explosionApproval,A,FALSE_POSITIVE
RFQ731-003891,explosionApproval,A,FALSE_POSITIVE
RFQ731-003086,certification,CN,FALSE_POSITIVE
RFQ731-003641,dynamicGasMaster,1,FALSE_POSITIVE
RFQ731-001581,temperaturEingaenge,TT1,FALSE_POSITIVE
RFQ731-000885,explosionApproval,A,FALSE_POSITIVE
RFQ731-001205,temperaturEingaenge,TT1,FALSE_POSITIVE
RFQ731-001029,certification,CN,FALSE_POSITIVE
RFQ731-002612,temperaturEingaenge,TT1,FALSE_POSITIVE
RFQ731-004640,explosionApproval,A,FALSE_POSITIVE
RFQ731-000964,explosionApproval,A,FALSE_POSITIVE
RFQ731-004127,certification,CN,FALSE_POSITIVE
RFQ731-004089,explosionApproval,A,FALSE_POSITIVE
RFQ731-004871,temperaturEingaenge,TT1,FALSE_POSITIVE
RFQ731-003647,explosionApproval,A,FALSE_POSITIVE
RFQ731-004373,certification,CN,FALSE_POSITIVE
RFQ731-004374,binaerOpenColl_MP,MP1,FALSE_POSITIVE
RFQ731-004812,explosionApproval,A,FALSE_POSITIVE
RFQ731-000048,temperaturEingaenge,TT1,FALSE_POSITIVE
RFQ731-003438,certification,CN,FALSE_POSITIVE
RFQ731-004299,binaerOpenColl_MP,MP1,FALSE_POSITIVE
RFQ731-004763,binaerOpenColl_MP,MP1,FALSE_POSITIVE
RFQ731-002033,certification,CN,FALSE_POSITIVE
RFQ731-004320,temperaturEingaenge,TT1,FALSE_POSITIVE
RFQ731-004939,certification,CN,FALSE_POSITIVE
RFQ731-003667,certification,CN,FALSE_POSITIVE
RFQ731-003095,explosionApproval,A,FALSE_POSITIVE
RFQ731-000711,explosionApproval,A,FALSE_POSITIVE
RFQ731-002310,temperaturEingaenge,TT1,FALSE_POSITIVE
RFQ731-004053,binaerOpenColl_MP,MP1,FALSE_POSITIVE
RFQ731-002406,temperaturEingaenge,TT1,FALSE_POSITIVE
RFQ731-004987,certification,CN,FALSE_POSITIVE
RFQ731-001747,waveInjector,FWI,FALSE_POSITIVE
RFQ731-004047,certification,CN,FALSE_POSITIVE
RFQ731-004696,explosionApproval,A,FALSE_POSITIVE
RFQ731-003378,binaerOpenColl_MP,MP1,FALSE_POSITIVE
RFQ731-004564,waveInjector,FWI,FALSE_POSITIVE
RFQ731-001603,explosionApproval,A,FALSE_POSITIVE
RFQ731-002729,explosionApproval,A,FALSE_POSITIVE
RFQ731-001943,waveInjector,FWI,FALSE_POSITIVE
RFQ731-002173,binaerOpenColl_MP,MP1,FALSE_POSITIVE
RFQ731-003697,dev_advMeterVerification,1,FALSE_POSITIVE
RFQ731-000439,explosionApproval,A,FALSE_POSITIVE
RFQ731-004518,dynamicGasMaster,1,FALSE_POSITIVE
RFQ731-001520,explosionApproval,A,FALSE_POSITIVE
RFQ731-003017,temperaturEingaenge,TT1,FALSE_POSITIVE
RFQ731-003183,explosionApproval,A,FALSE_POSITIVE
RFQ731-003917,binaerOpenColl_MP,MP1,FALSE_POSITIVE
RFQ731-004218,dynamicGasMaster,1,FALSE_POSITIVE
RFQ731-004113,binaerOpenColl_MP,MP1,FALSE_POSITIVE
RFQ731-001510,explosionApproval,A,FALSE_POSITIVE
RFQ731-000612,explosionApproval,A,FALSE_POSITIVE
RFQ731-000020,binaerOpenColl_MP,MP1,FALSE_POSITIVE
RFQ731-004159,binaerDigitalOpenColl_MN,MN2,FALSE_POSITIVE
RFQ731-001952,dynamicGasMaster,1,FALSE_POSITIVE
RFQ731-000718,explosionApproval,A,FALSE_POSITIVE
RFQ731-002688,explosionApproval,A,FALSE_POSITIVE
RFQ731-001303,binaerOpenColl_MP,MP1,FALSE_POSITIVE
RFQ731-002189,explosionApproval,A,FALSE_POSITIVE
RFQ731-003483,devCategory,F,FALSE_POSITIVE
RFQ731-001738,temperaturEingaenge,TT1,FALSE_POSITIVE
RFQ731-003346,certification,CN,FALSE_POSITIVE
RFQ731-002937,binaerOpenColl_MP,MP1,FALSE_POSITIVE
RFQ731-000566,certification,CN,FALSE_POSITIVE
RFQ731-004755,powerSupply,1,FALSE_POSITIVE
RFQ731-004528,waveInjector,FWI,FALSE_POSITIVE
RFQ731-002901,temperaturEingaenge,TT1,FALSE_POSITIVE
RFQ731-002807,explosionApproval,A,FALSE_POSITIVE
RFQ731-000371,explosionApproval,A,FALSE_POSITIVE
RFQ731-002158,explosionApproval,A,FALSE_POSITIVE
RFQ731-000421,explosionApproval,A,FALSE_POSITIVE
RFQ731-000715,waveInjector,FWI,FALSE_POSITIVE
RFQ731-003955,explosionApproval,A,FALSE_POSITIVE
RFQ731-002589,numberOfChannels,1,FALSE_POSITIVE
RFQ731-003330,stromSchaltbar,CS1,FALSE_POSITIVE
RFQ731-003008,dynamicGasMaster,1,FALSE_POSITIVE
RFQ731-003057,explosionApproval,A,FALSE_POSITIVE
RFQ731-002788,temperaturEingaenge,TT1,FALSE_POSITIVE
RFQ731-003660,waveInjector,FWI,FALSE_POSITIVE
RFQ731-002144,explosionApproval,A,FALSE_POSITIVE
RFQ731-004721,certification,CN,FALSE_POSITIVE
RFQ731-004709,binaerOpenColl_MP,MP1,FALSE_POSITIVE
RFQ731-002888,temperaturEingaenge,TT1,FALSE_POSITIVE
RFQ731-002990,explosionApproval,A,FALSE_POSITIVE
RFQ731-001404,temperaturEingaenge,TT1,FALSE_POSITIVE
RFQ731-002073,explosionApproval,A,FALSE_POSITIVE
RFQ731-000231,explosionApproval,A,FALSE_POSITIVE
RFQ731-000316,waveInjector,FWI,FALSE_POSITIVE
RFQ731-000427,waveInjector,FWI,FALSE_POSITIVE
RFQ731-004514,binaerDigitalOpenColl_MN,MN1,FALSE_POSITIVE
RFQ731-000890,explosionApproval,A,FALSE_POSITIVE
RFQ731-001471,temperaturEingaenge,TT1,FALSE_POSITIVE
RFQ731-004860,dynamicGasMaster,1,FALSE_POSITIVE
RFQ731-003266,explosionApproval,A,FALSE_POSITIVE
RFQ731-003089,explosionApproval,A,FALSE_POSITIVE
RFQ731-004594,waveInjector,FWI,FALSE_POSITIVE
RFQ731-001107,explosionApproval,A,FALSE_POSITIVE
RFQ731-003179,binaerOpenColl_MP,MP1,FALSE_POSITIVE
RFQ731-002461,temperaturEingaenge,TT1,FALSE_POSITIVE
RFQ731-004839,explosionApproval,A,FALSE_POSITIVE
RFQ731-001350,temperaturEingaenge,TT1,FALSE_POSITIVE
RFQ731-001086,explosionApproval,A,FALSE_POSITIVE
RFQ731-003756,explosionApproval,A,FALSE_POSITIVE
RFQ731-000762,certification,CN,FALSE_POSITIVE
RFQ731-001879,temperaturEingaenge,TT1,FALSE_POSITIVE
RFQ731-003854,certification,CN,FALSE_POSITIVE
RFQ731-000691,certification,CN,FALSE_POSITIVE
RFQ731-004207,dynamicGasMaster,1,FALSE_POSITIVE
RFQ731-001552,binaerOpenColl_MP,MP1,FALSE_POSITIVE
RFQ731-000135,binaerOpenColl_MP,MP1,FALSE_POSITIVE
RFQ731-002492,binaerOpenColl_MP,MP1,FALSE_POSITIVE
RFQ731-000381,binaerOpenColl_MP,MP1,FALSE_POSITIVE
RFQ731-002291,temperaturEingaenge,TT1,FALSE_POSITIVE
RFQ731-001154,explosionApproval,A,FALSE_POSITIVE
RFQ731-002339,binaerOpenColl_MP,MP1,FALSE_POSITIVE
RFQ731-002538,explosionApproval,A,FALSE_POSITIVE
RFQ731-004033,certification,CN,FALSE_POSITIVE
RFQ731-000846,dynamicGasMaster,1,FALSE_POSITIVE
RFQ731-003877,temperaturEingaenge,TT1,FALSE_POSITIVE
RFQ731-002081,binaerOpenColl_MP,MP1,FALSE_POSITIVE
RFQ731-002754,temperaturEingaenge,TT1,FALSE_POSITIVE
RFQ731-004015,explosionApproval,A,FALSE_POSITIVE
RFQ731-003686,devCategory,F,FALSE_POSITIVE
RFQ731-000042,binaerOpenColl_MP,MP1,FALSE_POSITIVE
RFQ731-003465,dynamicGasMaster,1,FALSE_POSITIVE
RFQ731-002035,dev_advMeterVerification,1,FALSE_POSITIVE
RFQ731-004369,temperaturEingaenge,TT1,FALSE_POSITIVE
RFQ731-004147,temperaturEingaenge,TT1,FALSE_POSITIVE
RFQ731-003904,certification,CN,FALSE_POSITIVE
RFQ731-000949,temperaturEingaenge,TT1,FALSE_POSITIVE
RFQ731-002825,certification,NN,FALSE_POSITIVE
RFQ731-000600,temperaturEingaenge,TT1,FALSE_POSITIVE
RFQ731-000717,temperaturEingaenge,TT1,FALSE_POSITIVE
RFQ731-001511,binaerOpenColl_MP,MP1,FALSE_POSITIVE
RFQ731-002767,binaerDigitalOpenColl_MN,MN2,FALSE_POSITIVE
RFQ731-001811,explosionApproval,A,FALSE_POSITIVE
RFQ731-002893,binaerOpenColl_MP,MP1,FALSE_POSITIVE
RFQ731-003462,dev_advMeterVerification,1,FALSE_POSITIVE
RFQ731-001867,devCategory,F,FALSE_POSITIVE
RFQ731-001582,explosionApproval,A,FALSE_POSITIVE
RFQ731-001670,temperaturEingaenge,TT1,FALSE_POSITIVE
RFQ731-004258,explosionApproval,A,FALSE_POSITIVE
RFQ731-001037,certification,CN,FALSE_POSITIVE
RFQ731-002150,explosionApproval,A,FALSE_POSITIVE
RFQ731-001439,binaerOpenColl_MP,MP1,FALSE_POSITIVE
RFQ731-002949,certification,CN,FALSE_POSITIVE
RFQ731-000273,binaerOpenColl_MP,MP1,FALSE_POSITIVE
RFQ731-001773,numberOfChannels,1,FALSE_POSITIVE
RFQ731-004621,explosionApproval,A,FALSE_POSITIVE
RFQ731-001751,binaerOpenColl_MP,MP1,FALSE_POSITIVE
RFQ731-002315,certification,CN,FALSE_POSITIVE
RFQ731-003377,waveInjector,FWI,FALSE_POSITIVE
RFQ731-003923,certification,CN,FALSE_POSITIVE
RFQ731-004958,certification,CN,FALSE_POSITIVE
RFQ731-003711,temperaturEingaenge,TT1,FALSE_POSITIVE
RFQ731-000798,certification,CN,FALSE_POSITIVE
RFQ731-000984,explosionApproval,A,FALSE_POSITIVE
RFQ731-001423,temperaturEingaenge,TT1,FALSE_POSITIVE
RFQ731-004119,temperaturEingaenge,TT1,FALSE_POSITIVE
RFQ731-000653,certification,NN,FALSE_POSITIVE
RFQ731-002883,dynamicGasMaster,1,FALSE_POSITIVE
RFQ731-004317,binaerOpenColl_MP,MP1,FALSE_POSITIVE
RFQ731-001711,explosionApproval,A,FALSE_POSITIVE
RFQ731-003145,explosionApproval,A,FALSE_POSITIVE
RFQ731-004859,binaerOpenColl_MP,MP1,FALSE_POSITIVE
RFQ731-003546,certification,CN,FALSE_POSITIVE
RFQ731-000888,waveInjector,FWI,FALSE_POSITIVE
RFQ731-003195,temperaturEingaenge,TT1,FALSE_POSITIVE
RFQ731-000359,binaerOpenColl_MP,MP4,FALSE_POSITIVE
RFQ731-000682,numberOfChannels,1,FALSE_POSITIVE
RFQ731-004577,explosionApproval,A,FALSE_POSITIVE
RFQ731-004809,certification,CN,FALSE_POSITIVE
RFQ731-004455,binaerOpenColl_MP,MP1,FALSE_POSITIVE
RFQ731-000136,binaerOpenColl_MP,MP1,FALSE_POSITIVE
RFQ731-004603,waveInjector,FWI,FALSE_POSITIVE
RFQ731-002794,certification,CN,FALSE_POSITIVE
RFQ731-000827,certification,CN,FALSE_POSITIVE
RFQ731-004446,binaerDigitalOpenColl_MN,MN1,FALSE_POSITIVE
RFQ731-004171,explosionApproval,A,FALSE_POSITIVE
RFQ731-002455,waveInjector,FWI,FALSE_POSITIVE
RFQ731-003165,explosionApproval,A,FALSE_POSITIVE
RFQ731-002935,devCategory,G,FALSE_POSITIVE
RFQ731-001974,dynamicGasMaster,1,FALSE_POSITIVE
RFQ731-001612,binaerOpenColl_MP,MP1,FALSE_POSITIVE
RFQ731-002345,waveInjector,FWI,FALSE_POSITIVE
RFQ731-003153,temperaturEingaenge,TT1,FALSE_POSITIVE
RFQ731-000633,explosionApproval,A,FALSE_POSITIVE
RFQ731-002123,numberOfChannels,1,FALSE_POSITIVE
RFQ731-003514,explosionApproval,A,FALSE_POSITIVE
RFQ731-000848,temperaturEingaenge,TT1,FALSE_POSITIVE
RFQ731-003090,binaerOpenColl_MP,MP1,FALSE_POSITIVE
RFQ731-003000,binaerOpenColl_MP,MP4,FALSE_POSITIVE
RFQ731-001538,explosionApproval,A,FALSE_POSITIVE
RFQ731-001173,explosionApproval,A,FALSE_POSITIVE
RFQ731-004708,temperaturEingaenge,TT1,FALSE_POSITIVE
RFQ731-002545,dynamicGasMaster,1,FALSE_POSITIVE
RFQ731-001591,waveInjector,FWI,FALSE_POSITIVE
RFQ731-003104,explosionApproval,A,FALSE_POSITIVE
RFQ731-003947,explosionApproval,A,FALSE_POSITIVE
RFQ731-001258,certification,CN,FALSE_POSITIVE
RFQ731-004837,explosionApproval,A,FALSE_POSITIVE
RFQ731-004705,certification,CN,FALSE_POSITIVE
RFQ731-000338,binaerOpenColl_MP,MP1,FALSE_POSITIVE
RFQ731-000282,stromEingaenge,IS1,FALSE_POSITIVE
RFQ731-004940,binaerOpenColl_MP,MP1,FALSE_POSITIVE
RFQ731-000178,certification,CN,FALSE_POSITIVE
RFQ731-003345,explosionApproval,A,FALSE_POSITIVE
RFQ731-002117,waveInjector,FWI,FALSE_POSITIVE
RFQ731-003771,binaerOpenColl_MP,MP1,FALSE_POSITIVE
RFQ731-001498,certification,CN,FALSE_POSITIVE
RFQ731-004773,explosionApproval,A,FALSE_POSITIVE
RFQ731-004449,certification,CN,FALSE_POSITIVE
RFQ731-000348,temperaturEingaenge,TT1,FALSE_POSITIVE
RFQ731-001863,dev_advMeterVerification,1,FALSE_POSITIVE
RFQ731-002413,explosionApproval,A,FALSE_POSITIVE
RFQ731-001915,binaerOpenColl_MP,MP1,FALSE_POSITIVE
RFQ731-001827,binaerOpenColl_MP,MP1,FALSE_POSITIVE
RFQ731-003886,waveInjector,FWI,FALSE_POSITIVE
RFQ731-004379,devCategory,F,FALSE_POSITIVE
RFQ731-003649,dev_advMeterVerification,1,FALSE_POSITIVE
RFQ731-002316,dev_advMeterVerification,1,FALSE_POSITIVE
RFQ731-000839,waveInjector,FWI,FALSE_POSITIVE
RFQ731-001400,explosionApproval,A,FALSE_POSITIVE
RFQ731-001279,waveInjector,FWI,FALSE_POSITIVE
RFQ731-003269,temperaturEingaenge,TT1,FALSE_POSITIVE
RFQ731-004385,numberOfChannels,1,FALSE_POSITIVE
RFQ731-001175,temperaturEingaenge,TT1,FALSE_POSITIVE
RFQ731-004994,temperaturEingaenge,TT1,FALSE_POSITIVE
RFQ731-002222,binaerDigitalOpenColl_MN,MN2,FALSE_POSITIVE
RFQ731-003969,waveInjector,FWI,FALSE_POSITIVE
RFQ731-001834,explosionApproval,A,FALSE_POSITIVE
RFQ731-004644,explosionApproval,A,FALSE_POSITIVE
RFQ731-003490,explosionApproval,A,FALSE_POSITIVE
RFQ731-001207,temperaturEingaenge,TT1,FALSE_POSITIVE
RFQ731-000088,temperaturEingaenge,TT1,FALSE_POSITIVE
RFQ731-000950,explosionApproval,A,FALSE_POSITIVE
RFQ731-003665,dynamicGasMaster,1,FALSE_POSITIVE
RFQ731-003922,explosionApproval,A,FALSE_POSITIVE
RFQ731-000621,explosionApproval,A,FALSE_POSITIVE
RFQ731-004661,explosionApproval,A,FALSE_POSITIVE
RFQ731-001790,binaerOpenColl_MP,MP1,FALSE_POSITIVE
RFQ731-000687,waveInjector,FWI,FALSE_POSITIVE
RFQ731-003655,temperaturEingaenge,TT1,FALSE_POSITIVE
RFQ731-000103,dynamicGasMaster,1,FALSE_POSITIVE
RFQ731-000545,waveInjector,FWI,FALSE_POSITIVE
RFQ731-001519,stromEingaenge,IS1,FALSE_POSITIVE
RFQ731-003682,waveInjector,FWI,FALSE_POSITIVE
RFQ731-002023,binaerOpenColl_MP,MP1,FALSE_POSITIVE
RFQ731-002453,dynamicGasMaster,1,FALSE_POSITIVE
RFQ731-004540,binaerOpenColl_MP,MP1,FALSE_POSITIVE
RFQ731-003178,explosionApproval,A,FALSE_POSITIVE
RFQ731-000156,binaerOpenColl_MP,MP1,FALSE_POSITIVE
RFQ731-001390,temperaturEingaenge,TT1,FALSE_POSITIVE
RFQ731-002292,stromSchaltbar,CS1,FALSE_POSITIVE
RFQ731-003912,explosionApproval,A,FALSE_POSITIVE
RFQ731-004926,dynamicGasMaster,1,FALSE_POSITIVE
RFQ731-002003,binaerOpenColl_MP,MP1,FALSE_POSITIVE
RFQ731-001841,explosionApproval,A,FALSE_POSITIVE
RFQ731-004933,explosionApproval,A,FALSE_POSITIVE
RFQ731-003408,certification,CN,FALSE_POSITIVE
RFQ731-004982,certification,CN,FALSE_POSITIVE
RFQ731-000655,binaerOpenColl_MP,MP1,FALSE_POSITIVE
RFQ731-001454,temperaturEingaenge,TT1,FALSE_POSITIVE
RFQ731-000327,certification,CN,FALSE_POSITIVE
RFQ731-000121,explosionApproval,A,FALSE_POSITIVE
RFQ731-001075,binaerOpenColl_MP,MP1,FALSE_POSITIVE
RFQ731-004342,temperaturEingaenge,TT1,FALSE_POSITIVE
RFQ731-000269,explosionApproval,A,FALSE_POSITIVE
RFQ731-004337,binaerOpenColl_MP,MP1,FALSE_POSITIVE
RFQ731-001700,temperaturEingaenge,TT1,FALSE_POSITIVE
RFQ731-001124,explosionApproval,A,FALSE_POSITIVE
RFQ731-003738,explosionApproval,A,FALSE_POSITIVE
RFQ731-002226,dev_advMeterVerification,1,FALSE_POSITIVE
RFQ731-003397,waveInjector,FWI,FALSE_POSITIVE
RFQ731-002081,certification,CN,FALSE_POSITIVE
RFQ731-003298,explosionApproval,A,FALSE_POSITIVE
RFQ731-003109,dynamicGasMaster,1,FALSE_POSITIVE
RFQ731-003699,explosionApproval,A,FALSE_POSITIVE
RFQ731-004732,explosionApproval,A,FALSE_POSITIVE
RFQ731-000914,stromEingaenge,IS1,FALSE_POSITIVE
RFQ731-000962,explosionApproval,A,FALSE_POSITIVE
RFQ731-001654,devCategory,F,FALSE_POSITIVE
RFQ731-003637,binaerOpenColl_MP,MP1,FALSE_POSITIVE
RFQ731-002137,explosionApproval,A,FALSE_POSITIVE
RFQ731-001878,explosionApproval,A,FALSE_POSITIVE
RFQ731-001966,certification,CN,FALSE_POSITIVE
RFQ731-002218,dynamicGasMaster,1,FALSE_POSITIVE
RFQ731-000317,binaerOpenColl_MP,MP1,FALSE_POSITIVE
RFQ731-002944,explosionApproval,A,FALSE_POSITIVE
RFQ731-003596,binaerOpenColl_MP,MP1,FALSE_POSITIVE
RFQ731-001291,binaerDigitalOpenColl_MN,MN2,FALSE_POSITIVE
RFQ731-000751,explosionApproval,A,FALSE_POSITIVE
RFQ731-003644,explosionApproval,A,FALSE_POSITIVE
RFQ731-002097,explosionApproval,A,FALSE_POSITIVE
RFQ731-003198,dynamicGasMaster,1,FALSE_POSITIVE
RFQ731-001762,binaerOpenColl_MP,MP1,FALSE_POSITIVE
RFQ731-003307,waveInjector,FWI,FALSE_POSITIVE
RFQ731-000008,explosionApproval,A,FALSE_POSITIVE
RFQ731-003139,dynamicGasMaster,1,FALSE_POSITIVE
RFQ731-000756,explosionApproval,A,FALSE_POSITIVE
RFQ731-002454,waveInjector,FWI,FALSE_POSITIVE
RFQ731-000594,explosionApproval,A,FALSE_POSITIVE
RFQ731-000859,explosionApproval,A,FALSE_POSITIVE
RFQ731-004042,dynamicGasMaster,1,FALSE_POSITIVE
RFQ731-001503,binaerOpenColl_MP,MP1,FALSE_POSITIVE
RFQ731-000386,temperaturEingaenge,TT1,FALSE_POSITIVE
RFQ731-000400,explosionApproval,A,FALSE_POSITIVE
RFQ731-001523,temperaturEingaenge,TT1,FALSE_POSITIVE
RFQ731-004288,certification,CN,FALSE_POSITIVE
RFQ731-004814,binaerOpenColl_MP,MP1,FALSE_POSITIVE
RFQ731-004912,explosionApproval,A,FALSE_POSITIVE
RFQ731-001855,binaerOpenColl_MP,MP1,FALSE_POSITIVE
RFQ731-002811,waveInjector,FWI,FALSE_POSITIVE
RFQ731-000557,certification,CN,FALSE_POSITIVE
RFQ731-004806,certification,CN,FALSE_POSITIVE
RFQ731-004980,dev_advMeterVerification,1,FALSE_POSITIVE
RFQ731-001187,binaerOpenColl_MP,MP1,FALSE_POSITIVE
RFQ731-003787,waveInjector,FWI,FALSE_POSITIVE
RFQ731-000316,explosionApproval,A,FALSE_POSITIVE
RFQ731-003876,dynamicGasMaster,1,FALSE_POSITIVE
RFQ731-004021,waveInjector,FWI,FALSE_POSITIVE
RFQ731-000842,binaerOpenColl_MP,MP1,FALSE_POSITIVE
RFQ731-003488,explosionApproval,A,FALSE_POSITIVE
RFQ731-000960,explosionApproval,A,FALSE_POSITIVE
RFQ731-002775,stromSchaltbar,CS1,FALSE_POSITIVE
RFQ731-000837,stromEingaenge,IS1,FALSE_POSITIVE
RFQ731-001152,explosionApproval,A,FALSE_POSITIVE
RFQ731-000603,dynamicGasMaster,1,FALSE_POSITIVE
RFQ731-000662,binaerDigitalOpenColl_MN,MN1,FALSE_POSITIVE
RFQ731-004496,explosionApproval,A,FALSE_POSITIVE
RFQ731-000464,temperaturEingaenge,TT1,FALSE_POSITIVE
RFQ731-002173,numberOfChannels,1,FALSE_POSITIVE
RFQ731-001944,stromEingaenge,IS1,FALSE_POSITIVE
RFQ731-002942,explosionApproval,A,FALSE_POSITIVE
RFQ731-001573,explosionApproval,A,FALSE_POSITIVE
RFQ731-002686,certification,CN,FALSE_POSITIVE
RFQ731-002307,temperaturEingaenge,TT1,FALSE_POSITIVE
RFQ731-003124,binaerOpenColl_MP,MP1,FALSE_POSITIVE
RFQ731-000924,explosionApproval,A,FALSE_POSITIVE
RFQ731-001366,explosionApproval,A,FALSE_POSITIVE
RFQ731-002298,binaerOpenColl_MP,MP1,FALSE_POSITIVE
RFQ731-001709,temperaturEingaenge,TT1,FALSE_POSITIVE
RFQ731-004474,temperaturEingaenge,TT1,FALSE_POSITIVE
RFQ731-003915,waveInjector,FWI,FALSE_POSITIVE
RFQ731-003082,explosionApproval,A,FALSE_POSITIVE
RFQ731-002315,binaerOpenColl_MP,MP1,FALSE_POSITIVE
RFQ731-004868,certification,CN,FALSE_POSITIVE
RFQ731-002134,explosionApproval,A,FALSE_POSITIVE
RFQ731-004115,explosionApproval,A,FALSE_POSITIVE
RFQ731-000117,explosionApproval,A,FALSE_POSITIVE
RFQ731-000286,explosionApproval,A,FALSE_POSITIVE
RFQ731-000461,explosionApproval,A,FALSE_POSITIVE
RFQ731-002015,explosionApproval,A,FALSE_POSITIVE
RFQ731-000599,dev_advMeterVerification,1,FALSE_POSITIVE
RFQ731-004133,explosionApproval,A,FALSE_POSITIVE
RFQ731-000014,explosionApproval,A,FALSE_POSITIVE
RFQ731-004832,certification,CN,FALSE_POSITIVE
RFQ731-003559,explosionApproval,A,FALSE_POSITIVE
RFQ731-004206,binaerOpenColl_MP,MP1,FALSE_POSITIVE
RFQ731-001039,explosionApproval,A,FALSE_POSITIVE
RFQ731-004111,binaerOpenColl_MP,MP1,FALSE_POSITIVE
RFQ731-001800,waveInjector,FWI,FALSE_POSITIVE
RFQ731-003809,binaerOpenColl_MP,MP1,FALSE_POSITIVE
RFQ731-003719,certification,CN,FALSE_POSITIVE
RFQ731-000181,certification,CN,FALSE_POSITIVE
RFQ731-003648,binaerOpenColl_MP,MP1,FALSE_POSITIVE
RFQ731-003930,temperaturEingaenge,TT1,FALSE_POSITIVE
RFQ731-003822,binaerOpenColl_MP,MP1,FALSE_POSITIVE
RFQ731-003895,explosionApproval,A,FALSE_POSITIVE
RFQ731-004747,explosionApproval,A,FALSE_POSITIVE
RFQ731-001777,binaerOpenColl_MP,MP1,FALSE_POSITIVE
RFQ731-001585,explosionApproval,A,FALSE_POSITIVE
RFQ731-001268,temperaturEingaenge,TT1,FALSE_POSITIVE
RFQ731-000124,explosionApproval,A,FALSE_POSITIVE
RFQ731-004776,explosionApproval,A,FALSE_POSITIVE
RFQ731-003481,waveInjector,FWI,FALSE_POSITIVE
RFQ731-001135,explosionApproval,A,FALSE_POSITIVE
RFQ731-000899,certification,CN,FALSE_POSITIVE
RFQ731-000007,temperaturEingaenge,TT1,FALSE_POSITIVE
RFQ731-002040,binaerOpenColl_MP,MP1,FALSE_POSITIVE
RFQ731-000897,explosionApproval,A,FALSE_POSITIVE
RFQ731-001831,binaerDigitalOpenColl_MN,MN2,FALSE_POSITIVE
RFQ731-004452,binaerOpenColl_MP,MP1,FALSE_POSITIVE
RFQ731-003718,waveInjector,FWI,FALSE_POSITIVE
RFQ731-002420,temperaturEingaenge,TT1,FALSE_POSITIVE
RFQ731-000405,certification,CN,FALSE_POSITIVE
RFQ731-000996,explosionApproval,A,FALSE_POSITIVE
RFQ731-004439,waveInjector,FWI,FALSE_POSITIVE
RFQ731-004985,dynamicGasMaster,1,FALSE_POSITIVE
RFQ731-001504,explosionApproval,A,FALSE_POSITIVE
RFQ731-004201,temperaturEingaenge,TT1,FALSE_POSITIVE
RFQ731-003766,explosionApproval,A,FALSE_POSITIVE
RFQ731-000591,temperaturEingaenge,TT1,FALSE_POSITIVE
RFQ731-003862,waveInjector,FWI,FALSE_POSITIVE
RFQ731-002483,binaerOpenColl_MP,MP1,FALSE_POSITIVE
RFQ731-001290,explosionApproval,A,FALSE_POSITIVE
RFQ731-003784,waveInjector,FWI,FALSE_POSITIVE
RFQ731-004377,explosionApproval,A,FALSE_POSITIVE
RFQ731-001065,stromEingaenge,IS1,FALSE_POSITIVE
RFQ731-000026,explosionApproval,A,FALSE_POSITIVE
RFQ731-000567,explosionApproval,A,FALSE_POSITIVE
RFQ731-002947,explosionApproval,A,FALSE_POSITIVE
RFQ731-002513,explosionApproval,A,FALSE_POSITIVE
RFQ731-002724,dynamicGasMaster,1,FALSE_POSITIVE
RFQ731-004502,dynamicGasMaster,1,FALSE_POSITIVE
RFQ731-002412,temperaturEingaenge,TT1,FALSE_POSITIVE
RFQ731-002751,explosionApproval,A,FALSE_POSITIVE
RFQ731-000855,temperaturEingaenge,TT1,FALSE_POSITIVE
RFQ731-003208,explosionApproval,A,FALSE_POSITIVE
RFQ731-000734,binaerOpenColl_MP,MP1,FALSE_POSITIVE
RFQ731-003651,certification,CN,FALSE_POSITIVE
RFQ731-000144,binaerOpenColl_MP,MP1,FALSE_POSITIVE
RFQ731-003705,waveInjector,FWI,FALSE_POSITIVE
RFQ731-001033,powerSupply,1,FALSE_POSITIVE
RFQ731-000645,explosionApproval,A,FALSE_POSITIVE
RFQ731-001609,binaerOpenColl_MP,MP1,FALSE_POSITIVE
RFQ731-002112,binaerDigitalOpenColl_MN,MN1,FALSE_POSITIVE
RFQ731-004563,certification,CN,FALSE_POSITIVE
RFQ731-002846,explosionApproval,A,FALSE_POSITIVE
RFQ731-004484,explosionApproval,A,FALSE_POSITIVE
RFQ731-002539,explosionApproval,A,FALSE_POSITIVE
RFQ731-002192,powerSupply,1,FALSE_POSITIVE
RFQ731-001305,waveInjector,FWI,FALSE_POSITIVE
RFQ731-004091,binaerOpenColl_MP,MP1,FALSE_POSITIVE
RFQ731-001242,binaerOpenColl_MP,MP1,FALSE_POSITIVE
RFQ731-003698,devCategory,G,FALSE_POSITIVE
RFQ731-002758,temperaturEingaenge,TT1,FALSE_POSITIVE
RFQ731-003191,certification,CN,FALSE_POSITIVE
RFQ731-002548,waveInjector,FWI,FALSE_POSITIVE
RFQ731-004978,temperaturEingaenge,TT1,FALSE_POSITIVE
RFQ731-000653,waveInjector,FWI,FALSE_POSITIVE
RFQ731-002914,temperaturEingaenge,TT1,FALSE_POSITIVE
RFQ731-000207,explosionApproval,A,FALSE_POSITIVE
RFQ731-000171,binaerOpenColl_MP,MP4,FALSE_POSITIVE
RFQ731-004887,certification,CN,FALSE_POSITIVE
RFQ731-002284,binaerOpenColl_MP,MP1,FALSE_POSITIVE
RFQ731-004470,temperaturEingaenge,TT1,FALSE_POSITIVE
RFQ731-004789,certification,CN,FALSE_POSITIVE
RFQ731-000686,certification,CN,FALSE_POSITIVE
RFQ731-001163,certification,CN,FALSE_POSITIVE
RFQ731-000749,binaerOpenColl_MP,MP1,FALSE_POSITIVE
RFQ731-002699,explosionApproval,A,FALSE_POSITIVE
RFQ731-003499,binaerOpenColl_MP,MP1,FALSE_POSITIVE
RFQ731-004757,explosionApproval,A,FALSE_POSITIVE
RFQ731-004859,numberOfChannels,1,FALSE_POSITIVE
RFQ731-000295,temperaturEingaenge,TT1,FALSE_POSITIVE
RFQ731-003520,explosionApproval,A,FALSE_POSITIVE
RFQ731-000877,explosionApproval,A,FALSE_POSITIVE
RFQ731-001874,dynamicGasMaster,1,FALSE_POSITIVE
RFQ731-002429,certification,CN,FALSE_POSITIVE
RFQ731-003114,certification,CN,FALSE_POSITIVE
RFQ731-000170,temperaturEingaenge,TT1,FALSE_POSITIVE
RFQ731-004160,waveInjector,FWI,FALSE_POSITIVE
RFQ731-004234,temperaturEingaenge,TT1,FALSE_POSITIVE
RFQ731-001227,explosionApproval,A,FALSE_POSITIVE
RFQ731-004213,certification,CN,FALSE_POSITIVE
RFQ731-002840,explosionApproval,A,FALSE_POSITIVE
RFQ731-001459,certification,CN,FALSE_POSITIVE
RFQ731-003259,binaerDigitalOpenColl_MN,MN2,FALSE_POSITIVE
RFQ731-000622,explosionApproval,A,FALSE_POSITIVE
RFQ731-001321,temperaturEingaenge,TT1,FALSE_POSITIVE
RFQ731-002617,temperaturEingaenge,TT1,FALSE_POSITIVE
RFQ731-003101,explosionApproval,A,FALSE_POSITIVE
RFQ731-004925,temperaturEingaenge,TT1,FALSE_POSITIVE
RFQ731-000260,certification,CN,FALSE_POSITIVE
RFQ731-002267,temperaturEingaenge,TT1,FALSE_POSITIVE
RFQ731-004981,explosionApproval,A,FALSE_POSITIVE
RFQ731-004092,certification,CN,FALSE_POSITIVE
RFQ731-000430,waveInjector,FWI,FALSE_POSITIVE
RFQ731-000456,devCategory,G,FALSE_POSITIVE
RFQ731-002978,binaerOpenColl_MP,MP1,FALSE_POSITIVE
RFQ731-000726,binaerOpenColl_MP,MP1,FALSE_POSITIVE
RFQ731-000250,temperaturEingaenge,TT1,FALSE_POSITIVE
RFQ731-001053,binaerOpenColl_MP,MP1,FALSE_POSITIVE
RFQ731-000463,waveInjector,FWI,FALSE_POSITIVE
RFQ731-004550,explosionApproval,A,FALSE_POSITIVE
RFQ731-003985,devCategory,F,FALSE_POSITIVE
RFQ731-002949,dynamicGasMaster,1,FALSE_POSITIVE
RFQ731-000336,binaerOpenColl_MP,MP1,FALSE_POSITIVE
RFQ731-002591,explosionApproval,A,FALSE_POSITIVE
RFQ731-003388,binaerDigitalOpenColl_MN,MN1,FALSE_POSITIVE
RFQ731-003389,certification,CN,FALSE_POSITIVE
RFQ731-001807,binaerOpenColl_MP,MP1,FALSE_POSITIVE
RFQ731-000749,dev_advMeterVerification,1,FALSE_POSITIVE
RFQ731-000263,explosionApproval,A,FALSE_POSITIVE
RFQ731-003201,dynamicGasMaster,1,FALSE_POSITIVE
RFQ731-004222,waveInjector,FWI,FALSE_POSITIVE
RFQ731-000278,explosionApproval,A,FALSE_POSITIVE
RFQ731-004582,binaerOpenColl_MP,MP1,FALSE_POSITIVE
RFQ731-002743,binaerOpenColl_MP,MP1,FALSE_POSITIVE
RFQ731-003350,devCategory,F,FALSE_POSITIVE
RFQ731-003144,powerSupply,1,FALSE_POSITIVE
RFQ731-003272,waveInjector,FWI,FALSE_POSITIVE
RFQ731-001382,certification,CN,FALSE_POSITIVE
RFQ731-001068,certification,CN,FALSE_POSITIVE
RFQ731-000504,explosionApproval,A,FALSE_POSITIVE
RFQ731-002537,binaerOpenColl_MP,MP1,FALSE_POSITIVE
RFQ731-000485,temperaturEingaenge,TT1,FALSE_POSITIVE
RFQ731-001839,certification,CN,FALSE_POSITIVE
RFQ731-003424,certification,CN,FALSE_POSITIVE
RFQ731-004579,certification,CN,FALSE_POSITIVE
RFQ731-000637,certification,CN,FALSE_POSITIVE
RFQ731-001339,temperaturEingaenge,TT1,FALSE_POSITIVE
RFQ731-003508,explosionApproval,A,FALSE_POSITIVE
RFQ731-003359,explosionApproval,A,FALSE_POSITIVE
RFQ731-001694,binaerOpenColl_MP,MP1,FALSE_POSITIVE
RFQ731-000557,binaerOpenColl_MP,MP1,FALSE_POSITIVE
RFQ731-002725,dynamicGasMaster,1,FALSE_POSITIVE
RFQ731-001509,temperaturEingaenge,TT1,FALSE_POSITIVE
RFQ731-001444,numberOfChannels,1,FALSE_POSITIVE
RFQ731-001628,binaerOpenColl_MP,MP1,FALSE_POSITIVE
RFQ731-001385,devCategory,F,FALSE_POSITIVE
RFQ731-000384,waveInjector,FWI,FALSE_POSITIVE
RFQ731-000351,waveInjector,FWI,FALSE_POSITIVE
RFQ731-001912,explosionApproval,A,FALSE_POSITIVE
RFQ731-001690,dynamicGasMaster,1,FALSE_POSITIVE
RFQ731-004055,explosionApproval,A,FALSE_POSITIVE
RFQ731-003730,certification,CN,FALSE_POSITIVE
RFQ731-003252,explosionApproval,A,FALSE_POSITIVE
RFQ731-000112,temperaturEingaenge,TT1,FALSE_POSITIVE
RFQ731-004662,waveInjector,FWI,FALSE_POSITIVE
RFQ731-002601,temperaturEingaenge,TT1,FALSE_POSITIVE
RFQ731-002704,binaerOpenColl_MP,MP1,FALSE_POSITIVE
RFQ731-002086,binaerOpenColl_MP,MP1,FALSE_POSITIVE
RFQ731-004769,explosionApproval,A,FALSE_POSITIVE
RFQ731-001923,binaerOpenColl_MP,MP1,FALSE_POSITIVE
RFQ731-001881,numberOfChannels,1,FALSE_POSITIVE
RFQ731-000454,temperaturEingaenge,TT1,FALSE_POSITIVE
RFQ731-001110,binaerOpenColl_MP,MP1,FALSE_POSITIVE
RFQ731-002425,certification,CN,FALSE_POSITIVE
RFQ731-001228,stromEingaenge,IS1,FALSE_POSITIVE
RFQ731-004131,certification,CN,FALSE_POSITIVE
RFQ731-003243,explosionApproval,A,FALSE_POSITIVE
RFQ731-003338,temperaturEingaenge,TT1,FALSE_POSITIVE
RFQ731-001845,explosionApproval,A,FALSE_POSITIVE
RFQ731-001005,explosionApproval,A,FALSE_POSITIVE
RFQ731-003887,temperaturEingaenge,TT1,FALSE_POSITIVE
RFQ731-001598,explosionApproval,A,FALSE_POSITIVE
RFQ731-000895,explosionApproval,A,FALSE_POSITIVE
RFQ731-003357,explosionApproval,A,FALSE_POSITIVE
RFQ731-000605,explosionApproval,A,FALSE_POSITIVE
RFQ731-002638,certification,CN,FALSE_POSITIVE
RFQ731-003924,binaerOpenColl_MP,MP1,FALSE_POSITIVE
RFQ731-000230,waveInjector,FWI,FALSE_POSITIVE
RFQ731-000906,dev_advMeterVerification,1,FALSE_POSITIVE
RFQ731-004021,explosionApproval,A,FALSE_POSITIVE
RFQ731-003798,binaerOpenColl_MP,MP1,FALSE_POSITIVE
RFQ731-001307,waveInjector,FWI,FALSE_POSITIVE
RFQ731-003735,explosionApproval,A,FALSE_POSITIVE
RFQ731-002877,dynamicGasMaster,1,FALSE_POSITIVE
RFQ731-000036,dynamicGasMaster,1,FALSE_POSITIVE
RFQ731-000382,explosionApproval,A,FALSE_POSITIVE
RFQ731-000750,explosionApproval,A,FALSE_POSITIVE
RFQ731-001821,binaerOpenColl_MP,MP1,FALSE_POSITIVE
RFQ731-001167,stromEingaenge,IS1,FALSE_POSITIVE
RFQ731-000889,binaerDigitalOpenColl_MN,MN2,FALSE_POSITIVE
RFQ731-004920,stromEingaenge,IS1,FALSE_POSITIVE
RFQ731-003392,waveInjector,FWI,FALSE_POSITIVE
RFQ731-004823,certification,CN,FALSE_POSITIVE
RFQ731-002474,explosionApproval,A,FALSE_POSITIVE
RFQ731-001732,explosionApproval,A,FALSE_POSITIVE
RFQ731-000560,binaerOpenColl_MP,MP1,FALSE_POSITIVE
RFQ731-003972,powerSupply,1,FALSE_POSITIVE
RFQ731-001829,binaerOpenColl_MP,MP1,FALSE_POSITIVE
RFQ731-000330,dev_advMeterVerification,1,FALSE_POSITIVE
RFQ731-003036,explosionApproval,A,FALSE_POSITIVE
RFQ731-002966,certification,CN,FALSE_POSITIVE
RFQ731-001304,binaerOpenColl_MP,MP1,FALSE_POSITIVE
RFQ731-003915,explosionApproval,A,FALSE_POSITIVE
RFQ731-001071,temperaturEingaenge,TT1,FALSE_POSITIVE
RFQ731-001677,explosionApproval,A,FALSE_POSITIVE
RFQ731-002439,explosionApproval,A,FALSE_POSITIVE
RFQ731-001804,temperaturEingaenge,TT1,FALSE_POSITIVE
RFQ731-002389,waveInjector,FWI,FALSE_POSITIVE
RFQ731-003681,certification,CN,FALSE_POSITIVE
RFQ731-003146,dev_advMeterVerification,1,FALSE_POSITIVE
RFQ731-003125,explosionApproval,A,FALSE_POSITIVE
RFQ731-004325,binaerOpenColl_MP,MP1,FALSE_POSITIVE
RFQ731-003924,dev_advMeterVerification,1,FALSE_POSITIVE
RFQ731-003856,temperaturEingaenge,TT1,FALSE_POSITIVE
RFQ731-001330,waveInjector,FWI,FALSE_POSITIVE
RFQ731-000507,explosionApproval,A,FALSE_POSITIVE
RFQ731-002772,binaerOpenColl_MP,MP1,FALSE_POSITIVE
RFQ731-002926,temperaturEingaenge,TT1,FALSE_POSITIVE
RFQ731-001410,certification,CN,FALSE_POSITIVE
RFQ731-003866,explosionApproval,A,FALSE_POSITIVE
RFQ731-004798,binaerOpenColl_MP,MP1,FALSE_POSITIVE
RFQ731-001780,explosionApproval,A,FALSE_POSITIVE
RFQ731-004645,certification,CN,FALSE_POSITIVE
RFQ731-000368,dynamicGasMaster,1,FALSE_POSITIVE
RFQ731-004805,temperaturEingaenge,TT1,FALSE_POSITIVE
RFQ731-002073,waveInjector,FWI,FALSE_POSITIVE
RFQ731-004067,dynamicGasMaster,1,FALSE_POSITIVE
RFQ731-000202,binaerOpenColl_MP,MP1,FALSE_POSITIVE
RFQ731-002162,explosionApproval,A,FALSE_POSITIVE
RFQ731-003094,waveInjector,FWI,FALSE_POSITIVE
RFQ731-004971,waveInjector,FWI,FALSE_POSITIVE
RFQ731-000165,explosionApproval,A,FALSE_POSITIVE
RFQ731-000222,explosionApproval,A,FALSE_POSITIVE
RFQ731-004387,stromEingaenge,IS1,FALSE_POSITIVE
RFQ731-000434,binaerDigitalOpenColl_MN,MN1,FALSE_POSITIVE
RFQ731-002986,explosionApproval,A,FALSE_POSITIVE
RFQ731-000763,binaerOpenColl_MP,MP1,FALSE_POSITIVE
RFQ731-004333,devCategory,F,FALSE_POSITIVE
RFQ731-001275,binaerOpenColl_MP,MP1,FALSE_POSITIVE
RFQ731-004023,binaerDigitalOpenColl_MN,MN2,FALSE_POSITIVE
RFQ731-000175,binaerOpenColl_MP,MP1,FALSE_POSITIVE
RFQ731-004306,explosionApproval,A,FALSE_POSITIVE
RFQ731-004165,certification,CN,FALSE_POSITIVE
RFQ731-002081,temperaturEingaenge,TT1,FALSE_POSITIVE
RFQ731-001415,stromEingaenge,IS1,FALSE_POSITIVE
RFQ731-003767,binaerOpenColl_MP,MP1,FALSE_POSITIVE
RFQ731-000742,explosionApproval,A,FALSE_POSITIVE
RFQ731-003233,explosionApproval,A,FALSE_POSITIVE
RFQ731-001085,explosionApproval,A,FALSE_POSITIVE
RFQ731-001016,temperaturEingaenge,TT1,FALSE_POSITIVE
RFQ731-001691,temperaturEingaenge,TT1,FALSE_POSITIVE
RFQ731-003315,explosionApproval,A,FALSE_POSITIVE
RFQ731-003293,waveInjector,FWI,FALSE_POSITIVE
RFQ731-000323,explosionApproval,A,FALSE_POSITIVE
RFQ731-000069,dynamicGasMaster,1,FALSE_POSITIVE
RFQ731-003111,certification,CN,FALSE_POSITIVE
RFQ731-002087,dynamicGasMaster,1,FALSE_POSITIVE
RFQ731-000254,binaerOpenColl_MP,MP1,FALSE_POSITIVE
RFQ731-004653,binaerOpenColl_MP,MP1,FALSE_POSITIVE
RFQ731-000172,temperaturEingaenge,TT1,FALSE_POSITIVE
RFQ731-000283,explosionApproval,A,FALSE_POSITIVE
RFQ731-002046,explosionApproval,A,FALSE_POSITIVE
RFQ731-000625,binaerOpenColl_MP,MP1,FALSE_POSITIVE
RFQ731-004300,explosionApproval,A,FALSE_POSITIVE
RFQ731-004536,dynamicGasMaster,1,FALSE_POSITIVE
RFQ731-001154,waveInjector,FWI,FALSE_POSITIVE
RFQ731-003965,explosionApproval,A,FALSE_POSITIVE
RFQ731-002980,certification,CN,FALSE_POSITIVE
RFQ731-004552,numberOfChannels,1,FALSE_POSITIVE
RFQ731-003962,explosionApproval,A,FALSE_POSITIVE
RFQ731-003715,binaerOpenColl_MP,MP1,FALSE_POSITIVE
RFQ731-002142,certification,CN,FALSE_POSITIVE
RFQ731-001775,certification,CN,FALSE_POSITIVE
RFQ731-002555,explosionApproval,A,FALSE_POSITIVE
RFQ731-004590,binaerOpenColl_MP,MP1,FALSE_POSITIVE
RFQ731-002874,explosionApproval,A,FALSE_POSITIVE
RFQ731-000022,binaerOpenColl_MP,MP1,FALSE_POSITIVE
RFQ731-000526,explosionApproval,A,FALSE_POSITIVE
RFQ731-004463,binaerOpenColl_MP,MP1,FALSE_POSITIVE
RFQ731-003840,explosionApproval,A,FALSE_POSITIVE
RFQ731-004221,explosionApproval,A,FALSE_POSITIVE
RFQ731-002123,binaerOpenColl_MP,MP1,FALSE_POSITIVE
RFQ731-000548,numberOfChannels,1,FALSE_POSITIVE
RFQ731-002239,temperaturEingaenge,TT1,FALSE_POSITIVE
RFQ731-000441,temperaturEingaenge,TT1,FALSE_POSITIVE
RFQ731-004121,dev_advMeterVerification,1,FALSE_POSITIVE
RFQ731-001597,temperaturEingaenge,TT1,FALSE_POSITIVE
RFQ731-002851,binaerOpenColl_MP,MP1,FALSE_POSITIVE
RFQ731-003603,explosionApproval,A,FALSE_POSITIVE
RFQ731-002654,temperaturEingaenge,TT1,FALSE_POSITIVE
RFQ731-002630,certification,CN,FALSE_POSITIVE
RFQ731-000155,temperaturEingaenge,TT1,FALSE_POSITIVE
RFQ731-003076,binaerOpenColl_MP,MP1,FALSE_POSITIVE
RFQ731-001337,explosionApproval,A,FALSE_POSITIVE
RFQ731-002352,explosionApproval,A,FALSE_POSITIVE
RFQ731-004173,explosionApproval,A,FALSE_POSITIVE
RFQ731-002956,temperaturEingaenge,TT1,FALSE_POSITIVE
RFQ731-004273,certification,CN,FALSE_POSITIVE
RFQ731-002578,temperaturEingaenge,TT1,FALSE_POSITIVE
RFQ731-000128,certification,CN,FALSE_POSITIVE
RFQ731-002291,devCategory,G,FALSE_POSITIVE
RFQ731-003099,certification,CN,FALSE_POSITIVE
RFQ731-004568,explosionApproval,A,FALSE_POSITIVE
RFQ731-004867,dynamicGasMaster,1,FALSE_POSITIVE
RFQ731-000831,explosionApproval,A,FALSE_POSITIVE
RFQ731-000583,explosionApproval,A,FALSE_POSITIVE
RFQ731-001421,dev_advMeterVerification,1,FALSE_POSITIVE
RFQ731-003540,dev_advMeterVerification,1,FALSE_POSITIVE
RFQ731-001193,explosionApproval,A,FALSE_POSITIVE
RFQ731-001239,explosionApproval,A,FALSE_POSITIVE
RFQ731-001305,explosionApproval,A,FALSE_POSITIVE
RFQ731-004870,explosionApproval,A,FALSE_POSITIVE
RFQ731-004783,temperaturEingaenge,TT1,FALSE_POSITIVE
RFQ731-000628,explosionApproval,A,FALSE_POSITIVE
RFQ731-004332,explosionApproval,A,FALSE_POSITIVE
RFQ731-003616,certification,CN,FALSE_POSITIVE
RFQ731-004799,binaerOpenColl_MP,MP1,FALSE_POSITIVE
RFQ731-002491,explosionApproval,A,FALSE_POSITIVE
RFQ731-002155,explosionApproval,A,FALSE_POSITIVE
RFQ731-002174,temperaturEingaenge,TT1,FALSE_POSITIVE
RFQ731-002434,certification,CN,FALSE_POSITIVE
RFQ731-002258,explosionApproval,A,FALSE_POSITIVE
RFQ731-004688,binaerOpenColl_MP,MP1,FALSE_POSITIVE
RFQ731-002907,explosionApproval,A,FALSE_POSITIVE
RFQ731-001277,dynamicGasMaster,1,FALSE_POSITIVE
RFQ731-004170,stromEingaenge,IS1,FALSE_POSITIVE
RFQ731-001302,temperaturEingaenge,TT1,FALSE_POSITIVE
RFQ731-004007,certification,CN,FALSE_POSITIVE
RFQ731-003876,certification,CN,FALSE_POSITIVE
RFQ731-000023,certification,CN,FALSE_POSITIVE
RFQ731-001817,certification,CN,FALSE_POSITIVE
RFQ731-004374,dynamicGasMaster,1,FALSE_POSITIVE
RFQ731-000714,certification,CN,FALSE_POSITIVE
RFQ731-002386,powerSupply,1,FALSE_POSITIVE
RFQ731-000713,certification,CN,FALSE_POSITIVE
RFQ731-000555,binaerOpenColl_MP,MP1,FALSE_POSITIVE
RFQ731-000603,certification,CN,FALSE_POSITIVE
RFQ731-001720,waveInjector,FWI,FALSE_POSITIVE
RFQ731-004401,explosionApproval,A,FALSE_POSITIVE
RFQ731-000232,explosionApproval,A,FALSE_POSITIVE
RFQ731-001801,explosionApproval,A,FALSE_POSITIVE
RFQ731-001538,waveInjector,FWI,FALSE_POSITIVE
RFQ731-004476,temperaturEingaenge,TT1,FALSE_POSITIVE
RFQ731-001173,waveInjector,FWI,FALSE_POSITIVE
RFQ731-000452,waveInjector,FWI,FALSE_POSITIVE
RFQ731-001812,dev_advMeterVerification,1,FALSE_POSITIVE
RFQ731-002330,waveInjector,FWI,FALSE_POSITIVE
RFQ731-002401,dev_advMeterVerification,1,FALSE_POSITIVE
RFQ731-001267,temperaturEingaenge,TT1,FALSE_POSITIVE
RFQ731-004797,dynamicGasMaster,1,FALSE_POSITIVE
RFQ731-001385,temperaturEingaenge,TT1,FALSE_POSITIVE
RFQ731-004468,waveInjector,FWI,FALSE_POSITIVE
RFQ731-000349,explosionApproval,A,FALSE_POSITIVE
RFQ731-002066,certification,CN,FALSE_POSITIVE
RFQ731-004994,explosionApproval,A,FALSE_POSITIVE
RFQ731-002173,dynamicGasMaster,1,FALSE_POSITIVE
RFQ731-004242,waveInjector,FWI,FALSE_POSITIVE
RFQ731-003489,powerSupply,1,FALSE_POSITIVE
RFQ731-000009,explosionApproval,A,FALSE_POSITIVE
RFQ731-001008,binaerOpenColl_MP,MP1,FALSE_POSITIVE
RFQ731-000089,temperaturEingaenge,TT1,FALSE_POSITIVE
RFQ731-001685,certification,CN,FALSE_POSITIVE
RFQ731-004436,temperaturEingaenge,TT1,FALSE_POSITIVE
RFQ731-000217,waveInjector,FWI,FALSE_POSITIVE
RFQ731-000471,explosionApproval,A,FALSE_POSITIVE
RFQ731-000210,temperaturEingaenge,TT1,FALSE_POSITIVE
RFQ731-004810,explosionApproval,A,FALSE_POSITIVE
RFQ731-002757,binaerDigitalOpenColl_MN,MN2,FALSE_POSITIVE
RFQ731-000791,temperaturEingaenge,TT1,FALSE_POSITIVE
RFQ731-003358,explosionApproval,A,FALSE_POSITIVE
RFQ731-003375,binaerOpenColl_MP,MP1,FALSE_POSITIVE
RFQ731-002738,explosionApproval,A,FALSE_POSITIVE
RFQ731-002236,certification,CN,FALSE_POSITIVE
RFQ731-004143,binaerOpenColl_MP,MP1,FALSE_POSITIVE
RFQ731-001078,certification,CN,FALSE_POSITIVE
RFQ731-001679,explosionApproval,A,FALSE_POSITIVE
RFQ731-000006,explosionApproval,A,FALSE_POSITIVE
RFQ731-002791,temperaturEingaenge,TT1,FALSE_POSITIVE
RFQ731-000353,dynamicGasMaster,1,FALSE_POSITIVE
RFQ731-003271,explosionApproval,A,FALSE_POSITIVE
RFQ731-003362,explosionApproval,A,FALSE_POSITIVE
RFQ731-004988,devCategory,G,FALSE_POSITIVE
RFQ731-000784,temperaturEingaenge,TT1,FALSE_POSITIVE
RFQ731-000338,certification,CN,FALSE_POSITIVE
RFQ731-002000,binaerOpenColl_MP,MP1,FALSE_POSITIVE
RFQ731-000528,dynamicGasMaster,1,FALSE_POSITIVE
RFQ731-003587,explosionApproval,A,FALSE_POSITIVE
RFQ731-001437,dynamicGasMaster,1,FALSE_POSITIVE
RFQ731-003744,explosionApproval,A,FALSE_POSITIVE
RFQ731-001956,dynamicGasMaster,1,FALSE_POSITIVE
RFQ731-000105,waveInjector,FWI,FALSE_POSITIVE
RFQ731-003941,explosionApproval,A,FALSE_POSITIVE
RFQ731-003780,certification,CN,FALSE_POSITIVE
RFQ731-004558,certification,CN,FALSE_POSITIVE
RFQ731-000065,temperaturEingaenge,TT1,FALSE_POSITIVE
RFQ731-000329,temperaturEingaenge,TT1,FALSE_POSITIVE
RFQ731-004132,explosionApproval,A,FALSE_POSITIVE
RFQ731-001839,powerSupply,1,FALSE_POSITIVE
RFQ731-001160,certification,CN,FALSE_POSITIVE
RFQ731-003788,explosionApproval,A,FALSE_POSITIVE
RFQ731-004618,binaerOpenColl_MP,MP1,FALSE_POSITIVE
RFQ731-003946,explosionApproval,A,FALSE_POSITIVE
RFQ731-002679,temperaturEingaenge,TT1,FALSE_POSITIVE
RFQ731-000294,binaerOpenColl_MP,MP1,FALSE_POSITIVE
RFQ731-001706,temperaturEingaenge,TT1,FALSE_POSITIVE
RFQ731-001345,explosionApproval,A,FALSE_POSITIVE
RFQ731-003543,temperaturEingaenge,TT1,FALSE_POSITIVE
RFQ731-002922,temperaturEingaenge,TT1,FALSE_POSITIVE
RFQ731-004117,temperaturEingaenge,TT1,FALSE_POSITIVE
RFQ731-003439,explosionApproval,A,FALSE_POSITIVE
RFQ731-002911,explosionApproval,A,FALSE_POSITIVE
RFQ731-002621,temperaturEingaenge,TT1,FALSE_POSITIVE
RFQ731-004432,certification,CN,FALSE_POSITIVE
RFQ731-002712,dynamicGasMaster,1,FALSE_POSITIVE
RFQ731-000661,devCategory,F,FALSE_POSITIVE
RFQ731-000733,binaerOpenColl_MP,MP1,FALSE_POSITIVE
RFQ731-000528,binaerOpenColl_MP,MP1,FALSE_POSITIVE
RFQ731-002989,temperaturEingaenge,TT1,FALSE_POSITIVE
RFQ731-000836,dynamicGasMaster,1,FALSE_POSITIVE
RFQ731-003761,binaerOpenColl_MP,MP1,FALSE_POSITIVE
RFQ731-004553,binaerOpenColl_MP,MP1,FALSE_POSITIVE
RFQ731-000355,explosionApproval,A,FALSE_POSITIVE
RFQ731-001401,explosionApproval,A,FALSE_POSITIVE
RFQ731-004172,temperaturEingaenge,TT1,FALSE_POSITIVE
RFQ731-004367,explosionApproval,A,FALSE_POSITIVE
RFQ731-004784,temperaturEingaenge,TT1,FALSE_POSITIVE
RFQ731-002074,temperaturEingaenge,TT1,FALSE_POSITIVE
RFQ731-004965,dynamicGasMaster,1,FALSE_POSITIVE
RFQ731-003199,waveInjector,FWI,FALSE_POSITIVE
RFQ731-003843,certification,CN,FALSE_POSITIVE
RFQ731-001446,dynamicGasMaster,1,FALSE_POSITIVE
RFQ731-002274,dynamicGasMaster,1,FALSE_POSITIVE
RFQ731-001809,dynamicGasMaster,1,FALSE_POSITIVE
RFQ731-002789,explosionApproval,A,FALSE_POSITIVE
RFQ731-001988,explosionApproval,A,FALSE_POSITIVE
RFQ731-001864,binaerDigitalOpenColl_MN,MN2,FALSE_POSITIVE
RFQ731-001808,waveInjector,FWI,FALSE_POSITIVE
RFQ731-002324,numberOfChannels,1,FALSE_POSITIVE
RFQ731-002864,certification,CN,FALSE_POSITIVE
RFQ731-004174,explosionApproval,A,FALSE_POSITIVE
RFQ731-003496,dynamicGasMaster,1,FALSE_POSITIVE
RFQ731-003204,binaerOpenColl_MP,MP1,FALSE_POSITIVE
RFQ731-002944,waveInjector,FWI,FALSE_POSITIVE
RFQ731-000503,waveInjector,FWI,FALSE_POSITIVE
RFQ731-002674,explosionApproval,A,FALSE_POSITIVE
RFQ731-000029,binaerOpenColl_MP,MP1,FALSE_POSITIVE
RFQ731-002097,waveInjector,FWI,FALSE_POSITIVE
RFQ731-001784,certification,CN,FALSE_POSITIVE
RFQ731-001099,explosionApproval,A,FALSE_POSITIVE
RFQ731-002773,temperaturEingaenge,TT1,FALSE_POSITIVE
RFQ731-003375,dev_advMeterVerification,1,FALSE_POSITIVE
RFQ731-002026,explosionApproval,A,FALSE_POSITIVE
RFQ731-003739,explosionApproval,A,FALSE_POSITIVE
RFQ731-001353,binaerOpenColl_MP,MP4,FALSE_POSITIVE
RFQ731-000385,temperaturEingaenge,TT1,FALSE_POSITIVE
RFQ731-000496,certification,CN,FALSE_POSITIVE
RFQ731-000977,explosionApproval,A,FALSE_POSITIVE
RFQ731-002573,certification,CN,FALSE_POSITIVE
RFQ731-002280,certification,NN,FALSE_POSITIVE
RFQ731-003671,dynamicGasMaster,1,FALSE_POSITIVE
RFQ731-001381,waveInjector,FWI,FALSE_POSITIVE
RFQ731-000158,explosionApproval,A,FALSE_POSITIVE
RFQ731-000118,temperaturEingaenge,TT1,FALSE_POSITIVE
RFQ731-002672,explosionApproval,A,FALSE_POSITIVE
RFQ731-000696,temperaturEingaenge,TT1,FALSE_POSITIVE
RFQ731-000311,explosionApproval,A,FALSE_POSITIVE
RFQ731-004698,binaerOpenColl_MP,MP1,FALSE_POSITIVE
RFQ731-003496,binaerOpenColl_MP,MP1,FALSE_POSITIVE
RFQ731-000161,dynamicGasMaster,1,FALSE_POSITIVE
RFQ731-004598,temperaturEingaenge,TT1,FALSE_POSITIVE
RFQ731-002778,certification,CN,FALSE_POSITIVE
RFQ731-002134,waveInjector,FWI,FALSE_POSITIVE
RFQ731-004764,explosionApproval,A,FALSE_POSITIVE
RFQ731-001475,explosionApproval,A,FALSE_POSITIVE
RFQ731-003094,explosionApproval,A,FALSE_POSITIVE
RFQ731-000659,certification,CN,FALSE_POSITIVE
RFQ731-002710,certification,CN,FALSE_POSITIVE
RFQ731-004655,binaerOpenColl_MP,MP1,FALSE_POSITIVE
RFQ731-003032,certification,CN,FALSE_POSITIVE
RFQ731-001565,explosionApproval,A,FALSE_POSITIVE
RFQ731-004162,certification,CN,FALSE_POSITIVE
RFQ731-000213,binaerOpenColl_MP,MP1,FALSE_POSITIVE
RFQ731-002445,explosionApproval,A,FALSE_POSITIVE
RFQ731-003159,waveInjector,FWI,FALSE_POSITIVE
RFQ731-002579,dynamicGasMaster,1,FALSE_POSITIVE
RFQ731-000688,explosionApproval,A,FALSE_POSITIVE
RFQ731-004071,certification,CN,FALSE_POSITIVE
RFQ731-002690,binaerDigitalOpenColl_MN,MN1,FALSE_POSITIVE
RFQ731-003610,explosionApproval,A,FALSE_POSITIVE
RFQ731-004063,dynamicGasMaster,1,FALSE_POSITIVE
RFQ731-000126,waveInjector,FWI,FALSE_POSITIVE
RFQ731-002106,explosionApproval,A,FALSE_POSITIVE
RFQ731-003158,dynamicGasMaster,1,FALSE_POSITIVE
RFQ731-003829,temperaturEingaenge,TT1,FALSE_POSITIVE
RFQ731-001247,certification,CN,FALSE_POSITIVE
RFQ731-000457,explosionApproval,A,FALSE_POSITIVE
RFQ731-002448,temperaturEingaenge,TT1,FALSE_POSITIVE
RFQ731-004566,explosionApproval,A,FALSE_POSITIVE
RFQ731-004984,binaerOpenColl_MP,MP1,FALSE_POSITIVE
RFQ731-003371,explosionApproval,A,FALSE_POSITIVE
RFQ731-002565,binaerDigitalOpenColl_MN,MN1,FALSE_POSITIVE
RFQ731-002961,temperaturEingaenge,TT1,FALSE_POSITIVE
RFQ731-002593,temperaturEingaenge,TT1,FALSE_POSITIVE
RFQ731-001295,devCategory,F,FALSE_POSITIVE
RFQ731-002093,dev_advMeterVerification,1,FALSE_POSITIVE
RFQ731-000577,temperaturEingaenge,TT1,FALSE_POSITIVE
RFQ731-004061,temperaturEingaenge,TT1,FALSE_POSITIVE
RFQ731-004655,dev_advMeterVerification,1,FALSE_POSITIVE
RFQ731-000119,explosionApproval,A,FALSE_POSITIVE
RFQ731-000728,temperaturEingaenge,TT1,FALSE_POSITIVE
RFQ731-002889,temperaturEingaenge,TT1,FALSE_POSITIVE
RFQ731-001795,certification,CN,FALSE_POSITIVE
RFQ731-002314,waveInjector,FWI,FALSE_POSITIVE
RFQ731-000529,temperaturEingaenge,TT1,FALSE_POSITIVE
RFQ731-004812,binaerOpenColl_MP,MP1,FALSE_POSITIVE
RFQ731-000071,explosionApproval,A,FALSE_POSITIVE
RFQ731-003621,waveInjector,FWI,FALSE_POSITIVE
RFQ731-002438,explosionApproval,A,FALSE_POSITIVE
RFQ731-000049,explosionApproval,A,FALSE_POSITIVE
RFQ731-004069,temperaturEingaenge,TT1,FALSE_POSITIVE
RFQ731-003418,explosionApproval,A,FALSE_POSITIVE
RFQ731-002200,waveInjector,FWI,FALSE_POSITIVE
RFQ731-002940,certification,CN,FALSE_POSITIVE
RFQ731-002786,explosionApproval,A,FALSE_POSITIVE
RFQ731-001817,binaerOpenColl_MP,MP1,FALSE_POSITIVE
RFQ731-000166,temperaturEingaenge,TT1,FALSE_POSITIVE
RFQ731-000707,temperaturEingaenge,TT1,FALSE_POSITIVE
RFQ731-001734,explosionApproval,A,FALSE_POSITIVE
RFQ731-001153,certification,CN,FALSE_POSITIVE
RFQ731-000090,certification,CN,FALSE_POSITIVE
RFQ731-004776,waveInjector,FWI,FALSE_POSITIVE
RFQ731-002302,binaerOpenColl_MP,MP1,FALSE_POSITIVE
RFQ731-002983,stromEingaenge,IS1,FALSE_POSITIVE
RFQ731-002755,binaerOpenColl_MP,MP1,FALSE_POSITIVE
RFQ731-004264,temperaturEingaenge,TT1,FALSE_POSITIVE
RFQ731-004635,powerSupply,1,FALSE_POSITIVE
RFQ731-003613,explosionApproval,A,FALSE_POSITIVE
RFQ731-004271,binaerDigitalOpenColl_MN,MN2,FALSE_POSITIVE
RFQ731-001778,temperaturEingaenge,TT1,FALSE_POSITIVE
RFQ731-000522,temperaturEingaenge,TT1,FALSE_POSITIVE
RFQ731-002528,binaerOpenColl_MP,MP4,FALSE_POSITIVE
RFQ731-003114,devCategory,F,FALSE_POSITIVE
RFQ731-004514,explosionApproval,A,FALSE_POSITIVE
RFQ731-004103,binaerOpenColl_MP,MP1,FALSE_POSITIVE
RFQ731-003766,waveInjector,FWI,FALSE_POSITIVE
RFQ731-003264,explosionApproval,A,FALSE_POSITIVE
RFQ731-001334,waveInjector,FWI,FALSE_POSITIVE
RFQ731-000612,binaerOpenColl_MP,MP1,FALSE_POSITIVE
RFQ731-004828,explosionApproval,A,FALSE_POSITIVE
RFQ731-002133,dev_advMeterVerification,1,FALSE_POSITIVE
RFQ731-001290,waveInjector,FWI,FALSE_POSITIVE
RFQ731-002476,certification,CN,FALSE_POSITIVE
RFQ731-000059,explosionApproval,A,FALSE_POSITIVE
RFQ731-004884,binaerOpenColl_MP,MP1,FALSE_POSITIVE
RFQ731-002308,dev_advMeterVerification,1,FALSE_POSITIVE
RFQ731-004971,binaerOpenColl_MP,MP4,FALSE_POSITIVE
RFQ731-001911,explosionApproval,A,FALSE_POSITIVE
RFQ731-000676,explosionApproval,A,FALSE_POSITIVE
RFQ731-001146,temperaturEingaenge,TT1,FALSE_POSITIVE
RFQ731-002975,explosionApproval,A,FALSE_POSITIVE
RFQ731-002546,explosionApproval,A,FALSE_POSITIVE
RFQ731-003023,explosionApproval,A,FALSE_POSITIVE
RFQ731-003278,explosionApproval,A,FALSE_POSITIVE
RFQ731-003185,dynamicGasMaster,1,FALSE_POSITIVE
RFQ731-000870,certification,NN,FALSE_POSITIVE
RFQ731-000779,explosionApproval,A,FALSE_POSITIVE
RFQ731-004420,certification,CN,FALSE_POSITIVE
RFQ731-003980,explosionApproval,A,FALSE_POSITIVE
RFQ731-002177,explosionApproval,A,FALSE_POSITIVE
RFQ731-000452,explosionApproval,A,FALSE_POSITIVE
RFQ731-002330,explosionApproval,A,FALSE_POSITIVE
RFQ731-004105,numberOfChannels,1,FALSE_POSITIVE
RFQ731-000574,explosionApproval,A,FALSE_POSITIVE
RFQ731-001803,binaerOpenColl_MP,MP1,FALSE_POSITIVE
RFQ731-004270,dynamicGasMaster,1,FALSE_POSITIVE
RFQ731-002001,explosionApproval,A,FALSE_POSITIVE
RFQ731-000746,waveInjector,FWI,FALSE_POSITIVE
RFQ731-001764,temperaturEingaenge,TT1,FALSE_POSITIVE
RFQ731-002662,dynamicGasMaster,1,FALSE_POSITIVE
RFQ731-004383,binaerOpenColl_MP,MP1,FALSE_POSITIVE
RFQ731-001058,binaerOpenColl_MP,MP1,FALSE_POSITIVE
RFQ731-004418,waveInjector,FWI,FALSE_POSITIVE
RFQ731-002327,certification,CN,FALSE_POSITIVE
RFQ731-000951,binaerOpenColl_MP,MP1,FALSE_POSITIVE
RFQ731-001876,waveInjector,FWI,FALSE_POSITIVE
RFQ731-003584,numberOfChannels,1,FALSE_POSITIVE
RFQ731-003859,explosionApproval,A,FALSE_POSITIVE
RFQ731-002408,powerSupply,1,FALSE_POSITIVE
RFQ731-000133,waveInjector,FWI,FALSE_POSITIVE
RFQ731-001852,binaerOpenColl_MP,MP1,FALSE_POSITIVE
RFQ731-003407,binaerOpenColl_MP,MP1,FALSE_POSITIVE
RFQ731-003323,explosionApproval,A,FALSE_POSITIVE
RFQ731-000783,powerSupply,1,FALSE_POSITIVE
RFQ731-001789,explosionApproval,A,FALSE_POSITIVE
RFQ731-001451,explosionApproval,A,FALSE_POSITIVE
RFQ731-003981,temperaturEingaenge,TT1,FALSE_POSITIVE
RFQ731-002690,explosionApproval,A,FALSE_POSITIVE
RFQ731-000886,devCategory,F,FALSE_POSITIVE
RFQ731-003673,explosionApproval,A,FALSE_POSITIVE
RFQ731-002334,waveInjector,FWI,FALSE_POSITIVE
RFQ731-004183,explosionApproval,A,FALSE_POSITIVE
RFQ731-003576,dynamicGasMaster,1,FALSE_POSITIVE
RFQ731-003175,temperaturEingaenge,TT1,FALSE_POSITIVE
RFQ731-001238,binaerOpenColl_MP,MP1,FALSE_POSITIVE
RFQ731-004952,temperaturEingaenge,TT1,FALSE_POSITIVE
RFQ731-000582,numberOfChannels,1,FALSE_POSITIVE
RFQ731-000370,binaerOpenColl_MP,MP1,FALSE_POSITIVE
RFQ731-002559,explosionApproval,A,FALSE_POSITIVE
RFQ731-004014,temperaturEingaenge,TT1,FALSE_POSITIVE
RFQ731-000882,temperaturEingaenge,TT1,FALSE_POSITIVE
RFQ731-001470,certification,CN,FALSE_POSITIVE
RFQ731-003311,waveInjector,FWI,FALSE_POSITIVE
RFQ731-002415,explosionApproval,A,FALSE_POSITIVE
RFQ731-000048,waveInjector,FWI,FALSE_POSITIVE
RFQ731-001566,explosionApproval,A,FALSE_POSITIVE
RFQ731-002214,temperaturEingaenge,TT1,FALSE_POSITIVE
RFQ731-002891,temperaturEingaenge,TT1,FALSE_POSITIVE
RFQ731-004946,binaerOpenColl_MP,MP1,FALSE_POSITIVE
RFQ731-002168,temperaturEingaenge,TT1,FALSE_POSITIVE
RFQ731-003467,temperaturEingaenge,TT1,FALSE_POSITIVE
RFQ731-000474,numberOfChannels,1,FALSE_POSITIVE
RFQ731-001452,temperaturEingaenge,TT1,FALSE_POSITIVE
RFQ731-000679,binaerOpenColl_MP,MP1,FALSE_POSITIVE
RFQ731-001830,binaerOpenColl_MP,MP1,FALSE_POSITIVE
RFQ731-001977,temperaturEingaenge,TT1,FALSE_POSITIVE
RFQ731-001972,temperaturEingaenge,TT1,FALSE_POSITIVE
RFQ731-004854,explosionApproval,A,FALSE_POSITIVE
RFQ731-000101,temperaturEingaenge,TT1,FALSE_POSITIVE
RFQ731-004344,temperaturEingaenge,TT1,FALSE_POSITIVE
RFQ731-001311,explosionApproval,A,FALSE_POSITIVE
RFQ731-001111,dynamicGasMaster,1,FALSE_POSITIVE
RFQ731-000554,temperaturEingaenge,TT1,FALSE_POSITIVE
RFQ731-001604,explosionApproval,A,FALSE_POSITIVE
RFQ731-003580,explosionApproval,A,FALSE_POSITIVE
RFQ731-000876,stromEingaenge,IS1,FALSE_POSITIVE
RFQ731-003867,explosionApproval,A,FALSE_POSITIVE
RFQ731-000832,explosionApproval,A,FALSE_POSITIVE
RFQ731-002064,certification,CN,FALSE_POSITIVE
RFQ731-002083,dev_advMeterVerification,1,FALSE_POSITIVE
RFQ731-001989,binaerOpenColl_MP,MP1,FALSE_POSITIVE
RFQ731-002610,explosionApproval,A,FALSE_POSITIVE
RFQ731-001643,binaerDigitalOpenColl_MN,MN1,FALSE_POSITIVE
RFQ731-001026,binaerOpenColl_MP,MP1,FALSE_POSITIVE
RFQ731-001692,binaerDigitalOpenColl_MN,MN2,FALSE_POSITIVE
RFQ731-000404,binaerOpenColl_MP,MP1,FALSE_POSITIVE
RFQ731-002692,temperaturEingaenge,TT1,FALSE_POSITIVE
RFQ731-001570,powerSupply,1,FALSE_POSITIVE
RFQ731-002400,binaerOpenColl_MP,MP1,FALSE_POSITIVE
RFQ731-004574,binaerOpenColl_MP,MP1,FALSE_POSITIVE
RFQ731-000489,binaerOpenColl_MP,MP1,FALSE_POSITIVE
RFQ731-002278,explosionApproval,A,FALSE_POSITIVE
RFQ731-000565,certification,CN,FALSE_POSITIVE
RFQ731-002347,certification,CN,FALSE_POSITIVE
RFQ731-000704,explosionApproval,A,FALSE_POSITIVE
RFQ731-000605,waveInjector,FWI,FALSE_POSITIVE
RFQ731-003009,temperaturEingaenge,TT1,FALSE_POSITIVE
RFQ731-002790,binaerOpenColl_MP,MP1,FALSE_POSITIVE
RFQ731-004482,binaerDigitalOpenColl_MN,MN2,FALSE_POSITIVE
RFQ731-001081,certification,CN,FALSE_POSITIVE
RFQ731-002127,binaerOpenColl_MP,MP1,FALSE_POSITIVE
RFQ731-003898,explosionApproval,A,FALSE_POSITIVE
RFQ731-004200,dynamicGasMaster,1,FALSE_POSITIVE
RFQ731-001720,binaerOpenColl_MP,MP4,FALSE_POSITIVE
RFQ731-003834,binaerOpenColl_MP,MP1,FALSE_POSITIVE
RFQ731-000817,dev_advMeterVerification,1,FALSE_POSITIVE
RFQ731-002391,explosionApproval,A,FALSE_POSITIVE
RFQ731-000584,explosionApproval,A,FALSE_POSITIVE
RFQ731-004681,certification,CN,FALSE_POSITIVE
RFQ731-002023,dev_advMeterVerification,1,FALSE_POSITIVE
RFQ731-004354,binaerOpenColl_MP,MP1,FALSE_POSITIVE
RFQ731-004858,explosionApproval,A,FALSE_POSITIVE
RFQ731-002176,certification,CN,FALSE_POSITIVE
RFQ731-004642,explosionApproval,A,FALSE_POSITIVE
RFQ731-001118,explosionApproval,A,FALSE_POSITIVE
RFQ731-001540,explosionApproval,A,FALSE_POSITIVE
RFQ731-002605,binaerOpenColl_MP,MP1,FALSE_POSITIVE
RFQ731-000215,explosionApproval,A,FALSE_POSITIVE
RFQ731-004961,temperaturEingaenge,TT1,FALSE_POSITIVE
RFQ731-004785,temperaturEingaenge,TT1,FALSE_POSITIVE
RFQ731-003702,binaerOpenColl_MP,MP1,FALSE_POSITIVE
RFQ731-000062,explosionApproval,A,FALSE_POSITIVE
RFQ731-004220,certification,CN,FALSE_POSITIVE
RFQ731-002750,stromEingaenge,IS1,FALSE_POSITIVE
RFQ731-004770,dev_advMeterVerification,1,FALSE_POSITIVE
RFQ731-000847,waveInjector,FWI,FALSE_POSITIVE
RFQ731-002070,explosionApproval,A,FALSE_POSITIVE
RFQ731-003064,explosionApproval,A,FALSE_POSITIVE
RFQ731-004518,explosionApproval,A,FALSE_POSITIVE
RFQ731-004771,explosionApproval,A,FALSE_POSITIVE
RFQ731-003372,dev_advMeterVerification,1,FALSE_POSITIVE
RFQ731-000766,dynamicGasMaster,1,FALSE_POSITIVE
RFQ731-004524,explosionApproval,A,FALSE_POSITIVE
RFQ731-002868,explosionApproval,A,FALSE_POSITIVE
RFQ731-004772,dev_advMeterVerification,1,FALSE_POSITIVE
RFQ731-002105,explosionApproval,A,FALSE_POSITIVE
RFQ731-002192,dynamicGasMaster,1,FALSE_POSITIVE
RFQ731-000381,stromEingaenge,IS1,FALSE_POSITIVE
RFQ731-001952,explosionApproval,A,FALSE_POSITIVE
RFQ731-000487,temperaturEingaenge,TT1,FALSE_POSITIVE
RFQ731-000979,temperaturEingaenge,TT1,FALSE_POSITIVE
RFQ731-003615,dynamicGasMaster,1,FALSE_POSITIVE
RFQ731-003704,waveInjector,FWI,FALSE_POSITIVE
RFQ731-001666,explosionApproval,A,FALSE_POSITIVE
RFQ731-003189,temperaturEingaenge,TT1,FALSE_POSITIVE
RFQ731-000111,binaerOpenColl_MP,MP1,FALSE_POSITIVE
RFQ731-001103,temperaturEingaenge,TT1,FALSE_POSITIVE
RFQ731-000632,certification,CN,FALSE_POSITIVE
RFQ731-004399,binaerDigitalOpenColl_MN,MN2,FALSE_POSITIVE
RFQ731-004356,dev_advMeterVerification,1,FALSE_POSITIVE
RFQ731-003944,explosionApproval,A,FALSE_POSITIVE
RFQ731-000685,temperaturEingaenge,TT1,FALSE_POSITIVE
RFQ731-004780,devCategory,G,FALSE_POSITIVE
RFQ731-000482,binaerOpenColl_MP,MP1,FALSE_POSITIVE
RFQ731-001823,explosionApproval,A,FALSE_POSITIVE
RFQ731-000739,binaerDigitalOpenColl_MN,MN1,FALSE_POSITIVE
RFQ731-004894,dynamicGasMaster,1,FALSE_POSITIVE
RFQ731-002587,binaerDigitalOpenColl_MN,MN1,FALSE_POSITIVE
RFQ731-000667,certification,CN,FALSE_POSITIVE
RFQ731-000382,waveInjector,FWI,FALSE_POSITIVE
RFQ731-001944,explosionApproval,A,FALSE_POSITIVE
RFQ731-000024,waveInjector,FWI,FALSE_POSITIVE
RFQ731-000126,explosionApproval,A,FALSE_POSITIVE
RFQ731-002386,temperaturEingaenge,TT1,FALSE_POSITIVE
RFQ731-001287,explosionApproval,A,FALSE_POSITIVE
RFQ731-000180,waveInjector,FWI,FALSE_POSITIVE
RFQ731-001544,binaerOpenColl_MP,MP1,FALSE_POSITIVE
RFQ731-003757,waveInjector,FWI,FALSE_POSITIVE
RFQ731-001404,waveInjector,FWI,FALSE_POSITIVE
RFQ731-004414,certification,CN,FALSE_POSITIVE
RFQ731-003096,temperaturEingaenge,TT1,FALSE_POSITIVE
RFQ731-003465,explosionApproval,A,FALSE_POSITIVE
RFQ731-001297,waveInjector,FWI,FALSE_POSITIVE
RFQ731-002878,numberOfChannels,1,FALSE_POSITIVE
RFQ731-001861,explosionApproval,A,FALSE_POSITIVE
RFQ731-003118,waveInjector,FWI,FALSE_POSITIVE
RFQ731-001098,waveInjector,FWI,FALSE_POSITIVE
RFQ731-004056,devCategory,G,FALSE_POSITIVE
RFQ731-001970,binaerDigitalOpenColl_MN,MN2,FALSE_POSITIVE
RFQ731-002439,waveInjector,FWI,FALSE_POSITIVE
RFQ731-002843,binaerOpenColl_MP,MP1,FALSE_POSITIVE
RFQ731-000811,temperaturEingaenge,TT1,FALSE_POSITIVE
RFQ731-004423,temperaturEingaenge,TT1,FALSE_POSITIVE
RFQ731-001088,dev_advMeterVerification,1,FALSE_POSITIVE
RFQ731-000963,temperaturEingaenge,TT1,FALSE_POSITIVE
RFQ731-001360,certification,NN,FALSE_POSITIVE
RFQ731-004100,temperaturEingaenge,TT1,FALSE_POSITIVE
RFQ731-002046,waveInjector,FWI,FALSE_POSITIVE
RFQ731-000550,binaerOpenColl_MP,MP1,FALSE_POSITIVE
RFQ731-003968,explosionApproval,A,FALSE_POSITIVE
RFQ731-001192,dynamicGasMaster,1,FALSE_POSITIVE
RFQ731-003074,waveInjector,FWI,FALSE_POSITIVE
RFQ731-004281,binaerOpenColl_MP,MP1,FALSE_POSITIVE
RFQ731-000928,binaerOpenColl_MP,MP1,FALSE_POSITIVE
RFQ731-002516,certification,CN,FALSE_POSITIVE
RFQ731-000738,certification,CN,FALSE_POSITIVE
RFQ731-002588,waveInjector,FWI,FALSE_POSITIVE
RFQ731-003851,temperaturEingaenge,TT1,FALSE_POSITIVE
RFQ731-003861,temperaturEingaenge,TT1,FALSE_POSITIVE
RFQ731-002499,temperaturEingaenge,TT1,FALSE_POSITIVE
RFQ731-004661,binaerOpenColl_MP,MP1,FALSE_POSITIVE
RFQ731-002902,explosionApproval,A,FALSE_POSITIVE
RFQ731-001648,explosionApproval,A,FALSE_POSITIVE
RFQ731-002928,explosionApproval,A,FALSE_POSITIVE
RFQ731-001105,dynamicGasMaster,1,FALSE_POSITIVE
RFQ731-000581,explosionApproval,A,FALSE_POSITIVE
RFQ731-002049,stromEingaenge,IS1,FALSE_POSITIVE
RFQ731-001481,powerSupply,1,FALSE_POSITIVE
RFQ731-000625,temperaturEingaenge,TT1,FALSE_POSITIVE
RFQ731-000926,dynamicGasMaster,1,FALSE_POSITIVE
RFQ731-000442,temperaturEingaenge,TT1,FALSE_POSITIVE
RFQ731-001251,binaerOpenColl_MP,MP1,FALSE_POSITIVE
RFQ731-002642,dev_advMeterVerification,1,FALSE_POSITIVE
RFQ731-004254,binaerDigitalOpenColl_MN,MN2,FALSE_POSITIVE
RFQ731-000879,certification,CN,FALSE_POSITIVE
RFQ731-002048,dev_advMeterVerification,1,FALSE_POSITIVE
RFQ731-002304,explosionApproval,A,FALSE_POSITIVE
RFQ731-003529,dynamicGasMaster,1,FALSE_POSITIVE
RFQ731-001871,explosionApproval,A,FALSE_POSITIVE
RFQ731-002248,explosionApproval,A,FALSE_POSITIVE
RFQ731-002016,dev_advMeterVerification,1,FALSE_POSITIVE
RFQ731-004028,certification,CN,FALSE_POSITIVE
RFQ731-002348,explosionApproval,A,FALSE_POSITIVE
RFQ731-000408,explosionApproval,A,FALSE_POSITIVE
RFQ731-003690,explosionApproval,A,FALSE_POSITIVE
RFQ731-001632,explosionApproval,A,FALSE_POSITIVE
RFQ731-001956,certification,CN,FALSE_POSITIVE
RFQ731-001308,explosionApproval,A,FALSE_POSITIVE
RFQ731-004876,binaerOpenColl_MP,MP1,FALSE_POSITIVE
RFQ731-000787,explosionApproval,A,FALSE_POSITIVE
RFQ731-003553,binaerOpenColl_MP,MP1,FALSE_POSITIVE
RFQ731-001607,certification,CN,FALSE_POSITIVE
RFQ731-001885,dynamicGasMaster,1,FALSE_POSITIVE
RFQ731-003278,certification,NN,FALSE_POSITIVE
RFQ731-002226,stromEingaenge,IS1,FALSE_POSITIVE
RFQ731-004396,explosionApproval,A,FALSE_POSITIVE
RFQ731-002464,explosionApproval,A,FALSE_POSITIVE
RFQ731-000476,certification,CN,FALSE_POSITIVE
RFQ731-001274,temperaturEingaenge,TT1,FALSE_POSITIVE
RFQ731-003443,certification,CN,FALSE_POSITIVE
RFQ731-000229,explosionApproval,A,FALSE_POSITIVE
RFQ731-004440,explosionApproval,A,FALSE_POSITIVE
RFQ731-001381,binaerOpenColl_MP,MP4,FALSE_POSITIVE
RFQ731-001063,binaerOpenColl_MP,MP1,FALSE_POSITIVE
RFQ731-002736,explosionApproval,A,FALSE_POSITIVE
RFQ731-002398,explosionApproval,A,FALSE_POSITIVE
RFQ731-004281,dev_advMeterVerification,1,FALSE_POSITIVE
RFQ731-004210,dynamicGasMaster,1,FALSE_POSITIVE
RFQ731-003512,binaerOpenColl_MP,MP1,FALSE_POSITIVE
RFQ731-001134,explosionApproval,A,FALSE_POSITIVE
RFQ731-004913,certification,CN,FALSE_POSITIVE
RFQ731-003254,explosionApproval,A,FALSE_POSITIVE
RFQ731-004353,dynamicGasMaster,1,FALSE_POSITIVE
RFQ731-000465,explosionApproval,A,FALSE_POSITIVE
RFQ731-002965,temperaturEingaenge,TT1,FALSE_POSITIVE
RFQ731-000662,explosionApproval,A,FALSE_POSITIVE
RFQ731-002719,numberOfChannels,1,FALSE_POSITIVE
RFQ731-003654,certification,CN,FALSE_POSITIVE
RFQ731-002105,stromSchaltbar,CS1,FALSE_POSITIVE
RFQ731-001532,certification,CN,FALSE_POSITIVE
RFQ731-004710,explosionApproval,A,FALSE_POSITIVE
RFQ731-003355,certification,CN,FALSE_POSITIVE
RFQ731-001580,dynamicGasMaster,1,FALSE_POSITIVE
RFQ731-003727,certification,CN,FALSE_POSITIVE
RFQ731-001301,temperaturEingaenge,TT1,FALSE_POSITIVE
RFQ731-004921,explosionApproval,A,FALSE_POSITIVE
RFQ731-002401,temperaturEingaenge,TT1,FALSE_POSITIVE
RFQ731-004176,certification,CN,FALSE_POSITIVE
RFQ731-002229,temperaturEingaenge,TT1,FALSE_POSITIVE
RFQ731-000162,explosionApproval,A,FALSE_POSITIVE
RFQ731-003778,numberOfChannels,1,FALSE_POSITIVE
RFQ731-000594,binaerOpenColl_MP,MP1,FALSE_POSITIVE
RFQ731-002101,certification,CN,FALSE_POSITIVE
RFQ731-000445,temperaturEingaenge,TT1,FALSE_POSITIVE
RFQ731-001470,binaerOpenColl_MP,MP1,FALSE_POSITIVE
RFQ731-003554,certification,CN,FALSE_POSITIVE
RFQ731-001492,temperaturEingaenge,TT1,FALSE_POSITIVE
RFQ731-003302,binaerOpenColl_MP,MP1,FALSE_POSITIVE
RFQ731-001753,temperaturEingaenge,TT1,FALSE_POSITIVE
RFQ731-003717,certification,CN,FALSE_POSITIVE
RFQ731-002425,temperaturEingaenge,TT1,FALSE_POSITIVE
RFQ731-004588,explosionApproval,A,FALSE_POSITIVE
RFQ731-004045,explosionApproval,A,FALSE_POSITIVE
RFQ731-001521,binaerOpenColl_MP,MP1,FALSE_POSITIVE
RFQ731-000835,explosionApproval,A,FALSE_POSITIVE
RFQ731-004974,explosionApproval,A,FALSE_POSITIVE
RFQ731-002217,temperaturEingaenge,TT1,FALSE_POSITIVE
RFQ731-004964,devCategory,G,FALSE_POSITIVE
RFQ731-000833,stromEingaenge,IS1,FALSE_POSITIVE
RFQ731-001344,powerSupply,1,FALSE_POSITIVE
RFQ731-001409,explosionApproval,A,FALSE_POSITIVE
RFQ731-004555,explosionApproval,A,FALSE_POSITIVE
RFQ731-003133,explosionApproval,A,FALSE_POSITIVE
RFQ731-004565,certification,CN,FALSE_POSITIVE
RFQ731-002334,explosionApproval,A,FALSE_POSITIVE
RFQ731-001056,temperaturEingaenge,TT1,FALSE_POSITIVE
RFQ731-003020,stromEingaenge,IS1,FALSE_POSITIVE
RFQ731-004755,temperaturEingaenge,TT1,FALSE_POSITIVE
RFQ731-001869,certification,CN,FALSE_POSITIVE
RFQ731-003926,stromEingaenge,IS1,FALSE_POSITIVE
RFQ731-000307,explosionApproval,A,FALSE_POSITIVE
RFQ731-004417,explosionApproval,A,FALSE_POSITIVE
RFQ731-004796,explosionApproval,A,FALSE_POSITIVE
RFQ731-000480,temperaturEingaenge,TT1,FALSE_POSITIVE
RFQ731-003320,binaerOpenColl_MP,MP1,FALSE_POSITIVE
RFQ731-000183,dev_advMeterVerification,1,FALSE_POSITIVE
RFQ731-000993,explosionApproval,A,FALSE_POSITIVE
RFQ731-003805,dynamicGasMaster,1,FALSE_POSITIVE
RFQ731-000380,dynamicGasMaster,1,FALSE_POSITIVE
RFQ731-000543,explosionApproval,A,FALSE_POSITIVE
RFQ731-000312,certification,CN,FALSE_POSITIVE
RFQ731-003655,waveInjector,FWI,FALSE_POSITIVE
RFQ731-000044,explosionApproval,A,FALSE_POSITIVE
RFQ731-000292,temperaturEingaenge,TT1,FALSE_POSITIVE
RFQ731-002816,binaerOpenColl_MP,MP1,FALSE_POSITIVE
RFQ731-002453,explosionApproval,A,FALSE_POSITIVE
RFQ731-002992,explosionApproval,A,FALSE_POSITIVE
RFQ731-004320,explosionApproval,A,FALSE_POSITIVE
RFQ731-000410,binaerOpenColl_MP,MP1,FALSE_POSITIVE
RFQ731-003674,temperaturEingaenge,TT1,FALSE_POSITIVE
RFQ731-004487,certification,CN,FALSE_POSITIVE
RFQ731-004491,certification,CN,FALSE_POSITIVE
RFQ731-004053,temperaturEingaenge,TT1,FALSE_POSITIVE
RFQ731-001898,binaerDigitalOpenColl_MN,MN2,FALSE_POSITIVE
RFQ731-002194,binaerOpenColl_MP,MP1,FALSE_POSITIVE
RFQ731-002282,dynamicGasMaster,1,FALSE_POSITIVE
RFQ731-000660,certification,CN,FALSE_POSITIVE
RFQ731-004190,temperaturEingaenge,TT1,FALSE_POSITIVE
RFQ731-002255,waveInjector,FWI,FALSE_POSITIVE
RFQ731-000010,explosionApproval,A,FALSE_POSITIVE
RFQ731-004803,explosionApproval,A,FALSE_POSITIVE
RFQ731-004342,waveInjector,FWI,FALSE_POSITIVE
RFQ731-003805,binaerOpenColl_MP,MP1,FALSE_POSITIVE
RFQ731-003710,temperaturEingaenge,TT1,FALSE_POSITIVE
RFQ731-000814,dynamicGasMaster,1,FALSE_POSITIVE
RFQ731-004022,certification,CN,FALSE_POSITIVE
RFQ731-000813,explosionApproval,A,FALSE_POSITIVE
RFQ731-000561,explosionApproval,A,FALSE_POSITIVE
RFQ731-002514,stromEingaenge,IS1,FALSE_POSITIVE
RFQ731-004788,explosionApproval,A,FALSE_POSITIVE
RFQ731-004866,binaerOpenColl_MP,MP1,FALSE_POSITIVE
RFQ731-002982,dynamicGasMaster,1,FALSE_POSITIVE
RFQ731-004985,binaerDigitalOpenColl_MN,MN1,FALSE_POSITIVE
RFQ731-003061,certification,CN,FALSE_POSITIVE
RFQ731-001606,binaerOpenColl_MP,MP1,FALSE_POSITIVE
RFQ731-004451,explosionApproval,A,FALSE_POSITIVE
RFQ731-004442,temperaturEingaenge,TT1,FALSE_POSITIVE
RFQ731-004311,temperaturEingaenge,TT1,FALSE_POSITIVE
RFQ731-003758,explosionApproval,A,FALSE_POSITIVE
RFQ731-002556,explosionApproval,A,FALSE_POSITIVE
RFQ731-002627,waveInjector,FWI,FALSE_POSITIVE
RFQ731-003033,explosionApproval,A,FALSE_POSITIVE
RFQ731-001198,waveInjector,FWI,FALSE_POSITIVE
RFQ731-000456,binaerOpenColl_MP,MP4,FALSE_POSITIVE
RFQ731-002109,certification,CN,FALSE_POSITIVE
RFQ731-000802,dynamicGasMaster,1,FALSE_POSITIVE
RFQ731-000364,devCategory,G,FALSE_POSITIVE
RFQ731-001355,explosionApproval,A,FALSE_POSITIVE
RFQ731-003271,waveInjector,FWI,FALSE_POSITIVE
RFQ731-002607,certification,CN,FALSE_POSITIVE
RFQ731-004283,certification,CN,FALSE_POSITIVE
RFQ731-000261,dynamicGasMaster,1,FALSE_POSITIVE
RFQ731-003688,binaerOpenColl_MP,MP1,FALSE_POSITIVE
RFQ731-000765,temperaturEingaenge,TT1,FALSE_POSITIVE
RFQ731-001413,explosionApproval,A,FALSE_POSITIVE
RFQ731-003586,certification,CN,FALSE_POSITIVE
RFQ731-001895,explosionApproval,A,FALSE_POSITIVE
RFQ731-004375,binaerOpenColl_MP,MP1,FALSE_POSITIVE
RFQ731-004138,devCategory,F,FALSE_POSITIVE
RFQ731-003780,binaerDigitalOpenColl_MN,MN1,FALSE_POSITIVE
RFQ731-003681,temperaturEingaenge,TT1,FALSE_POSITIVE
RFQ731-002631,explosionApproval,A,FALSE_POSITIVE
RFQ731-003982,binaerOpenColl_MP,MP1,FALSE_POSITIVE
RFQ731-000910,binaerDigitalOpenColl_MN,MN2,FALSE_POSITIVE
RFQ731-001091,dev_advMeterVerification,1,FALSE_POSITIVE
RFQ731-001523,waveInjector,FWI,FALSE_POSITIVE
RFQ731-003557,explosionApproval,A,FALSE_POSITIVE
RFQ731-004911,certification,CN,FALSE_POSITIVE
RFQ731-004636,explosionApproval,A,FALSE_POSITIVE
RFQ731-001228,explosionApproval,A,FALSE_POSITIVE
RFQ731-002667,binaerOpenColl_MP,MP1,FALSE_POSITIVE
RFQ731-000142,certification,CN,FALSE_POSITIVE
RFQ731-002925,binaerOpenColl_MP,MP1,FALSE_POSITIVE
RFQ731-002697,temperaturEingaenge,TT1,FALSE_POSITIVE
RFQ731-004291,devCategory,F,FALSE_POSITIVE
RFQ731-003535,certification,CN,FALSE_POSITIVE
RFQ731-001474,dev_advMeterVerification,1,FALSE_POSITIVE
RFQ731-000250,binaerOpenColl_MP,MP1,FALSE_POSITIVE
RFQ731-000415,binaerDigitalOpenColl_MN,MN1,FALSE_POSITIVE
RFQ731-004060,explosionApproval,A,FALSE_POSITIVE
RFQ731-002271,dynamicGasMaster,1,FALSE_POSITIVE
RFQ731-004910,temperaturEingaenge,TT1,FALSE_POSITIVE
RFQ731-003174,temperaturEingaenge,TT1,FALSE_POSITIVE
RFQ731-004455,temperaturEingaenge,TT1,FALSE_POSITIVE
RFQ731-000066,explosionApproval,A,FALSE_POSITIVE
RFQ731-000280,dynamicGasMaster,1,FALSE_POSITIVE
RFQ731-003193,temperaturEingaenge,TT1,FALSE_POSITIVE
RFQ731-001891,explosionApproval,A,FALSE_POSITIVE
RFQ731-002148,explosionApproval,A,FALSE_POSITIVE
RFQ731-004365,binaerOpenColl_MP,MP1,FALSE_POSITIVE
RFQ731-002808,dev_advMeterVerification,1,FALSE_POSITIVE
RFQ731-003049,temperaturEingaenge,TT1,FALSE_POSITIVE
RFQ731-004398,explosionApproval,A,FALSE_POSITIVE
RFQ731-000402,waveInjector,FWI,FALSE_POSITIVE
RFQ731-002691,certification,CN,FALSE_POSITIVE
RFQ731-003706,explosionApproval,A,FALSE_POSITIVE
RFQ731-000980,explosionApproval,A,FALSE_POSITIVE
RFQ731-004174,waveInjector,FWI,FALSE_POSITIVE
RFQ731-003654,binaerOpenColl_MP,MP1,FALSE_POSITIVE
RFQ731-000042,temperaturEingaenge,TT1,FALSE_POSITIVE
RFQ731-000752,explosionApproval,A,FALSE_POSITIVE
RFQ731-003656,binaerOpenColl_MP,MP1,FALSE_POSITIVE
RFQ731-002123,dynamicGasMaster,1,FALSE_POSITIVE
RFQ731-002126,temperaturEingaenge,TT1,FALSE_POSITIVE
RFQ731-003286,dev_advMeterVerification,1,FALSE_POSITIVE
RFQ731-001684,explosionApproval,A,FALSE_POSITIVE
RFQ731-000423,explosionApproval,A,FALSE_POSITIVE
RFQ731-004766,explosionApproval,A,FALSE_POSITIVE
RFQ731-001223,explosionApproval,A,FALSE_POSITIVE
RFQ731-003058,explosionApproval,A,FALSE_POSITIVE
RFQ731-000005,explosionApproval,A,FALSE_POSITIVE
RFQ731-002436,dynamicGasMaster,1,FALSE_POSITIVE
RFQ731-002782,waveInjector,FWI,FALSE_POSITIVE
RFQ731-001980,temperaturEingaenge,TT1,FALSE_POSITIVE
RFQ731-003617,explosionApproval,A,FALSE_POSITIVE
RFQ731-001010,dynamicGasMaster,1,FALSE_POSITIVE
RFQ731-001333,temperaturEingaenge,TT1,FALSE_POSITIVE
RFQ731-004382,explosionApproval,A,FALSE_POSITIVE
RFQ731-004273,temperaturEingaenge,TT1,FALSE_POSITIVE
RFQ731-001515,explosionApproval,A,FALSE_POSITIVE
RFQ731-003815,explosionApproval,A,FALSE_POSITIVE
RFQ731-003790,explosionApproval,A,FALSE_POSITIVE
RFQ731-002339,temperaturEingaenge,TT1,FALSE_POSITIVE
RFQ731-002517,explosionApproval,A,FALSE_POSITIVE
RFQ731-004899,explosionApproval,A,FALSE_POSITIVE
RFQ731-003420,temperaturEingaenge,TT1,FALSE_POSITIVE
RFQ731-003029,explosionApproval,A,FALSE_POSITIVE
RFQ731-002733,explosionApproval,A,FALSE_POSITIVE
RFQ731-001725,binaerOpenColl_MP,MP1,FALSE_POSITIVE
RFQ731-004711,explosionApproval,A,FALSE_POSITIVE
RFQ731-001265,waveInjector,FWI,FALSE_POSITIVE
RFQ731-004276,waveInjector,FWI,FALSE_POSITIVE
RFQ731-003708,certification,CN,FALSE_POSITIVE
RFQ731-003879,binaerDigitalOpenColl_MN,MN2,FALSE_POSITIVE
RFQ731-001021,temperaturEingaenge,TT1,FALSE_POSITIVE
RFQ731-001532,binaerOpenColl_MP,MP1,FALSE_POSITIVE
RFQ731-002012,certification,CN,FALSE_POSITIVE
RFQ731-002338,binaerOpenColl_MP,MP1,FALSE_POSITIVE
RFQ731-002022,explosionApproval,A,FALSE_POSITIVE
RFQ731-003662,explosionApproval,A,FALSE_POSITIVE
RFQ731-000449,certification,CN,FALSE_POSITIVE
RFQ731-004807,temperaturEingaenge,TT1,FALSE_POSITIVE
RFQ731-002341,waveInjector,FWI,FALSE_POSITIVE
RFQ731-002509,certification,CN,FALSE_POSITIVE
RFQ731-001477,certification,CN,FALSE_POSITIVE
RFQ731-003250,temperaturEingaenge,TT1,FALSE_POSITIVE
RFQ731-004010,certification,CN,FALSE_POSITIVE
RFQ731-002939,numberOfChannels,1,FALSE_POSITIVE
RFQ731-001685,temperaturEingaenge,TT1,FALSE_POSITIVE
RFQ731-000270,temperaturEingaenge,TT1,FALSE_POSITIVE
RFQ731-003863,explosionApproval,A,FALSE_POSITIVE
RFQ731-002718,binaerDigitalOpenColl_MN,MN2,FALSE_POSITIVE
RFQ731-002457,certification,CN,FALSE_POSITIVE
RFQ731-001561,binaerOpenColl_MP,MP1,FALSE_POSITIVE
RFQ731-001211,dev_advMeterVerification,1,FALSE_POSITIVE
RFQ731-000213,certification,CN,FALSE_POSITIVE
RFQ731-002231,stromSchaltbar,CS1,FALSE_POSITIVE
RFQ731-000056,binaerOpenColl_MP,MP1,FALSE_POSITIVE
RFQ731-003219,binaerOpenColl_MP,MP1,FALSE_POSITIVE
RFQ731-000477,explosionApproval,A,FALSE_POSITIVE
RFQ731-003060,explosionApproval,A,FALSE_POSITIVE
RFQ731-003584,dynamicGasMaster,1,FALSE_POSITIVE
RFQ731-004877,certification,CN,FALSE_POSITIVE
RFQ731-004853,waveInjector,FWI,FALSE_POSITIVE
RFQ731-001900,certification,CN,FALSE_POSITIVE
RFQ731-002462,dynamicGasMaster,1,FALSE_POSITIVE
RFQ731-000675,dynamicGasMaster,1,FALSE_POSITIVE
RFQ731-001472,explosionApproval,A,FALSE_POSITIVE
RFQ731-002970,binaerDigitalOpenColl_MN,MN1,FALSE_POSITIVE
RFQ731-002318,explosionApproval,A,FALSE_POSITIVE
RFQ731-002208,certification,CN,FALSE_POSITIVE
RFQ731-000678,waveInjector,FWI,FALSE_POSITIVE
RFQ731-004260,binaerDigitalOpenColl_MN,MN1,FALSE_POSITIVE
RFQ731-001435,explosionApproval,A,FALSE_POSITIVE
RFQ731-002706,explosionApproval,A,FALSE_POSITIVE
RFQ731-000271,explosionApproval,A,FALSE_POSITIVE
RFQ731-001294,temperaturEingaenge,TT1,FALSE_POSITIVE
RFQ731-001741,temperaturEingaenge,TT1,FALSE_POSITIVE
RFQ731-003438,temperaturEingaenge,TT1,FALSE_POSITIVE
RFQ731-000395,binaerOpenColl_MP,MP1,FALSE_POSITIVE
RFQ731-004290,explosionApproval,A,FALSE_POSITIVE
RFQ731-002206,dynamicGasMaster,1,FALSE_POSITIVE
RFQ731-004470,waveInjector,FWI,FALSE_POSITIVE
RFQ731-001160,temperaturEingaenge,TT1,FALSE_POSITIVE
RFQ731-003963,explosionApproval,A,FALSE_POSITIVE
RFQ731-003422,explosionApproval,A,FALSE_POSITIVE
RFQ731-000183,devCategory,F,FALSE_POSITIVE
RFQ731-000647,explosionApproval,A,FALSE_POSITIVE
RFQ731-003411,temperaturEingaenge,TT1,FALSE_POSITIVE
RFQ731-004949,dynamicGasMaster,1,FALSE_POSITIVE
RFQ731-004157,binaerOpenColl_MP,MP1,FALSE_POSITIVE
RFQ731-001232,explosionApproval,A,FALSE_POSITIVE
RFQ731-000905,explosionApproval,A,FALSE_POSITIVE
RFQ731-004234,waveInjector,FWI,FALSE_POSITIVE
RFQ731-000001,certification,CN,FALSE_POSITIVE
RFQ731-000194,explosionApproval,A,FALSE_POSITIVE
RFQ731-001833,explosionApproval,A,FALSE_POSITIVE
RFQ731-002480,binaerOpenColl_MP,MP1,FALSE_POSITIVE
RFQ731-002466,explosionApproval,A,FALSE_POSITIVE
RFQ731-000409,explosionApproval,A,FALSE_POSITIVE
RFQ731-003095,certification,CN,FALSE_POSITIVE
RFQ731-002358,dynamicGasMaster,1,FALSE_POSITIVE
RFQ731-001406,explosionApproval,A,FALSE_POSITIVE
RFQ731-000967,certification,CN,FALSE_POSITIVE
RFQ731-001058,temperaturEingaenge,TT1,FALSE_POSITIVE
RFQ731-003676,binaerDigitalOpenColl_MN,MN1,FALSE_POSITIVE
RFQ731-004856,devCategory,F,FALSE_POSITIVE
RFQ731-001230,binaerOpenColl_MP,MP1,FALSE_POSITIVE
RFQ731-001247,explosionApproval,A,FALSE_POSITIVE
RFQ731-003452,certification,CN,FALSE_POSITIVE
RFQ731-002652,certification,CN,FALSE_POSITIVE
RFQ731-004280,explosionApproval,A,FALSE_POSITIVE
RFQ731-001000,temperaturEingaenge,TT1,FALSE_POSITIVE
RFQ731-000961,temperaturEingaenge,TT1,FALSE_POSITIVE
RFQ731-002798,explosionApproval,A,FALSE_POSITIVE
RFQ731-002075,explosionApproval,A,FALSE_POSITIVE
RFQ731-002399,explosionApproval,A,FALSE_POSITIVE
RFQ731-001125,dynamicGasMaster,1,FALSE_POSITIVE
RFQ731-001828,explosionApproval,A,FALSE_POSITIVE
RFQ731-004033,explosionApproval,A,FALSE_POSITIVE
RFQ731-004748,waveInjector,FWI,FALSE_POSITIVE
RFQ731-001831,temperaturEingaenge,TT1,FALSE_POSITIVE
RFQ731-004198,explosionApproval,A,FALSE_POSITIVE
RFQ731-000978,certification,CN,FALSE_POSITIVE
RFQ731-004147,binaerOpenColl_MP,MP4,FALSE_POSITIVE
RFQ731-001628,stromEingaenge,IS1,FALSE_POSITIVE
RFQ731-001757,explosionApproval,A,FALSE_POSITIVE
RFQ731-003831,explosionApproval,A,FALSE_POSITIVE
RFQ731-001074,temperaturEingaenge,TT1,FALSE_POSITIVE
RFQ731-002060,explosionApproval,A,FALSE_POSITIVE
RFQ731-000921,explosionApproval,A,FALSE_POSITIVE
RFQ731-004425,explosionApproval,A,FALSE_POSITIVE
RFQ731-001646,binaerOpenColl_MP,MP1,FALSE_POSITIVE
RFQ731-000170,waveInjector,FWI,FALSE_POSITIVE
RFQ731-003028,dev_advMeterVerification,1,FALSE_POSITIVE
RFQ731-003748,explosionApproval,A,FALSE_POSITIVE
RFQ731-000165,binaerOpenColl_MP,MP1,FALSE_POSITIVE
RFQ731-002189,certification,CN,FALSE_POSITIVE
RFQ731-002899,temperaturEingaenge,TT1,FALSE_POSITIVE
RFQ731-000589,waveInjector,FWI,FALSE_POSITIVE
RFQ731-004721,temperaturEingaenge,TT1,FALSE_POSITIVE
RFQ731-004166,waveInjector,FWI,FALSE_POSITIVE
RFQ731-001602,certification,CN,FALSE_POSITIVE
RFQ731-002778,temperaturEingaenge,TT1,FALSE_POSITIVE
RFQ731-004578,temperaturEingaenge,TT1,FALSE_POSITIVE
RFQ731-003290,binaerOpenColl_MP,MP1,FALSE_POSITIVE
RFQ731-001982,temperaturEingaenge,TT1,FALSE_POSITIVE
RFQ731-002927,waveInjector,FWI,FALSE_POSITIVE
RFQ731-002366,explosionApproval,A,FALSE_POSITIVE
RFQ731-001100,binaerOpenColl_MP,MP1,FALSE_POSITIVE
RFQ731-002176,devCategory,F,FALSE_POSITIVE
RFQ731-003754,explosionApproval,A,FALSE_POSITIVE
RFQ731-003589,explosionApproval,A,FALSE_POSITIVE
RFQ731-001219,dynamicGasMaster,1,FALSE_POSITIVE
RFQ731-000838,explosionApproval,A,FALSE_POSITIVE
RFQ731-000310,temperaturEingaenge,TT1,FALSE_POSITIVE
RFQ731-004066,explosionApproval,A,FALSE_POSITIVE
RFQ731-001481,temperaturEingaenge,TT1,FALSE_POSITIVE
RFQ731-000450,temperaturEingaenge,TT1,FALSE_POSITIVE
RFQ731-003722,devCategory,G,FALSE_POSITIVE
RFQ731-004238,explosionApproval,A,FALSE_POSITIVE
RFQ731-000929,explosionApproval,A,FALSE_POSITIVE
RFQ731-001997,explosionApproval,A,FALSE_POSITIVE
RFQ731-000900,binaerOpenColl_MP,MP1,FALSE_POSITIVE
RFQ731-003873,explosionApproval,A,FALSE_POSITIVE
RFQ731-004489,dev_advMeterVerification,1,FALSE_POSITIVE
RFQ731-003573,temperaturEingaenge,TT1,FALSE_POSITIVE
RFQ731-003493,explosionApproval,A,FALSE_POSITIVE
RFQ731-001088,temperaturEingaenge,TT1,FALSE_POSITIVE
RFQ731-002238,binaerOpenColl_MP,MP1,FALSE_POSITIVE
RFQ731-000792,explosionApproval,A,FALSE_POSITIVE
RFQ731-000851,binaerOpenColl_MP,MP1,FALSE_POSITIVE
RFQ731-001373,temperaturEingaenge,TT1,FALSE_POSITIVE
RFQ731-004446,waveInjector,FWI,FALSE_POSITIVE
RFQ731-001389,binaerDigitalOpenColl_MN,MN1,FALSE_POSITIVE
RFQ731-004244,waveInjector,FWI,FALSE_POSITIVE
RFQ731-000163,binaerOpenColl_MP,MP1,FALSE_POSITIVE
RFQ731-004625,binaerOpenColl_MP,MP1,FALSE_POSITIVE
RFQ731-004838,explosionApproval,A,FALSE_POSITIVE
RFQ731-004624,explosionApproval,A,FALSE_POSITIVE
RFQ731-004404,explosionApproval,A,FALSE_POSITIVE
RFQ731-000435,binaerOpenColl_MP,MP1,FALSE_POSITIVE
RFQ731-000036,explosionApproval,A,FALSE_POSITIVE
RFQ731-002744,explosionApproval,A,FALSE_POSITIVE
RFQ731-003509,binaerOpenColl_MP,MP1,FALSE_POSITIVE
RFQ731-002027,binaerOpenColl_MP,MP1,FALSE_POSITIVE
RFQ731-001403,stromEingaenge,IS1,FALSE_POSITIVE
RFQ731-002079,explosionApproval,A,FALSE_POSITIVE
RFQ731-003212,certification,CN,FALSE_POSITIVE
RFQ731-003881,dynamicGasMaster,1,FALSE_POSITIVE
RFQ731-002762,explosionApproval,A,FALSE_POSITIVE
RFQ731-001766,waveInjector,FWI,FALSE_POSITIVE
RFQ731-003081,certification,CN,FALSE_POSITIVE
RFQ731-002833,dev_advMeterVerification,1,FALSE_POSITIVE
RFQ731-003653,certification,CN,FALSE_POSITIVE
RFQ731-004521,temperaturEingaenge,TT1,FALSE_POSITIVE
RFQ731-000772,certification,CN,FALSE_POSITIVE
RFQ731-002307,explosionApproval,A,FALSE_POSITIVE
RFQ731-004785,explosionApproval,A,FALSE_POSITIVE
RFQ731-002772,stromEingaenge,IS1,FALSE_POSITIVE
RFQ731-004078,explosionApproval,A,FALSE_POSITIVE
RFQ731-004352,explosionApproval,A,FALSE_POSITIVE
RFQ731-004545,explosionApproval,A,FALSE_POSITIVE
RFQ731-000098,binaerOpenColl_MP,MP1,FALSE_POSITIVE
RFQ731-001844,certification,CN,FALSE_POSITIVE
RFQ731-004798,stromEingaenge,IS1,FALSE_POSITIVE
RFQ731-004922,certification,CN,FALSE_POSITIVE
RFQ731-002657,waveInjector,FWI,FALSE_POSITIVE
RFQ731-002136,certification,CN,FALSE_POSITIVE
RFQ731-003728,explosionApproval,A,FALSE_POSITIVE
RFQ731-000032,explosionApproval,A,FALSE_POSITIVE
RFQ731-004295,temperaturEingaenge,TT1,FALSE_POSITIVE
RFQ731-003983,stromEingaenge,IS1,FALSE_POSITIVE
RFQ731-003297,explosionApproval,A,FALSE_POSITIVE
RFQ731-001027,waveInjector,FWI,FALSE_POSITIVE
RFQ731-004957,explosionApproval,A,FALSE_POSITIVE
RFQ731-003567,dynamicGasMaster,1,FALSE_POSITIVE
RFQ731-000073,temperaturEingaenge,TT1,FALSE_POSITIVE
RFQ731-000918,temperaturEingaenge,TT1,FALSE_POSITIVE
RFQ731-002802,explosionApproval,A,FALSE_POSITIVE
RFQ731-003787,dynamicGasMaster,1,FALSE_POSITIVE
RFQ731-000324,temperaturEingaenge,TT1,FALSE_POSITIVE
RFQ731-003598,binaerOpenColl_MP,MP1,FALSE_POSITIVE
RFQ731-003691,temperaturEingaenge,TT1,FALSE_POSITIVE
RFQ731-002746,explosionApproval,A,FALSE_POSITIVE
RFQ731-001998,temperaturEingaenge,TT1,FALSE_POSITIVE
RFQ731-004342,binaerOpenColl_MP,MP4,FALSE_POSITIVE
RFQ731-000360,explosionApproval,A,FALSE_POSITIVE
RFQ731-001448,binaerOpenColl_MP,MP1,FALSE_POSITIVE
RFQ731-003063,waveInjector,FWI,FALSE_POSITIVE
RFQ731-003642,dynamicGasMaster,1,FALSE_POSITIVE
RFQ731-000842,temperaturEingaenge,TT1,FALSE_POSITIVE
RFQ731-003466,binaerOpenColl_MP,MP1,FALSE_POSITIVE
RFQ731-003792,explosionApproval,A,FALSE_POSITIVE
RFQ731-000638,certification,CN,FALSE_POSITIVE
RFQ731-003778,dynamicGasMaster,1,FALSE_POSITIVE
RFQ731-002658,certification,CN,FALSE_POSITIVE
RFQ731-000780,waveInjector,FWI,FALSE_POSITIVE
RFQ731-004871,binaerOpenColl_MP,MP1,FALSE_POSITIVE
RFQ731-000506,binaerDigitalOpenColl_MN,MN1,FALSE_POSITIVE
RFQ731-001458,waveInjector,FWI,FALSE_POSITIVE
RFQ731-001341,explosionApproval,A,FALSE_POSITIVE
RFQ731-004164,binaerOpenColl_MP,MP4,FALSE_POSITIVE
RFQ731-002013,dynamicGasMaster,1,FALSE_POSITIVE
RFQ731-002643,powerSupply,1,FALSE_POSITIVE
RFQ731-000349,stromSchaltbar,CS1,FALSE_POSITIVE
RFQ731-001898,temperaturEingaenge,TT1,FALSE_POSITIVE
RFQ731-000273,dynamicGasMaster,1,FALSE_POSITIVE
RFQ731-000130,devCategory,F,FALSE_POSITIVE
RFQ731-002407,waveInjector,FWI,FALSE_POSITIVE
RFQ731-003899,binaerOpenColl_MP,MP1,FALSE_POSITIVE
RFQ731-002313,dynamicGasMaster,1,FALSE_POSITIVE
RFQ731-001016,waveInjector,FWI,FALSE_POSITIVE
RFQ731-001066,explosionApproval,A,FALSE_POSITIVE
RFQ731-002659,explosionApproval,A,FALSE_POSITIVE
RFQ731-000426,temperaturEingaenge,TT1,FALSE_POSITIVE
RFQ731-004149,temperaturEingaenge,TT1,FALSE_POSITIVE
RFQ731-004276,explosionApproval,A,FALSE_POSITIVE
RFQ731-001092,binaerOpenColl_MP,MP1,FALSE_POSITIVE
RFQ731-002420,explosionApproval,A,FALSE_POSITIVE
RFQ731-001442,certification,CN,FALSE_POSITIVE
RFQ731-000928,temperaturEingaenge,TT1,FALSE_POSITIVE
RFQ731-002299,binaerOpenColl_MP,MP1,FALSE_POSITIVE
RFQ731-004517,binaerOpenColl_MP,MP1,FALSE_POSITIVE
RFQ731-003639,stromEingaenge,IS1,FALSE_POSITIVE
RFQ731-004454,explosionApproval,A,FALSE_POSITIVE
RFQ731-003095,binaerOpenColl_MP,MP1,FALSE_POSITIVE
RFQ731-003880,explosionApproval,A,FALSE_POSITIVE
RFQ731-003878,temperaturEingaenge,TT1,FALSE_POSITIVE
RFQ731-003024,temperaturEingaenge,TT1,FALSE_POSITIVE
RFQ731-004004,explosionApproval,A,FALSE_POSITIVE
RFQ731-001278,temperaturEingaenge,TT1,FALSE_POSITIVE
RFQ731-004275,temperaturEingaenge,TT1,FALSE_POSITIVE
RFQ731-002673,dynamicGasMaster,1,FALSE_POSITIVE
RFQ731-003917,powerSupply,1,FALSE_POSITIVE
RFQ731-003624,explosionApproval,A,FALSE_POSITIVE
RFQ731-003759,waveInjector,FWI,FALSE_POSITIVE
RFQ731-003549,temperaturEingaenge,TT1,FALSE_POSITIVE
RFQ731-003745,explosionApproval,A,FALSE_POSITIVE
RFQ731-004025,devCategory,F,FALSE_POSITIVE
RFQ731-003006,explosionApproval,A,FALSE_POSITIVE
RFQ731-004389,waveInjector,FWI,FALSE_POSITIVE
RFQ731-000658,certification,CN,FALSE_POSITIVE
RFQ731-001715,explosionApproval,A,FALSE_POSITIVE
RFQ731-004257,certification,CN,FALSE_POSITIVE
RFQ731-002332,stromEingaenge,IS1,FALSE_POSITIVE
RFQ731-003973,binaerDigitalOpenColl_MN,MN2,FALSE_POSITIVE
RFQ731-002698,binaerOpenColl_MP,MP1,FALSE_POSITIVE
RFQ731-004864,explosionApproval,A,FALSE_POSITIVE
RFQ731-000585,binaerOpenColl_MP,MP1,FALSE_POSITIVE
RFQ731-001717,temperaturEingaenge,TT1,FALSE_POSITIVE
RFQ731-003793,waveInjector,FWI,FALSE_POSITIVE
RFQ731-000678,explosionApproval,A,FALSE_POSITIVE
RFQ731-003930,devCategory,G,FALSE_POSITIVE
RFQ731-001856,waveInjector,FWI,FALSE_POSITIVE
RFQ731-002722,binaerOpenColl_MP,MP1,FALSE_POSITIVE
RFQ731-003946,binaerOpenColl_MP,MP1,FALSE_POSITIVE
RFQ731-004648,explosionApproval,A,FALSE_POSITIVE
RFQ731-003948,dynamicGasMaster,1,FALSE_POSITIVE
RFQ731-002248,waveInjector,FWI,FALSE_POSITIVE
RFQ731-003035,explosionApproval,A,FALSE_POSITIVE
RFQ731-000308,waveInjector,FWI,FALSE_POSITIVE
RFQ731-001282,dynamicGasMaster,1,FALSE_POSITIVE
RFQ731-004345,explosionApproval,A,FALSE_POSITIVE
RFQ731-002111,waveInjector,FWI,FALSE_POSITIVE
RFQ731-002351,certification,CN,FALSE_POSITIVE
RFQ731-004755,explosionApproval,A,FALSE_POSITIVE
RFQ731-004085,explosionApproval,A,FALSE_POSITIVE
RFQ731-001121,dynamicGasMaster,1,FALSE_POSITIVE
RFQ731-001319,temperaturEingaenge,TT1,FALSE_POSITIVE
RFQ731-002736,waveInjector,FWI,FALSE_POSITIVE
RFQ731-004234,explosionApproval,A,FALSE_POSITIVE
RFQ731-001467,explosionApproval,A,FALSE_POSITIVE
RFQ731-001988,binaerOpenColl_MP,MP1,FALSE_POSITIVE
RFQ731-004397,certification,CN,FALSE_POSITIVE
RFQ731-002319,explosionApproval,A,FALSE_POSITIVE
RFQ731-000087,explosionApproval,A,FALSE_POSITIVE
RFQ731-004456,dynamicGasMaster,1,FALSE_POSITIVE
RFQ731-003560,explosionApproval,A,FALSE_POSITIVE
RFQ731-002577,explosionApproval,A,FALSE_POSITIVE
RFQ731-000726,temperaturEingaenge,TT1,FALSE_POSITIVE
RFQ731-002608,explosionApproval,A,FALSE_POSITIVE
RFQ731-004933,certification,CN,FALSE_POSITIVE
RFQ731-001174,dynamicGasMaster,1,FALSE_POSITIVE
RFQ731-003825,explosionApproval,A,FALSE_POSITIVE
RFQ731-000131,explosionApproval,A,FALSE_POSITIVE
RFQ731-004808,binaerOpenColl_MP,MP1,FALSE_POSITIVE
RFQ731-004458,temperaturEingaenge,TT1,FALSE_POSITIVE
RFQ731-002729,dev_advMeterVerification,1,FALSE_POSITIVE
RFQ731-003697,explosionApproval,A,FALSE_POSITIVE
RFQ731-002003,dynamicGasMaster,1,FALSE_POSITIVE
RFQ731-000146,certification,CN,FALSE_POSITIVE
RFQ731-004786,temperaturEingaenge,TT1,FALSE_POSITIVE
RFQ731-002502,binaerOpenColl_MP,MP1,FALSE_POSITIVE
RFQ731-004360,certification,CN,FALSE_POSITIVE
RFQ731-004374,explosionApproval,A,FALSE_POSITIVE
RFQ731-004996,explosionApproval,A,FALSE_POSITIVE
RFQ731-001363,stromSchaltbar,CS1,FALSE_POSITIVE
RFQ731-004083,certification,CN,FALSE_POSITIVE
RFQ731-003685,explosionApproval,A,FALSE_POSITIVE
RFQ731-001769,explosionApproval,A,FALSE_POSITIVE
RFQ731-004045,waveInjector,FWI,FALSE_POSITIVE
RFQ731-004475,temperaturEingaenge,TT1,FALSE_POSITIVE
RFQ731-000231,binaerOpenColl_MP,MP1,FALSE_POSITIVE
RFQ731-000342,binaerOpenColl_MP,MP1,FALSE_POSITIVE
RFQ731-001779,explosionApproval,A,FALSE_POSITIVE
RFQ731-003592,explosionApproval,A,FALSE_POSITIVE
RFQ731-004166,explosionApproval,A,FALSE_POSITIVE
RFQ731-003261,certification,CN,FALSE_POSITIVE
RFQ731-004595,binaerOpenColl_MP,MP1,FALSE_POSITIVE
RFQ731-001830,dynamicGasMaster,1,FALSE_POSITIVE
RFQ731-001936,explosionApproval,A,FALSE_POSITIVE
RFQ731-001655,temperaturEingaenge,TT1,FALSE_POSITIVE
RFQ731-001073,certification,CN,FALSE_POSITIVE
RFQ731-004605,certification,CN,FALSE_POSITIVE
RFQ731-001660,explosionApproval,A,FALSE_POSITIVE
RFQ731-002336,waveInjector,FWI,FALSE_POSITIVE
RFQ731-004403,explosionApproval,A,FALSE_POSITIVE
RFQ731-001920,binaerOpenColl_MP,MP1,FALSE_POSITIVE
RFQ731-001053,temperaturEingaenge,TT1,FALSE_POSITIVE
RFQ731-002906,waveInjector,FWI,FALSE_POSITIVE
RFQ731-004835,explosionApproval,A,FALSE_POSITIVE
RFQ731-004417,waveInjector,FWI,FALSE_POSITIVE
RFQ731-003476,binaerDigitalOpenColl_MN,MN1,FALSE_POSITIVE
RFQ731-001849,dynamicGasMaster,1,FALSE_POSITIVE
RFQ731-000460,powerSupply,1,FALSE_POSITIVE
RFQ731-003756,binaerOpenColl_MP,MP1,FALSE_POSITIVE
RFQ731-000553,explosionApproval,A,FALSE_POSITIVE
RFQ731-003115,explosionApproval,A,FALSE_POSITIVE
RFQ731-000400,certification,CN,FALSE_POSITIVE
RFQ731-000673,certification,CN,FALSE_POSITIVE
RFQ731-003302,certification,CN,FALSE_POSITIVE
RFQ731-004222,binaerDigitalOpenColl_MN,MN2,FALSE_POSITIVE
RFQ731-003810,temperaturEingaenge,TT1,FALSE_POSITIVE
RFQ731-003726,binaerDigitalOpenColl_MN,MN1,FALSE_POSITIVE
RFQ731-000899,explosionApproval,A,FALSE_POSITIVE
RFQ731-000472,waveInjector,FWI,FALSE_POSITIVE
RFQ731-004094,certification,CN,FALSE_POSITIVE
RFQ731-001040,waveInjector,FWI,FALSE_POSITIVE
RFQ731-002367,explosionApproval,A,FALSE_POSITIVE
RFQ731-000531,explosionApproval,A,FALSE_POSITIVE
RFQ731-000953,explosionApproval,A,FALSE_POSITIVE
RFQ731-004508,explosionApproval,A,FALSE_POSITIVE
RFQ731-004160,dynamicGasMaster,1,FALSE_POSITIVE
RFQ731-000478,explosionApproval,A,FALSE_POSITIVE
RFQ731-001525,certification,CN,FALSE_POSITIVE
RFQ731-000703,dev_advMeterVerification,1,FALSE_POSITIVE
RFQ731-001474,temperaturEingaenge,TT1,FALSE_POSITIVE
RFQ731-002172,binaerOpenColl_MP,MP1,FALSE_POSITIVE
RFQ731-001614,certification,CN,FALSE_POSITIVE
RFQ731-003405,certification,CN,FALSE_POSITIVE
RFQ731-002621,waveInjector,FWI,FALSE_POSITIVE
RFQ731-004713,explosionApproval,A,FALSE_POSITIVE
RFQ731-004667,temperaturEingaenge,TT1,FALSE_POSITIVE
RFQ731-004039,waveInjector,FWI,FALSE_POSITIVE
RFQ731-000064,explosionApproval,A,FALSE_POSITIVE
RFQ731-000656,temperaturEingaenge,TT1,FALSE_POSITIVE
RFQ731-004725,binaerOpenColl_MP,MP1,FALSE_POSITIVE
RFQ731-002937,explosionApproval,A,FALSE_POSITIVE
RFQ731-000813,waveInjector,FWI,FALSE_POSITIVE
RFQ731-003066,dynamicGasMaster,1,FALSE_POSITIVE
RFQ731-002523,temperaturEingaenge,TT1,FALSE_POSITIVE
RFQ731-004784,waveInjector,FWI,FALSE_POSITIVE
RFQ731-000319,certification,CN,FALSE_POSITIVE
RFQ731-003752,binaerOpenColl_MP,MP1,FALSE_POSITIVE
RFQ731-002146,temperaturEingaenge,TT1,FALSE_POSITIVE
RFQ731-003619,waveInjector,FWI,FALSE_POSITIVE
RFQ731-004262,temperaturEingaenge,TT1,FALSE_POSITIVE
RFQ731-004258,binaerOpenColl_MP,MP1,FALSE_POSITIVE
RFQ731-002128,explosionApproval,A,FALSE_POSITIVE
RFQ731-004218,explosionApproval,A,FALSE_POSITIVE
RFQ731-001646,numberOfChannels,1,FALSE_POSITIVE
RFQ731-000187,binaerOpenColl_MP,MP1,FALSE_POSITIVE
RFQ731-000369,waveInjector,FWI,FALSE_POSITIVE
RFQ731-004217,waveInjector,FWI,FALSE_POSITIVE
RFQ731-000264,dynamicGasMaster,1,FALSE_POSITIVE
RFQ731-001155,certification,CN,FALSE_POSITIVE
RFQ731-001718,explosionApproval,A,FALSE_POSITIVE
RFQ731-001642,dev_advMeterVerification,1,FALSE_POSITIVE
RFQ731-003211,explosionApproval,A,FALSE_POSITIVE
RFQ731-004567,numberOfChannels,1,FALSE_POSITIVE
RFQ731-002124,certification,CN,FALSE_POSITIVE
RFQ731-003541,explosionApproval,A,FALSE_POSITIVE
RFQ731-003537,temperaturEingaenge,TT1,FALSE_POSITIVE
RFQ731-002230,binaerOpenColl_MP,MP1,FALSE_POSITIVE
RFQ731-001930,binaerOpenColl_MP,MP1,FALSE_POSITIVE
RFQ731-000060,temperaturEingaenge,TT1,FALSE_POSITIVE
RFQ731-001735,certification,CN,FALSE_POSITIVE
RFQ731-000973,explosionApproval,A,FALSE_POSITIVE
RFQ731-001870,waveInjector,FWI,FALSE_POSITIVE
RFQ731-003462,explosionApproval,A,FALSE_POSITIVE
RFQ731-001782,explosionApproval,A,FALSE_POSITIVE
RFQ731-003206,certification,CN,FALSE_POSITIVE
RFQ731-001194,certification,CN,FALSE_POSITIVE
RFQ731-003769,waveInjector,FWI,FALSE_POSITIVE
RFQ731-004483,waveInjector,FWI,FALSE_POSITIVE
RFQ731-002471,explosionApproval,A,FALSE_POSITIVE
RFQ731-000686,explosionApproval,A,FALSE_POSITIVE
RFQ731-002009,binaerDigitalOpenColl_MN,MN2,FALSE_POSITIVE
RFQ731-001446,explosionApproval,A,FALSE_POSITIVE
RFQ731-002220,binaerOpenColl_MP,MP1,FALSE_POSITIVE
RFQ731-000570,temperaturEingaenge,TT1,FALSE_POSITIVE
RFQ731-002409,temperaturEingaenge,TT1,FALSE_POSITIVE
RFQ731-002943,explosionApproval,A,FALSE_POSITIVE
RFQ731-003122,temperaturEingaenge,TT1,FALSE_POSITIVE
RFQ731-004321,explosionApproval,A,FALSE_POSITIVE
RFQ731-003796,certification,CN,FALSE_POSITIVE
RFQ731-001520,binaerDigitalOpenColl_MN,MN2,FALSE_POSITIVE
RFQ731-000351,dynamicGasMaster,1,FALSE_POSITIVE
RFQ731-000031,dynamicGasMaster,1,FALSE_POSITIVE
RFQ731-001458,explosionApproval,A,FALSE_POSITIVE
RFQ731-003911,explosionApproval,A,FALSE_POSITIVE
RFQ731-002114,explosionApproval,A,FALSE_POSITIVE
RFQ731-001275,temperaturEingaenge,TT1,FALSE_POSITIVE
RFQ731-003241,temperaturEingaenge,TT1,FALSE_POSITIVE
RFQ731-000812,explosionApproval,A,FALSE_POSITIVE
RFQ731-000932,certification,CN,FALSE_POSITIVE
RFQ731-004020,certification,CN,FALSE_POSITIVE
RFQ731-001829,temperaturEingaenge,TT1,FALSE_POSITIVE
RFQ731-004860,explosionApproval,A,FALSE_POSITIVE
RFQ731-004928,binaerOpenColl_MP,MP1,FALSE_POSITIVE
RFQ731-001781,explosionApproval,A,FALSE_POSITIVE
RFQ731-001742,certification,CN,FALSE_POSITIVE
RFQ731-000576,certification,CN,FALSE_POSITIVE
RFQ731-000806,temperaturEingaenge,TT1,FALSE_POSITIVE
RFQ731-003886,temperaturEingaenge,TT1,FALSE_POSITIVE
RFQ731-002714,explosionApproval,A,FALSE_POSITIVE
RFQ731-003688,certification,CN,FALSE_POSITIVE
RFQ731-003611,binaerOpenColl_MP,MP1,FALSE_POSITIVE
RFQ731-002997,explosionApproval,A,FALSE_POSITIVE
RFQ731-003956,certification,CN,FALSE_POSITIVE
RFQ731-002422,dynamicGasMaster,1,FALSE_POSITIVE
RFQ731-000621,binaerOpenColl_MP,MP1,FALSE_POSITIVE
RFQ731-003633,binaerOpenColl_MP,MP1,FALSE_POSITIVE
RFQ731-004207,explosionApproval,A,FALSE_POSITIVE
RFQ731-004700,binaerOpenColl_MP,MP1,FALSE_POSITIVE
RFQ731-002494,waveInjector,FWI,FALSE_POSITIVE
RFQ731-002647,certification,CN,FALSE_POSITIVE
RFQ731-002308,stromEingaenge,IS1,FALSE_POSITIVE
RFQ731-001865,certification,CN,FALSE_POSITIVE
RFQ731-002751,certification,CN,FALSE_POSITIVE
RFQ731-004119,waveInjector,FWI,FALSE_POSITIVE
RFQ731-001284,certification,CN,FALSE_POSITIVE
RFQ731-001281,waveInjector,FWI,FALSE_POSITIVE
RFQ731-003628,explosionApproval,A,FALSE_POSITIVE
RFQ731-001760,dynamicGasMaster,1,FALSE_POSITIVE
RFQ731-004676,temperaturEingaenge,TT1,FALSE_POSITIVE
RFQ731-000571,temperaturEingaenge,TT1,FALSE_POSITIVE
RFQ731-003721,binaerOpenColl_MP,MP1,FALSE_POSITIVE
RFQ731-002707,explosionApproval,A,FALSE_POSITIVE
RFQ731-002675,explosionApproval,A,FALSE_POSITIVE
RFQ731-004730,binaerOpenColl_MP,MP1,FALSE_POSITIVE
RFQ731-003976,temperaturEingaenge,TT1,FALSE_POSITIVE
RFQ731-002459,explosionApproval,A,FALSE_POSITIVE
RFQ731-003131,temperaturEingaenge,TT1,FALSE_POSITIVE
RFQ731-002889,waveInjector,FWI,FALSE_POSITIVE
RFQ731-000934,dynamicGasMaster,1,FALSE_POSITIVE
RFQ731-001367,explosionApproval,A,FALSE_POSITIVE
RFQ731-001329,explosionApproval,A,FALSE_POSITIVE
RFQ731-003015,explosionApproval,A,FALSE_POSITIVE
RFQ731-001041,explosionApproval,A,FALSE_POSITIVE
RFQ731-003639,temperaturEingaenge,TT1,FALSE_POSITIVE
RFQ731-004990,temperaturEingaenge,TT1,FALSE_POSITIVE
RFQ731-004644,binaerOpenColl_MP,MP1,FALSE_POSITIVE
RFQ731-000367,temperaturEingaenge,TT1,FALSE_POSITIVE
RFQ731-002326,explosionApproval,A,FALSE_POSITIVE
RFQ731-002837,explosionApproval,A,FALSE_POSITIVE
RFQ731-002429,temperaturEingaenge,TT1,FALSE_POSITIVE
RFQ731-002875,explosionApproval,A,FALSE_POSITIVE
RFQ731-000701,binaerDigitalOpenColl_MN,MN1,FALSE_POSITIVE
RFQ731-000781,temperaturEingaenge,TT1,FALSE_POSITIVE
RFQ731-003922,binaerOpenColl_MP,MP1,FALSE_POSITIVE
RFQ731-004679,explosionApproval,A,FALSE_POSITIVE
RFQ731-004864,certification,NN,FALSE_POSITIVE
RFQ731-000759,certification,CN,FALSE_POSITIVE
RFQ731-003176,certification,CN,FALSE_POSITIVE
RFQ731-000347,stromEingaenge,IS1,FALSE_POSITIVE
RFQ731-001065,explosionApproval,A,FALSE_POSITIVE
RFQ731-002977,certification,CN,FALSE_POSITIVE
RFQ731-004256,explosionApproval,A,FALSE_POSITIVE
RFQ731-004585,temperaturEingaenge,TT1,FALSE_POSITIVE
RFQ731-001154,binaerDigitalOpenColl_MN,MN2,FALSE_POSITIVE
RFQ731-000784,certification,CN,FALSE_POSITIVE
RFQ731-001027,binaerOpenColl_MP,MP4,FALSE_POSITIVE
RFQ731-003707,dev_advMeterVerification,1,FALSE_POSITIVE
RFQ731-002883,explosionApproval,A,FALSE_POSITIVE
RFQ731-002131,temperaturEingaenge,TT1,FALSE_POSITIVE
RFQ731-003354,temperaturEingaenge,TT1,FALSE_POSITIVE
RFQ731-002682,explosionApproval,A,FALSE_POSITIVE
RFQ731-003084,waveInjector,FWI,FALSE_POSITIVE
RFQ731-001423,waveInjector,FWI,FALSE_POSITIVE
RFQ731-004024,explosionApproval,A,FALSE_POSITIVE
RFQ731-003150,explosionApproval,A,FALSE_POSITIVE
RFQ731-004730,dev_advMeterVerification,1,FALSE_POSITIVE
RFQ731-004287,dynamicGasMaster,1,FALSE_POSITIVE
RFQ731-002052,certification,CN,FALSE_POSITIVE
RFQ731-000522,waveInjector,FWI,FALSE_POSITIVE
RFQ731-002640,numberOfChannels,1,FALSE_POSITIVE
RFQ731-004814,binaerDigitalOpenColl_MN,MN1,FALSE_POSITIVE
RFQ731-003090,explosionApproval,A,FALSE_POSITIVE
RFQ731-002840,certification,CN,FALSE_POSITIVE
RFQ731-002360,explosionApproval,A,FALSE_POSITIVE
RFQ731-003005,binaerOpenColl_MP,MP1,FALSE_POSITIVE
RFQ731-001463,explosionApproval,A,FALSE_POSITIVE
RFQ731-003542,binaerOpenColl_MP,MP1,FALSE_POSITIVE
RFQ731-004565,temperaturEingaenge,TT1,FALSE_POSITIVE
RFQ731-003942,certification,CN,FALSE_POSITIVE
RFQ731-004268,certification,CN,FALSE_POSITIVE
RFQ731-001588,binaerOpenColl_MP,MP1,FALSE_POSITIVE
RFQ731-003382,explosionApproval,A,FALSE_POSITIVE
RFQ731-003572,certification,CN,FALSE_POSITIVE
RFQ731-002508,dynamicGasMaster,1,FALSE_POSITIVE
RFQ731-003530,temperaturEingaenge,TT1,FALSE_POSITIVE
RFQ731-002924,binaerOpenColl_MP,MP1,FALSE_POSITIVE
RFQ731-004239,dynamicGasMaster,1,FALSE_POSITIVE
RFQ731-004940,explosionApproval,A,FALSE_POSITIVE
RFQ731-004753,dynamicGasMaster,1,FALSE_POSITIVE
RFQ731-003771,explosionApproval,A,FALSE_POSITIVE
RFQ731-003280,explosionApproval,A,FALSE_POSITIVE
RFQ731-004083,binaerOpenColl_MP,MP1,FALSE_POSITIVE
RFQ731-000905,waveInjector,FWI,FALSE_POSITIVE
RFQ731-002221,binaerOpenColl_MP,MP1,FALSE_POSITIVE
RFQ731-000521,certification,CN,FALSE_POSITIVE
RFQ731-002545,explosionApproval,A,FALSE_POSITIVE
RFQ731-000223,explosionApproval,A,FALSE_POSITIVE
RFQ731-003811,waveInjector,FWI,FALSE_POSITIVE
RFQ731-004403,certification,NN,FALSE_POSITIVE
RFQ731-000501,temperaturEingaenge,TT1,FALSE_POSITIVE
RFQ731-002774,binaerOpenColl_MP,MP1,FALSE_POSITIVE
RFQ731-003827,temperaturEingaenge,TT1,FALSE_POSITIVE
RFQ731-001017,explosionApproval,A,FALSE_POSITIVE
RFQ731-000164,explosionApproval,A,FALSE_POSITIVE
RFQ731-002957,explosionApproval,A,FALSE_POSITIVE
RFQ731-004068,explosionApproval,A,FALSE_POSITIVE
RFQ731-001501,devCategory,G,FALSE_POSITIVE
RFQ731-004688,temperaturEingaenge,TT1,FALSE_POSITIVE
RFQ731-002505,dynamicGasMaster,1,FALSE_POSITIVE
RFQ731-004746,numberOfChannels,1,FALSE_POSITIVE
RFQ731-002592,temperaturEingaenge,TT1,FALSE_POSITIVE
RFQ731-003700,certification,CN,FALSE_POSITIVE
RFQ731-001072,certification,CN,FALSE_POSITIVE
RFQ731-000971,explosionApproval,A,FALSE_POSITIVE
RFQ731-003836,dynamicGasMaster,1,FALSE_POSITIVE
RFQ731-002754,numberOfChannels,1,FALSE_POSITIVE
RFQ731-001179,explosionApproval,A,FALSE_POSITIVE
RFQ731-002357,explosionApproval,A,FALSE_POSITIVE
RFQ731-004480,waveInjector,FWI,FALSE_POSITIVE
RFQ731-000573,explosionApproval,A,FALSE_POSITIVE
RFQ731-002277,dynamicGasMaster,1,FALSE_POSITIVE
RFQ731-003582,waveInjector,FWI,FALSE_POSITIVE
RFQ731-003782,binaerOpenColl_MP,MP1,FALSE_POSITIVE
RFQ731-001721,binaerOpenColl_MP,MP1,FALSE_POSITIVE
RFQ731-001712,certification,NN,FALSE_POSITIVE
RFQ731-000794,binaerOpenColl_MP,MP1,FALSE_POSITIVE
RFQ731-001232,waveInjector,FWI,FALSE_POSITIVE
RFQ731-002759,explosionApproval,A,FALSE_POSITIVE
RFQ731-003400,dev_advMeterVerification,1,FALSE_POSITIVE
RFQ731-004643,explosionApproval,A,FALSE_POSITIVE
RFQ731-002779,explosionApproval,A,FALSE_POSITIVE
RFQ731-001842,temperaturEingaenge,TT1,FALSE_POSITIVE
RFQ731-001748,temperaturEingaenge,TT1,FALSE_POSITIVE
RFQ731-000078,temperaturEingaenge,TT1,FALSE_POSITIVE
RFQ731-003319,dev_advMeterVerification,1,FALSE_POSITIVE
RFQ731-001362,temperaturEingaenge,TT1,FALSE_POSITIVE
RFQ731-002498,temperaturEingaenge,TT1,FALSE_POSITIVE
RFQ731-001736,explosionApproval,A,FALSE_POSITIVE
RFQ731-003548,binaerOpenColl_MP,MP1,FALSE_POSITIVE
RFQ731-002410,dynamicGasMaster,1,FALSE_POSITIVE
RFQ731-000924,binaerOpenColl_MP,MP1,FALSE_POSITIVE
RFQ731-002646,temperaturEingaenge,TT1,FALSE_POSITIVE
RFQ731-003565,explosionApproval,A,FALSE_POSITIVE
RFQ731-002254,binaerOpenColl_MP,MP1,FALSE_POSITIVE
RFQ731-004728,explosionApproval,A,FALSE_POSITIVE
RFQ731-001366,binaerOpenColl_MP,MP1,FALSE_POSITIVE
RFQ731-003664,temperaturEingaenge,TT1,FALSE_POSITIVE
RFQ731-003750,temperaturEingaenge,TT1,FALSE_POSITIVE
RFQ731-001585,binaerOpenColl_MP,MP1,FALSE_POSITIVE
RFQ731-001111,explosionApproval,A,FALSE_POSITIVE
RFQ731-001610,certification,CN,FALSE_POSITIVE
RFQ731-004277,explosionApproval,A,FALSE_POSITIVE
RFQ731-002544,explosionApproval,A,FALSE_POSITIVE
RFQ731-002784,binaerDigitalOpenColl_MN,MN1,FALSE_POSITIVE
RFQ731-004691,certification,CN,FALSE_POSITIVE
RFQ731-002479,dynamicGasMaster,1,FALSE_POSITIVE
RFQ731-001143,binaerOpenColl_MP,MP1,FALSE_POSITIVE
RFQ731-001853,temperaturEingaenge,TT1,FALSE_POSITIVE
RFQ731-004094,dev_advMeterVerification,1,FALSE_POSITIVE
RFQ731-000358,explosionApproval,A,FALSE_POSITIVE
RFQ731-002075,waveInjector,FWI,FALSE_POSITIVE
RFQ731-004926,explosionApproval,A,FALSE_POSITIVE
RFQ731-002487,explosionApproval,A,FALSE_POSITIVE
RFQ731-001926,binaerDigitalOpenColl_MN,MN1,FALSE_POSITIVE
RFQ731-003714,certification,CN,FALSE_POSITIVE
RFQ731-004064,explosionApproval,A,FALSE_POSITIVE
RFQ731-003968,binaerOpenColl_MP,MP1,FALSE_POSITIVE
RFQ731-000754,temperaturEingaenge,TT1,FALSE_POSITIVE
RFQ731-003330,explosionApproval,A,FALSE_POSITIVE
RFQ731-003481,temperaturEingaenge,TT1,FALSE_POSITIVE
RFQ731-002010,waveInjector,FWI,FALSE_POSITIVE
RFQ731-002585,explosionApproval,A,FALSE_POSITIVE
RFQ731-000559,binaerOpenColl_MP,MP1,FALSE_POSITIVE
RFQ731-000115,binaerOpenColl_MP,MP1,FALSE_POSITIVE
RFQ731-001721,dev_advMeterVerification,1,FALSE_POSITIVE
RFQ731-004556,certification,CN,FALSE_POSITIVE
RFQ731-001772,explosionApproval,A,FALSE_POSITIVE
RFQ731-000248,temperaturEingaenge,TT1,FALSE_POSITIVE
RFQ731-002514,explosionApproval,A,FALSE_POSITIVE
RFQ731-003702,stromEingaenge,IS1,FALSE_POSITIVE
RFQ731-002692,waveInjector,FWI,FALSE_POSITIVE
RFQ731-002074,explosionApproval,A,FALSE_POSITIVE
RFQ731-003834,devCategory,F,FALSE_POSITIVE
RFQ731-004543,powerSupply,1,FALSE_POSITIVE
RFQ731-000921,waveInjector,FWI,FALSE_POSITIVE
RFQ731-000650,temperaturEingaenge,TT1,FALSE_POSITIVE
RFQ731-000233,explosionApproval,A,FALSE_POSITIVE
RFQ731-000014,binaerOpenColl_MP,MP1,FALSE_POSITIVE
RFQ731-001729,dynamicGasMaster,1,FALSE_POSITIVE
RFQ731-002253,dynamicGasMaster,1,FALSE_POSITIVE
RFQ731-000730,explosionApproval,A,FALSE_POSITIVE
RFQ731-004145,explosionApproval,A,FALSE_POSITIVE
RFQ731-002227,explosionApproval,A,FALSE_POSITIVE
RFQ731-002304,binaerOpenColl_MP,MP1,FALSE_POSITIVE
RFQ731-004551,binaerOpenColl_MP,MP1,FALSE_POSITIVE
RFQ731-003279,binaerOpenColl_MP,MP1,FALSE_POSITIVE
RFQ731-001039,binaerOpenColl_MP,MP1,FALSE_POSITIVE
RFQ731-004507,temperaturEingaenge,TT1,FALSE_POSITIVE
RFQ731-001410,temperaturEingaenge,TT1,FALSE_POSITIVE
RFQ731-000037,binaerOpenColl_MP,MP1,FALSE_POSITIVE
RFQ731-000968,explosionApproval,A,FALSE_POSITIVE
RFQ731-003113,certification,CN,FALSE_POSITIVE
RFQ731-003846,explosionApproval,A,FALSE_POSITIVE
RFQ731-003364,dev_advMeterVerification,1,FALSE_POSITIVE
RFQ731-003217,explosionApproval,A,FALSE_POSITIVE
RFQ731-003225,temperaturEingaenge,TT1,FALSE_POSITIVE
RFQ731-003204,temperaturEingaenge,TT1,FALSE_POSITIVE
RFQ731-000768,explosionApproval,A,FALSE_POSITIVE
RFQ731-001855,stromEingaenge,IS1,FALSE_POSITIVE
RFQ731-003270,explosionApproval,A,FALSE_POSITIVE
RFQ731-001135,binaerOpenColl_MP,MP1,FALSE_POSITIVE
RFQ731-003082,dev_advMeterVerification,1,FALSE_POSITIVE
RFQ731-003134,explosionApproval,A,FALSE_POSITIVE
RFQ731-003929,dynamicGasMaster,1,FALSE_POSITIVE
RFQ731-003300,binaerOpenColl_MP,MP1,FALSE_POSITIVE
RFQ731-001033,explosionApproval,A,FALSE_POSITIVE
RFQ731-002251,explosionApproval,A,FALSE_POSITIVE
RFQ731-003866,certification,CN,FALSE_POSITIVE
RFQ731-004125,waveInjector,FWI,FALSE_POSITIVE
RFQ731-004216,temperaturEingaenge,TT1,FALSE_POSITIVE
RFQ731-003139,explosionApproval,A,FALSE_POSITIVE
RFQ731-002342,temperaturEingaenge,TT1,FALSE_POSITIVE
RFQ731-004845,temperaturEingaenge,TT1,FALSE_POSITIVE
RFQ731-003932,binaerOpenColl_MP,MP1,FALSE_POSITIVE
RFQ731-004983,explosionApproval,A,FALSE_POSITIVE
RFQ731-003119,explosionApproval,A,FALSE_POSITIVE
RFQ731-000933,explosionApproval,A,FALSE_POSITIVE
RFQ731-004301,devCategory,F,FALSE_POSITIVE
RFQ731-000580,certification,CN,FALSE_POSITIVE
RFQ731-004377,binaerOpenColl_MP,MP1,FALSE_POSITIVE
RFQ731-002029,certification,CN,FALSE_POSITIVE
RFQ731-002509,temperaturEingaenge,TT1,FALSE_POSITIVE
RFQ731-000473,dynamicGasMaster,1,FALSE_POSITIVE
RFQ731-003294,dynamicGasMaster,1,FALSE_POSITIVE
RFQ731-004655,temperaturEingaenge,TT1,FALSE_POSITIVE
RFQ731-003053,certification,CN,FALSE_POSITIVE
RFQ731-000714,explosionApproval,A,FALSE_POSITIVE
RFQ731-001775,temperaturEingaenge,TT1,FALSE_POSITIVE
RFQ731-003436,waveInjector,FWI,FALSE_POSITIVE
RFQ731-003903,dynamicGasMaster,1,FALSE_POSITIVE
RFQ731-001654,binaerOpenColl_MP,MP1,FALSE_POSITIVE
RFQ731-001434,binaerOpenColl_MP,MP1,FALSE_POSITIVE
RFQ731-001280,explosionApproval,A,FALSE_POSITIVE
RFQ731-003686,waveInjector,FWI,FALSE_POSITIVE
RFQ731-002493,explosionApproval,A,FALSE_POSITIVE
RFQ731-000645,binaerOpenColl_MP,MP1,FALSE_POSITIVE
RFQ731-001095,binaerOpenColl_MP,MP1,FALSE_POSITIVE
RFQ731-004300,certification,CN,FALSE_POSITIVE
RFQ731-002929,explosionApproval,A,FALSE_POSITIVE
RFQ731-004456,certification,CN,FALSE_POSITIVE
RFQ731-002723,dynamicGasMaster,1,FALSE_POSITIVE
RFQ731-001761,temperaturEingaenge,TT1,FALSE_POSITIVE
RFQ731-000376,powerSupply,1,FALSE_POSITIVE
RFQ731-001933,explosionApproval,A,FALSE_POSITIVE
RFQ731-004785,waveInjector,FWI,FALSE_POSITIVE
RFQ731-004984,temperaturEingaenge,TT1,FALSE_POSITIVE
RFQ731-002948,binaerOpenColl_MP,MP1,FALSE_POSITIVE
RFQ731-001961,explosionApproval,A,FALSE_POSITIVE
RFQ731-000708,certification,CN,FALSE_POSITIVE
RFQ731-004545,waveInjector,FWI,FALSE_POSITIVE
RFQ731-001659,explosionApproval,A,FALSE_POSITIVE
RFQ731-002820,devCategory,G,FALSE_POSITIVE
RFQ731-004846,dynamicGasMaster,1,FALSE_POSITIVE
RFQ731-004819,certification,CN,FALSE_POSITIVE
RFQ731-002825,certification,CN,FALSE_POSITIVE
RFQ731-003609,devCategory,F,FALSE_POSITIVE
RFQ731-004474,waveInjector,FWI,FALSE_POSITIVE
RFQ731-004441,certification,CN,FALSE_POSITIVE
RFQ731-003993,certification,CN,FALSE_POSITIVE
RFQ731-004232,certification,CN,FALSE_POSITIVE
RFQ731-004206,explosionApproval,A,FALSE_POSITIVE
RFQ731-001889,explosionApproval,A,FALSE_POSITIVE
RFQ731-004947,devCategory,F,FALSE_POSITIVE
RFQ731-001090,explosionApproval,A,FALSE_POSITIVE
RFQ731-004182,binaerDigitalOpenColl_MN,MN1,FALSE_POSITIVE
RFQ731-001411,explosionApproval,A,FALSE_POSITIVE
RFQ731-002322,binaerOpenColl_MP,MP1,FALSE_POSITIVE
RFQ731-001962,explosionApproval,A,FALSE_POSITIVE
RFQ731-001561,dynamicGasMaster,1,FALSE_POSITIVE
RFQ731-001309,temperaturEingaenge,TT1,FALSE_POSITIVE
RFQ731-003513,certification,CN,FALSE_POSITIVE
RFQ731-000160,binaerOpenColl_MP,MP1,FALSE_POSITIVE
RFQ731-003507,waveInjector,FWI,FALSE_POSITIVE
RFQ731-001823,binaerDigitalOpenColl_MN,MN2,FALSE_POSITIVE
RFQ731-000250,dev_advMeterVerification,1,FALSE_POSITIVE
RFQ731-003381,certification,CN,FALSE_POSITIVE
RFQ731-004894,explosionApproval,A,FALSE_POSITIVE
RFQ731-003040,explosionApproval,A,FALSE_POSITIVE
RFQ731-002133,temperaturEingaenge,TT1,FALSE_POSITIVE
RFQ731-002501,explosionApproval,A,FALSE_POSITIVE
RFQ731-003144,explosionApproval,A,FALSE_POSITIVE
RFQ731-000614,temperaturEingaenge,TT1,FALSE_POSITIVE
RFQ731-003666,explosionApproval,A,FALSE_POSITIVE
RFQ731-004580,certification,CN,FALSE_POSITIVE
RFQ731-003406,stromEingaenge,IS1,FALSE_POSITIVE
RFQ731-003190,temperaturEingaenge,TT1,FALSE_POSITIVE
RFQ731-001926,explosionApproval,A,FALSE_POSITIVE
RFQ731-004791,binaerOpenColl_MP,MP1,FALSE_POSITIVE
RFQ731-000226,binaerOpenColl_MP,MP1,FALSE_POSITIVE
RFQ731-003780,explosionApproval,A,FALSE_POSITIVE
RFQ731-003043,certification,CN,FALSE_POSITIVE
RFQ731-004633,explosionApproval,A,FALSE_POSITIVE
RFQ731-003084,explosionApproval,A,FALSE_POSITIVE
RFQ731-004063,binaerOpenColl_MP,MP1,FALSE_POSITIVE
RFQ731-001192,explosionApproval,A,FALSE_POSITIVE
RFQ731-001596,explosionApproval,A,FALSE_POSITIVE
RFQ731-001113,explosionApproval,A,FALSE_POSITIVE
RFQ731-002102,temperaturEingaenge,TT1,FALSE_POSITIVE
RFQ731-000591,waveInjector,FWI,FALSE_POSITIVE
RFQ731-003891,certification,CN,FALSE_POSITIVE
RFQ731-000361,explosionApproval,A,FALSE_POSITIVE
RFQ731-004364,explosionApproval,A,FALSE_POSITIVE
RFQ731-001077,certification,CN,FALSE_POSITIVE
RFQ731-004178,temperaturEingaenge,TT1,FALSE_POSITIVE
RFQ731-001516,explosionApproval,A,FALSE_POSITIVE
RFQ731-002931,binaerOpenColl_MP,MP1,FALSE_POSITIVE
RFQ731-001208,certification,CN,FALSE_POSITIVE
RFQ731-004637,temperaturEingaenge,TT1,FALSE_POSITIVE
RFQ731-002067,dynamicGasMaster,1,FALSE_POSITIVE
RFQ731-004159,waveInjector,FWI,FALSE_POSITIVE
RFQ731-004502,explosionApproval,A,FALSE_POSITIVE
RFQ731-002395,binaerDigitalOpenColl_MN,MN1,FALSE_POSITIVE
RFQ731-004065,temperaturEingaenge,TT1,FALSE_POSITIVE
RFQ731-004161,devCategory,F,FALSE_POSITIVE
RFQ731-001313,explosionApproval,A,FALSE_POSITIVE
RFQ731-001146,explosionApproval,A,FALSE_POSITIVE
RFQ731-001127,binaerOpenColl_MP,MP1,FALSE_POSITIVE
RFQ731-003050,waveInjector,FWI,FALSE_POSITIVE
RFQ731-000331,certification,NN,FALSE_POSITIVE
RFQ731-002666,explosionApproval,A,FALSE_POSITIVE
RFQ731-000749,explosionApproval,A,FALSE_POSITIVE
RFQ731-002205,explosionApproval,A,FALSE_POSITIVE
RFQ731-000315,explosionApproval,A,FALSE_POSITIVE
RFQ731-003164,explosionApproval,A,FALSE_POSITIVE
RFQ731-001912,binaerOpenColl_MP,MP1,FALSE_POSITIVE
RFQ731-001623,dynamicGasMaster,1,FALSE_POSITIVE
RFQ731-004046,certification,CN,FALSE_POSITIVE
RFQ731-002299,certification,CN,FALSE_POSITIVE
RFQ731-003387,binaerOpenColl_MP,MP1,FALSE_POSITIVE
RFQ731-004989,numberOfChannels,1,FALSE_POSITIVE
RFQ731-002872,temperaturEingaenge,TT1,FALSE_POSITIVE
RFQ731-001787,dynamicGasMaster,1,FALSE_POSITIVE
RFQ731-003220,explosionApproval,A,FALSE_POSITIVE
RFQ731-004499,dynamicGasMaster,1,FALSE_POSITIVE
RFQ731-003990,temperaturEingaenge,TT1,FALSE_POSITIVE
RFQ731-001492,waveInjector,FWI,FALSE_POSITIVE
RFQ731-001331,explosionApproval,A,FALSE_POSITIVE
RFQ731-002447,temperaturEingaenge,TT1,FALSE_POSITIVE
RFQ731-004230,explosionApproval,A,FALSE_POSITIVE
RFQ731-003464,temperaturEingaenge,TT1,FALSE_POSITIVE
RFQ731-000466,dynamicGasMaster,1,FALSE_POSITIVE
RFQ731-004570,temperaturEingaenge,TT1,FALSE_POSITIVE
RFQ731-001132,certification,CN,FALSE_POSITIVE
RFQ731-001169,waveInjector,FWI,FALSE_POSITIVE
RFQ731-002763,explosionApproval,A,FALSE_POSITIVE
RFQ731-001402,stromEingaenge,IS1,FALSE_POSITIVE
RFQ731-003853,dev_advMeterVerification,1,FALSE_POSITIVE
RFQ731-004138,explosionApproval,A,FALSE_POSITIVE
RFQ731-001970,temperaturEingaenge,TT1,FALSE_POSITIVE
RFQ731-004438,certification,CN,FALSE_POSITIVE
RFQ731-004307,temperaturEingaenge,TT1,FALSE_POSITIVE
RFQ731-000907,temperaturEingaenge,TT1,FALSE_POSITIVE
RFQ731-002599,explosionApproval,A,FALSE_POSITIVE
RFQ731-000094,waveInjector,FWI,FALSE_POSITIVE
RFQ731-001580,explosionApproval,A,FALSE_POSITIVE
RFQ731-000378,explosionApproval,A,FALSE_POSITIVE
RFQ731-004480,explosionApproval,A,FALSE_POSITIVE
RFQ731-003582,explosionApproval,A,FALSE_POSITIVE
RFQ731-003333,dynamicGasMaster,1,FALSE_POSITIVE
RFQ731-002589,explosionApproval,A,FALSE_POSITIVE
RFQ731-003805,stromEingaenge,IS1,FALSE_POSITIVE
RFQ731-001062,temperaturEingaenge,TT1,FALSE_POSITIVE
RFQ731-003604,explosionApproval,A,FALSE_POSITIVE
RFQ731-000679,temperaturEingaenge,TT1,FALSE_POSITIVE
RFQ731-002891,explosionApproval,A,FALSE_POSITIVE
RFQ731-004156,binaerOpenColl_MP,MP1,FALSE_POSITIVE
RFQ731-004243,temperaturEingaenge,TT1,FALSE_POSITIVE
RFQ731-004763,waveInjector,FWI,FALSE_POSITIVE
RFQ731-001918,waveInjector,FWI,FALSE_POSITIVE
RFQ731-003167,dev_advMeterVerification,1,FALSE_POSITIVE
RFQ731-001505,binaerOpenColl_MP,MP1,FALSE_POSITIVE
RFQ731-004310,temperaturEingaenge,TT1,FALSE_POSITIVE
RFQ731-002776,binaerOpenColl_MP,MP1,FALSE_POSITIVE
RFQ731-003439,certification,CN,FALSE_POSITIVE
RFQ731-001868,temperaturEingaenge,TT1,FALSE_POSITIVE
RFQ731-001147,binaerOpenColl_MP,MP1,FALSE_POSITIVE
RFQ731-001171,certification,CN,FALSE_POSITIVE
RFQ731-002895,explosionApproval,A,FALSE_POSITIVE
RFQ731-004204,dev_advMeterVerification,1,FALSE_POSITIVE
RFQ731-000960,devCategory,F,FALSE_POSITIVE
RFQ731-001704,waveInjector,FWI,FALSE_POSITIVE
RFQ731-004790,explosionApproval,A,FALSE_POSITIVE
RFQ731-003233,binaerOpenColl_MP,MP1,FALSE_POSITIVE
RFQ731-004190,waveInjector,FWI,FALSE_POSITIVE
RFQ731-001170,temperaturEingaenge,TT1,FALSE_POSITIVE
RFQ731-003599,dynamicGasMaster,1,FALSE_POSITIVE
RFQ731-001668,numberOfChannels,1,FALSE_POSITIVE
RFQ731-003939,explosionApproval,A,FALSE_POSITIVE
RFQ731-000344,dynamicGasMaster,1,FALSE_POSITIVE
RFQ731-003125,binaerOpenColl_MP,MP1,FALSE_POSITIVE
RFQ731-001694,explosionApproval,A,FALSE_POSITIVE
RFQ731-002818,dynamicGasMaster,1,FALSE_POSITIVE
RFQ731-001150,explosionApproval,A,FALSE_POSITIVE
RFQ731-001702,waveInjector,FWI,FALSE_POSITIVE
RFQ731-001760,certification,CN,FALSE_POSITIVE
RFQ731-001628,explosionApproval,A,FALSE_POSITIVE
RFQ731-002827,temperaturEingaenge,TT1,FALSE_POSITIVE
RFQ731-003595,dynamicGasMaster,1,FALSE_POSITIVE
RFQ731-004180,devCategory,G,FALSE_POSITIVE
RFQ731-000507,binaerOpenColl_MP,MP1,FALSE_POSITIVE
RFQ731-000488,temperaturEingaenge,TT1,FALSE_POSITIVE
RFQ731-001910,certification,CN,FALSE_POSITIVE
RFQ731-000868,certification,CN,FALSE_POSITIVE
RFQ731-004297,binaerOpenColl_MP,MP1,FALSE_POSITIVE
RFQ731-000626,devCategory,F,FALSE_POSITIVE
RFQ731-000807,devCategory,F,FALSE_POSITIVE
RFQ731-004856,binaerDigitalOpenColl_MN,MN1,FALSE_POSITIVE
RFQ731-003866,binaerOpenColl_MP,MP1,FALSE_POSITIVE
RFQ731-004505,temperaturEingaenge,TT1,FALSE_POSITIVE
RFQ731-000489,temperaturEingaenge,TT1,FALSE_POSITIVE
RFQ731-000761,certification,CN,FALSE_POSITIVE
RFQ731-002086,explosionApproval,A,FALSE_POSITIVE
RFQ731-002216,temperaturEingaenge,TT1,FALSE_POSITIVE
RFQ731-002669,temperaturEingaenge,TT1,FALSE_POSITIVE
RFQ731-003896,certification,CN,FALSE_POSITIVE
RFQ731-001543,temperaturEingaenge,TT1,FALSE_POSITIVE
RFQ731-004392,temperaturEingaenge,TT1,FALSE_POSITIVE
RFQ731-003123,explosionApproval,A,FALSE_POSITIVE
RFQ731-000043,explosionApproval,A,FALSE_POSITIVE
RFQ731-000659,temperaturEingaenge,TT1,FALSE_POSITIVE
RFQ731-000900,dynamicGasMaster,1,FALSE_POSITIVE
RFQ731-000159,binaerOpenColl_MP,MP1,FALSE_POSITIVE
RFQ731-003430,binaerDigitalOpenColl_MN,MN2,FALSE_POSITIVE
RFQ731-000245,waveInjector,FWI,FALSE_POSITIVE
RFQ731-003945,explosionApproval,A,FALSE_POSITIVE
RFQ731-001318,binaerOpenColl_MP,MP1,FALSE_POSITIVE
RFQ731-002260,binaerOpenColl_MP,MP1,FALSE_POSITIVE
RFQ731-001690,explosionApproval,A,FALSE_POSITIVE
RFQ731-003949,explosionApproval,A,FALSE_POSITIVE
RFQ731-000067,binaerOpenColl_MP,MP1,FALSE_POSITIVE
RFQ731-003079,binaerOpenColl_MP,MP1,FALSE_POSITIVE
RFQ731-003515,binaerOpenColl_MP,MP1,FALSE_POSITIVE
RFQ731-004035,explosionApproval,A,FALSE_POSITIVE
RFQ731-000814,explosionApproval,A,FALSE_POSITIVE
RFQ731-002665,binaerOpenColl_MP,MP1,FALSE_POSITIVE
RFQ731-000311,certification,CN,FALSE_POSITIVE
RFQ731-002481,binaerDigitalOpenColl_MN,MN2,FALSE_POSITIVE
RFQ731-004071,temperaturEingaenge,TT1,FALSE_POSITIVE
RFQ731-003390,explosionApproval,A,FALSE_POSITIVE
RFQ731-002703,dev_advMeterVerification,1,FALSE_POSITIVE
RFQ731-004692,explosionApproval,A,FALSE_POSITIVE
RFQ731-003398,temperaturEingaenge,TT1,FALSE_POSITIVE
RFQ731-004155,stromEingaenge,IS1,FALSE_POSITIVE
RFQ731-001567,dynamicGasMaster,1,FALSE_POSITIVE
RFQ731-004811,explosionApproval,A,FALSE_POSITIVE
RFQ731-004090,binaerOpenColl_MP,MP1,FALSE_POSITIVE
RFQ731-004713,waveInjector,FWI,FALSE_POSITIVE
RFQ731-002358,devCategory,F,FALSE_POSITIVE
RFQ731-004215,powerSupply,1,FALSE_POSITIVE
RFQ731-000512,temperaturEingaenge,TT1,FALSE_POSITIVE
RFQ731-001663,certification,CN,FALSE_POSITIVE
RFQ731-000277,certification,NN,FALSE_POSITIVE
RFQ731-004079,dev_advMeterVerification,1,FALSE_POSITIVE
RFQ731-004828,certification,CN,FALSE_POSITIVE
RFQ731-003826,waveInjector,FWI,FALSE_POSITIVE
RFQ731-000774,explosionApproval,A,FALSE_POSITIVE
RFQ731-002310,dynamicGasMaster,1,FALSE_POSITIVE
RFQ731-000728,certification,NN,FALSE_POSITIVE
RFQ731-000482,temperaturEingaenge,TT1,FALSE_POSITIVE
RFQ731-002852,waveInjector,FWI,FALSE_POSITIVE
RFQ731-000682,explosionApproval,A,FALSE_POSITIVE
RFQ731-004302,certification,CN,FALSE_POSITIVE
RFQ731-002416,certification,CN,FALSE_POSITIVE
RFQ731-003193,waveInjector,FWI,FALSE_POSITIVE
RFQ731-004005,explosionApproval,A,FALSE_POSITIVE
RFQ731-001680,devCategory,F,FALSE_POSITIVE
RFQ731-003527,binaerOpenColl_MP,MP1,FALSE_POSITIVE
RFQ731-003433,explosionApproval,A,FALSE_POSITIVE
RFQ731-002897,explosionApproval,A,FALSE_POSITIVE
RFQ731-004909,certification,CN,FALSE_POSITIVE
RFQ731-001232,stromSchaltbar,CS1,FALSE_POSITIVE
RFQ731-000309,binaerOpenColl_MP,MP1,FALSE_POSITIVE
RFQ731-002154,waveInjector,FWI,FALSE_POSITIVE
RFQ731-003635,binaerOpenColl_MP,MP1,FALSE_POSITIVE
RFQ731-003678,binaerOpenColl_MP,MP1,FALSE_POSITIVE
RFQ731-004428,explosionApproval,A,FALSE_POSITIVE
RFQ731-001302,dev_advMeterVerification,1,FALSE_POSITIVE
RFQ731-001061,explosionApproval,A,FALSE_POSITIVE
RFQ731-003396,binaerOpenColl_MP,MP1,FALSE_POSITIVE
RFQ731-001706,binaerOpenColl_MP,MP1,FALSE_POSITIVE
RFQ731-003983,explosionApproval,A,FALSE_POSITIVE
RFQ731-000852,certification,CN,FALSE_POSITIVE
RFQ731-002442,explosionApproval,A,FALSE_POSITIVE
RFQ731-002843,temperaturEingaenge,TT1,FALSE_POSITIVE
RFQ731-004715,waveInjector,FWI,FALSE_POSITIVE
RFQ731-001731,explosionApproval,A,FALSE_POSITIVE
RFQ731-000605,dynamicGasMaster,1,FALSE_POSITIVE
RFQ731-000074,explosionApproval,A,FALSE_POSITIVE
RFQ731-004928,temperaturEingaenge,TT1,FALSE_POSITIVE
RFQ731-004758,dynamicGasMaster,1,FALSE_POSITIVE
RFQ731-003671,waveInjector,FWI,FALSE_POSITIVE
RFQ731-004831,explosionApproval,A,FALSE_POSITIVE
RFQ731-002791,binaerOpenColl_MP,MP1,FALSE_POSITIVE
RFQ731-001854,dynamicGasMaster,1,FALSE_POSITIVE
RFQ731-002765,dev_advMeterVerification,1,FALSE_POSITIVE
RFQ731-003507,explosionApproval,A,FALSE_POSITIVE
RFQ731-000922,binaerOpenColl_MP,MP1,FALSE_POSITIVE
RFQ731-003165,certification,CN,FALSE_POSITIVE
RFQ731-001032,certification,CN,FALSE_POSITIVE
RFQ731-002952,certification,CN,FALSE_POSITIVE
RFQ731-000143,temperaturEingaenge,TT1,FALSE_POSITIVE
RFQ731-003489,explosionApproval,A,FALSE_POSITIVE
RFQ731-003851,explosionApproval,A,FALSE_POSITIVE
RFQ731-000368,explosionApproval,A,FALSE_POSITIVE
RFQ731-002943,waveInjector,FWI,FALSE_POSITIVE
RFQ731-002011,explosionApproval,A,FALSE_POSITIVE
RFQ731-004872,binaerOpenColl_MP,MP1,FALSE_POSITIVE
RFQ731-000767,powerSupply,1,FALSE_POSITIVE
RFQ731-002259,devCategory,F,FALSE_POSITIVE
RFQ731-003231,waveInjector,FWI,FALSE_POSITIVE
RFQ731-004012,explosionApproval,A,FALSE_POSITIVE
RFQ731-003267,explosionApproval,A,FALSE_POSITIVE
RFQ731-003678,dev_advMeterVerification,1,FALSE_POSITIVE
RFQ731-001360,certification,CN,FALSE_POSITIVE
RFQ731-003822,temperaturEingaenge,TT1,FALSE_POSITIVE
RFQ731-004857,certification,CN,FALSE_POSITIVE
RFQ731-000535,explosionApproval,A,FALSE_POSITIVE
RFQ731-001658,binaerOpenColl_MP,MP1,FALSE_POSITIVE
RFQ731-001140,explosionApproval,A,FALSE_POSITIVE
RFQ731-000803,binaerOpenColl_MP,MP1,FALSE_POSITIVE
RFQ731-003543,binaerOpenColl_MP,MP1,FALSE_POSITIVE
RFQ731-000069,explosionApproval,A,FALSE_POSITIVE
RFQ731-000634,explosionApproval,A,FALSE_POSITIVE
RFQ731-003647,binaerOpenColl_MP,MP1,FALSE_POSITIVE
RFQ731-004584,dev_advMeterVerification,1,FALSE_POSITIVE
RFQ731-000719,binaerOpenColl_MP,MP1,FALSE_POSITIVE
RFQ731-003904,binaerOpenColl_MP,MP1,FALSE_POSITIVE
RFQ731-000563,dynamicGasMaster,1,FALSE_POSITIVE
RFQ731-004536,explosionApproval,A,FALSE_POSITIVE
RFQ731-001486,binaerOpenColl_MP,MP1,FALSE_POSITIVE
RFQ731-000687,devCategory,F,FALSE_POSITIVE
RFQ731-000910,temperaturEingaenge,TT1,FALSE_POSITIVE
RFQ731-004807,waveInjector,FWI,FALSE_POSITIVE
RFQ731-001389,explosionApproval,A,FALSE_POSITIVE
RFQ731-001279,binaerDigitalOpenColl_MN,MN1,FALSE_POSITIVE
RFQ731-003631,certification,NN,FALSE_POSITIVE
RFQ731-004046,binaerOpenColl_MP,MP1,FALSE_POSITIVE
RFQ731-004150,binaerOpenColl_MP,MP1,FALSE_POSITIVE
RFQ731-000711,binaerOpenColl_MP,MP1,FALSE_POSITIVE
RFQ731-002979,temperaturEingaenge,TT1,FALSE_POSITIVE
RFQ731-001312,temperaturEingaenge,TT1,FALSE_POSITIVE
RFQ731-000243,certification,CN,FALSE_POSITIVE
RFQ731-003584,explosionApproval,A,FALSE_POSITIVE
RFQ731-000270,waveInjector,FWI,FALSE_POSITIVE
RFQ731-003017,dev_advMeterVerification,1,FALSE_POSITIVE
RFQ731-001792,explosionApproval,A,FALSE_POSITIVE
RFQ731-001653,explosionApproval,A,FALSE_POSITIVE
RFQ731-000002,explosionApproval,A,FALSE_POSITIVE
RFQ731-000129,binaerOpenColl_MP,MP1,FALSE_POSITIVE
RFQ731-002609,waveInjector,FWI,FALSE_POSITIVE
RFQ731-003278,certification,CN,FALSE_POSITIVE
RFQ731-003463,temperaturEingaenge,TT1,FALSE_POSITIVE
RFQ731-004075,temperaturEingaenge,TT1,FALSE_POSITIVE
RFQ731-001374,explosionApproval,A,FALSE_POSITIVE
RFQ731-002395,certification,CN,FALSE_POSITIVE
RFQ731-001862,explosionApproval,A,FALSE_POSITIVE
RFQ731-004528,temperaturEingaenge,TT1,FALSE_POSITIVE
RFQ731-001812,explosionApproval,A,FALSE_POSITIVE
RFQ731-002401,explosionApproval,A,FALSE_POSITIVE
RFQ731-004587,explosionApproval,A,FALSE_POSITIVE
RFQ731-003777,explosionApproval,A,FALSE_POSITIVE
RFQ731-003837,stromEingaenge,IS1,FALSE_POSITIVE
RFQ731-003978,binaerOpenColl_MP,MP1,FALSE_POSITIVE
RFQ731-001902,explosionApproval,A,FALSE_POSITIVE
RFQ731-000093,explosionApproval,A,FALSE_POSITIVE
RFQ731-003566,explosionApproval,A,FALSE_POSITIVE
RFQ731-004543,temperaturEingaenge,TT1,FALSE_POSITIVE
RFQ731-002600,dynamicGasMaster,1,FALSE_POSITIVE
RFQ731-004785,binaerOpenColl_MP,MP4,FALSE_POSITIVE
RFQ731-000041,dynamicGasMaster,1,FALSE_POSITIVE
RFQ731-002108,explosionApproval,A,FALSE_POSITIVE
RFQ731-002107,dynamicGasMaster,1,FALSE_POSITIVE
RFQ731-001486,dev_advMeterVerification,1,FALSE_POSITIVE
RFQ731-002554,powerSupply,1,FALSE_POSITIVE
RFQ731-002788,dev_advMeterVerification,1,FALSE_POSITIVE
RFQ731-003508,numberOfChannels,1,FALSE_POSITIVE
RFQ731-004118,dynamicGasMaster,1,FALSE_POSITIVE
RFQ731-004220,explosionApproval,A,FALSE_POSITIVE
RFQ731-004208,explosionApproval,A,FALSE_POSITIVE
RFQ731-001917,binaerOpenColl_MP,MP1,FALSE_POSITIVE
RFQ731-000500,dynamicGasMaster,1,FALSE_POSITIVE
RFQ731-001670,dynamicGasMaster,1,FALSE_POSITIVE
RFQ731-000139,certification,CN,FALSE_POSITIVE
RFQ731-000962,temperaturEingaenge,TT1,FALSE_POSITIVE
RFQ731-001230,stromEingaenge,IS1,FALSE_POSITIVE
RFQ731-000786,explosionApproval,A,FALSE_POSITIVE
RFQ731-002219,binaerOpenColl_MP,MP1,FALSE_POSITIVE
RFQ731-004202,devCategory,F,FALSE_POSITIVE
RFQ731-002375,binaerOpenColl_MP,MP1,FALSE_POSITIVE
RFQ731-002079,binaerOpenColl_MP,MP1,FALSE_POSITIVE
RFQ731-004789,devCategory,G,FALSE_POSITIVE
RFQ731-003368,certification,CN,FALSE_POSITIVE
RFQ731-000674,temperaturEingaenge,TT1,FALSE_POSITIVE
RFQ731-002616,numberOfChannels,1,FALSE_POSITIVE
RFQ731-001277,explosionApproval,A,FALSE_POSITIVE
RFQ731-001296,binaerOpenColl_MP,MP1,FALSE_POSITIVE
RFQ731-001621,explosionApproval,A,FALSE_POSITIVE
RFQ731-004852,temperaturEingaenge,TT1,FALSE_POSITIVE
RFQ731-002222,numberOfChannels,1,FALSE_POSITIVE
RFQ731-000675,explosionApproval,A,FALSE_POSITIVE
RFQ731-000388,certification,CN,FALSE_POSITIVE
RFQ731-004953,binaerOpenColl_MP,MP1,FALSE_POSITIVE
RFQ731-000459,devCategory,F,FALSE_POSITIVE
RFQ731-003131,dynamicGasMaster,1,FALSE_POSITIVE
RFQ731-003480,certification,CN,FALSE_POSITIVE
RFQ731-003052,explosionApproval,A,FALSE_POSITIVE
RFQ731-001534,explosionApproval,A,FALSE_POSITIVE
RFQ731-000373,explosionApproval,A,FALSE_POSITIVE
RFQ731-000241,temperaturEingaenge,TT1,FALSE_POSITIVE
RFQ731-004534,explosionApproval,A,FALSE_POSITIVE
RFQ731-001857,explosionApproval,A,FALSE_POSITIVE
RFQ731-002041,temperaturEingaenge,TT1,FALSE_POSITIVE
RFQ731-001058,waveInjector,FWI,FALSE_POSITIVE
RFQ731-004805,numberOfChannels,1,FALSE_POSITIVE
RFQ731-002377,temperaturEingaenge,TT1,FALSE_POSITIVE
RFQ731-001225,temperaturEingaenge,TT1,FALSE_POSITIVE
RFQ731-001939,temperaturEingaenge,TT1,FALSE_POSITIVE
RFQ731-000515,explosionApproval,A,FALSE_POSITIVE
RFQ731-004027,explosionApproval,A,FALSE_POSITIVE
RFQ731-001995,explosionApproval,A,FALSE_POSITIVE
RFQ731-004186,certification,CN,FALSE_POSITIVE
RFQ731-004094,temperaturEingaenge,TT1,FALSE_POSITIVE
RFQ731-003069,explosionApproval,A,FALSE_POSITIVE
RFQ731-003089,binaerOpenColl_MP,MP1,FALSE_POSITIVE
RFQ731-002170,devCategory,F,FALSE_POSITIVE
RFQ731-000274,certification,CN,FALSE_POSITIVE
RFQ731-003770,explosionApproval,A,FALSE_POSITIVE
RFQ731-000427,temperaturEingaenge,TT1,FALSE_POSITIVE
RFQ731-002567,certification,CN,FALSE_POSITIVE
RFQ731-000026,binaerOpenColl_MP,MP1,FALSE_POSITIVE
RFQ731-001525,temperaturEingaenge,TT1,FALSE_POSITIVE
RFQ731-004797,explosionApproval,A,FALSE_POSITIVE
RFQ731-000966,explosionApproval,A,FALSE_POSITIVE
RFQ731-001807,temperaturEingaenge,TT1,FALSE_POSITIVE
RFQ731-000185,explosionApproval,A,FALSE_POSITIVE
RFQ731-001721,temperaturEingaenge,TT1,FALSE_POSITIVE
RFQ731-003138,explosionApproval,A,FALSE_POSITIVE
RFQ731-001447,explosionApproval,A,FALSE_POSITIVE
RFQ731-004689,explosionApproval,A,FALSE_POSITIVE
RFQ731-003680,certification,NN,FALSE_POSITIVE
RFQ731-001101,explosionApproval,A,FALSE_POSITIVE
RFQ731-000705,waveInjector,FWI,FALSE_POSITIVE
RFQ731-001591,explosionApproval,A,FALSE_POSITIVE
RFQ731-002834,stromEingaenge,IS1,FALSE_POSITIVE
RFQ731-004135,temperaturEingaenge,TT1,FALSE_POSITIVE
RFQ731-002882,binaerOpenColl_MP,MP1,FALSE_POSITIVE
RFQ731-002804,binaerOpenColl_MP,MP1,FALSE_POSITIVE
RFQ731-000045,temperaturEingaenge,TT1,FALSE_POSITIVE
RFQ731-003646,explosionApproval,A,FALSE_POSITIVE
RFQ731-003335,certification,CN,FALSE_POSITIVE
RFQ731-002358,explosionApproval,A,FALSE_POSITIVE
RFQ731-002151,dynamicGasMaster,1,FALSE_POSITIVE
RFQ731-004113,explosionApproval,A,FALSE_POSITIVE
RFQ731-003597,binaerOpenColl_MP,MP1,FALSE_POSITIVE
RFQ731-001965,waveInjector,FWI,FALSE_POSITIVE
RFQ731-001536,certification,CN,FALSE_POSITIVE
RFQ731-002503,binaerOpenColl_MP,MP1,FALSE_POSITIVE
RFQ731-000210,waveInjector,FWI,FALSE_POSITIVE
RFQ731-004069,binaerOpenColl_MP,MP1,FALSE_POSITIVE
RFQ731-002221,certification,CN,FALSE_POSITIVE
RFQ731-004589,temperaturEingaenge,TT1,FALSE_POSITIVE
RFQ731-002999,explosionApproval,A,FALSE_POSITIVE
RFQ731-004578,waveInjector,FWI,FALSE_POSITIVE
RFQ731-001303,explosionApproval,A,FALSE_POSITIVE
RFQ731-000238,temperaturEingaenge,TT1,FALSE_POSITIVE
RFQ731-001359,certification,CN,FALSE_POSITIVE
RFQ731-001699,explosionApproval,A,FALSE_POSITIVE
RFQ731-000410,temperaturEingaenge,TT1,FALSE_POSITIVE
RFQ731-004618,explosionApproval,A,FALSE_POSITIVE
RFQ731-003724,explosionApproval,A,FALSE_POSITIVE
RFQ731-003229,binaerOpenColl_MP,MP1,FALSE_POSITIVE
RFQ731-002090,stromEingaenge,IS1,FALSE_POSITIVE
RFQ731-002489,binaerOpenColl_MP,MP4,FALSE_POSITIVE
RFQ731-000097,explosionApproval,A,FALSE_POSITIVE
RFQ731-002744,certification,NN,FALSE_POSITIVE
RFQ731-001348,dynamicGasMaster,1,FALSE_POSITIVE
RFQ731-000049,binaerOpenColl_MP,MP1,FALSE_POSITIVE
RFQ731-000305,certification,CN,FALSE_POSITIVE
RFQ731-002424,certification,CN,FALSE_POSITIVE
RFQ731-001496,certification,CN,FALSE_POSITIVE
RFQ731-003120,explosionApproval,A,FALSE_POSITIVE
RFQ731-004454,binaerOpenColl_MP,MP1,FALSE_POSITIVE
RFQ731-003894,certification,CN,FALSE_POSITIVE
RFQ731-000349,binaerDigitalOpenColl_MN,MN2,FALSE_POSITIVE
RFQ731-000977,dev_advMeterVerification,1,FALSE_POSITIVE
RFQ731-002967,dynamicGasMaster,1,FALSE_POSITIVE
RFQ731-004156,numberOfChannels,1,FALSE_POSITIVE
RFQ731-001060,temperaturEingaenge,TT1,FALSE_POSITIVE
RFQ731-003793,numberOfChannels,1,FALSE_POSITIVE
RFQ731-002317,stromSchaltbar,CS1,FALSE_POSITIVE
RFQ731-003921,dynamicGasMaster,1,FALSE_POSITIVE
RFQ731-000476,explosionApproval,A,FALSE_POSITIVE
RFQ731-001740,explosionApproval,A,FALSE_POSITIVE
RFQ731-002544,waveInjector,FWI,FALSE_POSITIVE
RFQ731-004512,explosionApproval,A,FALSE_POSITIVE
RFQ731-004029,waveInjector,FWI,FALSE_POSITIVE
RFQ731-002611,explosionApproval,A,FALSE_POSITIVE
RFQ731-004106,explosionApproval,A,FALSE_POSITIVE
RFQ731-002742,explosionApproval,A,FALSE_POSITIVE
RFQ731-004141,waveInjector,FWI,FALSE_POSITIVE
RFQ731-002712,explosionApproval,A,FALSE_POSITIVE
RFQ731-000186,certification,CN,FALSE_POSITIVE
RFQ731-001715,binaerOpenColl_MP,MP1,FALSE_POSITIVE
RFQ731-001527,certification,CN,FALSE_POSITIVE
RFQ731-003959,binaerOpenColl_MP,MP1,FALSE_POSITIVE
RFQ731-002285,devCategory,F,FALSE_POSITIVE
RFQ731-004253,temperaturEingaenge,TT1,FALSE_POSITIVE
RFQ731-004151,dynamicGasMaster,1,FALSE_POSITIVE
RFQ731-003934,certification,CN,FALSE_POSITIVE
RFQ731-004467,certification,CN,FALSE_POSITIVE
RFQ731-004185,stromEingaenge,IS1,FALSE_POSITIVE
RFQ731-001231,binaerOpenColl_MP,MP1,FALSE_POSITIVE
RFQ731-000179,binaerOpenColl_MP,MP1,FALSE_POSITIVE
RFQ731-002632,binaerOpenColl_MP,MP1,FALSE_POSITIVE
RFQ731-003247,dynamicGasMaster,1,FALSE_POSITIVE
RFQ731-003610,dev_advMeterVerification,1,FALSE_POSITIVE
RFQ731-001144,temperaturEingaenge,TT1,FALSE_POSITIVE
RFQ731-003932,temperaturEingaenge,TT1,FALSE_POSITIVE
RFQ731-002805,binaerOpenColl_MP,MP1,FALSE_POSITIVE
RFQ731-000135,explosionApproval,A,FALSE_POSITIVE
RFQ731-002916,temperaturEingaenge,TT1,FALSE_POSITIVE
RFQ731-002179,certification,CN,FALSE_POSITIVE
RFQ731-003766,temperaturEingaenge,TT1,FALSE_POSITIVE
RFQ731-001667,certification,NN,FALSE_POSITIVE
RFQ731-004880,explosionApproval,A,FALSE_POSITIVE
RFQ731-003567,explosionApproval,A,FALSE_POSITIVE
RFQ731-001816,temperaturEingaenge,TT1,FALSE_POSITIVE
RFQ731-000217,temperaturEingaenge,TT1,FALSE_POSITIVE
RFQ731-003835,explosionApproval,A,FALSE_POSITIVE
RFQ731-002245,explosionApproval,A,FALSE_POSITIVE
RFQ731-002603,explosionApproval,A,FALSE_POSITIVE
RFQ731-000287,devCategory,G,FALSE_POSITIVE
RFQ731-001843,explosionApproval,A,FALSE_POSITIVE
RFQ731-000633,binaerOpenColl_MP,MP1,FALSE_POSITIVE
RFQ731-003496,explosionApproval,A,FALSE_POSITIVE
RFQ731-001623,certification,CN,FALSE_POSITIVE
RFQ731-003367,certification,CN,FALSE_POSITIVE
RFQ731-002925,temperaturEingaenge,TT1,FALSE_POSITIVE
RFQ731-002207,explosionApproval,A,FALSE_POSITIVE
RFQ731-003554,explosionApproval,A,FALSE_POSITIVE
RFQ731-000874,waveInjector,FWI,FALSE_POSITIVE
RFQ731-001213,binaerOpenColl_MP,MP1,FALSE_POSITIVE
RFQ731-004251,temperaturEingaenge,TT1,FALSE_POSITIVE
RFQ731-003844,temperaturEingaenge,TT1,FALSE_POSITIVE
RFQ731-004968,certification,CN,FALSE_POSITIVE
RFQ731-002001,binaerOpenColl_MP,MP1,FALSE_POSITIVE
RFQ731-001825,temperaturEingaenge,TT1,FALSE_POSITIVE
RFQ731-000597,dynamicGasMaster,1,FALSE_POSITIVE
RFQ731-000035,explosionApproval,A,FALSE_POSITIVE
RFQ731-000335,waveInjector,FWI,FALSE_POSITIVE
RFQ731-003671,explosionApproval,A,FALSE_POSITIVE
RFQ731-000291,temperaturEingaenge,TT1,FALSE_POSITIVE
RFQ731-000766,waveInjector,FWI,FALSE_POSITIVE
RFQ731-000026,certification,CN,FALSE_POSITIVE
RFQ731-004006,certification,CN,FALSE_POSITIVE
RFQ731-001487,dynamicGasMaster,1,FALSE_POSITIVE
RFQ731-002094,binaerOpenColl_MP,MP1,FALSE_POSITIVE
RFQ731-004989,dynamicGasMaster,1,FALSE_POSITIVE
RFQ731-004459,temperaturEingaenge,TT1,FALSE_POSITIVE
RFQ731-004040,dynamicGasMaster,1,FALSE_POSITIVE
RFQ731-004294,temperaturEingaenge,TT1,FALSE_POSITIVE
RFQ731-001871,certification,CN,FALSE_POSITIVE
RFQ731-003639,certification,NN,FALSE_POSITIVE
RFQ731-000687,temperaturEingaenge,TT1,FALSE_POSITIVE
RFQ731-001840,waveInjector,FWI,FALSE_POSITIVE
RFQ731-003124,waveInjector,FWI,FALSE_POSITIVE
RFQ731-001439,explosionApproval,A,FALSE_POSITIVE
RFQ731-003152,waveInjector,FWI,FALSE_POSITIVE
RFQ731-004478,temperaturEingaenge,TT1,FALSE_POSITIVE
RFQ731-004081,temperaturEingaenge,TT1,FALSE_POSITIVE
RFQ731-002709,explosionApproval,A,FALSE_POSITIVE
RFQ731-001504,binaerOpenColl_MP,MP1,FALSE_POSITIVE
RFQ731-004913,temperaturEingaenge,TT1,FALSE_POSITIVE
RFQ731-004363,explosionApproval,A,FALSE_POSITIVE
RFQ731-000208,waveInjector,FWI,FALSE_POSITIVE
RFQ731-001308,certification,CN,FALSE_POSITIVE
RFQ731-003476,explosionApproval,A,FALSE_POSITIVE
RFQ731-003366,binaerOpenColl_MP,MP1,FALSE_POSITIVE
RFQ731-003231,explosionApproval,A,FALSE_POSITIVE
RFQ731-003830,certification,CN,FALSE_POSITIVE
RFQ731-001349,waveInjector,FWI,FALSE_POSITIVE
RFQ731-001587,temperaturEingaenge,TT1,FALSE_POSITIVE
RFQ731-003897,waveInjector,FWI,FALSE_POSITIVE
RFQ731-002531,devCategory,F,FALSE_POSITIVE
RFQ731-002452,binaerDigitalOpenColl_MN,MN2,FALSE_POSITIVE
RFQ731-001059,explosionApproval,A,FALSE_POSITIVE
RFQ731-003486,binaerOpenColl_MP,MP1,FALSE_POSITIVE
RFQ731-001647,explosionApproval,A,FALSE_POSITIVE
RFQ731-003158,explosionApproval,A,FALSE_POSITIVE
RFQ731-001407,binaerOpenColl_MP,MP1,FALSE_POSITIVE
RFQ731-004868,binaerOpenColl_MP,MP1,FALSE_POSITIVE
RFQ731-001021,explosionApproval,A,FALSE_POSITIVE
RFQ731-004455,explosionApproval,A,FALSE_POSITIVE
RFQ731-003337,binaerOpenColl_MP,MP1,FALSE_POSITIVE
RFQ731-003675,explosionApproval,A,FALSE_POSITIVE
RFQ731-003487,explosionApproval,A,FALSE_POSITIVE
RFQ731-002483,waveInjector,FWI,FALSE_POSITIVE
RFQ731-001511,explosionApproval,A,FALSE_POSITIVE
RFQ731-001872,explosionApproval,A,FALSE_POSITIVE
RFQ731-004175,temperaturEingaenge,TT1,FALSE_POSITIVE
RFQ731-004795,dynamicGasMaster,1,FALSE_POSITIVE
RFQ731-004178,explosionApproval,A,FALSE_POSITIVE
RFQ731-001989,powerSupply,1,FALSE_POSITIVE
RFQ731-000592,explosionApproval,A,FALSE_POSITIVE
RFQ731-003483,binaerOpenColl_MP,MP1,FALSE_POSITIVE
RFQ731-003026,certification,CN,FALSE_POSITIVE
RFQ731-004520,explosionApproval,A,FALSE_POSITIVE
RFQ731-001696,temperaturEingaenge,TT1,FALSE_POSITIVE
RFQ731-004666,explosionApproval,A,FALSE_POSITIVE
RFQ731-003859,binaerOpenColl_MP,MP1,FALSE_POSITIVE
RFQ731-000875,dev_advMeterVerification,1,FALSE_POSITIVE
RFQ731-003678,numberOfChannels,1,FALSE_POSITIVE
RFQ731-001644,explosionApproval,A,FALSE_POSITIVE
RFQ731-002980,devCategory,G,FALSE_POSITIVE
RFQ731-000532,explosionApproval,A,FALSE_POSITIVE
RFQ731-003178,binaerOpenColl_MP,MP1,FALSE_POSITIVE
RFQ731-002153,certification,CN,FALSE_POSITIVE
RFQ731-000459,explosionApproval,A,FALSE_POSITIVE
RFQ731-001546,explosionApproval,A,FALSE_POSITIVE
RFQ731-003719,binaerOpenColl_MP,MP1,FALSE_POSITIVE
RFQ731-004211,temperaturEingaenge,TT1,FALSE_POSITIVE
RFQ731-001590,dynamicGasMaster,1,FALSE_POSITIVE
RFQ731-002166,certification,CN,FALSE_POSITIVE
RFQ731-001594,explosionApproval,A,FALSE_POSITIVE
RFQ731-002481,temperaturEingaenge,TT1,FALSE_POSITIVE
RFQ731-004588,certification,CN,FALSE_POSITIVE
RFQ731-003699,binaerOpenColl_MP,MP1,FALSE_POSITIVE
RFQ731-003295,certification,CN,FALSE_POSITIVE
RFQ731-002092,binaerOpenColl_MP,MP1,FALSE_POSITIVE
RFQ731-004103,explosionApproval,A,FALSE_POSITIVE
RFQ731-001222,numberOfChannels,1,FALSE_POSITIVE
RFQ731-004123,certification,CN,FALSE_POSITIVE
RFQ731-003247,binaerOpenColl_MP,MP1,FALSE_POSITIVE
RFQ731-002645,certification,CN,FALSE_POSITIVE
RFQ731-003447,explosionApproval,A,FALSE_POSITIVE
RFQ731-004217,numberOfChannels,1,FALSE_POSITIVE
RFQ731-004331,explosionApproval,A,FALSE_POSITIVE
RFQ731-002223,explosionApproval,A,FALSE_POSITIVE
RFQ731-001057,explosionApproval,A,FALSE_POSITIVE
RFQ731-004427,explosionApproval,A,FALSE_POSITIVE
RFQ731-001914,explosionApproval,A,FALSE_POSITIVE
RFQ731-003341,certification,NN,FALSE_POSITIVE
RFQ731-002510,explosionApproval,A,FALSE_POSITIVE
RFQ731-004423,binaerOpenColl_MP,MP1,FALSE_POSITIVE
RFQ731-004680,explosionApproval,A,FALSE_POSITIVE
RFQ731-001121,explosionApproval,A,FALSE_POSITIVE
RFQ731-003867,binaerOpenColl_MP,MP1,FALSE_POSITIVE
RFQ731-000777,waveInjector,FWI,FALSE_POSITIVE
RFQ731-003394,explosionApproval,A,FALSE_POSITIVE
RFQ731-000084,dynamicGasMaster,1,FALSE_POSITIVE
RFQ731-001050,explosionApproval,A,FALSE_POSITIVE
RFQ731-000660,temperaturEingaenge,TT1,FALSE_POSITIVE
RFQ731-002428,explosionApproval,A,FALSE_POSITIVE
RFQ731-000606,explosionApproval,A,FALSE_POSITIVE
RFQ731-004353,waveInjector,FWI,FALSE_POSITIVE
RFQ731-000371,stromEingaenge,IS1,FALSE_POSITIVE
RFQ731-000901,certification,CN,FALSE_POSITIVE
RFQ731-000398,waveInjector,FWI,FALSE_POSITIVE
RFQ731-000845,waveInjector,FWI,FALSE_POSITIVE
RFQ731-001775,dynamicGasMaster,1,FALSE_POSITIVE
RFQ731-004533,waveInjector,FWI,FALSE_POSITIVE
RFQ731-004456,explosionApproval,A,FALSE_POSITIVE
RFQ731-002278,binaerOpenColl_MP,MP1,FALSE_POSITIVE
RFQ731-002092,dev_advMeterVerification,1,FALSE_POSITIVE
RFQ731-001191,temperaturEingaenge,TT1,FALSE_POSITIVE
RFQ731-001458,binaerOpenColl_MP,MP4,FALSE_POSITIVE
RFQ731-004194,certification,CN,FALSE_POSITIVE
RFQ731-003784,explosionApproval,A,FALSE_POSITIVE
RFQ731-004519,binaerOpenColl_MP,MP1,FALSE_POSITIVE
RFQ731-002405,devCategory,G,FALSE_POSITIVE
RFQ731-002518,temperaturEingaenge,TT1,FALSE_POSITIVE
RFQ731-000411,dynamicGasMaster,1,FALSE_POSITIVE
RFQ731-003898,binaerOpenColl_MP,MP1,FALSE_POSITIVE
RFQ731-001449,explosionApproval,A,FALSE_POSITIVE
RFQ731-000336,waveInjector,FWI,FALSE_POSITIVE
RFQ731-003117,waveInjector,FWI,FALSE_POSITIVE
RFQ731-000603,devCategory,G,FALSE_POSITIVE
RFQ731-000156,explosionApproval,A,FALSE_POSITIVE
RFQ731-004357,numberOfChannels,1,FALSE_POSITIVE
RFQ731-004058,waveInjector,FWI,FALSE_POSITIVE
RFQ731-002003,explosionApproval,A,FALSE_POSITIVE
RFQ731-001827,explosionApproval,A,FALSE_POSITIVE
RFQ731-001118,binaerOpenColl_MP,MP1,FALSE_POSITIVE
RFQ731-002132,dynamicGasMaster,1,FALSE_POSITIVE
RFQ731-004270,explosionApproval,A,FALSE_POSITIVE
RFQ731-001075,explosionApproval,A,FALSE_POSITIVE
RFQ731-002942,binaerOpenColl_MP,MP1,FALSE_POSITIVE
RFQ731-001948,binaerOpenColl_MP,MP1,FALSE_POSITIVE
RFQ731-001238,explosionApproval,A,FALSE_POSITIVE
RFQ731-001723,waveInjector,FWI,FALSE_POSITIVE
RFQ731-003230,certification,CN,FALSE_POSITIVE
RFQ731-000686,binaerOpenColl_MP,MP1,FALSE_POSITIVE
RFQ731-003705,explosionApproval,A,FALSE_POSITIVE
RFQ731-002662,explosionApproval,A,FALSE_POSITIVE
RFQ731-003018,waveInjector,FWI,FALSE_POSITIVE
RFQ731-002853,temperaturEingaenge,TT1,FALSE_POSITIVE
RFQ731-001665,explosionApproval,A,FALSE_POSITIVE
RFQ731-004479,temperaturEingaenge,TT1,FALSE_POSITIVE
RFQ731-001308,binaerOpenColl_MP,MP1,FALSE_POSITIVE
RFQ731-000862,explosionApproval,A,FALSE_POSITIVE
RFQ731-001457,explosionApproval,A,FALSE_POSITIVE
RFQ731-000101,waveInjector,FWI,FALSE_POSITIVE
RFQ731-001184,stromEingaenge,IS1,FALSE_POSITIVE
RFQ731-003266,devCategory,F,FALSE_POSITIVE
RFQ731-001693,certification,CN,FALSE_POSITIVE
RFQ731-001586,explosionApproval,A,FALSE_POSITIVE
RFQ731-002540,certification,CN,FALSE_POSITIVE
RFQ731-002099,waveInjector,FWI,FALSE_POSITIVE
RFQ731-000948,binaerOpenColl_MP,MP1,FALSE_POSITIVE
RFQ731-002852,dynamicGasMaster,1,FALSE_POSITIVE
RFQ731-003236,certification,CN,FALSE_POSITIVE
RFQ731-002160,explosionApproval,A,FALSE_POSITIVE
RFQ731-000704,dev_advMeterVerification,1,FALSE_POSITIVE
RFQ731-002705,certification,CN,FALSE_POSITIVE
RFQ731-001557,explosionApproval,A,FALSE_POSITIVE
RFQ731-001982,explosionApproval,A,FALSE_POSITIVE
RFQ731-002952,dynamicGasMaster,1,FALSE_POSITIVE
RFQ731-002894,dev_advMeterVerification,1,FALSE_POSITIVE
RFQ731-002288,explosionApproval,A,FALSE_POSITIVE
RFQ731-003175,waveInjector,FWI,FALSE_POSITIVE
RFQ731-000467,dynamicGasMaster,1,FALSE_POSITIVE
RFQ731-001668,dev_advMeterVerification,1,FALSE_POSITIVE
RFQ731-001143,dynamicGasMaster,1,FALSE_POSITIVE
RFQ731-003643,waveInjector,FWI,FALSE_POSITIVE
RFQ731-000380,waveInjector,FWI,FALSE_POSITIVE
RFQ731-001249,explosionApproval,A,FALSE_POSITIVE
RFQ731-004339,certification,CN,FALSE_POSITIVE
RFQ731-000352,explosionApproval,A,FALSE_POSITIVE
RFQ731-002519,explosionApproval,A,FALSE_POSITIVE
RFQ731-000655,explosionApproval,A,FALSE_POSITIVE
RFQ731-000809,explosionApproval,A,FALSE_POSITIVE
RFQ731-000334,certification,CN,FALSE_POSITIVE
RFQ731-003283,explosionApproval,A,FALSE_POSITIVE
RFQ731-000767,temperaturEingaenge,TT1,FALSE_POSITIVE
RFQ731-002348,binaerOpenColl_MP,MP1,FALSE_POSITIVE
RFQ731-001262,explosionApproval,A,FALSE_POSITIVE
RFQ731-001245,waveInjector,FWI,FALSE_POSITIVE
RFQ731-004229,binaerOpenColl_MP,MP1,FALSE_POSITIVE
RFQ731-004814,explosionApproval,A,FALSE_POSITIVE
RFQ731-003465,binaerOpenColl_MP,MP1,FALSE_POSITIVE
RFQ731-000939,explosionApproval,A,FALSE_POSITIVE
RFQ731-004690,temperaturEingaenge,TT1,FALSE_POSITIVE
RFQ731-002217,binaerOpenColl_MP,MP1,FALSE_POSITIVE
RFQ731-003865,waveInjector,FWI,FALSE_POSITIVE
RFQ731-000467,binaerOpenColl_MP,MP1,FALSE_POSITIVE
RFQ731-000904,dynamicGasMaster,1,FALSE_POSITIVE
RFQ731-000430,explosionApproval,A,FALSE_POSITIVE
RFQ731-000562,explosionApproval,A,FALSE_POSITIVE
RFQ731-003680,waveInjector,FWI,FALSE_POSITIVE
RFQ731-002606,waveInjector,FWI,FALSE_POSITIVE
RFQ731-003995,explosionApproval,A,FALSE_POSITIVE
RFQ731-001704,dynamicGasMaster,1,FALSE_POSITIVE
RFQ731-004892,certification,CN,FALSE_POSITIVE
RFQ731-001133,temperaturEingaenge,TT1,FALSE_POSITIVE
RFQ731-000668,explosionApproval,A,FALSE_POSITIVE
RFQ731-003595,temperaturEingaenge,TT1,FALSE_POSITIVE
RFQ731-004043,explosionApproval,A,FALSE_POSITIVE
RFQ731-003079,temperaturEingaenge,TT1,FALSE_POSITIVE
RFQ731-003782,dev_advMeterVerification,1,FALSE_POSITIVE
RFQ731-003596,explosionApproval,A,FALSE_POSITIVE
RFQ731-004421,explosionApproval,A,FALSE_POSITIVE
RFQ731-002411,explosionApproval,A,FALSE_POSITIVE
RFQ731-004347,certification,CN,FALSE_POSITIVE
RFQ731-002902,binaerOpenColl_MP,MP1,FALSE_POSITIVE
RFQ731-000821,dynamicGasMaster,1,FALSE_POSITIVE
RFQ731-002298,explosionApproval,A,FALSE_POSITIVE
RFQ731-000623,temperaturEingaenge,TT1,FALSE_POSITIVE
RFQ731-000653,temperaturEingaenge,TT1,FALSE_POSITIVE
RFQ731-001019,certification,CN,FALSE_POSITIVE
RFQ731-003602,dynamicGasMaster,1,FALSE_POSITIVE
RFQ731-004200,explosionApproval,A,FALSE_POSITIVE
RFQ731-003453,explosionApproval,A,FALSE_POSITIVE
RFQ731-001518,explosionApproval,A,FALSE_POSITIVE
RFQ731-002234,numberOfChannels,1,FALSE_POSITIVE
RFQ731-002208,explosionApproval,A,FALSE_POSITIVE
RFQ731-002008,temperaturEingaenge,TT1,FALSE_POSITIVE
RFQ731-001576,certification,CN,FALSE_POSITIVE
RFQ731-001710,waveInjector,FWI,FALSE_POSITIVE
RFQ731-000282,dynamicGasMaster,1,FALSE_POSITIVE
RFQ731-000483,temperaturEingaenge,TT1,FALSE_POSITIVE
RFQ731-001379,certification,CN,FALSE_POSITIVE
RFQ731-003497,binaerDigitalOpenColl_MN,MN1,FALSE_POSITIVE
RFQ731-001684,certification,CN,FALSE_POSITIVE
RFQ731-000548,explosionApproval,A,FALSE_POSITIVE
RFQ731-002280,certification,CN,FALSE_POSITIVE
RFQ731-003168,temperaturEingaenge,TT1,FALSE_POSITIVE
RFQ731-002238,temperaturEingaenge,TT1,FALSE_POSITIVE
RFQ731-003440,binaerOpenColl_MP,MP1,FALSE_POSITIVE
RFQ731-002845,binaerOpenColl_MP,MP1,FALSE_POSITIVE
RFQ731-000375,explosionApproval,A,FALSE_POSITIVE
RFQ731-000266,dynamicGasMaster,1,FALSE_POSITIVE
RFQ731-004767,certification,CN,FALSE_POSITIVE
RFQ731-001023,waveInjector,FWI,FALSE_POSITIVE
RFQ731-000507,certification,CN,FALSE_POSITIVE
RFQ731-004895,explosionApproval,A,FALSE_POSITIVE
RFQ731-004227,certification,CN,FALSE_POSITIVE
RFQ731-002555,certification,CN,FALSE_POSITIVE
RFQ731-000570,waveInjector,FWI,FALSE_POSITIVE
RFQ731-001640,dynamicGasMaster,1,FALSE_POSITIVE
RFQ731-002031,temperaturEingaenge,TT1,FALSE_POSITIVE
RFQ731-004922,binaerDigitalOpenColl_MN,MN1,FALSE_POSITIVE
RFQ731-000031,explosionApproval,A,FALSE_POSITIVE
RFQ731-000652,dynamicGasMaster,1,FALSE_POSITIVE
RFQ731-003254,binaerOpenColl_MP,MP1,FALSE_POSITIVE
RFQ731-002178,explosionApproval,A,FALSE_POSITIVE
RFQ731-003203,temperaturEingaenge,TT1,FALSE_POSITIVE
RFQ731-003790,certification,CN,FALSE_POSITIVE
RFQ731-002418,temperaturEingaenge,TT1,FALSE_POSITIVE
RFQ731-002642,explosionApproval,A,FALSE_POSITIVE
RFQ731-003615,explosionApproval,A,FALSE_POSITIVE
RFQ731-000112,dynamicGasMaster,1,FALSE_POSITIVE
RFQ731-002216,devCategory,G,FALSE_POSITIVE
RFQ731-003152,explosionApproval,A,FALSE_POSITIVE
RFQ731-003822,explosionApproval,A,FALSE_POSITIVE
RFQ731-000074,waveInjector,FWI,FALSE_POSITIVE
RFQ731-003928,temperaturEingaenge,TT1,FALSE_POSITIVE
RFQ731-001927,explosionApproval,A,FALSE_POSITIVE
RFQ731-001491,certification,CN,FALSE_POSITIVE
RFQ731-001039,dev_advMeterVerification,1,FALSE_POSITIVE
RFQ731-000159,certification,CN,FALSE_POSITIVE
RFQ731-001344,explosionApproval,A,FALSE_POSITIVE
RFQ731-002684,numberOfChannels,1,FALSE_POSITIVE
RFQ731-002735,binaerOpenColl_MP,MP1,FALSE_POSITIVE
RFQ731-000519,explosionApproval,A,FALSE_POSITIVE
RFQ731-001643,dev_advMeterVerification,1,FALSE_POSITIVE
RFQ731-003121,certification,CN,FALSE_POSITIVE
RFQ731-003897,explosionApproval,A,FALSE_POSITIVE
RFQ731-003851,waveInjector,FWI,FALSE_POSITIVE
RFQ731-000893,numberOfChannels,1,FALSE_POSITIVE
RFQ731-002784,explosionApproval,A,FALSE_POSITIVE
RFQ731-000215,binaerDigitalOpenColl_MN,MN2,FALSE_POSITIVE
RFQ731-004663,waveInjector,FWI,FALSE_POSITIVE
RFQ731-000062,binaerDigitalOpenColl_MN,MN2,FALSE_POSITIVE
RFQ731-004171,devCategory,F,FALSE_POSITIVE
RFQ731-004820,explosionApproval,A,FALSE_POSITIVE
RFQ731-002361,temperaturEingaenge,TT1,FALSE_POSITIVE
RFQ731-003863,certification,CN,FALSE_POSITIVE
RFQ731-003712,devCategory,G,FALSE_POSITIVE
RFQ731-003568,explosionApproval,A,FALSE_POSITIVE
RFQ731-003943,explosionApproval,A,FALSE_POSITIVE
RFQ731-004958,devCategory,G,FALSE_POSITIVE
RFQ731-003736,certification,CN,FALSE_POSITIVE
RFQ731-002645,binaerOpenColl_MP,MP1,FALSE_POSITIVE
RFQ731-001698,explosionApproval,A,FALSE_POSITIVE
RFQ731-002228,waveInjector,FWI,FALSE_POSITIVE
RFQ731-000446,certification,CN,FALSE_POSITIVE
RFQ731-003927,binaerOpenColl_MP,MP1,FALSE_POSITIVE
RFQ731-003634,explosionApproval,A,FALSE_POSITIVE
RFQ731-002396,binaerOpenColl_MP,MP1,FALSE_POSITIVE
RFQ731-000803,temperaturEingaenge,TT1,FALSE_POSITIVE
RFQ731-001529,binaerOpenColl_MP,MP1,FALSE_POSITIVE
RFQ731-002841,temperaturEingaenge,TT1,FALSE_POSITIVE
RFQ731-000144,explosionApproval,A,FALSE_POSITIVE
RFQ731-001420,explosionApproval,A,FALSE_POSITIVE
RFQ731-002769,explosionApproval,A,FALSE_POSITIVE
RFQ731-000384,temperaturEingaenge,TT1,FALSE_POSITIVE
RFQ731-001042,waveInjector,FWI,FALSE_POSITIVE
RFQ731-000520,certification,CN,FALSE_POSITIVE
RFQ731-004850,dev_advMeterVerification,1,FALSE_POSITIVE
RFQ731-002087,binaerOpenColl_MP,MP1,FALSE_POSITIVE
RFQ731-000513,binaerDigitalOpenColl_MN,MN1,FALSE_POSITIVE
RFQ731-000569,dynamicGasMaster,1,FALSE_POSITIVE
RFQ731-003432,explosionApproval,A,FALSE_POSITIVE
RFQ731-001945,dynamicGasMaster,1,FALSE_POSITIVE
RFQ731-001105,explosionApproval,A,FALSE_POSITIVE
RFQ731-002640,temperaturEingaenge,TT1,FALSE_POSITIVE
RFQ731-000125,certification,CN,FALSE_POSITIVE
RFQ731-002269,explosionApproval,A,FALSE_POSITIVE
RFQ731-002528,explosionApproval,A,FALSE_POSITIVE
RFQ731-004656,explosionApproval,A,FALSE_POSITIVE
RFQ731-000920,dynamicGasMaster,1,FALSE_POSITIVE
RFQ731-000080,temperaturEingaenge,TT1,FALSE_POSITIVE
RFQ731-000625,waveInjector,FWI,FALSE_POSITIVE
RFQ731-003963,certification,CN,FALSE_POSITIVE
RFQ731-003618,temperaturEingaenge,TT1,FALSE_POSITIVE
RFQ731-003095,temperaturEingaenge,TT1,FALSE_POSITIVE
RFQ731-000399,temperaturEingaenge,TT1,FALSE_POSITIVE
RFQ731-002594,binaerOpenColl_MP,MP1,FALSE_POSITIVE
RFQ731-003221,explosionApproval,A,FALSE_POSITIVE
RFQ731-003354,waveInjector,FWI,FALSE_POSITIVE
RFQ731-000469,explosionApproval,A,FALSE_POSITIVE
RFQ731-000514,binaerDigitalOpenColl_MN,MN1,FALSE_POSITIVE
RFQ731-002284,explosionApproval,A,FALSE_POSITIVE
RFQ731-004941,explosionApproval,A,FALSE_POSITIVE
RFQ731-002485,dev_advMeterVerification,1,FALSE_POSITIVE
RFQ731-000923,temperaturEingaenge,TT1,FALSE_POSITIVE
RFQ731-004590,waveInjector,FWI,FALSE_POSITIVE
RFQ731-001885,explosionApproval,A,FALSE_POSITIVE
RFQ731-000010,binaerOpenColl_MP,MP1,FALSE_POSITIVE
RFQ731-001132,temperaturEingaenge,TT1,FALSE_POSITIVE
RFQ731-000256,binaerOpenColl_MP,MP1,FALSE_POSITIVE
RFQ731-004411,explosionApproval,A,FALSE_POSITIVE
RFQ731-003499,explosionApproval,A,FALSE_POSITIVE
RFQ731-002126,binaerOpenColl_MP,MP1,FALSE_POSITIVE
RFQ731-004039,binaerOpenColl_MP,MP1,FALSE_POSITIVE
RFQ731-002323,binaerOpenColl_MP,MP1,FALSE_POSITIVE
RFQ731-000922,certification,CN,FALSE_POSITIVE
RFQ731-001082,temperaturEingaenge,TT1,FALSE_POSITIVE
RFQ731-004612,temperaturEingaenge,TT1,FALSE_POSITIVE
RFQ731-003252,binaerOpenColl_MP,MP1,FALSE_POSITIVE
RFQ731-003577,explosionApproval,A,FALSE_POSITIVE
RFQ731-002085,binaerOpenColl_MP,MP1,FALSE_POSITIVE
RFQ731-003344,explosionApproval,A,FALSE_POSITIVE
RFQ731-004145,binaerOpenColl_MP,MP1,FALSE_POSITIVE
RFQ731-004051,explosionApproval,A,FALSE_POSITIVE
RFQ731-003574,explosionApproval,A,FALSE_POSITIVE
RFQ731-001520,temperaturEingaenge,TT1,FALSE_POSITIVE
RFQ731-003183,temperaturEingaenge,TT1,FALSE_POSITIVE
RFQ731-000398,explosionApproval,A,FALSE_POSITIVE
RFQ731-001739,certification,CN,FALSE_POSITIVE
RFQ731-000845,explosionApproval,A,FALSE_POSITIVE
RFQ731-003126,certification,CN,FALSE_POSITIVE
RFQ731-000718,temperaturEingaenge,TT1,FALSE_POSITIVE
RFQ731-000247,dynamicGasMaster,1,FALSE_POSITIVE
RFQ731-004273,binaerOpenColl_MP,MP1,FALSE_POSITIVE
RFQ731-000772,explosionApproval,A,FALSE_POSITIVE
RFQ731-003889,temperaturEingaenge,TT1,FALSE_POSITIVE
RFQ731-003198,binaerOpenColl_MP,MP1,FALSE_POSITIVE
RFQ731-000872,powerSupply,1,FALSE_POSITIVE
RFQ731-000336,explosionApproval,A,FALSE_POSITIVE
RFQ731-001987,explosionApproval,A,FALSE_POSITIVE
RFQ731-003030,explosionApproval,A,FALSE_POSITIVE
RFQ731-000930,binaerOpenColl_MP,MP1,FALSE_POSITIVE
RFQ731-003606,certification,CN,FALSE_POSITIVE
RFQ731-000421,temperaturEingaenge,TT1,FALSE_POSITIVE
RFQ731-001692,binaerOpenColl_MP,MP1,FALSE_POSITIVE
RFQ731-002557,explosionApproval,A,FALSE_POSITIVE
RFQ731-001940,dynamicGasMaster,1,FALSE_POSITIVE
RFQ731-004878,dev_advMeterVerification,1,FALSE_POSITIVE
RFQ731-001723,explosionApproval,A,FALSE_POSITIVE
RFQ731-001349,stromSchaltbar,CS1,FALSE_POSITIVE
RFQ731-003106,binaerOpenColl_MP,MP1,FALSE_POSITIVE
RFQ731-003774,explosionApproval,A,FALSE_POSITIVE
RFQ731-000916,certification,CN,FALSE_POSITIVE
RFQ731-003801,certification,CN,FALSE_POSITIVE
RFQ731-002283,temperaturEingaenge,TT1,FALSE_POSITIVE
RFQ731-003458,certification,NN,FALSE_POSITIVE
RFQ731-000597,certification,CN,FALSE_POSITIVE
RFQ731-004239,explosionApproval,A,FALSE_POSITIVE
RFQ731-002701,binaerOpenColl_MP,MP1,FALSE_POSITIVE
RFQ731-000578,dynamicGasMaster,1,FALSE_POSITIVE
RFQ731-000465,binaerDigitalOpenColl_MN,MN2,FALSE_POSITIVE
RFQ731-002377,explosionApproval,A,FALSE_POSITIVE
RFQ731-004595,temperaturEingaenge,TT1,FALSE_POSITIVE
RFQ731-002658,explosionApproval,A,FALSE_POSITIVE
RFQ731-000387,explosionApproval,A,FALSE_POSITIVE
RFQ731-001252,explosionApproval,A,FALSE_POSITIVE
RFQ731-000208,binaerOpenColl_MP,MP4,FALSE_POSITIVE
RFQ731-000906,explosionApproval,A,FALSE_POSITIVE
RFQ731-002569,binaerOpenColl_MP,MP1,FALSE_POSITIVE
RFQ731-002197,explosionApproval,A,FALSE_POSITIVE
RFQ731-001220,waveInjector,FWI,FALSE_POSITIVE
RFQ731-000811,numberOfChannels,1,FALSE_POSITIVE
RFQ731-001107,temperaturEingaenge,TT1,FALSE_POSITIVE
RFQ731-001056,waveInjector,FWI,FALSE_POSITIVE
RFQ731-001920,temperaturEingaenge,TT1,FALSE_POSITIVE
RFQ731-002382,binaerOpenColl_MP,MP1,FALSE_POSITIVE
RFQ731-002452,temperaturEingaenge,TT1,FALSE_POSITIVE
RFQ731-001355,dev_advMeterVerification,1,FALSE_POSITIVE
RFQ731-000838,certification,CN,FALSE_POSITIVE
RFQ731-001842,waveInjector,FWI,FALSE_POSITIVE
RFQ731-000929,certification,CN,FALSE_POSITIVE
RFQ731-000607,dynamicGasMaster,1,FALSE_POSITIVE
RFQ731-002333,explosionApproval,A,FALSE_POSITIVE
RFQ731-002646,waveInjector,FWI,FALSE_POSITIVE
RFQ731-000152,certification,NN,FALSE_POSITIVE
RFQ731-000198,certification,CN,FALSE_POSITIVE
RFQ731-003873,certification,CN,FALSE_POSITIVE
RFQ731-002884,binaerOpenColl_MP,MP1,FALSE_POSITIVE
RFQ731-003081,temperaturEingaenge,TT1,FALSE_POSITIVE
RFQ731-000014,stromEingaenge,IS1,FALSE_POSITIVE
RFQ731-003996,binaerOpenColl_MP,MP1,FALSE_POSITIVE
RFQ731-000911,certification,CN,FALSE_POSITIVE
RFQ731-002033,binaerOpenColl_MP,MP1,FALSE_POSITIVE
RFQ731-001501,binaerOpenColl_MP,MP1,FALSE_POSITIVE
RFQ731-004932,devCategory,G,FALSE_POSITIVE
RFQ731-004697,explosionApproval,A,FALSE_POSITIVE
RFQ731-002328,certification,CN,FALSE_POSITIVE
RFQ731-001430,explosionApproval,A,FALSE_POSITIVE
RFQ731-000326,temperaturEingaenge,TT1,FALSE_POSITIVE
RFQ731-000873,binaerOpenColl_MP,MP1,FALSE_POSITIVE
RFQ731-002079,certification,CN,FALSE_POSITIVE
RFQ731-001928,explosionApproval,A,FALSE_POSITIVE
RFQ731-002810,explosionApproval,A,FALSE_POSITIVE
RFQ731-001241,temperaturEingaenge,TT1,FALSE_POSITIVE
RFQ731-004559,certification,CN,FALSE_POSITIVE
RFQ731-002336,dynamicGasMaster,1,FALSE_POSITIVE
RFQ731-001038,explosionApproval,A,FALSE_POSITIVE
RFQ731-000878,temperaturEingaenge,TT1,FALSE_POSITIVE
RFQ731-002525,dynamicGasMaster,1,FALSE_POSITIVE
RFQ731-000423,binaerOpenColl_MP,MP1,FALSE_POSITIVE
RFQ731-004813,temperaturEingaenge,TT1,FALSE_POSITIVE
RFQ731-001582,temperaturEingaenge,TT1,FALSE_POSITIVE
RFQ731-001821,explosionApproval,A,FALSE_POSITIVE
RFQ731-001793,temperaturEingaenge,TT1,FALSE_POSITIVE
RFQ731-002654,dev_advMeterVerification,1,FALSE_POSITIVE
RFQ731-000514,explosionApproval,A,FALSE_POSITIVE
RFQ731-004106,waveInjector,FWI,FALSE_POSITIVE
RFQ731-001955,certification,CN,FALSE_POSITIVE
RFQ731-004127,binaerOpenColl_MP,MP1,FALSE_POSITIVE
RFQ731-001554,certification,CN,FALSE_POSITIVE
RFQ731-003129,waveInjector,FWI,FALSE_POSITIVE
RFQ731-002790,temperaturEingaenge,TT1,FALSE_POSITIVE
RFQ731-003417,explosionApproval,A,FALSE_POSITIVE
RFQ731-002329,explosionApproval,A,FALSE_POSITIVE
RFQ731-002240,explosionApproval,A,FALSE_POSITIVE
RFQ731-004909,temperaturEingaenge,TT1,FALSE_POSITIVE
RFQ731-004558,binaerOpenColl_MP,MP1,FALSE_POSITIVE
RFQ731-000360,certification,CN,FALSE_POSITIVE
RFQ731-000061,binaerOpenColl_MP,MP1,FALSE_POSITIVE
RFQ731-001160,binaerOpenColl_MP,MP1,FALSE_POSITIVE
RFQ731-004939,binaerOpenColl_MP,MP1,FALSE_POSITIVE
RFQ731-004613,certification,CN,FALSE_POSITIVE
RFQ731-001220,temperaturEingaenge,TT1,FALSE_POSITIVE
RFQ731-004271,waveInjector,FWI,FALSE_POSITIVE
RFQ731-003563,explosionApproval,A,FALSE_POSITIVE
RFQ731-000134,certification,CN,FALSE_POSITIVE
RFQ731-003220,binaerOpenColl_MP,MP4,FALSE_POSITIVE
RFQ731-002772,explosionApproval,A,FALSE_POSITIVE
RFQ731-003121,binaerOpenColl_MP,MP1,FALSE_POSITIVE
RFQ731-004099,waveInjector,FWI,FALSE_POSITIVE
RFQ731-003459,certification,CN,FALSE_POSITIVE
RFQ731-003351,dynamicGasMaster,1,FALSE_POSITIVE
RFQ731-003091,dynamicGasMaster,1,FALSE_POSITIVE
RFQ731-002409,explosionApproval,A,FALSE_POSITIVE
RFQ731-000388,explosionApproval,A,FALSE_POSITIVE
RFQ731-004310,certification,CN,FALSE_POSITIVE
RFQ731-000105,explosionApproval,A,FALSE_POSITIVE
RFQ731-002757,explosionApproval,A,FALSE_POSITIVE
RFQ731-003872,waveInjector,FWI,FALSE_POSITIVE
RFQ731-004512,waveInjector,FWI,FALSE_POSITIVE
RFQ731-002860,explosionApproval,A,FALSE_POSITIVE
RFQ731-003659,explosionApproval,A,FALSE_POSITIVE
RFQ731-004541,certification,CN,FALSE_POSITIVE
RFQ731-004373,dev_advMeterVerification,1,FALSE_POSITIVE
RFQ731-002271,explosionApproval,A,FALSE_POSITIVE
RFQ731-000919,waveInjector,FWI,FALSE_POSITIVE
RFQ731-004011,explosionApproval,A,FALSE_POSITIVE
RFQ731-001105,steamApplication,H,FALSE_NEGATIVE
RFQ731-001845,devCategory,H,FALSE_NEGATIVE
RFQ731-004020,certification,MN,FALSE_NEGATIVE
RFQ731-004656,steamApplication,H,FALSE_NEGATIVE
RFQ731-001732,dataInterface,HS,FALSE_NEGATIVE
RFQ731-002804,dataInterface,PA,FALSE_NEGATIVE
RFQ731-001742,certification,MN,FALSE_NEGATIVE
RFQ731-000345,steamApplication,N,FALSE_NEGATIVE
RFQ731-004158,steamApplication,H,FALSE_NEGATIVE
RFQ731-004405,dataInterface,HS,FALSE_NEGATIVE
RFQ731-003688,certification,MN,FALSE_NEGATIVE
RFQ731-001191,dataInterface,HS,FALSE_NEGATIVE
RFQ731-002051,waveInjector,FWI,FALSE_NEGATIVE
RFQ731-001771,devCategory,H,FALSE_NEGATIVE
RFQ731-003345,temperaturEingaenge,TT1,FALSE_NEGATIVE
RFQ731-004975,steamApplication,H,FALSE_NEGATIVE
RFQ731-004120,dataInterface,HS,FALSE_NEGATIVE
RFQ731-001383,protectionArea,N,FALSE_NEGATIVE
RFQ731-003735,devCategory,H,FALSE_NEGATIVE
RFQ731-002293,dataInterface,HS,FALSE_NEGATIVE
RFQ731-000879,certification,MN,FALSE_NEGATIVE
RFQ731-002522,steamApplication,H,FALSE_NEGATIVE
RFQ731-003774,steamApplication,H,FALSE_NEGATIVE
RFQ731-003026,dataInterface,NN,FALSE_NEGATIVE
RFQ731-002257,protectionArea,N,FALSE_NEGATIVE
RFQ731-002770,dataInterface,MT,FALSE_NEGATIVE
RFQ731-004148,explosionApproval,A,FALSE_NEGATIVE
RFQ731-004915,temperaturEingaenge,TT1,FALSE_NEGATIVE
RFQ731-004028,certification,MN,FALSE_NEGATIVE
RFQ731-001386,protectionArea,N,FALSE_NEGATIVE
RFQ731-003472,dataInterface,MT,FALSE_NEGATIVE
RFQ731-000243,temperaturEingaenge,TT1,FALSE_NEGATIVE
RFQ731-004297,dataInterface,HS,FALSE_NEGATIVE
RFQ731-001956,certification,MN,FALSE_NEGATIVE
RFQ731-001103,protectionArea,N,FALSE_NEGATIVE
RFQ731-001780,dataInterface,HS,FALSE_NEGATIVE
RFQ731-004475,steamApplication,H,FALSE_NEGATIVE
RFQ731-001839,powerSupply,4,FALSE_NEGATIVE
RFQ731-003657,waveInjector,FWI,FALSE_NEGATIVE
RFQ731-002102,stromSchaltbar,CS2,FALSE_NEGATIVE
RFQ731-002790,explosionApproval,N,FALSE_NEGATIVE
RFQ731-000476,certification,MN,FALSE_NEGATIVE
RFQ731-000944,explosionApproval,N,FALSE_NEGATIVE
RFQ731-001800,dataInterface,HS,FALSE_NEGATIVE
RFQ731-000927,protectionArea,N,FALSE_NEGATIVE
RFQ731-002769,explosionApproval,K,FALSE_NEGATIVE
RFQ731-002978,steamApplication,H,FALSE_NEGATIVE
RFQ731-002669,explosionApproval,N,FALSE_NEGATIVE
RFQ731-000023,waveInjector,FWI,FALSE_NEGATIVE
RFQ731-001223,steamApplication,N,FALSE_NEGATIVE
RFQ731-001053,steamApplication,H,FALSE_NEGATIVE
RFQ731-004913,certification,MN,FALSE_NEGATIVE
RFQ731-001388,devCategory,S,FALSE_NEGATIVE
RFQ731-001105,explosionApproval,K,FALSE_NEGATIVE
RFQ731-003481,dataInterface,HS,FALSE_NEGATIVE
RFQ731-001807,steamApplication,H,FALSE_NEGATIVE
RFQ731-002549,protectionArea,N,FALSE_NEGATIVE
RFQ731-000759,certification,MN,FALSE_NEGATIVE
RFQ731-004656,explosionApproval,K,FALSE_NEGATIVE
RFQ731-002894,protectionArea,N,FALSE_NEGATIVE
RFQ731-002711,devCategory,H,FALSE_NEGATIVE
RFQ731-001703,dataInterface,HS,FALSE_NEGATIVE
RFQ731-000246,protectionArea,N,FALSE_NEGATIVE
RFQ731-001045,dataInterface,PA,FALSE_NEGATIVE
RFQ731-003802,explosionApproval,A,FALSE_NEGATIVE
RFQ731-003654,certification,MN,FALSE_NEGATIVE
RFQ731-002632,dataInterface,PA,FALSE_NEGATIVE
RFQ731-000784,certification,MN,FALSE_NEGATIVE
RFQ731-002214,dataInterface,PA,FALSE_NEGATIVE
RFQ731-001256,steamApplication,N,FALSE_NEGATIVE
RFQ731-004859,waveInjector,FWI,FALSE_NEGATIVE
RFQ731-003292,dataInterface,PA,FALSE_NEGATIVE
RFQ731-004371,protectionArea,N,FALSE_NEGATIVE
RFQ731-001905,steamApplication,N,FALSE_NEGATIVE
RFQ731-004176,certification,MN,FALSE_NEGATIVE
RFQ731-000184,temperaturEingaenge,TT1,FALSE_NEGATIVE
RFQ731-001616,dataInterface,HS,FALSE_NEGATIVE
RFQ731-002555,dataInterface,HS,FALSE_NEGATIVE
RFQ731-004781,characteristic,TE,FALSE_NEGATIVE
RFQ731-004510,steamApplication,H,FALSE_NEGATIVE
RFQ731-004819,dataInterface,HS,FALSE_NEGATIVE
RFQ731-002101,certification,MN,FALSE_NEGATIVE
RFQ731-000554,dataInterface,PA,FALSE_NEGATIVE
RFQ731-003814,waveInjector,FWI,FALSE_NEGATIVE
RFQ731-002137,temperaturEingaenge,TT1,FALSE_NEGATIVE
RFQ731-003942,certification,MN,FALSE_NEGATIVE
RFQ731-004268,certification,MN,FALSE_NEGATIVE
RFQ731-003717,certification,MN,FALSE_NEGATIVE
RFQ731-003577,explosionApproval,K,FALSE_NEGATIVE
RFQ731-001950,dataInterface,HS,FALSE_NEGATIVE
RFQ731-004152,characteristic,PW,FALSE_NEGATIVE
RFQ731-002333,steamApplication,H,FALSE_NEGATIVE
RFQ731-004825,devCategory,S,FALSE_NEGATIVE
RFQ731-003084,dataInterface,MT,FALSE_NEGATIVE
RFQ731-002256,explosionApproval,F,FALSE_NEGATIVE
RFQ731-001594,waveInjector,FWI,FALSE_NEGATIVE
RFQ731-001515,steamApplication,N,FALSE_NEGATIVE
RFQ731-001616,devCategory,H,FALSE_NEGATIVE
RFQ731-004130,steamApplication,H,FALSE_NEGATIVE
RFQ731-000521,certification,MN,FALSE_NEGATIVE
RFQ731-004488,dataInterface,PA,FALSE_NEGATIVE
RFQ731-001859,dataInterface,NN,FALSE_NEGATIVE
RFQ731-004340,protectionArea,N,FALSE_NEGATIVE
RFQ731-000225,characteristic,TE,FALSE_NEGATIVE
RFQ731-001869,certification,MN,FALSE_NEGATIVE
RFQ731-003840,devCategory,H,FALSE_NEGATIVE
RFQ731-000096,steamApplication,N,FALSE_NEGATIVE
RFQ731-003614,steamApplication,N,FALSE_NEGATIVE
RFQ731-004276,dataInterface,HS,FALSE_NEGATIVE
RFQ731-000173,waveInjector,FWI,FALSE_NEGATIVE
RFQ731-000491,dataInterface,HS,FALSE_NEGATIVE
RFQ731-003004,explosionApproval,N,FALSE_NEGATIVE
RFQ731-001474,steamApplication,H,FALSE_NEGATIVE
RFQ731-000349,binaerDigitalOpenColl_MN,MN4,FALSE_NEGATIVE
RFQ731-002971,dataInterface,HS,FALSE_NEGATIVE
RFQ731-002008,dataInterface,HS,FALSE_NEGATIVE
RFQ731-001005,dataInterface,NN,FALSE_NEGATIVE
RFQ731-000788,dataInterface,HS,FALSE_NEGATIVE
RFQ731-003962,dataInterface,HS,FALSE_NEGATIVE
RFQ731-000312,certification,MN,FALSE_NEGATIVE
RFQ731-002100,protectionArea,N,FALSE_NEGATIVE
RFQ731-004173,devCategory,H,FALSE_NEGATIVE
RFQ731-002570,steamApplication,H,FALSE_NEGATIVE
RFQ731-001730,dataInterface,HS,FALSE_NEGATIVE
RFQ731-004298,dataInterface,HS,FALSE_NEGATIVE
RFQ731-001693,dataInterface,NN,FALSE_NEGATIVE
RFQ731-004487,certification,MN,FALSE_NEGATIVE
RFQ731-004491,certification,MN,FALSE_NEGATIVE
RFQ731-004097,steamApplication,N,FALSE_NEGATIVE
RFQ731-002253,steamApplication,H,FALSE_NEGATIVE
RFQ731-002922,characteristic,TE,FALSE_NEGATIVE
RFQ731-001704,explosionApproval,F,FALSE_NEGATIVE
RFQ731-003403,temperaturEingaenge,TT1,FALSE_NEGATIVE
RFQ731-001614,temperaturEingaenge,TT1,FALSE_NEGATIVE
RFQ731-004785,binaerOpenColl_MP,MP2,FALSE_NEGATIVE
RFQ731-000660,certification,MN,FALSE_NEGATIVE
RFQ731-004332,characteristic,TE,FALSE_NEGATIVE
RFQ731-003950,steamApplication,N,FALSE_NEGATIVE
RFQ731-004726,steamApplication,H,FALSE_NEGATIVE
RFQ731-001728,dataInterface,HS,FALSE_NEGATIVE
RFQ731-001965,characteristic,CA,FALSE_NEGATIVE
RFQ731-000440,dataInterface,HS,FALSE_NEGATIVE
RFQ731-000628,devCategory,H,FALSE_NEGATIVE
RFQ731-001563,characteristic,TE,FALSE_NEGATIVE
RFQ731-000205,protectionArea,N,FALSE_NEGATIVE
RFQ731-001252,explosionApproval,K,FALSE_NEGATIVE
RFQ731-004022,certification,MN,FALSE_NEGATIVE
RFQ731-000487,dataInterface,PA,FALSE_NEGATIVE
RFQ731-001456,explosionApproval,N,FALSE_NEGATIVE
RFQ731-003381,dataInterface,HS,FALSE_NEGATIVE
RFQ731-000831,dataInterface,HS,FALSE_NEGATIVE
RFQ731-001113,dataInterface,MT,FALSE_NEGATIVE
RFQ731-000221,dataInterface,MT,FALSE_NEGATIVE
RFQ731-001321,protectionArea,N,FALSE_NEGATIVE
RFQ731-000232,dataInterface,HS,FALSE_NEGATIVE
RFQ731-003148,steamApplication,N,FALSE_NEGATIVE
RFQ731-001103,dataInterface,PA,FALSE_NEGATIVE
RFQ731-000463,dataInterface,HS,FALSE_NEGATIVE
RFQ731-004675,protectionArea,N,FALSE_NEGATIVE
RFQ731-003808,dataInterface,NN,FALSE_NEGATIVE
RFQ731-003743,dataInterface,HS,FALSE_NEGATIVE
RFQ731-003690,protectionArea,N,FALSE_NEGATIVE
RFQ731-001610,certification,MN,FALSE_NEGATIVE
RFQ731-002300,characteristic,CA,FALSE_NEGATIVE
RFQ731-003357,dataInterface,NN,FALSE_NEGATIVE
RFQ731-003937,explosionApproval,F,FALSE_NEGATIVE
RFQ731-002772,steamApplication,H,FALSE_NEGATIVE
RFQ731-004691,certification,MN,FALSE_NEGATIVE
RFQ731-001320,protectionArea,N,FALSE_NEGATIVE
RFQ731-002798,steamApplication,N,FALSE_NEGATIVE
RFQ731-001834,explosionApproval,N,FALSE_NEGATIVE
RFQ731-004697,explosionApproval,K,FALSE_NEGATIVE
RFQ731-003382,temperaturEingaenge,TT2,FALSE_NEGATIVE
RFQ731-002607,certification,MN,FALSE_NEGATIVE
RFQ731-004283,certification,MN,FALSE_NEGATIVE
RFQ731-001766,explosionApproval,F,FALSE_NEGATIVE
RFQ731-001640,explosionApproval,F,FALSE_NEGATIVE
RFQ731-001312,explosionApproval,N,FALSE_NEGATIVE
RFQ731-002658,devCategory,S,FALSE_NEGATIVE
RFQ731-001134,protectionArea,N,FALSE_NEGATIVE
RFQ731-000385,characteristic,TE,FALSE_NEGATIVE
RFQ731-000959,temperaturEingaenge,TT1,FALSE_NEGATIVE
RFQ731-004474,dataInterface,PA,FALSE_NEGATIVE
RFQ731-000340,dataInterface,HS,FALSE_NEGATIVE
RFQ731-000727,dataInterface,NN,FALSE_NEGATIVE
RFQ731-000810,dataInterface,HS,FALSE_NEGATIVE
RFQ731-000770,steamApplication,N,FALSE_NEGATIVE
RFQ731-004635,powerSupply,4,FALSE_NEGATIVE
RFQ731-003591,characteristic,TE,FALSE_NEGATIVE
RFQ731-003504,protectionArea,N,FALSE_NEGATIVE
RFQ731-004911,certification,MN,FALSE_NEGATIVE
RFQ731-002723,steamApplication,H,FALSE_NEGATIVE
RFQ731-000417,dataInterface,PA,FALSE_NEGATIVE
RFQ731-003535,certification,MN,FALSE_NEGATIVE
RFQ731-003036,dataInterface,NN,FALSE_NEGATIVE
RFQ731-000384,dataInterface,HS,FALSE_NEGATIVE
RFQ731-003536,devCategory,H,FALSE_NEGATIVE
RFQ731-003552,temperaturEingaenge,TT1,FALSE_NEGATIVE
RFQ731-004653,steamApplication,H,FALSE_NEGATIVE
RFQ731-004921,protectionArea,N,FALSE_NEGATIVE
RFQ731-003847,steamApplication,N,FALSE_NEGATIVE
RFQ731-004190,protectionArea,N,FALSE_NEGATIVE
RFQ731-001421,steamApplication,H,FALSE_NEGATIVE
RFQ731-004430,steamApplication,H,FALSE_NEGATIVE
RFQ731-002452,binaerDigitalOpenColl_MN,MN4,FALSE_NEGATIVE
RFQ731-001558,protectionArea,N,FALSE_NEGATIVE
RFQ731-002664,devCategory,H,FALSE_NEGATIVE
RFQ731-000283,dataInterface,NN,FALSE_NEGATIVE
RFQ731-001327,characteristic,PW,FALSE_NEGATIVE
RFQ731-003710,protectionArea,N,FALSE_NEGATIVE
RFQ731-004719,dataInterface,NN,FALSE_NEGATIVE
RFQ731-003939,steamApplication,N,FALSE_NEGATIVE
RFQ731-004738,steamApplication,H,FALSE_NEGATIVE
RFQ731-003754,characteristic,TE,FALSE_NEGATIVE
RFQ731-002246,temperaturEingaenge,TT1,FALSE_NEGATIVE
RFQ731-002858,steamApplication,N,FALSE_NEGATIVE
RFQ731-001630,dataInterface,HS,FALSE_NEGATIVE
RFQ731-003225,characteristic,PW,FALSE_NEGATIVE
RFQ731-003978,characteristic,TE,FALSE_NEGATIVE
RFQ731-003965,dataInterface,NN,FALSE_NEGATIVE
RFQ731-004431,dataInterface,NN,FALSE_NEGATIVE
RFQ731-004511,protectionArea,N,FALSE_NEGATIVE
RFQ731-001171,dataInterface,HS,FALSE_NEGATIVE
RFQ731-001356,dataInterface,HS,FALSE_NEGATIVE
RFQ731-002485,protectionArea,N,FALSE_NEGATIVE
RFQ731-002123,steamApplication,H,FALSE_NEGATIVE
RFQ731-001199,steamApplication,H,FALSE_NEGATIVE
RFQ731-002489,binaerOpenColl_MP,MP2,FALSE_NEGATIVE
RFQ731-000527,dataInterface,PA,FALSE_NEGATIVE
RFQ731-002619,dataInterface,HS,FALSE_NEGATIVE
RFQ731-003500,explosionApproval,A,FALSE_NEGATIVE
RFQ731-001870,characteristic,CA,FALSE_NEGATIVE
RFQ731-003927,protectionArea,N,FALSE_NEGATIVE
RFQ731-002605,steamApplication,N,FALSE_NEGATIVE
RFQ731-000118,steamApplication,N,FALSE_NEGATIVE
RFQ731-000649,dataInterface,NN,FALSE_NEGATIVE
RFQ731-000436,steamApplication,N,FALSE_NEGATIVE
RFQ731-002860,devCategory,S,FALSE_NEGATIVE
RFQ731-002436,steamApplication,H,FALSE_NEGATIVE
RFQ731-001571,dataInterface,HS,FALSE_NEGATIVE
RFQ731-003838,steamApplication,H,FALSE_NEGATIVE
RFQ731-001613,protectionArea,N,FALSE_NEGATIVE
RFQ731-000783,powerSupply,4,FALSE_NEGATIVE
RFQ731-002702,steamApplication,N,FALSE_NEGATIVE
RFQ731-002338,steamApplication,H,FALSE_NEGATIVE
RFQ731-003053,dataInterface,NN,FALSE_NEGATIVE
RFQ731-003415,steamApplication,H,FALSE_NEGATIVE
RFQ731-003949,steamApplication,N,FALSE_NEGATIVE
RFQ731-004159,dataInterface,PA,FALSE_NEGATIVE
RFQ731-004300,certification,MN,FALSE_NEGATIVE
RFQ731-002203,dataInterface,HS,FALSE_NEGATIVE
RFQ731-004456,certification,MN,FALSE_NEGATIVE
RFQ731-000396,characteristic,TE,FALSE_NEGATIVE
RFQ731-004126,dataInterface,NN,FALSE_NEGATIVE
RFQ731-002720,protectionArea,N,FALSE_NEGATIVE
RFQ731-000432,dataInterface,HS,FALSE_NEGATIVE
RFQ731-002005,dataInterface,HS,FALSE_NEGATIVE
RFQ731-000324,steamApplication,N,FALSE_NEGATIVE
RFQ731-003390,steamApplication,N,FALSE_NEGATIVE
RFQ731-003800,protectionArea,N,FALSE_NEGATIVE
RFQ731-001347,dataInterface,HS,FALSE_NEGATIVE
RFQ731-004095,devCategory,S,FALSE_NEGATIVE
RFQ731-003011,steamApplication,N,FALSE_NEGATIVE
RFQ731-001099,dataInterface,HS,FALSE_NEGATIVE
RFQ731-003739,dataInterface,HS,FALSE_NEGATIVE
RFQ731-003850,waveInjector,FWI,FALSE_NEGATIVE
RFQ731-001322,steamApplication,H,FALSE_NEGATIVE
RFQ731-004819,certification,MN,FALSE_NEGATIVE
RFQ731-002825,certification,MN,FALSE_NEGATIVE
RFQ731-002807,dataInterface,HS,FALSE_NEGATIVE
RFQ731-001330,dataInterface,HS,FALSE_NEGATIVE
RFQ731-002323,protectionArea,N,FALSE_NEGATIVE
RFQ731-003294,devCategory,S,FALSE_NEGATIVE
RFQ731-002067,steamApplication,H,FALSE_NEGATIVE
RFQ731-003217,characteristic,PW,FALSE_NEGATIVE
RFQ731-000716,temperaturEingaenge,TT1,FALSE_NEGATIVE
RFQ731-004501,characteristic,TE,FALSE_NEGATIVE
RFQ731-003223,protectionArea,N,FALSE_NEGATIVE
RFQ731-004537,dataInterface,NN,FALSE_NEGATIVE
RFQ731-000357,steamApplication,H,FALSE_NEGATIVE
RFQ731-002012,certification,MN,FALSE_NEGATIVE
RFQ731-001170,dataInterface,HS,FALSE_NEGATIVE
RFQ731-001347,devCategory,H,FALSE_NEGATIVE
RFQ731-003381,certification,MN,FALSE_NEGATIVE
RFQ731-002890,explosionApproval,F,FALSE_NEGATIVE
RFQ731-004030,waveInjector,FWI,FALSE_NEGATIVE
RFQ731-001737,waveInjector,FWI,FALSE_NEGATIVE
RFQ731-001077,dataInterface,NN,FALSE_NEGATIVE
RFQ731-001913,steamApplication,H,FALSE_NEGATIVE
RFQ731-002509,certification,MN,FALSE_NEGATIVE
RFQ731-001477,certification,MN,FALSE_NEGATIVE
RFQ731-002767,dataInterface,PA,FALSE_NEGATIVE
RFQ731-000977,devCategory,H,FALSE_NEGATIVE
RFQ731-000265,steamApplication,N,FALSE_NEGATIVE
RFQ731-002553,protectionArea,N,FALSE_NEGATIVE
RFQ731-001806,dataInterface,PA,FALSE_NEGATIVE
RFQ731-002741,protectionArea,N,FALSE_NEGATIVE
RFQ731-003089,dataInterface,HS,FALSE_NEGATIVE
RFQ731-000974,temperaturEingaenge,TT1,FALSE_NEGATIVE
RFQ731-001235,protectionArea,N,FALSE_NEGATIVE
RFQ731-001838,waveInjector,FWI,FALSE_NEGATIVE
RFQ731-002457,certification,MN,FALSE_NEGATIVE
RFQ731-003422,dataInterface,NN,FALSE_NEGATIVE
RFQ731-000213,certification,MN,FALSE_NEGATIVE
RFQ731-001570,powerSupply,4,FALSE_NEGATIVE
RFQ731-004479,steamApplication,H,FALSE_NEGATIVE
RFQ731-000302,explosionApproval,K,FALSE_NEGATIVE
RFQ731-004302,dataInterface,HS,FALSE_NEGATIVE
RFQ731-004877,certification,MN,FALSE_NEGATIVE
RFQ731-001691,protectionArea,N,FALSE_NEGATIVE
RFQ731-000167,devCategory,H,FALSE_NEGATIVE
RFQ731-002766,steamApplication,N,FALSE_NEGATIVE
RFQ731-001388,waveInjector,FWI,FALSE_NEGATIVE
RFQ731-003184,dataInterface,HS,FALSE_NEGATIVE
RFQ731-001559,steamApplication,H,FALSE_NEGATIVE
RFQ731-003574,stromSchaltbar,CS2,FALSE_NEGATIVE
RFQ731-003674,dataInterface,PA,FALSE_NEGATIVE
RFQ731-004682,steamApplication,N,FALSE_NEGATIVE
RFQ731-001802,steamApplication,N,FALSE_NEGATIVE
RFQ731-004409,steamApplication,H,FALSE_NEGATIVE
RFQ731-001636,explosionApproval,N,FALSE_NEGATIVE
RFQ731-001835,explosionApproval,A,FALSE_NEGATIVE
RFQ731-000023,protectionArea,N,FALSE_NEGATIVE
RFQ731-003891,certification,MN,FALSE_NEGATIVE
RFQ731-000030,steamApplication,H,FALSE_NEGATIVE
RFQ731-001251,waveInjector,FWI,FALSE_NEGATIVE
RFQ731-004012,dataInterface,MT,FALSE_NEGATIVE
RFQ731-000852,dataInterface,HS,FALSE_NEGATIVE
RFQ731-000758,waveInjector,FWI,FALSE_NEGATIVE
RFQ731-003860,devCategory,H,FALSE_NEGATIVE
RFQ731-001328,dataInterface,HS,FALSE_NEGATIVE
RFQ731-001414,characteristic,TE,FALSE_NEGATIVE
RFQ731-004743,protectionArea,N,FALSE_NEGATIVE
RFQ731-004302,devCategory,H,FALSE_NEGATIVE
RFQ731-002033,explosionApproval,F,FALSE_NEGATIVE
RFQ731-004949,explosionApproval,K,FALSE_NEGATIVE
RFQ731-002595,steamApplication,N,FALSE_NEGATIVE
RFQ731-003766,explosionApproval,N,FALSE_NEGATIVE
RFQ731-004442,dataInterface,PA,FALSE_NEGATIVE
RFQ731-000572,characteristic,TE,FALSE_NEGATIVE
RFQ731-002143,protectionArea,N,FALSE_NEGATIVE
RFQ731-000902,dataInterface,NN,FALSE_NEGATIVE
RFQ731-001816,explosionApproval,N,FALSE_NEGATIVE
RFQ731-003996,protectionArea,N,FALSE_NEGATIVE
RFQ731-004744,devCategory,H,FALSE_NEGATIVE
RFQ731-000905,characteristic,CA,FALSE_NEGATIVE
RFQ731-000080,dataInterface,NN,FALSE_NEGATIVE
RFQ731-001629,protectionArea,N,FALSE_NEGATIVE
RFQ731-004046,certification,MN,FALSE_NEGATIVE
RFQ731-002747,dataInterface,HS,FALSE_NEGATIVE
RFQ731-003095,certification,MN,FALSE_NEGATIVE
RFQ731-004158,waveInjector,FWI,FALSE_NEGATIVE
RFQ731-002915,protectionArea,N,FALSE_NEGATIVE
RFQ731-000967,certification,MN,FALSE_NEGATIVE
RFQ731-003290,steamApplication,H,FALSE_NEGATIVE
RFQ731-002350,explosionApproval,A,FALSE_NEGATIVE
RFQ731-003215,steamApplication,N,FALSE_NEGATIVE
RFQ731-000873,protectionArea,N,FALSE_NEGATIVE
RFQ731-000523,waveInjector,FWI,FALSE_NEGATIVE
RFQ731-001282,explosionApproval,A,FALSE_NEGATIVE
RFQ731-004975,waveInjector,FWI,FALSE_NEGATIVE
RFQ731-000208,dataInterface,MR,FALSE_NEGATIVE
RFQ731-003419,protectionArea,N,FALSE_NEGATIVE
RFQ731-003495,explosionApproval,F,FALSE_NEGATIVE
RFQ731-004435,temperaturEingaenge,TT1,FALSE_NEGATIVE
RFQ731-001319,steamApplication,N,FALSE_NEGATIVE
RFQ731-001132,certification,MN,FALSE_NEGATIVE
RFQ731-004577,dataInterface,HS,FALSE_NEGATIVE
RFQ731-000110,dataInterface,HS,FALSE_NEGATIVE
RFQ731-001178,steamApplication,N,FALSE_NEGATIVE
RFQ731-004971,characteristic,PW,FALSE_NEGATIVE
RFQ731-003774,waveInjector,FWI,FALSE_NEGATIVE
RFQ731-003533,dataInterface,HS,FALSE_NEGATIVE
RFQ731-001399,explosionApproval,A,FALSE_NEGATIVE
RFQ731-004294,explosionApproval,N,FALSE_NEGATIVE
RFQ731-002482,protectionArea,N,FALSE_NEGATIVE
RFQ731-003735,temperaturEingaenge,TT1,FALSE_NEGATIVE
RFQ731-004438,certification,MN,FALSE_NEGATIVE
RFQ731-002539,explosionApproval,N,FALSE_NEGATIVE
RFQ731-001401,dataInterface,NN,FALSE_NEGATIVE
RFQ731-000454,dataInterface,PA,FALSE_NEGATIVE
RFQ731-000750,temperaturEingaenge,TT1,FALSE_NEGATIVE
RFQ731-002598,steamApplication,N,FALSE_NEGATIVE
RFQ731-003155,dataInterface,HS,FALSE_NEGATIVE
RFQ731-001623,devCategory,S,FALSE_NEGATIVE
RFQ731-003204,steamApplication,H,FALSE_NEGATIVE
RFQ731-003941,dataInterface,NN,FALSE_NEGATIVE
RFQ731-004480,characteristic,CA,FALSE_NEGATIVE
RFQ731-003856,dataInterface,PA,FALSE_NEGATIVE
RFQ731-002189,certification,MN,FALSE_NEGATIVE
RFQ731-004514,devCategory,H,FALSE_NEGATIVE
RFQ731-002358,explosionApproval,K,FALSE_NEGATIVE
RFQ731-003654,explosionApproval,N,FALSE_NEGATIVE
RFQ731-002431,dataInterface,HS,FALSE_NEGATIVE
RFQ731-000747,steamApplication,H,FALSE_NEGATIVE
RFQ731-003213,dataInterface,NN,FALSE_NEGATIVE
RFQ731-001173,dataInterface,HS,FALSE_NEGATIVE
RFQ731-002330,dataInterface,HS,FALSE_NEGATIVE
RFQ731-001602,certification,MN,FALSE_NEGATIVE
RFQ731-003762,steamApplication,N,FALSE_NEGATIVE
RFQ731-004146,explosionApproval,N,FALSE_NEGATIVE
RFQ731-004548,dataInterface,HS,FALSE_NEGATIVE
RFQ731-000786,dataInterface,MT,FALSE_NEGATIVE
RFQ731-002528,characteristic,PW,FALSE_NEGATIVE
RFQ731-004036,devCategory,H,FALSE_NEGATIVE
RFQ731-003366,characteristic,TE,FALSE_NEGATIVE
RFQ731-003147,steamApplication,N,FALSE_NEGATIVE
RFQ731-004582,steamApplication,N,FALSE_NEGATIVE
RFQ731-001160,protectionArea,N,FALSE_NEGATIVE
RFQ731-001481,powerSupply,4,FALSE_NEGATIVE
RFQ731-004916,dataInterface,NN,FALSE_NEGATIVE
RFQ731-001606,steamApplication,N,FALSE_NEGATIVE
RFQ731-004468,dataInterface,HS,FALSE_NEGATIVE
RFQ731-004838,dataInterface,NN,FALSE_NEGATIVE
RFQ731-002695,dataInterface,PA,FALSE_NEGATIVE
RFQ731-004114,protectionArea,N,FALSE_NEGATIVE
RFQ731-004199,steamApplication,N,FALSE_NEGATIVE
RFQ731-004242,dataInterface,HS,FALSE_NEGATIVE
RFQ731-003428,protectionArea,N,FALSE_NEGATIVE
RFQ731-004782,dataInterface,NN,FALSE_NEGATIVE
RFQ731-003142,explosionApproval,F,FALSE_NEGATIVE
RFQ731-001001,protectionArea,N,FALSE_NEGATIVE
RFQ731-002690,dataInterface,HS,FALSE_NEGATIVE
RFQ731-003926,explosionApproval,F,FALSE_NEGATIVE
RFQ731-004395,steamApplication,N,FALSE_NEGATIVE
RFQ731-004655,steamApplication,H,FALSE_NEGATIVE
RFQ731-004436,protectionArea,N,FALSE_NEGATIVE
RFQ731-001790,protectionArea,N,FALSE_NEGATIVE
RFQ731-001583,steamApplication,N,FALSE_NEGATIVE
RFQ731-002075,characteristic,CA,FALSE_NEGATIVE
RFQ731-001910,certification,MN,FALSE_NEGATIVE
RFQ731-001941,devCategory,S,FALSE_NEGATIVE
RFQ731-004873,protectionArea,N,FALSE_NEGATIVE
RFQ731-004302,certification,MN,FALSE_NEGATIVE
RFQ731-001995,dataInterface,MT,FALSE_NEGATIVE
RFQ731-003854,explosionApproval,F,FALSE_NEGATIVE
RFQ731-000797,devCategory,H,FALSE_NEGATIVE
RFQ731-004032,temperaturEingaenge,TT2,FALSE_NEGATIVE
RFQ731-002265,protectionArea,N,FALSE_NEGATIVE
RFQ731-004976,explosionApproval,N,FALSE_NEGATIVE
RFQ731-001276,steamApplication,H,FALSE_NEGATIVE
RFQ731-002439,characteristic,VG,FALSE_NEGATIVE
RFQ731-001566,dataInterface,HS,FALSE_NEGATIVE
RFQ731-002704,steamApplication,N,FALSE_NEGATIVE
RFQ731-004517,steamApplication,H,FALSE_NEGATIVE
RFQ731-000067,temperaturEingaenge,TT1,FALSE_NEGATIVE
RFQ731-004665,temperaturEingaenge,TT1,FALSE_NEGATIVE
RFQ731-001490,explosionApproval,F,FALSE_NEGATIVE
RFQ731-000388,dataInterface,HS,FALSE_NEGATIVE
RFQ731-001923,characteristic,CA,FALSE_NEGATIVE
RFQ731-001222,protectionArea,N,FALSE_NEGATIVE
RFQ731-002674,dataInterface,NN,FALSE_NEGATIVE
RFQ731-004154,protectionArea,N,FALSE_NEGATIVE
RFQ731-000215,binaerDigitalOpenColl_MN,MN4,FALSE_NEGATIVE
RFQ731-003081,certification,MN,FALSE_NEGATIVE
RFQ731-001710,characteristic,CA,FALSE_NEGATIVE
RFQ731-004841,steamApplication,N,FALSE_NEGATIVE
RFQ731-002820,protectionArea,N,FALSE_NEGATIVE
RFQ731-000062,binaerDigitalOpenColl_MN,MN4,FALSE_NEGATIVE
RFQ731-003455,dataInterface,HS,FALSE_NEGATIVE
RFQ731-000772,certification,MN,FALSE_NEGATIVE
RFQ731-002402,steamApplication,N,FALSE_NEGATIVE
RFQ731-004310,certification,MN,FALSE_NEGATIVE
RFQ731-003282,dataInterface,NN,FALSE_NEGATIVE
RFQ731-001291,dataInterface,PA,FALSE_NEGATIVE
RFQ731-004351,protectionArea,N,FALSE_NEGATIVE
RFQ731-000329,protectionArea,N,FALSE_NEGATIVE
RFQ731-001706,protectionArea,N,FALSE_NEGATIVE
RFQ731-002560,dataInterface,HS,FALSE_NEGATIVE
RFQ731-004922,certification,MN,FALSE_NEGATIVE
RFQ731-001744,devCategory,H,FALSE_NEGATIVE
RFQ731-000478,characteristic,TE,FALSE_NEGATIVE
RFQ731-004881,steamApplication,H,FALSE_NEGATIVE
RFQ731-000334,explosionApproval,F,FALSE_NEGATIVE
RFQ731-002136,certification,MN,FALSE_NEGATIVE
RFQ731-004933,dataInterface,HS,FALSE_NEGATIVE
RFQ731-003778,steamApplication,H,FALSE_NEGATIVE
RFQ731-001713,steamApplication,N,FALSE_NEGATIVE
RFQ731-004938,explosionApproval,N,FALSE_NEGATIVE
RFQ731-000709,explosionApproval,K,FALSE_NEGATIVE
RFQ731-002788,steamApplication,H,FALSE_NEGATIVE
RFQ731-004606,dataInterface,HS,FALSE_NEGATIVE
RFQ731-000481,protectionArea,N,FALSE_NEGATIVE
RFQ731-004155,waveInjector,FWI,FALSE_NEGATIVE
RFQ731-003706,dataInterface,PA,FALSE_NEGATIVE
RFQ731-001788,dataInterface,HS,FALSE_NEGATIVE
RFQ731-003324,dataInterface,MR,FALSE_NEGATIVE
RFQ731-002438,dataInterface,NN,FALSE_NEGATIVE
RFQ731-001431,characteristic,CA,FALSE_NEGATIVE
RFQ731-001599,waveInjector,FWI,FALSE_NEGATIVE
RFQ731-002137,dataInterface,HS,FALSE_NEGATIVE
RFQ731-001344,powerSupply,4,FALSE_NEGATIVE
RFQ731-001870,explosionApproval,F,FALSE_NEGATIVE
RFQ731-000638,certification,MN,FALSE_NEGATIVE
RFQ731-004131,waveInjector,FWI,FALSE_NEGATIVE
RFQ731-003862,characteristic,VG,FALSE_NEGATIVE
RFQ731-003797,steamApplication,N,FALSE_NEGATIVE
RFQ731-000832,devCategory,H,FALSE_NEGATIVE
RFQ731-001601,waveInjector,FWI,FALSE_NEGATIVE
RFQ731-001247,protectionArea,N,FALSE_NEGATIVE
RFQ731-004592,waveInjector,FWI,FALSE_NEGATIVE
RFQ731-000130,steamApplication,N,FALSE_NEGATIVE
RFQ731-002879,steamApplication,N,FALSE_NEGATIVE
RFQ731-004330,protectionArea,N,FALSE_NEGATIVE
RFQ731-004642,dataInterface,HS,FALSE_NEGATIVE
RFQ731-001540,dataInterface,HS,FALSE_NEGATIVE
RFQ731-004446,dataInterface,HS,FALSE_NEGATIVE
RFQ731-004909,certification,MN,FALSE_NEGATIVE
RFQ731-003007,explosionApproval,K,FALSE_NEGATIVE
RFQ731-001894,waveInjector,FWI,FALSE_NEGATIVE
RFQ731-002412,dataInterface,NN,FALSE_NEGATIVE
RFQ731-004713,dataInterface,MT,FALSE_NEGATIVE
RFQ731-002698,steamApplication,H,FALSE_NEGATIVE
RFQ731-000852,certification,MN,FALSE_NEGATIVE
RFQ731-003369,temperaturEingaenge,TT1,FALSE_NEGATIVE
RFQ731-001741,dataInterface,PA,FALSE_NEGATIVE
RFQ731-002091,dataInterface,NN,FALSE_NEGATIVE
RFQ731-003558,steamApplication,H,FALSE_NEGATIVE
RFQ731-002670,explosionApproval,K,FALSE_NEGATIVE
RFQ731-000937,protectionArea,N,FALSE_NEGATIVE
RFQ731-003289,devCategory,S,FALSE_NEGATIVE
RFQ731-004036,dataInterface,NN,FALSE_NEGATIVE
RFQ731-002794,protectionArea,N,FALSE_NEGATIVE
RFQ731-003304,steamApplication,N,FALSE_NEGATIVE
RFQ731-001442,certification,MN,FALSE_NEGATIVE
RFQ731-004702,steamApplication,H,FALSE_NEGATIVE
RFQ731-001872,explosionApproval,K,FALSE_NEGATIVE
RFQ731-004642,devCategory,H,FALSE_NEGATIVE
RFQ731-003165,certification,MN,FALSE_NEGATIVE
RFQ731-001295,steamApplication,N,FALSE_NEGATIVE
RFQ731-002952,certification,MN,FALSE_NEGATIVE
RFQ731-002262,steamApplication,N,FALSE_NEGATIVE
RFQ731-002133,explosionApproval,K,FALSE_NEGATIVE
RFQ731-003428,dataInterface,PA,FALSE_NEGATIVE
RFQ731-004235,waveInjector,FWI,FALSE_NEGATIVE
RFQ731-001864,characteristic,TE,FALSE_NEGATIVE
RFQ731-003405,dataInterface,HS,FALSE_NEGATIVE
RFQ731-000041,steamApplication,H,FALSE_NEGATIVE
RFQ731-002546,dataInterface,NN,FALSE_NEGATIVE
RFQ731-002909,protectionArea,N,FALSE_NEGATIVE
RFQ731-004175,steamApplication,N,FALSE_NEGATIVE
RFQ731-001673,dataInterface,NN,FALSE_NEGATIVE
RFQ731-004011,waveInjector,FWI,FALSE_NEGATIVE
RFQ731-002210,devCategory,H,FALSE_NEGATIVE
RFQ731-000779,dataInterface,NN,FALSE_NEGATIVE
RFQ731-003953,dataInterface,HS,FALSE_NEGATIVE
RFQ731-003923,protectionArea,N,FALSE_NEGATIVE
RFQ731-000507,explosionApproval,N,FALSE_NEGATIVE
RFQ731-001020,steamApplication,H,FALSE_NEGATIVE
RFQ731-000658,certification,MN,FALSE_NEGATIVE
RFQ731-001366,dataInterface,HS,FALSE_NEGATIVE
RFQ731-004614,protectionArea,N,FALSE_NEGATIVE
RFQ731-004257,certification,MN,FALSE_NEGATIVE
RFQ731-004542,dataInterface,NN,FALSE_NEGATIVE
RFQ731-004136,steamApplication,N,FALSE_NEGATIVE
RFQ731-004676,steamApplication,N,FALSE_NEGATIVE
RFQ731-002427,steamApplication,N,FALSE_NEGATIVE
RFQ731-003335,devCategory,H,FALSE_NEGATIVE
RFQ731-002961,protectionArea,N,FALSE_NEGATIVE
RFQ731-001866,steamApplication,H,FALSE_NEGATIVE
RFQ731-004181,steamApplication,H,FALSE_NEGATIVE
RFQ731-002329,dataInterface,NN,FALSE_NEGATIVE
RFQ731-001787,dataInterface,HS,FALSE_NEGATIVE
RFQ731-003715,waveInjector,FWI,FALSE_NEGATIVE
RFQ731-003763,dataInterface,HS,FALSE_NEGATIVE
RFQ731-004296,devCategory,H,FALSE_NEGATIVE
RFQ731-000455,waveInjector,FWI,FALSE_NEGATIVE
RFQ731-002970,protectionArea,N,FALSE_NEGATIVE
RFQ731-004607,protectionArea,N,FALSE_NEGATIVE
RFQ731-000465,binaerDigitalOpenColl_MN,MN4,FALSE_NEGATIVE
RFQ731-001626,steamApplication,N,FALSE_NEGATIVE
RFQ731-004840,devCategory,S,FALSE_NEGATIVE
RFQ731-000742,explosionApproval,N,FALSE_NEGATIVE
RFQ731-004880,dataInterface,MT,FALSE_NEGATIVE
RFQ731-000243,certification,MN,FALSE_NEGATIVE
RFQ731-004886,dataInterface,HS,FALSE_NEGATIVE
RFQ731-001364,dataInterface,HS,FALSE_NEGATIVE
RFQ731-002559,dataInterface,NN,FALSE_NEGATIVE
RFQ731-000243,dataInterface,NN,FALSE_NEGATIVE
RFQ731-002114,steamApplication,N,FALSE_NEGATIVE
RFQ731-003621,dataInterface,HS,FALSE_NEGATIVE
RFQ731-000657,protectionArea,N,FALSE_NEGATIVE
RFQ731-002351,certification,MN,FALSE_NEGATIVE
RFQ731-004065,explosionApproval,K,FALSE_NEGATIVE
RFQ731-001744,dataInterface,NN,FALSE_NEGATIVE
RFQ731-004452,protectionArea,N,FALSE_NEGATIVE
RFQ731-002395,certification,MN,FALSE_NEGATIVE
RFQ731-003015,characteristic,TE,FALSE_NEGATIVE
RFQ731-002304,dataInterface,HS,FALSE_NEGATIVE
RFQ731-001476,explosionApproval,N,FALSE_NEGATIVE
RFQ731-004953,protectionArea,N,FALSE_NEGATIVE
RFQ731-002922,dataInterface,PA,FALSE_NEGATIVE
RFQ731-003663,explosionApproval,K,FALSE_NEGATIVE
RFQ731-001308,dataInterface,HS,FALSE_NEGATIVE
RFQ731-001258,protectionArea,N,FALSE_NEGATIVE
RFQ731-004327,stromSchaltbar,CS2,FALSE_NEGATIVE
RFQ731-004705,protectionArea,N,FALSE_NEGATIVE
RFQ731-002997,steamApplication,N,FALSE_NEGATIVE
RFQ731-000124,dataInterface,HS,FALSE_NEGATIVE
RFQ731-002271,certification,MN,FALSE_NEGATIVE
RFQ731-001565,protectionArea,N,FALSE_NEGATIVE
RFQ731-003685,dataInterface,NN,FALSE_NEGATIVE
RFQ731-004032,dataInterface,PA,FALSE_NEGATIVE
RFQ731-002327,protectionArea,N,FALSE_NEGATIVE
RFQ731-002791,dataInterface,PA,FALSE_NEGATIVE
RFQ731-002824,characteristic,TE,FALSE_NEGATIVE
RFQ731-004682,protectionArea,N,FALSE_NEGATIVE
RFQ731-003265,steamApplication,N,FALSE_NEGATIVE
RFQ731-002346,steamApplication,H,FALSE_NEGATIVE
RFQ731-004255,steamApplication,N,FALSE_NEGATIVE
RFQ731-000502,protectionArea,N,FALSE_NEGATIVE
RFQ731-001142,explosionApproval,N,FALSE_NEGATIVE
RFQ731-003549,protectionArea,N,FALSE_NEGATIVE
RFQ731-004933,certification,MN,FALSE_NEGATIVE
RFQ731-000139,certification,MN,FALSE_NEGATIVE
RFQ731-001134,dataInterface,HS,FALSE_NEGATIVE
RFQ731-002458,dataInterface,HS,FALSE_NEGATIVE
RFQ731-000826,explosionApproval,N,FALSE_NEGATIVE
RFQ731-001369,dataInterface,MR,FALSE_NEGATIVE
RFQ731-004568,explosionApproval,N,FALSE_NEGATIVE
RFQ731-001622,steamApplication,N,FALSE_NEGATIVE
RFQ731-000681,dataInterface,HS,FALSE_NEGATIVE
RFQ731-001239,explosionApproval,N,FALSE_NEGATIVE
RFQ731-001305,explosionApproval,N,FALSE_NEGATIVE
RFQ731-000609,characteristic,CA,FALSE_NEGATIVE
RFQ731-002804,protectionArea,N,FALSE_NEGATIVE
RFQ731-003779,dataInterface,HS,FALSE_NEGATIVE
RFQ731-003382,characteristic,TE,FALSE_NEGATIVE
RFQ731-003227,explosionApproval,A,FALSE_NEGATIVE
RFQ731-002736,characteristic,TE,FALSE_NEGATIVE
RFQ731-002464,devCategory,H,FALSE_NEGATIVE
RFQ731-003552,devCategory,H,FALSE_NEGATIVE
RFQ731-000431,explosionApproval,N,FALSE_NEGATIVE
RFQ731-003480,certification,MN,FALSE_NEGATIVE
RFQ731-002795,temperaturEingaenge,TT1,FALSE_NEGATIVE
RFQ731-004083,certification,MN,FALSE_NEGATIVE
RFQ731-002404,protectionArea,N,FALSE_NEGATIVE
RFQ731-001981,dataInterface,NN,FALSE_NEGATIVE
RFQ731-004584,explosionApproval,N,FALSE_NEGATIVE
RFQ731-002107,devCategory,S,FALSE_NEGATIVE
RFQ731-001849,steamApplication,H,FALSE_NEGATIVE
RFQ731-004955,dataInterface,HS,FALSE_NEGATIVE
RFQ731-002326,steamApplication,N,FALSE_NEGATIVE
RFQ731-004174,temperaturEingaenge,TT1,FALSE_NEGATIVE
RFQ731-002536,dataInterface,PA,FALSE_NEGATIVE
RFQ731-001095,dataInterface,HS,FALSE_NEGATIVE
RFQ731-001346,steamApplication,N,FALSE_NEGATIVE
RFQ731-001534,characteristic,CA,FALSE_NEGATIVE
RFQ731-001237,explosionApproval,N,FALSE_NEGATIVE
RFQ731-001073,certification,MN,FALSE_NEGATIVE
RFQ731-002069,waveInjector,FWI,FALSE_NEGATIVE
RFQ731-002950,steamApplication,N,FALSE_NEGATIVE
RFQ731-000418,explosionApproval,N,FALSE_NEGATIVE
RFQ731-001212,characteristic,TE,FALSE_NEGATIVE
RFQ731-000490,dataInterface,HS,FALSE_NEGATIVE
RFQ731-003407,devCategory,S,FALSE_NEGATIVE
RFQ731-002428,dataInterface,MT,FALSE_NEGATIVE
RFQ731-000662,devCategory,H,FALSE_NEGATIVE
RFQ731-000681,devCategory,H,FALSE_NEGATIVE
RFQ731-002853,waveInjector,FWI,FALSE_NEGATIVE
RFQ731-002696,protectionArea,N,FALSE_NEGATIVE
RFQ731-002209,dataInterface,NN,FALSE_NEGATIVE
RFQ731-001572,steamApplication,N,FALSE_NEGATIVE
RFQ731-004481,dataInterface,NN,FALSE_NEGATIVE
RFQ731-004524,dataInterface,NN,FALSE_NEGATIVE
RFQ731-003408,protectionArea,N,FALSE_NEGATIVE
RFQ731-000739,dataInterface,HS,FALSE_NEGATIVE
RFQ731-000673,certification,MN,FALSE_NEGATIVE
RFQ731-003302,certification,MN,FALSE_NEGATIVE
RFQ731-001087,dataInterface,HS,FALSE_NEGATIVE
RFQ731-001559,waveInjector,FWI,FALSE_NEGATIVE
RFQ731-002105,dataInterface,NN,FALSE_NEGATIVE
RFQ731-004240,waveInjector,FWI,FALSE_NEGATIVE
RFQ731-001123,steamApplication,N,FALSE_NEGATIVE
RFQ731-000604,dataInterface,NN,FALSE_NEGATIVE
RFQ731-001043,explosionApproval,F,FALSE_NEGATIVE
RFQ731-000964,explosionApproval,N,FALSE_NEGATIVE
RFQ731-002699,dataInterface,HS,FALSE_NEGATIVE
RFQ731-001221,characteristic,TE,FALSE_NEGATIVE
RFQ731-003335,certification,MN,FALSE_NEGATIVE
RFQ731-004409,waveInjector,FWI,FALSE_NEGATIVE
RFQ731-003830,devCategory,H,FALSE_NEGATIVE
RFQ731-003505,devCategory,S,FALSE_NEGATIVE
RFQ731-003335,dataInterface,NN,FALSE_NEGATIVE
RFQ731-001614,certification,MN,FALSE_NEGATIVE
RFQ731-003405,certification,MN,FALSE_NEGATIVE
RFQ731-004921,dataInterface,HS,FALSE_NEGATIVE
RFQ731-002221,certification,MN,FALSE_NEGATIVE
RFQ731-000109,devCategory,S,FALSE_NEGATIVE
RFQ731-004760,stromSchaltbar,CS2,FALSE_NEGATIVE
RFQ731-000385,dataInterface,PA,FALSE_NEGATIVE
RFQ731-004586,waveInjector,FWI,FALSE_NEGATIVE
RFQ731-001176,dataInterface,HS,FALSE_NEGATIVE
RFQ731-001966,protectionArea,N,FALSE_NEGATIVE
RFQ731-003474,steamApplication,H,FALSE_NEGATIVE
RFQ731-000825,steamApplication,N,FALSE_NEGATIVE
RFQ731-001531,dataInterface,PA,FALSE_NEGATIVE
RFQ731-004828,protectionArea,N,FALSE_NEGATIVE
RFQ731-000479,dataInterface,HS,FALSE_NEGATIVE
RFQ731-000981,characteristic,TE,FALSE_NEGATIVE
RFQ731-003461,steamApplication,N,FALSE_NEGATIVE
RFQ731-000468,steamApplication,N,FALSE_NEGATIVE
RFQ731-000319,certification,MN,FALSE_NEGATIVE
RFQ731-001977,protectionArea,N,FALSE_NEGATIVE
RFQ731-001895,binaerDigitalOpenColl_MN,MN4,FALSE_NEGATIVE
RFQ731-003156,protectionArea,N,FALSE_NEGATIVE
RFQ731-000305,certification,MN,FALSE_NEGATIVE
RFQ731-000208,binaerOpenColl_MP,MP2,FALSE_NEGATIVE
RFQ731-000305,dataInterface,NN,FALSE_NEGATIVE
RFQ731-003894,certification,MN,FALSE_NEGATIVE
RFQ731-004696,explosionApproval,N,FALSE_NEGATIVE
RFQ731-002975,protectionArea,N,FALSE_NEGATIVE
RFQ731-002868,dataInterface,NN,FALSE_NEGATIVE
RFQ731-000396,dataInterface,PA,FALSE_NEGATIVE
RFQ731-002124,certification,MN,FALSE_NEGATIVE
RFQ731-000278,dataInterface,HS,FALSE_NEGATIVE
RFQ731-003290,waveInjector,FWI,FALSE_NEGATIVE
RFQ731-003038,dataInterface,NN,FALSE_NEGATIVE
RFQ731-001845,dataInterface,HS,FALSE_NEGATIVE
RFQ731-002455,characteristic,PW,FALSE_NEGATIVE
RFQ731-004968,dataInterface,NN,FALSE_NEGATIVE
RFQ731-001735,certification,MN,FALSE_NEGATIVE
RFQ731-004593,characteristic,PW,FALSE_NEGATIVE
RFQ731-000407,dataInterface,PA,FALSE_NEGATIVE
RFQ731-000456,characteristic,PW,FALSE_NEGATIVE
RFQ731-003206,certification,MN,FALSE_NEGATIVE
RFQ731-004002,characteristic,CA,FALSE_NEGATIVE
RFQ731-000066,binaerDigitalOpenColl_MN,MN4,FALSE_NEGATIVE
RFQ731-003494,protectionArea,N,FALSE_NEGATIVE
RFQ731-003236,dataInterface,HS,FALSE_NEGATIVE
RFQ731-001249,steamApplication,N,FALSE_NEGATIVE
RFQ731-003796,certification,MN,FALSE_NEGATIVE
RFQ731-002964,temperaturEingaenge,TT1,FALSE_NEGATIVE
RFQ731-002222,characteristic,CA,FALSE_NEGATIVE
RFQ731-002158,explosionApproval,N,FALSE_NEGATIVE
RFQ731-000889,dataInterface,PA,FALSE_NEGATIVE
RFQ731-004544,protectionArea,N,FALSE_NEGATIVE
RFQ731-000932,certification,MN,FALSE_NEGATIVE
RFQ731-003552,dataInterface,NN,FALSE_NEGATIVE
RFQ731-001623,certification,MN,FALSE_NEGATIVE
RFQ731-000234,dataInterface,HS,FALSE_NEGATIVE
RFQ731-000576,certification,MN,FALSE_NEGATIVE
RFQ731-004961,protectionArea,N,FALSE_NEGATIVE
RFQ731-004989,steamApplication,H,FALSE_NEGATIVE
RFQ731-004339,dataInterface,HS,FALSE_NEGATIVE
RFQ731-004514,temperaturEingaenge,TT1,FALSE_NEGATIVE
RFQ731-004581,dataInterface,HS,FALSE_NEGATIVE
RFQ731-003337,protectionArea,N,FALSE_NEGATIVE
RFQ731-002487,characteristic,TE,FALSE_NEGATIVE
RFQ731-003956,certification,MN,FALSE_NEGATIVE
RFQ731-002057,dataInterface,HS,FALSE_NEGATIVE
RFQ731-002246,dataInterface,NN,FALSE_NEGATIVE
RFQ731-001598,dataInterface,HS,FALSE_NEGATIVE
RFQ731-002261,steamApplication,N,FALSE_NEGATIVE
RFQ731-000026,certification,MN,FALSE_NEGATIVE
RFQ731-002647,certification,MN,FALSE_NEGATIVE
RFQ731-001395,steamApplication,N,FALSE_NEGATIVE
RFQ731-004099,characteristic,PW,FALSE_NEGATIVE
RFQ731-001865,certification,MN,FALSE_NEGATIVE
RFQ731-002824,dataInterface,NN,FALSE_NEGATIVE
RFQ731-002751,certification,MN,FALSE_NEGATIVE
RFQ731-004070,devCategory,S,FALSE_NEGATIVE
RFQ731-004519,explosionApproval,F,FALSE_NEGATIVE
RFQ731-000051,dataInterface,MT,FALSE_NEGATIVE
RFQ731-004137,protectionArea,N,FALSE_NEGATIVE
RFQ731-001284,certification,MN,FALSE_NEGATIVE
RFQ731-003903,explosionApproval,A,FALSE_NEGATIVE
RFQ731-002546,temperaturEingaenge,TT1,FALSE_NEGATIVE
RFQ731-000202,explosionApproval,F,FALSE_NEGATIVE
RFQ731-003220,binaerOpenColl_MP,MP2,FALSE_NEGATIVE
RFQ731-003594,protectionArea,N,FALSE_NEGATIVE
RFQ731-002918,steamApplication,N,FALSE_NEGATIVE
RFQ731-002171,characteristic,TE,FALSE_NEGATIVE
RFQ731-000540,protectionArea,N,FALSE_NEGATIVE
RFQ731-001617,dataInterface,HS,FALSE_NEGATIVE
RFQ731-002469,temperaturEingaenge,TT1,FALSE_NEGATIVE
RFQ731-002166,dataInterface,NN,FALSE_NEGATIVE
RFQ731-001417,steamApplication,N,FALSE_NEGATIVE
RFQ731-000484,protectionArea,N,FALSE_NEGATIVE
RFQ731-003672,devCategory,S,FALSE_NEGATIVE
RFQ731-000066,characteristic,TE,FALSE_NEGATIVE
RFQ731-001662,dataInterface,PA,FALSE_NEGATIVE
RFQ731-001297,dataInterface,HS,FALSE_NEGATIVE
RFQ731-003731,steamApplication,H,FALSE_NEGATIVE
RFQ731-002619,explosionApproval,K,FALSE_NEGATIVE
RFQ731-003547,protectionArea,N,FALSE_NEGATIVE
RFQ731-003176,certification,MN,FALSE_NEGATIVE
RFQ731-002977,certification,MN,FALSE_NEGATIVE
RFQ731-003469,dataInterface,MT,FALSE_NEGATIVE
RFQ731-001668,steamApplication,H,FALSE_NEGATIVE
RFQ731-000914,explosionApproval,A,FALSE_NEGATIVE
RFQ731-003996,characteristic,TE,FALSE_NEGATIVE
RFQ731-002484,explosionApproval,F,FALSE_NEGATIVE
RFQ731-004973,steamApplication,N,FALSE_NEGATIVE
RFQ731-001130,explosionApproval,A,FALSE_NEGATIVE
RFQ731-002915,characteristic,TE,FALSE_NEGATIVE
RFQ731-000113,protectionArea,N,FALSE_NEGATIVE
RFQ731-001223,dataInterface,HS,FALSE_NEGATIVE
RFQ731-001163,protectionArea,N,FALSE_NEGATIVE
RFQ731-003106,characteristic,CA,FALSE_NEGATIVE
RFQ731-000507,dataInterface,HS,FALSE_NEGATIVE
RFQ731-004347,devCategory,H,FALSE_NEGATIVE
RFQ731-001443,dataInterface,MT,FALSE_NEGATIVE
RFQ731-003364,steamApplication,H,FALSE_NEGATIVE
RFQ731-000008,steamApplication,H,FALSE_NEGATIVE
RFQ731-002052,certification,MN,FALSE_NEGATIVE
RFQ731-003842,protectionArea,N,FALSE_NEGATIVE
RFQ731-003977,steamApplication,H,FALSE_NEGATIVE
RFQ731-004063,explosionApproval,A,FALSE_NEGATIVE
RFQ731-002884,dataInterface,HS,FALSE_NEGATIVE
RFQ731-000834,protectionArea,N,FALSE_NEGATIVE
RFQ731-003016,explosionApproval,A,FALSE_NEGATIVE
RFQ731-002162,dataInterface,HS,FALSE_NEGATIVE
RFQ731-000796,dataInterface,HS,FALSE_NEGATIVE
RFQ731-002840,certification,MN,FALSE_NEGATIVE
RFQ731-000442,protectionArea,N,FALSE_NEGATIVE
RFQ731-002517,dataInterface,HS,FALSE_NEGATIVE
RFQ731-003572,certification,MN,FALSE_NEGATIVE
RFQ731-002784,steamApplication,N,FALSE_NEGATIVE
RFQ731-004588,certification,MN,FALSE_NEGATIVE
RFQ731-000228,temperaturEingaenge,TT1,FALSE_NEGATIVE
RFQ731-003295,certification,MN,FALSE_NEGATIVE
RFQ731-000972,binaerDigitalOpenColl_MN,MN4,FALSE_NEGATIVE
RFQ731-003497,explosionApproval,K,FALSE_NEGATIVE
RFQ731-003175,dataInterface,PA,FALSE_NEGATIVE
RFQ731-001085,dataInterface,HS,FALSE_NEGATIVE
RFQ731-004123,certification,MN,FALSE_NEGATIVE
RFQ731-004665,dataInterface,HS,FALSE_NEGATIVE
RFQ731-004497,protectionArea,N,FALSE_NEGATIVE
RFQ731-000971,dataInterface,NN,FALSE_NEGATIVE
RFQ731-002645,certification,MN,FALSE_NEGATIVE
RFQ731-001576,dataInterface,HS,FALSE_NEGATIVE
RFQ731-003121,dataInterface,HS,FALSE_NEGATIVE
RFQ731-002273,protectionArea,N,FALSE_NEGATIVE
RFQ731-001379,dataInterface,HS,FALSE_NEGATIVE
RFQ731-002022,dataInterface,HS,FALSE_NEGATIVE
RFQ731-001372,characteristic,CA,FALSE_NEGATIVE
RFQ731-003365,protectionArea,N,FALSE_NEGATIVE
RFQ731-002560,temperaturEingaenge,TT1,FALSE_NEGATIVE
RFQ731-002202,characteristic,TE,FALSE_NEGATIVE
RFQ731-000796,devCategory,H,FALSE_NEGATIVE
RFQ731-003273,characteristic,PW,FALSE_NEGATIVE
RFQ731-003312,protectionArea,N,FALSE_NEGATIVE
RFQ731-004789,protectionArea,N,FALSE_NEGATIVE
RFQ731-003366,dataInterface,PA,FALSE_NEGATIVE
RFQ731-002517,devCategory,H,FALSE_NEGATIVE
RFQ731-001668,explosionApproval,K,FALSE_NEGATIVE
RFQ731-003350,dataInterface,HS,FALSE_NEGATIVE
RFQ731-003591,binaerDigitalOpenColl_MN,MN4,FALSE_NEGATIVE
RFQ731-002278,temperaturEingaenge,TT1,FALSE_NEGATIVE
RFQ731-002938,dataInterface,NN,FALSE_NEGATIVE
RFQ731-003885,dataInterface,HS,FALSE_NEGATIVE
RFQ731-003662,characteristic,TE,FALSE_NEGATIVE
RFQ731-000449,certification,MN,FALSE_NEGATIVE
RFQ731-004232,dataInterface,HS,FALSE_NEGATIVE
RFQ731-002849,characteristic,TE,FALSE_NEGATIVE
RFQ731-001310,characteristic,PW,FALSE_NEGATIVE
RFQ731-001040,dataInterface,NN,FALSE_NEGATIVE
RFQ731-001947,characteristic,CA,FALSE_NEGATIVE
RFQ731-002728,devCategory,S,FALSE_NEGATIVE
RFQ731-003700,certification,MN,FALSE_NEGATIVE
RFQ731-003029,dataInterface,HS,FALSE_NEGATIVE
RFQ731-001931,steamApplication,H,FALSE_NEGATIVE
RFQ731-000117,steamApplication,H,FALSE_NEGATIVE
RFQ731-004370,characteristic,TE,FALSE_NEGATIVE
RFQ731-001072,certification,MN,FALSE_NEGATIVE
RFQ731-000085,dataInterface,HS,FALSE_NEGATIVE
RFQ731-001148,dataInterface,NN,FALSE_NEGATIVE
RFQ731-001758,explosionApproval,A,FALSE_NEGATIVE
RFQ731-004136,protectionArea,N,FALSE_NEGATIVE
RFQ731-004514,explosionApproval,N,FALSE_NEGATIVE
RFQ731-000140,protectionArea,N,FALSE_NEGATIVE
RFQ731-004032,characteristic,TE,FALSE_NEGATIVE
RFQ731-002075,binaerDigitalOpenColl_MN,MN4,FALSE_NEGATIVE
RFQ731-000777,dataInterface,MT,FALSE_NEGATIVE
RFQ731-001828,binaerDigitalOpenColl_MN,MN4,FALSE_NEGATIVE
RFQ731-003915,characteristic,PW,FALSE_NEGATIVE
RFQ731-002643,powerSupply,4,FALSE_NEGATIVE
RFQ731-004723,steamApplication,H,FALSE_NEGATIVE
RFQ731-002881,explosionApproval,K,FALSE_NEGATIVE
RFQ731-000567,steamApplication,H,FALSE_NEGATIVE
RFQ731-000084,devCategory,S,FALSE_NEGATIVE
RFQ731-003199,characteristic,VG,FALSE_NEGATIVE
RFQ731-001039,steamApplication,H,FALSE_NEGATIVE
RFQ731-001228,dataInterface,NN,FALSE_NEGATIVE
RFQ731-001117,protectionArea,N,FALSE_NEGATIVE
RFQ731-000221,characteristic,TE,FALSE_NEGATIVE
RFQ731-004240,explosionApproval,A,FALSE_NEGATIVE
RFQ731-000972,characteristic,TE,FALSE_NEGATIVE
RFQ731-002991,dataInterface,HS,FALSE_NEGATIVE
RFQ731-001693,certification,MN,FALSE_NEGATIVE
RFQ731-001866,waveInjector,FWI,FALSE_NEGATIVE
RFQ731-002540,certification,MN,FALSE_NEGATIVE
RFQ731-003921,dataInterface,HS,FALSE_NEGATIVE
RFQ731-003300,steamApplication,H,FALSE_NEGATIVE
RFQ731-002741,dataInterface,NN,FALSE_NEGATIVE
RFQ731-002538,steamApplication,N,FALSE_NEGATIVE
RFQ731-000513,explosionApproval,K,FALSE_NEGATIVE
RFQ731-003714,certification,MN,FALSE_NEGATIVE
RFQ731-002705,certification,MN,FALSE_NEGATIVE
RFQ731-003917,powerSupply,4,FALSE_NEGATIVE
RFQ731-000767,powerSupply,4,FALSE_NEGATIVE
RFQ731-002440,dataInterface,MR,FALSE_NEGATIVE
RFQ731-003620,protectionArea,N,FALSE_NEGATIVE
RFQ731-003164,dataInterface,MT,FALSE_NEGATIVE
RFQ731-001688,dataInterface,HS,FALSE_NEGATIVE
RFQ731-004556,certification,MN,FALSE_NEGATIVE
RFQ731-002032,explosionApproval,F,FALSE_NEGATIVE
RFQ731-003030,steamApplication,N,FALSE_NEGATIVE
RFQ731-002576,protectionArea,N,FALSE_NEGATIVE
RFQ731-003604,steamApplication,N,FALSE_NEGATIVE
RFQ731-002205,steamApplication,N,FALSE_NEGATIVE
RFQ731-002798,dataInterface,HS,FALSE_NEGATIVE
RFQ731-004347,dataInterface,NN,FALSE_NEGATIVE
RFQ731-004310,waveInjector,FWI,FALSE_NEGATIVE
RFQ731-004394,characteristic,TE,FALSE_NEGATIVE
RFQ731-003113,certification,MN,FALSE_NEGATIVE
RFQ731-004936,steamApplication,H,FALSE_NEGATIVE
RFQ731-002936,steamApplication,N,FALSE_NEGATIVE
RFQ731-003575,dataInterface,PA,FALSE_NEGATIVE
RFQ731-002042,dataInterface,NN,FALSE_NEGATIVE
RFQ731-002150,steamApplication,N,FALSE_NEGATIVE
RFQ731-003150,protectionArea,N,FALSE_NEGATIVE
RFQ731-001222,characteristic,CA,FALSE_NEGATIVE
RFQ731-003606,dataInterface,HS,FALSE_NEGATIVE
RFQ731-001684,dataInterface,NN,FALSE_NEGATIVE
RFQ731-002281,dataInterface,HS,FALSE_NEGATIVE
RFQ731-003882,protectionArea,N,FALSE_NEGATIVE
RFQ731-003747,dataInterface,HS,FALSE_NEGATIVE
RFQ731-000646,devCategory,S,FALSE_NEGATIVE
RFQ731-000013,dataInterface,HS,FALSE_NEGATIVE
RFQ731-004968,temperaturEingaenge,TT1,FALSE_NEGATIVE
RFQ731-003866,certification,MN,FALSE_NEGATIVE
RFQ731-000984,steamApplication,N,FALSE_NEGATIVE
RFQ731-004875,temperaturEingaenge,TT1,FALSE_NEGATIVE
RFQ731-002669,steamApplication,N,FALSE_NEGATIVE
RFQ731-004497,dataInterface,PA,FALSE_NEGATIVE
RFQ731-004889,temperaturEingaenge,TT1,FALSE_NEGATIVE
RFQ731-000227,protectionArea,N,FALSE_NEGATIVE
RFQ731-001971,dataInterface,PA,FALSE_NEGATIVE
RFQ731-002244,protectionArea,N,FALSE_NEGATIVE
RFQ731-000403,dataInterface,PA,FALSE_NEGATIVE
RFQ731-002700,dataInterface,PA,FALSE_NEGATIVE
RFQ731-002627,dataInterface,HS,FALSE_NEGATIVE
RFQ731-004141,characteristic,CA,FALSE_NEGATIVE
RFQ731-000669,explosionApproval,A,FALSE_NEGATIVE
RFQ731-004318,dataInterface,NN,FALSE_NEGATIVE
RFQ731-001311,explosionApproval,N,FALSE_NEGATIVE
RFQ731-004235,steamApplication,H,FALSE_NEGATIVE
RFQ731-003559,temperaturEingaenge,TT1,FALSE_NEGATIVE
RFQ731-002366,dataInterface,HS,FALSE_NEGATIVE
RFQ731-000580,certification,MN,FALSE_NEGATIVE
RFQ731-002029,certification,MN,FALSE_NEGATIVE
RFQ731-002643,protectionArea,N,FALSE_NEGATIVE
RFQ731-004398,dataInterface,NN,FALSE_NEGATIVE
RFQ731-004675,temperaturEingaenge,TT1,FALSE_NEGATIVE
RFQ731-002806,steamApplication,N,FALSE_NEGATIVE
RFQ731-002250,dataInterface,PA,FALSE_NEGATIVE
RFQ731-004335,steamApplication,N,FALSE_NEGATIVE
RFQ731-000870,dataInterface,HS,FALSE_NEGATIVE
RFQ731-004379,devCategory,S,FALSE_NEGATIVE
RFQ731-001212,protectionArea,N,FALSE_NEGATIVE
RFQ731-001533,steamApplication,H,FALSE_NEGATIVE
RFQ731-003053,certification,MN,FALSE_NEGATIVE
RFQ731-000239,steamApplication,N,FALSE_NEGATIVE
RFQ731-000223,protectionArea,N,FALSE_NEGATIVE
RFQ731-000217,explosionApproval,K,FALSE_NEGATIVE
RFQ731-002637,protectionArea,N,FALSE_NEGATIVE
RFQ731-003195,dataInterface,NN,FALSE_NEGATIVE
RFQ731-001576,certification,MN,FALSE_NEGATIVE
RFQ731-004592,explosionApproval,K,FALSE_NEGATIVE
RFQ731-002717,explosionApproval,K,FALSE_NEGATIVE
RFQ731-001379,certification,MN,FALSE_NEGATIVE
RFQ731-001120,steamApplication,N,FALSE_NEGATIVE
RFQ731-003157,protectionArea,N,FALSE_NEGATIVE
RFQ731-004047,dataInterface,NN,FALSE_NEGATIVE
RFQ731-003055,protectionArea,N,FALSE_NEGATIVE
RFQ731-003508,steamApplication,H,FALSE_NEGATIVE
RFQ731-000507,certification,MN,FALSE_NEGATIVE
RFQ731-001561,steamApplication,H,FALSE_NEGATIVE
RFQ731-000451,temperaturEingaenge,TT1,FALSE_NEGATIVE
RFQ731-002555,certification,MN,FALSE_NEGATIVE
RFQ731-000708,certification,MN,FALSE_NEGATIVE
RFQ731-002328,dataInterface,HS,FALSE_NEGATIVE
RFQ731-003993,certification,MN,FALSE_NEGATIVE
RFQ731-004441,certification,MN,FALSE_NEGATIVE
RFQ731-004232,certification,MN,FALSE_NEGATIVE
RFQ731-001341,binaerDigitalOpenColl_MN,MN4,FALSE_NEGATIVE
RFQ731-004878,steamApplication,H,FALSE_NEGATIVE
RFQ731-000176,steamApplication,H,FALSE_NEGATIVE
RFQ731-004441,dataInterface,NN,FALSE_NEGATIVE
RFQ731-001274,dataInterface,PA,FALSE_NEGATIVE
RFQ731-004105,steamApplication,H,FALSE_NEGATIVE
RFQ731-003204,protectionArea,N,FALSE_NEGATIVE
RFQ731-004367,dataInterface,HS,FALSE_NEGATIVE
RFQ731-001177,dataInterface,HS,FALSE_NEGATIVE
RFQ731-003513,certification,MN,FALSE_NEGATIVE
RFQ731-004352,dataInterface,HS,FALSE_NEGATIVE
RFQ731-001366,explosionApproval,N,FALSE_NEGATIVE
RFQ731-004204,steamApplication,H,FALSE_NEGATIVE
RFQ731-000017,dataInterface,HS,FALSE_NEGATIVE
RFQ731-002414,binaerOpenColl_MP,MP2,FALSE_NEGATIVE
RFQ731-004128,steamApplication,H,FALSE_NEGATIVE
RFQ731-003259,characteristic,CA,FALSE_NEGATIVE
RFQ731-004728,protectionArea,N,FALSE_NEGATIVE
RFQ731-003853,steamApplication,H,FALSE_NEGATIVE
RFQ731-001378,devCategory,H,FALSE_NEGATIVE
RFQ731-001864,dataInterface,PA,FALSE_NEGATIVE
RFQ731-003474,waveInjector,FWI,FALSE_NEGATIVE
RFQ731-004580,certification,MN,FALSE_NEGATIVE
RFQ731-002220,waveInjector,FWI,FALSE_NEGATIVE
RFQ731-004174,dataInterface,HS,FALSE_NEGATIVE
RFQ731-003727,protectionArea,N,FALSE_NEGATIVE
RFQ731-002757,dataInterface,MT,FALSE_NEGATIVE
RFQ731-000025,steamApplication,H,FALSE_NEGATIVE
RFQ731-003742,steamApplication,N,FALSE_NEGATIVE
RFQ731-001353,characteristic,PW,FALSE_NEGATIVE
RFQ731-001342,steamApplication,N,FALSE_NEGATIVE
RFQ731-000460,powerSupply,4,FALSE_NEGATIVE
RFQ731-003019,explosionApproval,K,FALSE_NEGATIVE
RFQ731-004362,temperaturEingaenge,TT1,FALSE_NEGATIVE
RFQ731-001512,temperaturEingaenge,TT1,FALSE_NEGATIVE
RFQ731-002261,protectionArea,N,FALSE_NEGATIVE
RFQ731-000905,dataInterface,NN,FALSE_NEGATIVE
RFQ731-003471,steamApplication,H,FALSE_NEGATIVE
RFQ731-003043,certification,MN,FALSE_NEGATIVE
RFQ731-002847,explosionApproval,K,FALSE_NEGATIVE
RFQ731-003652,steamApplication,N,FALSE_NEGATIVE
RFQ731-002331,devCategory,S,FALSE_NEGATIVE
RFQ731-003109,protectionArea,N,FALSE_NEGATIVE
RFQ731-002466,dataInterface,NN,FALSE_NEGATIVE
RFQ731-000569,explosionApproval,K,FALSE_NEGATIVE
RFQ731-000092,devCategory,H,FALSE_NEGATIVE
RFQ731-004663,dataInterface,MT,FALSE_NEGATIVE
RFQ731-004237,dataInterface,HS,FALSE_NEGATIVE
RFQ731-004161,steamApplication,N,FALSE_NEGATIVE
RFQ731-004776,explosionApproval,N,FALSE_NEGATIVE
RFQ731-002630,protectionArea,N,FALSE_NEGATIVE
RFQ731-001077,certification,MN,FALSE_NEGATIVE
RFQ731-001962,characteristic,CA,FALSE_NEGATIVE
RFQ731-001960,protectionArea,N,FALSE_NEGATIVE
RFQ731-002233,dataInterface,NN,FALSE_NEGATIVE
RFQ731-002659,dataInterface,HS,FALSE_NEGATIVE
RFQ731-003800,temperaturEingaenge,TT1,FALSE_NEGATIVE
RFQ731-001208,certification,MN,FALSE_NEGATIVE
RFQ731-003334,steamApplication,H,FALSE_NEGATIVE
RFQ731-001056,dataInterface,PA,FALSE_NEGATIVE
RFQ731-003099,protectionArea,N,FALSE_NEGATIVE
RFQ731-001943,steamApplication,N,FALSE_NEGATIVE
RFQ731-003913,dataInterface,HS,FALSE_NEGATIVE
RFQ731-004876,waveInjector,FWI,FALSE_NEGATIVE
RFQ731-004128,explosionApproval,K,FALSE_NEGATIVE
RFQ731-004039,temperaturEingaenge,TT1,FALSE_NEGATIVE
RFQ731-000289,dataInterface,HS,FALSE_NEGATIVE
RFQ731-001646,steamApplication,H,FALSE_NEGATIVE
RFQ731-000165,steamApplication,H,FALSE_NEGATIVE
RFQ731-000561,temperaturEingaenge,TT1,FALSE_NEGATIVE
RFQ731-004156,steamApplication,H,FALSE_NEGATIVE
RFQ731-002847,devCategory,S,FALSE_NEGATIVE
RFQ731-004164,characteristic,PW,FALSE_NEGATIVE
RFQ731-003824,explosionApproval,K,FALSE_NEGATIVE
RFQ731-003624,dataInterface,HS,FALSE_NEGATIVE
RFQ731-001505,steamApplication,H,FALSE_NEGATIVE
RFQ731-000922,certification,MN,FALSE_NEGATIVE
RFQ731-002299,certification,MN,FALSE_NEGATIVE
RFQ731-001029,explosionApproval,F,FALSE_NEGATIVE
RFQ731-004157,explosionApproval,K,FALSE_NEGATIVE
RFQ731-001145,devCategory,S,FALSE_NEGATIVE
RFQ731-002308,protectionArea,N,FALSE_NEGATIVE
RFQ731-004567,steamApplication,H,FALSE_NEGATIVE
RFQ731-004265,steamApplication,N,FALSE_NEGATIVE
RFQ731-001955,devCategory,H,FALSE_NEGATIVE
RFQ731-003190,protectionArea,N,FALSE_NEGATIVE
RFQ731-003569,explosionApproval,A,FALSE_NEGATIVE
RFQ731-001139,steamApplication,H,FALSE_NEGATIVE
RFQ731-004810,dataInterface,NN,FALSE_NEGATIVE
RFQ731-004116,protectionArea,N,FALSE_NEGATIVE
RFQ731-000777,characteristic,CA,FALSE_NEGATIVE
RFQ731-003692,dataInterface,HS,FALSE_NEGATIVE
RFQ731-002405,protectionArea,N,FALSE_NEGATIVE
RFQ731-004396,explosionApproval,N,FALSE_NEGATIVE
RFQ731-002846,explosionApproval,N,FALSE_NEGATIVE
RFQ731-003710,dataInterface,PA,FALSE_NEGATIVE
RFQ731-002694,steamApplication,H,FALSE_NEGATIVE
RFQ731-003086,protectionArea,N,FALSE_NEGATIVE
RFQ731-002032,dataInterface,PA,FALSE_NEGATIVE
RFQ731-004703,steamApplication,H,FALSE_NEGATIVE
RFQ731-002685,dataInterface,PA,FALSE_NEGATIVE
RFQ731-001150,dataInterface,NN,FALSE_NEGATIVE
RFQ731-002372,explosionApproval,A,FALSE_NEGATIVE
RFQ731-001134,explosionApproval,N,FALSE_NEGATIVE
RFQ731-004507,dataInterface,PA,FALSE_NEGATIVE
RFQ731-000858,stromSchaltbar,CS2,FALSE_NEGATIVE
RFQ731-004286,dataInterface,HS,FALSE_NEGATIVE
RFQ731-001489,dataInterface,HS,FALSE_NEGATIVE
RFQ731-004885,dataInterface,PA,FALSE_NEGATIVE
RFQ731-001734,dataInterface,HS,FALSE_NEGATIVE
RFQ731-002384,waveInjector,FWI,FALSE_NEGATIVE
RFQ731-003296,temperaturEingaenge,TT1,FALSE_NEGATIVE
RFQ731-000634,steamApplication,N,FALSE_NEGATIVE
RFQ731-004097,explosionApproval,F,FALSE_NEGATIVE
RFQ731-004945,explosionApproval,K,FALSE_NEGATIVE
RFQ731-002983,dataInterface,HS,FALSE_NEGATIVE
RFQ731-002084,characteristic,PW,FALSE_NEGATIVE
RFQ731-002370,devCategory,H,FALSE_NEGATIVE
RFQ731-003073,explosionApproval,K,FALSE_NEGATIVE
RFQ731-003391,explosionApproval,A,FALSE_NEGATIVE
RFQ731-002924,waveInjector,FWI,FALSE_NEGATIVE
RFQ731-002525,steamApplication,H,FALSE_NEGATIVE
RFQ731-000096,protectionArea,N,FALSE_NEGATIVE
RFQ731-003276,dataInterface,HS,FALSE_NEGATIVE
RFQ731-002269,characteristic,PW,FALSE_NEGATIVE
RFQ731-000981,dataInterface,PA,FALSE_NEGATIVE
RFQ731-003439,certification,MN,FALSE_NEGATIVE
RFQ731-001171,certification,MN,FALSE_NEGATIVE
RFQ731-004000,dataInterface,HS,FALSE_NEGATIVE
RFQ731-000916,dataInterface,NN,FALSE_NEGATIVE
RFQ731-003164,characteristic,CA,FALSE_NEGATIVE
RFQ731-001530,protectionArea,N,FALSE_NEGATIVE
RFQ731-000911,dataInterface,NN,FALSE_NEGATIVE
RFQ731-001419,devCategory,S,FALSE_NEGATIVE
RFQ731-000877,explosionApproval,N,FALSE_NEGATIVE
RFQ731-003801,dataInterface,NN,FALSE_NEGATIVE
RFQ731-004921,explosionApproval,N,FALSE_NEGATIVE
RFQ731-004536,devCategory,H,FALSE_NEGATIVE
RFQ731-000786,characteristic,TE,FALSE_NEGATIVE
RFQ731-003592,binaerDigitalOpenColl_MN,MN4,FALSE_NEGATIVE
RFQ731-004234,dataInterface,HS,FALSE_NEGATIVE
RFQ731-004764,characteristic,PW,FALSE_NEGATIVE
RFQ731-004781,protectionArea,N,FALSE_NEGATIVE
RFQ731-002181,dataInterface,HS,FALSE_NEGATIVE
RFQ731-002903,characteristic,CA,FALSE_NEGATIVE
RFQ731-003237,dataInterface,HS,FALSE_NEGATIVE
RFQ731-003985,steamApplication,H,FALSE_NEGATIVE
RFQ731-000807,steamApplication,N,FALSE_NEGATIVE
RFQ731-003518,devCategory,H,FALSE_NEGATIVE
RFQ731-004567,explosionApproval,K,FALSE_NEGATIVE
RFQ731-003635,steamApplication,H,FALSE_NEGATIVE
RFQ731-004828,dataInterface,HS,FALSE_NEGATIVE
RFQ731-000098,steamApplication,H,FALSE_NEGATIVE
RFQ731-000059,dataInterface,HS,FALSE_NEGATIVE
RFQ731-001621,characteristic,TE,FALSE_NEGATIVE
RFQ731-001760,certification,MN,FALSE_NEGATIVE
RFQ731-000100,protectionArea,N,FALSE_NEGATIVE
RFQ731-000538,dataInterface,HS,FALSE_NEGATIVE
RFQ731-003321,protectionArea,N,FALSE_NEGATIVE
RFQ731-003713,dataInterface,PA,FALSE_NEGATIVE
RFQ731-000868,certification,MN,FALSE_NEGATIVE
RFQ731-003388,temperaturEingaenge,TT1,FALSE_NEGATIVE
RFQ731-000338,protectionArea,N,FALSE_NEGATIVE
RFQ731-003619,characteristic,VG,FALSE_NEGATIVE
RFQ731-000761,certification,MN,FALSE_NEGATIVE
RFQ731-004974,explosionApproval,N,FALSE_NEGATIVE
RFQ731-004841,dataInterface,HS,FALSE_NEGATIVE
RFQ731-002975,dataInterface,HS,FALSE_NEGATIVE
RFQ731-004326,steamApplication,H,FALSE_NEGATIVE
RFQ731-002543,protectionArea,N,FALSE_NEGATIVE
RFQ731-004570,protectionArea,N,FALSE_NEGATIVE
RFQ731-001409,explosionApproval,N,FALSE_NEGATIVE
RFQ731-004932,characteristic,PW,FALSE_NEGATIVE
RFQ731-003133,explosionApproval,N,FALSE_NEGATIVE
RFQ731-004774,temperaturEingaenge,TT1,FALSE_NEGATIVE
RFQ731-002899,explosionApproval,F,FALSE_NEGATIVE
RFQ731-003916,steamApplication,N,FALSE_NEGATIVE
RFQ731-002864,protectionArea,N,FALSE_NEGATIVE
RFQ731-003780,protectionArea,N,FALSE_NEGATIVE
RFQ731-004721,explosionApproval,F,FALSE_NEGATIVE
RFQ731-000272,dataInterface,HS,FALSE_NEGATIVE
RFQ731-000380,characteristic,CA,FALSE_NEGATIVE
RFQ731-000578,devCategory,S,FALSE_NEGATIVE
RFQ731-003174,dataInterface,PA,FALSE_NEGATIVE
RFQ731-003697,dataInterface,HS,FALSE_NEGATIVE
RFQ731-003896,certification,MN,FALSE_NEGATIVE
RFQ731-002987,steamApplication,H,FALSE_NEGATIVE
RFQ731-004848,dataInterface,HS,FALSE_NEGATIVE
RFQ731-002589,characteristic,CA,FALSE_NEGATIVE
RFQ731-004135,steamApplication,N,FALSE_NEGATIVE
RFQ731-004897,devCategory,H,FALSE_NEGATIVE
RFQ731-004996,dataInterface,HS,FALSE_NEGATIVE
RFQ731-003017,steamApplication,H,FALSE_NEGATIVE
RFQ731-000774,dataInterface,NN,FALSE_NEGATIVE
RFQ731-001728,steamApplication,H,FALSE_NEGATIVE
RFQ731-000339,dataInterface,HS,FALSE_NEGATIVE
RFQ731-000053,protectionArea,N,FALSE_NEGATIVE
RFQ731-000168,dataInterface,HS,FALSE_NEGATIVE
RFQ731-003049,dataInterface,PA,FALSE_NEGATIVE
RFQ731-004929,protectionArea,N,FALSE_NEGATIVE
RFQ731-000415,protectionArea,N,FALSE_NEGATIVE
RFQ731-000311,certification,MN,FALSE_NEGATIVE
RFQ731-000309,steamApplication,H,FALSE_NEGATIVE
RFQ731-004983,characteristic,VG,FALSE_NEGATIVE
RFQ731-003979,devCategory,H,FALSE_NEGATIVE
RFQ731-003441,devCategory,S,FALSE_NEGATIVE
RFQ731-003595,explosionApproval,K,FALSE_NEGATIVE
RFQ731-000350,explosionApproval,K,FALSE_NEGATIVE
RFQ731-003684,explosionApproval,K,FALSE_NEGATIVE
RFQ731-003843,protectionArea,N,FALSE_NEGATIVE
RFQ731-004969,protectionArea,N,FALSE_NEGATIVE
RFQ731-000646,waveInjector,FWI,FALSE_NEGATIVE
RFQ731-002105,binaerDigitalOpenColl_MN,MN4,FALSE_NEGATIVE
RFQ731-003245,dataInterface,HS,FALSE_NEGATIVE
RFQ731-004183,dataInterface,HS,FALSE_NEGATIVE
RFQ731-001475,dataInterface,NN,FALSE_NEGATIVE
RFQ731-000272,devCategory,H,FALSE_NEGATIVE
RFQ731-000888,steamApplication,N,FALSE_NEGATIVE
RFQ731-003562,dataInterface,NN,FALSE_NEGATIVE
RFQ731-000515,dataInterface,MT,FALSE_NEGATIVE
RFQ731-002640,steamApplication,H,FALSE_NEGATIVE
RFQ731-001955,certification,MN,FALSE_NEGATIVE
RFQ731-000553,dataInterface,HS,FALSE_NEGATIVE
RFQ731-000688,dataInterface,NN,FALSE_NEGATIVE
RFQ731-001663,certification,MN,FALSE_NEGATIVE
RFQ731-002731,protectionArea,N,FALSE_NEGATIVE
RFQ731-003182,dataInterface,NN,FALSE_NEGATIVE
RFQ731-000360,certification,MN,FALSE_NEGATIVE
RFQ731-000117,waveInjector,FWI,FALSE_NEGATIVE
RFQ731-004375,waveInjector,FWI,FALSE_NEGATIVE
RFQ731-002106,dataInterface,NN,FALSE_NEGATIVE
RFQ731-001637,steamApplication,N,FALSE_NEGATIVE
RFQ731-001936,devCategory,H,FALSE_NEGATIVE
RFQ731-002416,certification,MN,FALSE_NEGATIVE
RFQ731-001005,explosionApproval,N,FALSE_NEGATIVE
RFQ731-004454,dataInterface,NN,FALSE_NEGATIVE
RFQ731-004267,explosionApproval,K,FALSE_NEGATIVE
RFQ731-002421,steamApplication,N,FALSE_NEGATIVE
RFQ731-000851,devCategory,S,FALSE_NEGATIVE
RFQ731-003770,steamApplication,N,FALSE_NEGATIVE
RFQ731-001598,explosionApproval,N,FALSE_NEGATIVE
RFQ731-002345,steamApplication,N,FALSE_NEGATIVE
RFQ731-002527,dataInterface,NN,FALSE_NEGATIVE
RFQ731-000488,protectionArea,N,FALSE_NEGATIVE
RFQ731-002129,steamApplication,N,FALSE_NEGATIVE
RFQ731-000778,waveInjector,FWI,FALSE_NEGATIVE
RFQ731-000079,devCategory,H,FALSE_NEGATIVE
RFQ731-002171,dataInterface,PA,FALSE_NEGATIVE
RFQ731-001600,protectionArea,N,FALSE_NEGATIVE
RFQ731-000291,characteristic,TE,FALSE_NEGATIVE
RFQ731-004723,waveInjector,FWI,FALSE_NEGATIVE
RFQ731-003591,explosionApproval,F,FALSE_NEGATIVE
RFQ731-001007,devCategory,S,FALSE_NEGATIVE
RFQ731-000876,dataInterface,HS,FALSE_NEGATIVE
RFQ731-002564,steamApplication,H,FALSE_NEGATIVE
RFQ731-000818,protectionArea,N,FALSE_NEGATIVE
RFQ731-002292,protectionArea,N,FALSE_NEGATIVE
RFQ731-002030,dataInterface,HS,FALSE_NEGATIVE
RFQ731-002751,waveInjector,FWI,FALSE_NEGATIVE
RFQ731-000832,dataInterface,HS,FALSE_NEGATIVE
RFQ731-002539,steamApplication,N,FALSE_NEGATIVE
RFQ731-002216,protectionArea,N,FALSE_NEGATIVE
RFQ731-003735,explosionApproval,N,FALSE_NEGATIVE
RFQ731-003284,steamApplication,N,FALSE_NEGATIVE
RFQ731-003834,protectionArea,N,FALSE_NEGATIVE
RFQ731-003311,explosionApproval,K,FALSE_NEGATIVE
RFQ731-004936,waveInjector,FWI,FALSE_NEGATIVE
RFQ731-000153,dataInterface,HS,FALSE_NEGATIVE
RFQ731-001715,dataInterface,NN,FALSE_NEGATIVE
RFQ731-002467,steamApplication,H,FALSE_NEGATIVE
RFQ731-000659,protectionArea,N,FALSE_NEGATIVE
RFQ731-002184,protectionArea,N,FALSE_NEGATIVE
RFQ731-000073,explosionApproval,F,FALSE_NEGATIVE
RFQ731-002117,steamApplication,N,FALSE_NEGATIVE
RFQ731-004372,dataInterface,HS,FALSE_NEGATIVE
RFQ731-003300,waveInjector,FWI,FALSE_NEGATIVE
RFQ731-000696,steamApplication,H,FALSE_NEGATIVE
RFQ731-000524,certification,MN,FALSE_NEGATIVE
RFQ731-003788,steamApplication,H,FALSE_NEGATIVE
RFQ731-001720,characteristic,PW,FALSE_NEGATIVE
RFQ731-003734,certification,MN,FALSE_NEGATIVE
RFQ731-003954,devCategory,S,FALSE_NEGATIVE
RFQ731-004071,protectionArea,N,FALSE_NEGATIVE
RFQ731-001032,certification,MN,FALSE_NEGATIVE
RFQ731-000664,steamApplication,H,FALSE_NEGATIVE
RFQ731-003523,dataInterface,HS,FALSE_NEGATIVE
RFQ731-000839,steamApplication,N,FALSE_NEGATIVE
RFQ731-003510,dataInterface,NN,FALSE_NEGATIVE
RFQ731-001660,devCategory,H,FALSE_NEGATIVE
RFQ731-004292,dataInterface,NN,FALSE_NEGATIVE
RFQ731-001332,protectionArea,N,FALSE_NEGATIVE
RFQ731-000918,protectionArea,N,FALSE_NEGATIVE
RFQ731-002729,steamApplication,H,FALSE_NEGATIVE
RFQ731-003008,dataInterface,HS,FALSE_NEGATIVE
RFQ731-002530,steamApplication,N,FALSE_NEGATIVE
RFQ731-001948,dataInterface,HS,FALSE_NEGATIVE
RFQ731-001360,certification,MN,FALSE_NEGATIVE
RFQ731-004857,certification,MN,FALSE_NEGATIVE
RFQ731-000193,steamApplication,N,FALSE_NEGATIVE
RFQ731-002224,dataInterface,MT,FALSE_NEGATIVE
RFQ731-000919,dataInterface,MT,FALSE_NEGATIVE
RFQ731-004110,temperaturEingaenge,TT1,FALSE_NEGATIVE
RFQ731-004321,dataInterface,HS,FALSE_NEGATIVE
RFQ731-000687,steamApplication,N,FALSE_NEGATIVE
RFQ731-002148,explosionApproval,N,FALSE_NEGATIVE
RFQ731-003237,certification,MN,FALSE_NEGATIVE
RFQ731-002114,dataInterface,HS,FALSE_NEGATIVE
RFQ731-002094,dataInterface,NN,FALSE_NEGATIVE
RFQ731-001490,devCategory,S,FALSE_NEGATIVE
RFQ731-002376,certification,MN,FALSE_NEGATIVE
RFQ731-002700,characteristic,CA,FALSE_NEGATIVE
RFQ731-001970,dataInterface,PA,FALSE_NEGATIVE
RFQ731-001738,explosionApproval,K,FALSE_NEGATIVE
RFQ731-004607,steamApplication,H,FALSE_NEGATIVE
RFQ731-002483,explosionApproval,F,FALSE_NEGATIVE
RFQ731-003462,devCategory,H,FALSE_NEGATIVE
RFQ731-004934,dataInterface,HS,FALSE_NEGATIVE
RFQ731-000676,dataInterface,NN,FALSE_NEGATIVE
RFQ731-003024,explosionApproval,F,FALSE_NEGATIVE
RFQ731-003601,steamApplication,N,FALSE_NEGATIVE
RFQ731-002574,characteristic,PW,FALSE_NEGATIVE
RFQ731-003799,certification,MN,FALSE_NEGATIVE
RFQ731-000301,devCategory,H,FALSE_NEGATIVE
RFQ731-001042,characteristic,CA,FALSE_NEGATIVE
RFQ731-004543,powerSupply,4,FALSE_NEGATIVE
RFQ731-001828,temperaturEingaenge,TT1,FALSE_NEGATIVE
RFQ731-000504,steamApplication,N,FALSE_NEGATIVE
RFQ731-004781,dataInterface,PA,FALSE_NEGATIVE
RFQ731-004207,dataInterface,HS,FALSE_NEGATIVE
RFQ731-003278,certification,MN,FALSE_NEGATIVE
RFQ731-001944,dataInterface,HS,FALSE_NEGATIVE
RFQ731-000426,protectionArea,N,FALSE_NEGATIVE
RFQ731-001011,dataInterface,HS,FALSE_NEGATIVE
RFQ731-003394,binaerDigitalOpenColl_MN,MN4,FALSE_NEGATIVE
RFQ731-001287,dataInterface,HS,FALSE_NEGATIVE
RFQ731-004149,protectionArea,N,FALSE_NEGATIVE
RFQ731-000846,dataInterface,HS,FALSE_NEGATIVE
RFQ731-004370,dataInterface,PA,FALSE_NEGATIVE
RFQ731-000258,steamApplication,H,FALSE_NEGATIVE
RFQ731-003465,dataInterface,HS,FALSE_NEGATIVE
RFQ731-000296,certification,MN,FALSE_NEGATIVE
RFQ731-000035,steamApplication,N,FALSE_NEGATIVE
RFQ731-002459,dataInterface,HS,FALSE_NEGATIVE
RFQ731-000866,certification,MN,FALSE_NEGATIVE
RFQ731-001433,devCategory,S,FALSE_NEGATIVE
RFQ731-001936,dataInterface,NN,FALSE_NEGATIVE
RFQ731-001456,protectionArea,N,FALSE_NEGATIVE
RFQ731-000973,devCategory,H,FALSE_NEGATIVE
RFQ731-000004,steamApplication,N,FALSE_NEGATIVE
RFQ731-000532,characteristic,TE,FALSE_NEGATIVE
RFQ731-002352,explosionApproval,N,FALSE_NEGATIVE
RFQ731-001011,devCategory,H,FALSE_NEGATIVE
RFQ731-003400,explosionApproval,A,FALSE_NEGATIVE
RFQ731-001486,devCategory,S,FALSE_NEGATIVE
RFQ731-000414,protectionArea,N,FALSE_NEGATIVE
RFQ731-004444,dataInterface,HS,FALSE_NEGATIVE
RFQ731-002875,dataInterface,HS,FALSE_NEGATIVE
RFQ731-002726,dataInterface,MT,FALSE_NEGATIVE
RFQ731-001717,protectionArea,N,FALSE_NEGATIVE
RFQ731-001859,waveInjector,FWI,FALSE_NEGATIVE
RFQ731-002102,dataInterface,MT,FALSE_NEGATIVE
RFQ731-001856,dataInterface,HS,FALSE_NEGATIVE
RFQ731-001647,dataInterface,MT,FALSE_NEGATIVE
RFQ731-003368,certification,MN,FALSE_NEGATIVE
RFQ731-003476,devCategory,H,FALSE_NEGATIVE
RFQ731-001407,certification,MN,FALSE_NEGATIVE
RFQ731-000579,steamApplication,H,FALSE_NEGATIVE
RFQ731-001860,steamApplication,H,FALSE_NEGATIVE
RFQ731-001884,dataInterface,HS,FALSE_NEGATIVE
RFQ731-000388,certification,MN,FALSE_NEGATIVE
RFQ731-001506,waveInjector,FWI,FALSE_NEGATIVE
RFQ731-002248,dataInterface,HS,FALSE_NEGATIVE
RFQ731-003251,steamApplication,H,FALSE_NEGATIVE
RFQ731-001997,temperaturEingaenge,TT1,FALSE_NEGATIVE
RFQ731-003863,explosionApproval,N,FALSE_NEGATIVE
RFQ731-004056,characteristic,PW,FALSE_NEGATIVE
RFQ731-000408,dataInterface,HS,FALSE_NEGATIVE
RFQ731-003873,temperaturEingaenge,TT1,FALSE_NEGATIVE
RFQ731-001632,dataInterface,HS,FALSE_NEGATIVE
RFQ731-000886,characteristic,CA,FALSE_NEGATIVE
RFQ731-001643,dataInterface,HS,FALSE_NEGATIVE
RFQ731-001519,dataInterface,NN,FALSE_NEGATIVE
RFQ731-001714,waveInjector,FWI,FALSE_NEGATIVE
RFQ731-003229,steamApplication,H,FALSE_NEGATIVE
RFQ731-002464,dataInterface,HS,FALSE_NEGATIVE
RFQ731-001381,characteristic,PW,FALSE_NEGATIVE
RFQ731-000376,powerSupply,4,FALSE_NEGATIVE
RFQ731-000592,steamApplication,N,FALSE_NEGATIVE
RFQ731-003830,dataInterface,HS,FALSE_NEGATIVE
RFQ731-002740,steamApplication,H,FALSE_NEGATIVE
RFQ731-000773,certification,MN,FALSE_NEGATIVE
RFQ731-004186,certification,MN,FALSE_NEGATIVE
RFQ731-001315,explosionApproval,K,FALSE_NEGATIVE
RFQ731-003650,protectionArea,N,FALSE_NEGATIVE
RFQ731-004399,dataInterface,MT,FALSE_NEGATIVE
RFQ731-002560,certification,MN,FALSE_NEGATIVE
RFQ731-000088,steamApplication,H,FALSE_NEGATIVE
RFQ731-003644,temperaturEingaenge,TT2,FALSE_NEGATIVE
RFQ731-000274,certification,MN,FALSE_NEGATIVE
RFQ731-001770,explosionApproval,A,FALSE_NEGATIVE
RFQ731-002567,certification,MN,FALSE_NEGATIVE
RFQ731-001509,certification,MN,FALSE_NEGATIVE
RFQ731-000064,dataInterface,MR,FALSE_NEGATIVE
RFQ731-001145,waveInjector,FWI,FALSE_NEGATIVE
RFQ731-000537,dataInterface,PA,FALSE_NEGATIVE
RFQ731-000813,binaerDigitalOpenColl_MN,MN4,FALSE_NEGATIVE
RFQ731-003670,dataInterface,HS,FALSE_NEGATIVE
RFQ731-002932,devCategory,H,FALSE_NEGATIVE
RFQ731-003632,steamApplication,N,FALSE_NEGATIVE
RFQ731-001470,protectionArea,N,FALSE_NEGATIVE
RFQ731-000447,dataInterface,HS,FALSE_NEGATIVE
RFQ731-003855,waveInjector,FWI,FALSE_NEGATIVE
RFQ731-002998,dataInterface,HS,FALSE_NEGATIVE
RFQ731-000712,steamApplication,N,FALSE_NEGATIVE
RFQ731-001373,dataInterface,PA,FALSE_NEGATIVE
RFQ731-000953,certification,MN,FALSE_NEGATIVE
RFQ731-004641,waveInjector,FWI,FALSE_NEGATIVE
RFQ731-002684,steamApplication,H,FALSE_NEGATIVE
RFQ731-002451,steamApplication,H,FALSE_NEGATIVE
RFQ731-003541,dataInterface,NN,FALSE_NEGATIVE
RFQ731-001536,certification,MN,FALSE_NEGATIVE
RFQ731-000828,explosionApproval,K,FALSE_NEGATIVE
RFQ731-001498,temperaturEingaenge,TT1,FALSE_NEGATIVE
RFQ731-001359,certification,MN,FALSE_NEGATIVE
RFQ731-003689,steamApplication,H,FALSE_NEGATIVE
RFQ731-000893,steamApplication,H,FALSE_NEGATIVE
RFQ731-003539,characteristic,TE,FALSE_NEGATIVE
RFQ731-004068,dataInterface,HS,FALSE_NEGATIVE
RFQ731-003459,certification,MN,FALSE_NEGATIVE
RFQ731-003925,steamApplication,N,FALSE_NEGATIVE
RFQ731-004521,dataInterface,PA,FALSE_NEGATIVE
RFQ731-003186,protectionArea,N,FALSE_NEGATIVE
RFQ731-002487,binaerDigitalOpenColl_MN,MN4,FALSE_NEGATIVE
RFQ731-003063,dataInterface,NN,FALSE_NEGATIVE
RFQ731-001929,protectionArea,N,FALSE_NEGATIVE
RFQ731-003746,certification,MN,FALSE_NEGATIVE
RFQ731-004786,protectionArea,N,FALSE_NEGATIVE
RFQ731-002711,waveInjector,FWI,FALSE_NEGATIVE
RFQ731-000448,protectionArea,N,FALSE_NEGATIVE
RFQ731-000301,dataInterface,NN,FALSE_NEGATIVE
RFQ731-002424,certification,MN,FALSE_NEGATIVE
RFQ731-001496,certification,MN,FALSE_NEGATIVE
RFQ731-004045,dataInterface,HS,FALSE_NEGATIVE
RFQ731-000731,explosionApproval,K,FALSE_NEGATIVE
RFQ731-001247,explosionApproval,N,FALSE_NEGATIVE
RFQ731-001952,certification,MN,FALSE_NEGATIVE
RFQ731-003481,steamApplication,N,FALSE_NEGATIVE
RFQ731-002357,dataInterface,HS,FALSE_NEGATIVE
RFQ731-003521,dataInterface,HS,FALSE_NEGATIVE
RFQ731-003570,steamApplication,H,FALSE_NEGATIVE
RFQ731-001505,waveInjector,FWI,FALSE_NEGATIVE
RFQ731-002776,waveInjector,FWI,FALSE_NEGATIVE
RFQ731-004288,protectionArea,N,FALSE_NEGATIVE
RFQ731-001990,dataInterface,PA,FALSE_NEGATIVE
RFQ731-000283,steamApplication,N,FALSE_NEGATIVE
RFQ731-002347,protectionArea,N,FALSE_NEGATIVE
RFQ731-004417,dataInterface,HS,FALSE_NEGATIVE
RFQ731-003441,waveInjector,FWI,FALSE_NEGATIVE
RFQ731-000186,certification,MN,FALSE_NEGATIVE
RFQ731-004778,steamApplication,N,FALSE_NEGATIVE
RFQ731-000103,dataInterface,HS,FALSE_NEGATIVE
RFQ731-000993,dataInterface,HS,FALSE_NEGATIVE
RFQ731-001627,devCategory,S,FALSE_NEGATIVE
RFQ731-000768,binaerDigitalOpenColl_MN,MN4,FALSE_NEGATIVE
RFQ731-001527,certification,MN,FALSE_NEGATIVE
RFQ731-004388,steamApplication,N,FALSE_NEGATIVE
RFQ731-001944,certification,MN,FALSE_NEGATIVE
RFQ731-004425,explosionApproval,N,FALSE_NEGATIVE
RFQ731-001114,steamApplication,H,FALSE_NEGATIVE
RFQ731-003934,certification,MN,FALSE_NEGATIVE
RFQ731-004467,certification,MN,FALSE_NEGATIVE
RFQ731-003171,dataInterface,HS,FALSE_NEGATIVE
RFQ731-002225,explosionApproval,K,FALSE_NEGATIVE
RFQ731-001638,steamApplication,N,FALSE_NEGATIVE
RFQ731-004467,dataInterface,NN,FALSE_NEGATIVE
RFQ731-004124,dataInterface,HS,FALSE_NEGATIVE
RFQ731-004220,protectionArea,N,FALSE_NEGATIVE
RFQ731-003154,dataInterface,HS,FALSE_NEGATIVE
RFQ731-004194,dataInterface,HS,FALSE_NEGATIVE
RFQ731-004439,dataInterface,PA,FALSE_NEGATIVE
RFQ731-002390,certification,MN,FALSE_NEGATIVE
RFQ731-002179,certification,MN,FALSE_NEGATIVE
RFQ731-002959,characteristic,CA,FALSE_NEGATIVE
RFQ731-004361,dataInterface,NN,FALSE_NEGATIVE
RFQ731-000420,temperaturEingaenge,TT1,FALSE_NEGATIVE
RFQ731-000636,steamApplication,N,FALSE_NEGATIVE
RFQ731-003367,certification,MN,FALSE_NEGATIVE
RFQ731-003038,certification,MN,FALSE_NEGATIVE
RFQ731-003931,dataInterface,MT,FALSE_NEGATIVE
RFQ731-002370,temperaturEingaenge,TT1,FALSE_NEGATIVE
RFQ731-002227,dataInterface,HS,FALSE_NEGATIVE
RFQ731-004968,certification,MN,FALSE_NEGATIVE
RFQ731-002453,devCategory,H,FALSE_NEGATIVE
RFQ731-002548,steamApplication,N,FALSE_NEGATIVE
RFQ731-000078,dataInterface,MR,FALSE_NEGATIVE
RFQ731-003330,characteristic,TE,FALSE_NEGATIVE
RFQ731-001021,dataInterface,NN,FALSE_NEGATIVE
RFQ731-000369,dataInterface,HS,FALSE_NEGATIVE
RFQ731-002049,dataInterface,NN,FALSE_NEGATIVE
RFQ731-002586,steamApplication,H,FALSE_NEGATIVE
RFQ731-004006,certification,MN,FALSE_NEGATIVE
RFQ731-000354,waveInjector,FWI,FALSE_NEGATIVE
RFQ731-003985,waveInjector,FWI,FALSE_NEGATIVE
RFQ731-004275,dataInterface,PA,FALSE_NEGATIVE
RFQ731-003873,explosionApproval,N,FALSE_NEGATIVE
RFQ731-000054,characteristic,CA,FALSE_NEGATIVE
RFQ731-000768,dataInterface,HS,FALSE_NEGATIVE
RFQ731-001933,binaerDigitalOpenColl_MN,MN4,FALSE_NEGATIVE
RFQ731-001871,certification,MN,FALSE_NEGATIVE
RFQ731-002155,steamApplication,N,FALSE_NEGATIVE
RFQ731-001335,protectionArea,N,FALSE_NEGATIVE
RFQ731-001555,dataInterface,HS,FALSE_NEGATIVE
RFQ731-000518,protectionArea,N,FALSE_NEGATIVE
RFQ731-001355,dataInterface,HS,FALSE_NEGATIVE
RFQ731-000952,protectionArea,N,FALSE_NEGATIVE
RFQ731-001308,certification,MN,FALSE_NEGATIVE
RFQ731-004838,explosionApproval,N,FALSE_NEGATIVE
RFQ731-002581,steamApplication,N,FALSE_NEGATIVE
RFQ731-000051,characteristic,TE,FALSE_NEGATIVE
RFQ731-000141,protectionArea,N,FALSE_NEGATIVE
RFQ731-003283,steamApplication,N,FALSE_NEGATIVE
RFQ731-003830,certification,MN,FALSE_NEGATIVE
RFQ731-000081,steamApplication,N,FALSE_NEGATIVE
RFQ731-001895,dataInterface,HS,FALSE_NEGATIVE
RFQ731-003579,waveInjector,FWI,FALSE_NEGATIVE
RFQ731-003516,waveInjector,FWI,FALSE_NEGATIVE
RFQ731-003769,dataInterface,HS,FALSE_NEGATIVE
RFQ731-002672,explosionApproval,N,FALSE_NEGATIVE
RFQ731-004343,explosionApproval,F,FALSE_NEGATIVE
RFQ731-000311,explosionApproval,N,FALSE_NEGATIVE
RFQ731-001463,dataInterface,NN,FALSE_NEGATIVE
RFQ731-002307,explosionApproval,N,FALSE_NEGATIVE
RFQ731-002043,steamApplication,N,FALSE_NEGATIVE
RFQ731-004850,explosionApproval,A,FALSE_NEGATIVE
RFQ731-001934,steamApplication,H,FALSE_NEGATIVE
RFQ731-003964,dataInterface,PA,FALSE_NEGATIVE
RFQ731-003094,explosionApproval,N,FALSE_NEGATIVE
RFQ731-000570,protectionArea,N,FALSE_NEGATIVE
RFQ731-002398,dataInterface,NN,FALSE_NEGATIVE
RFQ731-001236,dataInterface,HS,FALSE_NEGATIVE
RFQ731-003919,steamApplication,N,FALSE_NEGATIVE
RFQ731-003226,dataInterface,HS,FALSE_NEGATIVE
RFQ731-003728,explosionApproval,N,FALSE_NEGATIVE
RFQ731-001974,dataInterface,NN,FALSE_NEGATIVE
RFQ731-000463,steamApplication,N,FALSE_NEGATIVE
RFQ731-001565,explosionApproval,N,FALSE_NEGATIVE
RFQ731-000451,dataInterface,NN,FALSE_NEGATIVE
RFQ731-003026,certification,MN,FALSE_NEGATIVE
RFQ731-000533,protectionArea,N,FALSE_NEGATIVE
RFQ731-003247,devCategory,S,FALSE_NEGATIVE
RFQ731-004060,dataInterface,HS,FALSE_NEGATIVE
RFQ731-003325,dataInterface,PA,FALSE_NEGATIVE
RFQ731-003469,characteristic,TE,FALSE_NEGATIVE
RFQ731-004751,dataInterface,HS,FALSE_NEGATIVE
RFQ731-001892,dataInterface,HS,FALSE_NEGATIVE
RFQ731-001283,protectionArea,N,FALSE_NEGATIVE
RFQ731-001076,explosionApproval,K,FALSE_NEGATIVE
RFQ731-002070,steamApplication,H,FALSE_NEGATIVE
RFQ731-003886,protectionArea,N,FALSE_NEGATIVE
RFQ731-000360,explosionApproval,N,FALSE_NEGATIVE
RFQ731-002153,certification,MN,FALSE_NEGATIVE
RFQ731-004678,steamApplication,H,FALSE_NEGATIVE
RFQ731-004955,certification,MN,FALSE_NEGATIVE
RFQ731-004382,dataInterface,HS,FALSE_NEGATIVE
RFQ731-003651,protectionArea,N,FALSE_NEGATIVE
RFQ731-002166,certification,MN,FALSE_NEGATIVE
RFQ731-000956,dataInterface,PA,FALSE_NEGATIVE
RFQ731-000102,devCategory,S,FALSE_NEGATIVE
RFQ731-001443,characteristic,TE,FALSE_NEGATIVE
RFQ731-004927,characteristic,CA,FALSE_NEGATIVE
RFQ731-000476,protectionArea,N,FALSE_NEGATIVE
RFQ731-001122,steamApplication,N,FALSE_NEGATIVE
RFQ731-001067,devCategory,S,FALSE_NEGATIVE
RFQ731-003443,protectionArea,N,FALSE_NEGATIVE
RFQ731-000059,characteristic,VG,FALSE_NEGATIVE
RFQ731-004895,steamApplication,N,FALSE_NEGATIVE
RFQ731-000791,dataInterface,NN,FALSE_NEGATIVE
RFQ731-003991,certification,MN,FALSE_NEGATIVE
RFQ731-002841,steamApplication,N,FALSE_NEGATIVE
RFQ731-003966,dataInterface,PA,FALSE_NEGATIVE
RFQ731-002894,steamApplication,H,FALSE_NEGATIVE
RFQ731-003423,protectionArea,N,FALSE_NEGATIVE
RFQ731-000351,steamApplication,N,FALSE_NEGATIVE
RFQ731-000572,dataInterface,PA,FALSE_NEGATIVE
RFQ731-004211,protectionArea,N,FALSE_NEGATIVE
RFQ731-002587,dataInterface,NN,FALSE_NEGATIVE
RFQ731-001767,waveInjector,FWI,FALSE_NEGATIVE
RFQ731-002558,dataInterface,NN,FALSE_NEGATIVE
RFQ731-001660,temperaturEingaenge,TT1,FALSE_NEGATIVE
RFQ731-000423,dataInterface,HS,FALSE_NEGATIVE
RFQ731-003144,dataInterface,HS,FALSE_NEGATIVE
RFQ731-002364,steamApplication,N,FALSE_NEGATIVE
RFQ731-000931,devCategory,S,FALSE_NEGATIVE
RFQ731-003666,dataInterface,HS,FALSE_NEGATIVE
RFQ731-003484,explosionApproval,K,FALSE_NEGATIVE
RFQ731-003058,dataInterface,HS,FALSE_NEGATIVE
RFQ731-004786,dataInterface,PA,FALSE_NEGATIVE
RFQ731-002769,characteristic,TE,FALSE_NEGATIVE
RFQ731-004990,protectionArea,N,FALSE_NEGATIVE
RFQ731-004463,explosionApproval,F,FALSE_NEGATIVE
RFQ731-001532,protectionArea,N,FALSE_NEGATIVE
RFQ731-002666,binaerDigitalOpenColl_MN,MN4,FALSE_NEGATIVE
RFQ731-002911,steamApplication,N,FALSE_NEGATIVE
RFQ731-004754,devCategory,S,FALSE_NEGATIVE
RFQ731-004215,powerSupply,4,FALSE_NEGATIVE
RFQ731-000901,certification,MN,FALSE_NEGATIVE
RFQ731-002061,devCategory,S,FALSE_NEGATIVE
RFQ731-001423,dataInterface,HS,FALSE_NEGATIVE
RFQ731-001034,waveInjector,FWI,FALSE_NEGATIVE
RFQ731-001630,waveInjector,FWI,FALSE_NEGATIVE
RFQ731-004046,waveInjector,FWI,FALSE_NEGATIVE
RFQ731-004150,waveInjector,FWI,FALSE_NEGATIVE
RFQ731-002733,dataInterface,HS,FALSE_NEGATIVE
RFQ731-003076,explosionApproval,F,FALSE_NEGATIVE
RFQ731-000711,waveInjector,FWI,FALSE_NEGATIVE
RFQ731-004194,certification,MN,FALSE_NEGATIVE
RFQ731-000664,waveInjector,FWI,FALSE_NEGATIVE
RFQ731-001596,dataInterface,HS,FALSE_NEGATIVE
RFQ731-001888,characteristic,CA,FALSE_NEGATIVE
RFQ731-004906,steamApplication,N,FALSE_NEGATIVE
RFQ731-004985,dataInterface,HS,FALSE_NEGATIVE
RFQ731-000361,dataInterface,HS,FALSE_NEGATIVE
RFQ731-004803,certification,MN,FALSE_NEGATIVE
RFQ731-001295,temperaturEingaenge,TT1,FALSE_NEGATIVE
RFQ731-004828,explosionApproval,N,FALSE_NEGATIVE
RFQ731-004224,dataInterface,HS,FALSE_NEGATIVE
RFQ731-000217,binaerOpenColl_MP,MP2,FALSE_NEGATIVE
RFQ731-003709,dataInterface,HS,FALSE_NEGATIVE
RFQ731-002059,dataInterface,HS,FALSE_NEGATIVE
RFQ731-003279,steamApplication,H,FALSE_NEGATIVE
RFQ731-003930,explosionApproval,K,FALSE_NEGATIVE
RFQ731-000678,explosionApproval,N,FALSE_NEGATIVE
RFQ731-003230,certification,MN,FALSE_NEGATIVE
RFQ731-000233,dataInterface,NN,FALSE_NEGATIVE
RFQ731-003097,explosionApproval,F,FALSE_NEGATIVE
RFQ731-002223,characteristic,CA,FALSE_NEGATIVE
RFQ731-000477,dataInterface,HS,FALSE_NEGATIVE
RFQ731-002975,explosionApproval,N,FALSE_NEGATIVE
RFQ731-004505,characteristic,TE,FALSE_NEGATIVE
RFQ731-002614,protectionArea,N,FALSE_NEGATIVE
RFQ731-002217,steamApplication,H,FALSE_NEGATIVE
RFQ731-001596,devCategory,H,FALSE_NEGATIVE
RFQ731-003432,steamApplication,N,FALSE_NEGATIVE
RFQ731-000312,protectionArea,N,FALSE_NEGATIVE
RFQ731-000723,dataInterface,NN,FALSE_NEGATIVE
RFQ731-003811,dataInterface,HS,FALSE_NEGATIVE
RFQ731-003236,certification,MN,FALSE_NEGATIVE
RFQ731-000452,explosionApproval,N,FALSE_NEGATIVE
RFQ731-004029,dataInterface,NN,FALSE_NEGATIVE
RFQ731-001994,protectionArea,N,FALSE_NEGATIVE
RFQ731-004117,certification,MN,FALSE_NEGATIVE
RFQ731-002001,explosionApproval,N,FALSE_NEGATIVE
RFQ731-004830,dataInterface,HS,FALSE_NEGATIVE
RFQ731-001595,protectionArea,N,FALSE_NEGATIVE
RFQ731-003804,certification,MN,FALSE_NEGATIVE
RFQ731-002073,steamApplication,N,FALSE_NEGATIVE
RFQ731-003163,dataInterface,HS,FALSE_NEGATIVE
RFQ731-000486,dataInterface,HS,FALSE_NEGATIVE
RFQ731-001502,protectionArea,N,FALSE_NEGATIVE
RFQ731-002666,characteristic,TE,FALSE_NEGATIVE
RFQ731-001789,explosionApproval,N,FALSE_NEGATIVE
RFQ731-004339,certification,MN,FALSE_NEGATIVE
RFQ731-004759,characteristic,CA,FALSE_NEGATIVE
RFQ731-003427,dataInterface,NN,FALSE_NEGATIVE
RFQ731-004033,dataInterface,HS,FALSE_NEGATIVE
RFQ731-004554,explosionApproval,K,FALSE_NEGATIVE
RFQ731-002817,dataInterface,HS,FALSE_NEGATIVE
RFQ731-001770,devCategory,S,FALSE_NEGATIVE
RFQ731-001292,steamApplication,H,FALSE_NEGATIVE
RFQ731-001191,protectionArea,N,FALSE_NEGATIVE
RFQ731-004485,devCategory,S,FALSE_NEGATIVE
RFQ731-002588,characteristic,PW,FALSE_NEGATIVE
RFQ731-000795,temperaturEingaenge,TT1,FALSE_NEGATIVE
RFQ731-000924,devCategory,S,FALSE_NEGATIVE
RFQ731-003461,explosionApproval,F,FALSE_NEGATIVE
RFQ731-001331,devCategory,H,FALSE_NEGATIVE
RFQ731-004619,steamApplication,N,FALSE_NEGATIVE
RFQ731-002461,certification,MN,FALSE_NEGATIVE
RFQ731-001833,dataInterface,HS,FALSE_NEGATIVE
RFQ731-004241,dataInterface,HS,FALSE_NEGATIVE
RFQ731-000499,devCategory,H,FALSE_NEGATIVE
RFQ731-003623,dataInterface,HS,FALSE_NEGATIVE
RFQ731-003602,steamApplication,H,FALSE_NEGATIVE
RFQ731-002121,dataInterface,HS,FALSE_NEGATIVE
RFQ731-001891,certification,MN,FALSE_NEGATIVE
RFQ731-002914,explosionApproval,K,FALSE_NEGATIVE
RFQ731-002498,protectionArea,N,FALSE_NEGATIVE
RFQ731-003310,waveInjector,FWI,FALSE_NEGATIVE
RFQ731-004996,explosionApproval,N,FALSE_NEGATIVE
RFQ731-002098,devCategory,H,FALSE_NEGATIVE
RFQ731-000391,steamApplication,H,FALSE_NEGATIVE
RFQ731-001247,dataInterface,HS,FALSE_NEGATIVE
RFQ731-001686,protectionArea,N,FALSE_NEGATIVE
RFQ731-004790,dataInterface,HS,FALSE_NEGATIVE
RFQ731-001143,explosionApproval,K,FALSE_NEGATIVE
RFQ731-000326,steamApplication,N,FALSE_NEGATIVE
RFQ731-004347,certification,MN,FALSE_NEGATIVE
RFQ731-001806,explosionApproval,K,FALSE_NEGATIVE
RFQ731-000212,protectionArea,N,FALSE_NEGATIVE
RFQ731-003580,explosionApproval,N,FALSE_NEGATIVE
RFQ731-001936,explosionApproval,N,FALSE_NEGATIVE
RFQ731-003612,characteristic,PW,FALSE_NEGATIVE
RFQ731-001483,protectionArea,N,FALSE_NEGATIVE
RFQ731-001019,certification,MN,FALSE_NEGATIVE
RFQ731-002650,explosionApproval,F,FALSE_NEGATIVE
RFQ731-004056,binaerOpenColl_MP,MP2,FALSE_NEGATIVE
RFQ731-001551,dataInterface,NN,FALSE_NEGATIVE
RFQ731-002554,powerSupply,4,FALSE_NEGATIVE
RFQ731-001684,certification,MN,FALSE_NEGATIVE
RFQ731-003535,protectionArea,N,FALSE_NEGATIVE
RFQ731-002280,certification,MN,FALSE_NEGATIVE
RFQ731-001558,steamApplication,H,FALSE_NEGATIVE
RFQ731-000034,dataInterface,PA,FALSE_NEGATIVE
RFQ731-004767,certification,MN,FALSE_NEGATIVE
RFQ731-002601,steamApplication,H,FALSE_NEGATIVE
RFQ731-003009,dataInterface,HS,FALSE_NEGATIVE
RFQ731-002784,dataInterface,NN,FALSE_NEGATIVE
RFQ731-000524,waveInjector,FWI,FALSE_NEGATIVE
RFQ731-004227,certification,MN,FALSE_NEGATIVE
RFQ731-002071,steamApplication,N,FALSE_NEGATIVE
RFQ731-002884,certification,MN,FALSE_NEGATIVE
RFQ731-001285,dataInterface,HS,FALSE_NEGATIVE
RFQ731-002725,dataInterface,HS,FALSE_NEGATIVE
RFQ731-002572,dataInterface,HS,FALSE_NEGATIVE
RFQ731-000894,steamApplication,H,FALSE_NEGATIVE
RFQ731-004219,steamApplication,N,FALSE_NEGATIVE
RFQ731-003790,certification,MN,FALSE_NEGATIVE
RFQ731-003146,dataInterface,HS,FALSE_NEGATIVE
RFQ731-002949,dataInterface,HS,FALSE_NEGATIVE
RFQ731-000379,protectionArea,N,FALSE_NEGATIVE
RFQ731-001352,protectionArea,N,FALSE_NEGATIVE
RFQ731-001776,protectionArea,N,FALSE_NEGATIVE
RFQ731-001425,explosionApproval,K,FALSE_NEGATIVE
RFQ731-000397,certification,MN,FALSE_NEGATIVE
RFQ731-001491,certification,MN,FALSE_NEGATIVE
RFQ731-000159,certification,MN,FALSE_NEGATIVE
RFQ731-000485,explosionApproval,K,FALSE_NEGATIVE
RFQ731-001765,dataInterface,HS,FALSE_NEGATIVE
RFQ731-004171,steamApplication,N,FALSE_NEGATIVE
RFQ731-003121,certification,MN,FALSE_NEGATIVE
RFQ731-002623,dataInterface,PA,FALSE_NEGATIVE
RFQ731-003148,explosionApproval,A,FALSE_NEGATIVE
RFQ731-001516,dataInterface,NN,FALSE_NEGATIVE
RFQ731-003989,steamApplication,N,FALSE_NEGATIVE
RFQ731-001624,devCategory,S,FALSE_NEGATIVE
RFQ731-002168,waveInjector,FWI,FALSE_NEGATIVE
RFQ731-000792,dataInterface,HS,FALSE_NEGATIVE
RFQ731-004008,protectionArea,N,FALSE_NEGATIVE
RFQ731-003793,characteristic,VG,FALSE_NEGATIVE
RFQ731-004979,dataInterface,PA,FALSE_NEGATIVE
RFQ731-003146,devCategory,H,FALSE_NEGATIVE
RFQ731-003863,certification,MN,FALSE_NEGATIVE
RFQ731-002495,certification,MN,FALSE_NEGATIVE
RFQ731-004393,steamApplication,N,FALSE_NEGATIVE
RFQ731-004035,devCategory,H,FALSE_NEGATIVE
RFQ731-001645,steamApplication,H,FALSE_NEGATIVE
RFQ731-001173,steamApplication,N,FALSE_NEGATIVE
RFQ731-001691,steamApplication,H,FALSE_NEGATIVE
RFQ731-001716,waveInjector,FWI,FALSE_NEGATIVE
RFQ731-000621,steamApplication,N,FALSE_NEGATIVE
RFQ731-000256,steamApplication,H,FALSE_NEGATIVE
RFQ731-004468,steamApplication,N,FALSE_NEGATIVE
RFQ731-003593,characteristic,CA,FALSE_NEGATIVE
RFQ731-003760,certification,MN,FALSE_NEGATIVE
RFQ731-003205,steamApplication,H,FALSE_NEGATIVE
RFQ731-003736,certification,MN,FALSE_NEGATIVE
RFQ731-003655,characteristic,PW,FALSE_NEGATIVE
RFQ731-000226,explosionApproval,K,FALSE_NEGATIVE
RFQ731-004242,steamApplication,N,FALSE_NEGATIVE
RFQ731-003492,dataInterface,HS,FALSE_NEGATIVE
RFQ731-000590,dataInterface,HS,FALSE_NEGATIVE
RFQ731-000446,certification,MN,FALSE_NEGATIVE
RFQ731-002471,explosionApproval,N,FALSE_NEGATIVE
RFQ731-004078,dataInterface,HS,FALSE_NEGATIVE
RFQ731-001661,dataInterface,HS,FALSE_NEGATIVE
RFQ731-003633,waveInjector,FWI,FALSE_NEGATIVE
RFQ731-001264,waveInjector,FWI,FALSE_NEGATIVE
RFQ731-000520,certification,MN,FALSE_NEGATIVE
RFQ731-002939,characteristic,CA,FALSE_NEGATIVE
RFQ731-000081,protectionArea,N,FALSE_NEGATIVE
RFQ731-000125,certification,MN,FALSE_NEGATIVE
RFQ731-004663,characteristic,TE,FALSE_NEGATIVE
RFQ731-003494,waveInjector,FWI,FALSE_NEGATIVE
RFQ731-000021,dataInterface,HS,FALSE_NEGATIVE
RFQ731-004404,devCategory,H,FALSE_NEGATIVE
RFQ731-002012,protectionArea,N,FALSE_NEGATIVE
RFQ731-002744,devCategory,H,FALSE_NEGATIVE
RFQ731-004342,characteristic,PW,FALSE_NEGATIVE
RFQ731-004435,steamApplication,H,FALSE_NEGATIVE
RFQ731-003963,certification,MN,FALSE_NEGATIVE
RFQ731-004034,steamApplication,H,FALSE_NEGATIVE
RFQ731-002829,dataInterface,HS,FALSE_NEGATIVE
RFQ731-001748,dataInterface,PA,FALSE_NEGATIVE
RFQ731-004007,explosionApproval,F,FALSE_NEGATIVE
RFQ731-001069,dataInterface,HS,FALSE_NEGATIVE
RFQ731-002714,explosionApproval,N,FALSE_NEGATIVE
RFQ731-002695,explosionApproval,K,FALSE_NEGATIVE
RFQ731-003659,dataInterface,MT,FALSE_NEGATIVE
RFQ731-001067,waveInjector,FWI,FALSE_NEGATIVE
RFQ731-000682,dataInterface,HS,FALSE_NEGATIVE
RFQ731-000105,steamApplication,N,FALSE_NEGATIVE
RFQ731-004067,dataInterface,HS,FALSE_NEGATIVE
RFQ731-002474,steamApplication,H,FALSE_NEGATIVE
RFQ731-000247,steamApplication,H,FALSE_NEGATIVE
RFQ731-002466,certification,MN,FALSE_NEGATIVE
RFQ731-001147,steamApplication,H,FALSE_NEGATIVE
RFQ731-001407,waveInjector,FWI,FALSE_NEGATIVE
RFQ731-000194,dataInterface,NN,FALSE_NEGATIVE
RFQ731-001384,certification,MN,FALSE_NEGATIVE
RFQ731-002701,steamApplication,H,FALSE_NEGATIVE
RFQ731-002299,protectionArea,N,FALSE_NEGATIVE
RFQ731-001140,dataInterface,HS,FALSE_NEGATIVE
RFQ731-003690,explosionApproval,N,FALSE_NEGATIVE
RFQ731-001632,explosionApproval,N,FALSE_NEGATIVE
RFQ731-001739,certification,MN,FALSE_NEGATIVE
RFQ731-001763,explosionApproval,K,FALSE_NEGATIVE
RFQ731-003912,steamApplication,N,FALSE_NEGATIVE
RFQ731-000069,dataInterface,HS,FALSE_NEGATIVE
RFQ731-002087,dataInterface,HS,FALSE_NEGATIVE
RFQ731-002732,devCategory,H,FALSE_NEGATIVE
RFQ731-000051,protectionArea,N,FALSE_NEGATIVE
RFQ731-004228,dataInterface,HS,FALSE_NEGATIVE
RFQ731-001783,explosionApproval,A,FALSE_NEGATIVE
RFQ731-001150,characteristic,PW,FALSE_NEGATIVE
RFQ731-003126,certification,MN,FALSE_NEGATIVE
RFQ731-001255,steamApplication,N,FALSE_NEGATIVE
RFQ731-000810,protectionArea,N,FALSE_NEGATIVE
RFQ731-002459,explosionApproval,N,FALSE_NEGATIVE
RFQ731-003781,characteristic,TE,FALSE_NEGATIVE
RFQ731-000629,protectionArea,N,FALSE_NEGATIVE
RFQ731-002763,dataInterface,NN,FALSE_NEGATIVE
RFQ731-002703,steamApplication,H,FALSE_NEGATIVE
RFQ731-001386,waveInjector,FWI,FALSE_NEGATIVE
RFQ731-002075,dataInterface,NN,FALSE_NEGATIVE
RFQ731-001929,dataInterface,HS,FALSE_NEGATIVE
RFQ731-002677,certification,MN,FALSE_NEGATIVE
RFQ731-000786,binaerDigitalOpenColl_MN,MN4,FALSE_NEGATIVE
RFQ731-002654,steamApplication,H,FALSE_NEGATIVE
RFQ731-001628,dataInterface,NN,FALSE_NEGATIVE
RFQ731-001296,explosionApproval,A,FALSE_NEGATIVE
RFQ731-002060,dataInterface,NN,FALSE_NEGATIVE
RFQ731-003664,dataInterface,PA,FALSE_NEGATIVE
RFQ731-003606,certification,MN,FALSE_NEGATIVE
RFQ731-003488,steamApplication,N,FALSE_NEGATIVE
RFQ731-000184,waveInjector,FWI,FALSE_NEGATIVE
RFQ731-004652,steamApplication,N,FALSE_NEGATIVE
RFQ731-004812,protectionArea,N,FALSE_NEGATIVE
RFQ731-000475,temperaturEingaenge,TT1,FALSE_NEGATIVE
RFQ731-002481,dataInterface,MT,FALSE_NEGATIVE
RFQ731-004662,protectionArea,N,FALSE_NEGATIVE
RFQ731-000921,dataInterface,NN,FALSE_NEGATIVE
RFQ731-000069,devCategory,H,FALSE_NEGATIVE
RFQ731-000916,certification,MN,FALSE_NEGATIVE
RFQ731-002347,dataInterface,HS,FALSE_NEGATIVE
RFQ731-002944,steamApplication,N,FALSE_NEGATIVE
RFQ731-003829,explosionApproval,A,FALSE_NEGATIVE
RFQ731-003801,certification,MN,FALSE_NEGATIVE
RFQ731-001850,dataInterface,NN,FALSE_NEGATIVE
RFQ731-000001,protectionArea,N,FALSE_NEGATIVE
RFQ731-004827,devCategory,S,FALSE_NEGATIVE
RFQ731-004710,explosionApproval,N,FALSE_NEGATIVE
RFQ731-000597,certification,MN,FALSE_NEGATIVE
RFQ731-002044,explosionApproval,K,FALSE_NEGATIVE
RFQ731-004044,protectionArea,N,FALSE_NEGATIVE
RFQ731-004059,protectionArea,N,FALSE_NEGATIVE
RFQ731-001085,steamApplication,H,FALSE_NEGATIVE
RFQ731-004114,steamApplication,H,FALSE_NEGATIVE
RFQ731-004140,dataInterface,HS,FALSE_NEGATIVE
RFQ731-001025,steamApplication,N,FALSE_NEGATIVE
RFQ731-000247,explosionApproval,K,FALSE_NEGATIVE
RFQ731-003106,explosionApproval,K,FALSE_NEGATIVE
RFQ731-003781,dataInterface,MT,FALSE_NEGATIVE
RFQ731-000768,temperaturEingaenge,TT1,FALSE_NEGATIVE
RFQ731-000515,binaerDigitalOpenColl_MN,MN4,FALSE_NEGATIVE
RFQ731-000967,protectionArea,N,FALSE_NEGATIVE
RFQ731-004392,explosionApproval,K,FALSE_NEGATIVE
RFQ731-001902,dataInterface,HS,FALSE_NEGATIVE
RFQ731-000715,steamApplication,N,FALSE_NEGATIVE
RFQ731-003452,protectionArea,N,FALSE_NEGATIVE
RFQ731-001443,protectionArea,N,FALSE_NEGATIVE
RFQ731-002251,temperaturEingaenge,TT1,FALSE_NEGATIVE
RFQ731-002157,explosionApproval,K,FALSE_NEGATIVE
RFQ731-000838,certification,MN,FALSE_NEGATIVE
RFQ731-002134,steamApplication,N,FALSE_NEGATIVE
RFQ731-000929,certification,MN,FALSE_NEGATIVE
RFQ731-004906,protectionArea,N,FALSE_NEGATIVE
RFQ731-004678,waveInjector,FWI,FALSE_NEGATIVE
RFQ731-000933,temperaturEingaenge,TT1,FALSE_NEGATIVE
RFQ731-004743,devCategory,S,FALSE_NEGATIVE
RFQ731-004597,certification,MN,FALSE_NEGATIVE
RFQ731-004199,dataInterface,HS,FALSE_NEGATIVE
RFQ731-001395,temperaturEingaenge,TT1,FALSE_NEGATIVE
RFQ731-000978,protectionArea,N,FALSE_NEGATIVE
RFQ731-003994,dataInterface,PA,FALSE_NEGATIVE
RFQ731-000198,certification,MN,FALSE_NEGATIVE
RFQ731-003873,certification,MN,FALSE_NEGATIVE
RFQ731-004597,dataInterface,NN,FALSE_NEGATIVE
RFQ731-004600,steamApplication,N,FALSE_NEGATIVE
RFQ731-003464,protectionArea,N,FALSE_NEGATIVE
RFQ731-000506,dataInterface,HS,FALSE_NEGATIVE
RFQ731-003159,steamApplication,N,FALSE_NEGATIVE
RFQ731-001226,steamApplication,H,FALSE_NEGATIVE
RFQ731-004555,explosionApproval,N,FALSE_NEGATIVE
RFQ731-000679,explosionApproval,F,FALSE_NEGATIVE
RFQ731-000560,dataInterface,NN,FALSE_NEGATIVE
RFQ731-004217,characteristic,VG,FALSE_NEGATIVE
RFQ731-003493,dataInterface,NN,FALSE_NEGATIVE
RFQ731-004086,protectionArea,N,FALSE_NEGATIVE
RFQ731-002688,protectionArea,N,FALSE_NEGATIVE
RFQ731-002765,steamApplication,H,FALSE_NEGATIVE
RFQ731-004310,explosionApproval,F,FALSE_NEGATIVE
RFQ731-004814,characteristic,VG,FALSE_NEGATIVE
RFQ731-001518,temperaturEingaenge,TT1,FALSE_NEGATIVE
RFQ731-004755,dataInterface,HS,FALSE_NEGATIVE
RFQ731-000911,certification,MN,FALSE_NEGATIVE
RFQ731-000223,explosionApproval,N,FALSE_NEGATIVE
RFQ731-000307,explosionApproval,N,FALSE_NEGATIVE
RFQ731-001989,powerSupply,4,FALSE_NEGATIVE
RFQ731-002620,steamApplication,H,FALSE_NEGATIVE
RFQ731-002328,certification,MN,FALSE_NEGATIVE
RFQ731-003275,dataInterface,PA,FALSE_NEGATIVE
RFQ731-002419,explosionApproval,K,FALSE_NEGATIVE
RFQ731-002079,certification,MN,FALSE_NEGATIVE
RFQ731-002844,waveInjector,FWI,FALSE_NEGATIVE
RFQ731-000093,dataInterface,HS,FALSE_NEGATIVE
RFQ731-002653,steamApplication,H,FALSE_NEGATIVE
RFQ731-002807,protectionArea,N,FALSE_NEGATIVE
RFQ731-004559,certification,MN,FALSE_NEGATIVE
RFQ731-004729,certification,MN,FALSE_NEGATIVE
RFQ731-003678,steamApplication,H,FALSE_NEGATIVE
RFQ731-004892,certification,MN,FALSE_NEGATIVE
RFQ731-004596,waveInjector,FWI,FALSE_NEGATIVE
RFQ731-003396,steamApplication,H,FALSE_NEGATIVE
RFQ731-000866,dataInterface,HS,FALSE_NEGATIVE
RFQ731-003039,steamApplication,H,FALSE_NEGATIVE
RFQ731-002356,waveInjector,FWI,FALSE_NEGATIVE
RFQ731-002954,dataInterface,HS,FALSE_NEGATIVE
RFQ731-001961,temperaturEingaenge,TT1,FALSE_NEGATIVE
RFQ731-003151,explosionApproval,F,FALSE_NEGATIVE
RFQ731-003775,waveInjector,FWI,FALSE_NEGATIVE
RFQ731-003985,explosionApproval,K,FALSE_NEGATIVE
RFQ731-004324,devCategory,S,FALSE_NEGATIVE
RFQ731-001554,certification,MN,FALSE_NEGATIVE
RFQ731-002314,steamApplication,N,FALSE_NEGATIVE
RFQ731-001460,protectionArea,N,FALSE_NEGATIVE
RFQ731-001935,protectionArea,N,FALSE_NEGATIVE
RFQ731-004963,dataInterface,MT,FALSE_NEGATIVE
RFQ731-003317,temperaturEingaenge,TT1,FALSE_NEGATIVE
RFQ731-003061,explosionApproval,A,FALSE_NEGATIVE
RFQ731-000092,certification,MN,FALSE_NEGATIVE
RFQ731-001570,devCategory,S,FALSE_NEGATIVE
RFQ731-004792,steamApplication,H,FALSE_NEGATIVE
RFQ731-003412,dataInterface,HS,FALSE_NEGATIVE
RFQ731-000829,dataInterface,HS,FALSE_NEGATIVE
RFQ731-003959,explosionApproval,A,FALSE_NEGATIVE
RFQ731-000774,certification,MN,FALSE_NEGATIVE
RFQ731-004613,certification,MN,FALSE_NEGATIVE
RFQ731-001976,dataInterface,MT,FALSE_NEGATIVE
RFQ731-003032,explosionApproval,F,FALSE_NEGATIVE
RFQ731-004728,explosionApproval,N,FALSE_NEGATIVE
RFQ731-003344,protectionArea,N,FALSE_NEGATIVE
RFQ731-000027,dataInterface,NN,FALSE_NEGATIVE
RFQ731-001794,characteristic,PW,FALSE_NEGATIVE
RFQ731-004534,dataInterface,HS,FALSE_NEGATIVE
RFQ731-003895,steamApplication,N,FALSE_NEGATIVE
RFQ731-002011,dataInterface,NN,FALSE_NEGATIVE
RFQ731-000134,certification,MN,FALSE_NEGATIVE
RFQ731-000793,dataInterface,PA,FALSE_NEGATIVE
RFQ731-004619,protectionArea,N,FALSE_NEGATIVE
RFQ731-003212,protectionArea,N,FALSE_NEGATIVE
RFQ731-002304,waveInjector,FWI,FALSE_NEGATIVE
RFQ731-004576,explosionApproval,F,FALSE_NEGATIVE
RFQ731-000840,protectionArea,N,FALSE_NEGATIVE
RFQ731-001939,dataInterface,MR,FALSE_NEGATIVE
RFQ731-004476,explosionApproval,K,FALSE_NEGATIVE
RFQ731-001660,dataInterface,HS,FALSE_NEGATIVE
RFQ731-003527,explosionApproval,K,FALSE_NEGATIVE
RFQ731-000472,explosionApproval,K,FALSE_NEGATIVE
RFQ731-002488,binaerOpenColl_MP,MP2,FALSE_NEGATIVE
RFQ731-003120,dataInterface,HS,FALSE_NEGATIVE
RFQ731-001437,dataInterface,HS,FALSE_NEGATIVE
RFQ731-004541,certification,MN,FALSE_NEGATIVE
RFQ731-000591,characteristic,PW,FALSE_NEGATIVE
RFQ731-001504,steamApplication,N,FALSE_NEGATIVE
RFQ731-002136,protectionArea,N,FALSE_NEGATIVE
RFQ731-000844,steamApplication,H,FALSE_NEGATIVE
RFQ731-000098,explosionApproval,K,FALSE_NEGATIVE
RFQ731-001290,steamApplication,N,FALSE_NEGATIVE
RFQ731-000764,protectionArea,N,FALSE_NEGATIVE
RFQ731-001740,dataInterface,HS,FALSE_NEGATIVE
RFQ731-000471,steamApplication,H,FALSE_NEGATIVE
RFQ731-000878,protectionArea,N,FALSE_NEGATIVE
RFQ731-000289,certification,MN,FALSE_NEGATIVE
RFQ731-000819,dataInterface,NN,FALSE_NEGATIVE
RFQ731-004042,devCategory,S,FALSE_NEGATIVE
RFQ731-004002,dataInterface,HS,FALSE_NEGATIVE
RFQ731-001279,steamApplication,N,FALSE_NEGATIVE
RFQ731-004471,devCategory,S,FALSE_NEGATIVE
RFQ731-004249,dataInterface,NN,FALSE_NEGATIVE
RFQ731-001887,steamApplication,N,FALSE_NEGATIVE
RFQ731-004357,steamApplication,H,FALSE_NEGATIVE
RFQ731-002159,explosionApproval,F,FALSE_NEGATIVE
RFQ731-004006,waveInjector,FWI,FALSE_NEGATIVE
RFQ731-000387,protectionArea,N,FALSE_NEGATIVE
RFQ731-004080,steamApplication,H,FALSE_NEGATIVE
RFQ731-001437,devCategory,H,FALSE_NEGATIVE
RFQ731-001545,explosionApproval,K,FALSE_NEGATIVE
RFQ731-004513,explosionApproval,F,FALSE_NEGATIVE
RFQ731-000422,waveInjector,FWI,FALSE_NEGATIVE
RFQ731-001446,dataInterface,HS,FALSE_NEGATIVE
RFQ731-002777,protectionArea,N,FALSE_NEGATIVE
RFQ731-002852,dataInterface,HS,FALSE_NEGATIVE
RFQ731-003872,characteristic,TE,FALSE_NEGATIVE
RFQ731-003101,steamApplication,N,FALSE_NEGATIVE
RFQ731-000746,steamApplication,N,FALSE_NEGATIVE
RFQ731-004279,characteristic,TE,FALSE_NEGATIVE
RFQ731-000171,dataInterface,MR,FALSE_NEGATIVE
RFQ731-002448,steamApplication,H,FALSE_NEGATIVE
RFQ731-004418,steamApplication,N,FALSE_NEGATIVE
RFQ731-001876,steamApplication,N,FALSE_NEGATIVE
RFQ731-003911,dataInterface,HS,FALSE_NEGATIVE
RFQ731-000919,characteristic,TE,FALSE_NEGATIVE
RFQ731-000133,steamApplication,N,FALSE_NEGATIVE
RFQ731-003682,steamApplication,N,FALSE_NEGATIVE
RFQ731-001205,dataInterface,MT,FALSE_NEGATIVE
RFQ731-003566,dataInterface,NN,FALSE_NEGATIVE
RFQ731-003742,explosionApproval,F,FALSE_NEGATIVE
RFQ731-004735,dataInterface,NN,FALSE_NEGATIVE
RFQ731-001647,binaerDigitalOpenColl_MN,MN4,FALSE_NEGATIVE
RFQ731-004132,steamApplication,H,FALSE_NEGATIVE
RFQ731-002689,explosionApproval,K,FALSE_NEGATIVE
RFQ731-000836,devCategory,H,FALSE_NEGATIVE
RFQ731-002334,steamApplication,N,FALSE_NEGATIVE
RFQ731-004304,steamApplication,N,FALSE_NEGATIVE
RFQ731-002379,steamApplication,H,FALSE_NEGATIVE
RFQ731-002454,characteristic,TE,FALSE_NEGATIVE
RFQ731-000907,dataInterface,PA,FALSE_NEGATIVE
RFQ731-004631,waveInjector,FWI,FALSE_NEGATIVE
RFQ731-003211,dataInterface,HS,FALSE_NEGATIVE
RFQ731-002769,dataInterface,PA,FALSE_NEGATIVE
RFQ731-000752,explosionApproval,N,FALSE_NEGATIVE
RFQ731-003510,certification,MN,FALSE_NEGATIVE
RFQ731-003868,certification,MN,FALSE_NEGATIVE
RFQ731-000714,explosionApproval,N,FALSE_NEGATIVE
RFQ731-004715,dataInterface,HS,FALSE_NEGATIVE
RFQ731-003849,dataInterface,HS,FALSE_NEGATIVE
RFQ731-002427,dataInterface,HS,FALSE_NEGATIVE
RFQ731-001014,protectionArea,N,FALSE_NEGATIVE
RFQ731-000853,certification,MN,FALSE_NEGATIVE
RFQ731-003671,dataInterface,HS,FALSE_NEGATIVE
RFQ731-000973,dataInterface,HS,FALSE_NEGATIVE
RFQ731-000663,explosionApproval,K,FALSE_NEGATIVE
RFQ731-000161,dataInterface,HS,FALSE_NEGATIVE
RFQ731-001439,dataInterface,HS,FALSE_NEGATIVE
RFQ731-004166,characteristic,PW,FALSE_NEGATIVE
RFQ731-001810,steamApplication,H,FALSE_NEGATIVE
RFQ731-004330,devCategory,S,FALSE_NEGATIVE
RFQ731-003990,dataInterface,PA,FALSE_NEGATIVE
RFQ731-003476,dataInterface,HS,FALSE_NEGATIVE
RFQ731-004003,dataInterface,NN,FALSE_NEGATIVE
RFQ731-003815,explosionApproval,N,FALSE_NEGATIVE
RFQ731-000764,temperaturEingaenge,TT1,FALSE_NEGATIVE
RFQ731-003170,dataInterface,HS,FALSE_NEGATIVE
RFQ731-004897,certification,MN,FALSE_NEGATIVE
RFQ731-003835,dataInterface,HS,FALSE_NEGATIVE
RFQ731-000120,steamApplication,H,FALSE_NEGATIVE
RFQ731-003451,steamApplication,N,FALSE_NEGATIVE
RFQ731-002733,explosionApproval,N,FALSE_NEGATIVE
RFQ731-002903,temperaturEingaenge,TT1,FALSE_NEGATIVE
RFQ731-002577,certification,MN,FALSE_NEGATIVE
RFQ731-003800,waveInjector,FWI,FALSE_NEGATIVE
RFQ731-001418,dataInterface,HS,FALSE_NEGATIVE
RFQ731-001018,protectionArea,N,FALSE_NEGATIVE
RFQ731-001202,steamApplication,N,FALSE_NEGATIVE
RFQ731-002448,explosionApproval,K,FALSE_NEGATIVE
RFQ731-003687,temperaturEingaenge,TT1,FALSE_NEGATIVE
RFQ731-004569,dataInterface,MT,FALSE_NEGATIVE
RFQ731-003307,steamApplication,N,FALSE_NEGATIVE
RFQ731-000263,steamApplication,N,FALSE_NEGATIVE
RFQ731-003857,certification,MN,FALSE_NEGATIVE
RFQ731-001550,explosionApproval,A,FALSE_NEGATIVE
RFQ731-003007,steamApplication,N,FALSE_NEGATIVE
RFQ731-000506,certification,MN,FALSE_NEGATIVE
RFQ731-004505,dataInterface,PA,FALSE_NEGATIVE
RFQ731-003662,explosionApproval,N,FALSE_NEGATIVE
RFQ731-000983,certification,MN,FALSE_NEGATIVE
RFQ731-002571,dataInterface,HS,FALSE_NEGATIVE
RFQ731-000272,certification,MN,FALSE_NEGATIVE
RFQ731-001003,dataInterface,MR,FALSE_NEGATIVE
RFQ731-002726,characteristic,TE,FALSE_NEGATIVE
RFQ731-002623,characteristic,CA,FALSE_NEGATIVE
RFQ731-000516,explosionApproval,K,FALSE_NEGATIVE
RFQ731-004195,certification,MN,FALSE_NEGATIVE
RFQ731-000721,protectionArea,N,FALSE_NEGATIVE
RFQ731-001752,protectionArea,N,FALSE_NEGATIVE
RFQ731-003268,dataInterface,NN,FALSE_NEGATIVE
RFQ731-003787,steamApplication,N,FALSE_NEGATIVE
RFQ731-000824,steamApplication,H,FALSE_NEGATIVE
RFQ731-002760,protectionArea,N,FALSE_NEGATIVE
RFQ731-001644,dataInterface,HS,FALSE_NEGATIVE
RFQ731-000670,dataInterface,MR,FALSE_NEGATIVE
RFQ731-004996,certification,MN,FALSE_NEGATIVE
RFQ731-001834,protectionArea,N,FALSE_NEGATIVE
RFQ731-004315,dataInterface,HS,FALSE_NEGATIVE
RFQ731-003605,protectionArea,N,FALSE_NEGATIVE
RFQ731-003686,explosionApproval,A,FALSE_NEGATIVE
RFQ731-003646,dataInterface,NN,FALSE_NEGATIVE
RFQ731-004293,dataInterface,NN,FALSE_NEGATIVE
RFQ731-002626,dataInterface,MR,FALSE_NEGATIVE
RFQ731-003824,characteristic,CA,FALSE_NEGATIVE
RFQ731-001546,dataInterface,HS,FALSE_NEGATIVE
RFQ731-004048,devCategory,S,FALSE_NEGATIVE
RFQ731-001789,certification,MN,FALSE_NEGATIVE
RFQ731-004299,dataInterface,NN,FALSE_NEGATIVE
RFQ731-001936,certification,MN,FALSE_NEGATIVE
RFQ731-003561,waveInjector,FWI,FALSE_NEGATIVE
RFQ731-003780,explosionApproval,N,FALSE_NEGATIVE
RFQ731-003641,dataInterface,NN,FALSE_NEGATIVE
RFQ731-003123,temperaturEingaenge,TT1,FALSE_NEGATIVE
RFQ731-003084,explosionApproval,N,FALSE_NEGATIVE
RFQ731-004075,protectionArea,N,FALSE_NEGATIVE
RFQ731-001746,dataInterface,NN,FALSE_NEGATIVE
RFQ731-003640,protectionArea,N,FALSE_NEGATIVE
RFQ731-004722,temperaturEingaenge,TT1,FALSE_NEGATIVE
RFQ731-004403,certification,MN,FALSE_NEGATIVE
RFQ731-001883,dataInterface,NN,FALSE_NEGATIVE
RFQ731-001291,stromSchaltbar,CS2,FALSE_NEGATIVE
RFQ731-004891,characteristic,TE,FALSE_NEGATIVE
RFQ731-002794,devCategory,S,FALSE_NEGATIVE
RFQ731-000553,certification,MN,FALSE_NEGATIVE
RFQ731-004364,explosionApproval,N,FALSE_NEGATIVE
RFQ731-000963,explosionApproval,A,FALSE_NEGATIVE
RFQ731-004679,dataInterface,HS,FALSE_NEGATIVE
RFQ731-003663,characteristic,TE,FALSE_NEGATIVE
RFQ731-002089,steamApplication,N,FALSE_NEGATIVE
RFQ731-002756,devCategory,S,FALSE_NEGATIVE
RFQ731-001027,characteristic,PW,FALSE_NEGATIVE
RFQ731-004256,dataInterface,HS,FALSE_NEGATIVE
RFQ731-003252,waveInjector,FWI,FALSE_NEGATIVE
RFQ731-003360,temperaturEingaenge,TT1,FALSE_NEGATIVE
RFQ731-003034,steamApplication,N,FALSE_NEGATIVE
RFQ731-004520,dataInterface,HS,FALSE_NEGATIVE
RFQ731-003412,certification,MN,FALSE_NEGATIVE
RFQ731-003963,explosionApproval,N,FALSE_NEGATIVE
RFQ731-002321,steamApplication,H,FALSE_NEGATIVE
RFQ731-002510,dataInterface,HS,FALSE_NEGATIVE
RFQ731-003395,explosionApproval,K,FALSE_NEGATIVE
RFQ731-000020,certification,MN,FALSE_NEGATIVE
RFQ731-002316,dataInterface,HS,FALSE_NEGATIVE
RFQ731-002404,steamApplication,H,FALSE_NEGATIVE
RFQ731-003394,dataInterface,HS,FALSE_NEGATIVE
RFQ731-001017,dataInterface,HS,FALSE_NEGATIVE
RFQ731-004024,dataInterface,HS,FALSE_NEGATIVE
RFQ731-001780,steamApplication,N,FALSE_NEGATIVE
RFQ731-000382,steamApplication,N,FALSE_NEGATIVE
RFQ731-004762,steamApplication,H,FALSE_NEGATIVE
RFQ731-004435,waveInjector,FWI,FALSE_NEGATIVE
RFQ731-000997,explosionApproval,A,FALSE_NEGATIVE
RFQ731-001712,certification,MN,FALSE_NEGATIVE
RFQ731-000024,steamApplication,N,FALSE_NEGATIVE
RFQ731-001820,protectionArea,N,FALSE_NEGATIVE
RFQ731-001161,certification,MN,FALSE_NEGATIVE
RFQ731-001833,explosionApproval,N,FALSE_NEGATIVE
RFQ731-002789,devCategory,S,FALSE_NEGATIVE
RFQ731-002466,explosionApproval,N,FALSE_NEGATIVE
RFQ731-002937,certification,MN,FALSE_NEGATIVE
RFQ731-003118,dataInterface,MT,FALSE_NEGATIVE
RFQ731-002693,characteristic,PW,FALSE_NEGATIVE
RFQ731-000153,certification,MN,FALSE_NEGATIVE
RFQ731-004485,explosionApproval,A,FALSE_NEGATIVE
RFQ731-000241,protectionArea,N,FALSE_NEGATIVE
RFQ731-004372,certification,MN,FALSE_NEGATIVE
RFQ731-001449,dataInterface,HS,FALSE_NEGATIVE
RFQ731-003388,waveInjector,FWI,FALSE_NEGATIVE
RFQ731-002025,protectionArea,N,FALSE_NEGATIVE
RFQ731-001098,steamApplication,N,FALSE_NEGATIVE
RFQ731-000199,dataInterface,NN,FALSE_NEGATIVE
RFQ731-004024,devCategory,H,FALSE_NEGATIVE
RFQ731-004959,explosionApproval,F,FALSE_NEGATIVE
RFQ731-000635,steamApplication,N,FALSE_NEGATIVE
RFQ731-000809,binaerDigitalOpenColl_MN,MN4,FALSE_NEGATIVE
RFQ731-000433,dataInterface,NN,FALSE_NEGATIVE
RFQ731-000209,dataInterface,NN,FALSE_NEGATIVE
RFQ731-002046,steamApplication,N,FALSE_NEGATIVE
RFQ731-001370,dataInterface,HS,FALSE_NEGATIVE
RFQ731-003074,steamApplication,N,FALSE_NEGATIVE
RFQ731-001094,steamApplication,H,FALSE_NEGATIVE
RFQ731-001006,characteristic,TE,FALSE_NEGATIVE
RFQ731-002060,explosionApproval,N,FALSE_NEGATIVE
RFQ731-000175,temperaturEingaenge,TT1,FALSE_NEGATIVE
RFQ731-003683,protectionArea,N,FALSE_NEGATIVE
RFQ731-000427,protectionArea,N,FALSE_NEGATIVE
RFQ731-003966,protectionArea,N,FALSE_NEGATIVE
RFQ731-001390,binaerOpenColl_MP,MP2,FALSE_NEGATIVE
RFQ731-004038,binaerDigitalOpenColl_MN,MN4,FALSE_NEGATIVE
RFQ731-000164,dataInterface,HS,FALSE_NEGATIVE
RFQ731-000807,explosionApproval,F,FALSE_NEGATIVE
RFQ731-002109,devCategory,H,FALSE_NEGATIVE
RFQ731-003403,protectionArea,N,FALSE_NEGATIVE
RFQ731-004011,temperaturEingaenge,TT1,FALSE_NEGATIVE
RFQ731-003597,devCategory,S,FALSE_NEGATIVE
RFQ731-001036,devCategory,H,FALSE_NEGATIVE
RFQ731-001614,protectionArea,N,FALSE_NEGATIVE
RFQ731-003179,certification,MN,FALSE_NEGATIVE
RFQ731-003003,steamApplication,H,FALSE_NEGATIVE
RFQ731-001593,dataInterface,MT,FALSE_NEGATIVE
RFQ731-004225,waveInjector,FWI,FALSE_NEGATIVE
RFQ731-004970,explosionApproval,K,FALSE_NEGATIVE
RFQ731-001084,waveInjector,FWI,FALSE_NEGATIVE
RFQ731-001535,explosionApproval,F,FALSE_NEGATIVE
RFQ731-004321,certification,MN,FALSE_NEGATIVE
RFQ731-000210,dataInterface,HS,FALSE_NEGATIVE
RFQ731-001455,steamApplication,H,FALSE_NEGATIVE
RFQ731-000917,steamApplication,H,FALSE_NEGATIVE
RFQ731-001115,characteristic,TE,FALSE_NEGATIVE
RFQ731-001552,certification,MN,FALSE_NEGATIVE
RFQ731-004648,steamApplication,H,FALSE_NEGATIVE
RFQ731-003576,dataInterface,HS,FALSE_NEGATIVE
RFQ731-000135,certification,MN,FALSE_NEGATIVE
RFQ731-001108,steamApplication,N,FALSE_NEGATIVE
RFQ731-003701,binaerDigitalOpenColl_MN,MN4,FALSE_NEGATIVE
RFQ731-000783,dataInterface,NN,FALSE_NEGATIVE
RFQ731-002849,stromSchaltbar,CS2,FALSE_NEGATIVE
RFQ731-003244,certification,MN,FALSE_NEGATIVE
RFQ731-000179,explosionApproval,K,FALSE_NEGATIVE
RFQ731-002870,dataInterface,HS,FALSE_NEGATIVE
RFQ731-001179,dataInterface,HS,FALSE_NEGATIVE
RFQ731-003070,protectionArea,N,FALSE_NEGATIVE
RFQ731-001354,certification,MN,FALSE_NEGATIVE
RFQ731-001121,devCategory,H,FALSE_NEGATIVE
RFQ731-004531,protectionArea,N,FALSE_NEGATIVE
RFQ731-004634,steamApplication,H,FALSE_NEGATIVE
RFQ731-002044,characteristic,PW,FALSE_NEGATIVE
RFQ731-003486,steamApplication,H,FALSE_NEGATIVE
RFQ731-000183,devCategory,S,FALSE_NEGATIVE
RFQ731-002165,steamApplication,H,FALSE_NEGATIVE
RFQ731-002022,steamApplication,N,FALSE_NEGATIVE
RFQ731-001664,characteristic,PW,FALSE_NEGATIVE
RFQ731-001249,dataInterface,HS,FALSE_NEGATIVE
RFQ731-002081,certification,MN,FALSE_NEGATIVE
RFQ731-000656,steamApplication,H,FALSE_NEGATIVE
RFQ731-001623,protectionArea,N,FALSE_NEGATIVE
RFQ731-003667,waveInjector,FWI,FALSE_NEGATIVE
RFQ731-002581,dataInterface,HS,FALSE_NEGATIVE
RFQ731-003589,explosionApproval,N,FALSE_NEGATIVE
RFQ731-000114,devCategory,S,FALSE_NEGATIVE
RFQ731-002519,dataInterface,HS,FALSE_NEGATIVE
RFQ731-000655,dataInterface,HS,FALSE_NEGATIVE
RFQ731-002793,certification,MN,FALSE_NEGATIVE
RFQ731-001085,waveInjector,FWI,FALSE_NEGATIVE
RFQ731-003901,protectionArea,N,FALSE_NEGATIVE
RFQ731-004114,waveInjector,FWI,FALSE_NEGATIVE
RFQ731-004238,explosionApproval,N,FALSE_NEGATIVE
RFQ731-000929,explosionApproval,N,FALSE_NEGATIVE
RFQ731-000196,devCategory,S,FALSE_NEGATIVE
RFQ731-000736,protectionArea,N,FALSE_NEGATIVE
RFQ731-000941,certification,MN,FALSE_NEGATIVE
RFQ731-000544,dataInterface,HS,FALSE_NEGATIVE
RFQ731-002571,certification,MN,FALSE_NEGATIVE
RFQ731-002682,characteristic,PW,FALSE_NEGATIVE
RFQ731-000661,steamApplication,H,FALSE_NEGATIVE
RFQ731-001635,explosionApproval,K,FALSE_NEGATIVE
RFQ731-000667,protectionArea,N,FALSE_NEGATIVE
RFQ731-000846,certification,MN,FALSE_NEGATIVE
RFQ731-000418,characteristic,TE,FALSE_NEGATIVE
RFQ731-000549,dataInterface,HS,FALSE_NEGATIVE
RFQ731-000872,powerSupply,4,FALSE_NEGATIVE
RFQ731-001863,dataInterface,NN,FALSE_NEGATIVE
RFQ731-002684,explosionApproval,K,FALSE_NEGATIVE
RFQ731-003202,protectionArea,N,FALSE_NEGATIVE
RFQ731-001144,explosionApproval,F,FALSE_NEGATIVE
RFQ731-004429,waveInjector,FWI,FALSE_NEGATIVE
RFQ731-000036,explosionApproval,N,FALSE_NEGATIVE
RFQ731-000306,steamApplication,H,FALSE_NEGATIVE
RFQ731-001472,steamApplication,N,FALSE_NEGATIVE
RFQ731-002744,explosionApproval,N,FALSE_NEGATIVE
RFQ731-000242,devCategory,S,FALSE_NEGATIVE
RFQ731-002129,protectionArea,N,FALSE_NEGATIVE
RFQ731-004361,certification,MN,FALSE_NEGATIVE
RFQ731-000273,dataInterface,NN,FALSE_NEGATIVE
RFQ731-004590,characteristic,VG,FALSE_NEGATIVE
RFQ731-004620,protectionArea,N,FALSE_NEGATIVE
RFQ731-000216,dataInterface,HS,FALSE_NEGATIVE
RFQ731-001358,dataInterface,MT,FALSE_NEGATIVE
RFQ731-003377,protectionArea,N,FALSE_NEGATIVE
RFQ731-002115,waveInjector,FWI,FALSE_NEGATIVE
RFQ731-001395,dataInterface,HS,FALSE_NEGATIVE
RFQ731-004424,dataInterface,HS,FALSE_NEGATIVE
RFQ731-001972,explosionApproval,K,FALSE_NEGATIVE
RFQ731-002074,dataInterface,HS,FALSE_NEGATIVE
RFQ731-000061,waveInjector,FWI,FALSE_NEGATIVE
RFQ731-003300,protectionArea,N,FALSE_NEGATIVE
RFQ731-002714,certification,MN,FALSE_NEGATIVE
RFQ731-001041,dataInterface,NN,FALSE_NEGATIVE
RFQ731-001305,steamApplication,N,FALSE_NEGATIVE
RFQ731-002620,waveInjector,FWI,FALSE_NEGATIVE
RFQ731-001089,dataInterface,HS,FALSE_NEGATIVE
RFQ731-000576,protectionArea,N,FALSE_NEGATIVE
RFQ731-004444,certification,MN,FALSE_NEGATIVE
RFQ731-002049,certification,MN,FALSE_NEGATIVE
RFQ731-002660,protectionArea,N,FALSE_NEGATIVE
RFQ731-000145,certification,MN,FALSE_NEGATIVE
RFQ731-004603,protectionArea,N,FALSE_NEGATIVE
RFQ731-003956,protectionArea,N,FALSE_NEGATIVE
RFQ731-004348,characteristic,CA,FALSE_NEGATIVE
RFQ731-004356,devCategory,H,FALSE_NEGATIVE
RFQ731-003564,explosionApproval,F,FALSE_NEGATIVE
RFQ731-004783,certification,MN,FALSE_NEGATIVE
RFQ731-003396,waveInjector,FWI,FALSE_NEGATIVE
RFQ731-004736,explosionApproval,F,FALSE_NEGATIVE
RFQ731-002883,certification,MN,FALSE_NEGATIVE
RFQ731-003644,dataInterface,PA,FALSE_NEGATIVE
RFQ731-004247,protectionArea,N,FALSE_NEGATIVE
RFQ731-003920,dataInterface,PA,FALSE_NEGATIVE
RFQ731-001542,protectionArea,N,FALSE_NEGATIVE
RFQ731-003649,certification,MN,FALSE_NEGATIVE
RFQ731-001522,dataInterface,NN,FALSE_NEGATIVE
RFQ731-003239,certification,MN,FALSE_NEGATIVE
RFQ731-003327,dataInterface,HS,FALSE_NEGATIVE
RFQ731-002251,dataInterface,HS,FALSE_NEGATIVE
RFQ731-004024,certification,MN,FALSE_NEGATIVE
RFQ731-003066,dataInterface,HS,FALSE_NEGATIVE
RFQ731-001865,protectionArea,N,FALSE_NEGATIVE
RFQ731-003941,steamApplication,N,FALSE_NEGATIVE
RFQ731-004576,devCategory,H,FALSE_NEGATIVE
RFQ731-000766,dataInterface,HS,FALSE_NEGATIVE
RFQ731-000867,protectionArea,N,FALSE_NEGATIVE
RFQ731-004261,certification,MN,FALSE_NEGATIVE
RFQ731-003535,dataInterface,NN,FALSE_NEGATIVE
RFQ731-004043,dataInterface,HS,FALSE_NEGATIVE
RFQ731-003119,dataInterface,HS,FALSE_NEGATIVE
RFQ731-004488,explosionApproval,K,FALSE_NEGATIVE
RFQ731-002052,protectionArea,N,FALSE_NEGATIVE
RFQ731-003660,dataInterface,PA,FALSE_NEGATIVE
RFQ731-001436,dataInterface,HS,FALSE_NEGATIVE
RFQ731-004683,devCategory,H,FALSE_NEGATIVE
RFQ731-003333,protectionArea,N,FALSE_NEGATIVE
RFQ731-003393,explosionApproval,A,FALSE_NEGATIVE
RFQ731-001095,protectionArea,N,FALSE_NEGATIVE
RFQ731-003142,waveInjector,FWI,FALSE_NEGATIVE
RFQ731-000443,protectionArea,N,FALSE_NEGATIVE
RFQ731-003152,dataInterface,HS,FALSE_NEGATIVE
RFQ731-001544,dataInterface,HS,FALSE_NEGATIVE
RFQ731-003526,protectionArea,N,FALSE_NEGATIVE
RFQ731-004003,temperaturEingaenge,TT1,FALSE_NEGATIVE
RFQ731-004768,dataInterface,NN,FALSE_NEGATIVE
RFQ731-001570,certification,MN,FALSE_NEGATIVE
RFQ731-003898,steamApplication,H,FALSE_NEGATIVE
RFQ731-000986,explosionApproval,A,FALSE_NEGATIVE
RFQ731-004616,steamApplication,H,FALSE_NEGATIVE
RFQ731-000451,certification,MN,FALSE_NEGATIVE
RFQ731-001518,dataInterface,HS,FALSE_NEGATIVE
RFQ731-003670,certification,MN,FALSE_NEGATIVE
RFQ731-000384,steamApplication,N,FALSE_NEGATIVE
RFQ731-004913,protectionArea,N,FALSE_NEGATIVE
RFQ731-003280,certification,MN,FALSE_NEGATIVE
RFQ731-004731,dataInterface,HS,FALSE_NEGATIVE
RFQ731-004471,certification,MN,FALSE_NEGATIVE
RFQ731-002297,dataInterface,MT,FALSE_NEGATIVE
RFQ731-003897,dataInterface,HS,FALSE_NEGATIVE
RFQ731-000072,protectionArea,N,FALSE_NEGATIVE
RFQ731-003066,devCategory,H,FALSE_NEGATIVE
RFQ731-000902,steamApplication,N,FALSE_NEGATIVE
RFQ731-002954,temperaturEingaenge,TT1,FALSE_NEGATIVE
RFQ731-001683,devCategory,S,FALSE_NEGATIVE
RFQ731-003176,protectionArea,N,FALSE_NEGATIVE
RFQ731-002129,temperaturEingaenge,TT1,FALSE_NEGATIVE
RFQ731-003225,dataInterface,MR,FALSE_NEGATIVE
RFQ731-001517,protectionArea,N,FALSE_NEGATIVE
RFQ731-000619,devCategory,S,FALSE_NEGATIVE
RFQ731-001436,devCategory,H,FALSE_NEGATIVE
RFQ731-001827,dataInterface,NN,FALSE_NEGATIVE
RFQ731-001017,certification,MN,FALSE_NEGATIVE
RFQ731-003411,certification,MN,FALSE_NEGATIVE
RFQ731-004291,waveInjector,FWI,FALSE_NEGATIVE
RFQ731-000820,steamApplication,H,FALSE_NEGATIVE
RFQ731-004482,characteristic,CA,FALSE_NEGATIVE
RFQ731-001248,characteristic,VG,FALSE_NEGATIVE
RFQ731-002865,certification,MN,FALSE_NEGATIVE
RFQ731-002968,protectionArea,N,FALSE_NEGATIVE
RFQ731-001659,dataInterface,HS,FALSE_NEGATIVE
RFQ731-003397,protectionArea,N,FALSE_NEGATIVE
RFQ731-000844,waveInjector,FWI,FALSE_NEGATIVE
RFQ731-004834,binaerDigitalOpenColl_MN,MN4,FALSE_NEGATIVE
RFQ731-003305,waveInjector,FWI,FALSE_NEGATIVE
RFQ731-003622,explosionApproval,F,FALSE_NEGATIVE
RFQ731-001608,certification,MN,FALSE_NEGATIVE
RFQ731-001200,devCategory,S,FALSE_NEGATIVE
RFQ731-004992,dataInterface,PA,FALSE_NEGATIVE
RFQ731-000181,devCategory,S,FALSE_NEGATIVE
RFQ731-002358,temperaturEingaenge,TT1,FALSE_NEGATIVE
RFQ731-001198,steamApplication,N,FALSE_NEGATIVE
RFQ731-001411,dataInterface,HS,FALSE_NEGATIVE
RFQ731-003255,protectionArea,N,FALSE_NEGATIVE
RFQ731-003271,steamApplication,N,FALSE_NEGATIVE
RFQ731-004498,devCategory,H,FALSE_NEGATIVE
RFQ731-004791,protectionArea,N,FALSE_NEGATIVE
RFQ731-001192,dataInterface,HS,FALSE_NEGATIVE
RFQ731-004268,protectionArea,N,FALSE_NEGATIVE
RFQ731-000845,binaerDigitalOpenColl_MN,MN4,FALSE_NEGATIVE
RFQ731-003358,waveInjector,FWI,FALSE_NEGATIVE
RFQ731-000898,dataInterface,PA,FALSE_NEGATIVE
RFQ731-004948,steamApplication,H,FALSE_NEGATIVE
RFQ731-003864,dataInterface,HS,FALSE_NEGATIVE
RFQ731-000375,devCategory,H,FALSE_NEGATIVE
RFQ731-003668,dataInterface,HS,FALSE_NEGATIVE
RFQ731-000545,protectionArea,N,FALSE_NEGATIVE
RFQ731-001523,dataInterface,MT,FALSE_NEGATIVE
RFQ731-004410,steamApplication,H,FALSE_NEGATIVE
RFQ731-004362,certification,MN,FALSE_NEGATIVE
RFQ731-001332,waveInjector,FWI,FALSE_NEGATIVE
RFQ731-002558,certification,MN,FALSE_NEGATIVE
RFQ731-002273,steamApplication,H,FALSE_NEGATIVE
RFQ731-001105,dataInterface,HS,FALSE_NEGATIVE
RFQ731-003587,steamApplication,N,FALSE_NEGATIVE
RFQ731-004894,dataInterface,HS,FALSE_NEGATIVE
RFQ731-002923,steamApplication,N,FALSE_NEGATIVE
RFQ731-003741,protectionArea,N,FALSE_NEGATIVE
RFQ731-002015,binaerOpenColl_MP,MP2,FALSE_NEGATIVE
RFQ731-004589,steamApplication,H,FALSE_NEGATIVE
RFQ731-003998,dataInterface,PA,FALSE_NEGATIVE
RFQ731-002779,dataInterface,NN,FALSE_NEGATIVE
RFQ731-003197,steamApplication,H,FALSE_NEGATIVE
RFQ731-001926,dataInterface,HS,FALSE_NEGATIVE
RFQ731-002389,characteristic,TE,FALSE_NEGATIVE
RFQ731-001116,devCategory,H,FALSE_NEGATIVE
RFQ731-003601,protectionArea,N,FALSE_NEGATIVE
RFQ731-001261,explosionApproval,K,FALSE_NEGATIVE
RFQ731-000433,temperaturEingaenge,TT1,FALSE_NEGATIVE
RFQ731-001243,protectionArea,N,FALSE_NEGATIVE
RFQ731-001885,dataInterface,HS,FALSE_NEGATIVE
RFQ731-001740,temperaturEingaenge,TT1,FALSE_NEGATIVE
RFQ731-004411,dataInterface,HS,FALSE_NEGATIVE
RFQ731-002544,dataInterface,NN,FALSE_NEGATIVE
RFQ731-001493,temperaturEingaenge,TT1,FALSE_NEGATIVE
RFQ731-000562,dataInterface,NN,FALSE_NEGATIVE
RFQ731-004134,dataInterface,NN,FALSE_NEGATIVE
RFQ731-001263,waveInjector,FWI,FALSE_NEGATIVE
RFQ731-001333,explosionApproval,A,FALSE_NEGATIVE
RFQ731-001156,dataInterface,HS,FALSE_NEGATIVE
RFQ731-004210,dataInterface,HS,FALSE_NEGATIVE
RFQ731-004289,dataInterface,PA,FALSE_NEGATIVE
RFQ731-003861,explosionApproval,K,FALSE_NEGATIVE
RFQ731-002569,explosionApproval,A,FALSE_NEGATIVE
RFQ731-004699,protectionArea,N,FALSE_NEGATIVE
RFQ731-004353,dataInterface,HS,FALSE_NEGATIVE
RFQ731-001467,explosionApproval,N,FALSE_NEGATIVE
RFQ731-004563,devCategory,S,FALSE_NEGATIVE
RFQ731-002576,steamApplication,H,FALSE_NEGATIVE
RFQ731-000469,devCategory,H,FALSE_NEGATIVE
RFQ731-004953,waveInjector,FWI,FALSE_NEGATIVE
RFQ731-004938,protectionArea,N,FALSE_NEGATIVE
RFQ731-002051,temperaturEingaenge,TT1,FALSE_NEGATIVE
RFQ731-001762,dataInterface,NN,FALSE_NEGATIVE
RFQ731-001185,explosionApproval,K,FALSE_NEGATIVE
RFQ731-001481,certification,MN,FALSE_NEGATIVE
RFQ731-001810,waveInjector,FWI,FALSE_NEGATIVE
RFQ731-003128,dataInterface,HS,FALSE_NEGATIVE
RFQ731-000334,certification,MN,FALSE_NEGATIVE
RFQ731-002201,explosionApproval,A,FALSE_NEGATIVE
RFQ731-004583,dataInterface,NN,FALSE_NEGATIVE
RFQ731-003293,steamApplication,N,FALSE_NEGATIVE
RFQ731-000032,waveInjector,FWI,FALSE_NEGATIVE
RFQ731-002854,protectionArea,N,FALSE_NEGATIVE
RFQ731-001203,explosionApproval,F,FALSE_NEGATIVE
RFQ731-004557,dataInterface,HS,FALSE_NEGATIVE
RFQ731-003546,waveInjector,FWI,FALSE_NEGATIVE
RFQ731-000539,stromEingaenge,IS2,FALSE_NEGATIVE
RFQ731-000648,certification,MN,FALSE_NEGATIVE
RFQ731-002996,protectionArea,N,FALSE_NEGATIVE
RFQ731-003813,dataInterface,HS,FALSE_NEGATIVE
RFQ731-003577,devCategory,H,FALSE_NEGATIVE
RFQ731-000120,waveInjector,FWI,FALSE_NEGATIVE
RFQ731-002775,binaerDigitalOpenColl_MN,MN4,FALSE_NEGATIVE
RFQ731-000366,dataInterface,HS,FALSE_NEGATIVE
RFQ731-002811,protectionArea,N,FALSE_NEGATIVE
RFQ731-000040,explosionApproval,K,FALSE_NEGATIVE
RFQ731-003791,waveInjector,FWI,FALSE_NEGATIVE
RFQ731-000542,waveInjector,FWI,FALSE_NEGATIVE
RFQ731-001033,certification,MN,FALSE_NEGATIVE
RFQ731-002726,protectionArea,N,FALSE_NEGATIVE
RFQ731-003282,steamApplication,N,FALSE_NEGATIVE
RFQ731-002672,steamApplication,N,FALSE_NEGATIVE
RFQ731-004651,dataInterface,HS,FALSE_NEGATIVE
RFQ731-002782,steamApplication,N,FALSE_NEGATIVE
RFQ731-003940,steamApplication,N,FALSE_NEGATIVE
RFQ731-001134,steamApplication,H,FALSE_NEGATIVE
RFQ731-003657,temperaturEingaenge,TT1,FALSE_NEGATIVE
RFQ731-002711,protectionArea,N,FALSE_NEGATIVE
RFQ731-004254,characteristic,CA,FALSE_NEGATIVE
RFQ731-004874,dataInterface,HS,FALSE_NEGATIVE
RFQ731-004433,certification,MN,FALSE_NEGATIVE
RFQ731-001144,dataInterface,PA,FALSE_NEGATIVE
RFQ731-001929,stromSchaltbar,CS2,FALSE_NEGATIVE
RFQ731-003764,certification,MN,FALSE_NEGATIVE
RFQ731-004057,explosionApproval,A,FALSE_NEGATIVE
RFQ731-000772,devCategory,H,FALSE_NEGATIVE
RFQ731-001769,explosionApproval,N,FALSE_NEGATIVE
RFQ731-002488,dataInterface,MR,FALSE_NEGATIVE
RFQ731-000208,characteristic,PW,FALSE_NEGATIVE
RFQ731-001265,dataInterface,MT,FALSE_NEGATIVE
RFQ731-001494,explosionApproval,A,FALSE_NEGATIVE
RFQ731-000024,protectionArea,N,FALSE_NEGATIVE
RFQ731-004062,explosionApproval,F,FALSE_NEGATIVE
RFQ731-002889,characteristic,PW,FALSE_NEGATIVE
RFQ731-001655,dataInterface,HS,FALSE_NEGATIVE
RFQ731-004602,certification,MN,FALSE_NEGATIVE
RFQ731-000244,certification,MN,FALSE_NEGATIVE
RFQ731-002612,powerSupply,4,FALSE_NEGATIVE
RFQ731-001570,explosionApproval,A,FALSE_NEGATIVE
RFQ731-004027,explosionApproval,N,FALSE_NEGATIVE
RFQ731-001995,explosionApproval,N,FALSE_NEGATIVE
RFQ731-000878,characteristic,TE,FALSE_NEGATIVE
RFQ731-001505,protectionArea,N,FALSE_NEGATIVE
RFQ731-004212,steamApplication,H,FALSE_NEGATIVE
RFQ731-004363,temperaturEingaenge,TT1,FALSE_NEGATIVE
RFQ731-001089,certification,MN,FALSE_NEGATIVE
RFQ731-002298,dataInterface,NN,FALSE_NEGATIVE
RFQ731-002614,temperaturEingaenge,TT1,FALSE_NEGATIVE
RFQ731-004463,devCategory,S,FALSE_NEGATIVE
RFQ731-000244,dataInterface,NN,FALSE_NEGATIVE
RFQ731-004276,steamApplication,N,FALSE_NEGATIVE
RFQ731-002637,steamApplication,H,FALSE_NEGATIVE
RFQ731-002599,dataInterface,HS,FALSE_NEGATIVE
RFQ731-000754,steamApplication,H,FALSE_NEGATIVE
RFQ731-002830,explosionApproval,F,FALSE_NEGATIVE
RFQ731-004366,dataInterface,PA,FALSE_NEGATIVE
RFQ731-000380,dataInterface,HS,FALSE_NEGATIVE
RFQ731-001306,temperaturEingaenge,TT1,FALSE_NEGATIVE
RFQ731-002186,dataInterface,MT,FALSE_NEGATIVE
RFQ731-000291,dataInterface,PA,FALSE_NEGATIVE
RFQ731-002589,dataInterface,HS,FALSE_NEGATIVE
RFQ731-002652,dataInterface,NN,FALSE_NEGATIVE
RFQ731-004498,dataInterface,NN,FALSE_NEGATIVE
RFQ731-004751,certification,MN,FALSE_NEGATIVE
RFQ731-001299,steamApplication,H,FALSE_NEGATIVE
RFQ731-004120,protectionArea,N,FALSE_NEGATIVE
RFQ731-002341,steamApplication,N,FALSE_NEGATIVE
RFQ731-001110,dataInterface,HS,FALSE_NEGATIVE
RFQ731-000082,protectionArea,N,FALSE_NEGATIVE
RFQ731-003256,certification,MN,FALSE_NEGATIVE
RFQ731-002180,dataInterface,MR,FALSE_NEGATIVE
RFQ731-001068,devCategory,S,FALSE_NEGATIVE
RFQ731-004508,explosionApproval,N,FALSE_NEGATIVE
RFQ731-001047,steamApplication,H,FALSE_NEGATIVE
RFQ731-002485,steamApplication,H,FALSE_NEGATIVE
RFQ731-004180,waveInjector,FWI,FALSE_NEGATIVE
RFQ731-001659,certification,MN,FALSE_NEGATIVE
RFQ731-004851,protectionArea,N,FALSE_NEGATIVE
RFQ731-004666,temperaturEingaenge,TT1,FALSE_NEGATIVE
RFQ731-004579,devCategory,S,FALSE_NEGATIVE
RFQ731-002063,protectionArea,N,FALSE_NEGATIVE
RFQ731-004004,waveInjector,FWI,FALSE_NEGATIVE
RFQ731-002192,certification,MN,FALSE_NEGATIVE
RFQ731-001512,steamApplication,H,FALSE_NEGATIVE
RFQ731-000031,dataInterface,NN,FALSE_NEGATIVE
RFQ731-000925,steamApplication,H,FALSE_NEGATIVE
RFQ731-001745,steamApplication,N,FALSE_NEGATIVE
RFQ731-002580,protectionArea,N,FALSE_NEGATIVE
RFQ731-003809,certification,MN,FALSE_NEGATIVE
RFQ731-001411,certification,MN,FALSE_NEGATIVE
RFQ731-000880,steamApplication,N,FALSE_NEGATIVE
RFQ731-000091,steamApplication,N,FALSE_NEGATIVE
RFQ731-002937,explosionApproval,N,FALSE_NEGATIVE
RFQ731-000223,steamApplication,H,FALSE_NEGATIVE
RFQ731-000148,dataInterface,NN,FALSE_NEGATIVE
RFQ731-004146,dataInterface,PA,FALSE_NEGATIVE
RFQ731-001091,devCategory,H,FALSE_NEGATIVE
RFQ731-002008,explosionApproval,F,FALSE_NEGATIVE
RFQ731-000494,dataInterface,HS,FALSE_NEGATIVE
RFQ731-004473,steamApplication,H,FALSE_NEGATIVE
RFQ731-002212,waveInjector,FWI,FALSE_NEGATIVE
RFQ731-000742,protectionArea,N,FALSE_NEGATIVE
RFQ731-000513,steamApplication,N,FALSE_NEGATIVE
RFQ731-000498,dataInterface,MR,FALSE_NEGATIVE
RFQ731-003144,certification,MN,FALSE_NEGATIVE
RFQ731-002771,dataInterface,HS,FALSE_NEGATIVE
RFQ731-000965,dataInterface,NN,FALSE_NEGATIVE
RFQ731-003043,explosionApproval,F,FALSE_NEGATIVE
RFQ731-003058,certification,MN,FALSE_NEGATIVE
RFQ731-003246,steamApplication,N,FALSE_NEGATIVE
RFQ731-003803,waveInjector,FWI,FALSE_NEGATIVE
RFQ731-002268,certification,MN,FALSE_NEGATIVE
RFQ731-003800,steamApplication,H,FALSE_NEGATIVE
RFQ731-002528,dataInterface,MR,FALSE_NEGATIVE
RFQ731-001538,steamApplication,N,FALSE_NEGATIVE
RFQ731-001371,explosionApproval,K,FALSE_NEGATIVE
RFQ731-004432,explosionApproval,A,FALSE_NEGATIVE
RFQ731-001954,powerSupply,4,FALSE_NEGATIVE
RFQ731-003812,steamApplication,N,FALSE_NEGATIVE
RFQ731-004571,dataInterface,HS,FALSE_NEGATIVE
RFQ731-003220,characteristic,PW,FALSE_NEGATIVE
RFQ731-004960,explosionApproval,K,FALSE_NEGATIVE
RFQ731-001932,dataInterface,HS,FALSE_NEGATIVE
RFQ731-001278,certification,MN,FALSE_NEGATIVE
RFQ731-000998,dataInterface,NN,FALSE_NEGATIVE
RFQ731-001054,dataInterface,MT,FALSE_NEGATIVE
RFQ731-004214,characteristic,TE,FALSE_NEGATIVE
RFQ731-004819,protectionArea,N,FALSE_NEGATIVE
RFQ731-001023,dataInterface,HS,FALSE_NEGATIVE
RFQ731-002825,protectionArea,N,FALSE_NEGATIVE
RFQ731-000227,devCategory,S,FALSE_NEGATIVE
RFQ731-003993,protectionArea,N,FALSE_NEGATIVE
RFQ731-001808,binaerDigitalOpenColl_MN,MN4,FALSE_NEGATIVE
RFQ731-002301,protectionArea,N,FALSE_NEGATIVE
RFQ731-000420,waveInjector,FWI,FALSE_NEGATIVE
RFQ731-004692,dataInterface,HS,FALSE_NEGATIVE
RFQ731-004248,dataInterface,HS,FALSE_NEGATIVE
RFQ731-001424,explosionApproval,F,FALSE_NEGATIVE
RFQ731-003820,explosionApproval,K,FALSE_NEGATIVE
RFQ731-004760,protectionArea,N,FALSE_NEGATIVE
RFQ731-001142,protectionArea,N,FALSE_NEGATIVE
RFQ731-004591,devCategory,H,FALSE_NEGATIVE
RFQ731-004290,characteristic,PW,FALSE_NEGATIVE
RFQ731-002352,protectionArea,N,FALSE_NEGATIVE
RFQ731-001773,dataInterface,HS,FALSE_NEGATIVE
RFQ731-003701,explosionApproval,F,FALSE_NEGATIVE
RFQ731-004811,dataInterface,HS,FALSE_NEGATIVE
RFQ731-002031,protectionArea,N,FALSE_NEGATIVE
RFQ731-002094,waveInjector,FWI,FALSE_NEGATIVE
RFQ731-004741,waveInjector,FWI,FALSE_NEGATIVE
RFQ731-004880,explosionApproval,N,FALSE_NEGATIVE
RFQ731-000812,explosionApproval,N,FALSE_NEGATIVE
RFQ731-000981,explosionApproval,K,FALSE_NEGATIVE
RFQ731-000074,dataInterface,HS,FALSE_NEGATIVE
RFQ731-002271,dataInterface,HS,FALSE_NEGATIVE
RFQ731-000935,certification,MN,FALSE_NEGATIVE
RFQ731-002962,steamApplication,H,FALSE_NEGATIVE
RFQ731-003061,certification,MN,FALSE_NEGATIVE
RFQ731-000775,certification,MN,FALSE_NEGATIVE
RFQ731-004517,explosionApproval,F,FALSE_NEGATIVE
RFQ731-002686,waveInjector,FWI,FALSE_NEGATIVE
RFQ731-001355,steamApplication,H,FALSE_NEGATIVE
RFQ731-001305,protectionArea,N,FALSE_NEGATIVE
RFQ731-001146,certification,MN,FALSE_NEGATIVE
RFQ731-004759,temperaturEingaenge,TT1,FALSE_NEGATIVE
RFQ731-003324,characteristic,PW,FALSE_NEGATIVE
RFQ731-000280,dataInterface,HS,FALSE_NEGATIVE
RFQ731-004021,dataInterface,PA,FALSE_NEGATIVE
RFQ731-001449,temperaturEingaenge,TT1,FALSE_NEGATIVE
RFQ731-002330,steamApplication,N,FALSE_NEGATIVE
RFQ731-000431,protectionArea,N,FALSE_NEGATIVE
RFQ731-002213,dataInterface,HS,FALSE_NEGATIVE
RFQ731-000683,dataInterface,HS,FALSE_NEGATIVE
RFQ731-000228,steamApplication,N,FALSE_NEGATIVE
RFQ731-002575,dataInterface,MT,FALSE_NEGATIVE
RFQ731-000556,steamApplication,N,FALSE_NEGATIVE
RFQ731-003250,steamApplication,H,FALSE_NEGATIVE
RFQ731-003075,dataInterface,HS,FALSE_NEGATIVE
RFQ731-000589,steamApplication,N,FALSE_NEGATIVE
RFQ731-004794,temperaturEingaenge,TT1,FALSE_NEGATIVE
RFQ731-000418,protectionArea,N,FALSE_NEGATIVE
RFQ731-001444,temperaturEingaenge,TT1,FALSE_NEGATIVE
RFQ731-004903,devCategory,H,FALSE_NEGATIVE
RFQ731-000995,devCategory,H,FALSE_NEGATIVE
RFQ731-002242,protectionArea,N,FALSE_NEGATIVE
RFQ731-003631,certification,MN,FALSE_NEGATIVE
RFQ731-001061,dataInterface,HS,FALSE_NEGATIVE
RFQ731-003192,devCategory,H,FALSE_NEGATIVE
RFQ731-002392,characteristic,CA,FALSE_NEGATIVE
RFQ731-000499,certification,MN,FALSE_NEGATIVE
RFQ731-000340,protectionArea,N,FALSE_NEGATIVE
RFQ731-002898,steamApplication,H,FALSE_NEGATIVE
RFQ731-001553,powerSupply,4,FALSE_NEGATIVE
RFQ731-003826,explosionApproval,K,FALSE_NEGATIVE
RFQ731-003224,waveInjector,FWI,FALSE_NEGATIVE
RFQ731-002241,protectionArea,N,FALSE_NEGATIVE
RFQ731-002817,certification,MN,FALSE_NEGATIVE
RFQ731-001733,certification,MN,FALSE_NEGATIVE
RFQ731-001874,certification,MN,FALSE_NEGATIVE
RFQ731-002047,temperaturEingaenge,TT1,FALSE_NEGATIVE
RFQ731-001808,characteristic,TE,FALSE_NEGATIVE
RFQ731-001988,powerSupply,4,FALSE_NEGATIVE
RFQ731-000463,protectionArea,N,FALSE_NEGATIVE
RFQ731-001010,dataInterface,HS,FALSE_NEGATIVE
RFQ731-003727,devCategory,S,FALSE_NEGATIVE
RFQ731-004679,explosionApproval,N,FALSE_NEGATIVE
RFQ731-001203,dataInterface,PA,FALSE_NEGATIVE
RFQ731-003643,dataInterface,NN,FALSE_NEGATIVE
RFQ731-003501,dataInterface,HS,FALSE_NEGATIVE
RFQ731-004854,steamApplication,N,FALSE_NEGATIVE
RFQ731-003209,dataInterface,HS,FALSE_NEGATIVE
RFQ731-000625,dataInterface,HS,FALSE_NEGATIVE
RFQ731-001998,explosionApproval,A,FALSE_NEGATIVE
RFQ731-001833,certification,MN,FALSE_NEGATIVE
RFQ731-004241,certification,MN,FALSE_NEGATIVE
RFQ731-002980,devCategory,S,FALSE_NEGATIVE
RFQ731-002463,temperaturEingaenge,TT1,FALSE_NEGATIVE
RFQ731-001645,explosionApproval,K,FALSE_NEGATIVE
RFQ731-004446,steamApplication,N,FALSE_NEGATIVE
RFQ731-000081,temperaturEingaenge,TT1,FALSE_NEGATIVE
RFQ731-003354,dataInterface,HS,FALSE_NEGATIVE
RFQ731-002743,dataInterface,NN,FALSE_NEGATIVE
RFQ731-002053,certification,MN,FALSE_NEGATIVE
RFQ731-004244,steamApplication,N,FALSE_NEGATIVE
RFQ731-000372,steamApplication,H,FALSE_NEGATIVE
RFQ731-002257,characteristic,CA,FALSE_NEGATIVE
RFQ731-003683,dataInterface,HS,FALSE_NEGATIVE
RFQ731-004024,explosionApproval,N,FALSE_NEGATIVE
RFQ731-000780,characteristic,TE,FALSE_NEGATIVE
RFQ731-002332,dataInterface,HS,FALSE_NEGATIVE
RFQ731-003816,waveInjector,FWI,FALSE_NEGATIVE
RFQ731-003150,explosionApproval,N,FALSE_NEGATIVE
RFQ731-000612,explosionApproval,F,FALSE_NEGATIVE
RFQ731-003059,temperaturEingaenge,TT1,FALSE_NEGATIVE
RFQ731-002886,waveInjector,FWI,FALSE_NEGATIVE
RFQ731-000302,characteristic,TE,FALSE_NEGATIVE
RFQ731-003019,steamApplication,N,FALSE_NEGATIVE
RFQ731-001594,explosionApproval,N,FALSE_NEGATIVE
RFQ731-002658,dataInterface,NN,FALSE_NEGATIVE
RFQ731-003446,dataInterface,NN,FALSE_NEGATIVE
RFQ731-001759,characteristic,PW,FALSE_NEGATIVE
RFQ731-004211,stromSchaltbar,CS2,FALSE_NEGATIVE
RFQ731-003321,steamApplication,H,FALSE_NEGATIVE
RFQ731-004438,protectionArea,N,FALSE_NEGATIVE
RFQ731-000619,certification,MN,FALSE_NEGATIVE
RFQ731-001718,steamApplication,N,FALSE_NEGATIVE
RFQ731-003541,steamApplication,N,FALSE_NEGATIVE
RFQ731-003600,protectionArea,N,FALSE_NEGATIVE
RFQ731-003802,devCategory,H,FALSE_NEGATIVE
RFQ731-001397,certification,MN,FALSE_NEGATIVE
RFQ731-003818,devCategory,H,FALSE_NEGATIVE
RFQ731-001000,steamApplication,H,FALSE_NEGATIVE
RFQ731-004591,certification,MN,FALSE_NEGATIVE
RFQ731-003349,dataInterface,HS,FALSE_NEGATIVE
RFQ731-002364,protectionArea,N,FALSE_NEGATIVE
RFQ731-001681,steamApplication,H,FALSE_NEGATIVE
RFQ731-003810,dataInterface,NN,FALSE_NEGATIVE
RFQ731-001914,explosionApproval,N,FALSE_NEGATIVE
RFQ731-000675,dataInterface,HS,FALSE_NEGATIVE
RFQ731-004760,dataInterface,PA,FALSE_NEGATIVE
RFQ731-002282,certification,MN,FALSE_NEGATIVE
RFQ731-003898,waveInjector,FWI,FALSE_NEGATIVE
RFQ731-004880,stromSchaltbar,CS2,FALSE_NEGATIVE
RFQ731-001165,dataInterface,HS,FALSE_NEGATIVE
RFQ731-003088,steamApplication,N,FALSE_NEGATIVE
RFQ731-000736,dataInterface,HS,FALSE_NEGATIVE
RFQ731-004785,characteristic,PW,FALSE_NEGATIVE
RFQ731-003828,certification,MN,FALSE_NEGATIVE
RFQ731-002839,dataInterface,NN,FALSE_NEGATIVE
RFQ731-003945,certification,MN,FALSE_NEGATIVE
RFQ731-004329,protectionArea,N,FALSE_NEGATIVE
RFQ731-003146,certification,MN,FALSE_NEGATIVE
RFQ731-001508,dataInterface,HS,FALSE_NEGATIVE
RFQ731-003076,devCategory,H,FALSE_NEGATIVE
RFQ731-001430,dataInterface,NN,FALSE_NEGATIVE
RFQ731-001861,characteristic,TE,FALSE_NEGATIVE
RFQ731-002158,protectionArea,N,FALSE_NEGATIVE
RFQ731-004867,dataInterface,HS,FALSE_NEGATIVE
RFQ731-003339,steamApplication,N,FALSE_NEGATIVE
RFQ731-002407,dataInterface,MT,FALSE_NEGATIVE
RFQ731-002899,steamApplication,H,FALSE_NEGATIVE
RFQ731-003987,certification,MN,FALSE_NEGATIVE
RFQ731-003162,dataInterface,NN,FALSE_NEGATIVE
RFQ731-002724,steamApplication,H,FALSE_NEGATIVE
RFQ731-001038,dataInterface,NN,FALSE_NEGATIVE
RFQ731-001500,dataInterface,HS,FALSE_NEGATIVE
RFQ731-004515,explosionApproval,K,FALSE_NEGATIVE
RFQ731-001729,dataInterface,NN,FALSE_NEGATIVE
RFQ731-000603,devCategory,S,FALSE_NEGATIVE
RFQ731-001469,characteristic,CA,FALSE_NEGATIVE
RFQ731-000555,dataInterface,HS,FALSE_NEGATIVE
RFQ731-002357,explosionApproval,N,FALSE_NEGATIVE
RFQ731-000966,dataInterface,HS,FALSE_NEGATIVE
RFQ731-001016,steamApplication,N,FALSE_NEGATIVE
RFQ731-002649,dataInterface,NN,FALSE_NEGATIVE
RFQ731-003851,characteristic,PW,FALSE_NEGATIVE
RFQ731-000328,certification,MN,FALSE_NEGATIVE
RFQ731-002604,dataInterface,MT,FALSE_NEGATIVE
RFQ731-000995,dataInterface,NN,FALSE_NEGATIVE
RFQ731-000156,explosionApproval,N,FALSE_NEGATIVE
RFQ731-000418,dataInterface,PA,FALSE_NEGATIVE
RFQ731-002224,binaerDigitalOpenColl_MN,MN4,FALSE_NEGATIVE
RFQ731-004270,explosionApproval,N,FALSE_NEGATIVE
RFQ731-004012,characteristic,PW,FALSE_NEGATIVE
RFQ731-002744,certification,MN,FALSE_NEGATIVE
RFQ731-004005,certification,MN,FALSE_NEGATIVE
RFQ731-004337,steamApplication,H,FALSE_NEGATIVE
RFQ731-004898,steamApplication,H,FALSE_NEGATIVE
RFQ731-003750,dataInterface,HS,FALSE_NEGATIVE
RFQ731-002784,temperaturEingaenge,TT1,FALSE_NEGATIVE
RFQ731-004901,steamApplication,H,FALSE_NEGATIVE
RFQ731-004564,dataInterface,NN,FALSE_NEGATIVE
RFQ731-002386,certification,MN,FALSE_NEGATIVE
RFQ731-002846,characteristic,TE,FALSE_NEGATIVE
RFQ731-003698,devCategory,H,FALSE_NEGATIVE
RFQ731-004247,dataInterface,HS,FALSE_NEGATIVE
RFQ731-001125,dataInterface,HS,FALSE_NEGATIVE
RFQ731-002897,dataInterface,NN,FALSE_NEGATIVE
RFQ731-004389,steamApplication,N,FALSE_NEGATIVE
RFQ731-004177,waveInjector,FWI,FALSE_NEGATIVE
RFQ731-001801,dataInterface,PA,FALSE_NEGATIVE
RFQ731-002184,steamApplication,H,FALSE_NEGATIVE
RFQ731-002503,protectionArea,N,FALSE_NEGATIVE
RFQ731-000070,devCategory,H,FALSE_NEGATIVE
RFQ731-000105,dataInterface,NN,FALSE_NEGATIVE
RFQ731-000706,certification,MN,FALSE_NEGATIVE
RFQ731-001334,characteristic,TE,FALSE_NEGATIVE
RFQ731-000207,characteristic,TE,FALSE_NEGATIVE
RFQ731-002062,explosionApproval,A,FALSE_NEGATIVE
RFQ731-004831,certification,MN,FALSE_NEGATIVE
RFQ731-002173,dataInterface,HS,FALSE_NEGATIVE
RFQ731-001328,protectionArea,N,FALSE_NEGATIVE
RFQ731-004222,dataInterface,PA,FALSE_NEGATIVE
RFQ731-004905,protectionArea,N,FALSE_NEGATIVE
RFQ731-001237,dataInterface,PA,FALSE_NEGATIVE
RFQ731-001591,dataInterface,HS,FALSE_NEGATIVE
RFQ731-001856,steamApplication,N,FALSE_NEGATIVE
RFQ731-002475,dataInterface,HS,FALSE_NEGATIVE
RFQ731-001266,waveInjector,FWI,FALSE_NEGATIVE
RFQ731-000548,characteristic,VG,FALSE_NEGATIVE
RFQ731-003905,dataInterface,HS,FALSE_NEGATIVE
RFQ731-004373,devCategory,S,FALSE_NEGATIVE
RFQ731-002895,steamApplication,H,FALSE_NEGATIVE
RFQ731-002248,steamApplication,N,FALSE_NEGATIVE
RFQ731-002584,dataInterface,MT,FALSE_NEGATIVE
RFQ731-004790,steamApplication,H,FALSE_NEGATIVE
RFQ731-003687,steamApplication,H,FALSE_NEGATIVE
RFQ731-002483,characteristic,VG,FALSE_NEGATIVE
RFQ731-001000,explosionApproval,K,FALSE_NEGATIVE
RFQ731-002117,dataInterface,HS,FALSE_NEGATIVE
RFQ731-001667,certification,MN,FALSE_NEGATIVE
RFQ731-003147,explosionApproval,A,FALSE_NEGATIVE
RFQ731-000638,protectionArea,N,FALSE_NEGATIVE
RFQ731-000308,steamApplication,N,FALSE_NEGATIVE
RFQ731-000629,dataInterface,PA,FALSE_NEGATIVE
RFQ731-001961,characteristic,VG,FALSE_NEGATIVE
RFQ731-002111,steamApplication,N,FALSE_NEGATIVE
RFQ731-004618,dataInterface,HS,FALSE_NEGATIVE
RFQ731-003526,characteristic,TE,FALSE_NEGATIVE
RFQ731-003532,dataInterface,NN,FALSE_NEGATIVE
RFQ731-000673,dataInterface,NN,FALSE_NEGATIVE
RFQ731-000344,dataInterface,HS,FALSE_NEGATIVE
RFQ731-000535,certification,MN,FALSE_NEGATIVE
RFQ731-004168,devCategory,S,FALSE_NEGATIVE
RFQ731-004898,explosionApproval,K,FALSE_NEGATIVE
RFQ731-003450,protectionArea,N,FALSE_NEGATIVE
RFQ731-000229,steamApplication,N,FALSE_NEGATIVE
RFQ731-001219,dataInterface,HS,FALSE_NEGATIVE
RFQ731-004216,dataInterface,HS,FALSE_NEGATIVE
RFQ731-001492,characteristic,PW,FALSE_NEGATIVE
RFQ731-002087,certification,MN,FALSE_NEGATIVE
RFQ731-002340,steamApplication,H,FALSE_NEGATIVE
RFQ731-003100,steamApplication,N,FALSE_NEGATIVE
RFQ731-002602,characteristic,TE,FALSE_NEGATIVE
RFQ731-003119,explosionApproval,N,FALSE_NEGATIVE
RFQ731-000835,steamApplication,N,FALSE_NEGATIVE
RFQ731-004662,dataInterface,PA,FALSE_NEGATIVE
RFQ731-002021,explosionApproval,A,FALSE_NEGATIVE
RFQ731-003843,devCategory,S,FALSE_NEGATIVE
RFQ731-002598,explosionApproval,A,FALSE_NEGATIVE
RFQ731-000276,steamApplication,N,FALSE_NEGATIVE
RFQ731-004036,protectionArea,N,FALSE_NEGATIVE
RFQ731-001158,explosionApproval,K,FALSE_NEGATIVE
RFQ731-000991,dataInterface,HS,FALSE_NEGATIVE
RFQ731-003076,dataInterface,NN,FALSE_NEGATIVE
RFQ731-004278,protectionArea,N,FALSE_NEGATIVE
RFQ731-003618,dataInterface,PA,FALSE_NEGATIVE
RFQ731-000275,protectionArea,N,FALSE_NEGATIVE
RFQ731-002734,protectionArea,N,FALSE_NEGATIVE
RFQ731-001518,explosionApproval,N,FALSE_NEGATIVE
RFQ731-004722,steamApplication,H,FALSE_NEGATIVE
RFQ731-002712,dataInterface,HS,FALSE_NEGATIVE
RFQ731-002731,devCategory,S,FALSE_NEGATIVE
RFQ731-001032,protectionArea,N,FALSE_NEGATIVE
RFQ731-003684,steamApplication,N,FALSE_NEGATIVE
RFQ731-001916,explosionApproval,A,FALSE_NEGATIVE
RFQ731-000426,steamApplication,H,FALSE_NEGATIVE
RFQ731-004954,certification,MN,FALSE_NEGATIVE
RFQ731-001008,waveInjector,FWI,FALSE_NEGATIVE
RFQ731-002964,protectionArea,N,FALSE_NEGATIVE
RFQ731-002998,waveInjector,FWI,FALSE_NEGATIVE
RFQ731-002065,protectionArea,N,FALSE_NEGATIVE
RFQ731-000622,characteristic,TE,FALSE_NEGATIVE
RFQ731-004947,steamApplication,H,FALSE_NEGATIVE
RFQ731-004965,dataInterface,HS,FALSE_NEGATIVE
RFQ731-004612,dataInterface,PA,FALSE_NEGATIVE
RFQ731-000459,binaerDigitalOpenColl_MN,MN4,FALSE_NEGATIVE
RFQ731-004153,protectionArea,N,FALSE_NEGATIVE
RFQ731-004915,explosionApproval,K,FALSE_NEGATIVE
RFQ731-004799,certification,MN,FALSE_NEGATIVE
RFQ731-000841,devCategory,S,FALSE_NEGATIVE
RFQ731-001017,waveInjector,FWI,FALSE_NEGATIVE
RFQ731-002410,protectionArea,N,FALSE_NEGATIVE
RFQ731-000438,characteristic,PW,FALSE_NEGATIVE
RFQ731-004219,protectionArea,N,FALSE_NEGATIVE
RFQ731-004045,steamApplication,N,FALSE_NEGATIVE
RFQ731-004864,certification,MN,FALSE_NEGATIVE
RFQ731-002961,steamApplication,H,FALSE_NEGATIVE
RFQ731-003567,dataInterface,HS,FALSE_NEGATIVE
RFQ731-000718,dataInterface,PA,FALSE_NEGATIVE
RFQ731-004206,explosionApproval,N,FALSE_NEGATIVE
RFQ731-000398,characteristic,VG,FALSE_NEGATIVE
RFQ731-001158,devCategory,S,FALSE_NEGATIVE
RFQ731-001306,dataInterface,HS,FALSE_NEGATIVE
RFQ731-002385,explosionApproval,A,FALSE_NEGATIVE
RFQ731-004555,steamApplication,N,FALSE_NEGATIVE
RFQ731-001059,dataInterface,HS,FALSE_NEGATIVE
RFQ731-002207,dataInterface,HS,FALSE_NEGATIVE
RFQ731-002575,temperaturEingaenge,TT2,FALSE_NEGATIVE
RFQ731-001774,dataInterface,HS,FALSE_NEGATIVE
RFQ731-002862,powerSupply,4,FALSE_NEGATIVE
RFQ731-004643,steamApplication,N,FALSE_NEGATIVE
RFQ731-002592,dataInterface,NN,FALSE_NEGATIVE
RFQ731-000385,explosionApproval,K,FALSE_NEGATIVE
RFQ731-002277,temperaturEingaenge,TT1,FALSE_NEGATIVE
RFQ731-000552,steamApplication,H,FALSE_NEGATIVE
RFQ731-001230,dataInterface,NN,FALSE_NEGATIVE
RFQ731-002673,binaerDigitalOpenColl_MN,MN4,FALSE_NEGATIVE
RFQ731-002389,dataInterface,PA,FALSE_NEGATIVE
RFQ731-002223,binaerDigitalOpenColl_MN,MN4,FALSE_NEGATIVE
RFQ731-003698,dataInterface,NN,FALSE_NEGATIVE
RFQ731-004104,certification,MN,FALSE_NEGATIVE
RFQ731-001512,waveInjector,FWI,FALSE_NEGATIVE
RFQ731-003857,protectionArea,N,FALSE_NEGATIVE
RFQ731-000243,protectionArea,N,FALSE_NEGATIVE
RFQ731-000299,steamApplication,N,FALSE_NEGATIVE
RFQ731-003311,steamApplication,N,FALSE_NEGATIVE
RFQ731-003979,protectionArea,N,FALSE_NEGATIVE
RFQ731-000048,steamApplication,N,FALSE_NEGATIVE
RFQ731-003330,stromSchaltbar,CS2,FALSE_NEGATIVE
RFQ731-004755,certification,MN,FALSE_NEGATIVE
RFQ731-001673,protectionArea,N,FALSE_NEGATIVE
RFQ731-001744,protectionArea,N,FALSE_NEGATIVE
RFQ731-003044,protectionArea,N,FALSE_NEGATIVE
RFQ731-004752,steamApplication,H,FALSE_NEGATIVE
RFQ731-002812,dataInterface,HS,FALSE_NEGATIVE
RFQ731-001003,explosionApproval,A,FALSE_NEGATIVE
RFQ731-004611,dataInterface,HS,FALSE_NEGATIVE
RFQ731-000452,protectionArea,N,FALSE_NEGATIVE
RFQ731-001539,protectionArea,N,FALSE_NEGATIVE
RFQ731-004003,certification,MN,FALSE_NEGATIVE
RFQ731-001641,dataInterface,NN,FALSE_NEGATIVE
RFQ731-004473,waveInjector,FWI,FALSE_NEGATIVE
RFQ731-001460,dataInterface,PA,FALSE_NEGATIVE
RFQ731-004468,protectionArea,N,FALSE_NEGATIVE
RFQ731-004469,waveInjector,FWI,FALSE_NEGATIVE
RFQ731-003157,waveInjector,FWI,FALSE_NEGATIVE
RFQ731-000021,steamApplication,H,FALSE_NEGATIVE
RFQ731-004947,explosionApproval,K,FALSE_NEGATIVE
RFQ731-004197,dataInterface,PA,FALSE_NEGATIVE
RFQ731-004039,steamApplication,N,FALSE_NEGATIVE
RFQ731-000995,protectionArea,N,FALSE_NEGATIVE
RFQ731-004214,protectionArea,N,FALSE_NEGATIVE
RFQ731-000589,protectionArea,N,FALSE_NEGATIVE
RFQ731-002954,certification,MN,FALSE_NEGATIVE
RFQ731-003657,devCategory,H,FALSE_NEGATIVE
RFQ731-004784,steamApplication,N,FALSE_NEGATIVE
RFQ731-003158,dataInterface,HS,FALSE_NEGATIVE
RFQ731-002421,dataInterface,NN,FALSE_NEGATIVE
RFQ731-003770,dataInterface,NN,FALSE_NEGATIVE
RFQ731-004881,dataInterface,HS,FALSE_NEGATIVE
RFQ731-003245,protectionArea,N,FALSE_NEGATIVE
RFQ731-004815,dataInterface,HS,FALSE_NEGATIVE
RFQ731-002673,dataInterface,HS,FALSE_NEGATIVE
RFQ731-004341,explosionApproval,A,FALSE_NEGATIVE
RFQ731-001924,steamApplication,H,FALSE_NEGATIVE
RFQ731-003268,certification,MN,FALSE_NEGATIVE
RFQ731-002475,certification,MN,FALSE_NEGATIVE
RFQ731-003137,dataInterface,NN,FALSE_NEGATIVE
RFQ731-002940,devCategory,S,FALSE_NEGATIVE
RFQ731-003744,dataInterface,MT,FALSE_NEGATIVE
RFQ731-004113,certification,MN,FALSE_NEGATIVE
RFQ731-002394,protectionArea,N,FALSE_NEGATIVE
RFQ731-000631,steamApplication,H,FALSE_NEGATIVE
RFQ731-002630,waveInjector,FWI,FALSE_NEGATIVE
RFQ731-000008,explosionApproval,F,FALSE_NEGATIVE
RFQ731-000756,explosionApproval,F,FALSE_NEGATIVE
RFQ731-000090,devCategory,S,FALSE_NEGATIVE
RFQ731-001687,devCategory,S,FALSE_NEGATIVE
RFQ731-003193,characteristic,PW,FALSE_NEGATIVE
RFQ731-001303,certification,MN,FALSE_NEGATIVE
RFQ731-004914,dataInterface,HS,FALSE_NEGATIVE
RFQ731-001699,dataInterface,NN,FALSE_NEGATIVE
RFQ731-001975,dataInterface,HS,FALSE_NEGATIVE
RFQ731-004483,steamApplication,N,FALSE_NEGATIVE
RFQ731-002413,temperaturEingaenge,TT1,FALSE_NEGATIVE
RFQ731-001351,dataInterface,HS,FALSE_NEGATIVE
RFQ731-001389,steamApplication,H,FALSE_NEGATIVE
RFQ731-003324,binaerOpenColl_MP,MP2,FALSE_NEGATIVE
RFQ731-002739,devCategory,S,FALSE_NEGATIVE
RFQ731-001289,steamApplication,N,FALSE_NEGATIVE
RFQ731-002019,dataInterface,PA,FALSE_NEGATIVE
RFQ731-001404,steamApplication,N,FALSE_NEGATIVE
RFQ731-003948,dataInterface,HS,FALSE_NEGATIVE
RFQ731-001437,certification,MN,FALSE_NEGATIVE
RFQ731-004275,explosionApproval,K,FALSE_NEGATIVE
RFQ731-000528,dataInterface,NN,FALSE_NEGATIVE
RFQ731-003585,steamApplication,H,FALSE_NEGATIVE
RFQ731-003112,dataInterface,MT,FALSE_NEGATIVE
RFQ731-000949,characteristic,TE,FALSE_NEGATIVE
RFQ731-004845,dataInterface,NN,FALSE_NEGATIVE
RFQ731-002580,dataInterface,HS,FALSE_NEGATIVE
RFQ731-002443,dataInterface,HS,FALSE_NEGATIVE
RFQ731-003140,devCategory,H,FALSE_NEGATIVE
RFQ731-001282,dataInterface,HS,FALSE_NEGATIVE
RFQ731-001656,certification,MN,FALSE_NEGATIVE
RFQ731-001057,dataInterface,HS,FALSE_NEGATIVE
RFQ731-000924,explosionApproval,F,FALSE_NEGATIVE
RFQ731-004358,waveInjector,FWI,FALSE_NEGATIVE
RFQ731-004427,dataInterface,HS,FALSE_NEGATIVE
RFQ731-001914,dataInterface,HS,FALSE_NEGATIVE
RFQ731-000709,dataInterface,NN,FALSE_NEGATIVE
RFQ731-002382,steamApplication,N,FALSE_NEGATIVE
RFQ731-004734,steamApplication,H,FALSE_NEGATIVE
RFQ731-002035,certification,MN,FALSE_NEGATIVE
RFQ731-001788,protectionArea,N,FALSE_NEGATIVE
RFQ731-001580,explosionApproval,N,FALSE_NEGATIVE
RFQ731-001121,dataInterface,HS,FALSE_NEGATIVE
RFQ731-000657,devCategory,S,FALSE_NEGATIVE
RFQ731-002656,characteristic,VG,FALSE_NEGATIVE
RFQ731-003335,protectionArea,N,FALSE_NEGATIVE
RFQ731-004600,protectionArea,N,FALSE_NEGATIVE
RFQ731-000836,certification,MN,FALSE_NEGATIVE
RFQ731-002898,waveInjector,FWI,FALSE_NEGATIVE
RFQ731-003030,explosionApproval,N,FALSE_NEGATIVE
RFQ731-004296,protectionArea,N,FALSE_NEGATIVE
RFQ731-000989,dataInterface,MT,FALSE_NEGATIVE
RFQ731-001896,binaerOpenColl_MP,MP2,FALSE_NEGATIVE
RFQ731-000668,binaerDigitalOpenColl_MN,MN4,FALSE_NEGATIVE
RFQ731-001938,dataInterface,HS,FALSE_NEGATIVE
RFQ731-000219,characteristic,TE,FALSE_NEGATIVE
RFQ731-001978,dataInterface,HS,FALSE_NEGATIVE
RFQ731-003934,protectionArea,N,FALSE_NEGATIVE
RFQ731-001593,characteristic,TE,FALSE_NEGATIVE
RFQ731-004456,dataInterface,HS,FALSE_NEGATIVE
RFQ731-000180,steamApplication,N,FALSE_NEGATIVE
RFQ731-001675,protectionArea,N,FALSE_NEGATIVE
RFQ731-002187,steamApplication,H,FALSE_NEGATIVE
RFQ731-001281,steamApplication,N,FALSE_NEGATIVE
RFQ731-003757,steamApplication,N,FALSE_NEGATIVE
RFQ731-002780,temperaturEingaenge,TT1,FALSE_NEGATIVE
RFQ731-003784,dataInterface,HS,FALSE_NEGATIVE
RFQ731-003888,dataInterface,MT,FALSE_NEGATIVE
RFQ731-002424,protectionArea,N,FALSE_NEGATIVE
RFQ731-004678,protectionArea,N,FALSE_NEGATIVE
RFQ731-000470,devCategory,H,FALSE_NEGATIVE
RFQ731-002164,dataInterface,HS,FALSE_NEGATIVE
RFQ731-003311,dataInterface,NN,FALSE_NEGATIVE
RFQ731-003285,characteristic,CA,FALSE_NEGATIVE
RFQ731-003894,protectionArea,N,FALSE_NEGATIVE
RFQ731-004160,binaerDigitalOpenColl_MN,MN4,FALSE_NEGATIVE
RFQ731-002003,dataInterface,HS,FALSE_NEGATIVE
RFQ731-002286,characteristic,CA,FALSE_NEGATIVE
RFQ731-004774,waveInjector,FWI,FALSE_NEGATIVE
RFQ731-004307,dataInterface,HS,FALSE_NEGATIVE
RFQ731-003180,dataInterface,NN,FALSE_NEGATIVE
RFQ731-003952,dataInterface,HS,FALSE_NEGATIVE
RFQ731-000574,dataInterface,PA,FALSE_NEGATIVE
RFQ731-001479,steamApplication,H,FALSE_NEGATIVE
RFQ731-003014,explosionApproval,K,FALSE_NEGATIVE
RFQ731-002407,protectionArea,N,FALSE_NEGATIVE
RFQ731-004794,dataInterface,HS,FALSE_NEGATIVE
RFQ731-002333,explosionApproval,N,FALSE_NEGATIVE
RFQ731-002314,protectionArea,N,FALSE_NEGATIVE
RFQ731-004383,devCategory,H,FALSE_NEGATIVE
RFQ731-000817,devCategory,H,FALSE_NEGATIVE
RFQ731-004057,waveInjector,FWI,FALSE_NEGATIVE
RFQ731-002452,dataInterface,MT,FALSE_NEGATIVE
RFQ731-004529,certification,MN,FALSE_NEGATIVE
RFQ731-001830,dataInterface,HS,FALSE_NEGATIVE
RFQ731-000197,explosionApproval,K,FALSE_NEGATIVE
RFQ731-004708,characteristic,TE,FALSE_NEGATIVE
RFQ731-002607,explosionApproval,A,FALSE_NEGATIVE
RFQ731-002160,dataInterface,HS,FALSE_NEGATIVE
RFQ731-001624,powerSupply,4,FALSE_NEGATIVE
RFQ731-004610,steamApplication,H,FALSE_NEGATIVE
RFQ731-002318,steamApplication,N,FALSE_NEGATIVE
RFQ731-002212,explosionApproval,K,FALSE_NEGATIVE
RFQ731-001557,dataInterface,HS,FALSE_NEGATIVE
RFQ731-001982,dataInterface,HS,FALSE_NEGATIVE
RFQ731-002440,characteristic,PW,FALSE_NEGATIVE
RFQ731-003473,explosionApproval,K,FALSE_NEGATIVE
RFQ731-000593,steamApplication,N,FALSE_NEGATIVE
RFQ731-001243,dataInterface,NN,FALSE_NEGATIVE
RFQ731-001690,explosionApproval,N,FALSE_NEGATIVE
RFQ731-003170,certification,MN,FALSE_NEGATIVE
RFQ731-003915,dataInterface,MR,FALSE_NEGATIVE
RFQ731-002179,protectionArea,N,FALSE_NEGATIVE
RFQ731-002946,dataInterface,HS,FALSE_NEGATIVE
RFQ731-003683,temperaturEingaenge,TT1,FALSE_NEGATIVE
RFQ731-001774,certification,MN,FALSE_NEGATIVE
RFQ731-001193,steamApplication,N,FALSE_NEGATIVE
RFQ731-003752,dataInterface,HS,FALSE_NEGATIVE
RFQ731-004988,dataInterface,HS,FALSE_NEGATIVE
RFQ731-000352,dataInterface,HS,FALSE_NEGATIVE
RFQ731-003763,protectionArea,N,FALSE_NEGATIVE
RFQ731-004160,dataInterface,HS,FALSE_NEGATIVE
RFQ731-004289,protectionArea,N,FALSE_NEGATIVE
RFQ731-000809,dataInterface,HS,FALSE_NEGATIVE
RFQ731-001026,dataInterface,HS,FALSE_NEGATIVE
RFQ731-002169,dataInterface,HS,FALSE_NEGATIVE
RFQ731-001642,devCategory,H,FALSE_NEGATIVE
RFQ731-001262,dataInterface,HS,FALSE_NEGATIVE
RFQ731-002916,steamApplication,H,FALSE_NEGATIVE
RFQ731-003765,steamApplication,N,FALSE_NEGATIVE
RFQ731-002851,temperaturEingaenge,TT1,FALSE_NEGATIVE
RFQ731-004814,dataInterface,HS,FALSE_NEGATIVE
RFQ731-003641,steamApplication,H,FALSE_NEGATIVE
RFQ731-000939,dataInterface,HS,FALSE_NEGATIVE
RFQ731-004214,dataInterface,PA,FALSE_NEGATIVE
RFQ731-004450,certification,MN,FALSE_NEGATIVE
RFQ731-003885,steamApplication,N,FALSE_NEGATIVE
RFQ731-001283,steamApplication,H,FALSE_NEGATIVE
RFQ731-001856,protectionArea,N,FALSE_NEGATIVE
RFQ731-003621,protectionArea,N,FALSE_NEGATIVE
RFQ731-003814,dataInterface,NN,FALSE_NEGATIVE
RFQ731-001015,dataInterface,NN,FALSE_NEGATIVE
RFQ731-002013,dataInterface,NN,FALSE_NEGATIVE
RFQ731-000892,explosionApproval,A,FALSE_NEGATIVE
RFQ731-002292,stromSchaltbar,CS2,FALSE_NEGATIVE
RFQ731-000273,certification,MN,FALSE_NEGATIVE
RFQ731-003060,waveInjector,FWI,FALSE_NEGATIVE
RFQ731-002468,dataInterface,HS,FALSE_NEGATIVE
RFQ731-004005,explosionApproval,N,FALSE_NEGATIVE
RFQ731-002313,certification,MN,FALSE_NEGATIVE
RFQ731-000823,dataInterface,HS,FALSE_NEGATIVE
RFQ731-002430,characteristic,TE,FALSE_NEGATIVE
RFQ731-002243,binaerOpenColl_MP,MP2,FALSE_NEGATIVE
RFQ731-000323,dataInterface,MR,FALSE_NEGATIVE
RFQ731-001466,dataInterface,HS,FALSE_NEGATIVE
RFQ731-000264,dataInterface,HS,FALSE_NEGATIVE
RFQ731-002783,temperaturEingaenge,TT1,FALSE_NEGATIVE
RFQ731-004018,steamApplication,N,FALSE_NEGATIVE
RFQ731-001314,dataInterface,NN,FALSE_NEGATIVE
RFQ731-002195,temperaturEingaenge,TT1,FALSE_NEGATIVE
RFQ731-004552,dataInterface,HS,FALSE_NEGATIVE
RFQ731-000173,dataInterface,NN,FALSE_NEGATIVE
RFQ731-001454,characteristic,TE,FALSE_NEGATIVE
RFQ731-004793,certification,MN,FALSE_NEGATIVE
RFQ731-004103,dataInterface,NN,FALSE_NEGATIVE
RFQ731-002275,dataInterface,NN,FALSE_NEGATIVE
RFQ731-002443,certification,MN,FALSE_NEGATIVE
RFQ731-002562,dataInterface,HS,FALSE_NEGATIVE
RFQ731-000496,waveInjector,FWI,FALSE_NEGATIVE
RFQ731-003582,steamApplication,N,FALSE_NEGATIVE
RFQ731-004355,dataInterface,HS,FALSE_NEGATIVE
RFQ731-002350,dataInterface,NN,FALSE_NEGATIVE
RFQ731-001915,certification,MN,FALSE_NEGATIVE
RFQ731-000503,dataInterface,PA,FALSE_NEGATIVE
RFQ731-004994,characteristic,TE,FALSE_NEGATIVE
RFQ731-004343,steamApplication,H,FALSE_NEGATIVE
RFQ731-001914,certification,MN,FALSE_NEGATIVE
RFQ731-003161,certification,MN,FALSE_NEGATIVE
RFQ731-003292,characteristic,TE,FALSE_NEGATIVE
RFQ731-001713,explosionApproval,K,FALSE_NEGATIVE
RFQ731-004341,steamApplication,H,FALSE_NEGATIVE
RFQ731-002097,dataInterface,PA,FALSE_NEGATIVE
RFQ731-001158,waveInjector,FWI,FALSE_NEGATIVE
RFQ731-002048,devCategory,H,FALSE_NEGATIVE
RFQ731-000284,protectionArea,N,FALSE_NEGATIVE
RFQ731-000647,waveInjector,FWI,FALSE_NEGATIVE
RFQ731-004037,dataInterface,HS,FALSE_NEGATIVE
RFQ731-000251,dataInterface,NN,FALSE_NEGATIVE
RFQ731-003600,dataInterface,HS,FALSE_NEGATIVE
RFQ731-000351,dataInterface,HS,FALSE_NEGATIVE
RFQ731-000492,dataInterface,HS,FALSE_NEGATIVE
RFQ731-002025,dataInterface,PA,FALSE_NEGATIVE
RFQ731-002153,protectionArea,N,FALSE_NEGATIVE
RFQ731-000611,protectionArea,N,FALSE_NEGATIVE
RFQ731-004578,dataInterface,PA,FALSE_NEGATIVE
RFQ731-003737,dataInterface,HS,FALSE_NEGATIVE
RFQ731-002737,steamApplication,H,FALSE_NEGATIVE
RFQ731-000371,dataInterface,NN,FALSE_NEGATIVE
RFQ731-004030,dataInterface,HS,FALSE_NEGATIVE
RFQ731-001159,dataInterface,NN,FALSE_NEGATIVE
RFQ731-003314,dataInterface,NN,FALSE_NEGATIVE
RFQ731-001012,steamApplication,H,FALSE_NEGATIVE
RFQ731-002502,dataInterface,NN,FALSE_NEGATIVE
RFQ731-000535,explosionApproval,N,FALSE_NEGATIVE
RFQ731-000150,waveInjector,FWI,FALSE_NEGATIVE
RFQ731-001454,dataInterface,MT,FALSE_NEGATIVE
RFQ731-003789,dataInterface,HS,FALSE_NEGATIVE
RFQ731-003214,dataInterface,HS,FALSE_NEGATIVE
RFQ731-001979,waveInjector,FWI,FALSE_NEGATIVE
RFQ731-004879,dataInterface,NN,FALSE_NEGATIVE
RFQ731-001719,protectionArea,N,FALSE_NEGATIVE
RFQ731-003572,protectionArea,N,FALSE_NEGATIVE
RFQ731-000474,characteristic,VG,FALSE_NEGATIVE
RFQ731-001852,certification,MN,FALSE_NEGATIVE
RFQ731-004639,certification,MN,FALSE_NEGATIVE
RFQ731-002255,steamApplication,N,FALSE_NEGATIVE
RFQ731-000634,explosionApproval,N,FALSE_NEGATIVE
RFQ731-003687,waveInjector,FWI,FALSE_NEGATIVE
RFQ731-002587,certification,MN,FALSE_NEGATIVE
RFQ731-002422,dataInterface,HS,FALSE_NEGATIVE
RFQ731-000133,protectionArea,N,FALSE_NEGATIVE
RFQ731-000331,certification,MN,FALSE_NEGATIVE
RFQ731-001514,certification,MN,FALSE_NEGATIVE
RFQ731-001388,dataInterface,HS,FALSE_NEGATIVE
RFQ731-002060,steamApplication,N,FALSE_NEGATIVE
RFQ731-002775,stromSchaltbar,CS2,FALSE_NEGATIVE
RFQ731-004974,protectionArea,N,FALSE_NEGATIVE
RFQ731-001523,characteristic,TE,FALSE_NEGATIVE
RFQ731-001620,dataInterface,HS,FALSE_NEGATIVE
RFQ731-002645,protectionArea,N,FALSE_NEGATIVE
RFQ731-002003,certification,MN,FALSE_NEGATIVE
RFQ731-000230,dataInterface,HS,FALSE_NEGATIVE
RFQ731-003521,protectionArea,N,FALSE_NEGATIVE
RFQ731-001409,protectionArea,N,FALSE_NEGATIVE
RFQ731-004555,protectionArea,N,FALSE_NEGATIVE
RFQ731-003133,protectionArea,N,FALSE_NEGATIVE
RFQ731-001205,protectionArea,N,FALSE_NEGATIVE
RFQ731-003951,temperaturEingaenge,TT1,FALSE_NEGATIVE
RFQ731-000126,binaerOpenColl_MP,MP2,FALSE_NEGATIVE
RFQ731-000370,dataInterface,NN,FALSE_NEGATIVE
RFQ731-001429,steamApplication,H,FALSE_NEGATIVE
RFQ731-000307,protectionArea,N,FALSE_NEGATIVE
RFQ731-003936,dataInterface,NN,FALSE_NEGATIVE
RFQ731-004814,stromEingaenge,IS2,FALSE_NEGATIVE
RFQ731-001265,binaerDigitalOpenColl_MN,MN4,FALSE_NEGATIVE
RFQ731-002572,steamApplication,N,FALSE_NEGATIVE
RFQ731-003343,dataInterface,MR,FALSE_NEGATIVE
RFQ731-001838,devCategory,H,FALSE_NEGATIVE
RFQ731-000002,explosionApproval,N,FALSE_NEGATIVE
RFQ731-001564,certification,MN,FALSE_NEGATIVE
RFQ731-002627,steamApplication,N,FALSE_NEGATIVE
RFQ731-001861,dataInterface,PA,FALSE_NEGATIVE
RFQ731-000033,temperaturEingaenge,TT1,FALSE_NEGATIVE
RFQ731-004028,devCategory,S,FALSE_NEGATIVE
RFQ731-000479,protectionArea,N,FALSE_NEGATIVE
RFQ731-001469,dataInterface,PA,FALSE_NEGATIVE
RFQ731-004125,steamApplication,N,FALSE_NEGATIVE
RFQ731-001964,dataInterface,HS,FALSE_NEGATIVE
RFQ731-004722,waveInjector,FWI,FALSE_NEGATIVE
RFQ731-004474,characteristic,TE,FALSE_NEGATIVE
RFQ731-001571,steamApplication,N,FALSE_NEGATIVE
RFQ731-002737,explosionApproval,K,FALSE_NEGATIVE
RFQ731-002940,waveInjector,FWI,FALSE_NEGATIVE
RFQ731-001421,explosionApproval,K,FALSE_NEGATIVE
RFQ731-000344,temperaturEingaenge,TT1,FALSE_NEGATIVE
RFQ731-003453,characteristic,PW,FALSE_NEGATIVE
RFQ731-002818,temperaturEingaenge,TT1,FALSE_NEGATIVE
RFQ731-004988,certification,MN,FALSE_NEGATIVE
RFQ731-004220,explosionApproval,N,FALSE_NEGATIVE
RFQ731-002908,certification,MN,FALSE_NEGATIVE
RFQ731-004263,explosionApproval,A,FALSE_NEGATIVE
RFQ731-001685,powerSupply,4,FALSE_NEGATIVE
RFQ731-001886,steamApplication,N,FALSE_NEGATIVE
RFQ731-004076,steamApplication,N,FALSE_NEGATIVE
RFQ731-001989,dataInterface,NN,FALSE_NEGATIVE
RFQ731-000428,protectionArea,N,FALSE_NEGATIVE
RFQ731-003230,protectionArea,N,FALSE_NEGATIVE
RFQ731-001093,explosionApproval,A,FALSE_NEGATIVE
RFQ731-001005,protectionArea,N,FALSE_NEGATIVE
RFQ731-000989,characteristic,CA,FALSE_NEGATIVE
RFQ731-004546,protectionArea,N,FALSE_NEGATIVE
RFQ731-004804,explosionApproval,N,FALSE_NEGATIVE
RFQ731-000843,dataInterface,HS,FALSE_NEGATIVE
RFQ731-003686,steamApplication,N,FALSE_NEGATIVE
RFQ731-004268,temperaturEingaenge,TT1,FALSE_NEGATIVE
RFQ731-002551,steamApplication,H,FALSE_NEGATIVE
RFQ731-003995,certification,MN,FALSE_NEGATIVE
RFQ731-001555,protectionArea,N,FALSE_NEGATIVE
RFQ731-001677,explosionApproval,F,FALSE_NEGATIVE
RFQ731-000823,certification,MN,FALSE_NEGATIVE
RFQ731-004824,steamApplication,N,FALSE_NEGATIVE
RFQ731-004545,steamApplication,N,FALSE_NEGATIVE
RFQ731-002439,explosionApproval,F,FALSE_NEGATIVE
RFQ731-001465,dataInterface,NN,FALSE_NEGATIVE
RFQ731-004334,protectionArea,N,FALSE_NEGATIVE
RFQ731-002384,dataInterface,HS,FALSE_NEGATIVE
RFQ731-002761,dataInterface,HS,FALSE_NEGATIVE
RFQ731-002131,explosionApproval,K,FALSE_NEGATIVE
RFQ731-001265,characteristic,TE,FALSE_NEGATIVE
RFQ731-000234,protectionArea,N,FALSE_NEGATIVE
RFQ731-004420,waveInjector,FWI,FALSE_NEGATIVE
RFQ731-000698,dataInterface,PA,FALSE_NEGATIVE
RFQ731-000816,certification,MN,FALSE_NEGATIVE
RFQ731-002420,characteristic,TE,FALSE_NEGATIVE
RFQ731-002663,devCategory,S,FALSE_NEGATIVE
RFQ731-003507,steamApplication,N,FALSE_NEGATIVE
RFQ731-003808,protectionArea,N,FALSE_NEGATIVE
RFQ731-002057,protectionArea,N,FALSE_NEGATIVE
RFQ731-000966,explosionApproval,N,FALSE_NEGATIVE
RFQ731-003138,explosionApproval,N,FALSE_NEGATIVE
RFQ731-000149,dataInterface,HS,FALSE_NEGATIVE
RFQ731-000725,dataInterface,NN,FALSE_NEGATIVE
RFQ731-000595,dataInterface,HS,FALSE_NEGATIVE
RFQ731-000563,protectionArea,N,FALSE_NEGATIVE
RFQ731-000855,characteristic,TE,FALSE_NEGATIVE
RFQ731-000618,steamApplication,N,FALSE_NEGATIVE
RFQ731-002507,steamApplication,H,FALSE_NEGATIVE
RFQ731-003832,steamApplication,H,FALSE_NEGATIVE
RFQ731-004447,temperaturEingaenge,TT1,FALSE_NEGATIVE
RFQ731-001032,dataInterface,HS,FALSE_NEGATIVE
RFQ731-002602,dataInterface,PA,FALSE_NEGATIVE
RFQ731-002618,certification,MN,FALSE_NEGATIVE
RFQ731-002324,dataInterface,HS,FALSE_NEGATIVE
RFQ731-001556,dataInterface,HS,FALSE_NEGATIVE
RFQ731-004111,certification,MN,FALSE_NEGATIVE
RFQ731-002884,protectionArea,N,FALSE_NEGATIVE
RFQ731-002077,devCategory,S,FALSE_NEGATIVE
RFQ731-000207,dataInterface,PA,FALSE_NEGATIVE
RFQ731-004618,explosionApproval,N,FALSE_NEGATIVE
RFQ731-000410,dataInterface,HS,FALSE_NEGATIVE
RFQ731-004300,explosionApproval,F,FALSE_NEGATIVE
RFQ731-003054,steamApplication,N,FALSE_NEGATIVE
RFQ731-000188,explosionApproval,K,FALSE_NEGATIVE
RFQ731-004347,protectionArea,N,FALSE_NEGATIVE
RFQ731-000180,protectionArea,N,FALSE_NEGATIVE
RFQ731-003002,steamApplication,H,FALSE_NEGATIVE
RFQ731-002939,dataInterface,NN,FALSE_NEGATIVE
RFQ731-001344,certification,MN,FALSE_NEGATIVE
RFQ731-003659,binaerDigitalOpenColl_MN,MN4,FALSE_NEGATIVE
RFQ731-002758,characteristic,TE,FALSE_NEGATIVE
RFQ731-000071,characteristic,CA,FALSE_NEGATIVE
RFQ731-000307,dataInterface,PA,FALSE_NEGATIVE
RFQ731-002920,steamApplication,H,FALSE_NEGATIVE
RFQ731-001665,steamApplication,H,FALSE_NEGATIVE
RFQ731-002333,dataInterface,HS,FALSE_NEGATIVE
RFQ731-003805,dataInterface,HS,FALSE_NEGATIVE
RFQ731-002484,dataInterface,MT,FALSE_NEGATIVE
RFQ731-001394,characteristic,CA,FALSE_NEGATIVE
RFQ731-001576,protectionArea,N,FALSE_NEGATIVE
RFQ731-002286,protectionArea,N,FALSE_NEGATIVE
RFQ731-001234,dataInterface,HS,FALSE_NEGATIVE
RFQ731-004470,characteristic,TE,FALSE_NEGATIVE
RFQ731-002084,dataInterface,MR,FALSE_NEGATIVE
RFQ731-000476,explosionApproval,N,FALSE_NEGATIVE
RFQ731-004821,dataInterface,HS,FALSE_NEGATIVE
RFQ731-000437,certification,MN,FALSE_NEGATIVE
RFQ731-002280,protectionArea,N,FALSE_NEGATIVE
RFQ731-002496,explosionApproval,N,FALSE_NEGATIVE
RFQ731-003874,dataInterface,PA,FALSE_NEGATIVE
RFQ731-001881,steamApplication,H,FALSE_NEGATIVE
RFQ731-001450,dataInterface,MT,FALSE_NEGATIVE
RFQ731-002656,dataInterface,HS,FALSE_NEGATIVE
RFQ731-000782,devCategory,H,FALSE_NEGATIVE
RFQ731-000622,dataInterface,PA,FALSE_NEGATIVE
RFQ731-002275,temperaturEingaenge,TT1,FALSE_NEGATIVE
RFQ731-002188,temperaturEingaenge,TT1,FALSE_NEGATIVE
RFQ731-000771,devCategory,H,FALSE_NEGATIVE
RFQ731-004820,dataInterface,NN,FALSE_NEGATIVE
RFQ731-004106,explosionApproval,N,FALSE_NEGATIVE
RFQ731-004173,explosionApproval,F,FALSE_NEGATIVE
RFQ731-003917,explosionApproval,N,FALSE_NEGATIVE
RFQ731-002403,dataInterface,MT,FALSE_NEGATIVE
RFQ731-000568,dataInterface,NN,FALSE_NEGATIVE
RFQ731-003558,temperaturEingaenge,TT1,FALSE_NEGATIVE
RFQ731-000513,dataInterface,HS,FALSE_NEGATIVE
RFQ731-004234,steamApplication,N,FALSE_NEGATIVE
RFQ731-000934,dataInterface,NN,FALSE_NEGATIVE
RFQ731-003648,certification,MN,FALSE_NEGATIVE
RFQ731-003999,characteristic,TE,FALSE_NEGATIVE
RFQ731-001116,certification,MN,FALSE_NEGATIVE
RFQ731-000990,certification,MN,FALSE_NEGATIVE
RFQ731-001409,dataInterface,PA,FALSE_NEGATIVE
RFQ731-000975,steamApplication,N,FALSE_NEGATIVE
RFQ731-003909,waveInjector,FWI,FALSE_NEGATIVE
RFQ731-001777,certification,MN,FALSE_NEGATIVE
RFQ731-001054,characteristic,TE,FALSE_NEGATIVE
RFQ731-000029,explosionApproval,N,FALSE_NEGATIVE
RFQ731-004270,steamApplication,H,FALSE_NEGATIVE
RFQ731-003509,steamApplication,H,FALSE_NEGATIVE
RFQ731-003586,devCategory,S,FALSE_NEGATIVE
RFQ731-001599,dataInterface,HS,FALSE_NEGATIVE
RFQ731-000085,protectionArea,N,FALSE_NEGATIVE
RFQ731-004205,steamApplication,N,FALSE_NEGATIVE
RFQ731-000016,protectionArea,N,FALSE_NEGATIVE
RFQ731-002526,protectionArea,N,FALSE_NEGATIVE
RFQ731-002904,temperaturEingaenge,TT1,FALSE_NEGATIVE
RFQ731-001169,steamApplication,N,FALSE_NEGATIVE
RFQ731-003203,steamApplication,H,FALSE_NEGATIVE
RFQ731-000740,dataInterface,NN,FALSE_NEGATIVE
RFQ731-004748,steamApplication,N,FALSE_NEGATIVE
RFQ731-002014,explosionApproval,N,FALSE_NEGATIVE
RFQ731-002667,dataInterface,HS,FALSE_NEGATIVE
RFQ731-003155,characteristic,CA,FALSE_NEGATIVE
RFQ731-004825,dataInterface,NN,FALSE_NEGATIVE
RFQ731-002177,characteristic,TE,FALSE_NEGATIVE
RFQ731-004580,protectionArea,N,FALSE_NEGATIVE
RFQ731-002119,certification,MN,FALSE_NEGATIVE
RFQ731-002350,temperaturEingaenge,TT1,FALSE_NEGATIVE
RFQ731-001377,waveInjector,FWI,FALSE_NEGATIVE
RFQ731-004064,steamApplication,H,FALSE_NEGATIVE
RFQ731-003221,dataInterface,NN,FALSE_NEGATIVE
RFQ731-003863,protectionArea,N,FALSE_NEGATIVE
RFQ731-004181,temperaturEingaenge,TT1,FALSE_NEGATIVE
RFQ731-003765,protectionArea,N,FALSE_NEGATIVE
RFQ731-000919,explosionApproval,N,FALSE_NEGATIVE
RFQ731-001413,dataInterface,PA,FALSE_NEGATIVE
RFQ731-003499,certification,MN,FALSE_NEGATIVE
RFQ731-004266,characteristic,CA,FALSE_NEGATIVE
RFQ731-003937,characteristic,TE,FALSE_NEGATIVE
RFQ731-002685,explosionApproval,K,FALSE_NEGATIVE
RFQ731-004763,steamApplication,N,FALSE_NEGATIVE
RFQ731-003323,steamApplication,N,FALSE_NEGATIVE
RFQ731-001918,steamApplication,N,FALSE_NEGATIVE
RFQ731-002377,characteristic,PW,FALSE_NEGATIVE
RFQ731-000473,dataInterface,HS,FALSE_NEGATIVE
RFQ731-004507,explosionApproval,K,FALSE_NEGATIVE
RFQ731-004087,steamApplication,N,FALSE_NEGATIVE
RFQ731-004592,devCategory,H,FALSE_NEGATIVE
RFQ731-004977,devCategory,S,FALSE_NEGATIVE
RFQ731-002454,explosionApproval,N,FALSE_NEGATIVE
RFQ731-001704,steamApplication,N,FALSE_NEGATIVE
RFQ731-003231,explosionApproval,N,FALSE_NEGATIVE
RFQ731-003903,dataInterface,HS,FALSE_NEGATIVE
RFQ731-000392,characteristic,PW,FALSE_NEGATIVE
RFQ731-001688,protectionArea,N,FALSE_NEGATIVE
RFQ731-003163,protectionArea,N,FALSE_NEGATIVE
RFQ731-001242,certification,MN,FALSE_NEGATIVE
RFQ731-000076,dataInterface,HS,FALSE_NEGATIVE
RFQ731-001521,certification,MN,FALSE_NEGATIVE
RFQ731-002954,waveInjector,FWI,FALSE_NEGATIVE
RFQ731-002723,dataInterface,HS,FALSE_NEGATIVE
RFQ731-003813,certification,MN,FALSE_NEGATIVE
RFQ731-002076,steamApplication,H,FALSE_NEGATIVE
RFQ731-002138,steamApplication,H,FALSE_NEGATIVE
RFQ731-004178,explosionApproval,N,FALSE_NEGATIVE
RFQ731-002148,dataInterface,PA,FALSE_NEGATIVE
RFQ731-004402,dataInterface,HS,FALSE_NEGATIVE
RFQ731-004780,dataInterface,HS,FALSE_NEGATIVE
RFQ731-001708,steamApplication,N,FALSE_NEGATIVE
RFQ731-003903,devCategory,H,FALSE_NEGATIVE
RFQ731-004019,protectionArea,N,FALSE_NEGATIVE
RFQ731-000958,devCategory,S,FALSE_NEGATIVE
RFQ731-002508,certification,MN,FALSE_NEGATIVE
RFQ731-004651,certification,MN,FALSE_NEGATIVE
RFQ731-004738,dataInterface,HS,FALSE_NEGATIVE
RFQ731-004139,dataInterface,NN,FALSE_NEGATIVE
RFQ731-004077,waveInjector,FWI,FALSE_NEGATIVE
RFQ731-004144,devCategory,S,FALSE_NEGATIVE
RFQ731-004733,steamApplication,H,FALSE_NEGATIVE
RFQ731-000455,dataInterface,HS,FALSE_NEGATIVE
RFQ731-003460,steamApplication,N,FALSE_NEGATIVE
RFQ731-001546,explosionApproval,N,FALSE_NEGATIVE
RFQ731-003315,dataInterface,PA,FALSE_NEGATIVE
RFQ731-002374,dataInterface,HS,FALSE_NEGATIVE
RFQ731-000869,devCategory,H,FALSE_NEGATIVE
RFQ731-001432,certification,MN,FALSE_NEGATIVE
RFQ731-002105,characteristic,TE,FALSE_NEGATIVE
RFQ731-003364,dataInterface,NN,FALSE_NEGATIVE
RFQ731-004279,stromSchaltbar,CS2,FALSE_NEGATIVE
RFQ731-003656,devCategory,H,FALSE_NEGATIVE
RFQ731-001739,protectionArea,N,FALSE_NEGATIVE
RFQ731-004105,dataInterface,HS,FALSE_NEGATIVE
RFQ731-004434,binaerDigitalOpenColl_MN,MN4,FALSE_NEGATIVE
RFQ731-001387,dataInterface,PA,FALSE_NEGATIVE
RFQ731-001883,waveInjector,FWI,FALSE_NEGATIVE
RFQ731-001323,certification,MN,FALSE_NEGATIVE
RFQ731-003306,dataInterface,NN,FALSE_NEGATIVE
RFQ731-000695,dataInterface,HS,FALSE_NEGATIVE
RFQ731-000870,protectionArea,N,FALSE_NEGATIVE
RFQ731-003439,explosionApproval,F,FALSE_NEGATIVE
RFQ731-001976,binaerDigitalOpenColl_MN,MN4,FALSE_NEGATIVE
RFQ731-002309,explosionApproval,K,FALSE_NEGATIVE
RFQ731-002657,steamApplication,N,FALSE_NEGATIVE
RFQ731-002478,steamApplication,H,FALSE_NEGATIVE
RFQ731-001214,temperaturEingaenge,TT1,FALSE_NEGATIVE
RFQ731-001190,protectionArea,N,FALSE_NEGATIVE
RFQ731-001867,characteristic,CA,FALSE_NEGATIVE
RFQ731-000060,waveInjector,FWI,FALSE_NEGATIVE
RFQ731-002946,temperaturEingaenge,TT1,FALSE_NEGATIVE
RFQ731-004615,dataInterface,MT,FALSE_NEGATIVE
RFQ731-002796,dataInterface,HS,FALSE_NEGATIVE
RFQ731-003415,dataInterface,HS,FALSE_NEGATIVE
RFQ731-004959,certification,MN,FALSE_NEGATIVE
RFQ731-000313,steamApplication,H,FALSE_NEGATIVE
RFQ731-004425,protectionArea,N,FALSE_NEGATIVE
RFQ731-004427,explosionApproval,N,FALSE_NEGATIVE
RFQ731-002029,explosionApproval,N,FALSE_NEGATIVE
RFQ731-003386,temperaturEingaenge,TT1,FALSE_NEGATIVE
RFQ731-002505,dataInterface,NN,FALSE_NEGATIVE
RFQ731-002926,characteristic,TE,FALSE_NEGATIVE
RFQ731-003009,protectionArea,N,FALSE_NEGATIVE
RFQ731-004508,waveInjector,FWI,FALSE_NEGATIVE
RFQ731-001334,binaerDigitalOpenColl_MN,MN4,FALSE_NEGATIVE
RFQ731-001050,explosionApproval,N,FALSE_NEGATIVE
RFQ731-000606,explosionApproval,N,FALSE_NEGATIVE
RFQ731-001756,dataInterface,HS,FALSE_NEGATIVE
RFQ731-000926,steamApplication,H,FALSE_NEGATIVE
RFQ731-002286,dataInterface,PA,FALSE_NEGATIVE
RFQ731-003911,steamApplication,N,FALSE_NEGATIVE
RFQ731-004993,explosionApproval,A,FALSE_NEGATIVE
RFQ731-003529,steamApplication,H,FALSE_NEGATIVE
RFQ731-000271,binaerOpenColl_MP,MP2,FALSE_NEGATIVE
RFQ731-000474,dataInterface,HS,FALSE_NEGATIVE
RFQ731-004559,protectionArea,N,FALSE_NEGATIVE
RFQ731-003629,devCategory,S,FALSE_NEGATIVE
RFQ731-002253,dataInterface,NN,FALSE_NEGATIVE
RFQ731-002146,certification,MN,FALSE_NEGATIVE
RFQ731-002397,temperaturEingaenge,TT1,FALSE_NEGATIVE
RFQ731-003025,protectionArea,N,FALSE_NEGATIVE
RFQ731-001985,certification,MN,FALSE_NEGATIVE
RFQ731-003910,dataInterface,HS,FALSE_NEGATIVE
RFQ731-003589,protectionArea,N,FALSE_NEGATIVE
RFQ731-003978,protectionArea,N,FALSE_NEGATIVE
RFQ731-000613,steamApplication,H,FALSE_NEGATIVE
RFQ731-004238,protectionArea,N,FALSE_NEGATIVE
RFQ731-002771,certification,MN,FALSE_NEGATIVE
RFQ731-003374,steamApplication,H,FALSE_NEGATIVE
RFQ731-004715,steamApplication,N,FALSE_NEGATIVE
RFQ731-001906,dataInterface,HS,FALSE_NEGATIVE
RFQ731-004592,dataInterface,NN,FALSE_NEGATIVE
RFQ731-000395,dataInterface,HS,FALSE_NEGATIVE
RFQ731-000795,waveInjector,FWI,FALSE_NEGATIVE
RFQ731-003806,dataInterface,MT,FALSE_NEGATIVE
RFQ731-003671,steamApplication,N,FALSE_NEGATIVE
RFQ731-002069,dataInterface,HS,FALSE_NEGATIVE
RFQ731-003873,protectionArea,N,FALSE_NEGATIVE
RFQ731-001523,protectionArea,N,FALSE_NEGATIVE
RFQ731-002287,protectionArea,N,FALSE_NEGATIVE
RFQ731-003211,waveInjector,FWI,FALSE_NEGATIVE
RFQ731-002083,explosionApproval,N,FALSE_NEGATIVE
RFQ731-002604,characteristic,TE,FALSE_NEGATIVE
RFQ731-000225,dataInterface,PA,FALSE_NEGATIVE
RFQ731-000235,steamApplication,N,FALSE_NEGATIVE
RFQ731-000132,dataInterface,HS,FALSE_NEGATIVE
RFQ731-001932,certification,MN,FALSE_NEGATIVE
RFQ731-000602,dataInterface,HS,FALSE_NEGATIVE
RFQ731-004051,steamApplication,H,FALSE_NEGATIVE
RFQ731-003953,characteristic,CA,FALSE_NEGATIVE
RFQ731-002943,steamApplication,N,FALSE_NEGATIVE
RFQ731-001434,dataInterface,NN,FALSE_NEGATIVE
RFQ731-002885,temperaturEingaenge,TT1,FALSE_NEGATIVE
RFQ731-002445,explosionApproval,F,FALSE_NEGATIVE
RFQ731-000313,explosionApproval,K,FALSE_NEGATIVE
RFQ731-001073,explosionApproval,A,FALSE_NEGATIVE
RFQ731-004478,characteristic,PW,FALSE_NEGATIVE
RFQ731-004637,explosionApproval,K,FALSE_NEGATIVE
RFQ731-003078,dataInterface,HS,FALSE_NEGATIVE
RFQ731-000944,steamApplication,H,FALSE_NEGATIVE
RFQ731-004240,dataInterface,HS,FALSE_NEGATIVE
RFQ731-002634,dataInterface,HS,FALSE_NEGATIVE
RFQ731-003726,steamApplication,N,FALSE_NEGATIVE
RFQ731-004547,devCategory,S,FALSE_NEGATIVE
RFQ731-004248,certification,MN,FALSE_NEGATIVE
RFQ731-001729,certification,MN,FALSE_NEGATIVE
RFQ731-004439,explosionApproval,N,FALSE_NEGATIVE
RFQ731-002307,protectionArea,N,FALSE_NEGATIVE
RFQ731-004365,certification,MN,FALSE_NEGATIVE
RFQ731-001177,protectionArea,N,FALSE_NEGATIVE
RFQ731-004131,certification,MN,FALSE_NEGATIVE
RFQ731-002311,certification,MN,FALSE_NEGATIVE
RFQ731-002689,binaerOpenColl_MP,MP2,FALSE_NEGATIVE
RFQ731-004332,dataInterface,PA,FALSE_NEGATIVE
RFQ731-002367,dataInterface,MR,FALSE_NEGATIVE
RFQ731-004566,explosionApproval,F,FALSE_NEGATIVE
RFQ731-003445,steamApplication,H,FALSE_NEGATIVE
RFQ731-001563,dataInterface,PA,FALSE_NEGATIVE
RFQ731-003214,temperaturEingaenge,TT1,FALSE_NEGATIVE
RFQ731-001811,steamApplication,H,FALSE_NEGATIVE
RFQ731-001822,explosionApproval,K,FALSE_NEGATIVE
RFQ731-003482,certification,MN,FALSE_NEGATIVE
RFQ731-002829,protectionArea,N,FALSE_NEGATIVE
RFQ731-002519,explosionApproval,N,FALSE_NEGATIVE
RFQ731-000509,dataInterface,PA,FALSE_NEGATIVE
RFQ731-002878,binaerDigitalOpenColl_MN,MN4,FALSE_NEGATIVE
RFQ731-004664,certification,MN,FALSE_NEGATIVE
RFQ731-000104,dataInterface,PA,FALSE_NEGATIVE
RFQ731-000360,protectionArea,N,FALSE_NEGATIVE
RFQ731-002002,protectionArea,N,FALSE_NEGATIVE
RFQ731-003656,dataInterface,NN,FALSE_NEGATIVE
RFQ731-002660,dataInterface,HS,FALSE_NEGATIVE
RFQ731-001052,waveInjector,FWI,FALSE_NEGATIVE
RFQ731-004777,dataInterface,HS,FALSE_NEGATIVE
RFQ731-004780,certification,MN,FALSE_NEGATIVE
RFQ731-004837,characteristic,VG,FALSE_NEGATIVE
RFQ731-002584,characteristic,TE,FALSE_NEGATIVE
RFQ731-003261,explosionApproval,A,FALSE_NEGATIVE
RFQ731-004666,waveInjector,FWI,FALSE_NEGATIVE
RFQ731-001381,dataInterface,MR,FALSE_NEGATIVE
RFQ731-002707,steamApplication,N,FALSE_NEGATIVE
RFQ731-000294,dataInterface,HS,FALSE_NEGATIVE
RFQ731-004820,temperaturEingaenge,TT1,FALSE_NEGATIVE
RFQ731-002641,dataInterface,HS,FALSE_NEGATIVE
RFQ731-000881,steamApplication,H,FALSE_NEGATIVE
RFQ731-003363,temperaturEingaenge,TT1,FALSE_NEGATIVE
RFQ731-000562,explosionApproval,N,FALSE_NEGATIVE
RFQ731-003282,protectionArea,N,FALSE_NEGATIVE
RFQ731-003000,explosionApproval,K,FALSE_NEGATIVE
RFQ731-002976,protectionArea,N,FALSE_NEGATIVE
RFQ731-001463,steamApplication,N,FALSE_NEGATIVE
RFQ731-002524,certification,MN,FALSE_NEGATIVE
RFQ731-000654,certification,MN,FALSE_NEGATIVE
RFQ731-003165,explosionApproval,F,FALSE_NEGATIVE
RFQ731-003290,dataInterface,HS,FALSE_NEGATIVE
RFQ731-003595,dataInterface,HS,FALSE_NEGATIVE
RFQ731-001887,dataInterface,HS,FALSE_NEGATIVE
RFQ731-004182,devCategory,S,FALSE_NEGATIVE
RFQ731-004237,protectionArea,N,FALSE_NEGATIVE
RFQ731-003068,devCategory,S,FALSE_NEGATIVE
RFQ731-003695,protectionArea,N,FALSE_NEGATIVE
RFQ731-003072,explosionApproval,A,FALSE_NEGATIVE
RFQ731-004994,dataInterface,PA,FALSE_NEGATIVE
RFQ731-000799,devCategory,S,FALSE_NEGATIVE
RFQ731-004777,devCategory,H,FALSE_NEGATIVE
RFQ731-001041,waveInjector,FWI,FALSE_NEGATIVE
RFQ731-003639,certification,MN,FALSE_NEGATIVE
RFQ731-000978,devCategory,S,FALSE_NEGATIVE
RFQ731-003384,steamApplication,H,FALSE_NEGATIVE
RFQ731-000367,certification,MN,FALSE_NEGATIVE
RFQ731-001595,waveInjector,FWI,FALSE_NEGATIVE
RFQ731-000126,dataInterface,MR,FALSE_NEGATIVE
RFQ731-000936,devCategory,H,FALSE_NEGATIVE
RFQ731-003734,protectionArea,N,FALSE_NEGATIVE
RFQ731-000367,dataInterface,NN,FALSE_NEGATIVE
RFQ731-001229,dataInterface,HS,FALSE_NEGATIVE
RFQ731-003374,explosionApproval,K,FALSE_NEGATIVE
RFQ731-000289,protectionArea,N,FALSE_NEGATIVE
RFQ731-003586,waveInjector,FWI,FALSE_NEGATIVE
RFQ731-002231,binaerDigitalOpenColl_MN,MN4,FALSE_NEGATIVE
RFQ731-002381,devCategory,S,FALSE_NEGATIVE
RFQ731-001250,characteristic,PW,FALSE_NEGATIVE
RFQ731-004560,dataInterface,HS,FALSE_NEGATIVE
RFQ731-001412,explosionApproval,K,FALSE_NEGATIVE
RFQ731-001458,dataInterface,MR,FALSE_NEGATIVE
RFQ731-001009,waveInjector,FWI,FALSE_NEGATIVE
RFQ731-004381,dataInterface,NN,FALSE_NEGATIVE
RFQ731-002525,dataInterface,HS,FALSE_NEGATIVE
RFQ731-004072,waveInjector,FWI,FALSE_NEGATIVE
RFQ731-002039,waveInjector,FWI,FALSE_NEGATIVE
RFQ731-003754,dataInterface,PA,FALSE_NEGATIVE
RFQ731-004614,dataInterface,PA,FALSE_NEGATIVE
RFQ731-000791,characteristic,TE,FALSE_NEGATIVE
RFQ731-000669,devCategory,H,FALSE_NEGATIVE
RFQ731-000420,protectionArea,N,FALSE_NEGATIVE
RFQ731-000855,protectionArea,N,FALSE_NEGATIVE
RFQ731-003479,devCategory,S,FALSE_NEGATIVE
RFQ731-002414,characteristic,PW,FALSE_NEGATIVE
RFQ731-002797,certification,MN,FALSE_NEGATIVE
RFQ731-002370,protectionArea,N,FALSE_NEGATIVE
RFQ731-004267,characteristic,TE,FALSE_NEGATIVE
RFQ731-002642,explosionApproval,N,FALSE_NEGATIVE
RFQ731-004940,steamApplication,N,FALSE_NEGATIVE
RFQ731-002094,protectionArea,N,FALSE_NEGATIVE
RFQ731-003237,protectionArea,N,FALSE_NEGATIVE
RFQ731-000880,protectionArea,N,FALSE_NEGATIVE
RFQ731-003127,dataInterface,HS,FALSE_NEGATIVE
RFQ731-004727,steamApplication,H,FALSE_NEGATIVE
RFQ731-003076,certification,MN,FALSE_NEGATIVE
RFQ731-000091,protectionArea,N,FALSE_NEGATIVE
RFQ731-004052,waveInjector,FWI,FALSE_NEGATIVE
RFQ731-004259,steamApplication,N,FALSE_NEGATIVE
RFQ731-001416,dataInterface,HS,FALSE_NEGATIVE
RFQ731-000678,protectionArea,N,FALSE_NEGATIVE
RFQ731-002839,steamApplication,H,FALSE_NEGATIVE
RFQ731-002244,waveInjector,FWI,FALSE_NEGATIVE
RFQ731-004204,dataInterface,NN,FALSE_NEGATIVE
RFQ731-001400,steamApplication,H,FALSE_NEGATIVE
RFQ731-003042,certification,MN,FALSE_NEGATIVE
RFQ731-003859,explosionApproval,F,FALSE_NEGATIVE
RFQ731-004584,dataInterface,HS,FALSE_NEGATIVE
RFQ731-001169,protectionArea,N,FALSE_NEGATIVE
RFQ731-001489,protectionArea,N,FALSE_NEGATIVE
RFQ731-000002,certification,MN,FALSE_NEGATIVE
RFQ731-001549,dataInterface,HS,FALSE_NEGATIVE
RFQ731-002069,certification,MN,FALSE_NEGATIVE
RFQ731-000472,steamApplication,N,FALSE_NEGATIVE
RFQ731-001965,dataInterface,MT,FALSE_NEGATIVE
RFQ731-000721,steamApplication,H,FALSE_NEGATIVE
RFQ731-000705,steamApplication,N,FALSE_NEGATIVE
RFQ731-000814,steamApplication,H,FALSE_NEGATIVE
RFQ731-002462,certification,MN,FALSE_NEGATIVE
RFQ731-004650,temperaturEingaenge,TT1,FALSE_NEGATIVE
RFQ731-004470,protectionArea,N,FALSE_NEGATIVE
RFQ731-004717,dataInterface,HS,FALSE_NEGATIVE
RFQ731-003171,steamApplication,N,FALSE_NEGATIVE
RFQ731-003673,explosionApproval,F,FALSE_NEGATIVE
RFQ731-001480,dataInterface,HS,FALSE_NEGATIVE
RFQ731-001448,dataInterface,HS,FALSE_NEGATIVE
RFQ731-003360,steamApplication,H,FALSE_NEGATIVE
RFQ731-001102,certification,MN,FALSE_NEGATIVE
RFQ731-001324,steamApplication,H,FALSE_NEGATIVE
RFQ731-004647,dataInterface,HS,FALSE_NEGATIVE
RFQ731-004924,steamApplication,H,FALSE_NEGATIVE
RFQ731-003600,explosionApproval,N,FALSE_NEGATIVE
RFQ731-004542,protectionArea,N,FALSE_NEGATIVE
RFQ731-001124,explosionApproval,F,FALSE_NEGATIVE
RFQ731-000170,protectionArea,N,FALSE_NEGATIVE
RFQ731-000402,dataInterface,PA,FALSE_NEGATIVE
RFQ731-003691,explosionApproval,K,FALSE_NEGATIVE
RFQ731-000425,protectionArea,N,FALSE_NEGATIVE
RFQ731-004718,dataInterface,HS,FALSE_NEGATIVE
RFQ731-000722,protectionArea,N,FALSE_NEGATIVE
RFQ731-001831,dataInterface,MT,FALSE_NEGATIVE
RFQ731-003456,steamApplication,N,FALSE_NEGATIVE
RFQ731-002727,protectionArea,N,FALSE_NEGATIVE
RFQ731-001500,certification,MN,FALSE_NEGATIVE
RFQ731-003787,dataInterface,HS,FALSE_NEGATIVE
RFQ731-004758,dataInterface,HS,FALSE_NEGATIVE
RFQ731-002592,certification,MN,FALSE_NEGATIVE
RFQ731-002514,steamApplication,N,FALSE_NEGATIVE
RFQ731-002670,dataInterface,HS,FALSE_NEGATIVE
RFQ731-003883,steamApplication,N,FALSE_NEGATIVE
RFQ731-000482,explosionApproval,K,FALSE_NEGATIVE
RFQ731-000280,steamApplication,H,FALSE_NEGATIVE
RFQ731-001854,dataInterface,HS,FALSE_NEGATIVE
RFQ731-001657,dataInterface,HS,FALSE_NEGATIVE
RFQ731-002267,protectionArea,N,FALSE_NEGATIVE
RFQ731-002960,dataInterface,PA,FALSE_NEGATIVE
RFQ731-002413,steamApplication,H,FALSE_NEGATIVE
RFQ731-002534,protectionArea,N,FALSE_NEGATIVE
RFQ731-004717,devCategory,H,FALSE_NEGATIVE
RFQ731-003899,dataInterface,HS,FALSE_NEGATIVE
RFQ731-002705,dataInterface,HS,FALSE_NEGATIVE
RFQ731-000616,protectionArea,N,FALSE_NEGATIVE
RFQ731-004144,waveInjector,FWI,FALSE_NEGATIVE
RFQ731-003472,characteristic,TE,FALSE_NEGATIVE
RFQ731-001592,steamApplication,H,FALSE_NEGATIVE
RFQ731-002974,temperaturEingaenge,TT1,FALSE_NEGATIVE
RFQ731-004647,devCategory,H,FALSE_NEGATIVE
RFQ731-002787,steamApplication,N,FALSE_NEGATIVE
RFQ731-002597,temperaturEingaenge,TT1,FALSE_NEGATIVE
RFQ731-002290,steamApplication,N,FALSE_NEGATIVE
RFQ731-004915,steamApplication,N,FALSE_NEGATIVE
RFQ731-002565,protectionArea,N,FALSE_NEGATIVE
RFQ731-001593,binaerDigitalOpenColl_MN,MN4,FALSE_NEGATIVE
RFQ731-004840,dataInterface,HS,FALSE_NEGATIVE
RFQ731-001620,explosionApproval,N,FALSE_NEGATIVE
RFQ731-001445,protectionArea,N,FALSE_NEGATIVE
RFQ731-000815,protectionArea,N,FALSE_NEGATIVE
RFQ731-002695,characteristic,CA,FALSE_NEGATIVE
RFQ731-002788,dataInterface,HS,FALSE_NEGATIVE
RFQ731-003013,dataInterface,NN,FALSE_NEGATIVE
RFQ731-003334,dataInterface,NN,FALSE_NEGATIVE
RFQ731-001040,steamApplication,N,FALSE_NEGATIVE
RFQ731-002239,dataInterface,NN,FALSE_NEGATIVE
RFQ731-001350,characteristic,TE,FALSE_NEGATIVE
RFQ731-004029,steamApplication,N,FALSE_NEGATIVE
RFQ731-000204,dataInterface,PA,FALSE_NEGATIVE
RFQ731-002819,steamApplication,H,FALSE_NEGATIVE
RFQ731-003717,powerSupply,4,FALSE_NEGATIVE
RFQ731-000549,steamApplication,N,FALSE_NEGATIVE
RFQ731-000428,dataInterface,HS,FALSE_NEGATIVE
RFQ731-003750,certification,MN,FALSE_NEGATIVE
RFQ731-002530,explosionApproval,A,FALSE_NEGATIVE
RFQ731-002720,characteristic,CA,FALSE_NEGATIVE
RFQ731-002615,dataInterface,HS,FALSE_NEGATIVE
RFQ731-001234,temperaturEingaenge,TT1,FALSE_NEGATIVE
RFQ731-003503,certification,MN,FALSE_NEGATIVE
RFQ731-003975,dataInterface,NN,FALSE_NEGATIVE
RFQ731-003816,protectionArea,N,FALSE_NEGATIVE
RFQ731-001519,protectionArea,N,FALSE_NEGATIVE
RFQ731-002866,dataInterface,NN,FALSE_NEGATIVE
RFQ731-001646,dataInterface,NN,FALSE_NEGATIVE
RFQ731-000339,protectionArea,N,FALSE_NEGATIVE
RFQ731-002641,certification,MN,FALSE_NEGATIVE
RFQ731-002755,dataInterface,HS,FALSE_NEGATIVE
RFQ731-003647,devCategory,H,FALSE_NEGATIVE
RFQ731-003154,characteristic,CA,FALSE_NEGATIVE
RFQ731-000262,dataInterface,NN,FALSE_NEGATIVE
RFQ731-000936,dataInterface,NN,FALSE_NEGATIVE
RFQ731-000854,explosionApproval,K,FALSE_NEGATIVE
RFQ731-000563,dataInterface,HS,FALSE_NEGATIVE
RFQ731-001895,characteristic,CA,FALSE_NEGATIVE
RFQ731-002529,dataInterface,HS,FALSE_NEGATIVE
RFQ731-004269,dataInterface,HS,FALSE_NEGATIVE
RFQ731-001339,protectionArea,N,FALSE_NEGATIVE
RFQ731-003630,explosionApproval,N,FALSE_NEGATIVE
RFQ731-002027,dataInterface,NN,FALSE_NEGATIVE
RFQ731-003344,explosionApproval,N,FALSE_NEGATIVE
RFQ731-003900,dataInterface,HS,FALSE_NEGATIVE
RFQ731-002441,temperaturEingaenge,TT1,FALSE_NEGATIVE
RFQ731-003460,protectionArea,N,FALSE_NEGATIVE
RFQ731-003574,explosionApproval,N,FALSE_NEGATIVE
RFQ731-002041,steamApplication,H,FALSE_NEGATIVE
RFQ731-002550,steamApplication,H,FALSE_NEGATIVE
RFQ731-002256,temperaturEingaenge,TT1,FALSE_NEGATIVE
RFQ731-002153,dataInterface,NN,FALSE_NEGATIVE
RFQ731-000988,protectionArea,N,FALSE_NEGATIVE
RFQ731-003583,devCategory,H,FALSE_NEGATIVE
RFQ731-002365,certification,MN,FALSE_NEGATIVE
RFQ731-003149,protectionArea,N,FALSE_NEGATIVE
RFQ731-003209,steamApplication,H,FALSE_NEGATIVE
RFQ731-000612,dataInterface,HS,FALSE_NEGATIVE
RFQ731-002611,characteristic,PW,FALSE_NEGATIVE
RFQ731-000024,dataInterface,HS,FALSE_NEGATIVE
RFQ731-000383,steamApplication,H,FALSE_NEGATIVE
RFQ731-000293,waveInjector,FWI,FALSE_NEGATIVE
RFQ731-001941,certification,MN,FALSE_NEGATIVE
RFQ731-001354,powerSupply,4,FALSE_NEGATIVE
RFQ731-000883,dataInterface,HS,FALSE_NEGATIVE
RFQ731-002000,certification,MN,FALSE_NEGATIVE
RFQ731-003905,certification,MN,FALSE_NEGATIVE
RFQ731-000224,explosionApproval,A,FALSE_NEGATIVE
RFQ731-000062,explosionApproval,F,FALSE_NEGATIVE
RFQ731-000772,explosionApproval,N,FALSE_NEGATIVE
RFQ731-003173,dataInterface,PA,FALSE_NEGATIVE
RFQ731-003917,certification,MN,FALSE_NEGATIVE
RFQ731-004175,explosionApproval,A,FALSE_NEGATIVE
RFQ731-004308,devCategory,H,FALSE_NEGATIVE
RFQ731-004703,dataInterface,NN,FALSE_NEGATIVE
RFQ731-001229,certification,MN,FALSE_NEGATIVE
RFQ731-000335,steamApplication,N,FALSE_NEGATIVE
RFQ731-002317,dataInterface,PA,FALSE_NEGATIVE
RFQ731-000900,dataInterface,NN,FALSE_NEGATIVE
RFQ731-002147,dataInterface,HS,FALSE_NEGATIVE
RFQ731-002600,dataInterface,HS,FALSE_NEGATIVE
RFQ731-004618,certification,MN,FALSE_NEGATIVE
RFQ731-000041,dataInterface,HS,FALSE_NEGATIVE
RFQ731-000294,certification,MN,FALSE_NEGATIVE
RFQ731-001723,explosionApproval,N,FALSE_NEGATIVE
RFQ731-000689,devCategory,H,FALSE_NEGATIVE
RFQ731-004119,characteristic,TE,FALSE_NEGATIVE
RFQ731-003454,waveInjector,FWI,FALSE_NEGATIVE
RFQ731-001292,temperaturEingaenge,TT1,FALSE_NEGATIVE
RFQ731-002872,dataInterface,HS,FALSE_NEGATIVE
RFQ731-001136,protectionArea,N,FALSE_NEGATIVE
RFQ731-001219,certification,MN,FALSE_NEGATIVE
RFQ731-001548,steamApplication,H,FALSE_NEGATIVE
RFQ731-004625,dataInterface,NN,FALSE_NEGATIVE
RFQ731-002987,dataInterface,NN,FALSE_NEGATIVE
RFQ731-002030,protectionArea,N,FALSE_NEGATIVE
RFQ731-003152,steamApplication,N,FALSE_NEGATIVE
RFQ731-002835,dataInterface,NN,FALSE_NEGATIVE
RFQ731-001036,dataInterface,HS,FALSE_NEGATIVE
RFQ731-004481,protectionArea,N,FALSE_NEGATIVE
RFQ731-002210,protectionArea,N,FALSE_NEGATIVE
RFQ731-000387,explosionApproval,N,FALSE_NEGATIVE
RFQ731-001482,dataInterface,HS,FALSE_NEGATIVE
RFQ731-001083,dataInterface,NN,FALSE_NEGATIVE
RFQ731-000580,dataInterface,HS,FALSE_NEGATIVE
RFQ731-003289,certification,MN,FALSE_NEGATIVE
RFQ731-003903,temperaturEingaenge,TT1,FALSE_NEGATIVE
RFQ731-003500,dataInterface,NN,FALSE_NEGATIVE
RFQ731-002563,steamApplication,H,FALSE_NEGATIVE
RFQ731-003131,dataInterface,HS,FALSE_NEGATIVE
RFQ731-002240,characteristic,VG,FALSE_NEGATIVE
RFQ731-000593,dataInterface,HS,FALSE_NEGATIVE
RFQ731-003465,explosionApproval,F,FALSE_NEGATIVE
RFQ731-001508,steamApplication,H,FALSE_NEGATIVE
RFQ731-002793,protectionArea,N,FALSE_NEGATIVE
RFQ731-003954,dataInterface,NN,FALSE_NEGATIVE
RFQ731-004808,dataInterface,HS,FALSE_NEGATIVE
RFQ731-002566,devCategory,H,FALSE_NEGATIVE
RFQ731-004867,steamApplication,H,FALSE_NEGATIVE
RFQ731-002494,steamApplication,N,FALSE_NEGATIVE
RFQ731-003519,temperaturEingaenge,TT1,FALSE_NEGATIVE
RFQ731-003598,dataInterface,NN,FALSE_NEGATIVE
RFQ731-001761,certification,MN,FALSE_NEGATIVE
RFQ731-003999,dataInterface,PA,FALSE_NEGATIVE
RFQ731-004305,certification,MN,FALSE_NEGATIVE
RFQ731-000029,certification,MN,FALSE_NEGATIVE
RFQ731-004930,dataInterface,NN,FALSE_NEGATIVE
RFQ731-001482,devCategory,H,FALSE_NEGATIVE
RFQ731-002471,protectionArea,N,FALSE_NEGATIVE
RFQ731-001567,certification,MN,FALSE_NEGATIVE
RFQ731-001192,steamApplication,N,FALSE_NEGATIVE
RFQ731-000522,steamApplication,N,FALSE_NEGATIVE
RFQ731-004994,binaerDigitalOpenColl_MN,MN4,FALSE_NEGATIVE
RFQ731-002810,explosionApproval,N,FALSE_NEGATIVE
RFQ731-001174,dataInterface,HS,FALSE_NEGATIVE
RFQ731-003776,protectionArea,N,FALSE_NEGATIVE
RFQ731-002297,binaerDigitalOpenColl_MN,MN4,FALSE_NEGATIVE
RFQ731-004391,characteristic,CA,FALSE_NEGATIVE
RFQ731-000731,dataInterface,HS,FALSE_NEGATIVE
RFQ731-000381,protectionArea,N,FALSE_NEGATIVE
RFQ731-000259,explosionApproval,K,FALSE_NEGATIVE
RFQ731-003170,protectionArea,N,FALSE_NEGATIVE
RFQ731-003928,certification,MN,FALSE_NEGATIVE
RFQ731-001854,certification,MN,FALSE_NEGATIVE
RFQ731-000812,protectionArea,N,FALSE_NEGATIVE
RFQ731-003823,steamApplication,H,FALSE_NEGATIVE
RFQ731-002501,steamApplication,N,FALSE_NEGATIVE
RFQ731-002518,explosionApproval,A,FALSE_NEGATIVE
RFQ731-001622,explosionApproval,A,FALSE_NEGATIVE
RFQ731-003038,protectionArea,N,FALSE_NEGATIVE
RFQ731-002272,dataInterface,HS,FALSE_NEGATIVE
RFQ731-003957,steamApplication,H,FALSE_NEGATIVE
RFQ731-002714,protectionArea,N,FALSE_NEGATIVE
RFQ731-000514,explosionApproval,N,FALSE_NEGATIVE
RFQ731-001308,explosionApproval,F,FALSE_NEGATIVE
RFQ731-003657,certification,MN,FALSE_NEGATIVE
RFQ731-001359,temperaturEingaenge,TT1,FALSE_NEGATIVE
RFQ731-002130,dataInterface,HS,FALSE_NEGATIVE
RFQ731-001044,steamApplication,N,FALSE_NEGATIVE
RFQ731-003348,dataInterface,PA,FALSE_NEGATIVE
RFQ731-003059,dataInterface,HS,FALSE_NEGATIVE
RFQ731-003723,dataInterface,NN,FALSE_NEGATIVE
RFQ731-002329,explosionApproval,N,FALSE_NEGATIVE
RFQ731-003202,steamApplication,H,FALSE_NEGATIVE
RFQ731-001131,dataInterface,PA,FALSE_NEGATIVE
RFQ731-000141,steamApplication,H,FALSE_NEGATIVE
RFQ731-002973,waveInjector,FWI,FALSE_NEGATIVE
RFQ731-001348,dataInterface,HS,FALSE_NEGATIVE
RFQ731-000978,waveInjector,FWI,FALSE_NEGATIVE
RFQ731-002932,protectionArea,N,FALSE_NEGATIVE
RFQ731-003649,protectionArea,N,FALSE_NEGATIVE
RFQ731-003415,temperaturEingaenge,TT1,FALSE_NEGATIVE
RFQ731-001849,dataInterface,HS,FALSE_NEGATIVE
RFQ731-003333,steamApplication,H,FALSE_NEGATIVE
RFQ731-002167,temperaturEingaenge,TT1,FALSE_NEGATIVE
RFQ731-001537,certification,MN,FALSE_NEGATIVE
RFQ731-003137,steamApplication,H,FALSE_NEGATIVE
RFQ731-003172,explosionApproval,N,FALSE_NEGATIVE
RFQ731-000680,waveInjector,FWI,FALSE_NEGATIVE
RFQ731-004609,dataInterface,HS,FALSE_NEGATIVE
RFQ731-001847,certification,MN,FALSE_NEGATIVE
RFQ731-004740,certification,MN,FALSE_NEGATIVE
RFQ731-003175,characteristic,TE,FALSE_NEGATIVE
RFQ731-002078,dataInterface,NN,FALSE_NEGATIVE
RFQ731-000585,certification,MN,FALSE_NEGATIVE
RFQ731-004263,certification,MN,FALSE_NEGATIVE
RFQ731-004669,certification,MN,FALSE_NEGATIVE
RFQ731-004952,characteristic,TE,FALSE_NEGATIVE
RFQ731-003887,dataInterface,PA,FALSE_NEGATIVE
RFQ731-003839,dataInterface,HS,FALSE_NEGATIVE
RFQ731-001974,protectionArea,N,FALSE_NEGATIVE
RFQ731-002860,explosionApproval,N,FALSE_NEGATIVE
RFQ731-001232,characteristic,TE,FALSE_NEGATIVE
RFQ731-002984,steamApplication,N,FALSE_NEGATIVE
RFQ731-003934,temperaturEingaenge,TT1,FALSE_NEGATIVE
RFQ731-004444,protectionArea,N,FALSE_NEGATIVE
RFQ731-000601,dataInterface,HS,FALSE_NEGATIVE
RFQ731-000944,waveInjector,FWI,FALSE_NEGATIVE
RFQ731-002578,protectionArea,N,FALSE_NEGATIVE
RFQ731-002561,certification,MN,FALSE_NEGATIVE
RFQ731-001535,devCategory,S,FALSE_NEGATIVE
RFQ731-002214,characteristic,TE,FALSE_NEGATIVE
RFQ731-002291,dataInterface,NN,FALSE_NEGATIVE
RFQ731-004483,dataInterface,NN,FALSE_NEGATIVE
RFQ731-004058,steamApplication,N,FALSE_NEGATIVE
RFQ731-004110,characteristic,CA,FALSE_NEGATIVE
RFQ731-000804,explosionApproval,K,FALSE_NEGATIVE
RFQ731-002557,steamApplication,N,FALSE_NEGATIVE
RFQ731-000179,devCategory,H,FALSE_NEGATIVE
RFQ731-003018,steamApplication,N,FALSE_NEGATIVE
RFQ731-003531,certification,MN,FALSE_NEGATIVE
RFQ731-004526,protectionArea,N,FALSE_NEGATIVE
RFQ731-001676,certification,MN,FALSE_NEGATIVE
RFQ731-004914,certification,MN,FALSE_NEGATIVE
RFQ731-004723,explosionApproval,K,FALSE_NEGATIVE
RFQ731-004024,protectionArea,N,FALSE_NEGATIVE
RFQ731-001826,steamApplication,H,FALSE_NEGATIVE
RFQ731-002226,protectionArea,N,FALSE_NEGATIVE
RFQ731-002099,steamApplication,N,FALSE_NEGATIVE
RFQ731-000909,dataInterface,HS,FALSE_NEGATIVE
RFQ731-004261,protectionArea,N,FALSE_NEGATIVE
RFQ731-000191,devCategory,H,FALSE_NEGATIVE
RFQ731-004499,temperaturEingaenge,TT1,FALSE_NEGATIVE
RFQ731-001438,dataInterface,NN,FALSE_NEGATIVE
RFQ731-004736,steamApplication,H,FALSE_NEGATIVE
RFQ731-004926,powerSupply,4,FALSE_NEGATIVE
RFQ731-001271,dataInterface,MT,FALSE_NEGATIVE
RFQ731-003100,protectionArea,N,FALSE_NEGATIVE
RFQ731-000791,temperaturEingaenge,TT2,FALSE_NEGATIVE
RFQ731-003480,explosionApproval,N,FALSE_NEGATIVE
RFQ731-002350,certification,MN,FALSE_NEGATIVE
RFQ731-002391,dataInterface,PA,FALSE_NEGATIVE
RFQ731-004516,explosionApproval,N,FALSE_NEGATIVE
RFQ731-003447,certification,MN,FALSE_NEGATIVE
RFQ731-000612,certification,MN,FALSE_NEGATIVE
RFQ731-003881,steamApplication,H,FALSE_NEGATIVE
RFQ731-004849,steamApplication,H,FALSE_NEGATIVE
RFQ731-002692,characteristic,TE,FALSE_NEGATIVE
RFQ731-004320,explosionApproval,F,FALSE_NEGATIVE
RFQ731-000281,characteristic,TE,FALSE_NEGATIVE
RFQ731-000921,steamApplication,N,FALSE_NEGATIVE
RFQ731-001468,devCategory,S,FALSE_NEGATIVE
RFQ731-002353,devCategory,H,FALSE_NEGATIVE
RFQ731-000215,dataInterface,PA,FALSE_NEGATIVE
RFQ731-004040,dataInterface,HS,FALSE_NEGATIVE
RFQ731-004816,dataInterface,HS,FALSE_NEGATIVE
RFQ731-003865,dataInterface,MT,FALSE_NEGATIVE
RFQ731-003838,explosionApproval,N,FALSE_NEGATIVE
RFQ731-000397,dataInterface,NN,FALSE_NEGATIVE
RFQ731-004653,explosionApproval,N,FALSE_NEGATIVE
RFQ731-000299,protectionArea,N,FALSE_NEGATIVE
RFQ731-003248,dataInterface,HS,FALSE_NEGATIVE
RFQ731-001176,protectionArea,N,FALSE_NEGATIVE
RFQ731-000813,explosionApproval,F,FALSE_NEGATIVE
RFQ731-000271,dataInterface,MR,FALSE_NEGATIVE
RFQ731-004118,certification,MN,FALSE_NEGATIVE
RFQ731-000500,certification,MN,FALSE_NEGATIVE
RFQ731-002933,certification,MN,FALSE_NEGATIVE
RFQ731-004699,steamApplication,H,FALSE_NEGATIVE
RFQ731-001584,certification,MN,FALSE_NEGATIVE
RFQ731-003721,dataInterface,HS,FALSE_NEGATIVE
RFQ731-000347,dataInterface,NN,FALSE_NEGATIVE
RFQ731-003260,characteristic,PW,FALSE_NEGATIVE
RFQ731-002010,steamApplication,N,FALSE_NEGATIVE
RFQ731-004730,dataInterface,HS,FALSE_NEGATIVE
RFQ731-003347,explosionApproval,K,FALSE_NEGATIVE
RFQ731-000950,devCategory,H,FALSE_NEGATIVE
RFQ731-004685,dataInterface,HS,FALSE_NEGATIVE
RFQ731-000560,characteristic,TE,FALSE_NEGATIVE
RFQ731-000487,characteristic,TE,FALSE_NEGATIVE
RFQ731-003356,certification,MN,FALSE_NEGATIVE
RFQ731-002369,characteristic,TE,FALSE_NEGATIVE
RFQ731-000992,dataInterface,HS,FALSE_NEGATIVE
RFQ731-002357,protectionArea,N,FALSE_NEGATIVE
RFQ731-004464,steamApplication,H,FALSE_NEGATIVE
RFQ731-004770,certification,MN,FALSE_NEGATIVE
RFQ731-001064,steamApplication,H,FALSE_NEGATIVE
RFQ731-000462,dataInterface,NN,FALSE_NEGATIVE
RFQ731-003858,characteristic,CA,FALSE_NEGATIVE
RFQ731-001920,certification,MN,FALSE_NEGATIVE
RFQ731-001238,certification,MN,FALSE_NEGATIVE
RFQ731-004818,protectionArea,N,FALSE_NEGATIVE
RFQ731-003458,certification,MN,FALSE_NEGATIVE
RFQ731-001760,dataInterface,HS,FALSE_NEGATIVE
RFQ731-002151,dataInterface,NN,FALSE_NEGATIVE
RFQ731-000489,certification,MN,FALSE_NEGATIVE
RFQ731-001243,steamApplication,H,FALSE_NEGATIVE
RFQ731-003399,characteristic,CA,FALSE_NEGATIVE
RFQ731-000189,binaerOpenColl_MP,MP2,FALSE_NEGATIVE
RFQ731-001895,explosionApproval,F,FALSE_NEGATIVE
RFQ731-003216,devCategory,S,FALSE_NEGATIVE
RFQ731-003336,temperaturEingaenge,TT1,FALSE_NEGATIVE
RFQ731-002306,waveInjector,FWI,FALSE_NEGATIVE
RFQ731-000564,waveInjector,FWI,FALSE_NEGATIVE
RFQ731-000679,certification,MN,FALSE_NEGATIVE
RFQ731-004730,devCategory,H,FALSE_NEGATIVE
RFQ731-002420,binaerDigitalOpenColl_MN,MN4,FALSE_NEGATIVE
RFQ731-004727,waveInjector,FWI,FALSE_NEGATIVE
RFQ731-004795,devCategory,H,FALSE_NEGATIVE
RFQ731-001642,certification,MN,FALSE_NEGATIVE
RFQ731-004274,protectionArea,N,FALSE_NEGATIVE
RFQ731-003520,devCategory,S,FALSE_NEGATIVE
RFQ731-003015,dataInterface,PA,FALSE_NEGATIVE
RFQ731-003263,protectionArea,N,FALSE_NEGATIVE
RFQ731-001383,dataInterface,MT,FALSE_NEGATIVE
RFQ731-003293,dataInterface,HS,FALSE_NEGATIVE
RFQ731-004628,dataInterface,MT,FALSE_NEGATIVE
RFQ731-004187,dataInterface,NN,FALSE_NEGATIVE
RFQ731-003870,protectionArea,N,FALSE_NEGATIVE
RFQ731-002621,protectionArea,N,FALSE_NEGATIVE
RFQ731-002840,devCategory,S,FALSE_NEGATIVE
RFQ731-000152,certification,MN,FALSE_NEGATIVE
RFQ731-002433,devCategory,H,FALSE_NEGATIVE
RFQ731-004629,steamApplication,N,FALSE_NEGATIVE
RFQ731-000476,devCategory,S,FALSE_NEGATIVE
RFQ731-002578,dataInterface,PA,FALSE_NEGATIVE
RFQ731-004495,dataInterface,HS,FALSE_NEGATIVE
RFQ731-000385,temperaturEingaenge,TT2,FALSE_NEGATIVE
RFQ731-003942,devCategory,S,FALSE_NEGATIVE
RFQ731-004666,steamApplication,H,FALSE_NEGATIVE
RFQ731-003769,protectionArea,N,FALSE_NEGATIVE
RFQ731-000028,steamApplication,H,FALSE_NEGATIVE
RFQ731-003752,certification,MN,FALSE_NEGATIVE
RFQ731-002206,explosionApproval,N,FALSE_NEGATIVE
RFQ731-001026,certification,MN,FALSE_NEGATIVE
RFQ731-001155,certification,MN,FALSE_NEGATIVE
RFQ731-004100,steamApplication,N,FALSE_NEGATIVE
RFQ731-004088,protectionArea,N,FALSE_NEGATIVE
RFQ731-000475,protectionArea,N,FALSE_NEGATIVE
RFQ731-000084,dataInterface,HS,FALSE_NEGATIVE
RFQ731-002139,binaerDigitalOpenColl_MN,MN4,FALSE_NEGATIVE
RFQ731-001236,protectionArea,N,FALSE_NEGATIVE
RFQ731-004525,dataInterface,HS,FALSE_NEGATIVE
RFQ731-001268,dataInterface,HS,FALSE_NEGATIVE
RFQ731-003918,dataInterface,NN,FALSE_NEGATIVE
RFQ731-003045,dataInterface,HS,FALSE_NEGATIVE
RFQ731-000214,dataInterface,NN,FALSE_NEGATIVE
RFQ731-003401,steamApplication,H,FALSE_NEGATIVE
RFQ731-000203,steamApplication,H,FALSE_NEGATIVE
RFQ731-000672,protectionArea,N,FALSE_NEGATIVE
RFQ731-000995,waveInjector,FWI,FALSE_NEGATIVE
RFQ731-000058,dataInterface,HS,FALSE_NEGATIVE
RFQ731-001590,dataInterface,HS,FALSE_NEGATIVE
RFQ731-001913,explosionApproval,N,FALSE_NEGATIVE
RFQ731-002218,protectionArea,N,FALSE_NEGATIVE
RFQ731-000889,characteristic,CA,FALSE_NEGATIVE
RFQ731-004073,steamApplication,N,FALSE_NEGATIVE
RFQ731-001046,dataInterface,HS,FALSE_NEGATIVE
RFQ731-002468,certification,MN,FALSE_NEGATIVE
RFQ731-002413,waveInjector,FWI,FALSE_NEGATIVE
RFQ731-001465,certification,MN,FALSE_NEGATIVE
RFQ731-001686,steamApplication,H,FALSE_NEGATIVE
RFQ731-003579,temperaturEingaenge,TT1,FALSE_NEGATIVE
RFQ731-001701,dataInterface,HS,FALSE_NEGATIVE
RFQ731-000864,certification,MN,FALSE_NEGATIVE
RFQ731-003329,temperaturEingaenge,TT1,FALSE_NEGATIVE
RFQ731-002204,steamApplication,H,FALSE_NEGATIVE
RFQ731-002046,explosionApproval,F,FALSE_NEGATIVE
RFQ731-001126,dataInterface,HS,FALSE_NEGATIVE
RFQ731-003119,protectionArea,N,FALSE_NEGATIVE
RFQ731-002634,explosionApproval,N,FALSE_NEGATIVE
RFQ731-000892,binaerOpenColl_MP,MP2,FALSE_NEGATIVE
RFQ731-002647,explosionApproval,N,FALSE_NEGATIVE
RFQ731-003299,protectionArea,N,FALSE_NEGATIVE
RFQ731-000240,dataInterface,HS,FALSE_NEGATIVE
RFQ731-004025,dataInterface,MT,FALSE_NEGATIVE
RFQ731-000175,steamApplication,N,FALSE_NEGATIVE
RFQ731-003512,waveInjector,FWI,FALSE_NEGATIVE
RFQ731-001695,protectionArea,N,FALSE_NEGATIVE
RFQ731-002132,dataInterface,HS,FALSE_NEGATIVE
RFQ731-003605,waveInjector,FWI,FALSE_NEGATIVE
RFQ731-003757,protectionArea,N,FALSE_NEGATIVE
RFQ731-000373,binaerDigitalOpenColl_MN,MN4,FALSE_NEGATIVE
RFQ731-004617,protectionArea,N,FALSE_NEGATIVE
RFQ731-004602,protectionArea,N,FALSE_NEGATIVE
RFQ731-001028,explosionApproval,K,FALSE_NEGATIVE
RFQ731-000211,dataInterface,HS,FALSE_NEGATIVE
RFQ731-003490,characteristic,PW,FALSE_NEGATIVE
RFQ731-003880,steamApplication,N,FALSE_NEGATIVE
RFQ731-004918,steamApplication,H,FALSE_NEGATIVE
RFQ731-003218,devCategory,H,FALSE_NEGATIVE
RFQ731-002465,dataInterface,HS,FALSE_NEGATIVE
RFQ731-001657,temperaturEingaenge,TT1,FALSE_NEGATIVE
RFQ731-003051,characteristic,CA,FALSE_NEGATIVE
RFQ731-003085,dataInterface,HS,FALSE_NEGATIVE
RFQ731-000498,explosionApproval,A,FALSE_NEGATIVE
RFQ731-002792,steamApplication,H,FALSE_NEGATIVE
RFQ731-001221,dataInterface,PA,FALSE_NEGATIVE
RFQ731-004431,steamApplication,H,FALSE_NEGATIVE
RFQ731-002254,dataInterface,HS,FALSE_NEGATIVE
RFQ731-000492,certification,MN,FALSE_NEGATIVE
RFQ731-003354,steamApplication,N,FALSE_NEGATIVE
RFQ731-003173,characteristic,CA,FALSE_NEGATIVE
RFQ731-000756,waveInjector,FWI,FALSE_NEGATIVE
RFQ731-000143,dataInterface,NN,FALSE_NEGATIVE
RFQ731-000072,explosionApproval,N,FALSE_NEGATIVE
RFQ731-004127,protectionArea,N,FALSE_NEGATIVE
RFQ731-003836,dataInterface,HS,FALSE_NEGATIVE
RFQ731-004227,protectionArea,N,FALSE_NEGATIVE
RFQ731-001737,certification,MN,FALSE_NEGATIVE
RFQ731-001639,protectionArea,N,FALSE_NEGATIVE
RFQ731-003799,dataInterface,HS,FALSE_NEGATIVE
RFQ731-004267,dataInterface,PA,FALSE_NEGATIVE
RFQ731-004221,steamApplication,H,FALSE_NEGATIVE
RFQ731-003815,protectionArea,N,FALSE_NEGATIVE
RFQ731-001143,dataInterface,HS,FALSE_NEGATIVE
RFQ731-001743,certification,MN,FALSE_NEGATIVE
RFQ731-003707,certification,MN,FALSE_NEGATIVE
RFQ731-004735,steamApplication,N,FALSE_NEGATIVE
RFQ731-002170,devCategory,S,FALSE_NEGATIVE
RFQ731-001256,protectionArea,N,FALSE_NEGATIVE
RFQ731-004503,waveInjector,FWI,FALSE_NEGATIVE
RFQ731-001281,protectionArea,N,FALSE_NEGATIVE
RFQ731-000117,dataInterface,HS,FALSE_NEGATIVE
RFQ731-003317,protectionArea,N,FALSE_NEGATIVE
RFQ731-001513,protectionArea,N,FALSE_NEGATIVE
RFQ731-000862,steamApplication,H,FALSE_NEGATIVE
RFQ731-004985,protectionArea,N,FALSE_NEGATIVE
RFQ731-001614,waveInjector,FWI,FALSE_NEGATIVE
RFQ731-003937,binaerDigitalOpenColl_MN,MN4,FALSE_NEGATIVE
RFQ731-004795,dataInterface,NN,FALSE_NEGATIVE
RFQ731-004761,steamApplication,N,FALSE_NEGATIVE
RFQ731-002564,temperaturEingaenge,TT1,FALSE_NEGATIVE
RFQ731-001620,certification,MN,FALSE_NEGATIVE
RFQ731-000728,protectionArea,N,FALSE_NEGATIVE
RFQ731-001067,dataInterface,NN,FALSE_NEGATIVE
RFQ731-001487,certification,MN,FALSE_NEGATIVE
RFQ731-003914,dataInterface,HS,FALSE_NEGATIVE
RFQ731-004386,certification,MN,FALSE_NEGATIVE
RFQ731-003511,explosionApproval,K,FALSE_NEGATIVE
RFQ731-000467,devCategory,H,FALSE_NEGATIVE
RFQ731-002900,protectionArea,N,FALSE_NEGATIVE
RFQ731-001677,devCategory,S,FALSE_NEGATIVE
RFQ731-003363,certification,MN,FALSE_NEGATIVE
RFQ731-003572,explosionApproval,N,FALSE_NEGATIVE
RFQ731-004865,certification,MN,FALSE_NEGATIVE
RFQ731-001168,dataInterface,PA,FALSE_NEGATIVE
RFQ731-000319,waveInjector,FWI,FALSE_NEGATIVE
RFQ731-003221,stromEingaenge,IS2,FALSE_NEGATIVE
RFQ731-000830,protectionArea,N,FALSE_NEGATIVE
RFQ731-002037,dataInterface,HS,FALSE_NEGATIVE
RFQ731-001499,devCategory,H,FALSE_NEGATIVE
RFQ731-004231,steamApplication,H,FALSE_NEGATIVE
RFQ731-000238,waveInjector,FWI,FALSE_NEGATIVE
RFQ731-000108,dataInterface,HS,FALSE_NEGATIVE
RFQ731-000140,steamApplication,N,FALSE_NEGATIVE
RFQ731-002387,dataInterface,HS,FALSE_NEGATIVE
RFQ731-002859,characteristic,PW,FALSE_NEGATIVE
RFQ731-000115,devCategory,H,FALSE_NEGATIVE
RFQ731-004573,certification,MN,FALSE_NEGATIVE
RFQ731-000321,dataInterface,NN,FALSE_NEGATIVE
RFQ731-000821,dataInterface,HS,FALSE_NEGATIVE
RFQ731-003422,explosionApproval,F,FALSE_NEGATIVE
RFQ731-001939,characteristic,PW,FALSE_NEGATIVE
RFQ731-002948,dataInterface,HS,FALSE_NEGATIVE
RFQ731-001841,certification,MN,FALSE_NEGATIVE
RFQ731-002563,waveInjector,FWI,FALSE_NEGATIVE
RFQ731-001425,dataInterface,HS,FALSE_NEGATIVE
RFQ731-000740,certification,MN,FALSE_NEGATIVE
RFQ731-000037,devCategory,H,FALSE_NEGATIVE
RFQ731-000672,dataInterface,PA,FALSE_NEGATIVE
RFQ731-004994,explosionApproval,F,FALSE_NEGATIVE
RFQ731-002460,waveInjector,FWI,FALSE_NEGATIVE
RFQ731-004364,protectionArea,N,FALSE_NEGATIVE
RFQ731-002122,certification,MN,FALSE_NEGATIVE
RFQ731-004091,certification,MN,FALSE_NEGATIVE
RFQ731-002924,certification,MN,FALSE_NEGATIVE
RFQ731-003928,explosionApproval,N,FALSE_NEGATIVE
RFQ731-000232,steamApplication,H,FALSE_NEGATIVE
RFQ731-000084,certification,MN,FALSE_NEGATIVE
RFQ731-003963,protectionArea,N,FALSE_NEGATIVE
RFQ731-000453,steamApplication,H,FALSE_NEGATIVE
RFQ731-000139,dataInterface,HS,FALSE_NEGATIVE
RFQ731-004442,characteristic,TE,FALSE_NEGATIVE
RFQ731-003175,temperaturEingaenge,TT2,FALSE_NEGATIVE
RFQ731-004062,devCategory,S,FALSE_NEGATIVE
RFQ731-004719,devCategory,S,FALSE_NEGATIVE
RFQ731-004557,protectionArea,N,FALSE_NEGATIVE
RFQ731-004668,dataInterface,NN,FALSE_NEGATIVE
RFQ731-004300,devCategory,S,FALSE_NEGATIVE
RFQ731-001269,dataInterface,HS,FALSE_NEGATIVE
RFQ731-004019,steamApplication,H,FALSE_NEGATIVE
RFQ731-000112,dataInterface,HS,FALSE_NEGATIVE
RFQ731-001427,dataInterface,HS,FALSE_NEGATIVE
RFQ731-001682,devCategory,H,FALSE_NEGATIVE
RFQ731-000576,waveInjector,FWI,FALSE_NEGATIVE
RFQ731-000963,dataInterface,NN,FALSE_NEGATIVE
RFQ731-000861,protectionArea,N,FALSE_NEGATIVE
RFQ731-004027,steamApplication,N,FALSE_NEGATIVE
RFQ731-004995,binaerDigitalOpenColl_MN,MN4,FALSE_NEGATIVE
RFQ731-000086,characteristic,CA,FALSE_NEGATIVE
RFQ731-001995,characteristic,CA,FALSE_NEGATIVE
RFQ731-002099,protectionArea,N,FALSE_NEGATIVE
RFQ731-002241,steamApplication,H,FALSE_NEGATIVE
RFQ731-000874,dataInterface,PA,FALSE_NEGATIVE
RFQ731-001101,steamApplication,N,FALSE_NEGATIVE
RFQ731-004650,certification,MN,FALSE_NEGATIVE
RFQ731-004016,protectionArea,N,FALSE_NEGATIVE
RFQ731-002493,binaerOpenColl_MP,MP2,FALSE_NEGATIVE
RFQ731-000066,dataInterface,PA,FALSE_NEGATIVE
RFQ731-002633,dataInterface,HS,FALSE_NEGATIVE
RFQ731-004525,certification,MN,FALSE_NEGATIVE
RFQ731-004089,steamApplication,H,FALSE_NEGATIVE
RFQ731-004964,binaerDigitalOpenColl_MN,MN4,FALSE_NEGATIVE
RFQ731-002742,characteristic,TE,FALSE_NEGATIVE
RFQ731-001754,dataInterface,NN,FALSE_NEGATIVE
RFQ731-004885,characteristic,TE,FALSE_NEGATIVE
RFQ731-003737,steamApplication,H,FALSE_NEGATIVE
RFQ731-001239,devCategory,S,FALSE_NEGATIVE
RFQ731-001633,explosionApproval,N,FALSE_NEGATIVE
RFQ731-001770,dataInterface,NN,FALSE_NEGATIVE
RFQ731-003258,dataInterface,PA,FALSE_NEGATIVE
RFQ731-002844,dataInterface,NN,FALSE_NEGATIVE
RFQ731-003077,characteristic,PW,FALSE_NEGATIVE
RFQ731-003581,steamApplication,N,FALSE_NEGATIVE
RFQ731-002656,stromEingaenge,IS2,FALSE_NEGATIVE
RFQ731-002167,dataInterface,HS,FALSE_NEGATIVE
RFQ731-002915,dataInterface,PA,FALSE_NEGATIVE
RFQ731-002842,waveInjector,FWI,FALSE_NEGATIVE
RFQ731-003826,steamApplication,N,FALSE_NEGATIVE
RFQ731-001561,dataInterface,HS,FALSE_NEGATIVE
RFQ731-001452,protectionArea,N,FALSE_NEGATIVE
RFQ731-000924,dataInterface,NN,FALSE_NEGATIVE
RFQ731-001513,dataInterface,PA,FALSE_NEGATIVE
RFQ731-000399,explosionApproval,N,FALSE_NEGATIVE
RFQ731-003836,certification,MN,FALSE_NEGATIVE
RFQ731-004967,protectionArea,N,FALSE_NEGATIVE
RFQ731-002754,explosionApproval,N,FALSE_NEGATIVE
RFQ731-002282,protectionArea,N,FALSE_NEGATIVE
RFQ731-004018,temperaturEingaenge,TT1,FALSE_NEGATIVE
RFQ731-002867,dataInterface,NN,FALSE_NEGATIVE
RFQ731-001676,explosionApproval,N,FALSE_NEGATIVE
RFQ731-000127,certification,MN,FALSE_NEGATIVE
RFQ731-000569,dataInterface,HS,FALSE_NEGATIVE
RFQ731-001945,dataInterface,HS,FALSE_NEGATIVE
RFQ731-003043,devCategory,S,FALSE_NEGATIVE
RFQ731-004845,steamApplication,N,FALSE_NEGATIVE
RFQ731-000199,steamApplication,N,FALSE_NEGATIVE
RFQ731-000217,characteristic,PW,FALSE_NEGATIVE
RFQ731-002445,characteristic,VG,FALSE_NEGATIVE
RFQ731-003459,dataInterface,HS,FALSE_NEGATIVE
RFQ731-001755,protectionArea,N,FALSE_NEGATIVE
RFQ731-003959,temperaturEingaenge,TT1,FALSE_NEGATIVE
RFQ731-003713,characteristic,TE,FALSE_NEGATIVE
RFQ731-003234,dataInterface,MT,FALSE_NEGATIVE
RFQ731-000362,certification,MN,FALSE_NEGATIVE
RFQ731-002393,explosionApproval,N,FALSE_NEGATIVE
RFQ731-004460,temperaturEingaenge,TT1,FALSE_NEGATIVE
RFQ731-000945,dataInterface,NN,FALSE_NEGATIVE
RFQ731-000205,dataInterface,NN,FALSE_NEGATIVE
RFQ731-001234,certification,MN,FALSE_NEGATIVE
RFQ731-004821,certification,MN,FALSE_NEGATIVE
RFQ731-002391,characteristic,CA,FALSE_NEGATIVE
RFQ731-002840,waveInjector,FWI,FALSE_NEGATIVE
RFQ731-004078,explosionApproval,F,FALSE_NEGATIVE
RFQ731-002617,dataInterface,NN,FALSE_NEGATIVE
RFQ731-001235,dataInterface,HS,FALSE_NEGATIVE
RFQ731-001493,waveInjector,FWI,FALSE_NEGATIVE
RFQ731-000741,certification,MN,FALSE_NEGATIVE
RFQ731-002626,characteristic,PW,FALSE_NEGATIVE
RFQ731-000750,dataInterface,HS,FALSE_NEGATIVE
RFQ731-002387,certification,MN,FALSE_NEGATIVE
RFQ731-000036,protectionArea,N,FALSE_NEGATIVE
RFQ731-000019,dataInterface,HS,FALSE_NEGATIVE
RFQ731-002744,protectionArea,N,FALSE_NEGATIVE
RFQ731-002328,protectionArea,N,FALSE_NEGATIVE
RFQ731-002725,protectionArea,N,FALSE_NEGATIVE
RFQ731-003000,binaerOpenColl_MP,MP2,FALSE_NEGATIVE
RFQ731-000374,dataInterface,NN,FALSE_NEGATIVE
RFQ731-003231,steamApplication,N,FALSE_NEGATIVE
RFQ731-002845,dataInterface,NN,FALSE_NEGATIVE
RFQ731-000421,steamApplication,H,FALSE_NEGATIVE
RFQ731-002822,certification,MN,FALSE_NEGATIVE
RFQ731-004112,steamApplication,H,FALSE_NEGATIVE
RFQ731-002541,dataInterface,HS,FALSE_NEGATIVE
RFQ731-002339,steamApplication,N,FALSE_NEGATIVE
RFQ731-004748,dataInterface,NN,FALSE_NEGATIVE
RFQ731-002596,dataInterface,NN,FALSE_NEGATIVE
RFQ731-002822,dataInterface,NN,FALSE_NEGATIVE
RFQ731-002380,certification,MN,FALSE_NEGATIVE
RFQ731-004451,explosionApproval,N,FALSE_NEGATIVE
RFQ731-004118,explosionApproval,N,FALSE_NEGATIVE
RFQ731-001599,certification,MN,FALSE_NEGATIVE
RFQ731-004074,steamApplication,H,FALSE_NEGATIVE
RFQ731-004641,dataInterface,HS,FALSE_NEGATIVE
RFQ731-000282,certification,MN,FALSE_NEGATIVE
RFQ731-002231,stromSchaltbar,CS2,FALSE_NEGATIVE
RFQ731-000729,waveInjector,FWI,FALSE_NEGATIVE
RFQ731-003102,dataInterface,PA,FALSE_NEGATIVE
RFQ731-004629,protectionArea,N,FALSE_NEGATIVE
RFQ731-000485,dataInterface,NN,FALSE_NEGATIVE
RFQ731-000170,dataInterface,NN,FALSE_NEGATIVE
RFQ731-001511,steamApplication,N,FALSE_NEGATIVE
RFQ731-002603,waveInjector,FWI,FALSE_NEGATIVE
RFQ731-004215,dataInterface,HS,FALSE_NEGATIVE
RFQ731-002017,dataInterface,HS,FALSE_NEGATIVE
RFQ731-001306,waveInjector,FWI,FALSE_NEGATIVE
RFQ731-003266,steamApplication,H,FALSE_NEGATIVE
RFQ731-001341,explosionApproval,F,FALSE_NEGATIVE
RFQ731-003514,characteristic,VG,FALSE_NEGATIVE
RFQ731-004076,protectionArea,N,FALSE_NEGATIVE
RFQ731-003183,explosionApproval,K,FALSE_NEGATIVE
RFQ731-001204,dataInterface,NN,FALSE_NEGATIVE
RFQ731-003495,binaerDigitalOpenColl_MN,MN4,FALSE_NEGATIVE
RFQ731-002831,steamApplication,H,FALSE_NEGATIVE
RFQ731-002037,certification,MN,FALSE_NEGATIVE
RFQ731-000578,dataInterface,HS,FALSE_NEGATIVE
RFQ731-003676,protectionArea,N,FALSE_NEGATIVE
RFQ731-003287,steamApplication,N,FALSE_NEGATIVE
RFQ731-000027,protectionArea,N,FALSE_NEGATIVE
RFQ731-002709,steamApplication,N,FALSE_NEGATIVE
RFQ731-000165,dataInterface,HS,FALSE_NEGATIVE
RFQ731-003199,stromEingaenge,IS2,FALSE_NEGATIVE
RFQ731-003793,dataInterface,HS,FALSE_NEGATIVE
RFQ731-004129,devCategory,S,FALSE_NEGATIVE
RFQ731-001064,waveInjector,FWI,FALSE_NEGATIVE
RFQ731-003172,certification,MN,FALSE_NEGATIVE
RFQ731-000473,certification,MN,FALSE_NEGATIVE
RFQ731-001309,dataInterface,MT,FALSE_NEGATIVE
RFQ731-004769,waveInjector,FWI,FALSE_NEGATIVE
RFQ731-002420,explosionApproval,F,FALSE_NEGATIVE
RFQ731-001076,temperaturEingaenge,TT1,FALSE_NEGATIVE
RFQ731-004523,certification,MN,FALSE_NEGATIVE
RFQ731-001183,steamApplication,H,FALSE_NEGATIVE
RFQ731-004079,dataInterface,HS,FALSE_NEGATIVE
RFQ731-004917,explosionApproval,N,FALSE_NEGATIVE
RFQ731-001139,dataInterface,HS,FALSE_NEGATIVE
RFQ731-004646,dataInterface,NN,FALSE_NEGATIVE
RFQ731-004950,dataInterface,HS,FALSE_NEGATIVE
RFQ731-000075,dataInterface,HS,FALSE_NEGATIVE
RFQ731-000308,dataInterface,HS,FALSE_NEGATIVE
RFQ731-001232,dataInterface,PA,FALSE_NEGATIVE
RFQ731-003973,dataInterface,HS,FALSE_NEGATIVE
RFQ731-001214,explosionApproval,N,FALSE_NEGATIVE
RFQ731-001722,steamApplication,N,FALSE_NEGATIVE
RFQ731-002850,explosionApproval,N,FALSE_NEGATIVE
RFQ731-002174,dataInterface,HS,FALSE_NEGATIVE
RFQ731-003908,certification,MN,FALSE_NEGATIVE
RFQ731-000266,certification,MN,FALSE_NEGATIVE
RFQ731-000869,certification,MN,FALSE_NEGATIVE
RFQ731-002396,dataInterface,NN,FALSE_NEGATIVE
RFQ731-004278,steamApplication,H,FALSE_NEGATIVE
RFQ731-001452,dataInterface,PA,FALSE_NEGATIVE
RFQ731-003442,certification,MN,FALSE_NEGATIVE
RFQ731-000254,certification,MN,FALSE_NEGATIVE
RFQ731-002510,steamApplication,N,FALSE_NEGATIVE
RFQ731-001715,explosionApproval,F,FALSE_NEGATIVE
RFQ731-002776,devCategory,H,FALSE_NEGATIVE
RFQ731-001050,characteristic,TE,FALSE_NEGATIVE
RFQ731-003037,steamApplication,H,FALSE_NEGATIVE
RFQ731-000011,steamApplication,H,FALSE_NEGATIVE
RFQ731-002324,steamApplication,H,FALSE_NEGATIVE
RFQ731-002125,devCategory,H,FALSE_NEGATIVE
RFQ731-001612,steamApplication,N,FALSE_NEGATIVE
RFQ731-000633,steamApplication,H,FALSE_NEGATIVE
RFQ731-004249,protectionArea,N,FALSE_NEGATIVE
RFQ731-002988,dataInterface,HS,FALSE_NEGATIVE
RFQ731-004887,protectionArea,N,FALSE_NEGATIVE
RFQ731-000276,dataInterface,HS,FALSE_NEGATIVE
RFQ731-001186,dataInterface,HS,FALSE_NEGATIVE
RFQ731-004167,temperaturEingaenge,TT1,FALSE_NEGATIVE
RFQ731-001611,characteristic,PW,FALSE_NEGATIVE
RFQ731-003679,dataInterface,HS,FALSE_NEGATIVE
RFQ731-001300,certification,MN,FALSE_NEGATIVE
RFQ731-002343,certification,MN,FALSE_NEGATIVE
RFQ731-001301,protectionArea,N,FALSE_NEGATIVE
RFQ731-002260,dataInterface,HS,FALSE_NEGATIVE
RFQ731-003858,dataInterface,PA,FALSE_NEGATIVE
RFQ731-003108,steamApplication,H,FALSE_NEGATIVE
RFQ731-000277,temperaturEingaenge,TT1,FALSE_NEGATIVE
RFQ731-000634,protectionArea,N,FALSE_NEGATIVE
RFQ731-002692,dataInterface,PA,FALSE_NEGATIVE
RFQ731-002990,devCategory,S,FALSE_NEGATIVE
RFQ731-004063,certification,MN,FALSE_NEGATIVE
RFQ731-004630,devCategory,H,FALSE_NEGATIVE
RFQ731-003385,waveInjector,FWI,FALSE_NEGATIVE
RFQ731-002904,waveInjector,FWI,FALSE_NEGATIVE
RFQ731-001923,dataInterface,PA,FALSE_NEGATIVE
RFQ731-001001,dataInterface,HS,FALSE_NEGATIVE
RFQ731-000920,dataInterface,NN,FALSE_NEGATIVE
RFQ731-004063,dataInterface,NN,FALSE_NEGATIVE
RFQ731-004492,certification,MN,FALSE_NEGATIVE
RFQ731-001194,powerSupply,4,FALSE_NEGATIVE
RFQ731-004427,steamApplication,N,FALSE_NEGATIVE
RFQ731-002354,certification,MN,FALSE_NEGATIVE
RFQ731-004445,steamApplication,H,FALSE_NEGATIVE
RFQ731-002796,certification,MN,FALSE_NEGATIVE
RFQ731-002849,dataInterface,MT,FALSE_NEGATIVE
RFQ731-001999,steamApplication,H,FALSE_NEGATIVE
RFQ731-002546,steamApplication,H,FALSE_NEGATIVE
RFQ731-003579,dataInterface,HS,FALSE_NEGATIVE
RFQ731-002491,dataInterface,HS,FALSE_NEGATIVE
RFQ731-000606,steamApplication,N,FALSE_NEGATIVE
RFQ731-002167,certification,MN,FALSE_NEGATIVE
RFQ731-000913,dataInterface,HS,FALSE_NEGATIVE
RFQ731-002693,dataInterface,NN,FALSE_NEGATIVE
RFQ731-003351,dataInterface,HS,FALSE_NEGATIVE
RFQ731-001569,protectionArea,N,FALSE_NEGATIVE
RFQ731-003219,certification,MN,FALSE_NEGATIVE
RFQ731-002026,devCategory,S,FALSE_NEGATIVE
RFQ731-002906,dataInterface,HS,FALSE_NEGATIVE
RFQ731-003448,dataInterface,HS,FALSE_NEGATIVE
RFQ731-002145,certification,MN,FALSE_NEGATIVE
RFQ731-004870,devCategory,H,FALSE_NEGATIVE
RFQ731-004578,characteristic,TE,FALSE_NEGATIVE
RFQ731-001921,dataInterface,NN,FALSE_NEGATIVE
RFQ731-001756,certification,MN,FALSE_NEGATIVE
RFQ731-001691,dataInterface,NN,FALSE_NEGATIVE
RFQ731-001058,steamApplication,N,FALSE_NEGATIVE
RFQ731-002044,dataInterface,MR,FALSE_NEGATIVE
RFQ731-002369,dataInterface,PA,FALSE_NEGATIVE
RFQ731-002388,steamApplication,N,FALSE_NEGATIVE
RFQ731-004371,temperaturEingaenge,TT1,FALSE_NEGATIVE
RFQ731-001343,protectionArea,N,FALSE_NEGATIVE
RFQ731-003016,certification,MN,FALSE_NEGATIVE
RFQ731-002329,steamApplication,H,FALSE_NEGATIVE
RFQ731-002779,steamApplication,N,FALSE_NEGATIVE
RFQ731-001831,characteristic,TE,FALSE_NEGATIVE
RFQ731-000942,steamApplication,H,FALSE_NEGATIVE
RFQ731-002954,protectionArea,N,FALSE_NEGATIVE
RFQ731-002708,characteristic,TE,FALSE_NEGATIVE
RFQ731-000450,characteristic,TE,FALSE_NEGATIVE
RFQ731-001616,waveInjector,FWI,FALSE_NEGATIVE
RFQ731-001075,steamApplication,N,FALSE_NEGATIVE
RFQ731-004041,dataInterface,HS,FALSE_NEGATIVE
RFQ731-004215,certification,MN,FALSE_NEGATIVE
RFQ731-002559,steamApplication,H,FALSE_NEGATIVE
RFQ731-002017,certification,MN,FALSE_NEGATIVE
RFQ731-000189,dataInterface,MR,FALSE_NEGATIVE
RFQ731-004841,protectionArea,N,FALSE_NEGATIVE
RFQ731-003592,explosionApproval,F,FALSE_NEGATIVE
RFQ731-002655,certification,MN,FALSE_NEGATIVE
RFQ731-000209,powerSupply,4,FALSE_NEGATIVE
RFQ731-001220,protectionArea,N,FALSE_NEGATIVE
RFQ731-003725,explosionApproval,N,FALSE_NEGATIVE
RFQ731-002544,steamApplication,N,FALSE_NEGATIVE
RFQ731-001574,certification,MN,FALSE_NEGATIVE
RFQ731-003564,powerSupply,4,FALSE_NEGATIVE
RFQ731-002307,dataInterface,PA,FALSE_NEGATIVE
RFQ731-004690,characteristic,PW,FALSE_NEGATIVE
RFQ731-003637,steamApplication,N,FALSE_NEGATIVE
RFQ731-003975,certification,MN,FALSE_NEGATIVE
RFQ731-004195,protectionArea,N,FALSE_NEGATIVE
RFQ731-004209,dataInterface,NN,FALSE_NEGATIVE
RFQ731-001367,dataInterface,MR,FALSE_NEGATIVE
RFQ731-004173,waveInjector,FWI,FALSE_NEGATIVE
RFQ731-001311,steamApplication,H,FALSE_NEGATIVE
RFQ731-004932,binaerOpenColl_MP,MP2,FALSE_NEGATIVE
RFQ731-003115,explosionApproval,F,FALSE_NEGATIVE
RFQ731-000317,steamApplication,N,FALSE_NEGATIVE
RFQ731-004240,certification,MN,FALSE_NEGATIVE
RFQ731-001769,protectionArea,N,FALSE_NEGATIVE
RFQ731-004330,dataInterface,HS,FALSE_NEGATIVE
RFQ731-000279,certification,MN,FALSE_NEGATIVE
RFQ731-004596,temperaturEingaenge,TT1,FALSE_NEGATIVE
RFQ731-003455,steamApplication,H,FALSE_NEGATIVE
RFQ731-003704,dataInterface,HS,FALSE_NEGATIVE
RFQ731-001767,dataInterface,HS,FALSE_NEGATIVE
RFQ731-003641,protectionArea,N,FALSE_NEGATIVE
RFQ731-003947,explosionApproval,K,FALSE_NEGATIVE
RFQ731-002344,devCategory,S,FALSE_NEGATIVE
RFQ731-003519,steamApplication,H,FALSE_NEGATIVE
RFQ731-004233,steamApplication,N,FALSE_NEGATIVE
RFQ731-002848,steamApplication,N,FALSE_NEGATIVE
RFQ731-001995,protectionArea,N,FALSE_NEGATIVE
RFQ731-004123,explosionApproval,A,FALSE_NEGATIVE
RFQ731-002972,certification,MN,FALSE_NEGATIVE
RFQ731-001433,dataInterface,HS,FALSE_NEGATIVE
RFQ731-001547,dataInterface,HS,FALSE_NEGATIVE
RFQ731-001883,protectionArea,N,FALSE_NEGATIVE
RFQ731-000352,steamApplication,N,FALSE_NEGATIVE
RFQ731-000310,steamApplication,N,FALSE_NEGATIVE
RFQ731-001908,steamApplication,H,FALSE_NEGATIVE
RFQ731-003764,dataInterface,HS,FALSE_NEGATIVE
RFQ731-000740,explosionApproval,N,FALSE_NEGATIVE
RFQ731-004713,explosionApproval,F,FALSE_NEGATIVE
RFQ731-004704,dataInterface,HS,FALSE_NEGATIVE
RFQ731-004119,binaerDigitalOpenColl_MN,MN4,FALSE_NEGATIVE
RFQ731-000184,explosionApproval,N,FALSE_NEGATIVE
RFQ731-004638,dataInterface,NN,FALSE_NEGATIVE
RFQ731-000599,dataInterface,HS,FALSE_NEGATIVE
RFQ731-002497,waveInjector,FWI,FALSE_NEGATIVE
RFQ731-004574,steamApplication,N,FALSE_NEGATIVE
RFQ731-003022,protectionArea,N,FALSE_NEGATIVE
RFQ731-003305,dataInterface,HS,FALSE_NEGATIVE
RFQ731-001588,steamApplication,H,FALSE_NEGATIVE
RFQ731-002821,steamApplication,H,FALSE_NEGATIVE
RFQ731-000672,characteristic,CA,FALSE_NEGATIVE
RFQ731-000690,dataInterface,HS,FALSE_NEGATIVE
RFQ731-001289,dataInterface,HS,FALSE_NEGATIVE
RFQ731-004225,dataInterface,NN,FALSE_NEGATIVE
RFQ731-000696,dataInterface,HS,FALSE_NEGATIVE
RFQ731-002413,explosionApproval,K,FALSE_NEGATIVE
RFQ731-002173,protectionArea,N,FALSE_NEGATIVE
RFQ731-003757,dataInterface,HS,FALSE_NEGATIVE
RFQ731-001702,protectionArea,N,FALSE_NEGATIVE
RFQ731-001341,dataInterface,PA,FALSE_NEGATIVE
RFQ731-002703,dataInterface,NN,FALSE_NEGATIVE
RFQ731-001187,steamApplication,N,FALSE_NEGATIVE
RFQ731-001316,certification,MN,FALSE_NEGATIVE
RFQ731-000349,stromSchaltbar,CS2,FALSE_NEGATIVE
RFQ731-001631,protectionArea,N,FALSE_NEGATIVE
RFQ731-003303,dataInterface,HS,FALSE_NEGATIVE
RFQ731-002137,steamApplication,H,FALSE_NEGATIVE
RFQ731-003327,steamApplication,N,FALSE_NEGATIVE
RFQ731-004508,protectionArea,N,FALSE_NEGATIVE
RFQ731-002866,certification,MN,FALSE_NEGATIVE
RFQ731-004287,explosionApproval,N,FALSE_NEGATIVE
RFQ731-002055,dataInterface,NN,FALSE_NEGATIVE
RFQ731-000923,dataInterface,HS,FALSE_NEGATIVE
RFQ731-004671,steamApplication,N,FALSE_NEGATIVE
RFQ731-003135,dataInterface,HS,FALSE_NEGATIVE
RFQ731-000939,waveInjector,FWI,FALSE_NEGATIVE
RFQ731-003495,dataInterface,NN,FALSE_NEGATIVE
RFQ731-004548,devCategory,S,FALSE_NEGATIVE
RFQ731-000037,temperaturEingaenge,TT1,FALSE_NEGATIVE
RFQ731-004882,characteristic,PW,FALSE_NEGATIVE
RFQ731-004937,protectionArea,N,FALSE_NEGATIVE
RFQ731-003124,steamApplication,N,FALSE_NEGATIVE
RFQ731-001692,characteristic,CA,FALSE_NEGATIVE
RFQ731-001718,explosionApproval,F,FALSE_NEGATIVE
RFQ731-001846,dataInterface,HS,FALSE_NEGATIVE
RFQ731-001746,protectionArea,N,FALSE_NEGATIVE
RFQ731-000435,dataInterface,NN,FALSE_NEGATIVE
RFQ731-001898,characteristic,TE,FALSE_NEGATIVE
RFQ731-004939,dataInterface,NN,FALSE_NEGATIVE
RFQ731-002937,protectionArea,N,FALSE_NEGATIVE
RFQ731-003906,devCategory,H,FALSE_NEGATIVE
RFQ731-000756,steamApplication,H,FALSE_NEGATIVE
RFQ731-002437,devCategory,H,FALSE_NEGATIVE
RFQ731-002494,dataInterface,HS,FALSE_NEGATIVE
RFQ731-001437,protectionArea,N,FALSE_NEGATIVE
RFQ731-002562,steamApplication,N,FALSE_NEGATIVE
RFQ731-000174,certification,MN,FALSE_NEGATIVE
RFQ731-002579,devCategory,S,FALSE_NEGATIVE
RFQ731-002186,explosionApproval,N,FALSE_NEGATIVE
RFQ731-003336,dataInterface,NN,FALSE_NEGATIVE
RFQ731-000433,protectionArea,N,FALSE_NEGATIVE
RFQ731-001990,characteristic,TE,FALSE_NEGATIVE
RFQ731-003006,dataInterface,PA,FALSE_NEGATIVE
RFQ731-001998,steamApplication,N,FALSE_NEGATIVE
RFQ731-000171,binaerOpenColl_MP,MP2,FALSE_NEGATIVE
RFQ731-003556,dataInterface,HS,FALSE_NEGATIVE
RFQ731-000856,steamApplication,H,FALSE_NEGATIVE
RFQ731-002035,protectionArea,N,FALSE_NEGATIVE
RFQ731-004037,steamApplication,N,FALSE_NEGATIVE
RFQ731-003188,devCategory,H,FALSE_NEGATIVE
RFQ731-000569,steamApplication,H,FALSE_NEGATIVE
RFQ731-002034,characteristic,CA,FALSE_NEGATIVE
RFQ731-000394,certification,MN,FALSE_NEGATIVE
RFQ731-000390,steamApplication,H,FALSE_NEGATIVE
RFQ731-003368,devCategory,S,FALSE_NEGATIVE
RFQ731-000773,temperaturEingaenge,TT1,FALSE_NEGATIVE
RFQ731-000058,explosionApproval,N,FALSE_NEGATIVE
RFQ731-000851,certification,MN,FALSE_NEGATIVE
RFQ731-001343,dataInterface,PA,FALSE_NEGATIVE
RFQ731-004084,explosionApproval,A,FALSE_NEGATIVE
RFQ731-002612,certification,MN,FALSE_NEGATIVE
RFQ731-000394,dataInterface,NN,FALSE_NEGATIVE
RFQ731-003057,dataInterface,HS,FALSE_NEGATIVE
RFQ731-001573,steamApplication,H,FALSE_NEGATIVE
RFQ731-000439,waveInjector,FWI,FALSE_NEGATIVE
RFQ731-002995,steamApplication,N,FALSE_NEGATIVE
RFQ731-003402,certification,MN,FALSE_NEGATIVE
RFQ731-002919,certification,MN,FALSE_NEGATIVE
RFQ731-002051,protectionArea,N,FALSE_NEGATIVE
RFQ731-002944,explosionApproval,K,FALSE_NEGATIVE
RFQ731-000004,explosionApproval,A,FALSE_NEGATIVE
RFQ731-001717,characteristic,TE,FALSE_NEGATIVE
RFQ731-004731,steamApplication,N,FALSE_NEGATIVE
RFQ731-004107,dataInterface,HS,FALSE_NEGATIVE
RFQ731-000120,dataInterface,HS,FALSE_NEGATIVE
RFQ731-004346,steamApplication,N,FALSE_NEGATIVE
RFQ731-003500,certification,MN,FALSE_NEGATIVE
RFQ731-002320,steamApplication,H,FALSE_NEGATIVE
RFQ731-004002,temperaturEingaenge,TT1,FALSE_NEGATIVE
RFQ731-001787,steamApplication,H,FALSE_NEGATIVE
RFQ731-001418,protectionArea,N,FALSE_NEGATIVE
RFQ731-000607,dataInterface,HS,FALSE_NEGATIVE
RFQ731-002582,certification,MN,FALSE_NEGATIVE
RFQ731-002412,explosionApproval,N,FALSE_NEGATIVE
RFQ731-001621,dataInterface,PA,FALSE_NEGATIVE
RFQ731-002498,powerSupply,4,FALSE_NEGATIVE
RFQ731-004980,dataInterface,NN,FALSE_NEGATIVE
RFQ731-003024,dataInterface,MT,FALSE_NEGATIVE
RFQ731-004329,waveInjector,FWI,FALSE_NEGATIVE
RFQ731-001171,waveInjector,FWI,FALSE_NEGATIVE
RFQ731-000286,steamApplication,H,FALSE_NEGATIVE
RFQ731-003900,powerSupply,4,FALSE_NEGATIVE
RFQ731-002958,steamApplication,N,FALSE_NEGATIVE
RFQ731-000115,explosionApproval,N,FALSE_NEGATIVE
RFQ731-004953,devCategory,H,FALSE_NEGATIVE
RFQ731-000042,protectionArea,N,FALSE_NEGATIVE
RFQ731-001216,dataInterface,NN,FALSE_NEGATIVE
RFQ731-001288,protectionArea,N,FALSE_NEGATIVE
RFQ731-002893,protectionArea,N,FALSE_NEGATIVE
RFQ731-002989,dataInterface,NN,FALSE_NEGATIVE
RFQ731-004863,steamApplication,H,FALSE_NEGATIVE
RFQ731-001329,explosionApproval,F,FALSE_NEGATIVE
RFQ731-000086,dataInterface,PA,FALSE_NEGATIVE
RFQ731-000316,explosionApproval,K,FALSE_NEGATIVE
RFQ731-002206,steamApplication,H,FALSE_NEGATIVE
RFQ731-003466,certification,MN,FALSE_NEGATIVE
RFQ731-004599,certification,MN,FALSE_NEGATIVE
RFQ731-004784,dataInterface,NN,FALSE_NEGATIVE
RFQ731-004650,devCategory,S,FALSE_NEGATIVE
RFQ731-000161,protectionArea,N,FALSE_NEGATIVE
RFQ731-000960,explosionApproval,K,FALSE_NEGATIVE
RFQ731-000440,certification,MN,FALSE_NEGATIVE
RFQ731-001717,dataInterface,MT,FALSE_NEGATIVE
RFQ731-002408,protectionArea,N,FALSE_NEGATIVE
RFQ731-003857,explosionApproval,N,FALSE_NEGATIVE
RFQ731-002488,characteristic,PW,FALSE_NEGATIVE
RFQ731-000106,dataInterface,HS,FALSE_NEGATIVE
RFQ731-002942,explosionApproval,K,FALSE_NEGATIVE
RFQ731-001003,binaerOpenColl_MP,MP2,FALSE_NEGATIVE
RFQ731-003497,steamApplication,N,FALSE_NEGATIVE
RFQ731-004689,dataInterface,PA,FALSE_NEGATIVE
RFQ731-000071,dataInterface,HS,FALSE_NEGATIVE
RFQ731-004725,dataInterface,HS,FALSE_NEGATIVE
RFQ731-002822,explosionApproval,N,FALSE_NEGATIVE
RFQ731-000803,certification,MN,FALSE_NEGATIVE
RFQ731-001702,dataInterface,PA,FALSE_NEGATIVE
RFQ731-000412,dataInterface,HS,FALSE_NEGATIVE
RFQ731-004533,steamApplication,N,FALSE_NEGATIVE
RFQ731-003899,certification,MN,FALSE_NEGATIVE
RFQ731-004995,temperaturEingaenge,TT1,FALSE_NEGATIVE
RFQ731-002660,steamApplication,H,FALSE_NEGATIVE
RFQ731-002955,devCategory,H,FALSE_NEGATIVE
RFQ731-002901,certification,MN,FALSE_NEGATIVE
RFQ731-002293,explosionApproval,A,FALSE_NEGATIVE
RFQ731-002246,steamApplication,H,FALSE_NEGATIVE
RFQ731-000187,dataInterface,HS,FALSE_NEGATIVE
RFQ731-003650,dataInterface,MT,FALSE_NEGATIVE
RFQ731-000136,protectionArea,N,FALSE_NEGATIVE
RFQ731-001092,certification,MN,FALSE_NEGATIVE
RFQ731-002284,steamApplication,N,FALSE_NEGATIVE
RFQ731-000080,certification,MN,FALSE_NEGATIVE
RFQ731-000177,devCategory,H,FALSE_NEGATIVE
RFQ731-003592,dataInterface,PA,FALSE_NEGATIVE
RFQ731-001486,dataInterface,NN,FALSE_NEGATIVE
RFQ731-002888,certification,MN,FALSE_NEGATIVE
RFQ731-001724,dataInterface,HS,FALSE_NEGATIVE
RFQ731-003583,certification,MN,FALSE_NEGATIVE
RFQ731-002947,steamApplication,H,FALSE_NEGATIVE
RFQ731-002180,characteristic,PW,FALSE_NEGATIVE
RFQ731-003265,protectionArea,N,FALSE_NEGATIVE
RFQ731-000461,explosionApproval,K,FALSE_NEGATIVE
RFQ731-002321,dataInterface,HS,FALSE_NEGATIVE
RFQ731-001522,protectionArea,N,FALSE_NEGATIVE
RFQ731-004074,waveInjector,FWI,FALSE_NEGATIVE
RFQ731-001654,explosionApproval,N,FALSE_NEGATIVE
RFQ731-001805,steamApplication,N,FALSE_NEGATIVE
RFQ731-003239,protectionArea,N,FALSE_NEGATIVE
RFQ731-004696,certification,MN,FALSE_NEGATIVE
RFQ731-001488,protectionArea,N,FALSE_NEGATIVE
RFQ731-002755,certification,MN,FALSE_NEGATIVE
RFQ731-004308,certification,MN,FALSE_NEGATIVE
RFQ731-000875,dataInterface,HS,FALSE_NEGATIVE
RFQ731-000159,explosionApproval,A,FALSE_NEGATIVE
RFQ731-001888,protectionArea,N,FALSE_NEGATIVE
RFQ731-002185,characteristic,TE,FALSE_NEGATIVE
RFQ731-002197,steamApplication,N,FALSE_NEGATIVE
RFQ731-001547,certification,MN,FALSE_NEGATIVE
RFQ731-002805,dataInterface,HS,FALSE_NEGATIVE
RFQ731-001167,certification,MN,FALSE_NEGATIVE
RFQ731-000478,dataInterface,PA,FALSE_NEGATIVE
RFQ731-001635,devCategory,H,FALSE_NEGATIVE
RFQ731-001716,dataInterface,HS,FALSE_NEGATIVE
RFQ731-002742,dataInterface,PA,FALSE_NEGATIVE
RFQ731-004302,waveInjector,FWI,FALSE_NEGATIVE
RFQ731-003071,steamApplication,H,FALSE_NEGATIVE
RFQ731-000336,steamApplication,N,FALSE_NEGATIVE
RFQ731-000498,characteristic,PW,FALSE_NEGATIVE
RFQ731-002961,dataInterface,NN,FALSE_NEGATIVE
RFQ731-004050,steamApplication,H,FALSE_NEGATIVE
RFQ731-004407,steamApplication,N,FALSE_NEGATIVE
RFQ731-000491,explosionApproval,A,FALSE_NEGATIVE
RFQ731-003247,dataInterface,HS,FALSE_NEGATIVE
RFQ731-002449,steamApplication,N,FALSE_NEGATIVE
RFQ731-001370,protectionArea,N,FALSE_NEGATIVE
RFQ731-003732,certification,MN,FALSE_NEGATIVE
RFQ731-003161,protectionArea,N,FALSE_NEGATIVE
RFQ731-000971,explosionApproval,F,FALSE_NEGATIVE
RFQ731-002372,certification,MN,FALSE_NEGATIVE
RFQ731-000611,steamApplication,H,FALSE_NEGATIVE
RFQ731-001227,steamApplication,H,FALSE_NEGATIVE
RFQ731-001176,steamApplication,H,FALSE_NEGATIVE
RFQ731-000661,dataInterface,HS,FALSE_NEGATIVE
RFQ731-002107,certification,MN,FALSE_NEGATIVE
RFQ731-000386,dataInterface,HS,FALSE_NEGATIVE
RFQ731-002144,certification,MN,FALSE_NEGATIVE
RFQ731-002154,dataInterface,PA,FALSE_NEGATIVE
RFQ731-004278,waveInjector,FWI,FALSE_NEGATIVE
RFQ731-002194,steamApplication,N,FALSE_NEGATIVE
RFQ731-003165,waveInjector,FWI,FALSE_NEGATIVE
RFQ731-003407,certification,MN,FALSE_NEGATIVE
RFQ731-000857,devCategory,H,FALSE_NEGATIVE
RFQ731-001032,waveInjector,FWI,FALSE_NEGATIVE
RFQ731-002921,dataInterface,HS,FALSE_NEGATIVE
RFQ731-004578,temperaturEingaenge,TT2,FALSE_NEGATIVE
RFQ731-001582,characteristic,PW,FALSE_NEGATIVE
RFQ731-002803,certification,MN,FALSE_NEGATIVE
RFQ731-002028,dataInterface,HS,FALSE_NEGATIVE
RFQ731-001999,waveInjector,FWI,FALSE_NEGATIVE
RFQ731-003062,steamApplication,N,FALSE_NEGATIVE
RFQ731-003243,characteristic,VG,FALSE_NEGATIVE
RFQ731-000753,devCategory,H,FALSE_NEGATIVE
RFQ731-000639,certification,MN,FALSE_NEGATIVE
RFQ731-003281,protectionArea,N,FALSE_NEGATIVE
RFQ731-003643,steamApplication,N,FALSE_NEGATIVE
RFQ731-002558,protectionArea,N,FALSE_NEGATIVE
RFQ731-002380,devCategory,S,FALSE_NEGATIVE
RFQ731-003810,steamApplication,N,FALSE_NEGATIVE
RFQ731-001415,certification,MN,FALSE_NEGATIVE
RFQ731-004857,waveInjector,FWI,FALSE_NEGATIVE
RFQ731-002639,dataInterface,HS,FALSE_NEGATIVE
RFQ731-004270,protectionArea,N,FALSE_NEGATIVE
RFQ731-001478,devCategory,H,FALSE_NEGATIVE
RFQ731-003768,devCategory,H,FALSE_NEGATIVE
RFQ731-001444,protectionArea,N,FALSE_NEGATIVE
RFQ731-003779,devCategory,S,FALSE_NEGATIVE
RFQ731-001627,certification,MN,FALSE_NEGATIVE
RFQ731-002930,certification,MN,FALSE_NEGATIVE
RFQ731-001928,steamApplication,N,FALSE_NEGATIVE
RFQ731-004757,explosionApproval,K,FALSE_NEGATIVE
RFQ731-002882,dataInterface,NN,FALSE_NEGATIVE
RFQ731-003171,protectionArea,N,FALSE_NEGATIVE
RFQ731-002172,certification,MN,FALSE_NEGATIVE
RFQ731-003052,dataInterface,MT,FALSE_NEGATIVE
RFQ731-001860,dataInterface,NN,FALSE_NEGATIVE
RFQ731-003798,steamApplication,N,FALSE_NEGATIVE
RFQ731-003359,steamApplication,H,FALSE_NEGATIVE
RFQ731-000775,dataInterface,NN,FALSE_NEGATIVE
RFQ731-002548,protectionArea,N,FALSE_NEGATIVE
RFQ731-004290,dataInterface,MR,FALSE_NEGATIVE
RFQ731-002757,characteristic,TE,FALSE_NEGATIVE
RFQ731-004159,binaerDigitalOpenColl_MN,MN4,FALSE_NEGATIVE
RFQ731-004471,temperaturEingaenge,TT1,FALSE_NEGATIVE
RFQ731-003686,dataInterface,HS,FALSE_NEGATIVE
RFQ731-004262,steamApplication,N,FALSE_NEGATIVE
RFQ731-001542,dataInterface,MT,FALSE_NEGATIVE
RFQ731-002649,steamApplication,N,FALSE_NEGATIVE
RFQ731-000322,certification,MN,FALSE_NEGATIVE
RFQ731-000848,certification,MN,FALSE_NEGATIVE
RFQ731-002624,dataInterface,HS,FALSE_NEGATIVE
RFQ731-001013,dataInterface,HS,FALSE_NEGATIVE
RFQ731-001210,protectionArea,N,FALSE_NEGATIVE
RFQ731-004521,temperaturEingaenge,TT2,FALSE_NEGATIVE
RFQ731-001989,certification,MN,FALSE_NEGATIVE
RFQ731-001793,certification,MN,FALSE_NEGATIVE
RFQ731-002272,certification,MN,FALSE_NEGATIVE
RFQ731-002092,dataInterface,HS,FALSE_NEGATIVE
RFQ731-000428,steamApplication,H,FALSE_NEGATIVE
RFQ731-000049,dataInterface,NN,FALSE_NEGATIVE
RFQ731-002838,dataInterface,HS,FALSE_NEGATIVE
RFQ731-001891,explosionApproval,F,FALSE_NEGATIVE
RFQ731-000532,dataInterface,PA,FALSE_NEGATIVE
RFQ731-002470,steamApplication,N,FALSE_NEGATIVE
RFQ731-003606,explosionApproval,A,FALSE_NEGATIVE
RFQ731-003451,explosionApproval,K,FALSE_NEGATIVE
RFQ731-001422,dataInterface,MT,FALSE_NEGATIVE
RFQ731-002130,certification,MN,FALSE_NEGATIVE
RFQ731-003594,steamApplication,N,FALSE_NEGATIVE
RFQ731-003712,protectionArea,N,FALSE_NEGATIVE
RFQ731-001001,temperaturEingaenge,TT1,FALSE_NEGATIVE
RFQ731-001390,characteristic,PW,FALSE_NEGATIVE
RFQ731-002609,dataInterface,PA,FALSE_NEGATIVE
RFQ731-001293,dataInterface,NN,FALSE_NEGATIVE
RFQ731-001004,certification,MN,FALSE_NEGATIVE
RFQ731-002190,characteristic,CA,FALSE_NEGATIVE
RFQ731-001471,steamApplication,H,FALSE_NEGATIVE
RFQ731-002963,steamApplication,N,FALSE_NEGATIVE
RFQ731-003693,explosionApproval,A,FALSE_NEGATIVE
RFQ731-000563,steamApplication,H,FALSE_NEGATIVE
RFQ731-003122,dataInterface,MT,FALSE_NEGATIVE
RFQ731-001363,dataInterface,HS,FALSE_NEGATIVE
RFQ731-004269,steamApplication,H,FALSE_NEGATIVE
RFQ731-000348,certification,MN,FALSE_NEGATIVE
RFQ731-002897,steamApplication,N,FALSE_NEGATIVE
RFQ731-002801,protectionArea,N,FALSE_NEGATIVE
RFQ731-000267,dataInterface,HS,FALSE_NEGATIVE
RFQ731-000896,dataInterface,HS,FALSE_NEGATIVE
RFQ731-002752,dataInterface,NN,FALSE_NEGATIVE
RFQ731-000745,steamApplication,H,FALSE_NEGATIVE
RFQ731-002651,protectionArea,N,FALSE_NEGATIVE
RFQ731-002684,dataInterface,NN,FALSE_NEGATIVE
RFQ731-002188,steamApplication,H,FALSE_NEGATIVE
RFQ731-003959,certification,MN,FALSE_NEGATIVE
RFQ731-001372,dataInterface,PA,FALSE_NEGATIVE
RFQ731-004711,characteristic,VG,FALSE_NEGATIVE
RFQ731-004622,protectionArea,N,FALSE_NEGATIVE
RFQ731-002259,dataInterface,MT,FALSE_NEGATIVE
RFQ731-002967,certification,MN,FALSE_NEGATIVE
RFQ731-000948,dataInterface,HS,FALSE_NEGATIVE
RFQ731-001231,certification,MN,FALSE_NEGATIVE
RFQ731-000429,protectionArea,N,FALSE_NEGATIVE
RFQ731-004460,certification,MN,FALSE_NEGATIVE
RFQ731-000893,dataInterface,NN,FALSE_NEGATIVE
RFQ731-001946,characteristic,PW,FALSE_NEGATIVE
RFQ731-001719,devCategory,S,FALSE_NEGATIVE
RFQ731-000365,protectionArea,N,FALSE_NEGATIVE
RFQ731-002967,dataInterface,NN,FALSE_NEGATIVE
RFQ731-001275,steamApplication,N,FALSE_NEGATIVE
RFQ731-003491,devCategory,S,FALSE_NEGATIVE
RFQ731-004919,dataInterface,NN,FALSE_NEGATIVE
RFQ731-001840,protectionArea,N,FALSE_NEGATIVE
RFQ731-003241,steamApplication,N,FALSE_NEGATIVE
RFQ731-003368,waveInjector,FWI,FALSE_NEGATIVE
RFQ731-001147,explosionApproval,N,FALSE_NEGATIVE
RFQ731-000074,steamApplication,N,FALSE_NEGATIVE
RFQ731-003110,protectionArea,N,FALSE_NEGATIVE
RFQ731-002105,stromSchaltbar,CS2,FALSE_NEGATIVE
RFQ731-003469,protectionArea,N,FALSE_NEGATIVE
RFQ731-000005,explosionApproval,F,FALSE_NEGATIVE
RFQ731-000805,dataInterface,NN,FALSE_NEGATIVE
RFQ731-004337,temperaturEingaenge,TT1,FALSE_NEGATIVE
RFQ731-003649,explosionApproval,N,FALSE_NEGATIVE
RFQ731-002644,dataInterface,HS,FALSE_NEGATIVE
RFQ731-001961,explosionApproval,F,FALSE_NEGATIVE
RFQ731-003722,certification,MN,FALSE_NEGATIVE
RFQ731-004382,explosionApproval,F,FALSE_NEGATIVE
RFQ731-000816,protectionArea,N,FALSE_NEGATIVE
RFQ731-002770,protectionArea,N,FALSE_NEGATIVE
RFQ731-002147,steamApplication,H,FALSE_NEGATIVE
RFQ731-002985,steamApplication,H,FALSE_NEGATIVE
RFQ731-001899,steamApplication,H,FALSE_NEGATIVE
RFQ731-001311,waveInjector,FWI,FALSE_NEGATIVE
RFQ731-002894,dataInterface,HS,FALSE_NEGATIVE
RFQ731-002713,steamApplication,N,FALSE_NEGATIVE
RFQ731-004673,dataInterface,NN,FALSE_NEGATIVE
RFQ731-002584,explosionApproval,N,FALSE_NEGATIVE
RFQ731-003365,dataInterface,HS,FALSE_NEGATIVE
RFQ731-002431,certification,MN,FALSE_NEGATIVE
RFQ731-003997,dataInterface,HS,FALSE_NEGATIVE
RFQ731-004596,dataInterface,HS,FALSE_NEGATIVE
RFQ731-004371,dataInterface,HS,FALSE_NEGATIVE
RFQ731-004070,certification,MN,FALSE_NEGATIVE
RFQ731-001264,certification,MN,FALSE_NEGATIVE
RFQ731-004211,dataInterface,MT,FALSE_NEGATIVE
RFQ731-004630,explosionApproval,N,FALSE_NEGATIVE
RFQ731-004070,dataInterface,NN,FALSE_NEGATIVE
RFQ731-003136,steamApplication,N,FALSE_NEGATIVE
RFQ731-000411,dataInterface,HS,FALSE_NEGATIVE
RFQ731-002767,binaerDigitalOpenColl_MN,MN4,FALSE_NEGATIVE
RFQ731-000022,steamApplication,N,FALSE_NEGATIVE
RFQ731-000351,protectionArea,N,FALSE_NEGATIVE
RFQ731-000605,explosionApproval,K,FALSE_NEGATIVE
RFQ731-002578,explosionApproval,N,FALSE_NEGATIVE
RFQ731-003852,certification,MN,FALSE_NEGATIVE
RFQ731-001896,dataInterface,NN,FALSE_NEGATIVE
RFQ731-002965,dataInterface,HS,FALSE_NEGATIVE
RFQ731-001588,waveInjector,FWI,FALSE_NEGATIVE
RFQ731-001274,characteristic,TE,FALSE_NEGATIVE
RFQ731-004773,certification,MN,FALSE_NEGATIVE
RFQ731-002228,steamApplication,N,FALSE_NEGATIVE
RFQ731-000284,explosionApproval,N,FALSE_NEGATIVE
RFQ731-004322,certification,MN,FALSE_NEGATIVE
RFQ731-002038,devCategory,H,FALSE_NEGATIVE
RFQ731-004285,dataInterface,HS,FALSE_NEGATIVE
RFQ731-001725,steamApplication,N,FALSE_NEGATIVE
RFQ731-003751,dataInterface,HS,FALSE_NEGATIVE
RFQ731-004594,characteristic,CA,FALSE_NEGATIVE
RFQ731-003672,certification,MN,FALSE_NEGATIVE
RFQ731-000695,steamApplication,N,FALSE_NEGATIVE
RFQ731-000115,dataInterface,HS,FALSE_NEGATIVE
RFQ731-002526,steamApplication,H,FALSE_NEGATIVE
RFQ731-000648,temperaturEingaenge,TT1,FALSE_NEGATIVE
RFQ731-001444,dataInterface,PA,FALSE_NEGATIVE
RFQ731-000686,devCategory,H,FALSE_NEGATIVE
RFQ731-003864,protectionArea,N,FALSE_NEGATIVE
RFQ731-003893,protectionArea,N,FALSE_NEGATIVE
RFQ731-001215,dataInterface,HS,FALSE_NEGATIVE
RFQ731-002221,waveInjector,FWI,FALSE_NEGATIVE
RFQ731-004875,dataInterface,HS,FALSE_NEGATIVE
RFQ731-000985,dataInterface,HS,FALSE_NEGATIVE
RFQ731-001349,protectionArea,N,FALSE_NEGATIVE
RFQ731-003332,devCategory,H,FALSE_NEGATIVE
RFQ731-001726,waveInjector,FWI,FALSE_NEGATIVE
RFQ731-001996,steamApplication,N,FALSE_NEGATIVE
RFQ731-002040,protectionArea,N,FALSE_NEGATIVE
RFQ731-004677,temperaturEingaenge,TT1,FALSE_NEGATIVE
RFQ731-004040,certification,MN,FALSE_NEGATIVE
RFQ731-000751,waveInjector,FWI,FALSE_NEGATIVE
RFQ731-004634,dataInterface,NN,FALSE_NEGATIVE
RFQ731-003431,steamApplication,H,FALSE_NEGATIVE
RFQ731-004453,steamApplication,N,FALSE_NEGATIVE
RFQ731-003498,certification,MN,FALSE_NEGATIVE
RFQ731-003279,dataInterface,HS,FALSE_NEGATIVE
RFQ731-003342,steamApplication,N,FALSE_NEGATIVE
RFQ731-003633,certification,MN,FALSE_NEGATIVE
RFQ731-004182,dataInterface,NN,FALSE_NEGATIVE
RFQ731-002268,protectionArea,N,FALSE_NEGATIVE
RFQ731-004782,explosionApproval,A,FALSE_NEGATIVE
RFQ731-004785,dataInterface,MR,FALSE_NEGATIVE
RFQ731-004700,certification,MN,FALSE_NEGATIVE
RFQ731-000236,dataInterface,MT,FALSE_NEGATIVE
RFQ731-003690,dataInterface,HS,FALSE_NEGATIVE
RFQ731-003962,steamApplication,H,FALSE_NEGATIVE
RFQ731-000056,steamApplication,N,FALSE_NEGATIVE
RFQ731-000386,certification,MN,FALSE_NEGATIVE
RFQ731-003006,characteristic,CA,FALSE_NEGATIVE
RFQ731-002217,dataInterface,HS,FALSE_NEGATIVE
RFQ731-001214,steamApplication,H,FALSE_NEGATIVE
RFQ731-003938,certification,MN,FALSE_NEGATIVE
RFQ731-000400,waveInjector,FWI,FALSE_NEGATIVE
RFQ731-001880,steamApplication,N,FALSE_NEGATIVE
RFQ731-002115,explosionApproval,N,FALSE_NEGATIVE
RFQ731-002061,certification,MN,FALSE_NEGATIVE
RFQ731-002301,steamApplication,H,FALSE_NEGATIVE
RFQ731-003448,explosionApproval,N,FALSE_NEGATIVE
RFQ731-002583,protectionArea,N,FALSE_NEGATIVE
RFQ731-003224,dataInterface,NN,FALSE_NEGATIVE
RFQ731-000094,dataInterface,HS,FALSE_NEGATIVE
RFQ731-003607,steamApplication,H,FALSE_NEGATIVE
RFQ731-002151,steamApplication,H,FALSE_NEGATIVE
RFQ731-000295,dataInterface,HS,FALSE_NEGATIVE
RFQ731-000450,dataInterface,PA,FALSE_NEGATIVE
RFQ731-004398,devCategory,S,FALSE_NEGATIVE
RFQ731-001403,dataInterface,NN,FALSE_NEGATIVE
RFQ731-003005,certification,MN,FALSE_NEGATIVE
RFQ731-001013,certification,MN,FALSE_NEGATIVE
RFQ731-003913,explosionApproval,A,FALSE_NEGATIVE
RFQ731-000040,devCategory,H,FALSE_NEGATIVE
RFQ731-001220,characteristic,TE,FALSE_NEGATIVE
RFQ731-003851,dataInterface,MR,FALSE_NEGATIVE
RFQ731-001056,characteristic,TE,FALSE_NEGATIVE
RFQ731-003036,devCategory,S,FALSE_NEGATIVE
RFQ731-001019,devCategory,S,FALSE_NEGATIVE
RFQ731-001906,steamApplication,N,FALSE_NEGATIVE
RFQ731-000464,dataInterface,NN,FALSE_NEGATIVE
RFQ731-003699,dataInterface,NN,FALSE_NEGATIVE
RFQ731-004925,dataInterface,HS,FALSE_NEGATIVE
RFQ731-002735,dataInterface,HS,FALSE_NEGATIVE
RFQ731-001112,waveInjector,FWI,FALSE_NEGATIVE
RFQ731-001709,certification,MN,FALSE_NEGATIVE
RFQ731-004746,characteristic,VG,FALSE_NEGATIVE
RFQ731-001704,dataInterface,HS,FALSE_NEGATIVE
RFQ731-001749,dataInterface,HS,FALSE_NEGATIVE
RFQ731-000668,dataInterface,PA,FALSE_NEGATIVE
RFQ731-004908,temperaturEingaenge,TT1,FALSE_NEGATIVE
RFQ731-001331,explosionApproval,F,FALSE_NEGATIVE
RFQ731-002371,certification,MN,FALSE_NEGATIVE
RFQ731-003330,dataInterface,PA,FALSE_NEGATIVE
RFQ731-000943,characteristic,TE,FALSE_NEGATIVE
RFQ731-000434,steamApplication,H,FALSE_NEGATIVE
RFQ731-003791,temperaturEingaenge,TT1,FALSE_NEGATIVE
RFQ731-004771,characteristic,PW,FALSE_NEGATIVE
RFQ731-004138,explosionApproval,F,FALSE_NEGATIVE
RFQ731-002850,steamApplication,H,FALSE_NEGATIVE
RFQ731-003882,dataInterface,HS,FALSE_NEGATIVE
RFQ731-001259,certification,MN,FALSE_NEGATIVE
RFQ731-000994,steamApplication,H,FALSE_NEGATIVE
RFQ731-001084,devCategory,S,FALSE_NEGATIVE
RFQ731-004033,explosionApproval,F,FALSE_NEGATIVE
RFQ731-004999,devCategory,H,FALSE_NEGATIVE
RFQ731-002258,steamApplication,H,FALSE_NEGATIVE
RFQ731-003373,steamApplication,H,FALSE_NEGATIVE
RFQ731-004343,dataInterface,NN,FALSE_NEGATIVE
RFQ731-003602,dataInterface,HS,FALSE_NEGATIVE
RFQ731-002070,dataInterface,NN,FALSE_NEGATIVE
RFQ731-004367,characteristic,VG,FALSE_NEGATIVE
RFQ731-002728,certification,MN,FALSE_NEGATIVE
RFQ731-000221,protectionArea,N,FALSE_NEGATIVE
RFQ731-004495,certification,MN,FALSE_NEGATIVE
RFQ731-004546,explosionApproval,N,FALSE_NEGATIVE
RFQ731-000541,dataInterface,NN,FALSE_NEGATIVE
RFQ731-000269,certification,MN,FALSE_NEGATIVE
RFQ731-004972,dataInterface,HS,FALSE_NEGATIVE
RFQ731-003820,dataInterface,HS,FALSE_NEGATIVE
RFQ731-000604,certification,MN,FALSE_NEGATIVE
RFQ731-000921,explosionApproval,F,FALSE_NEGATIVE
RFQ731-001441,steamApplication,N,FALSE_NEGATIVE
RFQ731-004475,protectionArea,N,FALSE_NEGATIVE
RFQ731-002222,binaerDigitalOpenColl_MN,MN4,FALSE_NEGATIVE
RFQ731-003710,characteristic,TE,FALSE_NEGATIVE
RFQ731-004466,dataInterface,HS,FALSE_NEGATIVE
RFQ731-003138,steamApplication,N,FALSE_NEGATIVE
RFQ731-003116,steamApplication,N,FALSE_NEGATIVE
RFQ731-001949,steamApplication,N,FALSE_NEGATIVE
RFQ731-000065,explosionApproval,N,FALSE_NEGATIVE
RFQ731-000830,temperaturEingaenge,TT1,FALSE_NEGATIVE
RFQ731-000704,dataInterface,NN,FALSE_NEGATIVE
RFQ731-002685,characteristic,TE,FALSE_NEGATIVE
RFQ731-001591,steamApplication,N,FALSE_NEGATIVE
RFQ731-002395,powerSupply,4,FALSE_NEGATIVE
RFQ731-004106,characteristic,TE,FALSE_NEGATIVE
RFQ731-000726,protectionArea,N,FALSE_NEGATIVE
RFQ731-002651,dataInterface,PA,FALSE_NEGATIVE
RFQ731-001580,protectionArea,N,FALSE_NEGATIVE
RFQ731-004787,temperaturEingaenge,TT1,FALSE_NEGATIVE
RFQ731-003235,steamApplication,H,FALSE_NEGATIVE
RFQ731-002646,steamApplication,N,FALSE_NEGATIVE
RFQ731-003129,steamApplication,N,FALSE_NEGATIVE
RFQ731-004704,explosionApproval,N,FALSE_NEGATIVE
RFQ731-000007,certification,MN,FALSE_NEGATIVE
RFQ731-002489,dataInterface,MR,FALSE_NEGATIVE
RFQ731-002215,steamApplication,N,FALSE_NEGATIVE
RFQ731-001953,steamApplication,H,FALSE_NEGATIVE
RFQ731-002017,waveInjector,FWI,FALSE_NEGATIVE
RFQ731-002999,steamApplication,N,FALSE_NEGATIVE
RFQ731-002687,certification,MN,FALSE_NEGATIVE
RFQ731-001948,certification,MN,FALSE_NEGATIVE
RFQ731-000924,certification,MN,FALSE_NEGATIVE
RFQ731-000009,steamApplication,H,FALSE_NEGATIVE
RFQ731-002601,dataInterface,HS,FALSE_NEGATIVE
RFQ731-001034,explosionApproval,N,FALSE_NEGATIVE
RFQ731-000267,certification,MN,FALSE_NEGATIVE
RFQ731-000366,protectionArea,N,FALSE_NEGATIVE
RFQ731-002363,steamApplication,H,FALSE_NEGATIVE
RFQ731-004466,devCategory,H,FALSE_NEGATIVE
RFQ731-003592,characteristic,CA,FALSE_NEGATIVE
RFQ731-001650,devCategory,H,FALSE_NEGATIVE
RFQ731-000287,devCategory,H,FALSE_NEGATIVE
RFQ731-004651,protectionArea,N,FALSE_NEGATIVE
RFQ731-003871,steamApplication,N,FALSE_NEGATIVE
RFQ731-004777,waveInjector,FWI,FALSE_NEGATIVE
RFQ731-002491,explosionApproval,K,FALSE_NEGATIVE
RFQ731-001126,certification,MN,FALSE_NEGATIVE
RFQ731-000894,dataInterface,HS,FALSE_NEGATIVE
RFQ731-001679,steamApplication,H,FALSE_NEGATIVE
RFQ731-003716,dataInterface,HS,FALSE_NEGATIVE
RFQ731-000355,steamApplication,H,FALSE_NEGATIVE
RFQ731-004553,steamApplication,N,FALSE_NEGATIVE
RFQ731-003362,steamApplication,H,FALSE_NEGATIVE
RFQ731-001196,steamApplication,N,FALSE_NEGATIVE
RFQ731-000359,binaerOpenColl_MP,MP2,FALSE_NEGATIVE
RFQ731-001217,protectionArea,N,FALSE_NEGATIVE
RFQ731-002015,characteristic,PW,FALSE_NEGATIVE
RFQ731-002461,explosionApproval,N,FALSE_NEGATIVE
RFQ731-000325,dataInterface,PA,FALSE_NEGATIVE
RFQ731-004890,steamApplication,H,FALSE_NEGATIVE
RFQ731-001459,dataInterface,NN,FALSE_NEGATIVE
RFQ731-000520,devCategory,S,FALSE_NEGATIVE
RFQ731-001652,dataInterface,HS,FALSE_NEGATIVE
RFQ731-003393,dataInterface,HS,FALSE_NEGATIVE
RFQ731-003291,characteristic,TE,FALSE_NEGATIVE
RFQ731-004238,steamApplication,H,FALSE_NEGATIVE
RFQ731-001577,protectionArea,N,FALSE_NEGATIVE
RFQ731-002721,characteristic,TE,FALSE_NEGATIVE
RFQ731-003945,explosionApproval,F,FALSE_NEGATIVE
RFQ731-000494,protectionArea,N,FALSE_NEGATIVE
RFQ731-003248,steamApplication,H,FALSE_NEGATIVE
RFQ731-001291,binaerDigitalOpenColl_MN,MN4,FALSE_NEGATIVE
RFQ731-004485,certification,MN,FALSE_NEGATIVE
RFQ731-000543,dataInterface,HS,FALSE_NEGATIVE
RFQ731-002165,explosionApproval,A,FALSE_NEGATIVE
RFQ731-004561,dataInterface,HS,FALSE_NEGATIVE
RFQ731-002456,steamApplication,N,FALSE_NEGATIVE
RFQ731-001397,protectionArea,N,FALSE_NEGATIVE
RFQ731-002238,steamApplication,N,FALSE_NEGATIVE
RFQ731-001875,protectionArea,N,FALSE_NEGATIVE
RFQ731-004185,steamApplication,N,FALSE_NEGATIVE
RFQ731-003757,explosionApproval,N,FALSE_NEGATIVE
RFQ731-002090,steamApplication,N,FALSE_NEGATIVE
RFQ731-003647,explosionApproval,K,FALSE_NEGATIVE
RFQ731-001962,dataInterface,PA,FALSE_NEGATIVE
RFQ731-004192,protectionArea,N,FALSE_NEGATIVE
RFQ731-000646,certification,MN,FALSE_NEGATIVE
RFQ731-003295,waveInjector,FWI,FALSE_NEGATIVE
RFQ731-001285,protectionArea,N,FALSE_NEGATIVE
RFQ731-001634,explosionApproval,N,FALSE_NEGATIVE
RFQ731-000600,explosionApproval,N,FALSE_NEGATIVE
RFQ731-000256,dataInterface,HS,FALSE_NEGATIVE
RFQ731-000536,characteristic,CA,FALSE_NEGATIVE
RFQ731-002323,dataInterface,HS,FALSE_NEGATIVE
RFQ731-000826,steamApplication,N,FALSE_NEGATIVE
RFQ731-002196,devCategory,H,FALSE_NEGATIVE
RFQ731-003167,dataInterface,HS,FALSE_NEGATIVE
RFQ731-001286,dataInterface,HS,FALSE_NEGATIVE
RFQ731-004698,steamApplication,N,FALSE_NEGATIVE
RFQ731-001499,certification,MN,FALSE_NEGATIVE
RFQ731-002570,protectionArea,N,FALSE_NEGATIVE
RFQ731-000543,devCategory,H,FALSE_NEGATIVE
RFQ731-000295,certification,MN,FALSE_NEGATIVE
RFQ731-000774,explosionApproval,F,FALSE_NEGATIVE
RFQ731-002566,explosionApproval,N,FALSE_NEGATIVE
RFQ731-003701,dataInterface,MT,FALSE_NEGATIVE
RFQ731-004500,dataInterface,HS,FALSE_NEGATIVE
RFQ731-002523,protectionArea,N,FALSE_NEGATIVE
RFQ731-004379,certification,MN,FALSE_NEGATIVE
RFQ731-000480,dataInterface,NN,FALSE_NEGATIVE
RFQ731-002113,protectionArea,N,FALSE_NEGATIVE
RFQ731-002630,dataInterface,HS,FALSE_NEGATIVE
RFQ731-000985,certification,MN,FALSE_NEGATIVE
RFQ731-001773,protectionArea,N,FALSE_NEGATIVE
RFQ731-004971,binaerOpenColl_MP,MP2,FALSE_NEGATIVE
RFQ731-004743,dataInterface,HS,FALSE_NEGATIVE
RFQ731-000560,protectionArea,N,FALSE_NEGATIVE
RFQ731-003711,explosionApproval,N,FALSE_NEGATIVE
RFQ731-004349,temperaturEingaenge,TT1,FALSE_NEGATIVE
RFQ731-003943,dataInterface,PA,FALSE_NEGATIVE
RFQ731-001597,dataInterface,HS,FALSE_NEGATIVE
RFQ731-000444,steamApplication,N,FALSE_NEGATIVE
RFQ731-002045,protectionArea,N,FALSE_NEGATIVE
RFQ731-000228,explosionApproval,A,FALSE_NEGATIVE
RFQ731-003189,protectionArea,N,FALSE_NEGATIVE
RFQ731-000947,dataInterface,NN,FALSE_NEGATIVE
RFQ731-000438,dataInterface,NN,FALSE_NEGATIVE
RFQ731-000250,certification,MN,FALSE_NEGATIVE
RFQ731-002470,protectionArea,N,FALSE_NEGATIVE
RFQ731-003109,devCategory,H,FALSE_NEGATIVE
RFQ731-000218,explosionApproval,A,FALSE_NEGATIVE
RFQ731-000052,certification,MN,FALSE_NEGATIVE
RFQ731-000374,certification,MN,FALSE_NEGATIVE
RFQ731-004571,protectionArea,N,FALSE_NEGATIVE
RFQ731-002812,characteristic,CA,FALSE_NEGATIVE
RFQ731-000940,certification,MN,FALSE_NEGATIVE
RFQ731-001651,characteristic,CA,FALSE_NEGATIVE
RFQ731-000845,dataInterface,PA,FALSE_NEGATIVE
RFQ731-000169,steamApplication,H,FALSE_NEGATIVE
RFQ731-002201,dataInterface,HS,FALSE_NEGATIVE
RFQ731-000247,dataInterface,HS,FALSE_NEGATIVE
RFQ731-001629,dataInterface,HS,FALSE_NEGATIVE
RFQ731-001345,explosionApproval,K,FALSE_NEGATIVE
RFQ731-000190,dataInterface,PA,FALSE_NEGATIVE
RFQ731-000884,protectionArea,N,FALSE_NEGATIVE
RFQ731-001024,explosionApproval,A,FALSE_NEGATIVE
RFQ731-002386,protectionArea,N,FALSE_NEGATIVE
RFQ731-004073,protectionArea,N,FALSE_NEGATIVE
RFQ731-002828,steamApplication,N,FALSE_NEGATIVE
RFQ731-004880,characteristic,CA,FALSE_NEGATIVE
RFQ731-003484,steamApplication,H,FALSE_NEGATIVE
RFQ731-001309,characteristic,TE,FALSE_NEGATIVE
RFQ731-003986,dataInterface,NN,FALSE_NEGATIVE
RFQ731-004237,steamApplication,H,FALSE_NEGATIVE
RFQ731-004451,waveInjector,FWI,FALSE_NEGATIVE
RFQ731-004472,certification,MN,FALSE_NEGATIVE
RFQ731-004615,characteristic,PW,FALSE_NEGATIVE
RFQ731-003117,dataInterface,PA,FALSE_NEGATIVE
RFQ731-003728,steamApplication,H,FALSE_NEGATIVE
RFQ731-000393,dataInterface,NN,FALSE_NEGATIVE
RFQ731-001872,steamApplication,N,FALSE_NEGATIVE
RFQ731-001650,certification,MN,FALSE_NEGATIVE
RFQ731-000735,dataInterface,NN,FALSE_NEGATIVE
RFQ731-002143,devCategory,H,FALSE_NEGATIVE
RFQ731-004324,dataInterface,HS,FALSE_NEGATIVE
RFQ731-003241,protectionArea,N,FALSE_NEGATIVE
RFQ731-000930,devCategory,H,FALSE_NEGATIVE
RFQ731-001723,dataInterface,PA,FALSE_NEGATIVE
RFQ731-001204,certification,MN,FALSE_NEGATIVE
RFQ731-001562,dataInterface,HS,FALSE_NEGATIVE
RFQ731-001654,certification,MN,FALSE_NEGATIVE
RFQ731-002106,steamApplication,H,FALSE_NEGATIVE
RFQ731-004850,certification,MN,FALSE_NEGATIVE
RFQ731-000155,dataInterface,HS,FALSE_NEGATIVE
RFQ731-001570,dataInterface,HS,FALSE_NEGATIVE
RFQ731-003873,devCategory,S,FALSE_NEGATIVE
RFQ731-002637,dataInterface,NN,FALSE_NEGATIVE
RFQ731-000300,steamApplication,H,FALSE_NEGATIVE
RFQ731-001515,dataInterface,HS,FALSE_NEGATIVE
RFQ731-001180,certification,MN,FALSE_NEGATIVE
RFQ731-001255,protectionArea,N,FALSE_NEGATIVE
RFQ731-001912,waveInjector,FWI,FALSE_NEGATIVE
RFQ731-001831,binaerDigitalOpenColl_MN,MN4,FALSE_NEGATIVE
RFQ731-000625,protectionArea,N,FALSE_NEGATIVE
RFQ731-002780,protectionArea,N,FALSE_NEGATIVE
RFQ731-004720,steamApplication,N,FALSE_NEGATIVE
RFQ731-001520,dataInterface,MT,FALSE_NEGATIVE
RFQ731-002185,dataInterface,PA,FALSE_NEGATIVE
RFQ731-003338,certification,MN,FALSE_NEGATIVE
RFQ731-000535,protectionArea,N,FALSE_NEGATIVE
RFQ731-001669,steamApplication,N,FALSE_NEGATIVE
RFQ731-002451,explosionApproval,N,FALSE_NEGATIVE
RFQ731-004511,dataInterface,NN,FALSE_NEGATIVE
RFQ731-000736,powerSupply,4,FALSE_NEGATIVE
RFQ731-004628,temperaturEingaenge,TT1,FALSE_NEGATIVE
RFQ731-003285,dataInterface,HS,FALSE_NEGATIVE
RFQ731-000119,steamApplication,H,FALSE_NEGATIVE
RFQ731-003419,dataInterface,HS,FALSE_NEGATIVE
RFQ731-003515,dataInterface,HS,FALSE_NEGATIVE
RFQ731-004103,steamApplication,N,FALSE_NEGATIVE
RFQ731-002275,steamApplication,N,FALSE_NEGATIVE
RFQ731-002091,steamApplication,H,FALSE_NEGATIVE
RFQ731-002665,dataInterface,HS,FALSE_NEGATIVE
RFQ731-003571,temperaturEingaenge,TT1,FALSE_NEGATIVE
RFQ731-001970,characteristic,TE,FALSE_NEGATIVE
RFQ731-002891,dataInterface,PA,FALSE_NEGATIVE
RFQ731-003373,explosionApproval,N,FALSE_NEGATIVE
RFQ731-000671,certification,MN,FALSE_NEGATIVE
RFQ731-003393,certification,MN,FALSE_NEGATIVE
RFQ731-000907,characteristic,TE,FALSE_NEGATIVE
RFQ731-004031,waveInjector,FWI,FALSE_NEGATIVE
RFQ731-004967,dataInterface,PA,FALSE_NEGATIVE
RFQ731-003686,temperaturEingaenge,TT1,FALSE_NEGATIVE
RFQ731-003193,dataInterface,NN,FALSE_NEGATIVE
RFQ731-004899,devCategory,H,FALSE_NEGATIVE
RFQ731-001057,characteristic,CA,FALSE_NEGATIVE
RFQ731-002490,explosionApproval,N,FALSE_NEGATIVE
RFQ731-000367,protectionArea,N,FALSE_NEGATIVE
RFQ731-004873,dataInterface,HS,FALSE_NEGATIVE
RFQ731-000093,explosionApproval,F,FALSE_NEGATIVE
RFQ731-002199,protectionArea,N,FALSE_NEGATIVE
RFQ731-004473,dataInterface,NN,FALSE_NEGATIVE
RFQ731-003545,certification,MN,FALSE_NEGATIVE
RFQ731-003111,dataInterface,NN,FALSE_NEGATIVE
RFQ731-000360,devCategory,S,FALSE_NEGATIVE
RFQ731-000865,dataInterface,HS,FALSE_NEGATIVE
RFQ731-002336,dataInterface,HS,FALSE_NEGATIVE
RFQ731-000002,protectionArea,N,FALSE_NEGATIVE
RFQ731-002597,steamApplication,H,FALSE_NEGATIVE
RFQ731-003349,protectionArea,N,FALSE_NEGATIVE
RFQ731-003314,steamApplication,N,FALSE_NEGATIVE
RFQ731-003680,dataInterface,PA,FALSE_NEGATIVE
RFQ731-001975,steamApplication,N,FALSE_NEGATIVE
RFQ731-004208,explosionApproval,F,FALSE_NEGATIVE
RFQ731-000246,temperaturEingaenge,TT1,FALSE_NEGATIVE
RFQ731-000457,explosionApproval,K,FALSE_NEGATIVE
RFQ731-002300,dataInterface,HS,FALSE_NEGATIVE
RFQ731-003354,protectionArea,N,FALSE_NEGATIVE
RFQ731-002872,steamApplication,N,FALSE_NEGATIVE
RFQ731-004490,steamApplication,N,FALSE_NEGATIVE
RFQ731-000602,powerSupply,4,FALSE_NEGATIVE
RFQ731-003818,protectionArea,N,FALSE_NEGATIVE
RFQ731-000158,devCategory,S,FALSE_NEGATIVE
RFQ731-003956,powerSupply,4,FALSE_NEGATIVE
RFQ731-003252,certification,MN,FALSE_NEGATIVE
RFQ731-002181,steamApplication,H,FALSE_NEGATIVE
RFQ731-003784,characteristic,CA,FALSE_NEGATIVE
RFQ731-002393,steamApplication,N,FALSE_NEGATIVE
RFQ731-004867,protectionArea,N,FALSE_NEGATIVE
RFQ731-000644,steamApplication,N,FALSE_NEGATIVE
RFQ731-002198,dataInterface,HS,FALSE_NEGATIVE
RFQ731-000538,steamApplication,H,FALSE_NEGATIVE
RFQ731-001364,explosionApproval,A,FALSE_NEGATIVE
RFQ731-004152,dataInterface,MR,FALSE_NEGATIVE
RFQ731-000641,certification,MN,FALSE_NEGATIVE
RFQ731-000370,steamApplication,N,FALSE_NEGATIVE
RFQ731-001399,steamApplication,N,FALSE_NEGATIVE
RFQ731-002905,dataInterface,NN,FALSE_NEGATIVE
RFQ731-003259,binaerDigitalOpenColl_MN,MN4,FALSE_NEGATIVE
RFQ731-000515,explosionApproval,F,FALSE_NEGATIVE
RFQ731-003538,dataInterface,HS,FALSE_NEGATIVE
RFQ731-002339,dataInterface,NN,FALSE_NEGATIVE
RFQ731-001235,certification,MN,FALSE_NEGATIVE
RFQ731-003142,dataInterface,HS,FALSE_NEGATIVE
RFQ731-002553,dataInterface,NN,FALSE_NEGATIVE
RFQ731-001842,protectionArea,N,FALSE_NEGATIVE
RFQ731-001545,dataInterface,HS,FALSE_NEGATIVE
RFQ731-002502,steamApplication,N,FALSE_NEGATIVE
RFQ731-000999,steamApplication,N,FALSE_NEGATIVE
RFQ731-000019,certification,MN,FALSE_NEGATIVE
RFQ731-004319,dataInterface,PA,FALSE_NEGATIVE
RFQ731-002335,steamApplication,N,FALSE_NEGATIVE
RFQ731-004917,steamApplication,N,FALSE_NEGATIVE
RFQ731-001419,certification,MN,FALSE_NEGATIVE
RFQ731-000930,dataInterface,NN,FALSE_NEGATIVE
RFQ731-001600,dataInterface,HS,FALSE_NEGATIVE
RFQ731-004855,certification,MN,FALSE_NEGATIVE
RFQ731-001447,explosionApproval,F,FALSE_NEGATIVE
RFQ731-004834,dataInterface,MT,FALSE_NEGATIVE
RFQ731-003793,stromEingaenge,IS2,FALSE_NEGATIVE
RFQ731-003854,dataInterface,HS,FALSE_NEGATIVE
RFQ731-004524,characteristic,VG,FALSE_NEGATIVE
RFQ731-000323,characteristic,PW,FALSE_NEGATIVE
RFQ731-003431,waveInjector,FWI,FALSE_NEGATIVE
RFQ731-001339,steamApplication,H,FALSE_NEGATIVE
RFQ731-000462,steamApplication,N,FALSE_NEGATIVE
RFQ731-003250,dataInterface,NN,FALSE_NEGATIVE
RFQ731-001853,protectionArea,N,FALSE_NEGATIVE
RFQ731-001257,protectionArea,N,FALSE_NEGATIVE
RFQ731-001396,powerSupply,4,FALSE_NEGATIVE
RFQ731-003380,dataInterface,HS,FALSE_NEGATIVE
RFQ731-004757,powerSupply,4,FALSE_NEGATIVE
RFQ731-004963,protectionArea,N,FALSE_NEGATIVE
RFQ731-002701,dataInterface,NN,FALSE_NEGATIVE
RFQ731-003245,steamApplication,H,FALSE_NEGATIVE
RFQ731-003149,steamApplication,H,FALSE_NEGATIVE
RFQ731-003142,devCategory,H,FALSE_NEGATIVE
RFQ731-004143,protectionArea,N,FALSE_NEGATIVE
RFQ731-000002,temperaturEingaenge,TT1,FALSE_NEGATIVE
RFQ731-002874,waveInjector,FWI,FALSE_NEGATIVE
RFQ731-000716,powerSupply,4,FALSE_NEGATIVE
RFQ731-003967,steamApplication,H,FALSE_NEGATIVE
RFQ731-001214,waveInjector,FWI,FALSE_NEGATIVE
RFQ731-000539,dataInterface,NN,FALSE_NEGATIVE
RFQ731-001758,certification,MN,FALSE_NEGATIVE
RFQ731-002400,steamApplication,N,FALSE_NEGATIVE
RFQ731-001940,certification,MN,FALSE_NEGATIVE
RFQ731-001884,explosionApproval,A,FALSE_NEGATIVE
RFQ731-003275,characteristic,CA,FALSE_NEGATIVE
RFQ731-004441,waveInjector,FWI,FALSE_NEGATIVE
RFQ731-002415,steamApplication,H,FALSE_NEGATIVE
RFQ731-001783,dataInterface,HS,FALSE_NEGATIVE
RFQ731-001051,dataInterface,HS,FALSE_NEGATIVE
RFQ731-001232,stromSchaltbar,CS2,FALSE_NEGATIVE
RFQ731-000676,explosionApproval,K,FALSE_NEGATIVE
RFQ731-003268,protectionArea,N,FALSE_NEGATIVE
RFQ731-001489,devCategory,S,FALSE_NEGATIVE
RFQ731-004630,certification,MN,FALSE_NEGATIVE
RFQ731-002786,devCategory,S,FALSE_NEGATIVE
RFQ731-000578,certification,MN,FALSE_NEGATIVE
RFQ731-003834,steamApplication,N,FALSE_NEGATIVE
RFQ731-003059,characteristic,CA,FALSE_NEGATIVE
RFQ731-000816,dataInterface,HS,FALSE_NEGATIVE
RFQ731-004474,explosionApproval,N,FALSE_NEGATIVE
RFQ731-003253,dataInterface,HS,FALSE_NEGATIVE
RFQ731-003388,certification,MN,FALSE_NEGATIVE
RFQ731-003279,temperaturEingaenge,TT1,FALSE_NEGATIVE
RFQ731-000831,waveInjector,FWI,FALSE_NEGATIVE
RFQ731-001604,steamApplication,H,FALSE_NEGATIVE
RFQ731-004291,devCategory,H,FALSE_NEGATIVE
RFQ731-004521,characteristic,TE,FALSE_NEGATIVE
RFQ731-004958,dataInterface,HS,FALSE_NEGATIVE
RFQ731-004401,waveInjector,FWI,FALSE_NEGATIVE
RFQ731-004048,dataInterface,HS,FALSE_NEGATIVE
RFQ731-002641,protectionArea,N,FALSE_NEGATIVE
RFQ731-004027,protectionArea,N,FALSE_NEGATIVE
RFQ731-001042,dataInterface,PA,FALSE_NEGATIVE
RFQ731-000083,characteristic,TE,FALSE_NEGATIVE
RFQ731-003449,dataInterface,HS,FALSE_NEGATIVE
RFQ731-003515,certification,MN,FALSE_NEGATIVE
RFQ731-001219,protectionArea,N,FALSE_NEGATIVE
RFQ731-001326,steamApplication,N,FALSE_NEGATIVE
RFQ731-004107,binaerDigitalOpenColl_MN,MN4,FALSE_NEGATIVE
RFQ731-000755,certification,MN,FALSE_NEGATIVE
RFQ731-002814,steamApplication,H,FALSE_NEGATIVE
RFQ731-003386,steamApplication,N,FALSE_NEGATIVE
RFQ731-003761,protectionArea,N,FALSE_NEGATIVE
RFQ731-002938,powerSupply,4,FALSE_NEGATIVE
RFQ731-000724,dataInterface,MT,FALSE_NEGATIVE
RFQ731-001451,explosionApproval,K,FALSE_NEGATIVE
RFQ731-002794,dataInterface,HS,FALSE_NEGATIVE
RFQ731-001332,devCategory,H,FALSE_NEGATIVE
RFQ731-001029,certification,MN,FALSE_NEGATIVE
RFQ731-002258,waveInjector,FWI,FALSE_NEGATIVE
RFQ731-004602,dataInterface,HS,FALSE_NEGATIVE
RFQ731-003321,dataInterface,NN,FALSE_NEGATIVE
RFQ731-003905,protectionArea,N,FALSE_NEGATIVE
RFQ731-000912,explosionApproval,N,FALSE_NEGATIVE
RFQ731-000889,binaerDigitalOpenColl_MN,MN4,FALSE_NEGATIVE
RFQ731-000135,explosionApproval,F,FALSE_NEGATIVE
RFQ731-004823,temperaturEingaenge,TT1,FALSE_NEGATIVE
RFQ731-003807,temperaturEingaenge,TT1,FALSE_NEGATIVE
RFQ731-003917,protectionArea,N,FALSE_NEGATIVE
RFQ731-001945,steamApplication,H,FALSE_NEGATIVE
RFQ731-004334,powerSupply,4,FALSE_NEGATIVE
RFQ731-000287,temperaturEingaenge,TT1,FALSE_NEGATIVE
RFQ731-003343,characteristic,PW,FALSE_NEGATIVE
RFQ731-001296,dataInterface,HS,FALSE_NEGATIVE
RFQ731-001700,steamApplication,N,FALSE_NEGATIVE
RFQ731-002775,dataInterface,MT,FALSE_NEGATIVE
RFQ731-000061,certification,MN,FALSE_NEGATIVE
RFQ731-001007,certification,MN,FALSE_NEGATIVE
RFQ731-003012,dataInterface,HS,FALSE_NEGATIVE
RFQ731-004191,certification,MN,FALSE_NEGATIVE
RFQ731-004380,steamApplication,H,FALSE_NEGATIVE
RFQ731-000747,protectionArea,N,FALSE_NEGATIVE
RFQ731-002620,dataInterface,NN,FALSE_NEGATIVE
RFQ731-003022,temperaturEingaenge,TT1,FALSE_NEGATIVE
RFQ731-001258,dataInterface,HS,FALSE_NEGATIVE
RFQ731-004991,characteristic,TE,FALSE_NEGATIVE
RFQ731-003235,waveInjector,FWI,FALSE_NEGATIVE
RFQ731-003882,temperaturEingaenge,TT1,FALSE_NEGATIVE
RFQ731-004805,steamApplication,H,FALSE_NEGATIVE
RFQ731-003044,dataInterface,MT,FALSE_NEGATIVE
RFQ731-001819,protectionArea,N,FALSE_NEGATIVE
RFQ731-003274,waveInjector,FWI,FALSE_NEGATIVE
RFQ731-000733,protectionArea,N,FALSE_NEGATIVE
RFQ731-002689,characteristic,PW,FALSE_NEGATIVE
RFQ731-002473,characteristic,PW,FALSE_NEGATIVE
RFQ731-002199,dataInterface,PA,FALSE_NEGATIVE
RFQ731-004387,dataInterface,HS,FALSE_NEGATIVE
RFQ731-004116,characteristic,CA,FALSE_NEGATIVE
RFQ731-002281,waveInjector,FWI,FALSE_NEGATIVE
RFQ731-003490,dataInterface,MT,FALSE_NEGATIVE
RFQ731-003867,explosionApproval,K,FALSE_NEGATIVE
RFQ731-004928,steamApplication,N,FALSE_NEGATIVE
RFQ731-001439,explosionApproval,F,FALSE_NEGATIVE
RFQ731-002676,devCategory,H,FALSE_NEGATIVE
RFQ731-002014,protectionArea,N,FALSE_NEGATIVE
RFQ731-003180,protectionArea,N,FALSE_NEGATIVE
RFQ731-002610,explosionApproval,K,FALSE_NEGATIVE
RFQ731-004449,dataInterface,HS,FALSE_NEGATIVE
RFQ731-003207,steamApplication,N,FALSE_NEGATIVE
RFQ731-004816,steamApplication,N,FALSE_NEGATIVE
RFQ731-003944,steamApplication,H,FALSE_NEGATIVE
RFQ731-003291,protectionArea,N,FALSE_NEGATIVE
RFQ731-000899,devCategory,S,FALSE_NEGATIVE
RFQ731-003561,explosionApproval,A,FALSE_NEGATIVE
RFQ731-001100,dataInterface,HS,FALSE_NEGATIVE
RFQ731-004907,steamApplication,H,FALSE_NEGATIVE
RFQ731-000581,steamApplication,H,FALSE_NEGATIVE
RFQ731-004275,characteristic,TE,FALSE_NEGATIVE
RFQ731-004023,binaerDigitalOpenColl_MN,MN4,FALSE_NEGATIVE
RFQ731-000710,steamApplication,N,FALSE_NEGATIVE
RFQ731-004027,temperaturEingaenge,TT1,FALSE_NEGATIVE
RFQ731-000919,protectionArea,N,FALSE_NEGATIVE
RFQ731-003020,certification,MN,FALSE_NEGATIVE
RFQ731-003881,protectionArea,N,FALSE_NEGATIVE
RFQ731-000123,devCategory,S,FALSE_NEGATIVE
RFQ731-003696,characteristic,PW,FALSE_NEGATIVE
RFQ731-003020,dataInterface,NN,FALSE_NEGATIVE
RFQ731-003619,stromEingaenge,IS2,FALSE_NEGATIVE
RFQ731-000824,dataInterface,HS,FALSE_NEGATIVE
RFQ731-003148,dataInterface,NN,FALSE_NEGATIVE
RFQ731-004752,dataInterface,HS,FALSE_NEGATIVE
RFQ731-003091,dataInterface,NN,FALSE_NEGATIVE
RFQ731-002362,steamApplication,N,FALSE_NEGATIVE
RFQ731-000838,waveInjector,FWI,FALSE_NEGATIVE
RFQ731-004535,characteristic,PW,FALSE_NEGATIVE
RFQ731-003346,certification,MN,FALSE_NEGATIVE
RFQ731-003970,explosionApproval,A,FALSE_NEGATIVE
RFQ731-002787,dataInterface,NN,FALSE_NEGATIVE
RFQ731-001676,powerSupply,4,FALSE_NEGATIVE
RFQ731-001376,dataInterface,HS,FALSE_NEGATIVE
RFQ731-003453,dataInterface,MR,FALSE_NEGATIVE
RFQ731-004642,explosionApproval,K,FALSE_NEGATIVE
RFQ731-002675,steamApplication,H,FALSE_NEGATIVE
RFQ731-001044,dataInterface,HS,FALSE_NEGATIVE
RFQ731-003113,powerSupply,4,FALSE_NEGATIVE
RFQ731-001540,explosionApproval,K,FALSE_NEGATIVE
RFQ731-002459,steamApplication,H,FALSE_NEGATIVE
RFQ731-004569,protectionArea,N,FALSE_NEGATIVE
RFQ731-003744,characteristic,PW,FALSE_NEGATIVE
RFQ731-004997,steamApplication,N,FALSE_NEGATIVE
RFQ731-003080,steamApplication,N,FALSE_NEGATIVE
RFQ731-000320,steamApplication,H,FALSE_NEGATIVE
RFQ731-000502,dataInterface,HS,FALSE_NEGATIVE
RFQ731-001678,devCategory,H,FALSE_NEGATIVE
RFQ731-004896,devCategory,H,FALSE_NEGATIVE
RFQ731-001909,dataInterface,HS,FALSE_NEGATIVE
RFQ731-004499,steamApplication,H,FALSE_NEGATIVE
RFQ731-004843,dataInterface,HS,FALSE_NEGATIVE
RFQ731-001450,explosionApproval,N,FALSE_NEGATIVE
RFQ731-001363,stromSchaltbar,CS2,FALSE_NEGATIVE
RFQ731-000962,steamApplication,N,FALSE_NEGATIVE
RFQ731-001319,dataInterface,HS,FALSE_NEGATIVE
RFQ731-000318,protectionArea,N,FALSE_NEGATIVE
RFQ731-004180,dataInterface,HS,FALSE_NEGATIVE
RFQ731-001368,protectionArea,N,FALSE_NEGATIVE
RFQ731-004417,characteristic,VG,FALSE_NEGATIVE
RFQ731-000943,dataInterface,PA,FALSE_NEGATIVE
RFQ731-002257,dataInterface,MT,FALSE_NEGATIVE
RFQ731-004815,protectionArea,N,FALSE_NEGATIVE
RFQ731-002902,steamApplication,H,FALSE_NEGATIVE
RFQ731-001321,explosionApproval,N,FALSE_NEGATIVE
RFQ731-001460,characteristic,CA,FALSE_NEGATIVE
RFQ731-003693,certification,MN,FALSE_NEGATIVE
RFQ731-001853,dataInterface,PA,FALSE_NEGATIVE
RFQ731-004852,characteristic,TE,FALSE_NEGATIVE
RFQ731-001521,dataInterface,HS,FALSE_NEGATIVE
RFQ731-000470,powerSupply,4,FALSE_NEGATIVE
RFQ731-004858,devCategory,S,FALSE_NEGATIVE
RFQ731-000138,dataInterface,HS,FALSE_NEGATIVE
RFQ731-001546,protectionArea,N,FALSE_NEGATIVE
RFQ731-003854,certification,MN,FALSE_NEGATIVE
RFQ731-002174,steamApplication,H,FALSE_NEGATIVE
RFQ731-003228,dataInterface,PA,FALSE_NEGATIVE
RFQ731-000594,steamApplication,N,FALSE_NEGATIVE
RFQ731-000242,dataInterface,HS,FALSE_NEGATIVE
RFQ731-001320,explosionApproval,N,FALSE_NEGATIVE
RFQ731-004151,protectionArea,N,FALSE_NEGATIVE
RFQ731-004535,dataInterface,NN,FALSE_NEGATIVE
RFQ731-000845,characteristic,CA,FALSE_NEGATIVE
RFQ731-003147,dataInterface,HS,FALSE_NEGATIVE
RFQ731-000033,dataInterface,PA,FALSE_NEGATIVE
RFQ731-000842,dataInterface,NN,FALSE_NEGATIVE
RFQ731-001764,dataInterface,HS,FALSE_NEGATIVE
RFQ731-003966,characteristic,TE,FALSE_NEGATIVE
RFQ731-003249,dataInterface,NN,FALSE_NEGATIVE
RFQ731-004594,dataInterface,MT,FALSE_NEGATIVE
RFQ731-000812,devCategory,S,FALSE_NEGATIVE
RFQ731-004724,explosionApproval,A,FALSE_NEGATIVE
RFQ731-003383,protectionArea,N,FALSE_NEGATIVE
RFQ731-003904,certification,MN,FALSE_NEGATIVE
RFQ731-000157,dataInterface,HS,FALSE_NEGATIVE
RFQ731-002951,protectionArea,N,FALSE_NEGATIVE
RFQ731-003045,steamApplication,N,FALSE_NEGATIVE
RFQ731-000960,steamApplication,N,FALSE_NEGATIVE
RFQ731-004767,explosionApproval,A,FALSE_NEGATIVE
RFQ731-000800,dataInterface,HS,FALSE_NEGATIVE
RFQ731-000118,dataInterface,NN,FALSE_NEGATIVE
RFQ731-003806,temperaturEingaenge,TT1,FALSE_NEGATIVE
RFQ731-001339,explosionApproval,N,FALSE_NEGATIVE
RFQ731-002800,steamApplication,N,FALSE_NEGATIVE
RFQ731-004427,protectionArea,N,FALSE_NEGATIVE
RFQ731-000557,dataInterface,HS,FALSE_NEGATIVE
RFQ731-003548,steamApplication,N,FALSE_NEGATIVE
RFQ731-003187,certification,MN,FALSE_NEGATIVE
RFQ731-003784,explosionApproval,F,FALSE_NEGATIVE
RFQ731-000796,explosionApproval,A,FALSE_NEGATIVE
RFQ731-004834,characteristic,CA,FALSE_NEGATIVE
RFQ731-003187,dataInterface,NN,FALSE_NEGATIVE
RFQ731-003803,devCategory,H,FALSE_NEGATIVE
RFQ731-001050,protectionArea,N,FALSE_NEGATIVE
RFQ731-001858,dataInterface,HS,FALSE_NEGATIVE
RFQ731-002940,dataInterface,NN,FALSE_NEGATIVE
RFQ731-001955,waveInjector,FWI,FALSE_NEGATIVE
RFQ731-004741,dataInterface,HS,FALSE_NEGATIVE
RFQ731-002759,explosionApproval,F,FALSE_NEGATIVE
RFQ731-002676,dataInterface,NN,FALSE_NEGATIVE
RFQ731-000608,steamApplication,N,FALSE_NEGATIVE
RFQ731-002317,stromSchaltbar,CS2,FALSE_NEGATIVE
RFQ731-001916,dataInterface,HS,FALSE_NEGATIVE
RFQ731-000798,certification,MN,FALSE_NEGATIVE
RFQ731-000408,explosionApproval,K,FALSE_NEGATIVE
RFQ731-000359,dataInterface,MR,FALSE_NEGATIVE
RFQ731-001238,explosionApproval,F,FALSE_NEGATIVE
RFQ731-002686,dataInterface,HS,FALSE_NEGATIVE
RFQ731-003418,waveInjector,FWI,FALSE_NEGATIVE
RFQ731-000240,steamApplication,N,FALSE_NEGATIVE
RFQ731-000930,temperaturEingaenge,TT1,FALSE_NEGATIVE
RFQ731-001988,certification,MN,FALSE_NEGATIVE
RFQ731-003156,dataInterface,HS,FALSE_NEGATIVE
RFQ731-001455,dataInterface,HS,FALSE_NEGATIVE
RFQ731-001245,dataInterface,HS,FALSE_NEGATIVE
RFQ731-002483,dataInterface,NN,FALSE_NEGATIVE
RFQ731-002485,explosionApproval,N,FALSE_NEGATIVE
RFQ731-003291,dataInterface,PA,FALSE_NEGATIVE
RFQ731-000545,dataInterface,PA,FALSE_NEGATIVE
RFQ731-003546,certification,MN,FALSE_NEGATIVE
RFQ731-004047,explosionApproval,A,FALSE_NEGATIVE
RFQ731-004885,explosionApproval,N,FALSE_NEGATIVE
RFQ731-000300,waveInjector,FWI,FALSE_NEGATIVE
RFQ731-004759,protectionArea,N,FALSE_NEGATIVE
RFQ731-003371,waveInjector,FWI,FALSE_NEGATIVE
RFQ731-004639,protectionArea,N,FALSE_NEGATIVE
RFQ731-004667,dataInterface,HS,FALSE_NEGATIVE
RFQ731-002393,protectionArea,N,FALSE_NEGATIVE
RFQ731-001963,certification,MN,FALSE_NEGATIVE
RFQ731-004440,explosionApproval,K,FALSE_NEGATIVE
RFQ731-003486,dataInterface,HS,FALSE_NEGATIVE
RFQ731-004395,dataInterface,HS,FALSE_NEGATIVE
RFQ731-003718,dataInterface,HS,FALSE_NEGATIVE
RFQ731-003450,waveInjector,FWI,FALSE_NEGATIVE
RFQ731-003350,explosionApproval,A,FALSE_NEGATIVE
RFQ731-000095,certification,MN,FALSE_NEGATIVE
RFQ731-002757,binaerDigitalOpenColl_MN,MN4,FALSE_NEGATIVE
RFQ731-003337,dataInterface,HS,FALSE_NEGATIVE
RFQ731-001651,dataInterface,PA,FALSE_NEGATIVE
RFQ731-004307,protectionArea,N,FALSE_NEGATIVE
RFQ731-001683,dataInterface,HS,FALSE_NEGATIVE
RFQ731-000356,dataInterface,PA,FALSE_NEGATIVE
RFQ731-002083,protectionArea,N,FALSE_NEGATIVE
RFQ731-003429,dataInterface,HS,FALSE_NEGATIVE
RFQ731-000764,characteristic,CA,FALSE_NEGATIVE
RFQ731-000119,waveInjector,FWI,FALSE_NEGATIVE
RFQ731-002535,certification,MN,FALSE_NEGATIVE
RFQ731-001585,steamApplication,N,FALSE_NEGATIVE
RFQ731-003156,devCategory,H,FALSE_NEGATIVE
RFQ731-001206,protectionArea,N,FALSE_NEGATIVE
RFQ731-001884,devCategory,S,FALSE_NEGATIVE
RFQ731-004896,dataInterface,NN,FALSE_NEGATIVE
RFQ731-004526,devCategory,S,FALSE_NEGATIVE
RFQ731-000657,dataInterface,NN,FALSE_NEGATIVE
RFQ731-003901,dataInterface,MT,FALSE_NEGATIVE
RFQ731-002256,steamApplication,N,FALSE_NEGATIVE
RFQ731-001570,temperaturEingaenge,TT1,FALSE_NEGATIVE
RFQ731-000408,devCategory,S,FALSE_NEGATIVE
RFQ731-004980,steamApplication,H,FALSE_NEGATIVE
RFQ731-002045,dataInterface,HS,FALSE_NEGATIVE
RFQ731-001317,steamApplication,N,FALSE_NEGATIVE
RFQ731-000181,dataInterface,HS,FALSE_NEGATIVE
RFQ731-001710,dataInterface,HS,FALSE_NEGATIVE
RFQ731-000166,certification,MN,FALSE_NEGATIVE
RFQ731-000707,certification,MN,FALSE_NEGATIVE
RFQ731-001868,protectionArea,N,FALSE_NEGATIVE
RFQ731-004396,devCategory,S,FALSE_NEGATIVE
RFQ731-003576,protectionArea,N,FALSE_NEGATIVE
RFQ731-003753,devCategory,S,FALSE_NEGATIVE
RFQ731-004742,dataInterface,HS,FALSE_NEGATIVE
RFQ731-004705,dataInterface,NN,FALSE_NEGATIVE
RFQ731-000540,dataInterface,HS,FALSE_NEGATIVE
RFQ731-002989,steamApplication,H,FALSE_NEGATIVE
RFQ731-000178,certification,MN,FALSE_NEGATIVE
RFQ731-003970,steamApplication,H,FALSE_NEGATIVE
RFQ731-003913,certification,MN,FALSE_NEGATIVE
RFQ731-001680,steamApplication,N,FALSE_NEGATIVE
RFQ731-004971,dataInterface,MR,FALSE_NEGATIVE
RFQ731-004052,devCategory,S,FALSE_NEGATIVE
RFQ731-003610,certification,MN,FALSE_NEGATIVE
RFQ731-000539,characteristic,VG,FALSE_NEGATIVE
RFQ731-004540,protectionArea,N,FALSE_NEGATIVE
RFQ731-004529,explosionApproval,N,FALSE_NEGATIVE
RFQ731-000891,certification,MN,FALSE_NEGATIVE
RFQ731-004045,explosionApproval,K,FALSE_NEGATIVE
RFQ731-002575,characteristic,TE,FALSE_NEGATIVE
RFQ731-004449,certification,MN,FALSE_NEGATIVE
RFQ731-000668,explosionApproval,F,FALSE_NEGATIVE
RFQ731-000797,waveInjector,FWI,FALSE_NEGATIVE
RFQ731-000835,explosionApproval,K,FALSE_NEGATIVE
RFQ731-001030,steamApplication,N,FALSE_NEGATIVE
RFQ731-002477,dataInterface,NN,FALSE_NEGATIVE
RFQ731-004180,certification,MN,FALSE_NEGATIVE
RFQ731-000458,dataInterface,HS,FALSE_NEGATIVE
RFQ731-000183,dataInterface,NN,FALSE_NEGATIVE
RFQ731-001155,protectionArea,N,FALSE_NEGATIVE
RFQ731-002846,dataInterface,MT,FALSE_NEGATIVE
RFQ731-000114,dataInterface,NN,FALSE_NEGATIVE
RFQ731-004506,dataInterface,NN,FALSE_NEGATIVE
RFQ731-001207,explosionApproval,A,FALSE_NEGATIVE
RFQ731-002377,dataInterface,MR,FALSE_NEGATIVE
RFQ731-001398,dataInterface,HS,FALSE_NEGATIVE
RFQ731-003059,protectionArea,N,FALSE_NEGATIVE
RFQ731-004429,temperaturEingaenge,TT1,FALSE_NEGATIVE
RFQ731-004459,steamApplication,N,FALSE_NEGATIVE
RFQ731-000821,steamApplication,N,FALSE_NEGATIVE
RFQ731-003588,protectionArea,N,FALSE_NEGATIVE
RFQ731-002062,dataInterface,NN,FALSE_NEGATIVE
RFQ731-000726,dataInterface,NN,FALSE_NEGATIVE
RFQ731-001864,binaerDigitalOpenColl_MN,MN4,FALSE_NEGATIVE
RFQ731-003842,dataInterface,HS,FALSE_NEGATIVE
RFQ731-000743,characteristic,TE,FALSE_NEGATIVE
RFQ731-001768,protectionArea,N,FALSE_NEGATIVE
RFQ731-003797,dataInterface,HS,FALSE_NEGATIVE
RFQ731-000374,waveInjector,FWI,FALSE_NEGATIVE
RFQ731-000685,dataInterface,HS,FALSE_NEGATIVE
RFQ731-003979,waveInjector,FWI,FALSE_NEGATIVE
RFQ731-003931,protectionArea,N,FALSE_NEGATIVE
RFQ731-000317,protectionArea,N,FALSE_NEGATIVE
RFQ731-002879,dataInterface,HS,FALSE_NEGATIVE
RFQ731-004178,dataInterface,PA,FALSE_NEGATIVE
RFQ731-002737,dataInterface,HS,FALSE_NEGATIVE
RFQ731-000850,steamApplication,H,FALSE_NEGATIVE
RFQ731-000412,certification,MN,FALSE_NEGATIVE
RFQ731-000983,waveInjector,FWI,FALSE_NEGATIVE
RFQ731-000375,explosionApproval,F,FALSE_NEGATIVE
RFQ731-004563,dataInterface,HS,FALSE_NEGATIVE
RFQ731-004813,certification,MN,FALSE_NEGATIVE
RFQ731-004233,protectionArea,N,FALSE_NEGATIVE
RFQ731-004901,temperaturEingaenge,TT1,FALSE_NEGATIVE
RFQ731-000010,explosionApproval,K,FALSE_NEGATIVE
RFQ731-001293,certification,MN,FALSE_NEGATIVE
RFQ731-001824,devCategory,S,FALSE_NEGATIVE
RFQ731-004982,certification,MN,FALSE_NEGATIVE
RFQ731-004137,devCategory,H,FALSE_NEGATIVE
RFQ731-002542,temperaturEingaenge,TT1,FALSE_NEGATIVE
RFQ731-004621,certification,MN,FALSE_NEGATIVE
RFQ731-003534,dataInterface,NN,FALSE_NEGATIVE
RFQ731-003386,protectionArea,N,FALSE_NEGATIVE
RFQ731-002832,steamApplication,N,FALSE_NEGATIVE
RFQ731-000346,dataInterface,MT,FALSE_NEGATIVE
RFQ731-003585,dataInterface,NN,FALSE_NEGATIVE
RFQ731-000857,certification,MN,FALSE_NEGATIVE
RFQ731-003890,dataInterface,HS,FALSE_NEGATIVE
RFQ731-003663,dataInterface,PA,FALSE_NEGATIVE
RFQ731-001707,waveInjector,FWI,FALSE_NEGATIVE
RFQ731-002228,dataInterface,HS,FALSE_NEGATIVE
RFQ731-000834,devCategory,H,FALSE_NEGATIVE
RFQ731-001411,explosionApproval,F,FALSE_NEGATIVE
RFQ731-001936,waveInjector,FWI,FALSE_NEGATIVE
RFQ731-001888,dataInterface,PA,FALSE_NEGATIVE
RFQ731-002512,certification,MN,FALSE_NEGATIVE
RFQ731-001892,steamApplication,H,FALSE_NEGATIVE
RFQ731-001896,characteristic,PW,FALSE_NEGATIVE
RFQ731-004386,powerSupply,4,FALSE_NEGATIVE
RFQ731-001163,dataInterface,HS,FALSE_NEGATIVE
RFQ731-001187,protectionArea,N,FALSE_NEGATIVE
RFQ731-001583,dataInterface,NN,FALSE_NEGATIVE
RFQ731-000419,certification,MN,FALSE_NEGATIVE
RFQ731-002598,dataInterface,NN,FALSE_NEGATIVE
RFQ731-004294,steamApplication,N,FALSE_NEGATIVE
RFQ731-001094,dataInterface,NN,FALSE_NEGATIVE
RFQ731-001760,powerSupply,4,FALSE_NEGATIVE
RFQ731-004806,dataInterface,NN,FALSE_NEGATIVE
RFQ731-000704,devCategory,H,FALSE_NEGATIVE
RFQ731-003149,waveInjector,FWI,FALSE_NEGATIVE
RFQ731-002949,explosionApproval,A,FALSE_NEGATIVE
RFQ731-001053,dataInterface,NN,FALSE_NEGATIVE
RFQ731-002143,explosionApproval,N,FALSE_NEGATIVE
RFQ731-003884,steamApplication,N,FALSE_NEGATIVE
RFQ731-002556,explosionApproval,K,FALSE_NEGATIVE
RFQ731-004671,protectionArea,N,FALSE_NEGATIVE
RFQ731-003114,dataInterface,HS,FALSE_NEGATIVE
RFQ731-001175,certification,MN,FALSE_NEGATIVE
RFQ731-003861,dataInterface,HS,FALSE_NEGATIVE
RFQ731-004646,steamApplication,N,FALSE_NEGATIVE
RFQ731-004125,explosionApproval,A,FALSE_NEGATIVE
RFQ731-004828,certification,MN,FALSE_NEGATIVE
RFQ731-004792,temperaturEingaenge,TT1,FALSE_NEGATIVE
RFQ731-001043,certification,MN,FALSE_NEGATIVE
RFQ731-004213,dataInterface,HS,FALSE_NEGATIVE
RFQ731-002953,certification,MN,FALSE_NEGATIVE
RFQ731-002642,protectionArea,N,FALSE_NEGATIVE
RFQ731-003130,dataInterface,NN,FALSE_NEGATIVE
RFQ731-000849,dataInterface,HS,FALSE_NEGATIVE
RFQ731-003762,dataInterface,NN,FALSE_NEGATIVE
RFQ731-000980,steamApplication,H,FALSE_NEGATIVE
RFQ731-001897,protectionArea,N,FALSE_NEGATIVE
RFQ731-002880,steamApplication,H,FALSE_NEGATIVE
RFQ731-002481,characteristic,TE,FALSE_NEGATIVE
RFQ731-003467,dataInterface,NN,FALSE_NEGATIVE
RFQ731-003214,protectionArea,N,FALSE_NEGATIVE
RFQ731-001716,certification,MN,FALSE_NEGATIVE
RFQ731-003556,steamApplication,H,FALSE_NEGATIVE
RFQ731-004574,temperaturEingaenge,TT1,FALSE_NEGATIVE
RFQ731-003658,steamApplication,H,FALSE_NEGATIVE
RFQ731-001413,explosionApproval,K,FALSE_NEGATIVE
RFQ731-004136,dataInterface,HS,FALSE_NEGATIVE
RFQ731-001759,explosionApproval,A,FALSE_NEGATIVE
RFQ731-001185,dataInterface,HS,FALSE_NEGATIVE
RFQ731-001937,dataInterface,NN,FALSE_NEGATIVE
RFQ731-003191,dataInterface,HS,FALSE_NEGATIVE
RFQ731-003361,protectionArea,N,FALSE_NEGATIVE
RFQ731-002226,explosionApproval,N,FALSE_NEGATIVE
RFQ731-002273,dataInterface,HS,FALSE_NEGATIVE
RFQ731-004145,devCategory,S,FALSE_NEGATIVE
RFQ731-002001,certification,MN,FALSE_NEGATIVE
RFQ731-004756,protectionArea,N,FALSE_NEGATIVE
RFQ731-003746,waveInjector,FWI,FALSE_NEGATIVE
RFQ731-001315,steamApplication,H,FALSE_NEGATIVE
RFQ731-000040,dataInterface,HS,FALSE_NEGATIVE
RFQ731-004847,dataInterface,MT,FALSE_NEGATIVE
RFQ731-002232,dataInterface,HS,FALSE_NEGATIVE
RFQ731-001006,dataInterface,PA,FALSE_NEGATIVE
RFQ731-003878,protectionArea,N,FALSE_NEGATIVE
RFQ731-000590,explosionApproval,A,FALSE_NEGATIVE
RFQ731-000492,protectionArea,N,FALSE_NEGATIVE
RFQ731-003224,certification,MN,FALSE_NEGATIVE
RFQ731-002686,certification,MN,FALSE_NEGATIVE
RFQ731-004327,characteristic,TE,FALSE_NEGATIVE
RFQ731-001162,dataInterface,NN,FALSE_NEGATIVE
RFQ731-003262,protectionArea,N,FALSE_NEGATIVE
RFQ731-000886,dataInterface,HS,FALSE_NEGATIVE
RFQ731-001266,dataInterface,HS,FALSE_NEGATIVE
RFQ731-001200,dataInterface,NN,FALSE_NEGATIVE
RFQ731-003478,dataInterface,NN,FALSE_NEGATIVE
RFQ731-000188,dataInterface,HS,FALSE_NEGATIVE
RFQ731-003705,dataInterface,PA,FALSE_NEGATIVE
RFQ731-004941,explosionApproval,F,FALSE_NEGATIVE
RFQ731-003827,dataInterface,HS,FALSE_NEGATIVE
RFQ731-002367,characteristic,PW,FALSE_NEGATIVE
RFQ731-001695,devCategory,S,FALSE_NEGATIVE
RFQ731-003910,steamApplication,N,FALSE_NEGATIVE
RFQ731-001346,dataInterface,HS,FALSE_NEGATIVE
RFQ731-004858,waveInjector,FWI,FALSE_NEGATIVE
RFQ731-001233,steamApplication,H,FALSE_NEGATIVE
RFQ731-002576,dataInterface,HS,FALSE_NEGATIVE
RFQ731-004889,dataInterface,HS,FALSE_NEGATIVE
RFQ731-003011,temperaturEingaenge,TT1,FALSE_NEGATIVE
RFQ731-002402,dataInterface,NN,FALSE_NEGATIVE
RFQ731-004271,binaerDigitalOpenColl_MN,MN4,FALSE_NEGATIVE
RFQ731-001620,protectionArea,N,FALSE_NEGATIVE
RFQ731-001748,characteristic,TE,FALSE_NEGATIVE
RFQ731-004868,certification,MN,FALSE_NEGATIVE
RFQ731-003389,dataInterface,HS,FALSE_NEGATIVE
RFQ731-001246,dataInterface,MT,FALSE_NEGATIVE
RFQ731-004436,explosionApproval,N,FALSE_NEGATIVE
RFQ731-004986,dataInterface,HS,FALSE_NEGATIVE
RFQ731-000210,explosionApproval,N,FALSE_NEGATIVE
RFQ731-004386,protectionArea,N,FALSE_NEGATIVE
RFQ731-002425,dataInterface,HS,FALSE_NEGATIVE
RFQ731-000347,steamApplication,H,FALSE_NEGATIVE
RFQ731-001868,dataInterface,PA,FALSE_NEGATIVE
RFQ731-002424,waveInjector,FWI,FALSE_NEGATIVE
RFQ731-004805,waveInjector,FWI,FALSE_NEGATIVE
RFQ731-001441,dataInterface,HS,FALSE_NEGATIVE
RFQ731-000477,steamApplication,H,FALSE_NEGATIVE
RFQ731-003837,steamApplication,N,FALSE_NEGATIVE
RFQ731-001369,characteristic,PW,FALSE_NEGATIVE
RFQ731-003244,waveInjector,FWI,FALSE_NEGATIVE
RFQ731-003399,temperaturEingaenge,TT1,FALSE_NEGATIVE
RFQ731-002243,characteristic,PW,FALSE_NEGATIVE
RFQ731-003256,devCategory,S,FALSE_NEGATIVE
RFQ731-001223,explosionApproval,K,FALSE_NEGATIVE
RFQ731-001386,certification,MN,FALSE_NEGATIVE
RFQ731-001353,binaerOpenColl_MP,MP2,FALSE_NEGATIVE
RFQ731-003571,certification,MN,FALSE_NEGATIVE
RFQ731-001732,steamApplication,N,FALSE_NEGATIVE
RFQ731-004963,characteristic,TE,FALSE_NEGATIVE
RFQ731-004891,dataInterface,MT,FALSE_NEGATIVE
RFQ731-003319,protectionArea,N,FALSE_NEGATIVE
RFQ731-003719,certification,MN,FALSE_NEGATIVE
RFQ731-000806,dataInterface,NN,FALSE_NEGATIVE
RFQ731-000181,certification,MN,FALSE_NEGATIVE
RFQ731-003028,devCategory,H,FALSE_NEGATIVE
RFQ731-001969,dataInterface,PA,FALSE_NEGATIVE
RFQ731-001222,explosionApproval,N,FALSE_NEGATIVE
RFQ731-001403,certification,MN,FALSE_NEGATIVE
RFQ731-002040,temperaturEingaenge,TT1,FALSE_NEGATIVE
RFQ731-004405,steamApplication,N,FALSE_NEGATIVE
RFQ731-000336,explosionApproval,F,FALSE_NEGATIVE
RFQ731-000657,temperaturEingaenge,TT1,FALSE_NEGATIVE
RFQ731-004608,protectionArea,N,FALSE_NEGATIVE
RFQ731-002708,dataInterface,PA,FALSE_NEGATIVE
RFQ731-001497,steamApplication,H,FALSE_NEGATIVE
RFQ731-004986,devCategory,H,FALSE_NEGATIVE
RFQ731-003574,protectionArea,N,FALSE_NEGATIVE
RFQ731-001435,steamApplication,H,FALSE_NEGATIVE
RFQ731-000871,protectionArea,N,FALSE_NEGATIVE
RFQ731-002636,steamApplication,H,FALSE_NEGATIVE
RFQ731-004562,steamApplication,N,FALSE_NEGATIVE
RFQ731-004822,dataInterface,PA,FALSE_NEGATIVE
RFQ731-003807,dataInterface,HS,FALSE_NEGATIVE
RFQ731-000927,dataInterface,NN,FALSE_NEGATIVE
RFQ731-002305,steamApplication,N,FALSE_NEGATIVE
RFQ731-000740,protectionArea,N,FALSE_NEGATIVE
RFQ731-004016,steamApplication,H,FALSE_NEGATIVE
RFQ731-004572,characteristic,PW,FALSE_NEGATIVE
RFQ731-000430,dataInterface,PA,FALSE_NEGATIVE
RFQ731-002801,dataInterface,PA,FALSE_NEGATIVE
RFQ731-004112,protectionArea,N,FALSE_NEGATIVE
RFQ731-002857,explosionApproval,N,FALSE_NEGATIVE
RFQ731-001954,explosionApproval,N,FALSE_NEGATIVE
RFQ731-000126,characteristic,PW,FALSE_NEGATIVE
RFQ731-003443,dataInterface,NN,FALSE_NEGATIVE
RFQ731-000754,dataInterface,HS,FALSE_NEGATIVE
RFQ731-004361,waveInjector,FWI,FALSE_NEGATIVE
RFQ731-003257,certification,MN,FALSE_NEGATIVE
RFQ731-004750,steamApplication,N,FALSE_NEGATIVE
RFQ731-004287,protectionArea,N,FALSE_NEGATIVE
RFQ731-002935,protectionArea,N,FALSE_NEGATIVE
RFQ731-003813,protectionArea,N,FALSE_NEGATIVE
RFQ731-004975,protectionArea,N,FALSE_NEGATIVE
RFQ731-000963,certification,MN,FALSE_NEGATIVE
RFQ731-003097,devCategory,H,FALSE_NEGATIVE
RFQ731-004423,certification,MN,FALSE_NEGATIVE
RFQ731-000277,certification,MN,FALSE_NEGATIVE
RFQ731-000666,dataInterface,HS,FALSE_NEGATIVE
RFQ731-004887,dataInterface,NN,FALSE_NEGATIVE
RFQ731-002411,dataInterface,PA,FALSE_NEGATIVE
RFQ731-000843,protectionArea,N,FALSE_NEGATIVE
RFQ731-000005,devCategory,S,FALSE_NEGATIVE
RFQ731-002247,steamApplication,H,FALSE_NEGATIVE
RFQ731-000830,devCategory,S,FALSE_NEGATIVE
RFQ731-001458,characteristic,PW,FALSE_NEGATIVE
RFQ731-000414,temperaturEingaenge,TT1,FALSE_NEGATIVE
RFQ731-004862,dataInterface,HS,FALSE_NEGATIVE
RFQ731-003320,protectionArea,N,FALSE_NEGATIVE
RFQ731-002508,protectionArea,N,FALSE_NEGATIVE
RFQ731-000147,dataInterface,NN,FALSE_NEGATIVE
RFQ731-004444,waveInjector,FWI,FALSE_NEGATIVE
RFQ731-003233,steamApplication,N,FALSE_NEGATIVE
RFQ731-004164,binaerOpenColl_MP,MP2,FALSE_NEGATIVE
RFQ731-001325,certification,MN,FALSE_NEGATIVE
RFQ731-000925,dataInterface,HS,FALSE_NEGATIVE
RFQ731-000691,explosionApproval,N,FALSE_NEGATIVE
RFQ731-004962,dataInterface,HS,FALSE_NEGATIVE
RFQ731-001402,protectionArea,N,FALSE_NEGATIVE
RFQ731-003204,dataInterface,HS,FALSE_NEGATIVE
RFQ731-002858,explosionApproval,N,FALSE_NEGATIVE
RFQ731-001884,waveInjector,FWI,FALSE_NEGATIVE
RFQ731-002058,dataInterface,HS,FALSE_NEGATIVE
RFQ731-000361,devCategory,S,FALSE_NEGATIVE
RFQ731-003238,temperaturEingaenge,TT1,FALSE_NEGATIVE
RFQ731-003222,steamApplication,N,FALSE_NEGATIVE
RFQ731-000249,dataInterface,HS,FALSE_NEGATIVE
RFQ731-004122,temperaturEingaenge,TT1,FALSE_NEGATIVE
RFQ731-003191,certification,MN,FALSE_NEGATIVE
RFQ731-002224,characteristic,TE,FALSE_NEGATIVE
RFQ731-001757,steamApplication,H,FALSE_NEGATIVE
RFQ731-000789,waveInjector,FWI,FALSE_NEGATIVE
RFQ731-003062,protectionArea,N,FALSE_NEGATIVE
RFQ731-004410,dataInterface,NN,FALSE_NEGATIVE
RFQ731-002359,temperaturEingaenge,TT1,FALSE_NEGATIVE
RFQ731-003365,certification,MN,FALSE_NEGATIVE
RFQ731-001807,protectionArea,N,FALSE_NEGATIVE
RFQ731-004290,explosionApproval,K,FALSE_NEGATIVE
RFQ731-004709,dataInterface,HS,FALSE_NEGATIVE
RFQ731-004844,steamApplication,H,FALSE_NEGATIVE
RFQ731-002472,steamApplication,H,FALSE_NEGATIVE
RFQ731-003727,dataInterface,HS,FALSE_NEGATIVE
RFQ731-000686,certification,MN,FALSE_NEGATIVE
RFQ731-000330,steamApplication,H,FALSE_NEGATIVE
RFQ731-004821,protectionArea,N,FALSE_NEGATIVE
RFQ731-002505,protectionArea,N,FALSE_NEGATIVE
RFQ731-002594,dataInterface,HS,FALSE_NEGATIVE
RFQ731-004962,devCategory,H,FALSE_NEGATIVE
RFQ731-001117,dataInterface,NN,FALSE_NEGATIVE
RFQ731-003530,dataInterface,NN,FALSE_NEGATIVE
RFQ731-000163,steamApplication,N,FALSE_NEGATIVE
RFQ731-000045,protectionArea,N,FALSE_NEGATIVE
RFQ731-001692,binaerDigitalOpenColl_MN,MN4,FALSE_NEGATIVE
RFQ731-001367,characteristic,PW,FALSE_NEGATIVE
RFQ731-002980,dataInterface,HS,FALSE_NEGATIVE
RFQ731-002697,dataInterface,HS,FALSE_NEGATIVE
RFQ731-004991,dataInterface,PA,FALSE_NEGATIVE
RFQ731-000196,temperaturEingaenge,TT1,FALSE_NEGATIVE
RFQ731-002414,dataInterface,MR,FALSE_NEGATIVE
RFQ731-001918,explosionApproval,A,FALSE_NEGATIVE
RFQ731-000451,waveInjector,FWI,FALSE_NEGATIVE
RFQ731-001068,dataInterface,NN,FALSE_NEGATIVE
RFQ731-001133,steamApplication,N,FALSE_NEGATIVE
RFQ731-001337,steamApplication,N,FALSE_NEGATIVE
RFQ731-001775,dataInterface,HS,FALSE_NEGATIVE
RFQ731-004645,dataInterface,HS,FALSE_NEGATIVE
RFQ731-001690,steamApplication,H,FALSE_NEGATIVE
RFQ731-004213,certification,MN,FALSE_NEGATIVE
RFQ731-001919,steamApplication,H,FALSE_NEGATIVE
RFQ731-004482,binaerDigitalOpenColl_MN,MN4,FALSE_NEGATIVE
RFQ731-003485,steamApplication,H,FALSE_NEGATIVE
RFQ731-002140,protectionArea,N,FALSE_NEGATIVE
RFQ731-001459,certification,MN,FALSE_NEGATIVE
RFQ731-002528,binaerOpenColl_MP,MP2,FALSE_NEGATIVE
RFQ731-003972,devCategory,S,FALSE_NEGATIVE
RFQ731-003340,waveInjector,FWI,FALSE_NEGATIVE
RFQ731-004826,dataInterface,MT,FALSE_NEGATIVE
RFQ731-004406,steamApplication,N,FALSE_NEGATIVE
RFQ731-001985,protectionArea,N,FALSE_NEGATIVE
RFQ731-002229,dataInterface,NN,FALSE_NEGATIVE
RFQ731-003389,certification,MN,FALSE_NEGATIVE
RFQ731-004706,waveInjector,FWI,FALSE_NEGATIVE
RFQ731-001608,waveInjector,FWI,FALSE_NEGATIVE
RFQ731-001234,protectionArea,N,FALSE_NEGATIVE
RFQ731-004026,steamApplication,N,FALSE_NEGATIVE
RFQ731-003791,explosionApproval,N,FALSE_NEGATIVE
RFQ731-004675,certification,MN,FALSE_NEGATIVE
RFQ731-001992,explosionApproval,A,FALSE_NEGATIVE
RFQ731-000913,steamApplication,N,FALSE_NEGATIVE
RFQ731-001382,certification,MN,FALSE_NEGATIVE
RFQ731-003448,steamApplication,N,FALSE_NEGATIVE
RFQ731-000036,steamApplication,H,FALSE_NEGATIVE
RFQ731-001839,certification,MN,FALSE_NEGATIVE
RFQ731-004593,dataInterface,MR,FALSE_NEGATIVE
RFQ731-001320,certification,MN,FALSE_NEGATIVE
RFQ731-000456,dataInterface,MR,FALSE_NEGATIVE
RFQ731-004146,characteristic,CA,FALSE_NEGATIVE
RFQ731-003424,certification,MN,FALSE_NEGATIVE
RFQ731-001138,dataInterface,HS,FALSE_NEGATIVE
RFQ731-004818,waveInjector,FWI,FALSE_NEGATIVE
RFQ731-003519,explosionApproval,F,FALSE_NEGATIVE
RFQ731-003190,dataInterface,HS,FALSE_NEGATIVE
RFQ731-004399,binaerDigitalOpenColl_MN,MN4,FALSE_NEGATIVE
RFQ731-000821,protectionArea,N,FALSE_NEGATIVE
RFQ731-002102,characteristic,TE,FALSE_NEGATIVE
RFQ731-005000,dataInterface,HS,FALSE_NEGATIVE
RFQ731-001877,devCategory,H,FALSE_NEGATIVE
RFQ731-003876,dataInterface,HS,FALSE_NEGATIVE
RFQ731-001810,explosionApproval,N,FALSE_NEGATIVE
RFQ731-000349,dataInterface,MT,FALSE_NEGATIVE
RFQ731-001619,steamApplication,N,FALSE_NEGATIVE
RFQ731-002646,dataInterface,NN,FALSE_NEGATIVE
RFQ731-004280,devCategory,S,FALSE_NEGATIVE
RFQ731-004376,steamApplication,N,FALSE_NEGATIVE
RFQ731-001031,characteristic,PW,FALSE_NEGATIVE
RFQ731-000517,devCategory,H,FALSE_NEGATIVE
RFQ731-003468,devCategory,S,FALSE_NEGATIVE
RFQ731-003232,steamApplication,H,FALSE_NEGATIVE
RFQ731-004192,temperaturEingaenge,TT1,FALSE_NEGATIVE
RFQ731-001494,dataInterface,HS,FALSE_NEGATIVE
RFQ731-001624,certification,MN,FALSE_NEGATIVE
RFQ731-004066,explosionApproval,K,FALSE_NEGATIVE
RFQ731-002745,certification,MN,FALSE_NEGATIVE
RFQ731-003618,characteristic,TE,FALSE_NEGATIVE
RFQ731-002925,protectionArea,N,FALSE_NEGATIVE
RFQ731-004117,waveInjector,FWI,FALSE_NEGATIVE
RFQ731-004053,dataInterface,NN,FALSE_NEGATIVE
RFQ731-002034,dataInterface,HS,FALSE_NEGATIVE
RFQ731-004180,explosionApproval,N,FALSE_NEGATIVE
RFQ731-002966,dataInterface,NN,FALSE_NEGATIVE
RFQ731-002231,characteristic,CA,FALSE_NEGATIVE
RFQ731-004664,protectionArea,N,FALSE_NEGATIVE
RFQ731-003574,dataInterface,PA,FALSE_NEGATIVE
RFQ731-004328,waveInjector,FWI,FALSE_NEGATIVE
RFQ731-005000,devCategory,H,FALSE_NEGATIVE
RFQ731-003798,temperaturEingaenge,TT1,FALSE_NEGATIVE
RFQ731-001970,binaerDigitalOpenColl_MN,MN4,FALSE_NEGATIVE
RFQ731-001772,waveInjector,FWI,FALSE_NEGATIVE
RFQ731-004674,steamApplication,N,FALSE_NEGATIVE
RFQ731-004973,dataInterface,HS,FALSE_NEGATIVE
RFQ731-002237,steamApplication,N,FALSE_NEGATIVE
RFQ731-002068,dataInterface,HS,FALSE_NEGATIVE
RFQ731-004099,dataInterface,MR,FALSE_NEGATIVE
RFQ731-002252,certification,MN,FALSE_NEGATIVE
RFQ731-000475,waveInjector,FWI,FALSE_NEGATIVE
RFQ731-003960,dataInterface,HS,FALSE_NEGATIVE
RFQ731-000997,steamApplication,H,FALSE_NEGATIVE
RFQ731-001685,dataInterface,HS,FALSE_NEGATIVE
RFQ731-004774,dataInterface,HS,FALSE_NEGATIVE
RFQ731-001464,steamApplication,H,FALSE_NEGATIVE
RFQ731-003884,protectionArea,N,FALSE_NEGATIVE
RFQ731-001520,characteristic,TE,FALSE_NEGATIVE
RFQ731-002338,explosionApproval,F,FALSE_NEGATIVE
RFQ731-002507,dataInterface,NN,FALSE_NEGATIVE
RFQ731-002337,dataInterface,NN,FALSE_NEGATIVE
RFQ731-001240,dataInterface,HS,FALSE_NEGATIVE
RFQ731-004228,steamApplication,H,FALSE_NEGATIVE
RFQ731-003480,protectionArea,N,FALSE_NEGATIVE
RFQ731-004823,certification,MN,FALSE_NEGATIVE
RFQ731-002796,explosionApproval,F,FALSE_NEGATIVE
RFQ731-004516,protectionArea,N,FALSE_NEGATIVE
RFQ731-001078,dataInterface,HS,FALSE_NEGATIVE
RFQ731-002657,explosionApproval,A,FALSE_NEGATIVE
RFQ731-002482,dataInterface,HS,FALSE_NEGATIVE
RFQ731-000603,dataInterface,HS,FALSE_NEGATIVE
RFQ731-001349,stromSchaltbar,CS2,FALSE_NEGATIVE
RFQ731-000547,devCategory,H,FALSE_NEGATIVE
RFQ731-002673,characteristic,CA,FALSE_NEGATIVE
RFQ731-001909,explosionApproval,N,FALSE_NEGATIVE
RFQ731-000076,protectionArea,N,FALSE_NEGATIVE
RFQ731-002722,steamApplication,N,FALSE_NEGATIVE
RFQ731-000032,explosionApproval,K,FALSE_NEGATIVE
RFQ731-002066,devCategory,H,FALSE_NEGATIVE
RFQ731-003002,dataInterface,NN,FALSE_NEGATIVE
RFQ731-000869,protectionArea,N,FALSE_NEGATIVE
RFQ731-000338,dataInterface,HS,FALSE_NEGATIVE
RFQ731-003408,explosionApproval,N,FALSE_NEGATIVE
RFQ731-002543,dataInterface,HS,FALSE_NEGATIVE
RFQ731-004475,explosionApproval,N,FALSE_NEGATIVE
RFQ731-004653,protectionArea,N,FALSE_NEGATIVE
RFQ731-000328,devCategory,S,FALSE_NEGATIVE
RFQ731-003681,certification,MN,FALSE_NEGATIVE
RFQ731-000923,steamApplication,N,FALSE_NEGATIVE
RFQ731-003955,characteristic,TE,FALSE_NEGATIVE
RFQ731-003906,waveInjector,FWI,FALSE_NEGATIVE
RFQ731-001720,binaerOpenColl_MP,MP2,FALSE_NEGATIVE
RFQ731-004558,dataInterface,HS,FALSE_NEGATIVE
RFQ731-002594,certification,MN,FALSE_NEGATIVE
RFQ731-004882,dataInterface,MR,FALSE_NEGATIVE
RFQ731-003781,protectionArea,N,FALSE_NEGATIVE
RFQ731-001750,protectionArea,N,FALSE_NEGATIVE
RFQ731-002167,protectionArea,N,FALSE_NEGATIVE
RFQ731-001383,temperaturEingaenge,TT1,FALSE_NEGATIVE
RFQ731-001530,dataInterface,HS,FALSE_NEGATIVE
RFQ731-003715,protectionArea,N,FALSE_NEGATIVE
RFQ731-000694,dataInterface,HS,FALSE_NEGATIVE
RFQ731-004168,dataInterface,HS,FALSE_NEGATIVE
RFQ731-004645,certification,MN,FALSE_NEGATIVE
RFQ731-001601,temperaturEingaenge,TT1,FALSE_NEGATIVE
RFQ731-002142,dataInterface,NN,FALSE_NEGATIVE
RFQ731-001822,devCategory,H,FALSE_NEGATIVE
RFQ731-002486,steamApplication,N,FALSE_NEGATIVE
RFQ731-001322,protectionArea,N,FALSE_NEGATIVE
RFQ731-003550,steamApplication,H,FALSE_NEGATIVE
RFQ731-000718,characteristic,TE,FALSE_NEGATIVE
RFQ731-004333,waveInjector,FWI,FALSE_NEGATIVE
RFQ731-003210,protectionArea,N,FALSE_NEGATIVE
RFQ731-002688,steamApplication,N,FALSE_NEGATIVE
RFQ731-000675,explosionApproval,F,FALSE_NEGATIVE
RFQ731-003370,dataInterface,HS,FALSE_NEGATIVE
RFQ731-000834,temperaturEingaenge,TT1,FALSE_NEGATIVE
RFQ731-000432,steamApplication,N,FALSE_NEGATIVE
RFQ731-003950,dataInterface,HS,FALSE_NEGATIVE
RFQ731-000941,explosionApproval,A,FALSE_NEGATIVE
RFQ731-003889,steamApplication,N,FALSE_NEGATIVE
RFQ731-003795,certification,MN,FALSE_NEGATIVE
RFQ731-004957,devCategory,S,FALSE_NEGATIVE
RFQ731-004204,protectionArea,N,FALSE_NEGATIVE
RFQ731-001066,explosionApproval,K,FALSE_NEGATIVE
RFQ731-000003,explosionApproval,N,FALSE_NEGATIVE
RFQ731-004561,certification,MN,FALSE_NEGATIVE
RFQ731-003281,dataInterface,HS,FALSE_NEGATIVE
RFQ731-002810,dataInterface,PA,FALSE_NEGATIVE
RFQ731-001011,explosionApproval,A,FALSE_NEGATIVE
RFQ731-003561,certification,MN,FALSE_NEGATIVE
RFQ731-004276,explosionApproval,K,FALSE_NEGATIVE
RFQ731-003727,certification,MN,FALSE_NEGATIVE
RFQ731-004782,steamApplication,N,FALSE_NEGATIVE
RFQ731-003853,protectionArea,N,FALSE_NEGATIVE
RFQ731-004764,dataInterface,MT,FALSE_NEGATIVE
RFQ731-000717,steamApplication,N,FALSE_NEGATIVE
RFQ731-003273,dataInterface,MR,FALSE_NEGATIVE
RFQ731-000206,dataInterface,HS,FALSE_NEGATIVE
RFQ731-002509,dataInterface,NN,FALSE_NEGATIVE
RFQ731-002980,certification,MN,FALSE_NEGATIVE
RFQ731-003658,waveInjector,FWI,FALSE_NEGATIVE
RFQ731-004390,steamApplication,H,FALSE_NEGATIVE
RFQ731-002368,steamApplication,N,FALSE_NEGATIVE
RFQ731-001784,dataInterface,HS,FALSE_NEGATIVE
RFQ731-002993,waveInjector,FWI,FALSE_NEGATIVE
RFQ731-004439,characteristic,CA,FALSE_NEGATIVE
RFQ731-004649,characteristic,TE,FALSE_NEGATIVE
RFQ731-002535,waveInjector,FWI,FALSE_NEGATIVE
RFQ731-003740,steamApplication,H,FALSE_NEGATIVE
RFQ731-000154,dataInterface,PA,FALSE_NEGATIVE
RFQ731-003494,explosionApproval,N,FALSE_NEGATIVE
RFQ731-002573,dataInterface,HS,FALSE_NEGATIVE
RFQ731-000731,steamApplication,N,FALSE_NEGATIVE
RFQ731-001286,certification,MN,FALSE_NEGATIVE
RFQ731-001419,protectionArea,N,FALSE_NEGATIVE
RFQ731-001559,protectionArea,N,FALSE_NEGATIVE
RFQ731-000890,steamApplication,N,FALSE_NEGATIVE
RFQ731-001310,dataInterface,MR,FALSE_NEGATIVE
RFQ731-003471,protectionArea,N,FALSE_NEGATIVE
RFQ731-002541,protectionArea,N,FALSE_NEGATIVE
RFQ731-004745,steamApplication,H,FALSE_NEGATIVE
RFQ731-003114,temperaturEingaenge,TT1,FALSE_NEGATIVE
RFQ731-002200,protectionArea,N,FALSE_NEGATIVE
RFQ731-002630,certification,MN,FALSE_NEGATIVE
RFQ731-002493,characteristic,PW,FALSE_NEGATIVE
RFQ731-001333,certification,MN,FALSE_NEGATIVE
RFQ731-004142,steamApplication,N,FALSE_NEGATIVE
RFQ731-004273,certification,MN,FALSE_NEGATIVE
RFQ731-002569,certification,MN,FALSE_NEGATIVE
RFQ731-003342,temperaturEingaenge,TT1,FALSE_NEGATIVE
RFQ731-000131,steamApplication,H,FALSE_NEGATIVE
RFQ731-000530,steamApplication,N,FALSE_NEGATIVE
RFQ731-004695,devCategory,H,FALSE_NEGATIVE
RFQ731-004566,steamApplication,N,FALSE_NEGATIVE
RFQ731-001784,devCategory,H,FALSE_NEGATIVE
RFQ731-003184,steamApplication,N,FALSE_NEGATIVE
RFQ731-001898,binaerDigitalOpenColl_MN,MN4,FALSE_NEGATIVE
RFQ731-001913,protectionArea,N,FALSE_NEGATIVE
RFQ731-004576,dataInterface,HS,FALSE_NEGATIVE
RFQ731-003420,dataInterface,NN,FALSE_NEGATIVE
RFQ731-003027,certification,MN,FALSE_NEGATIVE
RFQ731-003868,devCategory,S,FALSE_NEGATIVE
RFQ731-003337,explosionApproval,N,FALSE_NEGATIVE
RFQ731-003398,dataInterface,HS,FALSE_NEGATIVE
RFQ731-001541,dataInterface,PA,FALSE_NEGATIVE
RFQ731-002895,dataInterface,HS,FALSE_NEGATIVE
RFQ731-000743,dataInterface,PA,FALSE_NEGATIVE
RFQ731-003414,protectionArea,N,FALSE_NEGATIVE
RFQ731-001224,steamApplication,N,FALSE_NEGATIVE
RFQ731-001797,dataInterface,HS,FALSE_NEGATIVE
RFQ731-004553,explosionApproval,F,FALSE_NEGATIVE
RFQ731-001641,protectionArea,N,FALSE_NEGATIVE
RFQ731-002201,certification,MN,FALSE_NEGATIVE
RFQ731-003687,dataInterface,HS,FALSE_NEGATIVE
RFQ731-001991,dataInterface,MT,FALSE_NEGATIVE
RFQ731-002638,explosionApproval,A,FALSE_NEGATIVE
RFQ731-002994,dataInterface,NN,FALSE_NEGATIVE
RFQ731-004574,dataInterface,HS,FALSE_NEGATIVE
RFQ731-004628,explosionApproval,N,FALSE_NEGATIVE
RFQ731-004345,explosionApproval,K,FALSE_NEGATIVE
RFQ731-003421,dataInterface,HS,FALSE_NEGATIVE
RFQ731-002434,certification,MN,FALSE_NEGATIVE
RFQ731-001241,steamApplication,N,FALSE_NEGATIVE
RFQ731-000420,devCategory,S,FALSE_NEGATIVE
RFQ731-004301,dataInterface,HS,FALSE_NEGATIVE
RFQ731-002634,protectionArea,N,FALSE_NEGATIVE
RFQ731-003061,waveInjector,FWI,FALSE_NEGATIVE
RFQ731-004587,devCategory,S,FALSE_NEGATIVE
RFQ731-004007,certification,MN,FALSE_NEGATIVE
RFQ731-003876,certification,MN,FALSE_NEGATIVE
RFQ731-000023,certification,MN,FALSE_NEGATIVE
RFQ731-000357,temperaturEingaenge,TT1,FALSE_NEGATIVE
RFQ731-002224,explosionApproval,F,FALSE_NEGATIVE
RFQ731-000714,certification,MN,FALSE_NEGATIVE
RFQ731-002438,steamApplication,N,FALSE_NEGATIVE
RFQ731-000378,dataInterface,HS,FALSE_NEGATIVE
RFQ731-000652,steamApplication,H,FALSE_NEGATIVE
RFQ731-003346,powerSupply,4,FALSE_NEGATIVE
RFQ731-000447,explosionApproval,A,FALSE_NEGATIVE
RFQ731-000713,certification,MN,FALSE_NEGATIVE
RFQ731-003773,dataInterface,PA,FALSE_NEGATIVE
RFQ731-003086,certification,MN,FALSE_NEGATIVE
RFQ731-001381,binaerOpenColl_MP,MP2,FALSE_NEGATIVE
RFQ731-000603,certification,MN,FALSE_NEGATIVE
RFQ731-003760,waveInjector,FWI,FALSE_NEGATIVE
RFQ731-003055,steamApplication,H,FALSE_NEGATIVE
RFQ731-004223,dataInterface,HS,FALSE_NEGATIVE
RFQ731-000436,dataInterface,HS,FALSE_NEGATIVE
RFQ731-004765,dataInterface,HS,FALSE_NEGATIVE
RFQ731-002386,explosionApproval,N,FALSE_NEGATIVE
RFQ731-003560,explosionApproval,K,FALSE_NEGATIVE
RFQ731-000724,characteristic,TE,FALSE_NEGATIVE
RFQ731-001128,protectionArea,N,FALSE_NEGATIVE
RFQ731-003729,waveInjector,FWI,FALSE_NEGATIVE
RFQ731-003981,steamApplication,N,FALSE_NEGATIVE
RFQ731-004127,certification,MN,FALSE_NEGATIVE
RFQ731-002490,waveInjector,FWI,FALSE_NEGATIVE
RFQ731-003547,explosionApproval,N,FALSE_NEGATIVE
RFQ731-000430,characteristic,CA,FALSE_NEGATIVE
RFQ731-002139,dataInterface,MT,FALSE_NEGATIVE
RFQ731-004373,certification,MN,FALSE_NEGATIVE
RFQ731-000131,explosionApproval,K,FALSE_NEGATIVE
RFQ731-001808,dataInterface,PA,FALSE_NEGATIVE
RFQ731-001014,dataInterface,HS,FALSE_NEGATIVE
RFQ731-003129,protectionArea,N,FALSE_NEGATIVE
RFQ731-003416,characteristic,TE,FALSE_NEGATIVE
RFQ731-004196,steamApplication,H,FALSE_NEGATIVE
RFQ731-003438,certification,MN,FALSE_NEGATIVE
RFQ731-000018,characteristic,TE,FALSE_NEGATIVE
RFQ731-002215,protectionArea,N,FALSE_NEGATIVE
RFQ731-003430,dataInterface,PA,FALSE_NEGATIVE
RFQ731-000910,binaerDigitalOpenColl_MN,MN4,FALSE_NEGATIVE
RFQ731-000876,steamApplication,H,FALSE_NEGATIVE
RFQ731-001500,temperaturEingaenge,TT1,FALSE_NEGATIVE
RFQ731-004986,temperaturEingaenge,TT1,FALSE_NEGATIVE
RFQ731-002315,dataInterface,HS,FALSE_NEGATIVE
RFQ731-002616,steamApplication,H,FALSE_NEGATIVE
RFQ731-000113,explosionApproval,N,FALSE_NEGATIVE
RFQ731-000814,dataInterface,HS,FALSE_NEGATIVE
RFQ731-001687,dataInterface,HS,FALSE_NEGATIVE
RFQ731-002033,certification,MN,FALSE_NEGATIVE
RFQ731-002250,explosionApproval,N,FALSE_NEGATIVE
RFQ731-004618,protectionArea,N,FALSE_NEGATIVE
RFQ731-004939,certification,MN,FALSE_NEGATIVE
RFQ731-000271,characteristic,PW,FALSE_NEGATIVE
RFQ731-003667,certification,MN,FALSE_NEGATIVE
RFQ731-001685,certification,MN,FALSE_NEGATIVE
RFQ731-000349,characteristic,CA,FALSE_NEGATIVE
RFQ731-004987,certification,MN,FALSE_NEGATIVE
RFQ731-003575,explosionApproval,N,FALSE_NEGATIVE
RFQ731-003272,characteristic,CA,FALSE_NEGATIVE
RFQ731-004047,certification,MN,FALSE_NEGATIVE
RFQ731-002887,dataInterface,HS,FALSE_NEGATIVE
RFQ731-000866,devCategory,S,FALSE_NEGATIVE
RFQ731-004166,explosionApproval,K,FALSE_NEGATIVE
RFQ731-000712,temperaturEingaenge,TT1,FALSE_NEGATIVE
RFQ731-003435,waveInjector,FWI,FALSE_NEGATIVE
RFQ731-000302,dataInterface,PA,FALSE_NEGATIVE
RFQ731-002954,devCategory,S,FALSE_NEGATIVE
RFQ731-003958,dataInterface,HS,FALSE_NEGATIVE
RFQ731-000195,devCategory,H,FALSE_NEGATIVE
RFQ731-003044,characteristic,TE,FALSE_NEGATIVE
RFQ731-004413,characteristic,CA,FALSE_NEGATIVE
RFQ731-000564,dataInterface,HS,FALSE_NEGATIVE
RFQ731-004817,dataInterface,NN,FALSE_NEGATIVE
RFQ731-001833,waveInjector,FWI,FALSE_NEGATIVE
RFQ731-004266,dataInterface,MT,FALSE_NEGATIVE
RFQ731-003372,explosionApproval,A,FALSE_NEGATIVE
RFQ731-001750,dataInterface,PA,FALSE_NEGATIVE
RFQ731-002093,steamApplication,H,FALSE_NEGATIVE
RFQ731-004513,dataInterface,HS,FALSE_NEGATIVE
RFQ731-000552,dataInterface,HS,FALSE_NEGATIVE
RFQ731-003104,steamApplication,N,FALSE_NEGATIVE
RFQ731-004260,dataInterface,HS,FALSE_NEGATIVE
RFQ731-000582,dataInterface,PA,FALSE_NEGATIVE
RFQ731-001462,dataInterface,MT,FALSE_NEGATIVE
RFQ731-004406,protectionArea,N,FALSE_NEGATIVE
RFQ731-002836,steamApplication,N,FALSE_NEGATIVE
RFQ731-003780,certification,MN,FALSE_NEGATIVE
RFQ731-004280,waveInjector,FWI,FALSE_NEGATIVE
RFQ731-003412,devCategory,S,FALSE_NEGATIVE
RFQ731-004141,explosionApproval,A,FALSE_NEGATIVE
RFQ731-004789,explosionApproval,N,FALSE_NEGATIVE
RFQ731-001160,certification,MN,FALSE_NEGATIVE
RFQ731-004930,protectionArea,N,FALSE_NEGATIVE
RFQ731-000478,explosionApproval,K,FALSE_NEGATIVE
RFQ731-001342,dataInterface,HS,FALSE_NEGATIVE
RFQ731-004636,powerSupply,4,FALSE_NEGATIVE
RFQ731-003958,devCategory,H,FALSE_NEGATIVE
RFQ731-001628,waveInjector,FWI,FALSE_NEGATIVE
RFQ731-001412,dataInterface,NN,FALSE_NEGATIVE
RFQ731-003417,devCategory,H,FALSE_NEGATIVE
RFQ731-003260,dataInterface,MR,FALSE_NEGATIVE
RFQ731-004437,explosionApproval,F,FALSE_NEGATIVE
RFQ731-000566,certification,MN,FALSE_NEGATIVE
RFQ731-003107,characteristic,TE,FALSE_NEGATIVE
RFQ731-004432,certification,MN,FALSE_NEGATIVE
RFQ731-003160,dataInterface,HS,FALSE_NEGATIVE
RFQ731-004198,characteristic,PW,FALSE_NEGATIVE
RFQ731-004260,devCategory,H,FALSE_NEGATIVE
RFQ731-000343,explosionApproval,N,FALSE_NEGATIVE
RFQ731-000758,dataInterface,HS,FALSE_NEGATIVE
RFQ731-003506,steamApplication,H,FALSE_NEGATIVE
RFQ731-004721,certification,MN,FALSE_NEGATIVE
RFQ731-002553,steamApplication,H,FALSE_NEGATIVE
RFQ731-003843,certification,MN,FALSE_NEGATIVE
RFQ731-003549,dataInterface,HS,FALSE_NEGATIVE
RFQ731-001566,steamApplication,N,FALSE_NEGATIVE
RFQ731-003928,protectionArea,N,FALSE_NEGATIVE
RFQ731-001543,dataInterface,NN,FALSE_NEGATIVE
RFQ731-001307,characteristic,CA,FALSE_NEGATIVE
RFQ731-002873,steamApplication,N,FALSE_NEGATIVE
RFQ731-001844,dataInterface,NN,FALSE_NEGATIVE
RFQ731-003065,characteristic,TE,FALSE_NEGATIVE
RFQ731-001609,dataInterface,HS,FALSE_NEGATIVE
RFQ731-002058,temperaturEingaenge,TT1,FALSE_NEGATIVE
RFQ731-001119,waveInjector,FWI,FALSE_NEGATIVE
RFQ731-002981,dataInterface,HS,FALSE_NEGATIVE
RFQ731-004584,protectionArea,N,FALSE_NEGATIVE
RFQ731-001470,dataInterface,HS,FALSE_NEGATIVE
RFQ731-001605,explosionApproval,N,FALSE_NEGATIVE
RFQ731-001549,protectionArea,N,FALSE_NEGATIVE
RFQ731-001924,dataInterface,HS,FALSE_NEGATIVE
RFQ731-000481,dataInterface,NN,FALSE_NEGATIVE
RFQ731-003920,characteristic,TE,FALSE_NEGATIVE
RFQ731-004508,devCategory,S,FALSE_NEGATIVE
RFQ731-001276,protectionArea,N,FALSE_NEGATIVE
RFQ731-002097,characteristic,TE,FALSE_NEGATIVE
RFQ731-002712,devCategory,S,FALSE_NEGATIVE
RFQ731-004675,explosionApproval,N,FALSE_NEGATIVE
RFQ731-003879,binaerDigitalOpenColl_MN,MN4,FALSE_NEGATIVE
RFQ731-003900,explosionApproval,F,FALSE_NEGATIVE
RFQ731-003512,dataInterface,HS,FALSE_NEGATIVE
RFQ731-002200,dataInterface,PA,FALSE_NEGATIVE
RFQ731-004528,characteristic,TE,FALSE_NEGATIVE
RFQ731-001727,protectionArea,N,FALSE_NEGATIVE
RFQ731-004740,explosionApproval,F,FALSE_NEGATIVE
RFQ731-001076,waveInjector,FWI,FALSE_NEGATIVE
RFQ731-004336,dataInterface,HS,FALSE_NEGATIVE
RFQ731-000762,certification,MN,FALSE_NEGATIVE
RFQ731-004597,waveInjector,FWI,FALSE_NEGATIVE
RFQ731-003427,explosionApproval,A,FALSE_NEGATIVE
RFQ731-000456,binaerOpenColl_MP,MP2,FALSE_NEGATIVE
RFQ731-003238,dataInterface,HS,FALSE_NEGATIVE
RFQ731-000691,certification,MN,FALSE_NEGATIVE
RFQ731-000548,stromEingaenge,IS2,FALSE_NEGATIVE
RFQ731-004138,certification,MN,FALSE_NEGATIVE
RFQ731-000489,dataInterface,NN,FALSE_NEGATIVE
RFQ731-004033,certification,MN,FALSE_NEGATIVE
RFQ731-003542,steamApplication,N,FALSE_NEGATIVE
RFQ731-000441,steamApplication,H,FALSE_NEGATIVE
RFQ731-003353,dataInterface,MT,FALSE_NEGATIVE
RFQ731-001537,protectionArea,N,FALSE_NEGATIVE
RFQ731-002981,devCategory,H,FALSE_NEGATIVE
RFQ731-000259,dataInterface,HS,FALSE_NEGATIVE
RFQ731-002718,binaerDigitalOpenColl_MN,MN4,FALSE_NEGATIVE
RFQ731-002778,certification,MN,FALSE_NEGATIVE
RFQ731-003699,steamApplication,N,FALSE_NEGATIVE
RFQ731-002941,dataInterface,NN,FALSE_NEGATIVE
RFQ731-002671,dataInterface,HS,FALSE_NEGATIVE
RFQ731-004005,waveInjector,FWI,FALSE_NEGATIVE
RFQ731-000745,protectionArea,N,FALSE_NEGATIVE
RFQ731-004671,dataInterface,NN,FALSE_NEGATIVE
RFQ731-004318,powerSupply,4,FALSE_NEGATIVE
RFQ731-003444,dataInterface,HS,FALSE_NEGATIVE
RFQ731-002549,steamApplication,N,FALSE_NEGATIVE
RFQ731-001334,dataInterface,PA,FALSE_NEGATIVE
RFQ731-004930,temperaturEingaenge,TT1,FALSE_NEGATIVE
RFQ731-001795,dataInterface,NN,FALSE_NEGATIVE
RFQ731-002861,dataInterface,HS,FALSE_NEGATIVE
RFQ731-000969,protectionArea,N,FALSE_NEGATIVE
RFQ731-004335,dataInterface,NN,FALSE_NEGATIVE
RFQ731-000847,protectionArea,N,FALSE_NEGATIVE
RFQ731-002588,explosionApproval,F,FALSE_NEGATIVE
RFQ731-001037,certification,MN,FALSE_NEGATIVE
RFQ731-001862,dataInterface,HS,FALSE_NEGATIVE
RFQ731-003322,explosionApproval,N,FALSE_NEGATIVE
RFQ731-002316,steamApplication,H,FALSE_NEGATIVE
RFQ731-001247,certification,MN,FALSE_NEGATIVE
RFQ731-001526,steamApplication,H,FALSE_NEGATIVE
RFQ731-000399,protectionArea,N,FALSE_NEGATIVE
RFQ731-004207,explosionApproval,K,FALSE_NEGATIVE
RFQ731-004722,dataInterface,NN,FALSE_NEGATIVE
RFQ731-002949,certification,MN,FALSE_NEGATIVE
RFQ731-002754,protectionArea,N,FALSE_NEGATIVE
RFQ731-003328,steamApplication,H,FALSE_NEGATIVE
RFQ731-002716,dataInterface,HS,FALSE_NEGATIVE
RFQ731-002226,steamApplication,H,FALSE_NEGATIVE
RFQ731-004605,devCategory,H,FALSE_NEGATIVE
RFQ731-002315,certification,MN,FALSE_NEGATIVE
RFQ731-004681,dataInterface,HS,FALSE_NEGATIVE
RFQ731-001676,protectionArea,N,FALSE_NEGATIVE
RFQ731-001807,dataInterface,HS,FALSE_NEGATIVE
RFQ731-003710,explosionApproval,N,FALSE_NEGATIVE
RFQ731-004164,dataInterface,MR,FALSE_NEGATIVE
RFQ731-004914,protectionArea,N,FALSE_NEGATIVE
RFQ731-003923,certification,MN,FALSE_NEGATIVE
RFQ731-004958,certification,MN,FALSE_NEGATIVE
RFQ731-002499,steamApplication,N,FALSE_NEGATIVE
RFQ731-002360,steamApplication,H,FALSE_NEGATIVE
RFQ731-003413,steamApplication,N,FALSE_NEGATIVE
RFQ731-002163,temperaturEingaenge,TT1,FALSE_NEGATIVE
RFQ731-004959,dataInterface,HS,FALSE_NEGATIVE
RFQ731-004862,explosionApproval,N,FALSE_NEGATIVE
RFQ731-001815,waveInjector,FWI,FALSE_NEGATIVE
RFQ731-000288,explosionApproval,N,FALSE_NEGATIVE
RFQ731-000470,explosionApproval,F,FALSE_NEGATIVE
RFQ731-002187,dataInterface,HS,FALSE_NEGATIVE
RFQ731-001823,dataInterface,MT,FALSE_NEGATIVE
RFQ731-000227,explosionApproval,N,FALSE_NEGATIVE
RFQ731-002707,explosionApproval,K,FALSE_NEGATIVE
RFQ731-002675,explosionApproval,K,FALSE_NEGATIVE
RFQ731-002064,dataInterface,HS,FALSE_NEGATIVE
RFQ731-002881,characteristic,CA,FALSE_NEGATIVE
RFQ731-004809,certification,MN,FALSE_NEGATIVE
RFQ731-002794,certification,MN,FALSE_NEGATIVE
RFQ731-001041,explosionApproval,K,FALSE_NEGATIVE
RFQ731-000827,certification,MN,FALSE_NEGATIVE
RFQ731-002398,explosionApproval,K,FALSE_NEGATIVE
RFQ731-002199,stromSchaltbar,CS2,FALSE_NEGATIVE
RFQ731-002194,dataInterface,HS,FALSE_NEGATIVE
RFQ731-002959,dataInterface,PA,FALSE_NEGATIVE
RFQ731-002452,temperaturEingaenge,TT2,FALSE_NEGATIVE
RFQ731-000998,explosionApproval,A,FALSE_NEGATIVE
RFQ731-002875,explosionApproval,K,FALSE_NEGATIVE
RFQ731-002254,steamApplication,N,FALSE_NEGATIVE
RFQ731-002571,devCategory,S,FALSE_NEGATIVE
RFQ731-002940,certification,MN,FALSE_NEGATIVE
RFQ731-004229,steamApplication,N,FALSE_NEGATIVE
RFQ731-002388,explosionApproval,F,FALSE_NEGATIVE
RFQ731-002867,steamApplication,N,FALSE_NEGATIVE
RFQ731-000125,powerSupply,4,FALSE_NEGATIVE
RFQ731-003024,characteristic,PW,FALSE_NEGATIVE
RFQ731-000623,dataInterface,PA,FALSE_NEGATIVE
RFQ731-002269,dataInterface,MR,FALSE_NEGATIVE
RFQ731-000692,steamApplication,H,FALSE_NEGATIVE
RFQ731-001258,certification,MN,FALSE_NEGATIVE
RFQ731-004705,certification,MN,FALSE_NEGATIVE
RFQ731-004118,protectionArea,N,FALSE_NEGATIVE
RFQ731-003751,steamApplication,N,FALSE_NEGATIVE
RFQ731-003636,characteristic,PW,FALSE_NEGATIVE
RFQ731-004973,temperaturEingaenge,TT1,FALSE_NEGATIVE
RFQ731-002021,devCategory,H,FALSE_NEGATIVE
RFQ731-002360,explosionApproval,K,FALSE_NEGATIVE
RFQ731-002141,dataInterface,NN,FALSE_NEGATIVE
RFQ731-001463,explosionApproval,K,FALSE_NEGATIVE
RFQ731-001498,certification,MN,FALSE_NEGATIVE
RFQ731-004875,steamApplication,N,FALSE_NEGATIVE
RFQ731-004956,dataInterface,NN,FALSE_NEGATIVE
RFQ731-003356,protectionArea,N,FALSE_NEGATIVE
RFQ731-003711,protectionArea,N,FALSE_NEGATIVE
RFQ731-004399,temperaturEingaenge,TT1,FALSE_NEGATIVE
RFQ731-002432,devCategory,S,FALSE_NEGATIVE
RFQ731-001321,steamApplication,N,FALSE_NEGATIVE
RFQ731-004155,dataInterface,HS,FALSE_NEGATIVE
RFQ731-003559,steamApplication,N,FALSE_NEGATIVE
RFQ731-002139,characteristic,CA,FALSE_NEGATIVE
RFQ731-004340,steamApplication,N,FALSE_NEGATIVE
RFQ731-002454,dataInterface,PA,FALSE_NEGATIVE
RFQ731-004940,explosionApproval,K,FALSE_NEGATIVE
RFQ731-002385,dataInterface,HS,FALSE_NEGATIVE
RFQ731-003372,steamApplication,H,FALSE_NEGATIVE
RFQ731-004587,waveInjector,FWI,FALSE_NEGATIVE
RFQ731-003452,temperaturEingaenge,TT1,FALSE_NEGATIVE
RFQ731-004775,certification,MN,FALSE_NEGATIVE
RFQ731-000370,protectionArea,N,FALSE_NEGATIVE
RFQ731-000968,steamApplication,H,FALSE_NEGATIVE
RFQ731-001842,stromSchaltbar,CS2,FALSE_NEGATIVE
RFQ731-000544,steamApplication,H,FALSE_NEGATIVE
RFQ731-001600,steamApplication,H,FALSE_NEGATIVE
RFQ731-002516,dataInterface,HS,FALSE_NEGATIVE
RFQ731-003049,explosionApproval,N,FALSE_NEGATIVE
RFQ731-004775,dataInterface,NN,FALSE_NEGATIVE
RFQ731-002859,dataInterface,MR,FALSE_NEGATIVE
RFQ731-000107,dataInterface,NN,FALSE_NEGATIVE
RFQ731-002130,protectionArea,N,FALSE_NEGATIVE
RFQ731-003817,steamApplication,H,FALSE_NEGATIVE
RFQ731-002039,devCategory,S,FALSE_NEGATIVE
RFQ731-000879,dataInterface,HS,FALSE_NEGATIVE
RFQ731-004420,certification,MN,FALSE_NEGATIVE
RFQ731-001335,dataInterface,HS,FALSE_NEGATIVE
RFQ731-001144,characteristic,TE,FALSE_NEGATIVE
RFQ731-000141,dataInterface,HS,FALSE_NEGATIVE
RFQ731-002172,protectionArea,N,FALSE_NEGATIVE
RFQ731-003594,dataInterface,HS,FALSE_NEGATIVE
RFQ731-003251,protectionArea,N,FALSE_NEGATIVE
RFQ731-000347,protectionArea,N,FALSE_NEGATIVE
RFQ731-000060,dataInterface,HS,FALSE_NEGATIVE
RFQ731-001882,dataInterface,HS,FALSE_NEGATIVE
RFQ731-001816,characteristic,TE,FALSE_NEGATIVE
RFQ731-004424,steamApplication,H,FALSE_NEGATIVE
RFQ731-001241,protectionArea,N,FALSE_NEGATIVE
RFQ731-004714,protectionArea,N,FALSE_NEGATIVE
RFQ731-001214,protectionArea,N,FALSE_NEGATIVE
RFQ731-001762,steamApplication,H,FALSE_NEGATIVE
RFQ731-000847,dataInterface,PA,FALSE_NEGATIVE
RFQ731-004895,explosionApproval,F,FALSE_NEGATIVE
RFQ731-004736,dataInterface,HS,FALSE_NEGATIVE
RFQ731-004088,steamApplication,H,FALSE_NEGATIVE
RFQ731-002231,dataInterface,PA,FALSE_NEGATIVE
RFQ731-000322,protectionArea,N,FALSE_NEGATIVE
RFQ731-003408,certification,MN,FALSE_NEGATIVE
RFQ731-001462,characteristic,CA,FALSE_NEGATIVE
RFQ731-000327,certification,MN,FALSE_NEGATIVE
RFQ731-000947,steamApplication,N,FALSE_NEGATIVE
RFQ731-004003,waveInjector,FWI,FALSE_NEGATIVE
RFQ731-003526,dataInterface,MT,FALSE_NEGATIVE
RFQ731-003208,devCategory,H,FALSE_NEGATIVE
RFQ731-001095,steamApplication,N,FALSE_NEGATIVE
RFQ731-004960,steamApplication,N,FALSE_NEGATIVE
RFQ731-002662,devCategory,S,FALSE_NEGATIVE
RFQ731-003908,dataInterface,HS,FALSE_NEGATIVE
RFQ731-003654,dataInterface,HS,FALSE_NEGATIVE
RFQ731-003886,dataInterface,HS,FALSE_NEGATIVE
RFQ731-000588,dataInterface,NN,FALSE_NEGATIVE
RFQ731-002262,dataInterface,HS,FALSE_NEGATIVE
RFQ731-000304,steamApplication,H,FALSE_NEGATIVE
RFQ731-001966,certification,MN,FALSE_NEGATIVE
RFQ731-002994,explosionApproval,N,FALSE_NEGATIVE
RFQ731-004176,dataInterface,HS,FALSE_NEGATIVE
RFQ731-003416,protectionArea,N,FALSE_NEGATIVE
RFQ731-000815,waveInjector,FWI,FALSE_NEGATIVE
RFQ731-004271,stromSchaltbar,CS2,FALSE_NEGATIVE
RFQ731-001633,dataInterface,PA,FALSE_NEGATIVE
RFQ731-002346,temperaturEingaenge,TT1,FALSE_NEGATIVE
RFQ731-002642,steamApplication,H,FALSE_NEGATIVE
RFQ731-002176,dataInterface,NN,FALSE_NEGATIVE
RFQ731-000969,dataInterface,PA,FALSE_NEGATIVE
RFQ731-002322,steamApplication,N,FALSE_NEGATIVE
RFQ731-000122,dataInterface,PA,FALSE_NEGATIVE
RFQ731-002064,certification,MN,FALSE_NEGATIVE
RFQ731-002537,dataInterface,NN,FALSE_NEGATIVE
RFQ731-003908,devCategory,H,FALSE_NEGATIVE
RFQ731-002754,dataInterface,PA,FALSE_NEGATIVE
RFQ731-004591,explosionApproval,A,FALSE_NEGATIVE
RFQ731-000949,dataInterface,PA,FALSE_NEGATIVE
RFQ731-003839,protectionArea,N,FALSE_NEGATIVE
RFQ731-000876,waveInjector,FWI,FALSE_NEGATIVE
RFQ731-004288,certification,MN,FALSE_NEGATIVE
RFQ731-003609,protectionArea,N,FALSE_NEGATIVE
RFQ731-003955,dataInterface,PA,FALSE_NEGATIVE
RFQ731-004147,binaerOpenColl_MP,MP2,FALSE_NEGATIVE
RFQ731-000601,protectionArea,N,FALSE_NEGATIVE
RFQ731-000773,waveInjector,FWI,FALSE_NEGATIVE
RFQ731-001720,dataInterface,MR,FALSE_NEGATIVE
RFQ731-000557,certification,MN,FALSE_NEGATIVE
RFQ731-001081,certification,MN,FALSE_NEGATIVE
RFQ731-004806,certification,MN,FALSE_NEGATIVE
RFQ731-002021,dataInterface,NN,FALSE_NEGATIVE
RFQ731-004282,protectionArea,N,FALSE_NEGATIVE
RFQ731-004791,steamApplication,N,FALSE_NEGATIVE
RFQ731-003498,protectionArea,N,FALSE_NEGATIVE
RFQ731-001869,dataInterface,HS,FALSE_NEGATIVE
RFQ731-000968,explosionApproval,K,FALSE_NEGATIVE
RFQ731-002012,devCategory,S,FALSE_NEGATIVE
RFQ731-001429,dataInterface,HS,FALSE_NEGATIVE
RFQ731-001048,steamApplication,H,FALSE_NEGATIVE
RFQ731-001388,explosionApproval,F,FALSE_NEGATIVE
RFQ731-004847,characteristic,TE,FALSE_NEGATIVE
RFQ731-004801,steamApplication,H,FALSE_NEGATIVE
RFQ731-000312,dataInterface,HS,FALSE_NEGATIVE
RFQ731-003270,explosionApproval,K,FALSE_NEGATIVE
RFQ731-004206,steamApplication,H,FALSE_NEGATIVE
RFQ731-003711,dataInterface,PA,FALSE_NEGATIVE
RFQ731-000217,dataInterface,MR,FALSE_NEGATIVE
RFQ731-000219,dataInterface,PA,FALSE_NEGATIVE
RFQ731-004487,dataInterface,HS,FALSE_NEGATIVE
RFQ731-000503,characteristic,CA,FALSE_NEGATIVE
RFQ731-002718,dataInterface,NN,FALSE_NEGATIVE
RFQ731-003122,characteristic,PW,FALSE_NEGATIVE
RFQ731-002720,dataInterface,MT,FALSE_NEGATIVE
RFQ731-002663,dataInterface,HS,FALSE_NEGATIVE
RFQ731-002732,explosionApproval,A,FALSE_NEGATIVE
RFQ731-000965,steamApplication,H,FALSE_NEGATIVE
RFQ731-003179,waveInjector,FWI,FALSE_NEGATIVE
RFQ731-002616,waveInjector,FWI,FALSE_NEGATIVE
RFQ731-004532,dataInterface,NN,FALSE_NEGATIVE
RFQ731-001198,protectionArea,N,FALSE_NEGATIVE
RFQ731-001487,protectionArea,N,FALSE_NEGATIVE
RFQ731-000100,explosionApproval,N,FALSE_NEGATIVE
RFQ731-003725,protectionArea,N,FALSE_NEGATIVE
RFQ731-004021,characteristic,TE,FALSE_NEGATIVE
RFQ731-002992,steamApplication,N,FALSE_NEGATIVE
RFQ731-004465,protectionArea,N,FALSE_NEGATIVE
RFQ731-003973,binaerDigitalOpenColl_MN,MN4,FALSE_NEGATIVE
RFQ731-001921,steamApplication,N,FALSE_NEGATIVE
RFQ731-002543,explosionApproval,N,FALSE_NEGATIVE
RFQ731-002435,dataInterface,NN,FALSE_NEGATIVE
RFQ731-000750,steamApplication,N,FALSE_NEGATIVE
RFQ731-004700,protectionArea,N,FALSE_NEGATIVE
RFQ731-002110,dataInterface,HS,FALSE_NEGATIVE
RFQ731-000038,dataInterface,HS,FALSE_NEGATIVE
RFQ731-004832,certification,MN,FALSE_NEGATIVE
RFQ731-002855,protectionArea,N,FALSE_NEGATIVE
RFQ731-002551,dataInterface,HS,FALSE_NEGATIVE
RFQ731-004264,steamApplication,H,FALSE_NEGATIVE
RFQ731-002628,characteristic,TE,FALSE_NEGATIVE
RFQ731-001778,steamApplication,H,FALSE_NEGATIVE
RFQ731-003414,dataInterface,HS,FALSE_NEGATIVE
RFQ731-001115,dataInterface,PA,FALSE_NEGATIVE
RFQ731-004901,explosionApproval,N,FALSE_NEGATIVE
RFQ731-001647,stromSchaltbar,CS2,FALSE_NEGATIVE
RFQ731-000899,certification,MN,FALSE_NEGATIVE
RFQ731-000378,characteristic,VG,FALSE_NEGATIVE
RFQ731-004495,protectionArea,N,FALSE_NEGATIVE
RFQ731-001927,devCategory,S,FALSE_NEGATIVE
RFQ731-004964,characteristic,TE,FALSE_NEGATIVE
RFQ731-001832,dataInterface,HS,FALSE_NEGATIVE
RFQ731-000184,protectionArea,N,FALSE_NEGATIVE
RFQ731-002622,dataInterface,HS,FALSE_NEGATIVE
RFQ731-001257,dataInterface,HS,FALSE_NEGATIVE
RFQ731-001009,dataInterface,HS,FALSE_NEGATIVE
RFQ731-004037,temperaturEingaenge,TT1,FALSE_NEGATIVE
RFQ731-002924,protectionArea,N,FALSE_NEGATIVE
RFQ731-000405,certification,MN,FALSE_NEGATIVE
RFQ731-001782,characteristic,PW,FALSE_NEGATIVE
RFQ731-004911,dataInterface,HS,FALSE_NEGATIVE
RFQ731-003528,certification,MN,FALSE_NEGATIVE
RFQ731-004888,dataInterface,HS,FALSE_NEGATIVE
RFQ731-004590,stromEingaenge,IS2,FALSE_NEGATIVE
RFQ731-002433,protectionArea,N,FALSE_NEGATIVE
RFQ731-004167,protectionArea,N,FALSE_NEGATIVE
RFQ731-004824,protectionArea,N,FALSE_NEGATIVE
RFQ731-000064,characteristic,PW,FALSE_NEGATIVE
RFQ731-003434,characteristic,TE,FALSE_NEGATIVE
RFQ731-002516,certification,MN,FALSE_NEGATIVE
RFQ731-000738,certification,MN,FALSE_NEGATIVE
RFQ731-003901,characteristic,CA,FALSE_NEGATIVE
RFQ731-004342,binaerOpenColl_MP,MP2,FALSE_NEGATIVE
RFQ731-001926,explosionApproval,K,FALSE_NEGATIVE
RFQ731-002480,devCategory,H,FALSE_NEGATIVE
RFQ731-003651,certification,MN,FALSE_NEGATIVE
RFQ731-003129,dataInterface,HS,FALSE_NEGATIVE
RFQ731-004716,dataInterface,HS,FALSE_NEGATIVE
RFQ731-002200,characteristic,CA,FALSE_NEGATIVE
RFQ731-004230,steamApplication,H,FALSE_NEGATIVE
RFQ731-004072,devCategory,H,FALSE_NEGATIVE
RFQ731-001607,certification,MN,FALSE_NEGATIVE
RFQ731-003648,devCategory,S,FALSE_NEGATIVE
RFQ731-002910,dataInterface,HS,FALSE_NEGATIVE
RFQ731-004563,certification,MN,FALSE_NEGATIVE
RFQ731-002763,steamApplication,H,FALSE_NEGATIVE
RFQ731-002588,dataInterface,MT,FALSE_NEGATIVE
RFQ731-003185,dataInterface,HS,FALSE_NEGATIVE
RFQ731-000468,dataInterface,HS,FALSE_NEGATIVE
RFQ731-000906,steamApplication,H,FALSE_NEGATIVE
RFQ731-001012,dataInterface,NN,FALSE_NEGATIVE
RFQ731-001596,explosionApproval,K,FALSE_NEGATIVE
RFQ731-000124,characteristic,CA,FALSE_NEGATIVE
RFQ731-004724,steamApplication,N,FALSE_NEGATIVE
RFQ731-003443,certification,MN,FALSE_NEGATIVE
RFQ731-004761,explosionApproval,A,FALSE_NEGATIVE
RFQ731-003588,explosionApproval,N,FALSE_NEGATIVE
RFQ731-004755,powerSupply,4,FALSE_NEGATIVE
RFQ731-002186,protectionArea,N,FALSE_NEGATIVE
RFQ731-000142,dataInterface,HS,FALSE_NEGATIVE
RFQ731-003694,waveInjector,FWI,FALSE_NEGATIVE
RFQ731-000211,protectionArea,N,FALSE_NEGATIVE
RFQ731-000155,steamApplication,N,FALSE_NEGATIVE
RFQ731-002055,steamApplication,N,FALSE_NEGATIVE
RFQ731-003416,dataInterface,PA,FALSE_NEGATIVE
RFQ731-004887,certification,MN,FALSE_NEGATIVE
RFQ731-000018,dataInterface,PA,FALSE_NEGATIVE
RFQ731-001823,temperaturEingaenge,TT2,FALSE_NEGATIVE
RFQ731-004789,certification,MN,FALSE_NEGATIVE
RFQ731-001163,certification,MN,FALSE_NEGATIVE
RFQ731-004049,devCategory,S,FALSE_NEGATIVE
RFQ731-004161,temperaturEingaenge,TT1,FALSE_NEGATIVE
RFQ731-004799,explosionApproval,A,FALSE_NEGATIVE
RFQ731-001611,dataInterface,MR,FALSE_NEGATIVE
RFQ731-001532,certification,MN,FALSE_NEGATIVE
RFQ731-003997,protectionArea,N,FALSE_NEGATIVE
RFQ731-003548,protectionArea,N,FALSE_NEGATIVE
RFQ731-003355,certification,MN,FALSE_NEGATIVE
RFQ731-001798,steamApplication,H,FALSE_NEGATIVE
RFQ731-004990,dataInterface,NN,FALSE_NEGATIVE
RFQ731-002429,certification,MN,FALSE_NEGATIVE
RFQ731-003114,certification,MN,FALSE_NEGATIVE
RFQ731-000315,devCategory,S,FALSE_NEGATIVE
RFQ731-003318,steamApplication,N,FALSE_NEGATIVE
RFQ731-004144,dataInterface,HS,FALSE_NEGATIVE
RFQ731-004222,binaerDigitalOpenColl_MN,MN4,FALSE_NEGATIVE
RFQ731-000510,protectionArea,N,FALSE_NEGATIVE
RFQ731-002139,explosionApproval,F,FALSE_NEGATIVE
RFQ731-004312,dataInterface,HS,FALSE_NEGATIVE
RFQ731-003220,explosionApproval,K,FALSE_NEGATIVE
RFQ731-004992,protectionArea,N,FALSE_NEGATIVE
RFQ731-000623,characteristic,TE,FALSE_NEGATIVE
RFQ731-002090,dataInterface,HS,FALSE_NEGATIVE
RFQ731-003554,certification,MN,FALSE_NEGATIVE
RFQ731-000260,certification,MN,FALSE_NEGATIVE
RFQ731-004092,certification,MN,FALSE_NEGATIVE
RFQ731-000240,protectionArea,N,FALSE_NEGATIVE
RFQ731-001248,stromEingaenge,IS2,FALSE_NEGATIVE
RFQ731-003509,dataInterface,HS,FALSE_NEGATIVE
RFQ731-000514,steamApplication,H,FALSE_NEGATIVE
RFQ731-003328,waveInjector,FWI,FALSE_NEGATIVE
RFQ731-000189,characteristic,PW,FALSE_NEGATIVE
RFQ731-003320,temperaturEingaenge,TT1,FALSE_NEGATIVE
RFQ731-004565,certification,MN,FALSE_NEGATIVE
RFQ731-001035,characteristic,PW,FALSE_NEGATIVE
RFQ731-003085,protectionArea,N,FALSE_NEGATIVE
RFQ731-001055,explosionApproval,N,FALSE_NEGATIVE
RFQ731-004327,dataInterface,NN,FALSE_NEGATIVE
RFQ731-001068,certification,MN,FALSE_NEGATIVE
RFQ731-003107,dataInterface,PA,FALSE_NEGATIVE
RFQ731-000078,characteristic,PW,FALSE_NEGATIVE
RFQ731-002589,explosionApproval,K,FALSE_NEGATIVE
RFQ731-002118,protectionArea,N,FALSE_NEGATIVE
RFQ731-001336,waveInjector,FWI,FALSE_NEGATIVE
RFQ731-004639,waveInjector,FWI,FALSE_NEGATIVE
RFQ731-003604,explosionApproval,K,FALSE_NEGATIVE
RFQ731-001142,devCategory,H,FALSE_NEGATIVE
RFQ731-000624,dataInterface,HS,FALSE_NEGATIVE
RFQ731-001514,waveInjector,FWI,FALSE_NEGATIVE
RFQ731-004579,certification,MN,FALSE_NEGATIVE
RFQ731-001385,steamApplication,N,FALSE_NEGATIVE
RFQ731-004904,protectionArea,N,FALSE_NEGATIVE
RFQ731-003316,explosionApproval,A,FALSE_NEGATIVE
RFQ731-000637,certification,MN,FALSE_NEGATIVE
RFQ731-000892,characteristic,PW,FALSE_NEGATIVE
RFQ731-004239,devCategory,S,FALSE_NEGATIVE
RFQ731-001907,explosionApproval,N,FALSE_NEGATIVE
RFQ731-004874,devCategory,S,FALSE_NEGATIVE
RFQ731-003656,explosionApproval,F,FALSE_NEGATIVE
RFQ731-004811,steamApplication,N,FALSE_NEGATIVE
RFQ731-003381,devCategory,H,FALSE_NEGATIVE
RFQ731-004110,dataInterface,MT,FALSE_NEGATIVE
RFQ731-001801,characteristic,TE,FALSE_NEGATIVE
RFQ731-001595,dataInterface,NN,FALSE_NEGATIVE
RFQ731-001258,explosionApproval,N,FALSE_NEGATIVE
RFQ731-002208,dataInterface,HS,FALSE_NEGATIVE
RFQ731-000801,devCategory,H,FALSE_NEGATIVE
RFQ731-004538,steamApplication,N,FALSE_NEGATIVE
RFQ731-001773,steamApplication,H,FALSE_NEGATIVE
RFQ731-002050,steamApplication,H,FALSE_NEGATIVE
RFQ731-002536,characteristic,TE,FALSE_NEGATIVE
RFQ731-004188,protectionArea,N,FALSE_NEGATIVE
RFQ731-002449,temperaturEingaenge,TT1,FALSE_NEGATIVE
RFQ731-003730,certification,MN,FALSE_NEGATIVE
RFQ731-000128,dataInterface,HS,FALSE_NEGATIVE
RFQ731-002009,binaerDigitalOpenColl_MN,MN4,FALSE_NEGATIVE
RFQ731-001606,temperaturEingaenge,TT1,FALSE_NEGATIVE
RFQ731-001694,explosionApproval,K,FALSE_NEGATIVE
RFQ731-001137,characteristic,CA,FALSE_NEGATIVE
RFQ731-001150,explosionApproval,K,FALSE_NEGATIVE
RFQ731-002428,characteristic,PW,FALSE_NEGATIVE
RFQ731-001707,protectionArea,N,FALSE_NEGATIVE
RFQ731-003549,explosionApproval,N,FALSE_NEGATIVE
RFQ731-001323,devCategory,S,FALSE_NEGATIVE
RFQ731-000089,waveInjector,FWI,FALSE_NEGATIVE
RFQ731-004690,dataInterface,MR,FALSE_NEGATIVE
RFQ731-002425,certification,MN,FALSE_NEGATIVE
RFQ731-004640,dataInterface,HS,FALSE_NEGATIVE
RFQ731-000293,devCategory,H,FALSE_NEGATIVE
RFQ731-004478,explosionApproval,F,FALSE_NEGATIVE
RFQ731-001520,binaerDigitalOpenColl_MN,MN4,FALSE_NEGATIVE
RFQ731-002575,protectionArea,N,FALSE_NEGATIVE
RFQ731-000413,dataInterface,HS,FALSE_NEGATIVE
RFQ731-000663,characteristic,TE,FALSE_NEGATIVE
RFQ731-002907,steamApplication,N,FALSE_NEGATIVE
RFQ731-000701,waveInjector,FWI,FALSE_NEGATIVE
RFQ731-000682,steamApplication,H,FALSE_NEGATIVE
RFQ731-004298,devCategory,H,FALSE_NEGATIVE
RFQ731-001292,protectionArea,N,FALSE_NEGATIVE
RFQ731-001654,protectionArea,N,FALSE_NEGATIVE
RFQ731-000129,characteristic,TE,FALSE_NEGATIVE
RFQ731-002076,dataInterface,HS,FALSE_NEGATIVE
RFQ731-004263,dataInterface,HS,FALSE_NEGATIVE
RFQ731-001677,dataInterface,NN,FALSE_NEGATIVE
RFQ731-004812,dataInterface,HS,FALSE_NEGATIVE
RFQ731-003540,steamApplication,H,FALSE_NEGATIVE
RFQ731-000629,characteristic,TE,FALSE_NEGATIVE
RFQ731-001717,explosionApproval,N,FALSE_NEGATIVE
RFQ731-002552,devCategory,H,FALSE_NEGATIVE
RFQ731-002638,certification,MN,FALSE_NEGATIVE
RFQ731-004031,protectionArea,N,FALSE_NEGATIVE
RFQ731-003573,steamApplication,N,FALSE_NEGATIVE
RFQ731-002109,certification,MN,FALSE_NEGATIVE
RFQ731-001900,dataInterface,HS,FALSE_NEGATIVE
RFQ731-001104,explosionApproval,N,FALSE_NEGATIVE
RFQ731-004059,dataInterface,HS,FALSE_NEGATIVE
RFQ731-000640,steamApplication,N,FALSE_NEGATIVE
RFQ731-004677,steamApplication,N,FALSE_NEGATIVE
RFQ731-000199,explosionApproval,A,FALSE_NEGATIVE
RFQ731-000767,dataInterface,NN,FALSE_NEGATIVE
RFQ731-000968,waveInjector,FWI,FALSE_NEGATIVE
RFQ731-003983,steamApplication,H,FALSE_NEGATIVE
RFQ731-001904,temperaturEingaenge,TT1,FALSE_NEGATIVE
RFQ731-003586,certification,MN,FALSE_NEGATIVE
RFQ731-004254,binaerDigitalOpenColl_MN,MN4,FALSE_NEGATIVE
RFQ731-002405,dataInterface,HS,FALSE_NEGATIVE
RFQ731-002442,steamApplication,H,FALSE_NEGATIVE
RFQ731-000391,protectionArea,N,FALSE_NEGATIVE
RFQ731-002643,dataInterface,NN,FALSE_NEGATIVE
RFQ731-001682,protectionArea,N,FALSE_NEGATIVE
RFQ731-002982,devCategory,S,FALSE_NEGATIVE
RFQ731-004151,dataInterface,HS,FALSE_NEGATIVE
RFQ731-004314,protectionArea,N,FALSE_NEGATIVE
RFQ731-004738,explosionApproval,F,FALSE_NEGATIVE
RFQ731-001705,dataInterface,HS,FALSE_NEGATIVE
RFQ731-003747,steamApplication,N,FALSE_NEGATIVE
RFQ731-000693,steamApplication,H,FALSE_NEGATIVE
RFQ731-003767,steamApplication,H,FALSE_NEGATIVE
RFQ731-004852,dataInterface,PA,FALSE_NEGATIVE
RFQ731-002966,certification,MN,FALSE_NEGATIVE
RFQ731-000142,certification,MN,FALSE_NEGATIVE
RFQ731-004811,explosionApproval,K,FALSE_NEGATIVE
RFQ731-000877,protectionArea,N,FALSE_NEGATIVE
RFQ731-000220,dataInterface,HS,FALSE_NEGATIVE
RFQ731-002296,dataInterface,HS,FALSE_NEGATIVE
RFQ731-003135,steamApplication,N,FALSE_NEGATIVE
RFQ731-000313,dataInterface,HS,FALSE_NEGATIVE
RFQ731-003978,dataInterface,MT,FALSE_NEGATIVE
RFQ731-004612,characteristic,TE,FALSE_NEGATIVE
RFQ731-002189,dataInterface,HS,FALSE_NEGATIVE
RFQ731-002009,characteristic,TE,FALSE_NEGATIVE
RFQ731-004300,dataInterface,NN,FALSE_NEGATIVE
RFQ731-001410,certification,MN,FALSE_NEGATIVE
RFQ731-001812,steamApplication,H,FALSE_NEGATIVE
RFQ731-004044,dataInterface,HS,FALSE_NEGATIVE
RFQ731-003964,explosionApproval,N,FALSE_NEGATIVE
RFQ731-000454,protectionArea,N,FALSE_NEGATIVE
RFQ731-001354,explosionApproval,A,FALSE_NEGATIVE
RFQ731-004385,steamApplication,H,FALSE_NEGATIVE
RFQ731-004853,dataInterface,PA,FALSE_NEGATIVE
RFQ731-004681,explosionApproval,N,FALSE_NEGATIVE
RFQ731-000974,protectionArea,N,FALSE_NEGATIVE
RFQ731-001154,binaerDigitalOpenColl_MN,MN4,FALSE_NEGATIVE
RFQ731-000483,dataInterface,NN,FALSE_NEGATIVE
RFQ731-001736,characteristic,PW,FALSE_NEGATIVE
RFQ731-000648,waveInjector,FWI,FALSE_NEGATIVE
RFQ731-002238,dataInterface,NN,FALSE_NEGATIVE
RFQ731-002691,certification,MN,FALSE_NEGATIVE
RFQ731-000192,dataInterface,PA,FALSE_NEGATIVE
RFQ731-003656,temperaturEingaenge,TT1,FALSE_NEGATIVE
RFQ731-004165,certification,MN,FALSE_NEGATIVE
RFQ731-003068,dataInterface,HS,FALSE_NEGATIVE
RFQ731-001603,dataInterface,HS,FALSE_NEGATIVE
RFQ731-002452,characteristic,TE,FALSE_NEGATIVE
RFQ731-003320,explosionApproval,N,FALSE_NEGATIVE
RFQ731-002593,steamApplication,N,FALSE_NEGATIVE
RFQ731-001033,waveInjector,FWI,FALSE_NEGATIVE
RFQ731-001102,explosionApproval,F,FALSE_NEGATIVE
RFQ731-002750,protectionArea,N,FALSE_NEGATIVE
RFQ731-000304,waveInjector,FWI,FALSE_NEGATIVE
RFQ731-002629,steamApplication,N,FALSE_NEGATIVE
RFQ731-002408,powerSupply,4,FALSE_NEGATIVE
RFQ731-003111,certification,MN,FALSE_NEGATIVE
RFQ731-004061,steamApplication,N,FALSE_NEGATIVE
RFQ731-003584,steamApplication,H,FALSE_NEGATIVE
RFQ731-004152,explosionApproval,A,FALSE_NEGATIVE
RFQ731-004570,dataInterface,HS,FALSE_NEGATIVE
RFQ731-000074,explosionApproval,K,FALSE_NEGATIVE
RFQ731-004462,dataInterface,NN,FALSE_NEGATIVE
RFQ731-003564,temperaturEingaenge,TT1,FALSE_NEGATIVE
RFQ731-001402,explosionApproval,N,FALSE_NEGATIVE
RFQ731-003525,protectionArea,N,FALSE_NEGATIVE
RFQ731-004470,dataInterface,PA,FALSE_NEGATIVE
RFQ731-002116,dataInterface,NN,FALSE_NEGATIVE
RFQ731-002688,dataInterface,HS,FALSE_NEGATIVE
RFQ731-002974,dataInterface,PA,FALSE_NEGATIVE
RFQ731-004530,dataInterface,HS,FALSE_NEGATIVE
RFQ731-001296,steamApplication,N,FALSE_NEGATIVE
RFQ731-001239,dataInterface,NN,FALSE_NEGATIVE
RFQ731-001081,explosionApproval,N,FALSE_NEGATIVE
RFQ731-001920,dataInterface,HS,FALSE_NEGATIVE
RFQ731-002381,dataInterface,HS,FALSE_NEGATIVE
RFQ731-003501,devCategory,S,FALSE_NEGATIVE
RFQ731-003821,protectionArea,N,FALSE_NEGATIVE
RFQ731-002401,steamApplication,H,FALSE_NEGATIVE
RFQ731-003827,steamApplication,H,FALSE_NEGATIVE
RFQ731-002142,certification,MN,FALSE_NEGATIVE
RFQ731-001775,certification,MN,FALSE_NEGATIVE
RFQ731-003819,steamApplication,N,FALSE_NEGATIVE
RFQ731-003726,explosionApproval,A,FALSE_NEGATIVE
RFQ731-000519,waveInjector,FWI,FALSE_NEGATIVE
RFQ731-002625,characteristic,VG,FALSE_NEGATIVE
RFQ731-003391,characteristic,CA,FALSE_NEGATIVE
RFQ731-003212,dataInterface,HS,FALSE_NEGATIVE
RFQ731-004226,protectionArea,N,FALSE_NEGATIVE
RFQ731-000903,dataInterface,PA,FALSE_NEGATIVE
RFQ731-002096,dataInterface,HS,FALSE_NEGATIVE
RFQ731-002929,waveInjector,FWI,FALSE_NEGATIVE
RFQ731-000176,protectionArea,N,FALSE_NEGATIVE
RFQ731-004517,dataInterface,NN,FALSE_NEGATIVE
RFQ731-003708,certification,MN,FALSE_NEGATIVE
RFQ731-000555,steamApplication,H,FALSE_NEGATIVE
RFQ731-004512,characteristic,VG,FALSE_NEGATIVE
RFQ731-000531,characteristic,VG,FALSE_NEGATIVE
RFQ731-002674,steamApplication,N,FALSE_NEGATIVE
RFQ731-000128,certification,MN,FALSE_NEGATIVE
RFQ731-004654,steamApplication,N,FALSE_NEGATIVE
RFQ731-003099,certification,MN,FALSE_NEGATIVE
RFQ731-001877,certification,MN,FALSE_NEGATIVE
RFQ731-001598,protectionArea,N,FALSE_NEGATIVE
RFQ731-003942,temperaturEingaenge,TT1,FALSE_NEGATIVE
RFQ731-001811,dataInterface,HS,FALSE_NEGATIVE
RFQ731-002807,explosionApproval,N,FALSE_NEGATIVE
RFQ731-004010,certification,MN,FALSE_NEGATIVE
RFQ731-002303,steamApplication,H,FALSE_NEGATIVE
RFQ731-001574,protectionArea,N,FALSE_NEGATIVE
RFQ731-000204,characteristic,TE,FALSE_NEGATIVE
RFQ731-003352,protectionArea,N,FALSE_NEGATIVE
RFQ731-003414,steamApplication,H,FALSE_NEGATIVE
RFQ731-003616,certification,MN,FALSE_NEGATIVE
RFQ731-001941,explosionApproval,F,FALSE_NEGATIVE
RFQ731-003040,waveInjector,FWI,FALSE_NEGATIVE
RFQ731-002292,dataInterface,HS,FALSE_NEGATIVE
RFQ731-002717,dataInterface,PA,FALSE_NEGATIVE
RFQ731-004015,devCategory,H,FALSE_NEGATIVE
RFQ731-004492,temperaturEingaenge,TT1,FALSE_NEGATIVE
RFQ731-001991,characteristic,TE,FALSE_NEGATIVE
RFQ731-002136,devCategory,H,FALSE_NEGATIVE
RFQ731-003937,dataInterface,PA,FALSE_NEGATIVE
RFQ731-001900,certification,MN,FALSE_NEGATIVE
RFQ731-000881,dataInterface,HS,FALSE_NEGATIVE
RFQ731-004909,dataInterface,HS,FALSE_NEGATIVE
RFQ731-001817,certification,MN,FALSE_NEGATIVE
RFQ731-000359,characteristic,PW,FALSE_NEGATIVE
RFQ731-002216,dataInterface,HS,FALSE_NEGATIVE
RFQ731-001926,waveInjector,FWI,FALSE_NEGATIVE
RFQ731-003733,steamApplication,H,FALSE_NEGATIVE
RFQ731-000141,explosionApproval,N,FALSE_NEGATIVE
RFQ731-004049,waveInjector,FWI,FALSE_NEGATIVE
RFQ731-002208,certification,MN,FALSE_NEGATIVE
RFQ731-001817,dataInterface,NN,FALSE_NEGATIVE
RFQ731-002361,dataInterface,NN,FALSE_NEGATIVE
RFQ731-004941,waveInjector,FWI,FALSE_NEGATIVE
RFQ731-003951,steamApplication,H,FALSE_NEGATIVE
RFQ731-002927,dataInterface,PA,FALSE_NEGATIVE
RFQ731-002988,explosionApproval,F,FALSE_NEGATIVE
RFQ731-001414,dataInterface,MT,FALSE_NEGATIVE
RFQ731-003032,dataInterface,HS,FALSE_NEGATIVE
RFQ731-002108,explosionApproval,K,FALSE_NEGATIVE
RFQ731-004638,protectionArea,N,FALSE_NEGATIVE
RFQ731-003240,dataInterface,PA,FALSE_NEGATIVE
RFQ731-002173,steamApplication,H,FALSE_NEGATIVE
RFQ731-003219,temperaturEingaenge,TT1,FALSE_NEGATIVE
RFQ731-001209,waveInjector,FWI,FALSE_NEGATIVE
RFQ731-004109,protectionArea,N,FALSE_NEGATIVE
RFQ731-002477,waveInjector,FWI,FALSE_NEGATIVE
RFQ731-000570,explosionApproval,N,FALSE_NEGATIVE
RFQ731-001079,characteristic,TE,FALSE_NEGATIVE
RFQ731-001362,steamApplication,H,FALSE_NEGATIVE
RFQ731-003578,explosionApproval,N,FALSE_NEGATIVE
RFQ731-003426,steamApplication,N,FALSE_NEGATIVE
RFQ731-001973,protectionArea,N,FALSE_NEGATIVE
RFQ731-004630,protectionArea,N,FALSE_NEGATIVE
RFQ731-004089,dataInterface,NN,FALSE_NEGATIVE
RFQ731-000499,waveInjector,FWI,FALSE_NEGATIVE
RFQ731-001027,binaerOpenColl_MP,MP2,FALSE_NEGATIVE
RFQ731-004750,protectionArea,N,FALSE_NEGATIVE
RFQ731-002266,characteristic,TE,FALSE_NEGATIVE
RFQ731-002066,certification,MN,FALSE_NEGATIVE
RFQ731-003241,explosionApproval,N,FALSE_NEGATIVE
RFQ731-000678,dataInterface,MT,FALSE_NEGATIVE
RFQ731-000882,steamApplication,N,FALSE_NEGATIVE
RFQ731-004405,temperaturEingaenge,TT1,FALSE_NEGATIVE
RFQ731-001186,protectionArea,N,FALSE_NEGATIVE
RFQ731-002065,dataInterface,HS,FALSE_NEGATIVE
RFQ731-000001,certification,MN,FALSE_NEGATIVE
RFQ731-002632,characteristic,TE,FALSE_NEGATIVE
RFQ731-000511,steamApplication,H,FALSE_NEGATIVE
RFQ731-002297,characteristic,TE,FALSE_NEGATIVE
RFQ731-000262,protectionArea,N,FALSE_NEGATIVE
RFQ731-002978,waveInjector,FWI,FALSE_NEGATIVE
RFQ731-001521,waveInjector,FWI,FALSE_NEGATIVE
RFQ731-002195,devCategory,S,FALSE_NEGATIVE
RFQ731-003593,dataInterface,HS,FALSE_NEGATIVE
RFQ731-004079,protectionArea,N,FALSE_NEGATIVE
RFQ731-000151,dataInterface,HS,FALSE_NEGATIVE
RFQ731-001188,dataInterface,HS,FALSE_NEGATIVE
RFQ731-002805,steamApplication,N,FALSE_NEGATIVE
RFQ731-004191,protectionArea,N,FALSE_NEGATIVE
RFQ731-002236,certification,MN,FALSE_NEGATIVE
RFQ731-003067,steamApplication,H,FALSE_NEGATIVE
RFQ731-001078,certification,MN,FALSE_NEGATIVE
RFQ731-003452,certification,MN,FALSE_NEGATIVE
RFQ731-000067,protectionArea,N,FALSE_NEGATIVE
RFQ731-003285,protectionArea,N,FALSE_NEGATIVE
RFQ731-004257,dataInterface,HS,FALSE_NEGATIVE
RFQ731-002652,certification,MN,FALSE_NEGATIVE
RFQ731-002306,dataInterface,HS,FALSE_NEGATIVE
RFQ731-000554,characteristic,TE,FALSE_NEGATIVE
RFQ731-003165,devCategory,H,FALSE_NEGATIVE
RFQ731-000015,dataInterface,HS,FALSE_NEGATIVE
RFQ731-001012,explosionApproval,N,FALSE_NEGATIVE
RFQ731-003069,explosionApproval,K,FALSE_NEGATIVE
RFQ731-004147,dataInterface,MR,FALSE_NEGATIVE
RFQ731-003612,dataInterface,MR,FALSE_NEGATIVE
RFQ731-003821,dataInterface,PA,FALSE_NEGATIVE
RFQ731-000338,certification,MN,FALSE_NEGATIVE
RFQ731-000978,certification,MN,FALSE_NEGATIVE
RFQ731-000551,steamApplication,N,FALSE_NEGATIVE
RFQ731-003004,dataInterface,HS,FALSE_NEGATIVE
RFQ731-001400,dataInterface,HS,FALSE_NEGATIVE
RFQ731-004240,temperaturEingaenge,TT1,FALSE_NEGATIVE
RFQ731-004211,explosionApproval,N,FALSE_NEGATIVE
RFQ731-004995,dataInterface,PA,FALSE_NEGATIVE
RFQ731-001113,characteristic,PW,FALSE_NEGATIVE
RFQ731-003000,characteristic,PW,FALSE_NEGATIVE
RFQ731-004558,certification,MN,FALSE_NEGATIVE
RFQ731-003312,explosionApproval,N,FALSE_NEGATIVE
RFQ731-001106,steamApplication,H,FALSE_NEGATIVE
RFQ731-001866,dataInterface,NN,FALSE_NEGATIVE
RFQ731-002115,protectionArea,N,FALSE_NEGATIVE
RFQ731-004252,characteristic,TE,FALSE_NEGATIVE
RFQ731-000851,protectionArea,N,FALSE_NEGATIVE
RFQ731-001131,characteristic,TE,FALSE_NEGATIVE
RFQ731-002612,protectionArea,N,FALSE_NEGATIVE
RFQ731-003360,dataInterface,HS,FALSE_NEGATIVE
RFQ731-004117,explosionApproval,F,FALSE_NEGATIVE
RFQ731-002765,protectionArea,N,FALSE_NEGATIVE
RFQ731-004990,explosionApproval,N,FALSE_NEGATIVE
RFQ731-000854,dataInterface,HS,FALSE_NEGATIVE
RFQ731-001809,steamApplication,H,FALSE_NEGATIVE
RFQ731-000536,explosionApproval,N,FALSE_NEGATIVE
RFQ731-001323,waveInjector,FWI,FALSE_NEGATIVE
RFQ731-000621,dataInterface,HS,FALSE_NEGATIVE
RFQ731-002919,protectionArea,N,FALSE_NEGATIVE
RFQ731-004051,dataInterface,NN,FALSE_NEGATIVE
RFQ731-000780,dataInterface,PA,FALSE_NEGATIVE
RFQ731-002836,dataInterface,HS,FALSE_NEGATIVE
RFQ731-000710,dataInterface,HS,FALSE_NEGATIVE
RFQ731-003346,protectionArea,N,FALSE_NEGATIVE
RFQ731-003479,dataInterface,NN,FALSE_NEGATIVE
RFQ731-003081,dataInterface,NN,FALSE_NEGATIVE
RFQ731-003496,steamApplication,H,FALSE_NEGATIVE
RFQ731-001458,binaerOpenColl_MP,MP2,FALSE_NEGATIVE
RFQ731-000097,explosionApproval,K,FALSE_NEGATIVE
RFQ731-003180,steamApplication,H,FALSE_NEGATIVE
RFQ731-001672,steamApplication,H,FALSE_NEGATIVE
RFQ731-003718,steamApplication,N,FALSE_NEGATIVE
RFQ731-001033,powerSupply,4,FALSE_NEGATIVE
RFQ731-001965,protectionArea,N,FALSE_NEGATIVE
RFQ731-004943,dataInterface,HS,FALSE_NEGATIVE
RFQ731-002263,dataInterface,HS,FALSE_NEGATIVE
RFQ731-000677,explosionApproval,N,FALSE_NEGATIVE
RFQ731-000854,devCategory,H,FALSE_NEGATIVE
RFQ731-003483,steamApplication,N,FALSE_NEGATIVE
RFQ731-002864,certification,MN,FALSE_NEGATIVE
RFQ731-000757,explosionApproval,A,FALSE_NEGATIVE
RFQ731-001166,steamApplication,H,FALSE_NEGATIVE
RFQ731-002133,steamApplication,H,FALSE_NEGATIVE
RFQ731-002192,powerSupply,4,FALSE_NEGATIVE
RFQ731-003685,steamApplication,N,FALSE_NEGATIVE
RFQ731-003673,dataInterface,MT,FALSE_NEGATIVE
RFQ731-001740,explosionApproval,K,FALSE_NEGATIVE
RFQ731-002570,waveInjector,FWI,FALSE_NEGATIVE
RFQ731-000979,characteristic,TE,FALSE_NEGATIVE
RFQ731-003859,steamApplication,N,FALSE_NEGATIVE
RFQ731-001550,steamApplication,N,FALSE_NEGATIVE
RFQ731-003516,protectionArea,N,FALSE_NEGATIVE
RFQ731-001117,explosionApproval,N,FALSE_NEGATIVE
RFQ731-003605,dataInterface,HS,FALSE_NEGATIVE
RFQ731-002819,dataInterface,HS,FALSE_NEGATIVE
RFQ731-003466,protectionArea,N,FALSE_NEGATIVE
RFQ731-001784,certification,MN,FALSE_NEGATIVE
RFQ731-004599,protectionArea,N,FALSE_NEGATIVE
RFQ731-001823,binaerDigitalOpenColl_MN,MN4,FALSE_NEGATIVE
RFQ731-003462,explosionApproval,K,FALSE_NEGATIVE
RFQ731-004652,dataInterface,HS,FALSE_NEGATIVE
RFQ731-000496,certification,MN,FALSE_NEGATIVE
RFQ731-002573,certification,MN,FALSE_NEGATIVE
RFQ731-003212,certification,MN,FALSE_NEGATIVE
RFQ731-002416,dataInterface,NN,FALSE_NEGATIVE
RFQ731-003759,dataInterface,PA,FALSE_NEGATIVE
RFQ731-001184,dataInterface,NN,FALSE_NEGATIVE
RFQ731-003655,dataInterface,MR,FALSE_NEGATIVE
RFQ731-004838,characteristic,CA,FALSE_NEGATIVE
RFQ731-004964,dataInterface,PA,FALSE_NEGATIVE
RFQ731-000743,stromSchaltbar,CS2,FALSE_NEGATIVE
RFQ731-004746,explosionApproval,F,FALSE_NEGATIVE
RFQ731-000683,devCategory,H,FALSE_NEGATIVE
RFQ731-003653,certification,MN,FALSE_NEGATIVE
RFQ731-001162,waveInjector,FWI,FALSE_NEGATIVE
RFQ731-002790,dataInterface,NN,FALSE_NEGATIVE
RFQ731-001073,dataInterface,HS,FALSE_NEGATIVE
RFQ731-004859,steamApplication,H,FALSE_NEGATIVE
RFQ731-000464,steamApplication,N,FALSE_NEGATIVE
RFQ731-001800,characteristic,VG,FALSE_NEGATIVE
RFQ731-000659,certification,MN,FALSE_NEGATIVE
RFQ731-001844,certification,MN,FALSE_NEGATIVE
RFQ731-001063,devCategory,H,FALSE_NEGATIVE
RFQ731-002710,certification,MN,FALSE_NEGATIVE
RFQ731-003032,certification,MN,FALSE_NEGATIVE
RFQ731-000715,dataInterface,HS,FALSE_NEGATIVE
RFQ731-001834,devCategory,H,FALSE_NEGATIVE
RFQ731-002603,explosionApproval,K,FALSE_NEGATIVE
RFQ731-003869,stromSchaltbar,CS2,FALSE_NEGATIVE
RFQ731-004162,certification,MN,FALSE_NEGATIVE
RFQ731-000719,protectionArea,N,FALSE_NEGATIVE
RFQ731-001908,dataInterface,HS,FALSE_NEGATIVE
RFQ731-002640,protectionArea,N,FALSE_NEGATIVE
RFQ731-004520,steamApplication,H,FALSE_NEGATIVE
RFQ731-004308,explosionApproval,F,FALSE_NEGATIVE
RFQ731-002104,protectionArea,N,FALSE_NEGATIVE
RFQ731-001559,explosionApproval,N,FALSE_NEGATIVE
RFQ731-004704,protectionArea,N,FALSE_NEGATIVE
RFQ731-004342,dataInterface,MR,FALSE_NEGATIVE
RFQ731-000163,temperaturEingaenge,TT1,FALSE_NEGATIVE
RFQ731-002989,protectionArea,N,FALSE_NEGATIVE
RFQ731-001878,devCategory,H,FALSE_NEGATIVE
RFQ731-003302,dataInterface,HS,FALSE_NEGATIVE
RFQ731-004071,certification,MN,FALSE_NEGATIVE
RFQ731-001092,protectionArea,N,FALSE_NEGATIVE
RFQ731-001486,protectionArea,N,FALSE_NEGATIVE
RFQ731-001022,steamApplication,H,FALSE_NEGATIVE
RFQ731-002009,explosionApproval,F,FALSE_NEGATIVE
RFQ731-001863,steamApplication,H,FALSE_NEGATIVE
RFQ731-000062,characteristic,TE,FALSE_NEGATIVE
RFQ731-002409,waveInjector,FWI,FALSE_NEGATIVE
RFQ731-004065,steamApplication,H,FALSE_NEGATIVE
RFQ731-000878,dataInterface,NN,FALSE_NEGATIVE
RFQ731-001136,steamApplication,N,FALSE_NEGATIVE
RFQ731-004163,steamApplication,N,FALSE_NEGATIVE
RFQ731-004278,dataInterface,NN,FALSE_NEGATIVE
RFQ731-000427,dataInterface,HS,FALSE_NEGATIVE
RFQ731-003731,dataInterface,HS,FALSE_NEGATIVE
RFQ731-000689,explosionApproval,F,FALSE_NEGATIVE
RFQ731-001614,dataInterface,HS,FALSE_NEGATIVE
RFQ731-002658,certification,MN,FALSE_NEGATIVE
RFQ731-002302,steamApplication,H,FALSE_NEGATIVE
RFQ731-000633,dataInterface,NN,FALSE_NEGATIVE
RFQ731-001594,steamApplication,H,FALSE_NEGATIVE
RFQ731-003514,dataInterface,NN,FALSE_NEGATIVE
RFQ731-003144,powerSupply,4,FALSE_NEGATIVE
RFQ731-004357,protectionArea,N,FALSE_NEGATIVE
RFQ731-000431,temperaturEingaenge,TT1,FALSE_NEGATIVE
RFQ731-002051,devCategory,S,FALSE_NEGATIVE
RFQ731-003189,waveInjector,FWI,FALSE_NEGATIVE
RFQ731-001485,steamApplication,N,FALSE_NEGATIVE
RFQ731-002498,explosionApproval,N,FALSE_NEGATIVE
RFQ731-001846,protectionArea,N,FALSE_NEGATIVE
RFQ731-003476,explosionApproval,K,FALSE_NEGATIVE
RFQ731-000173,steamApplication,H,FALSE_NEGATIVE
RFQ731-002244,explosionApproval,N,FALSE_NEGATIVE
RFQ731-000834,waveInjector,FWI,FALSE_NEGATIVE
RFQ731-001350,protectionArea,N,FALSE_NEGATIVE
RFQ731-000658,dataInterface,NN,FALSE_NEGATIVE
RFQ731-002644,steamApplication,N,FALSE_NEGATIVE
RFQ731-001795,certification,MN,FALSE_NEGATIVE
RFQ731-001823,characteristic,TE,FALSE_NEGATIVE
RFQ731-003563,waveInjector,FWI,FALSE_NEGATIVE
RFQ731-004920,protectionArea,N,FALSE_NEGATIVE
RFQ731-001667,waveInjector,FWI,FALSE_NEGATIVE
RFQ731-003683,devCategory,H,FALSE_NEGATIVE
RFQ731-000062,dataInterface,MT,FALSE_NEGATIVE
RFQ731-000246,steamApplication,N,FALSE_NEGATIVE
RFQ731-003888,explosionApproval,F,FALSE_NEGATIVE
RFQ731-001282,steamApplication,H,FALSE_NEGATIVE
RFQ731-004564,characteristic,PW,FALSE_NEGATIVE
RFQ731-000400,dataInterface,HS,FALSE_NEGATIVE
RFQ731-003890,steamApplication,N,FALSE_NEGATIVE
RFQ731-003158,explosionApproval,K,FALSE_NEGATIVE
RFQ731-001827,steamApplication,H,FALSE_NEGATIVE
RFQ731-000284,dataInterface,PA,FALSE_NEGATIVE
RFQ731-002471,steamApplication,N,FALSE_NEGATIVE
RFQ731-003675,explosionApproval,K,FALSE_NEGATIVE
RFQ731-000989,protectionArea,N,FALSE_NEGATIVE
RFQ731-004134,characteristic,VG,FALSE_NEGATIVE
RFQ731-000699,dataInterface,HS,FALSE_NEGATIVE
RFQ731-004496,devCategory,H,FALSE_NEGATIVE
RFQ731-003720,dataInterface,PA,FALSE_NEGATIVE
RFQ731-004371,steamApplication,N,FALSE_NEGATIVE
RFQ731-000617,explosionApproval,A,FALSE_NEGATIVE
RFQ731-001153,certification,MN,FALSE_NEGATIVE
RFQ731-000090,certification,MN,FALSE_NEGATIVE
RFQ731-001899,protectionArea,N,FALSE_NEGATIVE
RFQ731-001634,protectionArea,N,FALSE_NEGATIVE
RFQ731-003786,steamApplication,N,FALSE_NEGATIVE
RFQ731-004133,dataInterface,HS,FALSE_NEGATIVE
RFQ731-001644,explosionApproval,K,FALSE_NEGATIVE
RFQ731-001803,steamApplication,H,FALSE_NEGATIVE
RFQ731-004135,dataInterface,HS,FALSE_NEGATIVE
RFQ731-000693,waveInjector,FWI,FALSE_NEGATIVE
RFQ731-002452,explosionApproval,F,FALSE_NEGATIVE
RFQ731-001731,characteristic,PW,FALSE_NEGATIVE
RFQ731-001781,steamApplication,N,FALSE_NEGATIVE
RFQ731-004778,explosionApproval,N,FALSE_NEGATIVE
RFQ731-002566,protectionArea,N,FALSE_NEGATIVE
RFQ731-001092,temperaturEingaenge,TT1,FALSE_NEGATIVE
RFQ731-003501,waveInjector,FWI,FALSE_NEGATIVE
RFQ731-003529,explosionApproval,A,FALSE_NEGATIVE
RFQ731-002164,steamApplication,H,FALSE_NEGATIVE
RFQ731-003524,protectionArea,N,FALSE_NEGATIVE
RFQ731-002476,certification,MN,FALSE_NEGATIVE
RFQ731-002691,explosionApproval,N,FALSE_NEGATIVE
RFQ731-004049,explosionApproval,A,FALSE_NEGATIVE
RFQ731-002913,steamApplication,H,FALSE_NEGATIVE
RFQ731-003082,dataInterface,HS,FALSE_NEGATIVE
RFQ731-003823,dataInterface,HS,FALSE_NEGATIVE
RFQ731-000576,dataInterface,HS,FALSE_NEGATIVE
RFQ731-004133,devCategory,H,FALSE_NEGATIVE
RFQ731-003206,devCategory,H,FALSE_NEGATIVE
RFQ731-000632,dataInterface,HS,FALSE_NEGATIVE
RFQ731-001625,protectionArea,N,FALSE_NEGATIVE
RFQ731-004102,waveInjector,FWI,FALSE_NEGATIVE
RFQ731-004501,protectionArea,N,FALSE_NEGATIVE
RFQ731-004415,dataInterface,HS,FALSE_NEGATIVE
RFQ731-004603,dataInterface,HS,FALSE_NEGATIVE
RFQ731-003628,steamApplication,N,FALSE_NEGATIVE
RFQ731-004385,waveInjector,FWI,FALSE_NEGATIVE
RFQ731-001172,steamApplication,N,FALSE_NEGATIVE
RFQ731-003972,powerSupply,4,FALSE_NEGATIVE
RFQ731-001967,waveInjector,FWI,FALSE_NEGATIVE
RFQ731-004779,waveInjector,FWI,FALSE_NEGATIVE
RFQ731-004008,explosionApproval,N,FALSE_NEGATIVE
RFQ731-000026,dataInterface,HS,FALSE_NEGATIVE
RFQ731-002161,steamApplication,N,FALSE_NEGATIVE
RFQ731-001806,characteristic,TE,FALSE_NEGATIVE
RFQ731-000910,dataInterface,NN,FALSE_NEGATIVE
RFQ731-004732,dataInterface,NN,FALSE_NEGATIVE
RFQ731-001706,dataInterface,PA,FALSE_NEGATIVE
RFQ731-002751,dataInterface,HS,FALSE_NEGATIVE
RFQ731-003918,explosionApproval,F,FALSE_NEGATIVE
RFQ731-002974,characteristic,CA,FALSE_NEGATIVE
RFQ731-002261,explosionApproval,N,FALSE_NEGATIVE
RFQ731-003208,dataInterface,HS,FALSE_NEGATIVE
RFQ731-002129,dataInterface,HS,FALSE_NEGATIVE
RFQ731-001557,steamApplication,H,FALSE_NEGATIVE
RFQ731-000954,steamApplication,H,FALSE_NEGATIVE
RFQ731-002327,certification,MN,FALSE_NEGATIVE
RFQ731-002621,dataInterface,PA,FALSE_NEGATIVE
RFQ731-000501,steamApplication,N,FALSE_NEGATIVE
RFQ731-002458,steamApplication,N,FALSE_NEGATIVE
RFQ731-002047,steamApplication,H,FALSE_NEGATIVE
RFQ731-000166,protectionArea,N,FALSE_NEGATIVE
RFQ731-000707,protectionArea,N,FALSE_NEGATIVE
RFQ731-004956,certification,MN,FALSE_NEGATIVE
RFQ731-001311,dataInterface,NN,FALSE_NEGATIVE
RFQ731-003788,temperaturEingaenge,TT1,FALSE_NEGATIVE
RFQ731-000443,dataInterface,HS,FALSE_NEGATIVE
RFQ731-004397,certification,MN,FALSE_NEGATIVE
RFQ731-002539,dataInterface,HS,FALSE_NEGATIVE
RFQ731-003398,steamApplication,H,FALSE_NEGATIVE
RFQ731-002842,dataInterface,HS,FALSE_NEGATIVE
RFQ731-004925,steamApplication,N,FALSE_NEGATIVE
RFQ731-000663,dataInterface,PA,FALSE_NEGATIVE
RFQ731-004528,dataInterface,NN,FALSE_NEGATIVE
RFQ731-003430,binaerDigitalOpenColl_MN,MN4,FALSE_NEGATIVE
RFQ731-001470,certification,MN,FALSE_NEGATIVE
RFQ731-004772,steamApplication,H,FALSE_NEGATIVE
RFQ731-003048,protectionArea,N,FALSE_NEGATIVE
RFQ731-004771,dataInterface,MR,FALSE_NEGATIVE
RFQ731-002489,characteristic,PW,FALSE_NEGATIVE
RFQ731-000787,steamApplication,N,FALSE_NEGATIVE
RFQ731-002977,dataInterface,HS,FALSE_NEGATIVE
RFQ731-002481,binaerDigitalOpenColl_MN,MN4,FALSE_NEGATIVE
RFQ731-001088,steamApplication,H,FALSE_NEGATIVE
RFQ731-002297,explosionApproval,F,FALSE_NEGATIVE
RFQ731-000146,certification,MN,FALSE_NEGATIVE
RFQ731-004360,certification,MN,FALSE_NEGATIVE
RFQ731-001350,dataInterface,PA,FALSE_NEGATIVE
RFQ731-004251,dataInterface,HS,FALSE_NEGATIVE
RFQ731-000288,steamApplication,N,FALSE_NEGATIVE
RFQ731-001340,dataInterface,HS,FALSE_NEGATIVE
RFQ731-003986,steamApplication,N,FALSE_NEGATIVE
RFQ731-002968,dataInterface,HS,FALSE_NEGATIVE
RFQ731-002451,protectionArea,N,FALSE_NEGATIVE
RFQ731-001794,dataInterface,MR,FALSE_NEGATIVE
RFQ731-000716,dataInterface,HS,FALSE_NEGATIVE
RFQ731-001870,dataInterface,PA,FALSE_NEGATIVE
RFQ731-000960,dataInterface,NN,FALSE_NEGATIVE
RFQ731-004083,dataInterface,NN,FALSE_NEGATIVE
RFQ731-004530,temperaturEingaenge,TT1,FALSE_NEGATIVE
RFQ731-000177,protectionArea,N,FALSE_NEGATIVE
RFQ731-001560,dataInterface,HS,FALSE_NEGATIVE
RFQ731-003820,steamApplication,N,FALSE_NEGATIVE
RFQ731-002052,dataInterface,HS,FALSE_NEGATIVE
RFQ731-001826,dataInterface,HS,FALSE_NEGATIVE
RFQ731-002530,dataInterface,HS,FALSE_NEGATIVE
RFQ731-000735,steamApplication,N,FALSE_NEGATIVE
RFQ731-003261,certification,MN,FALSE_NEGATIVE
RFQ731-001231,protectionArea,N,FALSE_NEGATIVE
RFQ731-003626,steamApplication,H,FALSE_NEGATIVE
RFQ731-004605,certification,MN,FALSE_NEGATIVE
RFQ731-003373,protectionArea,N,FALSE_NEGATIVE
RFQ731-001942,dataInterface,HS,FALSE_NEGATIVE
RFQ731-000171,characteristic,PW,FALSE_NEGATIVE
RFQ731-002353,explosionApproval,F,FALSE_NEGATIVE
RFQ731-004369,dataInterface,PA,FALSE_NEGATIVE
RFQ731-004921,steamApplication,N,FALSE_NEGATIVE
RFQ731-004494,steamApplication,N,FALSE_NEGATIVE
RFQ731-003722,protectionArea,N,FALSE_NEGATIVE
RFQ731-000400,certification,MN,FALSE_NEGATIVE
RFQ731-004623,waveInjector,FWI,FALSE_NEGATIVE
RFQ731-000565,certification,MN,FALSE_NEGATIVE
RFQ731-002347,certification,MN,FALSE_NEGATIVE
RFQ731-000759,dataInterface,HS,FALSE_NEGATIVE
RFQ731-002927,characteristic,CA,FALSE_NEGATIVE
RFQ731-004094,certification,MN,FALSE_NEGATIVE
RFQ731-004626,steamApplication,H,FALSE_NEGATIVE
RFQ731-002134,dataInterface,NN,FALSE_NEGATIVE
RFQ731-002177,temperaturEingaenge,TT2,FALSE_NEGATIVE
RFQ731-002009,dataInterface,PA,FALSE_NEGATIVE
RFQ731-001525,certification,MN,FALSE_NEGATIVE
RFQ731-000504,dataInterface,HS,FALSE_NEGATIVE
RFQ731-004681,certification,MN,FALSE_NEGATIVE
RFQ731-004070,protectionArea,N,FALSE_NEGATIVE
RFQ731-000419,protectionArea,N,FALSE_NEGATIVE
RFQ731-001830,devCategory,S,FALSE_NEGATIVE
RFQ731-004812,explosionApproval,N,FALSE_NEGATIVE
RFQ731-000185,waveInjector,FWI,FALSE_NEGATIVE
RFQ731-001270,steamApplication,H,FALSE_NEGATIVE
RFQ731-001942,devCategory,H,FALSE_NEGATIVE
RFQ731-003524,dataInterface,PA,FALSE_NEGATIVE
RFQ731-002176,certification,MN,FALSE_NEGATIVE
RFQ731-002160,devCategory,S,FALSE_NEGATIVE
RFQ731-003995,devCategory,S,FALSE_NEGATIVE
RFQ731-003521,steamApplication,N,FALSE_NEGATIVE
RFQ731-004220,certification,MN,FALSE_NEGATIVE
RFQ731-004119,dataInterface,PA,FALSE_NEGATIVE
RFQ731-004252,protectionArea,N,FALSE_NEGATIVE
RFQ731-001579,steamApplication,H,FALSE_NEGATIVE
RFQ731-004084,dataInterface,HS,FALSE_NEGATIVE
RFQ731-001529,steamApplication,N,FALSE_NEGATIVE
RFQ731-002591,devCategory,H,FALSE_NEGATIVE
RFQ731-003917,waveInjector,FWI,FALSE_NEGATIVE
RFQ731-004998,dataInterface,NN,FALSE_NEGATIVE
RFQ731-002294,dataInterface,HS,FALSE_NEGATIVE
RFQ731-003221,characteristic,VG,FALSE_NEGATIVE
RFQ731-000003,protectionArea,N,FALSE_NEGATIVE
RFQ731-003052,characteristic,PW,FALSE_NEGATIVE
RFQ731-001119,protectionArea,N,FALSE_NEGATIVE
RFQ731-000511,waveInjector,FWI,FALSE_NEGATIVE
RFQ731-003021,dataInterface,NN,FALSE_NEGATIVE
RFQ731-000986,steamApplication,N,FALSE_NEGATIVE
RFQ731-001064,dataInterface,HS,FALSE_NEGATIVE
RFQ731-001766,characteristic,CA,FALSE_NEGATIVE
RFQ731-000932,dataInterface,NN,FALSE_NEGATIVE
RFQ731-002386,powerSupply,4,FALSE_NEGATIVE
RFQ731-004274,steamApplication,N,FALSE_NEGATIVE
RFQ731-000632,certification,MN,FALSE_NEGATIVE
RFQ731-004281,steamApplication,H,FALSE_NEGATIVE
RFQ731-000928,steamApplication,H,FALSE_NEGATIVE
RFQ731-002854,dataInterface,HS,FALSE_NEGATIVE
RFQ731-000568,steamApplication,H,FALSE_NEGATIVE
RFQ731-003067,waveInjector,FWI,FALSE_NEGATIVE
RFQ731-004266,protectionArea,N,FALSE_NEGATIVE
RFQ731-003533,temperaturEingaenge,TT1,FALSE_NEGATIVE
RFQ731-000895,dataInterface,HS,FALSE_NEGATIVE
RFQ731-000667,certification,MN,FALSE_NEGATIVE
RFQ731-001510,explosionApproval,N,FALSE_NEGATIVE
RFQ731-001689,steamApplication,H,FALSE_NEGATIVE
RFQ731-000010,steamApplication,N,FALSE_NEGATIVE
RFQ731-000971,steamApplication,N,FALSE_NEGATIVE
RFQ731-002376,temperaturEingaenge,TT1,FALSE_NEGATIVE
RFQ731-002688,explosionApproval,N,FALSE_NEGATIVE
RFQ731-000605,dataInterface,HS,FALSE_NEGATIVE
RFQ731-002323,steamApplication,N,FALSE_NEGATIVE
RFQ731-001194,certification,MN,FALSE_NEGATIVE
RFQ731-001003,characteristic,PW,FALSE_NEGATIVE
RFQ731-001736,dataInterface,MT,FALSE_NEGATIVE
RFQ731-000709,waveInjector,FWI,FALSE_NEGATIVE
RFQ731-001771,dataInterface,HS,FALSE_NEGATIVE
RFQ731-003634,steamApplication,H,FALSE_NEGATIVE
RFQ731-003224,protectionArea,N,FALSE_NEGATIVE
RFQ731-000670,characteristic,PW,FALSE_NEGATIVE
RFQ731-002085,steamApplication,N,FALSE_NEGATIVE
RFQ731-004414,certification,MN,FALSE_NEGATIVE
RFQ731-003719,protectionArea,N,FALSE_NEGATIVE
RFQ731-003048,dataInterface,PA,FALSE_NEGATIVE
RFQ731-001466,devCategory,S,FALSE_NEGATIVE
RFQ731-003489,powerSupply,4,FALSE_NEGATIVE
RFQ731-003083,dataInterface,HS,FALSE_NEGATIVE
RFQ731-000004,steamApplication,,VALUE_UNRESOLVED
RFQ731-000008,steamApplication,,VALUE_UNRESOLVED
RFQ731-000009,steamApplication,,VALUE_UNRESOLVED
RFQ731-000010,steamApplication,,VALUE_UNRESOLVED
RFQ731-000011,steamApplication,,VALUE_UNRESOLVED
RFQ731-000021,steamApplication,,VALUE_UNRESOLVED
RFQ731-000022,steamApplication,,VALUE_UNRESOLVED
RFQ731-000024,steamApplication,,VALUE_UNRESOLVED
RFQ731-000025,steamApplication,,VALUE_UNRESOLVED
RFQ731-000028,steamApplication,,VALUE_UNRESOLVED
RFQ731-000030,steamApplication,,VALUE_UNRESOLVED
RFQ731-000035,steamApplication,,VALUE_UNRESOLVED
RFQ731-000036,steamApplication,,VALUE_UNRESOLVED
RFQ731-000041,steamApplication,,VALUE_UNRESOLVED
RFQ731-000048,steamApplication,,VALUE_UNRESOLVED
RFQ731-000056,steamApplication,,VALUE_UNRESOLVED
RFQ731-000074,steamApplication,,VALUE_UNRESOLVED
RFQ731-000081,steamApplication,,VALUE_UNRESOLVED
RFQ731-000088,steamApplication,,VALUE_UNRESOLVED
RFQ731-000091,steamApplication,,VALUE_UNRESOLVED
RFQ731-000096,steamApplication,,VALUE_UNRESOLVED
RFQ731-000098,steamApplication,,VALUE_UNRESOLVED
RFQ731-000105,steamApplication,,VALUE_UNRESOLVED
RFQ731-000117,steamApplication,,VALUE_UNRESOLVED
RFQ731-000118,steamApplication,,VALUE_UNRESOLVED
RFQ731-000119,steamApplication,,VALUE_UNRESOLVED
RFQ731-000120,steamApplication,,VALUE_UNRESOLVED
RFQ731-000130,steamApplication,,VALUE_UNRESOLVED
RFQ731-000131,steamApplication,,VALUE_UNRESOLVED
RFQ731-000133,steamApplication,,VALUE_UNRESOLVED
RFQ731-000140,steamApplication,,VALUE_UNRESOLVED
RFQ731-000141,steamApplication,,VALUE_UNRESOLVED
RFQ731-000155,steamApplication,,VALUE_UNRESOLVED
RFQ731-000163,steamApplication,,VALUE_UNRESOLVED
RFQ731-000165,steamApplication,,VALUE_UNRESOLVED
RFQ731-000169,steamApplication,,VALUE_UNRESOLVED
RFQ731-000173,steamApplication,,VALUE_UNRESOLVED
RFQ731-000175,steamApplication,,VALUE_UNRESOLVED
RFQ731-000176,steamApplication,,VALUE_UNRESOLVED
RFQ731-000180,steamApplication,,VALUE_UNRESOLVED
RFQ731-000193,steamApplication,,VALUE_UNRESOLVED
RFQ731-000199,steamApplication,,VALUE_UNRESOLVED
RFQ731-000203,steamApplication,,VALUE_UNRESOLVED
RFQ731-000223,steamApplication,,VALUE_UNRESOLVED
RFQ731-000228,steamApplication,,VALUE_UNRESOLVED
RFQ731-000229,steamApplication,,VALUE_UNRESOLVED
RFQ731-000232,steamApplication,,VALUE_UNRESOLVED
RFQ731-000235,steamApplication,,VALUE_UNRESOLVED
RFQ731-000239,steamApplication,,VALUE_UNRESOLVED
RFQ731-000240,steamApplication,,VALUE_UNRESOLVED
RFQ731-000246,steamApplication,,VALUE_UNRESOLVED
RFQ731-000247,steamApplication,,VALUE_UNRESOLVED
RFQ731-000256,steamApplication,,VALUE_UNRESOLVED
RFQ731-000258,steamApplication,,VALUE_UNRESOLVED
RFQ731-000263,steamApplication,,VALUE_UNRESOLVED
RFQ731-000265,steamApplication,,VALUE_UNRESOLVED
RFQ731-000276,steamApplication,,VALUE_UNRESOLVED
RFQ731-000280,steamApplication,,VALUE_UNRESOLVED
RFQ731-000283,steamApplication,,VALUE_UNRESOLVED
RFQ731-000286,steamApplication,,VALUE_UNRESOLVED
RFQ731-000288,steamApplication,,VALUE_UNRESOLVED
RFQ731-000299,steamApplication,,VALUE_UNRESOLVED
RFQ731-000300,steamApplication,,VALUE_UNRESOLVED
RFQ731-000304,steamApplication,,VALUE_UNRESOLVED
RFQ731-000306,steamApplication,,VALUE_UNRESOLVED
RFQ731-000308,steamApplication,,VALUE_UNRESOLVED
RFQ731-000309,steamApplication,,VALUE_UNRESOLVED
RFQ731-000310,steamApplication,,VALUE_UNRESOLVED
RFQ731-000313,steamApplication,,VALUE_UNRESOLVED
RFQ731-000317,steamApplication,,VALUE_UNRESOLVED
RFQ731-000320,steamApplication,,VALUE_UNRESOLVED
RFQ731-000324,steamApplication,,VALUE_UNRESOLVED
RFQ731-000326,steamApplication,,VALUE_UNRESOLVED
RFQ731-000330,steamApplication,,VALUE_UNRESOLVED
RFQ731-000335,steamApplication,,VALUE_UNRESOLVED
RFQ731-000336,steamApplication,,VALUE_UNRESOLVED
RFQ731-000345,steamApplication,,VALUE_UNRESOLVED
RFQ731-000347,steamApplication,,VALUE_UNRESOLVED
RFQ731-000351,steamApplication,,VALUE_UNRESOLVED
RFQ731-000352,steamApplication,,VALUE_UNRESOLVED
RFQ731-000355,steamApplication,,VALUE_UNRESOLVED
RFQ731-000357,steamApplication,,VALUE_UNRESOLVED
RFQ731-000370,steamApplication,,VALUE_UNRESOLVED
RFQ731-000372,steamApplication,,VALUE_UNRESOLVED
RFQ731-000382,steamApplication,,VALUE_UNRESOLVED
RFQ731-000383,steamApplication,,VALUE_UNRESOLVED
RFQ731-000384,steamApplication,,VALUE_UNRESOLVED
RFQ731-000390,steamApplication,,VALUE_UNRESOLVED
RFQ731-000391,steamApplication,,VALUE_UNRESOLVED
RFQ731-000421,steamApplication,,VALUE_UNRESOLVED
RFQ731-000426,steamApplication,,VALUE_UNRESOLVED
RFQ731-000428,steamApplication,,VALUE_UNRESOLVED
RFQ731-000432,steamApplication,,VALUE_UNRESOLVED
RFQ731-000434,steamApplication,,VALUE_UNRESOLVED
RFQ731-000436,steamApplication,,VALUE_UNRESOLVED
RFQ731-000441,steamApplication,,VALUE_UNRESOLVED
RFQ731-000444,steamApplication,,VALUE_UNRESOLVED
RFQ731-000453,steamApplication,,VALUE_UNRESOLVED
RFQ731-000462,steamApplication,,VALUE_UNRESOLVED
RFQ731-000463,steamApplication,,VALUE_UNRESOLVED
RFQ731-000464,steamApplication,,VALUE_UNRESOLVED
RFQ731-000468,steamApplication,,VALUE_UNRESOLVED
RFQ731-000471,steamApplication,,VALUE_UNRESOLVED
RFQ731-000472,steamApplication,,VALUE_UNRESOLVED
RFQ731-000477,steamApplication,,VALUE_UNRESOLVED
RFQ731-000501,steamApplication,,VALUE_UNRESOLVED
RFQ731-000504,steamApplication,,VALUE_UNRESOLVED
RFQ731-000511,steamApplication,,VALUE_UNRESOLVED
RFQ731-000513,steamApplication,,VALUE_UNRESOLVED
RFQ731-000514,steamApplication,,VALUE_UNRESOLVED
RFQ731-000522,steamApplication,,VALUE_UNRESOLVED
RFQ731-000530,steamApplication,,VALUE_UNRESOLVED
RFQ731-000538,steamApplication,,VALUE_UNRESOLVED
RFQ731-000544,steamApplication,,VALUE_UNRESOLVED
RFQ731-000549,steamApplication,,VALUE_UNRESOLVED
RFQ731-000551,steamApplication,,VALUE_UNRESOLVED
RFQ731-000552,steamApplication,,VALUE_UNRESOLVED
RFQ731-000555,steamApplication,,VALUE_UNRESOLVED
RFQ731-000556,steamApplication,,VALUE_UNRESOLVED
RFQ731-000563,steamApplication,,VALUE_UNRESOLVED
RFQ731-000567,steamApplication,,VALUE_UNRESOLVED
RFQ731-000568,steamApplication,,VALUE_UNRESOLVED
RFQ731-000569,steamApplication,,VALUE_UNRESOLVED
RFQ731-000579,steamApplication,,VALUE_UNRESOLVED
RFQ731-000581,steamApplication,,VALUE_UNRESOLVED
RFQ731-000589,steamApplication,,VALUE_UNRESOLVED
RFQ731-000592,steamApplication,,VALUE_UNRESOLVED
RFQ731-000593,steamApplication,,VALUE_UNRESOLVED
RFQ731-000594,steamApplication,,VALUE_UNRESOLVED
RFQ731-000606,steamApplication,,VALUE_UNRESOLVED
RFQ731-000608,steamApplication,,VALUE_UNRESOLVED
RFQ731-000611,steamApplication,,VALUE_UNRESOLVED
RFQ731-000613,steamApplication,,VALUE_UNRESOLVED
RFQ731-000618,steamApplication,,VALUE_UNRESOLVED
RFQ731-000621,steamApplication,,VALUE_UNRESOLVED
RFQ731-000631,steamApplication,,VALUE_UNRESOLVED
RFQ731-000633,steamApplication,,VALUE_UNRESOLVED
RFQ731-000634,steamApplication,,VALUE_UNRESOLVED
RFQ731-000635,steamApplication,,VALUE_UNRESOLVED
RFQ731-000636,steamApplication,,VALUE_UNRESOLVED
RFQ731-000640,steamApplication,,VALUE_UNRESOLVED
RFQ731-000644,steamApplication,,VALUE_UNRESOLVED
RFQ731-000652,steamApplication,,VALUE_UNRESOLVED
RFQ731-000656,steamApplication,,VALUE_UNRESOLVED
RFQ731-000661,steamApplication,,VALUE_UNRESOLVED
RFQ731-000664,steamApplication,,VALUE_UNRESOLVED
RFQ731-000682,steamApplication,,VALUE_UNRESOLVED
RFQ731-000687,steamApplication,,VALUE_UNRESOLVED
RFQ731-000692,steamApplication,,VALUE_UNRESOLVED
RFQ731-000693,steamApplication,,VALUE_UNRESOLVED
RFQ731-000695,steamApplication,,VALUE_UNRESOLVED
RFQ731-000696,steamApplication,,VALUE_UNRESOLVED
RFQ731-000705,steamApplication,,VALUE_UNRESOLVED
RFQ731-000710,steamApplication,,VALUE_UNRESOLVED
RFQ731-000712,steamApplication,,VALUE_UNRESOLVED
RFQ731-000715,steamApplication,,VALUE_UNRESOLVED
RFQ731-000717,steamApplication,,VALUE_UNRESOLVED
RFQ731-000721,steamApplication,,VALUE_UNRESOLVED
RFQ731-000731,steamApplication,,VALUE_UNRESOLVED
RFQ731-000735,steamApplication,,VALUE_UNRESOLVED
RFQ731-000745,steamApplication,,VALUE_UNRESOLVED
RFQ731-000746,steamApplication,,VALUE_UNRESOLVED
RFQ731-000747,steamApplication,,VALUE_UNRESOLVED
RFQ731-000750,steamApplication,,VALUE_UNRESOLVED
RFQ731-000754,steamApplication,,VALUE_UNRESOLVED
RFQ731-000756,steamApplication,,VALUE_UNRESOLVED
RFQ731-000770,steamApplication,,VALUE_UNRESOLVED
RFQ731-000787,steamApplication,,VALUE_UNRESOLVED
RFQ731-000807,steamApplication,,VALUE_UNRESOLVED
RFQ731-000814,steamApplication,,VALUE_UNRESOLVED
RFQ731-000820,steamApplication,,VALUE_UNRESOLVED
RFQ731-000821,steamApplication,,VALUE_UNRESOLVED
RFQ731-000824,steamApplication,,VALUE_UNRESOLVED
RFQ731-000825,steamApplication,,VALUE_UNRESOLVED
RFQ731-000826,steamApplication,,VALUE_UNRESOLVED
RFQ731-000835,steamApplication,,VALUE_UNRESOLVED
RFQ731-000839,steamApplication,,VALUE_UNRESOLVED
RFQ731-000844,steamApplication,,VALUE_UNRESOLVED
RFQ731-000850,steamApplication,,VALUE_UNRESOLVED
RFQ731-000856,steamApplication,,VALUE_UNRESOLVED
RFQ731-000862,steamApplication,,VALUE_UNRESOLVED
RFQ731-000876,steamApplication,,VALUE_UNRESOLVED
RFQ731-000880,steamApplication,,VALUE_UNRESOLVED
RFQ731-000881,steamApplication,,VALUE_UNRESOLVED
RFQ731-000882,steamApplication,,VALUE_UNRESOLVED
RFQ731-000888,steamApplication,,VALUE_UNRESOLVED
RFQ731-000890,steamApplication,,VALUE_UNRESOLVED
RFQ731-000893,steamApplication,,VALUE_UNRESOLVED
RFQ731-000894,steamApplication,,VALUE_UNRESOLVED
RFQ731-000902,steamApplication,,VALUE_UNRESOLVED
RFQ731-000906,steamApplication,,VALUE_UNRESOLVED
RFQ731-000913,steamApplication,,VALUE_UNRESOLVED
RFQ731-000917,steamApplication,,VALUE_UNRESOLVED
RFQ731-000921,steamApplication,,VALUE_UNRESOLVED
RFQ731-000923,steamApplication,,VALUE_UNRESOLVED
RFQ731-000925,steamApplication,,VALUE_UNRESOLVED
RFQ731-000926,steamApplication,,VALUE_UNRESOLVED
RFQ731-000928,steamApplication,,VALUE_UNRESOLVED
RFQ731-000942,steamApplication,,VALUE_UNRESOLVED
RFQ731-000944,steamApplication,,VALUE_UNRESOLVED
RFQ731-000947,steamApplication,,VALUE_UNRESOLVED
RFQ731-000954,steamApplication,,VALUE_UNRESOLVED
RFQ731-000960,steamApplication,,VALUE_UNRESOLVED
RFQ731-000962,steamApplication,,VALUE_UNRESOLVED
RFQ731-000965,steamApplication,,VALUE_UNRESOLVED
RFQ731-000968,steamApplication,,VALUE_UNRESOLVED
RFQ731-000971,steamApplication,,VALUE_UNRESOLVED
RFQ731-000975,steamApplication,,VALUE_UNRESOLVED
RFQ731-000980,steamApplication,,VALUE_UNRESOLVED
RFQ731-000984,steamApplication,,VALUE_UNRESOLVED
RFQ731-000986,steamApplication,,VALUE_UNRESOLVED
RFQ731-000994,steamApplication,,VALUE_UNRESOLVED
RFQ731-000997,steamApplication,,VALUE_UNRESOLVED
RFQ731-000999,steamApplication,,VALUE_UNRESOLVED
RFQ731-001000,steamApplication,,VALUE_UNRESOLVED
RFQ731-001012,steamApplication,,VALUE_UNRESOLVED
RFQ731-001016,steamApplication,,VALUE_UNRESOLVED
RFQ731-001020,steamApplication,,VALUE_UNRESOLVED
RFQ731-001022,steamApplication,,VALUE_UNRESOLVED
RFQ731-001025,steamApplication,,VALUE_UNRESOLVED
RFQ731-001030,steamApplication,,VALUE_UNRESOLVED
RFQ731-001039,steamApplication,,VALUE_UNRESOLVED
RFQ731-001040,steamApplication,,VALUE_UNRESOLVED
RFQ731-001044,steamApplication,,VALUE_UNRESOLVED
RFQ731-001047,steamApplication,,VALUE_UNRESOLVED
RFQ731-001048,steamApplication,,VALUE_UNRESOLVED
RFQ731-001053,steamApplication,,VALUE_UNRESOLVED
RFQ731-001058,steamApplication,,VALUE_UNRESOLVED
RFQ731-001064,steamApplication,,VALUE_UNRESOLVED
RFQ731-001075,steamApplication,,VALUE_UNRESOLVED
RFQ731-001085,steamApplication,,VALUE_UNRESOLVED
RFQ731-001088,steamApplication,,VALUE_UNRESOLVED
RFQ731-001094,steamApplication,,VALUE_UNRESOLVED
RFQ731-001095,steamApplication,,VALUE_UNRESOLVED
RFQ731-001098,steamApplication,,VALUE_UNRESOLVED
RFQ731-001101,steamApplication,,VALUE_UNRESOLVED
RFQ731-001105,steamApplication,,VALUE_UNRESOLVED
RFQ731-001106,steamApplication,,VALUE_UNRESOLVED
RFQ731-001108,steamApplication,,VALUE_UNRESOLVED
RFQ731-001114,steamApplication,,VALUE_UNRESOLVED
RFQ731-001120,steamApplication,,VALUE_UNRESOLVED
RFQ731-001122,steamApplication,,VALUE_UNRESOLVED
RFQ731-001123,steamApplication,,VALUE_UNRESOLVED
RFQ731-001133,steamApplication,,VALUE_UNRESOLVED
RFQ731-001134,steamApplication,,VALUE_UNRESOLVED
RFQ731-001136,steamApplication,,VALUE_UNRESOLVED
RFQ731-001139,steamApplication,,VALUE_UNRESOLVED
RFQ731-001147,steamApplication,,VALUE_UNRESOLVED
RFQ731-001166,steamApplication,,VALUE_UNRESOLVED
RFQ731-001169,steamApplication,,VALUE_UNRESOLVED
RFQ731-001172,steamApplication,,VALUE_UNRESOLVED
RFQ731-001173,steamApplication,,VALUE_UNRESOLVED
RFQ731-001176,steamApplication,,VALUE_UNRESOLVED
RFQ731-001178,steamApplication,,VALUE_UNRESOLVED
RFQ731-001183,steamApplication,,VALUE_UNRESOLVED
RFQ731-001187,steamApplication,,VALUE_UNRESOLVED
RFQ731-001192,steamApplication,,VALUE_UNRESOLVED
RFQ731-001193,steamApplication,,VALUE_UNRESOLVED
RFQ731-001196,steamApplication,,VALUE_UNRESOLVED
RFQ731-001198,steamApplication,,VALUE_UNRESOLVED
RFQ731-001199,steamApplication,,VALUE_UNRESOLVED
RFQ731-001202,steamApplication,,VALUE_UNRESOLVED
RFQ731-001214,steamApplication,,VALUE_UNRESOLVED
RFQ731-001223,steamApplication,,VALUE_UNRESOLVED
RFQ731-001224,steamApplication,,VALUE_UNRESOLVED
RFQ731-001226,steamApplication,,VALUE_UNRESOLVED
RFQ731-001227,steamApplication,,VALUE_UNRESOLVED
RFQ731-001233,steamApplication,,VALUE_UNRESOLVED
RFQ731-001241,steamApplication,,VALUE_UNRESOLVED
RFQ731-001243,steamApplication,,VALUE_UNRESOLVED
RFQ731-001249,steamApplication,,VALUE_UNRESOLVED
RFQ731-001255,steamApplication,,VALUE_UNRESOLVED
RFQ731-001256,steamApplication,,VALUE_UNRESOLVED
RFQ731-001270,steamApplication,,VALUE_UNRESOLVED
RFQ731-001275,steamApplication,,VALUE_UNRESOLVED
RFQ731-001276,steamApplication,,VALUE_UNRESOLVED
RFQ731-001279,steamApplication,,VALUE_UNRESOLVED
RFQ731-001281,steamApplication,,VALUE_UNRESOLVED
RFQ731-001282,steamApplication,,VALUE_UNRESOLVED
RFQ731-001283,steamApplication,,VALUE_UNRESOLVED
RFQ731-001289,steamApplication,,VALUE_UNRESOLVED
RFQ731-001290,steamApplication,,VALUE_UNRESOLVED
RFQ731-001292,steamApplication,,VALUE_UNRESOLVED
RFQ731-001295,steamApplication,,VALUE_UNRESOLVED
RFQ731-001296,steamApplication,,VALUE_UNRESOLVED
RFQ731-001299,steamApplication,,VALUE_UNRESOLVED
RFQ731-001305,steamApplication,,VALUE_UNRESOLVED
RFQ731-001311,steamApplication,,VALUE_UNRESOLVED
RFQ731-001315,steamApplication,,VALUE_UNRESOLVED
RFQ731-001317,steamApplication,,VALUE_UNRESOLVED
RFQ731-001319,steamApplication,,VALUE_UNRESOLVED
RFQ731-001321,steamApplication,,VALUE_UNRESOLVED
RFQ731-001322,steamApplication,,VALUE_UNRESOLVED
RFQ731-001324,steamApplication,,VALUE_UNRESOLVED
RFQ731-001326,steamApplication,,VALUE_UNRESOLVED
RFQ731-001337,steamApplication,,VALUE_UNRESOLVED
RFQ731-001339,steamApplication,,VALUE_UNRESOLVED
RFQ731-001342,steamApplication,,VALUE_UNRESOLVED
RFQ731-001346,steamApplication,,VALUE_UNRESOLVED
RFQ731-001355,steamApplication,,VALUE_UNRESOLVED
RFQ731-001362,steamApplication,,VALUE_UNRESOLVED
RFQ731-001385,steamApplication,,VALUE_UNRESOLVED
RFQ731-001389,steamApplication,,VALUE_UNRESOLVED
RFQ731-001395,steamApplication,,VALUE_UNRESOLVED
RFQ731-001399,steamApplication,,VALUE_UNRESOLVED
RFQ731-001400,steamApplication,,VALUE_UNRESOLVED
RFQ731-001404,steamApplication,,VALUE_UNRESOLVED
RFQ731-001417,steamApplication,,VALUE_UNRESOLVED
RFQ731-001421,steamApplication,,VALUE_UNRESOLVED
RFQ731-001429,steamApplication,,VALUE_UNRESOLVED
RFQ731-001435,steamApplication,,VALUE_UNRESOLVED
RFQ731-001441,steamApplication,,VALUE_UNRESOLVED
RFQ731-001455,steamApplication,,VALUE_UNRESOLVED
RFQ731-001463,steamApplication,,VALUE_UNRESOLVED
RFQ731-001464,steamApplication,,VALUE_UNRESOLVED
RFQ731-001471,steamApplication,,VALUE_UNRESOLVED
RFQ731-001472,steamApplication,,VALUE_UNRESOLVED
RFQ731-001474,steamApplication,,VALUE_UNRESOLVED
RFQ731-001479,steamApplication,,VALUE_UNRESOLVED
RFQ731-001485,steamApplication,,VALUE_UNRESOLVED
RFQ731-001497,steamApplication,,VALUE_UNRESOLVED
RFQ731-001504,steamApplication,,VALUE_UNRESOLVED
RFQ731-001505,steamApplication,,VALUE_UNRESOLVED
RFQ731-001508,steamApplication,,VALUE_UNRESOLVED
RFQ731-001511,steamApplication,,VALUE_UNRESOLVED
RFQ731-001512,steamApplication,,VALUE_UNRESOLVED
RFQ731-001515,steamApplication,,VALUE_UNRESOLVED
RFQ731-001526,steamApplication,,VALUE_UNRESOLVED
RFQ731-001529,steamApplication,,VALUE_UNRESOLVED
RFQ731-001533,steamApplication,,VALUE_UNRESOLVED
RFQ731-001538,steamApplication,,VALUE_UNRESOLVED
RFQ731-001548,steamApplication,,VALUE_UNRESOLVED
RFQ731-001550,steamApplication,,VALUE_UNRESOLVED
RFQ731-001557,steamApplication,,VALUE_UNRESOLVED
RFQ731-001558,steamApplication,,VALUE_UNRESOLVED
RFQ731-001559,steamApplication,,VALUE_UNRESOLVED
RFQ731-001561,steamApplication,,VALUE_UNRESOLVED
RFQ731-001566,steamApplication,,VALUE_UNRESOLVED
RFQ731-001571,steamApplication,,VALUE_UNRESOLVED
RFQ731-001572,steamApplication,,VALUE_UNRESOLVED
RFQ731-001573,steamApplication,,VALUE_UNRESOLVED
RFQ731-001579,steamApplication,,VALUE_UNRESOLVED
RFQ731-001583,steamApplication,,VALUE_UNRESOLVED
RFQ731-001585,steamApplication,,VALUE_UNRESOLVED
RFQ731-001588,steamApplication,,VALUE_UNRESOLVED
RFQ731-001591,steamApplication,,VALUE_UNRESOLVED
RFQ731-001592,steamApplication,,VALUE_UNRESOLVED
RFQ731-001594,steamApplication,,VALUE_UNRESOLVED
RFQ731-001600,steamApplication,,VALUE_UNRESOLVED
RFQ731-001604,steamApplication,,VALUE_UNRESOLVED
RFQ731-001606,steamApplication,,VALUE_UNRESOLVED
RFQ731-001612,steamApplication,,VALUE_UNRESOLVED
RFQ731-001619,steamApplication,,VALUE_UNRESOLVED
RFQ731-001622,steamApplication,,VALUE_UNRESOLVED
RFQ731-001626,steamApplication,,VALUE_UNRESOLVED
RFQ731-001637,steamApplication,,VALUE_UNRESOLVED
RFQ731-001638,steamApplication,,VALUE_UNRESOLVED
RFQ731-001645,steamApplication,,VALUE_UNRESOLVED
RFQ731-001646,steamApplication,,VALUE_UNRESOLVED
RFQ731-001665,steamApplication,,VALUE_UNRESOLVED
RFQ731-001668,steamApplication,,VALUE_UNRESOLVED
RFQ731-001669,steamApplication,,VALUE_UNRESOLVED
RFQ731-001672,steamApplication,,VALUE_UNRESOLVED
RFQ731-001679,steamApplication,,VALUE_UNRESOLVED
RFQ731-001680,steamApplication,,VALUE_UNRESOLVED
RFQ731-001681,steamApplication,,VALUE_UNRESOLVED
RFQ731-001686,steamApplication,,VALUE_UNRESOLVED
RFQ731-001689,steamApplication,,VALUE_UNRESOLVED
RFQ731-001690,steamApplication,,VALUE_UNRESOLVED
RFQ731-001691,steamApplication,,VALUE_UNRESOLVED
RFQ731-001700,steamApplication,,VALUE_UNRESOLVED
RFQ731-001704,steamApplication,,VALUE_UNRESOLVED
RFQ731-001708,steamApplication,,VALUE_UNRESOLVED
RFQ731-001713,steamApplication,,VALUE_UNRESOLVED
RFQ731-001718,steamApplication,,VALUE_UNRESOLVED
RFQ731-001722,steamApplication,,VALUE_UNRESOLVED
RFQ731-001725,steamApplication,,VALUE_UNRESOLVED
RFQ731-001728,steamApplication,,VALUE_UNRESOLVED
RFQ731-001732,steamApplication,,VALUE_UNRESOLVED
RFQ731-001745,steamApplication,,VALUE_UNRESOLVED
RFQ731-001757,steamApplication,,VALUE_UNRESOLVED
RFQ731-001762,steamApplication,,VALUE_UNRESOLVED
RFQ731-001773,steamApplication,,VALUE_UNRESOLVED
RFQ731-001778,steamApplication,,VALUE_UNRESOLVED
RFQ731-001780,steamApplication,,VALUE_UNRESOLVED
RFQ731-001781,steamApplication,,VALUE_UNRESOLVED
RFQ731-001787,steamApplication,,VALUE_UNRESOLVED
RFQ731-001798,steamApplication,,VALUE_UNRESOLVED
RFQ731-001802,steamApplication,,VALUE_UNRESOLVED
RFQ731-001803,steamApplication,,VALUE_UNRESOLVED
RFQ731-001805,steamApplication,,VALUE_UNRESOLVED
RFQ731-001807,steamApplication,,VALUE_UNRESOLVED
RFQ731-001809,steamApplication,,VALUE_UNRESOLVED
RFQ731-001810,steamApplication,,VALUE_UNRESOLVED
RFQ731-001811,steamApplication,,VALUE_UNRESOLVED
RFQ731-001812,steamApplication,,VALUE_UNRESOLVED
RFQ731-001826,steamApplication,,VALUE_UNRESOLVED
RFQ731-001827,steamApplication,,VALUE_UNRESOLVED
RFQ731-001849,steamApplication,,VALUE_UNRESOLVED
RFQ731-001856,steamApplication,,VALUE_UNRESOLVED
RFQ731-001860,steamApplication,,VALUE_UNRESOLVED
RFQ731-001863,steamApplication,,VALUE_UNRESOLVED
RFQ731-001866,steamApplication,,VALUE_UNRESOLVED
RFQ731-001872,steamApplication,,VALUE_UNRESOLVED
RFQ731-001876,steamApplication,,VALUE_UNRESOLVED
RFQ731-001880,steamApplication,,VALUE_UNRESOLVED
RFQ731-001881,steamApplication,,VALUE_UNRESOLVED
RFQ731-001886,steamApplication,,VALUE_UNRESOLVED
RFQ731-001887,steamApplication,,VALUE_UNRESOLVED
RFQ731-001892,steamApplication,,VALUE_UNRESOLVED
RFQ731-001899,steamApplication,,VALUE_UNRESOLVED
RFQ731-001905,steamApplication,,VALUE_UNRESOLVED
RFQ731-001906,steamApplication,,VALUE_UNRESOLVED
RFQ731-001908,steamApplication,,VALUE_UNRESOLVED
RFQ731-001913,steamApplication,,VALUE_UNRESOLVED
RFQ731-001918,steamApplication,,VALUE_UNRESOLVED
RFQ731-001919,steamApplication,,VALUE_UNRESOLVED
RFQ731-001921,steamApplication,,VALUE_UNRESOLVED
RFQ731-001924,steamApplication,,VALUE_UNRESOLVED
RFQ731-001928,steamApplication,,VALUE_UNRESOLVED
RFQ731-001931,steamApplication,,VALUE_UNRESOLVED
RFQ731-001934,steamApplication,,VALUE_UNRESOLVED
RFQ731-001943,steamApplication,,VALUE_UNRESOLVED
RFQ731-001945,steamApplication,,VALUE_UNRESOLVED
RFQ731-001949,steamApplication,,VALUE_UNRESOLVED
RFQ731-001953,steamApplication,,VALUE_UNRESOLVED
RFQ731-001975,steamApplication,,VALUE_UNRESOLVED
RFQ731-001996,steamApplication,,VALUE_UNRESOLVED
RFQ731-001998,steamApplication,,VALUE_UNRESOLVED
RFQ731-001999,steamApplication,,VALUE_UNRESOLVED
RFQ731-002010,steamApplication,,VALUE_UNRESOLVED
RFQ731-002022,steamApplication,,VALUE_UNRESOLVED
RFQ731-002041,steamApplication,,VALUE_UNRESOLVED
RFQ731-002043,steamApplication,,VALUE_UNRESOLVED
RFQ731-002046,steamApplication,,VALUE_UNRESOLVED
RFQ731-002047,steamApplication,,VALUE_UNRESOLVED
RFQ731-002050,steamApplication,,VALUE_UNRESOLVED
RFQ731-002055,steamApplication,,VALUE_UNRESOLVED
RFQ731-002060,steamApplication,,VALUE_UNRESOLVED
RFQ731-002067,steamApplication,,VALUE_UNRESOLVED
RFQ731-002070,steamApplication,,VALUE_UNRESOLVED
RFQ731-002071,steamApplication,,VALUE_UNRESOLVED
RFQ731-002073,steamApplication,,VALUE_UNRESOLVED
RFQ731-002076,steamApplication,,VALUE_UNRESOLVED
RFQ731-002085,steamApplication,,VALUE_UNRESOLVED
RFQ731-002089,steamApplication,,VALUE_UNRESOLVED
RFQ731-002090,steamApplication,,VALUE_UNRESOLVED
RFQ731-002091,steamApplication,,VALUE_UNRESOLVED
RFQ731-002093,steamApplication,,VALUE_UNRESOLVED
RFQ731-002099,steamApplication,,VALUE_UNRESOLVED
RFQ731-002106,steamApplication,,VALUE_UNRESOLVED
RFQ731-002111,steamApplication,,VALUE_UNRESOLVED
RFQ731-002114,steamApplication,,VALUE_UNRESOLVED
RFQ731-002117,steamApplication,,VALUE_UNRESOLVED
RFQ731-002123,steamApplication,,VALUE_UNRESOLVED
RFQ731-002129,steamApplication,,VALUE_UNRESOLVED
RFQ731-002133,steamApplication,,VALUE_UNRESOLVED
RFQ731-002134,steamApplication,,VALUE_UNRESOLVED
RFQ731-002137,steamApplication,,VALUE_UNRESOLVED
RFQ731-002138,steamApplication,,VALUE_UNRESOLVED
RFQ731-002147,steamApplication,,VALUE_UNRESOLVED
RFQ731-002150,steamApplication,,VALUE_UNRESOLVED
RFQ731-002151,steamApplication,,VALUE_UNRESOLVED
RFQ731-002155,steamApplication,,VALUE_UNRESOLVED
RFQ731-002161,steamApplication,,VALUE_UNRESOLVED
RFQ731-002164,steamApplication,,VALUE_UNRESOLVED
RFQ731-002165,steamApplication,,VALUE_UNRESOLVED
RFQ731-002173,steamApplication,,VALUE_UNRESOLVED
RFQ731-002174,steamApplication,,VALUE_UNRESOLVED
RFQ731-002181,steamApplication,,VALUE_UNRESOLVED
RFQ731-002184,steamApplication,,VALUE_UNRESOLVED
RFQ731-002187,steamApplication,,VALUE_UNRESOLVED
RFQ731-002188,steamApplication,,VALUE_UNRESOLVED
RFQ731-002194,steamApplication,,VALUE_UNRESOLVED
RFQ731-002197,steamApplication,,VALUE_UNRESOLVED
RFQ731-002204,steamApplication,,VALUE_UNRESOLVED
RFQ731-002205,steamApplication,,VALUE_UNRESOLVED
RFQ731-002206,steamApplication,,VALUE_UNRESOLVED
RFQ731-002215,steamApplication,,VALUE_UNRESOLVED
RFQ731-002217,steamApplication,,VALUE_UNRESOLVED
RFQ731-002226,steamApplication,,VALUE_UNRESOLVED
RFQ731-002228,steamApplication,,VALUE_UNRESOLVED
RFQ731-002237,steamApplication,,VALUE_UNRESOLVED
RFQ731-002238,steamApplication,,VALUE_UNRESOLVED
RFQ731-002241,steamApplication,,VALUE_UNRESOLVED
RFQ731-002246,steamApplication,,VALUE_UNRESOLVED
RFQ731-002247,steamApplication,,VALUE_UNRESOLVED
RFQ731-002248,steamApplication,,VALUE_UNRESOLVED
RFQ731-002253,steamApplication,,VALUE_UNRESOLVED
RFQ731-002254,steamApplication,,VALUE_UNRESOLVED
RFQ731-002255,steamApplication,,VALUE_UNRESOLVED
RFQ731-002256,steamApplication,,VALUE_UNRESOLVED
RFQ731-002258,steamApplication,,VALUE_UNRESOLVED
RFQ731-002261,steamApplication,,VALUE_UNRESOLVED
RFQ731-002262,steamApplication,,VALUE_UNRESOLVED
RFQ731-002273,steamApplication,,VALUE_UNRESOLVED
RFQ731-002275,steamApplication,,VALUE_UNRESOLVED
RFQ731-002284,steamApplication,,VALUE_UNRESOLVED
RFQ731-002290,steamApplication,,VALUE_UNRESOLVED
RFQ731-002301,steamApplication,,VALUE_UNRESOLVED
RFQ731-002302,steamApplication,,VALUE_UNRESOLVED
RFQ731-002303,steamApplication,,VALUE_UNRESOLVED
RFQ731-002305,steamApplication,,VALUE_UNRESOLVED
RFQ731-002314,steamApplication,,VALUE_UNRESOLVED
RFQ731-002316,steamApplication,,VALUE_UNRESOLVED
RFQ731-002318,steamApplication,,VALUE_UNRESOLVED
RFQ731-002320,steamApplication,,VALUE_UNRESOLVED
RFQ731-002321,steamApplication,,VALUE_UNRESOLVED
RFQ731-002322,steamApplication,,VALUE_UNRESOLVED
RFQ731-002323,steamApplication,,VALUE_UNRESOLVED
RFQ731-002324,steamApplication,,VALUE_UNRESOLVED
RFQ731-002326,steamApplication,,VALUE_UNRESOLVED
RFQ731-002329,steamApplication,,VALUE_UNRESOLVED
RFQ731-002330,steamApplication,,VALUE_UNRESOLVED
RFQ731-002333,steamApplication,,VALUE_UNRESOLVED
RFQ731-002334,steamApplication,,VALUE_UNRESOLVED
RFQ731-002335,steamApplication,,VALUE_UNRESOLVED
RFQ731-002338,steamApplication,,VALUE_UNRESOLVED
RFQ731-002339,steamApplication,,VALUE_UNRESOLVED
RFQ731-002340,steamApplication,,VALUE_UNRESOLVED
RFQ731-002341,steamApplication,,VALUE_UNRESOLVED
RFQ731-002345,steamApplication,,VALUE_UNRESOLVED
RFQ731-002346,steamApplication,,VALUE_UNRESOLVED
RFQ731-002360,steamApplication,,VALUE_UNRESOLVED
RFQ731-002362,steamApplication,,VALUE_UNRESOLVED
RFQ731-002363,steamApplication,,VALUE_UNRESOLVED
RFQ731-002364,steamApplication,,VALUE_UNRESOLVED
RFQ731-002368,steamApplication,,VALUE_UNRESOLVED
RFQ731-002379,steamApplication,,VALUE_UNRESOLVED
RFQ731-002382,steamApplication,,VALUE_UNRESOLVED
RFQ731-002388,steamApplication,,VALUE_UNRESOLVED
RFQ731-002393,steamApplication,,VALUE_UNRESOLVED
RFQ731-002400,steamApplication,,VALUE_UNRESOLVED
RFQ731-002401,steamApplication,,VALUE_UNRESOLVED
RFQ731-002402,steamApplication,,VALUE_UNRESOLVED
RFQ731-002404,steamApplication,,VALUE_UNRESOLVED
RFQ731-002413,steamApplication,,VALUE_UNRESOLVED
RFQ731-002415,steamApplication,,VALUE_UNRESOLVED
RFQ731-002421,steamApplication,,VALUE_UNRESOLVED
RFQ731-002427,steamApplication,,VALUE_UNRESOLVED
RFQ731-002436,steamApplication,,VALUE_UNRESOLVED
RFQ731-002438,steamApplication,,VALUE_UNRESOLVED
RFQ731-002442,steamApplication,,VALUE_UNRESOLVED
RFQ731-002448,steamApplication,,VALUE_UNRESOLVED
RFQ731-002449,steamApplication,,VALUE_UNRESOLVED
RFQ731-002451,steamApplication,,VALUE_UNRESOLVED
RFQ731-002456,steamApplication,,VALUE_UNRESOLVED
RFQ731-002458,steamApplication,,VALUE_UNRESOLVED
RFQ731-002459,steamApplication,,VALUE_UNRESOLVED
RFQ731-002467,steamApplication,,VALUE_UNRESOLVED
RFQ731-002470,steamApplication,,VALUE_UNRESOLVED
RFQ731-002471,steamApplication,,VALUE_UNRESOLVED
RFQ731-002472,steamApplication,,VALUE_UNRESOLVED
RFQ731-002474,steamApplication,,VALUE_UNRESOLVED
RFQ731-002478,steamApplication,,VALUE_UNRESOLVED
RFQ731-002485,steamApplication,,VALUE_UNRESOLVED
RFQ731-002486,steamApplication,,VALUE_UNRESOLVED
RFQ731-002494,steamApplication,,VALUE_UNRESOLVED
RFQ731-002499,steamApplication,,VALUE_UNRESOLVED
RFQ731-002501,steamApplication,,VALUE_UNRESOLVED
RFQ731-002502,steamApplication,,VALUE_UNRESOLVED
RFQ731-002507,steamApplication,,VALUE_UNRESOLVED
RFQ731-002510,steamApplication,,VALUE_UNRESOLVED
RFQ731-002514,steamApplication,,VALUE_UNRESOLVED
RFQ731-002522,steamApplication,,VALUE_UNRESOLVED
RFQ731-002525,steamApplication,,VALUE_UNRESOLVED
RFQ731-002526,steamApplication,,VALUE_UNRESOLVED
RFQ731-002530,steamApplication,,VALUE_UNRESOLVED
RFQ731-002538,steamApplication,,VALUE_UNRESOLVED
RFQ731-002539,steamApplication,,VALUE_UNRESOLVED
RFQ731-002544,steamApplication,,VALUE_UNRESOLVED
RFQ731-002546,steamApplication,,VALUE_UNRESOLVED
RFQ731-002548,steamApplication,,VALUE_UNRESOLVED
RFQ731-002549,steamApplication,,VALUE_UNRESOLVED
RFQ731-002550,steamApplication,,VALUE_UNRESOLVED
RFQ731-002551,steamApplication,,VALUE_UNRESOLVED
RFQ731-002553,steamApplication,,VALUE_UNRESOLVED
RFQ731-002557,steamApplication,,VALUE_UNRESOLVED
RFQ731-002559,steamApplication,,VALUE_UNRESOLVED
RFQ731-002562,steamApplication,,VALUE_UNRESOLVED
RFQ731-002563,steamApplication,,VALUE_UNRESOLVED
RFQ731-002564,steamApplication,,VALUE_UNRESOLVED
RFQ731-002570,steamApplication,,VALUE_UNRESOLVED
RFQ731-002572,steamApplication,,VALUE_UNRESOLVED
RFQ731-002576,steamApplication,,VALUE_UNRESOLVED
RFQ731-002581,steamApplication,,VALUE_UNRESOLVED
RFQ731-002586,steamApplication,,VALUE_UNRESOLVED
RFQ731-002593,steamApplication,,VALUE_UNRESOLVED
RFQ731-002595,steamApplication,,VALUE_UNRESOLVED
RFQ731-002597,steamApplication,,VALUE_UNRESOLVED
RFQ731-002598,steamApplication,,VALUE_UNRESOLVED
RFQ731-002601,steamApplication,,VALUE_UNRESOLVED
RFQ731-002605,steamApplication,,VALUE_UNRESOLVED
RFQ731-002616,steamApplication,,VALUE_UNRESOLVED
RFQ731-002620,steamApplication,,VALUE_UNRESOLVED
RFQ731-002627,steamApplication,,VALUE_UNRESOLVED
RFQ731-002629,steamApplication,,VALUE_UNRESOLVED
RFQ731-002636,steamApplication,,VALUE_UNRESOLVED
RFQ731-002637,steamApplication,,VALUE_UNRESOLVED
RFQ731-002640,steamApplication,,VALUE_UNRESOLVED
RFQ731-002642,steamApplication,,VALUE_UNRESOLVED
RFQ731-002644,steamApplication,,VALUE_UNRESOLVED
RFQ731-002646,steamApplication,,VALUE_UNRESOLVED
RFQ731-002649,steamApplication,,VALUE_UNRESOLVED
RFQ731-002653,steamApplication,,VALUE_UNRESOLVED
RFQ731-002654,steamApplication,,VALUE_UNRESOLVED
RFQ731-002657,steamApplication,,VALUE_UNRESOLVED
RFQ731-002660,steamApplication,,VALUE_UNRESOLVED
RFQ731-002669,steamApplication,,VALUE_UNRESOLVED
RFQ731-002672,steamApplication,,VALUE_UNRESOLVED
RFQ731-002674,steamApplication,,VALUE_UNRESOLVED
RFQ731-002675,steamApplication,,VALUE_UNRESOLVED
RFQ731-002684,steamApplication,,VALUE_UNRESOLVED
RFQ731-002688,steamApplication,,VALUE_UNRESOLVED
RFQ731-002694,steamApplication,,VALUE_UNRESOLVED
RFQ731-002698,steamApplication,,VALUE_UNRESOLVED
RFQ731-002701,steamApplication,,VALUE_UNRESOLVED
RFQ731-002702,steamApplication,,VALUE_UNRESOLVED
RFQ731-002703,steamApplication,,VALUE_UNRESOLVED
RFQ731-002704,steamApplication,,VALUE_UNRESOLVED
RFQ731-002707,steamApplication,,VALUE_UNRESOLVED
RFQ731-002709,steamApplication,,VALUE_UNRESOLVED
RFQ731-002713,steamApplication,,VALUE_UNRESOLVED
RFQ731-002722,steamApplication,,VALUE_UNRESOLVED
RFQ731-002723,steamApplication,,VALUE_UNRESOLVED
RFQ731-002724,steamApplication,,VALUE_UNRESOLVED
RFQ731-002729,steamApplication,,VALUE_UNRESOLVED
RFQ731-002737,steamApplication,,VALUE_UNRESOLVED
RFQ731-002740,steamApplication,,VALUE_UNRESOLVED
RFQ731-002763,steamApplication,,VALUE_UNRESOLVED
RFQ731-002765,steamApplication,,VALUE_UNRESOLVED
RFQ731-002766,steamApplication,,VALUE_UNRESOLVED
RFQ731-002772,steamApplication,,VALUE_UNRESOLVED
RFQ731-002779,steamApplication,,VALUE_UNRESOLVED
RFQ731-002782,steamApplication,,VALUE_UNRESOLVED
RFQ731-002784,steamApplication,,VALUE_UNRESOLVED
RFQ731-002787,steamApplication,,VALUE_UNRESOLVED
RFQ731-002788,steamApplication,,VALUE_UNRESOLVED
RFQ731-002792,steamApplication,,VALUE_UNRESOLVED
RFQ731-002798,steamApplication,,VALUE_UNRESOLVED
RFQ731-002800,steamApplication,,VALUE_UNRESOLVED
RFQ731-002805,steamApplication,,VALUE_UNRESOLVED
RFQ731-002806,steamApplication,,VALUE_UNRESOLVED
RFQ731-002814,steamApplication,,VALUE_UNRESOLVED
RFQ731-002819,steamApplication,,VALUE_UNRESOLVED
RFQ731-002821,steamApplication,,VALUE_UNRESOLVED
RFQ731-002828,steamApplication,,VALUE_UNRESOLVED
RFQ731-002831,steamApplication,,VALUE_UNRESOLVED
RFQ731-002832,steamApplication,,VALUE_UNRESOLVED
RFQ731-002836,steamApplication,,VALUE_UNRESOLVED
RFQ731-002839,steamApplication,,VALUE_UNRESOLVED
RFQ731-002841,steamApplication,,VALUE_UNRESOLVED
RFQ731-002848,steamApplication,,VALUE_UNRESOLVED
RFQ731-002850,steamApplication,,VALUE_UNRESOLVED
RFQ731-002858,steamApplication,,VALUE_UNRESOLVED
RFQ731-002867,steamApplication,,VALUE_UNRESOLVED
RFQ731-002872,steamApplication,,VALUE_UNRESOLVED
RFQ731-002873,steamApplication,,VALUE_UNRESOLVED
RFQ731-002879,steamApplication,,VALUE_UNRESOLVED
RFQ731-002880,steamApplication,,VALUE_UNRESOLVED
RFQ731-002894,steamApplication,,VALUE_UNRESOLVED
RFQ731-002895,steamApplication,,VALUE_UNRESOLVED
RFQ731-002897,steamApplication,,VALUE_UNRESOLVED
RFQ731-002898,steamApplication,,VALUE_UNRESOLVED
RFQ731-002899,steamApplication,,VALUE_UNRESOLVED
RFQ731-002902,steamApplication,,VALUE_UNRESOLVED
RFQ731-002907,steamApplication,,VALUE_UNRESOLVED
RFQ731-002911,steamApplication,,VALUE_UNRESOLVED
RFQ731-002913,steamApplication,,VALUE_UNRESOLVED
RFQ731-002916,steamApplication,,VALUE_UNRESOLVED
RFQ731-002918,steamApplication,,VALUE_UNRESOLVED
RFQ731-002920,steamApplication,,VALUE_UNRESOLVED
RFQ731-002923,steamApplication,,VALUE_UNRESOLVED
RFQ731-002936,steamApplication,,VALUE_UNRESOLVED
RFQ731-002943,steamApplication,,VALUE_UNRESOLVED
RFQ731-002944,steamApplication,,VALUE_UNRESOLVED
RFQ731-002947,steamApplication,,VALUE_UNRESOLVED
RFQ731-002950,steamApplication,,VALUE_UNRESOLVED
RFQ731-002958,steamApplication,,VALUE_UNRESOLVED
RFQ731-002961,steamApplication,,VALUE_UNRESOLVED
RFQ731-002962,steamApplication,,VALUE_UNRESOLVED
RFQ731-002963,steamApplication,,VALUE_UNRESOLVED
RFQ731-002978,steamApplication,,VALUE_UNRESOLVED
RFQ731-002984,steamApplication,,VALUE_UNRESOLVED
RFQ731-002985,steamApplication,,VALUE_UNRESOLVED
RFQ731-002987,steamApplication,,VALUE_UNRESOLVED
RFQ731-002989,steamApplication,,VALUE_UNRESOLVED
RFQ731-002992,steamApplication,,VALUE_UNRESOLVED
RFQ731-002995,steamApplication,,VALUE_UNRESOLVED
RFQ731-002997,steamApplication,,VALUE_UNRESOLVED
RFQ731-002999,steamApplication,,VALUE_UNRESOLVED
RFQ731-003002,steamApplication,,VALUE_UNRESOLVED
RFQ731-003003,steamApplication,,VALUE_UNRESOLVED
RFQ731-003007,steamApplication,,VALUE_UNRESOLVED
RFQ731-003011,steamApplication,,VALUE_UNRESOLVED
RFQ731-003017,steamApplication,,VALUE_UNRESOLVED
RFQ731-003018,steamApplication,,VALUE_UNRESOLVED
RFQ731-003019,steamApplication,,VALUE_UNRESOLVED
RFQ731-003030,steamApplication,,VALUE_UNRESOLVED
RFQ731-003034,steamApplication,,VALUE_UNRESOLVED
RFQ731-003037,steamApplication,,VALUE_UNRESOLVED
RFQ731-003039,steamApplication,,VALUE_UNRESOLVED
RFQ731-003045,steamApplication,,VALUE_UNRESOLVED
RFQ731-003054,steamApplication,,VALUE_UNRESOLVED
RFQ731-003055,steamApplication,,VALUE_UNRESOLVED
RFQ731-003062,steamApplication,,VALUE_UNRESOLVED
RFQ731-003067,steamApplication,,VALUE_UNRESOLVED
RFQ731-003071,steamApplication,,VALUE_UNRESOLVED
RFQ731-003074,steamApplication,,VALUE_UNRESOLVED
RFQ731-003080,steamApplication,,VALUE_UNRESOLVED
RFQ731-003088,steamApplication,,VALUE_UNRESOLVED
RFQ731-003100,steamApplication,,VALUE_UNRESOLVED
RFQ731-003101,steamApplication,,VALUE_UNRESOLVED
RFQ731-003104,steamApplication,,VALUE_UNRESOLVED
RFQ731-003108,steamApplication,,VALUE_UNRESOLVED
RFQ731-003116,steamApplication,,VALUE_UNRESOLVED
RFQ731-003124,steamApplication,,VALUE_UNRESOLVED
RFQ731-003129,steamApplication,,VALUE_UNRESOLVED
RFQ731-003135,steamApplication,,VALUE_UNRESOLVED
RFQ731-003136,steamApplication,,VALUE_UNRESOLVED
RFQ731-003137,steamApplication,,VALUE_UNRESOLVED
RFQ731-003138,steamApplication,,VALUE_UNRESOLVED
RFQ731-003147,steamApplication,,VALUE_UNRESOLVED
RFQ731-003148,steamApplication,,VALUE_UNRESOLVED
RFQ731-003149,steamApplication,,VALUE_UNRESOLVED
RFQ731-003152,steamApplication,,VALUE_UNRESOLVED
RFQ731-003159,steamApplication,,VALUE_UNRESOLVED
RFQ731-003171,steamApplication,,VALUE_UNRESOLVED
RFQ731-003180,steamApplication,,VALUE_UNRESOLVED
RFQ731-003184,steamApplication,,VALUE_UNRESOLVED
RFQ731-003197,steamApplication,,VALUE_UNRESOLVED
RFQ731-003202,steamApplication,,VALUE_UNRESOLVED
RFQ731-003203,steamApplication,,VALUE_UNRESOLVED
RFQ731-003204,steamApplication,,VALUE_UNRESOLVED
RFQ731-003205,steamApplication,,VALUE_UNRESOLVED
RFQ731-003207,steamApplication,,VALUE_UNRESOLVED
RFQ731-003209,steamApplication,,VALUE_UNRESOLVED
RFQ731-003215,steamApplication,,VALUE_UNRESOLVED
RFQ731-003222,steamApplication,,VALUE_UNRESOLVED
RFQ731-003229,steamApplication,,VALUE_UNRESOLVED
RFQ731-003231,steamApplication,,VALUE_UNRESOLVED
RFQ731-003232,steamApplication,,VALUE_UNRESOLVED
RFQ731-003233,steamApplication,,VALUE_UNRESOLVED
RFQ731-003235,steamApplication,,VALUE_UNRESOLVED
RFQ731-003241,steamApplication,,VALUE_UNRESOLVED
RFQ731-003245,steamApplication,,VALUE_UNRESOLVED
RFQ731-003246,steamApplication,,VALUE_UNRESOLVED
RFQ731-003248,steamApplication,,VALUE_UNRESOLVED
RFQ731-003250,steamApplication,,VALUE_UNRESOLVED
RFQ731-003251,steamApplication,,VALUE_UNRESOLVED
RFQ731-003265,steamApplication,,VALUE_UNRESOLVED
RFQ731-003266,steamApplication,,VALUE_UNRESOLVED
RFQ731-003271,steamApplication,,VALUE_UNRESOLVED
RFQ731-003279,steamApplication,,VALUE_UNRESOLVED
RFQ731-003282,steamApplication,,VALUE_UNRESOLVED
RFQ731-003283,steamApplication,,VALUE_UNRESOLVED
RFQ731-003284,steamApplication,,VALUE_UNRESOLVED
RFQ731-003287,steamApplication,,VALUE_UNRESOLVED
RFQ731-003290,steamApplication,,VALUE_UNRESOLVED
RFQ731-003293,steamApplication,,VALUE_UNRESOLVED
RFQ731-003300,steamApplication,,VALUE_UNRESOLVED
RFQ731-003304,steamApplication,,VALUE_UNRESOLVED
RFQ731-003307,steamApplication,,VALUE_UNRESOLVED
RFQ731-003311,steamApplication,,VALUE_UNRESOLVED
RFQ731-003314,steamApplication,,VALUE_UNRESOLVED
RFQ731-003318,steamApplication,,VALUE_UNRESOLVED
RFQ731-003321,steamApplication,,VALUE_UNRESOLVED
RFQ731-003323,steamApplication,,VALUE_UNRESOLVED
RFQ731-003327,steamApplication,,VALUE_UNRESOLVED
RFQ731-003328,steamApplication,,VALUE_UNRESOLVED
RFQ731-003333,steamApplication,,VALUE_UNRESOLVED
RFQ731-003334,steamApplication,,VALUE_UNRESOLVED
RFQ731-003339,steamApplication,,VALUE_UNRESOLVED
RFQ731-003342,steamApplication,,VALUE_UNRESOLVED
RFQ731-003354,steamApplication,,VALUE_UNRESOLVED
RFQ731-003359,steamApplication,,VALUE_UNRESOLVED
RFQ731-003360,steamApplication,,VALUE_UNRESOLVED
RFQ731-003362,steamApplication,,VALUE_UNRESOLVED
RFQ731-003364,steamApplication,,VALUE_UNRESOLVED
RFQ731-003372,steamApplication,,VALUE_UNRESOLVED
RFQ731-003373,steamApplication,,VALUE_UNRESOLVED
RFQ731-003374,steamApplication,,VALUE_UNRESOLVED
RFQ731-003384,steamApplication,,VALUE_UNRESOLVED
RFQ731-003386,steamApplication,,VALUE_UNRESOLVED
RFQ731-003390,steamApplication,,VALUE_UNRESOLVED
RFQ731-003396,steamApplication,,VALUE_UNRESOLVED
RFQ731-003398,steamApplication,,VALUE_UNRESOLVED
RFQ731-003401,steamApplication,,VALUE_UNRESOLVED
RFQ731-003413,steamApplication,,VALUE_UNRESOLVED
RFQ731-003414,steamApplication,,VALUE_UNRESOLVED
RFQ731-003415,steamApplication,,VALUE_UNRESOLVED
RFQ731-003426,steamApplication,,VALUE_UNRESOLVED
RFQ731-003431,steamApplication,,VALUE_UNRESOLVED
RFQ731-003432,steamApplication,,VALUE_UNRESOLVED
RFQ731-003445,steamApplication,,VALUE_UNRESOLVED
RFQ731-003448,steamApplication,,VALUE_UNRESOLVED
RFQ731-003451,steamApplication,,VALUE_UNRESOLVED
RFQ731-003455,steamApplication,,VALUE_UNRESOLVED
RFQ731-003456,steamApplication,,VALUE_UNRESOLVED
RFQ731-003460,steamApplication,,VALUE_UNRESOLVED
RFQ731-003461,steamApplication,,VALUE_UNRESOLVED
RFQ731-003471,steamApplication,,VALUE_UNRESOLVED
RFQ731-003474,steamApplication,,VALUE_UNRESOLVED
RFQ731-003481,steamApplication,,VALUE_UNRESOLVED
RFQ731-003483,steamApplication,,VALUE_UNRESOLVED
RFQ731-003484,steamApplication,,VALUE_UNRESOLVED
RFQ731-003485,steamApplication,,VALUE_UNRESOLVED
RFQ731-003486,steamApplication,,VALUE_UNRESOLVED
RFQ731-003488,steamApplication,,VALUE_UNRESOLVED
RFQ731-003496,steamApplication,,VALUE_UNRESOLVED
RFQ731-003497,steamApplication,,VALUE_UNRESOLVED
RFQ731-003506,steamApplication,,VALUE_UNRESOLVED
RFQ731-003507,steamApplication,,VALUE_UNRESOLVED
RFQ731-003508,steamApplication,,VALUE_UNRESOLVED
RFQ731-003509,steamApplication,,VALUE_UNRESOLVED
RFQ731-003519,steamApplication,,VALUE_UNRESOLVED
RFQ731-003521,steamApplication,,VALUE_UNRESOLVED
RFQ731-003529,steamApplication,,VALUE_UNRESOLVED
RFQ731-003540,steamApplication,,VALUE_UNRESOLVED
RFQ731-003541,steamApplication,,VALUE_UNRESOLVED
RFQ731-003542,steamApplication,,VALUE_UNRESOLVED
RFQ731-003548,steamApplication,,VALUE_UNRESOLVED
RFQ731-003550,steamApplication,,VALUE_UNRESOLVED
RFQ731-003556,steamApplication,,VALUE_UNRESOLVED
RFQ731-003558,steamApplication,,VALUE_UNRESOLVED
RFQ731-003559,steamApplication,,VALUE_UNRESOLVED
RFQ731-003570,steamApplication,,VALUE_UNRESOLVED
RFQ731-003573,steamApplication,,VALUE_UNRESOLVED
RFQ731-003581,steamApplication,,VALUE_UNRESOLVED
RFQ731-003582,steamApplication,,VALUE_UNRESOLVED
RFQ731-003584,steamApplication,,VALUE_UNRESOLVED
RFQ731-003585,steamApplication,,VALUE_UNRESOLVED
RFQ731-003587,steamApplication,,VALUE_UNRESOLVED
RFQ731-003594,steamApplication,,VALUE_UNRESOLVED
RFQ731-003601,steamApplication,,VALUE_UNRESOLVED
RFQ731-003602,steamApplication,,VALUE_UNRESOLVED
RFQ731-003604,steamApplication,,VALUE_UNRESOLVED
RFQ731-003607,steamApplication,,VALUE_UNRESOLVED
RFQ731-003614,steamApplication,,VALUE_UNRESOLVED
RFQ731-003626,steamApplication,,VALUE_UNRESOLVED
RFQ731-003628,steamApplication,,VALUE_UNRESOLVED
RFQ731-003632,steamApplication,,VALUE_UNRESOLVED
RFQ731-003634,steamApplication,,VALUE_UNRESOLVED
RFQ731-003635,steamApplication,,VALUE_UNRESOLVED
RFQ731-003637,steamApplication,,VALUE_UNRESOLVED
RFQ731-003641,steamApplication,,VALUE_UNRESOLVED
RFQ731-003643,steamApplication,,VALUE_UNRESOLVED
RFQ731-003652,steamApplication,,VALUE_UNRESOLVED
RFQ731-003658,steamApplication,,VALUE_UNRESOLVED
RFQ731-003671,steamApplication,,VALUE_UNRESOLVED
RFQ731-003678,steamApplication,,VALUE_UNRESOLVED
RFQ731-003682,steamApplication,,VALUE_UNRESOLVED
RFQ731-003684,steamApplication,,VALUE_UNRESOLVED
RFQ731-003685,steamApplication,,VALUE_UNRESOLVED
RFQ731-003686,steamApplication,,VALUE_UNRESOLVED
RFQ731-003687,steamApplication,,VALUE_UNRESOLVED
RFQ731-003689,steamApplication,,VALUE_UNRESOLVED
RFQ731-003699,steamApplication,,VALUE_UNRESOLVED
RFQ731-003718,steamApplication,,VALUE_UNRESOLVED
RFQ731-003726,steamApplication,,VALUE_UNRESOLVED
RFQ731-003728,steamApplication,,VALUE_UNRESOLVED
RFQ731-003731,steamApplication,,VALUE_UNRESOLVED
RFQ731-003733,steamApplication,,VALUE_UNRESOLVED
RFQ731-003737,steamApplication,,VALUE_UNRESOLVED
RFQ731-003740,steamApplication,,VALUE_UNRESOLVED
RFQ731-003742,steamApplication,,VALUE_UNRESOLVED
RFQ731-003747,steamApplication,,VALUE_UNRESOLVED
RFQ731-003751,steamApplication,,VALUE_UNRESOLVED
RFQ731-003757,steamApplication,,VALUE_UNRESOLVED
RFQ731-003762,steamApplication,,VALUE_UNRESOLVED
RFQ731-003765,steamApplication,,VALUE_UNRESOLVED
RFQ731-003767,steamApplication,,VALUE_UNRESOLVED
RFQ731-003770,steamApplication,,VALUE_UNRESOLVED
RFQ731-003774,steamApplication,,VALUE_UNRESOLVED
RFQ731-003778,steamApplication,,VALUE_UNRESOLVED
RFQ731-003786,steamApplication,,VALUE_UNRESOLVED
RFQ731-003787,steamApplication,,VALUE_UNRESOLVED
RFQ731-003788,steamApplication,,VALUE_UNRESOLVED
RFQ731-003797,steamApplication,,VALUE_UNRESOLVED
RFQ731-003798,steamApplication,,VALUE_UNRESOLVED
RFQ731-003800,steamApplication,,VALUE_UNRESOLVED
RFQ731-003810,steamApplication,,VALUE_UNRESOLVED
RFQ731-003812,steamApplication,,VALUE_UNRESOLVED
RFQ731-003817,steamApplication,,VALUE_UNRESOLVED
RFQ731-003819,steamApplication,,VALUE_UNRESOLVED
RFQ731-003820,steamApplication,,VALUE_UNRESOLVED
RFQ731-003823,steamApplication,,VALUE_UNRESOLVED
RFQ731-003826,steamApplication,,VALUE_UNRESOLVED
RFQ731-003827,steamApplication,,VALUE_UNRESOLVED
RFQ731-003832,steamApplication,,VALUE_UNRESOLVED
RFQ731-003834,steamApplication,,VALUE_UNRESOLVED
RFQ731-003837,steamApplication,,VALUE_UNRESOLVED
RFQ731-003838,steamApplication,,VALUE_UNRESOLVED
RFQ731-003847,steamApplication,,VALUE_UNRESOLVED
RFQ731-003853,steamApplication,,VALUE_UNRESOLVED
RFQ731-003859,steamApplication,,VALUE_UNRESOLVED
RFQ731-003871,steamApplication,,VALUE_UNRESOLVED
RFQ731-003880,steamApplication,,VALUE_UNRESOLVED
RFQ731-003881,steamApplication,,VALUE_UNRESOLVED
RFQ731-003883,steamApplication,,VALUE_UNRESOLVED
RFQ731-003884,steamApplication,,VALUE_UNRESOLVED
RFQ731-003885,steamApplication,,VALUE_UNRESOLVED
RFQ731-003889,steamApplication,,VALUE_UNRESOLVED
RFQ731-003890,steamApplication,,VALUE_UNRESOLVED
RFQ731-003895,steamApplication,,VALUE_UNRESOLVED
RFQ731-003898,steamApplication,,VALUE_UNRESOLVED
RFQ731-003910,steamApplication,,VALUE_UNRESOLVED
RFQ731-003911,steamApplication,,VALUE_UNRESOLVED
RFQ731-003912,steamApplication,,VALUE_UNRESOLVED
RFQ731-003916,steamApplication,,VALUE_UNRESOLVED
RFQ731-003919,steamApplication,,VALUE_UNRESOLVED
RFQ731-003925,steamApplication,,VALUE_UNRESOLVED
RFQ731-003939,steamApplication,,VALUE_UNRESOLVED
RFQ731-003940,steamApplication,,VALUE_UNRESOLVED
RFQ731-003941,steamApplication,,VALUE_UNRESOLVED
RFQ731-003944,steamApplication,,VALUE_UNRESOLVED
RFQ731-003949,steamApplication,,VALUE_UNRESOLVED
RFQ731-003950,steamApplication,,VALUE_UNRESOLVED
RFQ731-003951,steamApplication,,VALUE_UNRESOLVED
RFQ731-003957,steamApplication,,VALUE_UNRESOLVED
RFQ731-003962,steamApplication,,VALUE_UNRESOLVED
RFQ731-003967,steamApplication,,VALUE_UNRESOLVED
RFQ731-003970,steamApplication,,VALUE_UNRESOLVED
RFQ731-003977,steamApplication,,VALUE_UNRESOLVED
RFQ731-003981,steamApplication,,VALUE_UNRESOLVED
RFQ731-003983,steamApplication,,VALUE_UNRESOLVED
RFQ731-003985,steamApplication,,VALUE_UNRESOLVED
RFQ731-003986,steamApplication,,VALUE_UNRESOLVED
RFQ731-003989,steamApplication,,VALUE_UNRESOLVED
RFQ731-004016,steamApplication,,VALUE_UNRESOLVED
RFQ731-004018,steamApplication,,VALUE_UNRESOLVED
RFQ731-004019,steamApplication,,VALUE_UNRESOLVED
RFQ731-004026,steamApplication,,VALUE_UNRESOLVED
RFQ731-004027,steamApplication,,VALUE_UNRESOLVED
RFQ731-004029,steamApplication,,VALUE_UNRESOLVED
RFQ731-004034,steamApplication,,VALUE_UNRESOLVED
RFQ731-004037,steamApplication,,VALUE_UNRESOLVED
RFQ731-004039,steamApplication,,VALUE_UNRESOLVED
RFQ731-004045,steamApplication,,VALUE_UNRESOLVED
RFQ731-004050,steamApplication,,VALUE_UNRESOLVED
RFQ731-004051,steamApplication,,VALUE_UNRESOLVED
RFQ731-004058,steamApplication,,VALUE_UNRESOLVED
RFQ731-004061,steamApplication,,VALUE_UNRESOLVED
RFQ731-004064,steamApplication,,VALUE_UNRESOLVED
RFQ731-004065,steamApplication,,VALUE_UNRESOLVED
RFQ731-004073,steamApplication,,VALUE_UNRESOLVED
RFQ731-004074,steamApplication,,VALUE_UNRESOLVED
RFQ731-004076,steamApplication,,VALUE_UNRESOLVED
RFQ731-004080,steamApplication,,VALUE_UNRESOLVED
RFQ731-004087,steamApplication,,VALUE_UNRESOLVED
RFQ731-004088,steamApplication,,VALUE_UNRESOLVED
RFQ731-004089,steamApplication,,VALUE_UNRESOLVED
RFQ731-004097,steamApplication,,VALUE_UNRESOLVED
RFQ731-004100,steamApplication,,VALUE_UNRESOLVED
RFQ731-004103,steamApplication,,VALUE_UNRESOLVED
RFQ731-004105,steamApplication,,VALUE_UNRESOLVED
RFQ731-004112,steamApplication,,VALUE_UNRESOLVED
RFQ731-004114,steamApplication,,VALUE_UNRESOLVED
RFQ731-004125,steamApplication,,VALUE_UNRESOLVED
RFQ731-004128,steamApplication,,VALUE_UNRESOLVED
RFQ731-004130,steamApplication,,VALUE_UNRESOLVED
RFQ731-004132,steamApplication,,VALUE_UNRESOLVED
RFQ731-004135,steamApplication,,VALUE_UNRESOLVED
RFQ731-004136,steamApplication,,VALUE_UNRESOLVED
RFQ731-004142,steamApplication,,VALUE_UNRESOLVED
RFQ731-004156,steamApplication,,VALUE_UNRESOLVED
RFQ731-004158,steamApplication,,VALUE_UNRESOLVED
RFQ731-004161,steamApplication,,VALUE_UNRESOLVED
RFQ731-004163,steamApplication,,VALUE_UNRESOLVED
RFQ731-004171,steamApplication,,VALUE_UNRESOLVED
RFQ731-004175,steamApplication,,VALUE_UNRESOLVED
RFQ731-004181,steamApplication,,VALUE_UNRESOLVED
RFQ731-004185,steamApplication,,VALUE_UNRESOLVED
RFQ731-004196,steamApplication,,VALUE_UNRESOLVED
RFQ731-004199,steamApplication,,VALUE_UNRESOLVED
RFQ731-004204,steamApplication,,VALUE_UNRESOLVED
RFQ731-004205,steamApplication,,VALUE_UNRESOLVED
RFQ731-004206,steamApplication,,VALUE_UNRESOLVED
RFQ731-004212,steamApplication,,VALUE_UNRESOLVED
RFQ731-004219,steamApplication,,VALUE_UNRESOLVED
RFQ731-004221,steamApplication,,VALUE_UNRESOLVED
RFQ731-004228,steamApplication,,VALUE_UNRESOLVED
RFQ731-004229,steamApplication,,VALUE_UNRESOLVED
RFQ731-004230,steamApplication,,VALUE_UNRESOLVED
RFQ731-004231,steamApplication,,VALUE_UNRESOLVED
RFQ731-004233,steamApplication,,VALUE_UNRESOLVED
RFQ731-004234,steamApplication,,VALUE_UNRESOLVED
RFQ731-004235,steamApplication,,VALUE_UNRESOLVED
RFQ731-004237,steamApplication,,VALUE_UNRESOLVED
RFQ731-004238,steamApplication,,VALUE_UNRESOLVED
RFQ731-004242,steamApplication,,VALUE_UNRESOLVED
RFQ731-004244,steamApplication,,VALUE_UNRESOLVED
RFQ731-004255,steamApplication,,VALUE_UNRESOLVED
RFQ731-004259,steamApplication,,VALUE_UNRESOLVED
RFQ731-004262,steamApplication,,VALUE_UNRESOLVED
RFQ731-004264,steamApplication,,VALUE_UNRESOLVED
RFQ731-004265,steamApplication,,VALUE_UNRESOLVED
RFQ731-004269,steamApplication,,VALUE_UNRESOLVED
RFQ731-004270,steamApplication,,VALUE_UNRESOLVED
RFQ731-004274,steamApplication,,VALUE_UNRESOLVED
RFQ731-004276,steamApplication,,VALUE_UNRESOLVED
RFQ731-004278,steamApplication,,VALUE_UNRESOLVED
RFQ731-004281,steamApplication,,VALUE_UNRESOLVED
RFQ731-004294,steamApplication,,VALUE_UNRESOLVED
RFQ731-004304,steamApplication,,VALUE_UNRESOLVED
RFQ731-004326,steamApplication,,VALUE_UNRESOLVED
RFQ731-004335,steamApplication,,VALUE_UNRESOLVED
RFQ731-004337,steamApplication,,VALUE_UNRESOLVED
RFQ731-004340,steamApplication,,VALUE_UNRESOLVED
RFQ731-004341,steamApplication,,VALUE_UNRESOLVED
RFQ731-004343,steamApplication,,VALUE_UNRESOLVED
RFQ731-004346,steamApplication,,VALUE_UNRESOLVED
RFQ731-004357,steamApplication,,VALUE_UNRESOLVED
RFQ731-004371,steamApplication,,VALUE_UNRESOLVED
RFQ731-004376,steamApplication,,VALUE_UNRESOLVED
RFQ731-004380,steamApplication,,VALUE_UNRESOLVED
RFQ731-004385,steamApplication,,VALUE_UNRESOLVED
RFQ731-004388,steamApplication,,VALUE_UNRESOLVED
RFQ731-004389,steamApplication,,VALUE_UNRESOLVED
RFQ731-004390,steamApplication,,VALUE_UNRESOLVED
RFQ731-004393,steamApplication,,VALUE_UNRESOLVED
RFQ731-004395,steamApplication,,VALUE_UNRESOLVED
RFQ731-004405,steamApplication,,VALUE_UNRESOLVED
RFQ731-004406,steamApplication,,VALUE_UNRESOLVED
RFQ731-004407,steamApplication,,VALUE_UNRESOLVED
RFQ731-004409,steamApplication,,VALUE_UNRESOLVED
RFQ731-004410,steamApplication,,VALUE_UNRESOLVED
RFQ731-004418,steamApplication,,VALUE_UNRESOLVED
RFQ731-004424,steamApplication,,VALUE_UNRESOLVED
RFQ731-004427,steamApplication,,VALUE_UNRESOLVED
RFQ731-004430,steamApplication,,VALUE_UNRESOLVED
RFQ731-004431,steamApplication,,VALUE_UNRESOLVED
RFQ731-004435,steamApplication,,VALUE_UNRESOLVED
RFQ731-004445,steamApplication,,VALUE_UNRESOLVED
RFQ731-004446,steamApplication,,VALUE_UNRESOLVED
RFQ731-004453,steamApplication,,VALUE_UNRESOLVED
RFQ731-004459,steamApplication,,VALUE_UNRESOLVED
RFQ731-004464,steamApplication,,VALUE_UNRESOLVED
RFQ731-004468,steamApplication,,VALUE_UNRESOLVED
RFQ731-004473,steamApplication,,VALUE_UNRESOLVED
RFQ731-004475,steamApplication,,VALUE_UNRESOLVED
RFQ731-004479,steamApplication,,VALUE_UNRESOLVED
RFQ731-004483,steamApplication,,VALUE_UNRESOLVED
RFQ731-004490,steamApplication,,VALUE_UNRESOLVED
RFQ731-004494,steamApplication,,VALUE_UNRESOLVED
RFQ731-004499,steamApplication,,VALUE_UNRESOLVED
RFQ731-004510,steamApplication,,VALUE_UNRESOLVED
RFQ731-004517,steamApplication,,VALUE_UNRESOLVED
RFQ731-004520,steamApplication,,VALUE_UNRESOLVED
RFQ731-004533,steamApplication,,VALUE_UNRESOLVED
RFQ731-004538,steamApplication,,VALUE_UNRESOLVED
RFQ731-004545,steamApplication,,VALUE_UNRESOLVED
RFQ731-004553,steamApplication,,VALUE_UNRESOLVED
RFQ731-004555,steamApplication,,VALUE_UNRESOLVED
RFQ731-004562,steamApplication,,VALUE_UNRESOLVED
RFQ731-004566,steamApplication,,VALUE_UNRESOLVED
RFQ731-004567,steamApplication,,VALUE_UNRESOLVED
RFQ731-004574,steamApplication,,VALUE_UNRESOLVED
RFQ731-004582,steamApplication,,VALUE_UNRESOLVED
RFQ731-004589,steamApplication,,VALUE_UNRESOLVED
RFQ731-004600,steamApplication,,VALUE_UNRESOLVED
RFQ731-004607,steamApplication,,VALUE_UNRESOLVED
RFQ731-004610,steamApplication,,VALUE_UNRESOLVED
RFQ731-004616,steamApplication,,VALUE_UNRESOLVED
RFQ731-004619,steamApplication,,VALUE_UNRESOLVED
RFQ731-004626,steamApplication,,VALUE_UNRESOLVED
RFQ731-004629,steamApplication,,VALUE_UNRESOLVED
RFQ731-004634,steamApplication,,VALUE_UNRESOLVED
RFQ731-004643,steamApplication,,VALUE_UNRESOLVED
RFQ731-004646,steamApplication,,VALUE_UNRESOLVED
RFQ731-004648,steamApplication,,VALUE_UNRESOLVED
RFQ731-004652,steamApplication,,VALUE_UNRESOLVED
RFQ731-004653,steamApplication,,VALUE_UNRESOLVED
RFQ731-004654,steamApplication,,VALUE_UNRESOLVED
RFQ731-004655,steamApplication,,VALUE_UNRESOLVED
RFQ731-004656,steamApplication,,VALUE_UNRESOLVED
RFQ731-004666,steamApplication,,VALUE_UNRESOLVED
RFQ731-004671,steamApplication,,VALUE_UNRESOLVED
RFQ731-004674,steamApplication,,VALUE_UNRESOLVED
RFQ731-004676,steamApplication,,VALUE_UNRESOLVED
RFQ731-004677,steamApplication,,VALUE_UNRESOLVED
RFQ731-004678,steamApplication,,VALUE_UNRESOLVED
RFQ731-004682,steamApplication,,VALUE_UNRESOLVED
RFQ731-004698,steamApplication,,VALUE_UNRESOLVED
RFQ731-004699,steamApplication,,VALUE_UNRESOLVED
RFQ731-004702,steamApplication,,VALUE_UNRESOLVED
RFQ731-004703,steamApplication,,VALUE_UNRESOLVED
RFQ731-004715,steamApplication,,VALUE_UNRESOLVED
RFQ731-004720,steamApplication,,VALUE_UNRESOLVED
RFQ731-004722,steamApplication,,VALUE_UNRESOLVED
RFQ731-004723,steamApplication,,VALUE_UNRESOLVED
RFQ731-004724,steamApplication,,VALUE_UNRESOLVED
RFQ731-004726,steamApplication,,VALUE_UNRESOLVED
RFQ731-004727,steamApplication,,VALUE_UNRESOLVED
RFQ731-004731,steamApplication,,VALUE_UNRESOLVED
RFQ731-004733,steamApplication,,VALUE_UNRESOLVED
RFQ731-004734,steamApplication,,VALUE_UNRESOLVED
RFQ731-004735,steamApplication,,VALUE_UNRESOLVED
RFQ731-004736,steamApplication,,VALUE_UNRESOLVED
RFQ731-004738,steamApplication,,VALUE_UNRESOLVED
RFQ731-004745,steamApplication,,VALUE_UNRESOLVED
RFQ731-004748,steamApplication,,VALUE_UNRESOLVED
RFQ731-004750,steamApplication,,VALUE_UNRESOLVED
RFQ731-004752,steamApplication,,VALUE_UNRESOLVED
RFQ731-004761,steamApplication,,VALUE_UNRESOLVED
RFQ731-004762,steamApplication,,VALUE_UNRESOLVED
RFQ731-004763,steamApplication,,VALUE_UNRESOLVED
RFQ731-004772,steamApplication,,VALUE_UNRESOLVED
RFQ731-004778,steamApplication,,VALUE_UNRESOLVED
RFQ731-004782,steamApplication,,VALUE_UNRESOLVED
RFQ731-004784,steamApplication,,VALUE_UNRESOLVED
RFQ731-004790,steamApplication,,VALUE_UNRESOLVED
RFQ731-004791,steamApplication,,VALUE_UNRESOLVED
RFQ731-004792,steamApplication,,VALUE_UNRESOLVED
RFQ731-004801,steamApplication,,VALUE_UNRESOLVED
RFQ731-004805,steamApplication,,VALUE_UNRESOLVED
RFQ731-004811,steamApplication,,VALUE_UNRESOLVED
RFQ731-004816,steamApplication,,VALUE_UNRESOLVED
RFQ731-004824,steamApplication,,VALUE_UNRESOLVED
RFQ731-004841,steamApplication,,VALUE_UNRESOLVED
RFQ731-004844,steamApplication,,VALUE_UNRESOLVED
RFQ731-004845,steamApplication,,VALUE_UNRESOLVED
RFQ731-004849,steamApplication,,VALUE_UNRESOLVED
RFQ731-004854,steamApplication,,VALUE_UNRESOLVED
RFQ731-004859,steamApplication,,VALUE_UNRESOLVED
RFQ731-004863,steamApplication,,VALUE_UNRESOLVED
RFQ731-004867,steamApplication,,VALUE_UNRESOLVED
RFQ731-004875,steamApplication,,VALUE_UNRESOLVED
RFQ731-004878,steamApplication,,VALUE_UNRESOLVED
RFQ731-004881,steamApplication,,VALUE_UNRESOLVED
RFQ731-004890,steamApplication,,VALUE_UNRESOLVED
RFQ731-004895,steamApplication,,VALUE_UNRESOLVED
RFQ731-004898,steamApplication,,VALUE_UNRESOLVED
RFQ731-004901,steamApplication,,VALUE_UNRESOLVED
RFQ731-004906,steamApplication,,VALUE_UNRESOLVED
RFQ731-004907,steamApplication,,VALUE_UNRESOLVED
RFQ731-004915,steamApplication,,VALUE_UNRESOLVED
RFQ731-004917,steamApplication,,VALUE_UNRESOLVED
RFQ731-004918,steamApplication,,VALUE_UNRESOLVED
RFQ731-004921,steamApplication,,VALUE_UNRESOLVED
RFQ731-004924,steamApplication,,VALUE_UNRESOLVED
RFQ731-004925,steamApplication,,VALUE_UNRESOLVED
RFQ731-004928,steamApplication,,VALUE_UNRESOLVED
RFQ731-004936,steamApplication,,VALUE_UNRESOLVED
RFQ731-004940,steamApplication,,VALUE_UNRESOLVED
RFQ731-004947,steamApplication,,VALUE_UNRESOLVED
RFQ731-004948,steamApplication,,VALUE_UNRESOLVED
RFQ731-004960,steamApplication,,VALUE_UNRESOLVED
RFQ731-004973,steamApplication,,VALUE_UNRESOLVED
RFQ731-004975,steamApplication,,VALUE_UNRESOLVED
RFQ731-004980,steamApplication,,VALUE_UNRESOLVED
RFQ731-004989,steamApplication,,VALUE_UNRESOLVED
RFQ731-004997,steamApplication,,VALUE_UNRESOLVED
