canonical_configuration_id,package_context,source_canonical_configuration_id,source_row,generation_method,num_changed_characteristics,changed_characteristics,nearest_real_distance,constraint_valid,devCategory,characteristic,housing,powerSupply,numberOfChannels,explosionApproval,protectionArea,certification,dataInterface,stromSchaltbar,stromEingaenge,temperaturEingaenge,binaerDigitalOpenColl_MN,binaerOpenColl_MP,waveInjector,dev_advMeterVerification,dynamicGasMaster,customUserFluid,steamApplication
CFG731_da118a49aa95b465,x731,CFG731_337790e6bbcf15f4,0,ONE_CHARACTERISTIC,1,devCategory,1,True,G,GP,ST,1,1,N,N,NN,NN,CS1,NOVALUE,TT1,NOVALUE,MP1,FWI,1,NOVALUE,1,NOVALUE
CFG731_7c358bf1aa4ea94e,x731,CFG731_337790e6bbcf15f4,0,ONE_CHARACTERISTIC,1,powerSupply,1,True,F,GP,ST,4,1,N,N,NN,NN,CS1,NOVALUE,TT1,NOVALUE,MP1,FWI,1,NOVALUE,1,NOVALUE
CFG731_57b3b3a6958ee330,x731,CFG731_337790e6bbcf15f4,0,ONE_CHARACTERISTIC,1,stromSchaltbar,1,True,F,GP,ST,1,1,N,N,NN,NN,NOVALUE,NOVALUE,TT1,NOVALUE,MP1,FWI,1,NOVALUE,1,NOVALUE
CFG731_48cf6bd4ca59e583,x731,CFG731_337790e6bbcf15f4,0,ONE_CHARACTERISTIC,1,binaerOpenColl_MP,1,True,F,GP,ST,1,1,N,N,NN,NN,CS1,NOVALUE,TT1,NOVALUE,NOVALUE,FWI,1,NOVALUE,1,NOVALUE
CFG731_631dadb7c0c7adf5,x731,CFG731_337790e6bbcf15f4,0,ONE_CHARACTERISTIC,1,dev_advMeterVerification,1,True,F,GP,ST,1,1,N,N,NN,NN,CS1,NOVALUE,TT1,NOVALUE,MP1,FWI,NOVALUE,NOVALUE,1,NOVALUE
CFG731_de32c30417f0baf1,x731,CFG731_337790e6bbcf15f4,0,ONE_CHARACTERISTIC,1,customUserFluid,1,True,F,GP,ST,1,1,N,N,NN,NN,CS1,NOVALUE,TT1,NOVALUE,MP1,FWI,1,NOVALUE,NOVALUE,NOVALUE
CFG731_9e1cb28372f6bf0e,x731,CFG731_337790e6bbcf15f4,0,DEPENDENCY_TWO_CHARACTERISTIC,2,stromEingaenge|temperaturEingaenge,1,True,F,GP,ST,1,1,N,N,NN,NN,CS1,IS1,NOVALUE,NOVALUE,MP1,FWI,1,NOVALUE,1,NOVALUE
CFG731_9fcbeaf9d5010d3a,x731,CFG731_337790e6bbcf15f4,0,DEPENDENCY_TWO_CHARACTERISTIC,2,stromSchaltbar|stromEingaenge,1,True,F,GP,ST,1,1,N,N,NN,NN,NOVALUE,IS1,TT1,NOVALUE,MP1,FWI,1,NOVALUE,1,NOVALUE
CFG731_6be2d8f04f4b5682,x731,CFG731_337790e6bbcf15f4,0,DEPENDENCY_TWO_CHARACTERISTIC,2,stromSchaltbar|temperaturEingaenge,1,True,F,GP,ST,1,1,N,N,NN,NN,NOVALUE,NOVALUE,NOVALUE,NOVALUE,MP1,FWI,1,NOVALUE,1,NOVALUE
CFG731_394467ef6f1efe82,x731,CFG731_337790e6bbcf15f4,0,TWO_CHARACTERISTIC,2,devCategory|powerSupply,2,True,G,GP,ST,4,1,N,N,NN,NN,CS1,NOVALUE,TT1,NOVALUE,MP1,FWI,1,NOVALUE,1,NOVALUE
CFG731_19baaeb9cede6226,x731,CFG731_337790e6bbcf15f4,0,TWO_CHARACTERISTIC,2,devCategory|dataInterface,1,True,G,GP,ST,1,1,N,N,NN,HS,CS1,NOVALUE,TT1,NOVALUE,MP1,FWI,1,NOVALUE,1,NOVALUE
CFG731_86b45f3244313c4c,x731,CFG731_337790e6bbcf15f4,0,TWO_CHARACTERISTIC,2,devCategory|stromSchaltbar,2,True,G,GP,ST,1,1,N,N,NN,NN,NOVALUE,NOVALUE,TT1,NOVALUE,MP1,FWI,1,NOVALUE,1,NOVALUE
CFG731_a9a1b4f80067a4f8,x731,CFG731_337790e6bbcf15f4,0,TWO_CHARACTERISTIC,2,devCategory|stromEingaenge,1,True,G,GP,ST,1,1,N,N,NN,NN,CS1,IS1,TT1,NOVALUE,MP1,FWI,1,NOVALUE,1,NOVALUE
CFG731_db8bcd9b778dd779,x731,CFG731_337790e6bbcf15f4,0,TWO_CHARACTERISTIC,2,devCategory|temperaturEingaenge,1,True,G,GP,ST,1,1,N,N,NN,NN,CS1,NOVALUE,NOVALUE,NOVALUE,MP1,FWI,1,NOVALUE,1,NOVALUE
CFG731_3b0b258f343eeb50,x731,CFG731_337790e6bbcf15f4,0,TWO_CHARACTERISTIC,2,devCategory|binaerOpenColl_MP,2,True,G,GP,ST,1,1,N,N,NN,NN,CS1,NOVALUE,TT1,NOVALUE,NOVALUE,FWI,1,NOVALUE,1,NOVALUE
CFG731_b12f8236a3451de0,x731,CFG731_337790e6bbcf15f4,0,TWO_CHARACTERISTIC,2,devCategory|dev_advMeterVerification,2,True,G,GP,ST,1,1,N,N,NN,NN,CS1,NOVALUE,TT1,NOVALUE,MP1,FWI,NOVALUE,NOVALUE,1,NOVALUE
CFG731_eda792960a2be318,x731,CFG731_337790e6bbcf15f4,0,TWO_CHARACTERISTIC,2,devCategory|customUserFluid,2,True,G,GP,ST,1,1,N,N,NN,NN,CS1,NOVALUE,TT1,NOVALUE,MP1,FWI,1,NOVALUE,NOVALUE,NOVALUE
CFG731_bd2172ffd6b9273a,x731,CFG731_337790e6bbcf15f4,0,TWO_CHARACTERISTIC,2,powerSupply|dataInterface,1,True,F,GP,ST,4,1,N,N,NN,HS,CS1,NOVALUE,TT1,NOVALUE,MP1,FWI,1,NOVALUE,1,NOVALUE
CFG731_a637e0279eb4057c,x731,CFG731_337790e6bbcf15f4,0,TWO_CHARACTERISTIC,2,powerSupply|stromSchaltbar,2,True,F,GP,ST,4,1,N,N,NN,NN,NOVALUE,NOVALUE,TT1,NOVALUE,MP1,FWI,1,NOVALUE,1,NOVALUE
CFG731_b3e3a6b67244fee2,x731,CFG731_337790e6bbcf15f4,0,TWO_CHARACTERISTIC,2,powerSupply|stromEingaenge,1,True,F,GP,ST,4,1,N,N,NN,NN,CS1,IS1,TT1,NOVALUE,MP1,FWI,1,NOVALUE,1,NOVALUE
CFG731_d23aaf66e54f2879,x731,CFG731_337790e6bbcf15f4,0,TWO_CHARACTERISTIC,2,powerSupply|temperaturEingaenge,1,True,F,GP,ST,4,1,N,N,NN,NN,CS1,NOVALUE,NOVALUE,NOVALUE,MP1,FWI,1,NOVALUE,1,NOVALUE
CFG731_31a18db04baa6fd4,x731,CFG731_337790e6bbcf15f4,0,TWO_CHARACTERISTIC,2,powerSupply|binaerOpenColl_MP,2,True,F,GP,ST,4,1,N,N,NN,NN,CS1,NOVALUE,TT1,NOVALUE,NOVALUE,FWI,1,NOVALUE,1,NOVALUE
CFG731_7a6e9e503add9a86,x731,CFG731_337790e6bbcf15f4,0,TWO_CHARACTERISTIC,2,powerSupply|dev_advMeterVerification,2,True,F,GP,ST,4,1,N,N,NN,NN,CS1,NOVALUE,TT1,NOVALUE,MP1,FWI,NOVALUE,NOVALUE,1,NOVALUE
CFG731_3823a7587dcc8acd,x731,CFG731_337790e6bbcf15f4,0,TWO_CHARACTERISTIC,2,powerSupply|customUserFluid,2,True,F,GP,ST,4,1,N,N,NN,NN,CS1,NOVALUE,TT1,NOVALUE,MP1,FWI,1,NOVALUE,NOVALUE,NOVALUE
CFG731_e201a8a6e4588b00,x731,CFG731_337790e6bbcf15f4,0,TWO_CHARACTERISTIC,2,dataInterface|stromSchaltbar,1,True,F,GP,ST,1,1,N,N,NN,HS,NOVALUE,NOVALUE,TT1,NOVALUE,MP1,FWI,1,NOVALUE,1,NOVALUE
CFG731_c8b190cd8da9a6dd,x731,CFG731_337790e6bbcf15f4,0,TWO_CHARACTERISTIC,2,dataInterface|temperaturEingaenge,1,True,F,GP,ST,1,1,N,N,NN,HS,CS1,NOVALUE,NOVALUE,NOVALUE,MP1,FWI,1,NOVALUE,1,NOVALUE
CFG731_39083521b1413e72,x731,CFG731_337790e6bbcf15f4,0,TWO_CHARACTERISTIC,2,dataInterface|binaerOpenColl_MP,1,True,F,GP,ST,1,1,N,N,NN,HS,CS1,NOVALUE,TT1,NOVALUE,NOVALUE,FWI,1,NOVALUE,1,NOVALUE
CFG731_119a20b427126927,x731,CFG731_337790e6bbcf15f4,0,TWO_CHARACTERISTIC,2,dataInterface|dev_advMeterVerification,1,True,F,GP,ST,1,1,N,N,NN,HS,CS1,NOVALUE,TT1,NOVALUE,MP1,FWI,NOVALUE,NOVALUE,1,NOVALUE
CFG731_226e375c4e7aa2a0,x731,CFG731_337790e6bbcf15f4,0,TWO_CHARACTERISTIC,2,dataInterface|customUserFluid,1,True,F,GP,ST,1,1,N,N,NN,HS,CS1,NOVALUE,TT1,NOVALUE,MP1,FWI,1,NOVALUE,NOVALUE,NOVALUE
CFG731_e15eff3ae96d540d,x731,CFG731_337790e6bbcf15f4,0,TWO_CHARACTERISTIC,2,stromSchaltbar|binaerOpenColl_MP,2,True,F,GP,ST,1,1,N,N,NN,NN,NOVALUE,NOVALUE,TT1,NOVALUE,NOVALUE,FWI,1,NOVALUE,1,NOVALUE
CFG731_a7bfb569663dddda,x731,CFG731_337790e6bbcf15f4,0,TWO_CHARACTERISTIC,2,stromSchaltbar|dev_advMeterVerification,2,True,F,GP,ST,1,1,N,N,NN,NN,NOVALUE,NOVALUE,TT1,NOVALUE,MP1,FWI,NOVALUE,NOVALUE,1,NOVALUE
CFG731_f2b6724ca609efbb,x731,CFG731_337790e6bbcf15f4,0,TWO_CHARACTERISTIC,2,stromSchaltbar|customUserFluid,2,True,F,GP,ST,1,1,N,N,NN,NN,NOVALUE,NOVALUE,TT1,NOVALUE,MP1,FWI,1,NOVALUE,NOVALUE,NOVALUE
CFG731_d678e0b075667fe6,x731,CFG731_337790e6bbcf15f4,0,TWO_CHARACTERISTIC,2,stromEingaenge|binaerOpenColl_MP,1,True,F,GP,ST,1,1,N,N,NN,NN,CS1,IS1,TT1,NOVALUE,NOVALUE,FWI,1,NOVALUE,1,NOVALUE
CFG731_2322a268d0a898f9,x731,CFG731_337790e6bbcf15f4,0,TWO_CHARACTERISTIC,2,stromEingaenge|dev_advMeterVerification,1,True,F,GP,ST,1,1,N,N,NN,NN,CS1,IS1,TT1,NOVALUE,MP1,FWI,NOVALUE,NOVALUE,1,NOVALUE
CFG731_34e092c266a308aa,x731,CFG731_337790e6bbcf15f4,0,TWO_CHARACTERISTIC,2,stromEingaenge|customUserFluid,1,True,F,GP,ST,1,1,N,N,NN,NN,CS1,IS1,TT1,NOVALUE,MP1,FWI,1,NOVALUE,NOVALUE,NOVALUE
CFG731_edab6a88a6aa05f2,x731,CFG731_337790e6bbcf15f4,0,TWO_CHARACTERISTIC,2,temperaturEingaenge|binaerOpenColl_MP,1,True,F,GP,ST,1,1,N,N,NN,NN,CS1,NOVALUE,NOVALUE,NOVALUE,NOVALUE,FWI,1,NOVALUE,1,NOVALUE
CFG731_ff097f9103f53b5a,x731,CFG731_337790e6bbcf15f4,0,TWO_CHARACTERISTIC,2,temperaturEingaenge|dev_advMeterVerification,1,True,F,GP,ST,1,1,N,N,NN,NN,CS1,NOVALUE,NOVALUE,NOVALUE,MP1,FWI,NOVALUE,NOVALUE,1,NOVALUE
CFG731_e1d2e81ba7d62466,x731,CFG731_337790e6bbcf15f4,0,TWO_CHARACTERISTIC,2,temperaturEingaenge|customUserFluid,1,True,F,GP,ST,1,1,N,N,NN,NN,CS1,NOVALUE,NOVALUE,NOVALUE,MP1,FWI,1,NOVALUE,NOVALUE,NOVALUE
CFG731_522530e274838a31,x731,CFG731_337790e6bbcf15f4,0,TWO_CHARACTERISTIC,2,binaerOpenColl_MP|dev_advMeterVerification,2,True,F,GP,ST,1,1,N,N,NN,NN,CS1,NOVALUE,TT1,NOVALUE,NOVALUE,FWI,NOVALUE,NOVALUE,1,NOVALUE
CFG731_3ada8d565667279d,x731,CFG731_337790e6bbcf15f4,0,TWO_CHARACTERISTIC,2,binaerOpenColl_MP|customUserFluid,2,True,F,GP,ST,1,1,N,N,NN,NN,CS1,NOVALUE,TT1,NOVALUE,NOVALUE,FWI,1,NOVALUE,NOVALUE,NOVALUE
CFG731_7b9680fed3d10056,x731,CFG731_337790e6bbcf15f4,0,TWO_CHARACTERISTIC,2,dev_advMeterVerification|customUserFluid,2,True,F,GP,ST,1,1,N,N,NN,NN,CS1,NOVALUE,TT1,NOVALUE,MP1,FWI,NOVALUE,NOVALUE,NOVALUE,NOVALUE
CFG731_038a2660d5cee54f,x731,CFG731_62d0f0f6bab9bdcb,2,TWO_CHARACTERISTIC,2,devCategory|powerSupply,2,True,G,GP,ST,4,1,N,N,NN,NN,CS1,IS1,TT1,NOVALUE,MP1,FWI,1,NOVALUE,1,NOVALUE
CFG731_031651b598bdbd79,x731,CFG731_62d0f0f6bab9bdcb,2,TWO_CHARACTERISTIC,2,devCategory|dataInterface,1,True,G,GP,ST,1,1,N,N,NN,HS,CS1,IS1,TT1,NOVALUE,MP1,FWI,1,NOVALUE,1,NOVALUE
CFG731_9d34457cb8c133dc,x731,CFG731_62d0f0f6bab9bdcb,2,TWO_CHARACTERISTIC,2,devCategory|stromSchaltbar,2,True,G,GP,ST,1,1,N,N,NN,NN,NOVALUE,IS1,TT1,NOVALUE,MP1,FWI,1,NOVALUE,1,NOVALUE
CFG731_c525a37447671864,x731,CFG731_62d0f0f6bab9bdcb,2,TWO_CHARACTERISTIC,2,devCategory|temperaturEingaenge,2,True,G,GP,ST,1,1,N,N,NN,NN,CS1,IS1,NOVALUE,NOVALUE,MP1,FWI,1,NOVALUE,1,NOVALUE
CFG731_b8070c62182175c5,x731,CFG731_62d0f0f6bab9bdcb,2,TWO_CHARACTERISTIC,2,devCategory|binaerOpenColl_MP,2,True,G,GP,ST,1,1,N,N,NN,NN,CS1,IS1,TT1,NOVALUE,NOVALUE,FWI,1,NOVALUE,1,NOVALUE
CFG731_747411fe70ba8e8d,x731,CFG731_62d0f0f6bab9bdcb,2,TWO_CHARACTERISTIC,2,devCategory|dev_advMeterVerification,2,True,G,GP,ST,1,1,N,N,NN,NN,CS1,IS1,TT1,NOVALUE,MP1,FWI,NOVALUE,NOVALUE,1,NOVALUE
CFG731_644719cdcafff305,x731,CFG731_62d0f0f6bab9bdcb,2,TWO_CHARACTERISTIC,2,devCategory|customUserFluid,2,True,G,GP,ST,1,1,N,N,NN,NN,CS1,IS1,TT1,NOVALUE,MP1,FWI,1,NOVALUE,NOVALUE,NOVALUE
CFG731_0836695982aaa38c,x731,CFG731_62d0f0f6bab9bdcb,2,TWO_CHARACTERISTIC,2,powerSupply|dataInterface,1,True,F,GP,ST,4,1,N,N,NN,HS,CS1,IS1,TT1,NOVALUE,MP1,FWI,1,NOVALUE,1,NOVALUE
CFG731_79f99d32e0a6d17f,x731,CFG731_62d0f0f6bab9bdcb,2,TWO_CHARACTERISTIC,2,powerSupply|stromSchaltbar,2,True,F,GP,ST,4,1,N,N,NN,NN,NOVALUE,IS1,TT1,NOVALUE,MP1,FWI,1,NOVALUE,1,NOVALUE
CFG731_5b3a933dc5921b13,x731,CFG731_62d0f0f6bab9bdcb,2,TWO_CHARACTERISTIC,2,powerSupply|temperaturEingaenge,2,True,F,GP,ST,4,1,N,N,NN,NN,CS1,IS1,NOVALUE,NOVALUE,MP1,FWI,1,NOVALUE,1,NOVALUE
CFG731_60943f1ab66aced1,x731,CFG731_62d0f0f6bab9bdcb,2,TWO_CHARACTERISTIC,2,powerSupply|binaerOpenColl_MP,2,True,F,GP,ST,4,1,N,N,NN,NN,CS1,IS1,TT1,NOVALUE,NOVALUE,FWI,1,NOVALUE,1,NOVALUE
CFG731_e6c73c4b934d6ecc,x731,CFG731_62d0f0f6bab9bdcb,2,TWO_CHARACTERISTIC,2,powerSupply|dev_advMeterVerification,2,True,F,GP,ST,4,1,N,N,NN,NN,CS1,IS1,TT1,NOVALUE,MP1,FWI,NOVALUE,NOVALUE,1,NOVALUE
CFG731_228013cfd0470f7a,x731,CFG731_62d0f0f6bab9bdcb,2,TWO_CHARACTERISTIC,2,powerSupply|customUserFluid,2,True,F,GP,ST,4,1,N,N,NN,NN,CS1,IS1,TT1,NOVALUE,MP1,FWI,1,NOVALUE,NOVALUE,NOVALUE
CFG731_3ae84ec7fd839281,x731,CFG731_62d0f0f6bab9bdcb,2,TWO_CHARACTERISTIC,2,dataInterface|temperaturEingaenge,1,True,F,GP,ST,1,1,N,N,NN,HS,CS1,IS1,NOVALUE,NOVALUE,MP1,FWI,1,NOVALUE,1,NOVALUE
CFG731_b628b65d59261136,x731,CFG731_62d0f0f6bab9bdcb,2,TWO_CHARACTERISTIC,2,dataInterface|binaerOpenColl_MP,1,True,F,GP,ST,1,1,N,N,NN,HS,CS1,IS1,TT1,NOVALUE,NOVALUE,FWI,1,NOVALUE,1,NOVALUE
CFG731_7df8eeec8bf7a18c,x731,CFG731_62d0f0f6bab9bdcb,2,TWO_CHARACTERISTIC,2,dataInterface|dev_advMeterVerification,1,True,F,GP,ST,1,1,N,N,NN,HS,CS1,IS1,TT1,NOVALUE,MP1,FWI,NOVALUE,NOVALUE,1,NOVALUE
CFG731_9d5f3b4b7b2dfa7b,x731,CFG731_62d0f0f6bab9bdcb,2,TWO_CHARACTERISTIC,2,dataInterface|customUserFluid,1,True,F,GP,ST,1,1,N,N,NN,HS,CS1,IS1,TT1,NOVALUE,MP1,FWI,1,NOVALUE,NOVALUE,NOVALUE
CFG731_21fc5cd75945ca37,x731,CFG731_62d0f0f6bab9bdcb,2,TWO_CHARACTERISTIC,2,stromSchaltbar|binaerOpenColl_MP,2,True,F,GP,ST,1,1,N,N,NN,NN,NOVALUE,IS1,TT1,NOVALUE,NOVALUE,FWI,1,NOVALUE,1,NOVALUE
CFG731_4c78b52d0d6ffd12,x731,CFG731_62d0f0f6bab9bdcb,2,TWO_CHARACTERISTIC,2,stromSchaltbar|dev_advMeterVerification,2,True,F,GP,ST,1,1,N,N,NN,NN,NOVALUE,IS1,TT1,NOVALUE,MP1,FWI,NOVALUE,NOVALUE,1,NOVALUE
CFG731_4a74cf409767dc05,x731,CFG731_62d0f0f6bab9bdcb,2,TWO_CHARACTERISTIC,2,stromSchaltbar|customUserFluid,2,True,F,GP,ST,1,1,N,N,NN,NN,NOVALUE,IS1,TT1,NOVALUE,MP1,FWI,1,NOVALUE,NOVALUE,NOVALUE
CFG731_a21a59f437ae7e67,x731,CFG731_62d0f0f6bab9bdcb,2,TWO_CHARACTERISTIC,2,temperaturEingaenge|binaerOpenColl_MP,2,True,F,GP,ST,1,1,N,N,NN,NN,CS1,IS1,NOVALUE,NOVALUE,NOVALUE,FWI,1,NOVALUE,1,NOVALUE
CFG731_7dc7e05dc3a86833,x731,CFG731_62d0f0f6bab9bdcb,2,TWO_CHARACTERISTIC,2,temperaturEingaenge|dev_advMeterVerification,2,True,F,GP,ST,1,1,N,N,NN,NN,CS1,IS1,NOVALUE,NOVALUE,MP1,FWI,NOVALUE,NOVALUE,1,NOVALUE
CFG731_5d06feec2cf158a4,x731,CFG731_62d0f0f6bab9bdcb,2,TWO_CHARACTERISTIC,2,temperaturEingaenge|customUserFluid,2,True,F,GP,ST,1,1,N,N,NN,NN,CS1,IS1,NOVALUE,NOVALUE,MP1,FWI,1,NOVALUE,NOVALUE,NOVALUE
CFG731_fa77e06d1d78c642,x731,CFG731_62d0f0f6bab9bdcb,2,TWO_CHARACTERISTIC,2,binaerOpenColl_MP|dev_advMeterVerification,2,True,F,GP,ST,1,1,N,N,NN,NN,CS1,IS1,TT1,NOVALUE,NOVALUE,FWI,NOVALUE,NOVALUE,1,NOVALUE
CFG731_3b1c6eec9492c07d,x731,CFG731_62d0f0f6bab9bdcb,2,TWO_CHARACTERISTIC,2,binaerOpenColl_MP|customUserFluid,2,True,F,GP,ST,1,1,N,N,NN,NN,CS1,IS1,TT1,NOVALUE,NOVALUE,FWI,1,NOVALUE,NOVALUE,NOVALUE
CFG731_ee2238f976bbbb50,x731,CFG731_62d0f0f6bab9bdcb,2,TWO_CHARACTERISTIC,2,dev_advMeterVerification|customUserFluid,1,True,F,GP,ST,1,1,N,N,NN,NN,CS1,IS1,TT1,NOVALUE,MP1,FWI,NOVALUE,NOVALUE,NOVALUE,NOVALUE
CFG731_1f7c154d7e34e86e,x731,CFG731_4340f11ba9a46e42,5,ONE_CHARACTERISTIC,1,devCategory,1,True,G,GP,ST,1,1,N,N,NN,NN,NOVALUE,IS1,NOVALUE,NOVALUE,MP1,FWI,1,NOVALUE,1,NOVALUE
CFG731_daff07a8bdec497b,x731,CFG731_4340f11ba9a46e42,5,ONE_CHARACTERISTIC,1,powerSupply,1,True,F,GP,ST,4,1,N,N,NN,NN,NOVALUE,IS1,NOVALUE,NOVALUE,MP1,FWI,1,NOVALUE,1,NOVALUE
CFG731_1eb1391e8678682e,x731,CFG731_4340f11ba9a46e42,5,ONE_CHARACTERISTIC,1,dataInterface,1,True,F,GP,ST,1,1,N,N,NN,HS,NOVALUE,IS1,NOVALUE,NOVALUE,MP1,FWI,1,NOVALUE,1,NOVALUE
CFG731_fa1bab5909cf6920,x731,CFG731_4340f11ba9a46e42,5,ONE_CHARACTERISTIC,1,binaerOpenColl_MP,1,True,F,GP,ST,1,1,N,N,NN,NN,NOVALUE,IS1,NOVALUE,NOVALUE,NOVALUE,FWI,1,NOVALUE,1,NOVALUE
CFG731_c368d3c9941ce0d3,x731,CFG731_4340f11ba9a46e42,5,ONE_CHARACTERISTIC,1,dev_advMeterVerification,1,True,F,GP,ST,1,1,N,N,NN,NN,NOVALUE,IS1,NOVALUE,NOVALUE,MP1,FWI,NOVALUE,NOVALUE,1,NOVALUE
CFG731_59cf92483eaddfcb,x731,CFG731_4340f11ba9a46e42,5,ONE_CHARACTERISTIC,1,customUserFluid,1,True,F,GP,ST,1,1,N,N,NN,NN,NOVALUE,IS1,NOVALUE,NOVALUE,MP1,FWI,1,NOVALUE,NOVALUE,NOVALUE
CFG731_531d24932ca67dc3,x731,CFG731_4340f11ba9a46e42,5,TWO_CHARACTERISTIC,2,devCategory|powerSupply,2,True,G,GP,ST,4,1,N,N,NN,NN,NOVALUE,IS1,NOVALUE,NOVALUE,MP1,FWI,1,NOVALUE,1,NOVALUE
CFG731_13fd2d2caa3a98e1,x731,CFG731_4340f11ba9a46e42,5,TWO_CHARACTERISTIC,2,devCategory|dataInterface,2,True,G,GP,ST,1,1,N,N,NN,HS,NOVALUE,IS1,NOVALUE,NOVALUE,MP1,FWI,1,NOVALUE,1,NOVALUE
CFG731_1da4fdf45dc64ccc,x731,CFG731_4340f11ba9a46e42,5,TWO_CHARACTERISTIC,2,devCategory|stromEingaenge,2,True,G,GP,ST,1,1,N,N,NN,NN,NOVALUE,NOVALUE,NOVALUE,NOVALUE,MP1,FWI,1,NOVALUE,1,NOVALUE
CFG731_30d6fc56f3f23343,x731,CFG731_4340f11ba9a46e42,5,TWO_CHARACTERISTIC,2,devCategory|binaerOpenColl_MP,2,True,G,GP,ST,1,1,N,N,NN,NN,NOVALUE,IS1,NOVALUE,NOVALUE,NOVALUE,FWI,1,NOVALUE,1,NOVALUE
CFG731_34bf8aa6c521cef0,x731,CFG731_4340f11ba9a46e42,5,TWO_CHARACTERISTIC,2,devCategory|dev_advMeterVerification,2,True,G,GP,ST,1,1,N,N,NN,NN,NOVALUE,IS1,NOVALUE,NOVALUE,MP1,FWI,NOVALUE,NOVALUE,1,NOVALUE
CFG731_2f02ab817f2cabc6,x731,CFG731_4340f11ba9a46e42,5,TWO_CHARACTERISTIC,2,devCategory|customUserFluid,2,True,G,GP,ST,1,1,N,N,NN,NN,NOVALUE,IS1,NOVALUE,NOVALUE,MP1,FWI,1,NOVALUE,NOVALUE,NOVALUE
CFG731_00371d84f40e7440,x731,CFG731_4340f11ba9a46e42,5,TWO_CHARACTERISTIC,2,powerSupply|dataInterface,2,True,F,GP,ST,4,1,N,N,NN,HS,NOVALUE,IS1,NOVALUE,NOVALUE,MP1,FWI,1,NOVALUE,1,NOVALUE
CFG731_87274fb3dc8d442a,x731,CFG731_4340f11ba9a46e42,5,TWO_CHARACTERISTIC,2,powerSupply|stromEingaenge,2,True,F,GP,ST,4,1,N,N,NN,NN,NOVALUE,NOVALUE,NOVALUE,NOVALUE,MP1,FWI,1,NOVALUE,1,NOVALUE
CFG731_917c1c364980ae35,x731,CFG731_4340f11ba9a46e42,5,TWO_CHARACTERISTIC,2,powerSupply|binaerOpenColl_MP,2,True,F,GP,ST,4,1,N,N,NN,NN,NOVALUE,IS1,NOVALUE,NOVALUE,NOVALUE,FWI,1,NOVALUE,1,NOVALUE
CFG731_ee267206d2d2a094,x731,CFG731_4340f11ba9a46e42,5,TWO_CHARACTERISTIC,2,powerSupply|dev_advMeterVerification,2,True,F,GP,ST,4,1,N,N,NN,NN,NOVALUE,IS1,NOVALUE,NOVALUE,MP1,FWI,NOVALUE,NOVALUE,1,NOVALUE
CFG731_a9c6c5b5f3bcff53,x731,CFG731_4340f11ba9a46e42,5,TWO_CHARACTERISTIC,2,powerSupply|customUserFluid,2,True,F,GP,ST,4,1,N,N,NN,NN,NOVALUE,IS1,NOVALUE,NOVALUE,MP1,FWI,1,NOVALUE,NOVALUE,NOVALUE
CFG731_ee1048227e0d75e5,x731,CFG731_4340f11ba9a46e42,5,TWO_CHARACTERISTIC,2,dataInterface|stromEingaenge,2,True,F,GP,ST,1,1,N,N,NN,HS,NOVALUE,NOVALUE,NOVALUE,NOVALUE,MP1,FWI,1,NOVALUE,1,NOVALUE
CFG731_2686ab8bb7012e53,x731,CFG731_4340f11ba9a46e42,5,TWO_CHARACTERISTIC,2,dataInterface|binaerOpenColl_MP,2,True,F,GP,ST,1,1,N,N,NN,HS,NOVALUE,IS1,NOVALUE,NOVALUE,NOVALUE,FWI,1,NOVALUE,1,NOVALUE
CFG731_ae86c3f020cc8077,x731,CFG731_4340f11ba9a46e42,5,TWO_CHARACTERISTIC,2,dataInterface|dev_advMeterVerification,2,True,F,GP,ST,1,1,N,N,NN,HS,NOVALUE,IS1,NOVALUE,NOVALUE,MP1,FWI,NOVALUE,NOVALUE,1,NOVALUE
CFG731_232eb2e3754808f7,x731,CFG731_4340f11ba9a46e42,5,TWO_CHARACTERISTIC,2,dataInterface|customUserFluid,2,True,F,GP,ST,1,1,N,N,NN,HS,NOVALUE,IS1,NOVALUE,NOVALUE,MP1,FWI,1,NOVALUE,NOVALUE,NOVALUE
CFG731_91d15ca1a2ef4e0b,x731,CFG731_4340f11ba9a46e42,5,TWO_CHARACTERISTIC,2,stromEingaenge|binaerOpenColl_MP,2,True,F,GP,ST,1,1,N,N,NN,NN,NOVALUE,NOVALUE,NOVALUE,NOVALUE,NOVALUE,FWI,1,NOVALUE,1,NOVALUE
CFG731_dcb861813fdbeb01,x731,CFG731_4340f11ba9a46e42,5,TWO_CHARACTERISTIC,2,stromEingaenge|dev_advMeterVerification,2,True,F,GP,ST,1,1,N,N,NN,NN,NOVALUE,NOVALUE,NOVALUE,NOVALUE,MP1,FWI,NOVALUE,NOVALUE,1,NOVALUE
CFG731_b666bd54dd040ea6,x731,CFG731_4340f11ba9a46e42,5,TWO_CHARACTERISTIC,2,stromEingaenge|customUserFluid,2,True,F,GP,ST,1,1,N,N,NN,NN,NOVALUE,NOVALUE,NOVALUE,NOVALUE,MP1,FWI,1,NOVALUE,NOVALUE,NOVALUE
CFG731_2c7ce936c6e0b062,x731,CFG731_4340f11ba9a46e42,5,TWO_CHARACTERISTIC,2,binaerOpenColl_MP|dev_advMeterVerification,2,True,F,GP,ST,1,1,N,N,NN,NN,NOVALUE,IS1,NOVALUE,NOVALUE,NOVALUE,FWI,NOVALUE,NOVALUE,1,NOVALUE
CFG731_37961c32c6df9849,x731,CFG731_4340f11ba9a46e42,5,TWO_CHARACTERISTIC,2,binaerOpenColl_MP|customUserFluid,2,True,F,GP,ST,1,1,N,N,NN,NN,NOVALUE,IS1,NOVALUE,NOVALUE,NOVALUE,FWI,1,NOVALUE,NOVALUE,NOVALUE
CFG731_0f31eb11cbf67a82,x731,CFG731_4340f11ba9a46e42,5,TWO_CHARACTERISTIC,2,dev_advMeterVerification|customUserFluid,2,True,F,GP,ST,1,1,N,N,NN,NN,NOVALUE,IS1,NOVALUE,NOVALUE,MP1,FWI,NOVALUE,NOVALUE,NOVALUE,NOVALUE
CFG731_c8b10ce178b0a2ba,x731,CFG731_809af1b5bbfb38fb,6,TWO_CHARACTERISTIC,2,devCategory|powerSupply,2,True,G,GP,ST,4,1,N,N,NN,NN,CS1,NOVALUE,NOVALUE,NOVALUE,MP1,FWI,1,NOVALUE,1,NOVALUE
CFG731_a9a3aec4d12a20b6,x731,CFG731_809af1b5bbfb38fb,6,TWO_CHARACTERISTIC,2,devCategory|dataInterface,2,True,G,GP,ST,1,1,N,N,NN,HS,CS1,NOVALUE,NOVALUE,NOVALUE,MP1,FWI,1,NOVALUE,1,NOVALUE
CFG731_0d749d07dfcd6370,x731,CFG731_809af1b5bbfb38fb,6,TWO_CHARACTERISTIC,2,devCategory|binaerOpenColl_MP,2,True,G,GP,ST,1,1,N,N,NN,NN,CS1,NOVALUE,NOVALUE,NOVALUE,NOVALUE,FWI,1,NOVALUE,1,NOVALUE
CFG731_c3b5b1049b2ed7bb,x731,CFG731_809af1b5bbfb38fb,6,TWO_CHARACTERISTIC,2,devCategory|dev_advMeterVerification,2,True,G,GP,ST,1,1,N,N,NN,NN,CS1,NOVALUE,NOVALUE,NOVALUE,MP1,FWI,NOVALUE,NOVALUE,1,NOVALUE
CFG731_5cb6a466be3b8cc2,x731,CFG731_809af1b5bbfb38fb,6,TWO_CHARACTERISTIC,2,devCategory|customUserFluid,2,True,G,GP,ST,1,1,N,N,NN,NN,CS1,NOVALUE,NOVALUE,NOVALUE,MP1,FWI,1,NOVALUE,NOVALUE,NOVALUE
CFG731_5692d423f4d6961f,x731,CFG731_809af1b5bbfb38fb,6,TWO_CHARACTERISTIC,2,powerSupply|dataInterface,2,True,F,GP,ST,4,1,N,N,NN,HS,CS1,NOVALUE,NOVALUE,NOVALUE,MP1,FWI,1,NOVALUE,1,NOVALUE
CFG731_e066b9848aeb9a83,x731,CFG731_809af1b5bbfb38fb,6,TWO_CHARACTERISTIC,2,powerSupply|binaerOpenColl_MP,2,True,F,GP,ST,4,1,N,N,NN,NN,CS1,NOVALUE,NOVALUE,NOVALUE,NOVALUE,FWI,1,NOVALUE,1,NOVALUE
CFG731_b1bd723309c950f2,x731,CFG731_809af1b5bbfb38fb,6,TWO_CHARACTERISTIC,2,powerSupply|dev_advMeterVerification,2,True,F,GP,ST,4,1,N,N,NN,NN,CS1,NOVALUE,NOVALUE,NOVALUE,MP1,FWI,NOVALUE,NOVALUE,1,NOVALUE
CFG731_cf03b709ded89ce4,x731,CFG731_809af1b5bbfb38fb,6,TWO_CHARACTERISTIC,2,powerSupply|customUserFluid,2,True,F,GP,ST,4,1,N,N,NN,NN,CS1,NOVALUE,NOVALUE,NOVALUE,MP1,FWI,1,NOVALUE,NOVALUE,NOVALUE
CFG731_d792223197b62197,x731,CFG731_809af1b5bbfb38fb,6,TWO_CHARACTERISTIC,2,dataInterface|binaerOpenColl_MP,2,True,F,GP,ST,1,1,N,N,NN,HS,CS1,NOVALUE,NOVALUE,NOVALUE,NOVALUE,FWI,1,NOVALUE,1,NOVALUE
CFG731_d2aed412b5f4e59e,x731,CFG731_809af1b5bbfb38fb,6,TWO_CHARACTERISTIC,2,dataInterface|dev_advMeterVerification,2,True,F,GP,ST,1,1,N,N,NN,HS,CS1,NOVALUE,NOVALUE,NOVALUE,MP1,FWI,NOVALUE,NOVALUE,1,NOVALUE
CFG731_7ac1a5b15496fc64,x731,CFG731_809af1b5bbfb38fb,6,TWO_CHARACTERISTIC,2,dataInterface|customUserFluid,2,True,F,GP,ST,1,1,N,N,NN,HS,CS1,NOVALUE,NOVALUE,NOVALUE,MP1,FWI,1,NOVALUE,NOVALUE,NOVALUE
CFG731_b9447a79c84a05a5,x731,CFG731_809af1b5bbfb38fb,6,TWO_CHARACTERISTIC,2,binaerOpenColl_MP|dev_advMeterVerification,2,True,F,GP,ST,1,1,N,N,NN,NN,CS1,NOVALUE,NOVALUE,NOVALUE,NOVALUE,FWI,NOVALUE,NOVALUE,1,NOVALUE
CFG731_cd0a191ec40f7304,x731,CFG731_809af1b5bbfb38fb,6,TWO_CHARACTERISTIC,2,binaerOpenColl_MP|customUserFluid,2,True,F,GP,ST,1,1,N,N,NN,NN,CS1,NOVALUE,NOVALUE,NOVALUE,NOVALUE,FWI,1,NOVALUE,NOVALUE,NOVALUE
CFG731_631ccc0b317dc962,x731,CFG731_809af1b5bbfb38fb,6,TWO_CHARACTERISTIC,2,dev_advMeterVerification|customUserFluid,2,True,F,GP,ST,1,1,N,N,NN,NN,CS1,NOVALUE,NOVALUE,NOVALUE,MP1,FWI,NOVALUE,NOVALUE,NOVALUE,NOVALUE
CFG731_feac8e45814768fe,x731,CFG731_331927b265de3c55,14,TWO_CHARACTERISTIC,2,devCategory|powerSupply,2,True,G,GP,ST,4,1,N,N,NN,HS,CS1,NOVALUE,TT1,NOVALUE,MP1,FWI,1,NOVALUE,1,NOVALUE
CFG731_5613d0c858f5141c,x731,CFG731_331927b265de3c55,14,TWO_CHARACTERISTIC,2,devCategory|stromSchaltbar,2,True,G,GP,ST,1,1,N,N,NN,HS,NOVALUE,NOVALUE,TT1,NOVALUE,MP1,FWI,1,NOVALUE,1,NOVALUE
CFG731_273a9330ed986576,x731,CFG731_331927b265de3c55,14,TWO_CHARACTERISTIC,2,devCategory|binaerOpenColl_MP,2,True,G,GP,ST,1,1,N,N,NN,HS,CS1,NOVALUE,TT1,NOVALUE,NOVALUE,FWI,1,NOVALUE,1,NOVALUE
CFG731_2c5a935a20f71fa6,x731,CFG731_331927b265de3c55,14,TWO_CHARACTERISTIC,2,devCategory|dev_advMeterVerification,2,True,G,GP,ST,1,1,N,N,NN,HS,CS1,NOVALUE,TT1,NOVALUE,MP1,FWI,NOVALUE,NOVALUE,1,NOVALUE
CFG731_0fc290d9b4aa1930,x731,CFG731_331927b265de3c55,14,TWO_CHARACTERISTIC,2,devCategory|customUserFluid,2,True,G,GP,ST,1,1,N,N,NN,HS,CS1,NOVALUE,TT1,NOVALUE,MP1,FWI,1,NOVALUE,NOVALUE,NOVALUE
CFG731_6204dd6ea742eb13,x731,CFG731_331927b265de3c55,14,TWO_CHARACTERISTIC,2,powerSupply|stromSchaltbar,2,True,F,GP,ST,4,1,N,N,NN,HS,NOVALUE,NOVALUE,TT1,NOVALUE,MP1,FWI,1,NOVALUE,1,NOVALUE
CFG731_c7dc7b11067cd97a,x731,CFG731_331927b265de3c55,14,TWO_CHARACTERISTIC,2,powerSupply|binaerOpenColl_MP,2,True,F,GP,ST,4,1,N,N,NN,HS,CS1,NOVALUE,TT1,NOVALUE,NOVALUE,FWI,1,NOVALUE,1,NOVALUE
CFG731_2635bc9d045eca3a,x731,CFG731_331927b265de3c55,14,TWO_CHARACTERISTIC,2,powerSupply|dev_advMeterVerification,2,True,F,GP,ST,4,1,N,N,NN,HS,CS1,NOVALUE,TT1,NOVALUE,MP1,FWI,NOVALUE,NOVALUE,1,NOVALUE
CFG731_e625b96955260556,x731,CFG731_331927b265de3c55,14,TWO_CHARACTERISTIC,2,powerSupply|customUserFluid,2,True,F,GP,ST,4,1,N,N,NN,HS,CS1,NOVALUE,TT1,NOVALUE,MP1,FWI,1,NOVALUE,NOVALUE,NOVALUE
CFG731_df65b2c1b65099c6,x731,CFG731_331927b265de3c55,14,TWO_CHARACTERISTIC,2,stromSchaltbar|binaerOpenColl_MP,2,True,F,GP,ST,1,1,N,N,NN,HS,NOVALUE,NOVALUE,TT1,NOVALUE,NOVALUE,FWI,1,NOVALUE,1,NOVALUE
CFG731_bd19068996653f41,x731,CFG731_331927b265de3c55,14,TWO_CHARACTERISTIC,2,stromSchaltbar|dev_advMeterVerification,2,True,F,GP,ST,1,1,N,N,NN,HS,NOVALUE,NOVALUE,TT1,NOVALUE,MP1,FWI,NOVALUE,NOVALUE,1,NOVALUE
CFG731_f190b8445f1cafae,x731,CFG731_331927b265de3c55,14,TWO_CHARACTERISTIC,2,stromSchaltbar|customUserFluid,2,True,F,GP,ST,1,1,N,N,NN,HS,NOVALUE,NOVALUE,TT1,NOVALUE,MP1,FWI,1,NOVALUE,NOVALUE,NOVALUE
CFG731_2b73648dff3880e8,x731,CFG731_331927b265de3c55,14,TWO_CHARACTERISTIC,2,binaerOpenColl_MP|dev_advMeterVerification,2,True,F,GP,ST,1,1,N,N,NN,HS,CS1,NOVALUE,TT1,NOVALUE,NOVALUE,FWI,NOVALUE,NOVALUE,1,NOVALUE
CFG731_9784cb624277bfd2,x731,CFG731_331927b265de3c55,14,TWO_CHARACTERISTIC,2,binaerOpenColl_MP|customUserFluid,2,True,F,GP,ST,1,1,N,N,NN,HS,CS1,NOVALUE,TT1,NOVALUE,NOVALUE,FWI,1,NOVALUE,NOVALUE,NOVALUE
CFG731_d881bdfa42976572,x731,CFG731_331927b265de3c55,14,TWO_CHARACTERISTIC,2,dev_advMeterVerification|customUserFluid,2,True,F,GP,ST,1,1,N,N,NN,HS,CS1,NOVALUE,TT1,NOVALUE,MP1,FWI,NOVALUE,NOVALUE,NOVALUE,NOVALUE
CFG731_efca3e2261eb992f,x731,CFG731_b8b11650a048baf7,16,TWO_CHARACTERISTIC,2,devCategory|powerSupply,2,True,G,GP,ST,4,1,N,N,NN,HS,CS1,IS1,TT1,NOVALUE,MP1,FWI,1,NOVALUE,1,NOVALUE
CFG731_9defb51135f6ef11,x731,CFG731_b8b11650a048baf7,16,TWO_CHARACTERISTIC,2,devCategory|stromSchaltbar,1,True,G,GP,ST,1,1,N,N,NN,HS,NOVALUE,IS1,TT1,NOVALUE,MP1,FWI,1,NOVALUE,1,NOVALUE
CFG731_7e74edb27bbed8ad,x731,CFG731_b8b11650a048baf7,16,TWO_CHARACTERISTIC,2,devCategory|temperaturEingaenge,2,True,G,GP,ST,1,1,N,N,NN,HS,CS1,IS1,NOVALUE,NOVALUE,MP1,FWI,1,NOVALUE,1,NOVALUE
CFG731_40bc77d0e3e706dc,x731,CFG731_b8b11650a048baf7,16,TWO_CHARACTERISTIC,2,devCategory|binaerOpenColl_MP,2,True,G,GP,ST,1,1,N,N,NN,HS,CS1,IS1,TT1,NOVALUE,NOVALUE,FWI,1,NOVALUE,1,NOVALUE
CFG731_e3a07eec276c648e,x731,CFG731_b8b11650a048baf7,16,TWO_CHARACTERISTIC,2,devCategory|dev_advMeterVerification,2,True,G,GP,ST,1,1,N,N,NN,HS,CS1,IS1,TT1,NOVALUE,MP1,FWI,NOVALUE,NOVALUE,1,NOVALUE
CFG731_744d5649e0f1a020,x731,CFG731_b8b11650a048baf7,16,TWO_CHARACTERISTIC,2,devCategory|customUserFluid,2,True,G,GP,ST,1,1,N,N,NN,HS,CS1,IS1,TT1,NOVALUE,MP1,FWI,1,NOVALUE,NOVALUE,NOVALUE
CFG731_1cbb464ec15ba84f,x731,CFG731_b8b11650a048baf7,16,TWO_CHARACTERISTIC,2,powerSupply|stromSchaltbar,1,True,F,GP,ST,4,1,N,N,NN,HS,NOVALUE,IS1,TT1,NOVALUE,MP1,FWI,1,NOVALUE,1,NOVALUE
CFG731_10793f7ca631f883,x731,CFG731_b8b11650a048baf7,16,TWO_CHARACTERISTIC,2,powerSupply|temperaturEingaenge,2,True,F,GP,ST,4,1,N,N,NN,HS,CS1,IS1,NOVALUE,NOVALUE,MP1,FWI,1,NOVALUE,1,NOVALUE
CFG731_62b41cb24888eedd,x731,CFG731_b8b11650a048baf7,16,TWO_CHARACTERISTIC,2,powerSupply|binaerOpenColl_MP,2,True,F,GP,ST,4,1,N,N,NN,HS,CS1,IS1,TT1,NOVALUE,NOVALUE,FWI,1,NOVALUE,1,NOVALUE
CFG731_a7b02299c0fd8285,x731,CFG731_b8b11650a048baf7,16,TWO_CHARACTERISTIC,2,powerSupply|dev_advMeterVerification,2,True,F,GP,ST,4,1,N,N,NN,HS,CS1,IS1,TT1,NOVALUE,MP1,FWI,NOVALUE,NOVALUE,1,NOVALUE
CFG731_dc326dfb039445c4,x731,CFG731_b8b11650a048baf7,16,TWO_CHARACTERISTIC,2,powerSupply|customUserFluid,2,True,F,GP,ST,4,1,N,N,NN,HS,CS1,IS1,TT1,NOVALUE,MP1,FWI,1,NOVALUE,NOVALUE,NOVALUE
CFG731_39e37ba47aa2b1f2,x731,CFG731_b8b11650a048baf7,16,TWO_CHARACTERISTIC,2,stromSchaltbar|binaerOpenColl_MP,1,True,F,GP,ST,1,1,N,N,NN,HS,NOVALUE,IS1,TT1,NOVALUE,NOVALUE,FWI,1,NOVALUE,1,NOVALUE
CFG731_e4f7fe15e8ccf2c9,x731,CFG731_b8b11650a048baf7,16,TWO_CHARACTERISTIC,2,stromSchaltbar|dev_advMeterVerification,1,True,F,GP,ST,1,1,N,N,NN,HS,NOVALUE,IS1,TT1,NOVALUE,MP1,FWI,NOVALUE,NOVALUE,1,NOVALUE
CFG731_868fc79316fb0836,x731,CFG731_b8b11650a048baf7,16,TWO_CHARACTERISTIC,2,stromSchaltbar|customUserFluid,1,True,F,GP,ST,1,1,N,N,NN,HS,NOVALUE,IS1,TT1,NOVALUE,MP1,FWI,1,NOVALUE,NOVALUE,NOVALUE
CFG731_d79264c74c1cd4e8,x731,CFG731_b8b11650a048baf7,16,TWO_CHARACTERISTIC,2,temperaturEingaenge|binaerOpenColl_MP,2,True,F,GP,ST,1,1,N,N,NN,HS,CS1,IS1,NOVALUE,NOVALUE,NOVALUE,FWI,1,NOVALUE,1,NOVALUE
CFG731_8d7cec9889b28201,x731,CFG731_b8b11650a048baf7,16,TWO_CHARACTERISTIC,2,temperaturEingaenge|dev_advMeterVerification,2,True,F,GP,ST,1,1,N,N,NN,HS,CS1,IS1,NOVALUE,NOVALUE,MP1,FWI,NOVALUE,NOVALUE,1,NOVALUE
CFG731_c5e63f14be990649,x731,CFG731_b8b11650a048baf7,16,TWO_CHARACTERISTIC,2,temperaturEingaenge|customUserFluid,2,True,F,GP,ST,1,1,N,N,NN,HS,CS1,IS1,NOVALUE,NOVALUE,MP1,FWI,1,NOVALUE,NOVALUE,NOVALUE
CFG731_3c168f6a53ed7804,x731,CFG731_b8b11650a048baf7,16,TWO_CHARACTERISTIC,2,binaerOpenColl_MP|dev_advMeterVerification,2,True,F,GP,ST,1,1,N,N,NN,HS,CS1,IS1,TT1,NOVALUE,NOVALUE,FWI,NOVALUE,NOVALUE,1,NOVALUE
CFG731_b1335937d617d596,x731,CFG731_b8b11650a048baf7,16,TWO_CHARACTERISTIC,2,binaerOpenColl_MP|customUserFluid,2,True,F,GP,ST,1,1,N,N,NN,HS,CS1,IS1,TT1,NOVALUE,NOVALUE,FWI,1,NOVALUE,NOVALUE,NOVALUE
CFG731_7fd92ddd1464ad1b,x731,CFG731_b8b11650a048baf7,16,TWO_CHARACTERISTIC,2,dev_advMeterVerification|customUserFluid,1,True,F,GP,ST,1,1,N,N,NN,HS,CS1,IS1,TT1,NOVALUE,MP1,FWI,NOVALUE,NOVALUE,NOVALUE,NOVALUE
CFG731_0c28b3de23fe3ea2,x731,CFG731_2de0285533e12490,18,TWO_CHARACTERISTIC,2,devCategory|powerSupply,2,True,G,GP,ST,4,1,N,N,NN,HS,NOVALUE,IS1,TT1,NOVALUE,MP1,FWI,1,NOVALUE,1,NOVALUE
CFG731_dfebd3bc18bd63aa,x731,CFG731_2de0285533e12490,18,TWO_CHARACTERISTIC,2,devCategory|binaerOpenColl_MP,2,True,G,GP,ST,1,1,N,N,NN,HS,NOVALUE,IS1,TT1,NOVALUE,NOVALUE,FWI,1,NOVALUE,1,NOVALUE
CFG731_34d1036bacbe79eb,x731,CFG731_2de0285533e12490,18,TWO_CHARACTERISTIC,2,devCategory|dev_advMeterVerification,2,True,G,GP,ST,1,1,N,N,NN,HS,NOVALUE,IS1,TT1,NOVALUE,MP1,FWI,NOVALUE,NOVALUE,1,NOVALUE
CFG731_e16dab18c4ac6b91,x731,CFG731_2de0285533e12490,18,TWO_CHARACTERISTIC,2,devCategory|customUserFluid,2,True,G,GP,ST,1,1,N,N,NN,HS,NOVALUE,IS1,TT1,NOVALUE,MP1,FWI,1,NOVALUE,NOVALUE,NOVALUE
CFG731_4dd9934830ea723a,x731,CFG731_2de0285533e12490,18,TWO_CHARACTERISTIC,2,powerSupply|binaerOpenColl_MP,2,True,F,GP,ST,4,1,N,N,NN,HS,NOVALUE,IS1,TT1,NOVALUE,NOVALUE,FWI,1,NOVALUE,1,NOVALUE
CFG731_c4f5122306f38c99,x731,CFG731_2de0285533e12490,18,TWO_CHARACTERISTIC,2,powerSupply|dev_advMeterVerification,2,True,F,GP,ST,4,1,N,N,NN,HS,NOVALUE,IS1,TT1,NOVALUE,MP1,FWI,NOVALUE,NOVALUE,1,NOVALUE
CFG731_e07bae83a5adde40,x731,CFG731_2de0285533e12490,18,TWO_CHARACTERISTIC,2,powerSupply|customUserFluid,2,True,F,GP,ST,4,1,N,N,NN,HS,NOVALUE,IS1,TT1,NOVALUE,MP1,FWI,1,NOVALUE,NOVALUE,NOVALUE
CFG731_d057ad35aef0eea2,x731,CFG731_2de0285533e12490,18,TWO_CHARACTERISTIC,2,binaerOpenColl_MP|dev_advMeterVerification,2,True,F,GP,ST,1,1,N,N,NN,HS,NOVALUE,IS1,TT1,NOVALUE,NOVALUE,FWI,NOVALUE,NOVALUE,1,NOVALUE
CFG731_86da26993d7ede0e,x731,CFG731_2de0285533e12490,18,TWO_CHARACTERISTIC,2,binaerOpenColl_MP|customUserFluid,2,True,F,GP,ST,1,1,N,N,NN,HS,NOVALUE,IS1,TT1,NOVALUE,NOVALUE,FWI,1,NOVALUE,NOVALUE,NOVALUE
CFG731_467e11f2e0bc0666,x731,CFG731_2de0285533e12490,18,TWO_CHARACTERISTIC,2,dev_advMeterVerification|customUserFluid,1,True,F,GP,ST,1,1,N,N,NN,HS,NOVALUE,IS1,TT1,NOVALUE,MP1,FWI,NOVALUE,NOVALUE,NOVALUE,NOVALUE
CFG731_c909cc63a966b236,x731,CFG731_b54844b4c5cc208b,19,ONE_CHARACTERISTIC,1,devCategory,1,True,G,GP,ST,1,1,N,N,NN,NN,CS1,NOVALUE,TT1,MN1,NOVALUE,FWI,1,NOVALUE,1,NOVALUE
CFG731_de1ec1b96e1e485e,x731,CFG731_b54844b4c5cc208b,19,ONE_CHARACTERISTIC,1,powerSupply,1,True,F,GP,ST,4,1,N,N,NN,NN,CS1,NOVALUE,TT1,MN1,NOVALUE,FWI,1,NOVALUE,1,NOVALUE
CFG731_26a55fc6510692e1,x731,CFG731_b54844b4c5cc208b,19,ONE_CHARACTERISTIC,1,stromSchaltbar,1,True,F,GP,ST,1,1,N,N,NN,NN,NOVALUE,NOVALUE,TT1,MN1,NOVALUE,FWI,1,NOVALUE,1,NOVALUE
CFG731_64e162d496afc031,x731,CFG731_b54844b4c5cc208b,19,ONE_CHARACTERISTIC,1,dev_advMeterVerification,1,True,F,GP,ST,1,1,N,N,NN,NN,CS1,NOVALUE,TT1,MN1,NOVALUE,FWI,NOVALUE,NOVALUE,1,NOVALUE
CFG731_23d75dfa953165d2,x731,CFG731_b54844b4c5cc208b,19,ONE_CHARACTERISTIC,1,customUserFluid,1,True,F,GP,ST,1,1,N,N,NN,NN,CS1,NOVALUE,TT1,MN1,NOVALUE,FWI,1,NOVALUE,NOVALUE,NOVALUE
CFG731_57a2b410fc32b41a,x731,CFG731_b54844b4c5cc208b,19,DEPENDENCY_TWO_CHARACTERISTIC,2,stromEingaenge|temperaturEingaenge,1,True,F,GP,ST,1,1,N,N,NN,NN,CS1,IS1,NOVALUE,MN1,NOVALUE,FWI,1,NOVALUE,1,NOVALUE
CFG731_3d5919a152529e0c,x731,CFG731_b54844b4c5cc208b,19,DEPENDENCY_TWO_CHARACTERISTIC,2,stromSchaltbar|stromEingaenge,1,True,F,GP,ST,1,1,N,N,NN,NN,NOVALUE,IS1,TT1,MN1,NOVALUE,FWI,1,NOVALUE,1,NOVALUE
CFG731_0ed9dfc7367bb0a0,x731,CFG731_b54844b4c5cc208b,19,DEPENDENCY_TWO_CHARACTERISTIC,2,stromSchaltbar|temperaturEingaenge,1,True,F,GP,ST,1,1,N,N,NN,NN,NOVALUE,NOVALUE,NOVALUE,MN1,NOVALUE,FWI,1,NOVALUE,1,NOVALUE
CFG731_09d36953f6e7058f,x731,CFG731_b54844b4c5cc208b,19,TWO_CHARACTERISTIC,2,devCategory|powerSupply,2,True,G,GP,ST,4,1,N,N,NN,NN,CS1,NOVALUE,TT1,MN1,NOVALUE,FWI,1,NOVALUE,1,NOVALUE
CFG731_6faf9f48b52739db,x731,CFG731_b54844b4c5cc208b,19,TWO_CHARACTERISTIC,2,devCategory|dataInterface,1,True,G,GP,ST,1,1,N,N,NN,HS,CS1,NOVALUE,TT1,MN1,NOVALUE,FWI,1,NOVALUE,1,NOVALUE
CFG731_d7fe9054752b7901,x731,CFG731_b54844b4c5cc208b,19,TWO_CHARACTERISTIC,2,devCategory|stromSchaltbar,2,True,G,GP,ST,1,1,N,N,NN,NN,NOVALUE,NOVALUE,TT1,MN1,NOVALUE,FWI,1,NOVALUE,1,NOVALUE
CFG731_0bb38b2038fb1e69,x731,CFG731_b54844b4c5cc208b,19,TWO_CHARACTERISTIC,2,devCategory|stromEingaenge,1,True,G,GP,ST,1,1,N,N,NN,NN,CS1,IS1,TT1,MN1,NOVALUE,FWI,1,NOVALUE,1,NOVALUE
CFG731_ff4503a4d206df16,x731,CFG731_b54844b4c5cc208b,19,TWO_CHARACTERISTIC,2,devCategory|temperaturEingaenge,1,True,G,GP,ST,1,1,N,N,NN,NN,CS1,NOVALUE,NOVALUE,MN1,NOVALUE,FWI,1,NOVALUE,1,NOVALUE
CFG731_c5d07349ef038bc5,x731,CFG731_b54844b4c5cc208b,19,TWO_CHARACTERISTIC,2,devCategory|dev_advMeterVerification,2,True,G,GP,ST,1,1,N,N,NN,NN,CS1,NOVALUE,TT1,MN1,NOVALUE,FWI,NOVALUE,NOVALUE,1,NOVALUE
CFG731_c7c54ea8b960be86,x731,CFG731_b54844b4c5cc208b,19,TWO_CHARACTERISTIC,2,devCategory|customUserFluid,2,True,G,GP,ST,1,1,N,N,NN,NN,CS1,NOVALUE,TT1,MN1,NOVALUE,FWI,1,NOVALUE,NOVALUE,NOVALUE
CFG731_ed19d16aecf53db8,x731,CFG731_b54844b4c5cc208b,19,TWO_CHARACTERISTIC,2,powerSupply|dataInterface,1,True,F,GP,ST,4,1,N,N,NN,HS,CS1,NOVALUE,TT1,MN1,NOVALUE,FWI,1,NOVALUE,1,NOVALUE
CFG731_98058e0f028cb2a2,x731,CFG731_b54844b4c5cc208b,19,TWO_CHARACTERISTIC,2,powerSupply|stromSchaltbar,2,True,F,GP,ST,4,1,N,N,NN,NN,NOVALUE,NOVALUE,TT1,MN1,NOVALUE,FWI,1,NOVALUE,1,NOVALUE
CFG731_8d2c10e2688ee31d,x731,CFG731_b54844b4c5cc208b,19,TWO_CHARACTERISTIC,2,powerSupply|stromEingaenge,1,True,F,GP,ST,4,1,N,N,NN,NN,CS1,IS1,TT1,MN1,NOVALUE,FWI,1,NOVALUE,1,NOVALUE
CFG731_a7e544fed1a0db3a,x731,CFG731_b54844b4c5cc208b,19,TWO_CHARACTERISTIC,2,powerSupply|temperaturEingaenge,1,True,F,GP,ST,4,1,N,N,NN,NN,CS1,NOVALUE,NOVALUE,MN1,NOVALUE,FWI,1,NOVALUE,1,NOVALUE
CFG731_92e7a454f95768c1,x731,CFG731_b54844b4c5cc208b,19,TWO_CHARACTERISTIC,2,powerSupply|dev_advMeterVerification,2,True,F,GP,ST,4,1,N,N,NN,NN,CS1,NOVALUE,TT1,MN1,NOVALUE,FWI,NOVALUE,NOVALUE,1,NOVALUE
CFG731_f2f3c932d1048d8d,x731,CFG731_b54844b4c5cc208b,19,TWO_CHARACTERISTIC,2,powerSupply|customUserFluid,2,True,F,GP,ST,4,1,N,N,NN,NN,CS1,NOVALUE,TT1,MN1,NOVALUE,FWI,1,NOVALUE,NOVALUE,NOVALUE
CFG731_7b5b740c75176e02,x731,CFG731_b54844b4c5cc208b,19,TWO_CHARACTERISTIC,2,dataInterface|stromSchaltbar,1,True,F,GP,ST,1,1,N,N,NN,HS,NOVALUE,NOVALUE,TT1,MN1,NOVALUE,FWI,1,NOVALUE,1,NOVALUE
CFG731_2dff984954bfb7ba,x731,CFG731_b54844b4c5cc208b,19,TWO_CHARACTERISTIC,2,dataInterface|temperaturEingaenge,1,True,F,GP,ST,1,1,N,N,NN,HS,CS1,NOVALUE,NOVALUE,MN1,NOVALUE,FWI,1,NOVALUE,1,NOVALUE
CFG731_fc05c65994b9f9f2,x731,CFG731_b54844b4c5cc208b,19,TWO_CHARACTERISTIC,2,dataInterface|dev_advMeterVerification,1,True,F,GP,ST,1,1,N,N,NN,HS,CS1,NOVALUE,TT1,MN1,NOVALUE,FWI,NOVALUE,NOVALUE,1,NOVALUE
CFG731_2e5bd0d53757f625,x731,CFG731_b54844b4c5cc208b,19,TWO_CHARACTERISTIC,2,dataInterface|customUserFluid,1,True,F,GP,ST,1,1,N,N,NN,HS,CS1,NOVALUE,TT1,MN1,NOVALUE,FWI,1,NOVALUE,NOVALUE,NOVALUE
CFG731_dca5c29f89cd3934,x731,CFG731_b54844b4c5cc208b,19,TWO_CHARACTERISTIC,2,stromSchaltbar|dev_advMeterVerification,2,True,F,GP,ST,1,1,N,N,NN,NN,NOVALUE,NOVALUE,TT1,MN1,NOVALUE,FWI,NOVALUE,NOVALUE,1,NOVALUE
CFG731_bd00839e452c6958,x731,CFG731_b54844b4c5cc208b,19,TWO_CHARACTERISTIC,2,stromSchaltbar|customUserFluid,2,True,F,GP,ST,1,1,N,N,NN,NN,NOVALUE,NOVALUE,TT1,MN1,NOVALUE,FWI,1,NOVALUE,NOVALUE,NOVALUE
CFG731_1e7cf62b6c4a6e7b,x731,CFG731_b54844b4c5cc208b,19,TWO_CHARACTERISTIC,2,stromEingaenge|dev_advMeterVerification,1,True,F,GP,ST,1,1,N,N,NN,NN,CS1,IS1,TT1,MN1,NOVALUE,FWI,NOVALUE,NOVALUE,1,NOVALUE
CFG731_97fec9a076550ea5,x731,CFG731_b54844b4c5cc208b,19,TWO_CHARACTERISTIC,2,stromEingaenge|customUserFluid,1,True,F,GP,ST,1,1,N,N,NN,NN,CS1,IS1,TT1,MN1,NOVALUE,FWI,1,NOVALUE,NOVALUE,NOVALUE
CFG731_19ca9bcd323192d2,x731,CFG731_b54844b4c5cc208b,19,TWO_CHARACTERISTIC,2,temperaturEingaenge|dev_advMeterVerification,1,True,F,GP,ST,1,1,N,N,NN,NN,CS1,NOVALUE,NOVALUE,MN1,NOVALUE,FWI,NOVALUE,NOVALUE,1,NOVALUE
CFG731_9def6f7d289bea90,x731,CFG731_b54844b4c5cc208b,19,TWO_CHARACTERISTIC,2,temperaturEingaenge|customUserFluid,1,True,F,GP,ST,1,1,N,N,NN,NN,CS1,NOVALUE,NOVALUE,MN1,NOVALUE,FWI,1,NOVALUE,NOVALUE,NOVALUE
CFG731_40532764ffa496da,x731,CFG731_b54844b4c5cc208b,19,TWO_CHARACTERISTIC,2,dev_advMeterVerification|customUserFluid,2,True,F,GP,ST,1,1,N,N,NN,NN,CS1,NOVALUE,TT1,MN1,NOVALUE,FWI,NOVALUE,NOVALUE,NOVALUE,NOVALUE
CFG731_79d5571d44c945f6,x731,CFG731_abcee67081353f16,21,TWO_CHARACTERISTIC,2,devCategory|powerSupply,2,True,G,GP,ST,4,1,N,N,NN,NN,CS1,IS1,TT1,MN1,NOVALUE,FWI,1,NOVALUE,1,NOVALUE
CFG731_fcac286b50f37c22,x731,CFG731_abcee67081353f16,21,TWO_CHARACTERISTIC,2,devCategory|dataInterface,1,True,G,GP,ST,1,1,N,N,NN,HS,CS1,IS1,TT1,MN1,NOVALUE,FWI,1,NOVALUE,1,NOVALUE
CFG731_f491b849587c0e87,x731,CFG731_abcee67081353f16,21,TWO_CHARACTERISTIC,2,devCategory|stromSchaltbar,2,True,G,GP,ST,1,1,N,N,NN,NN,NOVALUE,IS1,TT1,MN1,NOVALUE,FWI,1,NOVALUE,1,NOVALUE
CFG731_869a9209459ecf4d,x731,CFG731_abcee67081353f16,21,TWO_CHARACTERISTIC,2,devCategory|temperaturEingaenge,2,True,G,GP,ST,1,1,N,N,NN,NN,CS1,IS1,NOVALUE,MN1,NOVALUE,FWI,1,NOVALUE,1,NOVALUE
CFG731_64cd42b7d5592a14,x731,CFG731_abcee67081353f16,21,TWO_CHARACTERISTIC,2,devCategory|dev_advMeterVerification,2,True,G,GP,ST,1,1,N,N,NN,NN,CS1,IS1,TT1,MN1,NOVALUE,FWI,NOVALUE,NOVALUE,1,NOVALUE
CFG731_93868d9f3ba2ccc8,x731,CFG731_abcee67081353f16,21,TWO_CHARACTERISTIC,2,devCategory|customUserFluid,2,True,G,GP,ST,1,1,N,N,NN,NN,CS1,IS1,TT1,MN1,NOVALUE,FWI,1,NOVALUE,NOVALUE,NOVALUE
CFG731_31c4aded40f9387f,x731,CFG731_abcee67081353f16,21,TWO_CHARACTERISTIC,2,powerSupply|dataInterface,1,True,F,GP,ST,4,1,N,N,NN,HS,CS1,IS1,TT1,MN1,NOVALUE,FWI,1,NOVALUE,1,NOVALUE
CFG731_31b475abe3d16a99,x731,CFG731_abcee67081353f16,21,TWO_CHARACTERISTIC,2,powerSupply|stromSchaltbar,2,True,F,GP,ST,4,1,N,N,NN,NN,NOVALUE,IS1,TT1,MN1,NOVALUE,FWI,1,NOVALUE,1,NOVALUE
CFG731_24648603ca730481,x731,CFG731_abcee67081353f16,21,TWO_CHARACTERISTIC,2,powerSupply|temperaturEingaenge,2,True,F,GP,ST,4,1,N,N,NN,NN,CS1,IS1,NOVALUE,MN1,NOVALUE,FWI,1,NOVALUE,1,NOVALUE
CFG731_98587af5c6c64bb2,x731,CFG731_abcee67081353f16,21,TWO_CHARACTERISTIC,2,powerSupply|dev_advMeterVerification,2,True,F,GP,ST,4,1,N,N,NN,NN,CS1,IS1,TT1,MN1,NOVALUE,FWI,NOVALUE,NOVALUE,1,NOVALUE
CFG731_4db630d9810b0f27,x731,CFG731_abcee67081353f16,21,TWO_CHARACTERISTIC,2,powerSupply|customUserFluid,2,True,F,GP,ST,4,1,N,N,NN,NN,CS1,IS1,TT1,MN1,NOVALUE,FWI,1,NOVALUE,NOVALUE,NOVALUE
CFG731_696639c1a9f714c1,x731,CFG731_abcee67081353f16,21,TWO_CHARACTERISTIC,2,dataInterface|temperaturEingaenge,1,True,F,GP,ST,1,1,N,N,NN,HS,CS1,IS1,NOVALUE,MN1,NOVALUE,FWI,1,NOVALUE,1,NOVALUE
CFG731_08108c0ab5ea0d5f,x731,CFG731_abcee67081353f16,21,TWO_CHARACTERISTIC,2,dataInterface|dev_advMeterVerification,1,True,F,GP,ST,1,1,N,N,NN,HS,CS1,IS1,TT1,MN1,NOVALUE,FWI,NOVALUE,NOVALUE,1,NOVALUE
CFG731_5f5f37f4d005417e,x731,CFG731_abcee67081353f16,21,TWO_CHARACTERISTIC,2,dataInterface|customUserFluid,1,True,F,GP,ST,1,1,N,N,NN,HS,CS1,IS1,TT1,MN1,NOVALUE,FWI,1,NOVALUE,NOVALUE,NOVALUE
CFG731_609d916babe73ece,x731,CFG731_abcee67081353f16,21,TWO_CHARACTERISTIC,2,stromSchaltbar|dev_advMeterVerification,2,True,F,GP,ST,1,1,N,N,NN,NN,NOVALUE,IS1,TT1,MN1,NOVALUE,FWI,NOVALUE,NOVALUE,1,NOVALUE
CFG731_82ac72b78d6b260a,x731,CFG731_abcee67081353f16,21,TWO_CHARACTERISTIC,2,stromSchaltbar|customUserFluid,2,True,F,GP,ST,1,1,N,N,NN,NN,NOVALUE,IS1,TT1,MN1,NOVALUE,FWI,1,NOVALUE,NOVALUE,NOVALUE
CFG731_56acb0dd065763ff,x731,CFG731_abcee67081353f16,21,TWO_CHARACTERISTIC,2,temperaturEingaenge|dev_advMeterVerification,2,True,F,GP,ST,1,1,N,N,NN,NN,CS1,IS1,NOVALUE,MN1,NOVALUE,FWI,NOVALUE,NOVALUE,1,NOVALUE
CFG731_83b7e9be7ecdb93b,x731,CFG731_abcee67081353f16,21,TWO_CHARACTERISTIC,2,temperaturEingaenge|customUserFluid,2,True,F,GP,ST,1,1,N,N,NN,NN,CS1,IS1,NOVALUE,MN1,NOVALUE,FWI,1,NOVALUE,NOVALUE,NOVALUE
CFG731_e1cb35a4a24650ba,x731,CFG731_abcee67081353f16,21,TWO_CHARACTERISTIC,2,dev_advMeterVerification|customUserFluid,1,True,F,GP,ST,1,1,N,N,NN,NN,CS1,IS1,TT1,MN1,NOVALUE,FWI,NOVALUE,NOVALUE,NOVALUE,NOVALUE
CFG731_6cf8dfe53732fc0a,x731,CFG731_ebf26b0112810ef9,24,ONE_CHARACTERISTIC,1,devCategory,1,True,G,GP,ST,1,1,N,N,NN,NN,NOVALUE,IS1,NOVALUE,MN1,NOVALUE,FWI,1,NOVALUE,1,NOVALUE
CFG731_ef6e203c92a71c88,x731,CFG731_ebf26b0112810ef9,24,ONE_CHARACTERISTIC,1,powerSupply,1,True,F,GP,ST,4,1,N,N,NN,NN,NOVALUE,IS1,NOVALUE,MN1,NOVALUE,FWI,1,NOVALUE,1,NOVALUE
CFG731_b53aee0b5555ec07,x731,CFG731_ebf26b0112810ef9,24,ONE_CHARACTERISTIC,1,dataInterface,1,True,F,GP,ST,1,1,N,N,NN,HS,NOVALUE,IS1,NOVALUE,MN1,NOVALUE,FWI,1,NOVALUE,1,NOVALUE
CFG731_32adda6269b4f5ce,x731,CFG731_ebf26b0112810ef9,24,ONE_CHARACTERISTIC,1,dev_advMeterVerification,1,True,F,GP,ST,1,1,N,N,NN,NN,NOVALUE,IS1,NOVALUE,MN1,NOVALUE,FWI,NOVALUE,NOVALUE,1,NOVALUE
CFG731_0d073861c8943c4e,x731,CFG731_ebf26b0112810ef9,24,ONE_CHARACTERISTIC,1,customUserFluid,1,True,F,GP,ST,1,1,N,N,NN,NN,NOVALUE,IS1,NOVALUE,MN1,NOVALUE,FWI,1,NOVALUE,NOVALUE,NOVALUE
CFG731_fea07b9a4faba6ca,x731,CFG731_ebf26b0112810ef9,24,TWO_CHARACTERISTIC,2,devCategory|powerSupply,2,True,G,GP,ST,4,1,N,N,NN,NN,NOVALUE,IS1,NOVALUE,MN1,NOVALUE,FWI,1,NOVALUE,1,NOVALUE
CFG731_07117d5ad3fad789,x731,CFG731_ebf26b0112810ef9,24,TWO_CHARACTERISTIC,2,devCategory|dataInterface,2,True,G,GP,ST,1,1,N,N,NN,HS,NOVALUE,IS1,NOVALUE,MN1,NOVALUE,FWI,1,NOVALUE,1,NOVALUE
CFG731_4e6947a14f079dd0,x731,CFG731_ebf26b0112810ef9,24,TWO_CHARACTERISTIC,2,devCategory|stromEingaenge,2,True,G,GP,ST,1,1,N,N,NN,NN,NOVALUE,NOVALUE,NOVALUE,MN1,NOVALUE,FWI,1,NOVALUE,1,NOVALUE
CFG731_8dfd9f90fb10a98b,x731,CFG731_ebf26b0112810ef9,24,TWO_CHARACTERISTIC,2,devCategory|dev_advMeterVerification,2,True,G,GP,ST,1,1,N,N,NN,NN,NOVALUE,IS1,NOVALUE,MN1,NOVALUE,FWI,NOVALUE,NOVALUE,1,NOVALUE
CFG731_d688a85559a900de,x731,CFG731_ebf26b0112810ef9,24,TWO_CHARACTERISTIC,2,devCategory|customUserFluid,2,True,G,GP,ST,1,1,N,N,NN,NN,NOVALUE,IS1,NOVALUE,MN1,NOVALUE,FWI,1,NOVALUE,NOVALUE,NOVALUE
CFG731_2b45672976bd4741,x731,CFG731_ebf26b0112810ef9,24,TWO_CHARACTERISTIC,2,powerSupply|dataInterface,2,True,F,GP,ST,4,1,N,N,NN,HS,NOVALUE,IS1,NOVALUE,MN1,NOVALUE,FWI,1,NOVALUE,1,NOVALUE
CFG731_f0496d00d34377f6,x731,CFG731_ebf26b0112810ef9,24,TWO_CHARACTERISTIC,2,powerSupply|stromEingaenge,2,True,F,GP,ST,4,1,N,N,NN,NN,NOVALUE,NOVALUE,NOVALUE,MN1,NOVALUE,FWI,1,NOVALUE,1,NOVALUE
CFG731_4269bef4b1d8e321,x731,CFG731_ebf26b0112810ef9,24,TWO_CHARACTERISTIC,2,powerSupply|dev_advMeterVerification,2,True,F,GP,ST,4,1,N,N,NN,NN,NOVALUE,IS1,NOVALUE,MN1,NOVALUE,FWI,NOVALUE,NOVALUE,1,NOVALUE
CFG731_858c048a7c89f1b1,x731,CFG731_ebf26b0112810ef9,24,TWO_CHARACTERISTIC,2,powerSupply|customUserFluid,2,True,F,GP,ST,4,1,N,N,NN,NN,NOVALUE,IS1,NOVALUE,MN1,NOVALUE,FWI,1,NOVALUE,NOVALUE,NOVALUE
CFG731_98dff83802cad0b9,x731,CFG731_ebf26b0112810ef9,24,TWO_CHARACTERISTIC,2,dataInterface|stromEingaenge,2,True,F,GP,ST,1,1,N,N,NN,HS,NOVALUE,NOVALUE,NOVALUE,MN1,NOVALUE,FWI,1,NOVALUE,1,NOVALUE
CFG731_2ccfad5f5fade554,x731,CFG731_ebf26b0112810ef9,24,TWO_CHARACTERISTIC,2,dataInterface|dev_advMeterVerification,2,True,F,GP,ST,1,1,N,N,NN,HS,NOVALUE,IS1,NOVALUE,MN1,NOVALUE,FWI,NOVALUE,NOVALUE,1,NOVALUE
CFG731_7d6477e0c79938ab,x731,CFG731_ebf26b0112810ef9,24,TWO_CHARACTERISTIC,2,dataInterface|customUserFluid,2,True,F,GP,ST,1,1,N,N,NN,HS,NOVALUE,IS1,NOVALUE,MN1,NOVALUE,FWI,1,NOVALUE,NOVALUE,NOVALUE
CFG731_d2ea8941a8d2392f,x731,CFG731_ebf26b0112810ef9,24,TWO_CHARACTERISTIC,2,stromEingaenge|dev_advMeterVerification,2,True,F,GP,ST,1,1,N,N,NN,NN,NOVALUE,NOVALUE,NOVALUE,MN1,NOVALUE,FWI,NOVALUE,NOVALUE,1,NOVALUE
CFG731_82556c55b0de9a67,x731,CFG731_ebf26b0112810ef9,24,TWO_CHARACTERISTIC,2,stromEingaenge|customUserFluid,2,True,F,GP,ST,1,1,N,N,NN,NN,NOVALUE,NOVALUE,NOVALUE,MN1,NOVALUE,FWI,1,NOVALUE,NOVALUE,NOVALUE
CFG731_c76a620de76ab9a4,x731,CFG731_ebf26b0112810ef9,24,TWO_CHARACTERISTIC,2,dev_advMeterVerification|customUserFluid,2,True,F,GP,ST,1,1,N,N,NN,NN,NOVALUE,IS1,NOVALUE,MN1,NOVALUE,FWI,NOVALUE,NOVALUE,NOVALUE,NOVALUE
CFG731_829e0c2ba0a1ee73,x731,CFG731_c821f5044ae6d2ab,25,TWO_CHARACTERISTIC,2,devCategory|powerSupply,2,True,G,GP,ST,4,1,N,N,NN,NN,CS1,NOVALUE,NOVALUE,MN1,NOVALUE,FWI,1,NOVALUE,1,NOVALUE
CFG731_122577678a9fbaa5,x731,CFG731_c821f5044ae6d2ab,25,TWO_CHARACTERISTIC,2,devCategory|dataInterface,2,True,G,GP,ST,1,1,N,N,NN,HS,CS1,NOVALUE,NOVALUE,MN1,NOVALUE,FWI,1,NOVALUE,1,NOVALUE
CFG731_721dd441606aa030,x731,CFG731_c821f5044ae6d2ab,25,TWO_CHARACTERISTIC,2,devCategory|dev_advMeterVerification,2,True,G,GP,ST,1,1,N,N,NN,NN,CS1,NOVALUE,NOVALUE,MN1,NOVALUE,FWI,NOVALUE,NOVALUE,1,NOVALUE
CFG731_7630af09b64a03ab,x731,CFG731_c821f5044ae6d2ab,25,TWO_CHARACTERISTIC,2,devCategory|customUserFluid,2,True,G,GP,ST,1,1,N,N,NN,NN,CS1,NOVALUE,NOVALUE,MN1,NOVALUE,FWI,1,NOVALUE,NOVALUE,NOVALUE
CFG731_93cd8143a40395db,x731,CFG731_c821f5044ae6d2ab,25,TWO_CHARACTERISTIC,2,powerSupply|dataInterface,2,True,F,GP,ST,4,1,N,N,NN,HS,CS1,NOVALUE,NOVALUE,MN1,NOVALUE,FWI,1,NOVALUE,1,NOVALUE
CFG731_c29b0972634f2a7b,x731,CFG731_c821f5044ae6d2ab,25,TWO_CHARACTERISTIC,2,powerSupply|dev_advMeterVerification,2,True,F,GP,ST,4,1,N,N,NN,NN,CS1,NOVALUE,NOVALUE,MN1,NOVALUE,FWI,NOVALUE,NOVALUE,1,NOVALUE
CFG731_f4b47bdd7a112596,x731,CFG731_c821f5044ae6d2ab,25,TWO_CHARACTERISTIC,2,powerSupply|customUserFluid,2,True,F,GP,ST,4,1,N,N,NN,NN,CS1,NOVALUE,NOVALUE,MN1,NOVALUE,FWI,1,NOVALUE,NOVALUE,NOVALUE
CFG731_e535303f4ee83022,x731,CFG731_c821f5044ae6d2ab,25,TWO_CHARACTERISTIC,2,dataInterface|dev_advMeterVerification,2,True,F,GP,ST,1,1,N,N,NN,HS,CS1,NOVALUE,NOVALUE,MN1,NOVALUE,FWI,NOVALUE,NOVALUE,1,NOVALUE
CFG731_0e66481554d1173f,x731,CFG731_c821f5044ae6d2ab,25,TWO_CHARACTERISTIC,2,dataInterface|customUserFluid,2,True,F,GP,ST,1,1,N,N,NN,HS,CS1,NOVALUE,NOVALUE,MN1,NOVALUE,FWI,1,NOVALUE,NOVALUE,NOVALUE
CFG731_11a8c9085dd47ae1,x731,CFG731_c821f5044ae6d2ab,25,TWO_CHARACTERISTIC,2,dev_advMeterVerification|customUserFluid,2,True,F,GP,ST,1,1,N,N,NN,NN,CS1,NOVALUE,NOVALUE,MN1,NOVALUE,FWI,NOVALUE,NOVALUE,NOVALUE,NOVALUE
CFG731_6fa2960875f314db,x731,CFG731_672458a8e716cdf8,33,TWO_CHARACTERISTIC,2,devCategory|powerSupply,2,True,G,GP,ST,4,1,N,N,NN,HS,CS1,NOVALUE,TT1,MN1,NOVALUE,FWI,1,NOVALUE,1,NOVALUE
CFG731_9e349cf007f6d91f,x731,CFG731_672458a8e716cdf8,33,TWO_CHARACTERISTIC,2,devCategory|stromSchaltbar,2,True,G,GP,ST,1,1,N,N,NN,HS,NOVALUE,NOVALUE,TT1,MN1,NOVALUE,FWI,1,NOVALUE,1,NOVALUE
CFG731_3c1ec9a090a9fe1c,x731,CFG731_672458a8e716cdf8,33,TWO_CHARACTERISTIC,2,devCategory|dev_advMeterVerification,2,True,G,GP,ST,1,1,N,N,NN,HS,CS1,NOVALUE,TT1,MN1,NOVALUE,FWI,NOVALUE,NOVALUE,1,NOVALUE
CFG731_bd855923d3e893b6,x731,CFG731_672458a8e716cdf8,33,TWO_CHARACTERISTIC,2,devCategory|customUserFluid,2,True,G,GP,ST,1,1,N,N,NN,HS,CS1,NOVALUE,TT1,MN1,NOVALUE,FWI,1,NOVALUE,NOVALUE,NOVALUE
CFG731_bbbcc81cd6acda74,x731,CFG731_672458a8e716cdf8,33,TWO_CHARACTERISTIC,2,powerSupply|stromSchaltbar,2,True,F,GP,ST,4,1,N,N,NN,HS,NOVALUE,NOVALUE,TT1,MN1,NOVALUE,FWI,1,NOVALUE,1,NOVALUE
CFG731_d4516646128516dd,x731,CFG731_672458a8e716cdf8,33,TWO_CHARACTERISTIC,2,powerSupply|dev_advMeterVerification,2,True,F,GP,ST,4,1,N,N,NN,HS,CS1,NOVALUE,TT1,MN1,NOVALUE,FWI,NOVALUE,NOVALUE,1,NOVALUE
CFG731_26215f7026931752,x731,CFG731_672458a8e716cdf8,33,TWO_CHARACTERISTIC,2,powerSupply|customUserFluid,2,True,F,GP,ST,4,1,N,N,NN,HS,CS1,NOVALUE,TT1,MN1,NOVALUE,FWI,1,NOVALUE,NOVALUE,NOVALUE
CFG731_b75829f75401b2e8,x731,CFG731_672458a8e716cdf8,33,TWO_CHARACTERISTIC,2,stromSchaltbar|dev_advMeterVerification,2,True,F,GP,ST,1,1,N,N,NN,HS,NOVALUE,NOVALUE,TT1,MN1,NOVALUE,FWI,NOVALUE,NOVALUE,1,NOVALUE
CFG731_6a919c664c763f98,x731,CFG731_672458a8e716cdf8,33,TWO_CHARACTERISTIC,2,stromSchaltbar|customUserFluid,2,True,F,GP,ST,1,1,N,N,NN,HS,NOVALUE,NOVALUE,TT1,MN1,NOVALUE,FWI,1,NOVALUE,NOVALUE,NOVALUE
CFG731_05759324b93d8877,x731,CFG731_672458a8e716cdf8,33,TWO_CHARACTERISTIC,2,dev_advMeterVerification|customUserFluid,2,True,F,GP,ST,1,1,N,N,NN,HS,CS1,NOVALUE,TT1,MN1,NOVALUE,FWI,NOVALUE,NOVALUE,NOVALUE,NOVALUE
CFG731_297638f6165fd8d3,x731,CFG731_bbcb665ced67f8c3,35,TWO_CHARACTERISTIC,2,devCategory|powerSupply,2,True,G,GP,ST,4,1,N,N,NN,HS,CS1,IS1,TT1,MN1,NOVALUE,FWI,1,NOVALUE,1,NOVALUE
CFG731_a319399a7838667d,x731,CFG731_bbcb665ced67f8c3,35,TWO_CHARACTERISTIC,2,devCategory|stromSchaltbar,1,True,G,GP,ST,1,1,N,N,NN,HS,NOVALUE,IS1,TT1,MN1,NOVALUE,FWI,1,NOVALUE,1,NOVALUE
CFG731_21833abb52d83273,x731,CFG731_bbcb665ced67f8c3,35,TWO_CHARACTERISTIC,2,devCategory|temperaturEingaenge,2,True,G,GP,ST,1,1,N,N,NN,HS,CS1,IS1,NOVALUE,MN1,NOVALUE,FWI,1,NOVALUE,1,NOVALUE
CFG731_289f3c5e86cd9a13,x731,CFG731_bbcb665ced67f8c3,35,TWO_CHARACTERISTIC,2,devCategory|dev_advMeterVerification,2,True,G,GP,ST,1,1,N,N,NN,HS,CS1,IS1,TT1,MN1,NOVALUE,FWI,NOVALUE,NOVALUE,1,NOVALUE
CFG731_2934cb034bf2a8a9,x731,CFG731_bbcb665ced67f8c3,35,TWO_CHARACTERISTIC,2,devCategory|customUserFluid,2,True,G,GP,ST,1,1,N,N,NN,HS,CS1,IS1,TT1,MN1,NOVALUE,FWI,1,NOVALUE,NOVALUE,NOVALUE
CFG731_815c45454a3f88bd,x731,CFG731_bbcb665ced67f8c3,35,TWO_CHARACTERISTIC,2,powerSupply|stromSchaltbar,1,True,F,GP,ST,4,1,N,N,NN,HS,NOVALUE,IS1,TT1,MN1,NOVALUE,FWI,1,NOVALUE,1,NOVALUE
CFG731_a41e221f51c9a405,x731,CFG731_bbcb665ced67f8c3,35,TWO_CHARACTERISTIC,2,powerSupply|temperaturEingaenge,2,True,F,GP,ST,4,1,N,N,NN,HS,CS1,IS1,NOVALUE,MN1,NOVALUE,FWI,1,NOVALUE,1,NOVALUE
CFG731_7ea01c6740968577,x731,CFG731_bbcb665ced67f8c3,35,TWO_CHARACTERISTIC,2,powerSupply|dev_advMeterVerification,2,True,F,GP,ST,4,1,N,N,NN,HS,CS1,IS1,TT1,MN1,NOVALUE,FWI,NOVALUE,NOVALUE,1,NOVALUE
CFG731_388fbeb289e5ccf5,x731,CFG731_bbcb665ced67f8c3,35,TWO_CHARACTERISTIC,2,powerSupply|customUserFluid,2,True,F,GP,ST,4,1,N,N,NN,HS,CS1,IS1,TT1,MN1,NOVALUE,FWI,1,NOVALUE,NOVALUE,NOVALUE
CFG731_deb6c547366eb132,x731,CFG731_bbcb665ced67f8c3,35,TWO_CHARACTERISTIC,2,stromSchaltbar|dev_advMeterVerification,1,True,F,GP,ST,1,1,N,N,NN,HS,NOVALUE,IS1,TT1,MN1,NOVALUE,FWI,NOVALUE,NOVALUE,1,NOVALUE
CFG731_d21c75b44ecc736a,x731,CFG731_bbcb665ced67f8c3,35,TWO_CHARACTERISTIC,2,stromSchaltbar|customUserFluid,1,True,F,GP,ST,1,1,N,N,NN,HS,NOVALUE,IS1,TT1,MN1,NOVALUE,FWI,1,NOVALUE,NOVALUE,NOVALUE
CFG731_b1385f66be8f242f,x731,CFG731_bbcb665ced67f8c3,35,TWO_CHARACTERISTIC,2,temperaturEingaenge|dev_advMeterVerification,2,True,F,GP,ST,1,1,N,N,NN,HS,CS1,IS1,NOVALUE,MN1,NOVALUE,FWI,NOVALUE,NOVALUE,1,NOVALUE
CFG731_c6235b8c91479e98,x731,CFG731_bbcb665ced67f8c3,35,TWO_CHARACTERISTIC,2,temperaturEingaenge|customUserFluid,2,True,F,GP,ST,1,1,N,N,NN,HS,CS1,IS1,NOVALUE,MN1,NOVALUE,FWI,1,NOVALUE,NOVALUE,NOVALUE
CFG731_4144999ac09e5fdc,x731,CFG731_bbcb665ced67f8c3,35,TWO_CHARACTERISTIC,2,dev_advMeterVerification|customUserFluid,1,True,F,GP,ST,1,1,N,N,NN,HS,CS1,IS1,TT1,MN1,NOVALUE,FWI,NOVALUE,NOVALUE,NOVALUE,NOVALUE
CFG731_2508e54db960a3b8,x731,CFG731_0aa987e1ae960c88,37,TWO_CHARACTERISTIC,2,devCategory|powerSupply,2,True,G,GP,ST,4,1,N,N,NN,HS,NOVALUE,IS1,TT1,MN1,NOVALUE,FWI,1,NOVALUE,1,NOVALUE
CFG731_fc2d59dede8f9411,x731,CFG731_0aa987e1ae960c88,37,TWO_CHARACTERISTIC,2,devCategory|dev_advMeterVerification,2,True,G,GP,ST,1,1,N,N,NN,HS,NOVALUE,IS1,TT1,MN1,NOVALUE,FWI,NOVALUE,NOVALUE,1,NOVALUE
CFG731_1d9f683b219cb519,x731,CFG731_0aa987e1ae960c88,37,TWO_CHARACTERISTIC,2,devCategory|customUserFluid,2,True,G,GP,ST,1,1,N,N,NN,HS,NOVALUE,IS1,TT1,MN1,NOVALUE,FWI,1,NOVALUE,NOVALUE,NOVALUE
CFG731_150979e53a476752,x731,CFG731_0aa987e1ae960c88,37,TWO_CHARACTERISTIC,2,powerSupply|dev_advMeterVerification,2,True,F,GP,ST,4,1,N,N,NN,HS,NOVALUE,IS1,TT1,MN1,NOVALUE,FWI,NOVALUE,NOVALUE,1,NOVALUE
CFG731_004cd4d1985cbf17,x731,CFG731_0aa987e1ae960c88,37,TWO_CHARACTERISTIC,2,powerSupply|customUserFluid,2,True,F,GP,ST,4,1,N,N,NN,HS,NOVALUE,IS1,TT1,MN1,NOVALUE,FWI,1,NOVALUE,NOVALUE,NOVALUE
CFG731_e0342ac8cb29d190,x731,CFG731_0aa987e1ae960c88,37,TWO_CHARACTERISTIC,2,dev_advMeterVerification|customUserFluid,1,True,F,GP,ST,1,1,N,N,NN,HS,NOVALUE,IS1,TT1,MN1,NOVALUE,FWI,NOVALUE,NOVALUE,NOVALUE,NOVALUE
CFG731_620cb319c2b7c332,x731,CFG731_efc9d6b915117e15,38,ONE_CHARACTERISTIC,1,devCategory,1,True,G,GP,ST,1,1,A,2,NN,NN,CS1,NOVALUE,TT1,NOVALUE,MP1,FWI,1,NOVALUE,1,NOVALUE
CFG731_fd3397424975992e,x731,CFG731_efc9d6b915117e15,38,ONE_CHARACTERISTIC,1,powerSupply,1,True,F,GP,ST,4,1,A,2,NN,NN,CS1,NOVALUE,TT1,NOVALUE,MP1,FWI,1,NOVALUE,1,NOVALUE
CFG731_a61306c90e862e5e,x731,CFG731_efc9d6b915117e15,38,ONE_CHARACTERISTIC,1,stromSchaltbar,1,True,F,GP,ST,1,1,A,2,NN,NN,NOVALUE,NOVALUE,TT1,NOVALUE,MP1,FWI,1,NOVALUE,1,NOVALUE
CFG731_1e692ee109597ef2,x731,CFG731_efc9d6b915117e15,38,ONE_CHARACTERISTIC,1,binaerOpenColl_MP,1,True,F,GP,ST,1,1,A,2,NN,NN,CS1,NOVALUE,TT1,NOVALUE,NOVALUE,FWI,1,NOVALUE,1,NOVALUE
CFG731_a8ddc520c2e666f7,x731,CFG731_efc9d6b915117e15,38,ONE_CHARACTERISTIC,1,dev_advMeterVerification,1,True,F,GP,ST,1,1,A,2,NN,NN,CS1,NOVALUE,TT1,NOVALUE,MP1,FWI,NOVALUE,NOVALUE,1,NOVALUE
CFG731_b1531976c0d80b4a,x731,CFG731_efc9d6b915117e15,38,ONE_CHARACTERISTIC,1,customUserFluid,1,True,F,GP,ST,1,1,A,2,NN,NN,CS1,NOVALUE,TT1,NOVALUE,MP1,FWI,1,NOVALUE,NOVALUE,NOVALUE
CFG731_b661f405414c476e,x731,CFG731_efc9d6b915117e15,38,DEPENDENCY_TWO_CHARACTERISTIC,2,stromEingaenge|temperaturEingaenge,1,True,F,GP,ST,1,1,A,2,NN,NN,CS1,IS1,NOVALUE,NOVALUE,MP1,FWI,1,NOVALUE,1,NOVALUE
CFG731_357a7724550c556f,x731,CFG731_efc9d6b915117e15,38,DEPENDENCY_TWO_CHARACTERISTIC,2,stromSchaltbar|stromEingaenge,1,True,F,GP,ST,1,1,A,2,NN,NN,NOVALUE,IS1,TT1,NOVALUE,MP1,FWI,1,NOVALUE,1,NOVALUE
CFG731_c976e33226ef748e,x731,CFG731_efc9d6b915117e15,38,DEPENDENCY_TWO_CHARACTERISTIC,2,stromSchaltbar|temperaturEingaenge,1,True,F,GP,ST,1,1,A,2,NN,NN,NOVALUE,NOVALUE,NOVALUE,NOVALUE,MP1,FWI,1,NOVALUE,1,NOVALUE
CFG731_61d3af70b1c3d441,x731,CFG731_efc9d6b915117e15,38,TWO_CHARACTERISTIC,2,devCategory|powerSupply,2,True,G,GP,ST,4,1,A,2,NN,NN,CS1,NOVALUE,TT1,NOVALUE,MP1,FWI,1,NOVALUE,1,NOVALUE
CFG731_7370f5b39968dc9a,x731,CFG731_efc9d6b915117e15,38,TWO_CHARACTERISTIC,2,devCategory|dataInterface,1,True,G,GP,ST,1,1,A,2,NN,HS,CS1,NOVALUE,TT1,NOVALUE,MP1,FWI,1,NOVALUE,1,NOVALUE
CFG731_23f0816e3fef84ee,x731,CFG731_efc9d6b915117e15,38,TWO_CHARACTERISTIC,2,devCategory|stromSchaltbar,2,True,G,GP,ST,1,1,A,2,NN,NN,NOVALUE,NOVALUE,TT1,NOVALUE,MP1,FWI,1,NOVALUE,1,NOVALUE
CFG731_962b6fcde3072947,x731,CFG731_efc9d6b915117e15,38,TWO_CHARACTERISTIC,2,devCategory|stromEingaenge,1,True,G,GP,ST,1,1,A,2,NN,NN,CS1,IS1,TT1,NOVALUE,MP1,FWI,1,NOVALUE,1,NOVALUE
CFG731_ba522ec0a7a74924,x731,CFG731_efc9d6b915117e15,38,TWO_CHARACTERISTIC,2,devCategory|temperaturEingaenge,1,True,G,GP,ST,1,1,A,2,NN,NN,CS1,NOVALUE,NOVALUE,NOVALUE,MP1,FWI,1,NOVALUE,1,NOVALUE
CFG731_7ea9692d4e5b6d1c,x731,CFG731_efc9d6b915117e15,38,TWO_CHARACTERISTIC,2,devCategory|binaerOpenColl_MP,2,True,G,GP,ST,1,1,A,2,NN,NN,CS1,NOVALUE,TT1,NOVALUE,NOVALUE,FWI,1,NOVALUE,1,NOVALUE
CFG731_2efa1f85cdc58ce9,x731,CFG731_efc9d6b915117e15,38,TWO_CHARACTERISTIC,2,devCategory|dev_advMeterVerification,2,True,G,GP,ST,1,1,A,2,NN,NN,CS1,NOVALUE,TT1,NOVALUE,MP1,FWI,NOVALUE,NOVALUE,1,NOVALUE
CFG731_b525e5caba3146b8,x731,CFG731_efc9d6b915117e15,38,TWO_CHARACTERISTIC,2,devCategory|customUserFluid,2,True,G,GP,ST,1,1,A,2,NN,NN,CS1,NOVALUE,TT1,NOVALUE,MP1,FWI,1,NOVALUE,NOVALUE,NOVALUE
CFG731_92d4ed621aef46c2,x731,CFG731_efc9d6b915117e15,38,TWO_CHARACTERISTIC,2,powerSupply|dataInterface,1,True,F,GP,ST,4,1,A,2,NN,HS,CS1,NOVALUE,TT1,NOVALUE,MP1,FWI,1,NOVALUE,1,NOVALUE
CFG731_55a6c80d13b56399,x731,CFG731_efc9d6b915117e15,38,TWO_CHARACTERISTIC,2,powerSupply|stromSchaltbar,2,True,F,GP,ST,4,1,A,2,NN,NN,NOVALUE,NOVALUE,TT1,NOVALUE,MP1,FWI,1,NOVALUE,1,NOVALUE
CFG731_895d1c6b720d1d7a,x731,CFG731_efc9d6b915117e15,38,TWO_CHARACTERISTIC,2,powerSupply|stromEingaenge,1,True,F,GP,ST,4,1,A,2,NN,NN,CS1,IS1,TT1,NOVALUE,MP1,FWI,1,NOVALUE,1,NOVALUE
CFG731_344e071da5be9e04,x731,CFG731_efc9d6b915117e15,38,TWO_CHARACTERISTIC,2,powerSupply|temperaturEingaenge,1,True,F,GP,ST,4,1,A,2,NN,NN,CS1,NOVALUE,NOVALUE,NOVALUE,MP1,FWI,1,NOVALUE,1,NOVALUE
CFG731_1ff900b6ae7cc5b9,x731,CFG731_efc9d6b915117e15,38,TWO_CHARACTERISTIC,2,powerSupply|binaerOpenColl_MP,2,True,F,GP,ST,4,1,A,2,NN,NN,CS1,NOVALUE,TT1,NOVALUE,NOVALUE,FWI,1,NOVALUE,1,NOVALUE
CFG731_ef7dc9987c0ff289,x731,CFG731_efc9d6b915117e15,38,TWO_CHARACTERISTIC,2,powerSupply|dev_advMeterVerification,2,True,F,GP,ST,4,1,A,2,NN,NN,CS1,NOVALUE,TT1,NOVALUE,MP1,FWI,NOVALUE,NOVALUE,1,NOVALUE
CFG731_e65df8b5affd7b05,x731,CFG731_efc9d6b915117e15,38,TWO_CHARACTERISTIC,2,powerSupply|customUserFluid,2,True,F,GP,ST,4,1,A,2,NN,NN,CS1,NOVALUE,TT1,NOVALUE,MP1,FWI,1,NOVALUE,NOVALUE,NOVALUE
CFG731_5b4a5fddf8aa5e11,x731,CFG731_efc9d6b915117e15,38,TWO_CHARACTERISTIC,2,explosionApproval|binaerOpenColl_MP,1,True,F,GP,ST,1,1,F,2,NN,NN,CS1,NOVALUE,TT1,NOVALUE,NOVALUE,FWI,1,NOVALUE,1,NOVALUE
CFG731_54eb49b16de55b41,x731,CFG731_efc9d6b915117e15,38,TWO_CHARACTERISTIC,2,dataInterface|stromSchaltbar,1,True,F,GP,ST,1,1,A,2,NN,HS,NOVALUE,NOVALUE,TT1,NOVALUE,MP1,FWI,1,NOVALUE,1,NOVALUE
CFG731_80d1f89feb809c51,x731,CFG731_efc9d6b915117e15,38,TWO_CHARACTERISTIC,2,dataInterface|temperaturEingaenge,1,True,F,GP,ST,1,1,A,2,NN,HS,CS1,NOVALUE,NOVALUE,NOVALUE,MP1,FWI,1,NOVALUE,1,NOVALUE
CFG731_b3cd6a1a19fbc328,x731,CFG731_efc9d6b915117e15,38,TWO_CHARACTERISTIC,2,dataInterface|binaerOpenColl_MP,1,True,F,GP,ST,1,1,A,2,NN,HS,CS1,NOVALUE,TT1,NOVALUE,NOVALUE,FWI,1,NOVALUE,1,NOVALUE
CFG731_aa31c7019e5fef74,x731,CFG731_efc9d6b915117e15,38,TWO_CHARACTERISTIC,2,dataInterface|dev_advMeterVerification,1,True,F,GP,ST,1,1,A,2,NN,HS,CS1,NOVALUE,TT1,NOVALUE,MP1,FWI,NOVALUE,NOVALUE,1,NOVALUE
CFG731_35252ee33f546158,x731,CFG731_efc9d6b915117e15,38,TWO_CHARACTERISTIC,2,dataInterface|customUserFluid,1,True,F,GP,ST,1,1,A,2,NN,HS,CS1,NOVALUE,TT1,NOVALUE,MP1,FWI,1,NOVALUE,NOVALUE,NOVALUE
CFG731_172c288e777d2259,x731,CFG731_efc9d6b915117e15,38,TWO_CHARACTERISTIC,2,stromSchaltbar|binaerOpenColl_MP,2,True,F,GP,ST,1,1,A,2,NN,NN,NOVALUE,NOVALUE,TT1,NOVALUE,NOVALUE,FWI,1,NOVALUE,1,NOVALUE
CFG731_13c192b0b29f5458,x731,CFG731_efc9d6b915117e15,38,TWO_CHARACTERISTIC,2,stromSchaltbar|dev_advMeterVerification,2,True,F,GP,ST,1,1,A,2,NN,NN,NOVALUE,NOVALUE,TT1,NOVALUE,MP1,FWI,NOVALUE,NOVALUE,1,NOVALUE
CFG731_d26bfef9e8bf5db5,x731,CFG731_efc9d6b915117e15,38,TWO_CHARACTERISTIC,2,stromSchaltbar|customUserFluid,2,True,F,GP,ST,1,1,A,2,NN,NN,NOVALUE,NOVALUE,TT1,NOVALUE,MP1,FWI,1,NOVALUE,NOVALUE,NOVALUE
CFG731_dac2728c94a96068,x731,CFG731_efc9d6b915117e15,38,TWO_CHARACTERISTIC,2,stromEingaenge|binaerOpenColl_MP,1,True,F,GP,ST,1,1,A,2,NN,NN,CS1,IS1,TT1,NOVALUE,NOVALUE,FWI,1,NOVALUE,1,NOVALUE
CFG731_70a71b60723e910d,x731,CFG731_efc9d6b915117e15,38,TWO_CHARACTERISTIC,2,stromEingaenge|dev_advMeterVerification,1,True,F,GP,ST,1,1,A,2,NN,NN,CS1,IS1,TT1,NOVALUE,MP1,FWI,NOVALUE,NOVALUE,1,NOVALUE
CFG731_0848f22447616e6f,x731,CFG731_efc9d6b915117e15,38,TWO_CHARACTERISTIC,2,stromEingaenge|customUserFluid,1,True,F,GP,ST,1,1,A,2,NN,NN,CS1,IS1,TT1,NOVALUE,MP1,FWI,1,NOVALUE,NOVALUE,NOVALUE
CFG731_07aec18902123fec,x731,CFG731_efc9d6b915117e15,38,TWO_CHARACTERISTIC,2,temperaturEingaenge|binaerOpenColl_MP,1,True,F,GP,ST,1,1,A,2,NN,NN,CS1,NOVALUE,NOVALUE,NOVALUE,NOVALUE,FWI,1,NOVALUE,1,NOVALUE
CFG731_60e89591320e894c,x731,CFG731_efc9d6b915117e15,38,TWO_CHARACTERISTIC,2,temperaturEingaenge|dev_advMeterVerification,1,True,F,GP,ST,1,1,A,2,NN,NN,CS1,NOVALUE,NOVALUE,NOVALUE,MP1,FWI,NOVALUE,NOVALUE,1,NOVALUE
CFG731_0adf2e67687ef664,x731,CFG731_efc9d6b915117e15,38,TWO_CHARACTERISTIC,2,temperaturEingaenge|customUserFluid,1,True,F,GP,ST,1,1,A,2,NN,NN,CS1,NOVALUE,NOVALUE,NOVALUE,MP1,FWI,1,NOVALUE,NOVALUE,NOVALUE
CFG731_853a278429394533,x731,CFG731_efc9d6b915117e15,38,TWO_CHARACTERISTIC,2,binaerOpenColl_MP|dev_advMeterVerification,2,True,F,GP,ST,1,1,A,2,NN,NN,CS1,NOVALUE,TT1,NOVALUE,NOVALUE,FWI,NOVALUE,NOVALUE,1,NOVALUE
CFG731_d4390fcc2905b01a,x731,CFG731_efc9d6b915117e15,38,TWO_CHARACTERISTIC,2,binaerOpenColl_MP|customUserFluid,2,True,F,GP,ST,1,1,A,2,NN,NN,CS1,NOVALUE,TT1,NOVALUE,NOVALUE,FWI,1,NOVALUE,NOVALUE,NOVALUE
CFG731_5e0166a160f3ed77,x731,CFG731_efc9d6b915117e15,38,TWO_CHARACTERISTIC,2,dev_advMeterVerification|customUserFluid,2,True,F,GP,ST,1,1,A,2,NN,NN,CS1,NOVALUE,TT1,NOVALUE,MP1,FWI,NOVALUE,NOVALUE,NOVALUE,NOVALUE
CFG731_3eb43f2b1c8803b2,x731,CFG731_da02526d254e2e35,40,TWO_CHARACTERISTIC,2,devCategory|powerSupply,2,True,G,GP,ST,4,1,A,2,NN,NN,CS1,IS1,TT1,NOVALUE,MP1,FWI,1,NOVALUE,1,NOVALUE
CFG731_f693af423cd0a85a,x731,CFG731_da02526d254e2e35,40,TWO_CHARACTERISTIC,2,devCategory|dataInterface,1,True,G,GP,ST,1,1,A,2,NN,HS,CS1,IS1,TT1,NOVALUE,MP1,FWI,1,NOVALUE,1,NOVALUE
CFG731_ac52d4fe291699dc,x731,CFG731_da02526d254e2e35,40,TWO_CHARACTERISTIC,2,devCategory|stromSchaltbar,2,True,G,GP,ST,1,1,A,2,NN,NN,NOVALUE,IS1,TT1,NOVALUE,MP1,FWI,1,NOVALUE,1,NOVALUE
CFG731_3450383be0000281,x731,CFG731_da02526d254e2e35,40,TWO_CHARACTERISTIC,2,devCategory|temperaturEingaenge,2,True,G,GP,ST,1,1,A,2,NN,NN,CS1,IS1,NOVALUE,NOVALUE,MP1,FWI,1,NOVALUE,1,NOVALUE
CFG731_bdd144687fe20504,x731,CFG731_da02526d254e2e35,40,TWO_CHARACTERISTIC,2,devCategory|binaerOpenColl_MP,2,True,G,GP,ST,1,1,A,2,NN,NN,CS1,IS1,TT1,NOVALUE,NOVALUE,FWI,1,NOVALUE,1,NOVALUE
CFG731_4f657a7e6c8f087b,x731,CFG731_da02526d254e2e35,40,TWO_CHARACTERISTIC,2,devCategory|dev_advMeterVerification,2,True,G,GP,ST,1,1,A,2,NN,NN,CS1,IS1,TT1,NOVALUE,MP1,FWI,NOVALUE,NOVALUE,1,NOVALUE
CFG731_fb21957ed57047de,x731,CFG731_da02526d254e2e35,40,TWO_CHARACTERISTIC,2,devCategory|customUserFluid,2,True,G,GP,ST,1,1,A,2,NN,NN,CS1,IS1,TT1,NOVALUE,MP1,FWI,1,NOVALUE,NOVALUE,NOVALUE
CFG731_6e27958dc8215006,x731,CFG731_da02526d254e2e35,40,TWO_CHARACTERISTIC,2,powerSupply|dataInterface,1,True,F,GP,ST,4,1,A,2,NN,HS,CS1,IS1,TT1,NOVALUE,MP1,FWI,1,NOVALUE,1,NOVALUE
CFG731_11fa2eb795976f94,x731,CFG731_da02526d254e2e35,40,TWO_CHARACTERISTIC,2,powerSupply|stromSchaltbar,2,True,F,GP,ST,4,1,A,2,NN,NN,NOVALUE,IS1,TT1,NOVALUE,MP1,FWI,1,NOVALUE,1,NOVALUE
CFG731_d5021d358a9153e4,x731,CFG731_da02526d254e2e35,40,TWO_CHARACTERISTIC,2,powerSupply|temperaturEingaenge,2,True,F,GP,ST,4,1,A,2,NN,NN,CS1,IS1,NOVALUE,NOVALUE,MP1,FWI,1,NOVALUE,1,NOVALUE
CFG731_1c5e36d4fceb48ec,x731,CFG731_da02526d254e2e35,40,TWO_CHARACTERISTIC,2,powerSupply|binaerOpenColl_MP,2,True,F,GP,ST,4,1,A,2,NN,NN,CS1,IS1,TT1,NOVALUE,NOVALUE,FWI,1,NOVALUE,1,NOVALUE
CFG731_cfd76bae1adb5727,x731,CFG731_da02526d254e2e35,40,TWO_CHARACTERISTIC,2,powerSupply|dev_advMeterVerification,2,True,F,GP,ST,4,1,A,2,NN,NN,CS1,IS1,TT1,NOVALUE,MP1,FWI,NOVALUE,NOVALUE,1,NOVALUE
CFG731_a56bcd5ac9f53d32,x731,CFG731_da02526d254e2e35,40,TWO_CHARACTERISTIC,2,powerSupply|customUserFluid,2,True,F,GP,ST,4,1,A,2,NN,NN,CS1,IS1,TT1,NOVALUE,MP1,FWI,1,NOVALUE,NOVALUE,NOVALUE
CFG731_49fe7a9d3e1ae54e,x731,CFG731_da02526d254e2e35,40,TWO_CHARACTERISTIC,2,explosionApproval|binaerOpenColl_MP,1,True,F,GP,ST,1,1,F,2,NN,NN,CS1,IS1,TT1,NOVALUE,NOVALUE,FWI,1,NOVALUE,1,NOVALUE
CFG731_d61fcc328619f135,x731,CFG731_da02526d254e2e35,40,TWO_CHARACTERISTIC,2,dataInterface|temperaturEingaenge,1,True,F,GP,ST,1,1,A,2,NN,HS,CS1,IS1,NOVALUE,NOVALUE,MP1,FWI,1,NOVALUE,1,NOVALUE
CFG731_927f189839c665ae,x731,CFG731_da02526d254e2e35,40,TWO_CHARACTERISTIC,2,dataInterface|binaerOpenColl_MP,1,True,F,GP,ST,1,1,A,2,NN,HS,CS1,IS1,TT1,NOVALUE,NOVALUE,FWI,1,NOVALUE,1,NOVALUE
CFG731_001ffd79a9447470,x731,CFG731_da02526d254e2e35,40,TWO_CHARACTERISTIC,2,dataInterface|dev_advMeterVerification,1,True,F,GP,ST,1,1,A,2,NN,HS,CS1,IS1,TT1,NOVALUE,MP1,FWI,NOVALUE,NOVALUE,1,NOVALUE
CFG731_7e8127b22098c853,x731,CFG731_da02526d254e2e35,40,TWO_CHARACTERISTIC,2,dataInterface|customUserFluid,1,True,F,GP,ST,1,1,A,2,NN,HS,CS1,IS1,TT1,NOVALUE,MP1,FWI,1,NOVALUE,NOVALUE,NOVALUE
CFG731_319fa88cd7b9bb4b,x731,CFG731_da02526d254e2e35,40,TWO_CHARACTERISTIC,2,stromSchaltbar|binaerOpenColl_MP,2,True,F,GP,ST,1,1,A,2,NN,NN,NOVALUE,IS1,TT1,NOVALUE,NOVALUE,FWI,1,NOVALUE,1,NOVALUE
CFG731_ce4c7976fe8fc47b,x731,CFG731_da02526d254e2e35,40,TWO_CHARACTERISTIC,2,stromSchaltbar|dev_advMeterVerification,2,True,F,GP,ST,1,1,A,2,NN,NN,NOVALUE,IS1,TT1,NOVALUE,MP1,FWI,NOVALUE,NOVALUE,1,NOVALUE
CFG731_96ba8a03518a8729,x731,CFG731_da02526d254e2e35,40,TWO_CHARACTERISTIC,2,stromSchaltbar|customUserFluid,2,True,F,GP,ST,1,1,A,2,NN,NN,NOVALUE,IS1,TT1,NOVALUE,MP1,FWI,1,NOVALUE,NOVALUE,NOVALUE
CFG731_241261e6f2e0673c,x731,CFG731_da02526d254e2e35,40,TWO_CHARACTERISTIC,2,temperaturEingaenge|binaerOpenColl_MP,2,True,F,GP,ST,1,1,A,2,NN,NN,CS1,IS1,NOVALUE,NOVALUE,NOVALUE,FWI,1,NOVALUE,1,NOVALUE
CFG731_332f7213ec66db86,x731,CFG731_da02526d254e2e35,40,TWO_CHARACTERISTIC,2,temperaturEingaenge|dev_advMeterVerification,2,True,F,GP,ST,1,1,A,2,NN,NN,CS1,IS1,NOVALUE,NOVALUE,MP1,FWI,NOVALUE,NOVALUE,1,NOVALUE
CFG731_5d00c7c0b6230943,x731,CFG731_da02526d254e2e35,40,TWO_CHARACTERISTIC,2,temperaturEingaenge|customUserFluid,2,True,F,GP,ST,1,1,A,2,NN,NN,CS1,IS1,NOVALUE,NOVALUE,MP1,FWI,1,NOVALUE,NOVALUE,NOVALUE
CFG731_382cab6aeda071d6,x731,CFG731_da02526d254e2e35,40,TWO_CHARACTERISTIC,2,binaerOpenColl_MP|dev_advMeterVerification,2,True,F,GP,ST,1,1,A,2,NN,NN,CS1,IS1,TT1,NOVALUE,NOVALUE,FWI,NOVALUE,NOVALUE,1,NOVALUE
CFG731_cd9066fa86927abc,x731,CFG731_da02526d254e2e35,40,TWO_CHARACTERISTIC,2,binaerOpenColl_MP|customUserFluid,2,True,F,GP,ST,1,1,A,2,NN,NN,CS1,IS1,TT1,NOVALUE,NOVALUE,FWI,1,NOVALUE,NOVALUE,NOVALUE
CFG731_e5e722b510c96bb7,x731,CFG731_da02526d254e2e35,40,TWO_CHARACTERISTIC,2,dev_advMeterVerification|customUserFluid,1,True,F,GP,ST,1,1,A,2,NN,NN,CS1,IS1,TT1,NOVALUE,MP1,FWI,NOVALUE,NOVALUE,NOVALUE,NOVALUE
CFG731_38b0792ceb9a3747,x731,CFG731_901acdfc4a61ad77,43,ONE_CHARACTERISTIC,1,devCategory,1,True,G,GP,ST,1,1,A,2,NN,NN,NOVALUE,IS1,NOVALUE,NOVALUE,MP1,FWI,1,NOVALUE,1,NOVALUE
CFG731_45106eaed87837a4,x731,CFG731_901acdfc4a61ad77,43,ONE_CHARACTERISTIC,1,powerSupply,1,True,F,GP,ST,4,1,A,2,NN,NN,NOVALUE,IS1,NOVALUE,NOVALUE,MP1,FWI,1,NOVALUE,1,NOVALUE
CFG731_2590cdb37d481b9a,x731,CFG731_901acdfc4a61ad77,43,ONE_CHARACTERISTIC,1,dataInterface,1,True,F,GP,ST,1,1,A,2,NN,HS,NOVALUE,IS1,NOVALUE,NOVALUE,MP1,FWI,1,NOVALUE,1,NOVALUE
CFG731_6ceb4e8172836111,x731,CFG731_901acdfc4a61ad77,43,ONE_CHARACTERISTIC,1,binaerOpenColl_MP,1,True,F,GP,ST,1,1,A,2,NN,NN,NOVALUE,IS1,NOVALUE,NOVALUE,NOVALUE,FWI,1,NOVALUE,1,NOVALUE
CFG731_9421d0dfc4fe58b8,x731,CFG731_901acdfc4a61ad77,43,ONE_CHARACTERISTIC,1,dev_advMeterVerification,1,True,F,GP,ST,1,1,A,2,NN,NN,NOVALUE,IS1,NOVALUE,NOVALUE,MP1,FWI,NOVALUE,NOVALUE,1,NOVALUE
CFG731_31b82ee906484bbd,x731,CFG731_901acdfc4a61ad77,43,ONE_CHARACTERISTIC,1,customUserFluid,1,True,F,GP,ST,1,1,A,2,NN,NN,NOVALUE,IS1,NOVALUE,NOVALUE,MP1,FWI,1,NOVALUE,NOVALUE,NOVALUE
CFG731_0debd48d751afb65,x731,CFG731_901acdfc4a61ad77,43,TWO_CHARACTERISTIC,2,devCategory|powerSupply,2,True,G,GP,ST,4,1,A,2,NN,NN,NOVALUE,IS1,NOVALUE,NOVALUE,MP1,FWI,1,NOVALUE,1,NOVALUE
CFG731_ac0afdf0909fb81e,x731,CFG731_901acdfc4a61ad77,43,TWO_CHARACTERISTIC,2,devCategory|dataInterface,2,True,G,GP,ST,1,1,A,2,NN,HS,NOVALUE,IS1,NOVALUE,NOVALUE,MP1,FWI,1,NOVALUE,1,NOVALUE
CFG731_3d23be50451b792d,x731,CFG731_901acdfc4a61ad77,43,TWO_CHARACTERISTIC,2,devCategory|stromEingaenge,2,True,G,GP,ST,1,1,A,2,NN,NN,NOVALUE,NOVALUE,NOVALUE,NOVALUE,MP1,FWI,1,NOVALUE,1,NOVALUE
CFG731_13de4df4f281385e,x731,CFG731_901acdfc4a61ad77,43,TWO_CHARACTERISTIC,2,devCategory|binaerOpenColl_MP,2,True,G,GP,ST,1,1,A,2,NN,NN,NOVALUE,IS1,NOVALUE,NOVALUE,NOVALUE,FWI,1,NOVALUE,1,NOVALUE
CFG731_5eaf91573f319a0c,x731,CFG731_901acdfc4a61ad77,43,TWO_CHARACTERISTIC,2,devCategory|dev_advMeterVerification,2,True,G,GP,ST,1,1,A,2,NN,NN,NOVALUE,IS1,NOVALUE,NOVALUE,MP1,FWI,NOVALUE,NOVALUE,1,NOVALUE
CFG731_3ce2e244b2efd6f6,x731,CFG731_901acdfc4a61ad77,43,TWO_CHARACTERISTIC,2,devCategory|customUserFluid,2,True,G,GP,ST,1,1,A,2,NN,NN,NOVALUE,IS1,NOVALUE,NOVALUE,MP1,FWI,1,NOVALUE,NOVALUE,NOVALUE
CFG731_f38ad54cea3a28fb,x731,CFG731_901acdfc4a61ad77,43,TWO_CHARACTERISTIC,2,powerSupply|dataInterface,2,True,F,GP,ST,4,1,A,2,NN,HS,NOVALUE,IS1,NOVALUE,NOVALUE,MP1,FWI,1,NOVALUE,1,NOVALUE
CFG731_aa004572f92ac84b,x731,CFG731_901acdfc4a61ad77,43,TWO_CHARACTERISTIC,2,powerSupply|stromEingaenge,2,True,F,GP,ST,4,1,A,2,NN,NN,NOVALUE,NOVALUE,NOVALUE,NOVALUE,MP1,FWI,1,NOVALUE,1,NOVALUE
CFG731_38659df376642af3,x731,CFG731_901acdfc4a61ad77,43,TWO_CHARACTERISTIC,2,powerSupply|binaerOpenColl_MP,2,True,F,GP,ST,4,1,A,2,NN,NN,NOVALUE,IS1,NOVALUE,NOVALUE,NOVALUE,FWI,1,NOVALUE,1,NOVALUE
CFG731_0c50f23466d163b2,x731,CFG731_901acdfc4a61ad77,43,TWO_CHARACTERISTIC,2,powerSupply|dev_advMeterVerification,2,True,F,GP,ST,4,1,A,2,NN,NN,NOVALUE,IS1,NOVALUE,NOVALUE,MP1,FWI,NOVALUE,NOVALUE,1,NOVALUE
CFG731_fc9e4346eb332cb9,x731,CFG731_901acdfc4a61ad77,43,TWO_CHARACTERISTIC,2,powerSupply|customUserFluid,2,True,F,GP,ST,4,1,A,2,NN,NN,NOVALUE,IS1,NOVALUE,NOVALUE,MP1,FWI,1,NOVALUE,NOVALUE,NOVALUE
CFG731_9a6bb2143f8f76ed,x731,CFG731_901acdfc4a61ad77,43,TWO_CHARACTERISTIC,2,explosionApproval|binaerOpenColl_MP,1,True,F,GP,ST,1,1,F,2,NN,NN,NOVALUE,IS1,NOVALUE,NOVALUE,NOVALUE,FWI,1,NOVALUE,1,NOVALUE
CFG731_8b0890c8bf1862b6,x731,CFG731_901acdfc4a61ad77,43,TWO_CHARACTERISTIC,2,dataInterface|stromEingaenge,2,True,F,GP,ST,1,1,A,2,NN,HS,NOVALUE,NOVALUE,NOVALUE,NOVALUE,MP1,FWI,1,NOVALUE,1,NOVALUE
CFG731_b8e552b50838971e,x731,CFG731_901acdfc4a61ad77,43,TWO_CHARACTERISTIC,2,dataInterface|binaerOpenColl_MP,2,True,F,GP,ST,1,1,A,2,NN,HS,NOVALUE,IS1,NOVALUE,NOVALUE,NOVALUE,FWI,1,NOVALUE,1,NOVALUE
CFG731_cafec33ffbbacbb9,x731,CFG731_901acdfc4a61ad77,43,TWO_CHARACTERISTIC,2,dataInterface|dev_advMeterVerification,2,True,F,GP,ST,1,1,A,2,NN,HS,NOVALUE,IS1,NOVALUE,NOVALUE,MP1,FWI,NOVALUE,NOVALUE,1,NOVALUE
CFG731_28390e3847ced6f5,x731,CFG731_901acdfc4a61ad77,43,TWO_CHARACTERISTIC,2,dataInterface|customUserFluid,2,True,F,GP,ST,1,1,A,2,NN,HS,NOVALUE,IS1,NOVALUE,NOVALUE,MP1,FWI,1,NOVALUE,NOVALUE,NOVALUE
CFG731_1d3333c9a0d52a39,x731,CFG731_901acdfc4a61ad77,43,TWO_CHARACTERISTIC,2,stromEingaenge|binaerOpenColl_MP,2,True,F,GP,ST,1,1,A,2,NN,NN,NOVALUE,NOVALUE,NOVALUE,NOVALUE,NOVALUE,FWI,1,NOVALUE,1,NOVALUE
CFG731_034160079d9ce418,x731,CFG731_901acdfc4a61ad77,43,TWO_CHARACTERISTIC,2,stromEingaenge|dev_advMeterVerification,2,True,F,GP,ST,1,1,A,2,NN,NN,NOVALUE,NOVALUE,NOVALUE,NOVALUE,MP1,FWI,NOVALUE,NOVALUE,1,NOVALUE
CFG731_a7aba912cacdcceb,x731,CFG731_901acdfc4a61ad77,43,TWO_CHARACTERISTIC,2,stromEingaenge|customUserFluid,2,True,F,GP,ST,1,1,A,2,NN,NN,NOVALUE,NOVALUE,NOVALUE,NOVALUE,MP1,FWI,1,NOVALUE,NOVALUE,NOVALUE
CFG731_ba56bd0f8850cb34,x731,CFG731_901acdfc4a61ad77,43,TWO_CHARACTERISTIC,2,binaerOpenColl_MP|dev_advMeterVerification,2,True,F,GP,ST,1,1,A,2,NN,NN,NOVALUE,IS1,NOVALUE,NOVALUE,NOVALUE,FWI,NOVALUE,NOVALUE,1,NOVALUE
CFG731_7b4d9c090dc23516,x731,CFG731_901acdfc4a61ad77,43,TWO_CHARACTERISTIC,2,binaerOpenColl_MP|customUserFluid,2,True,F,GP,ST,1,1,A,2,NN,NN,NOVALUE,IS1,NOVALUE,NOVALUE,NOVALUE,FWI,1,NOVALUE,NOVALUE,NOVALUE
CFG731_a83eda639b5e51e2,x731,CFG731_901acdfc4a61ad77,43,TWO_CHARACTERISTIC,2,dev_advMeterVerification|customUserFluid,2,True,F,GP,ST,1,1,A,2,NN,NN,NOVALUE,IS1,NOVALUE,NOVALUE,MP1,FWI,NOVALUE,NOVALUE,NOVALUE,NOVALUE
CFG731_7243fbc5a97c88cb,x731,CFG731_4c42dcb2d8606e20,44,TWO_CHARACTERISTIC,2,devCategory|powerSupply,2,True,G,GP,ST,4,1,A,2,NN,NN,CS1,NOVALUE,NOVALUE,NOVALUE,MP1,FWI,1,NOVALUE,1,NOVALUE
CFG731_cdb784b7e180fe67,x731,CFG731_4c42dcb2d8606e20,44,TWO_CHARACTERISTIC,2,devCategory|dataInterface,2,True,G,GP,ST,1,1,A,2,NN,HS,CS1,NOVALUE,NOVALUE,NOVALUE,MP1,FWI,1,NOVALUE,1,NOVALUE
CFG731_e2737e983cd3c48f,x731,CFG731_4c42dcb2d8606e20,44,TWO_CHARACTERISTIC,2,devCategory|binaerOpenColl_MP,2,True,G,GP,ST,1,1,A,2,NN,NN,CS1,NOVALUE,NOVALUE,NOVALUE,NOVALUE,FWI,1,NOVALUE,1,NOVALUE
CFG731_5765c8fbc8c31601,x731,CFG731_4c42dcb2d8606e20,44,TWO_CHARACTERISTIC,2,devCategory|dev_advMeterVerification,2,True,G,GP,ST,1,1,A,2,NN,NN,CS1,NOVALUE,NOVALUE,NOVALUE,MP1,FWI,NOVALUE,NOVALUE,1,NOVALUE
CFG731_fc7ecc49817de833,x731,CFG731_4c42dcb2d8606e20,44,TWO_CHARACTERISTIC,2,devCategory|customUserFluid,2,True,G,GP,ST,1,1,A,2,NN,NN,CS1,NOVALUE,NOVALUE,NOVALUE,MP1,FWI,1,NOVALUE,NOVALUE,NOVALUE
CFG731_58ed6f9d3568afba,x731,CFG731_4c42dcb2d8606e20,44,TWO_CHARACTERISTIC,2,powerSupply|dataInterface,2,True,F,GP,ST,4,1,A,2,NN,HS,CS1,NOVALUE,NOVALUE,NOVALUE,MP1,FWI,1,NOVALUE,1,NOVALUE
CFG731_895e2d5de6985d93,x731,CFG731_4c42dcb2d8606e20,44,TWO_CHARACTERISTIC,2,powerSupply|binaerOpenColl_MP,2,True,F,GP,ST,4,1,A,2,NN,NN,CS1,NOVALUE,NOVALUE,NOVALUE,NOVALUE,FWI,1,NOVALUE,1,NOVALUE
CFG731_b79528dcc4208881,x731,CFG731_4c42dcb2d8606e20,44,TWO_CHARACTERISTIC,2,powerSupply|dev_advMeterVerification,2,True,F,GP,ST,4,1,A,2,NN,NN,CS1,NOVALUE,NOVALUE,NOVALUE,MP1,FWI,NOVALUE,NOVALUE,1,NOVALUE
CFG731_164e84569c2cee64,x731,CFG731_4c42dcb2d8606e20,44,TWO_CHARACTERISTIC,2,powerSupply|customUserFluid,2,True,F,GP,ST,4,1,A,2,NN,NN,CS1,NOVALUE,NOVALUE,NOVALUE,MP1,FWI,1,NOVALUE,NOVALUE,NOVALUE
CFG731_8d8ba8ec202e818e,x731,CFG731_4c42dcb2d8606e20,44,TWO_CHARACTERISTIC,2,explosionApproval|binaerOpenColl_MP,1,True,F,GP,ST,1,1,F,2,NN,NN,CS1,NOVALUE,NOVALUE,NOVALUE,NOVALUE,FWI,1,NOVALUE,1,NOVALUE
CFG731_ee4cfe0ef67af4cd,x731,CFG731_4c42dcb2d8606e20,44,TWO_CHARACTERISTIC,2,dataInterface|binaerOpenColl_MP,2,True,F,GP,ST,1,1,A,2,NN,HS,CS1,NOVALUE,NOVALUE,NOVALUE,NOVALUE,FWI,1,NOVALUE,1,NOVALUE
CFG731_7a941b9a49372410,x731,CFG731_4c42dcb2d8606e20,44,TWO_CHARACTERISTIC,2,dataInterface|dev_advMeterVerification,2,True,F,GP,ST,1,1,A,2,NN,HS,CS1,NOVALUE,NOVALUE,NOVALUE,MP1,FWI,NOVALUE,NOVALUE,1,NOVALUE
CFG731_f836ff14d3f75efa,x731,CFG731_4c42dcb2d8606e20,44,TWO_CHARACTERISTIC,2,dataInterface|customUserFluid,2,True,F,GP,ST,1,1,A,2,NN,HS,CS1,NOVALUE,NOVALUE,NOVALUE,MP1,FWI,1,NOVALUE,NOVALUE,NOVALUE
CFG731_c0dc535399f71de8,x731,CFG731_4c42dcb2d8606e20,44,TWO_CHARACTERISTIC,2,binaerOpenColl_MP|dev_advMeterVerification,2,True,F,GP,ST,1,1,A,2,NN,NN,CS1,NOVALUE,NOVALUE,NOVALUE,NOVALUE,FWI,NOVALUE,NOVALUE,1,NOVALUE
CFG731_5b5dfb10a254ba8e,x731,CFG731_4c42dcb2d8606e20,44,TWO_CHARACTERISTIC,2,binaerOpenColl_MP|customUserFluid,2,True,F,GP,ST,1,1,A,2,NN,NN,CS1,NOVALUE,NOVALUE,NOVALUE,NOVALUE,FWI,1,NOVALUE,NOVALUE,NOVALUE
CFG731_f3bca0b1ac809a4e,x731,CFG731_4c42dcb2d8606e20,44,TWO_CHARACTERISTIC,2,dev_advMeterVerification|customUserFluid,2,True,F,GP,ST,1,1,A,2,NN,NN,CS1,NOVALUE,NOVALUE,NOVALUE,MP1,FWI,NOVALUE,NOVALUE,NOVALUE,NOVALUE
CFG731_5f8e1466b9987371,x731,CFG731_70b38ab75d3ca724,52,TWO_CHARACTERISTIC,2,devCategory|powerSupply,2,True,G,GP,ST,4,1,A,2,NN,HS,CS1,NOVALUE,TT1,NOVALUE,MP1,FWI,1,NOVALUE,1,NOVALUE
CFG731_10c872831068844c,x731,CFG731_70b38ab75d3ca724,52,TWO_CHARACTERISTIC,2,devCategory|stromSchaltbar,2,True,G,GP,ST,1,1,A,2,NN,HS,NOVALUE,NOVALUE,TT1,NOVALUE,MP1,FWI,1,NOVALUE,1,NOVALUE
CFG731_a608d6c3218ea27f,x731,CFG731_70b38ab75d3ca724,52,TWO_CHARACTERISTIC,2,devCategory|binaerOpenColl_MP,2,True,G,GP,ST,1,1,A,2,NN,HS,CS1,NOVALUE,TT1,NOVALUE,NOVALUE,FWI,1,NOVALUE,1,NOVALUE
CFG731_6751dd4d3a36fdfa,x731,CFG731_70b38ab75d3ca724,52,TWO_CHARACTERISTIC,2,devCategory|dev_advMeterVerification,2,True,G,GP,ST,1,1,A,2,NN,HS,CS1,NOVALUE,TT1,NOVALUE,MP1,FWI,NOVALUE,NOVALUE,1,NOVALUE
CFG731_87ce9768865f4127,x731,CFG731_70b38ab75d3ca724,52,TWO_CHARACTERISTIC,2,devCategory|customUserFluid,2,True,G,GP,ST,1,1,A,2,NN,HS,CS1,NOVALUE,TT1,NOVALUE,MP1,FWI,1,NOVALUE,NOVALUE,NOVALUE
CFG731_c38972205716c883,x731,CFG731_70b38ab75d3ca724,52,TWO_CHARACTERISTIC,2,powerSupply|stromSchaltbar,2,True,F,GP,ST,4,1,A,2,NN,HS,NOVALUE,NOVALUE,TT1,NOVALUE,MP1,FWI,1,NOVALUE,1,NOVALUE
CFG731_71848931c692e761,x731,CFG731_70b38ab75d3ca724,52,TWO_CHARACTERISTIC,2,powerSupply|binaerOpenColl_MP,2,True,F,GP,ST,4,1,A,2,NN,HS,CS1,NOVALUE,TT1,NOVALUE,NOVALUE,FWI,1,NOVALUE,1,NOVALUE
CFG731_621e68c1c8875855,x731,CFG731_70b38ab75d3ca724,52,TWO_CHARACTERISTIC,2,powerSupply|dev_advMeterVerification,2,True,F,GP,ST,4,1,A,2,NN,HS,CS1,NOVALUE,TT1,NOVALUE,MP1,FWI,NOVALUE,NOVALUE,1,NOVALUE
CFG731_bf10e286a85ae1a6,x731,CFG731_70b38ab75d3ca724,52,TWO_CHARACTERISTIC,2,powerSupply|customUserFluid,2,True,F,GP,ST,4,1,A,2,NN,HS,CS1,NOVALUE,TT1,NOVALUE,MP1,FWI,1,NOVALUE,NOVALUE,NOVALUE
CFG731_6d0d64ab66a91d89,x731,CFG731_70b38ab75d3ca724,52,TWO_CHARACTERISTIC,2,explosionApproval|binaerOpenColl_MP,1,True,F,GP,ST,1,1,F,2,NN,HS,CS1,NOVALUE,TT1,NOVALUE,NOVALUE,FWI,1,NOVALUE,1,NOVALUE
CFG731_b967a47b7abbd2f8,x731,CFG731_70b38ab75d3ca724,52,TWO_CHARACTERISTIC,2,stromSchaltbar|binaerOpenColl_MP,2,True,F,GP,ST,1,1,A,2,NN,HS,NOVALUE,NOVALUE,TT1,NOVALUE,NOVALUE,FWI,1,NOVALUE,1,NOVALUE
CFG731_4514730a70640409,x731,CFG731_70b38ab75d3ca724,52,TWO_CHARACTERISTIC,2,stromSchaltbar|dev_advMeterVerification,2,True,F,GP,ST,1,1,A,2,NN,HS,NOVALUE,NOVALUE,TT1,NOVALUE,MP1,FWI,NOVALUE,NOVALUE,1,NOVALUE
CFG731_12b0a7f4abb14e7e,x731,CFG731_70b38ab75d3ca724,52,TWO_CHARACTERISTIC,2,stromSchaltbar|customUserFluid,2,True,F,GP,ST,1,1,A,2,NN,HS,NOVALUE,NOVALUE,TT1,NOVALUE,MP1,FWI,1,NOVALUE,NOVALUE,NOVALUE
CFG731_8ef0e8c8f97351b5,x731,CFG731_70b38ab75d3ca724,52,TWO_CHARACTERISTIC,2,binaerOpenColl_MP|dev_advMeterVerification,2,True,F,GP,ST,1,1,A,2,NN,HS,CS1,NOVALUE,TT1,NOVALUE,NOVALUE,FWI,NOVALUE,NOVALUE,1,NOVALUE
CFG731_b0cb3b337215aa5b,x731,CFG731_70b38ab75d3ca724,52,TWO_CHARACTERISTIC,2,binaerOpenColl_MP|customUserFluid,2,True,F,GP,ST,1,1,A,2,NN,HS,CS1,NOVALUE,TT1,NOVALUE,NOVALUE,FWI,1,NOVALUE,NOVALUE,NOVALUE
CFG731_9259d1948f3d056a,x731,CFG731_70b38ab75d3ca724,52,TWO_CHARACTERISTIC,2,dev_advMeterVerification|customUserFluid,2,True,F,GP,ST,1,1,A,2,NN,HS,CS1,NOVALUE,TT1,NOVALUE,MP1,FWI,NOVALUE,NOVALUE,NOVALUE,NOVALUE
CFG731_ff8cbb0b097a5a97,x731,CFG731_32b1041fd68aac23,54,TWO_CHARACTERISTIC,2,devCategory|powerSupply,2,True,G,GP,ST,4,1,A,2,NN,HS,CS1,IS1,TT1,NOVALUE,MP1,FWI,1,NOVALUE,1,NOVALUE
CFG731_30afbdc3788648cc,x731,CFG731_32b1041fd68aac23,54,TWO_CHARACTERISTIC,2,devCategory|stromSchaltbar,1,True,G,GP,ST,1,1,A,2,NN,HS,NOVALUE,IS1,TT1,NOVALUE,MP1,FWI,1,NOVALUE,1,NOVALUE
CFG731_b3245aeaf6d3a5b6,x731,CFG731_32b1041fd68aac23,54,TWO_CHARACTERISTIC,2,devCategory|temperaturEingaenge,2,True,G,GP,ST,1,1,A,2,NN,HS,CS1,IS1,NOVALUE,NOVALUE,MP1,FWI,1,NOVALUE,1,NOVALUE
CFG731_5afc698ebd8d5284,x731,CFG731_32b1041fd68aac23,54,TWO_CHARACTERISTIC,2,devCategory|binaerOpenColl_MP,2,True,G,GP,ST,1,1,A,2,NN,HS,CS1,IS1,TT1,NOVALUE,NOVALUE,FWI,1,NOVALUE,1,NOVALUE
CFG731_aacf790c5259123d,x731,CFG731_32b1041fd68aac23,54,TWO_CHARACTERISTIC,2,devCategory|dev_advMeterVerification,2,True,G,GP,ST,1,1,A,2,NN,HS,CS1,IS1,TT1,NOVALUE,MP1,FWI,NOVALUE,NOVALUE,1,NOVALUE
CFG731_6767d266d6f17a78,x731,CFG731_32b1041fd68aac23,54,TWO_CHARACTERISTIC,2,devCategory|customUserFluid,2,True,G,GP,ST,1,1,A,2,NN,HS,CS1,IS1,TT1,NOVALUE,MP1,FWI,1,NOVALUE,NOVALUE,NOVALUE
CFG731_c9f7a6e9a165e99d,x731,CFG731_32b1041fd68aac23,54,TWO_CHARACTERISTIC,2,powerSupply|stromSchaltbar,1,True,F,GP,ST,4,1,A,2,NN,HS,NOVALUE,IS1,TT1,NOVALUE,MP1,FWI,1,NOVALUE,1,NOVALUE
CFG731_6ad133c319e6329c,x731,CFG731_32b1041fd68aac23,54,TWO_CHARACTERISTIC,2,powerSupply|temperaturEingaenge,2,True,F,GP,ST,4,1,A,2,NN,HS,CS1,IS1,NOVALUE,NOVALUE,MP1,FWI,1,NOVALUE,1,NOVALUE
CFG731_9f63032cbb0e56c4,x731,CFG731_32b1041fd68aac23,54,TWO_CHARACTERISTIC,2,powerSupply|binaerOpenColl_MP,2,True,F,GP,ST,4,1,A,2,NN,HS,CS1,IS1,TT1,NOVALUE,NOVALUE,FWI,1,NOVALUE,1,NOVALUE
CFG731_5e99d90e8c2ac032,x731,CFG731_32b1041fd68aac23,54,TWO_CHARACTERISTIC,2,powerSupply|dev_advMeterVerification,2,True,F,GP,ST,4,1,A,2,NN,HS,CS1,IS1,TT1,NOVALUE,MP1,FWI,NOVALUE,NOVALUE,1,NOVALUE
CFG731_2be1221b4299acee,x731,CFG731_32b1041fd68aac23,54,TWO_CHARACTERISTIC,2,powerSupply|customUserFluid,2,True,F,GP,ST,4,1,A,2,NN,HS,CS1,IS1,TT1,NOVALUE,MP1,FWI,1,NOVALUE,NOVALUE,NOVALUE
CFG731_c580e57f48a370de,x731,CFG731_32b1041fd68aac23,54,TWO_CHARACTERISTIC,2,explosionApproval|binaerOpenColl_MP,1,True,F,GP,ST,1,1,F,2,NN,HS,CS1,IS1,TT1,NOVALUE,NOVALUE,FWI,1,NOVALUE,1,NOVALUE
CFG731_eee0afc1fce68131,x731,CFG731_32b1041fd68aac23,54,TWO_CHARACTERISTIC,2,stromSchaltbar|binaerOpenColl_MP,1,True,F,GP,ST,1,1,A,2,NN,HS,NOVALUE,IS1,TT1,NOVALUE,NOVALUE,FWI,1,NOVALUE,1,NOVALUE
CFG731_8f2f3a7ba66ea526,x731,CFG731_32b1041fd68aac23,54,TWO_CHARACTERISTIC,2,stromSchaltbar|dev_advMeterVerification,1,True,F,GP,ST,1,1,A,2,NN,HS,NOVALUE,IS1,TT1,NOVALUE,MP1,FWI,NOVALUE,NOVALUE,1,NOVALUE
CFG731_20991e8bae2729c8,x731,CFG731_32b1041fd68aac23,54,TWO_CHARACTERISTIC,2,stromSchaltbar|customUserFluid,1,True,F,GP,ST,1,1,A,2,NN,HS,NOVALUE,IS1,TT1,NOVALUE,MP1,FWI,1,NOVALUE,NOVALUE,NOVALUE
CFG731_6fad12f65e947aed,x731,CFG731_32b1041fd68aac23,54,TWO_CHARACTERISTIC,2,temperaturEingaenge|binaerOpenColl_MP,2,True,F,GP,ST,1,1,A,2,NN,HS,CS1,IS1,NOVALUE,NOVALUE,NOVALUE,FWI,1,NOVALUE,1,NOVALUE
CFG731_b196505f1b584939,x731,CFG731_32b1041fd68aac23,54,TWO_CHARACTERISTIC,2,temperaturEingaenge|dev_advMeterVerification,2,True,F,GP,ST,1,1,A,2,NN,HS,CS1,IS1,NOVALUE,NOVALUE,MP1,FWI,NOVALUE,NOVALUE,1,NOVALUE
CFG731_7f4440e2696643b4,x731,CFG731_32b1041fd68aac23,54,TWO_CHARACTERISTIC,2,temperaturEingaenge|customUserFluid,2,True,F,GP,ST,1,1,A,2,NN,HS,CS1,IS1,NOVALUE,NOVALUE,MP1,FWI,1,NOVALUE,NOVALUE,NOVALUE
CFG731_e984bfde433c3289,x731,CFG731_32b1041fd68aac23,54,TWO_CHARACTERISTIC,2,binaerOpenColl_MP|dev_advMeterVerification,2,True,F,GP,ST,1,1,A,2,NN,HS,CS1,IS1,TT1,NOVALUE,NOVALUE,FWI,NOVALUE,NOVALUE,1,NOVALUE
CFG731_8f13b1c57109249d,x731,CFG731_32b1041fd68aac23,54,TWO_CHARACTERISTIC,2,binaerOpenColl_MP|customUserFluid,2,True,F,GP,ST,1,1,A,2,NN,HS,CS1,IS1,TT1,NOVALUE,NOVALUE,FWI,1,NOVALUE,NOVALUE,NOVALUE
CFG731_45c82d5d48fcc411,x731,CFG731_32b1041fd68aac23,54,TWO_CHARACTERISTIC,2,dev_advMeterVerification|customUserFluid,1,True,F,GP,ST,1,1,A,2,NN,HS,CS1,IS1,TT1,NOVALUE,MP1,FWI,NOVALUE,NOVALUE,NOVALUE,NOVALUE
CFG731_a59bfb67e03ca4c8,x731,CFG731_3611bb1fba248e38,56,TWO_CHARACTERISTIC,2,devCategory|powerSupply,2,True,G,GP,ST,4,1,A,2,NN,HS,NOVALUE,IS1,TT1,NOVALUE,MP1,FWI,1,NOVALUE,1,NOVALUE
CFG731_52d6df1869142d7d,x731,CFG731_3611bb1fba248e38,56,TWO_CHARACTERISTIC,2,devCategory|binaerOpenColl_MP,2,True,G,GP,ST,1,1,A,2,NN,HS,NOVALUE,IS1,TT1,NOVALUE,NOVALUE,FWI,1,NOVALUE,1,NOVALUE
CFG731_3834c27985a04888,x731,CFG731_3611bb1fba248e38,56,TWO_CHARACTERISTIC,2,devCategory|dev_advMeterVerification,2,True,G,GP,ST,1,1,A,2,NN,HS,NOVALUE,IS1,TT1,NOVALUE,MP1,FWI,NOVALUE,NOVALUE,1,NOVALUE
CFG731_d7dccc295a923f09,x731,CFG731_3611bb1fba248e38,56,TWO_CHARACTERISTIC,2,devCategory|customUserFluid,2,True,G,GP,ST,1,1,A,2,NN,HS,NOVALUE,IS1,TT1,NOVALUE,MP1,FWI,1,NOVALUE,NOVALUE,NOVALUE
CFG731_2e3acb4721826b87,x731,CFG731_3611bb1fba248e38,56,TWO_CHARACTERISTIC,2,powerSupply|binaerOpenColl_MP,2,True,F,GP,ST,4,1,A,2,NN,HS,NOVALUE,IS1,TT1,NOVALUE,NOVALUE,FWI,1,NOVALUE,1,NOVALUE
CFG731_fe82c74cfcabef08,x731,CFG731_3611bb1fba248e38,56,TWO_CHARACTERISTIC,2,powerSupply|dev_advMeterVerification,2,True,F,GP,ST,4,1,A,2,NN,HS,NOVALUE,IS1,TT1,NOVALUE,MP1,FWI,NOVALUE,NOVALUE,1,NOVALUE
CFG731_95efafc2bfc61133,x731,CFG731_3611bb1fba248e38,56,TWO_CHARACTERISTIC,2,powerSupply|customUserFluid,2,True,F,GP,ST,4,1,A,2,NN,HS,NOVALUE,IS1,TT1,NOVALUE,MP1,FWI,1,NOVALUE,NOVALUE,NOVALUE
CFG731_c1474b769ba134e4,x731,CFG731_3611bb1fba248e38,56,TWO_CHARACTERISTIC,2,explosionApproval|binaerOpenColl_MP,1,True,F,GP,ST,1,1,F,2,NN,HS,NOVALUE,IS1,TT1,NOVALUE,NOVALUE,FWI,1,NOVALUE,1,NOVALUE
CFG731_b7ded675dbfd5f0b,x731,CFG731_3611bb1fba248e38,56,TWO_CHARACTERISTIC,2,binaerOpenColl_MP|dev_advMeterVerification,2,True,F,GP,ST,1,1,A,2,NN,HS,NOVALUE,IS1,TT1,NOVALUE,NOVALUE,FWI,NOVALUE,NOVALUE,1,NOVALUE
CFG731_05f660294184548c,x731,CFG731_3611bb1fba248e38,56,TWO_CHARACTERISTIC,2,binaerOpenColl_MP|customUserFluid,2,True,F,GP,ST,1,1,A,2,NN,HS,NOVALUE,IS1,TT1,NOVALUE,NOVALUE,FWI,1,NOVALUE,NOVALUE,NOVALUE
CFG731_d0b3c46464bc6304,x731,CFG731_3611bb1fba248e38,56,TWO_CHARACTERISTIC,2,dev_advMeterVerification|customUserFluid,1,True,F,GP,ST,1,1,A,2,NN,HS,NOVALUE,IS1,TT1,NOVALUE,MP1,FWI,NOVALUE,NOVALUE,NOVALUE,NOVALUE
CFG731_39890affe81b5eb5,x731,CFG731_24a2c6ef94654845,57,ONE_CHARACTERISTIC,1,devCategory,1,True,G,GP,ST,1,1,A,2,NN,NN,CS1,NOVALUE,TT1,MN1,NOVALUE,FWI,1,NOVALUE,1,NOVALUE
CFG731_b757671ab14f2876,x731,CFG731_24a2c6ef94654845,57,ONE_CHARACTERISTIC,1,powerSupply,1,True,F,GP,ST,4,1,A,2,NN,NN,CS1,NOVALUE,TT1,MN1,NOVALUE,FWI,1,NOVALUE,1,NOVALUE
CFG731_5d88e63d941ec6fd,x731,CFG731_24a2c6ef94654845,57,ONE_CHARACTERISTIC,1,stromSchaltbar,1,True,F,GP,ST,1,1,A,2,NN,NN,NOVALUE,NOVALUE,TT1,MN1,NOVALUE,FWI,1,NOVALUE,1,NOVALUE
CFG731_140a9819128d92da,x731,CFG731_24a2c6ef94654845,57,ONE_CHARACTERISTIC,1,dev_advMeterVerification,1,True,F,GP,ST,1,1,A,2,NN,NN,CS1,NOVALUE,TT1,MN1,NOVALUE,FWI,NOVALUE,NOVALUE,1,NOVALUE
CFG731_214b093bf98ca9ef,x731,CFG731_24a2c6ef94654845,57,ONE_CHARACTERISTIC,1,customUserFluid,1,True,F,GP,ST,1,1,A,2,NN,NN,CS1,NOVALUE,TT1,MN1,NOVALUE,FWI,1,NOVALUE,NOVALUE,NOVALUE
CFG731_440f9c9b032b7d0a,x731,CFG731_24a2c6ef94654845,57,DEPENDENCY_TWO_CHARACTERISTIC,2,stromEingaenge|temperaturEingaenge,1,True,F,GP,ST,1,1,A,2,NN,NN,CS1,IS1,NOVALUE,MN1,NOVALUE,FWI,1,NOVALUE,1,NOVALUE
CFG731_8d9f29ebcd8f04bd,x731,CFG731_24a2c6ef94654845,57,DEPENDENCY_TWO_CHARACTERISTIC,2,stromSchaltbar|stromEingaenge,1,True,F,GP,ST,1,1,A,2,NN,NN,NOVALUE,IS1,TT1,MN1,NOVALUE,FWI,1,NOVALUE,1,NOVALUE
CFG731_aa8c30a4f1baca2e,x731,CFG731_24a2c6ef94654845,57,DEPENDENCY_TWO_CHARACTERISTIC,2,stromSchaltbar|temperaturEingaenge,1,True,F,GP,ST,1,1,A,2,NN,NN,NOVALUE,NOVALUE,NOVALUE,MN1,NOVALUE,FWI,1,NOVALUE,1,NOVALUE
CFG731_a4b44df449e9d78d,x731,CFG731_24a2c6ef94654845,57,TWO_CHARACTERISTIC,2,devCategory|powerSupply,2,True,G,GP,ST,4,1,A,2,NN,NN,CS1,NOVALUE,TT1,MN1,NOVALUE,FWI,1,NOVALUE,1,NOVALUE
CFG731_e6535bb592468bb4,x731,CFG731_24a2c6ef94654845,57,TWO_CHARACTERISTIC,2,devCategory|explosionApproval,1,True,G,GP,ST,1,1,F,2,NN,NN,CS1,NOVALUE,TT1,MN1,NOVALUE,FWI,1,NOVALUE,1,NOVALUE
CFG731_f84441b62189a478,x731,CFG731_24a2c6ef94654845,57,TWO_CHARACTERISTIC,2,devCategory|dataInterface,1,True,G,GP,ST,1,1,A,2,NN,HS,CS1,NOVALUE,TT1,MN1,NOVALUE,FWI,1,NOVALUE,1,NOVALUE
CFG731_72913502afaab436,x731,CFG731_24a2c6ef94654845,57,TWO_CHARACTERISTIC,2,devCategory|stromSchaltbar,2,True,G,GP,ST,1,1,A,2,NN,NN,NOVALUE,NOVALUE,TT1,MN1,NOVALUE,FWI,1,NOVALUE,1,NOVALUE
CFG731_447ecefb64ae83c3,x731,CFG731_24a2c6ef94654845,57,TWO_CHARACTERISTIC,2,devCategory|stromEingaenge,1,True,G,GP,ST,1,1,A,2,NN,NN,CS1,IS1,TT1,MN1,NOVALUE,FWI,1,NOVALUE,1,NOVALUE
CFG731_74c557e96a5f49a2,x731,CFG731_24a2c6ef94654845,57,TWO_CHARACTERISTIC,2,devCategory|temperaturEingaenge,1,True,G,GP,ST,1,1,A,2,NN,NN,CS1,NOVALUE,NOVALUE,MN1,NOVALUE,FWI,1,NOVALUE,1,NOVALUE
CFG731_03f5618878f919e9,x731,CFG731_24a2c6ef94654845,57,TWO_CHARACTERISTIC,2,devCategory|dev_advMeterVerification,2,True,G,GP,ST,1,1,A,2,NN,NN,CS1,NOVALUE,TT1,MN1,NOVALUE,FWI,NOVALUE,NOVALUE,1,NOVALUE
CFG731_f40d1284693e5430,x731,CFG731_24a2c6ef94654845,57,TWO_CHARACTERISTIC,2,devCategory|customUserFluid,2,True,G,GP,ST,1,1,A,2,NN,NN,CS1,NOVALUE,TT1,MN1,NOVALUE,FWI,1,NOVALUE,NOVALUE,NOVALUE
CFG731_34247ec265566826,x731,CFG731_24a2c6ef94654845,57,TWO_CHARACTERISTIC,2,powerSupply|explosionApproval,1,True,F,GP,ST,4,1,F,2,NN,NN,CS1,NOVALUE,TT1,MN1,NOVALUE,FWI,1,NOVALUE,1,NOVALUE
CFG731_467283c67651467d,x731,CFG731_24a2c6ef94654845,57,TWO_CHARACTERISTIC,2,powerSupply|dataInterface,1,True,F,GP,ST,4,1,A,2,NN,HS,CS1,NOVALUE,TT1,MN1,NOVALUE,FWI,1,NOVALUE,1,NOVALUE
CFG731_4b6c59b9b73764bd,x731,CFG731_24a2c6ef94654845,57,TWO_CHARACTERISTIC,2,powerSupply|stromSchaltbar,2,True,F,GP,ST,4,1,A,2,NN,NN,NOVALUE,NOVALUE,TT1,MN1,NOVALUE,FWI,1,NOVALUE,1,NOVALUE
CFG731_3662a471d9ce3167,x731,CFG731_24a2c6ef94654845,57,TWO_CHARACTERISTIC,2,powerSupply|stromEingaenge,1,True,F,GP,ST,4,1,A,2,NN,NN,CS1,IS1,TT1,MN1,NOVALUE,FWI,1,NOVALUE,1,NOVALUE
CFG731_ff86a142b07f19cb,x731,CFG731_24a2c6ef94654845,57,TWO_CHARACTERISTIC,2,powerSupply|temperaturEingaenge,1,True,F,GP,ST,4,1,A,2,NN,NN,CS1,NOVALUE,NOVALUE,MN1,NOVALUE,FWI,1,NOVALUE,1,NOVALUE
CFG731_419522d228ef8e4e,x731,CFG731_24a2c6ef94654845,57,TWO_CHARACTERISTIC,2,powerSupply|dev_advMeterVerification,2,True,F,GP,ST,4,1,A,2,NN,NN,CS1,NOVALUE,TT1,MN1,NOVALUE,FWI,NOVALUE,NOVALUE,1,NOVALUE
CFG731_ea868d3e0668dbc8,x731,CFG731_24a2c6ef94654845,57,TWO_CHARACTERISTIC,2,powerSupply|customUserFluid,2,True,F,GP,ST,4,1,A,2,NN,NN,CS1,NOVALUE,TT1,MN1,NOVALUE,FWI,1,NOVALUE,NOVALUE,NOVALUE
CFG731_5331dc313830f4cb,x731,CFG731_24a2c6ef94654845,57,TWO_CHARACTERISTIC,2,explosionApproval|stromSchaltbar,1,True,F,GP,ST,1,1,F,2,NN,NN,NOVALUE,NOVALUE,TT1,MN1,NOVALUE,FWI,1,NOVALUE,1,NOVALUE
CFG731_6004951b9749cb7f,x731,CFG731_24a2c6ef94654845,57,TWO_CHARACTERISTIC,2,explosionApproval|dev_advMeterVerification,1,True,F,GP,ST,1,1,F,2,NN,NN,CS1,NOVALUE,TT1,MN1,NOVALUE,FWI,NOVALUE,NOVALUE,1,NOVALUE
CFG731_f0cf22354800092d,x731,CFG731_24a2c6ef94654845,57,TWO_CHARACTERISTIC,2,explosionApproval|customUserFluid,1,True,F,GP,ST,1,1,F,2,NN,NN,CS1,NOVALUE,TT1,MN1,NOVALUE,FWI,1,NOVALUE,NOVALUE,NOVALUE
CFG731_4ed713e2b6c74ca8,x731,CFG731_24a2c6ef94654845,57,TWO_CHARACTERISTIC,2,dataInterface|stromSchaltbar,1,True,F,GP,ST,1,1,A,2,NN,HS,NOVALUE,NOVALUE,TT1,MN1,NOVALUE,FWI,1,NOVALUE,1,NOVALUE
CFG731_9d9ebc2acccb06ad,x731,CFG731_24a2c6ef94654845,57,TWO_CHARACTERISTIC,2,dataInterface|temperaturEingaenge,1,True,F,GP,ST,1,1,A,2,NN,HS,CS1,NOVALUE,NOVALUE,MN1,NOVALUE,FWI,1,NOVALUE,1,NOVALUE
CFG731_9d8825199d4ae211,x731,CFG731_24a2c6ef94654845,57,TWO_CHARACTERISTIC,2,dataInterface|dev_advMeterVerification,1,True,F,GP,ST,1,1,A,2,NN,HS,CS1,NOVALUE,TT1,MN1,NOVALUE,FWI,NOVALUE,NOVALUE,1,NOVALUE
CFG731_bac2c72e10051b21,x731,CFG731_24a2c6ef94654845,57,TWO_CHARACTERISTIC,2,dataInterface|customUserFluid,1,True,F,GP,ST,1,1,A,2,NN,HS,CS1,NOVALUE,TT1,MN1,NOVALUE,FWI,1,NOVALUE,NOVALUE,NOVALUE
CFG731_8f6cae8c64795ba4,x731,CFG731_24a2c6ef94654845,57,TWO_CHARACTERISTIC,2,stromSchaltbar|dev_advMeterVerification,2,True,F,GP,ST,1,1,A,2,NN,NN,NOVALUE,NOVALUE,TT1,MN1,NOVALUE,FWI,NOVALUE,NOVALUE,1,NOVALUE
CFG731_d1b9fc6f2ec00c77,x731,CFG731_24a2c6ef94654845,57,TWO_CHARACTERISTIC,2,stromSchaltbar|customUserFluid,2,True,F,GP,ST,1,1,A,2,NN,NN,NOVALUE,NOVALUE,TT1,MN1,NOVALUE,FWI,1,NOVALUE,NOVALUE,NOVALUE
CFG731_391c42d49ba91ac3,x731,CFG731_24a2c6ef94654845,57,TWO_CHARACTERISTIC,2,stromEingaenge|dev_advMeterVerification,1,True,F,GP,ST,1,1,A,2,NN,NN,CS1,IS1,TT1,MN1,NOVALUE,FWI,NOVALUE,NOVALUE,1,NOVALUE
CFG731_11ad23b6a6197df5,x731,CFG731_24a2c6ef94654845,57,TWO_CHARACTERISTIC,2,stromEingaenge|customUserFluid,1,True,F,GP,ST,1,1,A,2,NN,NN,CS1,IS1,TT1,MN1,NOVALUE,FWI,1,NOVALUE,NOVALUE,NOVALUE
CFG731_17b9e8f6d6924933,x731,CFG731_24a2c6ef94654845,57,TWO_CHARACTERISTIC,2,temperaturEingaenge|dev_advMeterVerification,1,True,F,GP,ST,1,1,A,2,NN,NN,CS1,NOVALUE,NOVALUE,MN1,NOVALUE,FWI,NOVALUE,NOVALUE,1,NOVALUE
CFG731_2451b1d5b9cd9ccd,x731,CFG731_24a2c6ef94654845,57,TWO_CHARACTERISTIC,2,temperaturEingaenge|customUserFluid,1,True,F,GP,ST,1,1,A,2,NN,NN,CS1,NOVALUE,NOVALUE,MN1,NOVALUE,FWI,1,NOVALUE,NOVALUE,NOVALUE
CFG731_4352479daab6e5b5,x731,CFG731_24a2c6ef94654845,57,TWO_CHARACTERISTIC,2,dev_advMeterVerification|customUserFluid,2,True,F,GP,ST,1,1,A,2,NN,NN,CS1,NOVALUE,TT1,MN1,NOVALUE,FWI,NOVALUE,NOVALUE,NOVALUE,NOVALUE
CFG731_c1e2570256043692,x731,CFG731_b4987f1c95e91d0d,59,TWO_CHARACTERISTIC,2,devCategory|powerSupply,2,True,G,GP,ST,4,1,A,2,NN,NN,CS1,IS1,TT1,MN1,NOVALUE,FWI,1,NOVALUE,1,NOVALUE
CFG731_94be99d48ade0efb,x731,CFG731_b4987f1c95e91d0d,59,TWO_CHARACTERISTIC,2,devCategory|explosionApproval,1,True,G,GP,ST,1,1,F,2,NN,NN,CS1,IS1,TT1,MN1,NOVALUE,FWI,1,NOVALUE,1,NOVALUE
CFG731_b4f65e97f91c3587,x731,CFG731_b4987f1c95e91d0d,59,TWO_CHARACTERISTIC,2,devCategory|dataInterface,1,True,G,GP,ST,1,1,A,2,NN,HS,CS1,IS1,TT1,MN1,NOVALUE,FWI,1,NOVALUE,1,NOVALUE
CFG731_c0aacb527d909254,x731,CFG731_b4987f1c95e91d0d,59,TWO_CHARACTERISTIC,2,devCategory|stromSchaltbar,2,True,G,GP,ST,1,1,A,2,NN,NN,NOVALUE,IS1,TT1,MN1,NOVALUE,FWI,1,NOVALUE,1,NOVALUE
CFG731_a4e34b496fb393e8,x731,CFG731_b4987f1c95e91d0d,59,TWO_CHARACTERISTIC,2,devCategory|temperaturEingaenge,2,True,G,GP,ST,1,1,A,2,NN,NN,CS1,IS1,NOVALUE,MN1,NOVALUE,FWI,1,NOVALUE,1,NOVALUE
CFG731_104487fd607b42f9,x731,CFG731_b4987f1c95e91d0d,59,TWO_CHARACTERISTIC,2,devCategory|dev_advMeterVerification,2,True,G,GP,ST,1,1,A,2,NN,NN,CS1,IS1,TT1,MN1,NOVALUE,FWI,NOVALUE,NOVALUE,1,NOVALUE
CFG731_187c0205a2ffc802,x731,CFG731_b4987f1c95e91d0d,59,TWO_CHARACTERISTIC,2,devCategory|customUserFluid,2,True,G,GP,ST,1,1,A,2,NN,NN,CS1,IS1,TT1,MN1,NOVALUE,FWI,1,NOVALUE,NOVALUE,NOVALUE
CFG731_e8e7b7513a5c9544,x731,CFG731_b4987f1c95e91d0d,59,TWO_CHARACTERISTIC,2,powerSupply|explosionApproval,1,True,F,GP,ST,4,1,F,2,NN,NN,CS1,IS1,TT1,MN1,NOVALUE,FWI,1,NOVALUE,1,NOVALUE
CFG731_d19bd87a4eba7364,x731,CFG731_b4987f1c95e91d0d,59,TWO_CHARACTERISTIC,2,powerSupply|dataInterface,1,True,F,GP,ST,4,1,A,2,NN,HS,CS1,IS1,TT1,MN1,NOVALUE,FWI,1,NOVALUE,1,NOVALUE
CFG731_c32e1d5ad1662baf,x731,CFG731_b4987f1c95e91d0d,59,TWO_CHARACTERISTIC,2,powerSupply|stromSchaltbar,2,True,F,GP,ST,4,1,A,2,NN,NN,NOVALUE,IS1,TT1,MN1,NOVALUE,FWI,1,NOVALUE,1,NOVALUE
CFG731_6acfd9f3fc3ebf52,x731,CFG731_b4987f1c95e91d0d,59,TWO_CHARACTERISTIC,2,powerSupply|temperaturEingaenge,2,True,F,GP,ST,4,1,A,2,NN,NN,CS1,IS1,NOVALUE,MN1,NOVALUE,FWI,1,NOVALUE,1,NOVALUE
CFG731_66f9bec031c6cfbf,x731,CFG731_b4987f1c95e91d0d,59,TWO_CHARACTERISTIC,2,powerSupply|dev_advMeterVerification,2,True,F,GP,ST,4,1,A,2,NN,NN,CS1,IS1,TT1,MN1,NOVALUE,FWI,NOVALUE,NOVALUE,1,NOVALUE
CFG731_5e5c8452ca737d86,x731,CFG731_b4987f1c95e91d0d,59,TWO_CHARACTERISTIC,2,powerSupply|customUserFluid,2,True,F,GP,ST,4,1,A,2,NN,NN,CS1,IS1,TT1,MN1,NOVALUE,FWI,1,NOVALUE,NOVALUE,NOVALUE
CFG731_362c68c682a73208,x731,CFG731_b4987f1c95e91d0d,59,TWO_CHARACTERISTIC,2,explosionApproval|stromSchaltbar,1,True,F,GP,ST,1,1,F,2,NN,NN,NOVALUE,IS1,TT1,MN1,NOVALUE,FWI,1,NOVALUE,1,NOVALUE
CFG731_1d3bf6638fef70ae,x731,CFG731_b4987f1c95e91d0d,59,TWO_CHARACTERISTIC,2,explosionApproval|temperaturEingaenge,1,True,F,GP,ST,1,1,F,2,NN,NN,CS1,IS1,NOVALUE,MN1,NOVALUE,FWI,1,NOVALUE,1,NOVALUE
CFG731_782638eae748ba9a,x731,CFG731_b4987f1c95e91d0d,59,TWO_CHARACTERISTIC,2,explosionApproval|dev_advMeterVerification,1,True,F,GP,ST,1,1,F,2,NN,NN,CS1,IS1,TT1,MN1,NOVALUE,FWI,NOVALUE,NOVALUE,1,NOVALUE
CFG731_d4a9fe62acefba0d,x731,CFG731_b4987f1c95e91d0d,59,TWO_CHARACTERISTIC,2,explosionApproval|customUserFluid,1,True,F,GP,ST,1,1,F,2,NN,NN,CS1,IS1,TT1,MN1,NOVALUE,FWI,1,NOVALUE,NOVALUE,NOVALUE
CFG731_e81b26e4ba6e3e80,x731,CFG731_b4987f1c95e91d0d,59,TWO_CHARACTERISTIC,2,dataInterface|temperaturEingaenge,1,True,F,GP,ST,1,1,A,2,NN,HS,CS1,IS1,NOVALUE,MN1,NOVALUE,FWI,1,NOVALUE,1,NOVALUE
CFG731_837cc73d563700bf,x731,CFG731_b4987f1c95e91d0d,59,TWO_CHARACTERISTIC,2,dataInterface|dev_advMeterVerification,1,True,F,GP,ST,1,1,A,2,NN,HS,CS1,IS1,TT1,MN1,NOVALUE,FWI,NOVALUE,NOVALUE,1,NOVALUE
CFG731_54b63f2628adfc32,x731,CFG731_b4987f1c95e91d0d,59,TWO_CHARACTERISTIC,2,dataInterface|customUserFluid,1,True,F,GP,ST,1,1,A,2,NN,HS,CS1,IS1,TT1,MN1,NOVALUE,FWI,1,NOVALUE,NOVALUE,NOVALUE
CFG731_52da6c1da47eed6e,x731,CFG731_b4987f1c95e91d0d,59,TWO_CHARACTERISTIC,2,stromSchaltbar|dev_advMeterVerification,2,True,F,GP,ST,1,1,A,2,NN,NN,NOVALUE,IS1,TT1,MN1,NOVALUE,FWI,NOVALUE,NOVALUE,1,NOVALUE
CFG731_ee71b24f7c9c9d06,x731,CFG731_b4987f1c95e91d0d,59,TWO_CHARACTERISTIC,2,stromSchaltbar|customUserFluid,2,True,F,GP,ST,1,1,A,2,NN,NN,NOVALUE,IS1,TT1,MN1,NOVALUE,FWI,1,NOVALUE,NOVALUE,NOVALUE
CFG731_4374ad7ccac15076,x731,CFG731_b4987f1c95e91d0d,59,TWO_CHARACTERISTIC,2,temperaturEingaenge|dev_advMeterVerification,2,True,F,GP,ST,1,1,A,2,NN,NN,CS1,IS1,NOVALUE,MN1,NOVALUE,FWI,NOVALUE,NOVALUE,1,NOVALUE
CFG731_55d3237d65c8a47c,x731,CFG731_b4987f1c95e91d0d,59,TWO_CHARACTERISTIC,2,temperaturEingaenge|customUserFluid,2,True,F,GP,ST,1,1,A,2,NN,NN,CS1,IS1,NOVALUE,MN1,NOVALUE,FWI,1,NOVALUE,NOVALUE,NOVALUE
CFG731_3a69e9c750bc89b6,x731,CFG731_b4987f1c95e91d0d,59,TWO_CHARACTERISTIC,2,dev_advMeterVerification|customUserFluid,1,True,F,GP,ST,1,1,A,2,NN,NN,CS1,IS1,TT1,MN1,NOVALUE,FWI,NOVALUE,NOVALUE,NOVALUE,NOVALUE
CFG731_df4ca74f62e03e61,x731,CFG731_b65b306a03ca71c9,62,ONE_CHARACTERISTIC,1,devCategory,1,True,G,GP,ST,1,1,A,2,NN,NN,NOVALUE,IS1,NOVALUE,MN1,NOVALUE,FWI,1,NOVALUE,1,NOVALUE
CFG731_2692d4e8945eb6ee,x731,CFG731_b65b306a03ca71c9,62,ONE_CHARACTERISTIC,1,powerSupply,1,True,F,GP,ST,4,1,A,2,NN,NN,NOVALUE,IS1,NOVALUE,MN1,NOVALUE,FWI,1,NOVALUE,1,NOVALUE
CFG731_555c215c4639435a,x731,CFG731_b65b306a03ca71c9,62,ONE_CHARACTERISTIC,1,dataInterface,1,True,F,GP,ST,1,1,A,2,NN,HS,NOVALUE,IS1,NOVALUE,MN1,NOVALUE,FWI,1,NOVALUE,1,NOVALUE
CFG731_071ad1736ef73ba8,x731,CFG731_b65b306a03ca71c9,62,ONE_CHARACTERISTIC,1,dev_advMeterVerification,1,True,F,GP,ST,1,1,A,2,NN,NN,NOVALUE,IS1,NOVALUE,MN1,NOVALUE,FWI,NOVALUE,NOVALUE,1,NOVALUE
CFG731_2497a004dc6e1657,x731,CFG731_b65b306a03ca71c9,62,ONE_CHARACTERISTIC,1,customUserFluid,1,True,F,GP,ST,1,1,A,2,NN,NN,NOVALUE,IS1,NOVALUE,MN1,NOVALUE,FWI,1,NOVALUE,NOVALUE,NOVALUE
CFG731_6ad3ec8ed100118e,x731,CFG731_b65b306a03ca71c9,62,DEPENDENCY_TWO_CHARACTERISTIC,2,dataInterface|explosionApproval,1,True,F,GP,ST,1,1,F,2,NN,HS,NOVALUE,IS1,NOVALUE,MN1,NOVALUE,FWI,1,NOVALUE,1,NOVALUE
CFG731_57ba00fece4795c8,x731,CFG731_b65b306a03ca71c9,62,TWO_CHARACTERISTIC,2,devCategory|powerSupply,2,True,G,GP,ST,4,1,A,2,NN,NN,NOVALUE,IS1,NOVALUE,MN1,NOVALUE,FWI,1,NOVALUE,1,NOVALUE
CFG731_1642db5c21ada469,x731,CFG731_b65b306a03ca71c9,62,TWO_CHARACTERISTIC,2,devCategory|explosionApproval,1,True,G,GP,ST,1,1,F,2,NN,NN,NOVALUE,IS1,NOVALUE,MN1,NOVALUE,FWI,1,NOVALUE,1,NOVALUE
CFG731_f2ae58b91c3b6ca0,x731,CFG731_b65b306a03ca71c9,62,TWO_CHARACTERISTIC,2,devCategory|dataInterface,2,True,G,GP,ST,1,1,A,2,NN,HS,NOVALUE,IS1,NOVALUE,MN1,NOVALUE,FWI,1,NOVALUE,1,NOVALUE
CFG731_b493c62c3d89328c,x731,CFG731_b65b306a03ca71c9,62,TWO_CHARACTERISTIC,2,devCategory|stromEingaenge,2,True,G,GP,ST,1,1,A,2,NN,NN,NOVALUE,NOVALUE,NOVALUE,MN1,NOVALUE,FWI,1,NOVALUE,1,NOVALUE
CFG731_ad5983a3c6f7d37c,x731,CFG731_b65b306a03ca71c9,62,TWO_CHARACTERISTIC,2,devCategory|dev_advMeterVerification,2,True,G,GP,ST,1,1,A,2,NN,NN,NOVALUE,IS1,NOVALUE,MN1,NOVALUE,FWI,NOVALUE,NOVALUE,1,NOVALUE
CFG731_879deb889771747c,x731,CFG731_b65b306a03ca71c9,62,TWO_CHARACTERISTIC,2,devCategory|customUserFluid,2,True,G,GP,ST,1,1,A,2,NN,NN,NOVALUE,IS1,NOVALUE,MN1,NOVALUE,FWI,1,NOVALUE,NOVALUE,NOVALUE
CFG731_81292bd6b4a77ac8,x731,CFG731_b65b306a03ca71c9,62,TWO_CHARACTERISTIC,2,powerSupply|explosionApproval,1,True,F,GP,ST,4,1,F,2,NN,NN,NOVALUE,IS1,NOVALUE,MN1,NOVALUE,FWI,1,NOVALUE,1,NOVALUE
CFG731_d6a4ebeeefafed31,x731,CFG731_b65b306a03ca71c9,62,TWO_CHARACTERISTIC,2,powerSupply|dataInterface,2,True,F,GP,ST,4,1,A,2,NN,HS,NOVALUE,IS1,NOVALUE,MN1,NOVALUE,FWI,1,NOVALUE,1,NOVALUE
CFG731_d206423a6fb2529b,x731,CFG731_b65b306a03ca71c9,62,TWO_CHARACTERISTIC,2,powerSupply|stromEingaenge,2,True,F,GP,ST,4,1,A,2,NN,NN,NOVALUE,NOVALUE,NOVALUE,MN1,NOVALUE,FWI,1,NOVALUE,1,NOVALUE
CFG731_eed9f1d2fbea6a74,x731,CFG731_b65b306a03ca71c9,62,TWO_CHARACTERISTIC,2,powerSupply|dev_advMeterVerification,2,True,F,GP,ST,4,1,A,2,NN,NN,NOVALUE,IS1,NOVALUE,MN1,NOVALUE,FWI,NOVALUE,NOVALUE,1,NOVALUE
CFG731_28a78f879bd1cace,x731,CFG731_b65b306a03ca71c9,62,TWO_CHARACTERISTIC,2,powerSupply|customUserFluid,2,True,F,GP,ST,4,1,A,2,NN,NN,NOVALUE,IS1,NOVALUE,MN1,NOVALUE,FWI,1,NOVALUE,NOVALUE,NOVALUE
CFG731_cc16af3e49735baf,x731,CFG731_b65b306a03ca71c9,62,TWO_CHARACTERISTIC,2,explosionApproval|stromEingaenge,1,True,F,GP,ST,1,1,F,2,NN,NN,NOVALUE,NOVALUE,NOVALUE,MN1,NOVALUE,FWI,1,NOVALUE,1,NOVALUE
CFG731_d18de36ecc99ba05,x731,CFG731_b65b306a03ca71c9,62,TWO_CHARACTERISTIC,2,explosionApproval|dev_advMeterVerification,1,True,F,GP,ST,1,1,F,2,NN,NN,NOVALUE,IS1,NOVALUE,MN1,NOVALUE,FWI,NOVALUE,NOVALUE,1,NOVALUE
CFG731_cac456bc08ad959e,x731,CFG731_b65b306a03ca71c9,62,TWO_CHARACTERISTIC,2,explosionApproval|customUserFluid,1,True,F,GP,ST,1,1,F,2,NN,NN,NOVALUE,IS1,NOVALUE,MN1,NOVALUE,FWI,1,NOVALUE,NOVALUE,NOVALUE
CFG731_300a05f0ad4de77f,x731,CFG731_b65b306a03ca71c9,62,TWO_CHARACTERISTIC,2,dataInterface|stromEingaenge,2,True,F,GP,ST,1,1,A,2,NN,HS,NOVALUE,NOVALUE,NOVALUE,MN1,NOVALUE,FWI,1,NOVALUE,1,NOVALUE
CFG731_4c4381c151eed79b,x731,CFG731_b65b306a03ca71c9,62,TWO_CHARACTERISTIC,2,dataInterface|dev_advMeterVerification,2,True,F,GP,ST,1,1,A,2,NN,HS,NOVALUE,IS1,NOVALUE,MN1,NOVALUE,FWI,NOVALUE,NOVALUE,1,NOVALUE
CFG731_9e767b974b2083e0,x731,CFG731_b65b306a03ca71c9,62,TWO_CHARACTERISTIC,2,dataInterface|customUserFluid,2,True,F,GP,ST,1,1,A,2,NN,HS,NOVALUE,IS1,NOVALUE,MN1,NOVALUE,FWI,1,NOVALUE,NOVALUE,NOVALUE
CFG731_8f64a8906d2c096a,x731,CFG731_b65b306a03ca71c9,62,TWO_CHARACTERISTIC,2,stromEingaenge|dev_advMeterVerification,2,True,F,GP,ST,1,1,A,2,NN,NN,NOVALUE,NOVALUE,NOVALUE,MN1,NOVALUE,FWI,NOVALUE,NOVALUE,1,NOVALUE
CFG731_0885c0af356533ec,x731,CFG731_b65b306a03ca71c9,62,TWO_CHARACTERISTIC,2,stromEingaenge|customUserFluid,2,True,F,GP,ST,1,1,A,2,NN,NN,NOVALUE,NOVALUE,NOVALUE,MN1,NOVALUE,FWI,1,NOVALUE,NOVALUE,NOVALUE
CFG731_a8e9659f305e382e,x731,CFG731_b65b306a03ca71c9,62,TWO_CHARACTERISTIC,2,dev_advMeterVerification|customUserFluid,2,True,F,GP,ST,1,1,A,2,NN,NN,NOVALUE,IS1,NOVALUE,MN1,NOVALUE,FWI,NOVALUE,NOVALUE,NOVALUE,NOVALUE
CFG731_21325280890ecf9c,x731,CFG731_80409e6aafce9221,63,DEPENDENCY_TWO_CHARACTERISTIC,2,dataInterface|explosionApproval,1,True,F,GP,ST,1,1,F,2,NN,HS,CS1,NOVALUE,NOVALUE,MN1,NOVALUE,FWI,1,NOVALUE,1,NOVALUE
CFG731_8c48b8c8827b6011,x731,CFG731_80409e6aafce9221,63,TWO_CHARACTERISTIC,2,devCategory|powerSupply,2,True,G,GP,ST,4,1,A,2,NN,NN,CS1,NOVALUE,NOVALUE,MN1,NOVALUE,FWI,1,NOVALUE,1,NOVALUE
CFG731_8fec73084a247433,x731,CFG731_80409e6aafce9221,63,TWO_CHARACTERISTIC,2,devCategory|explosionApproval,1,True,G,GP,ST,1,1,F,2,NN,NN,CS1,NOVALUE,NOVALUE,MN1,NOVALUE,FWI,1,NOVALUE,1,NOVALUE
CFG731_8f5c90133a157a3c,x731,CFG731_80409e6aafce9221,63,TWO_CHARACTERISTIC,2,devCategory|dataInterface,2,True,G,GP,ST,1,1,A,2,NN,HS,CS1,NOVALUE,NOVALUE,MN1,NOVALUE,FWI,1,NOVALUE,1,NOVALUE
CFG731_fa49c4a80c718de8,x731,CFG731_80409e6aafce9221,63,TWO_CHARACTERISTIC,2,devCategory|dev_advMeterVerification,2,True,G,GP,ST,1,1,A,2,NN,NN,CS1,NOVALUE,NOVALUE,MN1,NOVALUE,FWI,NOVALUE,NOVALUE,1,NOVALUE
CFG731_12adc3b14d183a42,x731,CFG731_80409e6aafce9221,63,TWO_CHARACTERISTIC,2,devCategory|customUserFluid,2,True,G,GP,ST,1,1,A,2,NN,NN,CS1,NOVALUE,NOVALUE,MN1,NOVALUE,FWI,1,NOVALUE,NOVALUE,NOVALUE
CFG731_2d2164711882b047,x731,CFG731_80409e6aafce9221,63,TWO_CHARACTERISTIC,2,powerSupply|explosionApproval,1,True,F,GP,ST,4,1,F,2,NN,NN,CS1,NOVALUE,NOVALUE,MN1,NOVALUE,FWI,1,NOVALUE,1,NOVALUE
CFG731_a3378f52af8e51d7,x731,CFG731_80409e6aafce9221,63,TWO_CHARACTERISTIC,2,powerSupply|dataInterface,2,True,F,GP,ST,4,1,A,2,NN,HS,CS1,NOVALUE,NOVALUE,MN1,NOVALUE,FWI,1,NOVALUE,1,NOVALUE
CFG731_ac352f2a7f2cc7ab,x731,CFG731_80409e6aafce9221,63,TWO_CHARACTERISTIC,2,powerSupply|dev_advMeterVerification,2,True,F,GP,ST,4,1,A,2,NN,NN,CS1,NOVALUE,NOVALUE,MN1,NOVALUE,FWI,NOVALUE,NOVALUE,1,NOVALUE
CFG731_fde57c62012d9fbc,x731,CFG731_80409e6aafce9221,63,TWO_CHARACTERISTIC,2,powerSupply|customUserFluid,2,True,F,GP,ST,4,1,A,2,NN,NN,CS1,NOVALUE,NOVALUE,MN1,NOVALUE,FWI,1,NOVALUE,NOVALUE,NOVALUE
CFG731_3e782f59368b40db,x731,CFG731_80409e6aafce9221,63,TWO_CHARACTERISTIC,2,explosionApproval|dev_advMeterVerification,1,True,F,GP,ST,1,1,F,2,NN,NN,CS1,NOVALUE,NOVALUE,MN1,NOVALUE,FWI,NOVALUE,NOVALUE,1,NOVALUE
CFG731_b1f7b19586b0e0a2,x731,CFG731_80409e6aafce9221,63,TWO_CHARACTERISTIC,2,explosionApproval|customUserFluid,1,True,F,GP,ST,1,1,F,2,NN,NN,CS1,NOVALUE,NOVALUE,MN1,NOVALUE,FWI,1,NOVALUE,NOVALUE,NOVALUE
CFG731_bffbbb450ff07099,x731,CFG731_80409e6aafce9221,63,TWO_CHARACTERISTIC,2,dataInterface|dev_advMeterVerification,2,True,F,GP,ST,1,1,A,2,NN,HS,CS1,NOVALUE,NOVALUE,MN1,NOVALUE,FWI,NOVALUE,NOVALUE,1,NOVALUE
CFG731_de1c32ec351cc5d5,x731,CFG731_80409e6aafce9221,63,TWO_CHARACTERISTIC,2,dataInterface|customUserFluid,2,True,F,GP,ST,1,1,A,2,NN,HS,CS1,NOVALUE,NOVALUE,MN1,NOVALUE,FWI,1,NOVALUE,NOVALUE,NOVALUE
CFG731_f8cc7d4d2ef53582,x731,CFG731_80409e6aafce9221,63,TWO_CHARACTERISTIC,2,dev_advMeterVerification|customUserFluid,2,True,F,GP,ST,1,1,A,2,NN,NN,CS1,NOVALUE,NOVALUE,MN1,NOVALUE,FWI,NOVALUE,NOVALUE,NOVALUE,NOVALUE
CFG731_9d1ccca98bb50426,x731,CFG731_5d42a8deb0fcb3d7,71,TWO_CHARACTERISTIC,2,devCategory|powerSupply,2,True,G,GP,ST,4,1,A,2,NN,HS,CS1,NOVALUE,TT1,MN1,NOVALUE,FWI,1,NOVALUE,1,NOVALUE
CFG731_50bb7079ba99825e,x731,CFG731_5d42a8deb0fcb3d7,71,TWO_CHARACTERISTIC,2,devCategory|explosionApproval,1,True,G,GP,ST,1,1,F,2,NN,HS,CS1,NOVALUE,TT1,MN1,NOVALUE,FWI,1,NOVALUE,1,NOVALUE
CFG731_559de51bcf6ce510,x731,CFG731_5d42a8deb0fcb3d7,71,TWO_CHARACTERISTIC,2,devCategory|stromSchaltbar,2,True,G,GP,ST,1,1,A,2,NN,HS,NOVALUE,NOVALUE,TT1,MN1,NOVALUE,FWI,1,NOVALUE,1,NOVALUE
CFG731_d837ff458cae52d5,x731,CFG731_5d42a8deb0fcb3d7,71,TWO_CHARACTERISTIC,2,devCategory|dev_advMeterVerification,2,True,G,GP,ST,1,1,A,2,NN,HS,CS1,NOVALUE,TT1,MN1,NOVALUE,FWI,NOVALUE,NOVALUE,1,NOVALUE
CFG731_7d2df59076df15ac,x731,CFG731_5d42a8deb0fcb3d7,71,TWO_CHARACTERISTIC,2,devCategory|customUserFluid,2,True,G,GP,ST,1,1,A,2,NN,HS,CS1,NOVALUE,TT1,MN1,NOVALUE,FWI,1,NOVALUE,NOVALUE,NOVALUE
CFG731_029213e97b29c3a4,x731,CFG731_5d42a8deb0fcb3d7,71,TWO_CHARACTERISTIC,2,powerSupply|explosionApproval,1,True,F,GP,ST,4,1,F,2,NN,HS,CS1,NOVALUE,TT1,MN1,NOVALUE,FWI,1,NOVALUE,1,NOVALUE
CFG731_db973a859433ebba,x731,CFG731_5d42a8deb0fcb3d7,71,TWO_CHARACTERISTIC,2,powerSupply|stromSchaltbar,2,True,F,GP,ST,4,1,A,2,NN,HS,NOVALUE,NOVALUE,TT1,MN1,NOVALUE,FWI,1,NOVALUE,1,NOVALUE
CFG731_fc0024d7ce2c4e2a,x731,CFG731_5d42a8deb0fcb3d7,71,TWO_CHARACTERISTIC,2,powerSupply|dev_advMeterVerification,2,True,F,GP,ST,4,1,A,2,NN,HS,CS1,NOVALUE,TT1,MN1,NOVALUE,FWI,NOVALUE,NOVALUE,1,NOVALUE
CFG731_83bf967895ec7950,x731,CFG731_5d42a8deb0fcb3d7,71,TWO_CHARACTERISTIC,2,powerSupply|customUserFluid,2,True,F,GP,ST,4,1,A,2,NN,HS,CS1,NOVALUE,TT1,MN1,NOVALUE,FWI,1,NOVALUE,NOVALUE,NOVALUE
CFG731_7cbccce939e500bd,x731,CFG731_5d42a8deb0fcb3d7,71,TWO_CHARACTERISTIC,2,explosionApproval|stromSchaltbar,1,True,F,GP,ST,1,1,F,2,NN,HS,NOVALUE,NOVALUE,TT1,MN1,NOVALUE,FWI,1,NOVALUE,1,NOVALUE
CFG731_b090c6c9bb9613a8,x731,CFG731_5d42a8deb0fcb3d7,71,TWO_CHARACTERISTIC,2,explosionApproval|dev_advMeterVerification,1,True,F,GP,ST,1,1,F,2,NN,HS,CS1,NOVALUE,TT1,MN1,NOVALUE,FWI,NOVALUE,NOVALUE,1,NOVALUE
CFG731_aa68f1da5062cc70,x731,CFG731_5d42a8deb0fcb3d7,71,TWO_CHARACTERISTIC,2,explosionApproval|customUserFluid,1,True,F,GP,ST,1,1,F,2,NN,HS,CS1,NOVALUE,TT1,MN1,NOVALUE,FWI,1,NOVALUE,NOVALUE,NOVALUE
CFG731_46dab3fe718e9320,x731,CFG731_5d42a8deb0fcb3d7,71,TWO_CHARACTERISTIC,2,stromSchaltbar|dev_advMeterVerification,2,True,F,GP,ST,1,1,A,2,NN,HS,NOVALUE,NOVALUE,TT1,MN1,NOVALUE,FWI,NOVALUE,NOVALUE,1,NOVALUE
CFG731_d8d6e5b0e31f7f0c,x731,CFG731_5d42a8deb0fcb3d7,71,TWO_CHARACTERISTIC,2,stromSchaltbar|customUserFluid,2,True,F,GP,ST,1,1,A,2,NN,HS,NOVALUE,NOVALUE,TT1,MN1,NOVALUE,FWI,1,NOVALUE,NOVALUE,NOVALUE
CFG731_c65188f44544a3f1,x731,CFG731_5d42a8deb0fcb3d7,71,TWO_CHARACTERISTIC,2,dev_advMeterVerification|customUserFluid,2,True,F,GP,ST,1,1,A,2,NN,HS,CS1,NOVALUE,TT1,MN1,NOVALUE,FWI,NOVALUE,NOVALUE,NOVALUE,NOVALUE
CFG731_6bdadac99b2f7b39,x731,CFG731_fb1ab4b34e9c8a75,73,TWO_CHARACTERISTIC,2,devCategory|powerSupply,2,True,G,GP,ST,4,1,A,2,NN,HS,CS1,IS1,TT1,MN1,NOVALUE,FWI,1,NOVALUE,1,NOVALUE
CFG731_4f69dda45b9029b5,x731,CFG731_fb1ab4b34e9c8a75,73,TWO_CHARACTERISTIC,2,devCategory|explosionApproval,1,True,G,GP,ST,1,1,F,2,NN,HS,CS1,IS1,TT1,MN1,NOVALUE,FWI,1,NOVALUE,1,NOVALUE
CFG731_3a8461f27b2d770c,x731,CFG731_fb1ab4b34e9c8a75,73,TWO_CHARACTERISTIC,2,devCategory|stromSchaltbar,1,True,G,GP,ST,1,1,A,2,NN,HS,NOVALUE,IS1,TT1,MN1,NOVALUE,FWI,1,NOVALUE,1,NOVALUE
CFG731_34f0f73c6e8d4770,x731,CFG731_fb1ab4b34e9c8a75,73,TWO_CHARACTERISTIC,2,devCategory|temperaturEingaenge,2,True,G,GP,ST,1,1,A,2,NN,HS,CS1,IS1,NOVALUE,MN1,NOVALUE,FWI,1,NOVALUE,1,NOVALUE
CFG731_cee5f58272cf245c,x731,CFG731_fb1ab4b34e9c8a75,73,TWO_CHARACTERISTIC,2,devCategory|dev_advMeterVerification,2,True,G,GP,ST,1,1,A,2,NN,HS,CS1,IS1,TT1,MN1,NOVALUE,FWI,NOVALUE,NOVALUE,1,NOVALUE
CFG731_80e028af155f0f1a,x731,CFG731_fb1ab4b34e9c8a75,73,TWO_CHARACTERISTIC,2,devCategory|customUserFluid,2,True,G,GP,ST,1,1,A,2,NN,HS,CS1,IS1,TT1,MN1,NOVALUE,FWI,1,NOVALUE,NOVALUE,NOVALUE
CFG731_feb9f3eab568574b,x731,CFG731_fb1ab4b34e9c8a75,73,TWO_CHARACTERISTIC,2,powerSupply|explosionApproval,1,True,F,GP,ST,4,1,F,2,NN,HS,CS1,IS1,TT1,MN1,NOVALUE,FWI,1,NOVALUE,1,NOVALUE
CFG731_a7fd3c4085853f13,x731,CFG731_fb1ab4b34e9c8a75,73,TWO_CHARACTERISTIC,2,powerSupply|stromSchaltbar,1,True,F,GP,ST,4,1,A,2,NN,HS,NOVALUE,IS1,TT1,MN1,NOVALUE,FWI,1,NOVALUE,1,NOVALUE
CFG731_ecc17d6c3d7da5b0,x731,CFG731_fb1ab4b34e9c8a75,73,TWO_CHARACTERISTIC,2,powerSupply|temperaturEingaenge,2,True,F,GP,ST,4,1,A,2,NN,HS,CS1,IS1,NOVALUE,MN1,NOVALUE,FWI,1,NOVALUE,1,NOVALUE
CFG731_1dcc00ea7a15b87d,x731,CFG731_fb1ab4b34e9c8a75,73,TWO_CHARACTERISTIC,2,powerSupply|dev_advMeterVerification,2,True,F,GP,ST,4,1,A,2,NN,HS,CS1,IS1,TT1,MN1,NOVALUE,FWI,NOVALUE,NOVALUE,1,NOVALUE
CFG731_e255e6b99f1b864b,x731,CFG731_fb1ab4b34e9c8a75,73,TWO_CHARACTERISTIC,2,powerSupply|customUserFluid,2,True,F,GP,ST,4,1,A,2,NN,HS,CS1,IS1,TT1,MN1,NOVALUE,FWI,1,NOVALUE,NOVALUE,NOVALUE
CFG731_e92418785126ffe5,x731,CFG731_fb1ab4b34e9c8a75,73,TWO_CHARACTERISTIC,2,explosionApproval|temperaturEingaenge,1,True,F,GP,ST,1,1,F,2,NN,HS,CS1,IS1,NOVALUE,MN1,NOVALUE,FWI,1,NOVALUE,1,NOVALUE
CFG731_d51a8116b6731019,x731,CFG731_fb1ab4b34e9c8a75,73,TWO_CHARACTERISTIC,2,explosionApproval|dev_advMeterVerification,1,True,F,GP,ST,1,1,F,2,NN,HS,CS1,IS1,TT1,MN1,NOVALUE,FWI,NOVALUE,NOVALUE,1,NOVALUE
CFG731_b1f728faac5be956,x731,CFG731_fb1ab4b34e9c8a75,73,TWO_CHARACTERISTIC,2,explosionApproval|customUserFluid,1,True,F,GP,ST,1,1,F,2,NN,HS,CS1,IS1,TT1,MN1,NOVALUE,FWI,1,NOVALUE,NOVALUE,NOVALUE
CFG731_00e104c67ff5d004,x731,CFG731_fb1ab4b34e9c8a75,73,TWO_CHARACTERISTIC,2,stromSchaltbar|dev_advMeterVerification,1,True,F,GP,ST,1,1,A,2,NN,HS,NOVALUE,IS1,TT1,MN1,NOVALUE,FWI,NOVALUE,NOVALUE,1,NOVALUE
CFG731_d3ce57e5727e1d4a,x731,CFG731_fb1ab4b34e9c8a75,73,TWO_CHARACTERISTIC,2,stromSchaltbar|customUserFluid,1,True,F,GP,ST,1,1,A,2,NN,HS,NOVALUE,IS1,TT1,MN1,NOVALUE,FWI,1,NOVALUE,NOVALUE,NOVALUE
CFG731_b33230214578603d,x731,CFG731_fb1ab4b34e9c8a75,73,TWO_CHARACTERISTIC,2,temperaturEingaenge|dev_advMeterVerification,2,True,F,GP,ST,1,1,A,2,NN,HS,CS1,IS1,NOVALUE,MN1,NOVALUE,FWI,NOVALUE,NOVALUE,1,NOVALUE
CFG731_390c2ae7b162089a,x731,CFG731_fb1ab4b34e9c8a75,73,TWO_CHARACTERISTIC,2,temperaturEingaenge|customUserFluid,2,True,F,GP,ST,1,1,A,2,NN,HS,CS1,IS1,NOVALUE,MN1,NOVALUE,FWI,1,NOVALUE,NOVALUE,NOVALUE
CFG731_d687214b96c6966a,x731,CFG731_fb1ab4b34e9c8a75,73,TWO_CHARACTERISTIC,2,dev_advMeterVerification|customUserFluid,1,True,F,GP,ST,1,1,A,2,NN,HS,CS1,IS1,TT1,MN1,NOVALUE,FWI,NOVALUE,NOVALUE,NOVALUE,NOVALUE
CFG731_4cb12f26dcf6f797,x731,CFG731_509cb555eca833a1,75,TWO_CHARACTERISTIC,2,devCategory|powerSupply,2,True,G,GP,ST,4,1,A,2,NN,HS,NOVALUE,IS1,TT1,MN1,NOVALUE,FWI,1,NOVALUE,1,NOVALUE
CFG731_7bdcd544e819f70f,x731,CFG731_509cb555eca833a1,75,TWO_CHARACTERISTIC,2,devCategory|explosionApproval,1,True,G,GP,ST,1,1,F,2,NN,HS,NOVALUE,IS1,TT1,MN1,NOVALUE,FWI,1,NOVALUE,1,NOVALUE
CFG731_c9d7812639b0218c,x731,CFG731_509cb555eca833a1,75,TWO_CHARACTERISTIC,2,devCategory|dev_advMeterVerification,2,True,G,GP,ST,1,1,A,2,NN,HS,NOVALUE,IS1,TT1,MN1,NOVALUE,FWI,NOVALUE,NOVALUE,1,NOVALUE
CFG731_af26326a2673e2c3,x731,CFG731_509cb555eca833a1,75,TWO_CHARACTERISTIC,2,devCategory|customUserFluid,2,True,G,GP,ST,1,1,A,2,NN,HS,NOVALUE,IS1,TT1,MN1,NOVALUE,FWI,1,NOVALUE,NOVALUE,NOVALUE
CFG731_a385518a9f31baa0,x731,CFG731_509cb555eca833a1,75,TWO_CHARACTERISTIC,2,powerSupply|explosionApproval,1,True,F,GP,ST,4,1,F,2,NN,HS,NOVALUE,IS1,TT1,MN1,NOVALUE,FWI,1,NOVALUE,1,NOVALUE
CFG731_f9b1e7b718178d82,x731,CFG731_509cb555eca833a1,75,TWO_CHARACTERISTIC,2,powerSupply|dev_advMeterVerification,2,True,F,GP,ST,4,1,A,2,NN,HS,NOVALUE,IS1,TT1,MN1,NOVALUE,FWI,NOVALUE,NOVALUE,1,NOVALUE
CFG731_d2b9eda1e7e8ec9a,x731,CFG731_509cb555eca833a1,75,TWO_CHARACTERISTIC,2,powerSupply|customUserFluid,2,True,F,GP,ST,4,1,A,2,NN,HS,NOVALUE,IS1,TT1,MN1,NOVALUE,FWI,1,NOVALUE,NOVALUE,NOVALUE
CFG731_5d3f3ce76604a801,x731,CFG731_509cb555eca833a1,75,TWO_CHARACTERISTIC,2,explosionApproval|dev_advMeterVerification,1,True,F,GP,ST,1,1,F,2,NN,HS,NOVALUE,IS1,TT1,MN1,NOVALUE,FWI,NOVALUE,NOVALUE,1,NOVALUE
CFG731_a830048fa7dec1eb,x731,CFG731_509cb555eca833a1,75,TWO_CHARACTERISTIC,2,explosionApproval|customUserFluid,1,True,F,GP,ST,1,1,F,2,NN,HS,NOVALUE,IS1,TT1,MN1,NOVALUE,FWI,1,NOVALUE,NOVALUE,NOVALUE
CFG731_a33c667d1d10050f,x731,CFG731_509cb555eca833a1,75,TWO_CHARACTERISTIC,2,dev_advMeterVerification|customUserFluid,1,True,F,GP,ST,1,1,A,2,NN,HS,NOVALUE,IS1,TT1,MN1,NOVALUE,FWI,NOVALUE,NOVALUE,NOVALUE,NOVALUE
CFG731_59f86789e43d86f1,x731,CFG731_9f9a8730b26472c2,76,ONE_CHARACTERISTIC,1,powerSupply,1,True,G,GP,ST,4,1,N,N,NN,NN,CS1,NOVALUE,TT1,NOVALUE,MP1,FWI,1,1,1,NOVALUE
CFG731_618cb6c1c21feda4,x731,CFG731_9f9a8730b26472c2,76,ONE_CHARACTERISTIC,1,stromSchaltbar,1,True,G,GP,ST,1,1,N,N,NN,NN,NOVALUE,NOVALUE,TT1,NOVALUE,MP1,FWI,1,1,1,NOVALUE
CFG731_7c78a4beb9b12eb2,x731,CFG731_9f9a8730b26472c2,76,ONE_CHARACTERISTIC,1,binaerOpenColl_MP,1,True,G,GP,ST,1,1,N,N,NN,NN,CS1,NOVALUE,TT1,NOVALUE,NOVALUE,FWI,1,1,1,NOVALUE
CFG731_4da2b3fd83325505,x731,CFG731_9f9a8730b26472c2,76,ONE_CHARACTERISTIC,1,dev_advMeterVerification,1,True,G,GP,ST,1,1,N,N,NN,NN,CS1,NOVALUE,TT1,NOVALUE,MP1,FWI,NOVALUE,1,1,NOVALUE
CFG731_2009b1ab4cbc0ffb,x731,CFG731_9f9a8730b26472c2,76,ONE_CHARACTERISTIC,1,customUserFluid,1,True,G,GP,ST,1,1,N,N,NN,NN,CS1,NOVALUE,TT1,NOVALUE,MP1,FWI,1,1,NOVALUE,NOVALUE
CFG731_352cbd30ecacb8ee,x731,CFG731_9f9a8730b26472c2,76,DEPENDENCY_TWO_CHARACTERISTIC,2,stromEingaenge|temperaturEingaenge,1,True,G,GP,ST,1,1,N,N,NN,NN,CS1,IS1,NOVALUE,NOVALUE,MP1,FWI,1,1,1,NOVALUE
CFG731_1a94d4f54519245f,x731,CFG731_9f9a8730b26472c2,76,DEPENDENCY_TWO_CHARACTERISTIC,2,stromSchaltbar|stromEingaenge,1,True,G,GP,ST,1,1,N,N,NN,NN,NOVALUE,IS1,TT1,NOVALUE,MP1,FWI,1,1,1,NOVALUE
CFG731_c9c2eeedbcdb5160,x731,CFG731_9f9a8730b26472c2,76,DEPENDENCY_TWO_CHARACTERISTIC,2,stromSchaltbar|temperaturEingaenge,1,True,G,GP,ST,1,1,N,N,NN,NN,NOVALUE,NOVALUE,NOVALUE,NOVALUE,MP1,FWI,1,1,1,NOVALUE
CFG731_5cfa203ca7029f1c,x731,CFG731_9f9a8730b26472c2,76,TWO_CHARACTERISTIC,2,powerSupply|dataInterface,1,True,G,GP,ST,4,1,N,N,NN,HS,CS1,NOVALUE,TT1,NOVALUE,MP1,FWI,1,1,1,NOVALUE
CFG731_4e2a8539a26ac428,x731,CFG731_9f9a8730b26472c2,76,TWO_CHARACTERISTIC,2,powerSupply|stromSchaltbar,2,True,G,GP,ST,4,1,N,N,NN,NN,NOVALUE,NOVALUE,TT1,NOVALUE,MP1,FWI,1,1,1,NOVALUE
CFG731_6e0a2bfdc1c6ca72,x731,CFG731_9f9a8730b26472c2,76,TWO_CHARACTERISTIC,2,powerSupply|stromEingaenge,1,True,G,GP,ST,4,1,N,N,NN,NN,CS1,IS1,TT1,NOVALUE,MP1,FWI,1,1,1,NOVALUE
CFG731_3c85eeb43bc9e42a,x731,CFG731_9f9a8730b26472c2,76,TWO_CHARACTERISTIC,2,powerSupply|temperaturEingaenge,1,True,G,GP,ST,4,1,N,N,NN,NN,CS1,NOVALUE,NOVALUE,NOVALUE,MP1,FWI,1,1,1,NOVALUE
CFG731_72529220ef2f8df1,x731,CFG731_9f9a8730b26472c2,76,TWO_CHARACTERISTIC,2,powerSupply|binaerOpenColl_MP,2,True,G,GP,ST,4,1,N,N,NN,NN,CS1,NOVALUE,TT1,NOVALUE,NOVALUE,FWI,1,1,1,NOVALUE
CFG731_3fb3f9d3dea4a198,x731,CFG731_9f9a8730b26472c2,76,TWO_CHARACTERISTIC,2,powerSupply|dev_advMeterVerification,2,True,G,GP,ST,4,1,N,N,NN,NN,CS1,NOVALUE,TT1,NOVALUE,MP1,FWI,NOVALUE,1,1,NOVALUE
CFG731_f4856d563cc31f77,x731,CFG731_9f9a8730b26472c2,76,TWO_CHARACTERISTIC,2,powerSupply|customUserFluid,2,True,G,GP,ST,4,1,N,N,NN,NN,CS1,NOVALUE,TT1,NOVALUE,MP1,FWI,1,1,NOVALUE,NOVALUE
CFG731_098da517f03c0deb,x731,CFG731_9f9a8730b26472c2,76,TWO_CHARACTERISTIC,2,dataInterface|stromSchaltbar,1,True,G,GP,ST,1,1,N,N,NN,HS,NOVALUE,NOVALUE,TT1,NOVALUE,MP1,FWI,1,1,1,NOVALUE
CFG731_c35ab0a8f1c99fa8,x731,CFG731_9f9a8730b26472c2,76,TWO_CHARACTERISTIC,2,dataInterface|temperaturEingaenge,1,True,G,GP,ST,1,1,N,N,NN,HS,CS1,NOVALUE,NOVALUE,NOVALUE,MP1,FWI,1,1,1,NOVALUE
CFG731_5869cd9805e6c1ca,x731,CFG731_9f9a8730b26472c2,76,TWO_CHARACTERISTIC,2,dataInterface|binaerOpenColl_MP,1,True,G,GP,ST,1,1,N,N,NN,HS,CS1,NOVALUE,TT1,NOVALUE,NOVALUE,FWI,1,1,1,NOVALUE
CFG731_8515dd3bfe82dc27,x731,CFG731_9f9a8730b26472c2,76,TWO_CHARACTERISTIC,2,dataInterface|dev_advMeterVerification,1,True,G,GP,ST,1,1,N,N,NN,HS,CS1,NOVALUE,TT1,NOVALUE,MP1,FWI,NOVALUE,1,1,NOVALUE
CFG731_686ef2eb3721e466,x731,CFG731_9f9a8730b26472c2,76,TWO_CHARACTERISTIC,2,dataInterface|customUserFluid,1,True,G,GP,ST,1,1,N,N,NN,HS,CS1,NOVALUE,TT1,NOVALUE,MP1,FWI,1,1,NOVALUE,NOVALUE
CFG731_8f7aae9f36234f0e,x731,CFG731_9f9a8730b26472c2,76,TWO_CHARACTERISTIC,2,stromSchaltbar|binaerOpenColl_MP,2,True,G,GP,ST,1,1,N,N,NN,NN,NOVALUE,NOVALUE,TT1,NOVALUE,NOVALUE,FWI,1,1,1,NOVALUE
CFG731_9879620d23af8c96,x731,CFG731_9f9a8730b26472c2,76,TWO_CHARACTERISTIC,2,stromSchaltbar|dev_advMeterVerification,2,True,G,GP,ST,1,1,N,N,NN,NN,NOVALUE,NOVALUE,TT1,NOVALUE,MP1,FWI,NOVALUE,1,1,NOVALUE
CFG731_86a502c9d0493608,x731,CFG731_9f9a8730b26472c2,76,TWO_CHARACTERISTIC,2,stromSchaltbar|customUserFluid,2,True,G,GP,ST,1,1,N,N,NN,NN,NOVALUE,NOVALUE,TT1,NOVALUE,MP1,FWI,1,1,NOVALUE,NOVALUE
CFG731_16f81be390fdae7e,x731,CFG731_9f9a8730b26472c2,76,TWO_CHARACTERISTIC,2,stromEingaenge|binaerOpenColl_MP,1,True,G,GP,ST,1,1,N,N,NN,NN,CS1,IS1,TT1,NOVALUE,NOVALUE,FWI,1,1,1,NOVALUE
CFG731_5191b7dfd5137ba1,x731,CFG731_9f9a8730b26472c2,76,TWO_CHARACTERISTIC,2,stromEingaenge|dev_advMeterVerification,1,True,G,GP,ST,1,1,N,N,NN,NN,CS1,IS1,TT1,NOVALUE,MP1,FWI,NOVALUE,1,1,NOVALUE
CFG731_2165471d5c9c569f,x731,CFG731_9f9a8730b26472c2,76,TWO_CHARACTERISTIC,2,stromEingaenge|customUserFluid,1,True,G,GP,ST,1,1,N,N,NN,NN,CS1,IS1,TT1,NOVALUE,MP1,FWI,1,1,NOVALUE,NOVALUE
CFG731_139763631a5cfb1c,x731,CFG731_9f9a8730b26472c2,76,TWO_CHARACTERISTIC,2,temperaturEingaenge|binaerOpenColl_MP,1,True,G,GP,ST,1,1,N,N,NN,NN,CS1,NOVALUE,NOVALUE,NOVALUE,NOVALUE,FWI,1,1,1,NOVALUE
CFG731_950a2c81247480fc,x731,CFG731_9f9a8730b26472c2,76,TWO_CHARACTERISTIC,2,temperaturEingaenge|dev_advMeterVerification,1,True,G,GP,ST,1,1,N,N,NN,NN,CS1,NOVALUE,NOVALUE,NOVALUE,MP1,FWI,NOVALUE,1,1,NOVALUE
CFG731_341c156f683b247f,x731,CFG731_9f9a8730b26472c2,76,TWO_CHARACTERISTIC,2,temperaturEingaenge|customUserFluid,1,True,G,GP,ST,1,1,N,N,NN,NN,CS1,NOVALUE,NOVALUE,NOVALUE,MP1,FWI,1,1,NOVALUE,NOVALUE
CFG731_0f408a07674cd329,x731,CFG731_9f9a8730b26472c2,76,TWO_CHARACTERISTIC,2,binaerOpenColl_MP|dev_advMeterVerification,2,True,G,GP,ST,1,1,N,N,NN,NN,CS1,NOVALUE,TT1,NOVALUE,NOVALUE,FWI,NOVALUE,1,1,NOVALUE
CFG731_58800a7247788516,x731,CFG731_9f9a8730b26472c2,76,TWO_CHARACTERISTIC,2,binaerOpenColl_MP|customUserFluid,2,True,G,GP,ST,1,1,N,N,NN,NN,CS1,NOVALUE,TT1,NOVALUE,NOVALUE,FWI,1,1,NOVALUE,NOVALUE
CFG731_0fd8b91866855457,x731,CFG731_9f9a8730b26472c2,76,TWO_CHARACTERISTIC,2,dev_advMeterVerification|customUserFluid,2,True,G,GP,ST,1,1,N,N,NN,NN,CS1,NOVALUE,TT1,NOVALUE,MP1,FWI,NOVALUE,1,NOVALUE,NOVALUE
CFG731_b62bc8ef71ae72c7,x731,CFG731_c39096767a7ae083,78,TWO_CHARACTERISTIC,2,powerSupply|dataInterface,1,True,G,GP,ST,4,1,N,N,NN,HS,CS1,IS1,TT1,NOVALUE,MP1,FWI,1,1,1,NOVALUE
CFG731_4458dc2930ba5c51,x731,CFG731_c39096767a7ae083,78,TWO_CHARACTERISTIC,2,powerSupply|stromSchaltbar,2,True,G,GP,ST,4,1,N,N,NN,NN,NOVALUE,IS1,TT1,NOVALUE,MP1,FWI,1,1,1,NOVALUE
CFG731_784be4e6ca327095,x731,CFG731_c39096767a7ae083,78,TWO_CHARACTERISTIC,2,powerSupply|temperaturEingaenge,2,True,G,GP,ST,4,1,N,N,NN,NN,CS1,IS1,NOVALUE,NOVALUE,MP1,FWI,1,1,1,NOVALUE
CFG731_644bf1d29e4420c5,x731,CFG731_c39096767a7ae083,78,TWO_CHARACTERISTIC,2,powerSupply|binaerOpenColl_MP,2,True,G,GP,ST,4,1,N,N,NN,NN,CS1,IS1,TT1,NOVALUE,NOVALUE,FWI,1,1,1,NOVALUE
CFG731_0c05dd0ad4f3894a,x731,CFG731_c39096767a7ae083,78,TWO_CHARACTERISTIC,2,powerSupply|dev_advMeterVerification,2,True,G,GP,ST,4,1,N,N,NN,NN,CS1,IS1,TT1,NOVALUE,MP1,FWI,NOVALUE,1,1,NOVALUE
CFG731_67cf20c3a6d14fef,x731,CFG731_c39096767a7ae083,78,TWO_CHARACTERISTIC,2,powerSupply|customUserFluid,2,True,G,GP,ST,4,1,N,N,NN,NN,CS1,IS1,TT1,NOVALUE,MP1,FWI,1,1,NOVALUE,NOVALUE
CFG731_81b14123b4e0fc34,x731,CFG731_c39096767a7ae083,78,TWO_CHARACTERISTIC,2,dataInterface|temperaturEingaenge,1,True,G,GP,ST,1,1,N,N,NN,HS,CS1,IS1,NOVALUE,NOVALUE,MP1,FWI,1,1,1,NOVALUE
CFG731_ae4ea28b1eaeb3df,x731,CFG731_c39096767a7ae083,78,TWO_CHARACTERISTIC,2,dataInterface|binaerOpenColl_MP,1,True,G,GP,ST,1,1,N,N,NN,HS,CS1,IS1,TT1,NOVALUE,NOVALUE,FWI,1,1,1,NOVALUE
CFG731_c3f1e0c0f3153cf4,x731,CFG731_c39096767a7ae083,78,TWO_CHARACTERISTIC,2,dataInterface|dev_advMeterVerification,1,True,G,GP,ST,1,1,N,N,NN,HS,CS1,IS1,TT1,NOVALUE,MP1,FWI,NOVALUE,1,1,NOVALUE
CFG731_78ab3ca3251adb1f,x731,CFG731_c39096767a7ae083,78,TWO_CHARACTERISTIC,2,dataInterface|customUserFluid,1,True,G,GP,ST,1,1,N,N,NN,HS,CS1,IS1,TT1,NOVALUE,MP1,FWI,1,1,NOVALUE,NOVALUE
CFG731_d1cb10c482e176fc,x731,CFG731_c39096767a7ae083,78,TWO_CHARACTERISTIC,2,stromSchaltbar|binaerOpenColl_MP,2,True,G,GP,ST,1,1,N,N,NN,NN,NOVALUE,IS1,TT1,NOVALUE,NOVALUE,FWI,1,1,1,NOVALUE
CFG731_04cd17c2555ea263,x731,CFG731_c39096767a7ae083,78,TWO_CHARACTERISTIC,2,stromSchaltbar|dev_advMeterVerification,2,True,G,GP,ST,1,1,N,N,NN,NN,NOVALUE,IS1,TT1,NOVALUE,MP1,FWI,NOVALUE,1,1,NOVALUE
CFG731_3d9a4ee4cedfc10d,x731,CFG731_c39096767a7ae083,78,TWO_CHARACTERISTIC,2,stromSchaltbar|customUserFluid,2,True,G,GP,ST,1,1,N,N,NN,NN,NOVALUE,IS1,TT1,NOVALUE,MP1,FWI,1,1,NOVALUE,NOVALUE
CFG731_714af24c177b1743,x731,CFG731_c39096767a7ae083,78,TWO_CHARACTERISTIC,2,temperaturEingaenge|binaerOpenColl_MP,2,True,G,GP,ST,1,1,N,N,NN,NN,CS1,IS1,NOVALUE,NOVALUE,NOVALUE,FWI,1,1,1,NOVALUE
CFG731_315f9bf1a7319b8e,x731,CFG731_c39096767a7ae083,78,TWO_CHARACTERISTIC,2,temperaturEingaenge|dev_advMeterVerification,2,True,G,GP,ST,1,1,N,N,NN,NN,CS1,IS1,NOVALUE,NOVALUE,MP1,FWI,NOVALUE,1,1,NOVALUE
CFG731_b80f64704334a95c,x731,CFG731_c39096767a7ae083,78,TWO_CHARACTERISTIC,2,temperaturEingaenge|customUserFluid,2,True,G,GP,ST,1,1,N,N,NN,NN,CS1,IS1,NOVALUE,NOVALUE,MP1,FWI,1,1,NOVALUE,NOVALUE
CFG731_b9baf38316fd994b,x731,CFG731_c39096767a7ae083,78,TWO_CHARACTERISTIC,2,binaerOpenColl_MP|dev_advMeterVerification,2,True,G,GP,ST,1,1,N,N,NN,NN,CS1,IS1,TT1,NOVALUE,NOVALUE,FWI,NOVALUE,1,1,NOVALUE
CFG731_96224cc790d66af3,x731,CFG731_c39096767a7ae083,78,TWO_CHARACTERISTIC,2,binaerOpenColl_MP|customUserFluid,2,True,G,GP,ST,1,1,N,N,NN,NN,CS1,IS1,TT1,NOVALUE,NOVALUE,FWI,1,1,NOVALUE,NOVALUE
CFG731_2d8594ddb66c7b5d,x731,CFG731_c39096767a7ae083,78,TWO_CHARACTERISTIC,2,dev_advMeterVerification|customUserFluid,2,True,G,GP,ST,1,1,N,N,NN,NN,CS1,IS1,TT1,NOVALUE,MP1,FWI,NOVALUE,1,NOVALUE,NOVALUE
CFG731_74bf3c9e80365969,x731,CFG731_afd2371086bf1e03,81,ONE_CHARACTERISTIC,1,powerSupply,1,True,G,GP,ST,4,1,N,N,NN,NN,NOVALUE,IS1,NOVALUE,NOVALUE,MP1,FWI,1,1,1,NOVALUE
CFG731_648b3a822a947c68,x731,CFG731_afd2371086bf1e03,81,ONE_CHARACTERISTIC,1,dataInterface,1,True,G,GP,ST,1,1,N,N,NN,HS,NOVALUE,IS1,NOVALUE,NOVALUE,MP1,FWI,1,1,1,NOVALUE
CFG731_f57ccd8e79618aa1,x731,CFG731_afd2371086bf1e03,81,ONE_CHARACTERISTIC,1,binaerOpenColl_MP,1,True,G,GP,ST,1,1,N,N,NN,NN,NOVALUE,IS1,NOVALUE,NOVALUE,NOVALUE,FWI,1,1,1,NOVALUE
CFG731_ef02695e374fc418,x731,CFG731_afd2371086bf1e03,81,ONE_CHARACTERISTIC,1,dev_advMeterVerification,1,True,G,GP,ST,1,1,N,N,NN,NN,NOVALUE,IS1,NOVALUE,NOVALUE,MP1,FWI,NOVALUE,1,1,NOVALUE
CFG731_dc7c891c14ea05d8,x731,CFG731_afd2371086bf1e03,81,ONE_CHARACTERISTIC,1,customUserFluid,1,True,G,GP,ST,1,1,N,N,NN,NN,NOVALUE,IS1,NOVALUE,NOVALUE,MP1,FWI,1,1,NOVALUE,NOVALUE
CFG731_c671161bc4ef8ea1,x731,CFG731_afd2371086bf1e03,81,TWO_CHARACTERISTIC,2,powerSupply|dataInterface,2,True,G,GP,ST,4,1,N,N,NN,HS,NOVALUE,IS1,NOVALUE,NOVALUE,MP1,FWI,1,1,1,NOVALUE
CFG731_b7bdb6dd2ae68699,x731,CFG731_afd2371086bf1e03,81,TWO_CHARACTERISTIC,2,powerSupply|stromEingaenge,2,True,G,GP,ST,4,1,N,N,NN,NN,NOVALUE,NOVALUE,NOVALUE,NOVALUE,MP1,FWI,1,1,1,NOVALUE
CFG731_476f28310b89aefd,x731,CFG731_afd2371086bf1e03,81,TWO_CHARACTERISTIC,2,powerSupply|binaerOpenColl_MP,2,True,G,GP,ST,4,1,N,N,NN,NN,NOVALUE,IS1,NOVALUE,NOVALUE,NOVALUE,FWI,1,1,1,NOVALUE
CFG731_1586176a80fd76ce,x731,CFG731_afd2371086bf1e03,81,TWO_CHARACTERISTIC,2,powerSupply|dev_advMeterVerification,2,True,G,GP,ST,4,1,N,N,NN,NN,NOVALUE,IS1,NOVALUE,NOVALUE,MP1,FWI,NOVALUE,1,1,NOVALUE
CFG731_dc7ee1041d9f2c2c,x731,CFG731_afd2371086bf1e03,81,TWO_CHARACTERISTIC,2,powerSupply|customUserFluid,2,True,G,GP,ST,4,1,N,N,NN,NN,NOVALUE,IS1,NOVALUE,NOVALUE,MP1,FWI,1,1,NOVALUE,NOVALUE
CFG731_fbf314dca8e31212,x731,CFG731_afd2371086bf1e03,81,TWO_CHARACTERISTIC,2,dataInterface|stromEingaenge,2,True,G,GP,ST,1,1,N,N,NN,HS,NOVALUE,NOVALUE,NOVALUE,NOVALUE,MP1,FWI,1,1,1,NOVALUE
CFG731_e67ace831bbc967b,x731,CFG731_afd2371086bf1e03,81,TWO_CHARACTERISTIC,2,dataInterface|binaerOpenColl_MP,2,True,G,GP,ST,1,1,N,N,NN,HS,NOVALUE,IS1,NOVALUE,NOVALUE,NOVALUE,FWI,1,1,1,NOVALUE
CFG731_1d623542e1ada7d8,x731,CFG731_afd2371086bf1e03,81,TWO_CHARACTERISTIC,2,dataInterface|dev_advMeterVerification,2,True,G,GP,ST,1,1,N,N,NN,HS,NOVALUE,IS1,NOVALUE,NOVALUE,MP1,FWI,NOVALUE,1,1,NOVALUE
CFG731_c4fc682b1dc7daea,x731,CFG731_afd2371086bf1e03,81,TWO_CHARACTERISTIC,2,dataInterface|customUserFluid,2,True,G,GP,ST,1,1,N,N,NN,HS,NOVALUE,IS1,NOVALUE,NOVALUE,MP1,FWI,1,1,NOVALUE,NOVALUE
CFG731_6a549f48808d610a,x731,CFG731_afd2371086bf1e03,81,TWO_CHARACTERISTIC,2,stromEingaenge|binaerOpenColl_MP,2,True,G,GP,ST,1,1,N,N,NN,NN,NOVALUE,NOVALUE,NOVALUE,NOVALUE,NOVALUE,FWI,1,1,1,NOVALUE
CFG731_23607ab69d259a81,x731,CFG731_afd2371086bf1e03,81,TWO_CHARACTERISTIC,2,stromEingaenge|dev_advMeterVerification,2,True,G,GP,ST,1,1,N,N,NN,NN,NOVALUE,NOVALUE,NOVALUE,NOVALUE,MP1,FWI,NOVALUE,1,1,NOVALUE
CFG731_07960b9b4a3eb2c4,x731,CFG731_afd2371086bf1e03,81,TWO_CHARACTERISTIC,2,stromEingaenge|customUserFluid,2,True,G,GP,ST,1,1,N,N,NN,NN,NOVALUE,NOVALUE,NOVALUE,NOVALUE,MP1,FWI,1,1,NOVALUE,NOVALUE
CFG731_2e9ef53f42218763,x731,CFG731_afd2371086bf1e03,81,TWO_CHARACTERISTIC,2,binaerOpenColl_MP|dev_advMeterVerification,2,True,G,GP,ST,1,1,N,N,NN,NN,NOVALUE,IS1,NOVALUE,NOVALUE,NOVALUE,FWI,NOVALUE,1,1,NOVALUE
CFG731_99ac18fd9c7c3f79,x731,CFG731_afd2371086bf1e03,81,TWO_CHARACTERISTIC,2,binaerOpenColl_MP|customUserFluid,2,True,G,GP,ST,1,1,N,N,NN,NN,NOVALUE,IS1,NOVALUE,NOVALUE,NOVALUE,FWI,1,1,NOVALUE,NOVALUE
CFG731_178cf1499676fe1d,x731,CFG731_afd2371086bf1e03,81,TWO_CHARACTERISTIC,2,dev_advMeterVerification|customUserFluid,2,True,G,GP,ST,1,1,N,N,NN,NN,NOVALUE,IS1,NOVALUE,NOVALUE,MP1,FWI,NOVALUE,1,NOVALUE,NOVALUE
CFG731_f2afd0b311942daf,x731,CFG731_624c46bfa7e46ad0,82,TWO_CHARACTERISTIC,2,powerSupply|dataInterface,2,True,G,GP,ST,4,1,N,N,NN,HS,CS1,NOVALUE,NOVALUE,NOVALUE,MP1,FWI,1,1,1,NOVALUE
CFG731_dc8311bd95b34790,x731,CFG731_624c46bfa7e46ad0,82,TWO_CHARACTERISTIC,2,powerSupply|binaerOpenColl_MP,2,True,G,GP,ST,4,1,N,N,NN,NN,CS1,NOVALUE,NOVALUE,NOVALUE,NOVALUE,FWI,1,1,1,NOVALUE
CFG731_78a38b9521f58ea9,x731,CFG731_624c46bfa7e46ad0,82,TWO_CHARACTERISTIC,2,powerSupply|dev_advMeterVerification,2,True,G,GP,ST,4,1,N,N,NN,NN,CS1,NOVALUE,NOVALUE,NOVALUE,MP1,FWI,NOVALUE,1,1,NOVALUE
CFG731_16615982931ca66e,x731,CFG731_624c46bfa7e46ad0,82,TWO_CHARACTERISTIC,2,powerSupply|customUserFluid,2,True,G,GP,ST,4,1,N,N,NN,NN,CS1,NOVALUE,NOVALUE,NOVALUE,MP1,FWI,1,1,NOVALUE,NOVALUE
CFG731_2c7fa0050db52af1,x731,CFG731_624c46bfa7e46ad0,82,TWO_CHARACTERISTIC,2,dataInterface|binaerOpenColl_MP,2,True,G,GP,ST,1,1,N,N,NN,HS,CS1,NOVALUE,NOVALUE,NOVALUE,NOVALUE,FWI,1,1,1,NOVALUE
CFG731_816e83a1e8a8c4d6,x731,CFG731_624c46bfa7e46ad0,82,TWO_CHARACTERISTIC,2,dataInterface|dev_advMeterVerification,2,True,G,GP,ST,1,1,N,N,NN,HS,CS1,NOVALUE,NOVALUE,NOVALUE,MP1,FWI,NOVALUE,1,1,NOVALUE
CFG731_202f91a721cff932,x731,CFG731_624c46bfa7e46ad0,82,TWO_CHARACTERISTIC,2,dataInterface|customUserFluid,2,True,G,GP,ST,1,1,N,N,NN,HS,CS1,NOVALUE,NOVALUE,NOVALUE,MP1,FWI,1,1,NOVALUE,NOVALUE
CFG731_7b1fbf1ada0b7a27,x731,CFG731_624c46bfa7e46ad0,82,TWO_CHARACTERISTIC,2,binaerOpenColl_MP|dev_advMeterVerification,2,True,G,GP,ST,1,1,N,N,NN,NN,CS1,NOVALUE,NOVALUE,NOVALUE,NOVALUE,FWI,NOVALUE,1,1,NOVALUE
CFG731_128a2f0579e44125,x731,CFG731_624c46bfa7e46ad0,82,TWO_CHARACTERISTIC,2,binaerOpenColl_MP|customUserFluid,2,True,G,GP,ST,1,1,N,N,NN,NN,CS1,NOVALUE,NOVALUE,NOVALUE,NOVALUE,FWI,1,1,NOVALUE,NOVALUE
CFG731_fa37c489246dc8c8,x731,CFG731_624c46bfa7e46ad0,82,TWO_CHARACTERISTIC,2,dev_advMeterVerification|customUserFluid,2,True,G,GP,ST,1,1,N,N,NN,NN,CS1,NOVALUE,NOVALUE,NOVALUE,MP1,FWI,NOVALUE,1,NOVALUE,NOVALUE
CFG731_4a6afa34ded1f013,x731,CFG731_20e62aeb01c953da,90,TWO_CHARACTERISTIC,2,powerSupply|stromSchaltbar,2,True,G,GP,ST,4,1,N,N,NN,HS,NOVALUE,NOVALUE,TT1,NOVALUE,MP1,FWI,1,1,1,NOVALUE
CFG731_5c7a6a0bc04c4e28,x731,CFG731_20e62aeb01c953da,90,TWO_CHARACTERISTIC,2,powerSupply|binaerOpenColl_MP,2,True,G,GP,ST,4,1,N,N,NN,HS,CS1,NOVALUE,TT1,NOVALUE,NOVALUE,FWI,1,1,1,NOVALUE
CFG731_41435e12137a7344,x731,CFG731_20e62aeb01c953da,90,TWO_CHARACTERISTIC,2,powerSupply|dev_advMeterVerification,2,True,G,GP,ST,4,1,N,N,NN,HS,CS1,NOVALUE,TT1,NOVALUE,MP1,FWI,NOVALUE,1,1,NOVALUE
CFG731_5ba7572995e2b289,x731,CFG731_20e62aeb01c953da,90,TWO_CHARACTERISTIC,2,powerSupply|customUserFluid,2,True,G,GP,ST,4,1,N,N,NN,HS,CS1,NOVALUE,TT1,NOVALUE,MP1,FWI,1,1,NOVALUE,NOVALUE
CFG731_19c9415317576bbc,x731,CFG731_20e62aeb01c953da,90,TWO_CHARACTERISTIC,2,stromSchaltbar|binaerOpenColl_MP,2,True,G,GP,ST,1,1,N,N,NN,HS,NOVALUE,NOVALUE,TT1,NOVALUE,NOVALUE,FWI,1,1,1,NOVALUE
CFG731_a09842d26388c36f,x731,CFG731_20e62aeb01c953da,90,TWO_CHARACTERISTIC,2,stromSchaltbar|dev_advMeterVerification,2,True,G,GP,ST,1,1,N,N,NN,HS,NOVALUE,NOVALUE,TT1,NOVALUE,MP1,FWI,NOVALUE,1,1,NOVALUE
CFG731_c0946e68127da42e,x731,CFG731_20e62aeb01c953da,90,TWO_CHARACTERISTIC,2,stromSchaltbar|customUserFluid,2,True,G,GP,ST,1,1,N,N,NN,HS,NOVALUE,NOVALUE,TT1,NOVALUE,MP1,FWI,1,1,NOVALUE,NOVALUE
CFG731_8e33d156b60468d2,x731,CFG731_20e62aeb01c953da,90,TWO_CHARACTERISTIC,2,binaerOpenColl_MP|dev_advMeterVerification,2,True,G,GP,ST,1,1,N,N,NN,HS,CS1,NOVALUE,TT1,NOVALUE,NOVALUE,FWI,NOVALUE,1,1,NOVALUE
CFG731_33f263ef54ef97d1,x731,CFG731_20e62aeb01c953da,90,TWO_CHARACTERISTIC,2,binaerOpenColl_MP|customUserFluid,2,True,G,GP,ST,1,1,N,N,NN,HS,CS1,NOVALUE,TT1,NOVALUE,NOVALUE,FWI,1,1,NOVALUE,NOVALUE
CFG731_48e71c5ae6615397,x731,CFG731_20e62aeb01c953da,90,TWO_CHARACTERISTIC,2,dev_advMeterVerification|customUserFluid,2,True,G,GP,ST,1,1,N,N,NN,HS,CS1,NOVALUE,TT1,NOVALUE,MP1,FWI,NOVALUE,1,NOVALUE,NOVALUE
CFG731_054ebfa0a53c444d,x731,CFG731_ad0a2fd7350b6cca,92,TWO_CHARACTERISTIC,2,powerSupply|stromSchaltbar,1,True,G,GP,ST,4,1,N,N,NN,HS,NOVALUE,IS1,TT1,NOVALUE,MP1,FWI,1,1,1,NOVALUE
CFG731_efa947a973dd456e,x731,CFG731_ad0a2fd7350b6cca,92,TWO_CHARACTERISTIC,2,powerSupply|temperaturEingaenge,2,True,G,GP,ST,4,1,N,N,NN,HS,CS1,IS1,NOVALUE,NOVALUE,MP1,FWI,1,1,1,NOVALUE
CFG731_c575d64ec4eec47f,x731,CFG731_ad0a2fd7350b6cca,92,TWO_CHARACTERISTIC,2,powerSupply|binaerOpenColl_MP,2,True,G,GP,ST,4,1,N,N,NN,HS,CS1,IS1,TT1,NOVALUE,NOVALUE,FWI,1,1,1,NOVALUE
CFG731_22298b0cae6ec270,x731,CFG731_ad0a2fd7350b6cca,92,TWO_CHARACTERISTIC,2,powerSupply|dev_advMeterVerification,2,True,G,GP,ST,4,1,N,N,NN,HS,CS1,IS1,TT1,NOVALUE,MP1,FWI,NOVALUE,1,1,NOVALUE
CFG731_598dc8b951c54c4f,x731,CFG731_ad0a2fd7350b6cca,92,TWO_CHARACTERISTIC,2,powerSupply|customUserFluid,2,True,G,GP,ST,4,1,N,N,NN,HS,CS1,IS1,TT1,NOVALUE,MP1,FWI,1,1,NOVALUE,NOVALUE
CFG731_d0c7d9b873941944,x731,CFG731_ad0a2fd7350b6cca,92,TWO_CHARACTERISTIC,2,stromSchaltbar|binaerOpenColl_MP,1,True,G,GP,ST,1,1,N,N,NN,HS,NOVALUE,IS1,TT1,NOVALUE,NOVALUE,FWI,1,1,1,NOVALUE
CFG731_b9655c874fd22316,x731,CFG731_ad0a2fd7350b6cca,92,TWO_CHARACTERISTIC,2,stromSchaltbar|dev_advMeterVerification,1,True,G,GP,ST,1,1,N,N,NN,HS,NOVALUE,IS1,TT1,NOVALUE,MP1,FWI,NOVALUE,1,1,NOVALUE
CFG731_acf759e7c479b97e,x731,CFG731_ad0a2fd7350b6cca,92,TWO_CHARACTERISTIC,2,stromSchaltbar|customUserFluid,1,True,G,GP,ST,1,1,N,N,NN,HS,NOVALUE,IS1,TT1,NOVALUE,MP1,FWI,1,1,NOVALUE,NOVALUE
CFG731_0a7ae0b09d2ef809,x731,CFG731_ad0a2fd7350b6cca,92,TWO_CHARACTERISTIC,2,temperaturEingaenge|binaerOpenColl_MP,2,True,G,GP,ST,1,1,N,N,NN,HS,CS1,IS1,NOVALUE,NOVALUE,NOVALUE,FWI,1,1,1,NOVALUE
CFG731_1f4bc4d4d996373b,x731,CFG731_ad0a2fd7350b6cca,92,TWO_CHARACTERISTIC,2,temperaturEingaenge|dev_advMeterVerification,2,True,G,GP,ST,1,1,N,N,NN,HS,CS1,IS1,NOVALUE,NOVALUE,MP1,FWI,NOVALUE,1,1,NOVALUE
CFG731_bc829d74c7c336e8,x731,CFG731_ad0a2fd7350b6cca,92,TWO_CHARACTERISTIC,2,temperaturEingaenge|customUserFluid,2,True,G,GP,ST,1,1,N,N,NN,HS,CS1,IS1,NOVALUE,NOVALUE,MP1,FWI,1,1,NOVALUE,NOVALUE
CFG731_ec6dc83ad996de42,x731,CFG731_ad0a2fd7350b6cca,92,TWO_CHARACTERISTIC,2,binaerOpenColl_MP|dev_advMeterVerification,2,True,G,GP,ST,1,1,N,N,NN,HS,CS1,IS1,TT1,NOVALUE,NOVALUE,FWI,NOVALUE,1,1,NOVALUE
CFG731_b7967e012afd69f5,x731,CFG731_ad0a2fd7350b6cca,92,TWO_CHARACTERISTIC,2,binaerOpenColl_MP|customUserFluid,2,True,G,GP,ST,1,1,N,N,NN,HS,CS1,IS1,TT1,NOVALUE,NOVALUE,FWI,1,1,NOVALUE,NOVALUE
CFG731_54f76cb8cac8d338,x731,CFG731_ad0a2fd7350b6cca,92,TWO_CHARACTERISTIC,2,dev_advMeterVerification|customUserFluid,2,True,G,GP,ST,1,1,N,N,NN,HS,CS1,IS1,TT1,NOVALUE,MP1,FWI,NOVALUE,1,NOVALUE,NOVALUE
CFG731_3dab8c6b2d0647f2,x731,CFG731_d9ddb62ada93458f,94,TWO_CHARACTERISTIC,2,powerSupply|binaerOpenColl_MP,2,True,G,GP,ST,4,1,N,N,NN,HS,NOVALUE,IS1,TT1,NOVALUE,NOVALUE,FWI,1,1,1,NOVALUE
CFG731_eb8a96ab731a0778,x731,CFG731_d9ddb62ada93458f,94,TWO_CHARACTERISTIC,2,powerSupply|dev_advMeterVerification,2,True,G,GP,ST,4,1,N,N,NN,HS,NOVALUE,IS1,TT1,NOVALUE,MP1,FWI,NOVALUE,1,1,NOVALUE
CFG731_8192083f7dcf3289,x731,CFG731_d9ddb62ada93458f,94,TWO_CHARACTERISTIC,2,powerSupply|customUserFluid,2,True,G,GP,ST,4,1,N,N,NN,HS,NOVALUE,IS1,TT1,NOVALUE,MP1,FWI,1,1,NOVALUE,NOVALUE
CFG731_869fa66ce454e3e2,x731,CFG731_d9ddb62ada93458f,94,TWO_CHARACTERISTIC,2,binaerOpenColl_MP|dev_advMeterVerification,2,True,G,GP,ST,1,1,N,N,NN,HS,NOVALUE,IS1,TT1,NOVALUE,NOVALUE,FWI,NOVALUE,1,1,NOVALUE
CFG731_48cdab7e27c13199,x731,CFG731_d9ddb62ada93458f,94,TWO_CHARACTERISTIC,2,binaerOpenColl_MP|customUserFluid,2,True,G,GP,ST,1,1,N,N,NN,HS,NOVALUE,IS1,TT1,NOVALUE,NOVALUE,FWI,1,1,NOVALUE,NOVALUE
CFG731_53a42e1e99ee4a39,x731,CFG731_d9ddb62ada93458f,94,TWO_CHARACTERISTIC,2,dev_advMeterVerification|customUserFluid,2,True,G,GP,ST,1,1,N,N,NN,HS,NOVALUE,IS1,TT1,NOVALUE,MP1,FWI,NOVALUE,1,NOVALUE,NOVALUE
CFG731_27b6b45b43224be7,x731,CFG731_9d03b3ff10a7b30e,95,ONE_CHARACTERISTIC,1,powerSupply,1,True,G,GP,ST,4,1,N,N,NN,NN,CS1,NOVALUE,TT1,MN1,NOVALUE,FWI,1,1,1,NOVALUE
CFG731_cefae4046050399e,x731,CFG731_9d03b3ff10a7b30e,95,ONE_CHARACTERISTIC,1,stromSchaltbar,1,True,G,GP,ST,1,1,N,N,NN,NN,NOVALUE,NOVALUE,TT1,MN1,NOVALUE,FWI,1,1,1,NOVALUE
CFG731_c8d4383220ad607a,x731,CFG731_9d03b3ff10a7b30e,95,ONE_CHARACTERISTIC,1,dev_advMeterVerification,1,True,G,GP,ST,1,1,N,N,NN,NN,CS1,NOVALUE,TT1,MN1,NOVALUE,FWI,NOVALUE,1,1,NOVALUE
CFG731_ab67f4ca670c9841,x731,CFG731_9d03b3ff10a7b30e,95,ONE_CHARACTERISTIC,1,customUserFluid,1,True,G,GP,ST,1,1,N,N,NN,NN,CS1,NOVALUE,TT1,MN1,NOVALUE,FWI,1,1,NOVALUE,NOVALUE
CFG731_15ced4cc8d86bb53,x731,CFG731_9d03b3ff10a7b30e,95,DEPENDENCY_TWO_CHARACTERISTIC,2,stromEingaenge|temperaturEingaenge,1,True,G,GP,ST,1,1,N,N,NN,NN,CS1,IS1,NOVALUE,MN1,NOVALUE,FWI,1,1,1,NOVALUE
CFG731_2e0e24cbfe1ca19b,x731,CFG731_9d03b3ff10a7b30e,95,DEPENDENCY_TWO_CHARACTERISTIC,2,stromSchaltbar|stromEingaenge,1,True,G,GP,ST,1,1,N,N,NN,NN,NOVALUE,IS1,TT1,MN1,NOVALUE,FWI,1,1,1,NOVALUE
CFG731_8e5ce09a779d2284,x731,CFG731_9d03b3ff10a7b30e,95,DEPENDENCY_TWO_CHARACTERISTIC,2,stromSchaltbar|temperaturEingaenge,1,True,G,GP,ST,1,1,N,N,NN,NN,NOVALUE,NOVALUE,NOVALUE,MN1,NOVALUE,FWI,1,1,1,NOVALUE
CFG731_02ec1e408c44cf5d,x731,CFG731_9d03b3ff10a7b30e,95,TWO_CHARACTERISTIC,2,powerSupply|dataInterface,1,True,G,GP,ST,4,1,N,N,NN,HS,CS1,NOVALUE,TT1,MN1,NOVALUE,FWI,1,1,1,NOVALUE
CFG731_7dce730729047505,x731,CFG731_9d03b3ff10a7b30e,95,TWO_CHARACTERISTIC,2,powerSupply|stromSchaltbar,2,True,G,GP,ST,4,1,N,N,NN,NN,NOVALUE,NOVALUE,TT1,MN1,NOVALUE,FWI,1,1,1,NOVALUE
CFG731_d8e9108d0c308219,x731,CFG731_9d03b3ff10a7b30e,95,TWO_CHARACTERISTIC,2,powerSupply|stromEingaenge,1,True,G,GP,ST,4,1,N,N,NN,NN,CS1,IS1,TT1,MN1,NOVALUE,FWI,1,1,1,NOVALUE
CFG731_152dc9cd63e126ba,x731,CFG731_9d03b3ff10a7b30e,95,TWO_CHARACTERISTIC,2,powerSupply|temperaturEingaenge,1,True,G,GP,ST,4,1,N,N,NN,NN,CS1,NOVALUE,NOVALUE,MN1,NOVALUE,FWI,1,1,1,NOVALUE
CFG731_c40dcf169333c8a3,x731,CFG731_9d03b3ff10a7b30e,95,TWO_CHARACTERISTIC,2,powerSupply|dev_advMeterVerification,2,True,G,GP,ST,4,1,N,N,NN,NN,CS1,NOVALUE,TT1,MN1,NOVALUE,FWI,NOVALUE,1,1,NOVALUE
CFG731_94bc9ff8f2fb38ad,x731,CFG731_9d03b3ff10a7b30e,95,TWO_CHARACTERISTIC,2,powerSupply|customUserFluid,2,True,G,GP,ST,4,1,N,N,NN,NN,CS1,NOVALUE,TT1,MN1,NOVALUE,FWI,1,1,NOVALUE,NOVALUE
CFG731_5e037d5a44e366b4,x731,CFG731_9d03b3ff10a7b30e,95,TWO_CHARACTERISTIC,2,dataInterface|stromSchaltbar,1,True,G,GP,ST,1,1,N,N,NN,HS,NOVALUE,NOVALUE,TT1,MN1,NOVALUE,FWI,1,1,1,NOVALUE
CFG731_9db9a1eff2fc025d,x731,CFG731_9d03b3ff10a7b30e,95,TWO_CHARACTERISTIC,2,dataInterface|temperaturEingaenge,1,True,G,GP,ST,1,1,N,N,NN,HS,CS1,NOVALUE,NOVALUE,MN1,NOVALUE,FWI,1,1,1,NOVALUE
CFG731_1f31b1bf8dc9e962,x731,CFG731_9d03b3ff10a7b30e,95,TWO_CHARACTERISTIC,2,dataInterface|dev_advMeterVerification,1,True,G,GP,ST,1,1,N,N,NN,HS,CS1,NOVALUE,TT1,MN1,NOVALUE,FWI,NOVALUE,1,1,NOVALUE
CFG731_393275fee9e35746,x731,CFG731_9d03b3ff10a7b30e,95,TWO_CHARACTERISTIC,2,dataInterface|customUserFluid,1,True,G,GP,ST,1,1,N,N,NN,HS,CS1,NOVALUE,TT1,MN1,NOVALUE,FWI,1,1,NOVALUE,NOVALUE
CFG731_928eb2092e8c7074,x731,CFG731_9d03b3ff10a7b30e,95,TWO_CHARACTERISTIC,2,stromSchaltbar|dev_advMeterVerification,2,True,G,GP,ST,1,1,N,N,NN,NN,NOVALUE,NOVALUE,TT1,MN1,NOVALUE,FWI,NOVALUE,1,1,NOVALUE
CFG731_9fa99aeaa73d9b60,x731,CFG731_9d03b3ff10a7b30e,95,TWO_CHARACTERISTIC,2,stromSchaltbar|customUserFluid,2,True,G,GP,ST,1,1,N,N,NN,NN,NOVALUE,NOVALUE,TT1,MN1,NOVALUE,FWI,1,1,NOVALUE,NOVALUE
CFG731_9e051f7b4daa8c5e,x731,CFG731_9d03b3ff10a7b30e,95,TWO_CHARACTERISTIC,2,stromEingaenge|dev_advMeterVerification,1,True,G,GP,ST,1,1,N,N,NN,NN,CS1,IS1,TT1,MN1,NOVALUE,FWI,NOVALUE,1,1,NOVALUE
CFG731_a8d894aee1986066,x731,CFG731_9d03b3ff10a7b30e,95,TWO_CHARACTERISTIC,2,stromEingaenge|customUserFluid,1,True,G,GP,ST,1,1,N,N,NN,NN,CS1,IS1,TT1,MN1,NOVALUE,FWI,1,1,NOVALUE,NOVALUE
CFG731_b3ebba592f51e280,x731,CFG731_9d03b3ff10a7b30e,95,TWO_CHARACTERISTIC,2,temperaturEingaenge|dev_advMeterVerification,1,True,G,GP,ST,1,1,N,N,NN,NN,CS1,NOVALUE,NOVALUE,MN1,NOVALUE,FWI,NOVALUE,1,1,NOVALUE
CFG731_875f5d7eec61db7e,x731,CFG731_9d03b3ff10a7b30e,95,TWO_CHARACTERISTIC,2,temperaturEingaenge|customUserFluid,1,True,G,GP,ST,1,1,N,N,NN,NN,CS1,NOVALUE,NOVALUE,MN1,NOVALUE,FWI,1,1,NOVALUE,NOVALUE
CFG731_bdf33f8defe852d5,x731,CFG731_9d03b3ff10a7b30e,95,TWO_CHARACTERISTIC,2,dev_advMeterVerification|customUserFluid,2,True,G,GP,ST,1,1,N,N,NN,NN,CS1,NOVALUE,TT1,MN1,NOVALUE,FWI,NOVALUE,1,NOVALUE,NOVALUE
CFG731_eee37571734035ae,x731,CFG731_91e51485b56960b2,97,TWO_CHARACTERISTIC,2,powerSupply|dataInterface,1,True,G,GP,ST,4,1,N,N,NN,HS,CS1,IS1,TT1,MN1,NOVALUE,FWI,1,1,1,NOVALUE
CFG731_3bc6a1e96ef7fdf9,x731,CFG731_91e51485b56960b2,97,TWO_CHARACTERISTIC,2,powerSupply|stromSchaltbar,2,True,G,GP,ST,4,1,N,N,NN,NN,NOVALUE,IS1,TT1,MN1,NOVALUE,FWI,1,1,1,NOVALUE
CFG731_4fef03d187c436c3,x731,CFG731_91e51485b56960b2,97,TWO_CHARACTERISTIC,2,powerSupply|temperaturEingaenge,2,True,G,GP,ST,4,1,N,N,NN,NN,CS1,IS1,NOVALUE,MN1,NOVALUE,FWI,1,1,1,NOVALUE
CFG731_90bca1ecfe651e76,x731,CFG731_91e51485b56960b2,97,TWO_CHARACTERISTIC,2,powerSupply|dev_advMeterVerification,2,True,G,GP,ST,4,1,N,N,NN,NN,CS1,IS1,TT1,MN1,NOVALUE,FWI,NOVALUE,1,1,NOVALUE
CFG731_6eb4d849103890b2,x731,CFG731_91e51485b56960b2,97,TWO_CHARACTERISTIC,2,powerSupply|customUserFluid,2,True,G,GP,ST,4,1,N,N,NN,NN,CS1,IS1,TT1,MN1,NOVALUE,FWI,1,1,NOVALUE,NOVALUE
CFG731_9b78d433d00f1965,x731,CFG731_91e51485b56960b2,97,TWO_CHARACTERISTIC,2,dataInterface|temperaturEingaenge,1,True,G,GP,ST,1,1,N,N,NN,HS,CS1,IS1,NOVALUE,MN1,NOVALUE,FWI,1,1,1,NOVALUE
CFG731_14269a1a57ac4cbc,x731,CFG731_91e51485b56960b2,97,TWO_CHARACTERISTIC,2,dataInterface|dev_advMeterVerification,1,True,G,GP,ST,1,1,N,N,NN,HS,CS1,IS1,TT1,MN1,NOVALUE,FWI,NOVALUE,1,1,NOVALUE
CFG731_db4d6aa37f02123f,x731,CFG731_91e51485b56960b2,97,TWO_CHARACTERISTIC,2,dataInterface|customUserFluid,1,True,G,GP,ST,1,1,N,N,NN,HS,CS1,IS1,TT1,MN1,NOVALUE,FWI,1,1,NOVALUE,NOVALUE
CFG731_e0d22e56497c3484,x731,CFG731_91e51485b56960b2,97,TWO_CHARACTERISTIC,2,stromSchaltbar|dev_advMeterVerification,2,True,G,GP,ST,1,1,N,N,NN,NN,NOVALUE,IS1,TT1,MN1,NOVALUE,FWI,NOVALUE,1,1,NOVALUE
CFG731_97fd0141fdd430fd,x731,CFG731_91e51485b56960b2,97,TWO_CHARACTERISTIC,2,stromSchaltbar|customUserFluid,2,True,G,GP,ST,1,1,N,N,NN,NN,NOVALUE,IS1,TT1,MN1,NOVALUE,FWI,1,1,NOVALUE,NOVALUE
CFG731_e93c1b11eaa21163,x731,CFG731_91e51485b56960b2,97,TWO_CHARACTERISTIC,2,temperaturEingaenge|dev_advMeterVerification,2,True,G,GP,ST,1,1,N,N,NN,NN,CS1,IS1,NOVALUE,MN1,NOVALUE,FWI,NOVALUE,1,1,NOVALUE
CFG731_9c77f8a86f16a2b2,x731,CFG731_91e51485b56960b2,97,TWO_CHARACTERISTIC,2,temperaturEingaenge|customUserFluid,2,True,G,GP,ST,1,1,N,N,NN,NN,CS1,IS1,NOVALUE,MN1,NOVALUE,FWI,1,1,NOVALUE,NOVALUE
CFG731_f2659568649335d6,x731,CFG731_91e51485b56960b2,97,TWO_CHARACTERISTIC,2,dev_advMeterVerification|customUserFluid,2,True,G,GP,ST,1,1,N,N,NN,NN,CS1,IS1,TT1,MN1,NOVALUE,FWI,NOVALUE,1,NOVALUE,NOVALUE
CFG731_d9234c84a58b99ae,x731,CFG731_b83ac25dbd4e47ee,100,ONE_CHARACTERISTIC,1,powerSupply,1,True,G,GP,ST,4,1,N,N,NN,NN,NOVALUE,IS1,NOVALUE,MN1,NOVALUE,FWI,1,1,1,NOVALUE
CFG731_33d5b52db510e046,x731,CFG731_b83ac25dbd4e47ee,100,ONE_CHARACTERISTIC,1,dataInterface,1,True,G,GP,ST,1,1,N,N,NN,HS,NOVALUE,IS1,NOVALUE,MN1,NOVALUE,FWI,1,1,1,NOVALUE
CFG731_cc0572630b0848e7,x731,CFG731_b83ac25dbd4e47ee,100,ONE_CHARACTERISTIC,1,dev_advMeterVerification,1,True,G,GP,ST,1,1,N,N,NN,NN,NOVALUE,IS1,NOVALUE,MN1,NOVALUE,FWI,NOVALUE,1,1,NOVALUE
CFG731_413818e8f670b01d,x731,CFG731_b83ac25dbd4e47ee,100,ONE_CHARACTERISTIC,1,customUserFluid,1,True,G,GP,ST,1,1,N,N,NN,NN,NOVALUE,IS1,NOVALUE,MN1,NOVALUE,FWI,1,1,NOVALUE,NOVALUE
CFG731_73ac195ef2754292,x731,CFG731_b83ac25dbd4e47ee,100,TWO_CHARACTERISTIC,2,powerSupply|dataInterface,2,True,G,GP,ST,4,1,N,N,NN,HS,NOVALUE,IS1,NOVALUE,MN1,NOVALUE,FWI,1,1,1,NOVALUE
CFG731_eff51a75e38ea874,x731,CFG731_b83ac25dbd4e47ee,100,TWO_CHARACTERISTIC,2,powerSupply|stromEingaenge,2,True,G,GP,ST,4,1,N,N,NN,NN,NOVALUE,NOVALUE,NOVALUE,MN1,NOVALUE,FWI,1,1,1,NOVALUE
CFG731_cb2e63f823697ceb,x731,CFG731_b83ac25dbd4e47ee,100,TWO_CHARACTERISTIC,2,powerSupply|dev_advMeterVerification,2,True,G,GP,ST,4,1,N,N,NN,NN,NOVALUE,IS1,NOVALUE,MN1,NOVALUE,FWI,NOVALUE,1,1,NOVALUE
CFG731_9676c8784fca6c61,x731,CFG731_b83ac25dbd4e47ee,100,TWO_CHARACTERISTIC,2,powerSupply|customUserFluid,2,True,G,GP,ST,4,1,N,N,NN,NN,NOVALUE,IS1,NOVALUE,MN1,NOVALUE,FWI,1,1,NOVALUE,NOVALUE
CFG731_34c4e4c71930a101,x731,CFG731_b83ac25dbd4e47ee,100,TWO_CHARACTERISTIC,2,dataInterface|stromEingaenge,2,True,G,GP,ST,1,1,N,N,NN,HS,NOVALUE,NOVALUE,NOVALUE,MN1,NOVALUE,FWI,1,1,1,NOVALUE
CFG731_1a6e92bd456d92ae,x731,CFG731_b83ac25dbd4e47ee,100,TWO_CHARACTERISTIC,2,dataInterface|dev_advMeterVerification,2,True,G,GP,ST,1,1,N,N,NN,HS,NOVALUE,IS1,NOVALUE,MN1,NOVALUE,FWI,NOVALUE,1,1,NOVALUE
CFG731_de33894a896183da,x731,CFG731_b83ac25dbd4e47ee,100,TWO_CHARACTERISTIC,2,dataInterface|customUserFluid,2,True,G,GP,ST,1,1,N,N,NN,HS,NOVALUE,IS1,NOVALUE,MN1,NOVALUE,FWI,1,1,NOVALUE,NOVALUE
CFG731_e8a24c27ac5a0d21,x731,CFG731_b83ac25dbd4e47ee,100,TWO_CHARACTERISTIC,2,stromEingaenge|dev_advMeterVerification,2,True,G,GP,ST,1,1,N,N,NN,NN,NOVALUE,NOVALUE,NOVALUE,MN1,NOVALUE,FWI,NOVALUE,1,1,NOVALUE
CFG731_2a51035b951a04cd,x731,CFG731_b83ac25dbd4e47ee,100,TWO_CHARACTERISTIC,2,stromEingaenge|customUserFluid,2,True,G,GP,ST,1,1,N,N,NN,NN,NOVALUE,NOVALUE,NOVALUE,MN1,NOVALUE,FWI,1,1,NOVALUE,NOVALUE
CFG731_80058ab4d41acad9,x731,CFG731_b83ac25dbd4e47ee,100,TWO_CHARACTERISTIC,2,dev_advMeterVerification|customUserFluid,2,True,G,GP,ST,1,1,N,N,NN,NN,NOVALUE,IS1,NOVALUE,MN1,NOVALUE,FWI,NOVALUE,1,NOVALUE,NOVALUE
CFG731_2a1c7295f72ff6ac,x731,CFG731_deb3d65220135a9e,101,TWO_CHARACTERISTIC,2,powerSupply|dataInterface,2,True,G,GP,ST,4,1,N,N,NN,HS,CS1,NOVALUE,NOVALUE,MN1,NOVALUE,FWI,1,1,1,NOVALUE
CFG731_611ec76b0acf19b8,x731,CFG731_deb3d65220135a9e,101,TWO_CHARACTERISTIC,2,powerSupply|dev_advMeterVerification,2,True,G,GP,ST,4,1,N,N,NN,NN,CS1,NOVALUE,NOVALUE,MN1,NOVALUE,FWI,NOVALUE,1,1,NOVALUE
CFG731_73049b0f902716ce,x731,CFG731_deb3d65220135a9e,101,TWO_CHARACTERISTIC,2,powerSupply|customUserFluid,2,True,G,GP,ST,4,1,N,N,NN,NN,CS1,NOVALUE,NOVALUE,MN1,NOVALUE,FWI,1,1,NOVALUE,NOVALUE
CFG731_a5aa6d7b695b25bb,x731,CFG731_deb3d65220135a9e,101,TWO_CHARACTERISTIC,2,dataInterface|dev_advMeterVerification,2,True,G,GP,ST,1,1,N,N,NN,HS,CS1,NOVALUE,NOVALUE,MN1,NOVALUE,FWI,NOVALUE,1,1,NOVALUE
CFG731_30d0cd81d8628124,x731,CFG731_deb3d65220135a9e,101,TWO_CHARACTERISTIC,2,dataInterface|customUserFluid,2,True,G,GP,ST,1,1,N,N,NN,HS,CS1,NOVALUE,NOVALUE,MN1,NOVALUE,FWI,1,1,NOVALUE,NOVALUE
CFG731_d4653537397b59e4,x731,CFG731_deb3d65220135a9e,101,TWO_CHARACTERISTIC,2,dev_advMeterVerification|customUserFluid,2,True,G,GP,ST,1,1,N,N,NN,NN,CS1,NOVALUE,NOVALUE,MN1,NOVALUE,FWI,NOVALUE,1,NOVALUE,NOVALUE
CFG731_809c80fd9ff266d4,x731,CFG731_d40b624cb7b84a81,109,TWO_CHARACTERISTIC,2,powerSupply|stromSchaltbar,2,True,G,GP,ST,4,1,N,N,NN,HS,NOVALUE,NOVALUE,TT1,MN1,NOVALUE,FWI,1,1,1,NOVALUE
CFG731_e7987321fd6bba0c,x731,CFG731_d40b624cb7b84a81,109,TWO_CHARACTERISTIC,2,powerSupply|dev_advMeterVerification,2,True,G,GP,ST,4,1,N,N,NN,HS,CS1,NOVALUE,TT1,MN1,NOVALUE,FWI,NOVALUE,1,1,NOVALUE
CFG731_e15ec875300f5d58,x731,CFG731_d40b624cb7b84a81,109,TWO_CHARACTERISTIC,2,powerSupply|customUserFluid,2,True,G,GP,ST,4,1,N,N,NN,HS,CS1,NOVALUE,TT1,MN1,NOVALUE,FWI,1,1,NOVALUE,NOVALUE
CFG731_791a0e440e2e9e12,x731,CFG731_d40b624cb7b84a81,109,TWO_CHARACTERISTIC,2,stromSchaltbar|dev_advMeterVerification,2,True,G,GP,ST,1,1,N,N,NN,HS,NOVALUE,NOVALUE,TT1,MN1,NOVALUE,FWI,NOVALUE,1,1,NOVALUE
CFG731_023d470dcc61b715,x731,CFG731_d40b624cb7b84a81,109,TWO_CHARACTERISTIC,2,stromSchaltbar|customUserFluid,2,True,G,GP,ST,1,1,N,N,NN,HS,NOVALUE,NOVALUE,TT1,MN1,NOVALUE,FWI,1,1,NOVALUE,NOVALUE
CFG731_d7c031e2b589d088,x731,CFG731_d40b624cb7b84a81,109,TWO_CHARACTERISTIC,2,dev_advMeterVerification|customUserFluid,2,True,G,GP,ST,1,1,N,N,NN,HS,CS1,NOVALUE,TT1,MN1,NOVALUE,FWI,NOVALUE,1,NOVALUE,NOVALUE
CFG731_dc321f785d65411f,x731,CFG731_911371c5235ca8b4,111,TWO_CHARACTERISTIC,2,powerSupply|stromSchaltbar,1,True,G,GP,ST,4,1,N,N,NN,HS,NOVALUE,IS1,TT1,MN1,NOVALUE,FWI,1,1,1,NOVALUE
CFG731_0acb7cb21878d0cf,x731,CFG731_911371c5235ca8b4,111,TWO_CHARACTERISTIC,2,powerSupply|temperaturEingaenge,2,True,G,GP,ST,4,1,N,N,NN,HS,CS1,IS1,NOVALUE,MN1,NOVALUE,FWI,1,1,1,NOVALUE
CFG731_5bebadef8f442ef3,x731,CFG731_911371c5235ca8b4,111,TWO_CHARACTERISTIC,2,powerSupply|dev_advMeterVerification,2,True,G,GP,ST,4,1,N,N,NN,HS,CS1,IS1,TT1,MN1,NOVALUE,FWI,NOVALUE,1,1,NOVALUE
CFG731_f9ff7364d8505783,x731,CFG731_911371c5235ca8b4,111,TWO_CHARACTERISTIC,2,powerSupply|customUserFluid,2,True,G,GP,ST,4,1,N,N,NN,HS,CS1,IS1,TT1,MN1,NOVALUE,FWI,1,1,NOVALUE,NOVALUE
CFG731_fc07a534c1e746bf,x731,CFG731_911371c5235ca8b4,111,TWO_CHARACTERISTIC,2,stromSchaltbar|dev_advMeterVerification,1,True,G,GP,ST,1,1,N,N,NN,HS,NOVALUE,IS1,TT1,MN1,NOVALUE,FWI,NOVALUE,1,1,NOVALUE
CFG731_09f536f8fea6f621,x731,CFG731_911371c5235ca8b4,111,TWO_CHARACTERISTIC,2,stromSchaltbar|customUserFluid,1,True,G,GP,ST,1,1,N,N,NN,HS,NOVALUE,IS1,TT1,MN1,NOVALUE,FWI,1,1,NOVALUE,NOVALUE
CFG731_4b8a46eaf14211d0,x731,CFG731_911371c5235ca8b4,111,TWO_CHARACTERISTIC,2,temperaturEingaenge|dev_advMeterVerification,2,True,G,GP,ST,1,1,N,N,NN,HS,CS1,IS1,NOVALUE,MN1,NOVALUE,FWI,NOVALUE,1,1,NOVALUE
CFG731_517be554ef07a3b2,x731,CFG731_911371c5235ca8b4,111,TWO_CHARACTERISTIC,2,temperaturEingaenge|customUserFluid,2,True,G,GP,ST,1,1,N,N,NN,HS,CS1,IS1,NOVALUE,MN1,NOVALUE,FWI,1,1,NOVALUE,NOVALUE
CFG731_bfd1a082bd1c6e4f,x731,CFG731_911371c5235ca8b4,111,TWO_CHARACTERISTIC,2,dev_advMeterVerification|customUserFluid,2,True,G,GP,ST,1,1,N,N,NN,HS,CS1,IS1,TT1,MN1,NOVALUE,FWI,NOVALUE,1,NOVALUE,NOVALUE
CFG731_2ad53c1944d2068a,x731,CFG731_96c2ea74f0083869,113,TWO_CHARACTERISTIC,2,powerSupply|dev_advMeterVerification,2,True,G,GP,ST,4,1,N,N,NN,HS,NOVALUE,IS1,TT1,MN1,NOVALUE,FWI,NOVALUE,1,1,NOVALUE
CFG731_f8c75eb3333f1f5a,x731,CFG731_96c2ea74f0083869,113,TWO_CHARACTERISTIC,2,powerSupply|customUserFluid,2,True,G,GP,ST,4,1,N,N,NN,HS,NOVALUE,IS1,TT1,MN1,NOVALUE,FWI,1,1,NOVALUE,NOVALUE
CFG731_85e40eb896d913c1,x731,CFG731_96c2ea74f0083869,113,TWO_CHARACTERISTIC,2,dev_advMeterVerification|customUserFluid,2,True,G,GP,ST,1,1,N,N,NN,HS,NOVALUE,IS1,TT1,MN1,NOVALUE,FWI,NOVALUE,1,NOVALUE,NOVALUE
CFG731_15191898146ddcd8,x731,CFG731_1f978c234895178c,114,ONE_CHARACTERISTIC,1,powerSupply,1,True,G,GP,ST,4,1,A,2,NN,NN,CS1,NOVALUE,TT1,NOVALUE,MP1,FWI,1,1,1,NOVALUE
CFG731_48b8ef3dd5c49a10,x731,CFG731_1f978c234895178c,114,ONE_CHARACTERISTIC,1,stromSchaltbar,1,True,G,GP,ST,1,1,A,2,NN,NN,NOVALUE,NOVALUE,TT1,NOVALUE,MP1,FWI,1,1,1,NOVALUE
CFG731_338a3238e967f681,x731,CFG731_1f978c234895178c,114,ONE_CHARACTERISTIC,1,binaerOpenColl_MP,1,True,G,GP,ST,1,1,A,2,NN,NN,CS1,NOVALUE,TT1,NOVALUE,NOVALUE,FWI,1,1,1,NOVALUE
CFG731_007c0829be0a9482,x731,CFG731_1f978c234895178c,114,ONE_CHARACTERISTIC,1,dev_advMeterVerification,1,True,G,GP,ST,1,1,A,2,NN,NN,CS1,NOVALUE,TT1,NOVALUE,MP1,FWI,NOVALUE,1,1,NOVALUE
CFG731_2bf8821384b1bb75,x731,CFG731_1f978c234895178c,114,ONE_CHARACTERISTIC,1,customUserFluid,1,True,G,GP,ST,1,1,A,2,NN,NN,CS1,NOVALUE,TT1,NOVALUE,MP1,FWI,1,1,NOVALUE,NOVALUE
CFG731_a48cbb33873bda1b,x731,CFG731_1f978c234895178c,114,DEPENDENCY_TWO_CHARACTERISTIC,2,stromEingaenge|temperaturEingaenge,1,True,G,GP,ST,1,1,A,2,NN,NN,CS1,IS1,NOVALUE,NOVALUE,MP1,FWI,1,1,1,NOVALUE
CFG731_dca3d8725270dd93,x731,CFG731_1f978c234895178c,114,DEPENDENCY_TWO_CHARACTERISTIC,2,stromSchaltbar|stromEingaenge,1,True,G,GP,ST,1,1,A,2,NN,NN,NOVALUE,IS1,TT1,NOVALUE,MP1,FWI,1,1,1,NOVALUE
CFG731_04e7216b1ba7f935,x731,CFG731_1f978c234895178c,114,DEPENDENCY_TWO_CHARACTERISTIC,2,stromSchaltbar|temperaturEingaenge,1,True,G,GP,ST,1,1,A,2,NN,NN,NOVALUE,NOVALUE,NOVALUE,NOVALUE,MP1,FWI,1,1,1,NOVALUE
CFG731_d779331ce0b0c6c1,x731,CFG731_1f978c234895178c,114,TWO_CHARACTERISTIC,2,powerSupply|dataInterface,1,True,G,GP,ST,4,1,A,2,NN,HS,CS1,NOVALUE,TT1,NOVALUE,MP1,FWI,1,1,1,NOVALUE
CFG731_9fcbfc87f6f15988,x731,CFG731_1f978c234895178c,114,TWO_CHARACTERISTIC,2,powerSupply|stromSchaltbar,2,True,G,GP,ST,4,1,A,2,NN,NN,NOVALUE,NOVALUE,TT1,NOVALUE,MP1,FWI,1,1,1,NOVALUE
CFG731_ebe7c73628c3e02a,x731,CFG731_1f978c234895178c,114,TWO_CHARACTERISTIC,2,powerSupply|stromEingaenge,1,True,G,GP,ST,4,1,A,2,NN,NN,CS1,IS1,TT1,NOVALUE,MP1,FWI,1,1,1,NOVALUE
CFG731_844c64c49c2e5514,x731,CFG731_1f978c234895178c,114,TWO_CHARACTERISTIC,2,powerSupply|temperaturEingaenge,1,True,G,GP,ST,4,1,A,2,NN,NN,CS1,NOVALUE,NOVALUE,NOVALUE,MP1,FWI,1,1,1,NOVALUE
CFG731_0a0880b62dbd0a97,x731,CFG731_1f978c234895178c,114,TWO_CHARACTERISTIC,2,powerSupply|binaerOpenColl_MP,2,True,G,GP,ST,4,1,A,2,NN,NN,CS1,NOVALUE,TT1,NOVALUE,NOVALUE,FWI,1,1,1,NOVALUE
CFG731_2b91b627c22520ad,x731,CFG731_1f978c234895178c,114,TWO_CHARACTERISTIC,2,powerSupply|dev_advMeterVerification,2,True,G,GP,ST,4,1,A,2,NN,NN,CS1,NOVALUE,TT1,NOVALUE,MP1,FWI,NOVALUE,1,1,NOVALUE
CFG731_a41fe4e67e82e94f,x731,CFG731_1f978c234895178c,114,TWO_CHARACTERISTIC,2,powerSupply|customUserFluid,2,True,G,GP,ST,4,1,A,2,NN,NN,CS1,NOVALUE,TT1,NOVALUE,MP1,FWI,1,1,NOVALUE,NOVALUE
CFG731_fc60ae5de2353d1d,x731,CFG731_1f978c234895178c,114,TWO_CHARACTERISTIC,2,explosionApproval|binaerOpenColl_MP,1,True,G,GP,ST,1,1,F,2,NN,NN,CS1,NOVALUE,TT1,NOVALUE,NOVALUE,FWI,1,1,1,NOVALUE
CFG731_9e13de19970e4646,x731,CFG731_1f978c234895178c,114,TWO_CHARACTERISTIC,2,dataInterface|stromSchaltbar,1,True,G,GP,ST,1,1,A,2,NN,HS,NOVALUE,NOVALUE,TT1,NOVALUE,MP1,FWI,1,1,1,NOVALUE
CFG731_a7a47f176ddfa4cb,x731,CFG731_1f978c234895178c,114,TWO_CHARACTERISTIC,2,dataInterface|temperaturEingaenge,1,True,G,GP,ST,1,1,A,2,NN,HS,CS1,NOVALUE,NOVALUE,NOVALUE,MP1,FWI,1,1,1,NOVALUE
CFG731_b2c2f1da372030f9,x731,CFG731_1f978c234895178c,114,TWO_CHARACTERISTIC,2,dataInterface|binaerOpenColl_MP,1,True,G,GP,ST,1,1,A,2,NN,HS,CS1,NOVALUE,TT1,NOVALUE,NOVALUE,FWI,1,1,1,NOVALUE
CFG731_7d4c803343a40a05,x731,CFG731_1f978c234895178c,114,TWO_CHARACTERISTIC,2,dataInterface|dev_advMeterVerification,1,True,G,GP,ST,1,1,A,2,NN,HS,CS1,NOVALUE,TT1,NOVALUE,MP1,FWI,NOVALUE,1,1,NOVALUE
CFG731_c40b4ffa9a4b1399,x731,CFG731_1f978c234895178c,114,TWO_CHARACTERISTIC,2,dataInterface|customUserFluid,1,True,G,GP,ST,1,1,A,2,NN,HS,CS1,NOVALUE,TT1,NOVALUE,MP1,FWI,1,1,NOVALUE,NOVALUE
CFG731_606ab682e8ce021a,x731,CFG731_1f978c234895178c,114,TWO_CHARACTERISTIC,2,stromSchaltbar|binaerOpenColl_MP,2,True,G,GP,ST,1,1,A,2,NN,NN,NOVALUE,NOVALUE,TT1,NOVALUE,NOVALUE,FWI,1,1,1,NOVALUE
CFG731_6e223a08d8502b1c,x731,CFG731_1f978c234895178c,114,TWO_CHARACTERISTIC,2,stromSchaltbar|dev_advMeterVerification,2,True,G,GP,ST,1,1,A,2,NN,NN,NOVALUE,NOVALUE,TT1,NOVALUE,MP1,FWI,NOVALUE,1,1,NOVALUE
CFG731_ef692b79bb835f89,x731,CFG731_1f978c234895178c,114,TWO_CHARACTERISTIC,2,stromSchaltbar|customUserFluid,2,True,G,GP,ST,1,1,A,2,NN,NN,NOVALUE,NOVALUE,TT1,NOVALUE,MP1,FWI,1,1,NOVALUE,NOVALUE
CFG731_09c0748365bb17e2,x731,CFG731_1f978c234895178c,114,TWO_CHARACTERISTIC,2,stromEingaenge|binaerOpenColl_MP,1,True,G,GP,ST,1,1,A,2,NN,NN,CS1,IS1,TT1,NOVALUE,NOVALUE,FWI,1,1,1,NOVALUE
CFG731_aef6446574fba0ea,x731,CFG731_1f978c234895178c,114,TWO_CHARACTERISTIC,2,stromEingaenge|dev_advMeterVerification,1,True,G,GP,ST,1,1,A,2,NN,NN,CS1,IS1,TT1,NOVALUE,MP1,FWI,NOVALUE,1,1,NOVALUE
CFG731_9e4fccece4d272d3,x731,CFG731_1f978c234895178c,114,TWO_CHARACTERISTIC,2,stromEingaenge|customUserFluid,1,True,G,GP,ST,1,1,A,2,NN,NN,CS1,IS1,TT1,NOVALUE,MP1,FWI,1,1,NOVALUE,NOVALUE
CFG731_ffc5c52898046e13,x731,CFG731_1f978c234895178c,114,TWO_CHARACTERISTIC,2,temperaturEingaenge|binaerOpenColl_MP,1,True,G,GP,ST,1,1,A,2,NN,NN,CS1,NOVALUE,NOVALUE,NOVALUE,NOVALUE,FWI,1,1,1,NOVALUE
CFG731_7e2eb98eda74b038,x731,CFG731_1f978c234895178c,114,TWO_CHARACTERISTIC,2,temperaturEingaenge|dev_advMeterVerification,1,True,G,GP,ST,1,1,A,2,NN,NN,CS1,NOVALUE,NOVALUE,NOVALUE,MP1,FWI,NOVALUE,1,1,NOVALUE
CFG731_923f6cb4226dc2a4,x731,CFG731_1f978c234895178c,114,TWO_CHARACTERISTIC,2,temperaturEingaenge|customUserFluid,1,True,G,GP,ST,1,1,A,2,NN,NN,CS1,NOVALUE,NOVALUE,NOVALUE,MP1,FWI,1,1,NOVALUE,NOVALUE
CFG731_5dbb3a8037d36b27,x731,CFG731_1f978c234895178c,114,TWO_CHARACTERISTIC,2,binaerOpenColl_MP|dev_advMeterVerification,2,True,G,GP,ST,1,1,A,2,NN,NN,CS1,NOVALUE,TT1,NOVALUE,NOVALUE,FWI,NOVALUE,1,1,NOVALUE
CFG731_cd7b70e25f820ba2,x731,CFG731_1f978c234895178c,114,TWO_CHARACTERISTIC,2,binaerOpenColl_MP|customUserFluid,2,True,G,GP,ST,1,1,A,2,NN,NN,CS1,NOVALUE,TT1,NOVALUE,NOVALUE,FWI,1,1,NOVALUE,NOVALUE
CFG731_16e6520dce2c28e4,x731,CFG731_1f978c234895178c,114,TWO_CHARACTERISTIC,2,dev_advMeterVerification|customUserFluid,2,True,G,GP,ST,1,1,A,2,NN,NN,CS1,NOVALUE,TT1,NOVALUE,MP1,FWI,NOVALUE,1,NOVALUE,NOVALUE
CFG731_71dcda3a004aaa52,x731,CFG731_f87794e7a98d0b11,116,TWO_CHARACTERISTIC,2,powerSupply|dataInterface,1,True,G,GP,ST,4,1,A,2,NN,HS,CS1,IS1,TT1,NOVALUE,MP1,FWI,1,1,1,NOVALUE
CFG731_9274417956379149,x731,CFG731_f87794e7a98d0b11,116,TWO_CHARACTERISTIC,2,powerSupply|stromSchaltbar,2,True,G,GP,ST,4,1,A,2,NN,NN,NOVALUE,IS1,TT1,NOVALUE,MP1,FWI,1,1,1,NOVALUE
CFG731_c8331546eefd24be,x731,CFG731_f87794e7a98d0b11,116,TWO_CHARACTERISTIC,2,powerSupply|temperaturEingaenge,2,True,G,GP,ST,4,1,A,2,NN,NN,CS1,IS1,NOVALUE,NOVALUE,MP1,FWI,1,1,1,NOVALUE
CFG731_98f2e081f13bb79c,x731,CFG731_f87794e7a98d0b11,116,TWO_CHARACTERISTIC,2,powerSupply|binaerOpenColl_MP,2,True,G,GP,ST,4,1,A,2,NN,NN,CS1,IS1,TT1,NOVALUE,NOVALUE,FWI,1,1,1,NOVALUE
CFG731_9e61f1c3129802a7,x731,CFG731_f87794e7a98d0b11,116,TWO_CHARACTERISTIC,2,powerSupply|dev_advMeterVerification,2,True,G,GP,ST,4,1,A,2,NN,NN,CS1,IS1,TT1,NOVALUE,MP1,FWI,NOVALUE,1,1,NOVALUE
CFG731_4a9c5f97979ef0fd,x731,CFG731_f87794e7a98d0b11,116,TWO_CHARACTERISTIC,2,powerSupply|customUserFluid,2,True,G,GP,ST,4,1,A,2,NN,NN,CS1,IS1,TT1,NOVALUE,MP1,FWI,1,1,NOVALUE,NOVALUE
CFG731_b56113a9ae2281a6,x731,CFG731_f87794e7a98d0b11,116,TWO_CHARACTERISTIC,2,explosionApproval|binaerOpenColl_MP,1,True,G,GP,ST,1,1,F,2,NN,NN,CS1,IS1,TT1,NOVALUE,NOVALUE,FWI,1,1,1,NOVALUE
CFG731_2b7a5082894ea61f,x731,CFG731_f87794e7a98d0b11,116,TWO_CHARACTERISTIC,2,dataInterface|temperaturEingaenge,1,True,G,GP,ST,1,1,A,2,NN,HS,CS1,IS1,NOVALUE,NOVALUE,MP1,FWI,1,1,1,NOVALUE
CFG731_45cf7219dd66904b,x731,CFG731_f87794e7a98d0b11,116,TWO_CHARACTERISTIC,2,dataInterface|binaerOpenColl_MP,1,True,G,GP,ST,1,1,A,2,NN,HS,CS1,IS1,TT1,NOVALUE,NOVALUE,FWI,1,1,1,NOVALUE
CFG731_4bd4f2cc6c984347,x731,CFG731_f87794e7a98d0b11,116,TWO_CHARACTERISTIC,2,dataInterface|dev_advMeterVerification,1,True,G,GP,ST,1,1,A,2,NN,HS,CS1,IS1,TT1,NOVALUE,MP1,FWI,NOVALUE,1,1,NOVALUE
CFG731_e116a79dd463fd7e,x731,CFG731_f87794e7a98d0b11,116,TWO_CHARACTERISTIC,2,dataInterface|customUserFluid,1,True,G,GP,ST,1,1,A,2,NN,HS,CS1,IS1,TT1,NOVALUE,MP1,FWI,1,1,NOVALUE,NOVALUE
CFG731_95449da19c75b7d0,x731,CFG731_f87794e7a98d0b11,116,TWO_CHARACTERISTIC,2,stromSchaltbar|binaerOpenColl_MP,2,True,G,GP,ST,1,1,A,2,NN,NN,NOVALUE,IS1,TT1,NOVALUE,NOVALUE,FWI,1,1,1,NOVALUE
CFG731_0f6d8ee8a85eb231,x731,CFG731_f87794e7a98d0b11,116,TWO_CHARACTERISTIC,2,stromSchaltbar|dev_advMeterVerification,2,True,G,GP,ST,1,1,A,2,NN,NN,NOVALUE,IS1,TT1,NOVALUE,MP1,FWI,NOVALUE,1,1,NOVALUE
CFG731_a26976741b9a9717,x731,CFG731_f87794e7a98d0b11,116,TWO_CHARACTERISTIC,2,stromSchaltbar|customUserFluid,2,True,G,GP,ST,1,1,A,2,NN,NN,NOVALUE,IS1,TT1,NOVALUE,MP1,FWI,1,1,NOVALUE,NOVALUE
CFG731_f0efbd006c1bbefe,x731,CFG731_f87794e7a98d0b11,116,TWO_CHARACTERISTIC,2,temperaturEingaenge|binaerOpenColl_MP,2,True,G,GP,ST,1,1,A,2,NN,NN,CS1,IS1,NOVALUE,NOVALUE,NOVALUE,FWI,1,1,1,NOVALUE
CFG731_2fec34c8938ed8c5,x731,CFG731_f87794e7a98d0b11,116,TWO_CHARACTERISTIC,2,temperaturEingaenge|dev_advMeterVerification,2,True,G,GP,ST,1,1,A,2,NN,NN,CS1,IS1,NOVALUE,NOVALUE,MP1,FWI,NOVALUE,1,1,NOVALUE
CFG731_033fe1120fda8fbc,x731,CFG731_f87794e7a98d0b11,116,TWO_CHARACTERISTIC,2,temperaturEingaenge|customUserFluid,2,True,G,GP,ST,1,1,A,2,NN,NN,CS1,IS1,NOVALUE,NOVALUE,MP1,FWI,1,1,NOVALUE,NOVALUE
CFG731_adf05162c2c9fc8d,x731,CFG731_f87794e7a98d0b11,116,TWO_CHARACTERISTIC,2,binaerOpenColl_MP|dev_advMeterVerification,2,True,G,GP,ST,1,1,A,2,NN,NN,CS1,IS1,TT1,NOVALUE,NOVALUE,FWI,NOVALUE,1,1,NOVALUE
CFG731_4889621906f3f3bd,x731,CFG731_f87794e7a98d0b11,116,TWO_CHARACTERISTIC,2,binaerOpenColl_MP|customUserFluid,2,True,G,GP,ST,1,1,A,2,NN,NN,CS1,IS1,TT1,NOVALUE,NOVALUE,FWI,1,1,NOVALUE,NOVALUE
CFG731_25fbb1d6b71cf396,x731,CFG731_f87794e7a98d0b11,116,TWO_CHARACTERISTIC,2,dev_advMeterVerification|customUserFluid,2,True,G,GP,ST,1,1,A,2,NN,NN,CS1,IS1,TT1,NOVALUE,MP1,FWI,NOVALUE,1,NOVALUE,NOVALUE
CFG731_759c265a697372ea,x731,CFG731_2712ee2024ca9ca7,119,ONE_CHARACTERISTIC,1,powerSupply,1,True,G,GP,ST,4,1,A,2,NN,NN,NOVALUE,IS1,NOVALUE,NOVALUE,MP1,FWI,1,1,1,NOVALUE
CFG731_312da2fbbd3df3eb,x731,CFG731_2712ee2024ca9ca7,119,ONE_CHARACTERISTIC,1,dataInterface,1,True,G,GP,ST,1,1,A,2,NN,HS,NOVALUE,IS1,NOVALUE,NOVALUE,MP1,FWI,1,1,1,NOVALUE
CFG731_f61d3bc030352da6,x731,CFG731_2712ee2024ca9ca7,119,ONE_CHARACTERISTIC,1,binaerOpenColl_MP,1,True,G,GP,ST,1,1,A,2,NN,NN,NOVALUE,IS1,NOVALUE,NOVALUE,NOVALUE,FWI,1,1,1,NOVALUE
CFG731_b1cb604b4f0bb460,x731,CFG731_2712ee2024ca9ca7,119,ONE_CHARACTERISTIC,1,dev_advMeterVerification,1,True,G,GP,ST,1,1,A,2,NN,NN,NOVALUE,IS1,NOVALUE,NOVALUE,MP1,FWI,NOVALUE,1,1,NOVALUE
CFG731_192157d53112de14,x731,CFG731_2712ee2024ca9ca7,119,ONE_CHARACTERISTIC,1,customUserFluid,1,True,G,GP,ST,1,1,A,2,NN,NN,NOVALUE,IS1,NOVALUE,NOVALUE,MP1,FWI,1,1,NOVALUE,NOVALUE
CFG731_60f22425ed29e3fa,x731,CFG731_2712ee2024ca9ca7,119,TWO_CHARACTERISTIC,2,powerSupply|dataInterface,2,True,G,GP,ST,4,1,A,2,NN,HS,NOVALUE,IS1,NOVALUE,NOVALUE,MP1,FWI,1,1,1,NOVALUE
CFG731_a1283fd4b40c7fea,x731,CFG731_2712ee2024ca9ca7,119,TWO_CHARACTERISTIC,2,powerSupply|stromEingaenge,2,True,G,GP,ST,4,1,A,2,NN,NN,NOVALUE,NOVALUE,NOVALUE,NOVALUE,MP1,FWI,1,1,1,NOVALUE
CFG731_eca9d17ef405794a,x731,CFG731_2712ee2024ca9ca7,119,TWO_CHARACTERISTIC,2,powerSupply|binaerOpenColl_MP,2,True,G,GP,ST,4,1,A,2,NN,NN,NOVALUE,IS1,NOVALUE,NOVALUE,NOVALUE,FWI,1,1,1,NOVALUE
CFG731_d578725601d2bc37,x731,CFG731_2712ee2024ca9ca7,119,TWO_CHARACTERISTIC,2,powerSupply|dev_advMeterVerification,2,True,G,GP,ST,4,1,A,2,NN,NN,NOVALUE,IS1,NOVALUE,NOVALUE,MP1,FWI,NOVALUE,1,1,NOVALUE
CFG731_3fa73dadab293138,x731,CFG731_2712ee2024ca9ca7,119,TWO_CHARACTERISTIC,2,powerSupply|customUserFluid,2,True,G,GP,ST,4,1,A,2,NN,NN,NOVALUE,IS1,NOVALUE,NOVALUE,MP1,FWI,1,1,NOVALUE,NOVALUE
CFG731_a89154111c50850c,x731,CFG731_2712ee2024ca9ca7,119,TWO_CHARACTERISTIC,2,explosionApproval|binaerOpenColl_MP,1,True,G,GP,ST,1,1,F,2,NN,NN,NOVALUE,IS1,NOVALUE,NOVALUE,NOVALUE,FWI,1,1,1,NOVALUE
CFG731_3f39de8634c2139b,x731,CFG731_2712ee2024ca9ca7,119,TWO_CHARACTERISTIC,2,dataInterface|stromEingaenge,2,True,G,GP,ST,1,1,A,2,NN,HS,NOVALUE,NOVALUE,NOVALUE,NOVALUE,MP1,FWI,1,1,1,NOVALUE
CFG731_35b945860eeb01f0,x731,CFG731_2712ee2024ca9ca7,119,TWO_CHARACTERISTIC,2,dataInterface|binaerOpenColl_MP,2,True,G,GP,ST,1,1,A,2,NN,HS,NOVALUE,IS1,NOVALUE,NOVALUE,NOVALUE,FWI,1,1,1,NOVALUE
CFG731_fb76e1a3b49d565f,x731,CFG731_2712ee2024ca9ca7,119,TWO_CHARACTERISTIC,2,dataInterface|dev_advMeterVerification,2,True,G,GP,ST,1,1,A,2,NN,HS,NOVALUE,IS1,NOVALUE,NOVALUE,MP1,FWI,NOVALUE,1,1,NOVALUE
CFG731_116b67c7a77fea19,x731,CFG731_2712ee2024ca9ca7,119,TWO_CHARACTERISTIC,2,dataInterface|customUserFluid,2,True,G,GP,ST,1,1,A,2,NN,HS,NOVALUE,IS1,NOVALUE,NOVALUE,MP1,FWI,1,1,NOVALUE,NOVALUE
CFG731_89bbe2105f9b8879,x731,CFG731_2712ee2024ca9ca7,119,TWO_CHARACTERISTIC,2,stromEingaenge|binaerOpenColl_MP,2,True,G,GP,ST,1,1,A,2,NN,NN,NOVALUE,NOVALUE,NOVALUE,NOVALUE,NOVALUE,FWI,1,1,1,NOVALUE
CFG731_d3c5560c94fdc01f,x731,CFG731_2712ee2024ca9ca7,119,TWO_CHARACTERISTIC,2,stromEingaenge|dev_advMeterVerification,2,True,G,GP,ST,1,1,A,2,NN,NN,NOVALUE,NOVALUE,NOVALUE,NOVALUE,MP1,FWI,NOVALUE,1,1,NOVALUE
CFG731_6f9d9cb04f214cbb,x731,CFG731_2712ee2024ca9ca7,119,TWO_CHARACTERISTIC,2,stromEingaenge|customUserFluid,2,True,G,GP,ST,1,1,A,2,NN,NN,NOVALUE,NOVALUE,NOVALUE,NOVALUE,MP1,FWI,1,1,NOVALUE,NOVALUE
CFG731_8f8e0b350ca86058,x731,CFG731_2712ee2024ca9ca7,119,TWO_CHARACTERISTIC,2,binaerOpenColl_MP|dev_advMeterVerification,2,True,G,GP,ST,1,1,A,2,NN,NN,NOVALUE,IS1,NOVALUE,NOVALUE,NOVALUE,FWI,NOVALUE,1,1,NOVALUE
CFG731_9d7b1c7fdce88cb4,x731,CFG731_2712ee2024ca9ca7,119,TWO_CHARACTERISTIC,2,binaerOpenColl_MP|customUserFluid,2,True,G,GP,ST,1,1,A,2,NN,NN,NOVALUE,IS1,NOVALUE,NOVALUE,NOVALUE,FWI,1,1,NOVALUE,NOVALUE
CFG731_3ef4b434dd54d9d8,x731,CFG731_2712ee2024ca9ca7,119,TWO_CHARACTERISTIC,2,dev_advMeterVerification|customUserFluid,2,True,G,GP,ST,1,1,A,2,NN,NN,NOVALUE,IS1,NOVALUE,NOVALUE,MP1,FWI,NOVALUE,1,NOVALUE,NOVALUE
CFG731_0169c817f548d96d,x731,CFG731_6f04889a74b0dabc,120,TWO_CHARACTERISTIC,2,powerSupply|dataInterface,2,True,G,GP,ST,4,1,A,2,NN,HS,CS1,NOVALUE,NOVALUE,NOVALUE,MP1,FWI,1,1,1,NOVALUE
CFG731_7fec165d30a3c1b5,x731,CFG731_6f04889a74b0dabc,120,TWO_CHARACTERISTIC,2,powerSupply|binaerOpenColl_MP,2,True,G,GP,ST,4,1,A,2,NN,NN,CS1,NOVALUE,NOVALUE,NOVALUE,NOVALUE,FWI,1,1,1,NOVALUE
CFG731_c64de87687eae702,x731,CFG731_6f04889a74b0dabc,120,TWO_CHARACTERISTIC,2,powerSupply|dev_advMeterVerification,2,True,G,GP,ST,4,1,A,2,NN,NN,CS1,NOVALUE,NOVALUE,NOVALUE,MP1,FWI,NOVALUE,1,1,NOVALUE
CFG731_e0e53287f0a31da1,x731,CFG731_6f04889a74b0dabc,120,TWO_CHARACTERISTIC,2,powerSupply|customUserFluid,2,True,G,GP,ST,4,1,A,2,NN,NN,CS1,NOVALUE,NOVALUE,NOVALUE,MP1,FWI,1,1,NOVALUE,NOVALUE
CFG731_d258fff6b39ba941,x731,CFG731_6f04889a74b0dabc,120,TWO_CHARACTERISTIC,2,explosionApproval|binaerOpenColl_MP,1,True,G,GP,ST,1,1,F,2,NN,NN,CS1,NOVALUE,NOVALUE,NOVALUE,NOVALUE,FWI,1,1,1,NOVALUE
CFG731_2611c05bb2e3d229,x731,CFG731_6f04889a74b0dabc,120,TWO_CHARACTERISTIC,2,dataInterface|binaerOpenColl_MP,2,True,G,GP,ST,1,1,A,2,NN,HS,CS1,NOVALUE,NOVALUE,NOVALUE,NOVALUE,FWI,1,1,1,NOVALUE
CFG731_82b31fa8518668d4,x731,CFG731_6f04889a74b0dabc,120,TWO_CHARACTERISTIC,2,dataInterface|dev_advMeterVerification,2,True,G,GP,ST,1,1,A,2,NN,HS,CS1,NOVALUE,NOVALUE,NOVALUE,MP1,FWI,NOVALUE,1,1,NOVALUE
CFG731_56e4b0def3749424,x731,CFG731_6f04889a74b0dabc,120,TWO_CHARACTERISTIC,2,dataInterface|customUserFluid,2,True,G,GP,ST,1,1,A,2,NN,HS,CS1,NOVALUE,NOVALUE,NOVALUE,MP1,FWI,1,1,NOVALUE,NOVALUE
CFG731_f2db48702f731f55,x731,CFG731_6f04889a74b0dabc,120,TWO_CHARACTERISTIC,2,binaerOpenColl_MP|dev_advMeterVerification,2,True,G,GP,ST,1,1,A,2,NN,NN,CS1,NOVALUE,NOVALUE,NOVALUE,NOVALUE,FWI,NOVALUE,1,1,NOVALUE
CFG731_c9a0cb7aed58d1c1,x731,CFG731_6f04889a74b0dabc,120,TWO_CHARACTERISTIC,2,binaerOpenColl_MP|customUserFluid,2,True,G,GP,ST,1,1,A,2,NN,NN,CS1,NOVALUE,NOVALUE,NOVALUE,NOVALUE,FWI,1,1,NOVALUE,NOVALUE
CFG731_ba9d9bced9e7b053,x731,CFG731_6f04889a74b0dabc,120,TWO_CHARACTERISTIC,2,dev_advMeterVerification|customUserFluid,2,True,G,GP,ST,1,1,A,2,NN,NN,CS1,NOVALUE,NOVALUE,NOVALUE,MP1,FWI,NOVALUE,1,NOVALUE,NOVALUE
CFG731_565bc412a9117569,x731,CFG731_ac8195f5cce7d089,128,TWO_CHARACTERISTIC,2,powerSupply|stromSchaltbar,2,True,G,GP,ST,4,1,A,2,NN,HS,NOVALUE,NOVALUE,TT1,NOVALUE,MP1,FWI,1,1,1,NOVALUE
CFG731_0dddb4de2e0c5474,x731,CFG731_ac8195f5cce7d089,128,TWO_CHARACTERISTIC,2,powerSupply|binaerOpenColl_MP,2,True,G,GP,ST,4,1,A,2,NN,HS,CS1,NOVALUE,TT1,NOVALUE,NOVALUE,FWI,1,1,1,NOVALUE
CFG731_019ca39d01857aa6,x731,CFG731_ac8195f5cce7d089,128,TWO_CHARACTERISTIC,2,powerSupply|dev_advMeterVerification,2,True,G,GP,ST,4,1,A,2,NN,HS,CS1,NOVALUE,TT1,NOVALUE,MP1,FWI,NOVALUE,1,1,NOVALUE
CFG731_b7f57838c36b4a79,x731,CFG731_ac8195f5cce7d089,128,TWO_CHARACTERISTIC,2,powerSupply|customUserFluid,2,True,G,GP,ST,4,1,A,2,NN,HS,CS1,NOVALUE,TT1,NOVALUE,MP1,FWI,1,1,NOVALUE,NOVALUE
CFG731_c36cf51e843fda21,x731,CFG731_ac8195f5cce7d089,128,TWO_CHARACTERISTIC,2,explosionApproval|binaerOpenColl_MP,1,True,G,GP,ST,1,1,F,2,NN,HS,CS1,NOVALUE,TT1,NOVALUE,NOVALUE,FWI,1,1,1,NOVALUE
CFG731_d82ec318b1a1e051,x731,CFG731_ac8195f5cce7d089,128,TWO_CHARACTERISTIC,2,stromSchaltbar|binaerOpenColl_MP,2,True,G,GP,ST,1,1,A,2,NN,HS,NOVALUE,NOVALUE,TT1,NOVALUE,NOVALUE,FWI,1,1,1,NOVALUE
CFG731_267fe2ab14868caf,x731,CFG731_ac8195f5cce7d089,128,TWO_CHARACTERISTIC,2,stromSchaltbar|dev_advMeterVerification,2,True,G,GP,ST,1,1,A,2,NN,HS,NOVALUE,NOVALUE,TT1,NOVALUE,MP1,FWI,NOVALUE,1,1,NOVALUE
CFG731_dd3145b6d50f35f0,x731,CFG731_ac8195f5cce7d089,128,TWO_CHARACTERISTIC,2,stromSchaltbar|customUserFluid,2,True,G,GP,ST,1,1,A,2,NN,HS,NOVALUE,NOVALUE,TT1,NOVALUE,MP1,FWI,1,1,NOVALUE,NOVALUE
CFG731_db12897225182309,x731,CFG731_ac8195f5cce7d089,128,TWO_CHARACTERISTIC,2,binaerOpenColl_MP|dev_advMeterVerification,2,True,G,GP,ST,1,1,A,2,NN,HS,CS1,NOVALUE,TT1,NOVALUE,NOVALUE,FWI,NOVALUE,1,1,NOVALUE
CFG731_9e21d9e6edd84bfc,x731,CFG731_ac8195f5cce7d089,128,TWO_CHARACTERISTIC,2,binaerOpenColl_MP|customUserFluid,2,True,G,GP,ST,1,1,A,2,NN,HS,CS1,NOVALUE,TT1,NOVALUE,NOVALUE,FWI,1,1,NOVALUE,NOVALUE
CFG731_e4ddd81afd5c20d9,x731,CFG731_ac8195f5cce7d089,128,TWO_CHARACTERISTIC,2,dev_advMeterVerification|customUserFluid,2,True,G,GP,ST,1,1,A,2,NN,HS,CS1,NOVALUE,TT1,NOVALUE,MP1,FWI,NOVALUE,1,NOVALUE,NOVALUE
CFG731_37c55138c4eebb90,x731,CFG731_6e096e946540ab4e,130,TWO_CHARACTERISTIC,2,powerSupply|stromSchaltbar,1,True,G,GP,ST,4,1,A,2,NN,HS,NOVALUE,IS1,TT1,NOVALUE,MP1,FWI,1,1,1,NOVALUE
CFG731_b57057afc270e1f2,x731,CFG731_6e096e946540ab4e,130,TWO_CHARACTERISTIC,2,powerSupply|temperaturEingaenge,2,True,G,GP,ST,4,1,A,2,NN,HS,CS1,IS1,NOVALUE,NOVALUE,MP1,FWI,1,1,1,NOVALUE
CFG731_3ca1e7192b240fb5,x731,CFG731_6e096e946540ab4e,130,TWO_CHARACTERISTIC,2,powerSupply|binaerOpenColl_MP,2,True,G,GP,ST,4,1,A,2,NN,HS,CS1,IS1,TT1,NOVALUE,NOVALUE,FWI,1,1,1,NOVALUE
CFG731_16afbad19cf2e2e3,x731,CFG731_6e096e946540ab4e,130,TWO_CHARACTERISTIC,2,powerSupply|dev_advMeterVerification,2,True,G,GP,ST,4,1,A,2,NN,HS,CS1,IS1,TT1,NOVALUE,MP1,FWI,NOVALUE,1,1,NOVALUE
CFG731_86e7b33ac3a4e710,x731,CFG731_6e096e946540ab4e,130,TWO_CHARACTERISTIC,2,powerSupply|customUserFluid,2,True,G,GP,ST,4,1,A,2,NN,HS,CS1,IS1,TT1,NOVALUE,MP1,FWI,1,1,NOVALUE,NOVALUE
CFG731_ac546af52224914c,x731,CFG731_6e096e946540ab4e,130,TWO_CHARACTERISTIC,2,explosionApproval|binaerOpenColl_MP,1,True,G,GP,ST,1,1,F,2,NN,HS,CS1,IS1,TT1,NOVALUE,NOVALUE,FWI,1,1,1,NOVALUE
CFG731_7222e7645aa884f5,x731,CFG731_6e096e946540ab4e,130,TWO_CHARACTERISTIC,2,stromSchaltbar|binaerOpenColl_MP,1,True,G,GP,ST,1,1,A,2,NN,HS,NOVALUE,IS1,TT1,NOVALUE,NOVALUE,FWI,1,1,1,NOVALUE
CFG731_a539b7159fa21bcc,x731,CFG731_6e096e946540ab4e,130,TWO_CHARACTERISTIC,2,stromSchaltbar|dev_advMeterVerification,1,True,G,GP,ST,1,1,A,2,NN,HS,NOVALUE,IS1,TT1,NOVALUE,MP1,FWI,NOVALUE,1,1,NOVALUE
CFG731_c7c5cfe0c7177790,x731,CFG731_6e096e946540ab4e,130,TWO_CHARACTERISTIC,2,stromSchaltbar|customUserFluid,1,True,G,GP,ST,1,1,A,2,NN,HS,NOVALUE,IS1,TT1,NOVALUE,MP1,FWI,1,1,NOVALUE,NOVALUE
CFG731_05c22a71e7b99e0d,x731,CFG731_6e096e946540ab4e,130,TWO_CHARACTERISTIC,2,temperaturEingaenge|binaerOpenColl_MP,2,True,G,GP,ST,1,1,A,2,NN,HS,CS1,IS1,NOVALUE,NOVALUE,NOVALUE,FWI,1,1,1,NOVALUE
CFG731_53f84e77d9fed1f7,x731,CFG731_6e096e946540ab4e,130,TWO_CHARACTERISTIC,2,temperaturEingaenge|dev_advMeterVerification,2,True,G,GP,ST,1,1,A,2,NN,HS,CS1,IS1,NOVALUE,NOVALUE,MP1,FWI,NOVALUE,1,1,NOVALUE
CFG731_98d61e574ff2df83,x731,CFG731_6e096e946540ab4e,130,TWO_CHARACTERISTIC,2,temperaturEingaenge|customUserFluid,2,True,G,GP,ST,1,1,A,2,NN,HS,CS1,IS1,NOVALUE,NOVALUE,MP1,FWI,1,1,NOVALUE,NOVALUE
CFG731_47a2bfb081a4f8cd,x731,CFG731_6e096e946540ab4e,130,TWO_CHARACTERISTIC,2,binaerOpenColl_MP|dev_advMeterVerification,2,True,G,GP,ST,1,1,A,2,NN,HS,CS1,IS1,TT1,NOVALUE,NOVALUE,FWI,NOVALUE,1,1,NOVALUE
CFG731_e34c3619fdd4a36b,x731,CFG731_6e096e946540ab4e,130,TWO_CHARACTERISTIC,2,binaerOpenColl_MP|customUserFluid,2,True,G,GP,ST,1,1,A,2,NN,HS,CS1,IS1,TT1,NOVALUE,NOVALUE,FWI,1,1,NOVALUE,NOVALUE
CFG731_8f09aec272635dca,x731,CFG731_6e096e946540ab4e,130,TWO_CHARACTERISTIC,2,dev_advMeterVerification|customUserFluid,2,True,G,GP,ST,1,1,A,2,NN,HS,CS1,IS1,TT1,NOVALUE,MP1,FWI,NOVALUE,1,NOVALUE,NOVALUE
CFG731_fb13ef28d0b6a435,x731,CFG731_6b36d25fda044bf5,132,TWO_CHARACTERISTIC,2,powerSupply|binaerOpenColl_MP,2,True,G,GP,ST,4,1,A,2,NN,HS,NOVALUE,IS1,TT1,NOVALUE,NOVALUE,FWI,1,1,1,NOVALUE
CFG731_7521d5a6673c8628,x731,CFG731_6b36d25fda044bf5,132,TWO_CHARACTERISTIC,2,powerSupply|dev_advMeterVerification,2,True,G,GP,ST,4,1,A,2,NN,HS,NOVALUE,IS1,TT1,NOVALUE,MP1,FWI,NOVALUE,1,1,NOVALUE
CFG731_1874bc8458e7c07e,x731,CFG731_6b36d25fda044bf5,132,TWO_CHARACTERISTIC,2,powerSupply|customUserFluid,2,True,G,GP,ST,4,1,A,2,NN,HS,NOVALUE,IS1,TT1,NOVALUE,MP1,FWI,1,1,NOVALUE,NOVALUE
CFG731_1775189d911ac453,x731,CFG731_6b36d25fda044bf5,132,TWO_CHARACTERISTIC,2,explosionApproval|binaerOpenColl_MP,1,True,G,GP,ST,1,1,F,2,NN,HS,NOVALUE,IS1,TT1,NOVALUE,NOVALUE,FWI,1,1,1,NOVALUE
CFG731_d55db3e487bc1adc,x731,CFG731_6b36d25fda044bf5,132,TWO_CHARACTERISTIC,2,binaerOpenColl_MP|dev_advMeterVerification,2,True,G,GP,ST,1,1,A,2,NN,HS,NOVALUE,IS1,TT1,NOVALUE,NOVALUE,FWI,NOVALUE,1,1,NOVALUE
CFG731_8aed1176247cf879,x731,CFG731_6b36d25fda044bf5,132,TWO_CHARACTERISTIC,2,binaerOpenColl_MP|customUserFluid,2,True,G,GP,ST,1,1,A,2,NN,HS,NOVALUE,IS1,TT1,NOVALUE,NOVALUE,FWI,1,1,NOVALUE,NOVALUE
CFG731_256f254632c47939,x731,CFG731_6b36d25fda044bf5,132,TWO_CHARACTERISTIC,2,dev_advMeterVerification|customUserFluid,2,True,G,GP,ST,1,1,A,2,NN,HS,NOVALUE,IS1,TT1,NOVALUE,MP1,FWI,NOVALUE,1,NOVALUE,NOVALUE
CFG731_b1693ef6b18686ac,x731,CFG731_7f60255816247683,133,ONE_CHARACTERISTIC,1,powerSupply,1,True,G,GP,ST,4,1,A,2,NN,NN,CS1,NOVALUE,TT1,MN1,NOVALUE,FWI,1,1,1,NOVALUE
CFG731_579057193c092394,x731,CFG731_7f60255816247683,133,ONE_CHARACTERISTIC,1,stromSchaltbar,1,True,G,GP,ST,1,1,A,2,NN,NN,NOVALUE,NOVALUE,TT1,MN1,NOVALUE,FWI,1,1,1,NOVALUE
CFG731_d3256527bf7fe65c,x731,CFG731_7f60255816247683,133,ONE_CHARACTERISTIC,1,dev_advMeterVerification,1,True,G,GP,ST,1,1,A,2,NN,NN,CS1,NOVALUE,TT1,MN1,NOVALUE,FWI,NOVALUE,1,1,NOVALUE
CFG731_36045858c7c7e468,x731,CFG731_7f60255816247683,133,ONE_CHARACTERISTIC,1,customUserFluid,1,True,G,GP,ST,1,1,A,2,NN,NN,CS1,NOVALUE,TT1,MN1,NOVALUE,FWI,1,1,NOVALUE,NOVALUE
CFG731_ad672c682712eda8,x731,CFG731_7f60255816247683,133,DEPENDENCY_TWO_CHARACTERISTIC,2,stromEingaenge|temperaturEingaenge,1,True,G,GP,ST,1,1,A,2,NN,NN,CS1,IS1,NOVALUE,MN1,NOVALUE,FWI,1,1,1,NOVALUE
CFG731_05cf1a0209b4f9a8,x731,CFG731_7f60255816247683,133,DEPENDENCY_TWO_CHARACTERISTIC,2,stromSchaltbar|stromEingaenge,1,True,G,GP,ST,1,1,A,2,NN,NN,NOVALUE,IS1,TT1,MN1,NOVALUE,FWI,1,1,1,NOVALUE
CFG731_0d3b04d12b4208a2,x731,CFG731_7f60255816247683,133,DEPENDENCY_TWO_CHARACTERISTIC,2,stromSchaltbar|temperaturEingaenge,1,True,G,GP,ST,1,1,A,2,NN,NN,NOVALUE,NOVALUE,NOVALUE,MN1,NOVALUE,FWI,1,1,1,NOVALUE
CFG731_999fe1a8f2314c11,x731,CFG731_7f60255816247683,133,TWO_CHARACTERISTIC,2,powerSupply|explosionApproval,1,True,G,GP,ST,4,1,F,2,NN,NN,CS1,NOVALUE,TT1,MN1,NOVALUE,FWI,1,1,1,NOVALUE
CFG731_04d60387371e1885,x731,CFG731_7f60255816247683,133,TWO_CHARACTERISTIC,2,powerSupply|dataInterface,1,True,G,GP,ST,4,1,A,2,NN,HS,CS1,NOVALUE,TT1,MN1,NOVALUE,FWI,1,1,1,NOVALUE
CFG731_82bb36fa947727c9,x731,CFG731_7f60255816247683,133,TWO_CHARACTERISTIC,2,powerSupply|stromSchaltbar,2,True,G,GP,ST,4,1,A,2,NN,NN,NOVALUE,NOVALUE,TT1,MN1,NOVALUE,FWI,1,1,1,NOVALUE
CFG731_11a7681c9c36d156,x731,CFG731_7f60255816247683,133,TWO_CHARACTERISTIC,2,powerSupply|stromEingaenge,1,True,G,GP,ST,4,1,A,2,NN,NN,CS1,IS1,TT1,MN1,NOVALUE,FWI,1,1,1,NOVALUE
CFG731_32dadb8e9fd49d04,x731,CFG731_7f60255816247683,133,TWO_CHARACTERISTIC,2,powerSupply|temperaturEingaenge,1,True,G,GP,ST,4,1,A,2,NN,NN,CS1,NOVALUE,NOVALUE,MN1,NOVALUE,FWI,1,1,1,NOVALUE
CFG731_51e3de9d21664683,x731,CFG731_7f60255816247683,133,TWO_CHARACTERISTIC,2,powerSupply|dev_advMeterVerification,2,True,G,GP,ST,4,1,A,2,NN,NN,CS1,NOVALUE,TT1,MN1,NOVALUE,FWI,NOVALUE,1,1,NOVALUE
CFG731_7def5c504f81b004,x731,CFG731_7f60255816247683,133,TWO_CHARACTERISTIC,2,powerSupply|customUserFluid,2,True,G,GP,ST,4,1,A,2,NN,NN,CS1,NOVALUE,TT1,MN1,NOVALUE,FWI,1,1,NOVALUE,NOVALUE
CFG731_20d5aa6969b4ff70,x731,CFG731_7f60255816247683,133,TWO_CHARACTERISTIC,2,explosionApproval|stromSchaltbar,1,True,G,GP,ST,1,1,F,2,NN,NN,NOVALUE,NOVALUE,TT1,MN1,NOVALUE,FWI,1,1,1,NOVALUE
CFG731_cbcc0cf44cde6b53,x731,CFG731_7f60255816247683,133,TWO_CHARACTERISTIC,2,explosionApproval|dev_advMeterVerification,1,True,G,GP,ST,1,1,F,2,NN,NN,CS1,NOVALUE,TT1,MN1,NOVALUE,FWI,NOVALUE,1,1,NOVALUE
CFG731_d61788aab0d61e0f,x731,CFG731_7f60255816247683,133,TWO_CHARACTERISTIC,2,explosionApproval|customUserFluid,1,True,G,GP,ST,1,1,F,2,NN,NN,CS1,NOVALUE,TT1,MN1,NOVALUE,FWI,1,1,NOVALUE,NOVALUE
CFG731_2e6a2f2496db9434,x731,CFG731_7f60255816247683,133,TWO_CHARACTERISTIC,2,dataInterface|stromSchaltbar,1,True,G,GP,ST,1,1,A,2,NN,HS,NOVALUE,NOVALUE,TT1,MN1,NOVALUE,FWI,1,1,1,NOVALUE
CFG731_442632297b57c94c,x731,CFG731_7f60255816247683,133,TWO_CHARACTERISTIC,2,dataInterface|temperaturEingaenge,1,True,G,GP,ST,1,1,A,2,NN,HS,CS1,NOVALUE,NOVALUE,MN1,NOVALUE,FWI,1,1,1,NOVALUE
CFG731_02dc397796156de1,x731,CFG731_7f60255816247683,133,TWO_CHARACTERISTIC,2,dataInterface|dev_advMeterVerification,1,True,G,GP,ST,1,1,A,2,NN,HS,CS1,NOVALUE,TT1,MN1,NOVALUE,FWI,NOVALUE,1,1,NOVALUE
CFG731_be171d4bbfab2b66,x731,CFG731_7f60255816247683,133,TWO_CHARACTERISTIC,2,dataInterface|customUserFluid,1,True,G,GP,ST,1,1,A,2,NN,HS,CS1,NOVALUE,TT1,MN1,NOVALUE,FWI,1,1,NOVALUE,NOVALUE
CFG731_6b389c8399a2a1fa,x731,CFG731_7f60255816247683,133,TWO_CHARACTERISTIC,2,stromSchaltbar|dev_advMeterVerification,2,True,G,GP,ST,1,1,A,2,NN,NN,NOVALUE,NOVALUE,TT1,MN1,NOVALUE,FWI,NOVALUE,1,1,NOVALUE
CFG731_6f7e46771043e8fb,x731,CFG731_7f60255816247683,133,TWO_CHARACTERISTIC,2,stromSchaltbar|customUserFluid,2,True,G,GP,ST,1,1,A,2,NN,NN,NOVALUE,NOVALUE,TT1,MN1,NOVALUE,FWI,1,1,NOVALUE,NOVALUE
CFG731_1cfadf20495f86bf,x731,CFG731_7f60255816247683,133,TWO_CHARACTERISTIC,2,stromEingaenge|dev_advMeterVerification,1,True,G,GP,ST,1,1,A,2,NN,NN,CS1,IS1,TT1,MN1,NOVALUE,FWI,NOVALUE,1,1,NOVALUE
CFG731_ef980c35ed5ff3e4,x731,CFG731_7f60255816247683,133,TWO_CHARACTERISTIC,2,stromEingaenge|customUserFluid,1,True,G,GP,ST,1,1,A,2,NN,NN,CS1,IS1,TT1,MN1,NOVALUE,FWI,1,1,NOVALUE,NOVALUE
CFG731_cf82df3e43c0adfd,x731,CFG731_7f60255816247683,133,TWO_CHARACTERISTIC,2,temperaturEingaenge|dev_advMeterVerification,1,True,G,GP,ST,1,1,A,2,NN,NN,CS1,NOVALUE,NOVALUE,MN1,NOVALUE,FWI,NOVALUE,1,1,NOVALUE
CFG731_c26c90b4ef53f0a8,x731,CFG731_7f60255816247683,133,TWO_CHARACTERISTIC,2,temperaturEingaenge|customUserFluid,1,True,G,GP,ST,1,1,A,2,NN,NN,CS1,NOVALUE,NOVALUE,MN1,NOVALUE,FWI,1,1,NOVALUE,NOVALUE
CFG731_414f059dc1b5ce96,x731,CFG731_7f60255816247683,133,TWO_CHARACTERISTIC,2,dev_advMeterVerification|customUserFluid,2,True,G,GP,ST,1,1,A,2,NN,NN,CS1,NOVALUE,TT1,MN1,NOVALUE,FWI,NOVALUE,1,NOVALUE,NOVALUE
CFG731_2d0a81ff4ec49480,x731,CFG731_60f3aae8ede70fe0,135,TWO_CHARACTERISTIC,2,powerSupply|explosionApproval,1,True,G,GP,ST,4,1,F,2,NN,NN,CS1,IS1,TT1,MN1,NOVALUE,FWI,1,1,1,NOVALUE
CFG731_1af3f9470bd904d5,x731,CFG731_60f3aae8ede70fe0,135,TWO_CHARACTERISTIC,2,powerSupply|dataInterface,1,True,G,GP,ST,4,1,A,2,NN,HS,CS1,IS1,TT1,MN1,NOVALUE,FWI,1,1,1,NOVALUE
CFG731_a4339f07d181d686,x731,CFG731_60f3aae8ede70fe0,135,TWO_CHARACTERISTIC,2,powerSupply|stromSchaltbar,2,True,G,GP,ST,4,1,A,2,NN,NN,NOVALUE,IS1,TT1,MN1,NOVALUE,FWI,1,1,1,NOVALUE
CFG731_aa082226d44cd876,x731,CFG731_60f3aae8ede70fe0,135,TWO_CHARACTERISTIC,2,powerSupply|temperaturEingaenge,2,True,G,GP,ST,4,1,A,2,NN,NN,CS1,IS1,NOVALUE,MN1,NOVALUE,FWI,1,1,1,NOVALUE
CFG731_55f354ea8b3cf6de,x731,CFG731_60f3aae8ede70fe0,135,TWO_CHARACTERISTIC,2,powerSupply|dev_advMeterVerification,2,True,G,GP,ST,4,1,A,2,NN,NN,CS1,IS1,TT1,MN1,NOVALUE,FWI,NOVALUE,1,1,NOVALUE
CFG731_f99a34a057dc6325,x731,CFG731_60f3aae8ede70fe0,135,TWO_CHARACTERISTIC,2,powerSupply|customUserFluid,2,True,G,GP,ST,4,1,A,2,NN,NN,CS1,IS1,TT1,MN1,NOVALUE,FWI,1,1,NOVALUE,NOVALUE
CFG731_61e03f690afcaa1a,x731,CFG731_60f3aae8ede70fe0,135,TWO_CHARACTERISTIC,2,explosionApproval|stromSchaltbar,1,True,G,GP,ST,1,1,F,2,NN,NN,NOVALUE,IS1,TT1,MN1,NOVALUE,FWI,1,1,1,NOVALUE
CFG731_cb9d6c11077bd307,x731,CFG731_60f3aae8ede70fe0,135,TWO_CHARACTERISTIC,2,explosionApproval|temperaturEingaenge,1,True,G,GP,ST,1,1,F,2,NN,NN,CS1,IS1,NOVALUE,MN1,NOVALUE,FWI,1,1,1,NOVALUE
CFG731_62901c7ad6d16875,x731,CFG731_60f3aae8ede70fe0,135,TWO_CHARACTERISTIC,2,explosionApproval|dev_advMeterVerification,1,True,G,GP,ST,1,1,F,2,NN,NN,CS1,IS1,TT1,MN1,NOVALUE,FWI,NOVALUE,1,1,NOVALUE
CFG731_bcc5933e6fc2a98c,x731,CFG731_60f3aae8ede70fe0,135,TWO_CHARACTERISTIC,2,explosionApproval|customUserFluid,1,True,G,GP,ST,1,1,F,2,NN,NN,CS1,IS1,TT1,MN1,NOVALUE,FWI,1,1,NOVALUE,NOVALUE
CFG731_321300502a4a4a51,x731,CFG731_60f3aae8ede70fe0,135,TWO_CHARACTERISTIC,2,dataInterface|temperaturEingaenge,1,True,G,GP,ST,1,1,A,2,NN,HS,CS1,IS1,NOVALUE,MN1,NOVALUE,FWI,1,1,1,NOVALUE
CFG731_023dfc4f10c6aae5,x731,CFG731_60f3aae8ede70fe0,135,TWO_CHARACTERISTIC,2,dataInterface|dev_advMeterVerification,1,True,G,GP,ST,1,1,A,2,NN,HS,CS1,IS1,TT1,MN1,NOVALUE,FWI,NOVALUE,1,1,NOVALUE
CFG731_c3481d11b658e1e9,x731,CFG731_60f3aae8ede70fe0,135,TWO_CHARACTERISTIC,2,dataInterface|customUserFluid,1,True,G,GP,ST,1,1,A,2,NN,HS,CS1,IS1,TT1,MN1,NOVALUE,FWI,1,1,NOVALUE,NOVALUE
CFG731_06e4df8b996a2785,x731,CFG731_60f3aae8ede70fe0,135,TWO_CHARACTERISTIC,2,stromSchaltbar|dev_advMeterVerification,2,True,G,GP,ST,1,1,A,2,NN,NN,NOVALUE,IS1,TT1,MN1,NOVALUE,FWI,NOVALUE,1,1,NOVALUE
CFG731_90bf288defae71e7,x731,CFG731_60f3aae8ede70fe0,135,TWO_CHARACTERISTIC,2,stromSchaltbar|customUserFluid,2,True,G,GP,ST,1,1,A,2,NN,NN,NOVALUE,IS1,TT1,MN1,NOVALUE,FWI,1,1,NOVALUE,NOVALUE
CFG731_edd75aa315314a3a,x731,CFG731_60f3aae8ede70fe0,135,TWO_CHARACTERISTIC,2,temperaturEingaenge|dev_advMeterVerification,2,True,G,GP,ST,1,1,A,2,NN,NN,CS1,IS1,NOVALUE,MN1,NOVALUE,FWI,NOVALUE,1,1,NOVALUE
CFG731_14b9d068df675bfb,x731,CFG731_60f3aae8ede70fe0,135,TWO_CHARACTERISTIC,2,temperaturEingaenge|customUserFluid,2,True,G,GP,ST,1,1,A,2,NN,NN,CS1,IS1,NOVALUE,MN1,NOVALUE,FWI,1,1,NOVALUE,NOVALUE
CFG731_5b19041707affaab,x731,CFG731_60f3aae8ede70fe0,135,TWO_CHARACTERISTIC,2,dev_advMeterVerification|customUserFluid,2,True,G,GP,ST,1,1,A,2,NN,NN,CS1,IS1,TT1,MN1,NOVALUE,FWI,NOVALUE,1,NOVALUE,NOVALUE
CFG731_e1a359096a360a7b,x731,CFG731_d12e9bbf7c4763ee,138,ONE_CHARACTERISTIC,1,powerSupply,1,True,G,GP,ST,4,1,A,2,NN,NN,NOVALUE,IS1,NOVALUE,MN1,NOVALUE,FWI,1,1,1,NOVALUE
CFG731_63eea9420833169a,x731,CFG731_d12e9bbf7c4763ee,138,ONE_CHARACTERISTIC,1,dataInterface,1,True,G,GP,ST,1,1,A,2,NN,HS,NOVALUE,IS1,NOVALUE,MN1,NOVALUE,FWI,1,1,1,NOVALUE
CFG731_9f5e30c041afd4b8,x731,CFG731_d12e9bbf7c4763ee,138,ONE_CHARACTERISTIC,1,dev_advMeterVerification,1,True,G,GP,ST,1,1,A,2,NN,NN,NOVALUE,IS1,NOVALUE,MN1,NOVALUE,FWI,NOVALUE,1,1,NOVALUE
CFG731_79a3938f47d28a2e,x731,CFG731_d12e9bbf7c4763ee,138,ONE_CHARACTERISTIC,1,customUserFluid,1,True,G,GP,ST,1,1,A,2,NN,NN,NOVALUE,IS1,NOVALUE,MN1,NOVALUE,FWI,1,1,NOVALUE,NOVALUE
CFG731_c63da0cdbb0b3444,x731,CFG731_d12e9bbf7c4763ee,138,DEPENDENCY_TWO_CHARACTERISTIC,2,dataInterface|explosionApproval,1,True,G,GP,ST,1,1,F,2,NN,HS,NOVALUE,IS1,NOVALUE,MN1,NOVALUE,FWI,1,1,1,NOVALUE
CFG731_bc031097bb774d17,x731,CFG731_d12e9bbf7c4763ee,138,TWO_CHARACTERISTIC,2,powerSupply|explosionApproval,1,True,G,GP,ST,4,1,F,2,NN,NN,NOVALUE,IS1,NOVALUE,MN1,NOVALUE,FWI,1,1,1,NOVALUE
CFG731_91111a4a3e291c8a,x731,CFG731_d12e9bbf7c4763ee,138,TWO_CHARACTERISTIC,2,powerSupply|dataInterface,2,True,G,GP,ST,4,1,A,2,NN,HS,NOVALUE,IS1,NOVALUE,MN1,NOVALUE,FWI,1,1,1,NOVALUE
CFG731_994cfc1e82e63269,x731,CFG731_d12e9bbf7c4763ee,138,TWO_CHARACTERISTIC,2,powerSupply|stromEingaenge,2,True,G,GP,ST,4,1,A,2,NN,NN,NOVALUE,NOVALUE,NOVALUE,MN1,NOVALUE,FWI,1,1,1,NOVALUE
CFG731_c8e6e037783469c6,x731,CFG731_d12e9bbf7c4763ee,138,TWO_CHARACTERISTIC,2,powerSupply|dev_advMeterVerification,2,True,G,GP,ST,4,1,A,2,NN,NN,NOVALUE,IS1,NOVALUE,MN1,NOVALUE,FWI,NOVALUE,1,1,NOVALUE
CFG731_7839c4bf2c81322d,x731,CFG731_d12e9bbf7c4763ee,138,TWO_CHARACTERISTIC,2,powerSupply|customUserFluid,2,True,G,GP,ST,4,1,A,2,NN,NN,NOVALUE,IS1,NOVALUE,MN1,NOVALUE,FWI,1,1,NOVALUE,NOVALUE
CFG731_e0b367441bde560f,x731,CFG731_d12e9bbf7c4763ee,138,TWO_CHARACTERISTIC,2,explosionApproval|stromEingaenge,1,True,G,GP,ST,1,1,F,2,NN,NN,NOVALUE,NOVALUE,NOVALUE,MN1,NOVALUE,FWI,1,1,1,NOVALUE
CFG731_fb9edbaa4769eb64,x731,CFG731_d12e9bbf7c4763ee,138,TWO_CHARACTERISTIC,2,explosionApproval|dev_advMeterVerification,1,True,G,GP,ST,1,1,F,2,NN,NN,NOVALUE,IS1,NOVALUE,MN1,NOVALUE,FWI,NOVALUE,1,1,NOVALUE
CFG731_0be1e83a71642630,x731,CFG731_d12e9bbf7c4763ee,138,TWO_CHARACTERISTIC,2,explosionApproval|customUserFluid,1,True,G,GP,ST,1,1,F,2,NN,NN,NOVALUE,IS1,NOVALUE,MN1,NOVALUE,FWI,1,1,NOVALUE,NOVALUE
CFG731_f820729317fd89ef,x731,CFG731_d12e9bbf7c4763ee,138,TWO_CHARACTERISTIC,2,dataInterface|stromEingaenge,2,True,G,GP,ST,1,1,A,2,NN,HS,NOVALUE,NOVALUE,NOVALUE,MN1,NOVALUE,FWI,1,1,1,NOVALUE
CFG731_83154899326ad07d,x731,CFG731_d12e9bbf7c4763ee,138,TWO_CHARACTERISTIC,2,dataInterface|dev_advMeterVerification,2,True,G,GP,ST,1,1,A,2,NN,HS,NOVALUE,IS1,NOVALUE,MN1,NOVALUE,FWI,NOVALUE,1,1,NOVALUE
CFG731_9293a32b2be09506,x731,CFG731_d12e9bbf7c4763ee,138,TWO_CHARACTERISTIC,2,dataInterface|customUserFluid,2,True,G,GP,ST,1,1,A,2,NN,HS,NOVALUE,IS1,NOVALUE,MN1,NOVALUE,FWI,1,1,NOVALUE,NOVALUE
CFG731_cc1ffa8901b19c27,x731,CFG731_d12e9bbf7c4763ee,138,TWO_CHARACTERISTIC,2,stromEingaenge|dev_advMeterVerification,2,True,G,GP,ST,1,1,A,2,NN,NN,NOVALUE,NOVALUE,NOVALUE,MN1,NOVALUE,FWI,NOVALUE,1,1,NOVALUE
CFG731_98df4663ccb6b2ba,x731,CFG731_d12e9bbf7c4763ee,138,TWO_CHARACTERISTIC,2,stromEingaenge|customUserFluid,2,True,G,GP,ST,1,1,A,2,NN,NN,NOVALUE,NOVALUE,NOVALUE,MN1,NOVALUE,FWI,1,1,NOVALUE,NOVALUE
CFG731_cec9a2038983964a,x731,CFG731_d12e9bbf7c4763ee,138,TWO_CHARACTERISTIC,2,dev_advMeterVerification|customUserFluid,2,True,G,GP,ST,1,1,A,2,NN,NN,NOVALUE,IS1,NOVALUE,MN1,NOVALUE,FWI,NOVALUE,1,NOVALUE,NOVALUE
CFG731_1c1fb7a32bf0146b,x731,CFG731_3c119308d8305ad4,139,DEPENDENCY_TWO_CHARACTERISTIC,2,dataInterface|explosionApproval,1,True,G,GP,ST,1,1,F,2,NN,HS,CS1,NOVALUE,NOVALUE,MN1,NOVALUE,FWI,1,1,1,NOVALUE
CFG731_4fe012dc9114303e,x731,CFG731_3c119308d8305ad4,139,TWO_CHARACTERISTIC,2,powerSupply|explosionApproval,1,True,G,GP,ST,4,1,F,2,NN,NN,CS1,NOVALUE,NOVALUE,MN1,NOVALUE,FWI,1,1,1,NOVALUE
CFG731_fb400e5cbf56d98b,x731,CFG731_3c119308d8305ad4,139,TWO_CHARACTERISTIC,2,powerSupply|dataInterface,2,True,G,GP,ST,4,1,A,2,NN,HS,CS1,NOVALUE,NOVALUE,MN1,NOVALUE,FWI,1,1,1,NOVALUE
CFG731_efa8c18fb6c75fe9,x731,CFG731_3c119308d8305ad4,139,TWO_CHARACTERISTIC,2,powerSupply|dev_advMeterVerification,2,True,G,GP,ST,4,1,A,2,NN,NN,CS1,NOVALUE,NOVALUE,MN1,NOVALUE,FWI,NOVALUE,1,1,NOVALUE
CFG731_a9c6923b0758fd61,x731,CFG731_3c119308d8305ad4,139,TWO_CHARACTERISTIC,2,powerSupply|customUserFluid,2,True,G,GP,ST,4,1,A,2,NN,NN,CS1,NOVALUE,NOVALUE,MN1,NOVALUE,FWI,1,1,NOVALUE,NOVALUE
CFG731_fe424f85d85e1c0c,x731,CFG731_3c119308d8305ad4,139,TWO_CHARACTERISTIC,2,explosionApproval|dev_advMeterVerification,1,True,G,GP,ST,1,1,F,2,NN,NN,CS1,NOVALUE,NOVALUE,MN1,NOVALUE,FWI,NOVALUE,1,1,NOVALUE
CFG731_c5aac471a2e214bc,x731,CFG731_3c119308d8305ad4,139,TWO_CHARACTERISTIC,2,explosionApproval|customUserFluid,1,True,G,GP,ST,1,1,F,2,NN,NN,CS1,NOVALUE,NOVALUE,MN1,NOVALUE,FWI,1,1,NOVALUE,NOVALUE
CFG731_50049112552ad3a5,x731,CFG731_3c119308d8305ad4,139,TWO_CHARACTERISTIC,2,dataInterface|dev_advMeterVerification,2,True,G,GP,ST,1,1,A,2,NN,HS,CS1,NOVALUE,NOVALUE,MN1,NOVALUE,FWI,NOVALUE,1,1,NOVALUE
CFG731_e0b8f60eaa8199fb,x731,CFG731_3c119308d8305ad4,139,TWO_CHARACTERISTIC,2,dataInterface|customUserFluid,2,True,G,GP,ST,1,1,A,2,NN,HS,CS1,NOVALUE,NOVALUE,MN1,NOVALUE,FWI,1,1,NOVALUE,NOVALUE
CFG731_1020f6befb1da4c2,x731,CFG731_3c119308d8305ad4,139,TWO_CHARACTERISTIC,2,dev_advMeterVerification|customUserFluid,2,True,G,GP,ST,1,1,A,2,NN,NN,CS1,NOVALUE,NOVALUE,MN1,NOVALUE,FWI,NOVALUE,1,NOVALUE,NOVALUE
CFG731_b80f5441ee56ff19,x731,CFG731_cf4bb519cec0df2f,147,TWO_CHARACTERISTIC,2,powerSupply|explosionApproval,1,True,G,GP,ST,4,1,F,2,NN,HS,CS1,NOVALUE,TT1,MN1,NOVALUE,FWI,1,1,1,NOVALUE
CFG731_de8a319ae89e649b,x731,CFG731_cf4bb519cec0df2f,147,TWO_CHARACTERISTIC,2,powerSupply|stromSchaltbar,2,True,G,GP,ST,4,1,A,2,NN,HS,NOVALUE,NOVALUE,TT1,MN1,NOVALUE,FWI,1,1,1,NOVALUE
CFG731_fc1126251a26fe9b,x731,CFG731_cf4bb519cec0df2f,147,TWO_CHARACTERISTIC,2,powerSupply|dev_advMeterVerification,2,True,G,GP,ST,4,1,A,2,NN,HS,CS1,NOVALUE,TT1,MN1,NOVALUE,FWI,NOVALUE,1,1,NOVALUE
CFG731_e065ffe7eb97bd9c,x731,CFG731_cf4bb519cec0df2f,147,TWO_CHARACTERISTIC,2,powerSupply|customUserFluid,2,True,G,GP,ST,4,1,A,2,NN,HS,CS1,NOVALUE,TT1,MN1,NOVALUE,FWI,1,1,NOVALUE,NOVALUE
CFG731_d22124ab181ae0a4,x731,CFG731_cf4bb519cec0df2f,147,TWO_CHARACTERISTIC,2,explosionApproval|stromSchaltbar,1,True,G,GP,ST,1,1,F,2,NN,HS,NOVALUE,NOVALUE,TT1,MN1,NOVALUE,FWI,1,1,1,NOVALUE
CFG731_efa5660b14315cb2,x731,CFG731_cf4bb519cec0df2f,147,TWO_CHARACTERISTIC,2,explosionApproval|dev_advMeterVerification,1,True,G,GP,ST,1,1,F,2,NN,HS,CS1,NOVALUE,TT1,MN1,NOVALUE,FWI,NOVALUE,1,1,NOVALUE
CFG731_205404302204a46b,x731,CFG731_cf4bb519cec0df2f,147,TWO_CHARACTERISTIC,2,explosionApproval|customUserFluid,1,True,G,GP,ST,1,1,F,2,NN,HS,CS1,NOVALUE,TT1,MN1,NOVALUE,FWI,1,1,NOVALUE,NOVALUE
CFG731_c5397bb07c4ed6a0,x731,CFG731_cf4bb519cec0df2f,147,TWO_CHARACTERISTIC,2,stromSchaltbar|dev_advMeterVerification,2,True,G,GP,ST,1,1,A,2,NN,HS,NOVALUE,NOVALUE,TT1,MN1,NOVALUE,FWI,NOVALUE,1,1,NOVALUE
CFG731_95af87ce23de8312,x731,CFG731_cf4bb519cec0df2f,147,TWO_CHARACTERISTIC,2,stromSchaltbar|customUserFluid,2,True,G,GP,ST,1,1,A,2,NN,HS,NOVALUE,NOVALUE,TT1,MN1,NOVALUE,FWI,1,1,NOVALUE,NOVALUE
CFG731_233b539ec29130f8,x731,CFG731_cf4bb519cec0df2f,147,TWO_CHARACTERISTIC,2,dev_advMeterVerification|customUserFluid,2,True,G,GP,ST,1,1,A,2,NN,HS,CS1,NOVALUE,TT1,MN1,NOVALUE,FWI,NOVALUE,1,NOVALUE,NOVALUE
CFG731_1954a7de68c2c2f5,x731,CFG731_e80085d86d0bbfa9,149,TWO_CHARACTERISTIC,2,powerSupply|explosionApproval,1,True,G,GP,ST,4,1,F,2,NN,HS,CS1,IS1,TT1,MN1,NOVALUE,FWI,1,1,1,NOVALUE
CFG731_4a42ba5932c01b01,x731,CFG731_e80085d86d0bbfa9,149,TWO_CHARACTERISTIC,2,powerSupply|stromSchaltbar,1,True,G,GP,ST,4,1,A,2,NN,HS,NOVALUE,IS1,TT1,MN1,NOVALUE,FWI,1,1,1,NOVALUE
CFG731_5b27c6242b806f7c,x731,CFG731_e80085d86d0bbfa9,149,TWO_CHARACTERISTIC,2,powerSupply|temperaturEingaenge,2,True,G,GP,ST,4,1,A,2,NN,HS,CS1,IS1,NOVALUE,MN1,NOVALUE,FWI,1,1,1,NOVALUE
CFG731_66d08fe5ae299557,x731,CFG731_e80085d86d0bbfa9,149,TWO_CHARACTERISTIC,2,powerSupply|dev_advMeterVerification,2,True,G,GP,ST,4,1,A,2,NN,HS,CS1,IS1,TT1,MN1,NOVALUE,FWI,NOVALUE,1,1,NOVALUE
CFG731_e03e5c896fb83991,x731,CFG731_e80085d86d0bbfa9,149,TWO_CHARACTERISTIC,2,powerSupply|customUserFluid,2,True,G,GP,ST,4,1,A,2,NN,HS,CS1,IS1,TT1,MN1,NOVALUE,FWI,1,1,NOVALUE,NOVALUE
CFG731_22c934de86311149,x731,CFG731_e80085d86d0bbfa9,149,TWO_CHARACTERISTIC,2,explosionApproval|temperaturEingaenge,1,True,G,GP,ST,1,1,F,2,NN,HS,CS1,IS1,NOVALUE,MN1,NOVALUE,FWI,1,1,1,NOVALUE
CFG731_026f2e047a5ce316,x731,CFG731_e80085d86d0bbfa9,149,TWO_CHARACTERISTIC,2,explosionApproval|dev_advMeterVerification,1,True,G,GP,ST,1,1,F,2,NN,HS,CS1,IS1,TT1,MN1,NOVALUE,FWI,NOVALUE,1,1,NOVALUE
CFG731_318454f346474adc,x731,CFG731_e80085d86d0bbfa9,149,TWO_CHARACTERISTIC,2,explosionApproval|customUserFluid,1,True,G,GP,ST,1,1,F,2,NN,HS,CS1,IS1,TT1,MN1,NOVALUE,FWI,1,1,NOVALUE,NOVALUE
CFG731_6526112621a9ee97,x731,CFG731_e80085d86d0bbfa9,149,TWO_CHARACTERISTIC,2,stromSchaltbar|dev_advMeterVerification,1,True,G,GP,ST,1,1,A,2,NN,HS,NOVALUE,IS1,TT1,MN1,NOVALUE,FWI,NOVALUE,1,1,NOVALUE
CFG731_0aaa09e1482b8d90,x731,CFG731_e80085d86d0bbfa9,149,TWO_CHARACTERISTIC,2,stromSchaltbar|customUserFluid,1,True,G,GP,ST,1,1,A,2,NN,HS,NOVALUE,IS1,TT1,MN1,NOVALUE,FWI,1,1,NOVALUE,NOVALUE
CFG731_d811a324b6648280,x731,CFG731_e80085d86d0bbfa9,149,TWO_CHARACTERISTIC,2,temperaturEingaenge|dev_advMeterVerification,2,True,G,GP,ST,1,1,A,2,NN,HS,CS1,IS1,NOVALUE,MN1,NOVALUE,FWI,NOVALUE,1,1,NOVALUE
CFG731_993df8678fddf221,x731,CFG731_e80085d86d0bbfa9,149,TWO_CHARACTERISTIC,2,temperaturEingaenge|customUserFluid,2,True,G,GP,ST,1,1,A,2,NN,HS,CS1,IS1,NOVALUE,MN1,NOVALUE,FWI,1,1,NOVALUE,NOVALUE
CFG731_187ec74b5c4854aa,x731,CFG731_e80085d86d0bbfa9,149,TWO_CHARACTERISTIC,2,dev_advMeterVerification|customUserFluid,2,True,G,GP,ST,1,1,A,2,NN,HS,CS1,IS1,TT1,MN1,NOVALUE,FWI,NOVALUE,1,NOVALUE,NOVALUE
CFG731_9e19889d92fae7f7,x731,CFG731_b86fda83f997f894,151,TWO_CHARACTERISTIC,2,powerSupply|explosionApproval,1,True,G,GP,ST,4,1,F,2,NN,HS,NOVALUE,IS1,TT1,MN1,NOVALUE,FWI,1,1,1,NOVALUE
CFG731_8b07ccc2e9c0e7d3,x731,CFG731_b86fda83f997f894,151,TWO_CHARACTERISTIC,2,powerSupply|dev_advMeterVerification,2,True,G,GP,ST,4,1,A,2,NN,HS,NOVALUE,IS1,TT1,MN1,NOVALUE,FWI,NOVALUE,1,1,NOVALUE
CFG731_17dba025c91c278d,x731,CFG731_b86fda83f997f894,151,TWO_CHARACTERISTIC,2,powerSupply|customUserFluid,2,True,G,GP,ST,4,1,A,2,NN,HS,NOVALUE,IS1,TT1,MN1,NOVALUE,FWI,1,1,NOVALUE,NOVALUE
CFG731_5a5cdf1b966d349b,x731,CFG731_b86fda83f997f894,151,TWO_CHARACTERISTIC,2,explosionApproval|dev_advMeterVerification,1,True,G,GP,ST,1,1,F,2,NN,HS,NOVALUE,IS1,TT1,MN1,NOVALUE,FWI,NOVALUE,1,1,NOVALUE
CFG731_4d39aa53959ccce3,x731,CFG731_b86fda83f997f894,151,TWO_CHARACTERISTIC,2,explosionApproval|customUserFluid,1,True,G,GP,ST,1,1,F,2,NN,HS,NOVALUE,IS1,TT1,MN1,NOVALUE,FWI,1,1,NOVALUE,NOVALUE
CFG731_0238829b37659770,x731,CFG731_b86fda83f997f894,151,TWO_CHARACTERISTIC,2,dev_advMeterVerification|customUserFluid,2,True,G,GP,ST,1,1,A,2,NN,HS,NOVALUE,IS1,TT1,MN1,NOVALUE,FWI,NOVALUE,1,NOVALUE,NOVALUE
CFG731_7187559e0dc892c4,x731,CFG731_8c8856d21252930e,152,ONE_CHARACTERISTIC,1,devCategory,1,True,G,GP,ST,1,1,N,N,NN,NN,CS1,IS1,TT1,NOVALUE,MP1,FWI,NOVALUE,NOVALUE,NOVALUE,NOVALUE
CFG731_4e59e6fc4174afa3,x731,CFG731_8c8856d21252930e,152,ONE_CHARACTERISTIC,1,powerSupply,1,True,H,GP,ST,4,1,N,N,NN,NN,CS1,IS1,TT1,NOVALUE,MP1,FWI,NOVALUE,NOVALUE,NOVALUE,NOVALUE
CFG731_bf8f7d1a25ad0a6e,x731,CFG731_8c8856d21252930e,152,ONE_CHARACTERISTIC,1,stromSchaltbar,1,True,H,GP,ST,1,1,N,N,NN,NN,NOVALUE,IS1,TT1,NOVALUE,MP1,FWI,NOVALUE,NOVALUE,NOVALUE,NOVALUE
CFG731_6472ab3bf7316498,x731,CFG731_8c8856d21252930e,152,ONE_CHARACTERISTIC,1,binaerOpenColl_MP,1,True,H,GP,ST,1,1,N,N,NN,NN,CS1,IS1,TT1,NOVALUE,NOVALUE,FWI,NOVALUE,NOVALUE,NOVALUE,NOVALUE
CFG731_95fab1635f0a594b,x731,CFG731_8c8856d21252930e,152,TWO_CHARACTERISTIC,2,devCategory|powerSupply,2,True,F,GP,ST,4,1,N,N,NN,NN,CS1,IS1,TT1,NOVALUE,MP1,FWI,NOVALUE,NOVALUE,NOVALUE,NOVALUE
CFG731_1dac92d3686bbad8,x731,CFG731_8c8856d21252930e,152,TWO_CHARACTERISTIC,2,devCategory|powerSupply,2,True,G,GP,ST,4,1,N,N,NN,NN,CS1,IS1,TT1,NOVALUE,MP1,FWI,NOVALUE,NOVALUE,NOVALUE,NOVALUE
CFG731_fe64c81ced5b13af,x731,CFG731_8c8856d21252930e,152,TWO_CHARACTERISTIC,2,devCategory|powerSupply,1,True,S,GP,ST,4,1,N,N,NN,NN,CS1,IS1,TT1,NOVALUE,MP1,FWI,NOVALUE,NOVALUE,NOVALUE,NOVALUE
CFG731_b448c653ded1666f,x731,CFG731_8c8856d21252930e,152,TWO_CHARACTERISTIC,2,devCategory|dataInterface,1,True,G,GP,ST,1,1,N,N,NN,HS,CS1,IS1,TT1,NOVALUE,MP1,FWI,NOVALUE,NOVALUE,NOVALUE,NOVALUE
CFG731_066f7ea81f7d110c,x731,CFG731_8c8856d21252930e,152,TWO_CHARACTERISTIC,2,devCategory|stromSchaltbar,2,True,F,GP,ST,1,1,N,N,NN,NN,NOVALUE,IS1,TT1,NOVALUE,MP1,FWI,NOVALUE,NOVALUE,NOVALUE,NOVALUE
CFG731_06e8e5343639fe9e,x731,CFG731_8c8856d21252930e,152,TWO_CHARACTERISTIC,2,devCategory|stromSchaltbar,2,True,G,GP,ST,1,1,N,N,NN,NN,NOVALUE,IS1,TT1,NOVALUE,MP1,FWI,NOVALUE,NOVALUE,NOVALUE,NOVALUE
CFG731_ed3701dcbeea7cf9,x731,CFG731_8c8856d21252930e,152,TWO_CHARACTERISTIC,2,devCategory|stromSchaltbar,1,True,S,GP,ST,1,1,N,N,NN,NN,NOVALUE,IS1,TT1,NOVALUE,MP1,FWI,NOVALUE,NOVALUE,NOVALUE,NOVALUE
CFG731_f9910f22be9552e4,x731,CFG731_8c8856d21252930e,152,TWO_CHARACTERISTIC,2,devCategory|stromEingaenge,2,True,G,GP,ST,1,1,N,N,NN,NN,CS1,NOVALUE,TT1,NOVALUE,MP1,FWI,NOVALUE,NOVALUE,NOVALUE,NOVALUE
CFG731_935d51d5d9587df5,x731,CFG731_8c8856d21252930e,152,TWO_CHARACTERISTIC,2,devCategory|temperaturEingaenge,2,True,F,GP,ST,1,1,N,N,NN,NN,CS1,IS1,NOVALUE,NOVALUE,MP1,FWI,NOVALUE,NOVALUE,NOVALUE,NOVALUE
CFG731_9be0bf32b2cc7b11,x731,CFG731_8c8856d21252930e,152,TWO_CHARACTERISTIC,2,devCategory|temperaturEingaenge,2,True,G,GP,ST,1,1,N,N,NN,NN,CS1,IS1,NOVALUE,NOVALUE,MP1,FWI,NOVALUE,NOVALUE,NOVALUE,NOVALUE
CFG731_5c56080015e4993c,x731,CFG731_8c8856d21252930e,152,TWO_CHARACTERISTIC,2,devCategory|binaerOpenColl_MP,2,True,F,GP,ST,1,1,N,N,NN,NN,CS1,IS1,TT1,NOVALUE,NOVALUE,FWI,NOVALUE,NOVALUE,NOVALUE,NOVALUE
CFG731_1eef4fe9ca9fc346,x731,CFG731_8c8856d21252930e,152,TWO_CHARACTERISTIC,2,devCategory|binaerOpenColl_MP,2,True,G,GP,ST,1,1,N,N,NN,NN,CS1,IS1,TT1,NOVALUE,NOVALUE,FWI,NOVALUE,NOVALUE,NOVALUE,NOVALUE
CFG731_67d370f420116fa0,x731,CFG731_8c8856d21252930e,152,TWO_CHARACTERISTIC,2,devCategory|binaerOpenColl_MP,1,True,S,GP,ST,1,1,N,N,NN,NN,CS1,IS1,TT1,NOVALUE,NOVALUE,FWI,NOVALUE,NOVALUE,NOVALUE,NOVALUE
CFG731_47bb86ed234fd5e6,x731,CFG731_8c8856d21252930e,152,TWO_CHARACTERISTIC,2,powerSupply|dataInterface,1,True,H,GP,ST,4,1,N,N,NN,HS,CS1,IS1,TT1,NOVALUE,MP1,FWI,NOVALUE,NOVALUE,NOVALUE,NOVALUE
CFG731_1cb3c1a9a0d94a34,x731,CFG731_8c8856d21252930e,152,TWO_CHARACTERISTIC,2,powerSupply|stromSchaltbar,2,True,H,GP,ST,4,1,N,N,NN,NN,NOVALUE,IS1,TT1,NOVALUE,MP1,FWI,NOVALUE,NOVALUE,NOVALUE,NOVALUE
CFG731_3b00b06b19619cc1,x731,CFG731_8c8856d21252930e,152,TWO_CHARACTERISTIC,2,powerSupply|binaerOpenColl_MP,2,True,H,GP,ST,4,1,N,N,NN,NN,CS1,IS1,TT1,NOVALUE,NOVALUE,FWI,NOVALUE,NOVALUE,NOVALUE,NOVALUE
CFG731_78c1722b0ab7e1a1,x731,CFG731_8c8856d21252930e,152,TWO_CHARACTERISTIC,2,dataInterface|binaerOpenColl_MP,1,True,H,GP,ST,1,1,N,N,NN,HS,CS1,IS1,TT1,NOVALUE,NOVALUE,FWI,NOVALUE,NOVALUE,NOVALUE,NOVALUE
CFG731_4e6e53642a913f1a,x731,CFG731_8c8856d21252930e,152,TWO_CHARACTERISTIC,2,stromSchaltbar|binaerOpenColl_MP,2,True,H,GP,ST,1,1,N,N,NN,NN,NOVALUE,IS1,TT1,NOVALUE,NOVALUE,FWI,NOVALUE,NOVALUE,NOVALUE,NOVALUE
CFG731_6a61dd4e6f4acad9,x731,CFG731_5a8170a3daa0efb9,159,TWO_CHARACTERISTIC,2,devCategory|powerSupply,2,True,F,GP,ST,4,1,N,N,NN,HS,CS1,IS1,TT1,NOVALUE,MP1,FWI,NOVALUE,NOVALUE,NOVALUE,NOVALUE
CFG731_46b923412e26d23a,x731,CFG731_5a8170a3daa0efb9,159,TWO_CHARACTERISTIC,2,devCategory|powerSupply,2,True,G,GP,ST,4,1,N,N,NN,HS,CS1,IS1,TT1,NOVALUE,MP1,FWI,NOVALUE,NOVALUE,NOVALUE,NOVALUE
CFG731_7393da73e12c3f06,x731,CFG731_5a8170a3daa0efb9,159,TWO_CHARACTERISTIC,2,devCategory|powerSupply,1,True,S,GP,ST,4,1,N,N,NN,HS,CS1,IS1,TT1,NOVALUE,MP1,FWI,NOVALUE,NOVALUE,NOVALUE,NOVALUE
CFG731_1c4555c04dc17835,x731,CFG731_5a8170a3daa0efb9,159,TWO_CHARACTERISTIC,2,devCategory|stromSchaltbar,1,True,G,GP,ST,1,1,N,N,NN,HS,NOVALUE,IS1,TT1,NOVALUE,MP1,FWI,NOVALUE,NOVALUE,NOVALUE,NOVALUE
CFG731_7f5dac513f6d37a9,x731,CFG731_5a8170a3daa0efb9,159,TWO_CHARACTERISTIC,2,devCategory|stromEingaenge,2,True,G,GP,ST,1,1,N,N,NN,HS,CS1,NOVALUE,TT1,NOVALUE,MP1,FWI,NOVALUE,NOVALUE,NOVALUE,NOVALUE
CFG731_e4f260d9f3b18f0d,x731,CFG731_5a8170a3daa0efb9,159,TWO_CHARACTERISTIC,2,devCategory|temperaturEingaenge,2,True,F,GP,ST,1,1,N,N,NN,HS,CS1,IS1,NOVALUE,NOVALUE,MP1,FWI,NOVALUE,NOVALUE,NOVALUE,NOVALUE
CFG731_8865c239d0019360,x731,CFG731_5a8170a3daa0efb9,159,TWO_CHARACTERISTIC,2,devCategory|temperaturEingaenge,2,True,G,GP,ST,1,1,N,N,NN,HS,CS1,IS1,NOVALUE,NOVALUE,MP1,FWI,NOVALUE,NOVALUE,NOVALUE,NOVALUE
CFG731_e87791b2acff3e10,x731,CFG731_5a8170a3daa0efb9,159,TWO_CHARACTERISTIC,2,devCategory|binaerOpenColl_MP,2,True,F,GP,ST,1,1,N,N,NN,HS,CS1,IS1,TT1,NOVALUE,NOVALUE,FWI,NOVALUE,NOVALUE,NOVALUE,NOVALUE
CFG731_878ea582472d4216,x731,CFG731_5a8170a3daa0efb9,159,TWO_CHARACTERISTIC,2,devCategory|binaerOpenColl_MP,2,True,G,GP,ST,1,1,N,N,NN,HS,CS1,IS1,TT1,NOVALUE,NOVALUE,FWI,NOVALUE,NOVALUE,NOVALUE,NOVALUE
CFG731_138c3af793fa9c6a,x731,CFG731_5a8170a3daa0efb9,159,TWO_CHARACTERISTIC,2,devCategory|binaerOpenColl_MP,1,True,S,GP,ST,1,1,N,N,NN,HS,CS1,IS1,TT1,NOVALUE,NOVALUE,FWI,NOVALUE,NOVALUE,NOVALUE,NOVALUE
CFG731_d17241bdc7c77175,x731,CFG731_5a8170a3daa0efb9,159,TWO_CHARACTERISTIC,2,powerSupply|stromSchaltbar,1,True,H,GP,ST,4,1,N,N,NN,HS,NOVALUE,IS1,TT1,NOVALUE,MP1,FWI,NOVALUE,NOVALUE,NOVALUE,NOVALUE
CFG731_0c0cddc4be801f95,x731,CFG731_5a8170a3daa0efb9,159,TWO_CHARACTERISTIC,2,powerSupply|binaerOpenColl_MP,2,True,H,GP,ST,4,1,N,N,NN,HS,CS1,IS1,TT1,NOVALUE,NOVALUE,FWI,NOVALUE,NOVALUE,NOVALUE,NOVALUE
CFG731_5bc37ce72c57ca44,x731,CFG731_5a8170a3daa0efb9,159,TWO_CHARACTERISTIC,2,stromSchaltbar|binaerOpenColl_MP,1,True,H,GP,ST,1,1,N,N,NN,HS,NOVALUE,IS1,TT1,NOVALUE,NOVALUE,FWI,NOVALUE,NOVALUE,NOVALUE,NOVALUE
CFG731_33506d1127cb96aa,x731,CFG731_9b931b5025055c84,161,TWO_CHARACTERISTIC,2,devCategory|powerSupply,2,True,F,GP,ST,4,1,N,N,NN,HS,NOVALUE,IS1,TT1,NOVALUE,MP1,FWI,NOVALUE,NOVALUE,NOVALUE,NOVALUE
CFG731_d829707043eb3b27,x731,CFG731_9b931b5025055c84,161,TWO_CHARACTERISTIC,2,devCategory|powerSupply,2,True,G,GP,ST,4,1,N,N,NN,HS,NOVALUE,IS1,TT1,NOVALUE,MP1,FWI,NOVALUE,NOVALUE,NOVALUE,NOVALUE
CFG731_c86eb0768d5799b7,x731,CFG731_9b931b5025055c84,161,TWO_CHARACTERISTIC,2,devCategory|powerSupply,1,True,S,GP,ST,4,1,N,N,NN,HS,NOVALUE,IS1,TT1,NOVALUE,MP1,FWI,NOVALUE,NOVALUE,NOVALUE,NOVALUE
CFG731_90035585549005ff,x731,CFG731_9b931b5025055c84,161,TWO_CHARACTERISTIC,2,devCategory|stromEingaenge,2,True,F,GP,ST,1,1,N,N,NN,HS,NOVALUE,NOVALUE,TT1,NOVALUE,MP1,FWI,NOVALUE,NOVALUE,NOVALUE,NOVALUE
CFG731_1c3813e9b6257222,x731,CFG731_9b931b5025055c84,161,TWO_CHARACTERISTIC,2,devCategory|stromEingaenge,2,True,G,GP,ST,1,1,N,N,NN,HS,NOVALUE,NOVALUE,TT1,NOVALUE,MP1,FWI,NOVALUE,NOVALUE,NOVALUE,NOVALUE
CFG731_a08023d3ff4ff794,x731,CFG731_9b931b5025055c84,161,TWO_CHARACTERISTIC,2,devCategory|temperaturEingaenge,2,True,F,GP,ST,1,1,N,N,NN,HS,NOVALUE,IS1,NOVALUE,NOVALUE,MP1,FWI,NOVALUE,NOVALUE,NOVALUE,NOVALUE
CFG731_c47d3ef7b5c63aef,x731,CFG731_9b931b5025055c84,161,TWO_CHARACTERISTIC,2,devCategory|temperaturEingaenge,2,True,G,GP,ST,1,1,N,N,NN,HS,NOVALUE,IS1,NOVALUE,NOVALUE,MP1,FWI,NOVALUE,NOVALUE,NOVALUE,NOVALUE
CFG731_b9f64e4d38245efe,x731,CFG731_9b931b5025055c84,161,TWO_CHARACTERISTIC,2,devCategory|binaerOpenColl_MP,2,True,F,GP,ST,1,1,N,N,NN,HS,NOVALUE,IS1,TT1,NOVALUE,NOVALUE,FWI,NOVALUE,NOVALUE,NOVALUE,NOVALUE
CFG731_734d91c68b327ad1,x731,CFG731_9b931b5025055c84,161,TWO_CHARACTERISTIC,2,devCategory|binaerOpenColl_MP,2,True,G,GP,ST,1,1,N,N,NN,HS,NOVALUE,IS1,TT1,NOVALUE,NOVALUE,FWI,NOVALUE,NOVALUE,NOVALUE,NOVALUE
CFG731_c670511258ae4a49,x731,CFG731_9b931b5025055c84,161,TWO_CHARACTERISTIC,2,devCategory|binaerOpenColl_MP,1,True,S,GP,ST,1,1,N,N,NN,HS,NOVALUE,IS1,TT1,NOVALUE,NOVALUE,FWI,NOVALUE,NOVALUE,NOVALUE,NOVALUE
CFG731_3841cf5b60cb6f61,x731,CFG731_9b931b5025055c84,161,TWO_CHARACTERISTIC,2,powerSupply|binaerOpenColl_MP,2,True,H,GP,ST,4,1,N,N,NN,HS,NOVALUE,IS1,TT1,NOVALUE,NOVALUE,FWI,NOVALUE,NOVALUE,NOVALUE,NOVALUE
CFG731_b187fb9ad3627171,x731,CFG731_011ca4ba794bd4d6,162,ONE_CHARACTERISTIC,1,devCategory,1,True,G,GP,ST,1,1,N,N,NN,NN,CS1,IS1,TT1,MN1,NOVALUE,FWI,NOVALUE,NOVALUE,NOVALUE,NOVALUE
CFG731_c41fd04f9eea78e7,x731,CFG731_011ca4ba794bd4d6,162,ONE_CHARACTERISTIC,1,powerSupply,1,True,H,GP,ST,4,1,N,N,NN,NN,CS1,IS1,TT1,MN1,NOVALUE,FWI,NOVALUE,NOVALUE,NOVALUE,NOVALUE
CFG731_d8843ca5e91f93ae,x731,CFG731_011ca4ba794bd4d6,162,ONE_CHARACTERISTIC,1,stromSchaltbar,1,True,H,GP,ST,1,1,N,N,NN,NN,NOVALUE,IS1,TT1,MN1,NOVALUE,FWI,NOVALUE,NOVALUE,NOVALUE,NOVALUE
CFG731_eb939ac43d3ffc7e,x731,CFG731_011ca4ba794bd4d6,162,TWO_CHARACTERISTIC,2,devCategory|powerSupply,2,True,F,GP,ST,4,1,N,N,NN,NN,CS1,IS1,TT1,MN1,NOVALUE,FWI,NOVALUE,NOVALUE,NOVALUE,NOVALUE
CFG731_44fb44f5c0cfb9ec,x731,CFG731_011ca4ba794bd4d6,162,TWO_CHARACTERISTIC,2,devCategory|powerSupply,2,True,G,GP,ST,4,1,N,N,NN,NN,CS1,IS1,TT1,MN1,NOVALUE,FWI,NOVALUE,NOVALUE,NOVALUE,NOVALUE
CFG731_16bd4e059b8168a9,x731,CFG731_011ca4ba794bd4d6,162,TWO_CHARACTERISTIC,2,devCategory|powerSupply,1,True,S,GP,ST,4,1,N,N,NN,NN,CS1,IS1,TT1,MN1,NOVALUE,FWI,NOVALUE,NOVALUE,NOVALUE,NOVALUE
CFG731_6b4d5fb94ae6156b,x731,CFG731_011ca4ba794bd4d6,162,TWO_CHARACTERISTIC,2,devCategory|dataInterface,1,True,G,GP,ST,1,1,N,N,NN,HS,CS1,IS1,TT1,MN1,NOVALUE,FWI,NOVALUE,NOVALUE,NOVALUE,NOVALUE
CFG731_8fdde7c2e4c421e7,x731,CFG731_011ca4ba794bd4d6,162,TWO_CHARACTERISTIC,2,devCategory|stromSchaltbar,2,True,F,GP,ST,1,1,N,N,NN,NN,NOVALUE,IS1,TT1,MN1,NOVALUE,FWI,NOVALUE,NOVALUE,NOVALUE,NOVALUE
CFG731_8c768f60c026f9a2,x731,CFG731_011ca4ba794bd4d6,162,TWO_CHARACTERISTIC,2,devCategory|stromSchaltbar,2,True,G,GP,ST,1,1,N,N,NN,NN,NOVALUE,IS1,TT1,MN1,NOVALUE,FWI,NOVALUE,NOVALUE,NOVALUE,NOVALUE
CFG731_1515931f201451d5,x731,CFG731_011ca4ba794bd4d6,162,TWO_CHARACTERISTIC,2,devCategory|stromSchaltbar,1,True,S,GP,ST,1,1,N,N,NN,NN,NOVALUE,IS1,TT1,MN1,NOVALUE,FWI,NOVALUE,NOVALUE,NOVALUE,NOVALUE
CFG731_2a08f19a42b3b982,x731,CFG731_011ca4ba794bd4d6,162,TWO_CHARACTERISTIC,2,devCategory|stromEingaenge,2,True,G,GP,ST,1,1,N,N,NN,NN,CS1,NOVALUE,TT1,MN1,NOVALUE,FWI,NOVALUE,NOVALUE,NOVALUE,NOVALUE
CFG731_17f8d4c4b128c048,x731,CFG731_011ca4ba794bd4d6,162,TWO_CHARACTERISTIC,2,devCategory|temperaturEingaenge,2,True,F,GP,ST,1,1,N,N,NN,NN,CS1,IS1,NOVALUE,MN1,NOVALUE,FWI,NOVALUE,NOVALUE,NOVALUE,NOVALUE
CFG731_f9097d199501f9dc,x731,CFG731_011ca4ba794bd4d6,162,TWO_CHARACTERISTIC,2,devCategory|temperaturEingaenge,2,True,G,GP,ST,1,1,N,N,NN,NN,CS1,IS1,NOVALUE,MN1,NOVALUE,FWI,NOVALUE,NOVALUE,NOVALUE,NOVALUE
CFG731_6920f76e20b3b3ac,x731,CFG731_011ca4ba794bd4d6,162,TWO_CHARACTERISTIC,2,powerSupply|dataInterface,1,True,H,GP,ST,4,1,N,N,NN,HS,CS1,IS1,TT1,MN1,NOVALUE,FWI,NOVALUE,NOVALUE,NOVALUE,NOVALUE
CFG731_2a62b8cc0f0cd468,x731,CFG731_011ca4ba794bd4d6,162,TWO_CHARACTERISTIC,2,powerSupply|stromSchaltbar,2,True,H,GP,ST,4,1,N,N,NN,NN,NOVALUE,IS1,TT1,MN1,NOVALUE,FWI,NOVALUE,NOVALUE,NOVALUE,NOVALUE
CFG731_f94249e8b25d14a3,x731,CFG731_ac3a4ff61341aa72,169,TWO_CHARACTERISTIC,2,devCategory|powerSupply,2,True,F,GP,ST,4,1,N,N,NN,HS,CS1,IS1,TT1,MN1,NOVALUE,FWI,NOVALUE,NOVALUE,NOVALUE,NOVALUE
CFG731_8defc1a0775e52a5,x731,CFG731_ac3a4ff61341aa72,169,TWO_CHARACTERISTIC,2,devCategory|powerSupply,2,True,G,GP,ST,4,1,N,N,NN,HS,CS1,IS1,TT1,MN1,NOVALUE,FWI,NOVALUE,NOVALUE,NOVALUE,NOVALUE
CFG731_27ea251c0fb03f20,x731,CFG731_ac3a4ff61341aa72,169,TWO_CHARACTERISTIC,2,devCategory|powerSupply,1,True,S,GP,ST,4,1,N,N,NN,HS,CS1,IS1,TT1,MN1,NOVALUE,FWI,NOVALUE,NOVALUE,NOVALUE,NOVALUE
CFG731_0d45778632778c89,x731,CFG731_ac3a4ff61341aa72,169,TWO_CHARACTERISTIC,2,devCategory|stromSchaltbar,1,True,G,GP,ST,1,1,N,N,NN,HS,NOVALUE,IS1,TT1,MN1,NOVALUE,FWI,NOVALUE,NOVALUE,NOVALUE,NOVALUE
CFG731_ca7e5884b195042a,x731,CFG731_ac3a4ff61341aa72,169,TWO_CHARACTERISTIC,2,devCategory|stromEingaenge,2,True,G,GP,ST,1,1,N,N,NN,HS,CS1,NOVALUE,TT1,MN1,NOVALUE,FWI,NOVALUE,NOVALUE,NOVALUE,NOVALUE
CFG731_91382d07b6de200a,x731,CFG731_ac3a4ff61341aa72,169,TWO_CHARACTERISTIC,2,devCategory|temperaturEingaenge,2,True,F,GP,ST,1,1,N,N,NN,HS,CS1,IS1,NOVALUE,MN1,NOVALUE,FWI,NOVALUE,NOVALUE,NOVALUE,NOVALUE
CFG731_1d0d711c273ea02f,x731,CFG731_ac3a4ff61341aa72,169,TWO_CHARACTERISTIC,2,devCategory|temperaturEingaenge,2,True,G,GP,ST,1,1,N,N,NN,HS,CS1,IS1,NOVALUE,MN1,NOVALUE,FWI,NOVALUE,NOVALUE,NOVALUE,NOVALUE
CFG731_7671ebf1031d2b07,x731,CFG731_ac3a4ff61341aa72,169,TWO_CHARACTERISTIC,2,powerSupply|stromSchaltbar,1,True,H,GP,ST,4,1,N,N,NN,HS,NOVALUE,IS1,TT1,MN1,NOVALUE,FWI,NOVALUE,NOVALUE,NOVALUE,NOVALUE
CFG731_3b86513038612465,x731,CFG731_a93ee7be2372dea3,171,TWO_CHARACTERISTIC,2,devCategory|powerSupply,2,True,F,GP,ST,4,1,N,N,NN,HS,NOVALUE,IS1,TT1,MN1,NOVALUE,FWI,NOVALUE,NOVALUE,NOVALUE,NOVALUE
CFG731_da5e0ce2f4e5780a,x731,CFG731_a93ee7be2372dea3,171,TWO_CHARACTERISTIC,2,devCategory|powerSupply,2,True,G,GP,ST,4,1,N,N,NN,HS,NOVALUE,IS1,TT1,MN1,NOVALUE,FWI,NOVALUE,NOVALUE,NOVALUE,NOVALUE
CFG731_4873af75a59b7524,x731,CFG731_a93ee7be2372dea3,171,TWO_CHARACTERISTIC,2,devCategory|powerSupply,1,True,S,GP,ST,4,1,N,N,NN,HS,NOVALUE,IS1,TT1,MN1,NOVALUE,FWI,NOVALUE,NOVALUE,NOVALUE,NOVALUE
CFG731_0bdf6e9d21ff7251,x731,CFG731_a93ee7be2372dea3,171,TWO_CHARACTERISTIC,2,devCategory|stromEingaenge,2,True,F,GP,ST,1,1,N,N,NN,HS,NOVALUE,NOVALUE,TT1,MN1,NOVALUE,FWI,NOVALUE,NOVALUE,NOVALUE,NOVALUE
CFG731_13c4e0a1e84a9e06,x731,CFG731_a93ee7be2372dea3,171,TWO_CHARACTERISTIC,2,devCategory|stromEingaenge,2,True,G,GP,ST,1,1,N,N,NN,HS,NOVALUE,NOVALUE,TT1,MN1,NOVALUE,FWI,NOVALUE,NOVALUE,NOVALUE,NOVALUE
CFG731_336638ac8cb5034e,x731,CFG731_a93ee7be2372dea3,171,TWO_CHARACTERISTIC,2,devCategory|temperaturEingaenge,2,True,F,GP,ST,1,1,N,N,NN,HS,NOVALUE,IS1,NOVALUE,MN1,NOVALUE,FWI,NOVALUE,NOVALUE,NOVALUE,NOVALUE
CFG731_401a8cc593ef9938,x731,CFG731_a93ee7be2372dea3,171,TWO_CHARACTERISTIC,2,devCategory|temperaturEingaenge,2,True,G,GP,ST,1,1,N,N,NN,HS,NOVALUE,IS1,NOVALUE,MN1,NOVALUE,FWI,NOVALUE,NOVALUE,NOVALUE,NOVALUE
CFG731_e8d4d37dfb814e2d,x731,CFG731_6f8c15548921e4c2,172,ONE_CHARACTERISTIC,1,devCategory,1,True,G,GP,ST,1,1,A,2,NN,NN,CS1,IS1,TT1,NOVALUE,MP1,FWI,NOVALUE,NOVALUE,NOVALUE,NOVALUE
CFG731_7962ce0b7d875608,x731,CFG731_6f8c15548921e4c2,172,ONE_CHARACTERISTIC,1,powerSupply,1,True,H,GP,ST,4,1,A,2,NN,NN,CS1,IS1,TT1,NOVALUE,MP1,FWI,NOVALUE,NOVALUE,NOVALUE,NOVALUE
CFG731_10829a99d0812ab9,x731,CFG731_6f8c15548921e4c2,172,ONE_CHARACTERISTIC,1,stromSchaltbar,1,True,H,GP,ST,1,1,A,2,NN,NN,NOVALUE,IS1,TT1,NOVALUE,MP1,FWI,NOVALUE,NOVALUE,NOVALUE,NOVALUE
CFG731_75b93da9dd9b0316,x731,CFG731_6f8c15548921e4c2,172,ONE_CHARACTERISTIC,1,binaerOpenColl_MP,1,True,H,GP,ST,1,1,A,2,NN,NN,CS1,IS1,TT1,NOVALUE,NOVALUE,FWI,NOVALUE,NOVALUE,NOVALUE,NOVALUE
CFG731_5e11ee2b08a55198,x731,CFG731_6f8c15548921e4c2,172,TWO_CHARACTERISTIC,2,devCategory|powerSupply,2,True,F,GP,ST,4,1,A,2,NN,NN,CS1,IS1,TT1,NOVALUE,MP1,FWI,NOVALUE,NOVALUE,NOVALUE,NOVALUE
CFG731_76334feb0a15d8ad,x731,CFG731_6f8c15548921e4c2,172,TWO_CHARACTERISTIC,2,devCategory|powerSupply,2,True,G,GP,ST,4,1,A,2,NN,NN,CS1,IS1,TT1,NOVALUE,MP1,FWI,NOVALUE,NOVALUE,NOVALUE,NOVALUE
CFG731_7bb5689e4b06bfe5,x731,CFG731_6f8c15548921e4c2,172,TWO_CHARACTERISTIC,2,devCategory|powerSupply,1,True,S,GP,ST,4,1,A,2,NN,NN,CS1,IS1,TT1,NOVALUE,MP1,FWI,NOVALUE,NOVALUE,NOVALUE,NOVALUE
CFG731_1c854680a01389e8,x731,CFG731_6f8c15548921e4c2,172,TWO_CHARACTERISTIC,2,devCategory|dataInterface,1,True,G,GP,ST,1,1,A,2,NN,HS,CS1,IS1,TT1,NOVALUE,MP1,FWI,NOVALUE,NOVALUE,NOVALUE,NOVALUE
CFG731_75e285debe0d2871,x731,CFG731_6f8c15548921e4c2,172,TWO_CHARACTERISTIC,2,devCategory|stromSchaltbar,2,True,F,GP,ST,1,1,A,2,NN,NN,NOVALUE,IS1,TT1,NOVALUE,MP1,FWI,NOVALUE,NOVALUE,NOVALUE,NOVALUE
CFG731_fc6cec55871bf9ce,x731,CFG731_6f8c15548921e4c2,172,TWO_CHARACTERISTIC,2,devCategory|stromSchaltbar,2,True,G,GP,ST,1,1,A,2,NN,NN,NOVALUE,IS1,TT1,NOVALUE,MP1,FWI,NOVALUE,NOVALUE,NOVALUE,NOVALUE
CFG731_56310c55a01272a3,x731,CFG731_6f8c15548921e4c2,172,TWO_CHARACTERISTIC,2,devCategory|stromSchaltbar,1,True,S,GP,ST,1,1,A,2,NN,NN,NOVALUE,IS1,TT1,NOVALUE,MP1,FWI,NOVALUE,NOVALUE,NOVALUE,NOVALUE
CFG731_95580cc768d144ab,x731,CFG731_6f8c15548921e4c2,172,TWO_CHARACTERISTIC,2,devCategory|stromEingaenge,2,True,G,GP,ST,1,1,A,2,NN,NN,CS1,NOVALUE,TT1,NOVALUE,MP1,FWI,NOVALUE,NOVALUE,NOVALUE,NOVALUE
CFG731_d7625709789cfc23,x731,CFG731_6f8c15548921e4c2,172,TWO_CHARACTERISTIC,2,devCategory|temperaturEingaenge,2,True,F,GP,ST,1,1,A,2,NN,NN,CS1,IS1,NOVALUE,NOVALUE,MP1,FWI,NOVALUE,NOVALUE,NOVALUE,NOVALUE
CFG731_107f9b003b213740,x731,CFG731_6f8c15548921e4c2,172,TWO_CHARACTERISTIC,2,devCategory|temperaturEingaenge,2,True,G,GP,ST,1,1,A,2,NN,NN,CS1,IS1,NOVALUE,NOVALUE,MP1,FWI,NOVALUE,NOVALUE,NOVALUE,NOVALUE
CFG731_7934f06482b09169,x731,CFG731_6f8c15548921e4c2,172,TWO_CHARACTERISTIC,2,devCategory|binaerOpenColl_MP,2,True,F,GP,ST,1,1,A,2,NN,NN,CS1,IS1,TT1,NOVALUE,NOVALUE,FWI,NOVALUE,NOVALUE,NOVALUE,NOVALUE
CFG731_f6855584dc97aa61,x731,CFG731_6f8c15548921e4c2,172,TWO_CHARACTERISTIC,2,devCategory|binaerOpenColl_MP,2,True,G,GP,ST,1,1,A,2,NN,NN,CS1,IS1,TT1,NOVALUE,NOVALUE,FWI,NOVALUE,NOVALUE,NOVALUE,NOVALUE
CFG731_3ac187941df4fdac,x731,CFG731_6f8c15548921e4c2,172,TWO_CHARACTERISTIC,2,devCategory|binaerOpenColl_MP,1,True,S,GP,ST,1,1,A,2,NN,NN,CS1,IS1,TT1,NOVALUE,NOVALUE,FWI,NOVALUE,NOVALUE,NOVALUE,NOVALUE
CFG731_63fe6cb51777cd72,x731,CFG731_6f8c15548921e4c2,172,TWO_CHARACTERISTIC,2,powerSupply|dataInterface,1,True,H,GP,ST,4,1,A,2,NN,HS,CS1,IS1,TT1,NOVALUE,MP1,FWI,NOVALUE,NOVALUE,NOVALUE,NOVALUE
CFG731_b8536fcf063b2e61,x731,CFG731_6f8c15548921e4c2,172,TWO_CHARACTERISTIC,2,powerSupply|stromSchaltbar,2,True,H,GP,ST,4,1,A,2,NN,NN,NOVALUE,IS1,TT1,NOVALUE,MP1,FWI,NOVALUE,NOVALUE,NOVALUE,NOVALUE
CFG731_9ded69e21ce82dba,x731,CFG731_6f8c15548921e4c2,172,TWO_CHARACTERISTIC,2,powerSupply|binaerOpenColl_MP,2,True,H,GP,ST,4,1,A,2,NN,NN,CS1,IS1,TT1,NOVALUE,NOVALUE,FWI,NOVALUE,NOVALUE,NOVALUE,NOVALUE
CFG731_72259802f3752002,x731,CFG731_6f8c15548921e4c2,172,TWO_CHARACTERISTIC,2,explosionApproval|binaerOpenColl_MP,1,True,H,GP,ST,1,1,F,2,NN,NN,CS1,IS1,TT1,NOVALUE,NOVALUE,FWI,NOVALUE,NOVALUE,NOVALUE,NOVALUE
CFG731_37fcb5ee957aede4,x731,CFG731_6f8c15548921e4c2,172,TWO_CHARACTERISTIC,2,dataInterface|binaerOpenColl_MP,1,True,H,GP,ST,1,1,A,2,NN,HS,CS1,IS1,TT1,NOVALUE,NOVALUE,FWI,NOVALUE,NOVALUE,NOVALUE,NOVALUE
CFG731_12e52d2970eae9f5,x731,CFG731_6f8c15548921e4c2,172,TWO_CHARACTERISTIC,2,stromSchaltbar|binaerOpenColl_MP,2,True,H,GP,ST,1,1,A,2,NN,NN,NOVALUE,IS1,TT1,NOVALUE,NOVALUE,FWI,NOVALUE,NOVALUE,NOVALUE,NOVALUE
CFG731_ba5fe39ff3f66723,x731,CFG731_aba447e5ca3ac7ba,179,TWO_CHARACTERISTIC,2,devCategory|powerSupply,2,True,F,GP,ST,4,1,A,2,NN,HS,CS1,IS1,TT1,NOVALUE,MP1,FWI,NOVALUE,NOVALUE,NOVALUE,NOVALUE
CFG731_c0de9fcc26bbc71b,x731,CFG731_aba447e5ca3ac7ba,179,TWO_CHARACTERISTIC,2,devCategory|powerSupply,2,True,G,GP,ST,4,1,A,2,NN,HS,CS1,IS1,TT1,NOVALUE,MP1,FWI,NOVALUE,NOVALUE,NOVALUE,NOVALUE
CFG731_482678d927834b42,x731,CFG731_aba447e5ca3ac7ba,179,TWO_CHARACTERISTIC,2,devCategory|powerSupply,1,True,S,GP,ST,4,1,A,2,NN,HS,CS1,IS1,TT1,NOVALUE,MP1,FWI,NOVALUE,NOVALUE,NOVALUE,NOVALUE
CFG731_e9d0b2e8adb3aa6d,x731,CFG731_aba447e5ca3ac7ba,179,TWO_CHARACTERISTIC,2,devCategory|stromSchaltbar,1,True,G,GP,ST,1,1,A,2,NN,HS,NOVALUE,IS1,TT1,NOVALUE,MP1,FWI,NOVALUE,NOVALUE,NOVALUE,NOVALUE
CFG731_d622722cfe4eb872,x731,CFG731_aba447e5ca3ac7ba,179,TWO_CHARACTERISTIC,2,devCategory|stromEingaenge,2,True,G,GP,ST,1,1,A,2,NN,HS,CS1,NOVALUE,TT1,NOVALUE,MP1,FWI,NOVALUE,NOVALUE,NOVALUE,NOVALUE
CFG731_4b39f0eff8e95d24,x731,CFG731_aba447e5ca3ac7ba,179,TWO_CHARACTERISTIC,2,devCategory|temperaturEingaenge,2,True,F,GP,ST,1,1,A,2,NN,HS,CS1,IS1,NOVALUE,NOVALUE,MP1,FWI,NOVALUE,NOVALUE,NOVALUE,NOVALUE
CFG731_0129200fc6192a2a,x731,CFG731_aba447e5ca3ac7ba,179,TWO_CHARACTERISTIC,2,devCategory|temperaturEingaenge,2,True,G,GP,ST,1,1,A,2,NN,HS,CS1,IS1,NOVALUE,NOVALUE,MP1,FWI,NOVALUE,NOVALUE,NOVALUE,NOVALUE
CFG731_bb1864a20bffaa68,x731,CFG731_aba447e5ca3ac7ba,179,TWO_CHARACTERISTIC,2,devCategory|binaerOpenColl_MP,2,True,F,GP,ST,1,1,A,2,NN,HS,CS1,IS1,TT1,NOVALUE,NOVALUE,FWI,NOVALUE,NOVALUE,NOVALUE,NOVALUE
CFG731_5e1020b029efac29,x731,CFG731_aba447e5ca3ac7ba,179,TWO_CHARACTERISTIC,2,devCategory|binaerOpenColl_MP,2,True,G,GP,ST,1,1,A,2,NN,HS,CS1,IS1,TT1,NOVALUE,NOVALUE,FWI,NOVALUE,NOVALUE,NOVALUE,NOVALUE
CFG731_b761b914f76d159e,x731,CFG731_aba447e5ca3ac7ba,179,TWO_CHARACTERISTIC,2,devCategory|binaerOpenColl_MP,1,True,S,GP,ST,1,1,A,2,NN,HS,CS1,IS1,TT1,NOVALUE,NOVALUE,FWI,NOVALUE,NOVALUE,NOVALUE,NOVALUE
CFG731_25b84d9ab233c6bf,x731,CFG731_aba447e5ca3ac7ba,179,TWO_CHARACTERISTIC,2,powerSupply|stromSchaltbar,1,True,H,GP,ST,4,1,A,2,NN,HS,NOVALUE,IS1,TT1,NOVALUE,MP1,FWI,NOVALUE,NOVALUE,NOVALUE,NOVALUE
CFG731_bc4236866dfe02b0,x731,CFG731_aba447e5ca3ac7ba,179,TWO_CHARACTERISTIC,2,powerSupply|binaerOpenColl_MP,2,True,H,GP,ST,4,1,A,2,NN,HS,CS1,IS1,TT1,NOVALUE,NOVALUE,FWI,NOVALUE,NOVALUE,NOVALUE,NOVALUE
CFG731_76d13dd0246c6ccc,x731,CFG731_aba447e5ca3ac7ba,179,TWO_CHARACTERISTIC,2,explosionApproval|binaerOpenColl_MP,1,True,H,GP,ST,1,1,F,2,NN,HS,CS1,IS1,TT1,NOVALUE,NOVALUE,FWI,NOVALUE,NOVALUE,NOVALUE,NOVALUE
CFG731_81fb6648eb2086c4,x731,CFG731_aba447e5ca3ac7ba,179,TWO_CHARACTERISTIC,2,stromSchaltbar|binaerOpenColl_MP,1,True,H,GP,ST,1,1,A,2,NN,HS,NOVALUE,IS1,TT1,NOVALUE,NOVALUE,FWI,NOVALUE,NOVALUE,NOVALUE,NOVALUE
CFG731_3a61ea1e83015043,x731,CFG731_91a62b1e0bf4bbce,181,TWO_CHARACTERISTIC,2,devCategory|powerSupply,2,True,F,GP,ST,4,1,A,2,NN,HS,NOVALUE,IS1,TT1,NOVALUE,MP1,FWI,NOVALUE,NOVALUE,NOVALUE,NOVALUE
CFG731_6942facbe6ebb88b,x731,CFG731_91a62b1e0bf4bbce,181,TWO_CHARACTERISTIC,2,devCategory|powerSupply,2,True,G,GP,ST,4,1,A,2,NN,HS,NOVALUE,IS1,TT1,NOVALUE,MP1,FWI,NOVALUE,NOVALUE,NOVALUE,NOVALUE
CFG731_0bc45368878bdc1d,x731,CFG731_91a62b1e0bf4bbce,181,TWO_CHARACTERISTIC,2,devCategory|powerSupply,1,True,S,GP,ST,4,1,A,2,NN,HS,NOVALUE,IS1,TT1,NOVALUE,MP1,FWI,NOVALUE,NOVALUE,NOVALUE,NOVALUE
CFG731_567b2aa90592cf41,x731,CFG731_91a62b1e0bf4bbce,181,TWO_CHARACTERISTIC,2,devCategory|stromEingaenge,2,True,F,GP,ST,1,1,A,2,NN,HS,NOVALUE,NOVALUE,TT1,NOVALUE,MP1,FWI,NOVALUE,NOVALUE,NOVALUE,NOVALUE
CFG731_8aefa69bf25cc5a6,x731,CFG731_91a62b1e0bf4bbce,181,TWO_CHARACTERISTIC,2,devCategory|stromEingaenge,2,True,G,GP,ST,1,1,A,2,NN,HS,NOVALUE,NOVALUE,TT1,NOVALUE,MP1,FWI,NOVALUE,NOVALUE,NOVALUE,NOVALUE
CFG731_cb6e165b70117615,x731,CFG731_91a62b1e0bf4bbce,181,TWO_CHARACTERISTIC,2,devCategory|temperaturEingaenge,2,True,F,GP,ST,1,1,A,2,NN,HS,NOVALUE,IS1,NOVALUE,NOVALUE,MP1,FWI,NOVALUE,NOVALUE,NOVALUE,NOVALUE
CFG731_dc94cc026338b073,x731,CFG731_91a62b1e0bf4bbce,181,TWO_CHARACTERISTIC,2,devCategory|temperaturEingaenge,2,True,G,GP,ST,1,1,A,2,NN,HS,NOVALUE,IS1,NOVALUE,NOVALUE,MP1,FWI,NOVALUE,NOVALUE,NOVALUE,NOVALUE
CFG731_b3b049117d95c67d,x731,CFG731_91a62b1e0bf4bbce,181,TWO_CHARACTERISTIC,2,devCategory|binaerOpenColl_MP,2,True,F,GP,ST,1,1,A,2,NN,HS,NOVALUE,IS1,TT1,NOVALUE,NOVALUE,FWI,NOVALUE,NOVALUE,NOVALUE,NOVALUE
CFG731_4afe4cfa02474e97,x731,CFG731_91a62b1e0bf4bbce,181,TWO_CHARACTERISTIC,2,devCategory|binaerOpenColl_MP,2,True,G,GP,ST,1,1,A,2,NN,HS,NOVALUE,IS1,TT1,NOVALUE,NOVALUE,FWI,NOVALUE,NOVALUE,NOVALUE,NOVALUE
CFG731_77ade5b097520847,x731,CFG731_91a62b1e0bf4bbce,181,TWO_CHARACTERISTIC,2,devCategory|binaerOpenColl_MP,1,True,S,GP,ST,1,1,A,2,NN,HS,NOVALUE,IS1,TT1,NOVALUE,NOVALUE,FWI,NOVALUE,NOVALUE,NOVALUE,NOVALUE
CFG731_6122ed4297a0659b,x731,CFG731_91a62b1e0bf4bbce,181,TWO_CHARACTERISTIC,2,powerSupply|binaerOpenColl_MP,2,True,H,GP,ST,4,1,A,2,NN,HS,NOVALUE,IS1,TT1,NOVALUE,NOVALUE,FWI,NOVALUE,NOVALUE,NOVALUE,NOVALUE
CFG731_9ec0b5f39b558132,x731,CFG731_91a62b1e0bf4bbce,181,TWO_CHARACTERISTIC,2,explosionApproval|binaerOpenColl_MP,1,True,H,GP,ST,1,1,F,2,NN,HS,NOVALUE,IS1,TT1,NOVALUE,NOVALUE,FWI,NOVALUE,NOVALUE,NOVALUE,NOVALUE
CFG731_59d41a45b5e132f2,x731,CFG731_db983e07a279051a,182,ONE_CHARACTERISTIC,1,devCategory,1,True,G,GP,ST,1,1,A,2,NN,NN,CS1,IS1,TT1,MN1,NOVALUE,FWI,NOVALUE,NOVALUE,NOVALUE,NOVALUE
CFG731_04bb9195f752ca8c,x731,CFG731_db983e07a279051a,182,ONE_CHARACTERISTIC,1,powerSupply,1,True,H,GP,ST,4,1,A,2,NN,NN,CS1,IS1,TT1,MN1,NOVALUE,FWI,NOVALUE,NOVALUE,NOVALUE,NOVALUE
CFG731_67704f1a817ad4cd,x731,CFG731_db983e07a279051a,182,ONE_CHARACTERISTIC,1,stromSchaltbar,1,True,H,GP,ST,1,1,A,2,NN,NN,NOVALUE,IS1,TT1,MN1,NOVALUE,FWI,NOVALUE,NOVALUE,NOVALUE,NOVALUE
CFG731_728ec03d02619241,x731,CFG731_db983e07a279051a,182,TWO_CHARACTERISTIC,2,devCategory|powerSupply,2,True,F,GP,ST,4,1,A,2,NN,NN,CS1,IS1,TT1,MN1,NOVALUE,FWI,NOVALUE,NOVALUE,NOVALUE,NOVALUE
CFG731_9db378257f9cf6a7,x731,CFG731_db983e07a279051a,182,TWO_CHARACTERISTIC,2,devCategory|powerSupply,2,True,G,GP,ST,4,1,A,2,NN,NN,CS1,IS1,TT1,MN1,NOVALUE,FWI,NOVALUE,NOVALUE,NOVALUE,NOVALUE
CFG731_de371e3e32a80802,x731,CFG731_db983e07a279051a,182,TWO_CHARACTERISTIC,2,devCategory|powerSupply,1,True,S,GP,ST,4,1,A,2,NN,NN,CS1,IS1,TT1,MN1,NOVALUE,FWI,NOVALUE,NOVALUE,NOVALUE,NOVALUE
CFG731_c7fc77b7705aac1a,x731,CFG731_db983e07a279051a,182,TWO_CHARACTERISTIC,2,devCategory|explosionApproval,1,True,F,GP,ST,1,1,F,2,NN,NN,CS1,IS1,TT1,MN1,NOVALUE,FWI,NOVALUE,NOVALUE,NOVALUE,NOVALUE
CFG731_9c89a3d7bad2515a,x731,CFG731_db983e07a279051a,182,TWO_CHARACTERISTIC,2,devCategory|explosionApproval,1,True,G,GP,ST,1,1,F,2,NN,NN,CS1,IS1,TT1,MN1,NOVALUE,FWI,NOVALUE,NOVALUE,NOVALUE,NOVALUE
CFG731_35bb9d936643fde8,x731,CFG731_db983e07a279051a,182,TWO_CHARACTERISTIC,2,devCategory|dataInterface,1,True,G,GP,ST,1,1,A,2,NN,HS,CS1,IS1,TT1,MN1,NOVALUE,FWI,NOVALUE,NOVALUE,NOVALUE,NOVALUE
CFG731_905b59c02ef2db9b,x731,CFG731_db983e07a279051a,182,TWO_CHARACTERISTIC,2,devCategory|stromSchaltbar,2,True,F,GP,ST,1,1,A,2,NN,NN,NOVALUE,IS1,TT1,MN1,NOVALUE,FWI,NOVALUE,NOVALUE,NOVALUE,NOVALUE
CFG731_b279f9b8e2b6a1b0,x731,CFG731_db983e07a279051a,182,TWO_CHARACTERISTIC,2,devCategory|stromSchaltbar,2,True,G,GP,ST,1,1,A,2,NN,NN,NOVALUE,IS1,TT1,MN1,NOVALUE,FWI,NOVALUE,NOVALUE,NOVALUE,NOVALUE
CFG731_d7faa07956e752b6,x731,CFG731_db983e07a279051a,182,TWO_CHARACTERISTIC,2,devCategory|stromSchaltbar,1,True,S,GP,ST,1,1,A,2,NN,NN,NOVALUE,IS1,TT1,MN1,NOVALUE,FWI,NOVALUE,NOVALUE,NOVALUE,NOVALUE
CFG731_9f272a580e33c574,x731,CFG731_db983e07a279051a,182,TWO_CHARACTERISTIC,2,devCategory|stromEingaenge,2,True,G,GP,ST,1,1,A,2,NN,NN,CS1,NOVALUE,TT1,MN1,NOVALUE,FWI,NOVALUE,NOVALUE,NOVALUE,NOVALUE
CFG731_38bc6823e70f98ee,x731,CFG731_db983e07a279051a,182,TWO_CHARACTERISTIC,2,devCategory|temperaturEingaenge,2,True,F,GP,ST,1,1,A,2,NN,NN,CS1,IS1,NOVALUE,MN1,NOVALUE,FWI,NOVALUE,NOVALUE,NOVALUE,NOVALUE
CFG731_4b1ea92b1e346ec8,x731,CFG731_db983e07a279051a,182,TWO_CHARACTERISTIC,2,devCategory|temperaturEingaenge,2,True,G,GP,ST,1,1,A,2,NN,NN,CS1,IS1,NOVALUE,MN1,NOVALUE,FWI,NOVALUE,NOVALUE,NOVALUE,NOVALUE
CFG731_7a885e8a3e0ce8ad,x731,CFG731_db983e07a279051a,182,TWO_CHARACTERISTIC,2,powerSupply|explosionApproval,1,True,H,GP,ST,4,1,F,2,NN,NN,CS1,IS1,TT1,MN1,NOVALUE,FWI,NOVALUE,NOVALUE,NOVALUE,NOVALUE
CFG731_03ef652e52353f2f,x731,CFG731_db983e07a279051a,182,TWO_CHARACTERISTIC,2,powerSupply|dataInterface,1,True,H,GP,ST,4,1,A,2,NN,HS,CS1,IS1,TT1,MN1,NOVALUE,FWI,NOVALUE,NOVALUE,NOVALUE,NOVALUE
CFG731_c0db93ca8702ffed,x731,CFG731_db983e07a279051a,182,TWO_CHARACTERISTIC,2,powerSupply|stromSchaltbar,2,True,H,GP,ST,4,1,A,2,NN,NN,NOVALUE,IS1,TT1,MN1,NOVALUE,FWI,NOVALUE,NOVALUE,NOVALUE,NOVALUE
CFG731_52771565b4b04f3a,x731,CFG731_db983e07a279051a,182,TWO_CHARACTERISTIC,2,explosionApproval|stromSchaltbar,1,True,H,GP,ST,1,1,F,2,NN,NN,NOVALUE,IS1,TT1,MN1,NOVALUE,FWI,NOVALUE,NOVALUE,NOVALUE,NOVALUE
CFG731_5fa18078ce824da9,x731,CFG731_710090cc99f7a772,189,TWO_CHARACTERISTIC,2,devCategory|powerSupply,2,True,F,GP,ST,4,1,A,2,NN,HS,CS1,IS1,TT1,MN1,NOVALUE,FWI,NOVALUE,NOVALUE,NOVALUE,NOVALUE
CFG731_cfb09870a83c9de6,x731,CFG731_710090cc99f7a772,189,TWO_CHARACTERISTIC,2,devCategory|powerSupply,2,True,G,GP,ST,4,1,A,2,NN,HS,CS1,IS1,TT1,MN1,NOVALUE,FWI,NOVALUE,NOVALUE,NOVALUE,NOVALUE
CFG731_784e73876b90dda4,x731,CFG731_710090cc99f7a772,189,TWO_CHARACTERISTIC,2,devCategory|powerSupply,1,True,S,GP,ST,4,1,A,2,NN,HS,CS1,IS1,TT1,MN1,NOVALUE,FWI,NOVALUE,NOVALUE,NOVALUE,NOVALUE
CFG731_e513d349f418c5df,x731,CFG731_710090cc99f7a772,189,TWO_CHARACTERISTIC,2,devCategory|explosionApproval,1,True,F,GP,ST,1,1,F,2,NN,HS,CS1,IS1,TT1,MN1,NOVALUE,FWI,NOVALUE,NOVALUE,NOVALUE,NOVALUE
CFG731_b7c5e5eddd92ed3a,x731,CFG731_710090cc99f7a772,189,TWO_CHARACTERISTIC,2,devCategory|explosionApproval,1,True,G,GP,ST,1,1,F,2,NN,HS,CS1,IS1,TT1,MN1,NOVALUE,FWI,NOVALUE,NOVALUE,NOVALUE,NOVALUE
CFG731_eb61aaa216c2435b,x731,CFG731_710090cc99f7a772,189,TWO_CHARACTERISTIC,2,devCategory|stromSchaltbar,1,True,G,GP,ST,1,1,A,2,NN,HS,NOVALUE,IS1,TT1,MN1,NOVALUE,FWI,NOVALUE,NOVALUE,NOVALUE,NOVALUE
CFG731_88fe448188688130,x731,CFG731_710090cc99f7a772,189,TWO_CHARACTERISTIC,2,devCategory|stromEingaenge,2,True,G,GP,ST,1,1,A,2,NN,HS,CS1,NOVALUE,TT1,MN1,NOVALUE,FWI,NOVALUE,NOVALUE,NOVALUE,NOVALUE
CFG731_22b95a2ceb89106a,x731,CFG731_710090cc99f7a772,189,TWO_CHARACTERISTIC,2,devCategory|temperaturEingaenge,2,True,F,GP,ST,1,1,A,2,NN,HS,CS1,IS1,NOVALUE,MN1,NOVALUE,FWI,NOVALUE,NOVALUE,NOVALUE,NOVALUE
CFG731_cd320a31dee56c85,x731,CFG731_710090cc99f7a772,189,TWO_CHARACTERISTIC,2,devCategory|temperaturEingaenge,2,True,G,GP,ST,1,1,A,2,NN,HS,CS1,IS1,NOVALUE,MN1,NOVALUE,FWI,NOVALUE,NOVALUE,NOVALUE,NOVALUE
CFG731_aa7f1abab518f995,x731,CFG731_710090cc99f7a772,189,TWO_CHARACTERISTIC,2,powerSupply|explosionApproval,1,True,H,GP,ST,4,1,F,2,NN,HS,CS1,IS1,TT1,MN1,NOVALUE,FWI,NOVALUE,NOVALUE,NOVALUE,NOVALUE
CFG731_bb61f56875b25c60,x731,CFG731_710090cc99f7a772,189,TWO_CHARACTERISTIC,2,powerSupply|stromSchaltbar,1,True,H,GP,ST,4,1,A,2,NN,HS,NOVALUE,IS1,TT1,MN1,NOVALUE,FWI,NOVALUE,NOVALUE,NOVALUE,NOVALUE
CFG731_0b15d7aa4956a8df,x731,CFG731_ccd90dd68635b2e9,191,TWO_CHARACTERISTIC,2,devCategory|powerSupply,2,True,F,GP,ST,4,1,A,2,NN,HS,NOVALUE,IS1,TT1,MN1,NOVALUE,FWI,NOVALUE,NOVALUE,NOVALUE,NOVALUE
CFG731_0a8d547134cf5181,x731,CFG731_ccd90dd68635b2e9,191,TWO_CHARACTERISTIC,2,devCategory|powerSupply,2,True,G,GP,ST,4,1,A,2,NN,HS,NOVALUE,IS1,TT1,MN1,NOVALUE,FWI,NOVALUE,NOVALUE,NOVALUE,NOVALUE
CFG731_ab5177144fa1d704,x731,CFG731_ccd90dd68635b2e9,191,TWO_CHARACTERISTIC,2,devCategory|powerSupply,1,True,S,GP,ST,4,1,A,2,NN,HS,NOVALUE,IS1,TT1,MN1,NOVALUE,FWI,NOVALUE,NOVALUE,NOVALUE,NOVALUE
CFG731_9267914435603df0,x731,CFG731_ccd90dd68635b2e9,191,TWO_CHARACTERISTIC,2,devCategory|explosionApproval,1,True,F,GP,ST,1,1,F,2,NN,HS,NOVALUE,IS1,TT1,MN1,NOVALUE,FWI,NOVALUE,NOVALUE,NOVALUE,NOVALUE
CFG731_0f0d5e28351801c5,x731,CFG731_ccd90dd68635b2e9,191,TWO_CHARACTERISTIC,2,devCategory|explosionApproval,1,True,G,GP,ST,1,1,F,2,NN,HS,NOVALUE,IS1,TT1,MN1,NOVALUE,FWI,NOVALUE,NOVALUE,NOVALUE,NOVALUE
CFG731_eb307a50deadc2b6,x731,CFG731_ccd90dd68635b2e9,191,TWO_CHARACTERISTIC,2,devCategory|stromEingaenge,2,True,F,GP,ST,1,1,A,2,NN,HS,NOVALUE,NOVALUE,TT1,MN1,NOVALUE,FWI,NOVALUE,NOVALUE,NOVALUE,NOVALUE
CFG731_3700dc3bcf80ffa8,x731,CFG731_ccd90dd68635b2e9,191,TWO_CHARACTERISTIC,2,devCategory|stromEingaenge,2,True,G,GP,ST,1,1,A,2,NN,HS,NOVALUE,NOVALUE,TT1,MN1,NOVALUE,FWI,NOVALUE,NOVALUE,NOVALUE,NOVALUE
CFG731_e61d764e776985fd,x731,CFG731_ccd90dd68635b2e9,191,TWO_CHARACTERISTIC,2,devCategory|temperaturEingaenge,2,True,F,GP,ST,1,1,A,2,NN,HS,NOVALUE,IS1,NOVALUE,MN1,NOVALUE,FWI,NOVALUE,NOVALUE,NOVALUE,NOVALUE
CFG731_d6c66f606cc27f0a,x731,CFG731_ccd90dd68635b2e9,191,TWO_CHARACTERISTIC,2,devCategory|temperaturEingaenge,2,True,G,GP,ST,1,1,A,2,NN,HS,NOVALUE,IS1,NOVALUE,MN1,NOVALUE,FWI,NOVALUE,NOVALUE,NOVALUE,NOVALUE
CFG731_cb6654d77e7e4d72,x731,CFG731_ccd90dd68635b2e9,191,TWO_CHARACTERISTIC,2,powerSupply|explosionApproval,1,True,H,GP,ST,4,1,F,2,NN,HS,NOVALUE,IS1,TT1,MN1,NOVALUE,FWI,NOVALUE,NOVALUE,NOVALUE,NOVALUE
CFG731_11c93eca01984a14,F731WD_SingleChannel,CFG731_4ca309199387f8d5,192,ONE_CHARACTERISTIC,1,dataInterface,1,True,F,WD,ST,1,1,N,N,NN,PA,CS2,IS1,NOVALUE,NOVALUE,MP4,NOVALUE,1,NOVALUE,NOVALUE,NOVALUE
CFG731_9a761e6bfde35917,F731WD_SingleChannel,CFG731_4ca309199387f8d5,192,DEPENDENCY_TWO_CHARACTERISTIC,2,dataInterface|certification,1,True,F,WD,ST,1,1,N,N,CN,PA,CS2,IS1,NOVALUE,NOVALUE,MP4,NOVALUE,1,NOVALUE,NOVALUE,NOVALUE
CFG731_c37386a371e13fa8,F731WD_DualChannel,CFG731_d2034bb5aa313dac,196,ONE_CHARACTERISTIC,1,dataInterface,1,True,F,WD,ST,1,2,N,N,NN,HS,CS2,NOVALUE,NOVALUE,NOVALUE,MP4,NOVALUE,1,NOVALUE,NOVALUE,NOVALUE
CFG731_c0f6f70a47ed04ba,F731WD_DualChannel,CFG731_d2034bb5aa313dac,196,ONE_CHARACTERISTIC,1,dataInterface,1,True,F,WD,ST,1,2,N,N,NN,PA,CS2,NOVALUE,NOVALUE,NOVALUE,MP4,NOVALUE,1,NOVALUE,NOVALUE,NOVALUE
CFG731_783ba1dc5751818d,F731WD_DualChannel,CFG731_d2034bb5aa313dac,196,DEPENDENCY_TWO_CHARACTERISTIC,2,dataInterface|certification,1,True,F,WD,ST,1,2,N,N,CN,HS,CS2,NOVALUE,NOVALUE,NOVALUE,MP4,NOVALUE,1,NOVALUE,NOVALUE,NOVALUE
CFG731_ba992c997be2c116,F731WD_DualChannel,CFG731_d2034bb5aa313dac,196,DEPENDENCY_TWO_CHARACTERISTIC,2,dataInterface|certification,1,True,F,WD,ST,1,2,N,N,CN,PA,CS2,NOVALUE,NOVALUE,NOVALUE,MP4,NOVALUE,1,NOVALUE,NOVALUE,NOVALUE
CFG731_2ca3fc54681290f4,F731WD_DualChannel,CFG731_d2034bb5aa313dac,196,TWO_CHARACTERISTIC,2,dataInterface|stromEingaenge,1,True,F,WD,ST,1,2,N,N,NN,PA,CS2,IS1,NOVALUE,NOVALUE,MP4,NOVALUE,1,NOVALUE,NOVALUE,NOVALUE
CFG731_af8fc23bebdac123,F731WD_DualChannel,CFG731_8281908b452128f3,197,DEPENDENCY_TWO_CHARACTERISTIC,2,dataInterface|certification,1,True,F,WD,ST,1,2,N,N,CN,PA,CS2,IS1,NOVALUE,NOVALUE,MP4,NOVALUE,1,NOVALUE,NOVALUE,NOVALUE
CFG731_166dd118cf42e953,F731WD_DualChannel,CFG731_2688c6c5fd11ba8e,199,ONE_CHARACTERISTIC,1,stromEingaenge,1,True,F,WD,ST,1,2,N,N,NN,PA,NOVALUE,NOVALUE,NOVALUE,NOVALUE,NOVALUE,NOVALUE,1,NOVALUE,NOVALUE,NOVALUE
CFG731_a4275023636f03e8,F731WD_DualChannel,CFG731_2688c6c5fd11ba8e,199,TWO_CHARACTERISTIC,2,certification|stromEingaenge,1,True,F,WD,ST,1,2,N,N,CN,PA,NOVALUE,NOVALUE,NOVALUE,NOVALUE,NOVALUE,NOVALUE,1,NOVALUE,NOVALUE,NOVALUE
CFG731_d135404efcd6265d,F731WD_DualChannel,CFG731_2688c6c5fd11ba8e,199,TWO_CHARACTERISTIC,2,dataInterface|stromEingaenge,1,True,F,WD,ST,1,2,N,N,NN,HS,NOVALUE,NOVALUE,NOVALUE,NOVALUE,NOVALUE,NOVALUE,1,NOVALUE,NOVALUE,NOVALUE
CFG731_f53899c7a09e0138,F731WD_DualChannel,CFG731_37e3938c6089bb2d,201,TWO_CHARACTERISTIC,2,certification|stromEingaenge,1,True,F,WD,ST,1,2,N,N,CN,HS,NOVALUE,NOVALUE,NOVALUE,NOVALUE,NOVALUE,NOVALUE,1,NOVALUE,NOVALUE,NOVALUE
CFG731_d8c69b7395beabbb,F731TE,CFG731_ec26805bdf93259f,202,ONE_CHARACTERISTIC,1,dataInterface,1,True,F,TE,ST,1,1,N,N,NN,MT,CS2,NOVALUE,TT2,NOVALUE,MP4,NOVALUE,1,NOVALUE,NOVALUE,NOVALUE
CFG731_ac57adca497d644f,F731TE,CFG731_ec26805bdf93259f,202,ONE_CHARACTERISTIC,1,dataInterface,1,True,F,TE,ST,1,1,N,N,NN,PA,CS2,NOVALUE,TT2,NOVALUE,MP4,NOVALUE,1,NOVALUE,NOVALUE,NOVALUE
CFG731_7113759c5b95914d,F731TE,CFG731_ec26805bdf93259f,202,TWO_CHARACTERISTIC,2,numberOfChannels|dataInterface,1,True,F,TE,ST,1,2,N,N,NN,MT,CS2,NOVALUE,TT2,NOVALUE,MP4,NOVALUE,1,NOVALUE,NOVALUE,NOVALUE
CFG731_3fe2202b70f330b1,F731TE,CFG731_ec26805bdf93259f,202,TWO_CHARACTERISTIC,2,numberOfChannels|dataInterface,1,True,F,TE,ST,1,2,N,N,NN,PA,CS2,NOVALUE,TT2,NOVALUE,MP4,NOVALUE,1,NOVALUE,NOVALUE,NOVALUE
CFG731_3d8c1bbc0ef4249a,F731TE,CFG731_07fb816f7dc25bc8,210,ONE_CHARACTERISTIC,1,dataInterface,1,True,F,TE,ST,1,1,A,2,NN,PA,CS2,NOVALUE,TT2,NOVALUE,MP4,NOVALUE,1,NOVALUE,NOVALUE,NOVALUE
CFG731_3794187f0a0c3133,F731TE,CFG731_07fb816f7dc25bc8,210,TWO_CHARACTERISTIC,2,numberOfChannels|dataInterface,1,True,F,TE,ST,1,2,A,2,NN,PA,CS2,NOVALUE,TT2,NOVALUE,MP4,NOVALUE,1,NOVALUE,NOVALUE,NOVALUE
CFG731_495876b6233d3864,G731CA,CFG731_14235f3888d71408,216,ONE_CHARACTERISTIC,1,dataInterface,1,True,G,CA,ST,1,1,N,N,NN,MT,CS2,IS1,TT1,NOVALUE,MP4,NOVALUE,1,NOVALUE,NOVALUE,NOVALUE
CFG731_d2a75fda6f761c1b,G731CA,CFG731_14235f3888d71408,216,ONE_CHARACTERISTIC,1,dataInterface,1,True,G,CA,ST,1,1,N,N,NN,PA,CS2,IS1,TT1,NOVALUE,MP4,NOVALUE,1,NOVALUE,NOVALUE,NOVALUE
CFG731_1bc9c4d47c7d0696,G731CA,CFG731_14235f3888d71408,216,TWO_CHARACTERISTIC,2,numberOfChannels|dataInterface,1,True,G,CA,ST,1,2,N,N,NN,MT,CS2,IS1,TT1,NOVALUE,MP4,NOVALUE,1,NOVALUE,NOVALUE,NOVALUE
CFG731_6fae22c89116fc5e,G731CA,CFG731_14235f3888d71408,216,TWO_CHARACTERISTIC,2,numberOfChannels|dataInterface,1,True,G,CA,ST,1,2,N,N,NN,PA,CS2,IS1,TT1,NOVALUE,MP4,NOVALUE,1,NOVALUE,NOVALUE,NOVALUE
CFG731_2cb814ee06486282,G731CA,CFG731_691a8f2ff165671d,217,ONE_CHARACTERISTIC,1,dataInterface,1,True,G,CA,ST,1,1,N,N,NN,HS,NOVALUE,IS1,TT1,NOVALUE,NOVALUE,NOVALUE,1,NOVALUE,NOVALUE,NOVALUE
CFG731_24b3128196e55c23,G731CA,CFG731_691a8f2ff165671d,217,ONE_CHARACTERISTIC,1,dataInterface,1,True,G,CA,ST,1,1,N,N,NN,PA,NOVALUE,IS1,TT1,NOVALUE,NOVALUE,NOVALUE,1,NOVALUE,NOVALUE,NOVALUE
CFG731_adfd119b20585b0b,G731CA,CFG731_691a8f2ff165671d,217,TWO_CHARACTERISTIC,2,numberOfChannels|dataInterface,1,True,G,CA,ST,1,2,N,N,NN,HS,NOVALUE,IS1,TT1,NOVALUE,NOVALUE,NOVALUE,1,NOVALUE,NOVALUE,NOVALUE
CFG731_0bb185f546403346,G731CA,CFG731_691a8f2ff165671d,217,TWO_CHARACTERISTIC,2,numberOfChannels|dataInterface,1,True,G,CA,ST,1,2,N,N,NN,PA,NOVALUE,IS1,TT1,NOVALUE,NOVALUE,NOVALUE,1,NOVALUE,NOVALUE,NOVALUE
CFG731_faff6da73df00950,G731CA,CFG731_b97ce0f180acf155,222,ONE_CHARACTERISTIC,1,dataInterface,1,True,G,CA,ST,1,1,A,2,NN,PA,CS2,IS1,TT1,NOVALUE,MP4,NOVALUE,1,NOVALUE,NOVALUE,NOVALUE
CFG731_c4b74e40f4a24125,G731CA,CFG731_b97ce0f180acf155,222,TWO_CHARACTERISTIC,2,numberOfChannels|dataInterface,1,True,G,CA,ST,1,2,A,2,NN,PA,CS2,IS1,TT1,NOVALUE,MP4,NOVALUE,1,NOVALUE,NOVALUE,NOVALUE
CFG731_9cc92f888af32c8a,G731CA,CFG731_d3d0547b464f691d,223,ONE_CHARACTERISTIC,1,explosionApproval,1,True,G,CA,ST,1,1,F,2,NN,PA,NOVALUE,IS1,TT1,NOVALUE,NOVALUE,NOVALUE,1,NOVALUE,NOVALUE,NOVALUE
CFG731_f235f4dd7693c885,G731CA,CFG731_d3d0547b464f691d,223,ONE_CHARACTERISTIC,1,dataInterface,1,True,G,CA,ST,1,1,A,2,NN,HS,NOVALUE,IS1,TT1,NOVALUE,NOVALUE,NOVALUE,1,NOVALUE,NOVALUE,NOVALUE
CFG731_b43582909c828d95,G731CA,CFG731_d3d0547b464f691d,223,DEPENDENCY_TWO_CHARACTERISTIC,2,dataInterface|explosionApproval,1,True,G,CA,ST,1,1,F,2,NN,HS,NOVALUE,IS1,TT1,NOVALUE,NOVALUE,NOVALUE,1,NOVALUE,NOVALUE,NOVALUE
CFG731_4af82641f975d9aa,G731CA,CFG731_d3d0547b464f691d,223,TWO_CHARACTERISTIC,2,numberOfChannels|explosionApproval,1,True,G,CA,ST,1,2,F,2,NN,PA,NOVALUE,IS1,TT1,NOVALUE,NOVALUE,NOVALUE,1,NOVALUE,NOVALUE,NOVALUE
CFG731_3781457447e45e13,G731CA,CFG731_d3d0547b464f691d,223,TWO_CHARACTERISTIC,2,numberOfChannels|dataInterface,1,True,G,CA,ST,1,2,A,2,NN,HS,NOVALUE,IS1,TT1,NOVALUE,NOVALUE,NOVALUE,1,NOVALUE,NOVALUE,NOVALUE
CFG731_19f7d73d8e42e7bd,G731CA,CFG731_48d7cdb31a45af93,226,DEPENDENCY_TWO_CHARACTERISTIC,2,dataInterface|explosionApproval,1,True,G,CA,ST,1,2,F,2,NN,HS,NOVALUE,IS1,TT1,NOVALUE,NOVALUE,NOVALUE,1,NOVALUE,NOVALUE,NOVALUE
CFG731_bdfa7cd2dbcb13f7,G731ST-LT,CFG731_175641fe8d1c7f37,228,ONE_CHARACTERISTIC,1,stromSchaltbar,1,True,G,ST,ST,1,1,N,N,NN,NN,NOVALUE,NOVALUE,TT1,NOVALUE,MP1,NOVALUE,1,NOVALUE,1,N
CFG731_fa6ab94f1cf566b3,G731ST-LT,CFG731_175641fe8d1c7f37,228,ONE_CHARACTERISTIC,1,binaerOpenColl_MP,1,True,G,ST,ST,1,1,N,N,NN,NN,CS1,NOVALUE,TT1,NOVALUE,NOVALUE,NOVALUE,1,NOVALUE,1,N
CFG731_e6c0885eb14e429c,G731ST-LT,CFG731_175641fe8d1c7f37,228,DEPENDENCY_TWO_CHARACTERISTIC,2,stromEingaenge|temperaturEingaenge,1,True,G,ST,ST,1,1,N,N,NN,NN,CS1,IS1,NOVALUE,NOVALUE,MP1,NOVALUE,1,NOVALUE,1,N
CFG731_4772bedc40328ae2,G731ST-LT,CFG731_175641fe8d1c7f37,228,DEPENDENCY_TWO_CHARACTERISTIC,2,stromSchaltbar|stromEingaenge,1,True,G,ST,ST,1,1,N,N,NN,NN,NOVALUE,IS1,TT1,NOVALUE,MP1,NOVALUE,1,NOVALUE,1,N
CFG731_13c87640928bf666,G731ST-LT,CFG731_175641fe8d1c7f37,228,DEPENDENCY_TWO_CHARACTERISTIC,2,stromSchaltbar|temperaturEingaenge,1,True,G,ST,ST,1,1,N,N,NN,NN,NOVALUE,NOVALUE,NOVALUE,NOVALUE,MP1,NOVALUE,1,NOVALUE,1,N
CFG731_2eae9204301f61ab,G731ST-LT,CFG731_175641fe8d1c7f37,228,TWO_CHARACTERISTIC,2,dataInterface|stromSchaltbar,1,True,G,ST,ST,1,1,N,N,NN,HS,NOVALUE,NOVALUE,TT1,NOVALUE,MP1,NOVALUE,1,NOVALUE,1,N
CFG731_ef044db10b586894,G731ST-LT,CFG731_175641fe8d1c7f37,228,TWO_CHARACTERISTIC,2,dataInterface|temperaturEingaenge,1,True,G,ST,ST,1,1,N,N,NN,HS,CS1,NOVALUE,NOVALUE,NOVALUE,MP1,NOVALUE,1,NOVALUE,1,N
CFG731_1c1e38b9d9215e16,G731ST-LT,CFG731_175641fe8d1c7f37,228,TWO_CHARACTERISTIC,2,dataInterface|binaerOpenColl_MP,1,True,G,ST,ST,1,1,N,N,NN,HS,CS1,NOVALUE,TT1,NOVALUE,NOVALUE,NOVALUE,1,NOVALUE,1,N
CFG731_a54fd8962307be18,G731ST-LT,CFG731_175641fe8d1c7f37,228,TWO_CHARACTERISTIC,2,stromSchaltbar|binaerOpenColl_MP,2,True,G,ST,ST,1,1,N,N,NN,NN,NOVALUE,NOVALUE,TT1,NOVALUE,NOVALUE,NOVALUE,1,NOVALUE,1,N
CFG731_50a4a25852666336,G731ST-LT,CFG731_175641fe8d1c7f37,228,TWO_CHARACTERISTIC,2,stromEingaenge|binaerOpenColl_MP,1,True,G,ST,ST,1,1,N,N,NN,NN,CS1,IS1,TT1,NOVALUE,NOVALUE,NOVALUE,1,NOVALUE,1,N
CFG731_64a8c9f7b7ef3a2d,G731ST-LT,CFG731_175641fe8d1c7f37,228,TWO_CHARACTERISTIC,2,temperaturEingaenge|binaerOpenColl_MP,1,True,G,ST,ST,1,1,N,N,NN,NN,CS1,NOVALUE,NOVALUE,NOVALUE,NOVALUE,NOVALUE,1,NOVALUE,1,N
CFG731_4924e6ed2f6cbf91,G731ST-LT,CFG731_7882c72c21497015,230,TWO_CHARACTERISTIC,2,dataInterface|temperaturEingaenge,1,True,G,ST,ST,1,1,N,N,NN,HS,CS1,IS1,NOVALUE,NOVALUE,MP1,NOVALUE,1,NOVALUE,1,N
CFG731_f6ea64d2965a329a,G731ST-LT,CFG731_7882c72c21497015,230,TWO_CHARACTERISTIC,2,dataInterface|binaerOpenColl_MP,1,True,G,ST,ST,1,1,N,N,NN,HS,CS1,IS1,TT1,NOVALUE,NOVALUE,NOVALUE,1,NOVALUE,1,N
CFG731_7ea8c51038ca5bfd,G731ST-LT,CFG731_7882c72c21497015,230,TWO_CHARACTERISTIC,2,stromSchaltbar|binaerOpenColl_MP,2,True,G,ST,ST,1,1,N,N,NN,NN,NOVALUE,IS1,TT1,NOVALUE,NOVALUE,NOVALUE,1,NOVALUE,1,N
CFG731_e4583d541ee2fafc,G731ST-LT,CFG731_7882c72c21497015,230,TWO_CHARACTERISTIC,2,temperaturEingaenge|binaerOpenColl_MP,2,True,G,ST,ST,1,1,N,N,NN,NN,CS1,IS1,NOVALUE,NOVALUE,NOVALUE,NOVALUE,1,NOVALUE,1,N
CFG731_8e4b27324ee77112,G731ST-LT,CFG731_d432b6fd40e9e78c,233,ONE_CHARACTERISTIC,1,dataInterface,1,True,G,ST,ST,1,1,N,N,NN,HS,NOVALUE,IS1,NOVALUE,NOVALUE,MP1,NOVALUE,1,NOVALUE,1,N
CFG731_75db38d1df65a8f3,G731ST-LT,CFG731_d432b6fd40e9e78c,233,ONE_CHARACTERISTIC,1,binaerOpenColl_MP,1,True,G,ST,ST,1,1,N,N,NN,NN,NOVALUE,IS1,NOVALUE,NOVALUE,NOVALUE,NOVALUE,1,NOVALUE,1,N
CFG731_09bbc633ce004ff0,G731ST-LT,CFG731_d432b6fd40e9e78c,233,TWO_CHARACTERISTIC,2,dataInterface|stromEingaenge,2,True,G,ST,ST,1,1,N,N,NN,HS,NOVALUE,NOVALUE,NOVALUE,NOVALUE,MP1,NOVALUE,1,NOVALUE,1,N
CFG731_b4de492be2e9f1b1,G731ST-LT,CFG731_d432b6fd40e9e78c,233,TWO_CHARACTERISTIC,2,dataInterface|binaerOpenColl_MP,2,True,G,ST,ST,1,1,N,N,NN,HS,NOVALUE,IS1,NOVALUE,NOVALUE,NOVALUE,NOVALUE,1,NOVALUE,1,N
CFG731_76a467ba7697733d,G731ST-LT,CFG731_d432b6fd40e9e78c,233,TWO_CHARACTERISTIC,2,stromEingaenge|binaerOpenColl_MP,2,True,G,ST,ST,1,1,N,N,NN,NN,NOVALUE,NOVALUE,NOVALUE,NOVALUE,NOVALUE,NOVALUE,1,NOVALUE,1,N
CFG731_159f3a6877b5a5d2,G731ST-LT,CFG731_ad54a3e31832f7d2,234,TWO_CHARACTERISTIC,2,dataInterface|binaerOpenColl_MP,2,True,G,ST,ST,1,1,N,N,NN,HS,CS1,NOVALUE,NOVALUE,NOVALUE,NOVALUE,NOVALUE,1,NOVALUE,1,N
CFG731_1feda2f4109d616a,G731ST-LT,CFG731_1d89d7fdc7355744,242,TWO_CHARACTERISTIC,2,stromSchaltbar|binaerOpenColl_MP,2,True,G,ST,ST,1,1,N,N,NN,HS,NOVALUE,NOVALUE,TT1,NOVALUE,NOVALUE,NOVALUE,1,NOVALUE,1,N
CFG731_7282d6f5ee4e2e9b,G731ST-LT,CFG731_8da1da530d6ae54d,244,TWO_CHARACTERISTIC,2,stromSchaltbar|binaerOpenColl_MP,1,True,G,ST,ST,1,1,N,N,NN,HS,NOVALUE,IS1,TT1,NOVALUE,NOVALUE,NOVALUE,1,NOVALUE,1,N
CFG731_a6b8805273df082d,G731ST-LT,CFG731_8da1da530d6ae54d,244,TWO_CHARACTERISTIC,2,temperaturEingaenge|binaerOpenColl_MP,2,True,G,ST,ST,1,1,N,N,NN,HS,CS1,IS1,NOVALUE,NOVALUE,NOVALUE,NOVALUE,1,NOVALUE,1,N
CFG731_6e088ee30195b6c4,G731ST-LT,CFG731_a57ffd88d58eb498,247,ONE_CHARACTERISTIC,1,stromSchaltbar,1,True,G,ST,ST,1,1,N,N,NN,NN,NOVALUE,NOVALUE,TT1,MN1,NOVALUE,NOVALUE,1,NOVALUE,1,N
CFG731_16700b9d004fb9de,G731ST-LT,CFG731_a57ffd88d58eb498,247,DEPENDENCY_TWO_CHARACTERISTIC,2,stromEingaenge|temperaturEingaenge,1,True,G,ST,ST,1,1,N,N,NN,NN,CS1,IS1,NOVALUE,MN1,NOVALUE,NOVALUE,1,NOVALUE,1,N
CFG731_ae2e4cfccaff4f50,G731ST-LT,CFG731_a57ffd88d58eb498,247,DEPENDENCY_TWO_CHARACTERISTIC,2,stromSchaltbar|stromEingaenge,1,True,G,ST,ST,1,1,N,N,NN,NN,NOVALUE,IS1,TT1,MN1,NOVALUE,NOVALUE,1,NOVALUE,1,N
CFG731_845802fc60449063,G731ST-LT,CFG731_a57ffd88d58eb498,247,DEPENDENCY_TWO_CHARACTERISTIC,2,stromSchaltbar|temperaturEingaenge,1,True,G,ST,ST,1,1,N,N,NN,NN,NOVALUE,NOVALUE,NOVALUE,MN1,NOVALUE,NOVALUE,1,NOVALUE,1,N
CFG731_10ddc0a4eaffecd3,G731ST-LT,CFG731_a57ffd88d58eb498,247,TWO_CHARACTERISTIC,2,dataInterface|stromSchaltbar,1,True,G,ST,ST,1,1,N,N,NN,HS,NOVALUE,NOVALUE,TT1,MN1,NOVALUE,NOVALUE,1,NOVALUE,1,N
CFG731_c563d973b2fc136b,G731ST-LT,CFG731_a57ffd88d58eb498,247,TWO_CHARACTERISTIC,2,dataInterface|temperaturEingaenge,1,True,G,ST,ST,1,1,N,N,NN,HS,CS1,NOVALUE,NOVALUE,MN1,NOVALUE,NOVALUE,1,NOVALUE,1,N
CFG731_364810dcd7f32a0c,G731ST-LT,CFG731_d124ccffa669c3a2,249,TWO_CHARACTERISTIC,2,dataInterface|temperaturEingaenge,1,True,G,ST,ST,1,1,N,N,NN,HS,CS1,IS1,NOVALUE,MN1,NOVALUE,NOVALUE,1,NOVALUE,1,N
CFG731_ad6f77e09c551945,G731ST-LT,CFG731_6436acf7faa1f61d,252,ONE_CHARACTERISTIC,1,dataInterface,1,True,G,ST,ST,1,1,N,N,NN,HS,NOVALUE,IS1,NOVALUE,MN1,NOVALUE,NOVALUE,1,NOVALUE,1,N
CFG731_5556fb65dcffed93,G731ST-LT,CFG731_6436acf7faa1f61d,252,TWO_CHARACTERISTIC,2,dataInterface|stromEingaenge,2,True,G,ST,ST,1,1,N,N,NN,HS,NOVALUE,NOVALUE,NOVALUE,MN1,NOVALUE,NOVALUE,1,NOVALUE,1,N
CFG731_4c72f78c1186e8f7,G731ST-LT,CFG731_455da2f832a6b66d,266,ONE_CHARACTERISTIC,1,stromSchaltbar,1,True,G,ST,ST,1,1,A,2,NN,NN,NOVALUE,NOVALUE,TT1,NOVALUE,MP1,NOVALUE,1,NOVALUE,1,N
CFG731_da6b811731deb07d,G731ST-LT,CFG731_455da2f832a6b66d,266,ONE_CHARACTERISTIC,1,binaerOpenColl_MP,1,True,G,ST,ST,1,1,A,2,NN,NN,CS1,NOVALUE,TT1,NOVALUE,NOVALUE,NOVALUE,1,NOVALUE,1,N
CFG731_22da0d6030817265,G731ST-LT,CFG731_455da2f832a6b66d,266,DEPENDENCY_TWO_CHARACTERISTIC,2,stromEingaenge|temperaturEingaenge,1,True,G,ST,ST,1,1,A,2,NN,NN,CS1,IS1,NOVALUE,NOVALUE,MP1,NOVALUE,1,NOVALUE,1,N
CFG731_e03b41992c837b34,G731ST-LT,CFG731_455da2f832a6b66d,266,DEPENDENCY_TWO_CHARACTERISTIC,2,stromSchaltbar|stromEingaenge,1,True,G,ST,ST,1,1,A,2,NN,NN,NOVALUE,IS1,TT1,NOVALUE,MP1,NOVALUE,1,NOVALUE,1,N
CFG731_de503c5e46490150,G731ST-LT,CFG731_455da2f832a6b66d,266,DEPENDENCY_TWO_CHARACTERISTIC,2,stromSchaltbar|temperaturEingaenge,1,True,G,ST,ST,1,1,A,2,NN,NN,NOVALUE,NOVALUE,NOVALUE,NOVALUE,MP1,NOVALUE,1,NOVALUE,1,N
CFG731_9c6b16fef6d02aaf,G731ST-LT,CFG731_455da2f832a6b66d,266,TWO_CHARACTERISTIC,2,explosionApproval|binaerOpenColl_MP,1,True,G,ST,ST,1,1,F,2,NN,NN,CS1,NOVALUE,TT1,NOVALUE,NOVALUE,NOVALUE,1,NOVALUE,1,N
CFG731_0bc9c3b6375d4380,G731ST-LT,CFG731_455da2f832a6b66d,266,TWO_CHARACTERISTIC,2,dataInterface|stromSchaltbar,1,True,G,ST,ST,1,1,A,2,NN,HS,NOVALUE,NOVALUE,TT1,NOVALUE,MP1,NOVALUE,1,NOVALUE,1,N
CFG731_d99c5302ecc2907e,G731ST-LT,CFG731_455da2f832a6b66d,266,TWO_CHARACTERISTIC,2,dataInterface|temperaturEingaenge,1,True,G,ST,ST,1,1,A,2,NN,HS,CS1,NOVALUE,NOVALUE,NOVALUE,MP1,NOVALUE,1,NOVALUE,1,N
CFG731_986bac7252cc57eb,G731ST-LT,CFG731_455da2f832a6b66d,266,TWO_CHARACTERISTIC,2,dataInterface|binaerOpenColl_MP,1,True,G,ST,ST,1,1,A,2,NN,HS,CS1,NOVALUE,TT1,NOVALUE,NOVALUE,NOVALUE,1,NOVALUE,1,N
CFG731_5fff203b07e0b16e,G731ST-LT,CFG731_455da2f832a6b66d,266,TWO_CHARACTERISTIC,2,stromSchaltbar|binaerOpenColl_MP,2,True,G,ST,ST,1,1,A,2,NN,NN,NOVALUE,NOVALUE,TT1,NOVALUE,NOVALUE,NOVALUE,1,NOVALUE,1,N
CFG731_bc26cd3b2d7395bf,G731ST-LT,CFG731_455da2f832a6b66d,266,TWO_CHARACTERISTIC,2,stromEingaenge|binaerOpenColl_MP,1,True,G,ST,ST,1,1,A,2,NN,NN,CS1,IS1,TT1,NOVALUE,NOVALUE,NOVALUE,1,NOVALUE,1,N
CFG731_23b68b2dd2793a5e,G731ST-LT,CFG731_455da2f832a6b66d,266,TWO_CHARACTERISTIC,2,temperaturEingaenge|binaerOpenColl_MP,1,True,G,ST,ST,1,1,A,2,NN,NN,CS1,NOVALUE,NOVALUE,NOVALUE,NOVALUE,NOVALUE,1,NOVALUE,1,N
CFG731_7bcb1438c1b3f9f2,G731ST-LT,CFG731_996314000fcfec4b,268,TWO_CHARACTERISTIC,2,explosionApproval|binaerOpenColl_MP,1,True,G,ST,ST,1,1,F,2,NN,NN,CS1,IS1,TT1,NOVALUE,NOVALUE,NOVALUE,1,NOVALUE,1,N
CFG731_fbf2539ea471ea5b,G731ST-LT,CFG731_996314000fcfec4b,268,TWO_CHARACTERISTIC,2,dataInterface|temperaturEingaenge,1,True,G,ST,ST,1,1,A,2,NN,HS,CS1,IS1,NOVALUE,NOVALUE,MP1,NOVALUE,1,NOVALUE,1,N
CFG731_903051672b581bab,G731ST-LT,CFG731_996314000fcfec4b,268,TWO_CHARACTERISTIC,2,dataInterface|binaerOpenColl_MP,1,True,G,ST,ST,1,1,A,2,NN,HS,CS1,IS1,TT1,NOVALUE,NOVALUE,NOVALUE,1,NOVALUE,1,N
CFG731_52ca51132efa0a90,G731ST-LT,CFG731_996314000fcfec4b,268,TWO_CHARACTERISTIC,2,stromSchaltbar|binaerOpenColl_MP,2,True,G,ST,ST,1,1,A,2,NN,NN,NOVALUE,IS1,TT1,NOVALUE,NOVALUE,NOVALUE,1,NOVALUE,1,N
CFG731_069a81a9f63b5afa,G731ST-LT,CFG731_996314000fcfec4b,268,TWO_CHARACTERISTIC,2,temperaturEingaenge|binaerOpenColl_MP,2,True,G,ST,ST,1,1,A,2,NN,NN,CS1,IS1,NOVALUE,NOVALUE,NOVALUE,NOVALUE,1,NOVALUE,1,N
CFG731_68d95a26943b3650,G731ST-LT,CFG731_ae877a3b18b65d0a,271,ONE_CHARACTERISTIC,1,dataInterface,1,True,G,ST,ST,1,1,A,2,NN,HS,NOVALUE,IS1,NOVALUE,NOVALUE,MP1,NOVALUE,1,NOVALUE,1,N
CFG731_e67173c88f9460f6,G731ST-LT,CFG731_ae877a3b18b65d0a,271,ONE_CHARACTERISTIC,1,binaerOpenColl_MP,1,True,G,ST,ST,1,1,A,2,NN,NN,NOVALUE,IS1,NOVALUE,NOVALUE,NOVALUE,NOVALUE,1,NOVALUE,1,N
CFG731_9ceb267c59e4f006,G731ST-LT,CFG731_ae877a3b18b65d0a,271,TWO_CHARACTERISTIC,2,explosionApproval|binaerOpenColl_MP,1,True,G,ST,ST,1,1,F,2,NN,NN,NOVALUE,IS1,NOVALUE,NOVALUE,NOVALUE,NOVALUE,1,NOVALUE,1,N
CFG731_58b9913d8024b015,G731ST-LT,CFG731_ae877a3b18b65d0a,271,TWO_CHARACTERISTIC,2,dataInterface|stromEingaenge,2,True,G,ST,ST,1,1,A,2,NN,HS,NOVALUE,NOVALUE,NOVALUE,NOVALUE,MP1,NOVALUE,1,NOVALUE,1,N
CFG731_0d6df01ace2df68d,G731ST-LT,CFG731_ae877a3b18b65d0a,271,TWO_CHARACTERISTIC,2,dataInterface|binaerOpenColl_MP,2,True,G,ST,ST,1,1,A,2,NN,HS,NOVALUE,IS1,NOVALUE,NOVALUE,NOVALUE,NOVALUE,1,NOVALUE,1,N
CFG731_adfa7e5b1355ce87,G731ST-LT,CFG731_ae877a3b18b65d0a,271,TWO_CHARACTERISTIC,2,stromEingaenge|binaerOpenColl_MP,2,True,G,ST,ST,1,1,A,2,NN,NN,NOVALUE,NOVALUE,NOVALUE,NOVALUE,NOVALUE,NOVALUE,1,NOVALUE,1,N
CFG731_16ccf49622e2676d,G731ST-LT,CFG731_98bb5036a27a91a8,272,TWO_CHARACTERISTIC,2,explosionApproval|binaerOpenColl_MP,1,True,G,ST,ST,1,1,F,2,NN,NN,CS1,NOVALUE,NOVALUE,NOVALUE,NOVALUE,NOVALUE,1,NOVALUE,1,N
CFG731_c980bcf5a94396b5,G731ST-LT,CFG731_98bb5036a27a91a8,272,TWO_CHARACTERISTIC,2,dataInterface|binaerOpenColl_MP,2,True,G,ST,ST,1,1,A,2,NN,HS,CS1,NOVALUE,NOVALUE,NOVALUE,NOVALUE,NOVALUE,1,NOVALUE,1,N
CFG731_d982a98f914f0a87,G731ST-LT,CFG731_3ebdd541d6efe614,280,TWO_CHARACTERISTIC,2,explosionApproval|binaerOpenColl_MP,1,True,G,ST,ST,1,1,F,2,NN,HS,CS1,NOVALUE,TT1,NOVALUE,NOVALUE,NOVALUE,1,NOVALUE,1,N
CFG731_a715caa53472840a,G731ST-LT,CFG731_3ebdd541d6efe614,280,TWO_CHARACTERISTIC,2,stromSchaltbar|binaerOpenColl_MP,2,True,G,ST,ST,1,1,A,2,NN,HS,NOVALUE,NOVALUE,TT1,NOVALUE,NOVALUE,NOVALUE,1,NOVALUE,1,N
CFG731_1d59f25068204b01,G731ST-LT,CFG731_32b4b1ec4513af66,282,TWO_CHARACTERISTIC,2,explosionApproval|binaerOpenColl_MP,1,True,G,ST,ST,1,1,F,2,NN,HS,CS1,IS1,TT1,NOVALUE,NOVALUE,NOVALUE,1,NOVALUE,1,N
CFG731_5bcbd41401fcf7c5,G731ST-LT,CFG731_32b4b1ec4513af66,282,TWO_CHARACTERISTIC,2,stromSchaltbar|binaerOpenColl_MP,1,True,G,ST,ST,1,1,A,2,NN,HS,NOVALUE,IS1,TT1,NOVALUE,NOVALUE,NOVALUE,1,NOVALUE,1,N
CFG731_a18010d249009da8,G731ST-LT,CFG731_32b4b1ec4513af66,282,TWO_CHARACTERISTIC,2,temperaturEingaenge|binaerOpenColl_MP,2,True,G,ST,ST,1,1,A,2,NN,HS,CS1,IS1,NOVALUE,NOVALUE,NOVALUE,NOVALUE,1,NOVALUE,1,N
CFG731_b479671c7b7638f0,G731ST-LT,CFG731_1138f8ea5fc95654,284,TWO_CHARACTERISTIC,2,explosionApproval|binaerOpenColl_MP,1,True,G,ST,ST,1,1,F,2,NN,HS,NOVALUE,IS1,TT1,NOVALUE,NOVALUE,NOVALUE,1,NOVALUE,1,N
CFG731_26554ff79bcf8a3f,G731ST-LT,CFG731_0e146b48e4ed8b98,285,ONE_CHARACTERISTIC,1,stromSchaltbar,1,True,G,ST,ST,1,1,A,2,NN,NN,NOVALUE,NOVALUE,TT1,MN1,NOVALUE,NOVALUE,1,NOVALUE,1,N
CFG731_2469d1b04bd775f6,G731ST-LT,CFG731_0e146b48e4ed8b98,285,DEPENDENCY_TWO_CHARACTERISTIC,2,stromEingaenge|temperaturEingaenge,1,True,G,ST,ST,1,1,A,2,NN,NN,CS1,IS1,NOVALUE,MN1,NOVALUE,NOVALUE,1,NOVALUE,1,N
CFG731_49cd4cbef1081333,G731ST-LT,CFG731_0e146b48e4ed8b98,285,DEPENDENCY_TWO_CHARACTERISTIC,2,stromSchaltbar|stromEingaenge,1,True,G,ST,ST,1,1,A,2,NN,NN,NOVALUE,IS1,TT1,MN1,NOVALUE,NOVALUE,1,NOVALUE,1,N
CFG731_cc03e3852895ae99,G731ST-LT,CFG731_0e146b48e4ed8b98,285,DEPENDENCY_TWO_CHARACTERISTIC,2,stromSchaltbar|temperaturEingaenge,1,True,G,ST,ST,1,1,A,2,NN,NN,NOVALUE,NOVALUE,NOVALUE,MN1,NOVALUE,NOVALUE,1,NOVALUE,1,N
CFG731_2a738780f0517f67,G731ST-LT,CFG731_0e146b48e4ed8b98,285,TWO_CHARACTERISTIC,2,explosionApproval|stromSchaltbar,1,True,G,ST,ST,1,1,F,2,NN,NN,NOVALUE,NOVALUE,TT1,MN1,NOVALUE,NOVALUE,1,NOVALUE,1,N
CFG731_506e2373a4fc4c97,G731ST-LT,CFG731_0e146b48e4ed8b98,285,TWO_CHARACTERISTIC,2,dataInterface|stromSchaltbar,1,True,G,ST,ST,1,1,A,2,NN,HS,NOVALUE,NOVALUE,TT1,MN1,NOVALUE,NOVALUE,1,NOVALUE,1,N
CFG731_5183e80259db3dc7,G731ST-LT,CFG731_0e146b48e4ed8b98,285,TWO_CHARACTERISTIC,2,dataInterface|temperaturEingaenge,1,True,G,ST,ST,1,1,A,2,NN,HS,CS1,NOVALUE,NOVALUE,MN1,NOVALUE,NOVALUE,1,NOVALUE,1,N
CFG731_c050936f4a70e2a0,G731ST-LT,CFG731_7f5bfa7b21e81359,287,TWO_CHARACTERISTIC,2,explosionApproval|stromSchaltbar,1,True,G,ST,ST,1,1,F,2,NN,NN,NOVALUE,IS1,TT1,MN1,NOVALUE,NOVALUE,1,NOVALUE,1,N
CFG731_dbd5a2176d0b595a,G731ST-LT,CFG731_7f5bfa7b21e81359,287,TWO_CHARACTERISTIC,2,explosionApproval|temperaturEingaenge,1,True,G,ST,ST,1,1,F,2,NN,NN,CS1,IS1,NOVALUE,MN1,NOVALUE,NOVALUE,1,NOVALUE,1,N
CFG731_9b48d8977da96686,G731ST-LT,CFG731_7f5bfa7b21e81359,287,TWO_CHARACTERISTIC,2,dataInterface|temperaturEingaenge,1,True,G,ST,ST,1,1,A,2,NN,HS,CS1,IS1,NOVALUE,MN1,NOVALUE,NOVALUE,1,NOVALUE,1,N
CFG731_671960d0fb04b698,G731ST-LT,CFG731_5be9d749d8317fd3,290,ONE_CHARACTERISTIC,1,dataInterface,1,True,G,ST,ST,1,1,A,2,NN,HS,NOVALUE,IS1,NOVALUE,MN1,NOVALUE,NOVALUE,1,NOVALUE,1,N
CFG731_cc47430fac8438be,G731ST-LT,CFG731_5be9d749d8317fd3,290,DEPENDENCY_TWO_CHARACTERISTIC,2,dataInterface|explosionApproval,1,True,G,ST,ST,1,1,F,2,NN,HS,NOVALUE,IS1,NOVALUE,MN1,NOVALUE,NOVALUE,1,NOVALUE,1,N
CFG731_bd771effc0c19f23,G731ST-LT,CFG731_5be9d749d8317fd3,290,TWO_CHARACTERISTIC,2,explosionApproval|stromEingaenge,1,True,G,ST,ST,1,1,F,2,NN,NN,NOVALUE,NOVALUE,NOVALUE,MN1,NOVALUE,NOVALUE,1,NOVALUE,1,N
CFG731_5eab817ba3f25626,G731ST-LT,CFG731_5be9d749d8317fd3,290,TWO_CHARACTERISTIC,2,dataInterface|stromEingaenge,2,True,G,ST,ST,1,1,A,2,NN,HS,NOVALUE,NOVALUE,NOVALUE,MN1,NOVALUE,NOVALUE,1,NOVALUE,1,N
CFG731_938851275519b7cb,G731ST-LT,CFG731_2c30adc3f721a104,291,DEPENDENCY_TWO_CHARACTERISTIC,2,dataInterface|explosionApproval,1,True,G,ST,ST,1,1,F,2,NN,HS,CS1,NOVALUE,NOVALUE,MN1,NOVALUE,NOVALUE,1,NOVALUE,1,N
CFG731_5bf68569c7ddfc7c,G731ST-LT,CFG731_166343048c227f3c,299,TWO_CHARACTERISTIC,2,explosionApproval|stromSchaltbar,1,True,G,ST,ST,1,1,F,2,NN,HS,NOVALUE,NOVALUE,TT1,MN1,NOVALUE,NOVALUE,1,NOVALUE,1,N
CFG731_bbd32ea73f3dabf1,G731ST-LT,CFG731_0fdf5c36c9c41e69,301,TWO_CHARACTERISTIC,2,explosionApproval|temperaturEingaenge,1,True,G,ST,ST,1,1,F,2,NN,HS,CS1,IS1,NOVALUE,MN1,NOVALUE,NOVALUE,1,NOVALUE,1,N
CFG731_a4416ae9d698efa6,G731ST-HT,CFG731_a288340143e53b7f,304,ONE_CHARACTERISTIC,1,stromSchaltbar,1,True,G,ST,ST,1,2,N,N,NN,NN,NOVALUE,NOVALUE,TT1,NOVALUE,MP1,FWI,NOVALUE,NOVALUE,1,H
CFG731_c759934398f2381a,G731ST-HT,CFG731_a288340143e53b7f,304,ONE_CHARACTERISTIC,1,binaerOpenColl_MP,1,True,G,ST,ST,1,2,N,N,NN,NN,CS1,NOVALUE,TT1,NOVALUE,NOVALUE,FWI,NOVALUE,NOVALUE,1,H
CFG731_0ce13abf777d04f9,G731ST-HT,CFG731_a288340143e53b7f,304,DEPENDENCY_TWO_CHARACTERISTIC,2,stromEingaenge|temperaturEingaenge,1,True,G,ST,ST,1,2,N,N,NN,NN,CS1,IS1,NOVALUE,NOVALUE,MP1,FWI,NOVALUE,NOVALUE,1,H
CFG731_ab3b0ae98d7b2345,G731ST-HT,CFG731_a288340143e53b7f,304,DEPENDENCY_TWO_CHARACTERISTIC,2,stromSchaltbar|stromEingaenge,1,True,G,ST,ST,1,2,N,N,NN,NN,NOVALUE,IS1,TT1,NOVALUE,MP1,FWI,NOVALUE,NOVALUE,1,H
CFG731_1060da033d1aaed1,G731ST-HT,CFG731_a288340143e53b7f,304,DEPENDENCY_TWO_CHARACTERISTIC,2,stromSchaltbar|temperaturEingaenge,1,True,G,ST,ST,1,2,N,N,NN,NN,NOVALUE,NOVALUE,NOVALUE,NOVALUE,MP1,FWI,NOVALUE,NOVALUE,1,H
CFG731_22429427ccd9f79c,G731ST-HT,CFG731_a288340143e53b7f,304,TWO_CHARACTERISTIC,2,dataInterface|stromSchaltbar,1,True,G,ST,ST,1,2,N,N,NN,HS,NOVALUE,NOVALUE,TT1,NOVALUE,MP1,FWI,NOVALUE,NOVALUE,1,H
CFG731_33a5773cf6a65e2e,G731ST-HT,CFG731_a288340143e53b7f,304,TWO_CHARACTERISTIC,2,dataInterface|temperaturEingaenge,1,True,G,ST,ST,1,2,N,N,NN,HS,CS1,NOVALUE,NOVALUE,NOVALUE,MP1,FWI,NOVALUE,NOVALUE,1,H
CFG731_b46f92852addf866,G731ST-HT,CFG731_a288340143e53b7f,304,TWO_CHARACTERISTIC,2,dataInterface|binaerOpenColl_MP,1,True,G,ST,ST,1,2,N,N,NN,HS,CS1,NOVALUE,TT1,NOVALUE,NOVALUE,FWI,NOVALUE,NOVALUE,1,H
CFG731_a6cb56889da80b37,G731ST-HT,CFG731_a288340143e53b7f,304,TWO_CHARACTERISTIC,2,stromSchaltbar|binaerOpenColl_MP,2,True,G,ST,ST,1,2,N,N,NN,NN,NOVALUE,NOVALUE,TT1,NOVALUE,NOVALUE,FWI,NOVALUE,NOVALUE,1,H
CFG731_0494d5ae6eecf400,G731ST-HT,CFG731_a288340143e53b7f,304,TWO_CHARACTERISTIC,2,stromEingaenge|binaerOpenColl_MP,1,True,G,ST,ST,1,2,N,N,NN,NN,CS1,IS1,TT1,NOVALUE,NOVALUE,FWI,NOVALUE,NOVALUE,1,H
CFG731_2eea910b2403bc4c,G731ST-HT,CFG731_a288340143e53b7f,304,TWO_CHARACTERISTIC,2,temperaturEingaenge|binaerOpenColl_MP,1,True,G,ST,ST,1,2,N,N,NN,NN,CS1,NOVALUE,NOVALUE,NOVALUE,NOVALUE,FWI,NOVALUE,NOVALUE,1,H
CFG731_a6dd1d1aa0613d49,G731ST-HT,CFG731_63eca10a00ae1f5d,306,TWO_CHARACTERISTIC,2,dataInterface|temperaturEingaenge,1,True,G,ST,ST,1,2,N,N,NN,HS,CS1,IS1,NOVALUE,NOVALUE,MP1,FWI,NOVALUE,NOVALUE,1,H
CFG731_7c70763d4cf79560,G731ST-HT,CFG731_63eca10a00ae1f5d,306,TWO_CHARACTERISTIC,2,dataInterface|binaerOpenColl_MP,1,True,G,ST,ST,1,2,N,N,NN,HS,CS1,IS1,TT1,NOVALUE,NOVALUE,FWI,NOVALUE,NOVALUE,1,H
CFG731_6d78b8db53013b6b,G731ST-HT,CFG731_63eca10a00ae1f5d,306,TWO_CHARACTERISTIC,2,stromSchaltbar|binaerOpenColl_MP,2,True,G,ST,ST,1,2,N,N,NN,NN,NOVALUE,IS1,TT1,NOVALUE,NOVALUE,FWI,NOVALUE,NOVALUE,1,H
CFG731_1afd2a52ab559a7a,G731ST-HT,CFG731_63eca10a00ae1f5d,306,TWO_CHARACTERISTIC,2,temperaturEingaenge|binaerOpenColl_MP,2,True,G,ST,ST,1,2,N,N,NN,NN,CS1,IS1,NOVALUE,NOVALUE,NOVALUE,FWI,NOVALUE,NOVALUE,1,H
CFG731_c8eae76935f62f46,G731ST-HT,CFG731_f23946dbf617272b,309,ONE_CHARACTERISTIC,1,dataInterface,1,True,G,ST,ST,1,2,N,N,NN,HS,NOVALUE,IS1,NOVALUE,NOVALUE,MP1,FWI,NOVALUE,NOVALUE,1,H
CFG731_37f66c3948c00e57,G731ST-HT,CFG731_f23946dbf617272b,309,ONE_CHARACTERISTIC,1,binaerOpenColl_MP,1,True,G,ST,ST,1,2,N,N,NN,NN,NOVALUE,IS1,NOVALUE,NOVALUE,NOVALUE,FWI,NOVALUE,NOVALUE,1,H
CFG731_bead4dc93dd468ee,G731ST-HT,CFG731_f23946dbf617272b,309,TWO_CHARACTERISTIC,2,dataInterface|stromEingaenge,2,True,G,ST,ST,1,2,N,N,NN,HS,NOVALUE,NOVALUE,NOVALUE,NOVALUE,MP1,FWI,NOVALUE,NOVALUE,1,H
CFG731_ffee128ffdf503ce,G731ST-HT,CFG731_f23946dbf617272b,309,TWO_CHARACTERISTIC,2,dataInterface|binaerOpenColl_MP,2,True,G,ST,ST,1,2,N,N,NN,HS,NOVALUE,IS1,NOVALUE,NOVALUE,NOVALUE,FWI,NOVALUE,NOVALUE,1,H
CFG731_9770a8562144b583,G731ST-HT,CFG731_f23946dbf617272b,309,TWO_CHARACTERISTIC,2,stromEingaenge|binaerOpenColl_MP,2,True,G,ST,ST,1,2,N,N,NN,NN,NOVALUE,NOVALUE,NOVALUE,NOVALUE,NOVALUE,FWI,NOVALUE,NOVALUE,1,H
CFG731_fa50e8a725c751e0,G731ST-HT,CFG731_eb5b34784d068b66,310,TWO_CHARACTERISTIC,2,dataInterface|binaerOpenColl_MP,2,True,G,ST,ST,1,2,N,N,NN,HS,CS1,NOVALUE,NOVALUE,NOVALUE,NOVALUE,FWI,NOVALUE,NOVALUE,1,H
CFG731_241c1be2434fc3a5,G731ST-HT,CFG731_5dd35c89836ec88e,318,TWO_CHARACTERISTIC,2,stromSchaltbar|binaerOpenColl_MP,2,True,G,ST,ST,1,2,N,N,NN,HS,NOVALUE,NOVALUE,TT1,NOVALUE,NOVALUE,FWI,NOVALUE,NOVALUE,1,H
CFG731_ea138d51de519353,G731ST-HT,CFG731_fcc72e9951376cf3,320,TWO_CHARACTERISTIC,2,stromSchaltbar|binaerOpenColl_MP,1,True,G,ST,ST,1,2,N,N,NN,HS,NOVALUE,IS1,TT1,NOVALUE,NOVALUE,FWI,NOVALUE,NOVALUE,1,H
CFG731_3d7932e380d35bca,G731ST-HT,CFG731_fcc72e9951376cf3,320,TWO_CHARACTERISTIC,2,temperaturEingaenge|binaerOpenColl_MP,2,True,G,ST,ST,1,2,N,N,NN,HS,CS1,IS1,NOVALUE,NOVALUE,NOVALUE,FWI,NOVALUE,NOVALUE,1,H
CFG731_4d6c56202edf3f41,G731ST-HT,CFG731_eb70dc35972dc4b7,323,ONE_CHARACTERISTIC,1,stromSchaltbar,1,True,G,ST,ST,1,2,N,N,NN,NN,NOVALUE,NOVALUE,TT1,MN1,NOVALUE,FWI,NOVALUE,NOVALUE,1,H
CFG731_348f97ec6945fbf8,G731ST-HT,CFG731_eb70dc35972dc4b7,323,DEPENDENCY_TWO_CHARACTERISTIC,2,stromEingaenge|temperaturEingaenge,1,True,G,ST,ST,1,2,N,N,NN,NN,CS1,IS1,NOVALUE,MN1,NOVALUE,FWI,NOVALUE,NOVALUE,1,H
CFG731_143205a81a2e7efc,G731ST-HT,CFG731_eb70dc35972dc4b7,323,DEPENDENCY_TWO_CHARACTERISTIC,2,stromSchaltbar|stromEingaenge,1,True,G,ST,ST,1,2,N,N,NN,NN,NOVALUE,IS1,TT1,MN1,NOVALUE,FWI,NOVALUE,NOVALUE,1,H
CFG731_baab4a7f51aced1f,G731ST-HT,CFG731_eb70dc35972dc4b7,323,DEPENDENCY_TWO_CHARACTERISTIC,2,stromSchaltbar|temperaturEingaenge,1,True,G,ST,ST,1,2,N,N,NN,NN,NOVALUE,NOVALUE,NOVALUE,MN1,NOVALUE,FWI,NOVALUE,NOVALUE,1,H
CFG731_ba4b6f259b7b32c4,G731ST-HT,CFG731_eb70dc35972dc4b7,323,TWO_CHARACTERISTIC,2,dataInterface|stromSchaltbar,1,True,G,ST,ST,1,2,N,N,NN,HS,NOVALUE,NOVALUE,TT1,MN1,NOVALUE,FWI,NOVALUE,NOVALUE,1,H
CFG731_28ff10770eb1b643,G731ST-HT,CFG731_eb70dc35972dc4b7,323,TWO_CHARACTERISTIC,2,dataInterface|temperaturEingaenge,1,True,G,ST,ST,1,2,N,N,NN,HS,CS1,NOVALUE,NOVALUE,MN1,NOVALUE,FWI,NOVALUE,NOVALUE,1,H
CFG731_edb24692d2d3d7ca,G731ST-HT,CFG731_cc9ac35e4d9a1854,325,TWO_CHARACTERISTIC,2,dataInterface|temperaturEingaenge,1,True,G,ST,ST,1,2,N,N,NN,HS,CS1,IS1,NOVALUE,MN1,NOVALUE,FWI,NOVALUE,NOVALUE,1,H
CFG731_b7a7770d19b6f648,G731ST-HT,CFG731_7c5284fb5f15d1d6,328,ONE_CHARACTERISTIC,1,dataInterface,1,True,G,ST,ST,1,2,N,N,NN,HS,NOVALUE,IS1,NOVALUE,MN1,NOVALUE,FWI,NOVALUE,NOVALUE,1,H
CFG731_f1c4c30615440ae9,G731ST-HT,CFG731_7c5284fb5f15d1d6,328,TWO_CHARACTERISTIC,2,dataInterface|stromEingaenge,2,True,G,ST,ST,1,2,N,N,NN,HS,NOVALUE,NOVALUE,NOVALUE,MN1,NOVALUE,FWI,NOVALUE,NOVALUE,1,H
CFG731_f9cbe189d57c95a1,G731ST-HT,CFG731_80619ff0be976225,342,ONE_CHARACTERISTIC,1,stromSchaltbar,1,True,G,ST,ST,1,2,A,2,NN,NN,NOVALUE,NOVALUE,TT1,NOVALUE,MP1,FWI,NOVALUE,NOVALUE,1,H
CFG731_2c93609b74717303,G731ST-HT,CFG731_80619ff0be976225,342,ONE_CHARACTERISTIC,1,binaerOpenColl_MP,1,True,G,ST,ST,1,2,A,2,NN,NN,CS1,NOVALUE,TT1,NOVALUE,NOVALUE,FWI,NOVALUE,NOVALUE,1,H
CFG731_708466e4f37148f0,G731ST-HT,CFG731_80619ff0be976225,342,DEPENDENCY_TWO_CHARACTERISTIC,2,stromEingaenge|temperaturEingaenge,1,True,G,ST,ST,1,2,A,2,NN,NN,CS1,IS1,NOVALUE,NOVALUE,MP1,FWI,NOVALUE,NOVALUE,1,H
CFG731_ef8d68b6d278bfec,G731ST-HT,CFG731_80619ff0be976225,342,DEPENDENCY_TWO_CHARACTERISTIC,2,stromSchaltbar|stromEingaenge,1,True,G,ST,ST,1,2,A,2,NN,NN,NOVALUE,IS1,TT1,NOVALUE,MP1,FWI,NOVALUE,NOVALUE,1,H
CFG731_b30ceef5c5f902ca,G731ST-HT,CFG731_80619ff0be976225,342,DEPENDENCY_TWO_CHARACTERISTIC,2,stromSchaltbar|temperaturEingaenge,1,True,G,ST,ST,1,2,A,2,NN,NN,NOVALUE,NOVALUE,NOVALUE,NOVALUE,MP1,FWI,NOVALUE,NOVALUE,1,H
CFG731_ff04d32ca467d2a5,G731ST-HT,CFG731_80619ff0be976225,342,TWO_CHARACTERISTIC,2,explosionApproval|binaerOpenColl_MP,1,True,G,ST,ST,1,2,F,2,NN,NN,CS1,NOVALUE,TT1,NOVALUE,NOVALUE,FWI,NOVALUE,NOVALUE,1,H
CFG731_f6025c8da02be6ce,G731ST-HT,CFG731_80619ff0be976225,342,TWO_CHARACTERISTIC,2,dataInterface|stromSchaltbar,1,True,G,ST,ST,1,2,A,2,NN,HS,NOVALUE,NOVALUE,TT1,NOVALUE,MP1,FWI,NOVALUE,NOVALUE,1,H
CFG731_c52b9598a8210777,G731ST-HT,CFG731_80619ff0be976225,342,TWO_CHARACTERISTIC,2,dataInterface|temperaturEingaenge,1,True,G,ST,ST,1,2,A,2,NN,HS,CS1,NOVALUE,NOVALUE,NOVALUE,MP1,FWI,NOVALUE,NOVALUE,1,H
CFG731_db27f1c998b6e675,G731ST-HT,CFG731_80619ff0be976225,342,TWO_CHARACTERISTIC,2,dataInterface|binaerOpenColl_MP,1,True,G,ST,ST,1,2,A,2,NN,HS,CS1,NOVALUE,TT1,NOVALUE,NOVALUE,FWI,NOVALUE,NOVALUE,1,H
CFG731_59bdc6776d9ff84a,G731ST-HT,CFG731_80619ff0be976225,342,TWO_CHARACTERISTIC,2,stromSchaltbar|binaerOpenColl_MP,2,True,G,ST,ST,1,2,A,2,NN,NN,NOVALUE,NOVALUE,TT1,NOVALUE,NOVALUE,FWI,NOVALUE,NOVALUE,1,H
CFG731_f2765a45b3166d3a,G731ST-HT,CFG731_80619ff0be976225,342,TWO_CHARACTERISTIC,2,stromEingaenge|binaerOpenColl_MP,1,True,G,ST,ST,1,2,A,2,NN,NN,CS1,IS1,TT1,NOVALUE,NOVALUE,FWI,NOVALUE,NOVALUE,1,H
CFG731_fab0d81b6a0ca4e0,G731ST-HT,CFG731_80619ff0be976225,342,TWO_CHARACTERISTIC,2,temperaturEingaenge|binaerOpenColl_MP,1,True,G,ST,ST,1,2,A,2,NN,NN,CS1,NOVALUE,NOVALUE,NOVALUE,NOVALUE,FWI,NOVALUE,NOVALUE,1,H
CFG731_9960254fcbb72292,G731ST-HT,CFG731_8b18ac1c34209d63,344,TWO_CHARACTERISTIC,2,explosionApproval|binaerOpenColl_MP,1,True,G,ST,ST,1,2,F,2,NN,NN,CS1,IS1,TT1,NOVALUE,NOVALUE,FWI,NOVALUE,NOVALUE,1,H
CFG731_76101c3f14778541,G731ST-HT,CFG731_8b18ac1c34209d63,344,TWO_CHARACTERISTIC,2,dataInterface|temperaturEingaenge,1,True,G,ST,ST,1,2,A,2,NN,HS,CS1,IS1,NOVALUE,NOVALUE,MP1,FWI,NOVALUE,NOVALUE,1,H
CFG731_7d6fec687910546d,G731ST-HT,CFG731_8b18ac1c34209d63,344,TWO_CHARACTERISTIC,2,dataInterface|binaerOpenColl_MP,1,True,G,ST,ST,1,2,A,2,NN,HS,CS1,IS1,TT1,NOVALUE,NOVALUE,FWI,NOVALUE,NOVALUE,1,H
CFG731_e7ac403b81e86f8f,G731ST-HT,CFG731_8b18ac1c34209d63,344,TWO_CHARACTERISTIC,2,stromSchaltbar|binaerOpenColl_MP,2,True,G,ST,ST,1,2,A,2,NN,NN,NOVALUE,IS1,TT1,NOVALUE,NOVALUE,FWI,NOVALUE,NOVALUE,1,H
CFG731_8a61c0ec32be5088,G731ST-HT,CFG731_8b18ac1c34209d63,344,TWO_CHARACTERISTIC,2,temperaturEingaenge|binaerOpenColl_MP,2,True,G,ST,ST,1,2,A,2,NN,NN,CS1,IS1,NOVALUE,NOVALUE,NOVALUE,FWI,NOVALUE,NOVALUE,1,H
CFG731_b3ed2928d6d65710,G731ST-HT,CFG731_cd71ec2726e971ef,347,ONE_CHARACTERISTIC,1,dataInterface,1,True,G,ST,ST,1,2,A,2,NN,HS,NOVALUE,IS1,NOVALUE,NOVALUE,MP1,FWI,NOVALUE,NOVALUE,1,H
CFG731_6649a4899673b05e,G731ST-HT,CFG731_cd71ec2726e971ef,347,ONE_CHARACTERISTIC,1,binaerOpenColl_MP,1,True,G,ST,ST,1,2,A,2,NN,NN,NOVALUE,IS1,NOVALUE,NOVALUE,NOVALUE,FWI,NOVALUE,NOVALUE,1,H
CFG731_72c610ffb054f7c4,G731ST-HT,CFG731_cd71ec2726e971ef,347,TWO_CHARACTERISTIC,2,explosionApproval|binaerOpenColl_MP,1,True,G,ST,ST,1,2,F,2,NN,NN,NOVALUE,IS1,NOVALUE,NOVALUE,NOVALUE,FWI,NOVALUE,NOVALUE,1,H
CFG731_c2d3bd9155d3a467,G731ST-HT,CFG731_cd71ec2726e971ef,347,TWO_CHARACTERISTIC,2,dataInterface|stromEingaenge,2,True,G,ST,ST,1,2,A,2,NN,HS,NOVALUE,NOVALUE,NOVALUE,NOVALUE,MP1,FWI,NOVALUE,NOVALUE,1,H
CFG731_54d0898d8032273d,G731ST-HT,CFG731_cd71ec2726e971ef,347,TWO_CHARACTERISTIC,2,dataInterface|binaerOpenColl_MP,2,True,G,ST,ST,1,2,A,2,NN,HS,NOVALUE,IS1,NOVALUE,NOVALUE,NOVALUE,FWI,NOVALUE,NOVALUE,1,H
CFG731_1b33a9ed446bc0fd,G731ST-HT,CFG731_cd71ec2726e971ef,347,TWO_CHARACTERISTIC,2,stromEingaenge|binaerOpenColl_MP,2,True,G,ST,ST,1,2,A,2,NN,NN,NOVALUE,NOVALUE,NOVALUE,NOVALUE,NOVALUE,FWI,NOVALUE,NOVALUE,1,H
CFG731_077cd264a0313a47,G731ST-HT,CFG731_d44e54f35ee15977,348,TWO_CHARACTERISTIC,2,explosionApproval|binaerOpenColl_MP,1,True,G,ST,ST,1,2,F,2,NN,NN,CS1,NOVALUE,NOVALUE,NOVALUE,NOVALUE,FWI,NOVALUE,NOVALUE,1,H
CFG731_1e3e39ce65cdb22f,G731ST-HT,CFG731_d44e54f35ee15977,348,TWO_CHARACTERISTIC,2,dataInterface|binaerOpenColl_MP,2,True,G,ST,ST,1,2,A,2,NN,HS,CS1,NOVALUE,NOVALUE,NOVALUE,NOVALUE,FWI,NOVALUE,NOVALUE,1,H
CFG731_168475c8045761e7,G731ST-HT,CFG731_c32627af59ba1526,356,TWO_CHARACTERISTIC,2,explosionApproval|binaerOpenColl_MP,1,True,G,ST,ST,1,2,F,2,NN,HS,CS1,NOVALUE,TT1,NOVALUE,NOVALUE,FWI,NOVALUE,NOVALUE,1,H
CFG731_fcf6a3b44d96735f,G731ST-HT,CFG731_c32627af59ba1526,356,TWO_CHARACTERISTIC,2,stromSchaltbar|binaerOpenColl_MP,2,True,G,ST,ST,1,2,A,2,NN,HS,NOVALUE,NOVALUE,TT1,NOVALUE,NOVALUE,FWI,NOVALUE,NOVALUE,1,H
CFG731_8fd0ed37b442c386,G731ST-HT,CFG731_076cad91966d4c34,358,TWO_CHARACTERISTIC,2,explosionApproval|binaerOpenColl_MP,1,True,G,ST,ST,1,2,F,2,NN,HS,CS1,IS1,TT1,NOVALUE,NOVALUE,FWI,NOVALUE,NOVALUE,1,H
CFG731_8c36814d277b2fda,G731ST-HT,CFG731_076cad91966d4c34,358,TWO_CHARACTERISTIC,2,stromSchaltbar|binaerOpenColl_MP,1,True,G,ST,ST,1,2,A,2,NN,HS,NOVALUE,IS1,TT1,NOVALUE,NOVALUE,FWI,NOVALUE,NOVALUE,1,H
CFG731_2b6d09435d64e9e5,G731ST-HT,CFG731_076cad91966d4c34,358,TWO_CHARACTERISTIC,2,temperaturEingaenge|binaerOpenColl_MP,2,True,G,ST,ST,1,2,A,2,NN,HS,CS1,IS1,NOVALUE,NOVALUE,NOVALUE,FWI,NOVALUE,NOVALUE,1,H
CFG731_94eb9c4bff0d405b,G731ST-HT,CFG731_36e9436664c2e1e3,360,TWO_CHARACTERISTIC,2,explosionApproval|binaerOpenColl_MP,1,True,G,ST,ST,1,2,F,2,NN,HS,NOVALUE,IS1,TT1,NOVALUE,NOVALUE,FWI,NOVALUE,NOVALUE,1,H
CFG731_8216f56c8f1b8479,G731ST-HT,CFG731_617247356a7014fb,361,ONE_CHARACTERISTIC,1,stromSchaltbar,1,True,G,ST,ST,1,2,A,2,NN,NN,NOVALUE,NOVALUE,TT1,MN1,NOVALUE,FWI,NOVALUE,NOVALUE,1,H
CFG731_49bb1327a04ca706,G731ST-HT,CFG731_617247356a7014fb,361,DEPENDENCY_TWO_CHARACTERISTIC,2,stromEingaenge|temperaturEingaenge,1,True,G,ST,ST,1,2,A,2,NN,NN,CS1,IS1,NOVALUE,MN1,NOVALUE,FWI,NOVALUE,NOVALUE,1,H
CFG731_ec5204cc79b506a7,G731ST-HT,CFG731_617247356a7014fb,361,DEPENDENCY_TWO_CHARACTERISTIC,2,stromSchaltbar|stromEingaenge,1,True,G,ST,ST,1,2,A,2,NN,NN,NOVALUE,IS1,TT1,MN1,NOVALUE,FWI,NOVALUE,NOVALUE,1,H
CFG731_7b17e78739264251,G731ST-HT,CFG731_617247356a7014fb,361,DEPENDENCY_TWO_CHARACTERISTIC,2,stromSchaltbar|temperaturEingaenge,1,True,G,ST,ST,1,2,A,2,NN,NN,NOVALUE,NOVALUE,NOVALUE,MN1,NOVALUE,FWI,NOVALUE,NOVALUE,1,H
CFG731_3c6c3a0686e047ad,G731ST-HT,CFG731_617247356a7014fb,361,TWO_CHARACTERISTIC,2,explosionApproval|stromSchaltbar,1,True,G,ST,ST,1,2,F,2,NN,NN,NOVALUE,NOVALUE,TT1,MN1,NOVALUE,FWI,NOVALUE,NOVALUE,1,H
CFG731_91159cdc457d0a9a,G731ST-HT,CFG731_617247356a7014fb,361,TWO_CHARACTERISTIC,2,dataInterface|stromSchaltbar,1,True,G,ST,ST,1,2,A,2,NN,HS,NOVALUE,NOVALUE,TT1,MN1,NOVALUE,FWI,NOVALUE,NOVALUE,1,H
CFG731_7cc9f85131c775cb,G731ST-HT,CFG731_617247356a7014fb,361,TWO_CHARACTERISTIC,2,dataInterface|temperaturEingaenge,1,True,G,ST,ST,1,2,A,2,NN,HS,CS1,NOVALUE,NOVALUE,MN1,NOVALUE,FWI,NOVALUE,NOVALUE,1,H
CFG731_b36f487da5008df2,G731ST-HT,CFG731_7b2f69a7ca55041b,363,TWO_CHARACTERISTIC,2,explosionApproval|stromSchaltbar,1,True,G,ST,ST,1,2,F,2,NN,NN,NOVALUE,IS1,TT1,MN1,NOVALUE,FWI,NOVALUE,NOVALUE,1,H
CFG731_a41486ba2b9da31d,G731ST-HT,CFG731_7b2f69a7ca55041b,363,TWO_CHARACTERISTIC,2,explosionApproval|temperaturEingaenge,1,True,G,ST,ST,1,2,F,2,NN,NN,CS1,IS1,NOVALUE,MN1,NOVALUE,FWI,NOVALUE,NOVALUE,1,H
CFG731_5c80dfb541787e3e,G731ST-HT,CFG731_7b2f69a7ca55041b,363,TWO_CHARACTERISTIC,2,dataInterface|temperaturEingaenge,1,True,G,ST,ST,1,2,A,2,NN,HS,CS1,IS1,NOVALUE,MN1,NOVALUE,FWI,NOVALUE,NOVALUE,1,H
CFG731_a8031a74f6d1710d,G731ST-HT,CFG731_f2a296f2bedae0e8,366,ONE_CHARACTERISTIC,1,dataInterface,1,True,G,ST,ST,1,2,A,2,NN,HS,NOVALUE,IS1,NOVALUE,MN1,NOVALUE,FWI,NOVALUE,NOVALUE,1,H
CFG731_37f37296c515d083,G731ST-HT,CFG731_f2a296f2bedae0e8,366,DEPENDENCY_TWO_CHARACTERISTIC,2,dataInterface|explosionApproval,1,True,G,ST,ST,1,2,F,2,NN,HS,NOVALUE,IS1,NOVALUE,MN1,NOVALUE,FWI,NOVALUE,NOVALUE,1,H
CFG731_ad49f2ad57627f46,G731ST-HT,CFG731_f2a296f2bedae0e8,366,TWO_CHARACTERISTIC,2,explosionApproval|stromEingaenge,1,True,G,ST,ST,1,2,F,2,NN,NN,NOVALUE,NOVALUE,NOVALUE,MN1,NOVALUE,FWI,NOVALUE,NOVALUE,1,H
CFG731_929f9b8dab6bae34,G731ST-HT,CFG731_f2a296f2bedae0e8,366,TWO_CHARACTERISTIC,2,dataInterface|stromEingaenge,2,True,G,ST,ST,1,2,A,2,NN,HS,NOVALUE,NOVALUE,NOVALUE,MN1,NOVALUE,FWI,NOVALUE,NOVALUE,1,H
CFG731_b5710e5f11e2cbc2,G731ST-HT,CFG731_288e4c99b4e02895,367,DEPENDENCY_TWO_CHARACTERISTIC,2,dataInterface|explosionApproval,1,True,G,ST,ST,1,2,F,2,NN,HS,CS1,NOVALUE,NOVALUE,MN1,NOVALUE,FWI,NOVALUE,NOVALUE,1,H
CFG731_5882bd12beb09203,G731ST-HT,CFG731_9f9bc93c4b0253cf,375,TWO_CHARACTERISTIC,2,explosionApproval|stromSchaltbar,1,True,G,ST,ST,1,2,F,2,NN,HS,NOVALUE,NOVALUE,TT1,MN1,NOVALUE,FWI,NOVALUE,NOVALUE,1,H
CFG731_3f42c988dc83cb23,G731ST-HT,CFG731_831a7150258499af,377,TWO_CHARACTERISTIC,2,explosionApproval|temperaturEingaenge,1,True,G,ST,ST,1,2,F,2,NN,HS,CS1,IS1,NOVALUE,MN1,NOVALUE,FWI,NOVALUE,NOVALUE,1,H
CFG731_cfa3163a44b6384e,x731,CFG731_8d78781f8753b72a,380,TWO_CHARACTERISTIC,2,powerSupply|stromSchaltbar,2,True,S,GP,ST,4,1,N,N,NN,NN,NOVALUE,IS1,TT1,NOVALUE,MP1,FWI,NOVALUE,NOVALUE,NOVALUE,NOVALUE
CFG731_7fd61c6671481302,x731,CFG731_8d78781f8753b72a,380,TWO_CHARACTERISTIC,2,powerSupply|binaerOpenColl_MP,2,True,S,GP,ST,4,1,N,N,NN,NN,CS1,IS1,TT1,NOVALUE,NOVALUE,FWI,NOVALUE,NOVALUE,NOVALUE,NOVALUE
CFG731_aebf63925de75eda,x731,CFG731_8d78781f8753b72a,380,TWO_CHARACTERISTIC,2,stromSchaltbar|binaerOpenColl_MP,2,True,S,GP,ST,1,1,N,N,NN,NN,NOVALUE,IS1,TT1,NOVALUE,NOVALUE,FWI,NOVALUE,NOVALUE,NOVALUE,NOVALUE
CFG731_178dcdc053bfc8f2,x731,CFG731_a1f89a445799de07,387,TWO_CHARACTERISTIC,2,powerSupply|binaerOpenColl_MP,2,True,S,GP,ST,4,1,N,N,NN,HS,CS1,IS1,TT1,NOVALUE,NOVALUE,FWI,NOVALUE,NOVALUE,NOVALUE,NOVALUE
CFG731_8570a57baecfc843,x731,CFG731_7733a6e26ede07b9,389,TWO_CHARACTERISTIC,2,powerSupply|binaerOpenColl_MP,2,True,S,GP,ST,4,1,N,N,NN,HS,NOVALUE,IS1,TT1,NOVALUE,NOVALUE,FWI,NOVALUE,NOVALUE,NOVALUE,NOVALUE
CFG731_40d405b73b679480,x731,CFG731_c9829182065e0285,390,TWO_CHARACTERISTIC,2,powerSupply|stromSchaltbar,2,True,S,GP,ST,4,1,N,N,NN,NN,NOVALUE,IS1,TT1,MN1,NOVALUE,FWI,NOVALUE,NOVALUE,NOVALUE,NOVALUE
CFG731_08defccb3db076ba,x731,CFG731_a41a2d2cef1a675f,400,TWO_CHARACTERISTIC,2,powerSupply|stromSchaltbar,2,True,S,GP,ST,4,1,A,2,NN,NN,NOVALUE,IS1,TT1,NOVALUE,MP1,FWI,NOVALUE,NOVALUE,NOVALUE,NOVALUE
CFG731_fbc30ae2acd85744,x731,CFG731_a41a2d2cef1a675f,400,TWO_CHARACTERISTIC,2,powerSupply|binaerOpenColl_MP,2,True,S,GP,ST,4,1,A,2,NN,NN,CS1,IS1,TT1,NOVALUE,NOVALUE,FWI,NOVALUE,NOVALUE,NOVALUE,NOVALUE
CFG731_ee025bd421210eb1,x731,CFG731_a41a2d2cef1a675f,400,TWO_CHARACTERISTIC,2,explosionApproval|binaerOpenColl_MP,1,True,S,GP,ST,1,1,F,2,NN,NN,CS1,IS1,TT1,NOVALUE,NOVALUE,FWI,NOVALUE,NOVALUE,NOVALUE,NOVALUE
CFG731_b7a8cb4384c1b768,x731,CFG731_a41a2d2cef1a675f,400,TWO_CHARACTERISTIC,2,stromSchaltbar|binaerOpenColl_MP,2,True,S,GP,ST,1,1,A,2,NN,NN,NOVALUE,IS1,TT1,NOVALUE,NOVALUE,FWI,NOVALUE,NOVALUE,NOVALUE,NOVALUE
CFG731_9d5d3b4d2ce8a49a,x731,CFG731_1f2a166cde9ede02,407,TWO_CHARACTERISTIC,2,powerSupply|binaerOpenColl_MP,2,True,S,GP,ST,4,1,A,2,NN,HS,CS1,IS1,TT1,NOVALUE,NOVALUE,FWI,NOVALUE,NOVALUE,NOVALUE,NOVALUE
CFG731_9009dc9a78f8b97e,x731,CFG731_1f2a166cde9ede02,407,TWO_CHARACTERISTIC,2,explosionApproval|binaerOpenColl_MP,1,True,S,GP,ST,1,1,F,2,NN,HS,CS1,IS1,TT1,NOVALUE,NOVALUE,FWI,NOVALUE,NOVALUE,NOVALUE,NOVALUE
CFG731_e9cf0ec08924e98e,x731,CFG731_fdb901ceaee1caed,409,TWO_CHARACTERISTIC,2,powerSupply|binaerOpenColl_MP,2,True,S,GP,ST,4,1,A,2,NN,HS,NOVALUE,IS1,TT1,NOVALUE,NOVALUE,FWI,NOVALUE,NOVALUE,NOVALUE,NOVALUE
CFG731_f52e4cc25f4614d0,x731,CFG731_fdb901ceaee1caed,409,TWO_CHARACTERISTIC,2,explosionApproval|binaerOpenColl_MP,1,True,S,GP,ST,1,1,F,2,NN,HS,NOVALUE,IS1,TT1,NOVALUE,NOVALUE,FWI,NOVALUE,NOVALUE,NOVALUE,NOVALUE
CFG731_f0e6b17b1bb2d5ab,x731,CFG731_adb08ca5dce20691,410,TWO_CHARACTERISTIC,2,powerSupply|explosionApproval,1,True,S,GP,ST,4,1,F,2,NN,NN,CS1,IS1,TT1,MN1,NOVALUE,FWI,NOVALUE,NOVALUE,NOVALUE,NOVALUE
CFG731_231fdaf3bc44943b,x731,CFG731_adb08ca5dce20691,410,TWO_CHARACTERISTIC,2,powerSupply|stromSchaltbar,2,True,S,GP,ST,4,1,A,2,NN,NN,NOVALUE,IS1,TT1,MN1,NOVALUE,FWI,NOVALUE,NOVALUE,NOVALUE,NOVALUE
CFG731_73e28cb740f9cabe,x731,CFG731_adb08ca5dce20691,410,TWO_CHARACTERISTIC,2,explosionApproval|stromSchaltbar,1,True,S,GP,ST,1,1,F,2,NN,NN,NOVALUE,IS1,TT1,MN1,NOVALUE,FWI,NOVALUE,NOVALUE,NOVALUE,NOVALUE
CFG731_c047f3237695dae3,x731,CFG731_8a7a801f91254eeb,417,TWO_CHARACTERISTIC,2,powerSupply|explosionApproval,1,True,S,GP,ST,4,1,F,2,NN,HS,CS1,IS1,TT1,MN1,NOVALUE,FWI,NOVALUE,NOVALUE,NOVALUE,NOVALUE
CFG731_41163e79c325cbce,x731,CFG731_0bc69513c30c3b9d,419,TWO_CHARACTERISTIC,2,powerSupply|explosionApproval,1,True,S,GP,ST,4,1,F,2,NN,HS,NOVALUE,IS1,TT1,MN1,NOVALUE,FWI,NOVALUE,NOVALUE,NOVALUE,NOVALUE
CFG731_81bffae40f4c3a60,F731TE,CFG731_6886c948a9d1ec0c,420,ONE_CHARACTERISTIC,1,dataInterface,1,True,F,TE,ST,1,1,F,2,NN,MT,CS2,NOVALUE,TT2,MN4,NOVALUE,NOVALUE,1,NOVALUE,NOVALUE,NOVALUE
CFG731_a72f99e8160efda6,F731TE,CFG731_6886c948a9d1ec0c,420,ONE_CHARACTERISTIC,1,dataInterface,1,True,F,TE,ST,1,1,F,2,NN,PA,CS2,NOVALUE,TT2,MN4,NOVALUE,NOVALUE,1,NOVALUE,NOVALUE,NOVALUE
CFG731_090330aa38b8e80b,F731TE,CFG731_6886c948a9d1ec0c,420,TWO_CHARACTERISTIC,2,numberOfChannels|dataInterface,1,True,F,TE,ST,1,2,F,2,NN,MT,CS2,NOVALUE,TT2,MN4,NOVALUE,NOVALUE,1,NOVALUE,NOVALUE,NOVALUE
CFG731_28454766bbc80cb9,F731TE,CFG731_6886c948a9d1ec0c,420,TWO_CHARACTERISTIC,2,numberOfChannels|dataInterface,1,True,F,TE,ST,1,2,F,2,NN,PA,CS2,NOVALUE,TT2,MN4,NOVALUE,NOVALUE,1,NOVALUE,NOVALUE,NOVALUE
CFG731_4189e4dbecbffadb,G731CA,CFG731_164591062a2b3589,426,ONE_CHARACTERISTIC,1,dataInterface,1,True,G,CA,ST,1,1,F,2,NN,HS,CS2,IS1,TT1,MN4,NOVALUE,NOVALUE,1,NOVALUE,NOVALUE,NOVALUE
CFG731_5bfe9492c76587ec,G731CA,CFG731_164591062a2b3589,426,ONE_CHARACTERISTIC,1,dataInterface,1,True,G,CA,ST,1,1,F,2,NN,PA,CS2,IS1,TT1,MN4,NOVALUE,NOVALUE,1,NOVALUE,NOVALUE,NOVALUE
CFG731_7e4e2943182c4add,G731CA,CFG731_164591062a2b3589,426,TWO_CHARACTERISTIC,2,numberOfChannels|dataInterface,1,True,G,CA,ST,1,2,F,2,NN,MT,CS2,IS1,TT1,MN4,NOVALUE,NOVALUE,1,NOVALUE,NOVALUE,NOVALUE
CFG731_16b53411ff7f6c9b,G731CA,CFG731_164591062a2b3589,426,TWO_CHARACTERISTIC,2,numberOfChannels|dataInterface,1,True,G,CA,ST,1,2,F,2,NN,PA,CS2,IS1,TT1,MN4,NOVALUE,NOVALUE,1,NOVALUE,NOVALUE,NOVALUE
CFG731_35029d9172c491d7,x731,CFG731_a77e5e082c8f0465,432,TWO_CHARACTERISTIC,2,devCategory|powerSupply,2,True,G,GP,ST,4,1,F,2,NN,NN,CS1,NOVALUE,TT1,MN1,NOVALUE,FWI,1,NOVALUE,1,NOVALUE
CFG731_de00a17bf97cff58,x731,CFG731_a77e5e082c8f0465,432,TWO_CHARACTERISTIC,2,devCategory|stromSchaltbar,2,True,G,GP,ST,1,1,F,2,NN,NN,NOVALUE,NOVALUE,TT1,MN1,NOVALUE,FWI,1,NOVALUE,1,NOVALUE
CFG731_d9438448457ac97f,x731,CFG731_a77e5e082c8f0465,432,TWO_CHARACTERISTIC,2,devCategory|binaerDigitalOpenColl_MN,2,True,G,GP,ST,1,1,F,2,NN,NN,CS1,NOVALUE,TT1,NOVALUE,NOVALUE,FWI,1,NOVALUE,1,NOVALUE
CFG731_0e65994bfbb04e39,x731,CFG731_a77e5e082c8f0465,432,TWO_CHARACTERISTIC,2,devCategory|dev_advMeterVerification,2,True,G,GP,ST,1,1,F,2,NN,NN,CS1,NOVALUE,TT1,MN1,NOVALUE,FWI,NOVALUE,NOVALUE,1,NOVALUE
CFG731_4065adeeb89ecb2b,x731,CFG731_a77e5e082c8f0465,432,TWO_CHARACTERISTIC,2,devCategory|customUserFluid,2,True,G,GP,ST,1,1,F,2,NN,NN,CS1,NOVALUE,TT1,MN1,NOVALUE,FWI,1,NOVALUE,NOVALUE,NOVALUE
CFG731_6724d6a938b39812,x731,CFG731_a77e5e082c8f0465,432,TWO_CHARACTERISTIC,2,powerSupply|stromSchaltbar,2,True,F,GP,ST,4,1,F,2,NN,NN,NOVALUE,NOVALUE,TT1,MN1,NOVALUE,FWI,1,NOVALUE,1,NOVALUE
CFG731_e3b3f34ed339f106,x731,CFG731_a77e5e082c8f0465,432,TWO_CHARACTERISTIC,2,powerSupply|binaerDigitalOpenColl_MN,2,True,F,GP,ST,4,1,F,2,NN,NN,CS1,NOVALUE,TT1,NOVALUE,NOVALUE,FWI,1,NOVALUE,1,NOVALUE
CFG731_4f6f793cad539afb,x731,CFG731_a77e5e082c8f0465,432,TWO_CHARACTERISTIC,2,powerSupply|dev_advMeterVerification,2,True,F,GP,ST,4,1,F,2,NN,NN,CS1,NOVALUE,TT1,MN1,NOVALUE,FWI,NOVALUE,NOVALUE,1,NOVALUE
CFG731_91cf680beeb93f16,x731,CFG731_a77e5e082c8f0465,432,TWO_CHARACTERISTIC,2,powerSupply|customUserFluid,2,True,F,GP,ST,4,1,F,2,NN,NN,CS1,NOVALUE,TT1,MN1,NOVALUE,FWI,1,NOVALUE,NOVALUE,NOVALUE
CFG731_ab173f5d7f545d2e,x731,CFG731_a77e5e082c8f0465,432,TWO_CHARACTERISTIC,2,stromSchaltbar|binaerDigitalOpenColl_MN,2,True,F,GP,ST,1,1,F,2,NN,NN,NOVALUE,NOVALUE,TT1,NOVALUE,NOVALUE,FWI,1,NOVALUE,1,NOVALUE
CFG731_1243cfc726284db9,x731,CFG731_a77e5e082c8f0465,432,TWO_CHARACTERISTIC,2,stromSchaltbar|dev_advMeterVerification,2,True,F,GP,ST,1,1,F,2,NN,NN,NOVALUE,NOVALUE,TT1,MN1,NOVALUE,FWI,NOVALUE,NOVALUE,1,NOVALUE
CFG731_4a3ccfed1ffe045c,x731,CFG731_a77e5e082c8f0465,432,TWO_CHARACTERISTIC,2,stromSchaltbar|customUserFluid,2,True,F,GP,ST,1,1,F,2,NN,NN,NOVALUE,NOVALUE,TT1,MN1,NOVALUE,FWI,1,NOVALUE,NOVALUE,NOVALUE
CFG731_27ec8892eacc701d,x731,CFG731_a77e5e082c8f0465,432,TWO_CHARACTERISTIC,2,binaerDigitalOpenColl_MN|dev_advMeterVerification,2,True,F,GP,ST,1,1,F,2,NN,NN,CS1,NOVALUE,TT1,NOVALUE,NOVALUE,FWI,NOVALUE,NOVALUE,1,NOVALUE
CFG731_0e5e4a10433c4e52,x731,CFG731_a77e5e082c8f0465,432,TWO_CHARACTERISTIC,2,binaerDigitalOpenColl_MN|customUserFluid,2,True,F,GP,ST,1,1,F,2,NN,NN,CS1,NOVALUE,TT1,NOVALUE,NOVALUE,FWI,1,NOVALUE,NOVALUE,NOVALUE
CFG731_b1e6da79b3f3968c,x731,CFG731_a77e5e082c8f0465,432,TWO_CHARACTERISTIC,2,dev_advMeterVerification|customUserFluid,2,True,F,GP,ST,1,1,F,2,NN,NN,CS1,NOVALUE,TT1,MN1,NOVALUE,FWI,NOVALUE,NOVALUE,NOVALUE,NOVALUE
CFG731_996c03c74db1b690,x731,CFG731_a6d4830ed3aa2681,434,TWO_CHARACTERISTIC,2,devCategory|powerSupply,2,True,G,GP,ST,4,1,F,2,NN,NN,CS1,IS1,TT1,MN1,NOVALUE,FWI,1,NOVALUE,1,NOVALUE
CFG731_aa3f6fef353b6003,x731,CFG731_a6d4830ed3aa2681,434,TWO_CHARACTERISTIC,2,devCategory|stromSchaltbar,2,True,G,GP,ST,1,1,F,2,NN,NN,NOVALUE,IS1,TT1,MN1,NOVALUE,FWI,1,NOVALUE,1,NOVALUE
CFG731_25efcac594133e0c,x731,CFG731_a6d4830ed3aa2681,434,TWO_CHARACTERISTIC,2,devCategory|temperaturEingaenge,2,True,G,GP,ST,1,1,F,2,NN,NN,CS1,IS1,NOVALUE,MN1,NOVALUE,FWI,1,NOVALUE,1,NOVALUE
CFG731_24db2336ecf629ac,x731,CFG731_a6d4830ed3aa2681,434,TWO_CHARACTERISTIC,2,devCategory|binaerDigitalOpenColl_MN,2,True,G,GP,ST,1,1,F,2,NN,NN,CS1,IS1,TT1,NOVALUE,NOVALUE,FWI,1,NOVALUE,1,NOVALUE
CFG731_596477fb126885fd,x731,CFG731_a6d4830ed3aa2681,434,TWO_CHARACTERISTIC,2,devCategory|dev_advMeterVerification,2,True,G,GP,ST,1,1,F,2,NN,NN,CS1,IS1,TT1,MN1,NOVALUE,FWI,NOVALUE,NOVALUE,1,NOVALUE
CFG731_1a8ec178b76fa1f4,x731,CFG731_a6d4830ed3aa2681,434,TWO_CHARACTERISTIC,2,devCategory|customUserFluid,2,True,G,GP,ST,1,1,F,2,NN,NN,CS1,IS1,TT1,MN1,NOVALUE,FWI,1,NOVALUE,NOVALUE,NOVALUE
CFG731_dbe967a8483f5128,x731,CFG731_a6d4830ed3aa2681,434,TWO_CHARACTERISTIC,2,powerSupply|stromSchaltbar,2,True,F,GP,ST,4,1,F,2,NN,NN,NOVALUE,IS1,TT1,MN1,NOVALUE,FWI,1,NOVALUE,1,NOVALUE
CFG731_760aabc16d4d55a7,x731,CFG731_a6d4830ed3aa2681,434,TWO_CHARACTERISTIC,2,powerSupply|temperaturEingaenge,2,True,F,GP,ST,4,1,F,2,NN,NN,CS1,IS1,NOVALUE,MN1,NOVALUE,FWI,1,NOVALUE,1,NOVALUE
CFG731_35828cf91d95dc26,x731,CFG731_a6d4830ed3aa2681,434,TWO_CHARACTERISTIC,2,powerSupply|binaerDigitalOpenColl_MN,2,True,F,GP,ST,4,1,F,2,NN,NN,CS1,IS1,TT1,NOVALUE,NOVALUE,FWI,1,NOVALUE,1,NOVALUE
CFG731_3053c9b0a1917700,x731,CFG731_a6d4830ed3aa2681,434,TWO_CHARACTERISTIC,2,powerSupply|dev_advMeterVerification,2,True,F,GP,ST,4,1,F,2,NN,NN,CS1,IS1,TT1,MN1,NOVALUE,FWI,NOVALUE,NOVALUE,1,NOVALUE
CFG731_8bfc1bf633d83569,x731,CFG731_a6d4830ed3aa2681,434,TWO_CHARACTERISTIC,2,powerSupply|customUserFluid,2,True,F,GP,ST,4,1,F,2,NN,NN,CS1,IS1,TT1,MN1,NOVALUE,FWI,1,NOVALUE,NOVALUE,NOVALUE
CFG731_e13b83184e656fa5,x731,CFG731_a6d4830ed3aa2681,434,TWO_CHARACTERISTIC,2,stromSchaltbar|binaerDigitalOpenColl_MN,2,True,F,GP,ST,1,1,F,2,NN,NN,NOVALUE,IS1,TT1,NOVALUE,NOVALUE,FWI,1,NOVALUE,1,NOVALUE
CFG731_7575940775c8828a,x731,CFG731_a6d4830ed3aa2681,434,TWO_CHARACTERISTIC,2,stromSchaltbar|dev_advMeterVerification,2,True,F,GP,ST,1,1,F,2,NN,NN,NOVALUE,IS1,TT1,MN1,NOVALUE,FWI,NOVALUE,NOVALUE,1,NOVALUE
CFG731_cfd3f914235a92be,x731,CFG731_a6d4830ed3aa2681,434,TWO_CHARACTERISTIC,2,stromSchaltbar|customUserFluid,2,True,F,GP,ST,1,1,F,2,NN,NN,NOVALUE,IS1,TT1,MN1,NOVALUE,FWI,1,NOVALUE,NOVALUE,NOVALUE
CFG731_a5b220c8a87d9939,x731,CFG731_a6d4830ed3aa2681,434,TWO_CHARACTERISTIC,2,temperaturEingaenge|binaerDigitalOpenColl_MN,2,True,F,GP,ST,1,1,F,2,NN,NN,CS1,IS1,NOVALUE,NOVALUE,NOVALUE,FWI,1,NOVALUE,1,NOVALUE
CFG731_0dcab736c7118a49,x731,CFG731_a6d4830ed3aa2681,434,TWO_CHARACTERISTIC,2,temperaturEingaenge|dev_advMeterVerification,2,True,F,GP,ST,1,1,F,2,NN,NN,CS1,IS1,NOVALUE,MN1,NOVALUE,FWI,NOVALUE,NOVALUE,1,NOVALUE
CFG731_c8ba3e8c2424417a,x731,CFG731_a6d4830ed3aa2681,434,TWO_CHARACTERISTIC,2,temperaturEingaenge|customUserFluid,2,True,F,GP,ST,1,1,F,2,NN,NN,CS1,IS1,NOVALUE,MN1,NOVALUE,FWI,1,NOVALUE,NOVALUE,NOVALUE
CFG731_540a035364b19d4f,x731,CFG731_a6d4830ed3aa2681,434,TWO_CHARACTERISTIC,2,binaerDigitalOpenColl_MN|dev_advMeterVerification,2,True,F,GP,ST,1,1,F,2,NN,NN,CS1,IS1,TT1,NOVALUE,NOVALUE,FWI,NOVALUE,NOVALUE,1,NOVALUE
CFG731_df9b5c4c3cbd248d,x731,CFG731_a6d4830ed3aa2681,434,TWO_CHARACTERISTIC,2,binaerDigitalOpenColl_MN|customUserFluid,2,True,F,GP,ST,1,1,F,2,NN,NN,CS1,IS1,TT1,NOVALUE,NOVALUE,FWI,1,NOVALUE,NOVALUE,NOVALUE
CFG731_5c0acf494346c74a,x731,CFG731_296392aa95929245,437,TWO_CHARACTERISTIC,2,devCategory|powerSupply,2,True,G,GP,ST,4,1,F,2,NN,NN,NOVALUE,IS1,NOVALUE,MN1,NOVALUE,FWI,1,NOVALUE,1,NOVALUE
CFG731_139fedfd18582547,x731,CFG731_296392aa95929245,437,TWO_CHARACTERISTIC,2,devCategory|dataInterface,2,True,G,GP,ST,1,1,F,2,NN,HS,NOVALUE,IS1,NOVALUE,MN1,NOVALUE,FWI,1,NOVALUE,1,NOVALUE
CFG731_af7cfe7b9279c654,x731,CFG731_296392aa95929245,437,TWO_CHARACTERISTIC,2,devCategory|stromEingaenge,2,True,G,GP,ST,1,1,F,2,NN,NN,NOVALUE,NOVALUE,NOVALUE,MN1,NOVALUE,FWI,1,NOVALUE,1,NOVALUE
CFG731_ce5a041b3cf74b9a,x731,CFG731_296392aa95929245,437,TWO_CHARACTERISTIC,2,devCategory|binaerDigitalOpenColl_MN,2,True,G,GP,ST,1,1,F,2,NN,NN,NOVALUE,IS1,NOVALUE,NOVALUE,NOVALUE,FWI,1,NOVALUE,1,NOVALUE
CFG731_50797efe795778c6,x731,CFG731_296392aa95929245,437,TWO_CHARACTERISTIC,2,devCategory|dev_advMeterVerification,2,True,G,GP,ST,1,1,F,2,NN,NN,NOVALUE,IS1,NOVALUE,MN1,NOVALUE,FWI,NOVALUE,NOVALUE,1,NOVALUE
CFG731_1658b7c336ff9ea9,x731,CFG731_296392aa95929245,437,TWO_CHARACTERISTIC,2,devCategory|customUserFluid,2,True,G,GP,ST,1,1,F,2,NN,NN,NOVALUE,IS1,NOVALUE,MN1,NOVALUE,FWI,1,NOVALUE,NOVALUE,NOVALUE
CFG731_12567418b9008343,x731,CFG731_296392aa95929245,437,TWO_CHARACTERISTIC,2,powerSupply|dataInterface,2,True,F,GP,ST,4,1,F,2,NN,HS,NOVALUE,IS1,NOVALUE,MN1,NOVALUE,FWI,1,NOVALUE,1,NOVALUE
CFG731_a7422430db553ad5,x731,CFG731_296392aa95929245,437,TWO_CHARACTERISTIC,2,powerSupply|stromEingaenge,2,True,F,GP,ST,4,1,F,2,NN,NN,NOVALUE,NOVALUE,NOVALUE,MN1,NOVALUE,FWI,1,NOVALUE,1,NOVALUE
CFG731_18ddfde6f31779a5,x731,CFG731_296392aa95929245,437,TWO_CHARACTERISTIC,2,powerSupply|binaerDigitalOpenColl_MN,2,True,F,GP,ST,4,1,F,2,NN,NN,NOVALUE,IS1,NOVALUE,NOVALUE,NOVALUE,FWI,1,NOVALUE,1,NOVALUE
CFG731_e07007f03d1903cc,x731,CFG731_296392aa95929245,437,TWO_CHARACTERISTIC,2,powerSupply|dev_advMeterVerification,2,True,F,GP,ST,4,1,F,2,NN,NN,NOVALUE,IS1,NOVALUE,MN1,NOVALUE,FWI,NOVALUE,NOVALUE,1,NOVALUE
CFG731_5f915cea568a3a1e,x731,CFG731_296392aa95929245,437,TWO_CHARACTERISTIC,2,powerSupply|customUserFluid,2,True,F,GP,ST,4,1,F,2,NN,NN,NOVALUE,IS1,NOVALUE,MN1,NOVALUE,FWI,1,NOVALUE,NOVALUE,NOVALUE
CFG731_9f42d0268648202d,x731,CFG731_296392aa95929245,437,TWO_CHARACTERISTIC,2,dataInterface|stromEingaenge,2,True,F,GP,ST,1,1,F,2,NN,HS,NOVALUE,NOVALUE,NOVALUE,MN1,NOVALUE,FWI,1,NOVALUE,1,NOVALUE
CFG731_c415544e9f0e8bb1,x731,CFG731_296392aa95929245,437,TWO_CHARACTERISTIC,2,dataInterface|binaerDigitalOpenColl_MN,2,True,F,GP,ST,1,1,F,2,NN,HS,NOVALUE,IS1,NOVALUE,NOVALUE,NOVALUE,FWI,1,NOVALUE,1,NOVALUE
CFG731_8a7cef05eb2c9591,x731,CFG731_296392aa95929245,437,TWO_CHARACTERISTIC,2,dataInterface|dev_advMeterVerification,2,True,F,GP,ST,1,1,F,2,NN,HS,NOVALUE,IS1,NOVALUE,MN1,NOVALUE,FWI,NOVALUE,NOVALUE,1,NOVALUE
CFG731_6ede5dc2097b5bcf,x731,CFG731_296392aa95929245,437,TWO_CHARACTERISTIC,2,dataInterface|customUserFluid,2,True,F,GP,ST,1,1,F,2,NN,HS,NOVALUE,IS1,NOVALUE,MN1,NOVALUE,FWI,1,NOVALUE,NOVALUE,NOVALUE
CFG731_0b870900490c37e2,x731,CFG731_296392aa95929245,437,TWO_CHARACTERISTIC,2,stromEingaenge|binaerDigitalOpenColl_MN,2,True,F,GP,ST,1,1,F,2,NN,NN,NOVALUE,NOVALUE,NOVALUE,NOVALUE,NOVALUE,FWI,1,NOVALUE,1,NOVALUE
CFG731_1b8054cb5a92e4fa,x731,CFG731_296392aa95929245,437,TWO_CHARACTERISTIC,2,stromEingaenge|dev_advMeterVerification,2,True,F,GP,ST,1,1,F,2,NN,NN,NOVALUE,NOVALUE,NOVALUE,MN1,NOVALUE,FWI,NOVALUE,NOVALUE,1,NOVALUE
CFG731_d25fe0061388991c,x731,CFG731_296392aa95929245,437,TWO_CHARACTERISTIC,2,stromEingaenge|customUserFluid,2,True,F,GP,ST,1,1,F,2,NN,NN,NOVALUE,NOVALUE,NOVALUE,MN1,NOVALUE,FWI,1,NOVALUE,NOVALUE,NOVALUE
CFG731_e876419a6af1f4b8,x731,CFG731_296392aa95929245,437,TWO_CHARACTERISTIC,2,binaerDigitalOpenColl_MN|dev_advMeterVerification,2,True,F,GP,ST,1,1,F,2,NN,NN,NOVALUE,IS1,NOVALUE,NOVALUE,NOVALUE,FWI,NOVALUE,NOVALUE,1,NOVALUE
CFG731_25c3e7b2458c6de7,x731,CFG731_296392aa95929245,437,TWO_CHARACTERISTIC,2,binaerDigitalOpenColl_MN|customUserFluid,2,True,F,GP,ST,1,1,F,2,NN,NN,NOVALUE,IS1,NOVALUE,NOVALUE,NOVALUE,FWI,1,NOVALUE,NOVALUE,NOVALUE
CFG731_4a4cb6513ab8e1f7,x731,CFG731_296392aa95929245,437,TWO_CHARACTERISTIC,2,dev_advMeterVerification|customUserFluid,2,True,F,GP,ST,1,1,F,2,NN,NN,NOVALUE,IS1,NOVALUE,MN1,NOVALUE,FWI,NOVALUE,NOVALUE,NOVALUE,NOVALUE
CFG731_f84a3b5f8ae2ffee,x731,CFG731_2205291b8ed2fc34,438,TWO_CHARACTERISTIC,2,devCategory|powerSupply,2,True,G,GP,ST,4,1,F,2,NN,NN,CS1,NOVALUE,NOVALUE,MN1,NOVALUE,FWI,1,NOVALUE,1,NOVALUE
CFG731_ce02805ebf0ec7e1,x731,CFG731_2205291b8ed2fc34,438,TWO_CHARACTERISTIC,2,devCategory|dataInterface,2,True,G,GP,ST,1,1,F,2,NN,HS,CS1,NOVALUE,NOVALUE,MN1,NOVALUE,FWI,1,NOVALUE,1,NOVALUE
CFG731_1227ff79768e5ea4,x731,CFG731_2205291b8ed2fc34,438,TWO_CHARACTERISTIC,2,devCategory|binaerDigitalOpenColl_MN,2,True,G,GP,ST,1,1,F,2,NN,NN,CS1,NOVALUE,NOVALUE,NOVALUE,NOVALUE,FWI,1,NOVALUE,1,NOVALUE
CFG731_04fcd81e2ac0f05e,x731,CFG731_2205291b8ed2fc34,438,TWO_CHARACTERISTIC,2,devCategory|dev_advMeterVerification,2,True,G,GP,ST,1,1,F,2,NN,NN,CS1,NOVALUE,NOVALUE,MN1,NOVALUE,FWI,NOVALUE,NOVALUE,1,NOVALUE
CFG731_d8ec635116865979,x731,CFG731_2205291b8ed2fc34,438,TWO_CHARACTERISTIC,2,devCategory|customUserFluid,2,True,G,GP,ST,1,1,F,2,NN,NN,CS1,NOVALUE,NOVALUE,MN1,NOVALUE,FWI,1,NOVALUE,NOVALUE,NOVALUE
CFG731_885b57fdfca02f62,x731,CFG731_2205291b8ed2fc34,438,TWO_CHARACTERISTIC,2,powerSupply|dataInterface,2,True,F,GP,ST,4,1,F,2,NN,HS,CS1,NOVALUE,NOVALUE,MN1,NOVALUE,FWI,1,NOVALUE,1,NOVALUE
CFG731_865428fe1b12d8a2,x731,CFG731_2205291b8ed2fc34,438,TWO_CHARACTERISTIC,2,powerSupply|binaerDigitalOpenColl_MN,2,True,F,GP,ST,4,1,F,2,NN,NN,CS1,NOVALUE,NOVALUE,NOVALUE,NOVALUE,FWI,1,NOVALUE,1,NOVALUE
CFG731_d80fde42f7354305,x731,CFG731_2205291b8ed2fc34,438,TWO_CHARACTERISTIC,2,powerSupply|dev_advMeterVerification,2,True,F,GP,ST,4,1,F,2,NN,NN,CS1,NOVALUE,NOVALUE,MN1,NOVALUE,FWI,NOVALUE,NOVALUE,1,NOVALUE
CFG731_20e0d69972310e9f,x731,CFG731_2205291b8ed2fc34,438,TWO_CHARACTERISTIC,2,powerSupply|customUserFluid,2,True,F,GP,ST,4,1,F,2,NN,NN,CS1,NOVALUE,NOVALUE,MN1,NOVALUE,FWI,1,NOVALUE,NOVALUE,NOVALUE
CFG731_a2ae5ab3de61886f,x731,CFG731_2205291b8ed2fc34,438,TWO_CHARACTERISTIC,2,dataInterface|binaerDigitalOpenColl_MN,2,True,F,GP,ST,1,1,F,2,NN,HS,CS1,NOVALUE,NOVALUE,NOVALUE,NOVALUE,FWI,1,NOVALUE,1,NOVALUE
CFG731_3cfe26a4a6491587,x731,CFG731_2205291b8ed2fc34,438,TWO_CHARACTERISTIC,2,dataInterface|dev_advMeterVerification,2,True,F,GP,ST,1,1,F,2,NN,HS,CS1,NOVALUE,NOVALUE,MN1,NOVALUE,FWI,NOVALUE,NOVALUE,1,NOVALUE
CFG731_8e5a03e5b6c9346d,x731,CFG731_2205291b8ed2fc34,438,TWO_CHARACTERISTIC,2,dataInterface|customUserFluid,2,True,F,GP,ST,1,1,F,2,NN,HS,CS1,NOVALUE,NOVALUE,MN1,NOVALUE,FWI,1,NOVALUE,NOVALUE,NOVALUE
CFG731_c1a1465a132a9c1f,x731,CFG731_2205291b8ed2fc34,438,TWO_CHARACTERISTIC,2,binaerDigitalOpenColl_MN|dev_advMeterVerification,2,True,F,GP,ST,1,1,F,2,NN,NN,CS1,NOVALUE,NOVALUE,NOVALUE,NOVALUE,FWI,NOVALUE,NOVALUE,1,NOVALUE
CFG731_0b36a5a838611d28,x731,CFG731_2205291b8ed2fc34,438,TWO_CHARACTERISTIC,2,binaerDigitalOpenColl_MN|customUserFluid,2,True,F,GP,ST,1,1,F,2,NN,NN,CS1,NOVALUE,NOVALUE,NOVALUE,NOVALUE,FWI,1,NOVALUE,NOVALUE,NOVALUE
CFG731_2cc0f470386953a0,x731,CFG731_2205291b8ed2fc34,438,TWO_CHARACTERISTIC,2,dev_advMeterVerification|customUserFluid,2,True,F,GP,ST,1,1,F,2,NN,NN,CS1,NOVALUE,NOVALUE,MN1,NOVALUE,FWI,NOVALUE,NOVALUE,NOVALUE,NOVALUE
CFG731_c1c50ec921295d24,x731,CFG731_04a53b6cc81d57d6,446,TWO_CHARACTERISTIC,2,devCategory|powerSupply,2,True,G,GP,ST,4,1,F,2,NN,HS,CS1,NOVALUE,TT1,MN1,NOVALUE,FWI,1,NOVALUE,1,NOVALUE
CFG731_776fc7d42eb46e40,x731,CFG731_04a53b6cc81d57d6,446,TWO_CHARACTERISTIC,2,devCategory|stromSchaltbar,2,True,G,GP,ST,1,1,F,2,NN,HS,NOVALUE,NOVALUE,TT1,MN1,NOVALUE,FWI,1,NOVALUE,1,NOVALUE
CFG731_b9c58d437e20b7f3,x731,CFG731_04a53b6cc81d57d6,446,TWO_CHARACTERISTIC,2,devCategory|binaerDigitalOpenColl_MN,2,True,G,GP,ST,1,1,F,2,NN,HS,CS1,NOVALUE,TT1,NOVALUE,NOVALUE,FWI,1,NOVALUE,1,NOVALUE
CFG731_8dd67811ddc4561f,x731,CFG731_04a53b6cc81d57d6,446,TWO_CHARACTERISTIC,2,devCategory|dev_advMeterVerification,2,True,G,GP,ST,1,1,F,2,NN,HS,CS1,NOVALUE,TT1,MN1,NOVALUE,FWI,NOVALUE,NOVALUE,1,NOVALUE
CFG731_d2e6ae1a59c9f597,x731,CFG731_04a53b6cc81d57d6,446,TWO_CHARACTERISTIC,2,devCategory|customUserFluid,2,True,G,GP,ST,1,1,F,2,NN,HS,CS1,NOVALUE,TT1,MN1,NOVALUE,FWI,1,NOVALUE,NOVALUE,NOVALUE
CFG731_9949f10708d55c5d,x731,CFG731_04a53b6cc81d57d6,446,TWO_CHARACTERISTIC,2,powerSupply|stromSchaltbar,2,True,F,GP,ST,4,1,F,2,NN,HS,NOVALUE,NOVALUE,TT1,MN1,NOVALUE,FWI,1,NOVALUE,1,NOVALUE
CFG731_414bd61481cea97f,x731,CFG731_04a53b6cc81d57d6,446,TWO_CHARACTERISTIC,2,powerSupply|binaerDigitalOpenColl_MN,2,True,F,GP,ST,4,1,F,2,NN,HS,CS1,NOVALUE,TT1,NOVALUE,NOVALUE,FWI,1,NOVALUE,1,NOVALUE
CFG731_2cd32d21b930acef,x731,CFG731_04a53b6cc81d57d6,446,TWO_CHARACTERISTIC,2,powerSupply|dev_advMeterVerification,2,True,F,GP,ST,4,1,F,2,NN,HS,CS1,NOVALUE,TT1,MN1,NOVALUE,FWI,NOVALUE,NOVALUE,1,NOVALUE
CFG731_2f9d539d4085d4b1,x731,CFG731_04a53b6cc81d57d6,446,TWO_CHARACTERISTIC,2,powerSupply|customUserFluid,2,True,F,GP,ST,4,1,F,2,NN,HS,CS1,NOVALUE,TT1,MN1,NOVALUE,FWI,1,NOVALUE,NOVALUE,NOVALUE
CFG731_6dd8bbea67c3b549,x731,CFG731_04a53b6cc81d57d6,446,TWO_CHARACTERISTIC,2,stromSchaltbar|binaerDigitalOpenColl_MN,2,True,F,GP,ST,1,1,F,2,NN,HS,NOVALUE,NOVALUE,TT1,NOVALUE,NOVALUE,FWI,1,NOVALUE,1,NOVALUE
CFG731_b554c5667c7a16ce,x731,CFG731_04a53b6cc81d57d6,446,TWO_CHARACTERISTIC,2,stromSchaltbar|dev_advMeterVerification,2,True,F,GP,ST,1,1,F,2,NN,HS,NOVALUE,NOVALUE,TT1,MN1,NOVALUE,FWI,NOVALUE,NOVALUE,1,NOVALUE
CFG731_8cb6f04851b56e98,x731,CFG731_04a53b6cc81d57d6,446,TWO_CHARACTERISTIC,2,stromSchaltbar|customUserFluid,2,True,F,GP,ST,1,1,F,2,NN,HS,NOVALUE,NOVALUE,TT1,MN1,NOVALUE,FWI,1,NOVALUE,NOVALUE,NOVALUE
CFG731_b05e5f6da7bd15f1,x731,CFG731_04a53b6cc81d57d6,446,TWO_CHARACTERISTIC,2,binaerDigitalOpenColl_MN|dev_advMeterVerification,2,True,F,GP,ST,1,1,F,2,NN,HS,CS1,NOVALUE,TT1,NOVALUE,NOVALUE,FWI,NOVALUE,NOVALUE,1,NOVALUE
CFG731_ca03fff98c65f515,x731,CFG731_04a53b6cc81d57d6,446,TWO_CHARACTERISTIC,2,binaerDigitalOpenColl_MN|customUserFluid,2,True,F,GP,ST,1,1,F,2,NN,HS,CS1,NOVALUE,TT1,NOVALUE,NOVALUE,FWI,1,NOVALUE,NOVALUE,NOVALUE
CFG731_a78ed5b36dfbb130,x731,CFG731_04a53b6cc81d57d6,446,TWO_CHARACTERISTIC,2,dev_advMeterVerification|customUserFluid,2,True,F,GP,ST,1,1,F,2,NN,HS,CS1,NOVALUE,TT1,MN1,NOVALUE,FWI,NOVALUE,NOVALUE,NOVALUE,NOVALUE
CFG731_c0f79bd951335363,x731,CFG731_89772de94df83ba5,448,TWO_CHARACTERISTIC,2,devCategory|powerSupply,2,True,G,GP,ST,4,1,F,2,NN,HS,CS1,IS1,TT1,MN1,NOVALUE,FWI,1,NOVALUE,1,NOVALUE
CFG731_f18f698820229a80,x731,CFG731_89772de94df83ba5,448,TWO_CHARACTERISTIC,2,devCategory|temperaturEingaenge,2,True,G,GP,ST,1,1,F,2,NN,HS,CS1,IS1,NOVALUE,MN1,NOVALUE,FWI,1,NOVALUE,1,NOVALUE
CFG731_cfb25d3f0e09430e,x731,CFG731_89772de94df83ba5,448,TWO_CHARACTERISTIC,2,devCategory|binaerDigitalOpenColl_MN,2,True,G,GP,ST,1,1,F,2,NN,HS,CS1,IS1,TT1,NOVALUE,NOVALUE,FWI,1,NOVALUE,1,NOVALUE
CFG731_022687d7779325a0,x731,CFG731_89772de94df83ba5,448,TWO_CHARACTERISTIC,2,devCategory|dev_advMeterVerification,2,True,G,GP,ST,1,1,F,2,NN,HS,CS1,IS1,TT1,MN1,NOVALUE,FWI,NOVALUE,NOVALUE,1,NOVALUE
CFG731_ad9443e9b12d0e2b,x731,CFG731_89772de94df83ba5,448,TWO_CHARACTERISTIC,2,devCategory|customUserFluid,2,True,G,GP,ST,1,1,F,2,NN,HS,CS1,IS1,TT1,MN1,NOVALUE,FWI,1,NOVALUE,NOVALUE,NOVALUE
CFG731_e337cde236121d55,x731,CFG731_89772de94df83ba5,448,TWO_CHARACTERISTIC,2,powerSupply|temperaturEingaenge,2,True,F,GP,ST,4,1,F,2,NN,HS,CS1,IS1,NOVALUE,MN1,NOVALUE,FWI,1,NOVALUE,1,NOVALUE
CFG731_fbc2b51345f9debc,x731,CFG731_89772de94df83ba5,448,TWO_CHARACTERISTIC,2,powerSupply|binaerDigitalOpenColl_MN,2,True,F,GP,ST,4,1,F,2,NN,HS,CS1,IS1,TT1,NOVALUE,NOVALUE,FWI,1,NOVALUE,1,NOVALUE
CFG731_3124c436e715e179,x731,CFG731_89772de94df83ba5,448,TWO_CHARACTERISTIC,2,powerSupply|dev_advMeterVerification,2,True,F,GP,ST,4,1,F,2,NN,HS,CS1,IS1,TT1,MN1,NOVALUE,FWI,NOVALUE,NOVALUE,1,NOVALUE
CFG731_5c871279cd83d0cc,x731,CFG731_89772de94df83ba5,448,TWO_CHARACTERISTIC,2,powerSupply|customUserFluid,2,True,F,GP,ST,4,1,F,2,NN,HS,CS1,IS1,TT1,MN1,NOVALUE,FWI,1,NOVALUE,NOVALUE,NOVALUE
CFG731_c042bda839da72dd,x731,CFG731_89772de94df83ba5,448,TWO_CHARACTERISTIC,2,temperaturEingaenge|binaerDigitalOpenColl_MN,2,True,F,GP,ST,1,1,F,2,NN,HS,CS1,IS1,NOVALUE,NOVALUE,NOVALUE,FWI,1,NOVALUE,1,NOVALUE
CFG731_0988a349490181d9,x731,CFG731_89772de94df83ba5,448,TWO_CHARACTERISTIC,2,temperaturEingaenge|dev_advMeterVerification,2,True,F,GP,ST,1,1,F,2,NN,HS,CS1,IS1,NOVALUE,MN1,NOVALUE,FWI,NOVALUE,NOVALUE,1,NOVALUE
CFG731_a7e051f67f56b7f8,x731,CFG731_89772de94df83ba5,448,TWO_CHARACTERISTIC,2,temperaturEingaenge|customUserFluid,2,True,F,GP,ST,1,1,F,2,NN,HS,CS1,IS1,NOVALUE,MN1,NOVALUE,FWI,1,NOVALUE,NOVALUE,NOVALUE
CFG731_25171d8a9fc94ccc,x731,CFG731_89772de94df83ba5,448,TWO_CHARACTERISTIC,2,binaerDigitalOpenColl_MN|dev_advMeterVerification,2,True,F,GP,ST,1,1,F,2,NN,HS,CS1,IS1,TT1,NOVALUE,NOVALUE,FWI,NOVALUE,NOVALUE,1,NOVALUE
CFG731_96010d9dfe030319,x731,CFG731_89772de94df83ba5,448,TWO_CHARACTERISTIC,2,binaerDigitalOpenColl_MN|customUserFluid,2,True,F,GP,ST,1,1,F,2,NN,HS,CS1,IS1,TT1,NOVALUE,NOVALUE,FWI,1,NOVALUE,NOVALUE,NOVALUE
CFG731_9e9fa245d373371d,x731,CFG731_511f0780429774e2,450,TWO_CHARACTERISTIC,2,devCategory|powerSupply,2,True,G,GP,ST,4,1,F,2,NN,HS,NOVALUE,IS1,TT1,MN1,NOVALUE,FWI,1,NOVALUE,1,NOVALUE
CFG731_0006a8bc00c13620,x731,CFG731_511f0780429774e2,450,TWO_CHARACTERISTIC,2,devCategory|binaerDigitalOpenColl_MN,2,True,G,GP,ST,1,1,F,2,NN,HS,NOVALUE,IS1,TT1,NOVALUE,NOVALUE,FWI,1,NOVALUE,1,NOVALUE
CFG731_dae807e68683843f,x731,CFG731_511f0780429774e2,450,TWO_CHARACTERISTIC,2,devCategory|dev_advMeterVerification,2,True,G,GP,ST,1,1,F,2,NN,HS,NOVALUE,IS1,TT1,MN1,NOVALUE,FWI,NOVALUE,NOVALUE,1,NOVALUE
CFG731_9aa159b2943eb683,x731,CFG731_511f0780429774e2,450,TWO_CHARACTERISTIC,2,devCategory|customUserFluid,2,True,G,GP,ST,1,1,F,2,NN,HS,NOVALUE,IS1,TT1,MN1,NOVALUE,FWI,1,NOVALUE,NOVALUE,NOVALUE
CFG731_7ff170411be8993a,x731,CFG731_511f0780429774e2,450,TWO_CHARACTERISTIC,2,powerSupply|binaerDigitalOpenColl_MN,2,True,F,GP,ST,4,1,F,2,NN,HS,NOVALUE,IS1,TT1,NOVALUE,NOVALUE,FWI,1,NOVALUE,1,NOVALUE
CFG731_52c239afbc97db38,x731,CFG731_511f0780429774e2,450,TWO_CHARACTERISTIC,2,powerSupply|dev_advMeterVerification,2,True,F,GP,ST,4,1,F,2,NN,HS,NOVALUE,IS1,TT1,MN1,NOVALUE,FWI,NOVALUE,NOVALUE,1,NOVALUE
CFG731_eca9f3d50e6fa4df,x731,CFG731_511f0780429774e2,450,TWO_CHARACTERISTIC,2,powerSupply|customUserFluid,2,True,F,GP,ST,4,1,F,2,NN,HS,NOVALUE,IS1,TT1,MN1,NOVALUE,FWI,1,NOVALUE,NOVALUE,NOVALUE
CFG731_4b4e62a7d0b5c943,x731,CFG731_511f0780429774e2,450,TWO_CHARACTERISTIC,2,binaerDigitalOpenColl_MN|dev_advMeterVerification,2,True,F,GP,ST,1,1,F,2,NN,HS,NOVALUE,IS1,TT1,NOVALUE,NOVALUE,FWI,NOVALUE,NOVALUE,1,NOVALUE
CFG731_2cb056c4442b5707,x731,CFG731_511f0780429774e2,450,TWO_CHARACTERISTIC,2,binaerDigitalOpenColl_MN|customUserFluid,2,True,F,GP,ST,1,1,F,2,NN,HS,NOVALUE,IS1,TT1,NOVALUE,NOVALUE,FWI,1,NOVALUE,NOVALUE,NOVALUE
CFG731_8ee4194c812306ad,x731,CFG731_2683cf7e09782f5e,451,TWO_CHARACTERISTIC,2,powerSupply|stromSchaltbar,2,True,G,GP,ST,4,1,F,2,NN,NN,NOVALUE,NOVALUE,TT1,MN1,NOVALUE,FWI,1,1,1,NOVALUE
CFG731_e9272272a22d6458,x731,CFG731_2683cf7e09782f5e,451,TWO_CHARACTERISTIC,2,powerSupply|binaerDigitalOpenColl_MN,2,True,G,GP,ST,4,1,F,2,NN,NN,CS1,NOVALUE,TT1,NOVALUE,NOVALUE,FWI,1,1,1,NOVALUE
CFG731_3bf3bfaec3554abe,x731,CFG731_2683cf7e09782f5e,451,TWO_CHARACTERISTIC,2,powerSupply|dev_advMeterVerification,2,True,G,GP,ST,4,1,F,2,NN,NN,CS1,NOVALUE,TT1,MN1,NOVALUE,FWI,NOVALUE,1,1,NOVALUE
CFG731_f9b0b8723f7e8c60,x731,CFG731_2683cf7e09782f5e,451,TWO_CHARACTERISTIC,2,powerSupply|customUserFluid,2,True,G,GP,ST,4,1,F,2,NN,NN,CS1,NOVALUE,TT1,MN1,NOVALUE,FWI,1,1,NOVALUE,NOVALUE
CFG731_5362e45ac22e6417,x731,CFG731_2683cf7e09782f5e,451,TWO_CHARACTERISTIC,2,stromSchaltbar|binaerDigitalOpenColl_MN,2,True,G,GP,ST,1,1,F,2,NN,NN,NOVALUE,NOVALUE,TT1,NOVALUE,NOVALUE,FWI,1,1,1,NOVALUE
CFG731_afcc51c25e4136e0,x731,CFG731_2683cf7e09782f5e,451,TWO_CHARACTERISTIC,2,stromSchaltbar|dev_advMeterVerification,2,True,G,GP,ST,1,1,F,2,NN,NN,NOVALUE,NOVALUE,TT1,MN1,NOVALUE,FWI,NOVALUE,1,1,NOVALUE
CFG731_3491be77effcf04a,x731,CFG731_2683cf7e09782f5e,451,TWO_CHARACTERISTIC,2,stromSchaltbar|customUserFluid,2,True,G,GP,ST,1,1,F,2,NN,NN,NOVALUE,NOVALUE,TT1,MN1,NOVALUE,FWI,1,1,NOVALUE,NOVALUE
CFG731_a9614b0a6a3de8bb,x731,CFG731_2683cf7e09782f5e,451,TWO_CHARACTERISTIC,2,binaerDigitalOpenColl_MN|dev_advMeterVerification,2,True,G,GP,ST,1,1,F,2,NN,NN,CS1,NOVALUE,TT1,NOVALUE,NOVALUE,FWI,NOVALUE,1,1,NOVALUE
CFG731_cfb0d2eae7958c5b,x731,CFG731_2683cf7e09782f5e,451,TWO_CHARACTERISTIC,2,binaerDigitalOpenColl_MN|customUserFluid,2,True,G,GP,ST,1,1,F,2,NN,NN,CS1,NOVALUE,TT1,NOVALUE,NOVALUE,FWI,1,1,NOVALUE,NOVALUE
CFG731_1d24f370e8d915b8,x731,CFG731_2683cf7e09782f5e,451,TWO_CHARACTERISTIC,2,dev_advMeterVerification|customUserFluid,2,True,G,GP,ST,1,1,F,2,NN,NN,CS1,NOVALUE,TT1,MN1,NOVALUE,FWI,NOVALUE,1,NOVALUE,NOVALUE
CFG731_845e5549b00cb116,x731,CFG731_b7e96d5717c40fd6,453,TWO_CHARACTERISTIC,2,powerSupply|stromSchaltbar,2,True,G,GP,ST,4,1,F,2,NN,NN,NOVALUE,IS1,TT1,MN1,NOVALUE,FWI,1,1,1,NOVALUE
CFG731_f63af1db7799ad6f,x731,CFG731_b7e96d5717c40fd6,453,TWO_CHARACTERISTIC,2,powerSupply|temperaturEingaenge,2,True,G,GP,ST,4,1,F,2,NN,NN,CS1,IS1,NOVALUE,MN1,NOVALUE,FWI,1,1,1,NOVALUE
CFG731_890bed04e98b9f69,x731,CFG731_b7e96d5717c40fd6,453,TWO_CHARACTERISTIC,2,powerSupply|binaerDigitalOpenColl_MN,2,True,G,GP,ST,4,1,F,2,NN,NN,CS1,IS1,TT1,NOVALUE,NOVALUE,FWI,1,1,1,NOVALUE
CFG731_e66ce98c9fc7fa3b,x731,CFG731_b7e96d5717c40fd6,453,TWO_CHARACTERISTIC,2,powerSupply|dev_advMeterVerification,2,True,G,GP,ST,4,1,F,2,NN,NN,CS1,IS1,TT1,MN1,NOVALUE,FWI,NOVALUE,1,1,NOVALUE
CFG731_69bb56395c2390ab,x731,CFG731_b7e96d5717c40fd6,453,TWO_CHARACTERISTIC,2,powerSupply|customUserFluid,2,True,G,GP,ST,4,1,F,2,NN,NN,CS1,IS1,TT1,MN1,NOVALUE,FWI,1,1,NOVALUE,NOVALUE
CFG731_e27413a11a9ab2b4,x731,CFG731_b7e96d5717c40fd6,453,TWO_CHARACTERISTIC,2,stromSchaltbar|binaerDigitalOpenColl_MN,2,True,G,GP,ST,1,1,F,2,NN,NN,NOVALUE,IS1,TT1,NOVALUE,NOVALUE,FWI,1,1,1,NOVALUE
CFG731_351a67f1e43df44b,x731,CFG731_b7e96d5717c40fd6,453,TWO_CHARACTERISTIC,2,stromSchaltbar|dev_advMeterVerification,2,True,G,GP,ST,1,1,F,2,NN,NN,NOVALUE,IS1,TT1,MN1,NOVALUE,FWI,NOVALUE,1,1,NOVALUE
CFG731_71dc46109beb3123,x731,CFG731_b7e96d5717c40fd6,453,TWO_CHARACTERISTIC,2,stromSchaltbar|customUserFluid,2,True,G,GP,ST,1,1,F,2,NN,NN,NOVALUE,IS1,TT1,MN1,NOVALUE,FWI,1,1,NOVALUE,NOVALUE
CFG731_39d2b68af8ee8bd4,x731,CFG731_b7e96d5717c40fd6,453,TWO_CHARACTERISTIC,2,temperaturEingaenge|binaerDigitalOpenColl_MN,2,True,G,GP,ST,1,1,F,2,NN,NN,CS1,IS1,NOVALUE,NOVALUE,NOVALUE,FWI,1,1,1,NOVALUE
CFG731_48ae39cc67f583d1,x731,CFG731_b7e96d5717c40fd6,453,TWO_CHARACTERISTIC,2,temperaturEingaenge|dev_advMeterVerification,2,True,G,GP,ST,1,1,F,2,NN,NN,CS1,IS1,NOVALUE,MN1,NOVALUE,FWI,NOVALUE,1,1,NOVALUE
CFG731_fbd038a9763f4a61,x731,CFG731_b7e96d5717c40fd6,453,TWO_CHARACTERISTIC,2,temperaturEingaenge|customUserFluid,2,True,G,GP,ST,1,1,F,2,NN,NN,CS1,IS1,NOVALUE,MN1,NOVALUE,FWI,1,1,NOVALUE,NOVALUE
CFG731_d0b82c950cdeb2a1,x731,CFG731_b7e96d5717c40fd6,453,TWO_CHARACTERISTIC,2,binaerDigitalOpenColl_MN|dev_advMeterVerification,2,True,G,GP,ST,1,1,F,2,NN,NN,CS1,IS1,TT1,NOVALUE,NOVALUE,FWI,NOVALUE,1,1,NOVALUE
CFG731_654839af0bc28baa,x731,CFG731_b7e96d5717c40fd6,453,TWO_CHARACTERISTIC,2,binaerDigitalOpenColl_MN|customUserFluid,2,True,G,GP,ST,1,1,F,2,NN,NN,CS1,IS1,TT1,NOVALUE,NOVALUE,FWI,1,1,NOVALUE,NOVALUE
CFG731_82454844a820030c,x731,CFG731_b7e96d5717c40fd6,453,TWO_CHARACTERISTIC,2,dev_advMeterVerification|customUserFluid,2,True,G,GP,ST,1,1,F,2,NN,NN,CS1,IS1,TT1,MN1,NOVALUE,FWI,NOVALUE,1,NOVALUE,NOVALUE
CFG731_7b5593541cafaec0,x731,CFG731_5e2afc74c0c26cfc,456,TWO_CHARACTERISTIC,2,powerSupply|dataInterface,2,True,G,GP,ST,4,1,F,2,NN,HS,NOVALUE,IS1,NOVALUE,MN1,NOVALUE,FWI,1,1,1,NOVALUE
CFG731_cd4ce05277e21d29,x731,CFG731_5e2afc74c0c26cfc,456,TWO_CHARACTERISTIC,2,powerSupply|stromEingaenge,2,True,G,GP,ST,4,1,F,2,NN,NN,NOVALUE,NOVALUE,NOVALUE,MN1,NOVALUE,FWI,1,1,1,NOVALUE
CFG731_c3673947e78600f7,x731,CFG731_5e2afc74c0c26cfc,456,TWO_CHARACTERISTIC,2,powerSupply|binaerDigitalOpenColl_MN,2,True,G,GP,ST,4,1,F,2,NN,NN,NOVALUE,IS1,NOVALUE,NOVALUE,NOVALUE,FWI,1,1,1,NOVALUE
CFG731_0642c6af67df5462,x731,CFG731_5e2afc74c0c26cfc,456,TWO_CHARACTERISTIC,2,powerSupply|dev_advMeterVerification,2,True,G,GP,ST,4,1,F,2,NN,NN,NOVALUE,IS1,NOVALUE,MN1,NOVALUE,FWI,NOVALUE,1,1,NOVALUE
CFG731_60447b9885ab2456,x731,CFG731_5e2afc74c0c26cfc,456,TWO_CHARACTERISTIC,2,powerSupply|customUserFluid,2,True,G,GP,ST,4,1,F,2,NN,NN,NOVALUE,IS1,NOVALUE,MN1,NOVALUE,FWI,1,1,NOVALUE,NOVALUE
CFG731_a8d40dd6f47dfd39,x731,CFG731_5e2afc74c0c26cfc,456,TWO_CHARACTERISTIC,2,dataInterface|stromEingaenge,2,True,G,GP,ST,1,1,F,2,NN,HS,NOVALUE,NOVALUE,NOVALUE,MN1,NOVALUE,FWI,1,1,1,NOVALUE
CFG731_c089c6d6d2b00af5,x731,CFG731_5e2afc74c0c26cfc,456,TWO_CHARACTERISTIC,2,dataInterface|binaerDigitalOpenColl_MN,2,True,G,GP,ST,1,1,F,2,NN,HS,NOVALUE,IS1,NOVALUE,NOVALUE,NOVALUE,FWI,1,1,1,NOVALUE
CFG731_9ead457891029323,x731,CFG731_5e2afc74c0c26cfc,456,TWO_CHARACTERISTIC,2,dataInterface|dev_advMeterVerification,2,True,G,GP,ST,1,1,F,2,NN,HS,NOVALUE,IS1,NOVALUE,MN1,NOVALUE,FWI,NOVALUE,1,1,NOVALUE
CFG731_1d95c0df8842d184,x731,CFG731_5e2afc74c0c26cfc,456,TWO_CHARACTERISTIC,2,dataInterface|customUserFluid,2,True,G,GP,ST,1,1,F,2,NN,HS,NOVALUE,IS1,NOVALUE,MN1,NOVALUE,FWI,1,1,NOVALUE,NOVALUE
CFG731_28d91a700ee0ddc0,x731,CFG731_5e2afc74c0c26cfc,456,TWO_CHARACTERISTIC,2,stromEingaenge|binaerDigitalOpenColl_MN,2,True,G,GP,ST,1,1,F,2,NN,NN,NOVALUE,NOVALUE,NOVALUE,NOVALUE,NOVALUE,FWI,1,1,1,NOVALUE
CFG731_8e9fd55df128c289,x731,CFG731_5e2afc74c0c26cfc,456,TWO_CHARACTERISTIC,2,stromEingaenge|dev_advMeterVerification,2,True,G,GP,ST,1,1,F,2,NN,NN,NOVALUE,NOVALUE,NOVALUE,MN1,NOVALUE,FWI,NOVALUE,1,1,NOVALUE
CFG731_cf6a3ab729398190,x731,CFG731_5e2afc74c0c26cfc,456,TWO_CHARACTERISTIC,2,stromEingaenge|customUserFluid,2,True,G,GP,ST,1,1,F,2,NN,NN,NOVALUE,NOVALUE,NOVALUE,MN1,NOVALUE,FWI,1,1,NOVALUE,NOVALUE
CFG731_3a8139e9377fa143,x731,CFG731_5e2afc74c0c26cfc,456,TWO_CHARACTERISTIC,2,binaerDigitalOpenColl_MN|dev_advMeterVerification,2,True,G,GP,ST,1,1,F,2,NN,NN,NOVALUE,IS1,NOVALUE,NOVALUE,NOVALUE,FWI,NOVALUE,1,1,NOVALUE
CFG731_d7b82ab838d585e9,x731,CFG731_5e2afc74c0c26cfc,456,TWO_CHARACTERISTIC,2,binaerDigitalOpenColl_MN|customUserFluid,2,True,G,GP,ST,1,1,F,2,NN,NN,NOVALUE,IS1,NOVALUE,NOVALUE,NOVALUE,FWI,1,1,NOVALUE,NOVALUE
CFG731_f1cf4ed8cbc4ae93,x731,CFG731_5e2afc74c0c26cfc,456,TWO_CHARACTERISTIC,2,dev_advMeterVerification|customUserFluid,2,True,G,GP,ST,1,1,F,2,NN,NN,NOVALUE,IS1,NOVALUE,MN1,NOVALUE,FWI,NOVALUE,1,NOVALUE,NOVALUE
CFG731_bf3fd174a7b7bf2f,x731,CFG731_035be486053fdb66,457,TWO_CHARACTERISTIC,2,powerSupply|dataInterface,2,True,G,GP,ST,4,1,F,2,NN,HS,CS1,NOVALUE,NOVALUE,MN1,NOVALUE,FWI,1,1,1,NOVALUE
CFG731_4ad0c87ae96d10a0,x731,CFG731_035be486053fdb66,457,TWO_CHARACTERISTIC,2,powerSupply|binaerDigitalOpenColl_MN,2,True,G,GP,ST,4,1,F,2,NN,NN,CS1,NOVALUE,NOVALUE,NOVALUE,NOVALUE,FWI,1,1,1,NOVALUE
CFG731_44945b86bd4819fb,x731,CFG731_035be486053fdb66,457,TWO_CHARACTERISTIC,2,powerSupply|dev_advMeterVerification,2,True,G,GP,ST,4,1,F,2,NN,NN,CS1,NOVALUE,NOVALUE,MN1,NOVALUE,FWI,NOVALUE,1,1,NOVALUE
CFG731_036c4a54cf878e54,x731,CFG731_035be486053fdb66,457,TWO_CHARACTERISTIC,2,powerSupply|customUserFluid,2,True,G,GP,ST,4,1,F,2,NN,NN,CS1,NOVALUE,NOVALUE,MN1,NOVALUE,FWI,1,1,NOVALUE,NOVALUE
CFG731_bd46fac6d8a7fd0d,x731,CFG731_035be486053fdb66,457,TWO_CHARACTERISTIC,2,dataInterface|binaerDigitalOpenColl_MN,2,True,G,GP,ST,1,1,F,2,NN,HS,CS1,NOVALUE,NOVALUE,NOVALUE,NOVALUE,FWI,1,1,1,NOVALUE
CFG731_ee2708e1915804e7,x731,CFG731_035be486053fdb66,457,TWO_CHARACTERISTIC,2,dataInterface|dev_advMeterVerification,2,True,G,GP,ST,1,1,F,2,NN,HS,CS1,NOVALUE,NOVALUE,MN1,NOVALUE,FWI,NOVALUE,1,1,NOVALUE
CFG731_e1af3c61d5ccf8cd,x731,CFG731_035be486053fdb66,457,TWO_CHARACTERISTIC,2,dataInterface|customUserFluid,2,True,G,GP,ST,1,1,F,2,NN,HS,CS1,NOVALUE,NOVALUE,MN1,NOVALUE,FWI,1,1,NOVALUE,NOVALUE
CFG731_4804eb7da7298ac9,x731,CFG731_035be486053fdb66,457,TWO_CHARACTERISTIC,2,binaerDigitalOpenColl_MN|dev_advMeterVerification,2,True,G,GP,ST,1,1,F,2,NN,NN,CS1,NOVALUE,NOVALUE,NOVALUE,NOVALUE,FWI,NOVALUE,1,1,NOVALUE
CFG731_bdc0dd7f2160d127,x731,CFG731_035be486053fdb66,457,TWO_CHARACTERISTIC,2,binaerDigitalOpenColl_MN|customUserFluid,2,True,G,GP,ST,1,1,F,2,NN,NN,CS1,NOVALUE,NOVALUE,NOVALUE,NOVALUE,FWI,1,1,NOVALUE,NOVALUE
CFG731_e02fe4b26df59da9,x731,CFG731_035be486053fdb66,457,TWO_CHARACTERISTIC,2,dev_advMeterVerification|customUserFluid,2,True,G,GP,ST,1,1,F,2,NN,NN,CS1,NOVALUE,NOVALUE,MN1,NOVALUE,FWI,NOVALUE,1,NOVALUE,NOVALUE
CFG731_4963ad0c0bbd7566,x731,CFG731_af5b0ebc51685059,465,TWO_CHARACTERISTIC,2,powerSupply|stromSchaltbar,2,True,G,GP,ST,4,1,F,2,NN,HS,NOVALUE,NOVALUE,TT1,MN1,NOVALUE,FWI,1,1,1,NOVALUE
CFG731_9526ef734f8d3f5c,x731,CFG731_af5b0ebc51685059,465,TWO_CHARACTERISTIC,2,powerSupply|binaerDigitalOpenColl_MN,2,True,G,GP,ST,4,1,F,2,NN,HS,CS1,NOVALUE,TT1,NOVALUE,NOVALUE,FWI,1,1,1,NOVALUE
CFG731_3bc4fc0144ba18c3,x731,CFG731_af5b0ebc51685059,465,TWO_CHARACTERISTIC,2,powerSupply|dev_advMeterVerification,2,True,G,GP,ST,4,1,F,2,NN,HS,CS1,NOVALUE,TT1,MN1,NOVALUE,FWI,NOVALUE,1,1,NOVALUE
CFG731_6c5beadb25dcdfac,x731,CFG731_af5b0ebc51685059,465,TWO_CHARACTERISTIC,2,powerSupply|customUserFluid,2,True,G,GP,ST,4,1,F,2,NN,HS,CS1,NOVALUE,TT1,MN1,NOVALUE,FWI,1,1,NOVALUE,NOVALUE
CFG731_14a2e55b6406ba54,x731,CFG731_af5b0ebc51685059,465,TWO_CHARACTERISTIC,2,stromSchaltbar|binaerDigitalOpenColl_MN,2,True,G,GP,ST,1,1,F,2,NN,HS,NOVALUE,NOVALUE,TT1,NOVALUE,NOVALUE,FWI,1,1,1,NOVALUE
CFG731_a3f3cc350859fefa,x731,CFG731_af5b0ebc51685059,465,TWO_CHARACTERISTIC,2,stromSchaltbar|dev_advMeterVerification,2,True,G,GP,ST,1,1,F,2,NN,HS,NOVALUE,NOVALUE,TT1,MN1,NOVALUE,FWI,NOVALUE,1,1,NOVALUE
CFG731_be8e635142e68bf5,x731,CFG731_af5b0ebc51685059,465,TWO_CHARACTERISTIC,2,stromSchaltbar|customUserFluid,2,True,G,GP,ST,1,1,F,2,NN,HS,NOVALUE,NOVALUE,TT1,MN1,NOVALUE,FWI,1,1,NOVALUE,NOVALUE
CFG731_7870bb991e836589,x731,CFG731_af5b0ebc51685059,465,TWO_CHARACTERISTIC,2,binaerDigitalOpenColl_MN|dev_advMeterVerification,2,True,G,GP,ST,1,1,F,2,NN,HS,CS1,NOVALUE,TT1,NOVALUE,NOVALUE,FWI,NOVALUE,1,1,NOVALUE
CFG731_781438c58a003a2c,x731,CFG731_af5b0ebc51685059,465,TWO_CHARACTERISTIC,2,binaerDigitalOpenColl_MN|customUserFluid,2,True,G,GP,ST,1,1,F,2,NN,HS,CS1,NOVALUE,TT1,NOVALUE,NOVALUE,FWI,1,1,NOVALUE,NOVALUE
CFG731_b245b0c0a10bcc8c,x731,CFG731_af5b0ebc51685059,465,TWO_CHARACTERISTIC,2,dev_advMeterVerification|customUserFluid,2,True,G,GP,ST,1,1,F,2,NN,HS,CS1,NOVALUE,TT1,MN1,NOVALUE,FWI,NOVALUE,1,NOVALUE,NOVALUE
CFG731_38886279f709856a,x731,CFG731_31aa13473958d7d3,467,TWO_CHARACTERISTIC,2,powerSupply|temperaturEingaenge,2,True,G,GP,ST,4,1,F,2,NN,HS,CS1,IS1,NOVALUE,MN1,NOVALUE,FWI,1,1,1,NOVALUE
CFG731_66e3d8f19772c311,x731,CFG731_31aa13473958d7d3,467,TWO_CHARACTERISTIC,2,powerSupply|binaerDigitalOpenColl_MN,2,True,G,GP,ST,4,1,F,2,NN,HS,CS1,IS1,TT1,NOVALUE,NOVALUE,FWI,1,1,1,NOVALUE
CFG731_1810ba16ba422de6,x731,CFG731_31aa13473958d7d3,467,TWO_CHARACTERISTIC,2,powerSupply|dev_advMeterVerification,2,True,G,GP,ST,4,1,F,2,NN,HS,CS1,IS1,TT1,MN1,NOVALUE,FWI,NOVALUE,1,1,NOVALUE
CFG731_700a8e9c9999463d,x731,CFG731_31aa13473958d7d3,467,TWO_CHARACTERISTIC,2,powerSupply|customUserFluid,2,True,G,GP,ST,4,1,F,2,NN,HS,CS1,IS1,TT1,MN1,NOVALUE,FWI,1,1,NOVALUE,NOVALUE
CFG731_941753987cdaff4b,x731,CFG731_31aa13473958d7d3,467,TWO_CHARACTERISTIC,2,temperaturEingaenge|binaerDigitalOpenColl_MN,2,True,G,GP,ST,1,1,F,2,NN,HS,CS1,IS1,NOVALUE,NOVALUE,NOVALUE,FWI,1,1,1,NOVALUE
CFG731_698d5a2452cfb0ae,x731,CFG731_31aa13473958d7d3,467,TWO_CHARACTERISTIC,2,temperaturEingaenge|dev_advMeterVerification,2,True,G,GP,ST,1,1,F,2,NN,HS,CS1,IS1,NOVALUE,MN1,NOVALUE,FWI,NOVALUE,1,1,NOVALUE
CFG731_92760e0766e8d4af,x731,CFG731_31aa13473958d7d3,467,TWO_CHARACTERISTIC,2,temperaturEingaenge|customUserFluid,2,True,G,GP,ST,1,1,F,2,NN,HS,CS1,IS1,NOVALUE,MN1,NOVALUE,FWI,1,1,NOVALUE,NOVALUE
CFG731_fee64f058760e7b8,x731,CFG731_31aa13473958d7d3,467,TWO_CHARACTERISTIC,2,binaerDigitalOpenColl_MN|dev_advMeterVerification,2,True,G,GP,ST,1,1,F,2,NN,HS,CS1,IS1,TT1,NOVALUE,NOVALUE,FWI,NOVALUE,1,1,NOVALUE
CFG731_5d396daa761b00c6,x731,CFG731_31aa13473958d7d3,467,TWO_CHARACTERISTIC,2,binaerDigitalOpenColl_MN|customUserFluid,2,True,G,GP,ST,1,1,F,2,NN,HS,CS1,IS1,TT1,NOVALUE,NOVALUE,FWI,1,1,NOVALUE,NOVALUE
CFG731_52a4267a2395f99d,x731,CFG731_31aa13473958d7d3,467,TWO_CHARACTERISTIC,2,dev_advMeterVerification|customUserFluid,2,True,G,GP,ST,1,1,F,2,NN,HS,CS1,IS1,TT1,MN1,NOVALUE,FWI,NOVALUE,1,NOVALUE,NOVALUE
CFG731_27262f668431b7d8,x731,CFG731_f2009d42f55088a9,469,TWO_CHARACTERISTIC,2,powerSupply|binaerDigitalOpenColl_MN,2,True,G,GP,ST,4,1,F,2,NN,HS,NOVALUE,IS1,TT1,NOVALUE,NOVALUE,FWI,1,1,1,NOVALUE
CFG731_9271f76203edc085,x731,CFG731_f2009d42f55088a9,469,TWO_CHARACTERISTIC,2,powerSupply|dev_advMeterVerification,2,True,G,GP,ST,4,1,F,2,NN,HS,NOVALUE,IS1,TT1,MN1,NOVALUE,FWI,NOVALUE,1,1,NOVALUE
CFG731_6281374be66ed018,x731,CFG731_f2009d42f55088a9,469,TWO_CHARACTERISTIC,2,powerSupply|customUserFluid,2,True,G,GP,ST,4,1,F,2,NN,HS,NOVALUE,IS1,TT1,MN1,NOVALUE,FWI,1,1,NOVALUE,NOVALUE
CFG731_3a402343457d5ca3,x731,CFG731_f2009d42f55088a9,469,TWO_CHARACTERISTIC,2,binaerDigitalOpenColl_MN|dev_advMeterVerification,2,True,G,GP,ST,1,1,F,2,NN,HS,NOVALUE,IS1,TT1,NOVALUE,NOVALUE,FWI,NOVALUE,1,1,NOVALUE
CFG731_edd62f5541be2bb0,x731,CFG731_f2009d42f55088a9,469,TWO_CHARACTERISTIC,2,binaerDigitalOpenColl_MN|customUserFluid,2,True,G,GP,ST,1,1,F,2,NN,HS,NOVALUE,IS1,TT1,NOVALUE,NOVALUE,FWI,1,1,NOVALUE,NOVALUE
CFG731_6f79ea186fcb433f,x731,CFG731_f2009d42f55088a9,469,TWO_CHARACTERISTIC,2,dev_advMeterVerification|customUserFluid,2,True,G,GP,ST,1,1,F,2,NN,HS,NOVALUE,IS1,TT1,MN1,NOVALUE,FWI,NOVALUE,1,NOVALUE,NOVALUE
CFG731_f6ca7020eb9f053e,x731,CFG731_c9498cf6f4410d44,470,TWO_CHARACTERISTIC,2,devCategory|powerSupply,2,True,F,GP,ST,4,1,F,2,NN,NN,CS1,IS1,TT1,MN1,NOVALUE,FWI,NOVALUE,NOVALUE,NOVALUE,NOVALUE
CFG731_95cdf69af7398aac,x731,CFG731_c9498cf6f4410d44,470,TWO_CHARACTERISTIC,2,devCategory|powerSupply,2,True,G,GP,ST,4,1,F,2,NN,NN,CS1,IS1,TT1,MN1,NOVALUE,FWI,NOVALUE,NOVALUE,NOVALUE,NOVALUE
CFG731_609f9514fa44167a,x731,CFG731_c9498cf6f4410d44,470,TWO_CHARACTERISTIC,2,devCategory|stromSchaltbar,2,True,F,GP,ST,1,1,F,2,NN,NN,NOVALUE,IS1,TT1,MN1,NOVALUE,FWI,NOVALUE,NOVALUE,NOVALUE,NOVALUE
CFG731_a0e3db331309db2f,x731,CFG731_c9498cf6f4410d44,470,TWO_CHARACTERISTIC,2,devCategory|stromSchaltbar,2,True,G,GP,ST,1,1,F,2,NN,NN,NOVALUE,IS1,TT1,MN1,NOVALUE,FWI,NOVALUE,NOVALUE,NOVALUE,NOVALUE
CFG731_fecd6a5d51db06ac,x731,CFG731_c9498cf6f4410d44,470,TWO_CHARACTERISTIC,2,devCategory|stromEingaenge,2,True,G,GP,ST,1,1,F,2,NN,NN,CS1,NOVALUE,TT1,MN1,NOVALUE,FWI,NOVALUE,NOVALUE,NOVALUE,NOVALUE
CFG731_d1c02c4d0cc90e19,x731,CFG731_c9498cf6f4410d44,470,TWO_CHARACTERISTIC,2,devCategory|temperaturEingaenge,2,True,F,GP,ST,1,1,F,2,NN,NN,CS1,IS1,NOVALUE,MN1,NOVALUE,FWI,NOVALUE,NOVALUE,NOVALUE,NOVALUE
CFG731_6ba40990717ff68f,x731,CFG731_c9498cf6f4410d44,470,TWO_CHARACTERISTIC,2,devCategory|temperaturEingaenge,2,True,G,GP,ST,1,1,F,2,NN,NN,CS1,IS1,NOVALUE,MN1,NOVALUE,FWI,NOVALUE,NOVALUE,NOVALUE,NOVALUE
CFG731_3a27e726ba2bf51f,x731,CFG731_c9498cf6f4410d44,470,TWO_CHARACTERISTIC,2,devCategory|binaerDigitalOpenColl_MN,2,True,F,GP,ST,1,1,F,2,NN,NN,CS1,IS1,TT1,NOVALUE,NOVALUE,FWI,NOVALUE,NOVALUE,NOVALUE,NOVALUE
CFG731_2d67bbf4637e861f,x731,CFG731_c9498cf6f4410d44,470,TWO_CHARACTERISTIC,2,devCategory|binaerDigitalOpenColl_MN,2,True,G,GP,ST,1,1,F,2,NN,NN,CS1,IS1,TT1,NOVALUE,NOVALUE,FWI,NOVALUE,NOVALUE,NOVALUE,NOVALUE
CFG731_972e075438628fb0,x731,CFG731_c9498cf6f4410d44,470,TWO_CHARACTERISTIC,2,powerSupply|stromSchaltbar,2,True,H,GP,ST,4,1,F,2,NN,NN,NOVALUE,IS1,TT1,MN1,NOVALUE,FWI,NOVALUE,NOVALUE,NOVALUE,NOVALUE
CFG731_06a9ab9b2e499d23,x731,CFG731_c9498cf6f4410d44,470,TWO_CHARACTERISTIC,2,powerSupply|binaerDigitalOpenColl_MN,2,True,H,GP,ST,4,1,F,2,NN,NN,CS1,IS1,TT1,NOVALUE,NOVALUE,FWI,NOVALUE,NOVALUE,NOVALUE,NOVALUE
CFG731_e3719f3ff9ae8252,x731,CFG731_c9498cf6f4410d44,470,TWO_CHARACTERISTIC,2,stromSchaltbar|binaerDigitalOpenColl_MN,2,True,H,GP,ST,1,1,F,2,NN,NN,NOVALUE,IS1,TT1,NOVALUE,NOVALUE,FWI,NOVALUE,NOVALUE,NOVALUE,NOVALUE
CFG731_833e22dcc487f3db,x731,CFG731_8189439864af87ea,477,TWO_CHARACTERISTIC,2,devCategory|powerSupply,2,True,F,GP,ST,4,1,F,2,NN,HS,CS1,IS1,TT1,MN1,NOVALUE,FWI,NOVALUE,NOVALUE,NOVALUE,NOVALUE
CFG731_806ab6a5ef20dc57,x731,CFG731_8189439864af87ea,477,TWO_CHARACTERISTIC,2,devCategory|powerSupply,2,True,G,GP,ST,4,1,F,2,NN,HS,CS1,IS1,TT1,MN1,NOVALUE,FWI,NOVALUE,NOVALUE,NOVALUE,NOVALUE
CFG731_840112cf0c6fbeff,x731,CFG731_8189439864af87ea,477,TWO_CHARACTERISTIC,2,devCategory|stromEingaenge,2,True,G,GP,ST,1,1,F,2,NN,HS,CS1,NOVALUE,TT1,MN1,NOVALUE,FWI,NOVALUE,NOVALUE,NOVALUE,NOVALUE
CFG731_7922105a619de8c4,x731,CFG731_8189439864af87ea,477,TWO_CHARACTERISTIC,2,devCategory|temperaturEingaenge,2,True,F,GP,ST,1,1,F,2,NN,HS,CS1,IS1,NOVALUE,MN1,NOVALUE,FWI,NOVALUE,NOVALUE,NOVALUE,NOVALUE
CFG731_1d0f8d9da0dc645e,x731,CFG731_8189439864af87ea,477,TWO_CHARACTERISTIC,2,devCategory|temperaturEingaenge,2,True,G,GP,ST,1,1,F,2,NN,HS,CS1,IS1,NOVALUE,MN1,NOVALUE,FWI,NOVALUE,NOVALUE,NOVALUE,NOVALUE
CFG731_1e1d56c9904c916f,x731,CFG731_8189439864af87ea,477,TWO_CHARACTERISTIC,2,devCategory|binaerDigitalOpenColl_MN,2,True,F,GP,ST,1,1,F,2,NN,HS,CS1,IS1,TT1,NOVALUE,NOVALUE,FWI,NOVALUE,NOVALUE,NOVALUE,NOVALUE
CFG731_bb5aee8a4ae4203d,x731,CFG731_8189439864af87ea,477,TWO_CHARACTERISTIC,2,devCategory|binaerDigitalOpenColl_MN,2,True,G,GP,ST,1,1,F,2,NN,HS,CS1,IS1,TT1,NOVALUE,NOVALUE,FWI,NOVALUE,NOVALUE,NOVALUE,NOVALUE
CFG731_734f14a7ff11b394,x731,CFG731_8189439864af87ea,477,TWO_CHARACTERISTIC,2,powerSupply|binaerDigitalOpenColl_MN,2,True,H,GP,ST,4,1,F,2,NN,HS,CS1,IS1,TT1,NOVALUE,NOVALUE,FWI,NOVALUE,NOVALUE,NOVALUE,NOVALUE
CFG731_baea6ba4f05ba964,x731,CFG731_b1631f2fb876e4f4,479,TWO_CHARACTERISTIC,2,devCategory|powerSupply,2,True,F,GP,ST,4,1,F,2,NN,HS,NOVALUE,IS1,TT1,MN1,NOVALUE,FWI,NOVALUE,NOVALUE,NOVALUE,NOVALUE
CFG731_d577c152e3485024,x731,CFG731_b1631f2fb876e4f4,479,TWO_CHARACTERISTIC,2,devCategory|powerSupply,2,True,G,GP,ST,4,1,F,2,NN,HS,NOVALUE,IS1,TT1,MN1,NOVALUE,FWI,NOVALUE,NOVALUE,NOVALUE,NOVALUE
CFG731_644efca41c3e2def,x731,CFG731_b1631f2fb876e4f4,479,TWO_CHARACTERISTIC,2,devCategory|stromEingaenge,2,True,F,GP,ST,1,1,F,2,NN,HS,NOVALUE,NOVALUE,TT1,MN1,NOVALUE,FWI,NOVALUE,NOVALUE,NOVALUE,NOVALUE
CFG731_1a45a873304c3d52,x731,CFG731_b1631f2fb876e4f4,479,TWO_CHARACTERISTIC,2,devCategory|stromEingaenge,2,True,G,GP,ST,1,1,F,2,NN,HS,NOVALUE,NOVALUE,TT1,MN1,NOVALUE,FWI,NOVALUE,NOVALUE,NOVALUE,NOVALUE
CFG731_612322a75794f61a,x731,CFG731_b1631f2fb876e4f4,479,TWO_CHARACTERISTIC,2,devCategory|temperaturEingaenge,2,True,F,GP,ST,1,1,F,2,NN,HS,NOVALUE,IS1,NOVALUE,MN1,NOVALUE,FWI,NOVALUE,NOVALUE,NOVALUE,NOVALUE
CFG731_bab314aad969ed48,x731,CFG731_b1631f2fb876e4f4,479,TWO_CHARACTERISTIC,2,devCategory|temperaturEingaenge,2,True,G,GP,ST,1,1,F,2,NN,HS,NOVALUE,IS1,NOVALUE,MN1,NOVALUE,FWI,NOVALUE,NOVALUE,NOVALUE,NOVALUE
CFG731_6b21e1ee2b75a7cf,x731,CFG731_b1631f2fb876e4f4,479,TWO_CHARACTERISTIC,2,devCategory|binaerDigitalOpenColl_MN,2,True,F,GP,ST,1,1,F,2,NN,HS,NOVALUE,IS1,TT1,NOVALUE,NOVALUE,FWI,NOVALUE,NOVALUE,NOVALUE,NOVALUE
CFG731_558c0cc81a7cd52b,x731,CFG731_b1631f2fb876e4f4,479,TWO_CHARACTERISTIC,2,devCategory|binaerDigitalOpenColl_MN,2,True,G,GP,ST,1,1,F,2,NN,HS,NOVALUE,IS1,TT1,NOVALUE,NOVALUE,FWI,NOVALUE,NOVALUE,NOVALUE,NOVALUE
CFG731_3b63111df99be9af,x731,CFG731_b1631f2fb876e4f4,479,TWO_CHARACTERISTIC,2,powerSupply|binaerDigitalOpenColl_MN,2,True,H,GP,ST,4,1,F,2,NN,HS,NOVALUE,IS1,TT1,NOVALUE,NOVALUE,FWI,NOVALUE,NOVALUE,NOVALUE,NOVALUE
CFG731_4664eb01d8e0d814,G731ST-LT,CFG731_d5af433b36265df1,480,TWO_CHARACTERISTIC,2,stromSchaltbar|binaerDigitalOpenColl_MN,2,True,G,ST,ST,1,1,F,2,NN,NN,NOVALUE,NOVALUE,TT1,NOVALUE,NOVALUE,NOVALUE,1,NOVALUE,1,N
CFG731_d13c83b11f9e8e6b,G731ST-LT,CFG731_715a3d3226cbaffd,482,TWO_CHARACTERISTIC,2,stromSchaltbar|binaerDigitalOpenColl_MN,2,True,G,ST,ST,1,1,F,2,NN,NN,NOVALUE,IS1,TT1,NOVALUE,NOVALUE,NOVALUE,1,NOVALUE,1,N
CFG731_4af6ce8aafe12718,G731ST-LT,CFG731_715a3d3226cbaffd,482,TWO_CHARACTERISTIC,2,temperaturEingaenge|binaerDigitalOpenColl_MN,2,True,G,ST,ST,1,1,F,2,NN,NN,CS1,IS1,NOVALUE,NOVALUE,NOVALUE,NOVALUE,1,NOVALUE,1,N
CFG731_adf1bbb0fbae3d43,G731ST-LT,CFG731_9548d55d92816998,485,TWO_CHARACTERISTIC,2,dataInterface|stromEingaenge,2,True,G,ST,ST,1,1,F,2,NN,HS,NOVALUE,NOVALUE,NOVALUE,MN1,NOVALUE,NOVALUE,1,NOVALUE,1,N
CFG731_860bc01d9dedca34,G731ST-LT,CFG731_9548d55d92816998,485,TWO_CHARACTERISTIC,2,dataInterface|binaerDigitalOpenColl_MN,2,True,G,ST,ST,1,1,F,2,NN,HS,NOVALUE,IS1,NOVALUE,NOVALUE,NOVALUE,NOVALUE,1,NOVALUE,1,N
CFG731_dac27b97cd6b7ff8,G731ST-LT,CFG731_9548d55d92816998,485,TWO_CHARACTERISTIC,2,stromEingaenge|binaerDigitalOpenColl_MN,2,True,G,ST,ST,1,1,F,2,NN,NN,NOVALUE,NOVALUE,NOVALUE,NOVALUE,NOVALUE,NOVALUE,1,NOVALUE,1,N
CFG731_4e6d408e3835a78c,G731ST-LT,CFG731_d3e51804db148a52,486,TWO_CHARACTERISTIC,2,dataInterface|binaerDigitalOpenColl_MN,2,True,G,ST,ST,1,1,F,2,NN,HS,CS1,NOVALUE,NOVALUE,NOVALUE,NOVALUE,NOVALUE,1,NOVALUE,1,N
CFG731_a6345128ba3ac0ae,G731ST-LT,CFG731_77dd17c48f15826c,494,TWO_CHARACTERISTIC,2,stromSchaltbar|binaerDigitalOpenColl_MN,2,True,G,ST,ST,1,1,F,2,NN,HS,NOVALUE,NOVALUE,TT1,NOVALUE,NOVALUE,NOVALUE,1,NOVALUE,1,N
CFG731_dfaf20bc1109654c,G731ST-LT,CFG731_ab4075c601d1397c,496,TWO_CHARACTERISTIC,2,temperaturEingaenge|binaerDigitalOpenColl_MN,2,True,G,ST,ST,1,1,F,2,NN,HS,CS1,IS1,NOVALUE,NOVALUE,NOVALUE,NOVALUE,1,NOVALUE,1,N
CFG731_0d702af5b6ad917a,G731ST-HT,CFG731_83a3644f76b45069,499,TWO_CHARACTERISTIC,2,stromSchaltbar|binaerDigitalOpenColl_MN,2,True,G,ST,ST,1,2,F,2,NN,NN,NOVALUE,NOVALUE,TT1,NOVALUE,NOVALUE,FWI,NOVALUE,NOVALUE,1,H
CFG731_0a7442deea492515,G731ST-HT,CFG731_4aa7d46b9cfa7d7b,501,TWO_CHARACTERISTIC,2,stromSchaltbar|binaerDigitalOpenColl_MN,2,True,G,ST,ST,1,2,F,2,NN,NN,NOVALUE,IS1,TT1,NOVALUE,NOVALUE,FWI,NOVALUE,NOVALUE,1,H
CFG731_8359ab8a7e1e9441,G731ST-HT,CFG731_4aa7d46b9cfa7d7b,501,TWO_CHARACTERISTIC,2,temperaturEingaenge|binaerDigitalOpenColl_MN,2,True,G,ST,ST,1,2,F,2,NN,NN,CS1,IS1,NOVALUE,NOVALUE,NOVALUE,FWI,NOVALUE,NOVALUE,1,H
CFG731_72c29a4e09091582,G731ST-HT,CFG731_b3b502cc22fcd72e,504,TWO_CHARACTERISTIC,2,dataInterface|stromEingaenge,2,True,G,ST,ST,1,2,F,2,NN,HS,NOVALUE,NOVALUE,NOVALUE,MN1,NOVALUE,FWI,NOVALUE,NOVALUE,1,H
CFG731_1148a7e1b6e36991,G731ST-HT,CFG731_b3b502cc22fcd72e,504,TWO_CHARACTERISTIC,2,dataInterface|binaerDigitalOpenColl_MN,2,True,G,ST,ST,1,2,F,2,NN,HS,NOVALUE,IS1,NOVALUE,NOVALUE,NOVALUE,FWI,NOVALUE,NOVALUE,1,H
CFG731_a3f0351ba3b28561,G731ST-HT,CFG731_b3b502cc22fcd72e,504,TWO_CHARACTERISTIC,2,stromEingaenge|binaerDigitalOpenColl_MN,2,True,G,ST,ST,1,2,F,2,NN,NN,NOVALUE,NOVALUE,NOVALUE,NOVALUE,NOVALUE,FWI,NOVALUE,NOVALUE,1,H
CFG731_8c2005b3a4cbdd8a,G731ST-HT,CFG731_fa91f60062985c6d,505,TWO_CHARACTERISTIC,2,dataInterface|binaerDigitalOpenColl_MN,2,True,G,ST,ST,1,2,F,2,NN,HS,CS1,NOVALUE,NOVALUE,NOVALUE,NOVALUE,FWI,NOVALUE,NOVALUE,1,H
CFG731_4b2c0e571415f5cc,G731ST-HT,CFG731_d03860c1f327a8d1,513,TWO_CHARACTERISTIC,2,stromSchaltbar|binaerDigitalOpenColl_MN,2,True,G,ST,ST,1,2,F,2,NN,HS,NOVALUE,NOVALUE,TT1,NOVALUE,NOVALUE,FWI,NOVALUE,NOVALUE,1,H
CFG731_447da7f7149cbb14,G731ST-HT,CFG731_329b582435fea539,515,TWO_CHARACTERISTIC,2,temperaturEingaenge|binaerDigitalOpenColl_MN,2,True,G,ST,ST,1,2,F,2,NN,HS,CS1,IS1,NOVALUE,NOVALUE,NOVALUE,FWI,NOVALUE,NOVALUE,1,H
CFG731_a92dfc7e530cbf88,x731,CFG731_db395082b1a3b8ac,518,TWO_CHARACTERISTIC,2,powerSupply|stromSchaltbar,2,True,S,GP,ST,4,1,F,2,NN,NN,NOVALUE,IS1,TT1,MN1,NOVALUE,FWI,NOVALUE,NOVALUE,NOVALUE,NOVALUE
CFG731_c640b5e8e10ff5e6,x731,CFG731_db395082b1a3b8ac,518,TWO_CHARACTERISTIC,2,powerSupply|binaerDigitalOpenColl_MN,2,True,S,GP,ST,4,1,F,2,NN,NN,CS1,IS1,TT1,NOVALUE,NOVALUE,FWI,NOVALUE,NOVALUE,NOVALUE,NOVALUE
CFG731_21cf39d47f0d98ac,x731,CFG731_db395082b1a3b8ac,518,TWO_CHARACTERISTIC,2,stromSchaltbar|binaerDigitalOpenColl_MN,2,True,S,GP,ST,1,1,F,2,NN,NN,NOVALUE,IS1,TT1,NOVALUE,NOVALUE,FWI,NOVALUE,NOVALUE,NOVALUE,NOVALUE
CFG731_4297d68b978dc0d5,x731,CFG731_dbe9c00b3af80524,525,TWO_CHARACTERISTIC,2,powerSupply|binaerDigitalOpenColl_MN,2,True,S,GP,ST,4,1,F,2,NN,HS,CS1,IS1,TT1,NOVALUE,NOVALUE,FWI,NOVALUE,NOVALUE,NOVALUE,NOVALUE
CFG731_7bb3a18bcb60bab4,x731,CFG731_7afa5501026394f9,527,TWO_CHARACTERISTIC,2,powerSupply|binaerDigitalOpenColl_MN,2,True,S,GP,ST,4,1,F,2,NN,HS,NOVALUE,IS1,TT1,NOVALUE,NOVALUE,FWI,NOVALUE,NOVALUE,NOVALUE,NOVALUE
CFG731_b265e25b7baf721d,F731PW,CFG731_ef211cb97feaddc8,532,TWO_CHARACTERISTIC,2,dataInterface|binaerOpenColl_MP,1,True,F,PW,ST,1,1,A,2,NN,MR,CS1,NOVALUE,NOVALUE,NOVALUE,NOVALUE,NOVALUE,1,NOVALUE,NOVALUE,NOVALUE
CFG731_00f08838a21d3799,F731PW,CFG731_956456fc074ebc5a,534,TWO_CHARACTERISTIC,2,explosionApproval|binaerOpenColl_MP,2,True,F,PW,ST,1,1,F,2,NN,MR,CS1,NOVALUE,NOVALUE,NOVALUE,NOVALUE,NOVALUE,1,NOVALUE,NOVALUE,NOVALUE
CFG731_327bfa077bbbd45e,F731PW,CFG731_a9f22ebc14287e5d,536,DEPENDENCY_TWO_CHARACTERISTIC,2,dataInterface|explosionApproval,1,True,F,PW,ST,1,1,F,2,NN,MR,CS1,NOVALUE,NOVALUE,MN2,NOVALUE,NOVALUE,1,NOVALUE,NOVALUE,NOVALUE
CFG731_10e74d757a2fa2a6,F731PW,CFG731_0d8116f4900c6919,540,TWO_CHARACTERISTIC,2,dataInterface|binaerDigitalOpenColl_MN,1,True,F,PW,ST,1,1,F,2,NN,MT,CS1,NOVALUE,NOVALUE,NOVALUE,NOVALUE,NOVALUE,1,NOVALUE,NOVALUE,NOVALUE
CFG731_3a824c7e49bfd8f4,x731,CFG731_33fed5318b1a4f2f,544,ONE_CHARACTERISTIC,1,devCategory,1,True,G,GP,ST,4,1,N,N,MN,NN,CS1,NOVALUE,TT1,NOVALUE,MP1,FWI,1,NOVALUE,1,NOVALUE
CFG731_3b56310e368fd60f,x731,CFG731_33fed5318b1a4f2f,544,ONE_CHARACTERISTIC,1,stromSchaltbar,1,True,F,GP,ST,4,1,N,N,MN,NN,NOVALUE,NOVALUE,TT1,NOVALUE,MP1,FWI,1,NOVALUE,1,NOVALUE
CFG731_7157b3d45716ad8f,x731,CFG731_33fed5318b1a4f2f,544,ONE_CHARACTERISTIC,1,binaerOpenColl_MP,1,True,F,GP,ST,4,1,N,N,MN,NN,CS1,NOVALUE,TT1,NOVALUE,NOVALUE,FWI,1,NOVALUE,1,NOVALUE
CFG731_e41b982d6fc688b8,x731,CFG731_33fed5318b1a4f2f,544,ONE_CHARACTERISTIC,1,dev_advMeterVerification,1,True,F,GP,ST,4,1,N,N,MN,NN,CS1,NOVALUE,TT1,NOVALUE,MP1,FWI,NOVALUE,NOVALUE,1,NOVALUE
CFG731_3727d181b2806370,x731,CFG731_33fed5318b1a4f2f,544,ONE_CHARACTERISTIC,1,customUserFluid,1,True,F,GP,ST,4,1,N,N,MN,NN,CS1,NOVALUE,TT1,NOVALUE,MP1,FWI,1,NOVALUE,NOVALUE,NOVALUE
CFG731_5f8ddbba4a0cb6e7,x731,CFG731_33fed5318b1a4f2f,544,DEPENDENCY_TWO_CHARACTERISTIC,2,stromEingaenge|temperaturEingaenge,1,True,F,GP,ST,4,1,N,N,MN,NN,CS1,IS1,NOVALUE,NOVALUE,MP1,FWI,1,NOVALUE,1,NOVALUE
CFG731_30c5366e624499a8,x731,CFG731_33fed5318b1a4f2f,544,DEPENDENCY_TWO_CHARACTERISTIC,2,stromSchaltbar|stromEingaenge,1,True,F,GP,ST,4,1,N,N,MN,NN,NOVALUE,IS1,TT1,NOVALUE,MP1,FWI,1,NOVALUE,1,NOVALUE
CFG731_33c8c685d7c8530a,x731,CFG731_33fed5318b1a4f2f,544,DEPENDENCY_TWO_CHARACTERISTIC,2,stromSchaltbar|temperaturEingaenge,1,True,F,GP,ST,4,1,N,N,MN,NN,NOVALUE,NOVALUE,NOVALUE,NOVALUE,MP1,FWI,1,NOVALUE,1,NOVALUE
CFG731_74d881f8ffd9c565,x731,CFG731_33fed5318b1a4f2f,544,TWO_CHARACTERISTIC,2,devCategory|dataInterface,1,True,G,GP,ST,4,1,N,N,MN,HS,CS1,NOVALUE,TT1,NOVALUE,MP1,FWI,1,NOVALUE,1,NOVALUE
CFG731_520156e8dfed9cfb,x731,CFG731_33fed5318b1a4f2f,544,TWO_CHARACTERISTIC,2,devCategory|stromSchaltbar,2,True,G,GP,ST,4,1,N,N,MN,NN,NOVALUE,NOVALUE,TT1,NOVALUE,MP1,FWI,1,NOVALUE,1,NOVALUE
CFG731_23f11439e1eaa657,x731,CFG731_33fed5318b1a4f2f,544,TWO_CHARACTERISTIC,2,devCategory|stromEingaenge,1,True,G,GP,ST,4,1,N,N,MN,NN,CS1,IS1,TT1,NOVALUE,MP1,FWI,1,NOVALUE,1,NOVALUE
CFG731_6c87238a454f6526,x731,CFG731_33fed5318b1a4f2f,544,TWO_CHARACTERISTIC,2,devCategory|temperaturEingaenge,1,True,G,GP,ST,4,1,N,N,MN,NN,CS1,NOVALUE,NOVALUE,NOVALUE,MP1,FWI,1,NOVALUE,1,NOVALUE
CFG731_277d8f80468d6899,x731,CFG731_33fed5318b1a4f2f,544,TWO_CHARACTERISTIC,2,devCategory|binaerOpenColl_MP,2,True,G,GP,ST,4,1,N,N,MN,NN,CS1,NOVALUE,TT1,NOVALUE,NOVALUE,FWI,1,NOVALUE,1,NOVALUE
CFG731_9b9abde00e5ab8ef,x731,CFG731_33fed5318b1a4f2f,544,TWO_CHARACTERISTIC,2,devCategory|dev_advMeterVerification,2,True,G,GP,ST,4,1,N,N,MN,NN,CS1,NOVALUE,TT1,NOVALUE,MP1,FWI,NOVALUE,NOVALUE,1,NOVALUE
CFG731_fe2a2a8faea232df,x731,CFG731_33fed5318b1a4f2f,544,TWO_CHARACTERISTIC,2,devCategory|customUserFluid,2,True,G,GP,ST,4,1,N,N,MN,NN,CS1,NOVALUE,TT1,NOVALUE,MP1,FWI,1,NOVALUE,NOVALUE,NOVALUE
CFG731_945ec45cf3b7cf9b,x731,CFG731_33fed5318b1a4f2f,544,TWO_CHARACTERISTIC,2,dataInterface|stromSchaltbar,1,True,F,GP,ST,4,1,N,N,MN,HS,NOVALUE,NOVALUE,TT1,NOVALUE,MP1,FWI,1,NOVALUE,1,NOVALUE
CFG731_abf300653ebef693,x731,CFG731_33fed5318b1a4f2f,544,TWO_CHARACTERISTIC,2,dataInterface|temperaturEingaenge,1,True,F,GP,ST,4,1,N,N,MN,HS,CS1,NOVALUE,NOVALUE,NOVALUE,MP1,FWI,1,NOVALUE,1,NOVALUE
CFG731_cf0392d0aaac28b1,x731,CFG731_33fed5318b1a4f2f,544,TWO_CHARACTERISTIC,2,dataInterface|binaerOpenColl_MP,1,True,F,GP,ST,4,1,N,N,MN,HS,CS1,NOVALUE,TT1,NOVALUE,NOVALUE,FWI,1,NOVALUE,1,NOVALUE
CFG731_b1e02a551129fc1a,x731,CFG731_33fed5318b1a4f2f,544,TWO_CHARACTERISTIC,2,dataInterface|dev_advMeterVerification,1,True,F,GP,ST,4,1,N,N,MN,HS,CS1,NOVALUE,TT1,NOVALUE,MP1,FWI,NOVALUE,NOVALUE,1,NOVALUE
CFG731_3399b9d467bfc71a,x731,CFG731_33fed5318b1a4f2f,544,TWO_CHARACTERISTIC,2,dataInterface|customUserFluid,1,True,F,GP,ST,4,1,N,N,MN,HS,CS1,NOVALUE,TT1,NOVALUE,MP1,FWI,1,NOVALUE,NOVALUE,NOVALUE
CFG731_90d346070033b925,x731,CFG731_33fed5318b1a4f2f,544,TWO_CHARACTERISTIC,2,stromSchaltbar|binaerOpenColl_MP,2,True,F,GP,ST,4,1,N,N,MN,NN,NOVALUE,NOVALUE,TT1,NOVALUE,NOVALUE,FWI,1,NOVALUE,1,NOVALUE
CFG731_44f37ba8c0af5be8,x731,CFG731_33fed5318b1a4f2f,544,TWO_CHARACTERISTIC,2,stromSchaltbar|dev_advMeterVerification,2,True,F,GP,ST,4,1,N,N,MN,NN,NOVALUE,NOVALUE,TT1,NOVALUE,MP1,FWI,NOVALUE,NOVALUE,1,NOVALUE
CFG731_e20ca02c33e05b41,x731,CFG731_33fed5318b1a4f2f,544,TWO_CHARACTERISTIC,2,stromSchaltbar|customUserFluid,2,True,F,GP,ST,4,1,N,N,MN,NN,NOVALUE,NOVALUE,TT1,NOVALUE,MP1,FWI,1,NOVALUE,NOVALUE,NOVALUE
CFG731_f6c0c7cbe4aedd64,x731,CFG731_33fed5318b1a4f2f,544,TWO_CHARACTERISTIC,2,stromEingaenge|binaerOpenColl_MP,1,True,F,GP,ST,4,1,N,N,MN,NN,CS1,IS1,TT1,NOVALUE,NOVALUE,FWI,1,NOVALUE,1,NOVALUE
CFG731_6b809c836e3ca8a1,x731,CFG731_33fed5318b1a4f2f,544,TWO_CHARACTERISTIC,2,stromEingaenge|dev_advMeterVerification,1,True,F,GP,ST,4,1,N,N,MN,NN,CS1,IS1,TT1,NOVALUE,MP1,FWI,NOVALUE,NOVALUE,1,NOVALUE
CFG731_091f946b84ae26df,x731,CFG731_33fed5318b1a4f2f,544,TWO_CHARACTERISTIC,2,stromEingaenge|customUserFluid,1,True,F,GP,ST,4,1,N,N,MN,NN,CS1,IS1,TT1,NOVALUE,MP1,FWI,1,NOVALUE,NOVALUE,NOVALUE
CFG731_65cd16627a335b8e,x731,CFG731_33fed5318b1a4f2f,544,TWO_CHARACTERISTIC,2,temperaturEingaenge|binaerOpenColl_MP,1,True,F,GP,ST,4,1,N,N,MN,NN,CS1,NOVALUE,NOVALUE,NOVALUE,NOVALUE,FWI,1,NOVALUE,1,NOVALUE
CFG731_736953a253ffd341,x731,CFG731_33fed5318b1a4f2f,544,TWO_CHARACTERISTIC,2,temperaturEingaenge|dev_advMeterVerification,1,True,F,GP,ST,4,1,N,N,MN,NN,CS1,NOVALUE,NOVALUE,NOVALUE,MP1,FWI,NOVALUE,NOVALUE,1,NOVALUE
CFG731_77ac60f5637770e9,x731,CFG731_33fed5318b1a4f2f,544,TWO_CHARACTERISTIC,2,temperaturEingaenge|customUserFluid,1,True,F,GP,ST,4,1,N,N,MN,NN,CS1,NOVALUE,NOVALUE,NOVALUE,MP1,FWI,1,NOVALUE,NOVALUE,NOVALUE
CFG731_c09a2b39ab3ecba0,x731,CFG731_33fed5318b1a4f2f,544,TWO_CHARACTERISTIC,2,binaerOpenColl_MP|dev_advMeterVerification,2,True,F,GP,ST,4,1,N,N,MN,NN,CS1,NOVALUE,TT1,NOVALUE,NOVALUE,FWI,NOVALUE,NOVALUE,1,NOVALUE
CFG731_674515f807e76711,x731,CFG731_33fed5318b1a4f2f,544,TWO_CHARACTERISTIC,2,binaerOpenColl_MP|customUserFluid,2,True,F,GP,ST,4,1,N,N,MN,NN,CS1,NOVALUE,TT1,NOVALUE,NOVALUE,FWI,1,NOVALUE,NOVALUE,NOVALUE
CFG731_dc58152d72e8acd7,x731,CFG731_33fed5318b1a4f2f,544,TWO_CHARACTERISTIC,2,dev_advMeterVerification|customUserFluid,2,True,F,GP,ST,4,1,N,N,MN,NN,CS1,NOVALUE,TT1,NOVALUE,MP1,FWI,NOVALUE,NOVALUE,NOVALUE,NOVALUE
CFG731_169a8482d2028dff,x731,CFG731_608c0251ef380592,546,TWO_CHARACTERISTIC,2,devCategory|dataInterface,1,True,G,GP,ST,4,1,N,N,MN,HS,CS1,IS1,TT1,NOVALUE,MP1,FWI,1,NOVALUE,1,NOVALUE
CFG731_9d1c08e274eec8a3,x731,CFG731_608c0251ef380592,546,TWO_CHARACTERISTIC,2,devCategory|stromSchaltbar,2,True,G,GP,ST,4,1,N,N,MN,NN,NOVALUE,IS1,TT1,NOVALUE,MP1,FWI,1,NOVALUE,1,NOVALUE
CFG731_6479c64b385feda4,x731,CFG731_608c0251ef380592,546,TWO_CHARACTERISTIC,2,devCategory|temperaturEingaenge,2,True,G,GP,ST,4,1,N,N,MN,NN,CS1,IS1,NOVALUE,NOVALUE,MP1,FWI,1,NOVALUE,1,NOVALUE
CFG731_846378be702c1347,x731,CFG731_608c0251ef380592,546,TWO_CHARACTERISTIC,2,devCategory|binaerOpenColl_MP,2,True,G,GP,ST,4,1,N,N,MN,NN,CS1,IS1,TT1,NOVALUE,NOVALUE,FWI,1,NOVALUE,1,NOVALUE
CFG731_15ce702f1ca92bbf,x731,CFG731_608c0251ef380592,546,TWO_CHARACTERISTIC,2,devCategory|dev_advMeterVerification,2,True,G,GP,ST,4,1,N,N,MN,NN,CS1,IS1,TT1,NOVALUE,MP1,FWI,NOVALUE,NOVALUE,1,NOVALUE
CFG731_9637b2f8d628ff9d,x731,CFG731_608c0251ef380592,546,TWO_CHARACTERISTIC,2,devCategory|customUserFluid,2,True,G,GP,ST,4,1,N,N,MN,NN,CS1,IS1,TT1,NOVALUE,MP1,FWI,1,NOVALUE,NOVALUE,NOVALUE
CFG731_e8f6cbe0006a0957,x731,CFG731_608c0251ef380592,546,TWO_CHARACTERISTIC,2,dataInterface|temperaturEingaenge,1,True,F,GP,ST,4,1,N,N,MN,HS,CS1,IS1,NOVALUE,NOVALUE,MP1,FWI,1,NOVALUE,1,NOVALUE
CFG731_03baa73b38c673c5,x731,CFG731_608c0251ef380592,546,TWO_CHARACTERISTIC,2,dataInterface|binaerOpenColl_MP,1,True,F,GP,ST,4,1,N,N,MN,HS,CS1,IS1,TT1,NOVALUE,NOVALUE,FWI,1,NOVALUE,1,NOVALUE
CFG731_99a28077f36fe435,x731,CFG731_608c0251ef380592,546,TWO_CHARACTERISTIC,2,dataInterface|dev_advMeterVerification,1,True,F,GP,ST,4,1,N,N,MN,HS,CS1,IS1,TT1,NOVALUE,MP1,FWI,NOVALUE,NOVALUE,1,NOVALUE
CFG731_307ce44cbcefe66b,x731,CFG731_608c0251ef380592,546,TWO_CHARACTERISTIC,2,dataInterface|customUserFluid,1,True,F,GP,ST,4,1,N,N,MN,HS,CS1,IS1,TT1,NOVALUE,MP1,FWI,1,NOVALUE,NOVALUE,NOVALUE
CFG731_cc7f50ed6efbf86c,x731,CFG731_608c0251ef380592,546,TWO_CHARACTERISTIC,2,stromSchaltbar|binaerOpenColl_MP,2,True,F,GP,ST,4,1,N,N,MN,NN,NOVALUE,IS1,TT1,NOVALUE,NOVALUE,FWI,1,NOVALUE,1,NOVALUE
CFG731_d4c4d2d88d653c5d,x731,CFG731_608c0251ef380592,546,TWO_CHARACTERISTIC,2,stromSchaltbar|dev_advMeterVerification,2,True,F,GP,ST,4,1,N,N,MN,NN,NOVALUE,IS1,TT1,NOVALUE,MP1,FWI,NOVALUE,NOVALUE,1,NOVALUE
CFG731_0e40dc79b8499815,x731,CFG731_608c0251ef380592,546,TWO_CHARACTERISTIC,2,stromSchaltbar|customUserFluid,2,True,F,GP,ST,4,1,N,N,MN,NN,NOVALUE,IS1,TT1,NOVALUE,MP1,FWI,1,NOVALUE,NOVALUE,NOVALUE
CFG731_f60bea4524c4e49f,x731,CFG731_608c0251ef380592,546,TWO_CHARACTERISTIC,2,temperaturEingaenge|binaerOpenColl_MP,2,True,F,GP,ST,4,1,N,N,MN,NN,CS1,IS1,NOVALUE,NOVALUE,NOVALUE,FWI,1,NOVALUE,1,NOVALUE
CFG731_afcbb5cc169c287b,x731,CFG731_608c0251ef380592,546,TWO_CHARACTERISTIC,2,temperaturEingaenge|dev_advMeterVerification,2,True,F,GP,ST,4,1,N,N,MN,NN,CS1,IS1,NOVALUE,NOVALUE,MP1,FWI,NOVALUE,NOVALUE,1,NOVALUE
CFG731_1d8d35d74cbf5573,x731,CFG731_608c0251ef380592,546,TWO_CHARACTERISTIC,2,temperaturEingaenge|customUserFluid,2,True,F,GP,ST,4,1,N,N,MN,NN,CS1,IS1,NOVALUE,NOVALUE,MP1,FWI,1,NOVALUE,NOVALUE,NOVALUE
CFG731_5de6ca53a86b09c9,x731,CFG731_608c0251ef380592,546,TWO_CHARACTERISTIC,2,binaerOpenColl_MP|dev_advMeterVerification,2,True,F,GP,ST,4,1,N,N,MN,NN,CS1,IS1,TT1,NOVALUE,NOVALUE,FWI,NOVALUE,NOVALUE,1,NOVALUE
CFG731_d60e71193db8ac72,x731,CFG731_608c0251ef380592,546,TWO_CHARACTERISTIC,2,binaerOpenColl_MP|customUserFluid,2,True,F,GP,ST,4,1,N,N,MN,NN,CS1,IS1,TT1,NOVALUE,NOVALUE,FWI,1,NOVALUE,NOVALUE,NOVALUE
CFG731_3fcc8154cde02384,x731,CFG731_608c0251ef380592,546,TWO_CHARACTERISTIC,2,dev_advMeterVerification|customUserFluid,1,True,F,GP,ST,4,1,N,N,MN,NN,CS1,IS1,TT1,NOVALUE,MP1,FWI,NOVALUE,NOVALUE,NOVALUE,NOVALUE
CFG731_ef3aafb29e854577,x731,CFG731_75466cb810218a66,549,ONE_CHARACTERISTIC,1,devCategory,1,True,G,GP,ST,4,1,N,N,MN,NN,NOVALUE,IS1,NOVALUE,NOVALUE,MP1,FWI,1,NOVALUE,1,NOVALUE
CFG731_1d294b2de760852b,x731,CFG731_75466cb810218a66,549,ONE_CHARACTERISTIC,1,dataInterface,1,True,F,GP,ST,4,1,N,N,MN,HS,NOVALUE,IS1,NOVALUE,NOVALUE,MP1,FWI,1,NOVALUE,1,NOVALUE
CFG731_d59b14d4b0b9324d,x731,CFG731_75466cb810218a66,549,ONE_CHARACTERISTIC,1,binaerOpenColl_MP,1,True,F,GP,ST,4,1,N,N,MN,NN,NOVALUE,IS1,NOVALUE,NOVALUE,NOVALUE,FWI,1,NOVALUE,1,NOVALUE
CFG731_faa6b560b4d99a0a,x731,CFG731_75466cb810218a66,549,ONE_CHARACTERISTIC,1,dev_advMeterVerification,1,True,F,GP,ST,4,1,N,N,MN,NN,NOVALUE,IS1,NOVALUE,NOVALUE,MP1,FWI,NOVALUE,NOVALUE,1,NOVALUE
CFG731_09db81b4dee54f57,x731,CFG731_75466cb810218a66,549,ONE_CHARACTERISTIC,1,customUserFluid,1,True,F,GP,ST,4,1,N,N,MN,NN,NOVALUE,IS1,NOVALUE,NOVALUE,MP1,FWI,1,NOVALUE,NOVALUE,NOVALUE
CFG731_0f034b03a7f1e0db,x731,CFG731_75466cb810218a66,549,TWO_CHARACTERISTIC,2,devCategory|dataInterface,2,True,G,GP,ST,4,1,N,N,MN,HS,NOVALUE,IS1,NOVALUE,NOVALUE,MP1,FWI,1,NOVALUE,1,NOVALUE
CFG731_da03b61dd1a0eef7,x731,CFG731_75466cb810218a66,549,TWO_CHARACTERISTIC,2,devCategory|stromEingaenge,2,True,G,GP,ST,4,1,N,N,MN,NN,NOVALUE,NOVALUE,NOVALUE,NOVALUE,MP1,FWI,1,NOVALUE,1,NOVALUE
CFG731_7ab57d2dff7e0e9e,x731,CFG731_75466cb810218a66,549,TWO_CHARACTERISTIC,2,devCategory|binaerOpenColl_MP,2,True,G,GP,ST,4,1,N,N,MN,NN,NOVALUE,IS1,NOVALUE,NOVALUE,NOVALUE,FWI,1,NOVALUE,1,NOVALUE
CFG731_e9d011130d25df49,x731,CFG731_75466cb810218a66,549,TWO_CHARACTERISTIC,2,devCategory|dev_advMeterVerification,2,True,G,GP,ST,4,1,N,N,MN,NN,NOVALUE,IS1,NOVALUE,NOVALUE,MP1,FWI,NOVALUE,NOVALUE,1,NOVALUE
CFG731_6b6d33013dd9ea59,x731,CFG731_75466cb810218a66,549,TWO_CHARACTERISTIC,2,devCategory|customUserFluid,2,True,G,GP,ST,4,1,N,N,MN,NN,NOVALUE,IS1,NOVALUE,NOVALUE,MP1,FWI,1,NOVALUE,NOVALUE,NOVALUE
CFG731_03a0acb5799247e8,x731,CFG731_75466cb810218a66,549,TWO_CHARACTERISTIC,2,dataInterface|stromEingaenge,2,True,F,GP,ST,4,1,N,N,MN,HS,NOVALUE,NOVALUE,NOVALUE,NOVALUE,MP1,FWI,1,NOVALUE,1,NOVALUE
CFG731_5ddd21050be2e4b7,x731,CFG731_75466cb810218a66,549,TWO_CHARACTERISTIC,2,dataInterface|binaerOpenColl_MP,2,True,F,GP,ST,4,1,N,N,MN,HS,NOVALUE,IS1,NOVALUE,NOVALUE,NOVALUE,FWI,1,NOVALUE,1,NOVALUE
CFG731_40cc1d418c5ce215,x731,CFG731_75466cb810218a66,549,TWO_CHARACTERISTIC,2,dataInterface|dev_advMeterVerification,2,True,F,GP,ST,4,1,N,N,MN,HS,NOVALUE,IS1,NOVALUE,NOVALUE,MP1,FWI,NOVALUE,NOVALUE,1,NOVALUE
CFG731_f5e4423008b8f4a4,x731,CFG731_75466cb810218a66,549,TWO_CHARACTERISTIC,2,dataInterface|customUserFluid,2,True,F,GP,ST,4,1,N,N,MN,HS,NOVALUE,IS1,NOVALUE,NOVALUE,MP1,FWI,1,NOVALUE,NOVALUE,NOVALUE
CFG731_e89db77c042c1c09,x731,CFG731_75466cb810218a66,549,TWO_CHARACTERISTIC,2,stromEingaenge|binaerOpenColl_MP,2,True,F,GP,ST,4,1,N,N,MN,NN,NOVALUE,NOVALUE,NOVALUE,NOVALUE,NOVALUE,FWI,1,NOVALUE,1,NOVALUE
CFG731_0f5c97e9a353aceb,x731,CFG731_75466cb810218a66,549,TWO_CHARACTERISTIC,2,stromEingaenge|dev_advMeterVerification,2,True,F,GP,ST,4,1,N,N,MN,NN,NOVALUE,NOVALUE,NOVALUE,NOVALUE,MP1,FWI,NOVALUE,NOVALUE,1,NOVALUE
CFG731_80111b4570b9ac1d,x731,CFG731_75466cb810218a66,549,TWO_CHARACTERISTIC,2,stromEingaenge|customUserFluid,2,True,F,GP,ST,4,1,N,N,MN,NN,NOVALUE,NOVALUE,NOVALUE,NOVALUE,MP1,FWI,1,NOVALUE,NOVALUE,NOVALUE
CFG731_63f7d701590607b0,x731,CFG731_75466cb810218a66,549,TWO_CHARACTERISTIC,2,binaerOpenColl_MP|dev_advMeterVerification,2,True,F,GP,ST,4,1,N,N,MN,NN,NOVALUE,IS1,NOVALUE,NOVALUE,NOVALUE,FWI,NOVALUE,NOVALUE,1,NOVALUE
CFG731_576db798689c655c,x731,CFG731_75466cb810218a66,549,TWO_CHARACTERISTIC,2,binaerOpenColl_MP|customUserFluid,2,True,F,GP,ST,4,1,N,N,MN,NN,NOVALUE,IS1,NOVALUE,NOVALUE,NOVALUE,FWI,1,NOVALUE,NOVALUE,NOVALUE
CFG731_2da10ef960751e41,x731,CFG731_75466cb810218a66,549,TWO_CHARACTERISTIC,2,dev_advMeterVerification|customUserFluid,2,True,F,GP,ST,4,1,N,N,MN,NN,NOVALUE,IS1,NOVALUE,NOVALUE,MP1,FWI,NOVALUE,NOVALUE,NOVALUE,NOVALUE
CFG731_60f61eeac3c4606c,x731,CFG731_2e2dcf1a1925a0c2,550,TWO_CHARACTERISTIC,2,devCategory|dataInterface,2,True,G,GP,ST,4,1,N,N,MN,HS,CS1,NOVALUE,NOVALUE,NOVALUE,MP1,FWI,1,NOVALUE,1,NOVALUE
CFG731_9d9340e2ebc4df36,x731,CFG731_2e2dcf1a1925a0c2,550,TWO_CHARACTERISTIC,2,devCategory|binaerOpenColl_MP,2,True,G,GP,ST,4,1,N,N,MN,NN,CS1,NOVALUE,NOVALUE,NOVALUE,NOVALUE,FWI,1,NOVALUE,1,NOVALUE
CFG731_31c09e9d17dd83d7,x731,CFG731_2e2dcf1a1925a0c2,550,TWO_CHARACTERISTIC,2,devCategory|dev_advMeterVerification,2,True,G,GP,ST,4,1,N,N,MN,NN,CS1,NOVALUE,NOVALUE,NOVALUE,MP1,FWI,NOVALUE,NOVALUE,1,NOVALUE
CFG731_d09d1014e140f83a,x731,CFG731_2e2dcf1a1925a0c2,550,TWO_CHARACTERISTIC,2,devCategory|customUserFluid,2,True,G,GP,ST,4,1,N,N,MN,NN,CS1,NOVALUE,NOVALUE,NOVALUE,MP1,FWI,1,NOVALUE,NOVALUE,NOVALUE
CFG731_ca5f11ba32c5579b,x731,CFG731_2e2dcf1a1925a0c2,550,TWO_CHARACTERISTIC,2,dataInterface|binaerOpenColl_MP,2,True,F,GP,ST,4,1,N,N,MN,HS,CS1,NOVALUE,NOVALUE,NOVALUE,NOVALUE,FWI,1,NOVALUE,1,NOVALUE
CFG731_263874fa377fcf9a,x731,CFG731_2e2dcf1a1925a0c2,550,TWO_CHARACTERISTIC,2,dataInterface|dev_advMeterVerification,2,True,F,GP,ST,4,1,N,N,MN,HS,CS1,NOVALUE,NOVALUE,NOVALUE,MP1,FWI,NOVALUE,NOVALUE,1,NOVALUE
CFG731_14329cf1c9d9bc9c,x731,CFG731_2e2dcf1a1925a0c2,550,TWO_CHARACTERISTIC,2,dataInterface|customUserFluid,2,True,F,GP,ST,4,1,N,N,MN,HS,CS1,NOVALUE,NOVALUE,NOVALUE,MP1,FWI,1,NOVALUE,NOVALUE,NOVALUE
CFG731_d52ffc95af0989a6,x731,CFG731_2e2dcf1a1925a0c2,550,TWO_CHARACTERISTIC,2,binaerOpenColl_MP|dev_advMeterVerification,2,True,F,GP,ST,4,1,N,N,MN,NN,CS1,NOVALUE,NOVALUE,NOVALUE,NOVALUE,FWI,NOVALUE,NOVALUE,1,NOVALUE
CFG731_828410405049e7cd,x731,CFG731_2e2dcf1a1925a0c2,550,TWO_CHARACTERISTIC,2,binaerOpenColl_MP|customUserFluid,2,True,F,GP,ST,4,1,N,N,MN,NN,CS1,NOVALUE,NOVALUE,NOVALUE,NOVALUE,FWI,1,NOVALUE,NOVALUE,NOVALUE
CFG731_605b10c6ae83f71d,x731,CFG731_2e2dcf1a1925a0c2,550,TWO_CHARACTERISTIC,2,dev_advMeterVerification|customUserFluid,2,True,F,GP,ST,4,1,N,N,MN,NN,CS1,NOVALUE,NOVALUE,NOVALUE,MP1,FWI,NOVALUE,NOVALUE,NOVALUE,NOVALUE
CFG731_54946322ece48230,x731,CFG731_935bc110c01e9e85,558,TWO_CHARACTERISTIC,2,devCategory|stromSchaltbar,2,True,G,GP,ST,4,1,N,N,MN,HS,NOVALUE,NOVALUE,TT1,NOVALUE,MP1,FWI,1,NOVALUE,1,NOVALUE
CFG731_943713d2f823ab55,x731,CFG731_935bc110c01e9e85,558,TWO_CHARACTERISTIC,2,devCategory|binaerOpenColl_MP,2,True,G,GP,ST,4,1,N,N,MN,HS,CS1,NOVALUE,TT1,NOVALUE,NOVALUE,FWI,1,NOVALUE,1,NOVALUE
CFG731_6a09483f16253de9,x731,CFG731_935bc110c01e9e85,558,TWO_CHARACTERISTIC,2,devCategory|dev_advMeterVerification,2,True,G,GP,ST,4,1,N,N,MN,HS,CS1,NOVALUE,TT1,NOVALUE,MP1,FWI,NOVALUE,NOVALUE,1,NOVALUE
CFG731_6578e1062658de52,x731,CFG731_935bc110c01e9e85,558,TWO_CHARACTERISTIC,2,devCategory|customUserFluid,2,True,G,GP,ST,4,1,N,N,MN,HS,CS1,NOVALUE,TT1,NOVALUE,MP1,FWI,1,NOVALUE,NOVALUE,NOVALUE
CFG731_0dc23d4863b02213,x731,CFG731_935bc110c01e9e85,558,TWO_CHARACTERISTIC,2,stromSchaltbar|binaerOpenColl_MP,2,True,F,GP,ST,4,1,N,N,MN,HS,NOVALUE,NOVALUE,TT1,NOVALUE,NOVALUE,FWI,1,NOVALUE,1,NOVALUE
CFG731_bf1a00f34a3fe1c0,x731,CFG731_935bc110c01e9e85,558,TWO_CHARACTERISTIC,2,stromSchaltbar|dev_advMeterVerification,2,True,F,GP,ST,4,1,N,N,MN,HS,NOVALUE,NOVALUE,TT1,NOVALUE,MP1,FWI,NOVALUE,NOVALUE,1,NOVALUE
CFG731_fe4ebafd0ebd3c77,x731,CFG731_935bc110c01e9e85,558,TWO_CHARACTERISTIC,2,stromSchaltbar|customUserFluid,2,True,F,GP,ST,4,1,N,N,MN,HS,NOVALUE,NOVALUE,TT1,NOVALUE,MP1,FWI,1,NOVALUE,NOVALUE,NOVALUE
CFG731_6ba028da3bba9c41,x731,CFG731_935bc110c01e9e85,558,TWO_CHARACTERISTIC,2,binaerOpenColl_MP|dev_advMeterVerification,2,True,F,GP,ST,4,1,N,N,MN,HS,CS1,NOVALUE,TT1,NOVALUE,NOVALUE,FWI,NOVALUE,NOVALUE,1,NOVALUE
CFG731_eff2b6eef0bebb97,x731,CFG731_935bc110c01e9e85,558,TWO_CHARACTERISTIC,2,binaerOpenColl_MP|customUserFluid,2,True,F,GP,ST,4,1,N,N,MN,HS,CS1,NOVALUE,TT1,NOVALUE,NOVALUE,FWI,1,NOVALUE,NOVALUE,NOVALUE
CFG731_9c0eafc2f63f14a3,x731,CFG731_935bc110c01e9e85,558,TWO_CHARACTERISTIC,2,dev_advMeterVerification|customUserFluid,2,True,F,GP,ST,4,1,N,N,MN,HS,CS1,NOVALUE,TT1,NOVALUE,MP1,FWI,NOVALUE,NOVALUE,NOVALUE,NOVALUE
CFG731_b42b7f74564652a5,x731,CFG731_ddd1ce28a3456ff6,560,TWO_CHARACTERISTIC,2,devCategory|stromSchaltbar,1,True,G,GP,ST,4,1,N,N,MN,HS,NOVALUE,IS1,TT1,NOVALUE,MP1,FWI,1,NOVALUE,1,NOVALUE
CFG731_43317e765dc13ae7,x731,CFG731_ddd1ce28a3456ff6,560,TWO_CHARACTERISTIC,2,devCategory|temperaturEingaenge,2,True,G,GP,ST,4,1,N,N,MN,HS,CS1,IS1,NOVALUE,NOVALUE,MP1,FWI,1,NOVALUE,1,NOVALUE
CFG731_728dc15d095a4104,x731,CFG731_ddd1ce28a3456ff6,560,TWO_CHARACTERISTIC,2,devCategory|binaerOpenColl_MP,2,True,G,GP,ST,4,1,N,N,MN,HS,CS1,IS1,TT1,NOVALUE,NOVALUE,FWI,1,NOVALUE,1,NOVALUE
CFG731_06a4bf303d36c1b4,x731,CFG731_ddd1ce28a3456ff6,560,TWO_CHARACTERISTIC,2,devCategory|dev_advMeterVerification,2,True,G,GP,ST,4,1,N,N,MN,HS,CS1,IS1,TT1,NOVALUE,MP1,FWI,NOVALUE,NOVALUE,1,NOVALUE
CFG731_0c494b1481ba5fc9,x731,CFG731_ddd1ce28a3456ff6,560,TWO_CHARACTERISTIC,2,devCategory|customUserFluid,2,True,G,GP,ST,4,1,N,N,MN,HS,CS1,IS1,TT1,NOVALUE,MP1,FWI,1,NOVALUE,NOVALUE,NOVALUE
CFG731_f57aa7e1d23d1414,x731,CFG731_ddd1ce28a3456ff6,560,TWO_CHARACTERISTIC,2,stromSchaltbar|binaerOpenColl_MP,1,True,F,GP,ST,4,1,N,N,MN,HS,NOVALUE,IS1,TT1,NOVALUE,NOVALUE,FWI,1,NOVALUE,1,NOVALUE
CFG731_f94377afb8e5deeb,x731,CFG731_ddd1ce28a3456ff6,560,TWO_CHARACTERISTIC,2,stromSchaltbar|dev_advMeterVerification,1,True,F,GP,ST,4,1,N,N,MN,HS,NOVALUE,IS1,TT1,NOVALUE,MP1,FWI,NOVALUE,NOVALUE,1,NOVALUE
CFG731_1757176720bbad01,x731,CFG731_ddd1ce28a3456ff6,560,TWO_CHARACTERISTIC,2,stromSchaltbar|customUserFluid,1,True,F,GP,ST,4,1,N,N,MN,HS,NOVALUE,IS1,TT1,NOVALUE,MP1,FWI,1,NOVALUE,NOVALUE,NOVALUE
CFG731_9734f0dec171ba72,x731,CFG731_ddd1ce28a3456ff6,560,TWO_CHARACTERISTIC,2,temperaturEingaenge|binaerOpenColl_MP,2,True,F,GP,ST,4,1,N,N,MN,HS,CS1,IS1,NOVALUE,NOVALUE,NOVALUE,FWI,1,NOVALUE,1,NOVALUE
CFG731_3daa091181ed5329,x731,CFG731_ddd1ce28a3456ff6,560,TWO_CHARACTERISTIC,2,temperaturEingaenge|dev_advMeterVerification,2,True,F,GP,ST,4,1,N,N,MN,HS,CS1,IS1,NOVALUE,NOVALUE,MP1,FWI,NOVALUE,NOVALUE,1,NOVALUE
CFG731_20fe81ae7d0a406e,x731,CFG731_ddd1ce28a3456ff6,560,TWO_CHARACTERISTIC,2,temperaturEingaenge|customUserFluid,2,True,F,GP,ST,4,1,N,N,MN,HS,CS1,IS1,NOVALUE,NOVALUE,MP1,FWI,1,NOVALUE,NOVALUE,NOVALUE
CFG731_f9fc97e55939fe74,x731,CFG731_ddd1ce28a3456ff6,560,TWO_CHARACTERISTIC,2,binaerOpenColl_MP|dev_advMeterVerification,2,True,F,GP,ST,4,1,N,N,MN,HS,CS1,IS1,TT1,NOVALUE,NOVALUE,FWI,NOVALUE,NOVALUE,1,NOVALUE
CFG731_5fe81a6927bfed57,x731,CFG731_ddd1ce28a3456ff6,560,TWO_CHARACTERISTIC,2,binaerOpenColl_MP|customUserFluid,2,True,F,GP,ST,4,1,N,N,MN,HS,CS1,IS1,TT1,NOVALUE,NOVALUE,FWI,1,NOVALUE,NOVALUE,NOVALUE
CFG731_63b50b6b631946e6,x731,CFG731_ddd1ce28a3456ff6,560,TWO_CHARACTERISTIC,2,dev_advMeterVerification|customUserFluid,1,True,F,GP,ST,4,1,N,N,MN,HS,CS1,IS1,TT1,NOVALUE,MP1,FWI,NOVALUE,NOVALUE,NOVALUE,NOVALUE
CFG731_32264dedb69223d8,x731,CFG731_fa2849b259355775,562,TWO_CHARACTERISTIC,2,devCategory|binaerOpenColl_MP,2,True,G,GP,ST,4,1,N,N,MN,HS,NOVALUE,IS1,TT1,NOVALUE,NOVALUE,FWI,1,NOVALUE,1,NOVALUE
CFG731_cf0c25aa52c7fc7a,x731,CFG731_fa2849b259355775,562,TWO_CHARACTERISTIC,2,devCategory|dev_advMeterVerification,2,True,G,GP,ST,4,1,N,N,MN,HS,NOVALUE,IS1,TT1,NOVALUE,MP1,FWI,NOVALUE,NOVALUE,1,NOVALUE
CFG731_6488c2bb812dbd12,x731,CFG731_fa2849b259355775,562,TWO_CHARACTERISTIC,2,devCategory|customUserFluid,2,True,G,GP,ST,4,1,N,N,MN,HS,NOVALUE,IS1,TT1,NOVALUE,MP1,FWI,1,NOVALUE,NOVALUE,NOVALUE
CFG731_0c14cf44fa8256c6,x731,CFG731_fa2849b259355775,562,TWO_CHARACTERISTIC,2,binaerOpenColl_MP|dev_advMeterVerification,2,True,F,GP,ST,4,1,N,N,MN,HS,NOVALUE,IS1,TT1,NOVALUE,NOVALUE,FWI,NOVALUE,NOVALUE,1,NOVALUE
CFG731_948d3485caef7029,x731,CFG731_fa2849b259355775,562,TWO_CHARACTERISTIC,2,binaerOpenColl_MP|customUserFluid,2,True,F,GP,ST,4,1,N,N,MN,HS,NOVALUE,IS1,TT1,NOVALUE,NOVALUE,FWI,1,NOVALUE,NOVALUE,NOVALUE
CFG731_e639b12fcf678c13,x731,CFG731_fa2849b259355775,562,TWO_CHARACTERISTIC,2,dev_advMeterVerification|customUserFluid,1,True,F,GP,ST,4,1,N,N,MN,HS,NOVALUE,IS1,TT1,NOVALUE,MP1,FWI,NOVALUE,NOVALUE,NOVALUE,NOVALUE
CFG731_b848918cab1cb35d,x731,CFG731_de67d4c164ed05bc,563,ONE_CHARACTERISTIC,1,devCategory,1,True,G,GP,ST,4,1,N,N,MN,NN,CS1,NOVALUE,TT1,MN1,NOVALUE,FWI,1,NOVALUE,1,NOVALUE
CFG731_bfee42801e80594e,x731,CFG731_de67d4c164ed05bc,563,ONE_CHARACTERISTIC,1,stromSchaltbar,1,True,F,GP,ST,4,1,N,N,MN,NN,NOVALUE,NOVALUE,TT1,MN1,NOVALUE,FWI,1,NOVALUE,1,NOVALUE
CFG731_fa063863b8688588,x731,CFG731_de67d4c164ed05bc,563,ONE_CHARACTERISTIC,1,dev_advMeterVerification,1,True,F,GP,ST,4,1,N,N,MN,NN,CS1,NOVALUE,TT1,MN1,NOVALUE,FWI,NOVALUE,NOVALUE,1,NOVALUE
CFG731_ef2da8cd513b19be,x731,CFG731_de67d4c164ed05bc,563,ONE_CHARACTERISTIC,1,customUserFluid,1,True,F,GP,ST,4,1,N,N,MN,NN,CS1,NOVALUE,TT1,MN1,NOVALUE,FWI,1,NOVALUE,NOVALUE,NOVALUE
CFG731_a59cc7e57b856164,x731,CFG731_de67d4c164ed05bc,563,DEPENDENCY_TWO_CHARACTERISTIC,2,stromEingaenge|temperaturEingaenge,1,True,F,GP,ST,4,1,N,N,MN,NN,CS1,IS1,NOVALUE,MN1,NOVALUE,FWI,1,NOVALUE,1,NOVALUE
CFG731_1d78950cabc90332,x731,CFG731_de67d4c164ed05bc,563,DEPENDENCY_TWO_CHARACTERISTIC,2,stromSchaltbar|stromEingaenge,1,True,F,GP,ST,4,1,N,N,MN,NN,NOVALUE,IS1,TT1,MN1,NOVALUE,FWI,1,NOVALUE,1,NOVALUE
CFG731_134ecd7b8190bed1,x731,CFG731_de67d4c164ed05bc,563,DEPENDENCY_TWO_CHARACTERISTIC,2,stromSchaltbar|temperaturEingaenge,1,True,F,GP,ST,4,1,N,N,MN,NN,NOVALUE,NOVALUE,NOVALUE,MN1,NOVALUE,FWI,1,NOVALUE,1,NOVALUE
CFG731_9eee2266c8068ada,x731,CFG731_de67d4c164ed05bc,563,TWO_CHARACTERISTIC,2,devCategory|dataInterface,1,True,G,GP,ST,4,1,N,N,MN,HS,CS1,NOVALUE,TT1,MN1,NOVALUE,FWI,1,NOVALUE,1,NOVALUE
CFG731_d8407ff8c7aabdaa,x731,CFG731_de67d4c164ed05bc,563,TWO_CHARACTERISTIC,2,devCategory|stromSchaltbar,2,True,G,GP,ST,4,1,N,N,MN,NN,NOVALUE,NOVALUE,TT1,MN1,NOVALUE,FWI,1,NOVALUE,1,NOVALUE
CFG731_5ea309f998205da7,x731,CFG731_de67d4c164ed05bc,563,TWO_CHARACTERISTIC,2,devCategory|stromEingaenge,1,True,G,GP,ST,4,1,N,N,MN,NN,CS1,IS1,TT1,MN1,NOVALUE,FWI,1,NOVALUE,1,NOVALUE
CFG731_d584b35cfce34cc7,x731,CFG731_de67d4c164ed05bc,563,TWO_CHARACTERISTIC,2,devCategory|temperaturEingaenge,1,True,G,GP,ST,4,1,N,N,MN,NN,CS1,NOVALUE,NOVALUE,MN1,NOVALUE,FWI,1,NOVALUE,1,NOVALUE
CFG731_d451f3bb4e3a341b,x731,CFG731_de67d4c164ed05bc,563,TWO_CHARACTERISTIC,2,devCategory|dev_advMeterVerification,2,True,G,GP,ST,4,1,N,N,MN,NN,CS1,NOVALUE,TT1,MN1,NOVALUE,FWI,NOVALUE,NOVALUE,1,NOVALUE
CFG731_cd77a474d1babbd0,x731,CFG731_de67d4c164ed05bc,563,TWO_CHARACTERISTIC,2,devCategory|customUserFluid,2,True,G,GP,ST,4,1,N,N,MN,NN,CS1,NOVALUE,TT1,MN1,NOVALUE,FWI,1,NOVALUE,NOVALUE,NOVALUE
CFG731_563ef0dc6253e3f7,x731,CFG731_de67d4c164ed05bc,563,TWO_CHARACTERISTIC,2,dataInterface|stromSchaltbar,1,True,F,GP,ST,4,1,N,N,MN,HS,NOVALUE,NOVALUE,TT1,MN1,NOVALUE,FWI,1,NOVALUE,1,NOVALUE
CFG731_af9b907b64bab790,x731,CFG731_de67d4c164ed05bc,563,TWO_CHARACTERISTIC,2,dataInterface|temperaturEingaenge,1,True,F,GP,ST,4,1,N,N,MN,HS,CS1,NOVALUE,NOVALUE,MN1,NOVALUE,FWI,1,NOVALUE,1,NOVALUE
CFG731_7585c6d1ee781d2e,x731,CFG731_de67d4c164ed05bc,563,TWO_CHARACTERISTIC,2,dataInterface|dev_advMeterVerification,1,True,F,GP,ST,4,1,N,N,MN,HS,CS1,NOVALUE,TT1,MN1,NOVALUE,FWI,NOVALUE,NOVALUE,1,NOVALUE
CFG731_6513d2f5c85df9e4,x731,CFG731_de67d4c164ed05bc,563,TWO_CHARACTERISTIC,2,dataInterface|customUserFluid,1,True,F,GP,ST,4,1,N,N,MN,HS,CS1,NOVALUE,TT1,MN1,NOVALUE,FWI,1,NOVALUE,NOVALUE,NOVALUE
CFG731_61aecba5f711a3bf,x731,CFG731_de67d4c164ed05bc,563,TWO_CHARACTERISTIC,2,stromSchaltbar|dev_advMeterVerification,2,True,F,GP,ST,4,1,N,N,MN,NN,NOVALUE,NOVALUE,TT1,MN1,NOVALUE,FWI,NOVALUE,NOVALUE,1,NOVALUE
CFG731_cb323e0cf7310cf2,x731,CFG731_de67d4c164ed05bc,563,TWO_CHARACTERISTIC,2,stromSchaltbar|customUserFluid,2,True,F,GP,ST,4,1,N,N,MN,NN,NOVALUE,NOVALUE,TT1,MN1,NOVALUE,FWI,1,NOVALUE,NOVALUE,NOVALUE
CFG731_d2078c5ad988b49d,x731,CFG731_de67d4c164ed05bc,563,TWO_CHARACTERISTIC,2,stromEingaenge|dev_advMeterVerification,1,True,F,GP,ST,4,1,N,N,MN,NN,CS1,IS1,TT1,MN1,NOVALUE,FWI,NOVALUE,NOVALUE,1,NOVALUE
CFG731_34443b8aedcddfbf,x731,CFG731_de67d4c164ed05bc,563,TWO_CHARACTERISTIC,2,stromEingaenge|customUserFluid,1,True,F,GP,ST,4,1,N,N,MN,NN,CS1,IS1,TT1,MN1,NOVALUE,FWI,1,NOVALUE,NOVALUE,NOVALUE
CFG731_0e3baae8e946721c,x731,CFG731_de67d4c164ed05bc,563,TWO_CHARACTERISTIC,2,temperaturEingaenge|dev_advMeterVerification,1,True,F,GP,ST,4,1,N,N,MN,NN,CS1,NOVALUE,NOVALUE,MN1,NOVALUE,FWI,NOVALUE,NOVALUE,1,NOVALUE
CFG731_0ccac09f5dbb32fb,x731,CFG731_de67d4c164ed05bc,563,TWO_CHARACTERISTIC,2,temperaturEingaenge|customUserFluid,1,True,F,GP,ST,4,1,N,N,MN,NN,CS1,NOVALUE,NOVALUE,MN1,NOVALUE,FWI,1,NOVALUE,NOVALUE,NOVALUE
CFG731_7a3a3e26638819fd,x731,CFG731_de67d4c164ed05bc,563,TWO_CHARACTERISTIC,2,dev_advMeterVerification|customUserFluid,2,True,F,GP,ST,4,1,N,N,MN,NN,CS1,NOVALUE,TT1,MN1,NOVALUE,FWI,NOVALUE,NOVALUE,NOVALUE,NOVALUE
CFG731_d8a10cfbf11bf067,x731,CFG731_c887ba58c35036a9,565,TWO_CHARACTERISTIC,2,devCategory|dataInterface,1,True,G,GP,ST,4,1,N,N,MN,HS,CS1,IS1,TT1,MN1,NOVALUE,FWI,1,NOVALUE,1,NOVALUE
CFG731_c00fb4fbc9eecef5,x731,CFG731_c887ba58c35036a9,565,TWO_CHARACTERISTIC,2,devCategory|stromSchaltbar,2,True,G,GP,ST,4,1,N,N,MN,NN,NOVALUE,IS1,TT1,MN1,NOVALUE,FWI,1,NOVALUE,1,NOVALUE
CFG731_e627c8f2606e7a39,x731,CFG731_c887ba58c35036a9,565,TWO_CHARACTERISTIC,2,devCategory|temperaturEingaenge,2,True,G,GP,ST,4,1,N,N,MN,NN,CS1,IS1,NOVALUE,MN1,NOVALUE,FWI,1,NOVALUE,1,NOVALUE
CFG731_40f5d9ccf1b30166,x731,CFG731_c887ba58c35036a9,565,TWO_CHARACTERISTIC,2,devCategory|dev_advMeterVerification,2,True,G,GP,ST,4,1,N,N,MN,NN,CS1,IS1,TT1,MN1,NOVALUE,FWI,NOVALUE,NOVALUE,1,NOVALUE
CFG731_a633b8dd2d541170,x731,CFG731_c887ba58c35036a9,565,TWO_CHARACTERISTIC,2,devCategory|customUserFluid,2,True,G,GP,ST,4,1,N,N,MN,NN,CS1,IS1,TT1,MN1,NOVALUE,FWI,1,NOVALUE,NOVALUE,NOVALUE
CFG731_4cb65cc21b5b9f68,x731,CFG731_c887ba58c35036a9,565,TWO_CHARACTERISTIC,2,dataInterface|temperaturEingaenge,1,True,F,GP,ST,4,1,N,N,MN,HS,CS1,IS1,NOVALUE,MN1,NOVALUE,FWI,1,NOVALUE,1,NOVALUE
CFG731_3dd4cfcf6ee98460,x731,CFG731_c887ba58c35036a9,565,TWO_CHARACTERISTIC,2,dataInterface|dev_advMeterVerification,1,True,F,GP,ST,4,1,N,N,MN,HS,CS1,IS1,TT1,MN1,NOVALUE,FWI,NOVALUE,NOVALUE,1,NOVALUE
CFG731_c4bcee3a1477eeea,x731,CFG731_c887ba58c35036a9,565,TWO_CHARACTERISTIC,2,dataInterface|customUserFluid,1,True,F,GP,ST,4,1,N,N,MN,HS,CS1,IS1,TT1,MN1,NOVALUE,FWI,1,NOVALUE,NOVALUE,NOVALUE
CFG731_be935d1dfe1af001,x731,CFG731_c887ba58c35036a9,565,TWO_CHARACTERISTIC,2,stromSchaltbar|dev_advMeterVerification,2,True,F,GP,ST,4,1,N,N,MN,NN,NOVALUE,IS1,TT1,MN1,NOVALUE,FWI,NOVALUE,NOVALUE,1,NOVALUE
CFG731_7d2e6e10b32f3fac,x731,CFG731_c887ba58c35036a9,565,TWO_CHARACTERISTIC,2,stromSchaltbar|customUserFluid,2,True,F,GP,ST,4,1,N,N,MN,NN,NOVALUE,IS1,TT1,MN1,NOVALUE,FWI,1,NOVALUE,NOVALUE,NOVALUE
CFG731_92b068c331fc6c0a,x731,CFG731_c887ba58c35036a9,565,TWO_CHARACTERISTIC,2,temperaturEingaenge|dev_advMeterVerification,2,True,F,GP,ST,4,1,N,N,MN,NN,CS1,IS1,NOVALUE,MN1,NOVALUE,FWI,NOVALUE,NOVALUE,1,NOVALUE
CFG731_14903ae4865c16e7,x731,CFG731_c887ba58c35036a9,565,TWO_CHARACTERISTIC,2,temperaturEingaenge|customUserFluid,2,True,F,GP,ST,4,1,N,N,MN,NN,CS1,IS1,NOVALUE,MN1,NOVALUE,FWI,1,NOVALUE,NOVALUE,NOVALUE
CFG731_bf9588884ef56b9c,x731,CFG731_c887ba58c35036a9,565,TWO_CHARACTERISTIC,2,dev_advMeterVerification|customUserFluid,1,True,F,GP,ST,4,1,N,N,MN,NN,CS1,IS1,TT1,MN1,NOVALUE,FWI,NOVALUE,NOVALUE,NOVALUE,NOVALUE
CFG731_800f2acd9158b556,x731,CFG731_5feb84333ab424ba,568,ONE_CHARACTERISTIC,1,devCategory,1,True,G,GP,ST,4,1,N,N,MN,NN,NOVALUE,IS1,NOVALUE,MN1,NOVALUE,FWI,1,NOVALUE,1,NOVALUE
CFG731_5f2fdad66cde083e,x731,CFG731_5feb84333ab424ba,568,ONE_CHARACTERISTIC,1,dataInterface,1,True,F,GP,ST,4,1,N,N,MN,HS,NOVALUE,IS1,NOVALUE,MN1,NOVALUE,FWI,1,NOVALUE,1,NOVALUE
CFG731_3d3b1ab589678df9,x731,CFG731_5feb84333ab424ba,568,ONE_CHARACTERISTIC,1,dev_advMeterVerification,1,True,F,GP,ST,4,1,N,N,MN,NN,NOVALUE,IS1,NOVALUE,MN1,NOVALUE,FWI,NOVALUE,NOVALUE,1,NOVALUE
CFG731_42d10da33afe7834,x731,CFG731_5feb84333ab424ba,568,ONE_CHARACTERISTIC,1,customUserFluid,1,True,F,GP,ST,4,1,N,N,MN,NN,NOVALUE,IS1,NOVALUE,MN1,NOVALUE,FWI,1,NOVALUE,NOVALUE,NOVALUE
CFG731_3a61386948a12af1,x731,CFG731_5feb84333ab424ba,568,TWO_CHARACTERISTIC,2,devCategory|dataInterface,2,True,G,GP,ST,4,1,N,N,MN,HS,NOVALUE,IS1,NOVALUE,MN1,NOVALUE,FWI,1,NOVALUE,1,NOVALUE
CFG731_2b948b14c238288a,x731,CFG731_5feb84333ab424ba,568,TWO_CHARACTERISTIC,2,devCategory|stromEingaenge,2,True,G,GP,ST,4,1,N,N,MN,NN,NOVALUE,NOVALUE,NOVALUE,MN1,NOVALUE,FWI,1,NOVALUE,1,NOVALUE
CFG731_5ca96a9a709adc7e,x731,CFG731_5feb84333ab424ba,568,TWO_CHARACTERISTIC,2,devCategory|dev_advMeterVerification,2,True,G,GP,ST,4,1,N,N,MN,NN,NOVALUE,IS1,NOVALUE,MN1,NOVALUE,FWI,NOVALUE,NOVALUE,1,NOVALUE
CFG731_2a381f868f8b9c5a,x731,CFG731_5feb84333ab424ba,568,TWO_CHARACTERISTIC,2,devCategory|customUserFluid,2,True,G,GP,ST,4,1,N,N,MN,NN,NOVALUE,IS1,NOVALUE,MN1,NOVALUE,FWI,1,NOVALUE,NOVALUE,NOVALUE
CFG731_e7462b3bbda81f78,x731,CFG731_5feb84333ab424ba,568,TWO_CHARACTERISTIC,2,dataInterface|stromEingaenge,2,True,F,GP,ST,4,1,N,N,MN,HS,NOVALUE,NOVALUE,NOVALUE,MN1,NOVALUE,FWI,1,NOVALUE,1,NOVALUE
CFG731_47968ff84deeda74,x731,CFG731_5feb84333ab424ba,568,TWO_CHARACTERISTIC,2,dataInterface|dev_advMeterVerification,2,True,F,GP,ST,4,1,N,N,MN,HS,NOVALUE,IS1,NOVALUE,MN1,NOVALUE,FWI,NOVALUE,NOVALUE,1,NOVALUE
CFG731_0ce6c8a2d3931ea2,x731,CFG731_5feb84333ab424ba,568,TWO_CHARACTERISTIC,2,dataInterface|customUserFluid,2,True,F,GP,ST,4,1,N,N,MN,HS,NOVALUE,IS1,NOVALUE,MN1,NOVALUE,FWI,1,NOVALUE,NOVALUE,NOVALUE
CFG731_d08861146b2a8dfa,x731,CFG731_5feb84333ab424ba,568,TWO_CHARACTERISTIC,2,stromEingaenge|dev_advMeterVerification,2,True,F,GP,ST,4,1,N,N,MN,NN,NOVALUE,NOVALUE,NOVALUE,MN1,NOVALUE,FWI,NOVALUE,NOVALUE,1,NOVALUE
CFG731_5ae84b6119935c38,x731,CFG731_5feb84333ab424ba,568,TWO_CHARACTERISTIC,2,stromEingaenge|customUserFluid,2,True,F,GP,ST,4,1,N,N,MN,NN,NOVALUE,NOVALUE,NOVALUE,MN1,NOVALUE,FWI,1,NOVALUE,NOVALUE,NOVALUE
CFG731_536e7ce04f3db9b6,x731,CFG731_5feb84333ab424ba,568,TWO_CHARACTERISTIC,2,dev_advMeterVerification|customUserFluid,2,True,F,GP,ST,4,1,N,N,MN,NN,NOVALUE,IS1,NOVALUE,MN1,NOVALUE,FWI,NOVALUE,NOVALUE,NOVALUE,NOVALUE
CFG731_366dd454bb987089,x731,CFG731_404424158a3493ae,569,TWO_CHARACTERISTIC,2,devCategory|dataInterface,2,True,G,GP,ST,4,1,N,N,MN,HS,CS1,NOVALUE,NOVALUE,MN1,NOVALUE,FWI,1,NOVALUE,1,NOVALUE
CFG731_2ba3554cf8bf75c3,x731,CFG731_404424158a3493ae,569,TWO_CHARACTERISTIC,2,devCategory|dev_advMeterVerification,2,True,G,GP,ST,4,1,N,N,MN,NN,CS1,NOVALUE,NOVALUE,MN1,NOVALUE,FWI,NOVALUE,NOVALUE,1,NOVALUE
CFG731_be2582bdf5536cbf,x731,CFG731_404424158a3493ae,569,TWO_CHARACTERISTIC,2,devCategory|customUserFluid,2,True,G,GP,ST,4,1,N,N,MN,NN,CS1,NOVALUE,NOVALUE,MN1,NOVALUE,FWI,1,NOVALUE,NOVALUE,NOVALUE
CFG731_554bd51cbf8da9ba,x731,CFG731_404424158a3493ae,569,TWO_CHARACTERISTIC,2,dataInterface|dev_advMeterVerification,2,True,F,GP,ST,4,1,N,N,MN,HS,CS1,NOVALUE,NOVALUE,MN1,NOVALUE,FWI,NOVALUE,NOVALUE,1,NOVALUE
CFG731_ca8649ba85200ffb,x731,CFG731_404424158a3493ae,569,TWO_CHARACTERISTIC,2,dataInterface|customUserFluid,2,True,F,GP,ST,4,1,N,N,MN,HS,CS1,NOVALUE,NOVALUE,MN1,NOVALUE,FWI,1,NOVALUE,NOVALUE,NOVALUE
CFG731_5ff40ee9a0f70bfd,x731,CFG731_404424158a3493ae,569,TWO_CHARACTERISTIC,2,dev_advMeterVerification|customUserFluid,2,True,F,GP,ST,4,1,N,N,MN,NN,CS1,NOVALUE,NOVALUE,MN1,NOVALUE,FWI,NOVALUE,NOVALUE,NOVALUE,NOVALUE
CFG731_5c58ee0aaddf6bb2,x731,CFG731_bcec8ceac2dbcc79,577,TWO_CHARACTERISTIC,2,devCategory|stromSchaltbar,2,True,G,GP,ST,4,1,N,N,MN,HS,NOVALUE,NOVALUE,TT1,MN1,NOVALUE,FWI,1,NOVALUE,1,NOVALUE
CFG731_ca1b68e071bd46ba,x731,CFG731_bcec8ceac2dbcc79,577,TWO_CHARACTERISTIC,2,devCategory|dev_advMeterVerification,2,True,G,GP,ST,4,1,N,N,MN,HS,CS1,NOVALUE,TT1,MN1,NOVALUE,FWI,NOVALUE,NOVALUE,1,NOVALUE
CFG731_083e855a8bbcd2a3,x731,CFG731_bcec8ceac2dbcc79,577,TWO_CHARACTERISTIC,2,devCategory|customUserFluid,2,True,G,GP,ST,4,1,N,N,MN,HS,CS1,NOVALUE,TT1,MN1,NOVALUE,FWI,1,NOVALUE,NOVALUE,NOVALUE
CFG731_75b377161674dea1,x731,CFG731_bcec8ceac2dbcc79,577,TWO_CHARACTERISTIC,2,stromSchaltbar|dev_advMeterVerification,2,True,F,GP,ST,4,1,N,N,MN,HS,NOVALUE,NOVALUE,TT1,MN1,NOVALUE,FWI,NOVALUE,NOVALUE,1,NOVALUE
CFG731_de53783b858f514c,x731,CFG731_bcec8ceac2dbcc79,577,TWO_CHARACTERISTIC,2,stromSchaltbar|customUserFluid,2,True,F,GP,ST,4,1,N,N,MN,HS,NOVALUE,NOVALUE,TT1,MN1,NOVALUE,FWI,1,NOVALUE,NOVALUE,NOVALUE
CFG731_63ebed937e8f8bf2,x731,CFG731_bcec8ceac2dbcc79,577,TWO_CHARACTERISTIC,2,dev_advMeterVerification|customUserFluid,2,True,F,GP,ST,4,1,N,N,MN,HS,CS1,NOVALUE,TT1,MN1,NOVALUE,FWI,NOVALUE,NOVALUE,NOVALUE,NOVALUE
CFG731_be75d89b225a67b6,x731,CFG731_a36b8a2d3a209134,579,TWO_CHARACTERISTIC,2,devCategory|stromSchaltbar,1,True,G,GP,ST,4,1,N,N,MN,HS,NOVALUE,IS1,TT1,MN1,NOVALUE,FWI,1,NOVALUE,1,NOVALUE
CFG731_7754f5bca95250d6,x731,CFG731_a36b8a2d3a209134,579,TWO_CHARACTERISTIC,2,devCategory|temperaturEingaenge,2,True,G,GP,ST,4,1,N,N,MN,HS,CS1,IS1,NOVALUE,MN1,NOVALUE,FWI,1,NOVALUE,1,NOVALUE
CFG731_f0d95380be6b6e90,x731,CFG731_a36b8a2d3a209134,579,TWO_CHARACTERISTIC,2,devCategory|dev_advMeterVerification,2,True,G,GP,ST,4,1,N,N,MN,HS,CS1,IS1,TT1,MN1,NOVALUE,FWI,NOVALUE,NOVALUE,1,NOVALUE
CFG731_129255b5721b2053,x731,CFG731_a36b8a2d3a209134,579,TWO_CHARACTERISTIC,2,devCategory|customUserFluid,2,True,G,GP,ST,4,1,N,N,MN,HS,CS1,IS1,TT1,MN1,NOVALUE,FWI,1,NOVALUE,NOVALUE,NOVALUE
CFG731_214b769209164299,x731,CFG731_a36b8a2d3a209134,579,TWO_CHARACTERISTIC,2,stromSchaltbar|dev_advMeterVerification,1,True,F,GP,ST,4,1,N,N,MN,HS,NOVALUE,IS1,TT1,MN1,NOVALUE,FWI,NOVALUE,NOVALUE,1,NOVALUE
CFG731_a9ec8cda9130252f,x731,CFG731_a36b8a2d3a209134,579,TWO_CHARACTERISTIC,2,stromSchaltbar|customUserFluid,1,True,F,GP,ST,4,1,N,N,MN,HS,NOVALUE,IS1,TT1,MN1,NOVALUE,FWI,1,NOVALUE,NOVALUE,NOVALUE
CFG731_0c777ce48c7827c0,x731,CFG731_a36b8a2d3a209134,579,TWO_CHARACTERISTIC,2,temperaturEingaenge|dev_advMeterVerification,2,True,F,GP,ST,4,1,N,N,MN,HS,CS1,IS1,NOVALUE,MN1,NOVALUE,FWI,NOVALUE,NOVALUE,1,NOVALUE
CFG731_55a5f4221fbaea16,x731,CFG731_a36b8a2d3a209134,579,TWO_CHARACTERISTIC,2,temperaturEingaenge|customUserFluid,2,True,F,GP,ST,4,1,N,N,MN,HS,CS1,IS1,NOVALUE,MN1,NOVALUE,FWI,1,NOVALUE,NOVALUE,NOVALUE
CFG731_dbfcde407c4d2524,x731,CFG731_a36b8a2d3a209134,579,TWO_CHARACTERISTIC,2,dev_advMeterVerification|customUserFluid,1,True,F,GP,ST,4,1,N,N,MN,HS,CS1,IS1,TT1,MN1,NOVALUE,FWI,NOVALUE,NOVALUE,NOVALUE,NOVALUE
CFG731_a7333f7769869fde,x731,CFG731_fb16e30f5bbb87f2,581,TWO_CHARACTERISTIC,2,devCategory|dev_advMeterVerification,2,True,G,GP,ST,4,1,N,N,MN,HS,NOVALUE,IS1,TT1,MN1,NOVALUE,FWI,NOVALUE,NOVALUE,1,NOVALUE
CFG731_ab1817250ab2f1d9,x731,CFG731_fb16e30f5bbb87f2,581,TWO_CHARACTERISTIC,2,devCategory|customUserFluid,2,True,G,GP,ST,4,1,N,N,MN,HS,NOVALUE,IS1,TT1,MN1,NOVALUE,FWI,1,NOVALUE,NOVALUE,NOVALUE
CFG731_f560db8c82450ee1,x731,CFG731_fb16e30f5bbb87f2,581,TWO_CHARACTERISTIC,2,dev_advMeterVerification|customUserFluid,1,True,F,GP,ST,4,1,N,N,MN,HS,NOVALUE,IS1,TT1,MN1,NOVALUE,FWI,NOVALUE,NOVALUE,NOVALUE,NOVALUE
CFG731_ee15b881a6032908,x731,CFG731_353333bad447dbef,582,ONE_CHARACTERISTIC,1,devCategory,1,True,G,GP,ST,4,1,A,2,MN,NN,CS1,NOVALUE,TT1,NOVALUE,MP1,FWI,1,NOVALUE,1,NOVALUE
CFG731_d5d49996cad115b3,x731,CFG731_353333bad447dbef,582,ONE_CHARACTERISTIC,1,stromSchaltbar,1,True,F,GP,ST,4,1,A,2,MN,NN,NOVALUE,NOVALUE,TT1,NOVALUE,MP1,FWI,1,NOVALUE,1,NOVALUE
CFG731_e268c539b23ee9e5,x731,CFG731_353333bad447dbef,582,ONE_CHARACTERISTIC,1,binaerOpenColl_MP,1,True,F,GP,ST,4,1,A,2,MN,NN,CS1,NOVALUE,TT1,NOVALUE,NOVALUE,FWI,1,NOVALUE,1,NOVALUE
CFG731_1f0c09edcd967945,x731,CFG731_353333bad447dbef,582,ONE_CHARACTERISTIC,1,dev_advMeterVerification,1,True,F,GP,ST,4,1,A,2,MN,NN,CS1,NOVALUE,TT1,NOVALUE,MP1,FWI,NOVALUE,NOVALUE,1,NOVALUE
CFG731_5a14e01af9745dda,x731,CFG731_353333bad447dbef,582,ONE_CHARACTERISTIC,1,customUserFluid,1,True,F,GP,ST,4,1,A,2,MN,NN,CS1,NOVALUE,TT1,NOVALUE,MP1,FWI,1,NOVALUE,NOVALUE,NOVALUE
CFG731_c517a14f9cf12c39,x731,CFG731_353333bad447dbef,582,DEPENDENCY_TWO_CHARACTERISTIC,2,stromEingaenge|temperaturEingaenge,1,True,F,GP,ST,4,1,A,2,MN,NN,CS1,IS1,NOVALUE,NOVALUE,MP1,FWI,1,NOVALUE,1,NOVALUE
CFG731_c6a3ff6155563d17,x731,CFG731_353333bad447dbef,582,DEPENDENCY_TWO_CHARACTERISTIC,2,stromSchaltbar|stromEingaenge,1,True,F,GP,ST,4,1,A,2,MN,NN,NOVALUE,IS1,TT1,NOVALUE,MP1,FWI,1,NOVALUE,1,NOVALUE
CFG731_0ef26d136a7182e8,x731,CFG731_353333bad447dbef,582,DEPENDENCY_TWO_CHARACTERISTIC,2,stromSchaltbar|temperaturEingaenge,1,True,F,GP,ST,4,1,A,2,MN,NN,NOVALUE,NOVALUE,NOVALUE,NOVALUE,MP1,FWI,1,NOVALUE,1,NOVALUE
CFG731_8a1a8cb1f6a30d3a,x731,CFG731_353333bad447dbef,582,TWO_CHARACTERISTIC,2,devCategory|dataInterface,1,True,G,GP,ST,4,1,A,2,MN,HS,CS1,NOVALUE,TT1,NOVALUE,MP1,FWI,1,NOVALUE,1,NOVALUE
CFG731_84cc98da620bea57,x731,CFG731_353333bad447dbef,582,TWO_CHARACTERISTIC,2,devCategory|stromSchaltbar,2,True,G,GP,ST,4,1,A,2,MN,NN,NOVALUE,NOVALUE,TT1,NOVALUE,MP1,FWI,1,NOVALUE,1,NOVALUE
CFG731_23a1ed9427c6dc1f,x731,CFG731_353333bad447dbef,582,TWO_CHARACTERISTIC,2,devCategory|stromEingaenge,1,True,G,GP,ST,4,1,A,2,MN,NN,CS1,IS1,TT1,NOVALUE,MP1,FWI,1,NOVALUE,1,NOVALUE
CFG731_6498e3fac64b4204,x731,CFG731_353333bad447dbef,582,TWO_CHARACTERISTIC,2,devCategory|temperaturEingaenge,1,True,G,GP,ST,4,1,A,2,MN,NN,CS1,NOVALUE,NOVALUE,NOVALUE,MP1,FWI,1,NOVALUE,1,NOVALUE
CFG731_f62c7a4b094fbbce,x731,CFG731_353333bad447dbef,582,TWO_CHARACTERISTIC,2,devCategory|binaerOpenColl_MP,2,True,G,GP,ST,4,1,A,2,MN,NN,CS1,NOVALUE,TT1,NOVALUE,NOVALUE,FWI,1,NOVALUE,1,NOVALUE
CFG731_35e14b6b3e26be25,x731,CFG731_353333bad447dbef,582,TWO_CHARACTERISTIC,2,devCategory|dev_advMeterVerification,2,True,G,GP,ST,4,1,A,2,MN,NN,CS1,NOVALUE,TT1,NOVALUE,MP1,FWI,NOVALUE,NOVALUE,1,NOVALUE
CFG731_038da5d3a7dc468b,x731,CFG731_353333bad447dbef,582,TWO_CHARACTERISTIC,2,devCategory|customUserFluid,2,True,G,GP,ST,4,1,A,2,MN,NN,CS1,NOVALUE,TT1,NOVALUE,MP1,FWI,1,NOVALUE,NOVALUE,NOVALUE
CFG731_b228aa35c0b027ac,x731,CFG731_353333bad447dbef,582,TWO_CHARACTERISTIC,2,explosionApproval|binaerOpenColl_MP,1,True,F,GP,ST,4,1,F,2,MN,NN,CS1,NOVALUE,TT1,NOVALUE,NOVALUE,FWI,1,NOVALUE,1,NOVALUE
CFG731_a38141e3f47b5259,x731,CFG731_353333bad447dbef,582,TWO_CHARACTERISTIC,2,dataInterface|stromSchaltbar,1,True,F,GP,ST,4,1,A,2,MN,HS,NOVALUE,NOVALUE,TT1,NOVALUE,MP1,FWI,1,NOVALUE,1,NOVALUE
CFG731_1ff2c28c953275c5,x731,CFG731_353333bad447dbef,582,TWO_CHARACTERISTIC,2,dataInterface|temperaturEingaenge,1,True,F,GP,ST,4,1,A,2,MN,HS,CS1,NOVALUE,NOVALUE,NOVALUE,MP1,FWI,1,NOVALUE,1,NOVALUE
CFG731_c35b817e9679c657,x731,CFG731_353333bad447dbef,582,TWO_CHARACTERISTIC,2,dataInterface|binaerOpenColl_MP,1,True,F,GP,ST,4,1,A,2,MN,HS,CS1,NOVALUE,TT1,NOVALUE,NOVALUE,FWI,1,NOVALUE,1,NOVALUE
CFG731_4d84757c3603b51c,x731,CFG731_353333bad447dbef,582,TWO_CHARACTERISTIC,2,dataInterface|dev_advMeterVerification,1,True,F,GP,ST,4,1,A,2,MN,HS,CS1,NOVALUE,TT1,NOVALUE,MP1,FWI,NOVALUE,NOVALUE,1,NOVALUE
CFG731_6d2ac57f5a8786db,x731,CFG731_353333bad447dbef,582,TWO_CHARACTERISTIC,2,dataInterface|customUserFluid,1,True,F,GP,ST,4,1,A,2,MN,HS,CS1,NOVALUE,TT1,NOVALUE,MP1,FWI,1,NOVALUE,NOVALUE,NOVALUE
CFG731_bd51fba2aacb1a3c,x731,CFG731_353333bad447dbef,582,TWO_CHARACTERISTIC,2,stromSchaltbar|binaerOpenColl_MP,2,True,F,GP,ST,4,1,A,2,MN,NN,NOVALUE,NOVALUE,TT1,NOVALUE,NOVALUE,FWI,1,NOVALUE,1,NOVALUE
CFG731_990fefe0017a024f,x731,CFG731_353333bad447dbef,582,TWO_CHARACTERISTIC,2,stromSchaltbar|dev_advMeterVerification,2,True,F,GP,ST,4,1,A,2,MN,NN,NOVALUE,NOVALUE,TT1,NOVALUE,MP1,FWI,NOVALUE,NOVALUE,1,NOVALUE
CFG731_d88bbd7a9dc2c859,x731,CFG731_353333bad447dbef,582,TWO_CHARACTERISTIC,2,stromSchaltbar|customUserFluid,2,True,F,GP,ST,4,1,A,2,MN,NN,NOVALUE,NOVALUE,TT1,NOVALUE,MP1,FWI,1,NOVALUE,NOVALUE,NOVALUE
CFG731_de5e29fe1f740f3e,x731,CFG731_353333bad447dbef,582,TWO_CHARACTERISTIC,2,stromEingaenge|binaerOpenColl_MP,1,True,F,GP,ST,4,1,A,2,MN,NN,CS1,IS1,TT1,NOVALUE,NOVALUE,FWI,1,NOVALUE,1,NOVALUE
CFG731_a20b10157efccecb,x731,CFG731_353333bad447dbef,582,TWO_CHARACTERISTIC,2,stromEingaenge|dev_advMeterVerification,1,True,F,GP,ST,4,1,A,2,MN,NN,CS1,IS1,TT1,NOVALUE,MP1,FWI,NOVALUE,NOVALUE,1,NOVALUE
CFG731_c108b657efc147c3,x731,CFG731_353333bad447dbef,582,TWO_CHARACTERISTIC,2,stromEingaenge|customUserFluid,1,True,F,GP,ST,4,1,A,2,MN,NN,CS1,IS1,TT1,NOVALUE,MP1,FWI,1,NOVALUE,NOVALUE,NOVALUE
CFG731_f7533d37b29ce240,x731,CFG731_353333bad447dbef,582,TWO_CHARACTERISTIC,2,temperaturEingaenge|binaerOpenColl_MP,1,True,F,GP,ST,4,1,A,2,MN,NN,CS1,NOVALUE,NOVALUE,NOVALUE,NOVALUE,FWI,1,NOVALUE,1,NOVALUE
CFG731_aa9e47c85fcdb938,x731,CFG731_353333bad447dbef,582,TWO_CHARACTERISTIC,2,temperaturEingaenge|dev_advMeterVerification,1,True,F,GP,ST,4,1,A,2,MN,NN,CS1,NOVALUE,NOVALUE,NOVALUE,MP1,FWI,NOVALUE,NOVALUE,1,NOVALUE
CFG731_35ba891e9600579a,x731,CFG731_353333bad447dbef,582,TWO_CHARACTERISTIC,2,temperaturEingaenge|customUserFluid,1,True,F,GP,ST,4,1,A,2,MN,NN,CS1,NOVALUE,NOVALUE,NOVALUE,MP1,FWI,1,NOVALUE,NOVALUE,NOVALUE
CFG731_0f905a88815805fa,x731,CFG731_353333bad447dbef,582,TWO_CHARACTERISTIC,2,binaerOpenColl_MP|dev_advMeterVerification,2,True,F,GP,ST,4,1,A,2,MN,NN,CS1,NOVALUE,TT1,NOVALUE,NOVALUE,FWI,NOVALUE,NOVALUE,1,NOVALUE
CFG731_841c499f3ddc8258,x731,CFG731_353333bad447dbef,582,TWO_CHARACTERISTIC,2,binaerOpenColl_MP|customUserFluid,2,True,F,GP,ST,4,1,A,2,MN,NN,CS1,NOVALUE,TT1,NOVALUE,NOVALUE,FWI,1,NOVALUE,NOVALUE,NOVALUE
CFG731_f0818b6e9953d652,x731,CFG731_353333bad447dbef,582,TWO_CHARACTERISTIC,2,dev_advMeterVerification|customUserFluid,2,True,F,GP,ST,4,1,A,2,MN,NN,CS1,NOVALUE,TT1,NOVALUE,MP1,FWI,NOVALUE,NOVALUE,NOVALUE,NOVALUE
CFG731_edc4f5368073c893,x731,CFG731_2be17a56b0589fd1,584,TWO_CHARACTERISTIC,2,devCategory|dataInterface,1,True,G,GP,ST,4,1,A,2,MN,HS,CS1,IS1,TT1,NOVALUE,MP1,FWI,1,NOVALUE,1,NOVALUE
CFG731_d08d05393d04fb8a,x731,CFG731_2be17a56b0589fd1,584,TWO_CHARACTERISTIC,2,devCategory|stromSchaltbar,2,True,G,GP,ST,4,1,A,2,MN,NN,NOVALUE,IS1,TT1,NOVALUE,MP1,FWI,1,NOVALUE,1,NOVALUE
CFG731_29087c573d8c896f,x731,CFG731_2be17a56b0589fd1,584,TWO_CHARACTERISTIC,2,devCategory|temperaturEingaenge,2,True,G,GP,ST,4,1,A,2,MN,NN,CS1,IS1,NOVALUE,NOVALUE,MP1,FWI,1,NOVALUE,1,NOVALUE
CFG731_5759958bd9b2e6ce,x731,CFG731_2be17a56b0589fd1,584,TWO_CHARACTERISTIC,2,devCategory|binaerOpenColl_MP,2,True,G,GP,ST,4,1,A,2,MN,NN,CS1,IS1,TT1,NOVALUE,NOVALUE,FWI,1,NOVALUE,1,NOVALUE
CFG731_3b3a81c727516f75,x731,CFG731_2be17a56b0589fd1,584,TWO_CHARACTERISTIC,2,devCategory|dev_advMeterVerification,2,True,G,GP,ST,4,1,A,2,MN,NN,CS1,IS1,TT1,NOVALUE,MP1,FWI,NOVALUE,NOVALUE,1,NOVALUE
CFG731_ddd41799d9a9d735,x731,CFG731_2be17a56b0589fd1,584,TWO_CHARACTERISTIC,2,devCategory|customUserFluid,2,True,G,GP,ST,4,1,A,2,MN,NN,CS1,IS1,TT1,NOVALUE,MP1,FWI,1,NOVALUE,NOVALUE,NOVALUE
CFG731_4dd88391f253d6d5,x731,CFG731_2be17a56b0589fd1,584,TWO_CHARACTERISTIC,2,explosionApproval|binaerOpenColl_MP,1,True,F,GP,ST,4,1,F,2,MN,NN,CS1,IS1,TT1,NOVALUE,NOVALUE,FWI,1,NOVALUE,1,NOVALUE
CFG731_0b33555ff08fcd28,x731,CFG731_2be17a56b0589fd1,584,TWO_CHARACTERISTIC,2,dataInterface|temperaturEingaenge,1,True,F,GP,ST,4,1,A,2,MN,HS,CS1,IS1,NOVALUE,NOVALUE,MP1,FWI,1,NOVALUE,1,NOVALUE
CFG731_d8083f6bcc90dd07,x731,CFG731_2be17a56b0589fd1,584,TWO_CHARACTERISTIC,2,dataInterface|binaerOpenColl_MP,1,True,F,GP,ST,4,1,A,2,MN,HS,CS1,IS1,TT1,NOVALUE,NOVALUE,FWI,1,NOVALUE,1,NOVALUE
CFG731_bddb4195ad08d693,x731,CFG731_2be17a56b0589fd1,584,TWO_CHARACTERISTIC,2,dataInterface|dev_advMeterVerification,1,True,F,GP,ST,4,1,A,2,MN,HS,CS1,IS1,TT1,NOVALUE,MP1,FWI,NOVALUE,NOVALUE,1,NOVALUE
CFG731_9fcb22c10930a960,x731,CFG731_2be17a56b0589fd1,584,TWO_CHARACTERISTIC,2,dataInterface|customUserFluid,1,True,F,GP,ST,4,1,A,2,MN,HS,CS1,IS1,TT1,NOVALUE,MP1,FWI,1,NOVALUE,NOVALUE,NOVALUE
CFG731_e5418af2f4691ff7,x731,CFG731_2be17a56b0589fd1,584,TWO_CHARACTERISTIC,2,stromSchaltbar|binaerOpenColl_MP,2,True,F,GP,ST,4,1,A,2,MN,NN,NOVALUE,IS1,TT1,NOVALUE,NOVALUE,FWI,1,NOVALUE,1,NOVALUE
CFG731_d28419c4a92e9691,x731,CFG731_2be17a56b0589fd1,584,TWO_CHARACTERISTIC,2,stromSchaltbar|dev_advMeterVerification,2,True,F,GP,ST,4,1,A,2,MN,NN,NOVALUE,IS1,TT1,NOVALUE,MP1,FWI,NOVALUE,NOVALUE,1,NOVALUE
CFG731_7d1310500bca097a,x731,CFG731_2be17a56b0589fd1,584,TWO_CHARACTERISTIC,2,stromSchaltbar|customUserFluid,2,True,F,GP,ST,4,1,A,2,MN,NN,NOVALUE,IS1,TT1,NOVALUE,MP1,FWI,1,NOVALUE,NOVALUE,NOVALUE
CFG731_a3bec66456cbb454,x731,CFG731_2be17a56b0589fd1,584,TWO_CHARACTERISTIC,2,temperaturEingaenge|binaerOpenColl_MP,2,True,F,GP,ST,4,1,A,2,MN,NN,CS1,IS1,NOVALUE,NOVALUE,NOVALUE,FWI,1,NOVALUE,1,NOVALUE
CFG731_ff5150ed1359242b,x731,CFG731_2be17a56b0589fd1,584,TWO_CHARACTERISTIC,2,temperaturEingaenge|dev_advMeterVerification,2,True,F,GP,ST,4,1,A,2,MN,NN,CS1,IS1,NOVALUE,NOVALUE,MP1,FWI,NOVALUE,NOVALUE,1,NOVALUE
CFG731_ac6c543264721650,x731,CFG731_2be17a56b0589fd1,584,TWO_CHARACTERISTIC,2,temperaturEingaenge|customUserFluid,2,True,F,GP,ST,4,1,A,2,MN,NN,CS1,IS1,NOVALUE,NOVALUE,MP1,FWI,1,NOVALUE,NOVALUE,NOVALUE
CFG731_291a6feab0a4d36b,x731,CFG731_2be17a56b0589fd1,584,TWO_CHARACTERISTIC,2,binaerOpenColl_MP|dev_advMeterVerification,2,True,F,GP,ST,4,1,A,2,MN,NN,CS1,IS1,TT1,NOVALUE,NOVALUE,FWI,NOVALUE,NOVALUE,1,NOVALUE
CFG731_b993a2926aaae859,x731,CFG731_2be17a56b0589fd1,584,TWO_CHARACTERISTIC,2,binaerOpenColl_MP|customUserFluid,2,True,F,GP,ST,4,1,A,2,MN,NN,CS1,IS1,TT1,NOVALUE,NOVALUE,FWI,1,NOVALUE,NOVALUE,NOVALUE
CFG731_1e04c9611da5e298,x731,CFG731_2be17a56b0589fd1,584,TWO_CHARACTERISTIC,2,dev_advMeterVerification|customUserFluid,1,True,F,GP,ST,4,1,A,2,MN,NN,CS1,IS1,TT1,NOVALUE,MP1,FWI,NOVALUE,NOVALUE,NOVALUE,NOVALUE
CFG731_491a198d9cd06e17,x731,CFG731_07364aa0260e0bc7,587,ONE_CHARACTERISTIC,1,devCategory,1,True,G,GP,ST,4,1,A,2,MN,NN,NOVALUE,IS1,NOVALUE,NOVALUE,MP1,FWI,1,NOVALUE,1,NOVALUE
CFG731_cbbe948e572a42e8,x731,CFG731_07364aa0260e0bc7,587,ONE_CHARACTERISTIC,1,dataInterface,1,True,F,GP,ST,4,1,A,2,MN,HS,NOVALUE,IS1,NOVALUE,NOVALUE,MP1,FWI,1,NOVALUE,1,NOVALUE
CFG731_e9e5f6255573b434,x731,CFG731_07364aa0260e0bc7,587,ONE_CHARACTERISTIC,1,binaerOpenColl_MP,1,True,F,GP,ST,4,1,A,2,MN,NN,NOVALUE,IS1,NOVALUE,NOVALUE,NOVALUE,FWI,1,NOVALUE,1,NOVALUE
CFG731_135ddf5639321fb6,x731,CFG731_07364aa0260e0bc7,587,ONE_CHARACTERISTIC,1,dev_advMeterVerification,1,True,F,GP,ST,4,1,A,2,MN,NN,NOVALUE,IS1,NOVALUE,NOVALUE,MP1,FWI,NOVALUE,NOVALUE,1,NOVALUE
CFG731_11979b32fa2fdc2e,x731,CFG731_07364aa0260e0bc7,587,ONE_CHARACTERISTIC,1,customUserFluid,1,True,F,GP,ST,4,1,A,2,MN,NN,NOVALUE,IS1,NOVALUE,NOVALUE,MP1,FWI,1,NOVALUE,NOVALUE,NOVALUE
CFG731_45c80141e7f97e08,x731,CFG731_07364aa0260e0bc7,587,TWO_CHARACTERISTIC,2,devCategory|dataInterface,2,True,G,GP,ST,4,1,A,2,MN,HS,NOVALUE,IS1,NOVALUE,NOVALUE,MP1,FWI,1,NOVALUE,1,NOVALUE
CFG731_665dac4d746cec5c,x731,CFG731_07364aa0260e0bc7,587,TWO_CHARACTERISTIC,2,devCategory|stromEingaenge,2,True,G,GP,ST,4,1,A,2,MN,NN,NOVALUE,NOVALUE,NOVALUE,NOVALUE,MP1,FWI,1,NOVALUE,1,NOVALUE
CFG731_2bde3b6cda576c2c,x731,CFG731_07364aa0260e0bc7,587,TWO_CHARACTERISTIC,2,devCategory|binaerOpenColl_MP,2,True,G,GP,ST,4,1,A,2,MN,NN,NOVALUE,IS1,NOVALUE,NOVALUE,NOVALUE,FWI,1,NOVALUE,1,NOVALUE
CFG731_b984a66825e31991,x731,CFG731_07364aa0260e0bc7,587,TWO_CHARACTERISTIC,2,devCategory|dev_advMeterVerification,2,True,G,GP,ST,4,1,A,2,MN,NN,NOVALUE,IS1,NOVALUE,NOVALUE,MP1,FWI,NOVALUE,NOVALUE,1,NOVALUE
CFG731_ceb13e5602925e38,x731,CFG731_07364aa0260e0bc7,587,TWO_CHARACTERISTIC,2,devCategory|customUserFluid,2,True,G,GP,ST,4,1,A,2,MN,NN,NOVALUE,IS1,NOVALUE,NOVALUE,MP1,FWI,1,NOVALUE,NOVALUE,NOVALUE
CFG731_3410c3a290a3f55f,x731,CFG731_07364aa0260e0bc7,587,TWO_CHARACTERISTIC,2,explosionApproval|binaerOpenColl_MP,1,True,F,GP,ST,4,1,F,2,MN,NN,NOVALUE,IS1,NOVALUE,NOVALUE,NOVALUE,FWI,1,NOVALUE,1,NOVALUE
CFG731_f6b9eb5365524e47,x731,CFG731_07364aa0260e0bc7,587,TWO_CHARACTERISTIC,2,dataInterface|stromEingaenge,2,True,F,GP,ST,4,1,A,2,MN,HS,NOVALUE,NOVALUE,NOVALUE,NOVALUE,MP1,FWI,1,NOVALUE,1,NOVALUE
CFG731_07dc55225ea5ee84,x731,CFG731_07364aa0260e0bc7,587,TWO_CHARACTERISTIC,2,dataInterface|binaerOpenColl_MP,2,True,F,GP,ST,4,1,A,2,MN,HS,NOVALUE,IS1,NOVALUE,NOVALUE,NOVALUE,FWI,1,NOVALUE,1,NOVALUE
CFG731_5f4002ede5e39c69,x731,CFG731_07364aa0260e0bc7,587,TWO_CHARACTERISTIC,2,dataInterface|dev_advMeterVerification,2,True,F,GP,ST,4,1,A,2,MN,HS,NOVALUE,IS1,NOVALUE,NOVALUE,MP1,FWI,NOVALUE,NOVALUE,1,NOVALUE
CFG731_d6f04ab6cba8cf4d,x731,CFG731_07364aa0260e0bc7,587,TWO_CHARACTERISTIC,2,dataInterface|customUserFluid,2,True,F,GP,ST,4,1,A,2,MN,HS,NOVALUE,IS1,NOVALUE,NOVALUE,MP1,FWI,1,NOVALUE,NOVALUE,NOVALUE
CFG731_db6eba502fffc9aa,x731,CFG731_07364aa0260e0bc7,587,TWO_CHARACTERISTIC,2,stromEingaenge|binaerOpenColl_MP,2,True,F,GP,ST,4,1,A,2,MN,NN,NOVALUE,NOVALUE,NOVALUE,NOVALUE,NOVALUE,FWI,1,NOVALUE,1,NOVALUE
CFG731_b3c23954ec47e3c3,x731,CFG731_07364aa0260e0bc7,587,TWO_CHARACTERISTIC,2,stromEingaenge|dev_advMeterVerification,2,True,F,GP,ST,4,1,A,2,MN,NN,NOVALUE,NOVALUE,NOVALUE,NOVALUE,MP1,FWI,NOVALUE,NOVALUE,1,NOVALUE
CFG731_f2b305fda5b7c1ed,x731,CFG731_07364aa0260e0bc7,587,TWO_CHARACTERISTIC,2,stromEingaenge|customUserFluid,2,True,F,GP,ST,4,1,A,2,MN,NN,NOVALUE,NOVALUE,NOVALUE,NOVALUE,MP1,FWI,1,NOVALUE,NOVALUE,NOVALUE
CFG731_a8d2bfa92b7926ab,x731,CFG731_07364aa0260e0bc7,587,TWO_CHARACTERISTIC,2,binaerOpenColl_MP|dev_advMeterVerification,2,True,F,GP,ST,4,1,A,2,MN,NN,NOVALUE,IS1,NOVALUE,NOVALUE,NOVALUE,FWI,NOVALUE,NOVALUE,1,NOVALUE
CFG731_4617457cd25528bf,x731,CFG731_07364aa0260e0bc7,587,TWO_CHARACTERISTIC,2,binaerOpenColl_MP|customUserFluid,2,True,F,GP,ST,4,1,A,2,MN,NN,NOVALUE,IS1,NOVALUE,NOVALUE,NOVALUE,FWI,1,NOVALUE,NOVALUE,NOVALUE
CFG731_a1bf91a6c5841fc0,x731,CFG731_07364aa0260e0bc7,587,TWO_CHARACTERISTIC,2,dev_advMeterVerification|customUserFluid,2,True,F,GP,ST,4,1,A,2,MN,NN,NOVALUE,IS1,NOVALUE,NOVALUE,MP1,FWI,NOVALUE,NOVALUE,NOVALUE,NOVALUE
CFG731_9767506e8251b751,x731,CFG731_ded2ab05f54ee551,588,TWO_CHARACTERISTIC,2,devCategory|dataInterface,2,True,G,GP,ST,4,1,A,2,MN,HS,CS1,NOVALUE,NOVALUE,NOVALUE,MP1,FWI,1,NOVALUE,1,NOVALUE
CFG731_9aed49a818f9f8c7,x731,CFG731_ded2ab05f54ee551,588,TWO_CHARACTERISTIC,2,devCategory|binaerOpenColl_MP,2,True,G,GP,ST,4,1,A,2,MN,NN,CS1,NOVALUE,NOVALUE,NOVALUE,NOVALUE,FWI,1,NOVALUE,1,NOVALUE
CFG731_0f211b6c228b8cb6,x731,CFG731_ded2ab05f54ee551,588,TWO_CHARACTERISTIC,2,devCategory|dev_advMeterVerification,2,True,G,GP,ST,4,1,A,2,MN,NN,CS1,NOVALUE,NOVALUE,NOVALUE,MP1,FWI,NOVALUE,NOVALUE,1,NOVALUE
CFG731_f1c8a95e6a98e785,x731,CFG731_ded2ab05f54ee551,588,TWO_CHARACTERISTIC,2,devCategory|customUserFluid,2,True,G,GP,ST,4,1,A,2,MN,NN,CS1,NOVALUE,NOVALUE,NOVALUE,MP1,FWI,1,NOVALUE,NOVALUE,NOVALUE
CFG731_f2984ef18273dd81,x731,CFG731_ded2ab05f54ee551,588,TWO_CHARACTERISTIC,2,explosionApproval|binaerOpenColl_MP,1,True,F,GP,ST,4,1,F,2,MN,NN,CS1,NOVALUE,NOVALUE,NOVALUE,NOVALUE,FWI,1,NOVALUE,1,NOVALUE
CFG731_f1f257bc143194a8,x731,CFG731_ded2ab05f54ee551,588,TWO_CHARACTERISTIC,2,dataInterface|binaerOpenColl_MP,2,True,F,GP,ST,4,1,A,2,MN,HS,CS1,NOVALUE,NOVALUE,NOVALUE,NOVALUE,FWI,1,NOVALUE,1,NOVALUE
CFG731_2610e273bed6705c,x731,CFG731_ded2ab05f54ee551,588,TWO_CHARACTERISTIC,2,dataInterface|dev_advMeterVerification,2,True,F,GP,ST,4,1,A,2,MN,HS,CS1,NOVALUE,NOVALUE,NOVALUE,MP1,FWI,NOVALUE,NOVALUE,1,NOVALUE
CFG731_9eda95fb1b62fb8d,x731,CFG731_ded2ab05f54ee551,588,TWO_CHARACTERISTIC,2,dataInterface|customUserFluid,2,True,F,GP,ST,4,1,A,2,MN,HS,CS1,NOVALUE,NOVALUE,NOVALUE,MP1,FWI,1,NOVALUE,NOVALUE,NOVALUE
CFG731_e901d983321020a2,x731,CFG731_ded2ab05f54ee551,588,TWO_CHARACTERISTIC,2,binaerOpenColl_MP|dev_advMeterVerification,2,True,F,GP,ST,4,1,A,2,MN,NN,CS1,NOVALUE,NOVALUE,NOVALUE,NOVALUE,FWI,NOVALUE,NOVALUE,1,NOVALUE
CFG731_d322b875de2df361,x731,CFG731_ded2ab05f54ee551,588,TWO_CHARACTERISTIC,2,binaerOpenColl_MP|customUserFluid,2,True,F,GP,ST,4,1,A,2,MN,NN,CS1,NOVALUE,NOVALUE,NOVALUE,NOVALUE,FWI,1,NOVALUE,NOVALUE,NOVALUE
CFG731_cb9369f781da323a,x731,CFG731_ded2ab05f54ee551,588,TWO_CHARACTERISTIC,2,dev_advMeterVerification|customUserFluid,2,True,F,GP,ST,4,1,A,2,MN,NN,CS1,NOVALUE,NOVALUE,NOVALUE,MP1,FWI,NOVALUE,NOVALUE,NOVALUE,NOVALUE
CFG731_a98bde9f9ea58c5e,x731,CFG731_ddfa4ab00c1bcdd0,596,TWO_CHARACTERISTIC,2,devCategory|stromSchaltbar,2,True,G,GP,ST,4,1,A,2,MN,HS,NOVALUE,NOVALUE,TT1,NOVALUE,MP1,FWI,1,NOVALUE,1,NOVALUE
CFG731_39b102df312b9763,x731,CFG731_ddfa4ab00c1bcdd0,596,TWO_CHARACTERISTIC,2,devCategory|binaerOpenColl_MP,2,True,G,GP,ST,4,1,A,2,MN,HS,CS1,NOVALUE,TT1,NOVALUE,NOVALUE,FWI,1,NOVALUE,1,NOVALUE
CFG731_6f36b99351668e7b,x731,CFG731_ddfa4ab00c1bcdd0,596,TWO_CHARACTERISTIC,2,devCategory|dev_advMeterVerification,2,True,G,GP,ST,4,1,A,2,MN,HS,CS1,NOVALUE,TT1,NOVALUE,MP1,FWI,NOVALUE,NOVALUE,1,NOVALUE
CFG731_a1232c245df59ec9,x731,CFG731_ddfa4ab00c1bcdd0,596,TWO_CHARACTERISTIC,2,devCategory|customUserFluid,2,True,G,GP,ST,4,1,A,2,MN,HS,CS1,NOVALUE,TT1,NOVALUE,MP1,FWI,1,NOVALUE,NOVALUE,NOVALUE
CFG731_fd10dd35c97df399,x731,CFG731_ddfa4ab00c1bcdd0,596,TWO_CHARACTERISTIC,2,explosionApproval|binaerOpenColl_MP,1,True,F,GP,ST,4,1,F,2,MN,HS,CS1,NOVALUE,TT1,NOVALUE,NOVALUE,FWI,1,NOVALUE,1,NOVALUE
CFG731_0c5053e1094d1263,x731,CFG731_ddfa4ab00c1bcdd0,596,TWO_CHARACTERISTIC,2,stromSchaltbar|binaerOpenColl_MP,2,True,F,GP,ST,4,1,A,2,MN,HS,NOVALUE,NOVALUE,TT1,NOVALUE,NOVALUE,FWI,1,NOVALUE,1,NOVALUE
CFG731_47f465a581ff7d58,x731,CFG731_ddfa4ab00c1bcdd0,596,TWO_CHARACTERISTIC,2,stromSchaltbar|dev_advMeterVerification,2,True,F,GP,ST,4,1,A,2,MN,HS,NOVALUE,NOVALUE,TT1,NOVALUE,MP1,FWI,NOVALUE,NOVALUE,1,NOVALUE
CFG731_18fd361bf5256c30,x731,CFG731_ddfa4ab00c1bcdd0,596,TWO_CHARACTERISTIC,2,stromSchaltbar|customUserFluid,2,True,F,GP,ST,4,1,A,2,MN,HS,NOVALUE,NOVALUE,TT1,NOVALUE,MP1,FWI,1,NOVALUE,NOVALUE,NOVALUE
CFG731_b5b9e3324032920d,x731,CFG731_ddfa4ab00c1bcdd0,596,TWO_CHARACTERISTIC,2,binaerOpenColl_MP|dev_advMeterVerification,2,True,F,GP,ST,4,1,A,2,MN,HS,CS1,NOVALUE,TT1,NOVALUE,NOVALUE,FWI,NOVALUE,NOVALUE,1,NOVALUE
CFG731_b121cee26f3c8168,x731,CFG731_ddfa4ab00c1bcdd0,596,TWO_CHARACTERISTIC,2,binaerOpenColl_MP|customUserFluid,2,True,F,GP,ST,4,1,A,2,MN,HS,CS1,NOVALUE,TT1,NOVALUE,NOVALUE,FWI,1,NOVALUE,NOVALUE,NOVALUE
CFG731_6aa795ec10845563,x731,CFG731_ddfa4ab00c1bcdd0,596,TWO_CHARACTERISTIC,2,dev_advMeterVerification|customUserFluid,2,True,F,GP,ST,4,1,A,2,MN,HS,CS1,NOVALUE,TT1,NOVALUE,MP1,FWI,NOVALUE,NOVALUE,NOVALUE,NOVALUE
CFG731_df26c229c87961fe,x731,CFG731_8d07e19298d09d34,598,TWO_CHARACTERISTIC,2,devCategory|stromSchaltbar,1,True,G,GP,ST,4,1,A,2,MN,HS,NOVALUE,IS1,TT1,NOVALUE,MP1,FWI,1,NOVALUE,1,NOVALUE
CFG731_52a97c9fea993426,x731,CFG731_8d07e19298d09d34,598,TWO_CHARACTERISTIC,2,devCategory|temperaturEingaenge,2,True,G,GP,ST,4,1,A,2,MN,HS,CS1,IS1,NOVALUE,NOVALUE,MP1,FWI,1,NOVALUE,1,NOVALUE
CFG731_2defd08a3d98d7b7,x731,CFG731_8d07e19298d09d34,598,TWO_CHARACTERISTIC,2,devCategory|binaerOpenColl_MP,2,True,G,GP,ST,4,1,A,2,MN,HS,CS1,IS1,TT1,NOVALUE,NOVALUE,FWI,1,NOVALUE,1,NOVALUE
CFG731_4fcdf4e48e247790,x731,CFG731_8d07e19298d09d34,598,TWO_CHARACTERISTIC,2,devCategory|dev_advMeterVerification,2,True,G,GP,ST,4,1,A,2,MN,HS,CS1,IS1,TT1,NOVALUE,MP1,FWI,NOVALUE,NOVALUE,1,NOVALUE
CFG731_031d27392fa71792,x731,CFG731_8d07e19298d09d34,598,TWO_CHARACTERISTIC,2,devCategory|customUserFluid,2,True,G,GP,ST,4,1,A,2,MN,HS,CS1,IS1,TT1,NOVALUE,MP1,FWI,1,NOVALUE,NOVALUE,NOVALUE
CFG731_ebb861c404a79d91,x731,CFG731_8d07e19298d09d34,598,TWO_CHARACTERISTIC,2,explosionApproval|binaerOpenColl_MP,1,True,F,GP,ST,4,1,F,2,MN,HS,CS1,IS1,TT1,NOVALUE,NOVALUE,FWI,1,NOVALUE,1,NOVALUE
CFG731_e1beb351fc6d3d18,x731,CFG731_8d07e19298d09d34,598,TWO_CHARACTERISTIC,2,stromSchaltbar|binaerOpenColl_MP,1,True,F,GP,ST,4,1,A,2,MN,HS,NOVALUE,IS1,TT1,NOVALUE,NOVALUE,FWI,1,NOVALUE,1,NOVALUE
CFG731_66527c2cd3f93f64,x731,CFG731_8d07e19298d09d34,598,TWO_CHARACTERISTIC,2,stromSchaltbar|dev_advMeterVerification,1,True,F,GP,ST,4,1,A,2,MN,HS,NOVALUE,IS1,TT1,NOVALUE,MP1,FWI,NOVALUE,NOVALUE,1,NOVALUE
CFG731_4d7973e5c90dfd58,x731,CFG731_8d07e19298d09d34,598,TWO_CHARACTERISTIC,2,stromSchaltbar|customUserFluid,1,True,F,GP,ST,4,1,A,2,MN,HS,NOVALUE,IS1,TT1,NOVALUE,MP1,FWI,1,NOVALUE,NOVALUE,NOVALUE
CFG731_4158c57c64fd4dcc,x731,CFG731_8d07e19298d09d34,598,TWO_CHARACTERISTIC,2,temperaturEingaenge|binaerOpenColl_MP,2,True,F,GP,ST,4,1,A,2,MN,HS,CS1,IS1,NOVALUE,NOVALUE,NOVALUE,FWI,1,NOVALUE,1,NOVALUE
CFG731_9cc0d08f7da11949,x731,CFG731_8d07e19298d09d34,598,TWO_CHARACTERISTIC,2,temperaturEingaenge|dev_advMeterVerification,2,True,F,GP,ST,4,1,A,2,MN,HS,CS1,IS1,NOVALUE,NOVALUE,MP1,FWI,NOVALUE,NOVALUE,1,NOVALUE
CFG731_0cf243922b85d0b4,x731,CFG731_8d07e19298d09d34,598,TWO_CHARACTERISTIC,2,temperaturEingaenge|customUserFluid,2,True,F,GP,ST,4,1,A,2,MN,HS,CS1,IS1,NOVALUE,NOVALUE,MP1,FWI,1,NOVALUE,NOVALUE,NOVALUE
CFG731_da11ae595588cc34,x731,CFG731_8d07e19298d09d34,598,TWO_CHARACTERISTIC,2,binaerOpenColl_MP|dev_advMeterVerification,2,True,F,GP,ST,4,1,A,2,MN,HS,CS1,IS1,TT1,NOVALUE,NOVALUE,FWI,NOVALUE,NOVALUE,1,NOVALUE
CFG731_aeea483c06657307,x731,CFG731_8d07e19298d09d34,598,TWO_CHARACTERISTIC,2,binaerOpenColl_MP|customUserFluid,2,True,F,GP,ST,4,1,A,2,MN,HS,CS1,IS1,TT1,NOVALUE,NOVALUE,FWI,1,NOVALUE,NOVALUE,NOVALUE
CFG731_86a57b7488e60012,x731,CFG731_8d07e19298d09d34,598,TWO_CHARACTERISTIC,2,dev_advMeterVerification|customUserFluid,1,True,F,GP,ST,4,1,A,2,MN,HS,CS1,IS1,TT1,NOVALUE,MP1,FWI,NOVALUE,NOVALUE,NOVALUE,NOVALUE
CFG731_537692124c0cf1d0,x731,CFG731_17becc4d045fdd6e,600,TWO_CHARACTERISTIC,2,devCategory|binaerOpenColl_MP,2,True,G,GP,ST,4,1,A,2,MN,HS,NOVALUE,IS1,TT1,NOVALUE,NOVALUE,FWI,1,NOVALUE,1,NOVALUE
CFG731_8ad503c0be7c64be,x731,CFG731_17becc4d045fdd6e,600,TWO_CHARACTERISTIC,2,devCategory|dev_advMeterVerification,2,True,G,GP,ST,4,1,A,2,MN,HS,NOVALUE,IS1,TT1,NOVALUE,MP1,FWI,NOVALUE,NOVALUE,1,NOVALUE
CFG731_619df7017b3dcee7,x731,CFG731_17becc4d045fdd6e,600,TWO_CHARACTERISTIC,2,devCategory|customUserFluid,2,True,G,GP,ST,4,1,A,2,MN,HS,NOVALUE,IS1,TT1,NOVALUE,MP1,FWI,1,NOVALUE,NOVALUE,NOVALUE
CFG731_5619990314e85743,x731,CFG731_17becc4d045fdd6e,600,TWO_CHARACTERISTIC,2,explosionApproval|binaerOpenColl_MP,1,True,F,GP,ST,4,1,F,2,MN,HS,NOVALUE,IS1,TT1,NOVALUE,NOVALUE,FWI,1,NOVALUE,1,NOVALUE
CFG731_be94c07f587ce38d,x731,CFG731_17becc4d045fdd6e,600,TWO_CHARACTERISTIC,2,binaerOpenColl_MP|dev_advMeterVerification,2,True,F,GP,ST,4,1,A,2,MN,HS,NOVALUE,IS1,TT1,NOVALUE,NOVALUE,FWI,NOVALUE,NOVALUE,1,NOVALUE
CFG731_2be99adcef02bb87,x731,CFG731_17becc4d045fdd6e,600,TWO_CHARACTERISTIC,2,binaerOpenColl_MP|customUserFluid,2,True,F,GP,ST,4,1,A,2,MN,HS,NOVALUE,IS1,TT1,NOVALUE,NOVALUE,FWI,1,NOVALUE,NOVALUE,NOVALUE
CFG731_a52ff987f4052bb9,x731,CFG731_17becc4d045fdd6e,600,TWO_CHARACTERISTIC,2,dev_advMeterVerification|customUserFluid,1,True,F,GP,ST,4,1,A,2,MN,HS,NOVALUE,IS1,TT1,NOVALUE,MP1,FWI,NOVALUE,NOVALUE,NOVALUE,NOVALUE
CFG731_055d57f6088031a6,x731,CFG731_5bb390da70b6fee3,601,ONE_CHARACTERISTIC,1,devCategory,1,True,G,GP,ST,4,1,A,2,MN,NN,CS1,NOVALUE,TT1,MN1,NOVALUE,FWI,1,NOVALUE,1,NOVALUE
CFG731_8ade52b2e74d0235,x731,CFG731_5bb390da70b6fee3,601,ONE_CHARACTERISTIC,1,stromSchaltbar,1,True,F,GP,ST,4,1,A,2,MN,NN,NOVALUE,NOVALUE,TT1,MN1,NOVALUE,FWI,1,NOVALUE,1,NOVALUE
CFG731_7942d32924313c96,x731,CFG731_5bb390da70b6fee3,601,ONE_CHARACTERISTIC,1,dev_advMeterVerification,1,True,F,GP,ST,4,1,A,2,MN,NN,CS1,NOVALUE,TT1,MN1,NOVALUE,FWI,NOVALUE,NOVALUE,1,NOVALUE
CFG731_9be0c5ce20280448,x731,CFG731_5bb390da70b6fee3,601,ONE_CHARACTERISTIC,1,customUserFluid,1,True,F,GP,ST,4,1,A,2,MN,NN,CS1,NOVALUE,TT1,MN1,NOVALUE,FWI,1,NOVALUE,NOVALUE,NOVALUE
CFG731_15f034f7c265528f,x731,CFG731_5bb390da70b6fee3,601,DEPENDENCY_TWO_CHARACTERISTIC,2,stromEingaenge|temperaturEingaenge,1,True,F,GP,ST,4,1,A,2,MN,NN,CS1,IS1,NOVALUE,MN1,NOVALUE,FWI,1,NOVALUE,1,NOVALUE
CFG731_f7e6eb169c92689f,x731,CFG731_5bb390da70b6fee3,601,DEPENDENCY_TWO_CHARACTERISTIC,2,stromSchaltbar|stromEingaenge,1,True,F,GP,ST,4,1,A,2,MN,NN,NOVALUE,IS1,TT1,MN1,NOVALUE,FWI,1,NOVALUE,1,NOVALUE
CFG731_5e50b9bcbfa0b051,x731,CFG731_5bb390da70b6fee3,601,DEPENDENCY_TWO_CHARACTERISTIC,2,stromSchaltbar|temperaturEingaenge,1,True,F,GP,ST,4,1,A,2,MN,NN,NOVALUE,NOVALUE,NOVALUE,MN1,NOVALUE,FWI,1,NOVALUE,1,NOVALUE
CFG731_86cac038e8db2fe1,x731,CFG731_5bb390da70b6fee3,601,TWO_CHARACTERISTIC,2,devCategory|explosionApproval,1,True,G,GP,ST,4,1,F,2,MN,NN,CS1,NOVALUE,TT1,MN1,NOVALUE,FWI,1,NOVALUE,1,NOVALUE
CFG731_21def19203fecb10,x731,CFG731_5bb390da70b6fee3,601,TWO_CHARACTERISTIC,2,devCategory|dataInterface,1,True,G,GP,ST,4,1,A,2,MN,HS,CS1,NOVALUE,TT1,MN1,NOVALUE,FWI,1,NOVALUE,1,NOVALUE
CFG731_a61e923ae65ad612,x731,CFG731_5bb390da70b6fee3,601,TWO_CHARACTERISTIC,2,devCategory|stromSchaltbar,2,True,G,GP,ST,4,1,A,2,MN,NN,NOVALUE,NOVALUE,TT1,MN1,NOVALUE,FWI,1,NOVALUE,1,NOVALUE
CFG731_f430d8ebe4134533,x731,CFG731_5bb390da70b6fee3,601,TWO_CHARACTERISTIC,2,devCategory|stromEingaenge,1,True,G,GP,ST,4,1,A,2,MN,NN,CS1,IS1,TT1,MN1,NOVALUE,FWI,1,NOVALUE,1,NOVALUE
CFG731_973d201e6585b77f,x731,CFG731_5bb390da70b6fee3,601,TWO_CHARACTERISTIC,2,devCategory|temperaturEingaenge,1,True,G,GP,ST,4,1,A,2,MN,NN,CS1,NOVALUE,NOVALUE,MN1,NOVALUE,FWI,1,NOVALUE,1,NOVALUE
CFG731_388928540067c900,x731,CFG731_5bb390da70b6fee3,601,TWO_CHARACTERISTIC,2,devCategory|dev_advMeterVerification,2,True,G,GP,ST,4,1,A,2,MN,NN,CS1,NOVALUE,TT1,MN1,NOVALUE,FWI,NOVALUE,NOVALUE,1,NOVALUE
CFG731_9d7860261ef58bf7,x731,CFG731_5bb390da70b6fee3,601,TWO_CHARACTERISTIC,2,devCategory|customUserFluid,2,True,G,GP,ST,4,1,A,2,MN,NN,CS1,NOVALUE,TT1,MN1,NOVALUE,FWI,1,NOVALUE,NOVALUE,NOVALUE
CFG731_953eb2d6f6ffc3a0,x731,CFG731_5bb390da70b6fee3,601,TWO_CHARACTERISTIC,2,explosionApproval|stromSchaltbar,1,True,F,GP,ST,4,1,F,2,MN,NN,NOVALUE,NOVALUE,TT1,MN1,NOVALUE,FWI,1,NOVALUE,1,NOVALUE
CFG731_5184cddea92399de,x731,CFG731_5bb390da70b6fee3,601,TWO_CHARACTERISTIC,2,explosionApproval|dev_advMeterVerification,1,True,F,GP,ST,4,1,F,2,MN,NN,CS1,NOVALUE,TT1,MN1,NOVALUE,FWI,NOVALUE,NOVALUE,1,NOVALUE
CFG731_16cd4692a5f070ba,x731,CFG731_5bb390da70b6fee3,601,TWO_CHARACTERISTIC,2,explosionApproval|customUserFluid,1,True,F,GP,ST,4,1,F,2,MN,NN,CS1,NOVALUE,TT1,MN1,NOVALUE,FWI,1,NOVALUE,NOVALUE,NOVALUE
CFG731_8956c16bd3b9a345,x731,CFG731_5bb390da70b6fee3,601,TWO_CHARACTERISTIC,2,dataInterface|stromSchaltbar,1,True,F,GP,ST,4,1,A,2,MN,HS,NOVALUE,NOVALUE,TT1,MN1,NOVALUE,FWI,1,NOVALUE,1,NOVALUE
CFG731_8ddba298744bc573,x731,CFG731_5bb390da70b6fee3,601,TWO_CHARACTERISTIC,2,dataInterface|temperaturEingaenge,1,True,F,GP,ST,4,1,A,2,MN,HS,CS1,NOVALUE,NOVALUE,MN1,NOVALUE,FWI,1,NOVALUE,1,NOVALUE
CFG731_09176beb25719d23,x731,CFG731_5bb390da70b6fee3,601,TWO_CHARACTERISTIC,2,dataInterface|dev_advMeterVerification,1,True,F,GP,ST,4,1,A,2,MN,HS,CS1,NOVALUE,TT1,MN1,NOVALUE,FWI,NOVALUE,NOVALUE,1,NOVALUE
CFG731_e3b7a52ea0694eb1,x731,CFG731_5bb390da70b6fee3,601,TWO_CHARACTERISTIC,2,dataInterface|customUserFluid,1,True,F,GP,ST,4,1,A,2,MN,HS,CS1,NOVALUE,TT1,MN1,NOVALUE,FWI,1,NOVALUE,NOVALUE,NOVALUE
CFG731_bfa6bf09f38470d9,x731,CFG731_5bb390da70b6fee3,601,TWO_CHARACTERISTIC,2,stromSchaltbar|dev_advMeterVerification,2,True,F,GP,ST,4,1,A,2,MN,NN,NOVALUE,NOVALUE,TT1,MN1,NOVALUE,FWI,NOVALUE,NOVALUE,1,NOVALUE
CFG731_6183fd8fa69eca99,x731,CFG731_5bb390da70b6fee3,601,TWO_CHARACTERISTIC,2,stromSchaltbar|customUserFluid,2,True,F,GP,ST,4,1,A,2,MN,NN,NOVALUE,NOVALUE,TT1,MN1,NOVALUE,FWI,1,NOVALUE,NOVALUE,NOVALUE
CFG731_d827589c44b8c114,x731,CFG731_5bb390da70b6fee3,601,TWO_CHARACTERISTIC,2,stromEingaenge|dev_advMeterVerification,1,True,F,GP,ST,4,1,A,2,MN,NN,CS1,IS1,TT1,MN1,NOVALUE,FWI,NOVALUE,NOVALUE,1,NOVALUE
CFG731_56162ec34a8a04ba,x731,CFG731_5bb390da70b6fee3,601,TWO_CHARACTERISTIC,2,stromEingaenge|customUserFluid,1,True,F,GP,ST,4,1,A,2,MN,NN,CS1,IS1,TT1,MN1,NOVALUE,FWI,1,NOVALUE,NOVALUE,NOVALUE
CFG731_8e6f935bd5bd53ff,x731,CFG731_5bb390da70b6fee3,601,TWO_CHARACTERISTIC,2,temperaturEingaenge|dev_advMeterVerification,1,True,F,GP,ST,4,1,A,2,MN,NN,CS1,NOVALUE,NOVALUE,MN1,NOVALUE,FWI,NOVALUE,NOVALUE,1,NOVALUE
CFG731_6b8f39604c801fd3,x731,CFG731_5bb390da70b6fee3,601,TWO_CHARACTERISTIC,2,temperaturEingaenge|customUserFluid,1,True,F,GP,ST,4,1,A,2,MN,NN,CS1,NOVALUE,NOVALUE,MN1,NOVALUE,FWI,1,NOVALUE,NOVALUE,NOVALUE
CFG731_5c3cac54744889eb,x731,CFG731_5bb390da70b6fee3,601,TWO_CHARACTERISTIC,2,dev_advMeterVerification|customUserFluid,2,True,F,GP,ST,4,1,A,2,MN,NN,CS1,NOVALUE,TT1,MN1,NOVALUE,FWI,NOVALUE,NOVALUE,NOVALUE,NOVALUE
CFG731_45d35cf8bc922687,x731,CFG731_8c50542218db5cb0,603,TWO_CHARACTERISTIC,2,devCategory|explosionApproval,1,True,G,GP,ST,4,1,F,2,MN,NN,CS1,IS1,TT1,MN1,NOVALUE,FWI,1,NOVALUE,1,NOVALUE
CFG731_27a6a5d76bec9515,x731,CFG731_8c50542218db5cb0,603,TWO_CHARACTERISTIC,2,devCategory|dataInterface,1,True,G,GP,ST,4,1,A,2,MN,HS,CS1,IS1,TT1,MN1,NOVALUE,FWI,1,NOVALUE,1,NOVALUE
CFG731_c9637f8abb66c819,x731,CFG731_8c50542218db5cb0,603,TWO_CHARACTERISTIC,2,devCategory|stromSchaltbar,2,True,G,GP,ST,4,1,A,2,MN,NN,NOVALUE,IS1,TT1,MN1,NOVALUE,FWI,1,NOVALUE,1,NOVALUE
CFG731_0cce19fe3a22e801,x731,CFG731_8c50542218db5cb0,603,TWO_CHARACTERISTIC,2,devCategory|temperaturEingaenge,2,True,G,GP,ST,4,1,A,2,MN,NN,CS1,IS1,NOVALUE,MN1,NOVALUE,FWI,1,NOVALUE,1,NOVALUE
CFG731_6b5547a71b6f904b,x731,CFG731_8c50542218db5cb0,603,TWO_CHARACTERISTIC,2,devCategory|dev_advMeterVerification,2,True,G,GP,ST,4,1,A,2,MN,NN,CS1,IS1,TT1,MN1,NOVALUE,FWI,NOVALUE,NOVALUE,1,NOVALUE
CFG731_14b5e9693f8fe071,x731,CFG731_8c50542218db5cb0,603,TWO_CHARACTERISTIC,2,devCategory|customUserFluid,2,True,G,GP,ST,4,1,A,2,MN,NN,CS1,IS1,TT1,MN1,NOVALUE,FWI,1,NOVALUE,NOVALUE,NOVALUE
CFG731_4b5262a517204cb5,x731,CFG731_8c50542218db5cb0,603,TWO_CHARACTERISTIC,2,explosionApproval|stromSchaltbar,1,True,F,GP,ST,4,1,F,2,MN,NN,NOVALUE,IS1,TT1,MN1,NOVALUE,FWI,1,NOVALUE,1,NOVALUE
CFG731_3b06d9bface617d0,x731,CFG731_8c50542218db5cb0,603,TWO_CHARACTERISTIC,2,explosionApproval|temperaturEingaenge,1,True,F,GP,ST,4,1,F,2,MN,NN,CS1,IS1,NOVALUE,MN1,NOVALUE,FWI,1,NOVALUE,1,NOVALUE
CFG731_fca8628ebb50e372,x731,CFG731_8c50542218db5cb0,603,TWO_CHARACTERISTIC,2,explosionApproval|dev_advMeterVerification,1,True,F,GP,ST,4,1,F,2,MN,NN,CS1,IS1,TT1,MN1,NOVALUE,FWI,NOVALUE,NOVALUE,1,NOVALUE
CFG731_91db1daa00b95603,x731,CFG731_8c50542218db5cb0,603,TWO_CHARACTERISTIC,2,explosionApproval|customUserFluid,1,True,F,GP,ST,4,1,F,2,MN,NN,CS1,IS1,TT1,MN1,NOVALUE,FWI,1,NOVALUE,NOVALUE,NOVALUE
CFG731_54eaa4e9ee5e2e89,x731,CFG731_8c50542218db5cb0,603,TWO_CHARACTERISTIC,2,dataInterface|temperaturEingaenge,1,True,F,GP,ST,4,1,A,2,MN,HS,CS1,IS1,NOVALUE,MN1,NOVALUE,FWI,1,NOVALUE,1,NOVALUE
CFG731_e1c54b5b080fabb2,x731,CFG731_8c50542218db5cb0,603,TWO_CHARACTERISTIC,2,dataInterface|dev_advMeterVerification,1,True,F,GP,ST,4,1,A,2,MN,HS,CS1,IS1,TT1,MN1,NOVALUE,FWI,NOVALUE,NOVALUE,1,NOVALUE
CFG731_d8c9e5b1edc3b4b3,x731,CFG731_8c50542218db5cb0,603,TWO_CHARACTERISTIC,2,dataInterface|customUserFluid,1,True,F,GP,ST,4,1,A,2,MN,HS,CS1,IS1,TT1,MN1,NOVALUE,FWI,1,NOVALUE,NOVALUE,NOVALUE
CFG731_4d6f0f014ce05791,x731,CFG731_8c50542218db5cb0,603,TWO_CHARACTERISTIC,2,stromSchaltbar|dev_advMeterVerification,2,True,F,GP,ST,4,1,A,2,MN,NN,NOVALUE,IS1,TT1,MN1,NOVALUE,FWI,NOVALUE,NOVALUE,1,NOVALUE
CFG731_a69aee93ca96e564,x731,CFG731_8c50542218db5cb0,603,TWO_CHARACTERISTIC,2,stromSchaltbar|customUserFluid,2,True,F,GP,ST,4,1,A,2,MN,NN,NOVALUE,IS1,TT1,MN1,NOVALUE,FWI,1,NOVALUE,NOVALUE,NOVALUE
CFG731_080634c89d84ca7e,x731,CFG731_8c50542218db5cb0,603,TWO_CHARACTERISTIC,2,temperaturEingaenge|dev_advMeterVerification,2,True,F,GP,ST,4,1,A,2,MN,NN,CS1,IS1,NOVALUE,MN1,NOVALUE,FWI,NOVALUE,NOVALUE,1,NOVALUE
CFG731_693e4f56d8944ca7,x731,CFG731_8c50542218db5cb0,603,TWO_CHARACTERISTIC,2,temperaturEingaenge|customUserFluid,2,True,F,GP,ST,4,1,A,2,MN,NN,CS1,IS1,NOVALUE,MN1,NOVALUE,FWI,1,NOVALUE,NOVALUE,NOVALUE
CFG731_03948e215252fa21,x731,CFG731_8c50542218db5cb0,603,TWO_CHARACTERISTIC,2,dev_advMeterVerification|customUserFluid,1,True,F,GP,ST,4,1,A,2,MN,NN,CS1,IS1,TT1,MN1,NOVALUE,FWI,NOVALUE,NOVALUE,NOVALUE,NOVALUE
CFG731_7e81de84fc5c45df,x731,CFG731_fc0b29ae617f0a6b,606,ONE_CHARACTERISTIC,1,devCategory,1,True,G,GP,ST,4,1,A,2,MN,NN,NOVALUE,IS1,NOVALUE,MN1,NOVALUE,FWI,1,NOVALUE,1,NOVALUE
CFG731_da5f98932a1c6afd,x731,CFG731_fc0b29ae617f0a6b,606,ONE_CHARACTERISTIC,1,dataInterface,1,True,F,GP,ST,4,1,A,2,MN,HS,NOVALUE,IS1,NOVALUE,MN1,NOVALUE,FWI,1,NOVALUE,1,NOVALUE
CFG731_eea9998b9f9a0bdb,x731,CFG731_fc0b29ae617f0a6b,606,ONE_CHARACTERISTIC,1,dev_advMeterVerification,1,True,F,GP,ST,4,1,A,2,MN,NN,NOVALUE,IS1,NOVALUE,MN1,NOVALUE,FWI,NOVALUE,NOVALUE,1,NOVALUE
CFG731_b3506a753aafcfa3,x731,CFG731_fc0b29ae617f0a6b,606,ONE_CHARACTERISTIC,1,customUserFluid,1,True,F,GP,ST,4,1,A,2,MN,NN,NOVALUE,IS1,NOVALUE,MN1,NOVALUE,FWI,1,NOVALUE,NOVALUE,NOVALUE
CFG731_18e687233239e907,x731,CFG731_fc0b29ae617f0a6b,606,DEPENDENCY_TWO_CHARACTERISTIC,2,dataInterface|explosionApproval,1,True,F,GP,ST,4,1,F,2,MN,HS,NOVALUE,IS1,NOVALUE,MN1,NOVALUE,FWI,1,NOVALUE,1,NOVALUE
CFG731_dbe32be6931011f4,x731,CFG731_fc0b29ae617f0a6b,606,TWO_CHARACTERISTIC,2,devCategory|explosionApproval,1,True,G,GP,ST,4,1,F,2,MN,NN,NOVALUE,IS1,NOVALUE,MN1,NOVALUE,FWI,1,NOVALUE,1,NOVALUE
CFG731_c4d0e2da53e6a22c,x731,CFG731_fc0b29ae617f0a6b,606,TWO_CHARACTERISTIC,2,devCategory|dataInterface,2,True,G,GP,ST,4,1,A,2,MN,HS,NOVALUE,IS1,NOVALUE,MN1,NOVALUE,FWI,1,NOVALUE,1,NOVALUE
CFG731_d32e831cb1515bcb,x731,CFG731_fc0b29ae617f0a6b,606,TWO_CHARACTERISTIC,2,devCategory|stromEingaenge,2,True,G,GP,ST,4,1,A,2,MN,NN,NOVALUE,NOVALUE,NOVALUE,MN1,NOVALUE,FWI,1,NOVALUE,1,NOVALUE
CFG731_1105c28355ca6413,x731,CFG731_fc0b29ae617f0a6b,606,TWO_CHARACTERISTIC,2,devCategory|dev_advMeterVerification,2,True,G,GP,ST,4,1,A,2,MN,NN,NOVALUE,IS1,NOVALUE,MN1,NOVALUE,FWI,NOVALUE,NOVALUE,1,NOVALUE
CFG731_b7f951424e85aea4,x731,CFG731_fc0b29ae617f0a6b,606,TWO_CHARACTERISTIC,2,devCategory|customUserFluid,2,True,G,GP,ST,4,1,A,2,MN,NN,NOVALUE,IS1,NOVALUE,MN1,NOVALUE,FWI,1,NOVALUE,NOVALUE,NOVALUE
CFG731_ebe2ab059aedfd58,x731,CFG731_fc0b29ae617f0a6b,606,TWO_CHARACTERISTIC,2,explosionApproval|stromEingaenge,1,True,F,GP,ST,4,1,F,2,MN,NN,NOVALUE,NOVALUE,NOVALUE,MN1,NOVALUE,FWI,1,NOVALUE,1,NOVALUE
CFG731_ede0b25f5f83644d,x731,CFG731_fc0b29ae617f0a6b,606,TWO_CHARACTERISTIC,2,explosionApproval|dev_advMeterVerification,1,True,F,GP,ST,4,1,F,2,MN,NN,NOVALUE,IS1,NOVALUE,MN1,NOVALUE,FWI,NOVALUE,NOVALUE,1,NOVALUE
CFG731_b443dfca4b6662dd,x731,CFG731_fc0b29ae617f0a6b,606,TWO_CHARACTERISTIC,2,explosionApproval|customUserFluid,1,True,F,GP,ST,4,1,F,2,MN,NN,NOVALUE,IS1,NOVALUE,MN1,NOVALUE,FWI,1,NOVALUE,NOVALUE,NOVALUE
CFG731_ac44687b9b5cdf6f,x731,CFG731_fc0b29ae617f0a6b,606,TWO_CHARACTERISTIC,2,dataInterface|stromEingaenge,2,True,F,GP,ST,4,1,A,2,MN,HS,NOVALUE,NOVALUE,NOVALUE,MN1,NOVALUE,FWI,1,NOVALUE,1,NOVALUE
CFG731_70aa05e83d20d403,x731,CFG731_fc0b29ae617f0a6b,606,TWO_CHARACTERISTIC,2,dataInterface|dev_advMeterVerification,2,True,F,GP,ST,4,1,A,2,MN,HS,NOVALUE,IS1,NOVALUE,MN1,NOVALUE,FWI,NOVALUE,NOVALUE,1,NOVALUE
CFG731_9cc72d54ddfc4999,x731,CFG731_fc0b29ae617f0a6b,606,TWO_CHARACTERISTIC,2,dataInterface|customUserFluid,2,True,F,GP,ST,4,1,A,2,MN,HS,NOVALUE,IS1,NOVALUE,MN1,NOVALUE,FWI,1,NOVALUE,NOVALUE,NOVALUE
CFG731_e1616ee7761955a3,x731,CFG731_fc0b29ae617f0a6b,606,TWO_CHARACTERISTIC,2,stromEingaenge|dev_advMeterVerification,2,True,F,GP,ST,4,1,A,2,MN,NN,NOVALUE,NOVALUE,NOVALUE,MN1,NOVALUE,FWI,NOVALUE,NOVALUE,1,NOVALUE
CFG731_f5876a81d70adf82,x731,CFG731_fc0b29ae617f0a6b,606,TWO_CHARACTERISTIC,2,stromEingaenge|customUserFluid,2,True,F,GP,ST,4,1,A,2,MN,NN,NOVALUE,NOVALUE,NOVALUE,MN1,NOVALUE,FWI,1,NOVALUE,NOVALUE,NOVALUE
CFG731_4561f99078b34545,x731,CFG731_fc0b29ae617f0a6b,606,TWO_CHARACTERISTIC,2,dev_advMeterVerification|customUserFluid,2,True,F,GP,ST,4,1,A,2,MN,NN,NOVALUE,IS1,NOVALUE,MN1,NOVALUE,FWI,NOVALUE,NOVALUE,NOVALUE,NOVALUE
CFG731_a1803d4e4f2fa4fd,x731,CFG731_557eff71f11cfc98,607,DEPENDENCY_TWO_CHARACTERISTIC,2,dataInterface|explosionApproval,1,True,F,GP,ST,4,1,F,2,MN,HS,CS1,NOVALUE,NOVALUE,MN1,NOVALUE,FWI,1,NOVALUE,1,NOVALUE
CFG731_66bbbba9cb141f9c,x731,CFG731_557eff71f11cfc98,607,TWO_CHARACTERISTIC,2,devCategory|explosionApproval,1,True,G,GP,ST,4,1,F,2,MN,NN,CS1,NOVALUE,NOVALUE,MN1,NOVALUE,FWI,1,NOVALUE,1,NOVALUE
CFG731_8f6152621148e609,x731,CFG731_557eff71f11cfc98,607,TWO_CHARACTERISTIC,2,devCategory|dataInterface,2,True,G,GP,ST,4,1,A,2,MN,HS,CS1,NOVALUE,NOVALUE,MN1,NOVALUE,FWI,1,NOVALUE,1,NOVALUE
CFG731_932b427eaa87c8fa,x731,CFG731_557eff71f11cfc98,607,TWO_CHARACTERISTIC,2,devCategory|dev_advMeterVerification,2,True,G,GP,ST,4,1,A,2,MN,NN,CS1,NOVALUE,NOVALUE,MN1,NOVALUE,FWI,NOVALUE,NOVALUE,1,NOVALUE
CFG731_cf7bbe5e5f55bfe3,x731,CFG731_557eff71f11cfc98,607,TWO_CHARACTERISTIC,2,devCategory|customUserFluid,2,True,G,GP,ST,4,1,A,2,MN,NN,CS1,NOVALUE,NOVALUE,MN1,NOVALUE,FWI,1,NOVALUE,NOVALUE,NOVALUE
CFG731_df7fcee65b69a449,x731,CFG731_557eff71f11cfc98,607,TWO_CHARACTERISTIC,2,explosionApproval|dev_advMeterVerification,1,True,F,GP,ST,4,1,F,2,MN,NN,CS1,NOVALUE,NOVALUE,MN1,NOVALUE,FWI,NOVALUE,NOVALUE,1,NOVALUE
CFG731_6afeb7a2053b6890,x731,CFG731_557eff71f11cfc98,607,TWO_CHARACTERISTIC,2,explosionApproval|customUserFluid,1,True,F,GP,ST,4,1,F,2,MN,NN,CS1,NOVALUE,NOVALUE,MN1,NOVALUE,FWI,1,NOVALUE,NOVALUE,NOVALUE
CFG731_39a1207c373ce8a2,x731,CFG731_557eff71f11cfc98,607,TWO_CHARACTERISTIC,2,dataInterface|dev_advMeterVerification,2,True,F,GP,ST,4,1,A,2,MN,HS,CS1,NOVALUE,NOVALUE,MN1,NOVALUE,FWI,NOVALUE,NOVALUE,1,NOVALUE
CFG731_ac0fdf404355343b,x731,CFG731_557eff71f11cfc98,607,TWO_CHARACTERISTIC,2,dataInterface|customUserFluid,2,True,F,GP,ST,4,1,A,2,MN,HS,CS1,NOVALUE,NOVALUE,MN1,NOVALUE,FWI,1,NOVALUE,NOVALUE,NOVALUE
CFG731_910ee0b4b8287063,x731,CFG731_557eff71f11cfc98,607,TWO_CHARACTERISTIC,2,dev_advMeterVerification|customUserFluid,2,True,F,GP,ST,4,1,A,2,MN,NN,CS1,NOVALUE,NOVALUE,MN1,NOVALUE,FWI,NOVALUE,NOVALUE,NOVALUE,NOVALUE
CFG731_fbdbb8ed464fa0ac,x731,CFG731_70aa5a64b0803277,615,TWO_CHARACTERISTIC,2,devCategory|explosionApproval,1,True,G,GP,ST,4,1,F,2,MN,HS,CS1,NOVALUE,TT1,MN1,NOVALUE,FWI,1,NOVALUE,1,NOVALUE
CFG731_8363e4e5179738c2,x731,CFG731_70aa5a64b0803277,615,TWO_CHARACTERISTIC,2,devCategory|stromSchaltbar,2,True,G,GP,ST,4,1,A,2,MN,HS,NOVALUE,NOVALUE,TT1,MN1,NOVALUE,FWI,1,NOVALUE,1,NOVALUE
CFG731_78975058a55e797b,x731,CFG731_70aa5a64b0803277,615,TWO_CHARACTERISTIC,2,devCategory|dev_advMeterVerification,2,True,G,GP,ST,4,1,A,2,MN,HS,CS1,NOVALUE,TT1,MN1,NOVALUE,FWI,NOVALUE,NOVALUE,1,NOVALUE
CFG731_6d5d368a9b4b9e2f,x731,CFG731_70aa5a64b0803277,615,TWO_CHARACTERISTIC,2,devCategory|customUserFluid,2,True,G,GP,ST,4,1,A,2,MN,HS,CS1,NOVALUE,TT1,MN1,NOVALUE,FWI,1,NOVALUE,NOVALUE,NOVALUE
CFG731_b2ad61cdb45a54fb,x731,CFG731_70aa5a64b0803277,615,TWO_CHARACTERISTIC,2,explosionApproval|stromSchaltbar,1,True,F,GP,ST,4,1,F,2,MN,HS,NOVALUE,NOVALUE,TT1,MN1,NOVALUE,FWI,1,NOVALUE,1,NOVALUE
CFG731_6abef6894a44fcd0,x731,CFG731_70aa5a64b0803277,615,TWO_CHARACTERISTIC,2,explosionApproval|dev_advMeterVerification,1,True,F,GP,ST,4,1,F,2,MN,HS,CS1,NOVALUE,TT1,MN1,NOVALUE,FWI,NOVALUE,NOVALUE,1,NOVALUE
CFG731_633572f6d3593691,x731,CFG731_70aa5a64b0803277,615,TWO_CHARACTERISTIC,2,explosionApproval|customUserFluid,1,True,F,GP,ST,4,1,F,2,MN,HS,CS1,NOVALUE,TT1,MN1,NOVALUE,FWI,1,NOVALUE,NOVALUE,NOVALUE
CFG731_8a9106dd393d88a9,x731,CFG731_70aa5a64b0803277,615,TWO_CHARACTERISTIC,2,stromSchaltbar|dev_advMeterVerification,2,True,F,GP,ST,4,1,A,2,MN,HS,NOVALUE,NOVALUE,TT1,MN1,NOVALUE,FWI,NOVALUE,NOVALUE,1,NOVALUE
CFG731_3ed52fb030b7a4ee,x731,CFG731_70aa5a64b0803277,615,TWO_CHARACTERISTIC,2,stromSchaltbar|customUserFluid,2,True,F,GP,ST,4,1,A,2,MN,HS,NOVALUE,NOVALUE,TT1,MN1,NOVALUE,FWI,1,NOVALUE,NOVALUE,NOVALUE
CFG731_807a8fd9c1c63f46,x731,CFG731_70aa5a64b0803277,615,TWO_CHARACTERISTIC,2,dev_advMeterVerification|customUserFluid,2,True,F,GP,ST,4,1,A,2,MN,HS,CS1,NOVALUE,TT1,MN1,NOVALUE,FWI,NOVALUE,NOVALUE,NOVALUE,NOVALUE
CFG731_c1d02f1d1235ec05,x731,CFG731_36c553adc9f5ebf3,617,TWO_CHARACTERISTIC,2,devCategory|explosionApproval,1,True,G,GP,ST,4,1,F,2,MN,HS,CS1,IS1,TT1,MN1,NOVALUE,FWI,1,NOVALUE,1,NOVALUE
CFG731_844385dbaf77e5c9,x731,CFG731_36c553adc9f5ebf3,617,TWO_CHARACTERISTIC,2,devCategory|stromSchaltbar,1,True,G,GP,ST,4,1,A,2,MN,HS,NOVALUE,IS1,TT1,MN1,NOVALUE,FWI,1,NOVALUE,1,NOVALUE
CFG731_8153d67c519453a2,x731,CFG731_36c553adc9f5ebf3,617,TWO_CHARACTERISTIC,2,devCategory|temperaturEingaenge,2,True,G,GP,ST,4,1,A,2,MN,HS,CS1,IS1,NOVALUE,MN1,NOVALUE,FWI,1,NOVALUE,1,NOVALUE
CFG731_0a5e675a5cd95b86,x731,CFG731_36c553adc9f5ebf3,617,TWO_CHARACTERISTIC,2,devCategory|dev_advMeterVerification,2,True,G,GP,ST,4,1,A,2,MN,HS,CS1,IS1,TT1,MN1,NOVALUE,FWI,NOVALUE,NOVALUE,1,NOVALUE
CFG731_0428f1bedefa5962,x731,CFG731_36c553adc9f5ebf3,617,TWO_CHARACTERISTIC,2,devCategory|customUserFluid,2,True,G,GP,ST,4,1,A,2,MN,HS,CS1,IS1,TT1,MN1,NOVALUE,FWI,1,NOVALUE,NOVALUE,NOVALUE
CFG731_bf345eee1e43eaf0,x731,CFG731_36c553adc9f5ebf3,617,TWO_CHARACTERISTIC,2,explosionApproval|temperaturEingaenge,1,True,F,GP,ST,4,1,F,2,MN,HS,CS1,IS1,NOVALUE,MN1,NOVALUE,FWI,1,NOVALUE,1,NOVALUE
CFG731_cd227defeca312c8,x731,CFG731_36c553adc9f5ebf3,617,TWO_CHARACTERISTIC,2,explosionApproval|dev_advMeterVerification,1,True,F,GP,ST,4,1,F,2,MN,HS,CS1,IS1,TT1,MN1,NOVALUE,FWI,NOVALUE,NOVALUE,1,NOVALUE
CFG731_089223f9b651c4b9,x731,CFG731_36c553adc9f5ebf3,617,TWO_CHARACTERISTIC,2,explosionApproval|customUserFluid,1,True,F,GP,ST,4,1,F,2,MN,HS,CS1,IS1,TT1,MN1,NOVALUE,FWI,1,NOVALUE,NOVALUE,NOVALUE
CFG731_b6df2d71d03b6ebb,x731,CFG731_36c553adc9f5ebf3,617,TWO_CHARACTERISTIC,2,stromSchaltbar|dev_advMeterVerification,1,True,F,GP,ST,4,1,A,2,MN,HS,NOVALUE,IS1,TT1,MN1,NOVALUE,FWI,NOVALUE,NOVALUE,1,NOVALUE
CFG731_089eb10797cdf87e,x731,CFG731_36c553adc9f5ebf3,617,TWO_CHARACTERISTIC,2,stromSchaltbar|customUserFluid,1,True,F,GP,ST,4,1,A,2,MN,HS,NOVALUE,IS1,TT1,MN1,NOVALUE,FWI,1,NOVALUE,NOVALUE,NOVALUE
CFG731_41e47624d0af1fba,x731,CFG731_36c553adc9f5ebf3,617,TWO_CHARACTERISTIC,2,temperaturEingaenge|dev_advMeterVerification,2,True,F,GP,ST,4,1,A,2,MN,HS,CS1,IS1,NOVALUE,MN1,NOVALUE,FWI,NOVALUE,NOVALUE,1,NOVALUE
CFG731_df9675aa7b0aa0d6,x731,CFG731_36c553adc9f5ebf3,617,TWO_CHARACTERISTIC,2,temperaturEingaenge|customUserFluid,2,True,F,GP,ST,4,1,A,2,MN,HS,CS1,IS1,NOVALUE,MN1,NOVALUE,FWI,1,NOVALUE,NOVALUE,NOVALUE
CFG731_7859588f983b6abb,x731,CFG731_36c553adc9f5ebf3,617,TWO_CHARACTERISTIC,2,dev_advMeterVerification|customUserFluid,1,True,F,GP,ST,4,1,A,2,MN,HS,CS1,IS1,TT1,MN1,NOVALUE,FWI,NOVALUE,NOVALUE,NOVALUE,NOVALUE
CFG731_f840cb2b069bdaac,x731,CFG731_7822370b42865359,619,TWO_CHARACTERISTIC,2,devCategory|explosionApproval,1,True,G,GP,ST,4,1,F,2,MN,HS,NOVALUE,IS1,TT1,MN1,NOVALUE,FWI,1,NOVALUE,1,NOVALUE
CFG731_ecd068b1fc680430,x731,CFG731_7822370b42865359,619,TWO_CHARACTERISTIC,2,devCategory|dev_advMeterVerification,2,True,G,GP,ST,4,1,A,2,MN,HS,NOVALUE,IS1,TT1,MN1,NOVALUE,FWI,NOVALUE,NOVALUE,1,NOVALUE
CFG731_7bf14027ad7b0060,x731,CFG731_7822370b42865359,619,TWO_CHARACTERISTIC,2,devCategory|customUserFluid,2,True,G,GP,ST,4,1,A,2,MN,HS,NOVALUE,IS1,TT1,MN1,NOVALUE,FWI,1,NOVALUE,NOVALUE,NOVALUE
CFG731_3c91fea3668ca75e,x731,CFG731_7822370b42865359,619,TWO_CHARACTERISTIC,2,explosionApproval|dev_advMeterVerification,1,True,F,GP,ST,4,1,F,2,MN,HS,NOVALUE,IS1,TT1,MN1,NOVALUE,FWI,NOVALUE,NOVALUE,1,NOVALUE
CFG731_9b7849ea5c974903,x731,CFG731_7822370b42865359,619,TWO_CHARACTERISTIC,2,explosionApproval|customUserFluid,1,True,F,GP,ST,4,1,F,2,MN,HS,NOVALUE,IS1,TT1,MN1,NOVALUE,FWI,1,NOVALUE,NOVALUE,NOVALUE
CFG731_88e4f1bd45b55473,x731,CFG731_7822370b42865359,619,TWO_CHARACTERISTIC,2,dev_advMeterVerification|customUserFluid,1,True,F,GP,ST,4,1,A,2,MN,HS,NOVALUE,IS1,TT1,MN1,NOVALUE,FWI,NOVALUE,NOVALUE,NOVALUE,NOVALUE
CFG731_3352d611bcf09d74,x731,CFG731_1c5301147dd0cfb1,620,ONE_CHARACTERISTIC,1,stromSchaltbar,1,True,G,GP,ST,4,1,N,N,MN,NN,NOVALUE,NOVALUE,TT1,NOVALUE,MP1,FWI,1,1,1,NOVALUE
CFG731_b6f1b736a277f23a,x731,CFG731_1c5301147dd0cfb1,620,ONE_CHARACTERISTIC,1,binaerOpenColl_MP,1,True,G,GP,ST,4,1,N,N,MN,NN,CS1,NOVALUE,TT1,NOVALUE,NOVALUE,FWI,1,1,1,NOVALUE
CFG731_9cedc4ecc45a4b46,x731,CFG731_1c5301147dd0cfb1,620,ONE_CHARACTERISTIC,1,dev_advMeterVerification,1,True,G,GP,ST,4,1,N,N,MN,NN,CS1,NOVALUE,TT1,NOVALUE,MP1,FWI,NOVALUE,1,1,NOVALUE
CFG731_a5e5e12c08e4e838,x731,CFG731_1c5301147dd0cfb1,620,ONE_CHARACTERISTIC,1,customUserFluid,1,True,G,GP,ST,4,1,N,N,MN,NN,CS1,NOVALUE,TT1,NOVALUE,MP1,FWI,1,1,NOVALUE,NOVALUE
CFG731_5052a216a260faff,x731,CFG731_1c5301147dd0cfb1,620,DEPENDENCY_TWO_CHARACTERISTIC,2,stromEingaenge|temperaturEingaenge,1,True,G,GP,ST,4,1,N,N,MN,NN,CS1,IS1,NOVALUE,NOVALUE,MP1,FWI,1,1,1,NOVALUE
CFG731_31d0a0df66872bf7,x731,CFG731_1c5301147dd0cfb1,620,DEPENDENCY_TWO_CHARACTERISTIC,2,stromSchaltbar|stromEingaenge,1,True,G,GP,ST,4,1,N,N,MN,NN,NOVALUE,IS1,TT1,NOVALUE,MP1,FWI,1,1,1,NOVALUE
CFG731_ebfa09eb0d09bcb2,x731,CFG731_1c5301147dd0cfb1,620,DEPENDENCY_TWO_CHARACTERISTIC,2,stromSchaltbar|temperaturEingaenge,1,True,G,GP,ST,4,1,N,N,MN,NN,NOVALUE,NOVALUE,NOVALUE,NOVALUE,MP1,FWI,1,1,1,NOVALUE
CFG731_cb1aeeb79876dd06,x731,CFG731_1c5301147dd0cfb1,620,TWO_CHARACTERISTIC,2,dataInterface|stromSchaltbar,1,True,G,GP,ST,4,1,N,N,MN,HS,NOVALUE,NOVALUE,TT1,NOVALUE,MP1,FWI,1,1,1,NOVALUE
CFG731_351fbf3330e3319e,x731,CFG731_1c5301147dd0cfb1,620,TWO_CHARACTERISTIC,2,dataInterface|temperaturEingaenge,1,True,G,GP,ST,4,1,N,N,MN,HS,CS1,NOVALUE,NOVALUE,NOVALUE,MP1,FWI,1,1,1,NOVALUE
CFG731_cb3a6f924677049e,x731,CFG731_1c5301147dd0cfb1,620,TWO_CHARACTERISTIC,2,dataInterface|binaerOpenColl_MP,1,True,G,GP,ST,4,1,N,N,MN,HS,CS1,NOVALUE,TT1,NOVALUE,NOVALUE,FWI,1,1,1,NOVALUE
CFG731_9a3bcb48249a8b49,x731,CFG731_1c5301147dd0cfb1,620,TWO_CHARACTERISTIC,2,dataInterface|dev_advMeterVerification,1,True,G,GP,ST,4,1,N,N,MN,HS,CS1,NOVALUE,TT1,NOVALUE,MP1,FWI,NOVALUE,1,1,NOVALUE
CFG731_0598733818949fde,x731,CFG731_1c5301147dd0cfb1,620,TWO_CHARACTERISTIC,2,dataInterface|customUserFluid,1,True,G,GP,ST,4,1,N,N,MN,HS,CS1,NOVALUE,TT1,NOVALUE,MP1,FWI,1,1,NOVALUE,NOVALUE
CFG731_3c3a22408d01a4f7,x731,CFG731_1c5301147dd0cfb1,620,TWO_CHARACTERISTIC,2,stromSchaltbar|binaerOpenColl_MP,2,True,G,GP,ST,4,1,N,N,MN,NN,NOVALUE,NOVALUE,TT1,NOVALUE,NOVALUE,FWI,1,1,1,NOVALUE
CFG731_f945368e2ff4802c,x731,CFG731_1c5301147dd0cfb1,620,TWO_CHARACTERISTIC,2,stromSchaltbar|dev_advMeterVerification,2,True,G,GP,ST,4,1,N,N,MN,NN,NOVALUE,NOVALUE,TT1,NOVALUE,MP1,FWI,NOVALUE,1,1,NOVALUE
CFG731_972b03c9254911bb,x731,CFG731_1c5301147dd0cfb1,620,TWO_CHARACTERISTIC,2,stromSchaltbar|customUserFluid,2,True,G,GP,ST,4,1,N,N,MN,NN,NOVALUE,NOVALUE,TT1,NOVALUE,MP1,FWI,1,1,NOVALUE,NOVALUE
CFG731_a8668a47a19839a7,x731,CFG731_1c5301147dd0cfb1,620,TWO_CHARACTERISTIC,2,stromEingaenge|binaerOpenColl_MP,1,True,G,GP,ST,4,1,N,N,MN,NN,CS1,IS1,TT1,NOVALUE,NOVALUE,FWI,1,1,1,NOVALUE
CFG731_927525de70ab0776,x731,CFG731_1c5301147dd0cfb1,620,TWO_CHARACTERISTIC,2,stromEingaenge|dev_advMeterVerification,1,True,G,GP,ST,4,1,N,N,MN,NN,CS1,IS1,TT1,NOVALUE,MP1,FWI,NOVALUE,1,1,NOVALUE
CFG731_bb8e49a5576fe9bd,x731,CFG731_1c5301147dd0cfb1,620,TWO_CHARACTERISTIC,2,stromEingaenge|customUserFluid,1,True,G,GP,ST,4,1,N,N,MN,NN,CS1,IS1,TT1,NOVALUE,MP1,FWI,1,1,NOVALUE,NOVALUE
CFG731_85186d46695354e6,x731,CFG731_1c5301147dd0cfb1,620,TWO_CHARACTERISTIC,2,temperaturEingaenge|binaerOpenColl_MP,1,True,G,GP,ST,4,1,N,N,MN,NN,CS1,NOVALUE,NOVALUE,NOVALUE,NOVALUE,FWI,1,1,1,NOVALUE
CFG731_31fd775a1fcaab0b,x731,CFG731_1c5301147dd0cfb1,620,TWO_CHARACTERISTIC,2,temperaturEingaenge|dev_advMeterVerification,1,True,G,GP,ST,4,1,N,N,MN,NN,CS1,NOVALUE,NOVALUE,NOVALUE,MP1,FWI,NOVALUE,1,1,NOVALUE
CFG731_dc298bb531d091fa,x731,CFG731_1c5301147dd0cfb1,620,TWO_CHARACTERISTIC,2,temperaturEingaenge|customUserFluid,1,True,G,GP,ST,4,1,N,N,MN,NN,CS1,NOVALUE,NOVALUE,NOVALUE,MP1,FWI,1,1,NOVALUE,NOVALUE
CFG731_d094650d6e016eea,x731,CFG731_1c5301147dd0cfb1,620,TWO_CHARACTERISTIC,2,binaerOpenColl_MP|dev_advMeterVerification,2,True,G,GP,ST,4,1,N,N,MN,NN,CS1,NOVALUE,TT1,NOVALUE,NOVALUE,FWI,NOVALUE,1,1,NOVALUE
CFG731_7d269398dafb9f92,x731,CFG731_1c5301147dd0cfb1,620,TWO_CHARACTERISTIC,2,binaerOpenColl_MP|customUserFluid,2,True,G,GP,ST,4,1,N,N,MN,NN,CS1,NOVALUE,TT1,NOVALUE,NOVALUE,FWI,1,1,NOVALUE,NOVALUE
CFG731_11c60f196ec5339d,x731,CFG731_1c5301147dd0cfb1,620,TWO_CHARACTERISTIC,2,dev_advMeterVerification|customUserFluid,2,True,G,GP,ST,4,1,N,N,MN,NN,CS1,NOVALUE,TT1,NOVALUE,MP1,FWI,NOVALUE,1,NOVALUE,NOVALUE
CFG731_beacb1514269a1e4,x731,CFG731_e08dfad4737be3d9,622,TWO_CHARACTERISTIC,2,dataInterface|temperaturEingaenge,1,True,G,GP,ST,4,1,N,N,MN,HS,CS1,IS1,NOVALUE,NOVALUE,MP1,FWI,1,1,1,NOVALUE
CFG731_60ab3311c49ebbc6,x731,CFG731_e08dfad4737be3d9,622,TWO_CHARACTERISTIC,2,dataInterface|binaerOpenColl_MP,1,True,G,GP,ST,4,1,N,N,MN,HS,CS1,IS1,TT1,NOVALUE,NOVALUE,FWI,1,1,1,NOVALUE
CFG731_4c216c399beeff33,x731,CFG731_e08dfad4737be3d9,622,TWO_CHARACTERISTIC,2,dataInterface|dev_advMeterVerification,1,True,G,GP,ST,4,1,N,N,MN,HS,CS1,IS1,TT1,NOVALUE,MP1,FWI,NOVALUE,1,1,NOVALUE
CFG731_40e06ca56bd88fa1,x731,CFG731_e08dfad4737be3d9,622,TWO_CHARACTERISTIC,2,dataInterface|customUserFluid,1,True,G,GP,ST,4,1,N,N,MN,HS,CS1,IS1,TT1,NOVALUE,MP1,FWI,1,1,NOVALUE,NOVALUE
CFG731_bb0e94a122fce678,x731,CFG731_e08dfad4737be3d9,622,TWO_CHARACTERISTIC,2,stromSchaltbar|binaerOpenColl_MP,2,True,G,GP,ST,4,1,N,N,MN,NN,NOVALUE,IS1,TT1,NOVALUE,NOVALUE,FWI,1,1,1,NOVALUE
CFG731_4eb28f7e77f7ba51,x731,CFG731_e08dfad4737be3d9,622,TWO_CHARACTERISTIC,2,stromSchaltbar|dev_advMeterVerification,2,True,G,GP,ST,4,1,N,N,MN,NN,NOVALUE,IS1,TT1,NOVALUE,MP1,FWI,NOVALUE,1,1,NOVALUE
CFG731_a2313bdd95c38f2d,x731,CFG731_e08dfad4737be3d9,622,TWO_CHARACTERISTIC,2,stromSchaltbar|customUserFluid,2,True,G,GP,ST,4,1,N,N,MN,NN,NOVALUE,IS1,TT1,NOVALUE,MP1,FWI,1,1,NOVALUE,NOVALUE
CFG731_51567e4c4c19aa81,x731,CFG731_e08dfad4737be3d9,622,TWO_CHARACTERISTIC,2,temperaturEingaenge|binaerOpenColl_MP,2,True,G,GP,ST,4,1,N,N,MN,NN,CS1,IS1,NOVALUE,NOVALUE,NOVALUE,FWI,1,1,1,NOVALUE
CFG731_f1291711f7901d90,x731,CFG731_e08dfad4737be3d9,622,TWO_CHARACTERISTIC,2,temperaturEingaenge|dev_advMeterVerification,2,True,G,GP,ST,4,1,N,N,MN,NN,CS1,IS1,NOVALUE,NOVALUE,MP1,FWI,NOVALUE,1,1,NOVALUE
CFG731_c0720cd3115dbfe0,x731,CFG731_e08dfad4737be3d9,622,TWO_CHARACTERISTIC,2,temperaturEingaenge|customUserFluid,2,True,G,GP,ST,4,1,N,N,MN,NN,CS1,IS1,NOVALUE,NOVALUE,MP1,FWI,1,1,NOVALUE,NOVALUE
CFG731_c6fd732872fa0a01,x731,CFG731_e08dfad4737be3d9,622,TWO_CHARACTERISTIC,2,binaerOpenColl_MP|dev_advMeterVerification,2,True,G,GP,ST,4,1,N,N,MN,NN,CS1,IS1,TT1,NOVALUE,NOVALUE,FWI,NOVALUE,1,1,NOVALUE
CFG731_954406ac8ff97496,x731,CFG731_e08dfad4737be3d9,622,TWO_CHARACTERISTIC,2,binaerOpenColl_MP|customUserFluid,2,True,G,GP,ST,4,1,N,N,MN,NN,CS1,IS1,TT1,NOVALUE,NOVALUE,FWI,1,1,NOVALUE,NOVALUE
CFG731_17c2b710bb356bbf,x731,CFG731_e08dfad4737be3d9,622,TWO_CHARACTERISTIC,2,dev_advMeterVerification|customUserFluid,2,True,G,GP,ST,4,1,N,N,MN,NN,CS1,IS1,TT1,NOVALUE,MP1,FWI,NOVALUE,1,NOVALUE,NOVALUE
CFG731_13c137be155b0bd9,x731,CFG731_ef4cf0e053e2d332,625,ONE_CHARACTERISTIC,1,dataInterface,1,True,G,GP,ST,4,1,N,N,MN,HS,NOVALUE,IS1,NOVALUE,NOVALUE,MP1,FWI,1,1,1,NOVALUE
CFG731_c0f829ddab491342,x731,CFG731_ef4cf0e053e2d332,625,ONE_CHARACTERISTIC,1,binaerOpenColl_MP,1,True,G,GP,ST,4,1,N,N,MN,NN,NOVALUE,IS1,NOVALUE,NOVALUE,NOVALUE,FWI,1,1,1,NOVALUE
CFG731_c9190efaaf22bb3f,x731,CFG731_ef4cf0e053e2d332,625,ONE_CHARACTERISTIC,1,dev_advMeterVerification,1,True,G,GP,ST,4,1,N,N,MN,NN,NOVALUE,IS1,NOVALUE,NOVALUE,MP1,FWI,NOVALUE,1,1,NOVALUE
CFG731_2cc93d20b679415d,x731,CFG731_ef4cf0e053e2d332,625,ONE_CHARACTERISTIC,1,customUserFluid,1,True,G,GP,ST,4,1,N,N,MN,NN,NOVALUE,IS1,NOVALUE,NOVALUE,MP1,FWI,1,1,NOVALUE,NOVALUE
CFG731_eaca39956a83b99d,x731,CFG731_ef4cf0e053e2d332,625,TWO_CHARACTERISTIC,2,dataInterface|stromEingaenge,2,True,G,GP,ST,4,1,N,N,MN,HS,NOVALUE,NOVALUE,NOVALUE,NOVALUE,MP1,FWI,1,1,1,NOVALUE
CFG731_5f63a2ef19c1ad01,x731,CFG731_ef4cf0e053e2d332,625,TWO_CHARACTERISTIC,2,dataInterface|binaerOpenColl_MP,2,True,G,GP,ST,4,1,N,N,MN,HS,NOVALUE,IS1,NOVALUE,NOVALUE,NOVALUE,FWI,1,1,1,NOVALUE
CFG731_1018d7151608e5aa,x731,CFG731_ef4cf0e053e2d332,625,TWO_CHARACTERISTIC,2,dataInterface|dev_advMeterVerification,2,True,G,GP,ST,4,1,N,N,MN,HS,NOVALUE,IS1,NOVALUE,NOVALUE,MP1,FWI,NOVALUE,1,1,NOVALUE
CFG731_4521c5662b5a586c,x731,CFG731_ef4cf0e053e2d332,625,TWO_CHARACTERISTIC,2,dataInterface|customUserFluid,2,True,G,GP,ST,4,1,N,N,MN,HS,NOVALUE,IS1,NOVALUE,NOVALUE,MP1,FWI,1,1,NOVALUE,NOVALUE
CFG731_8bd839e0c8855562,x731,CFG731_ef4cf0e053e2d332,625,TWO_CHARACTERISTIC,2,stromEingaenge|binaerOpenColl_MP,2,True,G,GP,ST,4,1,N,N,MN,NN,NOVALUE,NOVALUE,NOVALUE,NOVALUE,NOVALUE,FWI,1,1,1,NOVALUE
CFG731_05cddc1cd5eab9c6,x731,CFG731_ef4cf0e053e2d332,625,TWO_CHARACTERISTIC,2,stromEingaenge|dev_advMeterVerification,2,True,G,GP,ST,4,1,N,N,MN,NN,NOVALUE,NOVALUE,NOVALUE,NOVALUE,MP1,FWI,NOVALUE,1,1,NOVALUE
CFG731_d0bd848c8f934b33,x731,CFG731_ef4cf0e053e2d332,625,TWO_CHARACTERISTIC,2,stromEingaenge|customUserFluid,2,True,G,GP,ST,4,1,N,N,MN,NN,NOVALUE,NOVALUE,NOVALUE,NOVALUE,MP1,FWI,1,1,NOVALUE,NOVALUE
CFG731_e19c4c9f75675593,x731,CFG731_ef4cf0e053e2d332,625,TWO_CHARACTERISTIC,2,binaerOpenColl_MP|dev_advMeterVerification,2,True,G,GP,ST,4,1,N,N,MN,NN,NOVALUE,IS1,NOVALUE,NOVALUE,NOVALUE,FWI,NOVALUE,1,1,NOVALUE
CFG731_8395a62573a4b827,x731,CFG731_ef4cf0e053e2d332,625,TWO_CHARACTERISTIC,2,binaerOpenColl_MP|customUserFluid,2,True,G,GP,ST,4,1,N,N,MN,NN,NOVALUE,IS1,NOVALUE,NOVALUE,NOVALUE,FWI,1,1,NOVALUE,NOVALUE
CFG731_c7f03c03f3d87576,x731,CFG731_ef4cf0e053e2d332,625,TWO_CHARACTERISTIC,2,dev_advMeterVerification|customUserFluid,2,True,G,GP,ST,4,1,N,N,MN,NN,NOVALUE,IS1,NOVALUE,NOVALUE,MP1,FWI,NOVALUE,1,NOVALUE,NOVALUE
CFG731_5d2495d91e9fa868,x731,CFG731_141d6b58a722961b,626,TWO_CHARACTERISTIC,2,dataInterface|binaerOpenColl_MP,2,True,G,GP,ST,4,1,N,N,MN,HS,CS1,NOVALUE,NOVALUE,NOVALUE,NOVALUE,FWI,1,1,1,NOVALUE
CFG731_3db5e61008d7627a,x731,CFG731_141d6b58a722961b,626,TWO_CHARACTERISTIC,2,dataInterface|dev_advMeterVerification,2,True,G,GP,ST,4,1,N,N,MN,HS,CS1,NOVALUE,NOVALUE,NOVALUE,MP1,FWI,NOVALUE,1,1,NOVALUE
CFG731_7a924ba8e265ed39,x731,CFG731_141d6b58a722961b,626,TWO_CHARACTERISTIC,2,dataInterface|customUserFluid,2,True,G,GP,ST,4,1,N,N,MN,HS,CS1,NOVALUE,NOVALUE,NOVALUE,MP1,FWI,1,1,NOVALUE,NOVALUE
CFG731_6bfa8b2b74b9bf6a,x731,CFG731_141d6b58a722961b,626,TWO_CHARACTERISTIC,2,binaerOpenColl_MP|dev_advMeterVerification,2,True,G,GP,ST,4,1,N,N,MN,NN,CS1,NOVALUE,NOVALUE,NOVALUE,NOVALUE,FWI,NOVALUE,1,1,NOVALUE
CFG731_ae1c24f394311970,x731,CFG731_141d6b58a722961b,626,TWO_CHARACTERISTIC,2,binaerOpenColl_MP|customUserFluid,2,True,G,GP,ST,4,1,N,N,MN,NN,CS1,NOVALUE,NOVALUE,NOVALUE,NOVALUE,FWI,1,1,NOVALUE,NOVALUE
CFG731_14fc3fbcf0551f6b,x731,CFG731_141d6b58a722961b,626,TWO_CHARACTERISTIC,2,dev_advMeterVerification|customUserFluid,2,True,G,GP,ST,4,1,N,N,MN,NN,CS1,NOVALUE,NOVALUE,NOVALUE,MP1,FWI,NOVALUE,1,NOVALUE,NOVALUE
CFG731_6878009af5d30faf,x731,CFG731_d27f5f5f307014a8,634,TWO_CHARACTERISTIC,2,stromSchaltbar|binaerOpenColl_MP,2,True,G,GP,ST,4,1,N,N,MN,HS,NOVALUE,NOVALUE,TT1,NOVALUE,NOVALUE,FWI,1,1,1,NOVALUE
CFG731_593831cdbe971c70,x731,CFG731_d27f5f5f307014a8,634,TWO_CHARACTERISTIC,2,stromSchaltbar|dev_advMeterVerification,2,True,G,GP,ST,4,1,N,N,MN,HS,NOVALUE,NOVALUE,TT1,NOVALUE,MP1,FWI,NOVALUE,1,1,NOVALUE
CFG731_bee95bc498886824,x731,CFG731_d27f5f5f307014a8,634,TWO_CHARACTERISTIC,2,stromSchaltbar|customUserFluid,2,True,G,GP,ST,4,1,N,N,MN,HS,NOVALUE,NOVALUE,TT1,NOVALUE,MP1,FWI,1,1,NOVALUE,NOVALUE
CFG731_6f7f96081c2735a8,x731,CFG731_d27f5f5f307014a8,634,TWO_CHARACTERISTIC,2,binaerOpenColl_MP|dev_advMeterVerification,2,True,G,GP,ST,4,1,N,N,MN,HS,CS1,NOVALUE,TT1,NOVALUE,NOVALUE,FWI,NOVALUE,1,1,NOVALUE
CFG731_97473d4b20076c4b,x731,CFG731_d27f5f5f307014a8,634,TWO_CHARACTERISTIC,2,binaerOpenColl_MP|customUserFluid,2,True,G,GP,ST,4,1,N,N,MN,HS,CS1,NOVALUE,TT1,NOVALUE,NOVALUE,FWI,1,1,NOVALUE,NOVALUE
CFG731_f8a9fbe99859c415,x731,CFG731_d27f5f5f307014a8,634,TWO_CHARACTERISTIC,2,dev_advMeterVerification|customUserFluid,2,True,G,GP,ST,4,1,N,N,MN,HS,CS1,NOVALUE,TT1,NOVALUE,MP1,FWI,NOVALUE,1,NOVALUE,NOVALUE
CFG731_d417765b001ea99c,x731,CFG731_8a06378c860cc7fb,636,TWO_CHARACTERISTIC,2,stromSchaltbar|binaerOpenColl_MP,1,True,G,GP,ST,4,1,N,N,MN,HS,NOVALUE,IS1,TT1,NOVALUE,NOVALUE,FWI,1,1,1,NOVALUE
CFG731_ee29f2335bd7638f,x731,CFG731_8a06378c860cc7fb,636,TWO_CHARACTERISTIC,2,stromSchaltbar|dev_advMeterVerification,1,True,G,GP,ST,4,1,N,N,MN,HS,NOVALUE,IS1,TT1,NOVALUE,MP1,FWI,NOVALUE,1,1,NOVALUE
CFG731_a2369b4e4d48ee5d,x731,CFG731_8a06378c860cc7fb,636,TWO_CHARACTERISTIC,2,stromSchaltbar|customUserFluid,1,True,G,GP,ST,4,1,N,N,MN,HS,NOVALUE,IS1,TT1,NOVALUE,MP1,FWI,1,1,NOVALUE,NOVALUE
CFG731_b94a51e6ffaf6988,x731,CFG731_8a06378c860cc7fb,636,TWO_CHARACTERISTIC,2,temperaturEingaenge|binaerOpenColl_MP,2,True,G,GP,ST,4,1,N,N,MN,HS,CS1,IS1,NOVALUE,NOVALUE,NOVALUE,FWI,1,1,1,NOVALUE
CFG731_0321495115692cd2,x731,CFG731_8a06378c860cc7fb,636,TWO_CHARACTERISTIC,2,temperaturEingaenge|dev_advMeterVerification,2,True,G,GP,ST,4,1,N,N,MN,HS,CS1,IS1,NOVALUE,NOVALUE,MP1,FWI,NOVALUE,1,1,NOVALUE
CFG731_915e7117b102d289,x731,CFG731_8a06378c860cc7fb,636,TWO_CHARACTERISTIC,2,temperaturEingaenge|customUserFluid,2,True,G,GP,ST,4,1,N,N,MN,HS,CS1,IS1,NOVALUE,NOVALUE,MP1,FWI,1,1,NOVALUE,NOVALUE
CFG731_faabd4b5473b30c5,x731,CFG731_8a06378c860cc7fb,636,TWO_CHARACTERISTIC,2,binaerOpenColl_MP|dev_advMeterVerification,2,True,G,GP,ST,4,1,N,N,MN,HS,CS1,IS1,TT1,NOVALUE,NOVALUE,FWI,NOVALUE,1,1,NOVALUE
CFG731_664c96c9d3f41f89,x731,CFG731_8a06378c860cc7fb,636,TWO_CHARACTERISTIC,2,binaerOpenColl_MP|customUserFluid,2,True,G,GP,ST,4,1,N,N,MN,HS,CS1,IS1,TT1,NOVALUE,NOVALUE,FWI,1,1,NOVALUE,NOVALUE
CFG731_b17fd684013249c9,x731,CFG731_8a06378c860cc7fb,636,TWO_CHARACTERISTIC,2,dev_advMeterVerification|customUserFluid,2,True,G,GP,ST,4,1,N,N,MN,HS,CS1,IS1,TT1,NOVALUE,MP1,FWI,NOVALUE,1,NOVALUE,NOVALUE
CFG731_cd9f0cfc9041bb0d,x731,CFG731_5d345c0f49f6f272,638,TWO_CHARACTERISTIC,2,binaerOpenColl_MP|dev_advMeterVerification,2,True,G,GP,ST,4,1,N,N,MN,HS,NOVALUE,IS1,TT1,NOVALUE,NOVALUE,FWI,NOVALUE,1,1,NOVALUE
CFG731_02cc92e24847d6c0,x731,CFG731_5d345c0f49f6f272,638,TWO_CHARACTERISTIC,2,binaerOpenColl_MP|customUserFluid,2,True,G,GP,ST,4,1,N,N,MN,HS,NOVALUE,IS1,TT1,NOVALUE,NOVALUE,FWI,1,1,NOVALUE,NOVALUE
CFG731_22f20315e6f51d42,x731,CFG731_5d345c0f49f6f272,638,TWO_CHARACTERISTIC,2,dev_advMeterVerification|customUserFluid,2,True,G,GP,ST,4,1,N,N,MN,HS,NOVALUE,IS1,TT1,NOVALUE,MP1,FWI,NOVALUE,1,NOVALUE,NOVALUE
CFG731_22fecf5bb26e1132,x731,CFG731_181ea7d5a9c21b8c,639,ONE_CHARACTERISTIC,1,stromSchaltbar,1,True,G,GP,ST,4,1,N,N,MN,NN,NOVALUE,NOVALUE,TT1,MN1,NOVALUE,FWI,1,1,1,NOVALUE
CFG731_5fb1bce2eb72cec6,x731,CFG731_181ea7d5a9c21b8c,639,ONE_CHARACTERISTIC,1,dev_advMeterVerification,1,True,G,GP,ST,4,1,N,N,MN,NN,CS1,NOVALUE,TT1,MN1,NOVALUE,FWI,NOVALUE,1,1,NOVALUE
CFG731_9fd2ebe15271fc33,x731,CFG731_181ea7d5a9c21b8c,639,ONE_CHARACTERISTIC,1,customUserFluid,1,True,G,GP,ST,4,1,N,N,MN,NN,CS1,NOVALUE,TT1,MN1,NOVALUE,FWI,1,1,NOVALUE,NOVALUE
CFG731_acd18bc8a73cfdde,x731,CFG731_181ea7d5a9c21b8c,639,DEPENDENCY_TWO_CHARACTERISTIC,2,stromEingaenge|temperaturEingaenge,1,True,G,GP,ST,4,1,N,N,MN,NN,CS1,IS1,NOVALUE,MN1,NOVALUE,FWI,1,1,1,NOVALUE
CFG731_ff3460f478ef969b,x731,CFG731_181ea7d5a9c21b8c,639,DEPENDENCY_TWO_CHARACTERISTIC,2,stromSchaltbar|stromEingaenge,1,True,G,GP,ST,4,1,N,N,MN,NN,NOVALUE,IS1,TT1,MN1,NOVALUE,FWI,1,1,1,NOVALUE
CFG731_df5f598a914fb1cc,x731,CFG731_181ea7d5a9c21b8c,639,DEPENDENCY_TWO_CHARACTERISTIC,2,stromSchaltbar|temperaturEingaenge,1,True,G,GP,ST,4,1,N,N,MN,NN,NOVALUE,NOVALUE,NOVALUE,MN1,NOVALUE,FWI,1,1,1,NOVALUE
CFG731_f4dfffb8a9fa30f7,x731,CFG731_181ea7d5a9c21b8c,639,TWO_CHARACTERISTIC,2,dataInterface|stromSchaltbar,1,True,G,GP,ST,4,1,N,N,MN,HS,NOVALUE,NOVALUE,TT1,MN1,NOVALUE,FWI,1,1,1,NOVALUE
CFG731_98d971bd8d0b810d,x731,CFG731_181ea7d5a9c21b8c,639,TWO_CHARACTERISTIC,2,dataInterface|temperaturEingaenge,1,True,G,GP,ST,4,1,N,N,MN,HS,CS1,NOVALUE,NOVALUE,MN1,NOVALUE,FWI,1,1,1,NOVALUE
CFG731_813afad06fd4a0a8,x731,CFG731_181ea7d5a9c21b8c,639,TWO_CHARACTERISTIC,2,dataInterface|dev_advMeterVerification,1,True,G,GP,ST,4,1,N,N,MN,HS,CS1,NOVALUE,TT1,MN1,NOVALUE,FWI,NOVALUE,1,1,NOVALUE
CFG731_399690ce112d8d2a,x731,CFG731_181ea7d5a9c21b8c,639,TWO_CHARACTERISTIC,2,dataInterface|customUserFluid,1,True,G,GP,ST,4,1,N,N,MN,HS,CS1,NOVALUE,TT1,MN1,NOVALUE,FWI,1,1,NOVALUE,NOVALUE
CFG731_46e1a0a4b32cd61f,x731,CFG731_181ea7d5a9c21b8c,639,TWO_CHARACTERISTIC,2,stromSchaltbar|dev_advMeterVerification,2,True,G,GP,ST,4,1,N,N,MN,NN,NOVALUE,NOVALUE,TT1,MN1,NOVALUE,FWI,NOVALUE,1,1,NOVALUE
CFG731_feab097966b90dde,x731,CFG731_181ea7d5a9c21b8c,639,TWO_CHARACTERISTIC,2,stromSchaltbar|customUserFluid,2,True,G,GP,ST,4,1,N,N,MN,NN,NOVALUE,NOVALUE,TT1,MN1,NOVALUE,FWI,1,1,NOVALUE,NOVALUE
CFG731_9e44a5f03f6adc0e,x731,CFG731_181ea7d5a9c21b8c,639,TWO_CHARACTERISTIC,2,stromEingaenge|dev_advMeterVerification,1,True,G,GP,ST,4,1,N,N,MN,NN,CS1,IS1,TT1,MN1,NOVALUE,FWI,NOVALUE,1,1,NOVALUE
CFG731_6153e5c0db7591c4,x731,CFG731_181ea7d5a9c21b8c,639,TWO_CHARACTERISTIC,2,stromEingaenge|customUserFluid,1,True,G,GP,ST,4,1,N,N,MN,NN,CS1,IS1,TT1,MN1,NOVALUE,FWI,1,1,NOVALUE,NOVALUE
CFG731_f879c0aaba152069,x731,CFG731_181ea7d5a9c21b8c,639,TWO_CHARACTERISTIC,2,temperaturEingaenge|dev_advMeterVerification,1,True,G,GP,ST,4,1,N,N,MN,NN,CS1,NOVALUE,NOVALUE,MN1,NOVALUE,FWI,NOVALUE,1,1,NOVALUE
CFG731_c87cb45e3d711af0,x731,CFG731_181ea7d5a9c21b8c,639,TWO_CHARACTERISTIC,2,temperaturEingaenge|customUserFluid,1,True,G,GP,ST,4,1,N,N,MN,NN,CS1,NOVALUE,NOVALUE,MN1,NOVALUE,FWI,1,1,NOVALUE,NOVALUE
CFG731_ca38648a84428e80,x731,CFG731_181ea7d5a9c21b8c,639,TWO_CHARACTERISTIC,2,dev_advMeterVerification|customUserFluid,2,True,G,GP,ST,4,1,N,N,MN,NN,CS1,NOVALUE,TT1,MN1,NOVALUE,FWI,NOVALUE,1,NOVALUE,NOVALUE
CFG731_955a688edefbacc8,x731,CFG731_8d2d91c46ccfb471,641,TWO_CHARACTERISTIC,2,dataInterface|temperaturEingaenge,1,True,G,GP,ST,4,1,N,N,MN,HS,CS1,IS1,NOVALUE,MN1,NOVALUE,FWI,1,1,1,NOVALUE
CFG731_ec83ad3bde5df955,x731,CFG731_8d2d91c46ccfb471,641,TWO_CHARACTERISTIC,2,dataInterface|dev_advMeterVerification,1,True,G,GP,ST,4,1,N,N,MN,HS,CS1,IS1,TT1,MN1,NOVALUE,FWI,NOVALUE,1,1,NOVALUE
CFG731_142da525ddb90041,x731,CFG731_8d2d91c46ccfb471,641,TWO_CHARACTERISTIC,2,dataInterface|customUserFluid,1,True,G,GP,ST,4,1,N,N,MN,HS,CS1,IS1,TT1,MN1,NOVALUE,FWI,1,1,NOVALUE,NOVALUE
CFG731_0f30d13a32801037,x731,CFG731_8d2d91c46ccfb471,641,TWO_CHARACTERISTIC,2,stromSchaltbar|dev_advMeterVerification,2,True,G,GP,ST,4,1,N,N,MN,NN,NOVALUE,IS1,TT1,MN1,NOVALUE,FWI,NOVALUE,1,1,NOVALUE
CFG731_bd4ab1bf0eaf605b,x731,CFG731_8d2d91c46ccfb471,641,TWO_CHARACTERISTIC,2,stromSchaltbar|customUserFluid,2,True,G,GP,ST,4,1,N,N,MN,NN,NOVALUE,IS1,TT1,MN1,NOVALUE,FWI,1,1,NOVALUE,NOVALUE
CFG731_f5ae39852b7d889b,x731,CFG731_8d2d91c46ccfb471,641,TWO_CHARACTERISTIC,2,temperaturEingaenge|dev_advMeterVerification,2,True,G,GP,ST,4,1,N,N,MN,NN,CS1,IS1,NOVALUE,MN1,NOVALUE,FWI,NOVALUE,1,1,NOVALUE
CFG731_5658a51fe594dd2d,x731,CFG731_8d2d91c46ccfb471,641,TWO_CHARACTERISTIC,2,temperaturEingaenge|customUserFluid,2,True,G,GP,ST,4,1,N,N,MN,NN,CS1,IS1,NOVALUE,MN1,NOVALUE,FWI,1,1,NOVALUE,NOVALUE
CFG731_48772fd385d8dcd5,x731,CFG731_8d2d91c46ccfb471,641,TWO_CHARACTERISTIC,2,dev_advMeterVerification|customUserFluid,2,True,G,GP,ST,4,1,N,N,MN,NN,CS1,IS1,TT1,MN1,NOVALUE,FWI,NOVALUE,1,NOVALUE,NOVALUE
CFG731_b5a071e920590337,x731,CFG731_db062c45f65ad229,644,ONE_CHARACTERISTIC,1,dataInterface,1,True,G,GP,ST,4,1,N,N,MN,HS,NOVALUE,IS1,NOVALUE,MN1,NOVALUE,FWI,1,1,1,NOVALUE
CFG731_c2dab25179a20510,x731,CFG731_db062c45f65ad229,644,ONE_CHARACTERISTIC,1,dev_advMeterVerification,1,True,G,GP,ST,4,1,N,N,MN,NN,NOVALUE,IS1,NOVALUE,MN1,NOVALUE,FWI,NOVALUE,1,1,NOVALUE
CFG731_2e49817fa45fc350,x731,CFG731_db062c45f65ad229,644,ONE_CHARACTERISTIC,1,customUserFluid,1,True,G,GP,ST,4,1,N,N,MN,NN,NOVALUE,IS1,NOVALUE,MN1,NOVALUE,FWI,1,1,NOVALUE,NOVALUE
CFG731_810e8d94c417879a,x731,CFG731_db062c45f65ad229,644,TWO_CHARACTERISTIC,2,dataInterface|stromEingaenge,2,True,G,GP,ST,4,1,N,N,MN,HS,NOVALUE,NOVALUE,NOVALUE,MN1,NOVALUE,FWI,1,1,1,NOVALUE
CFG731_536773420d6a5fce,x731,CFG731_db062c45f65ad229,644,TWO_CHARACTERISTIC,2,dataInterface|dev_advMeterVerification,2,True,G,GP,ST,4,1,N,N,MN,HS,NOVALUE,IS1,NOVALUE,MN1,NOVALUE,FWI,NOVALUE,1,1,NOVALUE
CFG731_db8d7bd35ff2b0a4,x731,CFG731_db062c45f65ad229,644,TWO_CHARACTERISTIC,2,dataInterface|customUserFluid,2,True,G,GP,ST,4,1,N,N,MN,HS,NOVALUE,IS1,NOVALUE,MN1,NOVALUE,FWI,1,1,NOVALUE,NOVALUE
CFG731_3222b8ce5b848da2,x731,CFG731_db062c45f65ad229,644,TWO_CHARACTERISTIC,2,stromEingaenge|dev_advMeterVerification,2,True,G,GP,ST,4,1,N,N,MN,NN,NOVALUE,NOVALUE,NOVALUE,MN1,NOVALUE,FWI,NOVALUE,1,1,NOVALUE
CFG731_9bbc6b2c140adcbc,x731,CFG731_db062c45f65ad229,644,TWO_CHARACTERISTIC,2,stromEingaenge|customUserFluid,2,True,G,GP,ST,4,1,N,N,MN,NN,NOVALUE,NOVALUE,NOVALUE,MN1,NOVALUE,FWI,1,1,NOVALUE,NOVALUE
CFG731_8a92be2c7b9e2797,x731,CFG731_db062c45f65ad229,644,TWO_CHARACTERISTIC,2,dev_advMeterVerification|customUserFluid,2,True,G,GP,ST,4,1,N,N,MN,NN,NOVALUE,IS1,NOVALUE,MN1,NOVALUE,FWI,NOVALUE,1,NOVALUE,NOVALUE
CFG731_826e1fabd4dc03d4,x731,CFG731_823b17639d6061fd,645,TWO_CHARACTERISTIC,2,dataInterface|dev_advMeterVerification,2,True,G,GP,ST,4,1,N,N,MN,HS,CS1,NOVALUE,NOVALUE,MN1,NOVALUE,FWI,NOVALUE,1,1,NOVALUE
CFG731_8b9239fd1c516750,x731,CFG731_823b17639d6061fd,645,TWO_CHARACTERISTIC,2,dataInterface|customUserFluid,2,True,G,GP,ST,4,1,N,N,MN,HS,CS1,NOVALUE,NOVALUE,MN1,NOVALUE,FWI,1,1,NOVALUE,NOVALUE
CFG731_8022c62f928d4b9a,x731,CFG731_823b17639d6061fd,645,TWO_CHARACTERISTIC,2,dev_advMeterVerification|customUserFluid,2,True,G,GP,ST,4,1,N,N,MN,NN,CS1,NOVALUE,NOVALUE,MN1,NOVALUE,FWI,NOVALUE,1,NOVALUE,NOVALUE
CFG731_7e53a68f08f79cd4,x731,CFG731_9a0f0b26c7f24725,653,TWO_CHARACTERISTIC,2,stromSchaltbar|dev_advMeterVerification,2,True,G,GP,ST,4,1,N,N,MN,HS,NOVALUE,NOVALUE,TT1,MN1,NOVALUE,FWI,NOVALUE,1,1,NOVALUE
CFG731_e225df5993df6f2f,x731,CFG731_9a0f0b26c7f24725,653,TWO_CHARACTERISTIC,2,stromSchaltbar|customUserFluid,2,True,G,GP,ST,4,1,N,N,MN,HS,NOVALUE,NOVALUE,TT1,MN1,NOVALUE,FWI,1,1,NOVALUE,NOVALUE
CFG731_bb4f0886ba308d63,x731,CFG731_9a0f0b26c7f24725,653,TWO_CHARACTERISTIC,2,dev_advMeterVerification|customUserFluid,2,True,G,GP,ST,4,1,N,N,MN,HS,CS1,NOVALUE,TT1,MN1,NOVALUE,FWI,NOVALUE,1,NOVALUE,NOVALUE
CFG731_2bbfd30aeb5b5782,x731,CFG731_83f956404d04e6cd,655,TWO_CHARACTERISTIC,2,stromSchaltbar|dev_advMeterVerification,1,True,G,GP,ST,4,1,N,N,MN,HS,NOVALUE,IS1,TT1,MN1,NOVALUE,FWI,NOVALUE,1,1,NOVALUE
CFG731_cc50cacf788bd84a,x731,CFG731_83f956404d04e6cd,655,TWO_CHARACTERISTIC,2,stromSchaltbar|customUserFluid,1,True,G,GP,ST,4,1,N,N,MN,HS,NOVALUE,IS1,TT1,MN1,NOVALUE,FWI,1,1,NOVALUE,NOVALUE
CFG731_c37552e153d601ab,x731,CFG731_83f956404d04e6cd,655,TWO_CHARACTERISTIC,2,temperaturEingaenge|dev_advMeterVerification,2,True,G,GP,ST,4,1,N,N,MN,HS,CS1,IS1,NOVALUE,MN1,NOVALUE,FWI,NOVALUE,1,1,NOVALUE
CFG731_8bb159f1711e5f6c,x731,CFG731_83f956404d04e6cd,655,TWO_CHARACTERISTIC,2,temperaturEingaenge|customUserFluid,2,True,G,GP,ST,4,1,N,N,MN,HS,CS1,IS1,NOVALUE,MN1,NOVALUE,FWI,1,1,NOVALUE,NOVALUE
CFG731_e6e551b76a5dff76,x731,CFG731_83f956404d04e6cd,655,TWO_CHARACTERISTIC,2,dev_advMeterVerification|customUserFluid,2,True,G,GP,ST,4,1,N,N,MN,HS,CS1,IS1,TT1,MN1,NOVALUE,FWI,NOVALUE,1,NOVALUE,NOVALUE
CFG731_0c4cdb3844bafedc,x731,CFG731_3c4babe78beeb112,657,TWO_CHARACTERISTIC,2,dev_advMeterVerification|customUserFluid,2,True,G,GP,ST,4,1,N,N,MN,HS,NOVALUE,IS1,TT1,MN1,NOVALUE,FWI,NOVALUE,1,NOVALUE,NOVALUE
CFG731_c11c5ee5deff9a1e,x731,CFG731_de6efef3a5b620bb,658,ONE_CHARACTERISTIC,1,stromSchaltbar,1,True,G,GP,ST,4,1,A,2,MN,NN,NOVALUE,NOVALUE,TT1,NOVALUE,MP1,FWI,1,1,1,NOVALUE
CFG731_243419c6708378b3,x731,CFG731_de6efef3a5b620bb,658,ONE_CHARACTERISTIC,1,binaerOpenColl_MP,1,True,G,GP,ST,4,1,A,2,MN,NN,CS1,NOVALUE,TT1,NOVALUE,NOVALUE,FWI,1,1,1,NOVALUE
CFG731_67751271582e3c57,x731,CFG731_de6efef3a5b620bb,658,ONE_CHARACTERISTIC,1,dev_advMeterVerification,1,True,G,GP,ST,4,1,A,2,MN,NN,CS1,NOVALUE,TT1,NOVALUE,MP1,FWI,NOVALUE,1,1,NOVALUE
CFG731_9cf2fb9ce9267b59,x731,CFG731_de6efef3a5b620bb,658,ONE_CHARACTERISTIC,1,customUserFluid,1,True,G,GP,ST,4,1,A,2,MN,NN,CS1,NOVALUE,TT1,NOVALUE,MP1,FWI,1,1,NOVALUE,NOVALUE
CFG731_5ffc2d74e4a3fb5a,x731,CFG731_de6efef3a5b620bb,658,DEPENDENCY_TWO_CHARACTERISTIC,2,stromEingaenge|temperaturEingaenge,1,True,G,GP,ST,4,1,A,2,MN,NN,CS1,IS1,NOVALUE,NOVALUE,MP1,FWI,1,1,1,NOVALUE
CFG731_8216171cc39f78aa,x731,CFG731_de6efef3a5b620bb,658,DEPENDENCY_TWO_CHARACTERISTIC,2,stromSchaltbar|stromEingaenge,1,True,G,GP,ST,4,1,A,2,MN,NN,NOVALUE,IS1,TT1,NOVALUE,MP1,FWI,1,1,1,NOVALUE
CFG731_48aa9a27f24794bc,x731,CFG731_de6efef3a5b620bb,658,DEPENDENCY_TWO_CHARACTERISTIC,2,stromSchaltbar|temperaturEingaenge,1,True,G,GP,ST,4,1,A,2,MN,NN,NOVALUE,NOVALUE,NOVALUE,NOVALUE,MP1,FWI,1,1,1,NOVALUE
CFG731_2e60fd0380ec7150,x731,CFG731_de6efef3a5b620bb,658,TWO_CHARACTERISTIC,2,explosionApproval|binaerOpenColl_MP,1,True,G,GP,ST,4,1,F,2,MN,NN,CS1,NOVALUE,TT1,NOVALUE,NOVALUE,FWI,1,1,1,NOVALUE
CFG731_582d2e914f2f625b,x731,CFG731_de6efef3a5b620bb,658,TWO_CHARACTERISTIC,2,dataInterface|stromSchaltbar,1,True,G,GP,ST,4,1,A,2,MN,HS,NOVALUE,NOVALUE,TT1,NOVALUE,MP1,FWI,1,1,1,NOVALUE
CFG731_4efe168bb2230d95,x731,CFG731_de6efef3a5b620bb,658,TWO_CHARACTERISTIC,2,dataInterface|temperaturEingaenge,1,True,G,GP,ST,4,1,A,2,MN,HS,CS1,NOVALUE,NOVALUE,NOVALUE,MP1,FWI,1,1,1,NOVALUE
CFG731_6077133dce604e06,x731,CFG731_de6efef3a5b620bb,658,TWO_CHARACTERISTIC,2,dataInterface|binaerOpenColl_MP,1,True,G,GP,ST,4,1,A,2,MN,HS,CS1,NOVALUE,TT1,NOVALUE,NOVALUE,FWI,1,1,1,NOVALUE
CFG731_e238fdf0bc3ebeb9,x731,CFG731_de6efef3a5b620bb,658,TWO_CHARACTERISTIC,2,dataInterface|dev_advMeterVerification,1,True,G,GP,ST,4,1,A,2,MN,HS,CS1,NOVALUE,TT1,NOVALUE,MP1,FWI,NOVALUE,1,1,NOVALUE
CFG731_f92bde4646675f5d,x731,CFG731_de6efef3a5b620bb,658,TWO_CHARACTERISTIC,2,dataInterface|customUserFluid,1,True,G,GP,ST,4,1,A,2,MN,HS,CS1,NOVALUE,TT1,NOVALUE,MP1,FWI,1,1,NOVALUE,NOVALUE
CFG731_ca21d289d1491612,x731,CFG731_de6efef3a5b620bb,658,TWO_CHARACTERISTIC,2,stromSchaltbar|binaerOpenColl_MP,2,True,G,GP,ST,4,1,A,2,MN,NN,NOVALUE,NOVALUE,TT1,NOVALUE,NOVALUE,FWI,1,1,1,NOVALUE
CFG731_99cd5da9fca74612,x731,CFG731_de6efef3a5b620bb,658,TWO_CHARACTERISTIC,2,stromSchaltbar|dev_advMeterVerification,2,True,G,GP,ST,4,1,A,2,MN,NN,NOVALUE,NOVALUE,TT1,NOVALUE,MP1,FWI,NOVALUE,1,1,NOVALUE
CFG731_0becd0a8028385ec,x731,CFG731_de6efef3a5b620bb,658,TWO_CHARACTERISTIC,2,stromSchaltbar|customUserFluid,2,True,G,GP,ST,4,1,A,2,MN,NN,NOVALUE,NOVALUE,TT1,NOVALUE,MP1,FWI,1,1,NOVALUE,NOVALUE
CFG731_332fb57dab8e30c6,x731,CFG731_de6efef3a5b620bb,658,TWO_CHARACTERISTIC,2,stromEingaenge|binaerOpenColl_MP,1,True,G,GP,ST,4,1,A,2,MN,NN,CS1,IS1,TT1,NOVALUE,NOVALUE,FWI,1,1,1,NOVALUE
CFG731_cccd499c66b31e99,x731,CFG731_de6efef3a5b620bb,658,TWO_CHARACTERISTIC,2,stromEingaenge|dev_advMeterVerification,1,True,G,GP,ST,4,1,A,2,MN,NN,CS1,IS1,TT1,NOVALUE,MP1,FWI,NOVALUE,1,1,NOVALUE
CFG731_d6304b0cfae9a548,x731,CFG731_de6efef3a5b620bb,658,TWO_CHARACTERISTIC,2,stromEingaenge|customUserFluid,1,True,G,GP,ST,4,1,A,2,MN,NN,CS1,IS1,TT1,NOVALUE,MP1,FWI,1,1,NOVALUE,NOVALUE
CFG731_bce0bc4b7b3a4799,x731,CFG731_de6efef3a5b620bb,658,TWO_CHARACTERISTIC,2,temperaturEingaenge|binaerOpenColl_MP,1,True,G,GP,ST,4,1,A,2,MN,NN,CS1,NOVALUE,NOVALUE,NOVALUE,NOVALUE,FWI,1,1,1,NOVALUE
CFG731_feb4c8146733be33,x731,CFG731_de6efef3a5b620bb,658,TWO_CHARACTERISTIC,2,temperaturEingaenge|dev_advMeterVerification,1,True,G,GP,ST,4,1,A,2,MN,NN,CS1,NOVALUE,NOVALUE,NOVALUE,MP1,FWI,NOVALUE,1,1,NOVALUE
CFG731_de1b4a889540ef0e,x731,CFG731_de6efef3a5b620bb,658,TWO_CHARACTERISTIC,2,temperaturEingaenge|customUserFluid,1,True,G,GP,ST,4,1,A,2,MN,NN,CS1,NOVALUE,NOVALUE,NOVALUE,MP1,FWI,1,1,NOVALUE,NOVALUE
CFG731_b8857b0b20afebcd,x731,CFG731_de6efef3a5b620bb,658,TWO_CHARACTERISTIC,2,binaerOpenColl_MP|dev_advMeterVerification,2,True,G,GP,ST,4,1,A,2,MN,NN,CS1,NOVALUE,TT1,NOVALUE,NOVALUE,FWI,NOVALUE,1,1,NOVALUE
CFG731_59703bbd8943f785,x731,CFG731_de6efef3a5b620bb,658,TWO_CHARACTERISTIC,2,binaerOpenColl_MP|customUserFluid,2,True,G,GP,ST,4,1,A,2,MN,NN,CS1,NOVALUE,TT1,NOVALUE,NOVALUE,FWI,1,1,NOVALUE,NOVALUE
CFG731_98725fac045a4249,x731,CFG731_de6efef3a5b620bb,658,TWO_CHARACTERISTIC,2,dev_advMeterVerification|customUserFluid,2,True,G,GP,ST,4,1,A,2,MN,NN,CS1,NOVALUE,TT1,NOVALUE,MP1,FWI,NOVALUE,1,NOVALUE,NOVALUE
CFG731_996774f9d26581ff,x731,CFG731_5e61ce3b60d15e11,660,TWO_CHARACTERISTIC,2,explosionApproval|binaerOpenColl_MP,1,True,G,GP,ST,4,1,F,2,MN,NN,CS1,IS1,TT1,NOVALUE,NOVALUE,FWI,1,1,1,NOVALUE
CFG731_3c14356e9debf5b4,x731,CFG731_5e61ce3b60d15e11,660,TWO_CHARACTERISTIC,2,dataInterface|temperaturEingaenge,1,True,G,GP,ST,4,1,A,2,MN,HS,CS1,IS1,NOVALUE,NOVALUE,MP1,FWI,1,1,1,NOVALUE
CFG731_8ff92e2888b6b13f,x731,CFG731_5e61ce3b60d15e11,660,TWO_CHARACTERISTIC,2,dataInterface|binaerOpenColl_MP,1,True,G,GP,ST,4,1,A,2,MN,HS,CS1,IS1,TT1,NOVALUE,NOVALUE,FWI,1,1,1,NOVALUE
CFG731_7db8273b62ec69af,x731,CFG731_5e61ce3b60d15e11,660,TWO_CHARACTERISTIC,2,dataInterface|dev_advMeterVerification,1,True,G,GP,ST,4,1,A,2,MN,HS,CS1,IS1,TT1,NOVALUE,MP1,FWI,NOVALUE,1,1,NOVALUE
CFG731_0d0e9cabc6d7df24,x731,CFG731_5e61ce3b60d15e11,660,TWO_CHARACTERISTIC,2,dataInterface|customUserFluid,1,True,G,GP,ST,4,1,A,2,MN,HS,CS1,IS1,TT1,NOVALUE,MP1,FWI,1,1,NOVALUE,NOVALUE
CFG731_fd56fac90303531d,x731,CFG731_5e61ce3b60d15e11,660,TWO_CHARACTERISTIC,2,stromSchaltbar|binaerOpenColl_MP,2,True,G,GP,ST,4,1,A,2,MN,NN,NOVALUE,IS1,TT1,NOVALUE,NOVALUE,FWI,1,1,1,NOVALUE
CFG731_101cd5573ad3da1a,x731,CFG731_5e61ce3b60d15e11,660,TWO_CHARACTERISTIC,2,stromSchaltbar|dev_advMeterVerification,2,True,G,GP,ST,4,1,A,2,MN,NN,NOVALUE,IS1,TT1,NOVALUE,MP1,FWI,NOVALUE,1,1,NOVALUE
CFG731_fa01327d0b0a8928,x731,CFG731_5e61ce3b60d15e11,660,TWO_CHARACTERISTIC,2,stromSchaltbar|customUserFluid,2,True,G,GP,ST,4,1,A,2,MN,NN,NOVALUE,IS1,TT1,NOVALUE,MP1,FWI,1,1,NOVALUE,NOVALUE
CFG731_ecb8a8742e9204c7,x731,CFG731_5e61ce3b60d15e11,660,TWO_CHARACTERISTIC,2,temperaturEingaenge|binaerOpenColl_MP,2,True,G,GP,ST,4,1,A,2,MN,NN,CS1,IS1,NOVALUE,NOVALUE,NOVALUE,FWI,1,1,1,NOVALUE
CFG731_83bb60f5aac5c406,x731,CFG731_5e61ce3b60d15e11,660,TWO_CHARACTERISTIC,2,temperaturEingaenge|dev_advMeterVerification,2,True,G,GP,ST,4,1,A,2,MN,NN,CS1,IS1,NOVALUE,NOVALUE,MP1,FWI,NOVALUE,1,1,NOVALUE
CFG731_2146c09fa83fcb31,x731,CFG731_5e61ce3b60d15e11,660,TWO_CHARACTERISTIC,2,temperaturEingaenge|customUserFluid,2,True,G,GP,ST,4,1,A,2,MN,NN,CS1,IS1,NOVALUE,NOVALUE,MP1,FWI,1,1,NOVALUE,NOVALUE
CFG731_b555bda361da407a,x731,CFG731_5e61ce3b60d15e11,660,TWO_CHARACTERISTIC,2,binaerOpenColl_MP|dev_advMeterVerification,2,True,G,GP,ST,4,1,A,2,MN,NN,CS1,IS1,TT1,NOVALUE,NOVALUE,FWI,NOVALUE,1,1,NOVALUE
CFG731_da4c25a66741a917,x731,CFG731_5e61ce3b60d15e11,660,TWO_CHARACTERISTIC,2,binaerOpenColl_MP|customUserFluid,2,True,G,GP,ST,4,1,A,2,MN,NN,CS1,IS1,TT1,NOVALUE,NOVALUE,FWI,1,1,NOVALUE,NOVALUE
CFG731_89fc6532cf8cb398,x731,CFG731_5e61ce3b60d15e11,660,TWO_CHARACTERISTIC,2,dev_advMeterVerification|customUserFluid,2,True,G,GP,ST,4,1,A,2,MN,NN,CS1,IS1,TT1,NOVALUE,MP1,FWI,NOVALUE,1,NOVALUE,NOVALUE
CFG731_4e7f75dd9496e7b1,x731,CFG731_04a704e692f8fd05,663,ONE_CHARACTERISTIC,1,dataInterface,1,True,G,GP,ST,4,1,A,2,MN,HS,NOVALUE,IS1,NOVALUE,NOVALUE,MP1,FWI,1,1,1,NOVALUE
CFG731_736d7f6d47393e47,x731,CFG731_04a704e692f8fd05,663,ONE_CHARACTERISTIC,1,binaerOpenColl_MP,1,True,G,GP,ST,4,1,A,2,MN,NN,NOVALUE,IS1,NOVALUE,NOVALUE,NOVALUE,FWI,1,1,1,NOVALUE
CFG731_040069031f4f021c,x731,CFG731_04a704e692f8fd05,663,ONE_CHARACTERISTIC,1,dev_advMeterVerification,1,True,G,GP,ST,4,1,A,2,MN,NN,NOVALUE,IS1,NOVALUE,NOVALUE,MP1,FWI,NOVALUE,1,1,NOVALUE
CFG731_4fe142d593643ab8,x731,CFG731_04a704e692f8fd05,663,ONE_CHARACTERISTIC,1,customUserFluid,1,True,G,GP,ST,4,1,A,2,MN,NN,NOVALUE,IS1,NOVALUE,NOVALUE,MP1,FWI,1,1,NOVALUE,NOVALUE
CFG731_9fa9ae25d51ebf88,x731,CFG731_04a704e692f8fd05,663,TWO_CHARACTERISTIC,2,explosionApproval|binaerOpenColl_MP,1,True,G,GP,ST,4,1,F,2,MN,NN,NOVALUE,IS1,NOVALUE,NOVALUE,NOVALUE,FWI,1,1,1,NOVALUE
CFG731_fe9312ffdb394591,x731,CFG731_04a704e692f8fd05,663,TWO_CHARACTERISTIC,2,dataInterface|stromEingaenge,2,True,G,GP,ST,4,1,A,2,MN,HS,NOVALUE,NOVALUE,NOVALUE,NOVALUE,MP1,FWI,1,1,1,NOVALUE
CFG731_ea6185e3fef75557,x731,CFG731_04a704e692f8fd05,663,TWO_CHARACTERISTIC,2,dataInterface|binaerOpenColl_MP,2,True,G,GP,ST,4,1,A,2,MN,HS,NOVALUE,IS1,NOVALUE,NOVALUE,NOVALUE,FWI,1,1,1,NOVALUE
CFG731_d650f2c80254c9ab,x731,CFG731_04a704e692f8fd05,663,TWO_CHARACTERISTIC,2,dataInterface|dev_advMeterVerification,2,True,G,GP,ST,4,1,A,2,MN,HS,NOVALUE,IS1,NOVALUE,NOVALUE,MP1,FWI,NOVALUE,1,1,NOVALUE
CFG731_97c654bf006e698e,x731,CFG731_04a704e692f8fd05,663,TWO_CHARACTERISTIC,2,dataInterface|customUserFluid,2,True,G,GP,ST,4,1,A,2,MN,HS,NOVALUE,IS1,NOVALUE,NOVALUE,MP1,FWI,1,1,NOVALUE,NOVALUE
CFG731_ccfa4fc470f78c5b,x731,CFG731_04a704e692f8fd05,663,TWO_CHARACTERISTIC,2,stromEingaenge|binaerOpenColl_MP,2,True,G,GP,ST,4,1,A,2,MN,NN,NOVALUE,NOVALUE,NOVALUE,NOVALUE,NOVALUE,FWI,1,1,1,NOVALUE
CFG731_ff0ca331744404fc,x731,CFG731_04a704e692f8fd05,663,TWO_CHARACTERISTIC,2,stromEingaenge|dev_advMeterVerification,2,True,G,GP,ST,4,1,A,2,MN,NN,NOVALUE,NOVALUE,NOVALUE,NOVALUE,MP1,FWI,NOVALUE,1,1,NOVALUE
CFG731_f9b5e7d13c64dba5,x731,CFG731_04a704e692f8fd05,663,TWO_CHARACTERISTIC,2,stromEingaenge|customUserFluid,2,True,G,GP,ST,4,1,A,2,MN,NN,NOVALUE,NOVALUE,NOVALUE,NOVALUE,MP1,FWI,1,1,NOVALUE,NOVALUE
CFG731_e091fb431bf5f4b5,x731,CFG731_04a704e692f8fd05,663,TWO_CHARACTERISTIC,2,binaerOpenColl_MP|dev_advMeterVerification,2,True,G,GP,ST,4,1,A,2,MN,NN,NOVALUE,IS1,NOVALUE,NOVALUE,NOVALUE,FWI,NOVALUE,1,1,NOVALUE
CFG731_eaa3215f5357ad61,x731,CFG731_04a704e692f8fd05,663,TWO_CHARACTERISTIC,2,binaerOpenColl_MP|customUserFluid,2,True,G,GP,ST,4,1,A,2,MN,NN,NOVALUE,IS1,NOVALUE,NOVALUE,NOVALUE,FWI,1,1,NOVALUE,NOVALUE
CFG731_00318c5b9e1aff70,x731,CFG731_04a704e692f8fd05,663,TWO_CHARACTERISTIC,2,dev_advMeterVerification|customUserFluid,2,True,G,GP,ST,4,1,A,2,MN,NN,NOVALUE,IS1,NOVALUE,NOVALUE,MP1,FWI,NOVALUE,1,NOVALUE,NOVALUE
CFG731_ae1f3e9a90950fc3,x731,CFG731_23aa00a5306a83b2,664,TWO_CHARACTERISTIC,2,explosionApproval|binaerOpenColl_MP,1,True,G,GP,ST,4,1,F,2,MN,NN,CS1,NOVALUE,NOVALUE,NOVALUE,NOVALUE,FWI,1,1,1,NOVALUE
CFG731_05c93744bef2f32f,x731,CFG731_23aa00a5306a83b2,664,TWO_CHARACTERISTIC,2,dataInterface|binaerOpenColl_MP,2,True,G,GP,ST,4,1,A,2,MN,HS,CS1,NOVALUE,NOVALUE,NOVALUE,NOVALUE,FWI,1,1,1,NOVALUE
CFG731_6cdf2e0bb661cae3,x731,CFG731_23aa00a5306a83b2,664,TWO_CHARACTERISTIC,2,dataInterface|dev_advMeterVerification,2,True,G,GP,ST,4,1,A,2,MN,HS,CS1,NOVALUE,NOVALUE,NOVALUE,MP1,FWI,NOVALUE,1,1,NOVALUE
CFG731_36afe1d5d5adcebd,x731,CFG731_23aa00a5306a83b2,664,TWO_CHARACTERISTIC,2,dataInterface|customUserFluid,2,True,G,GP,ST,4,1,A,2,MN,HS,CS1,NOVALUE,NOVALUE,NOVALUE,MP1,FWI,1,1,NOVALUE,NOVALUE
CFG731_c82a485ead8848a8,x731,CFG731_23aa00a5306a83b2,664,TWO_CHARACTERISTIC,2,binaerOpenColl_MP|dev_advMeterVerification,2,True,G,GP,ST,4,1,A,2,MN,NN,CS1,NOVALUE,NOVALUE,NOVALUE,NOVALUE,FWI,NOVALUE,1,1,NOVALUE
CFG731_d2236ffbce524a06,x731,CFG731_23aa00a5306a83b2,664,TWO_CHARACTERISTIC,2,binaerOpenColl_MP|customUserFluid,2,True,G,GP,ST,4,1,A,2,MN,NN,CS1,NOVALUE,NOVALUE,NOVALUE,NOVALUE,FWI,1,1,NOVALUE,NOVALUE
CFG731_efc7192ec7619402,x731,CFG731_23aa00a5306a83b2,664,TWO_CHARACTERISTIC,2,dev_advMeterVerification|customUserFluid,2,True,G,GP,ST,4,1,A,2,MN,NN,CS1,NOVALUE,NOVALUE,NOVALUE,MP1,FWI,NOVALUE,1,NOVALUE,NOVALUE
CFG731_8c3523bc8fa38d81,x731,CFG731_3fe779486d988e69,672,TWO_CHARACTERISTIC,2,explosionApproval|binaerOpenColl_MP,1,True,G,GP,ST,4,1,F,2,MN,HS,CS1,NOVALUE,TT1,NOVALUE,NOVALUE,FWI,1,1,1,NOVALUE
CFG731_10e2da6388f8d8f2,x731,CFG731_3fe779486d988e69,672,TWO_CHARACTERISTIC,2,stromSchaltbar|binaerOpenColl_MP,2,True,G,GP,ST,4,1,A,2,MN,HS,NOVALUE,NOVALUE,TT1,NOVALUE,NOVALUE,FWI,1,1,1,NOVALUE
CFG731_7ec0568ac02ca3df,x731,CFG731_3fe779486d988e69,672,TWO_CHARACTERISTIC,2,stromSchaltbar|dev_advMeterVerification,2,True,G,GP,ST,4,1,A,2,MN,HS,NOVALUE,NOVALUE,TT1,NOVALUE,MP1,FWI,NOVALUE,1,1,NOVALUE
CFG731_66704b9e741527e4,x731,CFG731_3fe779486d988e69,672,TWO_CHARACTERISTIC,2,stromSchaltbar|customUserFluid,2,True,G,GP,ST,4,1,A,2,MN,HS,NOVALUE,NOVALUE,TT1,NOVALUE,MP1,FWI,1,1,NOVALUE,NOVALUE
CFG731_397799550dad5a13,x731,CFG731_3fe779486d988e69,672,TWO_CHARACTERISTIC,2,binaerOpenColl_MP|dev_advMeterVerification,2,True,G,GP,ST,4,1,A,2,MN,HS,CS1,NOVALUE,TT1,NOVALUE,NOVALUE,FWI,NOVALUE,1,1,NOVALUE
CFG731_cee11c5e3019101d,x731,CFG731_3fe779486d988e69,672,TWO_CHARACTERISTIC,2,binaerOpenColl_MP|customUserFluid,2,True,G,GP,ST,4,1,A,2,MN,HS,CS1,NOVALUE,TT1,NOVALUE,NOVALUE,FWI,1,1,NOVALUE,NOVALUE
CFG731_0240d2b411d6532d,x731,CFG731_3fe779486d988e69,672,TWO_CHARACTERISTIC,2,dev_advMeterVerification|customUserFluid,2,True,G,GP,ST,4,1,A,2,MN,HS,CS1,NOVALUE,TT1,NOVALUE,MP1,FWI,NOVALUE,1,NOVALUE,NOVALUE
CFG731_d9c736acc178c66d,x731,CFG731_3bcde7f8df32303c,674,TWO_CHARACTERISTIC,2,explosionApproval|binaerOpenColl_MP,1,True,G,GP,ST,4,1,F,2,MN,HS,CS1,IS1,TT1,NOVALUE,NOVALUE,FWI,1,1,1,NOVALUE
CFG731_aef3ebf3cdf884c1,x731,CFG731_3bcde7f8df32303c,674,TWO_CHARACTERISTIC,2,stromSchaltbar|binaerOpenColl_MP,1,True,G,GP,ST,4,1,A,2,MN,HS,NOVALUE,IS1,TT1,NOVALUE,NOVALUE,FWI,1,1,1,NOVALUE
CFG731_d22e45d35b3b7f29,x731,CFG731_3bcde7f8df32303c,674,TWO_CHARACTERISTIC,2,stromSchaltbar|dev_advMeterVerification,1,True,G,GP,ST,4,1,A,2,MN,HS,NOVALUE,IS1,TT1,NOVALUE,MP1,FWI,NOVALUE,1,1,NOVALUE
CFG731_cb9e502c506da6fb,x731,CFG731_3bcde7f8df32303c,674,TWO_CHARACTERISTIC,2,stromSchaltbar|customUserFluid,1,True,G,GP,ST,4,1,A,2,MN,HS,NOVALUE,IS1,TT1,NOVALUE,MP1,FWI,1,1,NOVALUE,NOVALUE
CFG731_9e6d75f19fafc919,x731,CFG731_3bcde7f8df32303c,674,TWO_CHARACTERISTIC,2,temperaturEingaenge|binaerOpenColl_MP,2,True,G,GP,ST,4,1,A,2,MN,HS,CS1,IS1,NOVALUE,NOVALUE,NOVALUE,FWI,1,1,1,NOVALUE
CFG731_8cfe8eddc16faf74,x731,CFG731_3bcde7f8df32303c,674,TWO_CHARACTERISTIC,2,temperaturEingaenge|dev_advMeterVerification,2,True,G,GP,ST,4,1,A,2,MN,HS,CS1,IS1,NOVALUE,NOVALUE,MP1,FWI,NOVALUE,1,1,NOVALUE
CFG731_2d353eebc2bd2e91,x731,CFG731_3bcde7f8df32303c,674,TWO_CHARACTERISTIC,2,temperaturEingaenge|customUserFluid,2,True,G,GP,ST,4,1,A,2,MN,HS,CS1,IS1,NOVALUE,NOVALUE,MP1,FWI,1,1,NOVALUE,NOVALUE
CFG731_bba93a1b44b6ab73,x731,CFG731_3bcde7f8df32303c,674,TWO_CHARACTERISTIC,2,binaerOpenColl_MP|dev_advMeterVerification,2,True,G,GP,ST,4,1,A,2,MN,HS,CS1,IS1,TT1,NOVALUE,NOVALUE,FWI,NOVALUE,1,1,NOVALUE
CFG731_0e35cd50f9518126,x731,CFG731_3bcde7f8df32303c,674,TWO_CHARACTERISTIC,2,binaerOpenColl_MP|customUserFluid,2,True,G,GP,ST,4,1,A,2,MN,HS,CS1,IS1,TT1,NOVALUE,NOVALUE,FWI,1,1,NOVALUE,NOVALUE
CFG731_10535cca8f2bf171,x731,CFG731_3bcde7f8df32303c,674,TWO_CHARACTERISTIC,2,dev_advMeterVerification|customUserFluid,2,True,G,GP,ST,4,1,A,2,MN,HS,CS1,IS1,TT1,NOVALUE,MP1,FWI,NOVALUE,1,NOVALUE,NOVALUE
CFG731_ce0a7e33485bd5c4,x731,CFG731_496bd7a964d6cd85,676,TWO_CHARACTERISTIC,2,explosionApproval|binaerOpenColl_MP,1,True,G,GP,ST,4,1,F,2,MN,HS,NOVALUE,IS1,TT1,NOVALUE,NOVALUE,FWI,1,1,1,NOVALUE
CFG731_0318c2a0a1c0c588,x731,CFG731_496bd7a964d6cd85,676,TWO_CHARACTERISTIC,2,binaerOpenColl_MP|dev_advMeterVerification,2,True,G,GP,ST,4,1,A,2,MN,HS,NOVALUE,IS1,TT1,NOVALUE,NOVALUE,FWI,NOVALUE,1,1,NOVALUE
CFG731_de2724e367203ef3,x731,CFG731_496bd7a964d6cd85,676,TWO_CHARACTERISTIC,2,binaerOpenColl_MP|customUserFluid,2,True,G,GP,ST,4,1,A,2,MN,HS,NOVALUE,IS1,TT1,NOVALUE,NOVALUE,FWI,1,1,NOVALUE,NOVALUE
CFG731_fd8606691916b6af,x731,CFG731_496bd7a964d6cd85,676,TWO_CHARACTERISTIC,2,dev_advMeterVerification|customUserFluid,2,True,G,GP,ST,4,1,A,2,MN,HS,NOVALUE,IS1,TT1,NOVALUE,MP1,FWI,NOVALUE,1,NOVALUE,NOVALUE
CFG731_7895bfd97573c2b8,x731,CFG731_28ac43a93658ad6b,677,ONE_CHARACTERISTIC,1,stromSchaltbar,1,True,G,GP,ST,4,1,A,2,MN,NN,NOVALUE,NOVALUE,TT1,MN1,NOVALUE,FWI,1,1,1,NOVALUE
CFG731_8cf35251fcd54982,x731,CFG731_28ac43a93658ad6b,677,ONE_CHARACTERISTIC,1,dev_advMeterVerification,1,True,G,GP,ST,4,1,A,2,MN,NN,CS1,NOVALUE,TT1,MN1,NOVALUE,FWI,NOVALUE,1,1,NOVALUE
CFG731_aa82c10f35e81f8d,x731,CFG731_28ac43a93658ad6b,677,ONE_CHARACTERISTIC,1,customUserFluid,1,True,G,GP,ST,4,1,A,2,MN,NN,CS1,NOVALUE,TT1,MN1,NOVALUE,FWI,1,1,NOVALUE,NOVALUE
CFG731_36d7686aca1200ae,x731,CFG731_28ac43a93658ad6b,677,DEPENDENCY_TWO_CHARACTERISTIC,2,stromEingaenge|temperaturEingaenge,1,True,G,GP,ST,4,1,A,2,MN,NN,CS1,IS1,NOVALUE,MN1,NOVALUE,FWI,1,1,1,NOVALUE
CFG731_fa6b5a7df55858c0,x731,CFG731_28ac43a93658ad6b,677,DEPENDENCY_TWO_CHARACTERISTIC,2,stromSchaltbar|stromEingaenge,1,True,G,GP,ST,4,1,A,2,MN,NN,NOVALUE,IS1,TT1,MN1,NOVALUE,FWI,1,1,1,NOVALUE
CFG731_70b78512b89df53d,x731,CFG731_28ac43a93658ad6b,677,DEPENDENCY_TWO_CHARACTERISTIC,2,stromSchaltbar|temperaturEingaenge,1,True,G,GP,ST,4,1,A,2,MN,NN,NOVALUE,NOVALUE,NOVALUE,MN1,NOVALUE,FWI,1,1,1,NOVALUE
CFG731_85891d97ce4083b3,x731,CFG731_28ac43a93658ad6b,677,TWO_CHARACTERISTIC,2,explosionApproval|stromSchaltbar,1,True,G,GP,ST,4,1,F,2,MN,NN,NOVALUE,NOVALUE,TT1,MN1,NOVALUE,FWI,1,1,1,NOVALUE
CFG731_859ceec2de752036,x731,CFG731_28ac43a93658ad6b,677,TWO_CHARACTERISTIC,2,explosionApproval|dev_advMeterVerification,1,True,G,GP,ST,4,1,F,2,MN,NN,CS1,NOVALUE,TT1,MN1,NOVALUE,FWI,NOVALUE,1,1,NOVALUE
CFG731_6f7a5cd92e9a022d,x731,CFG731_28ac43a93658ad6b,677,TWO_CHARACTERISTIC,2,explosionApproval|customUserFluid,1,True,G,GP,ST,4,1,F,2,MN,NN,CS1,NOVALUE,TT1,MN1,NOVALUE,FWI,1,1,NOVALUE,NOVALUE
CFG731_0799b36c303c0978,x731,CFG731_28ac43a93658ad6b,677,TWO_CHARACTERISTIC,2,dataInterface|stromSchaltbar,1,True,G,GP,ST,4,1,A,2,MN,HS,NOVALUE,NOVALUE,TT1,MN1,NOVALUE,FWI,1,1,1,NOVALUE
CFG731_c4da5f005bd18356,x731,CFG731_28ac43a93658ad6b,677,TWO_CHARACTERISTIC,2,dataInterface|temperaturEingaenge,1,True,G,GP,ST,4,1,A,2,MN,HS,CS1,NOVALUE,NOVALUE,MN1,NOVALUE,FWI,1,1,1,NOVALUE
CFG731_f84f4c436f462f74,x731,CFG731_28ac43a93658ad6b,677,TWO_CHARACTERISTIC,2,dataInterface|dev_advMeterVerification,1,True,G,GP,ST,4,1,A,2,MN,HS,CS1,NOVALUE,TT1,MN1,NOVALUE,FWI,NOVALUE,1,1,NOVALUE
CFG731_e58c5dc848e4bd10,x731,CFG731_28ac43a93658ad6b,677,TWO_CHARACTERISTIC,2,dataInterface|customUserFluid,1,True,G,GP,ST,4,1,A,2,MN,HS,CS1,NOVALUE,TT1,MN1,NOVALUE,FWI,1,1,NOVALUE,NOVALUE
CFG731_a9f3af20d4794ca1,x731,CFG731_28ac43a93658ad6b,677,TWO_CHARACTERISTIC,2,stromSchaltbar|dev_advMeterVerification,2,True,G,GP,ST,4,1,A,2,MN,NN,NOVALUE,NOVALUE,TT1,MN1,NOVALUE,FWI,NOVALUE,1,1,NOVALUE
CFG731_c0ba29a2dea3027d,x731,CFG731_28ac43a93658ad6b,677,TWO_CHARACTERISTIC,2,stromSchaltbar|customUserFluid,2,True,G,GP,ST,4,1,A,2,MN,NN,NOVALUE,NOVALUE,TT1,MN1,NOVALUE,FWI,1,1,NOVALUE,NOVALUE
CFG731_07ab553c2e192b62,x731,CFG731_28ac43a93658ad6b,677,TWO_CHARACTERISTIC,2,stromEingaenge|dev_advMeterVerification,1,True,G,GP,ST,4,1,A,2,MN,NN,CS1,IS1,TT1,MN1,NOVALUE,FWI,NOVALUE,1,1,NOVALUE
CFG731_eaa035e5e1dc5da9,x731,CFG731_28ac43a93658ad6b,677,TWO_CHARACTERISTIC,2,stromEingaenge|customUserFluid,1,True,G,GP,ST,4,1,A,2,MN,NN,CS1,IS1,TT1,MN1,NOVALUE,FWI,1,1,NOVALUE,NOVALUE
CFG731_f0dab232b993fcfd,x731,CFG731_28ac43a93658ad6b,677,TWO_CHARACTERISTIC,2,temperaturEingaenge|dev_advMeterVerification,1,True,G,GP,ST,4,1,A,2,MN,NN,CS1,NOVALUE,NOVALUE,MN1,NOVALUE,FWI,NOVALUE,1,1,NOVALUE
CFG731_b80e7ed679169677,x731,CFG731_28ac43a93658ad6b,677,TWO_CHARACTERISTIC,2,temperaturEingaenge|customUserFluid,1,True,G,GP,ST,4,1,A,2,MN,NN,CS1,NOVALUE,NOVALUE,MN1,NOVALUE,FWI,1,1,NOVALUE,NOVALUE
CFG731_d3004baf06185b4d,x731,CFG731_28ac43a93658ad6b,677,TWO_CHARACTERISTIC,2,dev_advMeterVerification|customUserFluid,2,True,G,GP,ST,4,1,A,2,MN,NN,CS1,NOVALUE,TT1,MN1,NOVALUE,FWI,NOVALUE,1,NOVALUE,NOVALUE
CFG731_e049618b920d59b6,x731,CFG731_0db950a4979d2c52,679,TWO_CHARACTERISTIC,2,explosionApproval|stromSchaltbar,1,True,G,GP,ST,4,1,F,2,MN,NN,NOVALUE,IS1,TT1,MN1,NOVALUE,FWI,1,1,1,NOVALUE
CFG731_d66147d90c14a63a,x731,CFG731_0db950a4979d2c52,679,TWO_CHARACTERISTIC,2,explosionApproval|temperaturEingaenge,1,True,G,GP,ST,4,1,F,2,MN,NN,CS1,IS1,NOVALUE,MN1,NOVALUE,FWI,1,1,1,NOVALUE
CFG731_63b6f6fcf28b1885,x731,CFG731_0db950a4979d2c52,679,TWO_CHARACTERISTIC,2,explosionApproval|dev_advMeterVerification,1,True,G,GP,ST,4,1,F,2,MN,NN,CS1,IS1,TT1,MN1,NOVALUE,FWI,NOVALUE,1,1,NOVALUE
CFG731_4eb63c13498ac15e,x731,CFG731_0db950a4979d2c52,679,TWO_CHARACTERISTIC,2,explosionApproval|customUserFluid,1,True,G,GP,ST,4,1,F,2,MN,NN,CS1,IS1,TT1,MN1,NOVALUE,FWI,1,1,NOVALUE,NOVALUE
CFG731_9cb3c996fff3863c,x731,CFG731_0db950a4979d2c52,679,TWO_CHARACTERISTIC,2,dataInterface|temperaturEingaenge,1,True,G,GP,ST,4,1,A,2,MN,HS,CS1,IS1,NOVALUE,MN1,NOVALUE,FWI,1,1,1,NOVALUE
CFG731_30ccf87da13edf1e,x731,CFG731_0db950a4979d2c52,679,TWO_CHARACTERISTIC,2,dataInterface|dev_advMeterVerification,1,True,G,GP,ST,4,1,A,2,MN,HS,CS1,IS1,TT1,MN1,NOVALUE,FWI,NOVALUE,1,1,NOVALUE
CFG731_2e57977cf2dd500a,x731,CFG731_0db950a4979d2c52,679,TWO_CHARACTERISTIC,2,dataInterface|customUserFluid,1,True,G,GP,ST,4,1,A,2,MN,HS,CS1,IS1,TT1,MN1,NOVALUE,FWI,1,1,NOVALUE,NOVALUE
CFG731_0e4ef63f0be06ccd,x731,CFG731_0db950a4979d2c52,679,TWO_CHARACTERISTIC,2,stromSchaltbar|dev_advMeterVerification,2,True,G,GP,ST,4,1,A,2,MN,NN,NOVALUE,IS1,TT1,MN1,NOVALUE,FWI,NOVALUE,1,1,NOVALUE
CFG731_8a32108b530c7a73,x731,CFG731_0db950a4979d2c52,679,TWO_CHARACTERISTIC,2,stromSchaltbar|customUserFluid,2,True,G,GP,ST,4,1,A,2,MN,NN,NOVALUE,IS1,TT1,MN1,NOVALUE,FWI,1,1,NOVALUE,NOVALUE
CFG731_7577c4cab9d61700,x731,CFG731_0db950a4979d2c52,679,TWO_CHARACTERISTIC,2,temperaturEingaenge|dev_advMeterVerification,2,True,G,GP,ST,4,1,A,2,MN,NN,CS1,IS1,NOVALUE,MN1,NOVALUE,FWI,NOVALUE,1,1,NOVALUE
CFG731_d3abce9cf375b196,x731,CFG731_0db950a4979d2c52,679,TWO_CHARACTERISTIC,2,temperaturEingaenge|customUserFluid,2,True,G,GP,ST,4,1,A,2,MN,NN,CS1,IS1,NOVALUE,MN1,NOVALUE,FWI,1,1,NOVALUE,NOVALUE
CFG731_05d3185ec6d57ffd,x731,CFG731_0db950a4979d2c52,679,TWO_CHARACTERISTIC,2,dev_advMeterVerification|customUserFluid,2,True,G,GP,ST,4,1,A,2,MN,NN,CS1,IS1,TT1,MN1,NOVALUE,FWI,NOVALUE,1,NOVALUE,NOVALUE
CFG731_9228cc48e333917c,x731,CFG731_258498329a834b05,682,ONE_CHARACTERISTIC,1,dataInterface,1,True,G,GP,ST,4,1,A,2,MN,HS,NOVALUE,IS1,NOVALUE,MN1,NOVALUE,FWI,1,1,1,NOVALUE
CFG731_f030e97d69c5c359,x731,CFG731_258498329a834b05,682,ONE_CHARACTERISTIC,1,dev_advMeterVerification,1,True,G,GP,ST,4,1,A,2,MN,NN,NOVALUE,IS1,NOVALUE,MN1,NOVALUE,FWI,NOVALUE,1,1,NOVALUE
CFG731_a4038243bb1e609e,x731,CFG731_258498329a834b05,682,ONE_CHARACTERISTIC,1,customUserFluid,1,True,G,GP,ST,4,1,A,2,MN,NN,NOVALUE,IS1,NOVALUE,MN1,NOVALUE,FWI,1,1,NOVALUE,NOVALUE
CFG731_5aad423ad5989441,x731,CFG731_258498329a834b05,682,DEPENDENCY_TWO_CHARACTERISTIC,2,dataInterface|explosionApproval,1,True,G,GP,ST,4,1,F,2,MN,HS,NOVALUE,IS1,NOVALUE,MN1,NOVALUE,FWI,1,1,1,NOVALUE
CFG731_4bd32ba44f2fdd5b,x731,CFG731_258498329a834b05,682,TWO_CHARACTERISTIC,2,explosionApproval|stromEingaenge,1,True,G,GP,ST,4,1,F,2,MN,NN,NOVALUE,NOVALUE,NOVALUE,MN1,NOVALUE,FWI,1,1,1,NOVALUE
CFG731_8b6eb20d56ad0a7c,x731,CFG731_258498329a834b05,682,TWO_CHARACTERISTIC,2,explosionApproval|dev_advMeterVerification,1,True,G,GP,ST,4,1,F,2,MN,NN,NOVALUE,IS1,NOVALUE,MN1,NOVALUE,FWI,NOVALUE,1,1,NOVALUE
CFG731_10dc89dcc8388903,x731,CFG731_258498329a834b05,682,TWO_CHARACTERISTIC,2,explosionApproval|customUserFluid,1,True,G,GP,ST,4,1,F,2,MN,NN,NOVALUE,IS1,NOVALUE,MN1,NOVALUE,FWI,1,1,NOVALUE,NOVALUE
CFG731_d51f3c1d385f8bdc,x731,CFG731_258498329a834b05,682,TWO_CHARACTERISTIC,2,dataInterface|stromEingaenge,2,True,G,GP,ST,4,1,A,2,MN,HS,NOVALUE,NOVALUE,NOVALUE,MN1,NOVALUE,FWI,1,1,1,NOVALUE
CFG731_9e4e2d60f553c3c1,x731,CFG731_258498329a834b05,682,TWO_CHARACTERISTIC,2,dataInterface|dev_advMeterVerification,2,True,G,GP,ST,4,1,A,2,MN,HS,NOVALUE,IS1,NOVALUE,MN1,NOVALUE,FWI,NOVALUE,1,1,NOVALUE
CFG731_b44b2e6818291871,x731,CFG731_258498329a834b05,682,TWO_CHARACTERISTIC,2,dataInterface|customUserFluid,2,True,G,GP,ST,4,1,A,2,MN,HS,NOVALUE,IS1,NOVALUE,MN1,NOVALUE,FWI,1,1,NOVALUE,NOVALUE
CFG731_f477f0e49db28202,x731,CFG731_258498329a834b05,682,TWO_CHARACTERISTIC,2,stromEingaenge|dev_advMeterVerification,2,True,G,GP,ST,4,1,A,2,MN,NN,NOVALUE,NOVALUE,NOVALUE,MN1,NOVALUE,FWI,NOVALUE,1,1,NOVALUE
CFG731_88dd59ae5e4e18d8,x731,CFG731_258498329a834b05,682,TWO_CHARACTERISTIC,2,stromEingaenge|customUserFluid,2,True,G,GP,ST,4,1,A,2,MN,NN,NOVALUE,NOVALUE,NOVALUE,MN1,NOVALUE,FWI,1,1,NOVALUE,NOVALUE
CFG731_762cef09e31dba4c,x731,CFG731_258498329a834b05,682,TWO_CHARACTERISTIC,2,dev_advMeterVerification|customUserFluid,2,True,G,GP,ST,4,1,A,2,MN,NN,NOVALUE,IS1,NOVALUE,MN1,NOVALUE,FWI,NOVALUE,1,NOVALUE,NOVALUE
CFG731_1b365e0951e7dea4,x731,CFG731_e24b476e4eb9ee5d,683,DEPENDENCY_TWO_CHARACTERISTIC,2,dataInterface|explosionApproval,1,True,G,GP,ST,4,1,F,2,MN,HS,CS1,NOVALUE,NOVALUE,MN1,NOVALUE,FWI,1,1,1,NOVALUE
CFG731_0f65d7c8bd5d857f,x731,CFG731_e24b476e4eb9ee5d,683,TWO_CHARACTERISTIC,2,explosionApproval|dev_advMeterVerification,1,True,G,GP,ST,4,1,F,2,MN,NN,CS1,NOVALUE,NOVALUE,MN1,NOVALUE,FWI,NOVALUE,1,1,NOVALUE
CFG731_17c228c35a626f80,x731,CFG731_e24b476e4eb9ee5d,683,TWO_CHARACTERISTIC,2,explosionApproval|customUserFluid,1,True,G,GP,ST,4,1,F,2,MN,NN,CS1,NOVALUE,NOVALUE,MN1,NOVALUE,FWI,1,1,NOVALUE,NOVALUE
CFG731_9dca253a491f21d6,x731,CFG731_e24b476e4eb9ee5d,683,TWO_CHARACTERISTIC,2,dataInterface|dev_advMeterVerification,2,True,G,GP,ST,4,1,A,2,MN,HS,CS1,NOVALUE,NOVALUE,MN1,NOVALUE,FWI,NOVALUE,1,1,NOVALUE
CFG731_7b2620a0a86146ac,x731,CFG731_e24b476e4eb9ee5d,683,TWO_CHARACTERISTIC,2,dataInterface|customUserFluid,2,True,G,GP,ST,4,1,A,2,MN,HS,CS1,NOVALUE,NOVALUE,MN1,NOVALUE,FWI,1,1,NOVALUE,NOVALUE
CFG731_8d5e2de17be427cc,x731,CFG731_e24b476e4eb9ee5d,683,TWO_CHARACTERISTIC,2,dev_advMeterVerification|customUserFluid,2,True,G,GP,ST,4,1,A,2,MN,NN,CS1,NOVALUE,NOVALUE,MN1,NOVALUE,FWI,NOVALUE,1,NOVALUE,NOVALUE
CFG731_0893c2d75c71d33c,x731,CFG731_b74fb5418dad3b38,691,TWO_CHARACTERISTIC,2,explosionApproval|stromSchaltbar,1,True,G,GP,ST,4,1,F,2,MN,HS,NOVALUE,NOVALUE,TT1,MN1,NOVALUE,FWI,1,1,1,NOVALUE
CFG731_f03dd6d0a112bc66,x731,CFG731_b74fb5418dad3b38,691,TWO_CHARACTERISTIC,2,explosionApproval|dev_advMeterVerification,1,True,G,GP,ST,4,1,F,2,MN,HS,CS1,NOVALUE,TT1,MN1,NOVALUE,FWI,NOVALUE,1,1,NOVALUE
CFG731_7f6c0412b6d497fb,x731,CFG731_b74fb5418dad3b38,691,TWO_CHARACTERISTIC,2,explosionApproval|customUserFluid,1,True,G,GP,ST,4,1,F,2,MN,HS,CS1,NOVALUE,TT1,MN1,NOVALUE,FWI,1,1,NOVALUE,NOVALUE
CFG731_d96428654a7607d5,x731,CFG731_b74fb5418dad3b38,691,TWO_CHARACTERISTIC,2,stromSchaltbar|dev_advMeterVerification,2,True,G,GP,ST,4,1,A,2,MN,HS,NOVALUE,NOVALUE,TT1,MN1,NOVALUE,FWI,NOVALUE,1,1,NOVALUE
CFG731_1e8990b654f6639b,x731,CFG731_b74fb5418dad3b38,691,TWO_CHARACTERISTIC,2,stromSchaltbar|customUserFluid,2,True,G,GP,ST,4,1,A,2,MN,HS,NOVALUE,NOVALUE,TT1,MN1,NOVALUE,FWI,1,1,NOVALUE,NOVALUE
CFG731_e5051ee84b25c9bb,x731,CFG731_b74fb5418dad3b38,691,TWO_CHARACTERISTIC,2,dev_advMeterVerification|customUserFluid,2,True,G,GP,ST,4,1,A,2,MN,HS,CS1,NOVALUE,TT1,MN1,NOVALUE,FWI,NOVALUE,1,NOVALUE,NOVALUE
CFG731_147ff4a19b4bcc48,x731,CFG731_0fbee36816b7af98,693,TWO_CHARACTERISTIC,2,explosionApproval|temperaturEingaenge,1,True,G,GP,ST,4,1,F,2,MN,HS,CS1,IS1,NOVALUE,MN1,NOVALUE,FWI,1,1,1,NOVALUE
CFG731_49eac53b550c371e,x731,CFG731_0fbee36816b7af98,693,TWO_CHARACTERISTIC,2,explosionApproval|dev_advMeterVerification,1,True,G,GP,ST,4,1,F,2,MN,HS,CS1,IS1,TT1,MN1,NOVALUE,FWI,NOVALUE,1,1,NOVALUE
CFG731_2933356bfa1fb8c5,x731,CFG731_0fbee36816b7af98,693,TWO_CHARACTERISTIC,2,explosionApproval|customUserFluid,1,True,G,GP,ST,4,1,F,2,MN,HS,CS1,IS1,TT1,MN1,NOVALUE,FWI,1,1,NOVALUE,NOVALUE
CFG731_f1355b6f00fd7f67,x731,CFG731_0fbee36816b7af98,693,TWO_CHARACTERISTIC,2,stromSchaltbar|dev_advMeterVerification,1,True,G,GP,ST,4,1,A,2,MN,HS,NOVALUE,IS1,TT1,MN1,NOVALUE,FWI,NOVALUE,1,1,NOVALUE
CFG731_c353dea77be13566,x731,CFG731_0fbee36816b7af98,693,TWO_CHARACTERISTIC,2,stromSchaltbar|customUserFluid,1,True,G,GP,ST,4,1,A,2,MN,HS,NOVALUE,IS1,TT1,MN1,NOVALUE,FWI,1,1,NOVALUE,NOVALUE
CFG731_de726eddfb3ad324,x731,CFG731_0fbee36816b7af98,693,TWO_CHARACTERISTIC,2,temperaturEingaenge|dev_advMeterVerification,2,True,G,GP,ST,4,1,A,2,MN,HS,CS1,IS1,NOVALUE,MN1,NOVALUE,FWI,NOVALUE,1,1,NOVALUE
CFG731_12fbb65ced8a3b05,x731,CFG731_0fbee36816b7af98,693,TWO_CHARACTERISTIC,2,temperaturEingaenge|customUserFluid,2,True,G,GP,ST,4,1,A,2,MN,HS,CS1,IS1,NOVALUE,MN1,NOVALUE,FWI,1,1,NOVALUE,NOVALUE
CFG731_58b5c6e944c6ec51,x731,CFG731_0fbee36816b7af98,693,TWO_CHARACTERISTIC,2,dev_advMeterVerification|customUserFluid,2,True,G,GP,ST,4,1,A,2,MN,HS,CS1,IS1,TT1,MN1,NOVALUE,FWI,NOVALUE,1,NOVALUE,NOVALUE
CFG731_8366eceddaf01e58,x731,CFG731_09ae68fe03e9d026,695,TWO_CHARACTERISTIC,2,explosionApproval|dev_advMeterVerification,1,True,G,GP,ST,4,1,F,2,MN,HS,NOVALUE,IS1,TT1,MN1,NOVALUE,FWI,NOVALUE,1,1,NOVALUE
CFG731_5ae746dac49a854b,x731,CFG731_09ae68fe03e9d026,695,TWO_CHARACTERISTIC,2,explosionApproval|customUserFluid,1,True,G,GP,ST,4,1,F,2,MN,HS,NOVALUE,IS1,TT1,MN1,NOVALUE,FWI,1,1,NOVALUE,NOVALUE
CFG731_d7fc392c1c9df495,x731,CFG731_09ae68fe03e9d026,695,TWO_CHARACTERISTIC,2,dev_advMeterVerification|customUserFluid,2,True,G,GP,ST,4,1,A,2,MN,HS,NOVALUE,IS1,TT1,MN1,NOVALUE,FWI,NOVALUE,1,NOVALUE,NOVALUE
CFG731_f84558a188ec14c0,x731,CFG731_4d7e108ea05eeb07,696,ONE_CHARACTERISTIC,1,devCategory,1,True,G,GP,ST,4,1,N,N,MN,NN,CS1,IS1,TT1,NOVALUE,MP1,FWI,NOVALUE,NOVALUE,NOVALUE,NOVALUE
CFG731_aaecd8f48f0639a0,x731,CFG731_4d7e108ea05eeb07,696,ONE_CHARACTERISTIC,1,stromSchaltbar,1,True,H,GP,ST,4,1,N,N,MN,NN,NOVALUE,IS1,TT1,NOVALUE,MP1,FWI,NOVALUE,NOVALUE,NOVALUE,NOVALUE
CFG731_b60961340903daf0,x731,CFG731_4d7e108ea05eeb07,696,ONE_CHARACTERISTIC,1,binaerOpenColl_MP,1,True,H,GP,ST,4,1,N,N,MN,NN,CS1,IS1,TT1,NOVALUE,NOVALUE,FWI,NOVALUE,NOVALUE,NOVALUE,NOVALUE
CFG731_3f43e18524472dbe,x731,CFG731_4d7e108ea05eeb07,696,TWO_CHARACTERISTIC,2,devCategory|dataInterface,1,True,G,GP,ST,4,1,N,N,MN,HS,CS1,IS1,TT1,NOVALUE,MP1,FWI,NOVALUE,NOVALUE,NOVALUE,NOVALUE
CFG731_6663f2d2accaf291,x731,CFG731_4d7e108ea05eeb07,696,TWO_CHARACTERISTIC,2,devCategory|stromSchaltbar,2,True,F,GP,ST,4,1,N,N,MN,NN,NOVALUE,IS1,TT1,NOVALUE,MP1,FWI,NOVALUE,NOVALUE,NOVALUE,NOVALUE
CFG731_a22eff8c4cc62e8d,x731,CFG731_4d7e108ea05eeb07,696,TWO_CHARACTERISTIC,2,devCategory|stromSchaltbar,2,True,G,GP,ST,4,1,N,N,MN,NN,NOVALUE,IS1,TT1,NOVALUE,MP1,FWI,NOVALUE,NOVALUE,NOVALUE,NOVALUE
CFG731_c585b182e5ecfc9a,x731,CFG731_4d7e108ea05eeb07,696,TWO_CHARACTERISTIC,2,devCategory|stromSchaltbar,1,True,S,GP,ST,4,1,N,N,MN,NN,NOVALUE,IS1,TT1,NOVALUE,MP1,FWI,NOVALUE,NOVALUE,NOVALUE,NOVALUE
CFG731_d3e3ff79f19b24df,x731,CFG731_4d7e108ea05eeb07,696,TWO_CHARACTERISTIC,2,devCategory|stromEingaenge,2,True,G,GP,ST,4,1,N,N,MN,NN,CS1,NOVALUE,TT1,NOVALUE,MP1,FWI,NOVALUE,NOVALUE,NOVALUE,NOVALUE
CFG731_2dea397fa8bb4c22,x731,CFG731_4d7e108ea05eeb07,696,TWO_CHARACTERISTIC,2,devCategory|temperaturEingaenge,2,True,F,GP,ST,4,1,N,N,MN,NN,CS1,IS1,NOVALUE,NOVALUE,MP1,FWI,NOVALUE,NOVALUE,NOVALUE,NOVALUE
CFG731_9b02ef7390c40bbf,x731,CFG731_4d7e108ea05eeb07,696,TWO_CHARACTERISTIC,2,devCategory|temperaturEingaenge,2,True,G,GP,ST,4,1,N,N,MN,NN,CS1,IS1,NOVALUE,NOVALUE,MP1,FWI,NOVALUE,NOVALUE,NOVALUE,NOVALUE
CFG731_a9f5de433a6593e1,x731,CFG731_4d7e108ea05eeb07,696,TWO_CHARACTERISTIC,2,devCategory|binaerOpenColl_MP,2,True,F,GP,ST,4,1,N,N,MN,NN,CS1,IS1,TT1,NOVALUE,NOVALUE,FWI,NOVALUE,NOVALUE,NOVALUE,NOVALUE
CFG731_a6b221483901a6ee,x731,CFG731_4d7e108ea05eeb07,696,TWO_CHARACTERISTIC,2,devCategory|binaerOpenColl_MP,2,True,G,GP,ST,4,1,N,N,MN,NN,CS1,IS1,TT1,NOVALUE,NOVALUE,FWI,NOVALUE,NOVALUE,NOVALUE,NOVALUE
CFG731_68d0d8577edab436,x731,CFG731_4d7e108ea05eeb07,696,TWO_CHARACTERISTIC,2,devCategory|binaerOpenColl_MP,1,True,S,GP,ST,4,1,N,N,MN,NN,CS1,IS1,TT1,NOVALUE,NOVALUE,FWI,NOVALUE,NOVALUE,NOVALUE,NOVALUE
CFG731_9447ab27cf261b9e,x731,CFG731_4d7e108ea05eeb07,696,TWO_CHARACTERISTIC,2,dataInterface|binaerOpenColl_MP,1,True,H,GP,ST,4,1,N,N,MN,HS,CS1,IS1,TT1,NOVALUE,NOVALUE,FWI,NOVALUE,NOVALUE,NOVALUE,NOVALUE
CFG731_0211575c0ccb90d2,x731,CFG731_4d7e108ea05eeb07,696,TWO_CHARACTERISTIC,2,stromSchaltbar|binaerOpenColl_MP,2,True,H,GP,ST,4,1,N,N,MN,NN,NOVALUE,IS1,TT1,NOVALUE,NOVALUE,FWI,NOVALUE,NOVALUE,NOVALUE,NOVALUE
CFG731_b078d97fa9fdd1d9,x731,CFG731_565e3731063ff5c5,703,TWO_CHARACTERISTIC,2,devCategory|stromSchaltbar,1,True,G,GP,ST,4,1,N,N,MN,HS,NOVALUE,IS1,TT1,NOVALUE,MP1,FWI,NOVALUE,NOVALUE,NOVALUE,NOVALUE
CFG731_3d9f20cbfdadc360,x731,CFG731_565e3731063ff5c5,703,TWO_CHARACTERISTIC,2,devCategory|stromEingaenge,2,True,G,GP,ST,4,1,N,N,MN,HS,CS1,NOVALUE,TT1,NOVALUE,MP1,FWI,NOVALUE,NOVALUE,NOVALUE,NOVALUE
CFG731_8eb3607cf36cf572,x731,CFG731_565e3731063ff5c5,703,TWO_CHARACTERISTIC,2,devCategory|temperaturEingaenge,2,True,F,GP,ST,4,1,N,N,MN,HS,CS1,IS1,NOVALUE,NOVALUE,MP1,FWI,NOVALUE,NOVALUE,NOVALUE,NOVALUE
CFG731_2eb6e107cccf07fb,x731,CFG731_565e3731063ff5c5,703,TWO_CHARACTERISTIC,2,devCategory|temperaturEingaenge,2,True,G,GP,ST,4,1,N,N,MN,HS,CS1,IS1,NOVALUE,NOVALUE,MP1,FWI,NOVALUE,NOVALUE,NOVALUE,NOVALUE
CFG731_768ac37f143197ac,x731,CFG731_565e3731063ff5c5,703,TWO_CHARACTERISTIC,2,devCategory|binaerOpenColl_MP,2,True,F,GP,ST,4,1,N,N,MN,HS,CS1,IS1,TT1,NOVALUE,NOVALUE,FWI,NOVALUE,NOVALUE,NOVALUE,NOVALUE
CFG731_aad5641884cad711,x731,CFG731_565e3731063ff5c5,703,TWO_CHARACTERISTIC,2,devCategory|binaerOpenColl_MP,2,True,G,GP,ST,4,1,N,N,MN,HS,CS1,IS1,TT1,NOVALUE,NOVALUE,FWI,NOVALUE,NOVALUE,NOVALUE,NOVALUE
CFG731_113dbe61aed25e43,x731,CFG731_565e3731063ff5c5,703,TWO_CHARACTERISTIC,2,devCategory|binaerOpenColl_MP,1,True,S,GP,ST,4,1,N,N,MN,HS,CS1,IS1,TT1,NOVALUE,NOVALUE,FWI,NOVALUE,NOVALUE,NOVALUE,NOVALUE
CFG731_b339d839e10eb209,x731,CFG731_565e3731063ff5c5,703,TWO_CHARACTERISTIC,2,stromSchaltbar|binaerOpenColl_MP,1,True,H,GP,ST,4,1,N,N,MN,HS,NOVALUE,IS1,TT1,NOVALUE,NOVALUE,FWI,NOVALUE,NOVALUE,NOVALUE,NOVALUE
CFG731_6b986d65d91bf97b,x731,CFG731_3259e11a8d6d6362,705,TWO_CHARACTERISTIC,2,devCategory|stromEingaenge,2,True,F,GP,ST,4,1,N,N,MN,HS,NOVALUE,NOVALUE,TT1,NOVALUE,MP1,FWI,NOVALUE,NOVALUE,NOVALUE,NOVALUE
CFG731_368b8952b102cb0e,x731,CFG731_3259e11a8d6d6362,705,TWO_CHARACTERISTIC,2,devCategory|stromEingaenge,2,True,G,GP,ST,4,1,N,N,MN,HS,NOVALUE,NOVALUE,TT1,NOVALUE,MP1,FWI,NOVALUE,NOVALUE,NOVALUE,NOVALUE
CFG731_4ff7bbb8e73cc265,x731,CFG731_3259e11a8d6d6362,705,TWO_CHARACTERISTIC,2,devCategory|temperaturEingaenge,2,True,F,GP,ST,4,1,N,N,MN,HS,NOVALUE,IS1,NOVALUE,NOVALUE,MP1,FWI,NOVALUE,NOVALUE,NOVALUE,NOVALUE
CFG731_5714a7af0af801aa,x731,CFG731_3259e11a8d6d6362,705,TWO_CHARACTERISTIC,2,devCategory|temperaturEingaenge,2,True,G,GP,ST,4,1,N,N,MN,HS,NOVALUE,IS1,NOVALUE,NOVALUE,MP1,FWI,NOVALUE,NOVALUE,NOVALUE,NOVALUE
CFG731_53cffcda6b4f1ffb,x731,CFG731_3259e11a8d6d6362,705,TWO_CHARACTERISTIC,2,devCategory|binaerOpenColl_MP,2,True,F,GP,ST,4,1,N,N,MN,HS,NOVALUE,IS1,TT1,NOVALUE,NOVALUE,FWI,NOVALUE,NOVALUE,NOVALUE,NOVALUE
CFG731_0c5cd97f5c20149b,x731,CFG731_3259e11a8d6d6362,705,TWO_CHARACTERISTIC,2,devCategory|binaerOpenColl_MP,2,True,G,GP,ST,4,1,N,N,MN,HS,NOVALUE,IS1,TT1,NOVALUE,NOVALUE,FWI,NOVALUE,NOVALUE,NOVALUE,NOVALUE
CFG731_67dbdc788fe111bc,x731,CFG731_3259e11a8d6d6362,705,TWO_CHARACTERISTIC,2,devCategory|binaerOpenColl_MP,1,True,S,GP,ST,4,1,N,N,MN,HS,NOVALUE,IS1,TT1,NOVALUE,NOVALUE,FWI,NOVALUE,NOVALUE,NOVALUE,NOVALUE
CFG731_9ccdadb28a07accd,x731,CFG731_14299a2a74e42d7f,706,ONE_CHARACTERISTIC,1,devCategory,1,True,G,GP,ST,4,1,N,N,MN,NN,CS1,IS1,TT1,MN1,NOVALUE,FWI,NOVALUE,NOVALUE,NOVALUE,NOVALUE
CFG731_828e0eccc54da7ae,x731,CFG731_14299a2a74e42d7f,706,ONE_CHARACTERISTIC,1,stromSchaltbar,1,True,H,GP,ST,4,1,N,N,MN,NN,NOVALUE,IS1,TT1,MN1,NOVALUE,FWI,NOVALUE,NOVALUE,NOVALUE,NOVALUE
CFG731_f9254a8bb3738033,x731,CFG731_14299a2a74e42d7f,706,TWO_CHARACTERISTIC,2,devCategory|dataInterface,1,True,G,GP,ST,4,1,N,N,MN,HS,CS1,IS1,TT1,MN1,NOVALUE,FWI,NOVALUE,NOVALUE,NOVALUE,NOVALUE
CFG731_9c8dc976dfa61a22,x731,CFG731_14299a2a74e42d7f,706,TWO_CHARACTERISTIC,2,devCategory|stromSchaltbar,2,True,F,GP,ST,4,1,N,N,MN,NN,NOVALUE,IS1,TT1,MN1,NOVALUE,FWI,NOVALUE,NOVALUE,NOVALUE,NOVALUE
CFG731_cd43b80a0164d3da,x731,CFG731_14299a2a74e42d7f,706,TWO_CHARACTERISTIC,2,devCategory|stromSchaltbar,2,True,G,GP,ST,4,1,N,N,MN,NN,NOVALUE,IS1,TT1,MN1,NOVALUE,FWI,NOVALUE,NOVALUE,NOVALUE,NOVALUE
CFG731_e705c6e8d4b9cc85,x731,CFG731_14299a2a74e42d7f,706,TWO_CHARACTERISTIC,2,devCategory|stromSchaltbar,1,True,S,GP,ST,4,1,N,N,MN,NN,NOVALUE,IS1,TT1,MN1,NOVALUE,FWI,NOVALUE,NOVALUE,NOVALUE,NOVALUE
CFG731_10687af81036502b,x731,CFG731_14299a2a74e42d7f,706,TWO_CHARACTERISTIC,2,devCategory|stromEingaenge,2,True,G,GP,ST,4,1,N,N,MN,NN,CS1,NOVALUE,TT1,MN1,NOVALUE,FWI,NOVALUE,NOVALUE,NOVALUE,NOVALUE
CFG731_97829913e155378b,x731,CFG731_14299a2a74e42d7f,706,TWO_CHARACTERISTIC,2,devCategory|temperaturEingaenge,2,True,F,GP,ST,4,1,N,N,MN,NN,CS1,IS1,NOVALUE,MN1,NOVALUE,FWI,NOVALUE,NOVALUE,NOVALUE,NOVALUE
CFG731_4d36b14696f88006,x731,CFG731_14299a2a74e42d7f,706,TWO_CHARACTERISTIC,2,devCategory|temperaturEingaenge,2,True,G,GP,ST,4,1,N,N,MN,NN,CS1,IS1,NOVALUE,MN1,NOVALUE,FWI,NOVALUE,NOVALUE,NOVALUE,NOVALUE
CFG731_6ff7390208a2abf5,x731,CFG731_80c9645eaee6c148,713,TWO_CHARACTERISTIC,2,devCategory|stromSchaltbar,1,True,G,GP,ST,4,1,N,N,MN,HS,NOVALUE,IS1,TT1,MN1,NOVALUE,FWI,NOVALUE,NOVALUE,NOVALUE,NOVALUE
CFG731_b4440bad21aa9a01,x731,CFG731_80c9645eaee6c148,713,TWO_CHARACTERISTIC,2,devCategory|stromEingaenge,2,True,G,GP,ST,4,1,N,N,MN,HS,CS1,NOVALUE,TT1,MN1,NOVALUE,FWI,NOVALUE,NOVALUE,NOVALUE,NOVALUE
CFG731_4ac838b7c8b30777,x731,CFG731_80c9645eaee6c148,713,TWO_CHARACTERISTIC,2,devCategory|temperaturEingaenge,2,True,F,GP,ST,4,1,N,N,MN,HS,CS1,IS1,NOVALUE,MN1,NOVALUE,FWI,NOVALUE,NOVALUE,NOVALUE,NOVALUE
CFG731_4f5f9d2e9d5b7aea,x731,CFG731_80c9645eaee6c148,713,TWO_CHARACTERISTIC,2,devCategory|temperaturEingaenge,2,True,G,GP,ST,4,1,N,N,MN,HS,CS1,IS1,NOVALUE,MN1,NOVALUE,FWI,NOVALUE,NOVALUE,NOVALUE,NOVALUE
CFG731_c4712f19c49c0681,x731,CFG731_a7a446c7f3b3183f,715,TWO_CHARACTERISTIC,2,devCategory|stromEingaenge,2,True,F,GP,ST,4,1,N,N,MN,HS,NOVALUE,NOVALUE,TT1,MN1,NOVALUE,FWI,NOVALUE,NOVALUE,NOVALUE,NOVALUE
CFG731_4235d1ff0b97608b,x731,CFG731_a7a446c7f3b3183f,715,TWO_CHARACTERISTIC,2,devCategory|stromEingaenge,2,True,G,GP,ST,4,1,N,N,MN,HS,NOVALUE,NOVALUE,TT1,MN1,NOVALUE,FWI,NOVALUE,NOVALUE,NOVALUE,NOVALUE
CFG731_6c64d49e2dc7b6b7,x731,CFG731_a7a446c7f3b3183f,715,TWO_CHARACTERISTIC,2,devCategory|temperaturEingaenge,2,True,F,GP,ST,4,1,N,N,MN,HS,NOVALUE,IS1,NOVALUE,MN1,NOVALUE,FWI,NOVALUE,NOVALUE,NOVALUE,NOVALUE
CFG731_53b62e56fc7aaf1e,x731,CFG731_a7a446c7f3b3183f,715,TWO_CHARACTERISTIC,2,devCategory|temperaturEingaenge,2,True,G,GP,ST,4,1,N,N,MN,HS,NOVALUE,IS1,NOVALUE,MN1,NOVALUE,FWI,NOVALUE,NOVALUE,NOVALUE,NOVALUE
CFG731_6b5f6983490bc595,x731,CFG731_6e791fbe7ba5db5e,716,ONE_CHARACTERISTIC,1,devCategory,1,True,G,GP,ST,4,1,A,2,MN,NN,CS1,IS1,TT1,NOVALUE,MP1,FWI,NOVALUE,NOVALUE,NOVALUE,NOVALUE
CFG731_0a72a71fe9181f4e,x731,CFG731_6e791fbe7ba5db5e,716,ONE_CHARACTERISTIC,1,stromSchaltbar,1,True,H,GP,ST,4,1,A,2,MN,NN,NOVALUE,IS1,TT1,NOVALUE,MP1,FWI,NOVALUE,NOVALUE,NOVALUE,NOVALUE
CFG731_77109fe4bede04e5,x731,CFG731_6e791fbe7ba5db5e,716,ONE_CHARACTERISTIC,1,binaerOpenColl_MP,1,True,H,GP,ST,4,1,A,2,MN,NN,CS1,IS1,TT1,NOVALUE,NOVALUE,FWI,NOVALUE,NOVALUE,NOVALUE,NOVALUE
CFG731_8861a7f574b706d0,x731,CFG731_6e791fbe7ba5db5e,716,TWO_CHARACTERISTIC,2,devCategory|dataInterface,1,True,G,GP,ST,4,1,A,2,MN,HS,CS1,IS1,TT1,NOVALUE,MP1,FWI,NOVALUE,NOVALUE,NOVALUE,NOVALUE
CFG731_71605a334da19ca3,x731,CFG731_6e791fbe7ba5db5e,716,TWO_CHARACTERISTIC,2,devCategory|stromSchaltbar,2,True,F,GP,ST,4,1,A,2,MN,NN,NOVALUE,IS1,TT1,NOVALUE,MP1,FWI,NOVALUE,NOVALUE,NOVALUE,NOVALUE
CFG731_cdcd417d66160689,x731,CFG731_6e791fbe7ba5db5e,716,TWO_CHARACTERISTIC,2,devCategory|stromSchaltbar,2,True,G,GP,ST,4,1,A,2,MN,NN,NOVALUE,IS1,TT1,NOVALUE,MP1,FWI,NOVALUE,NOVALUE,NOVALUE,NOVALUE
CFG731_72269b503700874e,x731,CFG731_6e791fbe7ba5db5e,716,TWO_CHARACTERISTIC,2,devCategory|stromSchaltbar,1,True,S,GP,ST,4,1,A,2,MN,NN,NOVALUE,IS1,TT1,NOVALUE,MP1,FWI,NOVALUE,NOVALUE,NOVALUE,NOVALUE
CFG731_5e5ad5db2756273d,x731,CFG731_6e791fbe7ba5db5e,716,TWO_CHARACTERISTIC,2,devCategory|stromEingaenge,2,True,G,GP,ST,4,1,A,2,MN,NN,CS1,NOVALUE,TT1,NOVALUE,MP1,FWI,NOVALUE,NOVALUE,NOVALUE,NOVALUE
CFG731_b7e47b5e3ac0c072,x731,CFG731_6e791fbe7ba5db5e,716,TWO_CHARACTERISTIC,2,devCategory|temperaturEingaenge,2,True,F,GP,ST,4,1,A,2,MN,NN,CS1,IS1,NOVALUE,NOVALUE,MP1,FWI,NOVALUE,NOVALUE,NOVALUE,NOVALUE
CFG731_e2f6a96fcd8c012c,x731,CFG731_6e791fbe7ba5db5e,716,TWO_CHARACTERISTIC,2,devCategory|temperaturEingaenge,2,True,G,GP,ST,4,1,A,2,MN,NN,CS1,IS1,NOVALUE,NOVALUE,MP1,FWI,NOVALUE,NOVALUE,NOVALUE,NOVALUE
CFG731_8ef93a1702c0f879,x731,CFG731_6e791fbe7ba5db5e,716,TWO_CHARACTERISTIC,2,devCategory|binaerOpenColl_MP,2,True,F,GP,ST,4,1,A,2,MN,NN,CS1,IS1,TT1,NOVALUE,NOVALUE,FWI,NOVALUE,NOVALUE,NOVALUE,NOVALUE
CFG731_f891cdda5e3d5e24,x731,CFG731_6e791fbe7ba5db5e,716,TWO_CHARACTERISTIC,2,devCategory|binaerOpenColl_MP,2,True,G,GP,ST,4,1,A,2,MN,NN,CS1,IS1,TT1,NOVALUE,NOVALUE,FWI,NOVALUE,NOVALUE,NOVALUE,NOVALUE
CFG731_35443b2ee17ecca9,x731,CFG731_6e791fbe7ba5db5e,716,TWO_CHARACTERISTIC,2,devCategory|binaerOpenColl_MP,1,True,S,GP,ST,4,1,A,2,MN,NN,CS1,IS1,TT1,NOVALUE,NOVALUE,FWI,NOVALUE,NOVALUE,NOVALUE,NOVALUE
CFG731_18302ca31fb8304e,x731,CFG731_6e791fbe7ba5db5e,716,TWO_CHARACTERISTIC,2,explosionApproval|binaerOpenColl_MP,1,True,H,GP,ST,4,1,F,2,MN,NN,CS1,IS1,TT1,NOVALUE,NOVALUE,FWI,NOVALUE,NOVALUE,NOVALUE,NOVALUE
CFG731_14ec1773441318c2,x731,CFG731_6e791fbe7ba5db5e,716,TWO_CHARACTERISTIC,2,dataInterface|binaerOpenColl_MP,1,True,H,GP,ST,4,1,A,2,MN,HS,CS1,IS1,TT1,NOVALUE,NOVALUE,FWI,NOVALUE,NOVALUE,NOVALUE,NOVALUE
CFG731_266c301b02fc4a52,x731,CFG731_6e791fbe7ba5db5e,716,TWO_CHARACTERISTIC,2,stromSchaltbar|binaerOpenColl_MP,2,True,H,GP,ST,4,1,A,2,MN,NN,NOVALUE,IS1,TT1,NOVALUE,NOVALUE,FWI,NOVALUE,NOVALUE,NOVALUE,NOVALUE
CFG731_2daad6eb4c93b72e,x731,CFG731_11a99741e1f7cce9,723,TWO_CHARACTERISTIC,2,devCategory|stromSchaltbar,1,True,G,GP,ST,4,1,A,2,MN,HS,NOVALUE,IS1,TT1,NOVALUE,MP1,FWI,NOVALUE,NOVALUE,NOVALUE,NOVALUE
CFG731_818b6f7496897923,x731,CFG731_11a99741e1f7cce9,723,TWO_CHARACTERISTIC,2,devCategory|stromEingaenge,2,True,G,GP,ST,4,1,A,2,MN,HS,CS1,NOVALUE,TT1,NOVALUE,MP1,FWI,NOVALUE,NOVALUE,NOVALUE,NOVALUE
CFG731_5cded878b0996b37,x731,CFG731_11a99741e1f7cce9,723,TWO_CHARACTERISTIC,2,devCategory|temperaturEingaenge,2,True,F,GP,ST,4,1,A,2,MN,HS,CS1,IS1,NOVALUE,NOVALUE,MP1,FWI,NOVALUE,NOVALUE,NOVALUE,NOVALUE
CFG731_146a68fc28dd6151,x731,CFG731_11a99741e1f7cce9,723,TWO_CHARACTERISTIC,2,devCategory|temperaturEingaenge,2,True,G,GP,ST,4,1,A,2,MN,HS,CS1,IS1,NOVALUE,NOVALUE,MP1,FWI,NOVALUE,NOVALUE,NOVALUE,NOVALUE
CFG731_1d489a53b1104e92,x731,CFG731_11a99741e1f7cce9,723,TWO_CHARACTERISTIC,2,devCategory|binaerOpenColl_MP,2,True,F,GP,ST,4,1,A,2,MN,HS,CS1,IS1,TT1,NOVALUE,NOVALUE,FWI,NOVALUE,NOVALUE,NOVALUE,NOVALUE
CFG731_d12519ec68a4bc78,x731,CFG731_11a99741e1f7cce9,723,TWO_CHARACTERISTIC,2,devCategory|binaerOpenColl_MP,2,True,G,GP,ST,4,1,A,2,MN,HS,CS1,IS1,TT1,NOVALUE,NOVALUE,FWI,NOVALUE,NOVALUE,NOVALUE,NOVALUE
CFG731_0064bc7bf2ed5868,x731,CFG731_11a99741e1f7cce9,723,TWO_CHARACTERISTIC,2,devCategory|binaerOpenColl_MP,1,True,S,GP,ST,4,1,A,2,MN,HS,CS1,IS1,TT1,NOVALUE,NOVALUE,FWI,NOVALUE,NOVALUE,NOVALUE,NOVALUE
CFG731_da757fc78485b6cc,x731,CFG731_11a99741e1f7cce9,723,TWO_CHARACTERISTIC,2,explosionApproval|binaerOpenColl_MP,1,True,H,GP,ST,4,1,F,2,MN,HS,CS1,IS1,TT1,NOVALUE,NOVALUE,FWI,NOVALUE,NOVALUE,NOVALUE,NOVALUE
CFG731_8299f59e6cf2c73f,x731,CFG731_11a99741e1f7cce9,723,TWO_CHARACTERISTIC,2,stromSchaltbar|binaerOpenColl_MP,1,True,H,GP,ST,4,1,A,2,MN,HS,NOVALUE,IS1,TT1,NOVALUE,NOVALUE,FWI,NOVALUE,NOVALUE,NOVALUE,NOVALUE
CFG731_f9c9157295f2439e,x731,CFG731_7765429ffa27b59a,725,TWO_CHARACTERISTIC,2,devCategory|stromEingaenge,2,True,F,GP,ST,4,1,A,2,MN,HS,NOVALUE,NOVALUE,TT1,NOVALUE,MP1,FWI,NOVALUE,NOVALUE,NOVALUE,NOVALUE
CFG731_e49068471b39264b,x731,CFG731_7765429ffa27b59a,725,TWO_CHARACTERISTIC,2,devCategory|stromEingaenge,2,True,G,GP,ST,4,1,A,2,MN,HS,NOVALUE,NOVALUE,TT1,NOVALUE,MP1,FWI,NOVALUE,NOVALUE,NOVALUE,NOVALUE
CFG731_8a33ad6b36ecf204,x731,CFG731_7765429ffa27b59a,725,TWO_CHARACTERISTIC,2,devCategory|temperaturEingaenge,2,True,F,GP,ST,4,1,A,2,MN,HS,NOVALUE,IS1,NOVALUE,NOVALUE,MP1,FWI,NOVALUE,NOVALUE,NOVALUE,NOVALUE
CFG731_6322b3f43f6d2364,x731,CFG731_7765429ffa27b59a,725,TWO_CHARACTERISTIC,2,devCategory|temperaturEingaenge,2,True,G,GP,ST,4,1,A,2,MN,HS,NOVALUE,IS1,NOVALUE,NOVALUE,MP1,FWI,NOVALUE,NOVALUE,NOVALUE,NOVALUE
CFG731_4e7092add20298f0,x731,CFG731_7765429ffa27b59a,725,TWO_CHARACTERISTIC,2,devCategory|binaerOpenColl_MP,2,True,F,GP,ST,4,1,A,2,MN,HS,NOVALUE,IS1,TT1,NOVALUE,NOVALUE,FWI,NOVALUE,NOVALUE,NOVALUE,NOVALUE
CFG731_e276d8a6b189cbb9,x731,CFG731_7765429ffa27b59a,725,TWO_CHARACTERISTIC,2,devCategory|binaerOpenColl_MP,2,True,G,GP,ST,4,1,A,2,MN,HS,NOVALUE,IS1,TT1,NOVALUE,NOVALUE,FWI,NOVALUE,NOVALUE,NOVALUE,NOVALUE
CFG731_5f07d1fd22503872,x731,CFG731_7765429ffa27b59a,725,TWO_CHARACTERISTIC,2,devCategory|binaerOpenColl_MP,1,True,S,GP,ST,4,1,A,2,MN,HS,NOVALUE,IS1,TT1,NOVALUE,NOVALUE,FWI,NOVALUE,NOVALUE,NOVALUE,NOVALUE
CFG731_99b0e8b3e87f779a,x731,CFG731_7765429ffa27b59a,725,TWO_CHARACTERISTIC,2,explosionApproval|binaerOpenColl_MP,1,True,H,GP,ST,4,1,F,2,MN,HS,NOVALUE,IS1,TT1,NOVALUE,NOVALUE,FWI,NOVALUE,NOVALUE,NOVALUE,NOVALUE
CFG731_c42374cc9dea3494,x731,CFG731_1b5b895b5e259903,726,ONE_CHARACTERISTIC,1,devCategory,1,True,G,GP,ST,4,1,A,2,MN,NN,CS1,IS1,TT1,MN1,NOVALUE,FWI,NOVALUE,NOVALUE,NOVALUE,NOVALUE
CFG731_9b8269a273f989f5,x731,CFG731_1b5b895b5e259903,726,ONE_CHARACTERISTIC,1,stromSchaltbar,1,True,H,GP,ST,4,1,A,2,MN,NN,NOVALUE,IS1,TT1,MN1,NOVALUE,FWI,NOVALUE,NOVALUE,NOVALUE,NOVALUE
CFG731_624f3002b3cf1e19,x731,CFG731_1b5b895b5e259903,726,TWO_CHARACTERISTIC,2,devCategory|explosionApproval,1,True,F,GP,ST,4,1,F,2,MN,NN,CS1,IS1,TT1,MN1,NOVALUE,FWI,NOVALUE,NOVALUE,NOVALUE,NOVALUE
CFG731_70576b93aef3bc09,x731,CFG731_1b5b895b5e259903,726,TWO_CHARACTERISTIC,2,devCategory|explosionApproval,1,True,G,GP,ST,4,1,F,2,MN,NN,CS1,IS1,TT1,MN1,NOVALUE,FWI,NOVALUE,NOVALUE,NOVALUE,NOVALUE
CFG731_b78dcee77beedbd4,x731,CFG731_1b5b895b5e259903,726,TWO_CHARACTERISTIC,2,devCategory|dataInterface,1,True,G,GP,ST,4,1,A,2,MN,HS,CS1,IS1,TT1,MN1,NOVALUE,FWI,NOVALUE,NOVALUE,NOVALUE,NOVALUE
CFG731_d0ecb3eeefd1c920,x731,CFG731_1b5b895b5e259903,726,TWO_CHARACTERISTIC,2,devCategory|stromSchaltbar,2,True,F,GP,ST,4,1,A,2,MN,NN,NOVALUE,IS1,TT1,MN1,NOVALUE,FWI,NOVALUE,NOVALUE,NOVALUE,NOVALUE
CFG731_62bc1adde436f069,x731,CFG731_1b5b895b5e259903,726,TWO_CHARACTERISTIC,2,devCategory|stromSchaltbar,2,True,G,GP,ST,4,1,A,2,MN,NN,NOVALUE,IS1,TT1,MN1,NOVALUE,FWI,NOVALUE,NOVALUE,NOVALUE,NOVALUE
CFG731_b9b5d9aed8259a39,x731,CFG731_1b5b895b5e259903,726,TWO_CHARACTERISTIC,2,devCategory|stromSchaltbar,1,True,S,GP,ST,4,1,A,2,MN,NN,NOVALUE,IS1,TT1,MN1,NOVALUE,FWI,NOVALUE,NOVALUE,NOVALUE,NOVALUE
CFG731_68ee0497ee504c7f,x731,CFG731_1b5b895b5e259903,726,TWO_CHARACTERISTIC,2,devCategory|stromEingaenge,2,True,G,GP,ST,4,1,A,2,MN,NN,CS1,NOVALUE,TT1,MN1,NOVALUE,FWI,NOVALUE,NOVALUE,NOVALUE,NOVALUE
CFG731_f34946d3a1b31c38,x731,CFG731_1b5b895b5e259903,726,TWO_CHARACTERISTIC,2,devCategory|temperaturEingaenge,2,True,F,GP,ST,4,1,A,2,MN,NN,CS1,IS1,NOVALUE,MN1,NOVALUE,FWI,NOVALUE,NOVALUE,NOVALUE,NOVALUE
CFG731_62dfce583d9c06f1,x731,CFG731_1b5b895b5e259903,726,TWO_CHARACTERISTIC,2,devCategory|temperaturEingaenge,2,True,G,GP,ST,4,1,A,2,MN,NN,CS1,IS1,NOVALUE,MN1,NOVALUE,FWI,NOVALUE,NOVALUE,NOVALUE,NOVALUE
CFG731_ccc4a8fc2e252268,x731,CFG731_1b5b895b5e259903,726,TWO_CHARACTERISTIC,2,explosionApproval|stromSchaltbar,1,True,H,GP,ST,4,1,F,2,MN,NN,NOVALUE,IS1,TT1,MN1,NOVALUE,FWI,NOVALUE,NOVALUE,NOVALUE,NOVALUE
CFG731_b8db8783f5774853,x731,CFG731_076125e960faba71,733,TWO_CHARACTERISTIC,2,devCategory|explosionApproval,1,True,F,GP,ST,4,1,F,2,MN,HS,CS1,IS1,TT1,MN1,NOVALUE,FWI,NOVALUE,NOVALUE,NOVALUE,NOVALUE
CFG731_91bf57c715e480a3,x731,CFG731_076125e960faba71,733,TWO_CHARACTERISTIC,2,devCategory|explosionApproval,1,True,G,GP,ST,4,1,F,2,MN,HS,CS1,IS1,TT1,MN1,NOVALUE,FWI,NOVALUE,NOVALUE,NOVALUE,NOVALUE
CFG731_52ce549ff41a9332,x731,CFG731_076125e960faba71,733,TWO_CHARACTERISTIC,2,devCategory|stromSchaltbar,1,True,G,GP,ST,4,1,A,2,MN,HS,NOVALUE,IS1,TT1,MN1,NOVALUE,FWI,NOVALUE,NOVALUE,NOVALUE,NOVALUE
CFG731_2280a2734a5a07b0,x731,CFG731_076125e960faba71,733,TWO_CHARACTERISTIC,2,devCategory|stromEingaenge,2,True,G,GP,ST,4,1,A,2,MN,HS,CS1,NOVALUE,TT1,MN1,NOVALUE,FWI,NOVALUE,NOVALUE,NOVALUE,NOVALUE
CFG731_c9f99492e564a888,x731,CFG731_076125e960faba71,733,TWO_CHARACTERISTIC,2,devCategory|temperaturEingaenge,2,True,F,GP,ST,4,1,A,2,MN,HS,CS1,IS1,NOVALUE,MN1,NOVALUE,FWI,NOVALUE,NOVALUE,NOVALUE,NOVALUE
CFG731_e3fb1c7106d0cf73,x731,CFG731_076125e960faba71,733,TWO_CHARACTERISTIC,2,devCategory|temperaturEingaenge,2,True,G,GP,ST,4,1,A,2,MN,HS,CS1,IS1,NOVALUE,MN1,NOVALUE,FWI,NOVALUE,NOVALUE,NOVALUE,NOVALUE
CFG731_5fdfadf8d25a697a,x731,CFG731_4ba013fed31fb45f,735,TWO_CHARACTERISTIC,2,devCategory|explosionApproval,1,True,F,GP,ST,4,1,F,2,MN,HS,NOVALUE,IS1,TT1,MN1,NOVALUE,FWI,NOVALUE,NOVALUE,NOVALUE,NOVALUE
CFG731_2205a8cc5d1ff08b,x731,CFG731_4ba013fed31fb45f,735,TWO_CHARACTERISTIC,2,devCategory|explosionApproval,1,True,G,GP,ST,4,1,F,2,MN,HS,NOVALUE,IS1,TT1,MN1,NOVALUE,FWI,NOVALUE,NOVALUE,NOVALUE,NOVALUE
CFG731_2ae6ccd85f4fafbe,x731,CFG731_4ba013fed31fb45f,735,TWO_CHARACTERISTIC,2,devCategory|stromEingaenge,2,True,F,GP,ST,4,1,A,2,MN,HS,NOVALUE,NOVALUE,TT1,MN1,NOVALUE,FWI,NOVALUE,NOVALUE,NOVALUE,NOVALUE
CFG731_eacfdb6c3a0828b6,x731,CFG731_4ba013fed31fb45f,735,TWO_CHARACTERISTIC,2,devCategory|stromEingaenge,2,True,G,GP,ST,4,1,A,2,MN,HS,NOVALUE,NOVALUE,TT1,MN1,NOVALUE,FWI,NOVALUE,NOVALUE,NOVALUE,NOVALUE
CFG731_5690130201345e77,x731,CFG731_4ba013fed31fb45f,735,TWO_CHARACTERISTIC,2,devCategory|temperaturEingaenge,2,True,F,GP,ST,4,1,A,2,MN,HS,NOVALUE,IS1,NOVALUE,MN1,NOVALUE,FWI,NOVALUE,NOVALUE,NOVALUE,NOVALUE
CFG731_5444319e6c3ad2b8,x731,CFG731_4ba013fed31fb45f,735,TWO_CHARACTERISTIC,2,devCategory|temperaturEingaenge,2,True,G,GP,ST,4,1,A,2,MN,HS,NOVALUE,IS1,NOVALUE,MN1,NOVALUE,FWI,NOVALUE,NOVALUE,NOVALUE,NOVALUE
CFG731_535c14b264b3c0e6,x731,CFG731_9a5bfa9148a9b604,736,TWO_CHARACTERISTIC,2,stromSchaltbar|binaerOpenColl_MP,2,True,S,GP,ST,4,1,N,N,MN,NN,NOVALUE,IS1,TT1,NOVALUE,NOVALUE,FWI,NOVALUE,NOVALUE,NOVALUE,NOVALUE
CFG731_5858277a5a994569,x731,CFG731_5e57a3f6d3b745b8,756,TWO_CHARACTERISTIC,2,explosionApproval|binaerOpenColl_MP,1,True,S,GP,ST,4,1,F,2,MN,NN,CS1,IS1,TT1,NOVALUE,NOVALUE,FWI,NOVALUE,NOVALUE,NOVALUE,NOVALUE
CFG731_5c36477cba8dc20c,x731,CFG731_5e57a3f6d3b745b8,756,TWO_CHARACTERISTIC,2,stromSchaltbar|binaerOpenColl_MP,2,True,S,GP,ST,4,1,A,2,MN,NN,NOVALUE,IS1,TT1,NOVALUE,NOVALUE,FWI,NOVALUE,NOVALUE,NOVALUE,NOVALUE
CFG731_5be5a82ac0b29989,x731,CFG731_f3fed379f1eb01f9,763,TWO_CHARACTERISTIC,2,explosionApproval|binaerOpenColl_MP,1,True,S,GP,ST,4,1,F,2,MN,HS,CS1,IS1,TT1,NOVALUE,NOVALUE,FWI,NOVALUE,NOVALUE,NOVALUE,NOVALUE
CFG731_703ec3e14f55366e,x731,CFG731_0a1a1c7c495ec1de,765,TWO_CHARACTERISTIC,2,explosionApproval|binaerOpenColl_MP,1,True,S,GP,ST,4,1,F,2,MN,HS,NOVALUE,IS1,TT1,NOVALUE,NOVALUE,FWI,NOVALUE,NOVALUE,NOVALUE,NOVALUE
CFG731_1434e7eedafa69d1,x731,CFG731_a92ad5294d9187e9,766,TWO_CHARACTERISTIC,2,explosionApproval|stromSchaltbar,1,True,S,GP,ST,4,1,F,2,MN,NN,NOVALUE,IS1,TT1,MN1,NOVALUE,FWI,NOVALUE,NOVALUE,NOVALUE,NOVALUE
CFG731_8029ba35dd7e7f95,x731,CFG731_2a8793475d827bb6,776,TWO_CHARACTERISTIC,2,devCategory|stromSchaltbar,2,True,G,GP,ST,4,1,F,2,MN,NN,NOVALUE,NOVALUE,TT1,MN1,NOVALUE,FWI,1,NOVALUE,1,NOVALUE
CFG731_c4624652272e5c9a,x731,CFG731_2a8793475d827bb6,776,TWO_CHARACTERISTIC,2,devCategory|binaerDigitalOpenColl_MN,2,True,G,GP,ST,4,1,F,2,MN,NN,CS1,NOVALUE,TT1,NOVALUE,NOVALUE,FWI,1,NOVALUE,1,NOVALUE
CFG731_29d0984f488e9adc,x731,CFG731_2a8793475d827bb6,776,TWO_CHARACTERISTIC,2,devCategory|dev_advMeterVerification,2,True,G,GP,ST,4,1,F,2,MN,NN,CS1,NOVALUE,TT1,MN1,NOVALUE,FWI,NOVALUE,NOVALUE,1,NOVALUE
CFG731_a357933666f8959a,x731,CFG731_2a8793475d827bb6,776,TWO_CHARACTERISTIC,2,devCategory|customUserFluid,2,True,G,GP,ST,4,1,F,2,MN,NN,CS1,NOVALUE,TT1,MN1,NOVALUE,FWI,1,NOVALUE,NOVALUE,NOVALUE
CFG731_235ee3a364b5b6ec,x731,CFG731_2a8793475d827bb6,776,TWO_CHARACTERISTIC,2,stromSchaltbar|binaerDigitalOpenColl_MN,2,True,F,GP,ST,4,1,F,2,MN,NN,NOVALUE,NOVALUE,TT1,NOVALUE,NOVALUE,FWI,1,NOVALUE,1,NOVALUE
CFG731_19b6d157394b1e2e,x731,CFG731_2a8793475d827bb6,776,TWO_CHARACTERISTIC,2,stromSchaltbar|dev_advMeterVerification,2,True,F,GP,ST,4,1,F,2,MN,NN,NOVALUE,NOVALUE,TT1,MN1,NOVALUE,FWI,NOVALUE,NOVALUE,1,NOVALUE
CFG731_cefd2bf82e346180,x731,CFG731_2a8793475d827bb6,776,TWO_CHARACTERISTIC,2,stromSchaltbar|customUserFluid,2,True,F,GP,ST,4,1,F,2,MN,NN,NOVALUE,NOVALUE,TT1,MN1,NOVALUE,FWI,1,NOVALUE,NOVALUE,NOVALUE
CFG731_b48a547ba9b64245,x731,CFG731_2a8793475d827bb6,776,TWO_CHARACTERISTIC,2,binaerDigitalOpenColl_MN|dev_advMeterVerification,2,True,F,GP,ST,4,1,F,2,MN,NN,CS1,NOVALUE,TT1,NOVALUE,NOVALUE,FWI,NOVALUE,NOVALUE,1,NOVALUE
CFG731_83e9c0e6efda4f42,x731,CFG731_2a8793475d827bb6,776,TWO_CHARACTERISTIC,2,binaerDigitalOpenColl_MN|customUserFluid,2,True,F,GP,ST,4,1,F,2,MN,NN,CS1,NOVALUE,TT1,NOVALUE,NOVALUE,FWI,1,NOVALUE,NOVALUE,NOVALUE
CFG731_086fcc478b89cea3,x731,CFG731_2a8793475d827bb6,776,TWO_CHARACTERISTIC,2,dev_advMeterVerification|customUserFluid,2,True,F,GP,ST,4,1,F,2,MN,NN,CS1,NOVALUE,TT1,MN1,NOVALUE,FWI,NOVALUE,NOVALUE,NOVALUE,NOVALUE
CFG731_2b0e71b27c6347dd,x731,CFG731_cf543b1c3927ab71,778,TWO_CHARACTERISTIC,2,devCategory|stromSchaltbar,2,True,G,GP,ST,4,1,F,2,MN,NN,NOVALUE,IS1,TT1,MN1,NOVALUE,FWI,1,NOVALUE,1,NOVALUE
CFG731_25e87ff6dc37a47d,x731,CFG731_cf543b1c3927ab71,778,TWO_CHARACTERISTIC,2,devCategory|temperaturEingaenge,2,True,G,GP,ST,4,1,F,2,MN,NN,CS1,IS1,NOVALUE,MN1,NOVALUE,FWI,1,NOVALUE,1,NOVALUE
CFG731_90c71d3135db57b4,x731,CFG731_cf543b1c3927ab71,778,TWO_CHARACTERISTIC,2,devCategory|binaerDigitalOpenColl_MN,2,True,G,GP,ST,4,1,F,2,MN,NN,CS1,IS1,TT1,NOVALUE,NOVALUE,FWI,1,NOVALUE,1,NOVALUE
CFG731_42ddab8bc60e655f,x731,CFG731_cf543b1c3927ab71,778,TWO_CHARACTERISTIC,2,devCategory|dev_advMeterVerification,2,True,G,GP,ST,4,1,F,2,MN,NN,CS1,IS1,TT1,MN1,NOVALUE,FWI,NOVALUE,NOVALUE,1,NOVALUE
CFG731_be0c62294ab7fb67,x731,CFG731_cf543b1c3927ab71,778,TWO_CHARACTERISTIC,2,devCategory|customUserFluid,2,True,G,GP,ST,4,1,F,2,MN,NN,CS1,IS1,TT1,MN1,NOVALUE,FWI,1,NOVALUE,NOVALUE,NOVALUE
CFG731_e34a6635bf5bc924,x731,CFG731_cf543b1c3927ab71,778,TWO_CHARACTERISTIC,2,stromSchaltbar|binaerDigitalOpenColl_MN,2,True,F,GP,ST,4,1,F,2,MN,NN,NOVALUE,IS1,TT1,NOVALUE,NOVALUE,FWI,1,NOVALUE,1,NOVALUE
CFG731_4e35929a3dd6931b,x731,CFG731_cf543b1c3927ab71,778,TWO_CHARACTERISTIC,2,stromSchaltbar|dev_advMeterVerification,2,True,F,GP,ST,4,1,F,2,MN,NN,NOVALUE,IS1,TT1,MN1,NOVALUE,FWI,NOVALUE,NOVALUE,1,NOVALUE
CFG731_4a3529e56644911e,x731,CFG731_cf543b1c3927ab71,778,TWO_CHARACTERISTIC,2,stromSchaltbar|customUserFluid,2,True,F,GP,ST,4,1,F,2,MN,NN,NOVALUE,IS1,TT1,MN1,NOVALUE,FWI,1,NOVALUE,NOVALUE,NOVALUE
CFG731_47162a0f80c4af7f,x731,CFG731_cf543b1c3927ab71,778,TWO_CHARACTERISTIC,2,temperaturEingaenge|binaerDigitalOpenColl_MN,2,True,F,GP,ST,4,1,F,2,MN,NN,CS1,IS1,NOVALUE,NOVALUE,NOVALUE,FWI,1,NOVALUE,1,NOVALUE
CFG731_70eca1c499fc63ad,x731,CFG731_cf543b1c3927ab71,778,TWO_CHARACTERISTIC,2,temperaturEingaenge|dev_advMeterVerification,2,True,F,GP,ST,4,1,F,2,MN,NN,CS1,IS1,NOVALUE,MN1,NOVALUE,FWI,NOVALUE,NOVALUE,1,NOVALUE
CFG731_5295cce3f56da3fa,x731,CFG731_cf543b1c3927ab71,778,TWO_CHARACTERISTIC,2,temperaturEingaenge|customUserFluid,2,True,F,GP,ST,4,1,F,2,MN,NN,CS1,IS1,NOVALUE,MN1,NOVALUE,FWI,1,NOVALUE,NOVALUE,NOVALUE
CFG731_d1e03b841ff38609,x731,CFG731_cf543b1c3927ab71,778,TWO_CHARACTERISTIC,2,binaerDigitalOpenColl_MN|dev_advMeterVerification,2,True,F,GP,ST,4,1,F,2,MN,NN,CS1,IS1,TT1,NOVALUE,NOVALUE,FWI,NOVALUE,NOVALUE,1,NOVALUE
CFG731_19319db7bf1eeafc,x731,CFG731_cf543b1c3927ab71,778,TWO_CHARACTERISTIC,2,binaerDigitalOpenColl_MN|customUserFluid,2,True,F,GP,ST,4,1,F,2,MN,NN,CS1,IS1,TT1,NOVALUE,NOVALUE,FWI,1,NOVALUE,NOVALUE,NOVALUE
CFG731_8945f258f7d4487d,x731,CFG731_d1da5666abd4ad3c,781,TWO_CHARACTERISTIC,2,devCategory|dataInterface,2,True,G,GP,ST,4,1,F,2,MN,HS,NOVALUE,IS1,NOVALUE,MN1,NOVALUE,FWI,1,NOVALUE,1,NOVALUE
CFG731_47d923b0ef4cb37c,x731,CFG731_d1da5666abd4ad3c,781,TWO_CHARACTERISTIC,2,devCategory|stromEingaenge,2,True,G,GP,ST,4,1,F,2,MN,NN,NOVALUE,NOVALUE,NOVALUE,MN1,NOVALUE,FWI,1,NOVALUE,1,NOVALUE
CFG731_38d0c9e19b65e7c8,x731,CFG731_d1da5666abd4ad3c,781,TWO_CHARACTERISTIC,2,devCategory|binaerDigitalOpenColl_MN,2,True,G,GP,ST,4,1,F,2,MN,NN,NOVALUE,IS1,NOVALUE,NOVALUE,NOVALUE,FWI,1,NOVALUE,1,NOVALUE
CFG731_28ed390fb80cb66f,x731,CFG731_d1da5666abd4ad3c,781,TWO_CHARACTERISTIC,2,devCategory|dev_advMeterVerification,2,True,G,GP,ST,4,1,F,2,MN,NN,NOVALUE,IS1,NOVALUE,MN1,NOVALUE,FWI,NOVALUE,NOVALUE,1,NOVALUE
CFG731_e9728aee6896fd85,x731,CFG731_d1da5666abd4ad3c,781,TWO_CHARACTERISTIC,2,devCategory|customUserFluid,2,True,G,GP,ST,4,1,F,2,MN,NN,NOVALUE,IS1,NOVALUE,MN1,NOVALUE,FWI,1,NOVALUE,NOVALUE,NOVALUE
CFG731_da1820f7d611c2b4,x731,CFG731_d1da5666abd4ad3c,781,TWO_CHARACTERISTIC,2,dataInterface|stromEingaenge,2,True,F,GP,ST,4,1,F,2,MN,HS,NOVALUE,NOVALUE,NOVALUE,MN1,NOVALUE,FWI,1,NOVALUE,1,NOVALUE
CFG731_da3075dcea9a4168,x731,CFG731_d1da5666abd4ad3c,781,TWO_CHARACTERISTIC,2,dataInterface|binaerDigitalOpenColl_MN,2,True,F,GP,ST,4,1,F,2,MN,HS,NOVALUE,IS1,NOVALUE,NOVALUE,NOVALUE,FWI,1,NOVALUE,1,NOVALUE
CFG731_6c40ed44c201c48a,x731,CFG731_d1da5666abd4ad3c,781,TWO_CHARACTERISTIC,2,dataInterface|dev_advMeterVerification,2,True,F,GP,ST,4,1,F,2,MN,HS,NOVALUE,IS1,NOVALUE,MN1,NOVALUE,FWI,NOVALUE,NOVALUE,1,NOVALUE
CFG731_65c8e8738cafe259,x731,CFG731_d1da5666abd4ad3c,781,TWO_CHARACTERISTIC,2,dataInterface|customUserFluid,2,True,F,GP,ST,4,1,F,2,MN,HS,NOVALUE,IS1,NOVALUE,MN1,NOVALUE,FWI,1,NOVALUE,NOVALUE,NOVALUE
CFG731_105efa7b55d5b559,x731,CFG731_d1da5666abd4ad3c,781,TWO_CHARACTERISTIC,2,stromEingaenge|binaerDigitalOpenColl_MN,2,True,F,GP,ST,4,1,F,2,MN,NN,NOVALUE,NOVALUE,NOVALUE,NOVALUE,NOVALUE,FWI,1,NOVALUE,1,NOVALUE
CFG731_07ba793c18baaa3c,x731,CFG731_d1da5666abd4ad3c,781,TWO_CHARACTERISTIC,2,stromEingaenge|dev_advMeterVerification,2,True,F,GP,ST,4,1,F,2,MN,NN,NOVALUE,NOVALUE,NOVALUE,MN1,NOVALUE,FWI,NOVALUE,NOVALUE,1,NOVALUE
CFG731_e80204f769a0da89,x731,CFG731_d1da5666abd4ad3c,781,TWO_CHARACTERISTIC,2,stromEingaenge|customUserFluid,2,True,F,GP,ST,4,1,F,2,MN,NN,NOVALUE,NOVALUE,NOVALUE,MN1,NOVALUE,FWI,1,NOVALUE,NOVALUE,NOVALUE
CFG731_38ae91744109d504,x731,CFG731_d1da5666abd4ad3c,781,TWO_CHARACTERISTIC,2,binaerDigitalOpenColl_MN|dev_advMeterVerification,2,True,F,GP,ST,4,1,F,2,MN,NN,NOVALUE,IS1,NOVALUE,NOVALUE,NOVALUE,FWI,NOVALUE,NOVALUE,1,NOVALUE
CFG731_647ba867c6617269,x731,CFG731_d1da5666abd4ad3c,781,TWO_CHARACTERISTIC,2,binaerDigitalOpenColl_MN|customUserFluid,2,True,F,GP,ST,4,1,F,2,MN,NN,NOVALUE,IS1,NOVALUE,NOVALUE,NOVALUE,FWI,1,NOVALUE,NOVALUE,NOVALUE
CFG731_ad8bb9ff6170362b,x731,CFG731_d1da5666abd4ad3c,781,TWO_CHARACTERISTIC,2,dev_advMeterVerification|customUserFluid,2,True,F,GP,ST,4,1,F,2,MN,NN,NOVALUE,IS1,NOVALUE,MN1,NOVALUE,FWI,NOVALUE,NOVALUE,NOVALUE,NOVALUE
CFG731_f6fe59d919686fa6,x731,CFG731_65b9beb5d5675c99,782,TWO_CHARACTERISTIC,2,devCategory|dataInterface,2,True,G,GP,ST,4,1,F,2,MN,HS,CS1,NOVALUE,NOVALUE,MN1,NOVALUE,FWI,1,NOVALUE,1,NOVALUE
CFG731_356d640b3a74df23,x731,CFG731_65b9beb5d5675c99,782,TWO_CHARACTERISTIC,2,devCategory|binaerDigitalOpenColl_MN,2,True,G,GP,ST,4,1,F,2,MN,NN,CS1,NOVALUE,NOVALUE,NOVALUE,NOVALUE,FWI,1,NOVALUE,1,NOVALUE
CFG731_06f69e28475c6364,x731,CFG731_65b9beb5d5675c99,782,TWO_CHARACTERISTIC,2,devCategory|dev_advMeterVerification,2,True,G,GP,ST,4,1,F,2,MN,NN,CS1,NOVALUE,NOVALUE,MN1,NOVALUE,FWI,NOVALUE,NOVALUE,1,NOVALUE
CFG731_0c61f0d97e912f12,x731,CFG731_65b9beb5d5675c99,782,TWO_CHARACTERISTIC,2,devCategory|customUserFluid,2,True,G,GP,ST,4,1,F,2,MN,NN,CS1,NOVALUE,NOVALUE,MN1,NOVALUE,FWI,1,NOVALUE,NOVALUE,NOVALUE
CFG731_97e2f3cb3a53a1eb,x731,CFG731_65b9beb5d5675c99,782,TWO_CHARACTERISTIC,2,dataInterface|binaerDigitalOpenColl_MN,2,True,F,GP,ST,4,1,F,2,MN,HS,CS1,NOVALUE,NOVALUE,NOVALUE,NOVALUE,FWI,1,NOVALUE,1,NOVALUE
CFG731_952a687c71f51b58,x731,CFG731_65b9beb5d5675c99,782,TWO_CHARACTERISTIC,2,dataInterface|dev_advMeterVerification,2,True,F,GP,ST,4,1,F,2,MN,HS,CS1,NOVALUE,NOVALUE,MN1,NOVALUE,FWI,NOVALUE,NOVALUE,1,NOVALUE
CFG731_8e992ea7120efb71,x731,CFG731_65b9beb5d5675c99,782,TWO_CHARACTERISTIC,2,dataInterface|customUserFluid,2,True,F,GP,ST,4,1,F,2,MN,HS,CS1,NOVALUE,NOVALUE,MN1,NOVALUE,FWI,1,NOVALUE,NOVALUE,NOVALUE
CFG731_c00eaf9c81d72629,x731,CFG731_65b9beb5d5675c99,782,TWO_CHARACTERISTIC,2,binaerDigitalOpenColl_MN|dev_advMeterVerification,2,True,F,GP,ST,4,1,F,2,MN,NN,CS1,NOVALUE,NOVALUE,NOVALUE,NOVALUE,FWI,NOVALUE,NOVALUE,1,NOVALUE
CFG731_3a443cba223b0ece,x731,CFG731_65b9beb5d5675c99,782,TWO_CHARACTERISTIC,2,binaerDigitalOpenColl_MN|customUserFluid,2,True,F,GP,ST,4,1,F,2,MN,NN,CS1,NOVALUE,NOVALUE,NOVALUE,NOVALUE,FWI,1,NOVALUE,NOVALUE,NOVALUE
CFG731_3ca1fb1d4c505668,x731,CFG731_65b9beb5d5675c99,782,TWO_CHARACTERISTIC,2,dev_advMeterVerification|customUserFluid,2,True,F,GP,ST,4,1,F,2,MN,NN,CS1,NOVALUE,NOVALUE,MN1,NOVALUE,FWI,NOVALUE,NOVALUE,NOVALUE,NOVALUE
CFG731_b3a4ad431e848c10,x731,CFG731_8eb1a4c3831aebc6,790,TWO_CHARACTERISTIC,2,devCategory|stromSchaltbar,2,True,G,GP,ST,4,1,F,2,MN,HS,NOVALUE,NOVALUE,TT1,MN1,NOVALUE,FWI,1,NOVALUE,1,NOVALUE
CFG731_96d353c7a2763a68,x731,CFG731_8eb1a4c3831aebc6,790,TWO_CHARACTERISTIC,2,devCategory|binaerDigitalOpenColl_MN,2,True,G,GP,ST,4,1,F,2,MN,HS,CS1,NOVALUE,TT1,NOVALUE,NOVALUE,FWI,1,NOVALUE,1,NOVALUE
CFG731_c557f7942427db50,x731,CFG731_8eb1a4c3831aebc6,790,TWO_CHARACTERISTIC,2,devCategory|dev_advMeterVerification,2,True,G,GP,ST,4,1,F,2,MN,HS,CS1,NOVALUE,TT1,MN1,NOVALUE,FWI,NOVALUE,NOVALUE,1,NOVALUE
CFG731_0b6f4eab30245487,x731,CFG731_8eb1a4c3831aebc6,790,TWO_CHARACTERISTIC,2,devCategory|customUserFluid,2,True,G,GP,ST,4,1,F,2,MN,HS,CS1,NOVALUE,TT1,MN1,NOVALUE,FWI,1,NOVALUE,NOVALUE,NOVALUE
CFG731_876915d8dbc63f02,x731,CFG731_8eb1a4c3831aebc6,790,TWO_CHARACTERISTIC,2,stromSchaltbar|binaerDigitalOpenColl_MN,2,True,F,GP,ST,4,1,F,2,MN,HS,NOVALUE,NOVALUE,TT1,NOVALUE,NOVALUE,FWI,1,NOVALUE,1,NOVALUE
CFG731_08ffcfcbe088e4e1,x731,CFG731_8eb1a4c3831aebc6,790,TWO_CHARACTERISTIC,2,stromSchaltbar|dev_advMeterVerification,2,True,F,GP,ST,4,1,F,2,MN,HS,NOVALUE,NOVALUE,TT1,MN1,NOVALUE,FWI,NOVALUE,NOVALUE,1,NOVALUE
CFG731_0fead8cd8c2621bf,x731,CFG731_8eb1a4c3831aebc6,790,TWO_CHARACTERISTIC,2,stromSchaltbar|customUserFluid,2,True,F,GP,ST,4,1,F,2,MN,HS,NOVALUE,NOVALUE,TT1,MN1,NOVALUE,FWI,1,NOVALUE,NOVALUE,NOVALUE
CFG731_ea3c48f599c7f089,x731,CFG731_8eb1a4c3831aebc6,790,TWO_CHARACTERISTIC,2,binaerDigitalOpenColl_MN|dev_advMeterVerification,2,True,F,GP,ST,4,1,F,2,MN,HS,CS1,NOVALUE,TT1,NOVALUE,NOVALUE,FWI,NOVALUE,NOVALUE,1,NOVALUE
CFG731_8325828aefc787ee,x731,CFG731_8eb1a4c3831aebc6,790,TWO_CHARACTERISTIC,2,binaerDigitalOpenColl_MN|customUserFluid,2,True,F,GP,ST,4,1,F,2,MN,HS,CS1,NOVALUE,TT1,NOVALUE,NOVALUE,FWI,1,NOVALUE,NOVALUE,NOVALUE
CFG731_254fa35e600445eb,x731,CFG731_8eb1a4c3831aebc6,790,TWO_CHARACTERISTIC,2,dev_advMeterVerification|customUserFluid,2,True,F,GP,ST,4,1,F,2,MN,HS,CS1,NOVALUE,TT1,MN1,NOVALUE,FWI,NOVALUE,NOVALUE,NOVALUE,NOVALUE
CFG731_9f3b16f6ad5aea9a,x731,CFG731_f97e51d1da57d99f,792,TWO_CHARACTERISTIC,2,devCategory|temperaturEingaenge,2,True,G,GP,ST,4,1,F,2,MN,HS,CS1,IS1,NOVALUE,MN1,NOVALUE,FWI,1,NOVALUE,1,NOVALUE
CFG731_a684128dd1134156,x731,CFG731_f97e51d1da57d99f,792,TWO_CHARACTERISTIC,2,devCategory|binaerDigitalOpenColl_MN,2,True,G,GP,ST,4,1,F,2,MN,HS,CS1,IS1,TT1,NOVALUE,NOVALUE,FWI,1,NOVALUE,1,NOVALUE
CFG731_9cc4d2424009fabe,x731,CFG731_f97e51d1da57d99f,792,TWO_CHARACTERISTIC,2,devCategory|dev_advMeterVerification,2,True,G,GP,ST,4,1,F,2,MN,HS,CS1,IS1,TT1,MN1,NOVALUE,FWI,NOVALUE,NOVALUE,1,NOVALUE
CFG731_0f55da12d8dcfe38,x731,CFG731_f97e51d1da57d99f,792,TWO_CHARACTERISTIC,2,devCategory|customUserFluid,2,True,G,GP,ST,4,1,F,2,MN,HS,CS1,IS1,TT1,MN1,NOVALUE,FWI,1,NOVALUE,NOVALUE,NOVALUE
CFG731_d937bddb9bd3972c,x731,CFG731_f97e51d1da57d99f,792,TWO_CHARACTERISTIC,2,temperaturEingaenge|binaerDigitalOpenColl_MN,2,True,F,GP,ST,4,1,F,2,MN,HS,CS1,IS1,NOVALUE,NOVALUE,NOVALUE,FWI,1,NOVALUE,1,NOVALUE
CFG731_558dd0ab3191e8ed,x731,CFG731_f97e51d1da57d99f,792,TWO_CHARACTERISTIC,2,temperaturEingaenge|dev_advMeterVerification,2,True,F,GP,ST,4,1,F,2,MN,HS,CS1,IS1,NOVALUE,MN1,NOVALUE,FWI,NOVALUE,NOVALUE,1,NOVALUE
CFG731_093bca44962ec73f,x731,CFG731_f97e51d1da57d99f,792,TWO_CHARACTERISTIC,2,temperaturEingaenge|customUserFluid,2,True,F,GP,ST,4,1,F,2,MN,HS,CS1,IS1,NOVALUE,MN1,NOVALUE,FWI,1,NOVALUE,NOVALUE,NOVALUE
CFG731_5a75a7e9ee8b038c,x731,CFG731_f97e51d1da57d99f,792,TWO_CHARACTERISTIC,2,binaerDigitalOpenColl_MN|dev_advMeterVerification,2,True,F,GP,ST,4,1,F,2,MN,HS,CS1,IS1,TT1,NOVALUE,NOVALUE,FWI,NOVALUE,NOVALUE,1,NOVALUE
CFG731_80121e8679a39441,x731,CFG731_f97e51d1da57d99f,792,TWO_CHARACTERISTIC,2,binaerDigitalOpenColl_MN|customUserFluid,2,True,F,GP,ST,4,1,F,2,MN,HS,CS1,IS1,TT1,NOVALUE,NOVALUE,FWI,1,NOVALUE,NOVALUE,NOVALUE
CFG731_2d75c413dea7052f,x731,CFG731_c52e06c2d714087a,794,TWO_CHARACTERISTIC,2,devCategory|binaerDigitalOpenColl_MN,2,True,G,GP,ST,4,1,F,2,MN,HS,NOVALUE,IS1,TT1,NOVALUE,NOVALUE,FWI,1,NOVALUE,1,NOVALUE
CFG731_021d224331997cfb,x731,CFG731_c52e06c2d714087a,794,TWO_CHARACTERISTIC,2,devCategory|dev_advMeterVerification,2,True,G,GP,ST,4,1,F,2,MN,HS,NOVALUE,IS1,TT1,MN1,NOVALUE,FWI,NOVALUE,NOVALUE,1,NOVALUE
CFG731_cd9c34c95776548b,x731,CFG731_c52e06c2d714087a,794,TWO_CHARACTERISTIC,2,devCategory|customUserFluid,2,True,G,GP,ST,4,1,F,2,MN,HS,NOVALUE,IS1,TT1,MN1,NOVALUE,FWI,1,NOVALUE,NOVALUE,NOVALUE
CFG731_5789f006b670582c,x731,CFG731_c52e06c2d714087a,794,TWO_CHARACTERISTIC,2,binaerDigitalOpenColl_MN|dev_advMeterVerification,2,True,F,GP,ST,4,1,F,2,MN,HS,NOVALUE,IS1,TT1,NOVALUE,NOVALUE,FWI,NOVALUE,NOVALUE,1,NOVALUE
CFG731_cdff804db4995f6d,x731,CFG731_c52e06c2d714087a,794,TWO_CHARACTERISTIC,2,binaerDigitalOpenColl_MN|customUserFluid,2,True,F,GP,ST,4,1,F,2,MN,HS,NOVALUE,IS1,TT1,NOVALUE,NOVALUE,FWI,1,NOVALUE,NOVALUE,NOVALUE
CFG731_d05c8278d6301e9d,x731,CFG731_784eb334d1d77ae7,795,TWO_CHARACTERISTIC,2,stromSchaltbar|binaerDigitalOpenColl_MN,2,True,G,GP,ST,4,1,F,2,MN,NN,NOVALUE,NOVALUE,TT1,NOVALUE,NOVALUE,FWI,1,1,1,NOVALUE
CFG731_d703d214eb21a460,x731,CFG731_784eb334d1d77ae7,795,TWO_CHARACTERISTIC,2,stromSchaltbar|dev_advMeterVerification,2,True,G,GP,ST,4,1,F,2,MN,NN,NOVALUE,NOVALUE,TT1,MN1,NOVALUE,FWI,NOVALUE,1,1,NOVALUE
CFG731_982a4d54401deb6f,x731,CFG731_784eb334d1d77ae7,795,TWO_CHARACTERISTIC,2,stromSchaltbar|customUserFluid,2,True,G,GP,ST,4,1,F,2,MN,NN,NOVALUE,NOVALUE,TT1,MN1,NOVALUE,FWI,1,1,NOVALUE,NOVALUE
CFG731_5f1d764b061d07d4,x731,CFG731_784eb334d1d77ae7,795,TWO_CHARACTERISTIC,2,binaerDigitalOpenColl_MN|dev_advMeterVerification,2,True,G,GP,ST,4,1,F,2,MN,NN,CS1,NOVALUE,TT1,NOVALUE,NOVALUE,FWI,NOVALUE,1,1,NOVALUE
CFG731_8e3d4830906758a4,x731,CFG731_784eb334d1d77ae7,795,TWO_CHARACTERISTIC,2,binaerDigitalOpenColl_MN|customUserFluid,2,True,G,GP,ST,4,1,F,2,MN,NN,CS1,NOVALUE,TT1,NOVALUE,NOVALUE,FWI,1,1,NOVALUE,NOVALUE
CFG731_88a00fe11d29b223,x731,CFG731_784eb334d1d77ae7,795,TWO_CHARACTERISTIC,2,dev_advMeterVerification|customUserFluid,2,True,G,GP,ST,4,1,F,2,MN,NN,CS1,NOVALUE,TT1,MN1,NOVALUE,FWI,NOVALUE,1,NOVALUE,NOVALUE
CFG731_ddbc59cfdb50b468,x731,CFG731_32a4bb12438a37ab,797,TWO_CHARACTERISTIC,2,stromSchaltbar|binaerDigitalOpenColl_MN,2,True,G,GP,ST,4,1,F,2,MN,NN,NOVALUE,IS1,TT1,NOVALUE,NOVALUE,FWI,1,1,1,NOVALUE
CFG731_86c00dd4f19d5e3a,x731,CFG731_32a4bb12438a37ab,797,TWO_CHARACTERISTIC,2,stromSchaltbar|dev_advMeterVerification,2,True,G,GP,ST,4,1,F,2,MN,NN,NOVALUE,IS1,TT1,MN1,NOVALUE,FWI,NOVALUE,1,1,NOVALUE
CFG731_fcc47cafb90b4e9b,x731,CFG731_32a4bb12438a37ab,797,TWO_CHARACTERISTIC,2,stromSchaltbar|customUserFluid,2,True,G,GP,ST,4,1,F,2,MN,NN,NOVALUE,IS1,TT1,MN1,NOVALUE,FWI,1,1,NOVALUE,NOVALUE
CFG731_728ccf4ac8943b17,x731,CFG731_32a4bb12438a37ab,797,TWO_CHARACTERISTIC,2,temperaturEingaenge|binaerDigitalOpenColl_MN,2,True,G,GP,ST,4,1,F,2,MN,NN,CS1,IS1,NOVALUE,NOVALUE,NOVALUE,FWI,1,1,1,NOVALUE
CFG731_d5538d9eeba9f2f8,x731,CFG731_32a4bb12438a37ab,797,TWO_CHARACTERISTIC,2,temperaturEingaenge|dev_advMeterVerification,2,True,G,GP,ST,4,1,F,2,MN,NN,CS1,IS1,NOVALUE,MN1,NOVALUE,FWI,NOVALUE,1,1,NOVALUE
CFG731_0e9d884147acf16a,x731,CFG731_32a4bb12438a37ab,797,TWO_CHARACTERISTIC,2,temperaturEingaenge|customUserFluid,2,True,G,GP,ST,4,1,F,2,MN,NN,CS1,IS1,NOVALUE,MN1,NOVALUE,FWI,1,1,NOVALUE,NOVALUE
CFG731_88cb619bd3d90e89,x731,CFG731_32a4bb12438a37ab,797,TWO_CHARACTERISTIC,2,binaerDigitalOpenColl_MN|dev_advMeterVerification,2,True,G,GP,ST,4,1,F,2,MN,NN,CS1,IS1,TT1,NOVALUE,NOVALUE,FWI,NOVALUE,1,1,NOVALUE
CFG731_8371fa69472a1501,x731,CFG731_32a4bb12438a37ab,797,TWO_CHARACTERISTIC,2,binaerDigitalOpenColl_MN|customUserFluid,2,True,G,GP,ST,4,1,F,2,MN,NN,CS1,IS1,TT1,NOVALUE,NOVALUE,FWI,1,1,NOVALUE,NOVALUE
CFG731_41bbf515b8b23b44,x731,CFG731_32a4bb12438a37ab,797,TWO_CHARACTERISTIC,2,dev_advMeterVerification|customUserFluid,2,True,G,GP,ST,4,1,F,2,MN,NN,CS1,IS1,TT1,MN1,NOVALUE,FWI,NOVALUE,1,NOVALUE,NOVALUE
CFG731_72fe206df86509f8,x731,CFG731_93048b37febc2c6d,800,TWO_CHARACTERISTIC,2,dataInterface|stromEingaenge,2,True,G,GP,ST,4,1,F,2,MN,HS,NOVALUE,NOVALUE,NOVALUE,MN1,NOVALUE,FWI,1,1,1,NOVALUE
CFG731_5ed193735e1217cd,x731,CFG731_93048b37febc2c6d,800,TWO_CHARACTERISTIC,2,dataInterface|binaerDigitalOpenColl_MN,2,True,G,GP,ST,4,1,F,2,MN,HS,NOVALUE,IS1,NOVALUE,NOVALUE,NOVALUE,FWI,1,1,1,NOVALUE
CFG731_775faa4448e6ee8d,x731,CFG731_93048b37febc2c6d,800,TWO_CHARACTERISTIC,2,dataInterface|dev_advMeterVerification,2,True,G,GP,ST,4,1,F,2,MN,HS,NOVALUE,IS1,NOVALUE,MN1,NOVALUE,FWI,NOVALUE,1,1,NOVALUE
CFG731_5e27f1fbc81eb72b,x731,CFG731_93048b37febc2c6d,800,TWO_CHARACTERISTIC,2,dataInterface|customUserFluid,2,True,G,GP,ST,4,1,F,2,MN,HS,NOVALUE,IS1,NOVALUE,MN1,NOVALUE,FWI,1,1,NOVALUE,NOVALUE
CFG731_66476d06ca690691,x731,CFG731_93048b37febc2c6d,800,TWO_CHARACTERISTIC,2,stromEingaenge|binaerDigitalOpenColl_MN,2,True,G,GP,ST,4,1,F,2,MN,NN,NOVALUE,NOVALUE,NOVALUE,NOVALUE,NOVALUE,FWI,1,1,1,NOVALUE
CFG731_0a144ba80fb8b6f6,x731,CFG731_93048b37febc2c6d,800,TWO_CHARACTERISTIC,2,stromEingaenge|dev_advMeterVerification,2,True,G,GP,ST,4,1,F,2,MN,NN,NOVALUE,NOVALUE,NOVALUE,MN1,NOVALUE,FWI,NOVALUE,1,1,NOVALUE
CFG731_bd79e68cb6f89e07,x731,CFG731_93048b37febc2c6d,800,TWO_CHARACTERISTIC,2,stromEingaenge|customUserFluid,2,True,G,GP,ST,4,1,F,2,MN,NN,NOVALUE,NOVALUE,NOVALUE,MN1,NOVALUE,FWI,1,1,NOVALUE,NOVALUE
CFG731_461b65559193c662,x731,CFG731_93048b37febc2c6d,800,TWO_CHARACTERISTIC,2,binaerDigitalOpenColl_MN|dev_advMeterVerification,2,True,G,GP,ST,4,1,F,2,MN,NN,NOVALUE,IS1,NOVALUE,NOVALUE,NOVALUE,FWI,NOVALUE,1,1,NOVALUE
CFG731_1574e6f98be47577,x731,CFG731_93048b37febc2c6d,800,TWO_CHARACTERISTIC,2,binaerDigitalOpenColl_MN|customUserFluid,2,True,G,GP,ST,4,1,F,2,MN,NN,NOVALUE,IS1,NOVALUE,NOVALUE,NOVALUE,FWI,1,1,NOVALUE,NOVALUE
CFG731_585833759bd53ea6,x731,CFG731_93048b37febc2c6d,800,TWO_CHARACTERISTIC,2,dev_advMeterVerification|customUserFluid,2,True,G,GP,ST,4,1,F,2,MN,NN,NOVALUE,IS1,NOVALUE,MN1,NOVALUE,FWI,NOVALUE,1,NOVALUE,NOVALUE
CFG731_550d755cbeee6b89,x731,CFG731_d3db38843cf9fb81,801,TWO_CHARACTERISTIC,2,dataInterface|binaerDigitalOpenColl_MN,2,True,G,GP,ST,4,1,F,2,MN,HS,CS1,NOVALUE,NOVALUE,NOVALUE,NOVALUE,FWI,1,1,1,NOVALUE
CFG731_40b8720ac0f59dc2,x731,CFG731_d3db38843cf9fb81,801,TWO_CHARACTERISTIC,2,dataInterface|dev_advMeterVerification,2,True,G,GP,ST,4,1,F,2,MN,HS,CS1,NOVALUE,NOVALUE,MN1,NOVALUE,FWI,NOVALUE,1,1,NOVALUE
CFG731_e22ca848bf42c1fb,x731,CFG731_d3db38843cf9fb81,801,TWO_CHARACTERISTIC,2,dataInterface|customUserFluid,2,True,G,GP,ST,4,1,F,2,MN,HS,CS1,NOVALUE,NOVALUE,MN1,NOVALUE,FWI,1,1,NOVALUE,NOVALUE
CFG731_e6013a0c81f254bf,x731,CFG731_d3db38843cf9fb81,801,TWO_CHARACTERISTIC,2,binaerDigitalOpenColl_MN|dev_advMeterVerification,2,True,G,GP,ST,4,1,F,2,MN,NN,CS1,NOVALUE,NOVALUE,NOVALUE,NOVALUE,FWI,NOVALUE,1,1,NOVALUE
CFG731_5e17a061e8721fcd,x731,CFG731_d3db38843cf9fb81,801,TWO_CHARACTERISTIC,2,binaerDigitalOpenColl_MN|customUserFluid,2,True,G,GP,ST,4,1,F,2,MN,NN,CS1,NOVALUE,NOVALUE,NOVALUE,NOVALUE,FWI,1,1,NOVALUE,NOVALUE
CFG731_955810cc40267141,x731,CFG731_d3db38843cf9fb81,801,TWO_CHARACTERISTIC,2,dev_advMeterVerification|customUserFluid,2,True,G,GP,ST,4,1,F,2,MN,NN,CS1,NOVALUE,NOVALUE,MN1,NOVALUE,FWI,NOVALUE,1,NOVALUE,NOVALUE
CFG731_e6347d1013395849,x731,CFG731_12d9cb8d41e8f486,809,TWO_CHARACTERISTIC,2,stromSchaltbar|binaerDigitalOpenColl_MN,2,True,G,GP,ST,4,1,F,2,MN,HS,NOVALUE,NOVALUE,TT1,NOVALUE,NOVALUE,FWI,1,1,1,NOVALUE
CFG731_bf623a3fc4d39d84,x731,CFG731_12d9cb8d41e8f486,809,TWO_CHARACTERISTIC,2,stromSchaltbar|dev_advMeterVerification,2,True,G,GP,ST,4,1,F,2,MN,HS,NOVALUE,NOVALUE,TT1,MN1,NOVALUE,FWI,NOVALUE,1,1,NOVALUE
CFG731_796968b0fc15dc7f,x731,CFG731_12d9cb8d41e8f486,809,TWO_CHARACTERISTIC,2,stromSchaltbar|customUserFluid,2,True,G,GP,ST,4,1,F,2,MN,HS,NOVALUE,NOVALUE,TT1,MN1,NOVALUE,FWI,1,1,NOVALUE,NOVALUE
CFG731_6afdb632dafe4390,x731,CFG731_12d9cb8d41e8f486,809,TWO_CHARACTERISTIC,2,binaerDigitalOpenColl_MN|dev_advMeterVerification,2,True,G,GP,ST,4,1,F,2,MN,HS,CS1,NOVALUE,TT1,NOVALUE,NOVALUE,FWI,NOVALUE,1,1,NOVALUE
CFG731_54c49f2cbed088f3,x731,CFG731_12d9cb8d41e8f486,809,TWO_CHARACTERISTIC,2,binaerDigitalOpenColl_MN|customUserFluid,2,True,G,GP,ST,4,1,F,2,MN,HS,CS1,NOVALUE,TT1,NOVALUE,NOVALUE,FWI,1,1,NOVALUE,NOVALUE
CFG731_6428195352d6a591,x731,CFG731_12d9cb8d41e8f486,809,TWO_CHARACTERISTIC,2,dev_advMeterVerification|customUserFluid,2,True,G,GP,ST,4,1,F,2,MN,HS,CS1,NOVALUE,TT1,MN1,NOVALUE,FWI,NOVALUE,1,NOVALUE,NOVALUE
CFG731_975d9dc31c88eee5,x731,CFG731_8f470181ad32eeae,811,TWO_CHARACTERISTIC,2,temperaturEingaenge|binaerDigitalOpenColl_MN,2,True,G,GP,ST,4,1,F,2,MN,HS,CS1,IS1,NOVALUE,NOVALUE,NOVALUE,FWI,1,1,1,NOVALUE
CFG731_086fd80ddda137ee,x731,CFG731_8f470181ad32eeae,811,TWO_CHARACTERISTIC,2,temperaturEingaenge|dev_advMeterVerification,2,True,G,GP,ST,4,1,F,2,MN,HS,CS1,IS1,NOVALUE,MN1,NOVALUE,FWI,NOVALUE,1,1,NOVALUE
CFG731_377b5b4a8356fe8f,x731,CFG731_8f470181ad32eeae,811,TWO_CHARACTERISTIC,2,temperaturEingaenge|customUserFluid,2,True,G,GP,ST,4,1,F,2,MN,HS,CS1,IS1,NOVALUE,MN1,NOVALUE,FWI,1,1,NOVALUE,NOVALUE
CFG731_4b7f2cba3cb67912,x731,CFG731_8f470181ad32eeae,811,TWO_CHARACTERISTIC,2,binaerDigitalOpenColl_MN|dev_advMeterVerification,2,True,G,GP,ST,4,1,F,2,MN,HS,CS1,IS1,TT1,NOVALUE,NOVALUE,FWI,NOVALUE,1,1,NOVALUE
CFG731_74da73b8951ab4f1,x731,CFG731_8f470181ad32eeae,811,TWO_CHARACTERISTIC,2,binaerDigitalOpenColl_MN|customUserFluid,2,True,G,GP,ST,4,1,F,2,MN,HS,CS1,IS1,TT1,NOVALUE,NOVALUE,FWI,1,1,NOVALUE,NOVALUE
CFG731_ff00b4ec643913d9,x731,CFG731_8f470181ad32eeae,811,TWO_CHARACTERISTIC,2,dev_advMeterVerification|customUserFluid,2,True,G,GP,ST,4,1,F,2,MN,HS,CS1,IS1,TT1,MN1,NOVALUE,FWI,NOVALUE,1,NOVALUE,NOVALUE
CFG731_cbc0c70c6c20b6e9,x731,CFG731_88a813121973f952,813,TWO_CHARACTERISTIC,2,binaerDigitalOpenColl_MN|dev_advMeterVerification,2,True,G,GP,ST,4,1,F,2,MN,HS,NOVALUE,IS1,TT1,NOVALUE,NOVALUE,FWI,NOVALUE,1,1,NOVALUE
CFG731_0ee5d1627cfddbbd,x731,CFG731_88a813121973f952,813,TWO_CHARACTERISTIC,2,binaerDigitalOpenColl_MN|customUserFluid,2,True,G,GP,ST,4,1,F,2,MN,HS,NOVALUE,IS1,TT1,NOVALUE,NOVALUE,FWI,1,1,NOVALUE,NOVALUE
CFG731_341c747ed8aff14e,x731,CFG731_88a813121973f952,813,TWO_CHARACTERISTIC,2,dev_advMeterVerification|customUserFluid,2,True,G,GP,ST,4,1,F,2,MN,HS,NOVALUE,IS1,TT1,MN1,NOVALUE,FWI,NOVALUE,1,NOVALUE,NOVALUE
CFG731_ee92e394f968eb60,x731,CFG731_ac0f372c930c2e22,814,TWO_CHARACTERISTIC,2,devCategory|stromSchaltbar,2,True,F,GP,ST,4,1,F,2,MN,NN,NOVALUE,IS1,TT1,MN1,NOVALUE,FWI,NOVALUE,NOVALUE,NOVALUE,NOVALUE
CFG731_f38bb81daeb191ad,x731,CFG731_ac0f372c930c2e22,814,TWO_CHARACTERISTIC,2,devCategory|stromSchaltbar,2,True,G,GP,ST,4,1,F,2,MN,NN,NOVALUE,IS1,TT1,MN1,NOVALUE,FWI,NOVALUE,NOVALUE,NOVALUE,NOVALUE
CFG731_01eb437b382a3f4e,x731,CFG731_ac0f372c930c2e22,814,TWO_CHARACTERISTIC,2,devCategory|stromEingaenge,2,True,G,GP,ST,4,1,F,2,MN,NN,CS1,NOVALUE,TT1,MN1,NOVALUE,FWI,NOVALUE,NOVALUE,NOVALUE,NOVALUE
CFG731_276d155ab133981f,x731,CFG731_ac0f372c930c2e22,814,TWO_CHARACTERISTIC,2,devCategory|temperaturEingaenge,2,True,F,GP,ST,4,1,F,2,MN,NN,CS1,IS1,NOVALUE,MN1,NOVALUE,FWI,NOVALUE,NOVALUE,NOVALUE,NOVALUE
CFG731_0a2ea4f127540f62,x731,CFG731_ac0f372c930c2e22,814,TWO_CHARACTERISTIC,2,devCategory|temperaturEingaenge,2,True,G,GP,ST,4,1,F,2,MN,NN,CS1,IS1,NOVALUE,MN1,NOVALUE,FWI,NOVALUE,NOVALUE,NOVALUE,NOVALUE
CFG731_734ca6c628733962,x731,CFG731_ac0f372c930c2e22,814,TWO_CHARACTERISTIC,2,devCategory|binaerDigitalOpenColl_MN,2,True,F,GP,ST,4,1,F,2,MN,NN,CS1,IS1,TT1,NOVALUE,NOVALUE,FWI,NOVALUE,NOVALUE,NOVALUE,NOVALUE
CFG731_2ebbf4a98587cf3c,x731,CFG731_ac0f372c930c2e22,814,TWO_CHARACTERISTIC,2,devCategory|binaerDigitalOpenColl_MN,2,True,G,GP,ST,4,1,F,2,MN,NN,CS1,IS1,TT1,NOVALUE,NOVALUE,FWI,NOVALUE,NOVALUE,NOVALUE,NOVALUE
CFG731_a8ca5ac073adb7f3,x731,CFG731_ac0f372c930c2e22,814,TWO_CHARACTERISTIC,2,stromSchaltbar|binaerDigitalOpenColl_MN,2,True,H,GP,ST,4,1,F,2,MN,NN,NOVALUE,IS1,TT1,NOVALUE,NOVALUE,FWI,NOVALUE,NOVALUE,NOVALUE,NOVALUE
CFG731_dcac95313091f4e3,x731,CFG731_72e5000522fb6a51,821,TWO_CHARACTERISTIC,2,devCategory|stromEingaenge,2,True,G,GP,ST,4,1,F,2,MN,HS,CS1,NOVALUE,TT1,MN1,NOVALUE,FWI,NOVALUE,NOVALUE,NOVALUE,NOVALUE
CFG731_e4b962ba85822876,x731,CFG731_72e5000522fb6a51,821,TWO_CHARACTERISTIC,2,devCategory|temperaturEingaenge,2,True,F,GP,ST,4,1,F,2,MN,HS,CS1,IS1,NOVALUE,MN1,NOVALUE,FWI,NOVALUE,NOVALUE,NOVALUE,NOVALUE
CFG731_98e30468f83e5da1,x731,CFG731_72e5000522fb6a51,821,TWO_CHARACTERISTIC,2,devCategory|temperaturEingaenge,2,True,G,GP,ST,4,1,F,2,MN,HS,CS1,IS1,NOVALUE,MN1,NOVALUE,FWI,NOVALUE,NOVALUE,NOVALUE,NOVALUE
CFG731_f3b6652870fca8db,x731,CFG731_72e5000522fb6a51,821,TWO_CHARACTERISTIC,2,devCategory|binaerDigitalOpenColl_MN,2,True,F,GP,ST,4,1,F,2,MN,HS,CS1,IS1,TT1,NOVALUE,NOVALUE,FWI,NOVALUE,NOVALUE,NOVALUE,NOVALUE
CFG731_358ac22d6ee51fa1,x731,CFG731_72e5000522fb6a51,821,TWO_CHARACTERISTIC,2,devCategory|binaerDigitalOpenColl_MN,2,True,G,GP,ST,4,1,F,2,MN,HS,CS1,IS1,TT1,NOVALUE,NOVALUE,FWI,NOVALUE,NOVALUE,NOVALUE,NOVALUE
CFG731_a165824f6881d970,x731,CFG731_5cae68c0a1d5db32,823,TWO_CHARACTERISTIC,2,devCategory|stromEingaenge,2,True,F,GP,ST,4,1,F,2,MN,HS,NOVALUE,NOVALUE,TT1,MN1,NOVALUE,FWI,NOVALUE,NOVALUE,NOVALUE,NOVALUE
CFG731_391be353bfd85169,x731,CFG731_5cae68c0a1d5db32,823,TWO_CHARACTERISTIC,2,devCategory|stromEingaenge,2,True,G,GP,ST,4,1,F,2,MN,HS,NOVALUE,NOVALUE,TT1,MN1,NOVALUE,FWI,NOVALUE,NOVALUE,NOVALUE,NOVALUE
CFG731_11e2e85a554f19ad,x731,CFG731_5cae68c0a1d5db32,823,TWO_CHARACTERISTIC,2,devCategory|temperaturEingaenge,2,True,F,GP,ST,4,1,F,2,MN,HS,NOVALUE,IS1,NOVALUE,MN1,NOVALUE,FWI,NOVALUE,NOVALUE,NOVALUE,NOVALUE
CFG731_a71eb2aa4150d540,x731,CFG731_5cae68c0a1d5db32,823,TWO_CHARACTERISTIC,2,devCategory|temperaturEingaenge,2,True,G,GP,ST,4,1,F,2,MN,HS,NOVALUE,IS1,NOVALUE,MN1,NOVALUE,FWI,NOVALUE,NOVALUE,NOVALUE,NOVALUE
CFG731_b88085a260136181,x731,CFG731_5cae68c0a1d5db32,823,TWO_CHARACTERISTIC,2,devCategory|binaerDigitalOpenColl_MN,2,True,F,GP,ST,4,1,F,2,MN,HS,NOVALUE,IS1,TT1,NOVALUE,NOVALUE,FWI,NOVALUE,NOVALUE,NOVALUE,NOVALUE
CFG731_b46ee61929f1dcd2,x731,CFG731_5cae68c0a1d5db32,823,TWO_CHARACTERISTIC,2,devCategory|binaerDigitalOpenColl_MN,2,True,G,GP,ST,4,1,F,2,MN,HS,NOVALUE,IS1,TT1,NOVALUE,NOVALUE,FWI,NOVALUE,NOVALUE,NOVALUE,NOVALUE
CFG731_2e3a239679b68afe,x731,CFG731_1147f9711c4bff84,824,TWO_CHARACTERISTIC,2,stromSchaltbar|binaerDigitalOpenColl_MN,2,True,S,GP,ST,4,1,F,2,MN,NN,NOVALUE,IS1,TT1,NOVALUE,NOVALUE,FWI,NOVALUE,NOVALUE,NOVALUE,NOVALUE
CFG731_ce73505aa0a7cffb,x731,CFG731_f1614000023c2800,844,ONE_CHARACTERISTIC,1,devCategory,1,True,G,GP,ST,1,1,K,2,NN,NN,CS1,NOVALUE,TT1,NOVALUE,MP1,FWI,1,NOVALUE,1,NOVALUE
CFG731_9971cd69c2dff5af,x731,CFG731_f1614000023c2800,844,ONE_CHARACTERISTIC,1,powerSupply,1,True,F,GP,ST,4,1,K,2,NN,NN,CS1,NOVALUE,TT1,NOVALUE,MP1,FWI,1,NOVALUE,1,NOVALUE
CFG731_398f0644f18e0acf,x731,CFG731_f1614000023c2800,844,ONE_CHARACTERISTIC,1,stromSchaltbar,1,True,F,GP,ST,1,1,K,2,NN,NN,NOVALUE,NOVALUE,TT1,NOVALUE,MP1,FWI,1,NOVALUE,1,NOVALUE
CFG731_3d79b5ed69541acc,x731,CFG731_f1614000023c2800,844,ONE_CHARACTERISTIC,1,binaerOpenColl_MP,1,True,F,GP,ST,1,1,K,2,NN,NN,CS1,NOVALUE,TT1,NOVALUE,NOVALUE,FWI,1,NOVALUE,1,NOVALUE
CFG731_19fea73c0791924a,x731,CFG731_f1614000023c2800,844,ONE_CHARACTERISTIC,1,dev_advMeterVerification,1,True,F,GP,ST,1,1,K,2,NN,NN,CS1,NOVALUE,TT1,NOVALUE,MP1,FWI,NOVALUE,NOVALUE,1,NOVALUE
CFG731_b4ae6be198effc31,x731,CFG731_f1614000023c2800,844,ONE_CHARACTERISTIC,1,customUserFluid,1,True,F,GP,ST,1,1,K,2,NN,NN,CS1,NOVALUE,TT1,NOVALUE,MP1,FWI,1,NOVALUE,NOVALUE,NOVALUE
CFG731_7eb5b2d6a16dd3a3,x731,CFG731_f1614000023c2800,844,DEPENDENCY_TWO_CHARACTERISTIC,2,stromEingaenge|temperaturEingaenge,1,True,F,GP,ST,1,1,K,2,NN,NN,CS1,IS1,NOVALUE,NOVALUE,MP1,FWI,1,NOVALUE,1,NOVALUE
CFG731_d47fa87df22e968e,x731,CFG731_f1614000023c2800,844,DEPENDENCY_TWO_CHARACTERISTIC,2,stromSchaltbar|stromEingaenge,1,True,F,GP,ST,1,1,K,2,NN,NN,NOVALUE,IS1,TT1,NOVALUE,MP1,FWI,1,NOVALUE,1,NOVALUE
CFG731_8ce087647633b913,x731,CFG731_f1614000023c2800,844,DEPENDENCY_TWO_CHARACTERISTIC,2,stromSchaltbar|temperaturEingaenge,1,True,F,GP,ST,1,1,K,2,NN,NN,NOVALUE,NOVALUE,NOVALUE,NOVALUE,MP1,FWI,1,NOVALUE,1,NOVALUE
CFG731_7443fdee60a83b8a,x731,CFG731_f1614000023c2800,844,TWO_CHARACTERISTIC,2,devCategory|powerSupply,2,True,G,GP,ST,4,1,K,2,NN,NN,CS1,NOVALUE,TT1,NOVALUE,MP1,FWI,1,NOVALUE,1,NOVALUE
CFG731_efe7d506dfc3e037,x731,CFG731_f1614000023c2800,844,TWO_CHARACTERISTIC,2,devCategory|dataInterface,1,True,G,GP,ST,1,1,K,2,NN,HS,CS1,NOVALUE,TT1,NOVALUE,MP1,FWI,1,NOVALUE,1,NOVALUE
CFG731_ade755d80d357018,x731,CFG731_f1614000023c2800,844,TWO_CHARACTERISTIC,2,devCategory|stromSchaltbar,2,True,G,GP,ST,1,1,K,2,NN,NN,NOVALUE,NOVALUE,TT1,NOVALUE,MP1,FWI,1,NOVALUE,1,NOVALUE
CFG731_a5c5e0f40e3e1125,x731,CFG731_f1614000023c2800,844,TWO_CHARACTERISTIC,2,devCategory|stromEingaenge,1,True,G,GP,ST,1,1,K,2,NN,NN,CS1,IS1,TT1,NOVALUE,MP1,FWI,1,NOVALUE,1,NOVALUE
CFG731_f4e451f0b68379ff,x731,CFG731_f1614000023c2800,844,TWO_CHARACTERISTIC,2,devCategory|temperaturEingaenge,1,True,G,GP,ST,1,1,K,2,NN,NN,CS1,NOVALUE,NOVALUE,NOVALUE,MP1,FWI,1,NOVALUE,1,NOVALUE
CFG731_cd907466ae420427,x731,CFG731_f1614000023c2800,844,TWO_CHARACTERISTIC,2,devCategory|binaerOpenColl_MP,2,True,G,GP,ST,1,1,K,2,NN,NN,CS1,NOVALUE,TT1,NOVALUE,NOVALUE,FWI,1,NOVALUE,1,NOVALUE
CFG731_3bddc8e8c36f22b2,x731,CFG731_f1614000023c2800,844,TWO_CHARACTERISTIC,2,devCategory|dev_advMeterVerification,2,True,G,GP,ST,1,1,K,2,NN,NN,CS1,NOVALUE,TT1,NOVALUE,MP1,FWI,NOVALUE,NOVALUE,1,NOVALUE
CFG731_f1966ea0461e679e,x731,CFG731_f1614000023c2800,844,TWO_CHARACTERISTIC,2,devCategory|customUserFluid,2,True,G,GP,ST,1,1,K,2,NN,NN,CS1,NOVALUE,TT1,NOVALUE,MP1,FWI,1,NOVALUE,NOVALUE,NOVALUE
CFG731_b3cfbf098adc5bc3,x731,CFG731_f1614000023c2800,844,TWO_CHARACTERISTIC,2,powerSupply|dataInterface,1,True,F,GP,ST,4,1,K,2,NN,HS,CS1,NOVALUE,TT1,NOVALUE,MP1,FWI,1,NOVALUE,1,NOVALUE
CFG731_430d427283edc11a,x731,CFG731_f1614000023c2800,844,TWO_CHARACTERISTIC,2,powerSupply|stromSchaltbar,2,True,F,GP,ST,4,1,K,2,NN,NN,NOVALUE,NOVALUE,TT1,NOVALUE,MP1,FWI,1,NOVALUE,1,NOVALUE
CFG731_086adbe1d654b214,x731,CFG731_f1614000023c2800,844,TWO_CHARACTERISTIC,2,powerSupply|stromEingaenge,1,True,F,GP,ST,4,1,K,2,NN,NN,CS1,IS1,TT1,NOVALUE,MP1,FWI,1,NOVALUE,1,NOVALUE
CFG731_960e69befde5f9f6,x731,CFG731_f1614000023c2800,844,TWO_CHARACTERISTIC,2,powerSupply|temperaturEingaenge,1,True,F,GP,ST,4,1,K,2,NN,NN,CS1,NOVALUE,NOVALUE,NOVALUE,MP1,FWI,1,NOVALUE,1,NOVALUE
CFG731_7b19d07ff8f2ff26,x731,CFG731_f1614000023c2800,844,TWO_CHARACTERISTIC,2,powerSupply|binaerOpenColl_MP,2,True,F,GP,ST,4,1,K,2,NN,NN,CS1,NOVALUE,TT1,NOVALUE,NOVALUE,FWI,1,NOVALUE,1,NOVALUE
CFG731_24a273924830834b,x731,CFG731_f1614000023c2800,844,TWO_CHARACTERISTIC,2,powerSupply|dev_advMeterVerification,2,True,F,GP,ST,4,1,K,2,NN,NN,CS1,NOVALUE,TT1,NOVALUE,MP1,FWI,NOVALUE,NOVALUE,1,NOVALUE
CFG731_317c525cc440a768,x731,CFG731_f1614000023c2800,844,TWO_CHARACTERISTIC,2,powerSupply|customUserFluid,2,True,F,GP,ST,4,1,K,2,NN,NN,CS1,NOVALUE,TT1,NOVALUE,MP1,FWI,1,NOVALUE,NOVALUE,NOVALUE
CFG731_184ec550d64fe37e,x731,CFG731_f1614000023c2800,844,TWO_CHARACTERISTIC,2,dataInterface|stromSchaltbar,1,True,F,GP,ST,1,1,K,2,NN,HS,NOVALUE,NOVALUE,TT1,NOVALUE,MP1,FWI,1,NOVALUE,1,NOVALUE
CFG731_cd2c42ff94157355,x731,CFG731_f1614000023c2800,844,TWO_CHARACTERISTIC,2,dataInterface|temperaturEingaenge,1,True,F,GP,ST,1,1,K,2,NN,HS,CS1,NOVALUE,NOVALUE,NOVALUE,MP1,FWI,1,NOVALUE,1,NOVALUE
CFG731_bc44b976047843f7,x731,CFG731_f1614000023c2800,844,TWO_CHARACTERISTIC,2,dataInterface|binaerOpenColl_MP,1,True,F,GP,ST,1,1,K,2,NN,HS,CS1,NOVALUE,TT1,NOVALUE,NOVALUE,FWI,1,NOVALUE,1,NOVALUE
CFG731_04aa33369bb9026b,x731,CFG731_f1614000023c2800,844,TWO_CHARACTERISTIC,2,dataInterface|dev_advMeterVerification,1,True,F,GP,ST,1,1,K,2,NN,HS,CS1,NOVALUE,TT1,NOVALUE,MP1,FWI,NOVALUE,NOVALUE,1,NOVALUE
CFG731_8dce852d16146529,x731,CFG731_f1614000023c2800,844,TWO_CHARACTERISTIC,2,dataInterface|customUserFluid,1,True,F,GP,ST,1,1,K,2,NN,HS,CS1,NOVALUE,TT1,NOVALUE,MP1,FWI,1,NOVALUE,NOVALUE,NOVALUE
CFG731_78ea99817ca8be6a,x731,CFG731_f1614000023c2800,844,TWO_CHARACTERISTIC,2,stromSchaltbar|binaerOpenColl_MP,2,True,F,GP,ST,1,1,K,2,NN,NN,NOVALUE,NOVALUE,TT1,NOVALUE,NOVALUE,FWI,1,NOVALUE,1,NOVALUE
CFG731_cc3edb9ef5014537,x731,CFG731_f1614000023c2800,844,TWO_CHARACTERISTIC,2,stromSchaltbar|dev_advMeterVerification,2,True,F,GP,ST,1,1,K,2,NN,NN,NOVALUE,NOVALUE,TT1,NOVALUE,MP1,FWI,NOVALUE,NOVALUE,1,NOVALUE
CFG731_2750b4d355743bb4,x731,CFG731_f1614000023c2800,844,TWO_CHARACTERISTIC,2,stromSchaltbar|customUserFluid,2,True,F,GP,ST,1,1,K,2,NN,NN,NOVALUE,NOVALUE,TT1,NOVALUE,MP1,FWI,1,NOVALUE,NOVALUE,NOVALUE
CFG731_4f6232b68baf7970,x731,CFG731_f1614000023c2800,844,TWO_CHARACTERISTIC,2,stromEingaenge|binaerOpenColl_MP,1,True,F,GP,ST,1,1,K,2,NN,NN,CS1,IS1,TT1,NOVALUE,NOVALUE,FWI,1,NOVALUE,1,NOVALUE
CFG731_876b73ff2ee71d20,x731,CFG731_f1614000023c2800,844,TWO_CHARACTERISTIC,2,stromEingaenge|dev_advMeterVerification,1,True,F,GP,ST,1,1,K,2,NN,NN,CS1,IS1,TT1,NOVALUE,MP1,FWI,NOVALUE,NOVALUE,1,NOVALUE
CFG731_d2b20af54a13d79f,x731,CFG731_f1614000023c2800,844,TWO_CHARACTERISTIC,2,stromEingaenge|customUserFluid,1,True,F,GP,ST,1,1,K,2,NN,NN,CS1,IS1,TT1,NOVALUE,MP1,FWI,1,NOVALUE,NOVALUE,NOVALUE
CFG731_b418359232bf5862,x731,CFG731_f1614000023c2800,844,TWO_CHARACTERISTIC,2,temperaturEingaenge|binaerOpenColl_MP,1,True,F,GP,ST,1,1,K,2,NN,NN,CS1,NOVALUE,NOVALUE,NOVALUE,NOVALUE,FWI,1,NOVALUE,1,NOVALUE
CFG731_7c6ccfa82065f9fe,x731,CFG731_f1614000023c2800,844,TWO_CHARACTERISTIC,2,temperaturEingaenge|dev_advMeterVerification,1,True,F,GP,ST,1,1,K,2,NN,NN,CS1,NOVALUE,NOVALUE,NOVALUE,MP1,FWI,NOVALUE,NOVALUE,1,NOVALUE
CFG731_df3fe9b5b9f943c4,x731,CFG731_f1614000023c2800,844,TWO_CHARACTERISTIC,2,temperaturEingaenge|customUserFluid,1,True,F,GP,ST,1,1,K,2,NN,NN,CS1,NOVALUE,NOVALUE,NOVALUE,MP1,FWI,1,NOVALUE,NOVALUE,NOVALUE
CFG731_dc2dca106a6c63c6,x731,CFG731_f1614000023c2800,844,TWO_CHARACTERISTIC,2,binaerOpenColl_MP|dev_advMeterVerification,2,True,F,GP,ST,1,1,K,2,NN,NN,CS1,NOVALUE,TT1,NOVALUE,NOVALUE,FWI,NOVALUE,NOVALUE,1,NOVALUE
CFG731_51ae60d537034e11,x731,CFG731_f1614000023c2800,844,TWO_CHARACTERISTIC,2,binaerOpenColl_MP|customUserFluid,2,True,F,GP,ST,1,1,K,2,NN,NN,CS1,NOVALUE,TT1,NOVALUE,NOVALUE,FWI,1,NOVALUE,NOVALUE,NOVALUE
CFG731_64dd1bf15ef2360d,x731,CFG731_f1614000023c2800,844,TWO_CHARACTERISTIC,2,dev_advMeterVerification|customUserFluid,2,True,F,GP,ST,1,1,K,2,NN,NN,CS1,NOVALUE,TT1,NOVALUE,MP1,FWI,NOVALUE,NOVALUE,NOVALUE,NOVALUE
CFG731_59f73311cf3c5679,x731,CFG731_219ac3d01befd6d1,846,TWO_CHARACTERISTIC,2,devCategory|powerSupply,2,True,G,GP,ST,4,1,K,2,NN,NN,CS1,IS1,TT1,NOVALUE,MP1,FWI,1,NOVALUE,1,NOVALUE
CFG731_ab7c99e095bc84f9,x731,CFG731_219ac3d01befd6d1,846,TWO_CHARACTERISTIC,2,devCategory|dataInterface,1,True,G,GP,ST,1,1,K,2,NN,HS,CS1,IS1,TT1,NOVALUE,MP1,FWI,1,NOVALUE,1,NOVALUE
CFG731_1314a5f6e906af63,x731,CFG731_219ac3d01befd6d1,846,TWO_CHARACTERISTIC,2,devCategory|stromSchaltbar,2,True,G,GP,ST,1,1,K,2,NN,NN,NOVALUE,IS1,TT1,NOVALUE,MP1,FWI,1,NOVALUE,1,NOVALUE
CFG731_c7589e3758bc745b,x731,CFG731_219ac3d01befd6d1,846,TWO_CHARACTERISTIC,2,devCategory|temperaturEingaenge,2,True,G,GP,ST,1,1,K,2,NN,NN,CS1,IS1,NOVALUE,NOVALUE,MP1,FWI,1,NOVALUE,1,NOVALUE
CFG731_cd67ec69b600a71f,x731,CFG731_219ac3d01befd6d1,846,TWO_CHARACTERISTIC,2,devCategory|binaerOpenColl_MP,2,True,G,GP,ST,1,1,K,2,NN,NN,CS1,IS1,TT1,NOVALUE,NOVALUE,FWI,1,NOVALUE,1,NOVALUE
CFG731_7a2c95ba5c762777,x731,CFG731_219ac3d01befd6d1,846,TWO_CHARACTERISTIC,2,devCategory|dev_advMeterVerification,2,True,G,GP,ST,1,1,K,2,NN,NN,CS1,IS1,TT1,NOVALUE,MP1,FWI,NOVALUE,NOVALUE,1,NOVALUE
CFG731_7c35d25e0c12df82,x731,CFG731_219ac3d01befd6d1,846,TWO_CHARACTERISTIC,2,devCategory|customUserFluid,2,True,G,GP,ST,1,1,K,2,NN,NN,CS1,IS1,TT1,NOVALUE,MP1,FWI,1,NOVALUE,NOVALUE,NOVALUE
CFG731_a7dc06adf945eba3,x731,CFG731_219ac3d01befd6d1,846,TWO_CHARACTERISTIC,2,powerSupply|dataInterface,1,True,F,GP,ST,4,1,K,2,NN,HS,CS1,IS1,TT1,NOVALUE,MP1,FWI,1,NOVALUE,1,NOVALUE
CFG731_d8349d5b75ec130f,x731,CFG731_219ac3d01befd6d1,846,TWO_CHARACTERISTIC,2,powerSupply|stromSchaltbar,2,True,F,GP,ST,4,1,K,2,NN,NN,NOVALUE,IS1,TT1,NOVALUE,MP1,FWI,1,NOVALUE,1,NOVALUE
CFG731_f4586752cbc2ebc4,x731,CFG731_219ac3d01befd6d1,846,TWO_CHARACTERISTIC,2,powerSupply|temperaturEingaenge,2,True,F,GP,ST,4,1,K,2,NN,NN,CS1,IS1,NOVALUE,NOVALUE,MP1,FWI,1,NOVALUE,1,NOVALUE
CFG731_207df3743c369baa,x731,CFG731_219ac3d01befd6d1,846,TWO_CHARACTERISTIC,2,powerSupply|binaerOpenColl_MP,2,True,F,GP,ST,4,1,K,2,NN,NN,CS1,IS1,TT1,NOVALUE,NOVALUE,FWI,1,NOVALUE,1,NOVALUE
CFG731_b9520d53ce46b2ba,x731,CFG731_219ac3d01befd6d1,846,TWO_CHARACTERISTIC,2,powerSupply|dev_advMeterVerification,2,True,F,GP,ST,4,1,K,2,NN,NN,CS1,IS1,TT1,NOVALUE,MP1,FWI,NOVALUE,NOVALUE,1,NOVALUE
CFG731_6152af85eafd81bb,x731,CFG731_219ac3d01befd6d1,846,TWO_CHARACTERISTIC,2,powerSupply|customUserFluid,2,True,F,GP,ST,4,1,K,2,NN,NN,CS1,IS1,TT1,NOVALUE,MP1,FWI,1,NOVALUE,NOVALUE,NOVALUE
CFG731_cd4f211fbf872f2e,x731,CFG731_219ac3d01befd6d1,846,TWO_CHARACTERISTIC,2,dataInterface|temperaturEingaenge,1,True,F,GP,ST,1,1,K,2,NN,HS,CS1,IS1,NOVALUE,NOVALUE,MP1,FWI,1,NOVALUE,1,NOVALUE
CFG731_b2229c50a5d9ad96,x731,CFG731_219ac3d01befd6d1,846,TWO_CHARACTERISTIC,2,dataInterface|binaerOpenColl_MP,1,True,F,GP,ST,1,1,K,2,NN,HS,CS1,IS1,TT1,NOVALUE,NOVALUE,FWI,1,NOVALUE,1,NOVALUE
CFG731_ca05869cc5edc073,x731,CFG731_219ac3d01befd6d1,846,TWO_CHARACTERISTIC,2,dataInterface|dev_advMeterVerification,1,True,F,GP,ST,1,1,K,2,NN,HS,CS1,IS1,TT1,NOVALUE,MP1,FWI,NOVALUE,NOVALUE,1,NOVALUE
CFG731_bae050edd151c31d,x731,CFG731_219ac3d01befd6d1,846,TWO_CHARACTERISTIC,2,dataInterface|customUserFluid,1,True,F,GP,ST,1,1,K,2,NN,HS,CS1,IS1,TT1,NOVALUE,MP1,FWI,1,NOVALUE,NOVALUE,NOVALUE
CFG731_d647249920724d90,x731,CFG731_219ac3d01befd6d1,846,TWO_CHARACTERISTIC,2,stromSchaltbar|binaerOpenColl_MP,2,True,F,GP,ST,1,1,K,2,NN,NN,NOVALUE,IS1,TT1,NOVALUE,NOVALUE,FWI,1,NOVALUE,1,NOVALUE
CFG731_ca766f26484e378f,x731,CFG731_219ac3d01befd6d1,846,TWO_CHARACTERISTIC,2,stromSchaltbar|dev_advMeterVerification,2,True,F,GP,ST,1,1,K,2,NN,NN,NOVALUE,IS1,TT1,NOVALUE,MP1,FWI,NOVALUE,NOVALUE,1,NOVALUE
CFG731_c52f7eb3e0603707,x731,CFG731_219ac3d01befd6d1,846,TWO_CHARACTERISTIC,2,stromSchaltbar|customUserFluid,2,True,F,GP,ST,1,1,K,2,NN,NN,NOVALUE,IS1,TT1,NOVALUE,MP1,FWI,1,NOVALUE,NOVALUE,NOVALUE
CFG731_175dfbf580a50b51,x731,CFG731_219ac3d01befd6d1,846,TWO_CHARACTERISTIC,2,temperaturEingaenge|binaerOpenColl_MP,2,True,F,GP,ST,1,1,K,2,NN,NN,CS1,IS1,NOVALUE,NOVALUE,NOVALUE,FWI,1,NOVALUE,1,NOVALUE
CFG731_ca6f604f4d01d3b1,x731,CFG731_219ac3d01befd6d1,846,TWO_CHARACTERISTIC,2,temperaturEingaenge|dev_advMeterVerification,2,True,F,GP,ST,1,1,K,2,NN,NN,CS1,IS1,NOVALUE,NOVALUE,MP1,FWI,NOVALUE,NOVALUE,1,NOVALUE
CFG731_c2704311d03cd56d,x731,CFG731_219ac3d01befd6d1,846,TWO_CHARACTERISTIC,2,temperaturEingaenge|customUserFluid,2,True,F,GP,ST,1,1,K,2,NN,NN,CS1,IS1,NOVALUE,NOVALUE,MP1,FWI,1,NOVALUE,NOVALUE,NOVALUE
CFG731_02c05dd3bc721c1b,x731,CFG731_219ac3d01befd6d1,846,TWO_CHARACTERISTIC,2,binaerOpenColl_MP|dev_advMeterVerification,2,True,F,GP,ST,1,1,K,2,NN,NN,CS1,IS1,TT1,NOVALUE,NOVALUE,FWI,NOVALUE,NOVALUE,1,NOVALUE
CFG731_755046fae493cb9e,x731,CFG731_219ac3d01befd6d1,846,TWO_CHARACTERISTIC,2,binaerOpenColl_MP|customUserFluid,2,True,F,GP,ST,1,1,K,2,NN,NN,CS1,IS1,TT1,NOVALUE,NOVALUE,FWI,1,NOVALUE,NOVALUE,NOVALUE
CFG731_34f651347d194a0b,x731,CFG731_219ac3d01befd6d1,846,TWO_CHARACTERISTIC,2,dev_advMeterVerification|customUserFluid,1,True,F,GP,ST,1,1,K,2,NN,NN,CS1,IS1,TT1,NOVALUE,MP1,FWI,NOVALUE,NOVALUE,NOVALUE,NOVALUE
CFG731_d4be02ad7e56a796,x731,CFG731_9d1ffcce07240574,849,ONE_CHARACTERISTIC,1,devCategory,1,True,G,GP,ST,1,1,K,2,NN,NN,NOVALUE,IS1,NOVALUE,NOVALUE,MP1,FWI,1,NOVALUE,1,NOVALUE
CFG731_b65f8c1aefa2a95b,x731,CFG731_9d1ffcce07240574,849,ONE_CHARACTERISTIC,1,powerSupply,1,True,F,GP,ST,4,1,K,2,NN,NN,NOVALUE,IS1,NOVALUE,NOVALUE,MP1,FWI,1,NOVALUE,1,NOVALUE
CFG731_031d8f2fe50bf3d1,x731,CFG731_9d1ffcce07240574,849,ONE_CHARACTERISTIC,1,dataInterface,1,True,F,GP,ST,1,1,K,2,NN,HS,NOVALUE,IS1,NOVALUE,NOVALUE,MP1,FWI,1,NOVALUE,1,NOVALUE
CFG731_2d4ebd2132481193,x731,CFG731_9d1ffcce07240574,849,ONE_CHARACTERISTIC,1,binaerOpenColl_MP,1,True,F,GP,ST,1,1,K,2,NN,NN,NOVALUE,IS1,NOVALUE,NOVALUE,NOVALUE,FWI,1,NOVALUE,1,NOVALUE
CFG731_85b1e9bcb8b0b8be,x731,CFG731_9d1ffcce07240574,849,ONE_CHARACTERISTIC,1,dev_advMeterVerification,1,True,F,GP,ST,1,1,K,2,NN,NN,NOVALUE,IS1,NOVALUE,NOVALUE,MP1,FWI,NOVALUE,NOVALUE,1,NOVALUE
CFG731_9c7aa7b53ecbf27a,x731,CFG731_9d1ffcce07240574,849,ONE_CHARACTERISTIC,1,customUserFluid,1,True,F,GP,ST,1,1,K,2,NN,NN,NOVALUE,IS1,NOVALUE,NOVALUE,MP1,FWI,1,NOVALUE,NOVALUE,NOVALUE
CFG731_5be3294dd249b709,x731,CFG731_9d1ffcce07240574,849,TWO_CHARACTERISTIC,2,devCategory|powerSupply,2,True,G,GP,ST,4,1,K,2,NN,NN,NOVALUE,IS1,NOVALUE,NOVALUE,MP1,FWI,1,NOVALUE,1,NOVALUE
CFG731_56c6aab13f04a04d,x731,CFG731_9d1ffcce07240574,849,TWO_CHARACTERISTIC,2,devCategory|dataInterface,2,True,G,GP,ST,1,1,K,2,NN,HS,NOVALUE,IS1,NOVALUE,NOVALUE,MP1,FWI,1,NOVALUE,1,NOVALUE
CFG731_52a32c0fb4bd3f9a,x731,CFG731_9d1ffcce07240574,849,TWO_CHARACTERISTIC,2,devCategory|stromEingaenge,2,True,G,GP,ST,1,1,K,2,NN,NN,NOVALUE,NOVALUE,NOVALUE,NOVALUE,MP1,FWI,1,NOVALUE,1,NOVALUE
CFG731_8d4db8bd2f75c847,x731,CFG731_9d1ffcce07240574,849,TWO_CHARACTERISTIC,2,devCategory|binaerOpenColl_MP,2,True,G,GP,ST,1,1,K,2,NN,NN,NOVALUE,IS1,NOVALUE,NOVALUE,NOVALUE,FWI,1,NOVALUE,1,NOVALUE
CFG731_ce124d229fc80796,x731,CFG731_9d1ffcce07240574,849,TWO_CHARACTERISTIC,2,devCategory|dev_advMeterVerification,2,True,G,GP,ST,1,1,K,2,NN,NN,NOVALUE,IS1,NOVALUE,NOVALUE,MP1,FWI,NOVALUE,NOVALUE,1,NOVALUE
CFG731_0e4fe4d53f3b180f,x731,CFG731_9d1ffcce07240574,849,TWO_CHARACTERISTIC,2,devCategory|customUserFluid,2,True,G,GP,ST,1,1,K,2,NN,NN,NOVALUE,IS1,NOVALUE,NOVALUE,MP1,FWI,1,NOVALUE,NOVALUE,NOVALUE
CFG731_cf4d8202c634a1d4,x731,CFG731_9d1ffcce07240574,849,TWO_CHARACTERISTIC,2,powerSupply|dataInterface,2,True,F,GP,ST,4,1,K,2,NN,HS,NOVALUE,IS1,NOVALUE,NOVALUE,MP1,FWI,1,NOVALUE,1,NOVALUE
CFG731_c595d1190a4bc7e5,x731,CFG731_9d1ffcce07240574,849,TWO_CHARACTERISTIC,2,powerSupply|stromEingaenge,2,True,F,GP,ST,4,1,K,2,NN,NN,NOVALUE,NOVALUE,NOVALUE,NOVALUE,MP1,FWI,1,NOVALUE,1,NOVALUE
CFG731_96205f73d29c9f17,x731,CFG731_9d1ffcce07240574,849,TWO_CHARACTERISTIC,2,powerSupply|binaerOpenColl_MP,2,True,F,GP,ST,4,1,K,2,NN,NN,NOVALUE,IS1,NOVALUE,NOVALUE,NOVALUE,FWI,1,NOVALUE,1,NOVALUE
CFG731_f3b867931d904122,x731,CFG731_9d1ffcce07240574,849,TWO_CHARACTERISTIC,2,powerSupply|dev_advMeterVerification,2,True,F,GP,ST,4,1,K,2,NN,NN,NOVALUE,IS1,NOVALUE,NOVALUE,MP1,FWI,NOVALUE,NOVALUE,1,NOVALUE
CFG731_3fe20dabac5d77a5,x731,CFG731_9d1ffcce07240574,849,TWO_CHARACTERISTIC,2,powerSupply|customUserFluid,2,True,F,GP,ST,4,1,K,2,NN,NN,NOVALUE,IS1,NOVALUE,NOVALUE,MP1,FWI,1,NOVALUE,NOVALUE,NOVALUE
CFG731_fa489381bf04fa08,x731,CFG731_9d1ffcce07240574,849,TWO_CHARACTERISTIC,2,dataInterface|stromEingaenge,2,True,F,GP,ST,1,1,K,2,NN,HS,NOVALUE,NOVALUE,NOVALUE,NOVALUE,MP1,FWI,1,NOVALUE,1,NOVALUE
CFG731_05e9533ff084a698,x731,CFG731_9d1ffcce07240574,849,TWO_CHARACTERISTIC,2,dataInterface|binaerOpenColl_MP,2,True,F,GP,ST,1,1,K,2,NN,HS,NOVALUE,IS1,NOVALUE,NOVALUE,NOVALUE,FWI,1,NOVALUE,1,NOVALUE
CFG731_25c733523f45b8a2,x731,CFG731_9d1ffcce07240574,849,TWO_CHARACTERISTIC,2,dataInterface|dev_advMeterVerification,2,True,F,GP,ST,1,1,K,2,NN,HS,NOVALUE,IS1,NOVALUE,NOVALUE,MP1,FWI,NOVALUE,NOVALUE,1,NOVALUE
CFG731_6084e24782dc3f55,x731,CFG731_9d1ffcce07240574,849,TWO_CHARACTERISTIC,2,dataInterface|customUserFluid,2,True,F,GP,ST,1,1,K,2,NN,HS,NOVALUE,IS1,NOVALUE,NOVALUE,MP1,FWI,1,NOVALUE,NOVALUE,NOVALUE
CFG731_0de2f6a333d94863,x731,CFG731_9d1ffcce07240574,849,TWO_CHARACTERISTIC,2,stromEingaenge|binaerOpenColl_MP,2,True,F,GP,ST,1,1,K,2,NN,NN,NOVALUE,NOVALUE,NOVALUE,NOVALUE,NOVALUE,FWI,1,NOVALUE,1,NOVALUE
CFG731_ce181ac28a613deb,x731,CFG731_9d1ffcce07240574,849,TWO_CHARACTERISTIC,2,stromEingaenge|dev_advMeterVerification,2,True,F,GP,ST,1,1,K,2,NN,NN,NOVALUE,NOVALUE,NOVALUE,NOVALUE,MP1,FWI,NOVALUE,NOVALUE,1,NOVALUE
CFG731_1d9f857824df8478,x731,CFG731_9d1ffcce07240574,849,TWO_CHARACTERISTIC,2,stromEingaenge|customUserFluid,2,True,F,GP,ST,1,1,K,2,NN,NN,NOVALUE,NOVALUE,NOVALUE,NOVALUE,MP1,FWI,1,NOVALUE,NOVALUE,NOVALUE
CFG731_93d2b83c59db0b89,x731,CFG731_9d1ffcce07240574,849,TWO_CHARACTERISTIC,2,binaerOpenColl_MP|dev_advMeterVerification,2,True,F,GP,ST,1,1,K,2,NN,NN,NOVALUE,IS1,NOVALUE,NOVALUE,NOVALUE,FWI,NOVALUE,NOVALUE,1,NOVALUE
CFG731_745ce49c646b891d,x731,CFG731_9d1ffcce07240574,849,TWO_CHARACTERISTIC,2,binaerOpenColl_MP|customUserFluid,2,True,F,GP,ST,1,1,K,2,NN,NN,NOVALUE,IS1,NOVALUE,NOVALUE,NOVALUE,FWI,1,NOVALUE,NOVALUE,NOVALUE
CFG731_4ca0a5ca5a64f613,x731,CFG731_9d1ffcce07240574,849,TWO_CHARACTERISTIC,2,dev_advMeterVerification|customUserFluid,2,True,F,GP,ST,1,1,K,2,NN,NN,NOVALUE,IS1,NOVALUE,NOVALUE,MP1,FWI,NOVALUE,NOVALUE,NOVALUE,NOVALUE
CFG731_b0c0bf0ab886a6bf,x731,CFG731_c4cc21845d696c93,850,TWO_CHARACTERISTIC,2,devCategory|powerSupply,2,True,G,GP,ST,4,1,K,2,NN,NN,CS1,NOVALUE,NOVALUE,NOVALUE,MP1,FWI,1,NOVALUE,1,NOVALUE
CFG731_b5546ca330bbc78f,x731,CFG731_c4cc21845d696c93,850,TWO_CHARACTERISTIC,2,devCategory|dataInterface,2,True,G,GP,ST,1,1,K,2,NN,HS,CS1,NOVALUE,NOVALUE,NOVALUE,MP1,FWI,1,NOVALUE,1,NOVALUE
CFG731_a04983de5eb1ac8e,x731,CFG731_c4cc21845d696c93,850,TWO_CHARACTERISTIC,2,devCategory|binaerOpenColl_MP,2,True,G,GP,ST,1,1,K,2,NN,NN,CS1,NOVALUE,NOVALUE,NOVALUE,NOVALUE,FWI,1,NOVALUE,1,NOVALUE
CFG731_5e6563fc78f40493,x731,CFG731_c4cc21845d696c93,850,TWO_CHARACTERISTIC,2,devCategory|dev_advMeterVerification,2,True,G,GP,ST,1,1,K,2,NN,NN,CS1,NOVALUE,NOVALUE,NOVALUE,MP1,FWI,NOVALUE,NOVALUE,1,NOVALUE
CFG731_4fc8ef8ac51cd7c4,x731,CFG731_c4cc21845d696c93,850,TWO_CHARACTERISTIC,2,devCategory|customUserFluid,2,True,G,GP,ST,1,1,K,2,NN,NN,CS1,NOVALUE,NOVALUE,NOVALUE,MP1,FWI,1,NOVALUE,NOVALUE,NOVALUE
CFG731_8da0cac032e476e2,x731,CFG731_c4cc21845d696c93,850,TWO_CHARACTERISTIC,2,powerSupply|dataInterface,2,True,F,GP,ST,4,1,K,2,NN,HS,CS1,NOVALUE,NOVALUE,NOVALUE,MP1,FWI,1,NOVALUE,1,NOVALUE
CFG731_ab1e75de4ad74389,x731,CFG731_c4cc21845d696c93,850,TWO_CHARACTERISTIC,2,powerSupply|binaerOpenColl_MP,2,True,F,GP,ST,4,1,K,2,NN,NN,CS1,NOVALUE,NOVALUE,NOVALUE,NOVALUE,FWI,1,NOVALUE,1,NOVALUE
CFG731_ab9e33e0db28df11,x731,CFG731_c4cc21845d696c93,850,TWO_CHARACTERISTIC,2,powerSupply|dev_advMeterVerification,2,True,F,GP,ST,4,1,K,2,NN,NN,CS1,NOVALUE,NOVALUE,NOVALUE,MP1,FWI,NOVALUE,NOVALUE,1,NOVALUE
CFG731_b161881037fc306d,x731,CFG731_c4cc21845d696c93,850,TWO_CHARACTERISTIC,2,powerSupply|customUserFluid,2,True,F,GP,ST,4,1,K,2,NN,NN,CS1,NOVALUE,NOVALUE,NOVALUE,MP1,FWI,1,NOVALUE,NOVALUE,NOVALUE
CFG731_49a52c1fd3888e0f,x731,CFG731_c4cc21845d696c93,850,TWO_CHARACTERISTIC,2,dataInterface|binaerOpenColl_MP,2,True,F,GP,ST,1,1,K,2,NN,HS,CS1,NOVALUE,NOVALUE,NOVALUE,NOVALUE,FWI,1,NOVALUE,1,NOVALUE
CFG731_684c79438322aea8,x731,CFG731_c4cc21845d696c93,850,TWO_CHARACTERISTIC,2,dataInterface|dev_advMeterVerification,2,True,F,GP,ST,1,1,K,2,NN,HS,CS1,NOVALUE,NOVALUE,NOVALUE,MP1,FWI,NOVALUE,NOVALUE,1,NOVALUE
CFG731_f287b32480efae51,x731,CFG731_c4cc21845d696c93,850,TWO_CHARACTERISTIC,2,dataInterface|customUserFluid,2,True,F,GP,ST,1,1,K,2,NN,HS,CS1,NOVALUE,NOVALUE,NOVALUE,MP1,FWI,1,NOVALUE,NOVALUE,NOVALUE
CFG731_5a04c510117c742d,x731,CFG731_c4cc21845d696c93,850,TWO_CHARACTERISTIC,2,binaerOpenColl_MP|dev_advMeterVerification,2,True,F,GP,ST,1,1,K,2,NN,NN,CS1,NOVALUE,NOVALUE,NOVALUE,NOVALUE,FWI,NOVALUE,NOVALUE,1,NOVALUE
CFG731_f0fe822c41f63028,x731,CFG731_c4cc21845d696c93,850,TWO_CHARACTERISTIC,2,binaerOpenColl_MP|customUserFluid,2,True,F,GP,ST,1,1,K,2,NN,NN,CS1,NOVALUE,NOVALUE,NOVALUE,NOVALUE,FWI,1,NOVALUE,NOVALUE,NOVALUE
CFG731_73ca2a6eee1c10e2,x731,CFG731_c4cc21845d696c93,850,TWO_CHARACTERISTIC,2,dev_advMeterVerification|customUserFluid,2,True,F,GP,ST,1,1,K,2,NN,NN,CS1,NOVALUE,NOVALUE,NOVALUE,MP1,FWI,NOVALUE,NOVALUE,NOVALUE,NOVALUE
CFG731_b2698dfa675cbb37,x731,CFG731_186348c5f967a6f7,858,TWO_CHARACTERISTIC,2,devCategory|powerSupply,2,True,G,GP,ST,4,1,K,2,NN,HS,CS1,NOVALUE,TT1,NOVALUE,MP1,FWI,1,NOVALUE,1,NOVALUE
CFG731_267d412d26d63b6f,x731,CFG731_186348c5f967a6f7,858,TWO_CHARACTERISTIC,2,devCategory|stromSchaltbar,2,True,G,GP,ST,1,1,K,2,NN,HS,NOVALUE,NOVALUE,TT1,NOVALUE,MP1,FWI,1,NOVALUE,1,NOVALUE
CFG731_d02ff77d56482ed7,x731,CFG731_186348c5f967a6f7,858,TWO_CHARACTERISTIC,2,devCategory|binaerOpenColl_MP,2,True,G,GP,ST,1,1,K,2,NN,HS,CS1,NOVALUE,TT1,NOVALUE,NOVALUE,FWI,1,NOVALUE,1,NOVALUE
CFG731_53663a576a146850,x731,CFG731_186348c5f967a6f7,858,TWO_CHARACTERISTIC,2,devCategory|dev_advMeterVerification,2,True,G,GP,ST,1,1,K,2,NN,HS,CS1,NOVALUE,TT1,NOVALUE,MP1,FWI,NOVALUE,NOVALUE,1,NOVALUE
CFG731_d517f4f2d9736ee5,x731,CFG731_186348c5f967a6f7,858,TWO_CHARACTERISTIC,2,devCategory|customUserFluid,2,True,G,GP,ST,1,1,K,2,NN,HS,CS1,NOVALUE,TT1,NOVALUE,MP1,FWI,1,NOVALUE,NOVALUE,NOVALUE
CFG731_59aaa0eef62472db,x731,CFG731_186348c5f967a6f7,858,TWO_CHARACTERISTIC,2,powerSupply|stromSchaltbar,2,True,F,GP,ST,4,1,K,2,NN,HS,NOVALUE,NOVALUE,TT1,NOVALUE,MP1,FWI,1,NOVALUE,1,NOVALUE
CFG731_a79f495763dacba4,x731,CFG731_186348c5f967a6f7,858,TWO_CHARACTERISTIC,2,powerSupply|binaerOpenColl_MP,2,True,F,GP,ST,4,1,K,2,NN,HS,CS1,NOVALUE,TT1,NOVALUE,NOVALUE,FWI,1,NOVALUE,1,NOVALUE
CFG731_0538ae5541f66436,x731,CFG731_186348c5f967a6f7,858,TWO_CHARACTERISTIC,2,powerSupply|dev_advMeterVerification,2,True,F,GP,ST,4,1,K,2,NN,HS,CS1,NOVALUE,TT1,NOVALUE,MP1,FWI,NOVALUE,NOVALUE,1,NOVALUE
CFG731_198fe6b7784b4656,x731,CFG731_186348c5f967a6f7,858,TWO_CHARACTERISTIC,2,powerSupply|customUserFluid,2,True,F,GP,ST,4,1,K,2,NN,HS,CS1,NOVALUE,TT1,NOVALUE,MP1,FWI,1,NOVALUE,NOVALUE,NOVALUE
CFG731_31312f96fd66adad,x731,CFG731_186348c5f967a6f7,858,TWO_CHARACTERISTIC,2,stromSchaltbar|binaerOpenColl_MP,2,True,F,GP,ST,1,1,K,2,NN,HS,NOVALUE,NOVALUE,TT1,NOVALUE,NOVALUE,FWI,1,NOVALUE,1,NOVALUE
CFG731_582e81ea4fb4e16c,x731,CFG731_186348c5f967a6f7,858,TWO_CHARACTERISTIC,2,stromSchaltbar|dev_advMeterVerification,2,True,F,GP,ST,1,1,K,2,NN,HS,NOVALUE,NOVALUE,TT1,NOVALUE,MP1,FWI,NOVALUE,NOVALUE,1,NOVALUE
CFG731_fa6299ba8f6ec591,x731,CFG731_186348c5f967a6f7,858,TWO_CHARACTERISTIC,2,stromSchaltbar|customUserFluid,2,True,F,GP,ST,1,1,K,2,NN,HS,NOVALUE,NOVALUE,TT1,NOVALUE,MP1,FWI,1,NOVALUE,NOVALUE,NOVALUE
CFG731_8fd0e7149f1103ee,x731,CFG731_186348c5f967a6f7,858,TWO_CHARACTERISTIC,2,binaerOpenColl_MP|dev_advMeterVerification,2,True,F,GP,ST,1,1,K,2,NN,HS,CS1,NOVALUE,TT1,NOVALUE,NOVALUE,FWI,NOVALUE,NOVALUE,1,NOVALUE
CFG731_1ba9107eb75d2b4b,x731,CFG731_186348c5f967a6f7,858,TWO_CHARACTERISTIC,2,binaerOpenColl_MP|customUserFluid,2,True,F,GP,ST,1,1,K,2,NN,HS,CS1,NOVALUE,TT1,NOVALUE,NOVALUE,FWI,1,NOVALUE,NOVALUE,NOVALUE
CFG731_8e03b40980b3b04a,x731,CFG731_186348c5f967a6f7,858,TWO_CHARACTERISTIC,2,dev_advMeterVerification|customUserFluid,2,True,F,GP,ST,1,1,K,2,NN,HS,CS1,NOVALUE,TT1,NOVALUE,MP1,FWI,NOVALUE,NOVALUE,NOVALUE,NOVALUE
CFG731_015c99244b0483fc,x731,CFG731_97796c9ac2811c94,860,TWO_CHARACTERISTIC,2,devCategory|powerSupply,2,True,G,GP,ST,4,1,K,2,NN,HS,CS1,IS1,TT1,NOVALUE,MP1,FWI,1,NOVALUE,1,NOVALUE
CFG731_c725c1a52aab3a73,x731,CFG731_97796c9ac2811c94,860,TWO_CHARACTERISTIC,2,devCategory|stromSchaltbar,1,True,G,GP,ST,1,1,K,2,NN,HS,NOVALUE,IS1,TT1,NOVALUE,MP1,FWI,1,NOVALUE,1,NOVALUE
CFG731_688d513be5401795,x731,CFG731_97796c9ac2811c94,860,TWO_CHARACTERISTIC,2,devCategory|temperaturEingaenge,2,True,G,GP,ST,1,1,K,2,NN,HS,CS1,IS1,NOVALUE,NOVALUE,MP1,FWI,1,NOVALUE,1,NOVALUE
CFG731_c45dfcad2acdb609,x731,CFG731_97796c9ac2811c94,860,TWO_CHARACTERISTIC,2,devCategory|binaerOpenColl_MP,2,True,G,GP,ST,1,1,K,2,NN,HS,CS1,IS1,TT1,NOVALUE,NOVALUE,FWI,1,NOVALUE,1,NOVALUE
CFG731_40ecb8ab2b2299de,x731,CFG731_97796c9ac2811c94,860,TWO_CHARACTERISTIC,2,devCategory|dev_advMeterVerification,2,True,G,GP,ST,1,1,K,2,NN,HS,CS1,IS1,TT1,NOVALUE,MP1,FWI,NOVALUE,NOVALUE,1,NOVALUE
CFG731_8d69fd868569cb56,x731,CFG731_97796c9ac2811c94,860,TWO_CHARACTERISTIC,2,devCategory|customUserFluid,2,True,G,GP,ST,1,1,K,2,NN,HS,CS1,IS1,TT1,NOVALUE,MP1,FWI,1,NOVALUE,NOVALUE,NOVALUE
CFG731_e6acc1780324efb1,x731,CFG731_97796c9ac2811c94,860,TWO_CHARACTERISTIC,2,powerSupply|stromSchaltbar,1,True,F,GP,ST,4,1,K,2,NN,HS,NOVALUE,IS1,TT1,NOVALUE,MP1,FWI,1,NOVALUE,1,NOVALUE
CFG731_d31e36887c363080,x731,CFG731_97796c9ac2811c94,860,TWO_CHARACTERISTIC,2,powerSupply|temperaturEingaenge,2,True,F,GP,ST,4,1,K,2,NN,HS,CS1,IS1,NOVALUE,NOVALUE,MP1,FWI,1,NOVALUE,1,NOVALUE
CFG731_d46085e7078490a5,x731,CFG731_97796c9ac2811c94,860,TWO_CHARACTERISTIC,2,powerSupply|binaerOpenColl_MP,2,True,F,GP,ST,4,1,K,2,NN,HS,CS1,IS1,TT1,NOVALUE,NOVALUE,FWI,1,NOVALUE,1,NOVALUE
CFG731_ecf18e3e2f52a05f,x731,CFG731_97796c9ac2811c94,860,TWO_CHARACTERISTIC,2,powerSupply|dev_advMeterVerification,2,True,F,GP,ST,4,1,K,2,NN,HS,CS1,IS1,TT1,NOVALUE,MP1,FWI,NOVALUE,NOVALUE,1,NOVALUE
CFG731_73b19b27aff2edca,x731,CFG731_97796c9ac2811c94,860,TWO_CHARACTERISTIC,2,powerSupply|customUserFluid,2,True,F,GP,ST,4,1,K,2,NN,HS,CS1,IS1,TT1,NOVALUE,MP1,FWI,1,NOVALUE,NOVALUE,NOVALUE
CFG731_5e196c3042b50ed0,x731,CFG731_97796c9ac2811c94,860,TWO_CHARACTERISTIC,2,stromSchaltbar|binaerOpenColl_MP,1,True,F,GP,ST,1,1,K,2,NN,HS,NOVALUE,IS1,TT1,NOVALUE,NOVALUE,FWI,1,NOVALUE,1,NOVALUE
CFG731_3ab6d9037260e8b1,x731,CFG731_97796c9ac2811c94,860,TWO_CHARACTERISTIC,2,stromSchaltbar|dev_advMeterVerification,1,True,F,GP,ST,1,1,K,2,NN,HS,NOVALUE,IS1,TT1,NOVALUE,MP1,FWI,NOVALUE,NOVALUE,1,NOVALUE
CFG731_7003cfd4e569b57b,x731,CFG731_97796c9ac2811c94,860,TWO_CHARACTERISTIC,2,stromSchaltbar|customUserFluid,1,True,F,GP,ST,1,1,K,2,NN,HS,NOVALUE,IS1,TT1,NOVALUE,MP1,FWI,1,NOVALUE,NOVALUE,NOVALUE
CFG731_a17644682cc5d078,x731,CFG731_97796c9ac2811c94,860,TWO_CHARACTERISTIC,2,temperaturEingaenge|binaerOpenColl_MP,2,True,F,GP,ST,1,1,K,2,NN,HS,CS1,IS1,NOVALUE,NOVALUE,NOVALUE,FWI,1,NOVALUE,1,NOVALUE
CFG731_2e4b626fb536fc24,x731,CFG731_97796c9ac2811c94,860,TWO_CHARACTERISTIC,2,temperaturEingaenge|dev_advMeterVerification,2,True,F,GP,ST,1,1,K,2,NN,HS,CS1,IS1,NOVALUE,NOVALUE,MP1,FWI,NOVALUE,NOVALUE,1,NOVALUE
CFG731_960ab49fee605c28,x731,CFG731_97796c9ac2811c94,860,TWO_CHARACTERISTIC,2,temperaturEingaenge|customUserFluid,2,True,F,GP,ST,1,1,K,2,NN,HS,CS1,IS1,NOVALUE,NOVALUE,MP1,FWI,1,NOVALUE,NOVALUE,NOVALUE
CFG731_33f869b0c10dd59d,x731,CFG731_97796c9ac2811c94,860,TWO_CHARACTERISTIC,2,binaerOpenColl_MP|dev_advMeterVerification,2,True,F,GP,ST,1,1,K,2,NN,HS,CS1,IS1,TT1,NOVALUE,NOVALUE,FWI,NOVALUE,NOVALUE,1,NOVALUE
CFG731_aee03c4191c64528,x731,CFG731_97796c9ac2811c94,860,TWO_CHARACTERISTIC,2,binaerOpenColl_MP|customUserFluid,2,True,F,GP,ST,1,1,K,2,NN,HS,CS1,IS1,TT1,NOVALUE,NOVALUE,FWI,1,NOVALUE,NOVALUE,NOVALUE
CFG731_f0b756a84ac83cc9,x731,CFG731_97796c9ac2811c94,860,TWO_CHARACTERISTIC,2,dev_advMeterVerification|customUserFluid,1,True,F,GP,ST,1,1,K,2,NN,HS,CS1,IS1,TT1,NOVALUE,MP1,FWI,NOVALUE,NOVALUE,NOVALUE,NOVALUE
CFG731_3016fd503a4418e9,x731,CFG731_5d255cf6dd296018,862,TWO_CHARACTERISTIC,2,devCategory|powerSupply,2,True,G,GP,ST,4,1,K,2,NN,HS,NOVALUE,IS1,TT1,NOVALUE,MP1,FWI,1,NOVALUE,1,NOVALUE
CFG731_c1cf551afcc668fd,x731,CFG731_5d255cf6dd296018,862,TWO_CHARACTERISTIC,2,devCategory|binaerOpenColl_MP,2,True,G,GP,ST,1,1,K,2,NN,HS,NOVALUE,IS1,TT1,NOVALUE,NOVALUE,FWI,1,NOVALUE,1,NOVALUE
CFG731_cb5095ad0aed5ba5,x731,CFG731_5d255cf6dd296018,862,TWO_CHARACTERISTIC,2,devCategory|dev_advMeterVerification,2,True,G,GP,ST,1,1,K,2,NN,HS,NOVALUE,IS1,TT1,NOVALUE,MP1,FWI,NOVALUE,NOVALUE,1,NOVALUE
CFG731_42c6b3050ca1239e,x731,CFG731_5d255cf6dd296018,862,TWO_CHARACTERISTIC,2,devCategory|customUserFluid,2,True,G,GP,ST,1,1,K,2,NN,HS,NOVALUE,IS1,TT1,NOVALUE,MP1,FWI,1,NOVALUE,NOVALUE,NOVALUE
CFG731_f0cc93e117fb01a2,x731,CFG731_5d255cf6dd296018,862,TWO_CHARACTERISTIC,2,powerSupply|binaerOpenColl_MP,2,True,F,GP,ST,4,1,K,2,NN,HS,NOVALUE,IS1,TT1,NOVALUE,NOVALUE,FWI,1,NOVALUE,1,NOVALUE
CFG731_27488a473c2c7485,x731,CFG731_5d255cf6dd296018,862,TWO_CHARACTERISTIC,2,powerSupply|dev_advMeterVerification,2,True,F,GP,ST,4,1,K,2,NN,HS,NOVALUE,IS1,TT1,NOVALUE,MP1,FWI,NOVALUE,NOVALUE,1,NOVALUE
CFG731_042090bb8665ccbe,x731,CFG731_5d255cf6dd296018,862,TWO_CHARACTERISTIC,2,powerSupply|customUserFluid,2,True,F,GP,ST,4,1,K,2,NN,HS,NOVALUE,IS1,TT1,NOVALUE,MP1,FWI,1,NOVALUE,NOVALUE,NOVALUE
CFG731_f41b9eb63f1ae417,x731,CFG731_5d255cf6dd296018,862,TWO_CHARACTERISTIC,2,binaerOpenColl_MP|dev_advMeterVerification,2,True,F,GP,ST,1,1,K,2,NN,HS,NOVALUE,IS1,TT1,NOVALUE,NOVALUE,FWI,NOVALUE,NOVALUE,1,NOVALUE
CFG731_a7af5c22941e6c24,x731,CFG731_5d255cf6dd296018,862,TWO_CHARACTERISTIC,2,binaerOpenColl_MP|customUserFluid,2,True,F,GP,ST,1,1,K,2,NN,HS,NOVALUE,IS1,TT1,NOVALUE,NOVALUE,FWI,1,NOVALUE,NOVALUE,NOVALUE
CFG731_ef80bc09b85a457a,x731,CFG731_5d255cf6dd296018,862,TWO_CHARACTERISTIC,2,dev_advMeterVerification|customUserFluid,1,True,F,GP,ST,1,1,K,2,NN,HS,NOVALUE,IS1,TT1,NOVALUE,MP1,FWI,NOVALUE,NOVALUE,NOVALUE,NOVALUE
CFG731_b92916814fce7b8e,x731,CFG731_c7c53fc5541f1dc1,863,ONE_CHARACTERISTIC,1,devCategory,1,True,G,GP,ST,1,1,K,2,NN,NN,CS1,NOVALUE,TT1,MN1,NOVALUE,FWI,1,NOVALUE,1,NOVALUE
CFG731_5f9d5671c315ce06,x731,CFG731_c7c53fc5541f1dc1,863,ONE_CHARACTERISTIC,1,powerSupply,1,True,F,GP,ST,4,1,K,2,NN,NN,CS1,NOVALUE,TT1,MN1,NOVALUE,FWI,1,NOVALUE,1,NOVALUE
CFG731_12089d5d54f581ac,x731,CFG731_c7c53fc5541f1dc1,863,ONE_CHARACTERISTIC,1,stromSchaltbar,1,True,F,GP,ST,1,1,K,2,NN,NN,NOVALUE,NOVALUE,TT1,MN1,NOVALUE,FWI,1,NOVALUE,1,NOVALUE
CFG731_7756caaf4e5e2963,x731,CFG731_c7c53fc5541f1dc1,863,ONE_CHARACTERISTIC,1,dev_advMeterVerification,1,True,F,GP,ST,1,1,K,2,NN,NN,CS1,NOVALUE,TT1,MN1,NOVALUE,FWI,NOVALUE,NOVALUE,1,NOVALUE
CFG731_48a4e554ffcf39e6,x731,CFG731_c7c53fc5541f1dc1,863,ONE_CHARACTERISTIC,1,customUserFluid,1,True,F,GP,ST,1,1,K,2,NN,NN,CS1,NOVALUE,TT1,MN1,NOVALUE,FWI,1,NOVALUE,NOVALUE,NOVALUE
CFG731_fe9a409c6b2ba9cc,x731,CFG731_c7c53fc5541f1dc1,863,DEPENDENCY_TWO_CHARACTERISTIC,2,stromEingaenge|temperaturEingaenge,1,True,F,GP,ST,1,1,K,2,NN,NN,CS1,IS1,NOVALUE,MN1,NOVALUE,FWI,1,NOVALUE,1,NOVALUE
CFG731_5718ef9495972b30,x731,CFG731_c7c53fc5541f1dc1,863,DEPENDENCY_TWO_CHARACTERISTIC,2,stromSchaltbar|stromEingaenge,1,True,F,GP,ST,1,1,K,2,NN,NN,NOVALUE,IS1,TT1,MN1,NOVALUE,FWI,1,NOVALUE,1,NOVALUE
CFG731_700e5b0584a9b0fc,x731,CFG731_c7c53fc5541f1dc1,863,DEPENDENCY_TWO_CHARACTERISTIC,2,stromSchaltbar|temperaturEingaenge,1,True,F,GP,ST,1,1,K,2,NN,NN,NOVALUE,NOVALUE,NOVALUE,MN1,NOVALUE,FWI,1,NOVALUE,1,NOVALUE
CFG731_03b7c52daf37d7c6,x731,CFG731_c7c53fc5541f1dc1,863,TWO_CHARACTERISTIC,2,devCategory|powerSupply,2,True,G,GP,ST,4,1,K,2,NN,NN,CS1,NOVALUE,TT1,MN1,NOVALUE,FWI,1,NOVALUE,1,NOVALUE
CFG731_e5a85c19cf4647dd,x731,CFG731_c7c53fc5541f1dc1,863,TWO_CHARACTERISTIC,2,devCategory|dataInterface,1,True,G,GP,ST,1,1,K,2,NN,HS,CS1,NOVALUE,TT1,MN1,NOVALUE,FWI,1,NOVALUE,1,NOVALUE
CFG731_ec1737db2611cbd9,x731,CFG731_c7c53fc5541f1dc1,863,TWO_CHARACTERISTIC,2,devCategory|stromSchaltbar,2,True,G,GP,ST,1,1,K,2,NN,NN,NOVALUE,NOVALUE,TT1,MN1,NOVALUE,FWI,1,NOVALUE,1,NOVALUE
CFG731_a6849487313f00ac,x731,CFG731_c7c53fc5541f1dc1,863,TWO_CHARACTERISTIC,2,devCategory|stromEingaenge,1,True,G,GP,ST,1,1,K,2,NN,NN,CS1,IS1,TT1,MN1,NOVALUE,FWI,1,NOVALUE,1,NOVALUE
CFG731_1490cd30a236283e,x731,CFG731_c7c53fc5541f1dc1,863,TWO_CHARACTERISTIC,2,devCategory|temperaturEingaenge,1,True,G,GP,ST,1,1,K,2,NN,NN,CS1,NOVALUE,NOVALUE,MN1,NOVALUE,FWI,1,NOVALUE,1,NOVALUE
CFG731_7be4648561b12b55,x731,CFG731_c7c53fc5541f1dc1,863,TWO_CHARACTERISTIC,2,devCategory|dev_advMeterVerification,2,True,G,GP,ST,1,1,K,2,NN,NN,CS1,NOVALUE,TT1,MN1,NOVALUE,FWI,NOVALUE,NOVALUE,1,NOVALUE
CFG731_1f4dfea06a3a1820,x731,CFG731_c7c53fc5541f1dc1,863,TWO_CHARACTERISTIC,2,devCategory|customUserFluid,2,True,G,GP,ST,1,1,K,2,NN,NN,CS1,NOVALUE,TT1,MN1,NOVALUE,FWI,1,NOVALUE,NOVALUE,NOVALUE
CFG731_0cf73cced42104be,x731,CFG731_c7c53fc5541f1dc1,863,TWO_CHARACTERISTIC,2,powerSupply|dataInterface,1,True,F,GP,ST,4,1,K,2,NN,HS,CS1,NOVALUE,TT1,MN1,NOVALUE,FWI,1,NOVALUE,1,NOVALUE
CFG731_3e0ed59efd234410,x731,CFG731_c7c53fc5541f1dc1,863,TWO_CHARACTERISTIC,2,powerSupply|stromSchaltbar,2,True,F,GP,ST,4,1,K,2,NN,NN,NOVALUE,NOVALUE,TT1,MN1,NOVALUE,FWI,1,NOVALUE,1,NOVALUE
CFG731_67de76f701c9cfad,x731,CFG731_c7c53fc5541f1dc1,863,TWO_CHARACTERISTIC,2,powerSupply|stromEingaenge,1,True,F,GP,ST,4,1,K,2,NN,NN,CS1,IS1,TT1,MN1,NOVALUE,FWI,1,NOVALUE,1,NOVALUE
CFG731_b7fc2f4bee7659de,x731,CFG731_c7c53fc5541f1dc1,863,TWO_CHARACTERISTIC,2,powerSupply|temperaturEingaenge,1,True,F,GP,ST,4,1,K,2,NN,NN,CS1,NOVALUE,NOVALUE,MN1,NOVALUE,FWI,1,NOVALUE,1,NOVALUE
CFG731_ec4fae2d126299d7,x731,CFG731_c7c53fc5541f1dc1,863,TWO_CHARACTERISTIC,2,powerSupply|dev_advMeterVerification,2,True,F,GP,ST,4,1,K,2,NN,NN,CS1,NOVALUE,TT1,MN1,NOVALUE,FWI,NOVALUE,NOVALUE,1,NOVALUE
CFG731_3cbc3680df24255c,x731,CFG731_c7c53fc5541f1dc1,863,TWO_CHARACTERISTIC,2,powerSupply|customUserFluid,2,True,F,GP,ST,4,1,K,2,NN,NN,CS1,NOVALUE,TT1,MN1,NOVALUE,FWI,1,NOVALUE,NOVALUE,NOVALUE
CFG731_066736b465be9fda,x731,CFG731_c7c53fc5541f1dc1,863,TWO_CHARACTERISTIC,2,dataInterface|stromSchaltbar,1,True,F,GP,ST,1,1,K,2,NN,HS,NOVALUE,NOVALUE,TT1,MN1,NOVALUE,FWI,1,NOVALUE,1,NOVALUE
CFG731_8f88a3599177d2e5,x731,CFG731_c7c53fc5541f1dc1,863,TWO_CHARACTERISTIC,2,dataInterface|temperaturEingaenge,1,True,F,GP,ST,1,1,K,2,NN,HS,CS1,NOVALUE,NOVALUE,MN1,NOVALUE,FWI,1,NOVALUE,1,NOVALUE
CFG731_d7051df2f1aed9c0,x731,CFG731_c7c53fc5541f1dc1,863,TWO_CHARACTERISTIC,2,dataInterface|dev_advMeterVerification,1,True,F,GP,ST,1,1,K,2,NN,HS,CS1,NOVALUE,TT1,MN1,NOVALUE,FWI,NOVALUE,NOVALUE,1,NOVALUE
CFG731_07dff6032c854382,x731,CFG731_c7c53fc5541f1dc1,863,TWO_CHARACTERISTIC,2,dataInterface|customUserFluid,1,True,F,GP,ST,1,1,K,2,NN,HS,CS1,NOVALUE,TT1,MN1,NOVALUE,FWI,1,NOVALUE,NOVALUE,NOVALUE
CFG731_9b3b2ff0a812487d,x731,CFG731_c7c53fc5541f1dc1,863,TWO_CHARACTERISTIC,2,stromSchaltbar|dev_advMeterVerification,2,True,F,GP,ST,1,1,K,2,NN,NN,NOVALUE,NOVALUE,TT1,MN1,NOVALUE,FWI,NOVALUE,NOVALUE,1,NOVALUE
CFG731_acf71f9634be1cac,x731,CFG731_c7c53fc5541f1dc1,863,TWO_CHARACTERISTIC,2,stromSchaltbar|customUserFluid,2,True,F,GP,ST,1,1,K,2,NN,NN,NOVALUE,NOVALUE,TT1,MN1,NOVALUE,FWI,1,NOVALUE,NOVALUE,NOVALUE
CFG731_27481a3518f630c6,x731,CFG731_c7c53fc5541f1dc1,863,TWO_CHARACTERISTIC,2,stromEingaenge|dev_advMeterVerification,1,True,F,GP,ST,1,1,K,2,NN,NN,CS1,IS1,TT1,MN1,NOVALUE,FWI,NOVALUE,NOVALUE,1,NOVALUE
CFG731_c39089b3bb7d4032,x731,CFG731_c7c53fc5541f1dc1,863,TWO_CHARACTERISTIC,2,stromEingaenge|customUserFluid,1,True,F,GP,ST,1,1,K,2,NN,NN,CS1,IS1,TT1,MN1,NOVALUE,FWI,1,NOVALUE,NOVALUE,NOVALUE
CFG731_abc11b72fc871228,x731,CFG731_c7c53fc5541f1dc1,863,TWO_CHARACTERISTIC,2,temperaturEingaenge|dev_advMeterVerification,1,True,F,GP,ST,1,1,K,2,NN,NN,CS1,NOVALUE,NOVALUE,MN1,NOVALUE,FWI,NOVALUE,NOVALUE,1,NOVALUE
CFG731_08efe1333b2d7967,x731,CFG731_c7c53fc5541f1dc1,863,TWO_CHARACTERISTIC,2,temperaturEingaenge|customUserFluid,1,True,F,GP,ST,1,1,K,2,NN,NN,CS1,NOVALUE,NOVALUE,MN1,NOVALUE,FWI,1,NOVALUE,NOVALUE,NOVALUE
CFG731_a1708bcd6dfb1b83,x731,CFG731_c7c53fc5541f1dc1,863,TWO_CHARACTERISTIC,2,dev_advMeterVerification|customUserFluid,2,True,F,GP,ST,1,1,K,2,NN,NN,CS1,NOVALUE,TT1,MN1,NOVALUE,FWI,NOVALUE,NOVALUE,NOVALUE,NOVALUE
CFG731_2dc9b7f1f7742edb,x731,CFG731_516629085c122a4e,865,TWO_CHARACTERISTIC,2,devCategory|powerSupply,2,True,G,GP,ST,4,1,K,2,NN,NN,CS1,IS1,TT1,MN1,NOVALUE,FWI,1,NOVALUE,1,NOVALUE
CFG731_26fec032fae13713,x731,CFG731_516629085c122a4e,865,TWO_CHARACTERISTIC,2,devCategory|dataInterface,1,True,G,GP,ST,1,1,K,2,NN,HS,CS1,IS1,TT1,MN1,NOVALUE,FWI,1,NOVALUE,1,NOVALUE
CFG731_5983bbd7f063b1e5,x731,CFG731_516629085c122a4e,865,TWO_CHARACTERISTIC,2,devCategory|stromSchaltbar,2,True,G,GP,ST,1,1,K,2,NN,NN,NOVALUE,IS1,TT1,MN1,NOVALUE,FWI,1,NOVALUE,1,NOVALUE
CFG731_b629b1530193aa04,x731,CFG731_516629085c122a4e,865,TWO_CHARACTERISTIC,2,devCategory|temperaturEingaenge,2,True,G,GP,ST,1,1,K,2,NN,NN,CS1,IS1,NOVALUE,MN1,NOVALUE,FWI,1,NOVALUE,1,NOVALUE
CFG731_e7ba364250faf3af,x731,CFG731_516629085c122a4e,865,TWO_CHARACTERISTIC,2,devCategory|dev_advMeterVerification,2,True,G,GP,ST,1,1,K,2,NN,NN,CS1,IS1,TT1,MN1,NOVALUE,FWI,NOVALUE,NOVALUE,1,NOVALUE
CFG731_d9815328770cefd4,x731,CFG731_516629085c122a4e,865,TWO_CHARACTERISTIC,2,devCategory|customUserFluid,2,True,G,GP,ST,1,1,K,2,NN,NN,CS1,IS1,TT1,MN1,NOVALUE,FWI,1,NOVALUE,NOVALUE,NOVALUE
CFG731_024d4a54a1e6d96e,x731,CFG731_516629085c122a4e,865,TWO_CHARACTERISTIC,2,powerSupply|dataInterface,1,True,F,GP,ST,4,1,K,2,NN,HS,CS1,IS1,TT1,MN1,NOVALUE,FWI,1,NOVALUE,1,NOVALUE
CFG731_1d4de866a6b4d079,x731,CFG731_516629085c122a4e,865,TWO_CHARACTERISTIC,2,powerSupply|stromSchaltbar,2,True,F,GP,ST,4,1,K,2,NN,NN,NOVALUE,IS1,TT1,MN1,NOVALUE,FWI,1,NOVALUE,1,NOVALUE
CFG731_c348ae803bb36511,x731,CFG731_516629085c122a4e,865,TWO_CHARACTERISTIC,2,powerSupply|temperaturEingaenge,2,True,F,GP,ST,4,1,K,2,NN,NN,CS1,IS1,NOVALUE,MN1,NOVALUE,FWI,1,NOVALUE,1,NOVALUE
CFG731_63f33b68f29fecef,x731,CFG731_516629085c122a4e,865,TWO_CHARACTERISTIC,2,powerSupply|dev_advMeterVerification,2,True,F,GP,ST,4,1,K,2,NN,NN,CS1,IS1,TT1,MN1,NOVALUE,FWI,NOVALUE,NOVALUE,1,NOVALUE
CFG731_c66891bf502d2d83,x731,CFG731_516629085c122a4e,865,TWO_CHARACTERISTIC,2,powerSupply|customUserFluid,2,True,F,GP,ST,4,1,K,2,NN,NN,CS1,IS1,TT1,MN1,NOVALUE,FWI,1,NOVALUE,NOVALUE,NOVALUE
CFG731_12520799fb8b910d,x731,CFG731_516629085c122a4e,865,TWO_CHARACTERISTIC,2,dataInterface|temperaturEingaenge,1,True,F,GP,ST,1,1,K,2,NN,HS,CS1,IS1,NOVALUE,MN1,NOVALUE,FWI,1,NOVALUE,1,NOVALUE
CFG731_57ade3549b0459c7,x731,CFG731_516629085c122a4e,865,TWO_CHARACTERISTIC,2,dataInterface|dev_advMeterVerification,1,True,F,GP,ST,1,1,K,2,NN,HS,CS1,IS1,TT1,MN1,NOVALUE,FWI,NOVALUE,NOVALUE,1,NOVALUE
CFG731_e2f55440d18a3d76,x731,CFG731_516629085c122a4e,865,TWO_CHARACTERISTIC,2,dataInterface|customUserFluid,1,True,F,GP,ST,1,1,K,2,NN,HS,CS1,IS1,TT1,MN1,NOVALUE,FWI,1,NOVALUE,NOVALUE,NOVALUE
CFG731_1d2815130e2d7aa4,x731,CFG731_516629085c122a4e,865,TWO_CHARACTERISTIC,2,stromSchaltbar|dev_advMeterVerification,2,True,F,GP,ST,1,1,K,2,NN,NN,NOVALUE,IS1,TT1,MN1,NOVALUE,FWI,NOVALUE,NOVALUE,1,NOVALUE
CFG731_6b23b6b4c6e37300,x731,CFG731_516629085c122a4e,865,TWO_CHARACTERISTIC,2,stromSchaltbar|customUserFluid,2,True,F,GP,ST,1,1,K,2,NN,NN,NOVALUE,IS1,TT1,MN1,NOVALUE,FWI,1,NOVALUE,NOVALUE,NOVALUE
CFG731_d689fe859221a628,x731,CFG731_516629085c122a4e,865,TWO_CHARACTERISTIC,2,temperaturEingaenge|dev_advMeterVerification,2,True,F,GP,ST,1,1,K,2,NN,NN,CS1,IS1,NOVALUE,MN1,NOVALUE,FWI,NOVALUE,NOVALUE,1,NOVALUE
CFG731_1900d3e301ae6ebc,x731,CFG731_516629085c122a4e,865,TWO_CHARACTERISTIC,2,temperaturEingaenge|customUserFluid,2,True,F,GP,ST,1,1,K,2,NN,NN,CS1,IS1,NOVALUE,MN1,NOVALUE,FWI,1,NOVALUE,NOVALUE,NOVALUE
CFG731_dbb266760a8c89df,x731,CFG731_516629085c122a4e,865,TWO_CHARACTERISTIC,2,dev_advMeterVerification|customUserFluid,1,True,F,GP,ST,1,1,K,2,NN,NN,CS1,IS1,TT1,MN1,NOVALUE,FWI,NOVALUE,NOVALUE,NOVALUE,NOVALUE
CFG731_cf0d36d335e0ac93,x731,CFG731_8c4d7fb3ded028ab,868,ONE_CHARACTERISTIC,1,devCategory,1,True,G,GP,ST,1,1,K,2,NN,NN,NOVALUE,IS1,NOVALUE,MN1,NOVALUE,FWI,1,NOVALUE,1,NOVALUE
CFG731_58b1e5a55bbcbba5,x731,CFG731_8c4d7fb3ded028ab,868,ONE_CHARACTERISTIC,1,powerSupply,1,True,F,GP,ST,4,1,K,2,NN,NN,NOVALUE,IS1,NOVALUE,MN1,NOVALUE,FWI,1,NOVALUE,1,NOVALUE
CFG731_92fbdd06b7923fc1,x731,CFG731_8c4d7fb3ded028ab,868,ONE_CHARACTERISTIC,1,dataInterface,1,True,F,GP,ST,1,1,K,2,NN,HS,NOVALUE,IS1,NOVALUE,MN1,NOVALUE,FWI,1,NOVALUE,1,NOVALUE
CFG731_a84a367ef61c4e59,x731,CFG731_8c4d7fb3ded028ab,868,ONE_CHARACTERISTIC,1,dev_advMeterVerification,1,True,F,GP,ST,1,1,K,2,NN,NN,NOVALUE,IS1,NOVALUE,MN1,NOVALUE,FWI,NOVALUE,NOVALUE,1,NOVALUE
CFG731_7986bd8f29a06f04,x731,CFG731_8c4d7fb3ded028ab,868,ONE_CHARACTERISTIC,1,customUserFluid,1,True,F,GP,ST,1,1,K,2,NN,NN,NOVALUE,IS1,NOVALUE,MN1,NOVALUE,FWI,1,NOVALUE,NOVALUE,NOVALUE
CFG731_5f979e41e4296901,x731,CFG731_8c4d7fb3ded028ab,868,TWO_CHARACTERISTIC,2,devCategory|powerSupply,2,True,G,GP,ST,4,1,K,2,NN,NN,NOVALUE,IS1,NOVALUE,MN1,NOVALUE,FWI,1,NOVALUE,1,NOVALUE
CFG731_263cefc21c790fb0,x731,CFG731_8c4d7fb3ded028ab,868,TWO_CHARACTERISTIC,2,devCategory|dataInterface,2,True,G,GP,ST,1,1,K,2,NN,HS,NOVALUE,IS1,NOVALUE,MN1,NOVALUE,FWI,1,NOVALUE,1,NOVALUE
CFG731_a9ad02a317720703,x731,CFG731_8c4d7fb3ded028ab,868,TWO_CHARACTERISTIC,2,devCategory|stromEingaenge,2,True,G,GP,ST,1,1,K,2,NN,NN,NOVALUE,NOVALUE,NOVALUE,MN1,NOVALUE,FWI,1,NOVALUE,1,NOVALUE
CFG731_fe5ec1b0bcdbd396,x731,CFG731_8c4d7fb3ded028ab,868,TWO_CHARACTERISTIC,2,devCategory|dev_advMeterVerification,2,True,G,GP,ST,1,1,K,2,NN,NN,NOVALUE,IS1,NOVALUE,MN1,NOVALUE,FWI,NOVALUE,NOVALUE,1,NOVALUE
CFG731_29521f988dd233e6,x731,CFG731_8c4d7fb3ded028ab,868,TWO_CHARACTERISTIC,2,devCategory|customUserFluid,2,True,G,GP,ST,1,1,K,2,NN,NN,NOVALUE,IS1,NOVALUE,MN1,NOVALUE,FWI,1,NOVALUE,NOVALUE,NOVALUE
CFG731_316522b7cc87d9a1,x731,CFG731_8c4d7fb3ded028ab,868,TWO_CHARACTERISTIC,2,powerSupply|dataInterface,2,True,F,GP,ST,4,1,K,2,NN,HS,NOVALUE,IS1,NOVALUE,MN1,NOVALUE,FWI,1,NOVALUE,1,NOVALUE
CFG731_fbb6b300404d68a9,x731,CFG731_8c4d7fb3ded028ab,868,TWO_CHARACTERISTIC,2,powerSupply|stromEingaenge,2,True,F,GP,ST,4,1,K,2,NN,NN,NOVALUE,NOVALUE,NOVALUE,MN1,NOVALUE,FWI,1,NOVALUE,1,NOVALUE
CFG731_cf7af7cc82cca113,x731,CFG731_8c4d7fb3ded028ab,868,TWO_CHARACTERISTIC,2,powerSupply|dev_advMeterVerification,2,True,F,GP,ST,4,1,K,2,NN,NN,NOVALUE,IS1,NOVALUE,MN1,NOVALUE,FWI,NOVALUE,NOVALUE,1,NOVALUE
CFG731_cb1663e5767400b1,x731,CFG731_8c4d7fb3ded028ab,868,TWO_CHARACTERISTIC,2,powerSupply|customUserFluid,2,True,F,GP,ST,4,1,K,2,NN,NN,NOVALUE,IS1,NOVALUE,MN1,NOVALUE,FWI,1,NOVALUE,NOVALUE,NOVALUE
CFG731_80e3b04d167bbba8,x731,CFG731_8c4d7fb3ded028ab,868,TWO_CHARACTERISTIC,2,dataInterface|stromEingaenge,2,True,F,GP,ST,1,1,K,2,NN,HS,NOVALUE,NOVALUE,NOVALUE,MN1,NOVALUE,FWI,1,NOVALUE,1,NOVALUE
CFG731_62b88f35eaf74362,x731,CFG731_8c4d7fb3ded028ab,868,TWO_CHARACTERISTIC,2,dataInterface|dev_advMeterVerification,2,True,F,GP,ST,1,1,K,2,NN,HS,NOVALUE,IS1,NOVALUE,MN1,NOVALUE,FWI,NOVALUE,NOVALUE,1,NOVALUE
CFG731_c92d94f92c40a1e3,x731,CFG731_8c4d7fb3ded028ab,868,TWO_CHARACTERISTIC,2,dataInterface|customUserFluid,2,True,F,GP,ST,1,1,K,2,NN,HS,NOVALUE,IS1,NOVALUE,MN1,NOVALUE,FWI,1,NOVALUE,NOVALUE,NOVALUE
CFG731_e06c4679b932057f,x731,CFG731_8c4d7fb3ded028ab,868,TWO_CHARACTERISTIC,2,stromEingaenge|dev_advMeterVerification,2,True,F,GP,ST,1,1,K,2,NN,NN,NOVALUE,NOVALUE,NOVALUE,MN1,NOVALUE,FWI,NOVALUE,NOVALUE,1,NOVALUE
CFG731_14cf4609418e0f12,x731,CFG731_8c4d7fb3ded028ab,868,TWO_CHARACTERISTIC,2,stromEingaenge|customUserFluid,2,True,F,GP,ST,1,1,K,2,NN,NN,NOVALUE,NOVALUE,NOVALUE,MN1,NOVALUE,FWI,1,NOVALUE,NOVALUE,NOVALUE
CFG731_3bbc2f9cdfcee8e6,x731,CFG731_8c4d7fb3ded028ab,868,TWO_CHARACTERISTIC,2,dev_advMeterVerification|customUserFluid,2,True,F,GP,ST,1,1,K,2,NN,NN,NOVALUE,IS1,NOVALUE,MN1,NOVALUE,FWI,NOVALUE,NOVALUE,NOVALUE,NOVALUE
CFG731_22ee4ff4a2fef4e6,x731,CFG731_b10c597ca89c3f56,869,TWO_CHARACTERISTIC,2,devCategory|powerSupply,2,True,G,GP,ST,4,1,K,2,NN,NN,CS1,NOVALUE,NOVALUE,MN1,NOVALUE,FWI,1,NOVALUE,1,NOVALUE
CFG731_7c411653d5810282,x731,CFG731_b10c597ca89c3f56,869,TWO_CHARACTERISTIC,2,devCategory|dataInterface,2,True,G,GP,ST,1,1,K,2,NN,HS,CS1,NOVALUE,NOVALUE,MN1,NOVALUE,FWI,1,NOVALUE,1,NOVALUE
CFG731_08c95a0668b05c52,x731,CFG731_b10c597ca89c3f56,869,TWO_CHARACTERISTIC,2,devCategory|dev_advMeterVerification,2,True,G,GP,ST,1,1,K,2,NN,NN,CS1,NOVALUE,NOVALUE,MN1,NOVALUE,FWI,NOVALUE,NOVALUE,1,NOVALUE
CFG731_1511348a605f1205,x731,CFG731_b10c597ca89c3f56,869,TWO_CHARACTERISTIC,2,devCategory|customUserFluid,2,True,G,GP,ST,1,1,K,2,NN,NN,CS1,NOVALUE,NOVALUE,MN1,NOVALUE,FWI,1,NOVALUE,NOVALUE,NOVALUE
CFG731_93ba38caebb455ef,x731,CFG731_b10c597ca89c3f56,869,TWO_CHARACTERISTIC,2,powerSupply|dataInterface,2,True,F,GP,ST,4,1,K,2,NN,HS,CS1,NOVALUE,NOVALUE,MN1,NOVALUE,FWI,1,NOVALUE,1,NOVALUE
CFG731_bcbb05a5ff20c3e9,x731,CFG731_b10c597ca89c3f56,869,TWO_CHARACTERISTIC,2,powerSupply|dev_advMeterVerification,2,True,F,GP,ST,4,1,K,2,NN,NN,CS1,NOVALUE,NOVALUE,MN1,NOVALUE,FWI,NOVALUE,NOVALUE,1,NOVALUE
CFG731_ad609deebae348af,x731,CFG731_b10c597ca89c3f56,869,TWO_CHARACTERISTIC,2,powerSupply|customUserFluid,2,True,F,GP,ST,4,1,K,2,NN,NN,CS1,NOVALUE,NOVALUE,MN1,NOVALUE,FWI,1,NOVALUE,NOVALUE,NOVALUE
CFG731_3dccacceae4d10cd,x731,CFG731_b10c597ca89c3f56,869,TWO_CHARACTERISTIC,2,dataInterface|dev_advMeterVerification,2,True,F,GP,ST,1,1,K,2,NN,HS,CS1,NOVALUE,NOVALUE,MN1,NOVALUE,FWI,NOVALUE,NOVALUE,1,NOVALUE
CFG731_578f0d233bee0fcc,x731,CFG731_b10c597ca89c3f56,869,TWO_CHARACTERISTIC,2,dataInterface|customUserFluid,2,True,F,GP,ST,1,1,K,2,NN,HS,CS1,NOVALUE,NOVALUE,MN1,NOVALUE,FWI,1,NOVALUE,NOVALUE,NOVALUE
CFG731_d7f0085fa7ba2f0e,x731,CFG731_b10c597ca89c3f56,869,TWO_CHARACTERISTIC,2,dev_advMeterVerification|customUserFluid,2,True,F,GP,ST,1,1,K,2,NN,NN,CS1,NOVALUE,NOVALUE,MN1,NOVALUE,FWI,NOVALUE,NOVALUE,NOVALUE,NOVALUE
CFG731_a81c1bb06a331516,x731,CFG731_e4d6e304563c3bae,877,TWO_CHARACTERISTIC,2,devCategory|powerSupply,2,True,G,GP,ST,4,1,K,2,NN,HS,CS1,NOVALUE,TT1,MN1,NOVALUE,FWI,1,NOVALUE,1,NOVALUE
CFG731_cf93550b4257fc7d,x731,CFG731_e4d6e304563c3bae,877,TWO_CHARACTERISTIC,2,devCategory|stromSchaltbar,2,True,G,GP,ST,1,1,K,2,NN,HS,NOVALUE,NOVALUE,TT1,MN1,NOVALUE,FWI,1,NOVALUE,1,NOVALUE
CFG731_5f84b7d2302024ef,x731,CFG731_e4d6e304563c3bae,877,TWO_CHARACTERISTIC,2,devCategory|dev_advMeterVerification,2,True,G,GP,ST,1,1,K,2,NN,HS,CS1,NOVALUE,TT1,MN1,NOVALUE,FWI,NOVALUE,NOVALUE,1,NOVALUE
CFG731_b4d39364171927b2,x731,CFG731_e4d6e304563c3bae,877,TWO_CHARACTERISTIC,2,devCategory|customUserFluid,2,True,G,GP,ST,1,1,K,2,NN,HS,CS1,NOVALUE,TT1,MN1,NOVALUE,FWI,1,NOVALUE,NOVALUE,NOVALUE
CFG731_908c2f813a87d11a,x731,CFG731_e4d6e304563c3bae,877,TWO_CHARACTERISTIC,2,powerSupply|stromSchaltbar,2,True,F,GP,ST,4,1,K,2,NN,HS,NOVALUE,NOVALUE,TT1,MN1,NOVALUE,FWI,1,NOVALUE,1,NOVALUE
CFG731_c1f091cc26f8c446,x731,CFG731_e4d6e304563c3bae,877,TWO_CHARACTERISTIC,2,powerSupply|dev_advMeterVerification,2,True,F,GP,ST,4,1,K,2,NN,HS,CS1,NOVALUE,TT1,MN1,NOVALUE,FWI,NOVALUE,NOVALUE,1,NOVALUE
CFG731_c0bce73948df290b,x731,CFG731_e4d6e304563c3bae,877,TWO_CHARACTERISTIC,2,powerSupply|customUserFluid,2,True,F,GP,ST,4,1,K,2,NN,HS,CS1,NOVALUE,TT1,MN1,NOVALUE,FWI,1,NOVALUE,NOVALUE,NOVALUE
CFG731_8e8f2e217be66756,x731,CFG731_e4d6e304563c3bae,877,TWO_CHARACTERISTIC,2,stromSchaltbar|dev_advMeterVerification,2,True,F,GP,ST,1,1,K,2,NN,HS,NOVALUE,NOVALUE,TT1,MN1,NOVALUE,FWI,NOVALUE,NOVALUE,1,NOVALUE
CFG731_56f0dbd067fcbe02,x731,CFG731_e4d6e304563c3bae,877,TWO_CHARACTERISTIC,2,stromSchaltbar|customUserFluid,2,True,F,GP,ST,1,1,K,2,NN,HS,NOVALUE,NOVALUE,TT1,MN1,NOVALUE,FWI,1,NOVALUE,NOVALUE,NOVALUE
CFG731_62f7faa3f9d409d9,x731,CFG731_e4d6e304563c3bae,877,TWO_CHARACTERISTIC,2,dev_advMeterVerification|customUserFluid,2,True,F,GP,ST,1,1,K,2,NN,HS,CS1,NOVALUE,TT1,MN1,NOVALUE,FWI,NOVALUE,NOVALUE,NOVALUE,NOVALUE
CFG731_c2add1f921eaf8c0,x731,CFG731_241d60e6ef5278be,879,TWO_CHARACTERISTIC,2,devCategory|powerSupply,2,True,G,GP,ST,4,1,K,2,NN,HS,CS1,IS1,TT1,MN1,NOVALUE,FWI,1,NOVALUE,1,NOVALUE
CFG731_f55693c6f4f3dcb0,x731,CFG731_241d60e6ef5278be,879,TWO_CHARACTERISTIC,2,devCategory|stromSchaltbar,1,True,G,GP,ST,1,1,K,2,NN,HS,NOVALUE,IS1,TT1,MN1,NOVALUE,FWI,1,NOVALUE,1,NOVALUE
CFG731_75907d7d235d290f,x731,CFG731_241d60e6ef5278be,879,TWO_CHARACTERISTIC,2,devCategory|temperaturEingaenge,2,True,G,GP,ST,1,1,K,2,NN,HS,CS1,IS1,NOVALUE,MN1,NOVALUE,FWI,1,NOVALUE,1,NOVALUE
CFG731_27caf5a2443603ad,x731,CFG731_241d60e6ef5278be,879,TWO_CHARACTERISTIC,2,devCategory|dev_advMeterVerification,2,True,G,GP,ST,1,1,K,2,NN,HS,CS1,IS1,TT1,MN1,NOVALUE,FWI,NOVALUE,NOVALUE,1,NOVALUE
CFG731_f256e54cdac1bacc,x731,CFG731_241d60e6ef5278be,879,TWO_CHARACTERISTIC,2,devCategory|customUserFluid,2,True,G,GP,ST,1,1,K,2,NN,HS,CS1,IS1,TT1,MN1,NOVALUE,FWI,1,NOVALUE,NOVALUE,NOVALUE
CFG731_312bca0f41122f55,x731,CFG731_241d60e6ef5278be,879,TWO_CHARACTERISTIC,2,powerSupply|stromSchaltbar,1,True,F,GP,ST,4,1,K,2,NN,HS,NOVALUE,IS1,TT1,MN1,NOVALUE,FWI,1,NOVALUE,1,NOVALUE
CFG731_95926a78b388b693,x731,CFG731_241d60e6ef5278be,879,TWO_CHARACTERISTIC,2,powerSupply|temperaturEingaenge,2,True,F,GP,ST,4,1,K,2,NN,HS,CS1,IS1,NOVALUE,MN1,NOVALUE,FWI,1,NOVALUE,1,NOVALUE
CFG731_c8308576aedaf2a4,x731,CFG731_241d60e6ef5278be,879,TWO_CHARACTERISTIC,2,powerSupply|dev_advMeterVerification,2,True,F,GP,ST,4,1,K,2,NN,HS,CS1,IS1,TT1,MN1,NOVALUE,FWI,NOVALUE,NOVALUE,1,NOVALUE
CFG731_7c93206d47b93e31,x731,CFG731_241d60e6ef5278be,879,TWO_CHARACTERISTIC,2,powerSupply|customUserFluid,2,True,F,GP,ST,4,1,K,2,NN,HS,CS1,IS1,TT1,MN1,NOVALUE,FWI,1,NOVALUE,NOVALUE,NOVALUE
CFG731_2a6e9b57f90048ca,x731,CFG731_241d60e6ef5278be,879,TWO_CHARACTERISTIC,2,stromSchaltbar|dev_advMeterVerification,1,True,F,GP,ST,1,1,K,2,NN,HS,NOVALUE,IS1,TT1,MN1,NOVALUE,FWI,NOVALUE,NOVALUE,1,NOVALUE
CFG731_981d84ac2d25a7ea,x731,CFG731_241d60e6ef5278be,879,TWO_CHARACTERISTIC,2,stromSchaltbar|customUserFluid,1,True,F,GP,ST,1,1,K,2,NN,HS,NOVALUE,IS1,TT1,MN1,NOVALUE,FWI,1,NOVALUE,NOVALUE,NOVALUE
CFG731_c97534292d4feb30,x731,CFG731_241d60e6ef5278be,879,TWO_CHARACTERISTIC,2,temperaturEingaenge|dev_advMeterVerification,2,True,F,GP,ST,1,1,K,2,NN,HS,CS1,IS1,NOVALUE,MN1,NOVALUE,FWI,NOVALUE,NOVALUE,1,NOVALUE
CFG731_411773d48068b1c0,x731,CFG731_241d60e6ef5278be,879,TWO_CHARACTERISTIC,2,temperaturEingaenge|customUserFluid,2,True,F,GP,ST,1,1,K,2,NN,HS,CS1,IS1,NOVALUE,MN1,NOVALUE,FWI,1,NOVALUE,NOVALUE,NOVALUE
CFG731_7d063018d35af3bc,x731,CFG731_241d60e6ef5278be,879,TWO_CHARACTERISTIC,2,dev_advMeterVerification|customUserFluid,1,True,F,GP,ST,1,1,K,2,NN,HS,CS1,IS1,TT1,MN1,NOVALUE,FWI,NOVALUE,NOVALUE,NOVALUE,NOVALUE
CFG731_087e7f4690cae020,x731,CFG731_7b80fca32fdc0db0,881,TWO_CHARACTERISTIC,2,devCategory|powerSupply,2,True,G,GP,ST,4,1,K,2,NN,HS,NOVALUE,IS1,TT1,MN1,NOVALUE,FWI,1,NOVALUE,1,NOVALUE
CFG731_e674340656a7fb0a,x731,CFG731_7b80fca32fdc0db0,881,TWO_CHARACTERISTIC,2,devCategory|dev_advMeterVerification,2,True,G,GP,ST,1,1,K,2,NN,HS,NOVALUE,IS1,TT1,MN1,NOVALUE,FWI,NOVALUE,NOVALUE,1,NOVALUE
CFG731_b95d1b951e79c6a3,x731,CFG731_7b80fca32fdc0db0,881,TWO_CHARACTERISTIC,2,devCategory|customUserFluid,2,True,G,GP,ST,1,1,K,2,NN,HS,NOVALUE,IS1,TT1,MN1,NOVALUE,FWI,1,NOVALUE,NOVALUE,NOVALUE
CFG731_6ef9d48537934c32,x731,CFG731_7b80fca32fdc0db0,881,TWO_CHARACTERISTIC,2,powerSupply|dev_advMeterVerification,2,True,F,GP,ST,4,1,K,2,NN,HS,NOVALUE,IS1,TT1,MN1,NOVALUE,FWI,NOVALUE,NOVALUE,1,NOVALUE
CFG731_47f953bcca14dad2,x731,CFG731_7b80fca32fdc0db0,881,TWO_CHARACTERISTIC,2,powerSupply|customUserFluid,2,True,F,GP,ST,4,1,K,2,NN,HS,NOVALUE,IS1,TT1,MN1,NOVALUE,FWI,1,NOVALUE,NOVALUE,NOVALUE
CFG731_481bb8de90fc6f03,x731,CFG731_7b80fca32fdc0db0,881,TWO_CHARACTERISTIC,2,dev_advMeterVerification|customUserFluid,1,True,F,GP,ST,1,1,K,2,NN,HS,NOVALUE,IS1,TT1,MN1,NOVALUE,FWI,NOVALUE,NOVALUE,NOVALUE,NOVALUE
CFG731_117f19eb2913314e,x731,CFG731_1fb424bf591da0b3,882,ONE_CHARACTERISTIC,1,powerSupply,1,True,G,GP,ST,4,1,K,2,NN,NN,CS1,NOVALUE,TT1,NOVALUE,MP1,FWI,1,1,1,NOVALUE
CFG731_071845862a7aed14,x731,CFG731_1fb424bf591da0b3,882,ONE_CHARACTERISTIC,1,stromSchaltbar,1,True,G,GP,ST,1,1,K,2,NN,NN,NOVALUE,NOVALUE,TT1,NOVALUE,MP1,FWI,1,1,1,NOVALUE
CFG731_450eff458b4fe00f,x731,CFG731_1fb424bf591da0b3,882,ONE_CHARACTERISTIC,1,binaerOpenColl_MP,1,True,G,GP,ST,1,1,K,2,NN,NN,CS1,NOVALUE,TT1,NOVALUE,NOVALUE,FWI,1,1,1,NOVALUE
CFG731_bae6e4f47f3132d8,x731,CFG731_1fb424bf591da0b3,882,ONE_CHARACTERISTIC,1,dev_advMeterVerification,1,True,G,GP,ST,1,1,K,2,NN,NN,CS1,NOVALUE,TT1,NOVALUE,MP1,FWI,NOVALUE,1,1,NOVALUE
CFG731_068dfb669c5d2e98,x731,CFG731_1fb424bf591da0b3,882,ONE_CHARACTERISTIC,1,customUserFluid,1,True,G,GP,ST,1,1,K,2,NN,NN,CS1,NOVALUE,TT1,NOVALUE,MP1,FWI,1,1,NOVALUE,NOVALUE
CFG731_3df9fddf845f3508,x731,CFG731_1fb424bf591da0b3,882,DEPENDENCY_TWO_CHARACTERISTIC,2,stromEingaenge|temperaturEingaenge,1,True,G,GP,ST,1,1,K,2,NN,NN,CS1,IS1,NOVALUE,NOVALUE,MP1,FWI,1,1,1,NOVALUE
CFG731_8c429238b2628537,x731,CFG731_1fb424bf591da0b3,882,DEPENDENCY_TWO_CHARACTERISTIC,2,stromSchaltbar|stromEingaenge,1,True,G,GP,ST,1,1,K,2,NN,NN,NOVALUE,IS1,TT1,NOVALUE,MP1,FWI,1,1,1,NOVALUE
CFG731_f8be50c7f3fcf0ab,x731,CFG731_1fb424bf591da0b3,882,DEPENDENCY_TWO_CHARACTERISTIC,2,stromSchaltbar|temperaturEingaenge,1,True,G,GP,ST,1,1,K,2,NN,NN,NOVALUE,NOVALUE,NOVALUE,NOVALUE,MP1,FWI,1,1,1,NOVALUE
CFG731_79377060f99f59f3,x731,CFG731_1fb424bf591da0b3,882,TWO_CHARACTERISTIC,2,powerSupply|dataInterface,1,True,G,GP,ST,4,1,K,2,NN,HS,CS1,NOVALUE,TT1,NOVALUE,MP1,FWI,1,1,1,NOVALUE
CFG731_1376ae44d4a4335d,x731,CFG731_1fb424bf591da0b3,882,TWO_CHARACTERISTIC,2,powerSupply|stromSchaltbar,2,True,G,GP,ST,4,1,K,2,NN,NN,NOVALUE,NOVALUE,TT1,NOVALUE,MP1,FWI,1,1,1,NOVALUE
CFG731_073f991a6c9a4683,x731,CFG731_1fb424bf591da0b3,882,TWO_CHARACTERISTIC,2,powerSupply|stromEingaenge,1,True,G,GP,ST,4,1,K,2,NN,NN,CS1,IS1,TT1,NOVALUE,MP1,FWI,1,1,1,NOVALUE
CFG731_6af6079b2c6c1704,x731,CFG731_1fb424bf591da0b3,882,TWO_CHARACTERISTIC,2,powerSupply|temperaturEingaenge,1,True,G,GP,ST,4,1,K,2,NN,NN,CS1,NOVALUE,NOVALUE,NOVALUE,MP1,FWI,1,1,1,NOVALUE
CFG731_2381ca2b7b235e06,x731,CFG731_1fb424bf591da0b3,882,TWO_CHARACTERISTIC,2,powerSupply|binaerOpenColl_MP,2,True,G,GP,ST,4,1,K,2,NN,NN,CS1,NOVALUE,TT1,NOVALUE,NOVALUE,FWI,1,1,1,NOVALUE
CFG731_cc0461d60df39aa0,x731,CFG731_1fb424bf591da0b3,882,TWO_CHARACTERISTIC,2,powerSupply|dev_advMeterVerification,2,True,G,GP,ST,4,1,K,2,NN,NN,CS1,NOVALUE,TT1,NOVALUE,MP1,FWI,NOVALUE,1,1,NOVALUE
CFG731_5336b59a047b981b,x731,CFG731_1fb424bf591da0b3,882,TWO_CHARACTERISTIC,2,powerSupply|customUserFluid,2,True,G,GP,ST,4,1,K,2,NN,NN,CS1,NOVALUE,TT1,NOVALUE,MP1,FWI,1,1,NOVALUE,NOVALUE
CFG731_ac48ea580ed6d37e,x731,CFG731_1fb424bf591da0b3,882,TWO_CHARACTERISTIC,2,dataInterface|stromSchaltbar,1,True,G,GP,ST,1,1,K,2,NN,HS,NOVALUE,NOVALUE,TT1,NOVALUE,MP1,FWI,1,1,1,NOVALUE
CFG731_c817e64c5b0d43f3,x731,CFG731_1fb424bf591da0b3,882,TWO_CHARACTERISTIC,2,dataInterface|temperaturEingaenge,1,True,G,GP,ST,1,1,K,2,NN,HS,CS1,NOVALUE,NOVALUE,NOVALUE,MP1,FWI,1,1,1,NOVALUE
CFG731_b1993800646f7cb3,x731,CFG731_1fb424bf591da0b3,882,TWO_CHARACTERISTIC,2,dataInterface|binaerOpenColl_MP,1,True,G,GP,ST,1,1,K,2,NN,HS,CS1,NOVALUE,TT1,NOVALUE,NOVALUE,FWI,1,1,1,NOVALUE
CFG731_584d4f5b54752e2e,x731,CFG731_1fb424bf591da0b3,882,TWO_CHARACTERISTIC,2,dataInterface|dev_advMeterVerification,1,True,G,GP,ST,1,1,K,2,NN,HS,CS1,NOVALUE,TT1,NOVALUE,MP1,FWI,NOVALUE,1,1,NOVALUE
CFG731_5247c83d5f005ead,x731,CFG731_1fb424bf591da0b3,882,TWO_CHARACTERISTIC,2,dataInterface|customUserFluid,1,True,G,GP,ST,1,1,K,2,NN,HS,CS1,NOVALUE,TT1,NOVALUE,MP1,FWI,1,1,NOVALUE,NOVALUE
CFG731_38f12d9819479560,x731,CFG731_1fb424bf591da0b3,882,TWO_CHARACTERISTIC,2,stromSchaltbar|binaerOpenColl_MP,2,True,G,GP,ST,1,1,K,2,NN,NN,NOVALUE,NOVALUE,TT1,NOVALUE,NOVALUE,FWI,1,1,1,NOVALUE
CFG731_f3a077220d123b51,x731,CFG731_1fb424bf591da0b3,882,TWO_CHARACTERISTIC,2,stromSchaltbar|dev_advMeterVerification,2,True,G,GP,ST,1,1,K,2,NN,NN,NOVALUE,NOVALUE,TT1,NOVALUE,MP1,FWI,NOVALUE,1,1,NOVALUE
CFG731_a57b7e47c2f780cb,x731,CFG731_1fb424bf591da0b3,882,TWO_CHARACTERISTIC,2,stromSchaltbar|customUserFluid,2,True,G,GP,ST,1,1,K,2,NN,NN,NOVALUE,NOVALUE,TT1,NOVALUE,MP1,FWI,1,1,NOVALUE,NOVALUE
CFG731_0e8e1e235f5c2cb9,x731,CFG731_1fb424bf591da0b3,882,TWO_CHARACTERISTIC,2,stromEingaenge|binaerOpenColl_MP,1,True,G,GP,ST,1,1,K,2,NN,NN,CS1,IS1,TT1,NOVALUE,NOVALUE,FWI,1,1,1,NOVALUE
CFG731_42c4381af5ae3412,x731,CFG731_1fb424bf591da0b3,882,TWO_CHARACTERISTIC,2,stromEingaenge|dev_advMeterVerification,1,True,G,GP,ST,1,1,K,2,NN,NN,CS1,IS1,TT1,NOVALUE,MP1,FWI,NOVALUE,1,1,NOVALUE
CFG731_b16b5f82b033935f,x731,CFG731_1fb424bf591da0b3,882,TWO_CHARACTERISTIC,2,stromEingaenge|customUserFluid,1,True,G,GP,ST,1,1,K,2,NN,NN,CS1,IS1,TT1,NOVALUE,MP1,FWI,1,1,NOVALUE,NOVALUE
CFG731_274085596a46ecf6,x731,CFG731_1fb424bf591da0b3,882,TWO_CHARACTERISTIC,2,temperaturEingaenge|binaerOpenColl_MP,1,True,G,GP,ST,1,1,K,2,NN,NN,CS1,NOVALUE,NOVALUE,NOVALUE,NOVALUE,FWI,1,1,1,NOVALUE
CFG731_27f3f9fc0b2e1643,x731,CFG731_1fb424bf591da0b3,882,TWO_CHARACTERISTIC,2,temperaturEingaenge|dev_advMeterVerification,1,True,G,GP,ST,1,1,K,2,NN,NN,CS1,NOVALUE,NOVALUE,NOVALUE,MP1,FWI,NOVALUE,1,1,NOVALUE
CFG731_d1549bbe374e1d72,x731,CFG731_1fb424bf591da0b3,882,TWO_CHARACTERISTIC,2,temperaturEingaenge|customUserFluid,1,True,G,GP,ST,1,1,K,2,NN,NN,CS1,NOVALUE,NOVALUE,NOVALUE,MP1,FWI,1,1,NOVALUE,NOVALUE
CFG731_242db65961c47559,x731,CFG731_1fb424bf591da0b3,882,TWO_CHARACTERISTIC,2,binaerOpenColl_MP|dev_advMeterVerification,2,True,G,GP,ST,1,1,K,2,NN,NN,CS1,NOVALUE,TT1,NOVALUE,NOVALUE,FWI,NOVALUE,1,1,NOVALUE
CFG731_ef2682d19eb0622f,x731,CFG731_1fb424bf591da0b3,882,TWO_CHARACTERISTIC,2,binaerOpenColl_MP|customUserFluid,2,True,G,GP,ST,1,1,K,2,NN,NN,CS1,NOVALUE,TT1,NOVALUE,NOVALUE,FWI,1,1,NOVALUE,NOVALUE
CFG731_edb28838d59a102e,x731,CFG731_1fb424bf591da0b3,882,TWO_CHARACTERISTIC,2,dev_advMeterVerification|customUserFluid,2,True,G,GP,ST,1,1,K,2,NN,NN,CS1,NOVALUE,TT1,NOVALUE,MP1,FWI,NOVALUE,1,NOVALUE,NOVALUE
CFG731_c36f31ccdb75f66b,x731,CFG731_3b2a32abbf148ca1,884,TWO_CHARACTERISTIC,2,powerSupply|dataInterface,1,True,G,GP,ST,4,1,K,2,NN,HS,CS1,IS1,TT1,NOVALUE,MP1,FWI,1,1,1,NOVALUE
CFG731_90e2469b43142054,x731,CFG731_3b2a32abbf148ca1,884,TWO_CHARACTERISTIC,2,powerSupply|stromSchaltbar,2,True,G,GP,ST,4,1,K,2,NN,NN,NOVALUE,IS1,TT1,NOVALUE,MP1,FWI,1,1,1,NOVALUE
CFG731_3a955b973baab5a5,x731,CFG731_3b2a32abbf148ca1,884,TWO_CHARACTERISTIC,2,powerSupply|temperaturEingaenge,2,True,G,GP,ST,4,1,K,2,NN,NN,CS1,IS1,NOVALUE,NOVALUE,MP1,FWI,1,1,1,NOVALUE
CFG731_4b073b9311fd71e7,x731,CFG731_3b2a32abbf148ca1,884,TWO_CHARACTERISTIC,2,powerSupply|binaerOpenColl_MP,2,True,G,GP,ST,4,1,K,2,NN,NN,CS1,IS1,TT1,NOVALUE,NOVALUE,FWI,1,1,1,NOVALUE
CFG731_3e3d515cf14b228d,x731,CFG731_3b2a32abbf148ca1,884,TWO_CHARACTERISTIC,2,powerSupply|dev_advMeterVerification,2,True,G,GP,ST,4,1,K,2,NN,NN,CS1,IS1,TT1,NOVALUE,MP1,FWI,NOVALUE,1,1,NOVALUE
CFG731_cf57963000260b1d,x731,CFG731_3b2a32abbf148ca1,884,TWO_CHARACTERISTIC,2,powerSupply|customUserFluid,2,True,G,GP,ST,4,1,K,2,NN,NN,CS1,IS1,TT1,NOVALUE,MP1,FWI,1,1,NOVALUE,NOVALUE
CFG731_bf7f206c47d2ca18,x731,CFG731_3b2a32abbf148ca1,884,TWO_CHARACTERISTIC,2,dataInterface|temperaturEingaenge,1,True,G,GP,ST,1,1,K,2,NN,HS,CS1,IS1,NOVALUE,NOVALUE,MP1,FWI,1,1,1,NOVALUE
CFG731_1e24c798da6023df,x731,CFG731_3b2a32abbf148ca1,884,TWO_CHARACTERISTIC,2,dataInterface|binaerOpenColl_MP,1,True,G,GP,ST,1,1,K,2,NN,HS,CS1,IS1,TT1,NOVALUE,NOVALUE,FWI,1,1,1,NOVALUE
CFG731_ba85338ada486cf4,x731,CFG731_3b2a32abbf148ca1,884,TWO_CHARACTERISTIC,2,dataInterface|dev_advMeterVerification,1,True,G,GP,ST,1,1,K,2,NN,HS,CS1,IS1,TT1,NOVALUE,MP1,FWI,NOVALUE,1,1,NOVALUE
CFG731_7630270d2245c283,x731,CFG731_3b2a32abbf148ca1,884,TWO_CHARACTERISTIC,2,dataInterface|customUserFluid,1,True,G,GP,ST,1,1,K,2,NN,HS,CS1,IS1,TT1,NOVALUE,MP1,FWI,1,1,NOVALUE,NOVALUE
CFG731_3d5b5c513d46aebe,x731,CFG731_3b2a32abbf148ca1,884,TWO_CHARACTERISTIC,2,stromSchaltbar|binaerOpenColl_MP,2,True,G,GP,ST,1,1,K,2,NN,NN,NOVALUE,IS1,TT1,NOVALUE,NOVALUE,FWI,1,1,1,NOVALUE
CFG731_d4dafb658c85c692,x731,CFG731_3b2a32abbf148ca1,884,TWO_CHARACTERISTIC,2,stromSchaltbar|dev_advMeterVerification,2,True,G,GP,ST,1,1,K,2,NN,NN,NOVALUE,IS1,TT1,NOVALUE,MP1,FWI,NOVALUE,1,1,NOVALUE
CFG731_a5ec04e77bc3a713,x731,CFG731_3b2a32abbf148ca1,884,TWO_CHARACTERISTIC,2,stromSchaltbar|customUserFluid,2,True,G,GP,ST,1,1,K,2,NN,NN,NOVALUE,IS1,TT1,NOVALUE,MP1,FWI,1,1,NOVALUE,NOVALUE
CFG731_ebca481dc92d4982,x731,CFG731_3b2a32abbf148ca1,884,TWO_CHARACTERISTIC,2,temperaturEingaenge|binaerOpenColl_MP,2,True,G,GP,ST,1,1,K,2,NN,NN,CS1,IS1,NOVALUE,NOVALUE,NOVALUE,FWI,1,1,1,NOVALUE
CFG731_6638f62366414007,x731,CFG731_3b2a32abbf148ca1,884,TWO_CHARACTERISTIC,2,temperaturEingaenge|dev_advMeterVerification,2,True,G,GP,ST,1,1,K,2,NN,NN,CS1,IS1,NOVALUE,NOVALUE,MP1,FWI,NOVALUE,1,1,NOVALUE
CFG731_3b014690caa57229,x731,CFG731_3b2a32abbf148ca1,884,TWO_CHARACTERISTIC,2,temperaturEingaenge|customUserFluid,2,True,G,GP,ST,1,1,K,2,NN,NN,CS1,IS1,NOVALUE,NOVALUE,MP1,FWI,1,1,NOVALUE,NOVALUE
CFG731_bd2c500e5b411ccb,x731,CFG731_3b2a32abbf148ca1,884,TWO_CHARACTERISTIC,2,binaerOpenColl_MP|dev_advMeterVerification,2,True,G,GP,ST,1,1,K,2,NN,NN,CS1,IS1,TT1,NOVALUE,NOVALUE,FWI,NOVALUE,1,1,NOVALUE
CFG731_3a5c5c914580fe23,x731,CFG731_3b2a32abbf148ca1,884,TWO_CHARACTERISTIC,2,binaerOpenColl_MP|customUserFluid,2,True,G,GP,ST,1,1,K,2,NN,NN,CS1,IS1,TT1,NOVALUE,NOVALUE,FWI,1,1,NOVALUE,NOVALUE
CFG731_0d5778e3eeef7d4c,x731,CFG731_3b2a32abbf148ca1,884,TWO_CHARACTERISTIC,2,dev_advMeterVerification|customUserFluid,2,True,G,GP,ST,1,1,K,2,NN,NN,CS1,IS1,TT1,NOVALUE,MP1,FWI,NOVALUE,1,NOVALUE,NOVALUE
CFG731_f631a6c90eb75354,x731,CFG731_98bdc6937e342d40,887,ONE_CHARACTERISTIC,1,powerSupply,1,True,G,GP,ST,4,1,K,2,NN,NN,NOVALUE,IS1,NOVALUE,NOVALUE,MP1,FWI,1,1,1,NOVALUE
CFG731_dd35920267346811,x731,CFG731_98bdc6937e342d40,887,ONE_CHARACTERISTIC,1,dataInterface,1,True,G,GP,ST,1,1,K,2,NN,HS,NOVALUE,IS1,NOVALUE,NOVALUE,MP1,FWI,1,1,1,NOVALUE
CFG731_48332037deb06db4,x731,CFG731_98bdc6937e342d40,887,ONE_CHARACTERISTIC,1,binaerOpenColl_MP,1,True,G,GP,ST,1,1,K,2,NN,NN,NOVALUE,IS1,NOVALUE,NOVALUE,NOVALUE,FWI,1,1,1,NOVALUE
CFG731_541ce2492ce71d94,x731,CFG731_98bdc6937e342d40,887,ONE_CHARACTERISTIC,1,dev_advMeterVerification,1,True,G,GP,ST,1,1,K,2,NN,NN,NOVALUE,IS1,NOVALUE,NOVALUE,MP1,FWI,NOVALUE,1,1,NOVALUE
CFG731_f4e7010207bfdfc0,x731,CFG731_98bdc6937e342d40,887,ONE_CHARACTERISTIC,1,customUserFluid,1,True,G,GP,ST,1,1,K,2,NN,NN,NOVALUE,IS1,NOVALUE,NOVALUE,MP1,FWI,1,1,NOVALUE,NOVALUE
CFG731_9def437248bc790b,x731,CFG731_98bdc6937e342d40,887,TWO_CHARACTERISTIC,2,powerSupply|dataInterface,2,True,G,GP,ST,4,1,K,2,NN,HS,NOVALUE,IS1,NOVALUE,NOVALUE,MP1,FWI,1,1,1,NOVALUE
CFG731_9f0f2739b1d5d241,x731,CFG731_98bdc6937e342d40,887,TWO_CHARACTERISTIC,2,powerSupply|stromEingaenge,2,True,G,GP,ST,4,1,K,2,NN,NN,NOVALUE,NOVALUE,NOVALUE,NOVALUE,MP1,FWI,1,1,1,NOVALUE
CFG731_4a5477414a6b887a,x731,CFG731_98bdc6937e342d40,887,TWO_CHARACTERISTIC,2,powerSupply|binaerOpenColl_MP,2,True,G,GP,ST,4,1,K,2,NN,NN,NOVALUE,IS1,NOVALUE,NOVALUE,NOVALUE,FWI,1,1,1,NOVALUE
CFG731_d21fb1e9689a11ff,x731,CFG731_98bdc6937e342d40,887,TWO_CHARACTERISTIC,2,powerSupply|dev_advMeterVerification,2,True,G,GP,ST,4,1,K,2,NN,NN,NOVALUE,IS1,NOVALUE,NOVALUE,MP1,FWI,NOVALUE,1,1,NOVALUE
CFG731_684f5b57aede8fe7,x731,CFG731_98bdc6937e342d40,887,TWO_CHARACTERISTIC,2,powerSupply|customUserFluid,2,True,G,GP,ST,4,1,K,2,NN,NN,NOVALUE,IS1,NOVALUE,NOVALUE,MP1,FWI,1,1,NOVALUE,NOVALUE
CFG731_8e9efeb65212c69a,x731,CFG731_98bdc6937e342d40,887,TWO_CHARACTERISTIC,2,dataInterface|stromEingaenge,2,True,G,GP,ST,1,1,K,2,NN,HS,NOVALUE,NOVALUE,NOVALUE,NOVALUE,MP1,FWI,1,1,1,NOVALUE
CFG731_f3c54a46a3638511,x731,CFG731_98bdc6937e342d40,887,TWO_CHARACTERISTIC,2,dataInterface|binaerOpenColl_MP,2,True,G,GP,ST,1,1,K,2,NN,HS,NOVALUE,IS1,NOVALUE,NOVALUE,NOVALUE,FWI,1,1,1,NOVALUE
CFG731_7ac0628b6a218648,x731,CFG731_98bdc6937e342d40,887,TWO_CHARACTERISTIC,2,dataInterface|dev_advMeterVerification,2,True,G,GP,ST,1,1,K,2,NN,HS,NOVALUE,IS1,NOVALUE,NOVALUE,MP1,FWI,NOVALUE,1,1,NOVALUE
CFG731_47312ecc03f546f3,x731,CFG731_98bdc6937e342d40,887,TWO_CHARACTERISTIC,2,dataInterface|customUserFluid,2,True,G,GP,ST,1,1,K,2,NN,HS,NOVALUE,IS1,NOVALUE,NOVALUE,MP1,FWI,1,1,NOVALUE,NOVALUE
CFG731_72df885ca96d73fd,x731,CFG731_98bdc6937e342d40,887,TWO_CHARACTERISTIC,2,stromEingaenge|binaerOpenColl_MP,2,True,G,GP,ST,1,1,K,2,NN,NN,NOVALUE,NOVALUE,NOVALUE,NOVALUE,NOVALUE,FWI,1,1,1,NOVALUE
CFG731_caea0e3316fe85e4,x731,CFG731_98bdc6937e342d40,887,TWO_CHARACTERISTIC,2,stromEingaenge|dev_advMeterVerification,2,True,G,GP,ST,1,1,K,2,NN,NN,NOVALUE,NOVALUE,NOVALUE,NOVALUE,MP1,FWI,NOVALUE,1,1,NOVALUE
CFG731_c59060aa65be9545,x731,CFG731_98bdc6937e342d40,887,TWO_CHARACTERISTIC,2,stromEingaenge|customUserFluid,2,True,G,GP,ST,1,1,K,2,NN,NN,NOVALUE,NOVALUE,NOVALUE,NOVALUE,MP1,FWI,1,1,NOVALUE,NOVALUE
CFG731_542026e1a9800454,x731,CFG731_98bdc6937e342d40,887,TWO_CHARACTERISTIC,2,binaerOpenColl_MP|dev_advMeterVerification,2,True,G,GP,ST,1,1,K,2,NN,NN,NOVALUE,IS1,NOVALUE,NOVALUE,NOVALUE,FWI,NOVALUE,1,1,NOVALUE
CFG731_ec9510e138997c9f,x731,CFG731_98bdc6937e342d40,887,TWO_CHARACTERISTIC,2,binaerOpenColl_MP|customUserFluid,2,True,G,GP,ST,1,1,K,2,NN,NN,NOVALUE,IS1,NOVALUE,NOVALUE,NOVALUE,FWI,1,1,NOVALUE,NOVALUE
CFG731_5c33c9851b120b80,x731,CFG731_98bdc6937e342d40,887,TWO_CHARACTERISTIC,2,dev_advMeterVerification|customUserFluid,2,True,G,GP,ST,1,1,K,2,NN,NN,NOVALUE,IS1,NOVALUE,NOVALUE,MP1,FWI,NOVALUE,1,NOVALUE,NOVALUE
CFG731_f8b0b03f1ea66d75,x731,CFG731_8e97bb2bec352a2c,888,TWO_CHARACTERISTIC,2,powerSupply|dataInterface,2,True,G,GP,ST,4,1,K,2,NN,HS,CS1,NOVALUE,NOVALUE,NOVALUE,MP1,FWI,1,1,1,NOVALUE
CFG731_69a1a9f9c6f97422,x731,CFG731_8e97bb2bec352a2c,888,TWO_CHARACTERISTIC,2,powerSupply|binaerOpenColl_MP,2,True,G,GP,ST,4,1,K,2,NN,NN,CS1,NOVALUE,NOVALUE,NOVALUE,NOVALUE,FWI,1,1,1,NOVALUE
CFG731_d6e2872964417479,x731,CFG731_8e97bb2bec352a2c,888,TWO_CHARACTERISTIC,2,powerSupply|dev_advMeterVerification,2,True,G,GP,ST,4,1,K,2,NN,NN,CS1,NOVALUE,NOVALUE,NOVALUE,MP1,FWI,NOVALUE,1,1,NOVALUE
CFG731_51def5940d0fbf7e,x731,CFG731_8e97bb2bec352a2c,888,TWO_CHARACTERISTIC,2,powerSupply|customUserFluid,2,True,G,GP,ST,4,1,K,2,NN,NN,CS1,NOVALUE,NOVALUE,NOVALUE,MP1,FWI,1,1,NOVALUE,NOVALUE
CFG731_20f14c1ef73b69bd,x731,CFG731_8e97bb2bec352a2c,888,TWO_CHARACTERISTIC,2,dataInterface|binaerOpenColl_MP,2,True,G,GP,ST,1,1,K,2,NN,HS,CS1,NOVALUE,NOVALUE,NOVALUE,NOVALUE,FWI,1,1,1,NOVALUE
CFG731_1509c3729def0e7e,x731,CFG731_8e97bb2bec352a2c,888,TWO_CHARACTERISTIC,2,dataInterface|dev_advMeterVerification,2,True,G,GP,ST,1,1,K,2,NN,HS,CS1,NOVALUE,NOVALUE,NOVALUE,MP1,FWI,NOVALUE,1,1,NOVALUE
CFG731_2f5fc847ee056f67,x731,CFG731_8e97bb2bec352a2c,888,TWO_CHARACTERISTIC,2,dataInterface|customUserFluid,2,True,G,GP,ST,1,1,K,2,NN,HS,CS1,NOVALUE,NOVALUE,NOVALUE,MP1,FWI,1,1,NOVALUE,NOVALUE
CFG731_20f2040599e9b60a,x731,CFG731_8e97bb2bec352a2c,888,TWO_CHARACTERISTIC,2,binaerOpenColl_MP|dev_advMeterVerification,2,True,G,GP,ST,1,1,K,2,NN,NN,CS1,NOVALUE,NOVALUE,NOVALUE,NOVALUE,FWI,NOVALUE,1,1,NOVALUE
CFG731_d8d31dc95739a673,x731,CFG731_8e97bb2bec352a2c,888,TWO_CHARACTERISTIC,2,binaerOpenColl_MP|customUserFluid,2,True,G,GP,ST,1,1,K,2,NN,NN,CS1,NOVALUE,NOVALUE,NOVALUE,NOVALUE,FWI,1,1,NOVALUE,NOVALUE
CFG731_686af6a16a0595e4,x731,CFG731_8e97bb2bec352a2c,888,TWO_CHARACTERISTIC,2,dev_advMeterVerification|customUserFluid,2,True,G,GP,ST,1,1,K,2,NN,NN,CS1,NOVALUE,NOVALUE,NOVALUE,MP1,FWI,NOVALUE,1,NOVALUE,NOVALUE
CFG731_855f11063436dcc2,x731,CFG731_fde1ab2a4808b544,896,TWO_CHARACTERISTIC,2,powerSupply|stromSchaltbar,2,True,G,GP,ST,4,1,K,2,NN,HS,NOVALUE,NOVALUE,TT1,NOVALUE,MP1,FWI,1,1,1,NOVALUE
CFG731_24835fd2922d6b04,x731,CFG731_fde1ab2a4808b544,896,TWO_CHARACTERISTIC,2,powerSupply|binaerOpenColl_MP,2,True,G,GP,ST,4,1,K,2,NN,HS,CS1,NOVALUE,TT1,NOVALUE,NOVALUE,FWI,1,1,1,NOVALUE
CFG731_9badd4ff6102243a,x731,CFG731_fde1ab2a4808b544,896,TWO_CHARACTERISTIC,2,powerSupply|dev_advMeterVerification,2,True,G,GP,ST,4,1,K,2,NN,HS,CS1,NOVALUE,TT1,NOVALUE,MP1,FWI,NOVALUE,1,1,NOVALUE
CFG731_56e8ccb1386fec98,x731,CFG731_fde1ab2a4808b544,896,TWO_CHARACTERISTIC,2,powerSupply|customUserFluid,2,True,G,GP,ST,4,1,K,2,NN,HS,CS1,NOVALUE,TT1,NOVALUE,MP1,FWI,1,1,NOVALUE,NOVALUE
CFG731_4cb893393448e4ce,x731,CFG731_fde1ab2a4808b544,896,TWO_CHARACTERISTIC,2,stromSchaltbar|binaerOpenColl_MP,2,True,G,GP,ST,1,1,K,2,NN,HS,NOVALUE,NOVALUE,TT1,NOVALUE,NOVALUE,FWI,1,1,1,NOVALUE
CFG731_9c21848fed1f6e04,x731,CFG731_fde1ab2a4808b544,896,TWO_CHARACTERISTIC,2,stromSchaltbar|dev_advMeterVerification,2,True,G,GP,ST,1,1,K,2,NN,HS,NOVALUE,NOVALUE,TT1,NOVALUE,MP1,FWI,NOVALUE,1,1,NOVALUE
CFG731_eea573acdafa9ee3,x731,CFG731_fde1ab2a4808b544,896,TWO_CHARACTERISTIC,2,stromSchaltbar|customUserFluid,2,True,G,GP,ST,1,1,K,2,NN,HS,NOVALUE,NOVALUE,TT1,NOVALUE,MP1,FWI,1,1,NOVALUE,NOVALUE
CFG731_65972d60462fd518,x731,CFG731_fde1ab2a4808b544,896,TWO_CHARACTERISTIC,2,binaerOpenColl_MP|dev_advMeterVerification,2,True,G,GP,ST,1,1,K,2,NN,HS,CS1,NOVALUE,TT1,NOVALUE,NOVALUE,FWI,NOVALUE,1,1,NOVALUE
CFG731_64b717acf57e10c9,x731,CFG731_fde1ab2a4808b544,896,TWO_CHARACTERISTIC,2,binaerOpenColl_MP|customUserFluid,2,True,G,GP,ST,1,1,K,2,NN,HS,CS1,NOVALUE,TT1,NOVALUE,NOVALUE,FWI,1,1,NOVALUE,NOVALUE
CFG731_a1cadf8c4a6793ba,x731,CFG731_fde1ab2a4808b544,896,TWO_CHARACTERISTIC,2,dev_advMeterVerification|customUserFluid,2,True,G,GP,ST,1,1,K,2,NN,HS,CS1,NOVALUE,TT1,NOVALUE,MP1,FWI,NOVALUE,1,NOVALUE,NOVALUE
CFG731_e86d82c5ad6683ec,x731,CFG731_11da8cc369b71f5a,898,TWO_CHARACTERISTIC,2,powerSupply|stromSchaltbar,1,True,G,GP,ST,4,1,K,2,NN,HS,NOVALUE,IS1,TT1,NOVALUE,MP1,FWI,1,1,1,NOVALUE
CFG731_6e7eaec5f2397d50,x731,CFG731_11da8cc369b71f5a,898,TWO_CHARACTERISTIC,2,powerSupply|temperaturEingaenge,2,True,G,GP,ST,4,1,K,2,NN,HS,CS1,IS1,NOVALUE,NOVALUE,MP1,FWI,1,1,1,NOVALUE
CFG731_2cc90135ac8a8cdc,x731,CFG731_11da8cc369b71f5a,898,TWO_CHARACTERISTIC,2,powerSupply|binaerOpenColl_MP,2,True,G,GP,ST,4,1,K,2,NN,HS,CS1,IS1,TT1,NOVALUE,NOVALUE,FWI,1,1,1,NOVALUE
CFG731_2bd8e2e865ba6f6e,x731,CFG731_11da8cc369b71f5a,898,TWO_CHARACTERISTIC,2,powerSupply|dev_advMeterVerification,2,True,G,GP,ST,4,1,K,2,NN,HS,CS1,IS1,TT1,NOVALUE,MP1,FWI,NOVALUE,1,1,NOVALUE
CFG731_c5b33e6fd86180ca,x731,CFG731_11da8cc369b71f5a,898,TWO_CHARACTERISTIC,2,powerSupply|customUserFluid,2,True,G,GP,ST,4,1,K,2,NN,HS,CS1,IS1,TT1,NOVALUE,MP1,FWI,1,1,NOVALUE,NOVALUE
CFG731_4ac0ef69f4678c8b,x731,CFG731_11da8cc369b71f5a,898,TWO_CHARACTERISTIC,2,stromSchaltbar|binaerOpenColl_MP,1,True,G,GP,ST,1,1,K,2,NN,HS,NOVALUE,IS1,TT1,NOVALUE,NOVALUE,FWI,1,1,1,NOVALUE
CFG731_ba17ab216ae91e1a,x731,CFG731_11da8cc369b71f5a,898,TWO_CHARACTERISTIC,2,stromSchaltbar|dev_advMeterVerification,1,True,G,GP,ST,1,1,K,2,NN,HS,NOVALUE,IS1,TT1,NOVALUE,MP1,FWI,NOVALUE,1,1,NOVALUE
CFG731_b224ed5b17e9b7e0,x731,CFG731_11da8cc369b71f5a,898,TWO_CHARACTERISTIC,2,stromSchaltbar|customUserFluid,1,True,G,GP,ST,1,1,K,2,NN,HS,NOVALUE,IS1,TT1,NOVALUE,MP1,FWI,1,1,NOVALUE,NOVALUE
CFG731_ba5635620e825ec2,x731,CFG731_11da8cc369b71f5a,898,TWO_CHARACTERISTIC,2,temperaturEingaenge|binaerOpenColl_MP,2,True,G,GP,ST,1,1,K,2,NN,HS,CS1,IS1,NOVALUE,NOVALUE,NOVALUE,FWI,1,1,1,NOVALUE
CFG731_d95c7be2d0ea55b4,x731,CFG731_11da8cc369b71f5a,898,TWO_CHARACTERISTIC,2,temperaturEingaenge|dev_advMeterVerification,2,True,G,GP,ST,1,1,K,2,NN,HS,CS1,IS1,NOVALUE,NOVALUE,MP1,FWI,NOVALUE,1,1,NOVALUE
CFG731_3f59eea022053bb3,x731,CFG731_11da8cc369b71f5a,898,TWO_CHARACTERISTIC,2,temperaturEingaenge|customUserFluid,2,True,G,GP,ST,1,1,K,2,NN,HS,CS1,IS1,NOVALUE,NOVALUE,MP1,FWI,1,1,NOVALUE,NOVALUE
CFG731_e66be351549378c6,x731,CFG731_11da8cc369b71f5a,898,TWO_CHARACTERISTIC,2,binaerOpenColl_MP|dev_advMeterVerification,2,True,G,GP,ST,1,1,K,2,NN,HS,CS1,IS1,TT1,NOVALUE,NOVALUE,FWI,NOVALUE,1,1,NOVALUE
CFG731_804fd97f3e73ed8a,x731,CFG731_11da8cc369b71f5a,898,TWO_CHARACTERISTIC,2,binaerOpenColl_MP|customUserFluid,2,True,G,GP,ST,1,1,K,2,NN,HS,CS1,IS1,TT1,NOVALUE,NOVALUE,FWI,1,1,NOVALUE,NOVALUE
CFG731_77bcaa2cebe15031,x731,CFG731_11da8cc369b71f5a,898,TWO_CHARACTERISTIC,2,dev_advMeterVerification|customUserFluid,2,True,G,GP,ST,1,1,K,2,NN,HS,CS1,IS1,TT1,NOVALUE,MP1,FWI,NOVALUE,1,NOVALUE,NOVALUE
CFG731_e9b10f07ada7d5e2,x731,CFG731_59f11353d30c03ee,900,TWO_CHARACTERISTIC,2,powerSupply|binaerOpenColl_MP,2,True,G,GP,ST,4,1,K,2,NN,HS,NOVALUE,IS1,TT1,NOVALUE,NOVALUE,FWI,1,1,1,NOVALUE
CFG731_bcf12907155d8b64,x731,CFG731_59f11353d30c03ee,900,TWO_CHARACTERISTIC,2,powerSupply|dev_advMeterVerification,2,True,G,GP,ST,4,1,K,2,NN,HS,NOVALUE,IS1,TT1,NOVALUE,MP1,FWI,NOVALUE,1,1,NOVALUE
CFG731_7dcd449120316279,x731,CFG731_59f11353d30c03ee,900,TWO_CHARACTERISTIC,2,powerSupply|customUserFluid,2,True,G,GP,ST,4,1,K,2,NN,HS,NOVALUE,IS1,TT1,NOVALUE,MP1,FWI,1,1,NOVALUE,NOVALUE
CFG731_e6cd7fd757de0523,x731,CFG731_59f11353d30c03ee,900,TWO_CHARACTERISTIC,2,binaerOpenColl_MP|dev_advMeterVerification,2,True,G,GP,ST,1,1,K,2,NN,HS,NOVALUE,IS1,TT1,NOVALUE,NOVALUE,FWI,NOVALUE,1,1,NOVALUE
CFG731_c2cd0c320ef0d703,x731,CFG731_59f11353d30c03ee,900,TWO_CHARACTERISTIC,2,binaerOpenColl_MP|customUserFluid,2,True,G,GP,ST,1,1,K,2,NN,HS,NOVALUE,IS1,TT1,NOVALUE,NOVALUE,FWI,1,1,NOVALUE,NOVALUE
CFG731_f9d6a4962ed4f17b,x731,CFG731_59f11353d30c03ee,900,TWO_CHARACTERISTIC,2,dev_advMeterVerification|customUserFluid,2,True,G,GP,ST,1,1,K,2,NN,HS,NOVALUE,IS1,TT1,NOVALUE,MP1,FWI,NOVALUE,1,NOVALUE,NOVALUE
CFG731_4346df46838fd57e,x731,CFG731_775c3458f44938c0,901,ONE_CHARACTERISTIC,1,powerSupply,1,True,G,GP,ST,4,1,K,2,NN,NN,CS1,NOVALUE,TT1,MN1,NOVALUE,FWI,1,1,1,NOVALUE
CFG731_5c624ef6fa2b6510,x731,CFG731_775c3458f44938c0,901,ONE_CHARACTERISTIC,1,stromSchaltbar,1,True,G,GP,ST,1,1,K,2,NN,NN,NOVALUE,NOVALUE,TT1,MN1,NOVALUE,FWI,1,1,1,NOVALUE
CFG731_25f80262f61e7497,x731,CFG731_775c3458f44938c0,901,ONE_CHARACTERISTIC,1,dev_advMeterVerification,1,True,G,GP,ST,1,1,K,2,NN,NN,CS1,NOVALUE,TT1,MN1,NOVALUE,FWI,NOVALUE,1,1,NOVALUE
CFG731_663e1e93ec389f08,x731,CFG731_775c3458f44938c0,901,ONE_CHARACTERISTIC,1,customUserFluid,1,True,G,GP,ST,1,1,K,2,NN,NN,CS1,NOVALUE,TT1,MN1,NOVALUE,FWI,1,1,NOVALUE,NOVALUE
CFG731_65da22cd215fbcf6,x731,CFG731_775c3458f44938c0,901,DEPENDENCY_TWO_CHARACTERISTIC,2,stromEingaenge|temperaturEingaenge,1,True,G,GP,ST,1,1,K,2,NN,NN,CS1,IS1,NOVALUE,MN1,NOVALUE,FWI,1,1,1,NOVALUE
CFG731_7ffc09802c7b60bf,x731,CFG731_775c3458f44938c0,901,DEPENDENCY_TWO_CHARACTERISTIC,2,stromSchaltbar|stromEingaenge,1,True,G,GP,ST,1,1,K,2,NN,NN,NOVALUE,IS1,TT1,MN1,NOVALUE,FWI,1,1,1,NOVALUE
CFG731_af66bb7c63b30137,x731,CFG731_775c3458f44938c0,901,DEPENDENCY_TWO_CHARACTERISTIC,2,stromSchaltbar|temperaturEingaenge,1,True,G,GP,ST,1,1,K,2,NN,NN,NOVALUE,NOVALUE,NOVALUE,MN1,NOVALUE,FWI,1,1,1,NOVALUE
CFG731_27bb9f530dcb688a,x731,CFG731_775c3458f44938c0,901,TWO_CHARACTERISTIC,2,powerSupply|dataInterface,1,True,G,GP,ST,4,1,K,2,NN,HS,CS1,NOVALUE,TT1,MN1,NOVALUE,FWI,1,1,1,NOVALUE
CFG731_6d6d7b2b648cd500,x731,CFG731_775c3458f44938c0,901,TWO_CHARACTERISTIC,2,powerSupply|stromSchaltbar,2,True,G,GP,ST,4,1,K,2,NN,NN,NOVALUE,NOVALUE,TT1,MN1,NOVALUE,FWI,1,1,1,NOVALUE
CFG731_021f4647ad1035b8,x731,CFG731_775c3458f44938c0,901,TWO_CHARACTERISTIC,2,powerSupply|stromEingaenge,1,True,G,GP,ST,4,1,K,2,NN,NN,CS1,IS1,TT1,MN1,NOVALUE,FWI,1,1,1,NOVALUE
CFG731_4138a046f10b4aa8,x731,CFG731_775c3458f44938c0,901,TWO_CHARACTERISTIC,2,powerSupply|temperaturEingaenge,1,True,G,GP,ST,4,1,K,2,NN,NN,CS1,NOVALUE,NOVALUE,MN1,NOVALUE,FWI,1,1,1,NOVALUE
CFG731_63bbe1210f9fb0c1,x731,CFG731_775c3458f44938c0,901,TWO_CHARACTERISTIC,2,powerSupply|dev_advMeterVerification,2,True,G,GP,ST,4,1,K,2,NN,NN,CS1,NOVALUE,TT1,MN1,NOVALUE,FWI,NOVALUE,1,1,NOVALUE
CFG731_761c71e98da39553,x731,CFG731_775c3458f44938c0,901,TWO_CHARACTERISTIC,2,powerSupply|customUserFluid,2,True,G,GP,ST,4,1,K,2,NN,NN,CS1,NOVALUE,TT1,MN1,NOVALUE,FWI,1,1,NOVALUE,NOVALUE
CFG731_d19d1ea3b97eb177,x731,CFG731_775c3458f44938c0,901,TWO_CHARACTERISTIC,2,dataInterface|stromSchaltbar,1,True,G,GP,ST,1,1,K,2,NN,HS,NOVALUE,NOVALUE,TT1,MN1,NOVALUE,FWI,1,1,1,NOVALUE
CFG731_6d44172bc82c7ed7,x731,CFG731_775c3458f44938c0,901,TWO_CHARACTERISTIC,2,dataInterface|temperaturEingaenge,1,True,G,GP,ST,1,1,K,2,NN,HS,CS1,NOVALUE,NOVALUE,MN1,NOVALUE,FWI,1,1,1,NOVALUE
CFG731_73c53a15d1dcf96f,x731,CFG731_775c3458f44938c0,901,TWO_CHARACTERISTIC,2,dataInterface|dev_advMeterVerification,1,True,G,GP,ST,1,1,K,2,NN,HS,CS1,NOVALUE,TT1,MN1,NOVALUE,FWI,NOVALUE,1,1,NOVALUE
CFG731_cb0dc20db2bc1ae3,x731,CFG731_775c3458f44938c0,901,TWO_CHARACTERISTIC,2,dataInterface|customUserFluid,1,True,G,GP,ST,1,1,K,2,NN,HS,CS1,NOVALUE,TT1,MN1,NOVALUE,FWI,1,1,NOVALUE,NOVALUE
CFG731_a04cb2bbaa13d22b,x731,CFG731_775c3458f44938c0,901,TWO_CHARACTERISTIC,2,stromSchaltbar|dev_advMeterVerification,2,True,G,GP,ST,1,1,K,2,NN,NN,NOVALUE,NOVALUE,TT1,MN1,NOVALUE,FWI,NOVALUE,1,1,NOVALUE
CFG731_b2cfdbf46904c03f,x731,CFG731_775c3458f44938c0,901,TWO_CHARACTERISTIC,2,stromSchaltbar|customUserFluid,2,True,G,GP,ST,1,1,K,2,NN,NN,NOVALUE,NOVALUE,TT1,MN1,NOVALUE,FWI,1,1,NOVALUE,NOVALUE
CFG731_f2f16ec6756d8443,x731,CFG731_775c3458f44938c0,901,TWO_CHARACTERISTIC,2,stromEingaenge|dev_advMeterVerification,1,True,G,GP,ST,1,1,K,2,NN,NN,CS1,IS1,TT1,MN1,NOVALUE,FWI,NOVALUE,1,1,NOVALUE
CFG731_3d652e6a54b1c68b,x731,CFG731_775c3458f44938c0,901,TWO_CHARACTERISTIC,2,stromEingaenge|customUserFluid,1,True,G,GP,ST,1,1,K,2,NN,NN,CS1,IS1,TT1,MN1,NOVALUE,FWI,1,1,NOVALUE,NOVALUE
CFG731_4a82f9e730637618,x731,CFG731_775c3458f44938c0,901,TWO_CHARACTERISTIC,2,temperaturEingaenge|dev_advMeterVerification,1,True,G,GP,ST,1,1,K,2,NN,NN,CS1,NOVALUE,NOVALUE,MN1,NOVALUE,FWI,NOVALUE,1,1,NOVALUE
CFG731_90dc5a2ccc9e8c22,x731,CFG731_775c3458f44938c0,901,TWO_CHARACTERISTIC,2,temperaturEingaenge|customUserFluid,1,True,G,GP,ST,1,1,K,2,NN,NN,CS1,NOVALUE,NOVALUE,MN1,NOVALUE,FWI,1,1,NOVALUE,NOVALUE
CFG731_9f8630b67ad23a9c,x731,CFG731_775c3458f44938c0,901,TWO_CHARACTERISTIC,2,dev_advMeterVerification|customUserFluid,2,True,G,GP,ST,1,1,K,2,NN,NN,CS1,NOVALUE,TT1,MN1,NOVALUE,FWI,NOVALUE,1,NOVALUE,NOVALUE
CFG731_78d3b084a795c836,x731,CFG731_5dd42015f6f61801,903,TWO_CHARACTERISTIC,2,powerSupply|dataInterface,1,True,G,GP,ST,4,1,K,2,NN,HS,CS1,IS1,TT1,MN1,NOVALUE,FWI,1,1,1,NOVALUE
CFG731_4f6ded08312b330c,x731,CFG731_5dd42015f6f61801,903,TWO_CHARACTERISTIC,2,powerSupply|stromSchaltbar,2,True,G,GP,ST,4,1,K,2,NN,NN,NOVALUE,IS1,TT1,MN1,NOVALUE,FWI,1,1,1,NOVALUE
CFG731_693e1b6478787490,x731,CFG731_5dd42015f6f61801,903,TWO_CHARACTERISTIC,2,powerSupply|temperaturEingaenge,2,True,G,GP,ST,4,1,K,2,NN,NN,CS1,IS1,NOVALUE,MN1,NOVALUE,FWI,1,1,1,NOVALUE
CFG731_9e7f321ebf59b03c,x731,CFG731_5dd42015f6f61801,903,TWO_CHARACTERISTIC,2,powerSupply|dev_advMeterVerification,2,True,G,GP,ST,4,1,K,2,NN,NN,CS1,IS1,TT1,MN1,NOVALUE,FWI,NOVALUE,1,1,NOVALUE
CFG731_8a5f1301ba8a1f74,x731,CFG731_5dd42015f6f61801,903,TWO_CHARACTERISTIC,2,powerSupply|customUserFluid,2,True,G,GP,ST,4,1,K,2,NN,NN,CS1,IS1,TT1,MN1,NOVALUE,FWI,1,1,NOVALUE,NOVALUE
CFG731_fb4e97e6aa944647,x731,CFG731_5dd42015f6f61801,903,TWO_CHARACTERISTIC,2,dataInterface|temperaturEingaenge,1,True,G,GP,ST,1,1,K,2,NN,HS,CS1,IS1,NOVALUE,MN1,NOVALUE,FWI,1,1,1,NOVALUE
CFG731_f18a3ccbf3550dd1,x731,CFG731_5dd42015f6f61801,903,TWO_CHARACTERISTIC,2,dataInterface|dev_advMeterVerification,1,True,G,GP,ST,1,1,K,2,NN,HS,CS1,IS1,TT1,MN1,NOVALUE,FWI,NOVALUE,1,1,NOVALUE
CFG731_867e73503f493aa1,x731,CFG731_5dd42015f6f61801,903,TWO_CHARACTERISTIC,2,dataInterface|customUserFluid,1,True,G,GP,ST,1,1,K,2,NN,HS,CS1,IS1,TT1,MN1,NOVALUE,FWI,1,1,NOVALUE,NOVALUE
CFG731_f8d50c2019e57c1e,x731,CFG731_5dd42015f6f61801,903,TWO_CHARACTERISTIC,2,stromSchaltbar|dev_advMeterVerification,2,True,G,GP,ST,1,1,K,2,NN,NN,NOVALUE,IS1,TT1,MN1,NOVALUE,FWI,NOVALUE,1,1,NOVALUE
CFG731_b5455a65250193df,x731,CFG731_5dd42015f6f61801,903,TWO_CHARACTERISTIC,2,stromSchaltbar|customUserFluid,2,True,G,GP,ST,1,1,K,2,NN,NN,NOVALUE,IS1,TT1,MN1,NOVALUE,FWI,1,1,NOVALUE,NOVALUE
CFG731_c7103e34e50d624a,x731,CFG731_5dd42015f6f61801,903,TWO_CHARACTERISTIC,2,temperaturEingaenge|dev_advMeterVerification,2,True,G,GP,ST,1,1,K,2,NN,NN,CS1,IS1,NOVALUE,MN1,NOVALUE,FWI,NOVALUE,1,1,NOVALUE
CFG731_6aaa9a700c91393e,x731,CFG731_5dd42015f6f61801,903,TWO_CHARACTERISTIC,2,temperaturEingaenge|customUserFluid,2,True,G,GP,ST,1,1,K,2,NN,NN,CS1,IS1,NOVALUE,MN1,NOVALUE,FWI,1,1,NOVALUE,NOVALUE
CFG731_f70a752f030fca6e,x731,CFG731_5dd42015f6f61801,903,TWO_CHARACTERISTIC,2,dev_advMeterVerification|customUserFluid,2,True,G,GP,ST,1,1,K,2,NN,NN,CS1,IS1,TT1,MN1,NOVALUE,FWI,NOVALUE,1,NOVALUE,NOVALUE
CFG731_77a90bfd81b5c2c1,x731,CFG731_b5f8987a85e1ce9a,906,ONE_CHARACTERISTIC,1,powerSupply,1,True,G,GP,ST,4,1,K,2,NN,NN,NOVALUE,IS1,NOVALUE,MN1,NOVALUE,FWI,1,1,1,NOVALUE
CFG731_bc06761f9c625643,x731,CFG731_b5f8987a85e1ce9a,906,ONE_CHARACTERISTIC,1,dataInterface,1,True,G,GP,ST,1,1,K,2,NN,HS,NOVALUE,IS1,NOVALUE,MN1,NOVALUE,FWI,1,1,1,NOVALUE
CFG731_917fc613cc9bf56a,x731,CFG731_b5f8987a85e1ce9a,906,ONE_CHARACTERISTIC,1,dev_advMeterVerification,1,True,G,GP,ST,1,1,K,2,NN,NN,NOVALUE,IS1,NOVALUE,MN1,NOVALUE,FWI,NOVALUE,1,1,NOVALUE
CFG731_b5bf329d7b00f95b,x731,CFG731_b5f8987a85e1ce9a,906,ONE_CHARACTERISTIC,1,customUserFluid,1,True,G,GP,ST,1,1,K,2,NN,NN,NOVALUE,IS1,NOVALUE,MN1,NOVALUE,FWI,1,1,NOVALUE,NOVALUE
CFG731_0b076e2e26216ca2,x731,CFG731_b5f8987a85e1ce9a,906,TWO_CHARACTERISTIC,2,powerSupply|dataInterface,2,True,G,GP,ST,4,1,K,2,NN,HS,NOVALUE,IS1,NOVALUE,MN1,NOVALUE,FWI,1,1,1,NOVALUE
CFG731_d2b6519e0a186184,x731,CFG731_b5f8987a85e1ce9a,906,TWO_CHARACTERISTIC,2,powerSupply|stromEingaenge,2,True,G,GP,ST,4,1,K,2,NN,NN,NOVALUE,NOVALUE,NOVALUE,MN1,NOVALUE,FWI,1,1,1,NOVALUE
CFG731_2df1f38fd11968f1,x731,CFG731_b5f8987a85e1ce9a,906,TWO_CHARACTERISTIC,2,powerSupply|dev_advMeterVerification,2,True,G,GP,ST,4,1,K,2,NN,NN,NOVALUE,IS1,NOVALUE,MN1,NOVALUE,FWI,NOVALUE,1,1,NOVALUE
CFG731_c62952cfd77a9c9c,x731,CFG731_b5f8987a85e1ce9a,906,TWO_CHARACTERISTIC,2,powerSupply|customUserFluid,2,True,G,GP,ST,4,1,K,2,NN,NN,NOVALUE,IS1,NOVALUE,MN1,NOVALUE,FWI,1,1,NOVALUE,NOVALUE
CFG731_2b5aa7df11e558a1,x731,CFG731_b5f8987a85e1ce9a,906,TWO_CHARACTERISTIC,2,dataInterface|stromEingaenge,2,True,G,GP,ST,1,1,K,2,NN,HS,NOVALUE,NOVALUE,NOVALUE,MN1,NOVALUE,FWI,1,1,1,NOVALUE
CFG731_953bd8ceccaac210,x731,CFG731_b5f8987a85e1ce9a,906,TWO_CHARACTERISTIC,2,dataInterface|dev_advMeterVerification,2,True,G,GP,ST,1,1,K,2,NN,HS,NOVALUE,IS1,NOVALUE,MN1,NOVALUE,FWI,NOVALUE,1,1,NOVALUE
CFG731_08cd9daf81a21913,x731,CFG731_b5f8987a85e1ce9a,906,TWO_CHARACTERISTIC,2,dataInterface|customUserFluid,2,True,G,GP,ST,1,1,K,2,NN,HS,NOVALUE,IS1,NOVALUE,MN1,NOVALUE,FWI,1,1,NOVALUE,NOVALUE
CFG731_c8640ffa22ec16ed,x731,CFG731_b5f8987a85e1ce9a,906,TWO_CHARACTERISTIC,2,stromEingaenge|dev_advMeterVerification,2,True,G,GP,ST,1,1,K,2,NN,NN,NOVALUE,NOVALUE,NOVALUE,MN1,NOVALUE,FWI,NOVALUE,1,1,NOVALUE
CFG731_c218c7f3f2fdb0bb,x731,CFG731_b5f8987a85e1ce9a,906,TWO_CHARACTERISTIC,2,stromEingaenge|customUserFluid,2,True,G,GP,ST,1,1,K,2,NN,NN,NOVALUE,NOVALUE,NOVALUE,MN1,NOVALUE,FWI,1,1,NOVALUE,NOVALUE
CFG731_9a8f1daed950c3e2,x731,CFG731_b5f8987a85e1ce9a,906,TWO_CHARACTERISTIC,2,dev_advMeterVerification|customUserFluid,2,True,G,GP,ST,1,1,K,2,NN,NN,NOVALUE,IS1,NOVALUE,MN1,NOVALUE,FWI,NOVALUE,1,NOVALUE,NOVALUE
CFG731_85d01ed4c07a47c0,x731,CFG731_3a6a87d7cf07cb7c,907,TWO_CHARACTERISTIC,2,powerSupply|dataInterface,2,True,G,GP,ST,4,1,K,2,NN,HS,CS1,NOVALUE,NOVALUE,MN1,NOVALUE,FWI,1,1,1,NOVALUE
CFG731_7cb7d796bfd547ff,x731,CFG731_3a6a87d7cf07cb7c,907,TWO_CHARACTERISTIC,2,powerSupply|dev_advMeterVerification,2,True,G,GP,ST,4,1,K,2,NN,NN,CS1,NOVALUE,NOVALUE,MN1,NOVALUE,FWI,NOVALUE,1,1,NOVALUE
CFG731_bcb75237dcbc3975,x731,CFG731_3a6a87d7cf07cb7c,907,TWO_CHARACTERISTIC,2,powerSupply|customUserFluid,2,True,G,GP,ST,4,1,K,2,NN,NN,CS1,NOVALUE,NOVALUE,MN1,NOVALUE,FWI,1,1,NOVALUE,NOVALUE
CFG731_1b09e4ca353c4ecc,x731,CFG731_3a6a87d7cf07cb7c,907,TWO_CHARACTERISTIC,2,dataInterface|dev_advMeterVerification,2,True,G,GP,ST,1,1,K,2,NN,HS,CS1,NOVALUE,NOVALUE,MN1,NOVALUE,FWI,NOVALUE,1,1,NOVALUE
CFG731_41a158ec6b229b97,x731,CFG731_3a6a87d7cf07cb7c,907,TWO_CHARACTERISTIC,2,dataInterface|customUserFluid,2,True,G,GP,ST,1,1,K,2,NN,HS,CS1,NOVALUE,NOVALUE,MN1,NOVALUE,FWI,1,1,NOVALUE,NOVALUE
CFG731_d8d61a8d80c3274a,x731,CFG731_3a6a87d7cf07cb7c,907,TWO_CHARACTERISTIC,2,dev_advMeterVerification|customUserFluid,2,True,G,GP,ST,1,1,K,2,NN,NN,CS1,NOVALUE,NOVALUE,MN1,NOVALUE,FWI,NOVALUE,1,NOVALUE,NOVALUE
CFG731_038a53b32b01f914,x731,CFG731_1d7625425d9a9146,915,TWO_CHARACTERISTIC,2,powerSupply|stromSchaltbar,2,True,G,GP,ST,4,1,K,2,NN,HS,NOVALUE,NOVALUE,TT1,MN1,NOVALUE,FWI,1,1,1,NOVALUE
CFG731_c74573171c61619f,x731,CFG731_1d7625425d9a9146,915,TWO_CHARACTERISTIC,2,powerSupply|dev_advMeterVerification,2,True,G,GP,ST,4,1,K,2,NN,HS,CS1,NOVALUE,TT1,MN1,NOVALUE,FWI,NOVALUE,1,1,NOVALUE
CFG731_8e2d07b105a096f1,x731,CFG731_1d7625425d9a9146,915,TWO_CHARACTERISTIC,2,powerSupply|customUserFluid,2,True,G,GP,ST,4,1,K,2,NN,HS,CS1,NOVALUE,TT1,MN1,NOVALUE,FWI,1,1,NOVALUE,NOVALUE
CFG731_90b3152b7abe6c31,x731,CFG731_1d7625425d9a9146,915,TWO_CHARACTERISTIC,2,stromSchaltbar|dev_advMeterVerification,2,True,G,GP,ST,1,1,K,2,NN,HS,NOVALUE,NOVALUE,TT1,MN1,NOVALUE,FWI,NOVALUE,1,1,NOVALUE
CFG731_f175b91468bd807a,x731,CFG731_1d7625425d9a9146,915,TWO_CHARACTERISTIC,2,stromSchaltbar|customUserFluid,2,True,G,GP,ST,1,1,K,2,NN,HS,NOVALUE,NOVALUE,TT1,MN1,NOVALUE,FWI,1,1,NOVALUE,NOVALUE
CFG731_078cecd294508ef0,x731,CFG731_1d7625425d9a9146,915,TWO_CHARACTERISTIC,2,dev_advMeterVerification|customUserFluid,2,True,G,GP,ST,1,1,K,2,NN,HS,CS1,NOVALUE,TT1,MN1,NOVALUE,FWI,NOVALUE,1,NOVALUE,NOVALUE
CFG731_3cf1d1dbc847a4d8,x731,CFG731_7308ee8503151ef3,917,TWO_CHARACTERISTIC,2,powerSupply|stromSchaltbar,1,True,G,GP,ST,4,1,K,2,NN,HS,NOVALUE,IS1,TT1,MN1,NOVALUE,FWI,1,1,1,NOVALUE
CFG731_755fa7ee840349cd,x731,CFG731_7308ee8503151ef3,917,TWO_CHARACTERISTIC,2,powerSupply|temperaturEingaenge,2,True,G,GP,ST,4,1,K,2,NN,HS,CS1,IS1,NOVALUE,MN1,NOVALUE,FWI,1,1,1,NOVALUE
CFG731_0f430b2f2be1a468,x731,CFG731_7308ee8503151ef3,917,TWO_CHARACTERISTIC,2,powerSupply|dev_advMeterVerification,2,True,G,GP,ST,4,1,K,2,NN,HS,CS1,IS1,TT1,MN1,NOVALUE,FWI,NOVALUE,1,1,NOVALUE
CFG731_782675d8823078bc,x731,CFG731_7308ee8503151ef3,917,TWO_CHARACTERISTIC,2,powerSupply|customUserFluid,2,True,G,GP,ST,4,1,K,2,NN,HS,CS1,IS1,TT1,MN1,NOVALUE,FWI,1,1,NOVALUE,NOVALUE
CFG731_2289e53fba7a3e27,x731,CFG731_7308ee8503151ef3,917,TWO_CHARACTERISTIC,2,stromSchaltbar|dev_advMeterVerification,1,True,G,GP,ST,1,1,K,2,NN,HS,NOVALUE,IS1,TT1,MN1,NOVALUE,FWI,NOVALUE,1,1,NOVALUE
CFG731_4fa965828957289a,x731,CFG731_7308ee8503151ef3,917,TWO_CHARACTERISTIC,2,stromSchaltbar|customUserFluid,1,True,G,GP,ST,1,1,K,2,NN,HS,NOVALUE,IS1,TT1,MN1,NOVALUE,FWI,1,1,NOVALUE,NOVALUE
CFG731_a071d9c3fc896f5e,x731,CFG731_7308ee8503151ef3,917,TWO_CHARACTERISTIC,2,temperaturEingaenge|dev_advMeterVerification,2,True,G,GP,ST,1,1,K,2,NN,HS,CS1,IS1,NOVALUE,MN1,NOVALUE,FWI,NOVALUE,1,1,NOVALUE
CFG731_85b05d80cfdc222b,x731,CFG731_7308ee8503151ef3,917,TWO_CHARACTERISTIC,2,temperaturEingaenge|customUserFluid,2,True,G,GP,ST,1,1,K,2,NN,HS,CS1,IS1,NOVALUE,MN1,NOVALUE,FWI,1,1,NOVALUE,NOVALUE
CFG731_fcd3d1ec318d0c8a,x731,CFG731_7308ee8503151ef3,917,TWO_CHARACTERISTIC,2,dev_advMeterVerification|customUserFluid,2,True,G,GP,ST,1,1,K,2,NN,HS,CS1,IS1,TT1,MN1,NOVALUE,FWI,NOVALUE,1,NOVALUE,NOVALUE
CFG731_0ad04a2a38d12603,x731,CFG731_9a88481e80177d0c,919,TWO_CHARACTERISTIC,2,powerSupply|dev_advMeterVerification,2,True,G,GP,ST,4,1,K,2,NN,HS,NOVALUE,IS1,TT1,MN1,NOVALUE,FWI,NOVALUE,1,1,NOVALUE
CFG731_1e3f4154f845c938,x731,CFG731_9a88481e80177d0c,919,TWO_CHARACTERISTIC,2,powerSupply|customUserFluid,2,True,G,GP,ST,4,1,K,2,NN,HS,NOVALUE,IS1,TT1,MN1,NOVALUE,FWI,1,1,NOVALUE,NOVALUE
CFG731_3b7c8381f25c117f,x731,CFG731_9a88481e80177d0c,919,TWO_CHARACTERISTIC,2,dev_advMeterVerification|customUserFluid,2,True,G,GP,ST,1,1,K,2,NN,HS,NOVALUE,IS1,TT1,MN1,NOVALUE,FWI,NOVALUE,1,NOVALUE,NOVALUE
CFG731_d5a8b991307aace7,x731,CFG731_ae226e31119be9bd,920,ONE_CHARACTERISTIC,1,devCategory,1,True,G,GP,ST,1,1,K,2,NN,NN,CS1,IS1,TT1,NOVALUE,MP1,FWI,NOVALUE,NOVALUE,NOVALUE,NOVALUE
CFG731_9fa436b39059149d,x731,CFG731_ae226e31119be9bd,920,ONE_CHARACTERISTIC,1,powerSupply,1,True,H,GP,ST,4,1,K,2,NN,NN,CS1,IS1,TT1,NOVALUE,MP1,FWI,NOVALUE,NOVALUE,NOVALUE,NOVALUE
CFG731_6b2b46dd281009ce,x731,CFG731_ae226e31119be9bd,920,ONE_CHARACTERISTIC,1,stromSchaltbar,1,True,H,GP,ST,1,1,K,2,NN,NN,NOVALUE,IS1,TT1,NOVALUE,MP1,FWI,NOVALUE,NOVALUE,NOVALUE,NOVALUE
CFG731_f2b81de0fc70d489,x731,CFG731_ae226e31119be9bd,920,ONE_CHARACTERISTIC,1,binaerOpenColl_MP,1,True,H,GP,ST,1,1,K,2,NN,NN,CS1,IS1,TT1,NOVALUE,NOVALUE,FWI,NOVALUE,NOVALUE,NOVALUE,NOVALUE
CFG731_771fe5e30877248d,x731,CFG731_ae226e31119be9bd,920,TWO_CHARACTERISTIC,2,devCategory|powerSupply,2,True,F,GP,ST,4,1,K,2,NN,NN,CS1,IS1,TT1,NOVALUE,MP1,FWI,NOVALUE,NOVALUE,NOVALUE,NOVALUE
CFG731_666bd8e7c6ac28d9,x731,CFG731_ae226e31119be9bd,920,TWO_CHARACTERISTIC,2,devCategory|powerSupply,2,True,G,GP,ST,4,1,K,2,NN,NN,CS1,IS1,TT1,NOVALUE,MP1,FWI,NOVALUE,NOVALUE,NOVALUE,NOVALUE
CFG731_25765da4bfc4a3b0,x731,CFG731_ae226e31119be9bd,920,TWO_CHARACTERISTIC,2,devCategory|powerSupply,1,True,S,GP,ST,4,1,K,2,NN,NN,CS1,IS1,TT1,NOVALUE,MP1,FWI,NOVALUE,NOVALUE,NOVALUE,NOVALUE
CFG731_4d786d5c2638adb2,x731,CFG731_ae226e31119be9bd,920,TWO_CHARACTERISTIC,2,devCategory|dataInterface,1,True,G,GP,ST,1,1,K,2,NN,HS,CS1,IS1,TT1,NOVALUE,MP1,FWI,NOVALUE,NOVALUE,NOVALUE,NOVALUE
CFG731_1f83cd5638661418,x731,CFG731_ae226e31119be9bd,920,TWO_CHARACTERISTIC,2,devCategory|stromSchaltbar,2,True,F,GP,ST,1,1,K,2,NN,NN,NOVALUE,IS1,TT1,NOVALUE,MP1,FWI,NOVALUE,NOVALUE,NOVALUE,NOVALUE
CFG731_7cb1305a51f417ab,x731,CFG731_ae226e31119be9bd,920,TWO_CHARACTERISTIC,2,devCategory|stromSchaltbar,2,True,G,GP,ST,1,1,K,2,NN,NN,NOVALUE,IS1,TT1,NOVALUE,MP1,FWI,NOVALUE,NOVALUE,NOVALUE,NOVALUE
CFG731_4f57c7eb0fb7e785,x731,CFG731_ae226e31119be9bd,920,TWO_CHARACTERISTIC,2,devCategory|stromSchaltbar,1,True,S,GP,ST,1,1,K,2,NN,NN,NOVALUE,IS1,TT1,NOVALUE,MP1,FWI,NOVALUE,NOVALUE,NOVALUE,NOVALUE
CFG731_878581de259d946a,x731,CFG731_ae226e31119be9bd,920,TWO_CHARACTERISTIC,2,devCategory|stromEingaenge,2,True,G,GP,ST,1,1,K,2,NN,NN,CS1,NOVALUE,TT1,NOVALUE,MP1,FWI,NOVALUE,NOVALUE,NOVALUE,NOVALUE
CFG731_2d8ccddebb12d5c5,x731,CFG731_ae226e31119be9bd,920,TWO_CHARACTERISTIC,2,devCategory|temperaturEingaenge,2,True,F,GP,ST,1,1,K,2,NN,NN,CS1,IS1,NOVALUE,NOVALUE,MP1,FWI,NOVALUE,NOVALUE,NOVALUE,NOVALUE
CFG731_8ca988676305492f,x731,CFG731_ae226e31119be9bd,920,TWO_CHARACTERISTIC,2,devCategory|temperaturEingaenge,2,True,G,GP,ST,1,1,K,2,NN,NN,CS1,IS1,NOVALUE,NOVALUE,MP1,FWI,NOVALUE,NOVALUE,NOVALUE,NOVALUE
CFG731_9fd6c5b1096490ea,x731,CFG731_ae226e31119be9bd,920,TWO_CHARACTERISTIC,2,devCategory|binaerOpenColl_MP,2,True,F,GP,ST,1,1,K,2,NN,NN,CS1,IS1,TT1,NOVALUE,NOVALUE,FWI,NOVALUE,NOVALUE,NOVALUE,NOVALUE
CFG731_ef8d7fa6d580061e,x731,CFG731_ae226e31119be9bd,920,TWO_CHARACTERISTIC,2,devCategory|binaerOpenColl_MP,2,True,G,GP,ST,1,1,K,2,NN,NN,CS1,IS1,TT1,NOVALUE,NOVALUE,FWI,NOVALUE,NOVALUE,NOVALUE,NOVALUE
CFG731_695e540255cc94da,x731,CFG731_ae226e31119be9bd,920,TWO_CHARACTERISTIC,2,devCategory|binaerOpenColl_MP,1,True,S,GP,ST,1,1,K,2,NN,NN,CS1,IS1,TT1,NOVALUE,NOVALUE,FWI,NOVALUE,NOVALUE,NOVALUE,NOVALUE
CFG731_8af4adfbdf504482,x731,CFG731_ae226e31119be9bd,920,TWO_CHARACTERISTIC,2,powerSupply|dataInterface,1,True,H,GP,ST,4,1,K,2,NN,HS,CS1,IS1,TT1,NOVALUE,MP1,FWI,NOVALUE,NOVALUE,NOVALUE,NOVALUE
CFG731_6e68bed496da2564,x731,CFG731_ae226e31119be9bd,920,TWO_CHARACTERISTIC,2,powerSupply|stromSchaltbar,2,True,H,GP,ST,4,1,K,2,NN,NN,NOVALUE,IS1,TT1,NOVALUE,MP1,FWI,NOVALUE,NOVALUE,NOVALUE,NOVALUE
CFG731_27279ceeaa7fc1fe,x731,CFG731_ae226e31119be9bd,920,TWO_CHARACTERISTIC,2,powerSupply|binaerOpenColl_MP,2,True,H,GP,ST,4,1,K,2,NN,NN,CS1,IS1,TT1,NOVALUE,NOVALUE,FWI,NOVALUE,NOVALUE,NOVALUE,NOVALUE
CFG731_8634a8a0a780401d,x731,CFG731_ae226e31119be9bd,920,TWO_CHARACTERISTIC,2,dataInterface|binaerOpenColl_MP,1,True,H,GP,ST,1,1,K,2,NN,HS,CS1,IS1,TT1,NOVALUE,NOVALUE,FWI,NOVALUE,NOVALUE,NOVALUE,NOVALUE
CFG731_58033d232cd2385f,x731,CFG731_ae226e31119be9bd,920,TWO_CHARACTERISTIC,2,stromSchaltbar|binaerOpenColl_MP,2,True,H,GP,ST,1,1,K,2,NN,NN,NOVALUE,IS1,TT1,NOVALUE,NOVALUE,FWI,NOVALUE,NOVALUE,NOVALUE,NOVALUE
CFG731_31ef54b8ab17d3bb,x731,CFG731_f7f0034a8b15f329,927,TWO_CHARACTERISTIC,2,devCategory|powerSupply,2,True,F,GP,ST,4,1,K,2,NN,HS,CS1,IS1,TT1,NOVALUE,MP1,FWI,NOVALUE,NOVALUE,NOVALUE,NOVALUE
CFG731_9c182e1af1606c9d,x731,CFG731_f7f0034a8b15f329,927,TWO_CHARACTERISTIC,2,devCategory|powerSupply,2,True,G,GP,ST,4,1,K,2,NN,HS,CS1,IS1,TT1,NOVALUE,MP1,FWI,NOVALUE,NOVALUE,NOVALUE,NOVALUE
CFG731_162b59c5f8cf5a72,x731,CFG731_f7f0034a8b15f329,927,TWO_CHARACTERISTIC,2,devCategory|powerSupply,1,True,S,GP,ST,4,1,K,2,NN,HS,CS1,IS1,TT1,NOVALUE,MP1,FWI,NOVALUE,NOVALUE,NOVALUE,NOVALUE
CFG731_86d150d0b0b7ed71,x731,CFG731_f7f0034a8b15f329,927,TWO_CHARACTERISTIC,2,devCategory|stromSchaltbar,1,True,G,GP,ST,1,1,K,2,NN,HS,NOVALUE,IS1,TT1,NOVALUE,MP1,FWI,NOVALUE,NOVALUE,NOVALUE,NOVALUE
CFG731_36d9c8875e8f3f5e,x731,CFG731_f7f0034a8b15f329,927,TWO_CHARACTERISTIC,2,devCategory|stromEingaenge,2,True,G,GP,ST,1,1,K,2,NN,HS,CS1,NOVALUE,TT1,NOVALUE,MP1,FWI,NOVALUE,NOVALUE,NOVALUE,NOVALUE
CFG731_967a77b57dcbfcb0,x731,CFG731_f7f0034a8b15f329,927,TWO_CHARACTERISTIC,2,devCategory|temperaturEingaenge,2,True,F,GP,ST,1,1,K,2,NN,HS,CS1,IS1,NOVALUE,NOVALUE,MP1,FWI,NOVALUE,NOVALUE,NOVALUE,NOVALUE
CFG731_bdc294b7bb9fe157,x731,CFG731_f7f0034a8b15f329,927,TWO_CHARACTERISTIC,2,devCategory|temperaturEingaenge,2,True,G,GP,ST,1,1,K,2,NN,HS,CS1,IS1,NOVALUE,NOVALUE,MP1,FWI,NOVALUE,NOVALUE,NOVALUE,NOVALUE
CFG731_56dbee462245ee56,x731,CFG731_f7f0034a8b15f329,927,TWO_CHARACTERISTIC,2,devCategory|binaerOpenColl_MP,2,True,F,GP,ST,1,1,K,2,NN,HS,CS1,IS1,TT1,NOVALUE,NOVALUE,FWI,NOVALUE,NOVALUE,NOVALUE,NOVALUE
CFG731_69502d87794881ea,x731,CFG731_f7f0034a8b15f329,927,TWO_CHARACTERISTIC,2,devCategory|binaerOpenColl_MP,2,True,G,GP,ST,1,1,K,2,NN,HS,CS1,IS1,TT1,NOVALUE,NOVALUE,FWI,NOVALUE,NOVALUE,NOVALUE,NOVALUE
CFG731_2666da4dbcc5e5bd,x731,CFG731_f7f0034a8b15f329,927,TWO_CHARACTERISTIC,2,devCategory|binaerOpenColl_MP,1,True,S,GP,ST,1,1,K,2,NN,HS,CS1,IS1,TT1,NOVALUE,NOVALUE,FWI,NOVALUE,NOVALUE,NOVALUE,NOVALUE
CFG731_95e2d680672ff303,x731,CFG731_f7f0034a8b15f329,927,TWO_CHARACTERISTIC,2,powerSupply|stromSchaltbar,1,True,H,GP,ST,4,1,K,2,NN,HS,NOVALUE,IS1,TT1,NOVALUE,MP1,FWI,NOVALUE,NOVALUE,NOVALUE,NOVALUE
CFG731_3d8cbac086b2ad05,x731,CFG731_f7f0034a8b15f329,927,TWO_CHARACTERISTIC,2,powerSupply|binaerOpenColl_MP,2,True,H,GP,ST,4,1,K,2,NN,HS,CS1,IS1,TT1,NOVALUE,NOVALUE,FWI,NOVALUE,NOVALUE,NOVALUE,NOVALUE
CFG731_8048d4394d2fbde3,x731,CFG731_f7f0034a8b15f329,927,TWO_CHARACTERISTIC,2,stromSchaltbar|binaerOpenColl_MP,1,True,H,GP,ST,1,1,K,2,NN,HS,NOVALUE,IS1,TT1,NOVALUE,NOVALUE,FWI,NOVALUE,NOVALUE,NOVALUE,NOVALUE
CFG731_d3c5e4dea7afc531,x731,CFG731_d9b1e2bb70a9a96b,929,TWO_CHARACTERISTIC,2,devCategory|powerSupply,2,True,F,GP,ST,4,1,K,2,NN,HS,NOVALUE,IS1,TT1,NOVALUE,MP1,FWI,NOVALUE,NOVALUE,NOVALUE,NOVALUE
CFG731_618df52f770e2da3,x731,CFG731_d9b1e2bb70a9a96b,929,TWO_CHARACTERISTIC,2,devCategory|powerSupply,2,True,G,GP,ST,4,1,K,2,NN,HS,NOVALUE,IS1,TT1,NOVALUE,MP1,FWI,NOVALUE,NOVALUE,NOVALUE,NOVALUE
CFG731_75dc4cb7543b509f,x731,CFG731_d9b1e2bb70a9a96b,929,TWO_CHARACTERISTIC,2,devCategory|powerSupply,1,True,S,GP,ST,4,1,K,2,NN,HS,NOVALUE,IS1,TT1,NOVALUE,MP1,FWI,NOVALUE,NOVALUE,NOVALUE,NOVALUE
CFG731_98a2b485e12f20ca,x731,CFG731_d9b1e2bb70a9a96b,929,TWO_CHARACTERISTIC,2,devCategory|stromEingaenge,2,True,F,GP,ST,1,1,K,2,NN,HS,NOVALUE,NOVALUE,TT1,NOVALUE,MP1,FWI,NOVALUE,NOVALUE,NOVALUE,NOVALUE
CFG731_8ba9be21909ddf85,x731,CFG731_d9b1e2bb70a9a96b,929,TWO_CHARACTERISTIC,2,devCategory|stromEingaenge,2,True,G,GP,ST,1,1,K,2,NN,HS,NOVALUE,NOVALUE,TT1,NOVALUE,MP1,FWI,NOVALUE,NOVALUE,NOVALUE,NOVALUE
CFG731_d22b28a8ee088101,x731,CFG731_d9b1e2bb70a9a96b,929,TWO_CHARACTERISTIC,2,devCategory|temperaturEingaenge,2,True,F,GP,ST,1,1,K,2,NN,HS,NOVALUE,IS1,NOVALUE,NOVALUE,MP1,FWI,NOVALUE,NOVALUE,NOVALUE,NOVALUE
CFG731_7fca7b01e7ad8ddf,x731,CFG731_d9b1e2bb70a9a96b,929,TWO_CHARACTERISTIC,2,devCategory|temperaturEingaenge,2,True,G,GP,ST,1,1,K,2,NN,HS,NOVALUE,IS1,NOVALUE,NOVALUE,MP1,FWI,NOVALUE,NOVALUE,NOVALUE,NOVALUE
CFG731_6870d8bf5b059680,x731,CFG731_d9b1e2bb70a9a96b,929,TWO_CHARACTERISTIC,2,devCategory|binaerOpenColl_MP,2,True,F,GP,ST,1,1,K,2,NN,HS,NOVALUE,IS1,TT1,NOVALUE,NOVALUE,FWI,NOVALUE,NOVALUE,NOVALUE,NOVALUE
CFG731_52d627422a9f42a9,x731,CFG731_d9b1e2bb70a9a96b,929,TWO_CHARACTERISTIC,2,devCategory|binaerOpenColl_MP,2,True,G,GP,ST,1,1,K,2,NN,HS,NOVALUE,IS1,TT1,NOVALUE,NOVALUE,FWI,NOVALUE,NOVALUE,NOVALUE,NOVALUE
CFG731_c691e1b97ac6f4f0,x731,CFG731_d9b1e2bb70a9a96b,929,TWO_CHARACTERISTIC,2,devCategory|binaerOpenColl_MP,1,True,S,GP,ST,1,1,K,2,NN,HS,NOVALUE,IS1,TT1,NOVALUE,NOVALUE,FWI,NOVALUE,NOVALUE,NOVALUE,NOVALUE
CFG731_fdb78da3198d8328,x731,CFG731_d9b1e2bb70a9a96b,929,TWO_CHARACTERISTIC,2,powerSupply|binaerOpenColl_MP,2,True,H,GP,ST,4,1,K,2,NN,HS,NOVALUE,IS1,TT1,NOVALUE,NOVALUE,FWI,NOVALUE,NOVALUE,NOVALUE,NOVALUE
CFG731_d67b44eae58dfe59,x731,CFG731_9f3028be2110afe1,930,ONE_CHARACTERISTIC,1,devCategory,1,True,G,GP,ST,1,1,K,2,NN,NN,CS1,IS1,TT1,MN1,NOVALUE,FWI,NOVALUE,NOVALUE,NOVALUE,NOVALUE
CFG731_1ea7b0b5ac3479d9,x731,CFG731_9f3028be2110afe1,930,ONE_CHARACTERISTIC,1,powerSupply,1,True,H,GP,ST,4,1,K,2,NN,NN,CS1,IS1,TT1,MN1,NOVALUE,FWI,NOVALUE,NOVALUE,NOVALUE,NOVALUE
CFG731_b1196e0942d6104e,x731,CFG731_9f3028be2110afe1,930,ONE_CHARACTERISTIC,1,stromSchaltbar,1,True,H,GP,ST,1,1,K,2,NN,NN,NOVALUE,IS1,TT1,MN1,NOVALUE,FWI,NOVALUE,NOVALUE,NOVALUE,NOVALUE
CFG731_6ce4982e136b96aa,x731,CFG731_9f3028be2110afe1,930,TWO_CHARACTERISTIC,2,devCategory|powerSupply,2,True,F,GP,ST,4,1,K,2,NN,NN,CS1,IS1,TT1,MN1,NOVALUE,FWI,NOVALUE,NOVALUE,NOVALUE,NOVALUE
CFG731_45079633c9406a79,x731,CFG731_9f3028be2110afe1,930,TWO_CHARACTERISTIC,2,devCategory|powerSupply,2,True,G,GP,ST,4,1,K,2,NN,NN,CS1,IS1,TT1,MN1,NOVALUE,FWI,NOVALUE,NOVALUE,NOVALUE,NOVALUE
CFG731_87c2612fc3047eeb,x731,CFG731_9f3028be2110afe1,930,TWO_CHARACTERISTIC,2,devCategory|powerSupply,1,True,S,GP,ST,4,1,K,2,NN,NN,CS1,IS1,TT1,MN1,NOVALUE,FWI,NOVALUE,NOVALUE,NOVALUE,NOVALUE
CFG731_4cb67cdc021380a4,x731,CFG731_9f3028be2110afe1,930,TWO_CHARACTERISTIC,2,devCategory|dataInterface,1,True,G,GP,ST,1,1,K,2,NN,HS,CS1,IS1,TT1,MN1,NOVALUE,FWI,NOVALUE,NOVALUE,NOVALUE,NOVALUE
CFG731_adc0ac91966bf341,x731,CFG731_9f3028be2110afe1,930,TWO_CHARACTERISTIC,2,devCategory|stromSchaltbar,2,True,F,GP,ST,1,1,K,2,NN,NN,NOVALUE,IS1,TT1,MN1,NOVALUE,FWI,NOVALUE,NOVALUE,NOVALUE,NOVALUE
CFG731_a45bd3d1eabbecdc,x731,CFG731_9f3028be2110afe1,930,TWO_CHARACTERISTIC,2,devCategory|stromSchaltbar,2,True,G,GP,ST,1,1,K,2,NN,NN,NOVALUE,IS1,TT1,MN1,NOVALUE,FWI,NOVALUE,NOVALUE,NOVALUE,NOVALUE
CFG731_285dc66a1aa30461,x731,CFG731_9f3028be2110afe1,930,TWO_CHARACTERISTIC,2,devCategory|stromSchaltbar,1,True,S,GP,ST,1,1,K,2,NN,NN,NOVALUE,IS1,TT1,MN1,NOVALUE,FWI,NOVALUE,NOVALUE,NOVALUE,NOVALUE
CFG731_399a488b9c799644,x731,CFG731_9f3028be2110afe1,930,TWO_CHARACTERISTIC,2,devCategory|stromEingaenge,2,True,G,GP,ST,1,1,K,2,NN,NN,CS1,NOVALUE,TT1,MN1,NOVALUE,FWI,NOVALUE,NOVALUE,NOVALUE,NOVALUE
CFG731_4666e845a9f787f7,x731,CFG731_9f3028be2110afe1,930,TWO_CHARACTERISTIC,2,devCategory|temperaturEingaenge,2,True,F,GP,ST,1,1,K,2,NN,NN,CS1,IS1,NOVALUE,MN1,NOVALUE,FWI,NOVALUE,NOVALUE,NOVALUE,NOVALUE
CFG731_aa1770e6c2806f71,x731,CFG731_9f3028be2110afe1,930,TWO_CHARACTERISTIC,2,devCategory|temperaturEingaenge,2,True,G,GP,ST,1,1,K,2,NN,NN,CS1,IS1,NOVALUE,MN1,NOVALUE,FWI,NOVALUE,NOVALUE,NOVALUE,NOVALUE
CFG731_257fecba9143d12f,x731,CFG731_9f3028be2110afe1,930,TWO_CHARACTERISTIC,2,powerSupply|dataInterface,1,True,H,GP,ST,4,1,K,2,NN,HS,CS1,IS1,TT1,MN1,NOVALUE,FWI,NOVALUE,NOVALUE,NOVALUE,NOVALUE
CFG731_9a04decd3230f03b,x731,CFG731_9f3028be2110afe1,930,TWO_CHARACTERISTIC,2,powerSupply|stromSchaltbar,2,True,H,GP,ST,4,1,K,2,NN,NN,NOVALUE,IS1,TT1,MN1,NOVALUE,FWI,NOVALUE,NOVALUE,NOVALUE,NOVALUE
CFG731_3b5f3b2cf358878e,x731,CFG731_c775e192f3d489e9,937,TWO_CHARACTERISTIC,2,devCategory|powerSupply,2,True,F,GP,ST,4,1,K,2,NN,HS,CS1,IS1,TT1,MN1,NOVALUE,FWI,NOVALUE,NOVALUE,NOVALUE,NOVALUE
CFG731_d0927fe178fd9279,x731,CFG731_c775e192f3d489e9,937,TWO_CHARACTERISTIC,2,devCategory|powerSupply,2,True,G,GP,ST,4,1,K,2,NN,HS,CS1,IS1,TT1,MN1,NOVALUE,FWI,NOVALUE,NOVALUE,NOVALUE,NOVALUE
CFG731_54d115f9da1462e7,x731,CFG731_c775e192f3d489e9,937,TWO_CHARACTERISTIC,2,devCategory|powerSupply,1,True,S,GP,ST,4,1,K,2,NN,HS,CS1,IS1,TT1,MN1,NOVALUE,FWI,NOVALUE,NOVALUE,NOVALUE,NOVALUE
CFG731_187fd198d163ef5a,x731,CFG731_c775e192f3d489e9,937,TWO_CHARACTERISTIC,2,devCategory|stromSchaltbar,1,True,G,GP,ST,1,1,K,2,NN,HS,NOVALUE,IS1,TT1,MN1,NOVALUE,FWI,NOVALUE,NOVALUE,NOVALUE,NOVALUE
CFG731_e2e04c46506a7f9d,x731,CFG731_c775e192f3d489e9,937,TWO_CHARACTERISTIC,2,devCategory|stromEingaenge,2,True,G,GP,ST,1,1,K,2,NN,HS,CS1,NOVALUE,TT1,MN1,NOVALUE,FWI,NOVALUE,NOVALUE,NOVALUE,NOVALUE
CFG731_ea2be2ff80f47d24,x731,CFG731_c775e192f3d489e9,937,TWO_CHARACTERISTIC,2,devCategory|temperaturEingaenge,2,True,F,GP,ST,1,1,K,2,NN,HS,CS1,IS1,NOVALUE,MN1,NOVALUE,FWI,NOVALUE,NOVALUE,NOVALUE,NOVALUE
CFG731_c5f6df347f335327,x731,CFG731_c775e192f3d489e9,937,TWO_CHARACTERISTIC,2,devCategory|temperaturEingaenge,2,True,G,GP,ST,1,1,K,2,NN,HS,CS1,IS1,NOVALUE,MN1,NOVALUE,FWI,NOVALUE,NOVALUE,NOVALUE,NOVALUE
CFG731_cf74d622f75530e8,x731,CFG731_c775e192f3d489e9,937,TWO_CHARACTERISTIC,2,powerSupply|stromSchaltbar,1,True,H,GP,ST,4,1,K,2,NN,HS,NOVALUE,IS1,TT1,MN1,NOVALUE,FWI,NOVALUE,NOVALUE,NOVALUE,NOVALUE
CFG731_7db00dc89240fea0,x731,CFG731_fd7b09f495a568bc,939,TWO_CHARACTERISTIC,2,devCategory|powerSupply,2,True,F,GP,ST,4,1,K,2,NN,HS,NOVALUE,IS1,TT1,MN1,NOVALUE,FWI,NOVALUE,NOVALUE,NOVALUE,NOVALUE
CFG731_2ca5654b682f7013,x731,CFG731_fd7b09f495a568bc,939,TWO_CHARACTERISTIC,2,devCategory|powerSupply,2,True,G,GP,ST,4,1,K,2,NN,HS,NOVALUE,IS1,TT1,MN1,NOVALUE,FWI,NOVALUE,NOVALUE,NOVALUE,NOVALUE
CFG731_9a659fd01cd1d239,x731,CFG731_fd7b09f495a568bc,939,TWO_CHARACTERISTIC,2,devCategory|powerSupply,1,True,S,GP,ST,4,1,K,2,NN,HS,NOVALUE,IS1,TT1,MN1,NOVALUE,FWI,NOVALUE,NOVALUE,NOVALUE,NOVALUE
CFG731_af36a6c70f11950b,x731,CFG731_fd7b09f495a568bc,939,TWO_CHARACTERISTIC,2,devCategory|stromEingaenge,2,True,F,GP,ST,1,1,K,2,NN,HS,NOVALUE,NOVALUE,TT1,MN1,NOVALUE,FWI,NOVALUE,NOVALUE,NOVALUE,NOVALUE
CFG731_8ca167e8866f949e,x731,CFG731_fd7b09f495a568bc,939,TWO_CHARACTERISTIC,2,devCategory|stromEingaenge,2,True,G,GP,ST,1,1,K,2,NN,HS,NOVALUE,NOVALUE,TT1,MN1,NOVALUE,FWI,NOVALUE,NOVALUE,NOVALUE,NOVALUE
CFG731_4096e8129accab03,x731,CFG731_fd7b09f495a568bc,939,TWO_CHARACTERISTIC,2,devCategory|temperaturEingaenge,2,True,F,GP,ST,1,1,K,2,NN,HS,NOVALUE,IS1,NOVALUE,MN1,NOVALUE,FWI,NOVALUE,NOVALUE,NOVALUE,NOVALUE
CFG731_8e67aa9e7165e68f,x731,CFG731_fd7b09f495a568bc,939,TWO_CHARACTERISTIC,2,devCategory|temperaturEingaenge,2,True,G,GP,ST,1,1,K,2,NN,HS,NOVALUE,IS1,NOVALUE,MN1,NOVALUE,FWI,NOVALUE,NOVALUE,NOVALUE,NOVALUE
CFG731_8b8ba7e2341f1295,F731TE,CFG731_7c93880f0c6b22c5,940,ONE_CHARACTERISTIC,1,dataInterface,1,True,F,TE,ST,1,1,K,2,NN,PA,CS2,NOVALUE,TT2,NOVALUE,MP4,NOVALUE,1,NOVALUE,NOVALUE,NOVALUE
CFG731_874928f24c55285e,F731TE,CFG731_7c93880f0c6b22c5,940,TWO_CHARACTERISTIC,2,numberOfChannels|dataInterface,1,True,F,TE,ST,1,2,K,2,NN,PA,CS2,NOVALUE,TT2,NOVALUE,MP4,NOVALUE,1,NOVALUE,NOVALUE,NOVALUE
CFG731_adf77af8b73e9cdc,G731CA,CFG731_508d465d4c518290,946,ONE_CHARACTERISTIC,1,dataInterface,1,True,G,CA,ST,1,1,K,2,NN,PA,CS2,IS1,TT1,NOVALUE,MP4,NOVALUE,1,NOVALUE,NOVALUE,NOVALUE
CFG731_1dfb5999b1debe3a,G731CA,CFG731_508d465d4c518290,946,TWO_CHARACTERISTIC,2,numberOfChannels|dataInterface,1,True,G,CA,ST,1,2,K,2,NN,PA,CS2,IS1,TT1,NOVALUE,MP4,NOVALUE,1,NOVALUE,NOVALUE,NOVALUE
CFG731_e85a7fcdd0521e90,G731CA,CFG731_d97c333965654bd3,947,ONE_CHARACTERISTIC,1,dataInterface,1,True,G,CA,ST,1,1,K,2,NN,HS,NOVALUE,IS1,TT1,NOVALUE,NOVALUE,NOVALUE,1,NOVALUE,NOVALUE,NOVALUE
CFG731_afa90db347a19822,G731CA,CFG731_d97c333965654bd3,947,TWO_CHARACTERISTIC,2,numberOfChannels|dataInterface,1,True,G,CA,ST,1,2,K,2,NN,HS,NOVALUE,IS1,TT1,NOVALUE,NOVALUE,NOVALUE,1,NOVALUE,NOVALUE,NOVALUE
CFG731_b3d0283738532d82,G731ST-LT,CFG731_c5da2661a169f82b,952,ONE_CHARACTERISTIC,1,stromSchaltbar,1,True,G,ST,ST,1,1,K,2,NN,NN,NOVALUE,NOVALUE,TT1,NOVALUE,MP1,NOVALUE,1,NOVALUE,1,N
CFG731_0e0f01b5586b92da,G731ST-LT,CFG731_c5da2661a169f82b,952,ONE_CHARACTERISTIC,1,binaerOpenColl_MP,1,True,G,ST,ST,1,1,K,2,NN,NN,CS1,NOVALUE,TT1,NOVALUE,NOVALUE,NOVALUE,1,NOVALUE,1,N
CFG731_8b6ed3cfa9ed1e59,G731ST-LT,CFG731_c5da2661a169f82b,952,DEPENDENCY_TWO_CHARACTERISTIC,2,stromEingaenge|temperaturEingaenge,1,True,G,ST,ST,1,1,K,2,NN,NN,CS1,IS1,NOVALUE,NOVALUE,MP1,NOVALUE,1,NOVALUE,1,N
CFG731_750dd83a06ba43cb,G731ST-LT,CFG731_c5da2661a169f82b,952,DEPENDENCY_TWO_CHARACTERISTIC,2,stromSchaltbar|stromEingaenge,1,True,G,ST,ST,1,1,K,2,NN,NN,NOVALUE,IS1,TT1,NOVALUE,MP1,NOVALUE,1,NOVALUE,1,N
CFG731_515a31451814aae9,G731ST-LT,CFG731_c5da2661a169f82b,952,DEPENDENCY_TWO_CHARACTERISTIC,2,stromSchaltbar|temperaturEingaenge,1,True,G,ST,ST,1,1,K,2,NN,NN,NOVALUE,NOVALUE,NOVALUE,NOVALUE,MP1,NOVALUE,1,NOVALUE,1,N
CFG731_6fb18046a8f6b5c7,G731ST-LT,CFG731_c5da2661a169f82b,952,TWO_CHARACTERISTIC,2,dataInterface|stromSchaltbar,1,True,G,ST,ST,1,1,K,2,NN,HS,NOVALUE,NOVALUE,TT1,NOVALUE,MP1,NOVALUE,1,NOVALUE,1,N
CFG731_b192ab056df1d8f7,G731ST-LT,CFG731_c5da2661a169f82b,952,TWO_CHARACTERISTIC,2,dataInterface|temperaturEingaenge,1,True,G,ST,ST,1,1,K,2,NN,HS,CS1,NOVALUE,NOVALUE,NOVALUE,MP1,NOVALUE,1,NOVALUE,1,N
CFG731_3c45363d4a341d20,G731ST-LT,CFG731_c5da2661a169f82b,952,TWO_CHARACTERISTIC,2,dataInterface|binaerOpenColl_MP,1,True,G,ST,ST,1,1,K,2,NN,HS,CS1,NOVALUE,TT1,NOVALUE,NOVALUE,NOVALUE,1,NOVALUE,1,N
CFG731_0c4fdcb4a6049841,G731ST-LT,CFG731_c5da2661a169f82b,952,TWO_CHARACTERISTIC,2,stromSchaltbar|binaerOpenColl_MP,2,True,G,ST,ST,1,1,K,2,NN,NN,NOVALUE,NOVALUE,TT1,NOVALUE,NOVALUE,NOVALUE,1,NOVALUE,1,N
CFG731_0ec9bdeb15079e1b,G731ST-LT,CFG731_c5da2661a169f82b,952,TWO_CHARACTERISTIC,2,stromEingaenge|binaerOpenColl_MP,1,True,G,ST,ST,1,1,K,2,NN,NN,CS1,IS1,TT1,NOVALUE,NOVALUE,NOVALUE,1,NOVALUE,1,N
CFG731_5be384035f37d372,G731ST-LT,CFG731_c5da2661a169f82b,952,TWO_CHARACTERISTIC,2,temperaturEingaenge|binaerOpenColl_MP,1,True,G,ST,ST,1,1,K,2,NN,NN,CS1,NOVALUE,NOVALUE,NOVALUE,NOVALUE,NOVALUE,1,NOVALUE,1,N
CFG731_26c190a4dc461550,G731ST-LT,CFG731_e0009be417f51ccd,954,TWO_CHARACTERISTIC,2,dataInterface|temperaturEingaenge,1,True,G,ST,ST,1,1,K,2,NN,HS,CS1,IS1,NOVALUE,NOVALUE,MP1,NOVALUE,1,NOVALUE,1,N
CFG731_d32eee68715fee63,G731ST-LT,CFG731_e0009be417f51ccd,954,TWO_CHARACTERISTIC,2,dataInterface|binaerOpenColl_MP,1,True,G,ST,ST,1,1,K,2,NN,HS,CS1,IS1,TT1,NOVALUE,NOVALUE,NOVALUE,1,NOVALUE,1,N
CFG731_a3470969c3f77c3c,G731ST-LT,CFG731_e0009be417f51ccd,954,TWO_CHARACTERISTIC,2,stromSchaltbar|binaerOpenColl_MP,2,True,G,ST,ST,1,1,K,2,NN,NN,NOVALUE,IS1,TT1,NOVALUE,NOVALUE,NOVALUE,1,NOVALUE,1,N
CFG731_42f673269b25c917,G731ST-LT,CFG731_e0009be417f51ccd,954,TWO_CHARACTERISTIC,2,temperaturEingaenge|binaerOpenColl_MP,2,True,G,ST,ST,1,1,K,2,NN,NN,CS1,IS1,NOVALUE,NOVALUE,NOVALUE,NOVALUE,1,NOVALUE,1,N
CFG731_00533f723f7496de,G731ST-LT,CFG731_a2a709ad804cc5a2,957,ONE_CHARACTERISTIC,1,dataInterface,1,True,G,ST,ST,1,1,K,2,NN,HS,NOVALUE,IS1,NOVALUE,NOVALUE,MP1,NOVALUE,1,NOVALUE,1,N
CFG731_77fac91021549398,G731ST-LT,CFG731_a2a709ad804cc5a2,957,ONE_CHARACTERISTIC,1,binaerOpenColl_MP,1,True,G,ST,ST,1,1,K,2,NN,NN,NOVALUE,IS1,NOVALUE,NOVALUE,NOVALUE,NOVALUE,1,NOVALUE,1,N
CFG731_55620bd5ef4cd10a,G731ST-LT,CFG731_a2a709ad804cc5a2,957,TWO_CHARACTERISTIC,2,dataInterface|stromEingaenge,2,True,G,ST,ST,1,1,K,2,NN,HS,NOVALUE,NOVALUE,NOVALUE,NOVALUE,MP1,NOVALUE,1,NOVALUE,1,N
CFG731_8cc1111f5cc6cf56,G731ST-LT,CFG731_a2a709ad804cc5a2,957,TWO_CHARACTERISTIC,2,dataInterface|binaerOpenColl_MP,2,True,G,ST,ST,1,1,K,2,NN,HS,NOVALUE,IS1,NOVALUE,NOVALUE,NOVALUE,NOVALUE,1,NOVALUE,1,N
CFG731_214106ade9f79641,G731ST-LT,CFG731_a2a709ad804cc5a2,957,TWO_CHARACTERISTIC,2,stromEingaenge|binaerOpenColl_MP,2,True,G,ST,ST,1,1,K,2,NN,NN,NOVALUE,NOVALUE,NOVALUE,NOVALUE,NOVALUE,NOVALUE,1,NOVALUE,1,N
CFG731_6732a45f1271ab43,G731ST-LT,CFG731_e4891d6f45902e22,958,TWO_CHARACTERISTIC,2,dataInterface|binaerOpenColl_MP,2,True,G,ST,ST,1,1,K,2,NN,HS,CS1,NOVALUE,NOVALUE,NOVALUE,NOVALUE,NOVALUE,1,NOVALUE,1,N
CFG731_898f7cfb73ef86e2,G731ST-LT,CFG731_7b1edd53e8bbad40,966,TWO_CHARACTERISTIC,2,stromSchaltbar|binaerOpenColl_MP,2,True,G,ST,ST,1,1,K,2,NN,HS,NOVALUE,NOVALUE,TT1,NOVALUE,NOVALUE,NOVALUE,1,NOVALUE,1,N
CFG731_7994662aa688a3b5,G731ST-LT,CFG731_7203705eed387b0a,968,TWO_CHARACTERISTIC,2,stromSchaltbar|binaerOpenColl_MP,1,True,G,ST,ST,1,1,K,2,NN,HS,NOVALUE,IS1,TT1,NOVALUE,NOVALUE,NOVALUE,1,NOVALUE,1,N
CFG731_e66436517435ed38,G731ST-LT,CFG731_7203705eed387b0a,968,TWO_CHARACTERISTIC,2,temperaturEingaenge|binaerOpenColl_MP,2,True,G,ST,ST,1,1,K,2,NN,HS,CS1,IS1,NOVALUE,NOVALUE,NOVALUE,NOVALUE,1,NOVALUE,1,N
CFG731_e1516ef53069d5e2,G731ST-LT,CFG731_098817d766a37bc2,971,ONE_CHARACTERISTIC,1,stromSchaltbar,1,True,G,ST,ST,1,1,K,2,NN,NN,NOVALUE,NOVALUE,TT1,MN1,NOVALUE,NOVALUE,1,NOVALUE,1,N
CFG731_bc9146cb8459e9c2,G731ST-LT,CFG731_098817d766a37bc2,971,DEPENDENCY_TWO_CHARACTERISTIC,2,stromEingaenge|temperaturEingaenge,1,True,G,ST,ST,1,1,K,2,NN,NN,CS1,IS1,NOVALUE,MN1,NOVALUE,NOVALUE,1,NOVALUE,1,N
CFG731_87d8ba5b87cf0a3f,G731ST-LT,CFG731_098817d766a37bc2,971,DEPENDENCY_TWO_CHARACTERISTIC,2,stromSchaltbar|stromEingaenge,1,True,G,ST,ST,1,1,K,2,NN,NN,NOVALUE,IS1,TT1,MN1,NOVALUE,NOVALUE,1,NOVALUE,1,N
CFG731_9e44a82e6c1db982,G731ST-LT,CFG731_098817d766a37bc2,971,DEPENDENCY_TWO_CHARACTERISTIC,2,stromSchaltbar|temperaturEingaenge,1,True,G,ST,ST,1,1,K,2,NN,NN,NOVALUE,NOVALUE,NOVALUE,MN1,NOVALUE,NOVALUE,1,NOVALUE,1,N
CFG731_41b81999e34ef823,G731ST-LT,CFG731_098817d766a37bc2,971,TWO_CHARACTERISTIC,2,dataInterface|stromSchaltbar,1,True,G,ST,ST,1,1,K,2,NN,HS,NOVALUE,NOVALUE,TT1,MN1,NOVALUE,NOVALUE,1,NOVALUE,1,N
CFG731_0dd81a588b2a1411,G731ST-LT,CFG731_098817d766a37bc2,971,TWO_CHARACTERISTIC,2,dataInterface|temperaturEingaenge,1,True,G,ST,ST,1,1,K,2,NN,HS,CS1,NOVALUE,NOVALUE,MN1,NOVALUE,NOVALUE,1,NOVALUE,1,N
CFG731_1123bef3c890d293,G731ST-LT,CFG731_a40ab19ad6671fbe,973,TWO_CHARACTERISTIC,2,dataInterface|temperaturEingaenge,1,True,G,ST,ST,1,1,K,2,NN,HS,CS1,IS1,NOVALUE,MN1,NOVALUE,NOVALUE,1,NOVALUE,1,N
CFG731_7f493b76fa02174d,G731ST-LT,CFG731_d3944f427f0609b6,976,ONE_CHARACTERISTIC,1,dataInterface,1,True,G,ST,ST,1,1,K,2,NN,HS,NOVALUE,IS1,NOVALUE,MN1,NOVALUE,NOVALUE,1,NOVALUE,1,N
CFG731_19bcffd0eb2806b8,G731ST-LT,CFG731_d3944f427f0609b6,976,TWO_CHARACTERISTIC,2,dataInterface|stromEingaenge,2,True,G,ST,ST,1,1,K,2,NN,HS,NOVALUE,NOVALUE,NOVALUE,MN1,NOVALUE,NOVALUE,1,NOVALUE,1,N
CFG731_84352197821d09de,G731ST-HT,CFG731_68193b179adae994,990,ONE_CHARACTERISTIC,1,stromSchaltbar,1,True,G,ST,ST,1,2,K,2,NN,NN,NOVALUE,NOVALUE,TT1,NOVALUE,MP1,FWI,NOVALUE,NOVALUE,1,H
CFG731_e1de683ed3edd33f,G731ST-HT,CFG731_68193b179adae994,990,ONE_CHARACTERISTIC,1,binaerOpenColl_MP,1,True,G,ST,ST,1,2,K,2,NN,NN,CS1,NOVALUE,TT1,NOVALUE,NOVALUE,FWI,NOVALUE,NOVALUE,1,H
CFG731_b827079551368856,G731ST-HT,CFG731_68193b179adae994,990,DEPENDENCY_TWO_CHARACTERISTIC,2,stromEingaenge|temperaturEingaenge,1,True,G,ST,ST,1,2,K,2,NN,NN,CS1,IS1,NOVALUE,NOVALUE,MP1,FWI,NOVALUE,NOVALUE,1,H
CFG731_c0eb036469c0bf44,G731ST-HT,CFG731_68193b179adae994,990,DEPENDENCY_TWO_CHARACTERISTIC,2,stromSchaltbar|stromEingaenge,1,True,G,ST,ST,1,2,K,2,NN,NN,NOVALUE,IS1,TT1,NOVALUE,MP1,FWI,NOVALUE,NOVALUE,1,H
CFG731_403f51b2e914043b,G731ST-HT,CFG731_68193b179adae994,990,DEPENDENCY_TWO_CHARACTERISTIC,2,stromSchaltbar|temperaturEingaenge,1,True,G,ST,ST,1,2,K,2,NN,NN,NOVALUE,NOVALUE,NOVALUE,NOVALUE,MP1,FWI,NOVALUE,NOVALUE,1,H
CFG731_efd04893c134641c,G731ST-HT,CFG731_68193b179adae994,990,TWO_CHARACTERISTIC,2,dataInterface|stromSchaltbar,1,True,G,ST,ST,1,2,K,2,NN,HS,NOVALUE,NOVALUE,TT1,NOVALUE,MP1,FWI,NOVALUE,NOVALUE,1,H
CFG731_82d9cee5883aea0f,G731ST-HT,CFG731_68193b179adae994,990,TWO_CHARACTERISTIC,2,dataInterface|temperaturEingaenge,1,True,G,ST,ST,1,2,K,2,NN,HS,CS1,NOVALUE,NOVALUE,NOVALUE,MP1,FWI,NOVALUE,NOVALUE,1,H
CFG731_5b02a7b36cbe434c,G731ST-HT,CFG731_68193b179adae994,990,TWO_CHARACTERISTIC,2,dataInterface|binaerOpenColl_MP,1,True,G,ST,ST,1,2,K,2,NN,HS,CS1,NOVALUE,TT1,NOVALUE,NOVALUE,FWI,NOVALUE,NOVALUE,1,H
CFG731_9eed4a2d2e84d134,G731ST-HT,CFG731_68193b179adae994,990,TWO_CHARACTERISTIC,2,stromSchaltbar|binaerOpenColl_MP,2,True,G,ST,ST,1,2,K,2,NN,NN,NOVALUE,NOVALUE,TT1,NOVALUE,NOVALUE,FWI,NOVALUE,NOVALUE,1,H
CFG731_38414c1018b8f89e,G731ST-HT,CFG731_68193b179adae994,990,TWO_CHARACTERISTIC,2,stromEingaenge|binaerOpenColl_MP,1,True,G,ST,ST,1,2,K,2,NN,NN,CS1,IS1,TT1,NOVALUE,NOVALUE,FWI,NOVALUE,NOVALUE,1,H
CFG731_ff5d8da56ff22796,G731ST-HT,CFG731_68193b179adae994,990,TWO_CHARACTERISTIC,2,temperaturEingaenge|binaerOpenColl_MP,1,True,G,ST,ST,1,2,K,2,NN,NN,CS1,NOVALUE,NOVALUE,NOVALUE,NOVALUE,FWI,NOVALUE,NOVALUE,1,H
CFG731_a69c8345e2cbb480,G731ST-HT,CFG731_bbffb73f3dff6787,992,TWO_CHARACTERISTIC,2,dataInterface|temperaturEingaenge,1,True,G,ST,ST,1,2,K,2,NN,HS,CS1,IS1,NOVALUE,NOVALUE,MP1,FWI,NOVALUE,NOVALUE,1,H
CFG731_1a1206cc52132df1,G731ST-HT,CFG731_bbffb73f3dff6787,992,TWO_CHARACTERISTIC,2,dataInterface|binaerOpenColl_MP,1,True,G,ST,ST,1,2,K,2,NN,HS,CS1,IS1,TT1,NOVALUE,NOVALUE,FWI,NOVALUE,NOVALUE,1,H
CFG731_520443190e22a436,G731ST-HT,CFG731_bbffb73f3dff6787,992,TWO_CHARACTERISTIC,2,stromSchaltbar|binaerOpenColl_MP,2,True,G,ST,ST,1,2,K,2,NN,NN,NOVALUE,IS1,TT1,NOVALUE,NOVALUE,FWI,NOVALUE,NOVALUE,1,H
CFG731_361f1f2a5f2e0f1f,G731ST-HT,CFG731_bbffb73f3dff6787,992,TWO_CHARACTERISTIC,2,temperaturEingaenge|binaerOpenColl_MP,2,True,G,ST,ST,1,2,K,2,NN,NN,CS1,IS1,NOVALUE,NOVALUE,NOVALUE,FWI,NOVALUE,NOVALUE,1,H
CFG731_ad85e442c9239be7,G731ST-HT,CFG731_9681c4eec01b7fad,995,ONE_CHARACTERISTIC,1,dataInterface,1,True,G,ST,ST,1,2,K,2,NN,HS,NOVALUE,IS1,NOVALUE,NOVALUE,MP1,FWI,NOVALUE,NOVALUE,1,H
CFG731_aa4779c40e6c2de0,G731ST-HT,CFG731_9681c4eec01b7fad,995,ONE_CHARACTERISTIC,1,binaerOpenColl_MP,1,True,G,ST,ST,1,2,K,2,NN,NN,NOVALUE,IS1,NOVALUE,NOVALUE,NOVALUE,FWI,NOVALUE,NOVALUE,1,H
CFG731_c9344715918cf412,G731ST-HT,CFG731_9681c4eec01b7fad,995,TWO_CHARACTERISTIC,2,dataInterface|stromEingaenge,2,True,G,ST,ST,1,2,K,2,NN,HS,NOVALUE,NOVALUE,NOVALUE,NOVALUE,MP1,FWI,NOVALUE,NOVALUE,1,H
CFG731_260fe1e2da727bd5,G731ST-HT,CFG731_9681c4eec01b7fad,995,TWO_CHARACTERISTIC,2,dataInterface|binaerOpenColl_MP,2,True,G,ST,ST,1,2,K,2,NN,HS,NOVALUE,IS1,NOVALUE,NOVALUE,NOVALUE,FWI,NOVALUE,NOVALUE,1,H
CFG731_307de5018116ca6f,G731ST-HT,CFG731_9681c4eec01b7fad,995,TWO_CHARACTERISTIC,2,stromEingaenge|binaerOpenColl_MP,2,True,G,ST,ST,1,2,K,2,NN,NN,NOVALUE,NOVALUE,NOVALUE,NOVALUE,NOVALUE,FWI,NOVALUE,NOVALUE,1,H
CFG731_a593ff51e33da059,G731ST-HT,CFG731_920bf82480de0a61,996,TWO_CHARACTERISTIC,2,dataInterface|binaerOpenColl_MP,2,True,G,ST,ST,1,2,K,2,NN,HS,CS1,NOVALUE,NOVALUE,NOVALUE,NOVALUE,FWI,NOVALUE,NOVALUE,1,H
CFG731_502110a67c4a2574,G731ST-HT,CFG731_265337e27ab1207c,1004,TWO_CHARACTERISTIC,2,stromSchaltbar|binaerOpenColl_MP,2,True,G,ST,ST,1,2,K,2,NN,HS,NOVALUE,NOVALUE,TT1,NOVALUE,NOVALUE,FWI,NOVALUE,NOVALUE,1,H
CFG731_d71a39e1fcf17083,G731ST-HT,CFG731_c3a136a8630f644d,1006,TWO_CHARACTERISTIC,2,stromSchaltbar|binaerOpenColl_MP,1,True,G,ST,ST,1,2,K,2,NN,HS,NOVALUE,IS1,TT1,NOVALUE,NOVALUE,FWI,NOVALUE,NOVALUE,1,H
CFG731_54f3d2459f29f26a,G731ST-HT,CFG731_c3a136a8630f644d,1006,TWO_CHARACTERISTIC,2,temperaturEingaenge|binaerOpenColl_MP,2,True,G,ST,ST,1,2,K,2,NN,HS,CS1,IS1,NOVALUE,NOVALUE,NOVALUE,FWI,NOVALUE,NOVALUE,1,H
CFG731_30d0a49acd35b928,G731ST-HT,CFG731_dde2f7fe043f7ade,1009,ONE_CHARACTERISTIC,1,stromSchaltbar,1,True,G,ST,ST,1,2,K,2,NN,NN,NOVALUE,NOVALUE,TT1,MN1,NOVALUE,FWI,NOVALUE,NOVALUE,1,H
CFG731_cf4fb8862e2ab5fc,G731ST-HT,CFG731_dde2f7fe043f7ade,1009,DEPENDENCY_TWO_CHARACTERISTIC,2,stromEingaenge|temperaturEingaenge,1,True,G,ST,ST,1,2,K,2,NN,NN,CS1,IS1,NOVALUE,MN1,NOVALUE,FWI,NOVALUE,NOVALUE,1,H
CFG731_6e53621a73b55f2c,G731ST-HT,CFG731_dde2f7fe043f7ade,1009,DEPENDENCY_TWO_CHARACTERISTIC,2,stromSchaltbar|stromEingaenge,1,True,G,ST,ST,1,2,K,2,NN,NN,NOVALUE,IS1,TT1,MN1,NOVALUE,FWI,NOVALUE,NOVALUE,1,H
CFG731_c209599718b42485,G731ST-HT,CFG731_dde2f7fe043f7ade,1009,DEPENDENCY_TWO_CHARACTERISTIC,2,stromSchaltbar|temperaturEingaenge,1,True,G,ST,ST,1,2,K,2,NN,NN,NOVALUE,NOVALUE,NOVALUE,MN1,NOVALUE,FWI,NOVALUE,NOVALUE,1,H
CFG731_1db70b911fd847f8,G731ST-HT,CFG731_dde2f7fe043f7ade,1009,TWO_CHARACTERISTIC,2,dataInterface|stromSchaltbar,1,True,G,ST,ST,1,2,K,2,NN,HS,NOVALUE,NOVALUE,TT1,MN1,NOVALUE,FWI,NOVALUE,NOVALUE,1,H
CFG731_00e033bb831be6d5,G731ST-HT,CFG731_dde2f7fe043f7ade,1009,TWO_CHARACTERISTIC,2,dataInterface|temperaturEingaenge,1,True,G,ST,ST,1,2,K,2,NN,HS,CS1,NOVALUE,NOVALUE,MN1,NOVALUE,FWI,NOVALUE,NOVALUE,1,H
CFG731_240d537f14b1a01d,G731ST-HT,CFG731_a3b03637ed22317c,1011,TWO_CHARACTERISTIC,2,dataInterface|temperaturEingaenge,1,True,G,ST,ST,1,2,K,2,NN,HS,CS1,IS1,NOVALUE,MN1,NOVALUE,FWI,NOVALUE,NOVALUE,1,H
CFG731_86a2340212c01d2a,G731ST-HT,CFG731_0c11243388e65244,1014,ONE_CHARACTERISTIC,1,dataInterface,1,True,G,ST,ST,1,2,K,2,NN,HS,NOVALUE,IS1,NOVALUE,MN1,NOVALUE,FWI,NOVALUE,NOVALUE,1,H
CFG731_ed09f23d3bc16841,G731ST-HT,CFG731_0c11243388e65244,1014,TWO_CHARACTERISTIC,2,dataInterface|stromEingaenge,2,True,G,ST,ST,1,2,K,2,NN,HS,NOVALUE,NOVALUE,NOVALUE,MN1,NOVALUE,FWI,NOVALUE,NOVALUE,1,H
CFG731_794d3bd7feb5abcc,x731,CFG731_a70e307c2ffca857,1028,TWO_CHARACTERISTIC,2,powerSupply|stromSchaltbar,2,True,S,GP,ST,4,1,K,2,NN,NN,NOVALUE,IS1,TT1,NOVALUE,MP1,FWI,NOVALUE,NOVALUE,NOVALUE,NOVALUE
CFG731_721948b789a7db95,x731,CFG731_a70e307c2ffca857,1028,TWO_CHARACTERISTIC,2,powerSupply|binaerOpenColl_MP,2,True,S,GP,ST,4,1,K,2,NN,NN,CS1,IS1,TT1,NOVALUE,NOVALUE,FWI,NOVALUE,NOVALUE,NOVALUE,NOVALUE
CFG731_8477be4cec182557,x731,CFG731_a70e307c2ffca857,1028,TWO_CHARACTERISTIC,2,stromSchaltbar|binaerOpenColl_MP,2,True,S,GP,ST,1,1,K,2,NN,NN,NOVALUE,IS1,TT1,NOVALUE,NOVALUE,FWI,NOVALUE,NOVALUE,NOVALUE,NOVALUE
CFG731_980a76c91f10f2dd,x731,CFG731_d723355141502003,1035,TWO_CHARACTERISTIC,2,powerSupply|binaerOpenColl_MP,2,True,S,GP,ST,4,1,K,2,NN,HS,CS1,IS1,TT1,NOVALUE,NOVALUE,FWI,NOVALUE,NOVALUE,NOVALUE,NOVALUE
CFG731_28d2bbb55fd5f40c,x731,CFG731_a135c7e1d705204e,1037,TWO_CHARACTERISTIC,2,powerSupply|binaerOpenColl_MP,2,True,S,GP,ST,4,1,K,2,NN,HS,NOVALUE,IS1,TT1,NOVALUE,NOVALUE,FWI,NOVALUE,NOVALUE,NOVALUE,NOVALUE
CFG731_de950461ccce8f40,x731,CFG731_a432887204e8d090,1038,TWO_CHARACTERISTIC,2,powerSupply|stromSchaltbar,2,True,S,GP,ST,4,1,K,2,NN,NN,NOVALUE,IS1,TT1,MN1,NOVALUE,FWI,NOVALUE,NOVALUE,NOVALUE,NOVALUE
CFG731_4b26dfbafad76131,F731PW,CFG731_0781a0fecc8f46d5,1048,TWO_CHARACTERISTIC,2,dataInterface|binaerOpenColl_MP,1,True,F,PW,ST,1,1,K,2,NN,MR,CS1,NOVALUE,NOVALUE,NOVALUE,NOVALUE,NOVALUE,1,NOVALUE,NOVALUE,NOVALUE
